season_end_year,season,player_id,player,game_id,game_date,matchup,opponent,result,minutes,points,fgm,fga,fg3m,fg3a,ftm,fta,oreb,dreb,reb,ast,stl,blk,tov,pf,plus_minus,game_score,ts_pct,player_source_url,team_game_date,team_matchup,team_result,team_points,team_plus_minus,decade
1984,1983–84,78615,Orlando Woolridge,28300012,1983-10-29,CHI vs. NJN,NJN,W,33.0,12,4,8.0,0.0,0.0,4,8.0,3.0,5.0,8.0,1.0,0.0,1.0,2.0,5.0,,7.399999999999999,52.083333333333336,https://www.nba.com/stats/players/boxscores-traditional?Season=1983-84&SeasonType=Regular%20Season&TeamID=1610612741,1983-10-29,CHI vs. NJN,W,104,,1980s
1984,1983–84,76497,Quintin Dailey,28300012,1983-10-29,CHI vs. NJN,NJN,W,36.0,27,9,15.0,0.0,0.0,9,11.0,0.0,1.0,1.0,3.0,1.0,0.0,5.0,4.0,,16.1,68.04435483870968,https://www.nba.com/stats/players/boxscores-traditional?Season=1983-84&SeasonType=Regular%20Season&TeamID=1610612741,1983-10-29,CHI vs. NJN,W,104,,1980s
1984,1983–84,941,Ennis Whatley,28300012,1983-10-29,CHI vs. NJN,NJN,W,24.0,6,3,6.0,0.0,0.0,0,0.0,0.0,3.0,3.0,8.0,2.0,0.0,4.0,0.0,,7.5,50.0,https://www.nba.com/stats/players/boxscores-traditional?Season=1983-84&SeasonType=Regular%20Season&TeamID=1610612741,1983-10-29,CHI vs. NJN,W,104,,1980s
1984,1983–84,78310,Reggie Theus,28300012,1983-10-29,CHI vs. NJN,NJN,W,16.0,5,2,4.0,0.0,0.0,1,4.0,1.0,0.0,1.0,4.0,1.0,0.0,1.0,1.0,,4.8999999999999995,43.40277777777778,https://www.nba.com/stats/players/boxscores-traditional?Season=1983-84&SeasonType=Regular%20Season&TeamID=1610612741,1983-10-29,CHI vs. NJN,W,104,,1980s
1984,1983–84,76453,Dave Corzine,28300012,1983-10-29,CHI vs. NJN,NJN,W,28.0,14,3,10.0,0.0,0.0,8,8.0,2.0,4.0,6.0,4.0,1.0,0.0,2.0,5.0,,10.599999999999998,51.77514792899408,https://www.nba.com/stats/players/boxscores-traditional?Season=1983-84&SeasonType=Regular%20Season&TeamID=1610612741,1983-10-29,CHI vs. NJN,W,104,,1980s
1984,1983–84,76876,Sidney Green,28300012,1983-10-29,CHI vs. NJN,NJN,W,13.0,0,0,3.0,0.0,0.0,0,0.0,0.0,0.0,0.0,1.0,0.0,0.0,0.0,2.0,,-2.1999999999999997,0.0,https://www.nba.com/stats/players/boxscores-traditional?Season=1983-84&SeasonType=Regular%20Season&TeamID=1610612741,1983-10-29,CHI vs. NJN,W,104,,1980s
1984,1983–84,76881,David Greenwood,28300012,1983-10-29,CHI vs. NJN,NJN,W,38.0,6,2,8.0,0.0,0.0,2,2.0,0.0,7.0,7.0,0.0,0.0,0.0,3.0,5.0,,-1.6999999999999997,33.78378378378378,https://www.nba.com/stats/players/boxscores-traditional?Season=1983-84&SeasonType=Regular%20Season&TeamID=1610612741,1983-10-29,CHI vs. NJN,W,104,,1980s
1984,1983–84,77757,Jawann Oldham,28300012,1983-10-29,CHI vs. NJN,NJN,W,16.0,8,3,4.0,0.0,0.0,2,2.0,0.0,6.0,6.0,0.0,0.0,0.0,2.0,6.0,,3.799999999999999,81.9672131147541,https://www.nba.com/stats/players/boxscores-traditional?Season=1983-84&SeasonType=Regular%20Season&TeamID=1610612741,1983-10-29,CHI vs. NJN,W,104,,1980s
1984,1983–84,78523,Mitchell Wiggins,28300012,1983-10-29,CHI vs. NJN,NJN,W,36.0,26,9,20.0,0.0,0.0,8,9.0,2.0,7.0,9.0,2.0,2.0,0.0,2.0,3.0,,18.900000000000002,54.25709515859766,https://www.nba.com/stats/players/boxscores-traditional?Season=1983-84&SeasonType=Regular%20Season&TeamID=1610612741,1983-10-29,CHI vs. NJN,W,104,,1980s
1985,1984–85,941,Ennis Whatley,28400005,1984-10-26,CHI vs. WAS,WAS,W,37.0,11,5,8.0,0.0,0.0,1,1.0,1.0,3.0,4.0,10.0,2.0,0.0,4.0,2.0,,13.2,65.16587677725119,https://www.nba.com/stats/players/boxscores-traditional?Season=1984-85&SeasonType=Regular%20Season&TeamID=1610612741,1984-10-26,CHI vs. WAS,W,109,,1980s
1985,1984–85,78615,Orlando Woolridge,28400005,1984-10-26,CHI vs. WAS,WAS,W,39.0,28,13,19.0,0.0,0.0,2,5.0,2.0,7.0,9.0,3.0,0.0,1.0,0.0,1.0,,24.600000000000005,66.03773584905662,https://www.nba.com/stats/players/boxscores-traditional?Season=1984-85&SeasonType=Regular%20Season&TeamID=1610612741,1984-10-26,CHI vs. WAS,W,109,,1980s
1985,1984–85,77134,Steve Johnson,28400005,1984-10-26,CHI vs. WAS,WAS,W,35.0,18,9,14.0,0.0,0.0,0,1.0,5.0,4.0,9.0,3.0,2.0,1.0,2.0,2.0,,18.1,62.32686980609419,https://www.nba.com/stats/players/boxscores-traditional?Season=1984-85&SeasonType=Regular%20Season&TeamID=1610612741,1984-10-26,CHI vs. WAS,W,109,,1980s
1985,1984–85,77757,Jawann Oldham,28400005,1984-10-26,CHI vs. WAS,WAS,W,13.0,0,0,1.0,0.0,1.0,0,0.0,0.0,3.0,3.0,0.0,0.0,3.0,1.0,1.0,,0.8999999999999999,0.0,https://www.nba.com/stats/players/boxscores-traditional?Season=1984-85&SeasonType=Regular%20Season&TeamID=1610612741,1984-10-26,CHI vs. WAS,W,109,,1980s
1985,1984–85,893,Michael Jordan,28400005,1984-10-26,CHI vs. WAS,WAS,W,40.0,16,5,16.0,0.0,0.0,6,7.0,1.0,5.0,6.0,7.0,2.0,4.0,5.0,2.0,,12.5,41.928721174004195,https://www.nba.com/stats/players/boxscores-traditional?Season=1984-85&SeasonType=Regular%20Season&TeamID=1610612741,1984-10-26,CHI vs. WAS,W,109,,1980s
1985,1984–85,77019,Rod Higgins,28400005,1984-10-26,CHI vs. WAS,WAS,W,2.0,3,1,1.0,1.0,1.0,0,0.0,0.0,0.0,0.0,0.0,0.0,0.0,0.0,0.0,,2.7,150.0,https://www.nba.com/stats/players/boxscores-traditional?Season=1984-85&SeasonType=Regular%20Season&TeamID=1610612741,1984-10-26,CHI vs. WAS,W,109,,1980s
1985,1984–85,77484,Wes Matthews,28400005,1984-10-26,CHI vs. WAS,WAS,W,2.0,2,0,0.0,0.0,0.0,2,2.0,0.0,0.0,0.0,2.0,0.0,0.0,0.0,0.0,,3.4,113.63636363636364,https://www.nba.com/stats/players/boxscores-traditional?Season=1984-85&SeasonType=Regular%20Season&TeamID=1610612741,1984-10-26,CHI vs. WAS,W,109,,1980s
1985,1984–85,76876,Sidney Green,28400005,1984-10-26,CHI vs. WAS,WAS,W,9.0,4,2,4.0,0.0,0.0,0,0.0,1.0,6.0,7.0,0.0,0.0,0.0,3.0,1.0,,1.0999999999999996,50.0,https://www.nba.com/stats/players/boxscores-traditional?Season=1984-85&SeasonType=Regular%20Season&TeamID=1610612741,1984-10-26,CHI vs. WAS,W,109,,1980s
1985,1984–85,76497,Quintin Dailey,28400005,1984-10-26,CHI vs. WAS,WAS,W,28.0,25,12,18.0,0.0,0.0,1,1.0,1.0,1.0,2.0,1.0,1.0,0.0,7.0,3.0,,11.700000000000003,67.78741865509761,https://www.nba.com/stats/players/boxscores-traditional?Season=1984-85&SeasonType=Regular%20Season&TeamID=1610612741,1984-10-26,CHI vs. WAS,W,109,,1980s
1985,1984–85,77175,Caldwell Jones,28400005,1984-10-26,CHI vs. WAS,WAS,W,29.0,0,0,5.0,0.0,1.0,0,0.0,0.0,5.0,5.0,5.0,0.0,0.0,0.0,4.0,,-0.10000000000000009,0.0,https://www.nba.com/stats/players/boxscores-traditional?Season=1984-85&SeasonType=Regular%20Season&TeamID=1610612741,1984-10-26,CHI vs. WAS,W,109,,1980s
1985,1984–85,76453,Dave Corzine,28400005,1984-10-26,CHI vs. WAS,WAS,W,6.0,2,1,2.0,0.0,0.0,0,0.0,0.0,1.0,1.0,0.0,0.0,0.0,1.0,2.0,,-0.5,50.0,https://www.nba.com/stats/players/boxscores-traditional?Season=1984-85&SeasonType=Regular%20Season&TeamID=1610612741,1984-10-26,CHI vs. WAS,W,109,,1980s
1986,1985–86,893,Michael Jordan,28500007,1985-10-25,CHI vs. CLE,CLE,W,39.0,29,13,26.0,0.0,0.0,3,4.0,3.0,3.0,6.0,3.0,3.0,0.0,3.0,5.0,,18.700000000000003,52.23342939481268,https://www.nba.com/stats/players/boxscores-traditional?Season=1985-86&SeasonType=Regular%20Season&TeamID=1610612741,1985-10-25,CHI vs. CLE,W,116,,1980s
1986,1985–86,77438,Kyle Macy,28500007,1985-10-25,CHI vs. CLE,CLE,W,46.0,8,3,6.0,1.0,3.0,1,2.0,0.0,3.0,3.0,13.0,2.0,0.0,2.0,5.0,,12.600000000000001,58.139534883720934,https://www.nba.com/stats/players/boxscores-traditional?Season=1985-86&SeasonType=Regular%20Season&TeamID=1610612741,1985-10-25,CHI vs. CLE,W,116,,1980s
1986,1985–86,891,Charles Oakley,28500007,1985-10-25,CHI vs. CLE,CLE,W,19.0,5,0,4.0,0.0,0.0,5,6.0,3.0,6.0,9.0,1.0,0.0,0.0,3.0,1.0,,2.999999999999999,37.65060240963855,https://www.nba.com/stats/players/boxscores-traditional?Season=1985-86&SeasonType=Regular%20Season&TeamID=1610612741,1985-10-25,CHI vs. CLE,W,116,,1980s
1986,1985–86,76453,Dave Corzine,28500007,1985-10-25,CHI vs. CLE,CLE,W,26.0,11,4,7.0,0.0,0.0,3,3.0,3.0,6.0,9.0,1.0,0.0,1.0,3.0,3.0,,8.8,66.10576923076923,https://www.nba.com/stats/players/boxscores-traditional?Season=1985-86&SeasonType=Regular%20Season&TeamID=1610612741,1985-10-25,CHI vs. CLE,W,116,,1980s
1986,1985–86,76876,Sidney Green,28500007,1985-10-25,CHI vs. CLE,CLE,W,24.0,10,4,10.0,0.0,0.0,2,4.0,1.0,3.0,4.0,1.0,1.0,1.0,1.0,6.0,,4.4,42.51700680272109,https://www.nba.com/stats/players/boxscores-traditional?Season=1985-86&SeasonType=Regular%20Season&TeamID=1610612741,1985-10-25,CHI vs. CLE,W,116,,1980s
1986,1985–86,76804,George Gervin,28500007,1985-10-25,CHI vs. CLE,CLE,W,16.0,4,2,8.0,0.0,0.0,0,0.0,0.0,1.0,1.0,4.0,1.0,0.0,1.0,3.0,,1.0999999999999996,25.0,https://www.nba.com/stats/players/boxscores-traditional?Season=1985-86&SeasonType=Regular%20Season&TeamID=1610612741,1985-10-25,CHI vs. CLE,W,116,,1980s
1986,1985–86,78615,Orlando Woolridge,28500007,1985-10-25,CHI vs. CLE,CLE,W,44.0,35,11,21.0,0.0,1.0,13,15.0,5.0,7.0,12.0,3.0,1.0,2.0,5.0,3.0,,27.799999999999997,63.40579710144927,https://www.nba.com/stats/players/boxscores-traditional?Season=1985-86&SeasonType=Regular%20Season&TeamID=1610612741,1985-10-25,CHI vs. CLE,W,116,,1980s
1986,1985–86,77757,Jawann Oldham,28500007,1985-10-25,CHI vs. CLE,CLE,W,35.0,12,5,8.0,0.0,0.0,2,7.0,4.0,1.0,5.0,1.0,0.0,4.0,2.0,6.0,,8.6,54.151624548736464,https://www.nba.com/stats/players/boxscores-traditional?Season=1985-86&SeasonType=Regular%20Season&TeamID=1610612741,1985-10-25,CHI vs. CLE,W,116,,1980s
1986,1985–86,76093,Gene Banks,28500007,1985-10-25,CHI vs. CLE,CLE,W,16.0,2,1,5.0,0.0,0.0,0,0.0,2.0,2.0,4.0,2.0,0.0,0.0,0.0,1.0,,1.9,20.0,https://www.nba.com/stats/players/boxscores-traditional?Season=1985-86&SeasonType=Regular%20Season&TeamID=1610612741,1985-10-25,CHI vs. CLE,W,116,,1980s
1987,1986–87,893,Michael Jordan,28600014,1986-11-01,CHI @ NYK,NYK,W,41.0,50,15,31.0,0.0,0.0,20,22.0,2.0,4.0,6.0,3.0,4.0,3.0,6.0,2.0,,37.50000000000001,61.455260570304816,https://www.nba.com/stats/players/boxscores-traditional?Season=1986-87&SeasonType=Regular%20Season&TeamID=1610612741,1986-11-01,CHI @ NYK,W,108,,1980s
1987,1986–87,891,Charles Oakley,28600014,1986-11-01,CHI @ NYK,NYK,W,32.0,17,7,17.0,0.0,0.0,3,5.0,3.0,5.0,8.0,3.0,1.0,0.0,2.0,5.0,,9.800000000000002,44.270833333333336,https://www.nba.com/stats/players/boxscores-traditional?Season=1986-87&SeasonType=Regular%20Season&TeamID=1610612741,1986-11-01,CHI @ NYK,W,108,,1980s
1987,1986–87,77820,John Paxson,28600014,1986-11-01,CHI @ NYK,NYK,W,18.0,6,2,6.0,0.0,0.0,2,2.0,0.0,0.0,0.0,1.0,0.0,0.0,1.0,5.0,,0.3000000000000007,43.604651162790695,https://www.nba.com/stats/players/boxscores-traditional?Season=1986-87&SeasonType=Regular%20Season&TeamID=1610612741,1986-11-01,CHI @ NYK,W,108,,1980s
1987,1986–87,76453,Dave Corzine,28600014,1986-11-01,CHI @ NYK,NYK,W,28.0,1,0,3.0,0.0,0.0,1,2.0,2.0,3.0,5.0,2.0,0.0,1.0,1.0,5.0,,-0.09999999999999964,12.886597938144332,https://www.nba.com/stats/players/boxscores-traditional?Season=1986-87&SeasonType=Regular%20Season&TeamID=1610612741,1986-11-01,CHI @ NYK,W,108,,1980s
1987,1986–87,1479,Mike Brown,28600014,1986-11-01,CHI @ NYK,NYK,W,6.0,0,0,0.0,0.0,0.0,0,0.0,0.0,1.0,1.0,0.0,0.0,0.0,1.0,2.0,,-1.5,0.0,https://www.nba.com/stats/players/boxscores-traditional?Season=1986-87&SeasonType=Regular%20Season&TeamID=1610612741,1986-11-01,CHI @ NYK,W,108,,1980s
1987,1986–87,940,Earl Cureton,28600014,1986-11-01,CHI @ NYK,NYK,W,34.0,17,8,16.0,0.0,0.0,1,2.0,9.0,4.0,13.0,1.0,0.0,0.0,1.0,4.0,,14.199999999999998,50.355450236966824,https://www.nba.com/stats/players/boxscores-traditional?Season=1986-87&SeasonType=Regular%20Season&TeamID=1610612741,1986-11-01,CHI @ NYK,W,108,,1980s
1987,1986–87,306,Steve Colter,28600014,1986-11-01,CHI @ NYK,NYK,W,37.0,7,1,7.0,0.0,1.0,5,6.0,0.0,2.0,2.0,10.0,2.0,0.0,1.0,3.0,,9.5,36.30705394190871,https://www.nba.com/stats/players/boxscores-traditional?Season=1986-87&SeasonType=Regular%20Season&TeamID=1610612741,1986-11-01,CHI @ NYK,W,108,,1980s
1987,1986–87,78110,Brad Sellers,28600014,1986-11-01,CHI @ NYK,NYK,W,25.0,8,4,8.0,0.0,0.0,0,0.0,3.0,5.0,8.0,1.0,0.0,2.0,0.0,4.0,,8.1,50.0,https://www.nba.com/stats/players/boxscores-traditional?Season=1986-87&SeasonType=Regular%20Season&TeamID=1610612741,1986-11-01,CHI @ NYK,W,108,,1980s
1987,1986–87,78430,Granville Waiters,28600014,1986-11-01,CHI @ NYK,NYK,W,19.0,2,1,2.0,0.0,0.0,0,0.0,3.0,1.0,4.0,0.0,1.0,0.0,0.0,5.0,,2.3999999999999995,50.0,https://www.nba.com/stats/players/boxscores-traditional?Season=1986-87&SeasonType=Regular%20Season&TeamID=1610612741,1986-11-01,CHI @ NYK,W,108,,1980s
1988,1987–88,893,Michael Jordan,28700016,1987-11-07,CHI vs. PHL,PHL,W,38.0,36,15,25.0,0.0,0.0,6,10.0,2.0,3.0,5.0,3.0,6.0,4.0,2.0,3.0,,32.89999999999999,61.224489795918366,https://www.nba.com/stats/players/boxscores-traditional?Season=1987-88&SeasonType=Regular%20Season&TeamID=1610612741,1987-11-07,CHI vs. PHL,W,104,,1980s
1988,1987–88,891,Charles Oakley,28700016,1987-11-07,CHI vs. PHL,PHL,W,39.0,12,4,12.0,0.0,0.0,4,4.0,6.0,15.0,21.0,2.0,1.0,0.0,6.0,2.0,,9.5,43.604651162790695,https://www.nba.com/stats/players/boxscores-traditional?Season=1987-88&SeasonType=Regular%20Season&TeamID=1610612741,1987-11-07,CHI vs. PHL,W,104,,1980s
1988,1987–88,937,Scottie Pippen,28700016,1987-11-07,CHI vs. PHL,PHL,W,23.0,10,4,7.0,0.0,0.0,2,4.0,1.0,0.0,1.0,4.0,2.0,0.0,4.0,2.0,,6.600000000000001,57.077625570776256,https://www.nba.com/stats/players/boxscores-traditional?Season=1987-88&SeasonType=Regular%20Season&TeamID=1610612741,1987-11-07,CHI vs. PHL,W,104,,1980s
1988,1987–88,78110,Brad Sellers,28700016,1987-11-07,CHI vs. PHL,PHL,W,35.0,14,6,13.0,0.0,0.0,2,2.0,2.0,2.0,4.0,3.0,0.0,0.0,3.0,3.0,,7.199999999999999,50.43227665706051,https://www.nba.com/stats/players/boxscores-traditional?Season=1987-88&SeasonType=Regular%20Season&TeamID=1610612741,1987-11-07,CHI vs. PHL,W,104,,1980s
1988,1987–88,77820,John Paxson,28700016,1987-11-07,CHI vs. PHL,PHL,W,29.0,8,3,6.0,0.0,0.0,2,2.0,0.0,3.0,3.0,7.0,0.0,0.0,1.0,5.0,,7.800000000000001,58.139534883720934,https://www.nba.com/stats/players/boxscores-traditional?Season=1987-88&SeasonType=Regular%20Season&TeamID=1610612741,1987-11-07,CHI vs. PHL,W,104,,1980s
1988,1987–88,270,Horace Grant,28700016,1987-11-07,CHI vs. PHL,PHL,W,13.0,3,1,4.0,0.0,0.0,1,2.0,1.0,0.0,1.0,0.0,4.0,0.0,1.0,2.0,,3.1000000000000005,30.737704918032787,https://www.nba.com/stats/players/boxscores-traditional?Season=1987-88&SeasonType=Regular%20Season&TeamID=1610612741,1987-11-07,CHI vs. PHL,W,104,,1980s
1988,1987–88,76453,Dave Corzine,28700016,1987-11-07,CHI vs. PHL,PHL,W,31.0,11,5,6.0,0.0,0.0,1,1.0,2.0,2.0,4.0,1.0,0.0,2.0,0.0,2.0,,12.1,85.40372670807453,https://www.nba.com/stats/players/boxscores-traditional?Season=1987-88&SeasonType=Regular%20Season&TeamID=1610612741,1987-11-07,CHI vs. PHL,W,104,,1980s
1988,1987–88,600014,Artis Gilmore,28700016,1987-11-07,CHI vs. PHL,PHL,W,10.0,0,0,1.0,0.0,0.0,0,0.0,0.0,2.0,2.0,0.0,0.0,0.0,2.0,4.0,,-3.7,0.0,https://www.nba.com/stats/players/boxscores-traditional?Season=1987-88&SeasonType=Regular%20Season&TeamID=1610612741,1987-11-07,CHI vs. PHL,W,104,,1980s
1988,1987–88,9,Sedale Threatt,28700016,1987-11-07,CHI vs. PHL,PHL,W,21.0,10,3,6.0,0.0,0.0,4,4.0,1.0,0.0,1.0,5.0,1.0,0.0,1.0,0.0,,11.2,64.43298969072166,https://www.nba.com/stats/players/boxscores-traditional?Season=1987-88&SeasonType=Regular%20Season&TeamID=1610612741,1987-11-07,CHI vs. PHL,W,104,,1980s
1988,1987–88,78514,Tony White,28700016,1987-11-07,CHI vs. PHL,PHL,W,1.0,0,0,0.0,0.0,0.0,0,0.0,0.0,0.0,0.0,0.0,0.0,0.0,0.0,0.0,,0.0,0.0,https://www.nba.com/stats/players/boxscores-traditional?Season=1987-88&SeasonType=Regular%20Season&TeamID=1610612741,1987-11-07,CHI vs. PHL,W,104,,1980s
1989,1988–89,270,Horace Grant,28800009,1988-11-04,CHI vs. DET,DET,L,31.0,7,2,8.0,0.0,0.0,3,3.0,2.0,0.0,2.0,1.0,2.0,0.0,2.0,5.0,,2.3,37.553648068669524,https://www.nba.com/stats/players/boxscores-traditional?Season=1988-89&SeasonType=Regular%20Season&TeamID=1610612741,1988-11-04,CHI vs. DET,L,94,,1980s
1989,1988–89,77820,John Paxson,28800009,1988-11-04,CHI vs. DET,DET,L,28.0,15,7,13.0,1.0,5.0,0,0.0,0.0,3.0,3.0,6.0,1.0,0.0,2.0,4.0,,11.200000000000001,57.692307692307686,https://www.nba.com/stats/players/boxscores-traditional?Season=1988-89&SeasonType=Regular%20Season&TeamID=1610612741,1988-11-04,CHI vs. DET,L,94,,1980s
1989,1988–89,78417,Sam Vincent,28800009,1988-11-04,CHI vs. DET,DET,L,37.0,16,7,19.0,0.0,1.0,2,2.0,0.0,4.0,4.0,4.0,3.0,1.0,4.0,3.0,,8.000000000000004,40.24144869215292,https://www.nba.com/stats/players/boxscores-traditional?Season=1988-89&SeasonType=Regular%20Season&TeamID=1610612741,1988-11-04,CHI vs. DET,L,94,,1980s
1989,1988–89,76453,Dave Corzine,28800009,1988-11-04,CHI vs. DET,DET,L,23.0,6,3,5.0,0.0,0.0,0,0.0,0.0,6.0,6.0,0.0,0.0,3.0,1.0,0.0,,6.6,60.0,https://www.nba.com/stats/players/boxscores-traditional?Season=1988-89&SeasonType=Regular%20Season&TeamID=1610612741,1988-11-04,CHI vs. DET,L,94,,1980s
1989,1988–89,76362,Bill Cartwright,28800009,1988-11-04,CHI vs. DET,DET,L,35.0,14,4,7.0,0.0,0.0,6,9.0,2.0,8.0,10.0,2.0,1.0,1.0,4.0,3.0,,11.200000000000003,63.86861313868613,https://www.nba.com/stats/players/boxscores-traditional?Season=1988-89&SeasonType=Regular%20Season&TeamID=1610612741,1988-11-04,CHI vs. DET,L,94,,1980s
1989,1988–89,893,Michael Jordan,28800009,1988-11-04,CHI vs. DET,DET,L,43.0,28,10,19.0,0.0,2.0,8,12.0,1.0,4.0,5.0,7.0,5.0,2.0,2.0,5.0,,26.299999999999997,57.66062602965404,https://www.nba.com/stats/players/boxscores-traditional?Season=1988-89&SeasonType=Regular%20Season&TeamID=1610612741,1988-11-04,CHI vs. DET,L,94,,1980s
1989,1988–89,77173,Anthony Jones,28800009,1988-11-04,CHI vs. DET,DET,L,5.0,0,0,0.0,0.0,0.0,0,0.0,0.0,0.0,0.0,0.0,0.0,0.0,0.0,3.0,,-1.2000000000000002,0.0,https://www.nba.com/stats/players/boxscores-traditional?Season=1988-89&SeasonType=Regular%20Season&TeamID=1610612741,1988-11-04,CHI vs. DET,L,94,,1980s
1989,1988–89,77697,Ed Nealy,28800009,1988-11-04,CHI vs. DET,DET,L,9.0,2,1,1.0,0.0,0.0,0,0.0,1.0,1.0,2.0,0.0,0.0,0.0,0.0,3.0,,1.4999999999999996,100.0,https://www.nba.com/stats/players/boxscores-traditional?Season=1988-89&SeasonType=Regular%20Season&TeamID=1610612741,1988-11-04,CHI vs. DET,L,94,,1980s
1989,1988–89,78110,Brad Sellers,28800009,1988-11-04,CHI vs. DET,DET,L,29.0,6,2,8.0,0.0,0.0,2,4.0,1.0,2.0,3.0,0.0,0.0,3.0,0.0,2.0,,3.0,30.737704918032787,https://www.nba.com/stats/players/boxscores-traditional?Season=1988-89&SeasonType=Regular%20Season&TeamID=1610612741,1988-11-04,CHI vs. DET,L,94,,1980s
1990,1989–90,351,Stacey King,28900009,1989-11-03,CHI vs. CLE,CLE,W,15.0,5,0,2.0,0.0,0.0,5,8.0,1.0,2.0,3.0,0.0,1.0,0.0,2.0,3.0,,1.4999999999999991,45.289855072463766,https://www.nba.com/stats/players/boxscores-traditional?Season=1989-90&SeasonType=Regular%20Season&TeamID=1610612741,1989-11-03,CHI vs. CLE,W,124,,1980s
1990,1989–90,781,Will Perdue,28900009,1989-11-03,CHI vs. CLE,CLE,W,4.0,0,0,1.0,0.0,0.0,0,0.0,0.0,0.0,0.0,2.0,0.0,0.0,0.0,0.0,,0.7,0.0,https://www.nba.com/stats/players/boxscores-traditional?Season=1989-90&SeasonType=Regular%20Season&TeamID=1610612741,1989-11-03,CHI vs. CLE,W,124,,1980s
1990,1989–90,270,Horace Grant,28900009,1989-11-03,CHI vs. CLE,CLE,W,45.0,17,6,8.0,0.0,0.0,5,6.0,2.0,5.0,7.0,3.0,1.0,2.0,3.0,5.0,,15.799999999999997,79.88721804511277,https://www.nba.com/stats/players/boxscores-traditional?Season=1989-90&SeasonType=Regular%20Season&TeamID=1610612741,1989-11-03,CHI vs. CLE,W,124,,1980s
1990,1989–90,77820,John Paxson,28900009,1989-11-03,CHI vs. CLE,CLE,W,34.0,2,1,4.0,0.0,0.0,0,0.0,1.0,0.0,1.0,6.0,1.0,0.0,0.0,2.0,,4.699999999999999,25.0,https://www.nba.com/stats/players/boxscores-traditional?Season=1989-90&SeasonType=Regular%20Season&TeamID=1610612741,1989-11-03,CHI vs. CLE,W,124,,1980s
1990,1989–90,937,Scottie Pippen,28900009,1989-11-03,CHI vs. CLE,CLE,W,51.0,19,8,24.0,1.0,4.0,2,4.0,1.0,2.0,3.0,7.0,2.0,1.0,5.0,4.0,,6.9,36.878881987577635,https://www.nba.com/stats/players/boxscores-traditional?Season=1989-90&SeasonType=Regular%20Season&TeamID=1610612741,1989-11-03,CHI vs. CLE,W,124,,1980s
1990,1989–90,76362,Bill Cartwright,28900009,1989-11-03,CHI vs. CLE,CLE,W,42.0,17,6,14.0,0.0,0.0,5,8.0,6.0,9.0,15.0,2.0,1.0,1.0,1.0,5.0,,15.399999999999995,48.51598173515982,https://www.nba.com/stats/players/boxscores-traditional?Season=1989-90&SeasonType=Regular%20Season&TeamID=1610612741,1989-11-03,CHI vs. CLE,W,124,,1980s
1990,1989–90,769,B.J. Armstrong,28900009,1989-11-03,CHI vs. CLE,CLE,W,15.0,2,1,2.0,0.0,0.0,0,0.0,0.0,0.0,0.0,1.0,0.0,0.0,1.0,2.0,,-0.10000000000000009,50.0,https://www.nba.com/stats/players/boxscores-traditional?Season=1989-90&SeasonType=Regular%20Season&TeamID=1610612741,1989-11-03,CHI vs. CLE,W,124,,1980s
1990,1989–90,77034,Craig Hodges,28900009,1989-11-03,CHI vs. CLE,CLE,W,12.0,8,3,7.0,2.0,5.0,0,0.0,0.0,1.0,1.0,0.0,1.0,0.0,0.0,1.0,,5.199999999999999,57.14285714285714,https://www.nba.com/stats/players/boxscores-traditional?Season=1989-90&SeasonType=Regular%20Season&TeamID=1610612741,1989-11-03,CHI vs. CLE,W,124,,1980s
1990,1989–90,893,Michael Jordan,28900009,1989-11-03,CHI vs. CLE,CLE,W,47.0,54,19,31.0,1.0,2.0,15,17.0,3.0,11.0,14.0,6.0,3.0,1.0,0.0,3.0,,51.2,70.16632016632016,https://www.nba.com/stats/players/boxscores-traditional?Season=1989-90&SeasonType=Regular%20Season&TeamID=1610612741,1989-11-03,CHI vs. CLE,W,124,,1980s
1991,1990–91,781,Will Perdue,29000009,1990-11-02,CHI vs. PHL,PHL,L,12.0,2,1,3.0,0.0,0.0,0,0.0,0.0,2.0,2.0,1.0,0.0,2.0,2.0,5.0,,-1.0,33.33333333333333,https://www.nba.com/stats/players/boxscores-traditional?Season=1990-91&SeasonType=Regular%20Season&TeamID=1610612741,1990-11-02,CHI vs. PHL,L,116,,1990s
1991,1990–91,270,Horace Grant,29000009,1990-11-02,CHI vs. PHL,PHL,L,33.0,22,9,13.0,0.0,0.0,4,5.0,2.0,2.0,4.0,2.0,1.0,0.0,0.0,3.0,,19.3,72.36842105263158,https://www.nba.com/stats/players/boxscores-traditional?Season=1990-91&SeasonType=Regular%20Season&TeamID=1610612741,1990-11-02,CHI vs. PHL,L,116,,1990s
1991,1990–91,77377,Cliff Levingston,29000009,1990-11-02,CHI vs. PHL,PHL,L,20.0,8,4,9.0,0.0,0.0,0,2.0,4.0,2.0,6.0,2.0,1.0,1.0,2.0,1.0,,6.599999999999998,40.48582995951417,https://www.nba.com/stats/players/boxscores-traditional?Season=1990-91&SeasonType=Regular%20Season&TeamID=1610612741,1990-11-02,CHI vs. PHL,L,116,,1990s
1991,1990–91,769,B.J. Armstrong,29000009,1990-11-02,CHI vs. PHL,PHL,L,19.0,8,4,7.0,0.0,0.0,0,0.0,0.0,2.0,2.0,4.0,0.0,0.0,0.0,2.0,,7.3,57.14285714285714,https://www.nba.com/stats/players/boxscores-traditional?Season=1990-91&SeasonType=Regular%20Season&TeamID=1610612741,1990-11-02,CHI vs. PHL,L,116,,1990s
1991,1990–91,77820,John Paxson,29000009,1990-11-02,CHI vs. PHL,PHL,L,16.0,2,1,2.0,0.0,1.0,0,0.0,0.0,0.0,0.0,7.0,1.0,0.0,0.0,1.0,,6.499999999999999,50.0,https://www.nba.com/stats/players/boxscores-traditional?Season=1990-91&SeasonType=Regular%20Season&TeamID=1610612741,1990-11-02,CHI vs. PHL,L,116,,1990s
1991,1990–91,77034,Craig Hodges,29000009,1990-11-02,CHI vs. PHL,PHL,L,15.0,9,3,7.0,3.0,7.0,0,0.0,0.0,0.0,0.0,0.0,0.0,0.0,0.0,1.0,,4.8999999999999995,64.28571428571429,https://www.nba.com/stats/players/boxscores-traditional?Season=1990-91&SeasonType=Regular%20Season&TeamID=1610612741,1990-11-02,CHI vs. PHL,L,116,,1990s
1991,1990–91,76362,Bill Cartwright,29000009,1990-11-02,CHI vs. PHL,PHL,L,20.0,6,2,6.0,0.0,0.0,2,2.0,2.0,2.0,4.0,0.0,0.0,0.0,1.0,3.0,,2.3999999999999995,43.604651162790695,https://www.nba.com/stats/players/boxscores-traditional?Season=1990-91&SeasonType=Regular%20Season&TeamID=1610612741,1990-11-02,CHI vs. PHL,L,116,,1990s
1991,1990–91,893,Michael Jordan,29000009,1990-11-02,CHI vs. PHL,PHL,L,34.0,34,14,24.0,1.0,3.0,5,5.0,3.0,2.0,5.0,7.0,7.0,0.0,5.0,4.0,,30.800000000000004,64.8854961832061,https://www.nba.com/stats/players/boxscores-traditional?Season=1990-91&SeasonType=Regular%20Season&TeamID=1610612741,1990-11-02,CHI vs. PHL,L,116,,1990s
1991,1990–91,351,Stacey King,29000009,1990-11-02,CHI vs. PHL,PHL,L,20.0,3,0,6.0,0.0,0.0,3,4.0,1.0,4.0,5.0,1.0,2.0,0.0,3.0,2.0,,-0.7999999999999989,19.329896907216497,https://www.nba.com/stats/players/boxscores-traditional?Season=1990-91&SeasonType=Regular%20Season&TeamID=1610612741,1990-11-02,CHI vs. PHL,L,116,,1990s
1991,1990–91,77054,Dennis Hopson,29000009,1990-11-02,CHI vs. PHL,PHL,L,16.0,9,4,9.0,0.0,0.0,1,2.0,4.0,1.0,5.0,0.0,1.0,1.0,0.0,0.0,,8.7,45.54655870445344,https://www.nba.com/stats/players/boxscores-traditional?Season=1990-91&SeasonType=Regular%20Season&TeamID=1610612741,1990-11-02,CHI vs. PHL,L,116,,1990s
1991,1990–91,281,Scott Williams,29000009,1990-11-02,CHI vs. PHL,PHL,L,2.0,0,0,0.0,0.0,0.0,0,0.0,0.0,1.0,1.0,0.0,0.0,0.0,0.0,0.0,,0.3,0.0,https://www.nba.com/stats/players/boxscores-traditional?Season=1990-91&SeasonType=Regular%20Season&TeamID=1610612741,1990-11-02,CHI vs. PHL,L,116,,1990s
1991,1990–91,937,Scottie Pippen,29000009,1990-11-02,CHI vs. PHL,PHL,L,33.0,13,5,15.0,0.0,1.0,3,3.0,1.0,4.0,5.0,5.0,1.0,2.0,1.0,3.0,,10.100000000000001,39.82843137254902,https://www.nba.com/stats/players/boxscores-traditional?Season=1990-91&SeasonType=Regular%20Season&TeamID=1610612741,1990-11-02,CHI vs. PHL,L,116,,1990s
1992,1991–92,270,Horace Grant,29100004,1991-11-01,CHI vs. PHL,PHL,W,27.0,15,7,8.0,0.0,0.0,1,1.0,3.0,4.0,7.0,2.0,1.0,1.0,1.0,4.0,,15.999999999999996,88.86255924170617,https://www.nba.com/stats/players/boxscores-traditional?Season=1991-92&SeasonType=Regular%20Season&TeamID=1610612741,1991-11-01,CHI vs. PHL,W,110,,1990s
1992,1991–92,769,B.J. Armstrong,29100004,1991-11-01,CHI vs. PHL,PHL,W,24.0,10,5,9.0,0.0,1.0,0,0.0,1.0,1.0,2.0,3.0,0.0,0.0,0.0,1.0,,8.4,55.55555555555556,https://www.nba.com/stats/players/boxscores-traditional?Season=1991-92&SeasonType=Regular%20Season&TeamID=1610612741,1991-11-01,CHI vs. PHL,W,110,,1990s
1992,1991–92,77377,Cliff Levingston,29100004,1991-11-01,CHI vs. PHL,PHL,W,15.0,4,2,3.0,0.0,0.0,0,0.0,3.0,2.0,5.0,5.0,0.0,1.0,1.0,4.0,,6.999999999999998,66.66666666666666,https://www.nba.com/stats/players/boxscores-traditional?Season=1991-92&SeasonType=Regular%20Season&TeamID=1610612741,1991-11-01,CHI vs. PHL,W,110,,1990s
1992,1991–92,76362,Bill Cartwright,29100004,1991-11-01,CHI vs. PHL,PHL,W,25.0,4,2,7.0,0.0,0.0,0,0.0,0.0,6.0,6.0,2.0,0.0,1.0,1.0,1.0,,2.4,28.57142857142857,https://www.nba.com/stats/players/boxscores-traditional?Season=1991-92&SeasonType=Regular%20Season&TeamID=1610612741,1991-11-01,CHI vs. PHL,W,110,,1990s
1992,1991–92,937,Scottie Pippen,29100004,1991-11-01,CHI vs. PHL,PHL,W,37.0,23,9,15.0,0.0,2.0,5,5.0,1.0,7.0,8.0,6.0,4.0,0.0,6.0,3.0,,19.900000000000002,66.86046511627907,https://www.nba.com/stats/players/boxscores-traditional?Season=1991-92&SeasonType=Regular%20Season&TeamID=1610612741,1991-11-01,CHI vs. PHL,W,110,,1990s
1992,1991–92,77820,John Paxson,29100004,1991-11-01,CHI vs. PHL,PHL,W,24.0,6,3,7.0,0.0,1.0,0,0.0,0.0,2.0,2.0,9.0,1.0,0.0,0.0,0.0,,10.200000000000001,42.857142857142854,https://www.nba.com/stats/players/boxscores-traditional?Season=1991-92&SeasonType=Regular%20Season&TeamID=1610612741,1991-11-01,CHI vs. PHL,W,110,,1990s
1992,1991–92,1821,Mark Randall,29100004,1991-11-01,CHI vs. PHL,PHL,W,5.0,0,0,2.0,0.0,0.0,0,0.0,0.0,1.0,1.0,1.0,0.0,0.0,1.0,0.0,,-1.4,0.0,https://www.nba.com/stats/players/boxscores-traditional?Season=1991-92&SeasonType=Regular%20Season&TeamID=1610612741,1991-11-01,CHI vs. PHL,W,110,,1990s
1992,1991–92,77054,Dennis Hopson,29100004,1991-11-01,CHI vs. PHL,PHL,W,5.0,2,1,2.0,0.0,0.0,0,0.0,0.0,0.0,0.0,0.0,1.0,0.0,0.0,1.0,,1.6,50.0,https://www.nba.com/stats/players/boxscores-traditional?Season=1991-92&SeasonType=Regular%20Season&TeamID=1610612741,1991-11-01,CHI vs. PHL,W,110,,1990s
1992,1991–92,77034,Craig Hodges,29100004,1991-11-01,CHI vs. PHL,PHL,W,15.0,10,4,6.0,0.0,0.0,2,2.0,0.0,0.0,0.0,3.0,0.0,0.0,0.0,0.0,,9.5,72.67441860465115,https://www.nba.com/stats/players/boxscores-traditional?Season=1991-92&SeasonType=Regular%20Season&TeamID=1610612741,1991-11-01,CHI vs. PHL,W,110,,1990s
1992,1991–92,893,Michael Jordan,29100004,1991-11-01,CHI vs. PHL,PHL,W,30.0,26,11,18.0,0.0,3.0,4,6.0,1.0,4.0,5.0,4.0,3.0,1.0,2.0,2.0,,22.599999999999994,62.98449612403101,https://www.nba.com/stats/players/boxscores-traditional?Season=1991-92&SeasonType=Regular%20Season&TeamID=1610612741,1991-11-01,CHI vs. PHL,W,110,,1990s
1992,1991–92,781,Will Perdue,29100004,1991-11-01,CHI vs. PHL,PHL,W,10.0,4,2,6.0,0.0,0.0,0,0.0,2.0,3.0,5.0,1.0,0.0,1.0,0.0,0.0,,4.300000000000001,33.33333333333333,https://www.nba.com/stats/players/boxscores-traditional?Season=1991-92&SeasonType=Regular%20Season&TeamID=1610612741,1991-11-01,CHI vs. PHL,W,110,,1990s
1992,1991–92,351,Stacey King,29100004,1991-11-01,CHI vs. PHL,PHL,W,23.0,6,3,8.0,0.0,0.0,0,0.0,1.0,5.0,6.0,2.0,1.0,0.0,4.0,3.0,,1.0000000000000009,37.5,https://www.nba.com/stats/players/boxscores-traditional?Season=1991-92&SeasonType=Regular%20Season&TeamID=1610612741,1991-11-01,CHI vs. PHL,W,110,,1990s
1993,1992–93,769,B.J. Armstrong,29200002,1992-11-06,CHI @ CLE,CLE,W,31.0,13,6,11.0,1.0,2.0,0,0.0,0.0,4.0,4.0,4.0,0.0,0.0,0.0,3.0,,10.5,59.09090909090909,https://www.nba.com/stats/players/boxscores-traditional?Season=1992-93&SeasonType=Regular%20Season&TeamID=1610612741,1992-11-06,CHI @ CLE,W,101,,1990s
1993,1992–93,76362,Bill Cartwright,29200002,1992-11-06,CHI @ CLE,CLE,W,28.0,13,5,11.0,0.0,0.0,3,4.0,2.0,4.0,6.0,3.0,0.0,0.0,0.0,1.0,,11.2,50.94043887147336,https://www.nba.com/stats/players/boxscores-traditional?Season=1992-93&SeasonType=Regular%20Season&TeamID=1610612741,1992-11-06,CHI @ CLE,W,101,,1990s
1993,1992–93,937,Scottie Pippen,29200002,1992-11-06,CHI @ CLE,CLE,W,36.0,22,10,23.0,1.0,3.0,1,2.0,4.0,6.0,10.0,10.0,0.0,0.0,2.0,4.0,,17.5,46.06365159128978,https://www.nba.com/stats/players/boxscores-traditional?Season=1992-93&SeasonType=Regular%20Season&TeamID=1610612741,1992-11-06,CHI @ CLE,W,101,,1990s
1993,1992–93,351,Stacey King,29200002,1992-11-06,CHI @ CLE,CLE,W,14.0,0,0,2.0,0.0,0.0,0,0.0,0.0,2.0,2.0,1.0,0.0,1.0,0.0,3.0,,-0.6000000000000002,0.0,https://www.nba.com/stats/players/boxscores-traditional?Season=1992-93&SeasonType=Regular%20Season&TeamID=1610612741,1992-11-06,CHI @ CLE,W,101,,1990s
1993,1992–93,893,Michael Jordan,29200002,1992-11-06,CHI @ CLE,CLE,W,37.0,29,12,26.0,0.0,2.0,5,6.0,3.0,3.0,6.0,2.0,3.0,3.0,2.0,1.0,,22.299999999999997,50.628491620111724,https://www.nba.com/stats/players/boxscores-traditional?Season=1992-93&SeasonType=Regular%20Season&TeamID=1610612741,1992-11-06,CHI @ CLE,W,101,,1990s
1993,1992–93,1622,Rodney McCray,29200002,1992-11-06,CHI @ CLE,CLE,W,28.0,2,1,5.0,0.0,0.0,0,0.0,1.0,1.0,2.0,2.0,0.0,1.0,2.0,1.0,,-0.40000000000000036,20.0,https://www.nba.com/stats/players/boxscores-traditional?Season=1992-93&SeasonType=Regular%20Season&TeamID=1610612741,1992-11-06,CHI @ CLE,W,101,,1990s
1993,1992–93,270,Horace Grant,29200002,1992-11-06,CHI @ CLE,CLE,W,32.0,15,6,13.0,0.0,0.0,3,4.0,6.0,9.0,15.0,2.0,0.0,2.0,1.0,4.0,,14.999999999999995,50.81300813008131,https://www.nba.com/stats/players/boxscores-traditional?Season=1992-93&SeasonType=Regular%20Season&TeamID=1610612741,1992-11-06,CHI @ CLE,W,101,,1990s
1993,1992–93,200603,Corey Williams,29200002,1992-11-06,CHI @ CLE,CLE,W,1.0,0,0,0.0,0.0,0.0,0,0.0,0.0,0.0,0.0,0.0,0.0,0.0,0.0,0.0,,0.0,0.0,https://www.nba.com/stats/players/boxscores-traditional?Season=1992-93&SeasonType=Regular%20Season&TeamID=1610612741,1992-11-06,CHI @ CLE,W,101,,1990s
1993,1992–93,281,Scott Williams,29200002,1992-11-06,CHI @ CLE,CLE,W,18.0,7,3,5.0,0.0,0.0,1,2.0,3.0,6.0,9.0,0.0,1.0,2.0,0.0,5.0,,8.6,59.523809523809526,https://www.nba.com/stats/players/boxscores-traditional?Season=1992-93&SeasonType=Regular%20Season&TeamID=1610612741,1992-11-06,CHI @ CLE,W,101,,1990s
1993,1992–93,77820,John Paxson,29200002,1992-11-06,CHI @ CLE,CLE,W,15.0,0,0,2.0,0.0,0.0,0,0.0,0.0,0.0,0.0,2.0,1.0,0.0,1.0,1.0,,-0.4,0.0,https://www.nba.com/stats/players/boxscores-traditional?Season=1992-93&SeasonType=Regular%20Season&TeamID=1610612741,1992-11-06,CHI @ CLE,W,101,,1990s
1994,1993–94,389,Toni Kukoc,29300001,1993-11-05,CHI @ CHH,CHH,W,21.0,10,5,10.0,0.0,2.0,0,0.0,1.0,4.0,5.0,1.0,0.0,0.0,0.0,1.0,,7.2,50.0,https://www.nba.com/stats/players/boxscores-traditional?Season=1993-94&SeasonType=Regular%20Season&TeamID=1610612741,1993-11-05,CHI @ CHH,W,124,,1990s
1994,1993–94,916,Corie Blount,29300001,1993-11-05,CHI @ CHH,CHH,W,8.0,5,2,3.0,0.0,0.0,1,1.0,0.0,0.0,0.0,2.0,0.0,0.0,1.0,1.0,,3.6999999999999993,72.67441860465115,https://www.nba.com/stats/players/boxscores-traditional?Season=1993-94&SeasonType=Regular%20Season&TeamID=1610612741,1993-11-05,CHI @ CHH,W,124,,1990s
1994,1993–94,270,Horace Grant,29300001,1993-11-05,CHI @ CHH,CHH,W,46.0,22,11,18.0,0.0,0.0,0,0.0,3.0,4.0,7.0,4.0,1.0,1.0,2.0,3.0,,18.4,61.111111111111114,https://www.nba.com/stats/players/boxscores-traditional?Season=1993-94&SeasonType=Regular%20Season&TeamID=1610612741,1993-11-05,CHI @ CHH,W,124,,1990s
1994,1993–94,939,Pete Myers,29300001,1993-11-05,CHI @ CHH,CHH,W,29.0,8,3,9.0,0.0,0.0,2,3.0,0.0,1.0,1.0,2.0,2.0,2.0,1.0,3.0,,5.3999999999999995,38.75968992248062,https://www.nba.com/stats/players/boxscores-traditional?Season=1993-94&SeasonType=Regular%20Season&TeamID=1610612741,1993-11-05,CHI @ CHH,W,124,,1990s
1994,1993–94,937,Scottie Pippen,29300001,1993-11-05,CHI @ CHH,CHH,W,45.0,23,6,16.0,0.0,1.0,11,21.0,4.0,12.0,16.0,7.0,2.0,1.0,3.0,3.0,,20.0,45.562599049128366,https://www.nba.com/stats/players/boxscores-traditional?Season=1993-94&SeasonType=Regular%20Season&TeamID=1610612741,1993-11-05,CHI @ CHH,W,124,,1990s
1994,1993–94,70,Steve Kerr,29300001,1993-11-05,CHI @ CHH,CHH,W,32.0,16,7,9.0,1.0,1.0,1,2.0,0.0,2.0,2.0,1.0,1.0,0.0,1.0,4.0,,11.799999999999999,80.97165991902834,https://www.nba.com/stats/players/boxscores-traditional?Season=1993-94&SeasonType=Regular%20Season&TeamID=1610612741,1993-11-05,CHI @ CHH,W,124,,1990s
1994,1993–94,351,Stacey King,29300001,1993-11-05,CHI @ CHH,CHH,W,5.0,0,0,0.0,0.0,0.0,0,0.0,0.0,1.0,1.0,0.0,0.0,0.0,2.0,2.0,,-2.5,0.0,https://www.nba.com/stats/players/boxscores-traditional?Season=1993-94&SeasonType=Regular%20Season&TeamID=1610612741,1993-11-05,CHI @ CHH,W,124,,1990s
1994,1993–94,781,Will Perdue,29300001,1993-11-05,CHI @ CHH,CHH,W,10.0,3,0,2.0,0.0,0.0,3,4.0,2.0,1.0,3.0,1.0,0.0,0.0,1.0,2.0,,1.7999999999999998,39.8936170212766,https://www.nba.com/stats/players/boxscores-traditional?Season=1993-94&SeasonType=Regular%20Season&TeamID=1610612741,1993-11-05,CHI @ CHH,W,124,,1990s
1994,1993–94,76362,Bill Cartwright,29300001,1993-11-05,CHI @ CHH,CHH,W,33.0,9,4,5.0,0.0,0.0,1,1.0,2.0,2.0,4.0,5.0,0.0,0.0,1.0,3.0,,10.399999999999999,82.72058823529412,https://www.nba.com/stats/players/boxscores-traditional?Season=1993-94&SeasonType=Regular%20Season&TeamID=1610612741,1993-11-05,CHI @ CHH,W,124,,1990s
1994,1993–94,769,B.J. Armstrong,29300001,1993-11-05,CHI @ CHH,CHH,W,36.0,28,12,18.0,1.0,2.0,3,3.0,0.0,4.0,4.0,4.0,0.0,0.0,4.0,6.0,,17.799999999999997,72.46376811594203,https://www.nba.com/stats/players/boxscores-traditional?Season=1993-94&SeasonType=Regular%20Season&TeamID=1610612741,1993-11-05,CHI @ CHH,W,124,,1990s
1995,1994–95,54,Dickey Simpkins,29400009,1994-11-04,CHI vs. CHH,CHH,W,5.0,0,0,0.0,0.0,0.0,0,0.0,0.0,1.0,1.0,0.0,1.0,0.0,2.0,0.0,,-0.7,0.0,https://www.nba.com/stats/players/boxscores-traditional?Season=1994-95&SeasonType=Regular%20Season&TeamID=1610612741,1994-11-04,CHI vs. CHH,W,89,,1990s
1995,1994–95,70,Steve Kerr,29400009,1994-11-04,CHI vs. CHH,CHH,W,12.0,6,2,4.0,1.0,2.0,1,2.0,0.0,0.0,0.0,0.0,2.0,0.0,2.0,1.0,,3.1999999999999993,61.47540983606557,https://www.nba.com/stats/players/boxscores-traditional?Season=1994-95&SeasonType=Regular%20Season&TeamID=1610612741,1994-11-04,CHI vs. CHH,W,89,,1990s
1995,1994–95,781,Will Perdue,29400009,1994-11-04,CHI vs. CHH,CHH,W,31.0,10,4,7.0,0.0,0.0,2,2.0,5.0,7.0,12.0,2.0,0.0,0.0,6.0,5.0,,5.699999999999999,63.45177664974619,https://www.nba.com/stats/players/boxscores-traditional?Season=1994-95&SeasonType=Regular%20Season&TeamID=1610612741,1994-11-04,CHI vs. CHH,W,89,,1990s
1995,1994–95,166,Ron Harper,29400009,1994-11-04,CHI vs. CHH,CHH,W,31.0,8,3,12.0,0.0,2.0,2,4.0,1.0,7.0,8.0,6.0,2.0,2.0,1.0,6.0,,7.0,29.069767441860467,https://www.nba.com/stats/players/boxscores-traditional?Season=1994-95&SeasonType=Regular%20Season&TeamID=1610612741,1994-11-04,CHI vs. CHH,W,89,,1990s
1995,1994–95,323,Greg Foster,29400009,1994-11-04,CHI vs. CHH,CHH,W,9.0,3,0,2.0,0.0,0.0,3,4.0,0.0,0.0,0.0,1.0,0.0,1.0,2.0,2.0,,-0.19999999999999996,39.8936170212766,https://www.nba.com/stats/players/boxscores-traditional?Season=1994-95&SeasonType=Regular%20Season&TeamID=1610612741,1994-11-04,CHI vs. CHH,W,89,,1990s
1995,1994–95,916,Corie Blount,29400009,1994-11-04,CHI vs. CHH,CHH,W,11.0,4,2,6.0,0.0,0.0,0,0.0,6.0,0.0,6.0,0.0,0.0,1.0,0.0,1.0,,5.1,33.33333333333333,https://www.nba.com/stats/players/boxscores-traditional?Season=1994-95&SeasonType=Regular%20Season&TeamID=1610612741,1994-11-04,CHI vs. CHH,W,89,,1990s
1995,1994–95,76676,Jojo English,29400009,1994-11-04,CHI vs. CHH,CHH,W,16.0,8,2,8.0,1.0,1.0,3,3.0,0.0,0.0,0.0,1.0,1.0,0.0,3.0,3.0,,0.7000000000000011,42.91845493562232,https://www.nba.com/stats/players/boxscores-traditional?Season=1994-95&SeasonType=Regular%20Season&TeamID=1610612741,1994-11-04,CHI vs. CHH,W,89,,1990s
1995,1994–95,1474,Larry Krystkowiak,29400009,1994-11-04,CHI vs. CHH,CHH,W,26.0,14,5,10.0,0.0,0.0,4,4.0,2.0,3.0,5.0,0.0,1.0,0.0,1.0,3.0,,10.100000000000001,59.523809523809526,https://www.nba.com/stats/players/boxscores-traditional?Season=1994-95&SeasonType=Regular%20Season&TeamID=1610612741,1994-11-04,CHI vs. CHH,W,89,,1990s
1995,1994–95,937,Scottie Pippen,29400009,1994-11-04,CHI vs. CHH,CHH,W,41.0,22,9,16.0,1.0,4.0,3,4.0,0.0,6.0,6.0,3.0,3.0,1.0,6.0,2.0,,14.799999999999997,61.936936936936924,https://www.nba.com/stats/players/boxscores-traditional?Season=1994-95&SeasonType=Regular%20Season&TeamID=1610612741,1994-11-04,CHI vs. CHH,W,89,,1990s
1995,1994–95,769,B.J. Armstrong,29400009,1994-11-04,CHI vs. CHH,CHH,W,36.0,12,5,9.0,0.0,2.0,2,2.0,0.0,4.0,4.0,2.0,0.0,0.0,2.0,2.0,,7.5,60.72874493927125,https://www.nba.com/stats/players/boxscores-traditional?Season=1994-95&SeasonType=Regular%20Season&TeamID=1610612741,1994-11-04,CHI vs. CHH,W,89,,1990s
1995,1994–95,389,Toni Kukoc,29400009,1994-11-04,CHI vs. CHH,CHH,W,22.0,2,1,5.0,0.0,2.0,0,0.0,2.0,3.0,5.0,4.0,1.0,1.0,2.0,1.0,,3.3,20.0,https://www.nba.com/stats/players/boxscores-traditional?Season=1994-95&SeasonType=Regular%20Season&TeamID=1610612741,1994-11-04,CHI vs. CHH,W,89,,1990s
1996,1995–96,753,Randy Brown,29500001,1995-11-03,CHI vs. CHH,CHH,W,16.0,4,1,5.0,0.0,0.0,2,4.0,0.0,0.0,0.0,4.0,3.0,0.0,2.0,3.0,,2.7,29.585798816568047,https://www.nba.com/stats/players/boxscores-traditional?Season=1995-96&SeasonType=Regular%20Season&TeamID=1610612741,1995-11-03,CHI vs. CHH,W,105,,1990s
1996,1995–96,146,Jud Buechler,29500001,1995-11-03,CHI vs. CHH,CHH,W,22.0,13,6,8.0,1.0,2.0,0,0.0,0.0,0.0,0.0,1.0,1.0,0.0,3.0,2.0,,7.699999999999999,81.25,https://www.nba.com/stats/players/boxscores-traditional?Season=1995-96&SeasonType=Regular%20Season&TeamID=1610612741,1995-11-03,CHI vs. CHH,W,105,,1990s
1996,1995–96,82,Bill Wennington,29500001,1995-11-03,CHI vs. CHH,CHH,W,19.0,6,3,5.0,0.0,0.0,0,0.0,1.0,4.0,5.0,3.0,0.0,0.0,1.0,4.0,,5.1,60.0,https://www.nba.com/stats/players/boxscores-traditional?Season=1995-96&SeasonType=Regular%20Season&TeamID=1610612741,1995-11-03,CHI vs. CHH,W,105,,1990s
1996,1995–96,166,Ron Harper,29500001,1995-11-03,CHI vs. CHH,CHH,W,25.0,11,5,11.0,0.0,0.0,1,1.0,1.0,1.0,2.0,1.0,3.0,0.0,1.0,1.0,,8.6,48.07692307692308,https://www.nba.com/stats/players/boxscores-traditional?Season=1995-96&SeasonType=Regular%20Season&TeamID=1610612741,1995-11-03,CHI vs. CHH,W,105,,1990s
1996,1995–96,937,Scottie Pippen,29500001,1995-11-03,CHI vs. CHH,CHH,W,10.0,0,0,0.0,0.0,0.0,0,0.0,0.0,0.0,0.0,1.0,0.0,0.0,0.0,2.0,,-0.10000000000000009,0.0,https://www.nba.com/stats/players/boxscores-traditional?Season=1995-96&SeasonType=Regular%20Season&TeamID=1610612741,1995-11-03,CHI vs. CHH,W,105,,1990s
1996,1995–96,389,Toni Kukoc,29500001,1995-11-03,CHI vs. CHH,CHH,W,27.0,15,6,14.0,0.0,2.0,3,4.0,3.0,6.0,9.0,6.0,0.0,2.0,2.0,2.0,,13.899999999999995,47.588832487309645,https://www.nba.com/stats/players/boxscores-traditional?Season=1995-96&SeasonType=Regular%20Season&TeamID=1610612741,1995-11-03,CHI vs. CHH,W,105,,1990s
1996,1995–96,23,Dennis Rodman,29500001,1995-11-03,CHI vs. CHH,CHH,W,27.0,2,1,3.0,0.0,0.0,0,0.0,4.0,7.0,11.0,1.0,0.0,0.0,2.0,3.0,,2.7,33.33333333333333,https://www.nba.com/stats/players/boxscores-traditional?Season=1995-96&SeasonType=Regular%20Season&TeamID=1610612741,1995-11-03,CHI vs. CHH,W,105,,1990s
1996,1995–96,893,Michael Jordan,29500001,1995-11-03,CHI vs. CHH,CHH,W,39.0,42,16,29.0,3.0,7.0,7,9.0,1.0,5.0,6.0,7.0,0.0,0.0,1.0,4.0,,31.799999999999997,63.713592233009706,https://www.nba.com/stats/players/boxscores-traditional?Season=1995-96&SeasonType=Regular%20Season&TeamID=1610612741,1995-11-03,CHI vs. CHH,W,105,,1990s
1996,1995–96,70,Steve Kerr,29500001,1995-11-03,CHI vs. CHH,CHH,W,22.0,6,3,4.0,0.0,0.0,0,0.0,0.0,1.0,1.0,2.0,2.0,0.0,0.0,1.0,,7.699999999999999,75.0,https://www.nba.com/stats/players/boxscores-traditional?Season=1995-96&SeasonType=Regular%20Season&TeamID=1610612741,1995-11-03,CHI vs. CHH,W,105,,1990s
1996,1995–96,679,Jason Caffey,29500001,1995-11-03,CHI vs. CHH,CHH,W,13.0,1,0,4.0,0.0,0.0,1,2.0,2.0,0.0,2.0,0.0,0.0,1.0,1.0,2.0,,-1.9,10.245901639344263,https://www.nba.com/stats/players/boxscores-traditional?Season=1995-96&SeasonType=Regular%20Season&TeamID=1610612741,1995-11-03,CHI vs. CHH,W,105,,1990s
1996,1995–96,54,Dickey Simpkins,29500001,1995-11-03,CHI vs. CHH,CHH,W,20.0,5,2,3.0,0.0,0.0,1,3.0,3.0,3.0,6.0,3.0,1.0,0.0,0.0,3.0,,7.8,57.870370370370374,https://www.nba.com/stats/players/boxscores-traditional?Season=1995-96&SeasonType=Regular%20Season&TeamID=1610612741,1995-11-03,CHI vs. CHH,W,105,,1990s
1997,1996–97,389,Toni Kukoc,29600001,1996-11-01,CHI @ BOS,BOS,W,30.33,20,6,11.0,0.0,3.0,8,10.0,1.0,3.0,4.0,7.0,1.0,3.0,2.0,3.0,0.0,20.3,64.93506493506493,https://www.nba.com/stats/players/boxscores-traditional?Season=1996-97&SeasonType=Regular%20Season&TeamID=1610612741,1996-11-01,CHI @ BOS,W,107,9.0,1990s
1997,1996–97,937,Scottie Pippen,29600001,1996-11-01,CHI @ BOS,BOS,W,40.22666666666667,18,8,17.0,1.0,3.0,1,2.0,1.0,7.0,8.0,6.0,2.0,0.0,5.0,4.0,28.0,11.299999999999997,50.33557046979866,https://www.nba.com/stats/players/boxscores-traditional?Season=1996-97&SeasonType=Regular%20Season&TeamID=1610612741,1996-11-01,CHI @ BOS,W,107,9.0,1990s
1997,1996–97,23,Dennis Rodman,29600001,1996-11-01,CHI @ BOS,BOS,W,39.525,13,6,8.0,0.0,0.0,1,1.0,2.0,11.0,13.0,3.0,1.0,2.0,1.0,3.0,11.0,16.8,77.01421800947867,https://www.nba.com/stats/players/boxscores-traditional?Season=1996-97&SeasonType=Regular%20Season&TeamID=1610612741,1996-11-01,CHI @ BOS,W,107,9.0,1990s
1997,1996–97,893,Michael Jordan,29600001,1996-11-01,CHI @ BOS,BOS,W,43.45,30,10,22.0,0.0,5.0,10,13.0,1.0,3.0,4.0,3.0,0.0,0.0,1.0,2.0,11.0,19.3,54.112554112554115,https://www.nba.com/stats/players/boxscores-traditional?Season=1996-97&SeasonType=Regular%20Season&TeamID=1610612741,1996-11-01,CHI @ BOS,W,107,9.0,1990s
1997,1996–97,166,Ron Harper,29600001,1996-11-01,CHI @ BOS,BOS,W,24.55,7,3,4.0,0.0,1.0,1,2.0,1.0,1.0,2.0,5.0,2.0,1.0,0.0,1.0,15.0,11.799999999999999,71.72131147540983,https://www.nba.com/stats/players/boxscores-traditional?Season=1996-97&SeasonType=Regular%20Season&TeamID=1610612741,1996-11-01,CHI @ BOS,W,107,9.0,1990s
1997,1996–97,26,Luc Longley,29600001,1996-11-01,CHI @ BOS,BOS,W,11.4,4,2,3.0,0.0,0.0,0,0.0,1.0,0.0,1.0,2.0,0.0,1.0,4.0,5.0,-12.0,-0.4999999999999991,66.66666666666666,https://www.nba.com/stats/players/boxscores-traditional?Season=1996-97&SeasonType=Regular%20Season&TeamID=1610612741,1996-11-01,CHI @ BOS,W,107,9.0,1990s
1997,1996–97,305,Robert Parish,29600001,1996-11-01,CHI @ BOS,BOS,W,8.716666666666667,6,3,3.0,0.0,0.0,0,0.0,1.0,2.0,3.0,0.0,0.0,0.0,3.0,1.0,4.0,3.0,100.0,https://www.nba.com/stats/players/boxscores-traditional?Season=1996-97&SeasonType=Regular%20Season&TeamID=1610612741,1996-11-01,CHI @ BOS,W,107,9.0,1990s
1997,1996–97,82,Bill Wennington,29600001,1996-11-01,CHI @ BOS,BOS,W,10.136666666666668,4,2,3.0,0.0,0.0,0,2.0,0.0,1.0,1.0,0.0,0.0,1.0,0.0,2.0,-3.0,2.1000000000000005,51.54639175257733,https://www.nba.com/stats/players/boxscores-traditional?Season=1996-97&SeasonType=Regular%20Season&TeamID=1610612741,1996-11-01,CHI @ BOS,W,107,9.0,1990s
1997,1996–97,753,Randy Brown,29600001,1996-11-01,CHI @ BOS,BOS,W,5.378333333333333,4,2,2.0,0.0,0.0,0,0.0,0.0,0.0,0.0,0.0,1.0,0.0,2.0,1.0,-3.0,2.0,100.0,https://www.nba.com/stats/players/boxscores-traditional?Season=1996-97&SeasonType=Regular%20Season&TeamID=1610612741,1996-11-01,CHI @ BOS,W,107,9.0,1990s
1997,1996–97,70,Steve Kerr,29600001,1996-11-01,CHI @ BOS,BOS,W,20.976666666666667,0,0,0.0,0.0,0.0,0,0.0,0.0,1.0,1.0,2.0,0.0,0.0,0.0,1.0,-6.0,1.2999999999999998,0.0,https://www.nba.com/stats/players/boxscores-traditional?Season=1996-97&SeasonType=Regular%20Season&TeamID=1610612741,1996-11-01,CHI @ BOS,W,107,9.0,1990s
1997,1996–97,54,Dickey Simpkins,29600001,1996-11-01,CHI @ BOS,BOS,W,4.7,1,0,0.0,0.0,0.0,1,2.0,0.0,0.0,0.0,0.0,0.0,0.0,1.0,0.0,2.0,-0.4,56.81818181818182,https://www.nba.com/stats/players/boxscores-traditional?Season=1996-97&SeasonType=Regular%20Season&TeamID=1610612741,1996-11-01,CHI @ BOS,W,107,9.0,1990s
1997,1996–97,146,Jud Buechler,29600001,1996-11-01,CHI @ BOS,BOS,W,0.61,0,0,1.0,0.0,1.0,0,0.0,0.0,0.0,0.0,0.0,0.0,0.0,0.0,0.0,-2.0,-0.7,0.0,https://www.nba.com/stats/players/boxscores-traditional?Season=1996-97&SeasonType=Regular%20Season&TeamID=1610612741,1996-11-01,CHI @ BOS,W,107,9.0,1990s
1998,1997–98,893,Michael Jordan,29700001,1997-10-31,CHI @ BOS,BOS,L,42.038333333333334,30,7,23.0,0.0,0.0,16,21.0,1.0,5.0,6.0,4.0,2.0,1.0,3.0,2.0,-8.0,18.599999999999998,46.526054590570716,https://www.nba.com/stats/players/boxscores-traditional?Season=1997-98&SeasonType=Regular%20Season&TeamID=1610612741,1997-10-31,CHI @ BOS,L,85,-7.0,1990s
1998,1997–98,389,Toni Kukoc,29700001,1997-10-31,CHI @ BOS,BOS,L,35.776666666666664,12,6,13.0,0.0,4.0,0,0.0,3.0,1.0,4.0,2.0,3.0,1.0,3.0,4.0,-2.0,8.2,46.15384615384615,https://www.nba.com/stats/players/boxscores-traditional?Season=1997-98&SeasonType=Regular%20Season&TeamID=1610612741,1997-10-31,CHI @ BOS,L,85,-7.0,1990s
1998,1997–98,679,Jason Caffey,29700001,1997-10-31,CHI @ BOS,BOS,L,26.928333333333335,13,6,13.0,0.0,0.0,1,4.0,4.0,4.0,8.0,2.0,2.0,0.0,2.0,3.0,-7.0,9.3,44.03794037940379,https://www.nba.com/stats/players/boxscores-traditional?Season=1997-98&SeasonType=Regular%20Season&TeamID=1610612741,1997-10-31,CHI @ BOS,L,85,-7.0,1990s
1998,1997–98,166,Ron Harper,29700001,1997-10-31,CHI @ BOS,BOS,L,27.38,1,0,3.0,0.0,2.0,1,2.0,1.0,2.0,3.0,4.0,4.0,0.0,2.0,1.0,0.0,4.199999999999999,12.886597938144332,https://www.nba.com/stats/players/boxscores-traditional?Season=1997-98&SeasonType=Regular%20Season&TeamID=1610612741,1997-10-31,CHI @ BOS,L,85,-7.0,1990s
1998,1997–98,23,Dennis Rodman,29700001,1997-10-31,CHI @ BOS,BOS,L,24.751666666666665,10,5,8.0,0.0,0.0,0,0.0,3.0,6.0,9.0,0.0,0.0,0.0,2.0,1.0,6.0,7.9,62.5,https://www.nba.com/stats/players/boxscores-traditional?Season=1997-98&SeasonType=Regular%20Season&TeamID=1610612741,1997-10-31,CHI @ BOS,L,85,-7.0,1990s
1998,1997–98,26,Luc Longley,29700001,1997-10-31,CHI @ BOS,BOS,L,21.053333333333335,8,4,6.0,0.0,0.0,0,2.0,3.0,2.0,5.0,0.0,0.0,2.0,4.0,5.0,-10.0,2.6999999999999993,58.139534883720934,https://www.nba.com/stats/players/boxscores-traditional?Season=1997-98&SeasonType=Regular%20Season&TeamID=1610612741,1997-10-31,CHI @ BOS,L,85,-7.0,1990s
1998,1997–98,753,Randy Brown,29700001,1997-10-31,CHI @ BOS,BOS,L,14.413333333333334,2,1,6.0,0.0,0.0,0,0.0,0.0,1.0,1.0,1.0,1.0,1.0,1.0,1.0,-2.0,-0.49999999999999944,16.666666666666664,https://www.nba.com/stats/players/boxscores-traditional?Season=1997-98&SeasonType=Regular%20Season&TeamID=1610612741,1997-10-31,CHI @ BOS,L,85,-7.0,1990s
1998,1997–98,197,Scott Burrell,29700001,1997-10-31,CHI @ BOS,BOS,L,11.828333333333331,2,1,2.0,0.0,1.0,0,0.0,1.0,2.0,3.0,1.0,0.0,1.0,1.0,2.0,-2.0,1.9000000000000004,50.0,https://www.nba.com/stats/players/boxscores-traditional?Season=1997-98&SeasonType=Regular%20Season&TeamID=1610612741,1997-10-31,CHI @ BOS,L,85,-7.0,1990s
1998,1997–98,70,Steve Kerr,29700001,1997-10-31,CHI @ BOS,BOS,L,25.673333333333332,5,2,3.0,1.0,1.0,0,0.0,0.0,2.0,2.0,1.0,0.0,0.0,1.0,1.0,-6.0,3.5999999999999996,83.33333333333334,https://www.nba.com/stats/players/boxscores-traditional?Season=1997-98&SeasonType=Regular%20Season&TeamID=1610612741,1997-10-31,CHI @ BOS,L,85,-7.0,1990s
1998,1997–98,146,Jud Buechler,29700001,1997-10-31,CHI @ BOS,BOS,L,9.966666666666669,2,1,2.0,0.0,0.0,0,0.0,0.0,0.0,0.0,1.0,0.0,0.0,0.0,2.0,0.0,0.8999999999999999,50.0,https://www.nba.com/stats/players/boxscores-traditional?Season=1997-98&SeasonType=Regular%20Season&TeamID=1610612741,1997-10-31,CHI @ BOS,L,85,-7.0,1990s
1998,1997–98,82,Bill Wennington,29700001,1997-10-31,CHI @ BOS,BOS,L,0.095,0,0,0.0,0.0,0.0,0,0.0,0.0,0.0,0.0,0.0,0.0,0.0,0.0,0.0,-2.0,0.0,0.0,https://www.nba.com/stats/players/boxscores-traditional?Season=1997-98&SeasonType=Regular%20Season&TeamID=1610612741,1997-10-31,CHI @ BOS,L,85,-7.0,1990s
1998,1997–98,170,Joe Kleine,29700001,1997-10-31,CHI @ BOS,BOS,L,0.095,0,0,0.0,0.0,0.0,0,0.0,0.0,0.0,0.0,0.0,0.0,0.0,1.0,0.0,-2.0,-1.0,0.0,https://www.nba.com/stats/players/boxscores-traditional?Season=1997-98&SeasonType=Regular%20Season&TeamID=1610612741,1997-10-31,CHI @ BOS,L,85,-7.0,1990s
1999,1998–99,166,Ron Harper,29800009,1999-02-05,CHI @ UTA,UTA,L,41.333333333333336,18,6,18.0,3.0,4.0,3,4.0,1.0,3.0,4.0,5.0,1.0,2.0,2.0,4.0,-1.0,11.299999999999999,45.54655870445344,https://www.nba.com/stats/players/boxscores-traditional?Season=1998-99&SeasonType=Regular%20Season&TeamID=1610612741,1999-02-05,CHI @ UTA,L,96,-8.0,1990s
1999,1998–99,389,Toni Kukoc,29800009,1999-02-05,CHI @ UTA,UTA,L,35.166666666666664,32,12,23.0,1.0,2.0,7,12.0,1.0,4.0,5.0,1.0,0.0,0.0,2.0,3.0,-3.0,18.099999999999998,56.57708628005658,https://www.nba.com/stats/players/boxscores-traditional?Season=1998-99&SeasonType=Regular%20Season&TeamID=1610612741,1999-02-05,CHI @ UTA,L,96,-8.0,1990s
1999,1998–99,699,Brent Barry,29800009,1999-02-05,CHI @ UTA,UTA,L,30.121666666666663,13,5,9.0,2.0,5.0,1,2.0,2.0,3.0,5.0,4.0,2.0,0.0,2.0,6.0,9.0,10.999999999999998,65.78947368421052,https://www.nba.com/stats/players/boxscores-traditional?Season=1998-99&SeasonType=Regular%20Season&TeamID=1610612741,1999-02-05,CHI @ UTA,L,96,-8.0,1990s
1999,1998–99,1600,Kornel David,29800009,1999-02-05,CHI @ UTA,UTA,L,12.225,11,5,8.0,0.0,0.0,1,1.0,3.0,1.0,4.0,0.0,1.0,0.0,1.0,1.0,-15.0,9.4,65.16587677725119,https://www.nba.com/stats/players/boxscores-traditional?Season=1998-99&SeasonType=Regular%20Season&TeamID=1610612741,1999-02-05,CHI @ UTA,L,96,-8.0,1990s
1999,1998–99,95,Mark Bryant,29800009,1999-02-05,CHI @ UTA,UTA,L,28.133333333333333,8,3,6.0,0.0,0.0,2,2.0,2.0,2.0,4.0,0.0,0.0,1.0,1.0,5.0,7.0,4.7,58.139534883720934,https://www.nba.com/stats/players/boxscores-traditional?Season=1998-99&SeasonType=Regular%20Season&TeamID=1610612741,1999-02-05,CHI @ UTA,L,96,-8.0,1990s
1999,1998–99,753,Randy Brown,29800009,1999-02-05,CHI @ UTA,UTA,L,17.508333333333333,0,0,1.0,0.0,0.0,0,0.0,0.0,0.0,0.0,4.0,2.0,0.0,0.0,4.0,-6.0,2.4999999999999996,0.0,https://www.nba.com/stats/players/boxscores-traditional?Season=1998-99&SeasonType=Regular%20Season&TeamID=1610612741,1999-02-05,CHI @ UTA,L,96,-8.0,1990s
1999,1998–99,54,Dickey Simpkins,29800009,1999-02-05,CHI @ UTA,UTA,L,22.025,5,2,2.0,0.0,0.0,1,1.0,2.0,2.0,4.0,0.0,1.0,0.0,2.0,1.0,6.0,5.0,102.45901639344261,https://www.nba.com/stats/players/boxscores-traditional?Season=1998-99&SeasonType=Regular%20Season&TeamID=1610612741,1999-02-05,CHI @ UTA,L,96,-8.0,1990s
1999,1998–99,457,Andrew Lang,29800009,1999-02-05,CHI @ UTA,UTA,L,23.716666666666665,2,1,3.0,0.0,0.0,0,0.0,1.0,3.0,4.0,1.0,1.0,0.0,0.0,3.0,-11.0,2.4000000000000004,33.33333333333333,https://www.nba.com/stats/players/boxscores-traditional?Season=1998-99&SeasonType=Regular%20Season&TeamID=1610612741,1999-02-05,CHI @ UTA,L,96,-8.0,1990s
1999,1998–99,82,Bill Wennington,29800009,1999-02-05,CHI @ UTA,UTA,L,12.283333333333331,4,2,5.0,0.0,0.0,0,0.0,0.0,1.0,1.0,1.0,1.0,0.0,0.0,1.0,-5.0,2.9,40.0,https://www.nba.com/stats/players/boxscores-traditional?Season=1998-99&SeasonType=Regular%20Season&TeamID=1610612741,1999-02-05,CHI @ UTA,L,96,-8.0,1990s
1999,1998–99,1757,Cory Carr,29800009,1999-02-05,CHI @ UTA,UTA,L,5.948333333333333,2,1,3.0,0.0,0.0,0,0.0,0.0,0.0,0.0,1.0,1.0,0.0,0.0,4.0,-10.0,0.3999999999999999,33.33333333333333,https://www.nba.com/stats/players/boxscores-traditional?Season=1998-99&SeasonType=Regular%20Season&TeamID=1610612741,1999-02-05,CHI @ UTA,L,96,-8.0,1990s
1999,1998–99,1601,Rusty LaRue,29800009,1999-02-05,CHI @ UTA,UTA,L,4.888333333333334,0,0,2.0,0.0,2.0,0,0.0,0.0,0.0,0.0,2.0,1.0,0.0,1.0,0.0,-3.0,0.0,0.0,https://www.nba.com/stats/players/boxscores-traditional?Season=1998-99&SeasonType=Regular%20Season&TeamID=1610612741,1999-02-05,CHI @ UTA,L,96,-8.0,1990s
1999,1998–99,1522,Keith Booth,29800009,1999-02-05,CHI @ UTA,UTA,L,4.233333333333333,0,0,4.0,0.0,0.0,0,0.0,3.0,1.0,4.0,1.0,0.0,0.0,1.0,1.0,-2.0,-1.1000000000000003,0.0,https://www.nba.com/stats/players/boxscores-traditional?Season=1998-99&SeasonType=Regular%20Season&TeamID=1610612741,1999-02-05,CHI @ UTA,L,96,-8.0,1990s
1999,1998–99,712,Mario Bennett,29800009,1999-02-05,CHI @ UTA,UTA,L,2.4166666666666665,1,0,1.0,0.0,0.0,1,2.0,0.0,0.0,0.0,0.0,0.0,0.0,0.0,0.0,-6.0,-0.09999999999999998,26.595744680851062,https://www.nba.com/stats/players/boxscores-traditional?Season=1998-99&SeasonType=Regular%20Season&TeamID=1610612741,1999-02-05,CHI @ UTA,L,96,-8.0,1990s
2000,1999–00,1882,Elton Brand,29900017,1999-11-03,CHI vs. NYK,NYK,L,35.1,14,3,11.0,0.0,0.0,8,10.0,5.0,3.0,8.0,1.0,1.0,2.0,2.0,2.0,-14.0,11.399999999999999,45.45454545454545,https://www.nba.com/stats/players/boxscores-traditional?Season=1999-00&SeasonType=Regular%20Season&TeamID=1610612741,1999-11-03,CHI vs. NYK,L,74,-10.0,1990s
2000,1999–00,54,Dickey Simpkins,29900017,1999-11-03,CHI vs. NYK,NYK,L,29.663333333333338,17,5,12.0,0.0,0.0,7,10.0,4.0,2.0,6.0,1.0,0.0,1.0,0.0,2.0,-13.0,13.4,51.829268292682926,https://www.nba.com/stats/players/boxscores-traditional?Season=1999-00&SeasonType=Regular%20Season&TeamID=1610612741,1999-11-03,CHI vs. NYK,L,74,-10.0,1990s
2000,1999–00,1897,Metta World Peace,29900017,1999-11-03,CHI vs. NYK,NYK,L,16.616666666666667,14,5,11.0,2.0,3.0,2,6.0,3.0,1.0,4.0,1.0,1.0,1.0,1.0,3.0,0.0,9.3,51.31964809384164,https://www.nba.com/stats/players/boxscores-traditional?Season=1999-00&SeasonType=Regular%20Season&TeamID=1610612741,1999-11-03,CHI vs. NYK,L,74,-10.0,1990s
2000,1999–00,389,Toni Kukoc,29900017,1999-11-03,CHI vs. NYK,NYK,L,38.3,9,1,14.0,0.0,2.0,7,8.0,1.0,2.0,3.0,2.0,1.0,2.0,1.0,2.0,-10.0,2.500000000000001,25.684931506849317,https://www.nba.com/stats/players/boxscores-traditional?Season=1999-00&SeasonType=Regular%20Season&TeamID=1610612741,1999-11-03,CHI vs. NYK,L,74,-10.0,1990s
2000,1999–00,697,Fred Hoiberg,29900017,1999-11-03,CHI vs. NYK,NYK,L,28.7,11,3,7.0,1.0,4.0,4,4.0,0.0,4.0,4.0,3.0,0.0,0.0,2.0,0.0,-4.0,8.6,62.78538812785388,https://www.nba.com/stats/players/boxscores-traditional?Season=1999-00&SeasonType=Regular%20Season&TeamID=1610612741,1999-11-03,CHI vs. NYK,L,74,-10.0,1990s
2000,1999–00,781,Will Perdue,29900017,1999-11-03,CHI vs. NYK,NYK,L,11.366666666666667,2,1,3.0,0.0,0.0,0,0.0,1.0,1.0,2.0,1.0,2.0,1.0,2.0,1.0,-1.0,2.3,33.33333333333333,https://www.nba.com/stats/players/boxscores-traditional?Season=1999-00&SeasonType=Regular%20Season&TeamID=1610612741,1999-11-03,CHI vs. NYK,L,74,-10.0,1990s
2000,1999–00,765,Hersey Hawkins,29900017,1999-11-03,CHI vs. NYK,NYK,L,33.63333333333333,4,2,4.0,0.0,2.0,0,0.0,2.0,0.0,2.0,2.0,0.0,0.0,2.0,3.0,-9.0,1.5999999999999996,50.0,https://www.nba.com/stats/players/boxscores-traditional?Season=1999-00&SeasonType=Regular%20Season&TeamID=1610612741,1999-11-03,CHI vs. NYK,L,74,-10.0,1990s
2000,1999–00,753,Randy Brown,29900017,1999-11-03,CHI vs. NYK,NYK,L,35.63333333333333,2,1,5.0,0.0,0.0,0,0.0,0.0,2.0,2.0,3.0,0.0,0.0,0.0,1.0,-5.0,1.1999999999999997,20.0,https://www.nba.com/stats/players/boxscores-traditional?Season=1999-00&SeasonType=Regular%20Season&TeamID=1610612741,1999-11-03,CHI vs. NYK,L,74,-10.0,1990s
2000,1999–00,1913,Michael Ruffin,29900017,1999-11-03,CHI vs. NYK,NYK,L,6.9,0,0,1.0,0.0,0.0,0,0.0,0.0,1.0,1.0,2.0,0.0,0.0,0.0,2.0,-2.0,0.19999999999999996,0.0,https://www.nba.com/stats/players/boxscores-traditional?Season=1999-00&SeasonType=Regular%20Season&TeamID=1610612741,1999-11-03,CHI vs. NYK,L,74,-10.0,1990s
2000,1999–00,1600,Kornel David,29900017,1999-11-03,CHI vs. NYK,NYK,L,4.086666666666667,1,0,1.0,0.0,0.0,1,2.0,0.0,0.0,0.0,0.0,0.0,1.0,0.0,0.0,8.0,0.6,26.595744680851062,https://www.nba.com/stats/players/boxscores-traditional?Season=1999-00&SeasonType=Regular%20Season&TeamID=1610612741,1999-11-03,CHI vs. NYK,L,74,-10.0,1990s
2001,2000–01,1882,Elton Brand,20000006,2000-10-31,CHI vs. SAC,SAC,L,41.31666666666667,16,4,14.0,0.0,0.0,8,9.0,3.0,3.0,6.0,4.0,2.0,1.0,2.0,1.0,-19.0,13.500000000000002,44.54342984409799,https://www.nba.com/stats/players/boxscores-traditional?Season=2000-01&SeasonType=Regular%20Season&TeamID=1610612741,2000-10-31,CHI vs. SAC,L,81,-19.0,2000s
2001,2000–01,697,Fred Hoiberg,20000006,2000-10-31,CHI vs. SAC,SAC,L,28.533333333333335,10,2,4.0,2.0,3.0,4,4.0,0.0,5.0,5.0,1.0,3.0,0.0,2.0,1.0,-17.0,10.799999999999999,86.80555555555556,https://www.nba.com/stats/players/boxscores-traditional?Season=2000-01&SeasonType=Regular%20Season&TeamID=1610612741,2000-10-31,CHI vs. SAC,L,81,-19.0,2000s
2001,2000–01,1500,Ron Mercer,20000006,2000-10-31,CHI vs. SAC,SAC,L,38.7,19,6,15.0,0.0,0.0,7,8.0,0.0,0.0,0.0,2.0,0.0,1.0,3.0,3.0,-21.0,8.399999999999999,51.295896328293736,https://www.nba.com/stats/players/boxscores-traditional?Season=2000-01&SeasonType=Regular%20Season&TeamID=1610612741,2000-10-31,CHI vs. SAC,L,81,-19.0,2000s
2001,2000–01,2033,Marcus Fizer,20000006,2000-10-31,CHI vs. SAC,SAC,L,24.25,16,7,13.0,2.0,2.0,0,0.0,2.0,2.0,4.0,0.0,1.0,0.0,2.0,2.0,-9.0,9.9,61.53846153846154,https://www.nba.com/stats/players/boxscores-traditional?Season=2000-01&SeasonType=Regular%20Season&TeamID=1610612741,2000-10-31,CHI vs. SAC,L,81,-19.0,2000s
2001,2000–01,2064,Khalid El-Amin,20000006,2000-10-31,CHI vs. SAC,SAC,L,27.405,11,4,7.0,1.0,1.0,2,4.0,0.0,1.0,1.0,3.0,1.0,0.0,3.0,1.0,-12.0,6.899999999999999,62.78538812785388,https://www.nba.com/stats/players/boxscores-traditional?Season=2000-01&SeasonType=Regular%20Season&TeamID=1610612741,2000-10-31,CHI vs. SAC,L,81,-19.0,2000s
2001,2000–01,1897,Metta World Peace,20000006,2000-10-31,CHI vs. SAC,SAC,L,28.766666666666666,6,2,8.0,0.0,0.0,2,4.0,0.0,4.0,4.0,3.0,0.0,1.0,4.0,3.0,0.0,-0.8000000000000007,30.737704918032787,https://www.nba.com/stats/players/boxscores-traditional?Season=2000-01&SeasonType=Regular%20Season&TeamID=1610612741,2000-10-31,CHI vs. SAC,L,81,-19.0,2000s
2001,2000–01,1913,Michael Ruffin,20000006,2000-10-31,CHI vs. SAC,SAC,L,20.166666666666668,0,0,0.0,0.0,0.0,0,0.0,2.0,4.0,6.0,1.0,0.0,0.0,1.0,4.0,-6.0,0.6999999999999997,0.0,https://www.nba.com/stats/players/boxscores-traditional?Season=2000-01&SeasonType=Regular%20Season&TeamID=1610612741,2000-10-31,CHI vs. SAC,L,81,-19.0,2000s
2001,2000–01,2037,Jamal Crawford,20000006,2000-10-31,CHI vs. SAC,SAC,L,4.016666666666667,3,1,2.0,1.0,1.0,0,0.0,0.0,0.0,0.0,1.0,1.0,0.0,0.0,1.0,-6.0,3.3000000000000003,75.0,https://www.nba.com/stats/players/boxscores-traditional?Season=2000-01&SeasonType=Regular%20Season&TeamID=1610612741,2000-10-31,CHI vs. SAC,L,81,-19.0,2000s
2001,2000–01,1802,Brad Miller,20000006,2000-10-31,CHI vs. SAC,SAC,L,10.266666666666667,0,0,2.0,0.0,0.0,0,0.0,0.0,3.0,3.0,1.0,0.0,1.0,2.0,2.0,-4.0,-1.9000000000000001,0.0,https://www.nba.com/stats/players/boxscores-traditional?Season=2000-01&SeasonType=Regular%20Season&TeamID=1610612741,2000-10-31,CHI vs. SAC,L,81,-19.0,2000s
2001,2000–01,1724,Bryce Drew,20000006,2000-10-31,CHI vs. SAC,SAC,L,13.028333333333334,0,0,1.0,0.0,0.0,0,0.0,0.0,0.0,0.0,3.0,0.0,0.0,0.0,2.0,0.0,0.5999999999999996,0.0,https://www.nba.com/stats/players/boxscores-traditional?Season=2000-01&SeasonType=Regular%20Season&TeamID=1610612741,2000-10-31,CHI vs. SAC,L,81,-19.0,2000s
2001,2000–01,2062,A.J. Guyton,20000006,2000-10-31,CHI vs. SAC,SAC,L,3.55,0,0,1.0,0.0,1.0,0,0.0,0.0,0.0,0.0,0.0,0.0,0.0,0.0,0.0,-1.0,-0.7,0.0,https://www.nba.com/stats/players/boxscores-traditional?Season=2000-01&SeasonType=Regular%20Season&TeamID=1610612741,2000-10-31,CHI vs. SAC,L,81,-19.0,2000s
2002,2001–02,1500,Ron Mercer,20100016,2001-10-31,CHI vs. IND,IND,L,41.38333333333333,22,10,20.0,0.0,1.0,2,2.0,0.0,5.0,5.0,5.0,1.0,2.0,4.0,2.0,-18.0,14.599999999999998,52.68199233716475,https://www.nba.com/stats/players/boxscores-traditional?Season=2001-02&SeasonType=Regular%20Season&TeamID=1610612741,2001-10-31,CHI vs. IND,L,73,-27.0,2000s
2002,2001–02,1802,Brad Miller,20100016,2001-10-31,CHI vs. IND,IND,L,36.33833333333333,24,7,10.0,0.0,0.0,10,14.0,5.0,4.0,9.0,1.0,1.0,1.0,1.0,2.0,-9.0,23.499999999999996,74.25742574257426,https://www.nba.com/stats/players/boxscores-traditional?Season=2001-02&SeasonType=Regular%20Season&TeamID=1610612741,2001-10-31,CHI vs. IND,L,73,-27.0,2000s
2002,2001–02,891,Charles Oakley,20100016,2001-10-31,CHI vs. IND,IND,L,30.033333333333335,2,1,6.0,0.0,0.0,0,0.0,2.0,10.0,12.0,3.0,1.0,0.0,2.0,3.0,-7.0,2.5,16.666666666666664,https://www.nba.com/stats/players/boxscores-traditional?Season=2001-02&SeasonType=Regular%20Season&TeamID=1610612741,2001-10-31,CHI vs. IND,L,73,-27.0,2000s
2002,2001–02,21,Greg Anthony,20100016,2001-10-31,CHI vs. IND,IND,L,29.4,7,3,12.0,0.0,3.0,1,2.0,0.0,1.0,1.0,5.0,0.0,0.0,2.0,3.0,-10.0,4.440892098500626e-16,27.173913043478258,https://www.nba.com/stats/players/boxscores-traditional?Season=2001-02&SeasonType=Regular%20Season&TeamID=1610612741,2001-10-31,CHI vs. IND,L,73,-27.0,2000s
2002,2001–02,2033,Marcus Fizer,20100016,2001-10-31,CHI vs. IND,IND,L,17.483333333333334,9,4,11.0,0.0,0.0,1,3.0,3.0,3.0,6.0,0.0,0.0,0.0,2.0,4.0,-12.0,1.4999999999999996,36.52597402597402,https://www.nba.com/stats/players/boxscores-traditional?Season=2001-02&SeasonType=Regular%20Season&TeamID=1610612741,2001-10-31,CHI vs. IND,L,73,-27.0,2000s
2002,2001–02,2201,Eddy Curry,20100016,2001-10-31,CHI vs. IND,IND,L,11.661666666666669,2,1,6.0,0.0,0.0,0,2.0,2.0,1.0,3.0,2.0,0.0,0.0,0.0,3.0,-16.0,-0.7,14.534883720930234,https://www.nba.com/stats/players/boxscores-traditional?Season=2001-02&SeasonType=Regular%20Season&TeamID=1610612741,2001-10-31,CHI vs. IND,L,73,-27.0,2000s
2002,2001–02,697,Fred Hoiberg,20100016,2001-10-31,CHI vs. IND,IND,L,33.1,2,0,5.0,0.0,1.0,2,2.0,0.0,3.0,3.0,1.0,0.0,0.0,0.0,1.0,-5.0,-0.30000000000000016,17.006802721088434,https://www.nba.com/stats/players/boxscores-traditional?Season=2001-02&SeasonType=Regular%20Season&TeamID=1610612741,2001-10-31,CHI vs. IND,L,73,-27.0,2000s
2002,2001–02,1563,Kevin Ollie,20100016,2001-10-31,CHI vs. IND,IND,L,18.533333333333335,4,2,3.0,0.0,0.0,0,0.0,1.0,0.0,1.0,1.0,0.0,0.0,1.0,1.0,-15.0,2.7000000000000006,66.66666666666666,https://www.nba.com/stats/players/boxscores-traditional?Season=2001-02&SeasonType=Regular%20Season&TeamID=1610612741,2001-10-31,CHI vs. IND,L,73,-27.0,2000s
2002,2001–02,2062,A.J. Guyton,20100016,2001-10-31,CHI vs. IND,IND,L,6.7283333333333335,0,0,2.0,0.0,1.0,0,0.0,0.0,1.0,1.0,1.0,0.0,0.0,0.0,0.0,-12.0,-0.3999999999999999,0.0,https://www.nba.com/stats/players/boxscores-traditional?Season=2001-02&SeasonType=Regular%20Season&TeamID=1610612741,2001-10-31,CHI vs. IND,L,73,-27.0,2000s
2002,2001–02,2239,Trenton Hassell,20100016,2001-10-31,CHI vs. IND,IND,L,9.005,0,0,2.0,0.0,1.0,0,0.0,0.0,1.0,1.0,0.0,0.0,0.0,0.0,1.0,-12.0,-1.5,0.0,https://www.nba.com/stats/players/boxscores-traditional?Season=2001-02&SeasonType=Regular%20Season&TeamID=1610612741,2001-10-31,CHI vs. IND,L,73,-27.0,2000s
2002,2001–02,2199,Tyson Chandler,20100016,2001-10-31,CHI vs. IND,IND,L,6.333333333333333,1,0,2.0,0.0,0.0,1,2.0,0.0,0.0,0.0,0.0,0.0,0.0,1.0,0.0,-9.0,-1.7999999999999998,17.36111111111111,https://www.nba.com/stats/players/boxscores-traditional?Season=2001-02&SeasonType=Regular%20Season&TeamID=1610612741,2001-10-31,CHI vs. IND,L,73,-27.0,2000s
2003,2002–03,147,Jalen Rose,20200004,2002-10-30,CHI @ BOS,BOS,W,35.75,21,7,18.0,3.0,6.0,4,5.0,0.0,4.0,4.0,12.0,0.0,1.0,3.0,3.0,12.0,16.9,51.98019801980198,https://www.nba.com/stats/players/boxscores-traditional?Season=2002-03&SeasonType=Regular%20Season&TeamID=1610612741,2002-10-30,CHI @ BOS,W,99,3.0,2000s
2003,2002–03,2398,Jay Williams,20200004,2002-10-30,CHI @ BOS,BOS,W,33.13333333333333,13,6,9.0,1.0,2.0,0,5.0,0.0,7.0,7.0,7.0,1.0,0.0,2.0,1.0,1.0,12.700000000000001,58.03571428571429,https://www.nba.com/stats/players/boxscores-traditional?Season=2002-03&SeasonType=Regular%20Season&TeamID=1610612741,2002-10-30,CHI @ BOS,W,99,3.0,2000s
2003,2002–03,923,Donyell Marshall,20200004,2002-10-30,CHI @ BOS,BOS,W,33.53333333333333,16,8,14.0,0.0,0.0,0,0.0,1.0,8.0,9.0,1.0,2.0,0.0,2.0,5.0,12.0,11.2,57.14285714285714,https://www.nba.com/stats/players/boxscores-traditional?Season=2002-03&SeasonType=Regular%20Season&TeamID=1610612741,2002-10-30,CHI @ BOS,W,99,3.0,2000s
2003,2002–03,2239,Trenton Hassell,20200004,2002-10-30,CHI @ BOS,BOS,W,30.283333333333335,14,6,10.0,2.0,4.0,0,0.0,1.0,4.0,5.0,2.0,0.0,2.0,1.0,4.0,5.0,11.499999999999998,70.0,https://www.nba.com/stats/players/boxscores-traditional?Season=2002-03&SeasonType=Regular%20Season&TeamID=1610612741,2002-10-30,CHI @ BOS,W,99,3.0,2000s
2003,2002–03,2199,Tyson Chandler,20200004,2002-10-30,CHI @ BOS,BOS,W,17.433333333333334,13,5,7.0,0.0,0.0,3,7.0,2.0,1.0,3.0,1.0,0.0,1.0,4.0,0.0,-7.0,7.600000000000001,64.48412698412699,https://www.nba.com/stats/players/boxscores-traditional?Season=2002-03&SeasonType=Regular%20Season&TeamID=1610612741,2002-10-30,CHI @ BOS,W,99,3.0,2000s
2003,2002–03,1944,Eddie Robinson,20200004,2002-10-30,CHI @ BOS,BOS,W,17.716666666666665,10,4,8.0,0.0,0.0,2,2.0,4.0,2.0,6.0,0.0,1.0,0.0,1.0,3.0,-2.0,8.2,56.3063063063063,https://www.nba.com/stats/players/boxscores-traditional?Season=2002-03&SeasonType=Regular%20Season&TeamID=1610612741,2002-10-30,CHI @ BOS,W,99,3.0,2000s
2003,2002–03,2033,Marcus Fizer,20200004,2002-10-30,CHI @ BOS,BOS,W,9.7,2,0,2.0,0.0,0.0,2,2.0,1.0,3.0,4.0,1.0,1.0,1.0,0.0,0.0,-5.0,4.6000000000000005,34.72222222222222,https://www.nba.com/stats/players/boxscores-traditional?Season=2002-03&SeasonType=Regular%20Season&TeamID=1610612741,2002-10-30,CHI @ BOS,W,99,3.0,2000s
2003,2002–03,916,Corie Blount,20200004,2002-10-30,CHI @ BOS,BOS,W,16.936666666666667,2,1,1.0,0.0,0.0,0,0.0,2.0,3.0,5.0,1.0,1.0,0.0,0.0,3.0,12.0,4.5,100.0,https://www.nba.com/stats/players/boxscores-traditional?Season=2002-03&SeasonType=Regular%20Season&TeamID=1610612741,2002-10-30,CHI @ BOS,W,99,3.0,2000s
2003,2002–03,2037,Jamal Crawford,20200004,2002-10-30,CHI @ BOS,BOS,W,14.866666666666667,0,0,4.0,0.0,4.0,0,0.0,0.0,3.0,3.0,3.0,0.0,0.0,3.0,0.0,2.0,-2.8000000000000003,0.0,https://www.nba.com/stats/players/boxscores-traditional?Season=2002-03&SeasonType=Regular%20Season&TeamID=1610612741,2002-10-30,CHI @ BOS,W,99,3.0,2000s
2003,2002–03,697,Fred Hoiberg,20200004,2002-10-30,CHI @ BOS,BOS,W,12.363333333333332,4,0,2.0,0.0,0.0,4,4.0,1.0,0.0,1.0,1.0,0.0,0.0,1.0,0.0,-9.0,3.0,53.191489361702125,https://www.nba.com/stats/players/boxscores-traditional?Season=2002-03&SeasonType=Regular%20Season&TeamID=1610612741,2002-10-30,CHI @ BOS,W,99,3.0,2000s
2003,2002–03,2201,Eddy Curry,20200004,2002-10-30,CHI @ BOS,BOS,W,18.283333333333335,4,2,3.0,0.0,0.0,0,0.0,0.0,0.0,0.0,0.0,0.0,0.0,0.0,0.0,-6.0,2.7,66.66666666666666,https://www.nba.com/stats/players/boxscores-traditional?Season=2002-03&SeasonType=Regular%20Season&TeamID=1610612741,2002-10-30,CHI @ BOS,W,99,3.0,2000s
2004,2003–04,147,Jalen Rose,20300010,2003-10-29,CHI vs. WAS,WAS,L,32.43333333333333,15,5,13.0,0.0,1.0,5,8.0,1.0,3.0,4.0,2.0,2.0,0.0,1.0,3.0,-19.0,9.5,45.39951573849879,https://www.nba.com/stats/players/boxscores-traditional?Season=2003-04&SeasonType=Regular%20Season&TeamID=1610612741,2003-10-29,CHI vs. WAS,L,74,-25.0,2000s
2004,2003–04,2037,Jamal Crawford,20300010,2003-10-29,CHI vs. WAS,WAS,L,37.53333333333333,12,5,18.0,2.0,4.0,0,0.0,2.0,1.0,3.0,4.0,2.0,0.0,2.0,2.0,-20.0,5.1,33.33333333333333,https://www.nba.com/stats/players/boxscores-traditional?Season=2003-04&SeasonType=Regular%20Season&TeamID=1610612741,2003-10-29,CHI vs. WAS,L,74,-25.0,2000s
2004,2003–04,937,Scottie Pippen,20300010,2003-10-29,CHI vs. WAS,WAS,L,30.6,7,3,7.0,1.0,3.0,0,1.0,2.0,5.0,7.0,2.0,1.0,2.0,3.0,2.0,-19.0,5.799999999999999,47.04301075268817,https://www.nba.com/stats/players/boxscores-traditional?Season=2003-04&SeasonType=Regular%20Season&TeamID=1610612741,2003-10-29,CHI vs. WAS,L,74,-25.0,2000s
2004,2003–04,2201,Eddy Curry,20300010,2003-10-29,CHI vs. WAS,WAS,L,33.15,9,3,10.0,0.0,0.0,3,6.0,2.0,4.0,6.0,1.0,1.0,2.0,2.0,6.0,-22.0,3.299999999999999,35.60126582278481,https://www.nba.com/stats/players/boxscores-traditional?Season=2003-04&SeasonType=Regular%20Season&TeamID=1610612741,2003-10-29,CHI vs. WAS,L,74,-25.0,2000s
2004,2003–04,2033,Marcus Fizer,20300010,2003-10-29,CHI vs. WAS,WAS,L,18.885,9,3,7.0,0.0,0.0,3,4.0,2.0,3.0,5.0,0.0,2.0,1.0,2.0,1.0,-13.0,7.499999999999998,51.369863013698634,https://www.nba.com/stats/players/boxscores-traditional?Season=2003-04&SeasonType=Regular%20Season&TeamID=1610612741,2003-10-29,CHI vs. WAS,L,74,-25.0,2000s
2004,2003–04,2437,Lonny Baxter,20300010,2003-10-29,CHI vs. WAS,WAS,L,18.881666666666668,6,1,1.0,0.0,0.0,4,6.0,2.0,5.0,7.0,1.0,0.0,2.0,2.0,6.0,1.0,5.5,82.41758241758241,https://www.nba.com/stats/players/boxscores-traditional?Season=2003-04&SeasonType=Regular%20Season&TeamID=1610612741,2003-10-29,CHI vs. WAS,L,74,-25.0,2000s
2004,2003–04,923,Donyell Marshall,20300010,2003-10-29,CHI vs. WAS,WAS,L,16.066666666666666,4,2,8.0,0.0,2.0,0,0.0,4.0,2.0,6.0,2.0,1.0,0.0,2.0,1.0,-6.0,2.5999999999999996,25.0,https://www.nba.com/stats/players/boxscores-traditional?Season=2003-04&SeasonType=Regular%20Season&TeamID=1610612741,2003-10-29,CHI vs. WAS,L,74,-25.0,2000s
2004,2003–04,383,Kendall Gill,20300010,2003-10-29,CHI vs. WAS,WAS,L,16.15,10,3,10.0,0.0,0.0,4,4.0,3.0,3.0,6.0,0.0,0.0,0.0,2.0,0.0,-8.0,5.199999999999999,42.51700680272109,https://www.nba.com/stats/players/boxscores-traditional?Season=2003-04&SeasonType=Regular%20Season&TeamID=1610612741,2003-10-29,CHI vs. WAS,L,74,-25.0,2000s
2004,2003–04,1944,Eddie Robinson,20300010,2003-10-29,CHI vs. WAS,WAS,L,16.816666666666666,2,1,3.0,0.0,0.0,0,0.0,0.0,1.0,1.0,3.0,0.0,0.0,1.0,0.0,-4.0,1.7000000000000002,33.33333333333333,https://www.nba.com/stats/players/boxscores-traditional?Season=2003-04&SeasonType=Regular%20Season&TeamID=1610612741,2003-10-29,CHI vs. WAS,L,74,-25.0,2000s
2004,2003–04,916,Corie Blount,20300010,2003-10-29,CHI vs. WAS,WAS,L,9.016666666666667,0,0,1.0,0.0,1.0,0,2.0,0.0,2.0,2.0,0.0,0.0,1.0,1.0,0.0,-10.0,-1.2000000000000002,0.0,https://www.nba.com/stats/players/boxscores-traditional?Season=2003-04&SeasonType=Regular%20Season&TeamID=1610612741,2003-10-29,CHI vs. WAS,L,74,-25.0,2000s
2004,2003–04,2427,Roger Mason Jr.,20300010,2003-10-29,CHI vs. WAS,WAS,L,10.466666666666669,0,0,4.0,0.0,2.0,0,0.0,0.0,0.0,0.0,1.0,0.0,0.0,0.0,2.0,-5.0,-2.8999999999999995,0.0,https://www.nba.com/stats/players/boxscores-traditional?Season=2003-04&SeasonType=Regular%20Season&TeamID=1610612741,2003-10-29,CHI vs. WAS,L,74,-25.0,2000s
2005,2004–05,2550,Kirk Hinrich,20400025,2004-11-05,CHI vs. NJN,NJN,L,54.455,34,12,30.0,5.0,13.0,5,7.0,2.0,2.0,4.0,8.0,3.0,1.0,4.0,6.0,-4.0,21.89999999999999,51.39056831922613,https://www.nba.com/stats/players/boxscores-traditional?Season=2004-05&SeasonType=Regular%20Season&TeamID=1610612741,2004-11-05,CHI vs. NJN,L,106,-5.0,2000s
2005,2004–05,2804,Andres Nocioni,20400025,2004-11-05,CHI vs. NJN,NJN,L,41.98833333333334,17,5,19.0,2.0,6.0,5,10.0,4.0,10.0,14.0,1.0,2.0,1.0,5.0,6.0,-20.0,5.499999999999998,36.32478632478633,https://www.nba.com/stats/players/boxscores-traditional?Season=2004-05&SeasonType=Regular%20Season&TeamID=1610612741,2004-11-05,CHI vs. NJN,L,106,-5.0,2000s
2005,2004–05,2736,Luol Deng,20400025,2004-11-05,CHI vs. NJN,NJN,L,38.71666666666667,18,8,21.0,1.0,5.0,1,2.0,6.0,4.0,10.0,3.0,0.0,1.0,1.0,3.0,12.0,12.099999999999998,41.13345521023766,https://www.nba.com/stats/players/boxscores-traditional?Season=2004-05&SeasonType=Regular%20Season&TeamID=1610612741,2004-11-05,CHI vs. NJN,L,106,-5.0,2000s
2005,2004–05,2768,Chris Duhon,20400025,2004-11-05,CHI vs. NJN,NJN,L,38.31666666666667,6,2,5.0,2.0,4.0,0,0.0,0.0,3.0,3.0,8.0,1.0,0.0,1.0,3.0,15.0,8.599999999999998,60.0,https://www.nba.com/stats/players/boxscores-traditional?Season=2004-05&SeasonType=Regular%20Season&TeamID=1610612741,2004-11-05,CHI vs. NJN,L,106,-5.0,2000s
2005,2004–05,970,Othella Harrington,20400025,2004-11-05,CHI vs. NJN,NJN,L,41.61833333333333,19,9,15.0,0.0,0.0,1,1.0,4.0,3.0,7.0,0.0,0.0,0.0,2.0,5.0,12.0,11.800000000000002,61.52849740932642,https://www.nba.com/stats/players/boxscores-traditional?Season=2004-05&SeasonType=Regular%20Season&TeamID=1610612741,2004-11-05,CHI vs. NJN,L,106,-5.0,2000s
2005,2004–05,2199,Tyson Chandler,20400025,2004-11-05,CHI vs. NJN,NJN,L,24.8,3,1,4.0,0.0,0.0,1,2.0,1.0,3.0,4.0,0.0,2.0,0.0,3.0,5.0,-22.0,-1.2000000000000002,30.737704918032787,https://www.nba.com/stats/players/boxscores-traditional?Season=2004-05&SeasonType=Regular%20Season&TeamID=1610612741,2004-11-05,CHI vs. NJN,L,106,-5.0,2000s
2005,2004–05,1559,Adrian Griffin,20400025,2004-11-05,CHI vs. NJN,NJN,L,20.41,6,2,3.0,2.0,3.0,0,0.0,1.0,0.0,1.0,1.0,0.0,1.0,1.0,2.0,23.0,5.000000000000001,100.0,https://www.nba.com/stats/players/boxscores-traditional?Season=2004-05&SeasonType=Regular%20Season&TeamID=1610612741,2004-11-05,CHI vs. NJN,L,106,-5.0,2000s
2005,2004–05,2732,Ben Gordon,20400025,2004-11-05,CHI vs. NJN,NJN,L,16.411666666666665,3,0,6.0,0.0,1.0,3,3.0,0.0,0.0,0.0,0.0,0.0,0.0,1.0,1.0,-2.0,-2.599999999999999,20.491803278688526,https://www.nba.com/stats/players/boxscores-traditional?Season=2004-05&SeasonType=Regular%20Season&TeamID=1610612741,2004-11-05,CHI vs. NJN,L,106,-5.0,2000s
2005,2004–05,2876,Jared Reiner,20400025,2004-11-05,CHI vs. NJN,NJN,L,8.516666666666667,0,0,0.0,0.0,0.0,0,2.0,1.0,1.0,2.0,0.0,0.0,0.0,1.0,2.0,-24.0,-1.6,0.0,https://www.nba.com/stats/players/boxscores-traditional?Season=2004-05&SeasonType=Regular%20Season&TeamID=1610612741,2004-11-05,CHI vs. NJN,L,106,-5.0,2000s
2005,2004–05,15,Eric Piatkowski,20400025,2004-11-05,CHI vs. NJN,NJN,L,4.766666666666667,0,0,2.0,0.0,2.0,0,0.0,1.0,0.0,1.0,0.0,0.0,0.0,0.0,1.0,-15.0,-1.1,0.0,https://www.nba.com/stats/players/boxscores-traditional?Season=2004-05&SeasonType=Regular%20Season&TeamID=1610612741,2004-11-05,CHI vs. NJN,L,106,-5.0,2000s
2006,2005–06,2768,Chris Duhon,20500012,2005-11-02,CHI vs. CHA,CHA,W,38.516666666666666,18,5,9.0,2.0,3.0,6,8.0,0.0,10.0,10.0,12.0,2.0,0.0,2.0,5.0,8.0,22.299999999999997,71.8849840255591,https://www.nba.com/stats/players/boxscores-traditional?Season=2005-06&SeasonType=Regular%20Season&TeamID=1610612741,2005-11-02,CHI vs. CHA,W,109,4.0,2000s
2006,2005–06,2443,Darius Songaila,20500012,2005-11-02,CHI vs. CHA,CHA,W,23.2,11,3,8.0,1.0,1.0,4,4.0,2.0,3.0,5.0,5.0,2.0,0.0,2.0,2.0,3.0,11.6,56.35245901639344,https://www.nba.com/stats/players/boxscores-traditional?Season=2005-06&SeasonType=Regular%20Season&TeamID=1610612741,2005-11-02,CHI vs. CHA,W,109,4.0,2000s
2006,2005–06,2199,Tyson Chandler,20500012,2005-11-02,CHI vs. CHA,CHA,W,33.6,11,5,7.0,0.0,0.0,1,3.0,4.0,7.0,11.0,1.0,0.0,2.0,2.0,4.0,17.0,10.700000000000001,66.10576923076923,https://www.nba.com/stats/players/boxscores-traditional?Season=2005-06&SeasonType=Regular%20Season&TeamID=1610612741,2005-11-02,CHI vs. CHA,W,109,4.0,2000s
2006,2005–06,2732,Ben Gordon,20500012,2005-11-02,CHI vs. CHA,CHA,W,39.733333333333334,14,4,18.0,2.0,6.0,4,6.0,0.0,3.0,3.0,3.0,2.0,0.0,2.0,2.0,16.0,4.3999999999999995,33.91472868217054,https://www.nba.com/stats/players/boxscores-traditional?Season=2005-06&SeasonType=Regular%20Season&TeamID=1610612741,2005-11-02,CHI vs. CHA,W,109,4.0,2000s
2006,2005–06,2552,Michael Sweetney,20500012,2005-11-02,CHI vs. CHA,CHA,W,17.816666666666666,10,5,11.0,0.0,0.0,0,2.0,2.0,2.0,4.0,1.0,1.0,2.0,1.0,4.0,-5.0,6.0,42.08754208754208,https://www.nba.com/stats/players/boxscores-traditional?Season=2005-06&SeasonType=Regular%20Season&TeamID=1610612741,2005-11-02,CHI vs. CHA,W,109,4.0,2000s
2006,2005–06,2550,Kirk Hinrich,20500012,2005-11-02,CHI vs. CHA,CHA,W,27.75,9,4,6.0,0.0,1.0,1,1.0,1.0,1.0,2.0,4.0,0.0,1.0,4.0,2.0,-16.0,6.099999999999998,69.87577639751552,https://www.nba.com/stats/players/boxscores-traditional?Season=2005-06&SeasonType=Regular%20Season&TeamID=1610612741,2005-11-02,CHI vs. CHA,W,109,4.0,2000s
2006,2005–06,2736,Luol Deng,20500012,2005-11-02,CHI vs. CHA,CHA,W,17.45,10,3,8.0,0.0,1.0,4,4.0,3.0,1.0,4.0,1.0,0.0,0.0,1.0,1.0,-5.0,7.299999999999999,51.229508196721305,https://www.nba.com/stats/players/boxscores-traditional?Season=2005-06&SeasonType=Regular%20Season&TeamID=1610612741,2005-11-02,CHI vs. CHA,W,109,4.0,2000s
2006,2005–06,15,Eric Piatkowski,20500012,2005-11-02,CHI vs. CHA,CHA,W,17.0,11,4,6.0,3.0,5.0,0,0.0,0.0,1.0,1.0,0.0,1.0,0.0,0.0,0.0,25.0,9.700000000000001,91.66666666666666,https://www.nba.com/stats/players/boxscores-traditional?Season=2005-06&SeasonType=Regular%20Season&TeamID=1610612741,2005-11-02,CHI vs. CHA,W,109,4.0,2000s
2006,2005–06,1501,Tim Thomas,20500012,2005-11-02,CHI vs. CHA,CHA,W,16.416666666666668,6,3,8.0,0.0,3.0,0,0.0,0.0,1.0,1.0,2.0,0.0,1.0,1.0,0.0,2.0,3.000000000000001,37.5,https://www.nba.com/stats/players/boxscores-traditional?Season=2005-06&SeasonType=Regular%20Season&TeamID=1610612741,2005-11-02,CHI vs. CHA,W,109,4.0,2000s
2006,2005–06,970,Othella Harrington,20500012,2005-11-02,CHI vs. CHA,CHA,W,16.65,4,2,4.0,0.0,0.0,0,1.0,1.0,1.0,2.0,1.0,0.0,0.0,2.0,2.0,-5.0,0.5,45.04504504504504,https://www.nba.com/stats/players/boxscores-traditional?Season=2005-06&SeasonType=Regular%20Season&TeamID=1610612741,2005-11-02,CHI vs. CHA,W,109,4.0,2000s
2006,2005–06,2804,Andres Nocioni,20500012,2005-11-02,CHI vs. CHA,CHA,W,14.2,5,1,5.0,0.0,1.0,3,4.0,0.0,0.0,0.0,0.0,0.0,0.0,1.0,3.0,-19.0,-0.6999999999999997,36.98224852071006,https://www.nba.com/stats/players/boxscores-traditional?Season=2005-06&SeasonType=Regular%20Season&TeamID=1610612741,2005-11-02,CHI vs. CHA,W,109,4.0,2000s
2006,2005–06,2124,Malik Allen,20500012,2005-11-02,CHI vs. CHA,CHA,W,2.6666666666666665,0,0,1.0,0.0,0.0,0,0.0,0.0,0.0,0.0,0.0,0.0,0.0,0.0,0.0,-1.0,-0.7,0.0,https://www.nba.com/stats/players/boxscores-traditional?Season=2005-06&SeasonType=Regular%20Season&TeamID=1610612741,2005-11-02,CHI vs. CHA,W,109,4.0,2000s
2007,2006–07,2550,Kirk Hinrich,20600001,2006-10-31,CHI @ MIA,MIA,W,34.63333333333333,26,10,18.0,3.0,5.0,3,4.0,0.0,4.0,4.0,3.0,2.0,0.0,0.0,2.0,23.0,21.499999999999996,65.78947368421052,https://www.nba.com/stats/players/boxscores-traditional?Season=2006-07&SeasonType=Regular%20Season&TeamID=1610612741,2006-10-31,CHI @ MIA,W,108,42.0,2000s
2007,2006–07,2768,Chris Duhon,20600001,2006-10-31,CHI @ MIA,MIA,W,16.673333333333332,20,7,8.0,3.0,3.0,3,3.0,0.0,2.0,2.0,3.0,0.0,0.0,1.0,0.0,18.0,18.900000000000006,107.29613733905579,https://www.nba.com/stats/players/boxscores-traditional?Season=2006-07&SeasonType=Regular%20Season&TeamID=1610612741,2006-10-31,CHI @ MIA,W,108,42.0,2000s
2007,2006–07,2804,Andres Nocioni,20600001,2006-10-31,CHI @ MIA,MIA,W,28.89666666666667,9,4,8.0,1.0,3.0,0,0.0,1.0,10.0,11.0,2.0,0.0,0.0,2.0,2.0,28.0,7.299999999999999,56.25,https://www.nba.com/stats/players/boxscores-traditional?Season=2006-07&SeasonType=Regular%20Season&TeamID=1610612741,2006-10-31,CHI @ MIA,W,108,42.0,2000s
2007,2006–07,200748,Tyrus Thomas,20600001,2006-10-31,CHI @ MIA,MIA,W,16.383333333333333,4,1,4.0,0.0,0.0,2,6.0,1.0,4.0,5.0,2.0,1.0,2.0,3.0,3.0,15.0,1.5000000000000009,30.12048192771084,https://www.nba.com/stats/players/boxscores-traditional?Season=2006-07&SeasonType=Regular%20Season&TeamID=1610612741,2006-10-31,CHI @ MIA,W,108,42.0,2000s
2007,2006–07,1112,Ben Wallace,20600001,2006-10-31,CHI @ MIA,MIA,W,28.483333333333334,5,2,5.0,0.0,0.0,1,1.0,6.0,5.0,11.0,1.0,0.0,1.0,0.0,2.0,13.0,8.599999999999998,45.955882352941174,https://www.nba.com/stats/players/boxscores-traditional?Season=2006-07&SeasonType=Regular%20Season&TeamID=1610612741,2006-10-31,CHI @ MIA,W,108,42.0,2000s
2007,2006–07,200757,Thabo Sefolosha,20600001,2006-10-31,CHI @ MIA,MIA,W,10.57,11,4,4.0,0.0,0.0,3,3.0,2.0,0.0,2.0,1.0,2.0,0.0,0.0,1.0,17.0,13.5,103.38345864661653,https://www.nba.com/stats/players/boxscores-traditional?Season=2006-07&SeasonType=Regular%20Season&TeamID=1610612741,2006-10-31,CHI @ MIA,W,108,42.0,2000s
2007,2006–07,2736,Luol Deng,20600001,2006-10-31,CHI @ MIA,MIA,W,24.116666666666667,12,4,9.0,0.0,0.0,4,6.0,1.0,1.0,2.0,1.0,1.0,0.0,3.0,2.0,8.0,5.399999999999999,51.546391752577314,https://www.nba.com/stats/players/boxscores-traditional?Season=2006-07&SeasonType=Regular%20Season&TeamID=1610612741,2006-10-31,CHI @ MIA,W,108,42.0,2000s
2007,2006–07,2751,Viktor Khryapa,20600001,2006-10-31,CHI @ MIA,MIA,W,14.0,5,2,4.0,0.0,0.0,1,2.0,1.0,3.0,4.0,3.0,1.0,0.0,2.0,2.0,28.0,4.499999999999999,51.229508196721305,https://www.nba.com/stats/players/boxscores-traditional?Season=2006-07&SeasonType=Regular%20Season&TeamID=1610612741,2006-10-31,CHI @ MIA,W,108,42.0,2000s
2007,2006–07,2124,Malik Allen,20600001,2006-10-31,CHI @ MIA,MIA,W,13.7,4,2,6.0,0.0,0.0,0,0.0,1.0,2.0,3.0,1.0,1.0,1.0,0.0,1.0,19.0,3.900000000000001,33.33333333333333,https://www.nba.com/stats/players/boxscores-traditional?Season=2006-07&SeasonType=Regular%20Season&TeamID=1610612741,2006-10-31,CHI @ MIA,W,108,42.0,2000s
2007,2006–07,136,P.J. Brown,20600001,2006-10-31,CHI @ MIA,MIA,W,18.383333333333333,4,1,2.0,0.0,0.0,2,2.0,0.0,3.0,3.0,1.0,1.0,1.0,2.0,3.0,15.0,3.1000000000000005,69.44444444444444,https://www.nba.com/stats/players/boxscores-traditional?Season=2006-07&SeasonType=Regular%20Season&TeamID=1610612741,2006-10-31,CHI @ MIA,W,108,42.0,2000s
2007,2006–07,2732,Ben Gordon,20600001,2006-10-31,CHI @ MIA,MIA,W,22.926666666666662,6,1,9.0,0.0,2.0,4,5.0,0.0,1.0,1.0,2.0,1.0,0.0,2.0,3.0,7.0,-0.7999999999999998,26.785714285714285,https://www.nba.com/stats/players/boxscores-traditional?Season=2006-07&SeasonType=Regular%20Season&TeamID=1610612741,2006-10-31,CHI @ MIA,W,108,42.0,2000s
2007,2006–07,1559,Adrian Griffin,20600001,2006-10-31,CHI @ MIA,MIA,W,11.233333333333333,2,1,2.0,0.0,0.0,0,0.0,0.0,1.0,1.0,2.0,0.0,0.0,1.0,0.0,19.0,1.7000000000000002,50.0,https://www.nba.com/stats/players/boxscores-traditional?Season=2006-07&SeasonType=Regular%20Season&TeamID=1610612741,2006-10-31,CHI @ MIA,W,108,42.0,2000s
2008,2007–08,2732,Ben Gordon,20700007,2007-10-31,CHI @ NJN,NJN,L,48.233333333333334,27,8,25.0,3.0,10.0,8,8.0,3.0,5.0,8.0,4.0,2.0,0.0,6.0,1.0,-5.0,14.7,47.335203366058906,https://www.nba.com/stats/players/boxscores-traditional?Season=2007-08&SeasonType=Regular%20Season&TeamID=1610612741,2007-10-31,CHI @ NJN,L,103,-9.0,2000s
2008,2007–08,2736,Luol Deng,20700007,2007-10-31,CHI @ NJN,NJN,L,43.96666666666667,22,9,17.0,0.0,0.0,4,6.0,4.0,7.0,11.0,2.0,4.0,0.0,2.0,2.0,-4.0,20.400000000000002,56.0081466395112,https://www.nba.com/stats/players/boxscores-traditional?Season=2007-08&SeasonType=Regular%20Season&TeamID=1610612741,2007-10-31,CHI @ NJN,L,103,-9.0,2000s
2008,2007–08,2550,Kirk Hinrich,20700007,2007-10-31,CHI @ NJN,NJN,L,25.23,14,6,11.0,2.0,4.0,0,0.0,0.0,3.0,3.0,3.0,0.0,0.0,2.0,6.0,-2.0,7.299999999999999,63.63636363636363,https://www.nba.com/stats/players/boxscores-traditional?Season=2007-08&SeasonType=Regular%20Season&TeamID=1610612741,2007-10-31,CHI @ NJN,L,103,-9.0,2000s
2008,2007–08,2768,Chris Duhon,20700007,2007-10-31,CHI @ NJN,NJN,L,30.12,10,4,8.0,2.0,3.0,0,0.0,0.0,1.0,1.0,6.0,0.0,0.0,0.0,3.0,-10.0,9.3,62.5,https://www.nba.com/stats/players/boxscores-traditional?Season=2007-08&SeasonType=Regular%20Season&TeamID=1610612741,2007-10-31,CHI @ NJN,L,103,-9.0,2000s
2008,2007–08,2804,Andres Nocioni,20700007,2007-10-31,CHI @ NJN,NJN,L,24.083333333333332,9,4,12.0,1.0,5.0,0,2.0,1.0,4.0,5.0,2.0,0.0,1.0,1.0,4.0,-12.0,2.800000000000001,34.93788819875776,https://www.nba.com/stats/players/boxscores-traditional?Season=2007-08&SeasonType=Regular%20Season&TeamID=1610612741,2007-10-31,CHI @ NJN,L,103,-9.0,2000s
2008,2007–08,693,Joe Smith,20700007,2007-10-31,CHI @ NJN,NJN,L,22.966666666666665,6,2,6.0,0.0,0.0,2,2.0,3.0,2.0,5.0,1.0,1.0,1.0,1.0,5.0,-5.0,4.7,43.604651162790695,https://www.nba.com/stats/players/boxscores-traditional?Season=2007-08&SeasonType=Regular%20Season&TeamID=1610612741,2007-10-31,CHI @ NJN,L,103,-9.0,2000s
2008,2007–08,1112,Ben Wallace,20700007,2007-10-31,CHI @ NJN,NJN,L,37.68,7,3,7.0,0.0,0.0,1,4.0,4.0,1.0,5.0,2.0,0.0,1.0,1.0,2.0,6.0,5.5,39.95433789954338,https://www.nba.com/stats/players/boxscores-traditional?Season=2007-08&SeasonType=Regular%20Season&TeamID=1610612741,2007-10-31,CHI @ NJN,L,103,-9.0,2000s
2008,2007–08,200748,Tyrus Thomas,20700007,2007-10-31,CHI @ NJN,NJN,L,22.205,4,1,7.0,0.0,0.0,2,2.0,3.0,3.0,6.0,1.0,0.0,0.0,1.0,3.0,3.0,1.0,25.380710659898476,https://www.nba.com/stats/players/boxscores-traditional?Season=2007-08&SeasonType=Regular%20Season&TeamID=1610612741,2007-10-31,CHI @ NJN,L,103,-9.0,2000s
2008,2007–08,200757,Thabo Sefolosha,20700007,2007-10-31,CHI @ NJN,NJN,L,10.515,4,1,3.0,0.0,1.0,2,2.0,1.0,0.0,1.0,2.0,0.0,0.0,2.0,4.0,-16.0,0.8000000000000003,51.54639175257733,https://www.nba.com/stats/players/boxscores-traditional?Season=2007-08&SeasonType=Regular%20Season&TeamID=1610612741,2007-10-31,CHI @ NJN,L,103,-9.0,2000s
2009,2008–09,201565,Derrick Rose,20800002,2008-10-28,CHI vs. MIL,MIL,W,32.2,11,3,9.0,0.0,0.0,5,7.0,1.0,3.0,4.0,9.0,3.0,0.0,4.0,2.0,7.0,11.2,45.52980132450331,https://www.nba.com/stats/players/boxscores-traditional?Season=2008-09&SeasonType=Regular%20Season&TeamID=1610612741,2008-10-28,CHI vs. MIL,W,108,13.0,2000s
2009,2008–09,200748,Tyrus Thomas,20800002,2008-10-28,CHI vs. MIL,MIL,W,41.435,15,5,10.0,0.0,0.0,5,8.0,3.0,7.0,10.0,3.0,2.0,1.0,2.0,3.0,3.0,14.600000000000001,55.47337278106509,https://www.nba.com/stats/players/boxscores-traditional?Season=2008-09&SeasonType=Regular%20Season&TeamID=1610612741,2008-10-28,CHI vs. MIL,W,108,13.0,2000s
2009,2008–09,2400,Drew Gooden,20800002,2008-10-28,CHI vs. MIL,MIL,W,28.816666666666663,13,4,7.0,0.0,0.0,5,5.0,6.0,2.0,8.0,1.0,3.0,1.0,1.0,0.0,5.0,17.9,70.65217391304348,https://www.nba.com/stats/players/boxscores-traditional?Season=2008-09&SeasonType=Regular%20Season&TeamID=1610612741,2008-10-28,CHI vs. MIL,W,108,13.0,2000s
2009,2008–09,2736,Luol Deng,20800002,2008-10-28,CHI vs. MIL,MIL,W,35.78333333333333,21,8,13.0,0.0,0.0,5,6.0,0.0,4.0,4.0,1.0,1.0,1.0,4.0,2.0,7.0,13.499999999999996,67.13554987212275,https://www.nba.com/stats/players/boxscores-traditional?Season=2008-09&SeasonType=Regular%20Season&TeamID=1610612741,2008-10-28,CHI vs. MIL,W,108,13.0,2000s
2009,2008–09,2550,Kirk Hinrich,20800002,2008-10-28,CHI vs. MIL,MIL,W,26.083333333333332,15,5,10.0,2.0,4.0,3,4.0,1.0,1.0,2.0,7.0,0.0,0.0,3.0,3.0,8.0,11.3,63.775510204081634,https://www.nba.com/stats/players/boxscores-traditional?Season=2008-09&SeasonType=Regular%20Season&TeamID=1610612741,2008-10-28,CHI vs. MIL,W,108,13.0,2000s
2009,2008–09,2732,Ben Gordon,20800002,2008-10-28,CHI vs. MIL,MIL,W,26.033333333333335,18,6,12.0,3.0,6.0,3,4.0,1.0,1.0,2.0,3.0,0.0,0.0,2.0,2.0,13.0,11.899999999999999,65.40697674418605,https://www.nba.com/stats/players/boxscores-traditional?Season=2008-09&SeasonType=Regular%20Season&TeamID=1610612741,2008-10-28,CHI vs. MIL,W,108,13.0,2000s
2009,2008–09,201149,Joakim Noah,20800002,2008-10-28,CHI vs. MIL,MIL,W,19.183333333333337,6,2,3.0,0.0,0.0,2,4.0,2.0,4.0,6.0,1.0,0.0,3.0,1.0,3.0,8.0,7.100000000000001,63.02521008403361,https://www.nba.com/stats/players/boxscores-traditional?Season=2008-09&SeasonType=Regular%20Season&TeamID=1610612741,2008-10-28,CHI vs. MIL,W,108,13.0,2000s
2009,2008–09,2804,Andres Nocioni,20800002,2008-10-28,CHI vs. MIL,MIL,W,18.781666666666663,7,1,3.0,0.0,2.0,5,6.0,0.0,3.0,3.0,1.0,0.0,0.0,1.0,1.0,16.0,5.1000000000000005,62.056737588652474,https://www.nba.com/stats/players/boxscores-traditional?Season=2008-09&SeasonType=Regular%20Season&TeamID=1610612741,2008-10-28,CHI vs. MIL,W,108,13.0,2000s
2009,2008–09,200757,Thabo Sefolosha,20800002,2008-10-28,CHI vs. MIL,MIL,W,11.683333333333334,2,1,2.0,0.0,0.0,0,0.0,0.0,1.0,1.0,1.0,0.0,0.0,0.0,2.0,-2.0,1.2,50.0,https://www.nba.com/stats/players/boxscores-traditional?Season=2008-09&SeasonType=Regular%20Season&TeamID=1610612741,2008-10-28,CHI vs. MIL,W,108,13.0,2000s
2010,2009–10,201565,Derrick Rose,20900017,2009-10-29,CHI vs. SAS,SAS,W,33.13333333333333,13,5,12.0,0.0,1.0,3,5.0,1.0,6.0,7.0,7.0,1.0,1.0,1.0,2.0,4.0,13.099999999999998,45.774647887323944,https://www.nba.com/stats/players/boxscores-traditional?Season=2009-10&SeasonType=Regular%20Season&TeamID=1610612741,2009-10-29,CHI vs. SAS,W,92,7.0,2000s
2010,2009–10,2736,Luol Deng,20900017,2009-10-29,CHI vs. SAS,SAS,W,37.766666666666666,17,8,13.0,0.0,0.0,1,2.0,4.0,5.0,9.0,2.0,1.0,0.0,1.0,2.0,3.0,15.599999999999998,61.23919308357348,https://www.nba.com/stats/players/boxscores-traditional?Season=2009-10&SeasonType=Regular%20Season&TeamID=1610612741,2009-10-29,CHI vs. SAS,W,92,7.0,2000s
2010,2009–10,201149,Joakim Noah,20900017,2009-10-29,CHI vs. SAS,SAS,W,26.94333333333333,10,4,8.0,0.0,0.0,2,4.0,6.0,4.0,10.0,3.0,0.0,2.0,2.0,2.0,-5.0,11.299999999999997,51.229508196721305,https://www.nba.com/stats/players/boxscores-traditional?Season=2009-10&SeasonType=Regular%20Season&TeamID=1610612741,2009-10-29,CHI vs. SAS,W,92,7.0,2000s
2010,2009–10,2550,Kirk Hinrich,20900017,2009-10-29,CHI vs. SAS,SAS,W,29.733333333333334,14,5,11.0,2.0,5.0,2,2.0,0.0,6.0,6.0,2.0,0.0,2.0,1.0,2.0,6.0,11.100000000000001,58.92255892255892,https://www.nba.com/stats/players/boxscores-traditional?Season=2009-10&SeasonType=Regular%20Season&TeamID=1610612741,2009-10-29,CHI vs. SAS,W,92,7.0,2000s
2010,2009–10,200748,Tyrus Thomas,20900017,2009-10-29,CHI vs. SAS,SAS,W,26.366666666666667,13,5,10.0,0.0,0.0,3,5.0,0.0,6.0,6.0,0.0,0.0,3.0,2.0,2.0,9.0,8.299999999999999,53.278688524590166,https://www.nba.com/stats/players/boxscores-traditional?Season=2009-10&SeasonType=Regular%20Season&TeamID=1610612741,2009-10-29,CHI vs. SAS,W,92,7.0,2000s
2010,2009–10,2422,John Salmons,20900017,2009-10-29,CHI vs. SAS,SAS,W,39.846666666666664,10,3,15.0,1.0,9.0,3,4.0,0.0,3.0,3.0,2.0,3.0,0.0,2.0,3.0,6.0,2.3999999999999995,29.832935560859188,https://www.nba.com/stats/players/boxscores-traditional?Season=2009-10&SeasonType=Regular%20Season&TeamID=1610612741,2009-10-29,CHI vs. SAS,W,92,7.0,2000s
2010,2009–10,1802,Brad Miller,20900017,2009-10-29,CHI vs. SAS,SAS,W,23.19,9,4,6.0,0.0,1.0,1,1.0,1.0,4.0,5.0,3.0,0.0,0.0,0.0,3.0,12.0,9.2,69.87577639751552,https://www.nba.com/stats/players/boxscores-traditional?Season=2009-10&SeasonType=Regular%20Season&TeamID=1610612741,2009-10-29,CHI vs. SAS,W,92,7.0,2000s
2010,2009–10,201959,Taj Gibson,20900017,2009-10-29,CHI vs. SAS,SAS,W,15.633333333333333,6,1,6.0,0.0,0.0,4,5.0,3.0,3.0,6.0,1.0,0.0,0.0,0.0,3.0,0.0,4.300000000000001,36.585365853658544,https://www.nba.com/stats/players/boxscores-traditional?Season=2009-10&SeasonType=Regular%20Season&TeamID=1610612741,2009-10-29,CHI vs. SAS,W,92,7.0,2000s
2010,2009–10,2457,Jannero Pargo,20900017,2009-10-29,CHI vs. SAS,SAS,W,7.386666666666667,0,0,3.0,0.0,0.0,0,0.0,0.0,0.0,0.0,0.0,0.0,1.0,0.0,1.0,0.0,-1.7999999999999998,0.0,https://www.nba.com/stats/players/boxscores-traditional?Season=2009-10&SeasonType=Regular%20Season&TeamID=1610612741,2009-10-29,CHI vs. SAS,W,92,7.0,2000s
2011,2010–11,201149,Joakim Noah,21000011,2010-10-27,CHI @ OKC,OKC,L,38.86666666666667,18,7,13.0,0.0,0.0,4,6.0,7.0,12.0,19.0,2.0,2.0,2.0,2.0,3.0,-3.0,20.999999999999996,57.54475703324808,https://www.nba.com/stats/players/boxscores-traditional?Season=2010-11&SeasonType=Regular%20Season&TeamID=1610612741,2010-10-27,CHI @ OKC,L,95,-11.0,2010s
2011,2010–11,201565,Derrick Rose,21000011,2010-10-27,CHI @ OKC,OKC,L,31.316666666666663,28,12,31.0,0.0,4.0,4,4.0,1.0,3.0,4.0,6.0,0.0,1.0,2.0,4.0,-1.0,13.999999999999998,42.73504273504274,https://www.nba.com/stats/players/boxscores-traditional?Season=2010-11&SeasonType=Regular%20Season&TeamID=1610612741,2010-10-27,CHI @ OKC,L,95,-11.0,2010s
2011,2010–11,201959,Taj Gibson,21000011,2010-10-27,CHI @ OKC,OKC,L,33.565,16,8,12.0,0.0,0.0,0,2.0,2.0,9.0,11.0,2.0,2.0,0.0,2.0,4.0,-7.0,13.9,62.11180124223602,https://www.nba.com/stats/players/boxscores-traditional?Season=2010-11&SeasonType=Regular%20Season&TeamID=1610612741,2010-10-27,CHI @ OKC,L,95,-11.0,2010s
2011,2010–11,2586,Keith Bogans,21000011,2010-10-27,CHI @ OKC,OKC,L,35.818333333333335,3,1,4.0,1.0,2.0,0,0.0,2.0,5.0,7.0,4.0,1.0,1.0,1.0,2.0,6.0,6.2,37.5,https://www.nba.com/stats/players/boxscores-traditional?Season=2010-11&SeasonType=Regular%20Season&TeamID=1610612741,2010-10-27,CHI @ OKC,L,95,-11.0,2010s
2011,2010–11,2736,Luol Deng,21000011,2010-10-27,CHI @ OKC,OKC,L,36.86666666666667,13,5,13.0,1.0,4.0,2,6.0,0.0,2.0,2.0,0.0,0.0,1.0,4.0,4.0,-11.0,0.0,41.56010230179028,https://www.nba.com/stats/players/boxscores-traditional?Season=2010-11&SeasonType=Regular%20Season&TeamID=1610612741,2010-10-27,CHI @ OKC,L,95,-11.0,2010s
2011,2010–11,201228,C.J. Watson,21000011,2010-10-27,CHI @ OKC,OKC,L,16.683333333333334,8,4,8.0,0.0,2.0,0,0.0,2.0,0.0,2.0,3.0,0.0,0.0,3.0,2.0,-10.0,3.7,50.0,https://www.nba.com/stats/players/boxscores-traditional?Season=2010-11&SeasonType=Regular%20Season&TeamID=1610612741,2010-10-27,CHI @ OKC,L,95,-11.0,2010s
2011,2010–11,2594,Kyle Korver,21000011,2010-10-27,CHI @ OKC,OKC,L,15.616666666666667,4,2,5.0,0.0,1.0,0,0.0,1.0,1.0,2.0,2.0,1.0,1.0,0.0,3.0,-8.0,4.199999999999999,40.0,https://www.nba.com/stats/players/boxscores-traditional?Season=2010-11&SeasonType=Regular%20Season&TeamID=1610612741,2010-10-27,CHI @ OKC,L,95,-11.0,2010s
2011,2010–11,200758,Ronnie Brewer,21000011,2010-10-27,CHI @ OKC,OKC,L,15.166666666666666,3,0,6.0,0.0,1.0,3,4.0,0.0,3.0,3.0,1.0,0.0,0.0,0.0,2.0,-12.0,-0.7999999999999994,19.329896907216497,https://www.nba.com/stats/players/boxscores-traditional?Season=2010-11&SeasonType=Regular%20Season&TeamID=1610612741,2010-10-27,CHI @ OKC,L,95,-11.0,2010s
2011,2010–11,2243,Brian Scalabrine,21000011,2010-10-27,CHI @ OKC,OKC,L,10.616666666666667,2,1,1.0,0.0,0.0,0,0.0,0.0,1.0,1.0,1.0,0.0,0.0,0.0,2.0,-1.0,1.9000000000000001,100.0,https://www.nba.com/stats/players/boxscores-traditional?Season=2010-11&SeasonType=Regular%20Season&TeamID=1610612741,2010-10-27,CHI @ OKC,L,95,-11.0,2010s
2011,2010–11,201600,Omer Asik,21000011,2010-10-27,CHI @ OKC,OKC,L,2.5166666666666666,0,0,0.0,0.0,0.0,0,0.0,0.0,0.0,0.0,0.0,0.0,0.0,0.0,0.0,-2.0,0.0,0.0,https://www.nba.com/stats/players/boxscores-traditional?Season=2010-11&SeasonType=Regular%20Season&TeamID=1610612741,2010-10-27,CHI @ OKC,L,95,-11.0,2010s
2011,2010–11,703,Kurt Thomas,21000011,2010-10-27,CHI @ OKC,OKC,L,2.966666666666667,0,0,0.0,0.0,0.0,0,0.0,0.0,0.0,0.0,0.0,0.0,0.0,0.0,2.0,-6.0,-0.8,0.0,https://www.nba.com/stats/players/boxscores-traditional?Season=2010-11&SeasonType=Regular%20Season&TeamID=1610612741,2010-10-27,CHI @ OKC,L,95,-11.0,2010s
2012,2011–12,2736,Luol Deng,21100003,2011-12-25,CHI @ LAL,LAL,W,38.21666666666667,21,7,19.0,1.0,4.0,6,6.0,3.0,4.0,7.0,3.0,4.0,1.0,0.0,2.0,13.0,19.799999999999997,48.52125693160813,https://www.nba.com/stats/players/boxscores-traditional?Season=2011-12&SeasonType=Regular%20Season&TeamID=1610612741,2011-12-25,CHI @ LAL,W,88,1.0,2010s
2012,2011–12,201565,Derrick Rose,21100003,2011-12-25,CHI @ LAL,LAL,W,35.31666666666667,22,9,13.0,4.0,6.0,0,0.0,0.0,1.0,1.0,5.0,0.0,1.0,5.0,1.0,7.0,15.600000000000001,84.61538461538461,https://www.nba.com/stats/players/boxscores-traditional?Season=2011-12&SeasonType=Regular%20Season&TeamID=1610612741,2011-12-25,CHI @ LAL,W,88,1.0,2010s
2012,2011–12,2430,Carlos Boozer,21100003,2011-12-25,CHI @ LAL,LAL,W,32.526666666666664,15,7,13.0,0.0,0.0,1,4.0,1.0,5.0,6.0,2.0,1.0,1.0,2.0,3.0,2.0,9.600000000000001,50.81300813008131,https://www.nba.com/stats/players/boxscores-traditional?Season=2011-12&SeasonType=Regular%20Season&TeamID=1610612741,2011-12-25,CHI @ LAL,W,88,1.0,2010s
2012,2011–12,201149,Joakim Noah,21100003,2011-12-25,CHI @ LAL,LAL,W,28.45,6,3,12.0,0.0,0.0,0,0.0,5.0,4.0,9.0,2.0,3.0,0.0,2.0,5.0,4.0,3.900000000000002,25.0,https://www.nba.com/stats/players/boxscores-traditional?Season=2011-12&SeasonType=Regular%20Season&TeamID=1610612741,2011-12-25,CHI @ LAL,W,88,1.0,2010s
2012,2011–12,1888,Richard Hamilton,21100003,2011-12-25,CHI @ LAL,LAL,W,23.1,6,3,8.0,0.0,0.0,0,0.0,1.0,1.0,2.0,3.0,2.0,0.0,0.0,5.0,0.0,4.7,37.5,https://www.nba.com/stats/players/boxscores-traditional?Season=2011-12&SeasonType=Regular%20Season&TeamID=1610612741,2011-12-25,CHI @ LAL,W,88,1.0,2010s
2012,2011–12,201228,C.J. Watson,21100003,2011-12-25,CHI @ LAL,LAL,W,12.683333333333334,6,2,6.0,2.0,3.0,0,0.0,0.0,1.0,1.0,2.0,2.0,0.0,1.0,1.0,-6.0,4.9,50.0,https://www.nba.com/stats/players/boxscores-traditional?Season=2011-12&SeasonType=Regular%20Season&TeamID=1610612741,2011-12-25,CHI @ LAL,W,88,1.0,2010s
2012,2011–12,200758,Ronnie Brewer,21100003,2011-12-25,CHI @ LAL,LAL,W,24.9,6,3,6.0,0.0,0.0,0,1.0,0.0,3.0,3.0,2.0,1.0,0.0,2.0,3.0,1.0,2.7,46.58385093167702,https://www.nba.com/stats/players/boxscores-traditional?Season=2011-12&SeasonType=Regular%20Season&TeamID=1610612741,2011-12-25,CHI @ LAL,W,88,1.0,2010s
2012,2011–12,201600,Omer Asik,21100003,2011-12-25,CHI @ LAL,LAL,W,19.55,3,1,5.0,0.0,0.0,1,1.0,4.0,4.0,8.0,0.0,1.0,0.0,2.0,0.0,-3.0,2.8999999999999995,27.573529411764703,https://www.nba.com/stats/players/boxscores-traditional?Season=2011-12&SeasonType=Regular%20Season&TeamID=1610612741,2011-12-25,CHI @ LAL,W,88,1.0,2010s
2012,2011–12,201959,Taj Gibson,21100003,2011-12-25,CHI @ LAL,LAL,W,15.473333333333333,3,1,4.0,0.0,0.0,1,2.0,2.0,1.0,3.0,2.0,0.0,1.0,0.0,1.0,-1.0,3.6,30.737704918032787,https://www.nba.com/stats/players/boxscores-traditional?Season=2011-12&SeasonType=Regular%20Season&TeamID=1610612741,2011-12-25,CHI @ LAL,W,88,1.0,2010s
2012,2011–12,2594,Kyle Korver,21100003,2011-12-25,CHI @ LAL,LAL,W,9.783333333333331,0,0,3.0,0.0,2.0,0,0.0,0.0,1.0,1.0,0.0,0.0,0.0,0.0,0.0,-12.0,-1.7999999999999996,0.0,https://www.nba.com/stats/players/boxscores-traditional?Season=2011-12&SeasonType=Regular%20Season&TeamID=1610612741,2011-12-25,CHI @ LAL,W,88,1.0,2010s
2013,2012–13,201149,Joakim Noah,21200007,2012-10-31,CHI vs. SAC,SAC,W,40.016666666666666,23,6,12.0,0.0,0.0,11,12.0,5.0,5.0,10.0,3.0,5.0,3.0,2.0,2.0,6.0,28.000000000000004,66.55092592592592,https://www.nba.com/stats/players/boxscores-traditional?Season=2012-13&SeasonType=Regular%20Season&TeamID=1610612741,2012-10-31,CHI vs. SAC,W,93,6.0,2010s
2013,2012–13,2430,Carlos Boozer,21200007,2012-10-31,CHI vs. SAC,SAC,W,33.41833333333334,18,8,13.0,0.0,0.0,2,5.0,1.0,7.0,8.0,2.0,1.0,1.0,3.0,3.0,5.0,12.599999999999998,59.21052631578948,https://www.nba.com/stats/players/boxscores-traditional?Season=2012-13&SeasonType=Regular%20Season&TeamID=1610612741,2012-10-31,CHI vs. SAC,W,93,6.0,2010s
2013,2012–13,1888,Richard Hamilton,21200007,2012-10-31,CHI vs. SAC,SAC,W,31.046666666666667,19,7,16.0,0.0,1.0,5,5.0,0.0,1.0,1.0,3.0,2.0,0.0,3.0,1.0,6.0,11.600000000000001,52.197802197802204,https://www.nba.com/stats/players/boxscores-traditional?Season=2012-13&SeasonType=Regular%20Season&TeamID=1610612741,2012-10-31,CHI vs. SAC,W,93,6.0,2010s
2013,2012–13,2736,Luol Deng,21200007,2012-10-31,CHI vs. SAC,SAC,W,41.55,7,3,13.0,0.0,4.0,1,3.0,5.0,7.0,12.0,2.0,0.0,1.0,4.0,3.0,6.0,0.7999999999999989,24.441340782122907,https://www.nba.com/stats/players/boxscores-traditional?Season=2012-13&SeasonType=Regular%20Season&TeamID=1610612741,2012-10-31,CHI vs. SAC,W,93,6.0,2010s
2013,2012–13,201959,Taj Gibson,21200007,2012-10-31,CHI vs. SAC,SAC,W,19.238333333333333,4,2,6.0,0.0,0.0,0,0.0,1.0,4.0,5.0,0.0,0.0,4.0,0.0,1.0,-1.0,4.9,33.33333333333333,https://www.nba.com/stats/players/boxscores-traditional?Season=2012-13&SeasonType=Regular%20Season&TeamID=1610612741,2012-10-31,CHI vs. SAC,W,93,6.0,2010s
2013,2012–13,2550,Kirk Hinrich,21200007,2012-10-31,CHI vs. SAC,SAC,W,29.383333333333333,3,1,7.0,0.0,1.0,1,3.0,1.0,2.0,3.0,7.0,0.0,0.0,2.0,2.0,5.0,1.0999999999999996,18.028846153846153,https://www.nba.com/stats/players/boxscores-traditional?Season=2012-13&SeasonType=Regular%20Season&TeamID=1610612741,2012-10-31,CHI vs. SAC,W,93,6.0,2010s
2013,2012–13,101126,Nate Robinson,21200007,2012-10-31,CHI vs. SAC,SAC,W,19.748333333333335,7,3,8.0,1.0,2.0,0,0.0,0.0,5.0,5.0,1.0,0.0,0.0,3.0,2.0,1.0,1.0,43.75,https://www.nba.com/stats/players/boxscores-traditional?Season=2012-13&SeasonType=Regular%20Season&TeamID=1610612741,2012-10-31,CHI vs. SAC,W,93,6.0,2010s
2013,2012–13,201158,Marco Belinelli,21200007,2012-10-31,CHI vs. SAC,SAC,W,11.706666666666669,6,1,2.0,1.0,1.0,3,3.0,0.0,0.0,0.0,3.0,0.0,0.0,1.0,0.0,7.0,6.1,90.36144578313252,https://www.nba.com/stats/players/boxscores-traditional?Season=2012-13&SeasonType=Regular%20Season&TeamID=1610612741,2012-10-31,CHI vs. SAC,W,93,6.0,2010s
2013,2012–13,1737,Nazr Mohammed,21200007,2012-10-31,CHI vs. SAC,SAC,W,2.7333333333333334,2,1,1.0,0.0,0.0,0,0.0,1.0,0.0,1.0,0.0,0.0,1.0,0.0,2.0,0.0,2.3,100.0,https://www.nba.com/stats/players/boxscores-traditional?Season=2012-13&SeasonType=Regular%20Season&TeamID=1610612741,2012-10-31,CHI vs. SAC,W,93,6.0,2010s
2013,2012–13,202710,Jimmy Butler III,21200007,2012-10-31,CHI vs. SAC,SAC,W,11.158333333333331,4,1,1.0,0.0,0.0,2,2.0,0.0,1.0,1.0,0.0,0.0,0.0,0.0,3.0,-5.0,2.8,106.38297872340425,https://www.nba.com/stats/players/boxscores-traditional?Season=2012-13&SeasonType=Regular%20Season&TeamID=1610612741,2012-10-31,CHI vs. SAC,W,93,6.0,2010s
2014,2013–14,2430,Carlos Boozer,21300002,2013-10-29,CHI @ MIA,MIA,L,32.39833333333333,31,13,18.0,0.0,0.0,5,5.0,3.0,4.0,7.0,2.0,1.0,1.0,2.0,4.0,-2.0,26.4,76.73267326732673,https://www.nba.com/stats/players/boxscores-traditional?Season=2013-14&SeasonType=Regular%20Season&TeamID=1610612741,2013-10-29,CHI @ MIA,L,95,-12.0,2010s
2014,2013–14,202710,Jimmy Butler III,21300002,2013-10-29,CHI @ MIA,MIA,L,29.908333333333335,20,6,12.0,2.0,4.0,6,7.0,0.0,3.0,3.0,3.0,5.0,1.0,2.0,4.0,10.0,18.7,66.3129973474801,https://www.nba.com/stats/players/boxscores-traditional?Season=2013-14&SeasonType=Regular%20Season&TeamID=1610612741,2013-10-29,CHI @ MIA,L,95,-12.0,2010s
2014,2013–14,201149,Joakim Noah,21300002,2013-10-29,CHI @ MIA,MIA,L,20.15,2,1,4.0,0.0,0.0,0,2.0,2.0,9.0,11.0,2.0,2.0,2.0,2.0,2.0,-4.0,4.8999999999999995,20.491803278688526,https://www.nba.com/stats/players/boxscores-traditional?Season=2013-14&SeasonType=Regular%20Season&TeamID=1610612741,2013-10-29,CHI @ MIA,L,95,-12.0,2010s
2014,2013–14,201959,Taj Gibson,21300002,2013-10-29,CHI @ MIA,MIA,L,29.316666666666663,10,4,8.0,0.0,0.0,2,3.0,4.0,4.0,8.0,3.0,0.0,0.0,0.0,1.0,-13.0,11.299999999999997,53.648068669527895,https://www.nba.com/stats/players/boxscores-traditional?Season=2013-14&SeasonType=Regular%20Season&TeamID=1610612741,2013-10-29,CHI @ MIA,L,95,-12.0,2010s
2014,2013–14,2736,Luol Deng,21300002,2013-10-29,CHI @ MIA,MIA,L,29.46,4,2,8.0,0.0,5.0,0,0.0,1.0,4.0,5.0,4.0,2.0,0.0,3.0,4.0,6.0,1.3000000000000007,25.0,https://www.nba.com/stats/players/boxscores-traditional?Season=2013-14&SeasonType=Regular%20Season&TeamID=1610612741,2013-10-29,CHI @ MIA,L,95,-12.0,2010s
2014,2013–14,201565,Derrick Rose,21300002,2013-10-29,CHI @ MIA,MIA,L,34.348333333333336,12,4,15.0,1.0,7.0,3,4.0,0.0,1.0,1.0,4.0,0.0,0.0,5.0,2.0,-9.0,-8.881784197001252e-16,35.79952267303103,https://www.nba.com/stats/players/boxscores-traditional?Season=2013-14&SeasonType=Regular%20Season&TeamID=1610612741,2013-10-29,CHI @ MIA,L,95,-12.0,2010s
2014,2013–14,2399,Mike Dunleavy,21300002,2013-10-29,CHI @ MIA,MIA,L,22.935,10,3,9.0,2.0,4.0,2,2.0,0.0,3.0,3.0,1.0,0.0,0.0,1.0,1.0,-10.0,5.099999999999999,50.607287449392715,https://www.nba.com/stats/players/boxscores-traditional?Season=2013-14&SeasonType=Regular%20Season&TeamID=1610612741,2013-10-29,CHI @ MIA,L,95,-12.0,2010s
2014,2013–14,2550,Kirk Hinrich,21300002,2013-10-29,CHI @ MIA,MIA,L,29.483333333333334,6,2,6.0,2.0,4.0,0,0.0,0.0,1.0,1.0,3.0,0.0,0.0,2.0,6.0,-19.0,0.5999999999999996,50.0,https://www.nba.com/stats/players/boxscores-traditional?Season=2013-14&SeasonType=Regular%20Season&TeamID=1610612741,2013-10-29,CHI @ MIA,L,95,-12.0,2010s
2014,2013–14,1737,Nazr Mohammed,21300002,2013-10-29,CHI @ MIA,MIA,L,5.266666666666667,0,0,0.0,0.0,0.0,0,0.0,1.0,1.0,2.0,1.0,0.0,0.0,0.0,1.0,-9.0,1.2999999999999998,0.0,https://www.nba.com/stats/players/boxscores-traditional?Season=2013-14&SeasonType=Regular%20Season&TeamID=1610612741,2013-10-29,CHI @ MIA,L,95,-12.0,2010s
2014,2013–14,203503,Tony Snell,21300002,2013-10-29,CHI @ MIA,MIA,L,6.733333333333333,0,0,3.0,0.0,2.0,0,0.0,0.0,0.0,0.0,0.0,1.0,0.0,1.0,2.0,-10.0,-2.8999999999999995,0.0,https://www.nba.com/stats/players/boxscores-traditional?Season=2013-14&SeasonType=Regular%20Season&TeamID=1610612741,2013-10-29,CHI @ MIA,L,95,-12.0,2010s
2015,2014–15,201959,Taj Gibson,21400010,2014-10-29,CHI @ NYK,NYK,W,28.183333333333337,22,10,12.0,0.0,0.0,2,4.0,3.0,5.0,8.0,1.0,1.0,1.0,0.0,1.0,28.0,22.4,79.94186046511628,https://www.nba.com/stats/players/boxscores-traditional?Season=2014-15&SeasonType=Regular%20Season&TeamID=1610612741,2014-10-29,CHI @ NYK,W,104,24.0,2010s
2015,2014–15,2200,Pau Gasol,21400010,2014-10-29,CHI @ NYK,NYK,W,29.166666666666668,21,7,11.0,0.0,0.0,7,8.0,4.0,7.0,11.0,0.0,0.0,0.0,1.0,1.0,15.0,19.200000000000003,72.31404958677686,https://www.nba.com/stats/players/boxscores-traditional?Season=2014-15&SeasonType=Regular%20Season&TeamID=1610612741,2014-10-29,CHI @ NYK,W,104,24.0,2010s
2015,2014–15,201565,Derrick Rose,21400010,2014-10-29,CHI @ NYK,NYK,W,21.35,13,3,7.0,0.0,3.0,7,8.0,0.0,3.0,3.0,5.0,2.0,0.0,3.0,2.0,4.0,11.5,61.78707224334601,https://www.nba.com/stats/players/boxscores-traditional?Season=2014-15&SeasonType=Regular%20Season&TeamID=1610612741,2014-10-29,CHI @ NYK,W,104,24.0,2010s
2015,2014–15,201166,Aaron Brooks,21400010,2014-10-29,CHI @ NYK,NYK,W,23.65,13,4,5.0,1.0,1.0,4,4.0,0.0,2.0,2.0,6.0,1.0,0.0,1.0,3.0,25.0,14.7,96.15384615384616,https://www.nba.com/stats/players/boxscores-traditional?Season=2014-15&SeasonType=Regular%20Season&TeamID=1610612741,2014-10-29,CHI @ NYK,W,104,24.0,2010s
2015,2014–15,203926,Doug McDermott,21400010,2014-10-29,CHI @ NYK,NYK,W,24.3,12,5,9.0,2.0,5.0,0,0.0,1.0,4.0,5.0,2.0,1.0,0.0,1.0,2.0,16.0,10.2,66.66666666666666,https://www.nba.com/stats/players/boxscores-traditional?Season=2014-15&SeasonType=Regular%20Season&TeamID=1610612741,2014-10-29,CHI @ NYK,W,104,24.0,2010s
2015,2014–15,201149,Joakim Noah,21400010,2014-10-29,CHI @ NYK,NYK,W,19.85,3,1,4.0,0.0,0.0,1,2.0,2.0,4.0,6.0,2.0,0.0,3.0,2.0,2.0,3.0,3.499999999999999,30.737704918032787,https://www.nba.com/stats/players/boxscores-traditional?Season=2014-15&SeasonType=Regular%20Season&TeamID=1610612741,2014-10-29,CHI @ NYK,W,104,24.0,2010s
2015,2014–15,202703,Nikola Mirotic,21400010,2014-10-29,CHI @ NYK,NYK,W,15.283333333333331,5,1,2.0,1.0,2.0,2,2.0,0.0,7.0,7.0,1.0,1.0,0.0,2.0,2.0,9.0,5.0,86.80555555555556,https://www.nba.com/stats/players/boxscores-traditional?Season=2014-15&SeasonType=Regular%20Season&TeamID=1610612741,2014-10-29,CHI @ NYK,W,104,24.0,2010s
2015,2014–15,2550,Kirk Hinrich,21400010,2014-10-29,CHI @ NYK,NYK,W,23.7,12,4,10.0,3.0,7.0,1,1.0,0.0,1.0,1.0,0.0,1.0,0.0,2.0,3.0,8.0,4.699999999999999,57.4712643678161,https://www.nba.com/stats/players/boxscores-traditional?Season=2014-15&SeasonType=Regular%20Season&TeamID=1610612741,2014-10-29,CHI @ NYK,W,104,24.0,2010s
2015,2014–15,2399,Mike Dunleavy,21400010,2014-10-29,CHI @ NYK,NYK,W,31.016666666666666,0,0,5.0,0.0,4.0,0,0.0,0.0,3.0,3.0,4.0,1.0,0.0,1.0,1.0,17.0,-0.2000000000000003,0.0,https://www.nba.com/stats/players/boxscores-traditional?Season=2014-15&SeasonType=Regular%20Season&TeamID=1610612741,2014-10-29,CHI @ NYK,W,104,24.0,2010s
2015,2014–15,203503,Tony Snell,21400010,2014-10-29,CHI @ NYK,NYK,W,16.983333333333334,3,1,4.0,0.0,1.0,1,1.0,0.0,1.0,1.0,0.0,1.0,0.0,1.0,1.0,7.0,0.5,33.78378378378378,https://www.nba.com/stats/players/boxscores-traditional?Season=2014-15&SeasonType=Regular%20Season&TeamID=1610612741,2014-10-29,CHI @ NYK,W,104,24.0,2010s
2015,2014–15,202734,E'Twaun Moore,21400010,2014-10-29,CHI @ NYK,NYK,W,3.0,0,0,1.0,0.0,1.0,0,0.0,0.0,0.0,0.0,0.0,0.0,0.0,0.0,0.0,-5.0,-0.7,0.0,https://www.nba.com/stats/players/boxscores-traditional?Season=2014-15&SeasonType=Regular%20Season&TeamID=1610612741,2014-10-29,CHI @ NYK,W,104,24.0,2010s
2015,2014–15,203946,Cameron Bairstow,21400010,2014-10-29,CHI @ NYK,NYK,W,3.5166666666666666,0,0,1.0,0.0,0.0,0,0.0,0.0,0.0,0.0,0.0,0.0,0.0,1.0,0.0,-7.0,-1.7,0.0,https://www.nba.com/stats/players/boxscores-traditional?Season=2014-15&SeasonType=Regular%20Season&TeamID=1610612741,2014-10-29,CHI @ NYK,W,104,24.0,2010s
2016,2015–16,202710,Jimmy Butler III,21500002,2015-10-27,CHI vs. CLE,CLE,W,36.63333333333333,17,6,14.0,0.0,2.0,5,5.0,1.0,4.0,5.0,2.0,2.0,1.0,0.0,1.0,3.0,15.199999999999998,52.46913580246913,https://www.nba.com/stats/players/boxscores-traditional?Season=2015-16&SeasonType=Regular%20Season&TeamID=1610612741,2015-10-27,CHI vs. CLE,W,97,2.0,2010s
2016,2015–16,202703,Nikola Mirotic,21500002,2015-10-27,CHI vs. CLE,CLE,W,25.233333333333334,19,6,11.0,3.0,4.0,4,4.0,2.0,7.0,9.0,1.0,1.0,0.0,4.0,5.0,9.0,12.899999999999999,74.45141065830721,https://www.nba.com/stats/players/boxscores-traditional?Season=2015-16&SeasonType=Regular%20Season&TeamID=1610612741,2015-10-27,CHI vs. CLE,W,97,2.0,2010s
2016,2015–16,201565,Derrick Rose,21500002,2015-10-27,CHI vs. CLE,CLE,W,32.46666666666667,18,8,22.0,0.0,2.0,2,4.0,0.0,1.0,1.0,5.0,1.0,0.0,2.0,0.0,-1.0,7.800000000000001,37.878787878787875,https://www.nba.com/stats/players/boxscores-traditional?Season=2015-16&SeasonType=Regular%20Season&TeamID=1610612741,2015-10-27,CHI vs. CLE,W,97,2.0,2010s
2016,2015–16,2200,Pau Gasol,21500002,2015-10-27,CHI vs. CLE,CLE,W,31.55,2,1,7.0,0.0,1.0,0,0.0,0.0,2.0,2.0,0.0,1.0,6.0,0.0,1.0,-8.0,2.9,14.285714285714285,https://www.nba.com/stats/players/boxscores-traditional?Season=2015-16&SeasonType=Regular%20Season&TeamID=1610612741,2015-10-27,CHI vs. CLE,W,97,2.0,2010s
2016,2015–16,201959,Taj Gibson,21500002,2015-10-27,CHI vs. CLE,CLE,W,22.1,5,1,3.0,0.0,0.0,3,4.0,2.0,8.0,10.0,0.0,0.0,3.0,3.0,6.0,2.0,3.4000000000000004,52.52100840336135,https://www.nba.com/stats/players/boxscores-traditional?Season=2015-16&SeasonType=Regular%20Season&TeamID=1610612741,2015-10-27,CHI vs. CLE,W,97,2.0,2010s
2016,2015–16,201149,Joakim Noah,21500002,2015-10-27,CHI vs. CLE,CLE,W,17.116666666666667,0,0,0.0,0.0,0.0,0,2.0,2.0,7.0,9.0,4.0,1.0,0.0,1.0,1.0,1.0,5.1,0.0,https://www.nba.com/stats/players/boxscores-traditional?Season=2015-16&SeasonType=Regular%20Season&TeamID=1610612741,2015-10-27,CHI vs. CLE,W,97,2.0,2010s
2016,2015–16,202734,E'Twaun Moore,21500002,2015-10-27,CHI vs. CLE,CLE,W,14.366666666666667,11,5,8.0,1.0,2.0,0,0.0,0.0,3.0,3.0,1.0,0.0,0.0,0.0,3.0,4.0,7.8,68.75,https://www.nba.com/stats/players/boxscores-traditional?Season=2015-16&SeasonType=Regular%20Season&TeamID=1610612741,2015-10-27,CHI vs. CLE,W,97,2.0,2010s
2016,2015–16,203503,Tony Snell,21500002,2015-10-27,CHI vs. CLE,CLE,W,28.8,11,4,9.0,2.0,5.0,1,2.0,0.0,2.0,2.0,0.0,0.0,0.0,1.0,4.0,-1.0,3.8999999999999986,55.66801619433198,https://www.nba.com/stats/players/boxscores-traditional?Season=2015-16&SeasonType=Regular%20Season&TeamID=1610612741,2015-10-27,CHI vs. CLE,W,97,2.0,2010s
2016,2015–16,203926,Doug McDermott,21500002,2015-10-27,CHI vs. CLE,CLE,W,16.2,8,3,4.0,1.0,2.0,1,2.0,0.0,4.0,4.0,0.0,0.0,0.0,0.0,0.0,-2.0,7.199999999999999,81.9672131147541,https://www.nba.com/stats/players/boxscores-traditional?Season=2015-16&SeasonType=Regular%20Season&TeamID=1610612741,2015-10-27,CHI vs. CLE,W,97,2.0,2010s
2016,2015–16,201166,Aaron Brooks,21500002,2015-10-27,CHI vs. CLE,CLE,W,15.533333333333331,6,3,9.0,0.0,1.0,0,0.0,0.0,2.0,2.0,0.0,0.0,0.0,2.0,1.0,3.0,-0.8999999999999995,33.33333333333333,https://www.nba.com/stats/players/boxscores-traditional?Season=2015-16&SeasonType=Regular%20Season&TeamID=1610612741,2015-10-27,CHI vs. CLE,W,97,2.0,2010s
2017,2016–17,202710,Jimmy Butler III,21600015,2016-10-27,CHI vs. BOS,BOS,W,36.6,24,6,17.0,4.0,6.0,8,12.0,3.0,4.0,7.0,3.0,2.0,0.0,0.0,2.0,8.0,19.499999999999996,53.85996409335727,https://www.nba.com/stats/players/boxscores-traditional?Season=2016-17&SeasonType=Regular%20Season&TeamID=1610612741,2016-10-27,CHI vs. BOS,W,105,6.0,2010s
2017,2016–17,2548,Dwyane Wade,21600015,2016-10-27,CHI vs. BOS,BOS,W,32.416666666666664,22,7,18.0,4.0,6.0,4,4.0,2.0,4.0,6.0,5.0,0.0,1.0,3.0,4.0,15.0,14.399999999999999,55.66801619433198,https://www.nba.com/stats/players/boxscores-traditional?Season=2016-17&SeasonType=Regular%20Season&TeamID=1610612741,2016-10-27,CHI vs. BOS,W,105,6.0,2010s
2017,2016–17,200765,Rajon Rondo,21600015,2016-10-27,CHI vs. BOS,BOS,W,33.266666666666666,4,1,9.0,1.0,2.0,1,2.0,0.0,6.0,6.0,9.0,2.0,0.0,2.0,1.0,3.0,5.4,20.242914979757085,https://www.nba.com/stats/players/boxscores-traditional?Season=2016-17&SeasonType=Regular%20Season&TeamID=1610612741,2016-10-27,CHI vs. BOS,W,105,6.0,2010s
2017,2016–17,201959,Taj Gibson,21600015,2016-10-27,CHI vs. BOS,BOS,W,27.685,18,8,13.0,0.0,0.0,2,2.0,2.0,8.0,10.0,1.0,0.0,0.0,2.0,2.0,11.0,13.8,64.8414985590778,https://www.nba.com/stats/players/boxscores-traditional?Season=2016-17&SeasonType=Regular%20Season&TeamID=1610612741,2016-10-27,CHI vs. BOS,W,105,6.0,2010s
2017,2016–17,202703,Nikola Mirotic,21600015,2016-10-27,CHI vs. BOS,BOS,W,28.993333333333332,15,6,11.0,1.0,6.0,2,2.0,2.0,7.0,9.0,1.0,0.0,0.0,3.0,3.0,-1.0,9.7,63.13131313131313,https://www.nba.com/stats/players/boxscores-traditional?Season=2016-17&SeasonType=Regular%20Season&TeamID=1610612741,2016-10-27,CHI vs. BOS,W,105,6.0,2010s
2017,2016–17,201577,Robin Lopez,21600015,2016-10-27,CHI vs. BOS,BOS,W,27.47,8,3,8.0,0.0,0.0,2,4.0,6.0,2.0,8.0,1.0,0.0,0.0,1.0,2.0,5.0,6.499999999999999,40.98360655737705,https://www.nba.com/stats/players/boxscores-traditional?Season=2016-17&SeasonType=Regular%20Season&TeamID=1610612741,2016-10-27,CHI vs. BOS,W,105,6.0,2010s
2017,2016–17,203487,Michael Carter-Williams,21600015,2016-10-27,CHI vs. BOS,BOS,W,17.173333333333332,5,2,6.0,1.0,1.0,0,0.0,3.0,3.0,6.0,3.0,0.0,0.0,0.0,3.0,3.0,5.499999999999999,41.66666666666667,https://www.nba.com/stats/players/boxscores-traditional?Season=2016-17&SeasonType=Regular%20Season&TeamID=1610612741,2016-10-27,CHI vs. BOS,W,105,6.0,2010s
2017,2016–17,203926,Doug McDermott,21600015,2016-10-27,CHI vs. BOS,BOS,W,21.865,5,2,5.0,0.0,1.0,1,2.0,0.0,1.0,1.0,1.0,0.0,0.0,1.0,2.0,-5.0,1.0999999999999996,42.51700680272109,https://www.nba.com/stats/players/boxscores-traditional?Season=2016-17&SeasonType=Regular%20Season&TeamID=1610612741,2016-10-27,CHI vs. BOS,W,105,6.0,2010s
2017,2016–17,203477,Isaiah Canaan,21600015,2016-10-27,CHI vs. BOS,BOS,W,6.783333333333333,0,0,3.0,0.0,3.0,0,0.0,0.0,2.0,2.0,1.0,1.0,0.0,0.0,0.0,-2.0,0.2000000000000004,0.0,https://www.nba.com/stats/players/boxscores-traditional?Season=2016-17&SeasonType=Regular%20Season&TeamID=1610612741,2016-10-27,CHI vs. BOS,W,105,6.0,2010s
2017,2016–17,1626245,Cristiano Felicio,21600015,2016-10-27,CHI vs. BOS,BOS,W,7.746666666666667,4,1,2.0,0.0,0.0,2,2.0,0.0,0.0,0.0,0.0,0.0,0.0,0.0,2.0,-7.0,2.2,69.44444444444444,https://www.nba.com/stats/players/boxscores-traditional?Season=2016-17&SeasonType=Regular%20Season&TeamID=1610612741,2016-10-27,CHI vs. BOS,W,105,6.0,2010s
2018,2017–18,201577,Robin Lopez,21700014,2017-10-19,CHI @ TOR,TOR,L,31.733333333333334,18,7,15.0,0.0,1.0,4,4.0,4.0,4.0,8.0,2.0,1.0,0.0,1.0,3.0,3.0,14.5,53.69928400954653,https://www.nba.com/stats/players/boxscores-traditional?Season=2017-18&SeasonType=Regular%20Season&TeamID=1610612741,2017-10-19,CHI @ TOR,L,100,-17.0,2010s
2018,2017–18,203200,Justin Holiday,21700014,2017-10-19,CHI @ TOR,TOR,L,34.88333333333333,15,5,16.0,4.0,12.0,1,1.0,0.0,4.0,4.0,2.0,1.0,1.0,1.0,0.0,1.0,9.1,45.62043795620438,https://www.nba.com/stats/players/boxscores-traditional?Season=2017-18&SeasonType=Regular%20Season&TeamID=1610612741,2017-10-19,CHI @ TOR,L,100,-17.0,2010s
2018,2017–18,1626170,Jerian Grant,21700014,2017-10-19,CHI @ TOR,TOR,L,27.166666666666668,7,3,9.0,0.0,1.0,1,1.0,1.0,1.0,2.0,7.0,2.0,0.0,2.0,1.0,-11.0,7.399999999999999,37.07627118644068,https://www.nba.com/stats/players/boxscores-traditional?Season=2017-18&SeasonType=Regular%20Season&TeamID=1610612741,2017-10-19,CHI @ TOR,L,100,-17.0,2010s
2018,2017–18,1628374,Lauri Markkanen,21700014,2017-10-19,CHI @ TOR,TOR,L,33.45,17,5,12.0,2.0,6.0,5,6.0,2.0,6.0,8.0,0.0,0.0,1.0,3.0,2.0,-2.0,10.3,58.06010928961748,https://www.nba.com/stats/players/boxscores-traditional?Season=2017-18&SeasonType=Regular%20Season&TeamID=1610612741,2017-10-19,CHI @ TOR,L,100,-17.0,2010s
2018,2017–18,1627835,Paul Zipser,21700014,2017-10-19,CHI @ TOR,TOR,L,24.116666666666667,7,3,6.0,0.0,1.0,1,1.0,0.0,5.0,5.0,3.0,1.0,0.0,3.0,4.0,-15.0,4.0,54.347826086956516,https://www.nba.com/stats/players/boxscores-traditional?Season=2017-18&SeasonType=Regular%20Season&TeamID=1610612741,2017-10-19,CHI @ TOR,L,100,-17.0,2010s
2018,2017–18,1627770,Kay Felder,21700014,2017-10-19,CHI @ TOR,TOR,L,15.516666666666667,6,2,9.0,0.0,1.0,2,2.0,0.0,2.0,2.0,6.0,0.0,0.0,4.0,1.0,3.0,0.8999999999999986,30.364372469635626,https://www.nba.com/stats/players/boxscores-traditional?Season=2017-18&SeasonType=Regular%20Season&TeamID=1610612741,2017-10-19,CHI @ TOR,L,100,-17.0,2010s
2018,2017–18,202347,Quincy Pondexter,21700014,2017-10-19,CHI @ TOR,TOR,L,11.916666666666666,8,4,6.0,0.0,1.0,0,0.0,2.0,0.0,2.0,0.0,2.0,0.0,1.0,3.0,-5.0,6.6000000000000005,66.66666666666666,https://www.nba.com/stats/players/boxscores-traditional?Season=2017-18&SeasonType=Regular%20Season&TeamID=1610612741,2017-10-19,CHI @ TOR,L,100,-17.0,2010s
2018,2017–18,1627756,Denzel Valentine,21700014,2017-10-19,CHI @ TOR,TOR,L,25.516666666666666,12,4,10.0,4.0,7.0,0,0.0,0.0,2.0,2.0,0.0,0.0,0.0,1.0,4.0,-19.0,4.6,60.0,https://www.nba.com/stats/players/boxscores-traditional?Season=2017-18&SeasonType=Regular%20Season&TeamID=1610612741,2017-10-19,CHI @ TOR,L,100,-17.0,2010s
2018,2017–18,1628021,David Nwaba,21700014,2017-10-19,CHI @ TOR,TOR,L,12.883333333333333,4,1,1.0,0.0,0.0,2,3.0,0.0,4.0,4.0,1.0,0.0,0.0,0.0,0.0,-15.0,5.2,86.20689655172413,https://www.nba.com/stats/players/boxscores-traditional?Season=2017-18&SeasonType=Regular%20Season&TeamID=1610612741,2017-10-19,CHI @ TOR,L,100,-17.0,2010s
2018,2017–18,1626245,Cristiano Felicio,21700014,2017-10-19,CHI @ TOR,TOR,L,16.266666666666666,4,2,2.0,0.0,0.0,0,0.0,1.0,1.0,2.0,0.0,0.0,0.0,3.0,4.0,-20.0,-0.20000000000000062,100.0,https://www.nba.com/stats/players/boxscores-traditional?Season=2017-18&SeasonType=Regular%20Season&TeamID=1610612741,2017-10-19,CHI @ TOR,L,100,-17.0,2010s
2018,2017–18,1628469,Antonio Blakeney,21700014,2017-10-19,CHI @ TOR,TOR,L,1.2333333333333334,2,1,1.0,0.0,0.0,0,0.0,0.0,0.0,0.0,0.0,0.0,0.0,0.0,0.0,4.0,1.7,100.0,https://www.nba.com/stats/players/boxscores-traditional?Season=2017-18&SeasonType=Regular%20Season&TeamID=1610612741,2017-10-19,CHI @ TOR,L,100,-17.0,2010s
2018,2017–18,1627853,Ryan Arcidiacono,21700014,2017-10-19,CHI @ TOR,TOR,L,5.316666666666666,0,0,2.0,0.0,2.0,0,0.0,0.0,0.0,0.0,1.0,0.0,0.0,0.0,1.0,-9.0,-1.1,0.0,https://www.nba.com/stats/players/boxscores-traditional?Season=2017-18&SeasonType=Regular%20Season&TeamID=1610612741,2017-10-19,CHI @ TOR,L,100,-17.0,2010s
2019,2018–19,203897,Zach LaVine,21800014,2018-10-18,CHI @ PHI,PHI,L,32.7,30,11,19.0,2.0,7.0,6,7.0,0.0,5.0,5.0,3.0,0.0,3.0,5.0,5.0,-10.0,19.400000000000006,67.93478260869566,https://www.nba.com/stats/players/boxscores-traditional?Season=2018-19&SeasonType=Regular%20Season&TeamID=1610612741,2018-10-18,CHI @ PHI,L,108,-19.0,2010s
2019,2018–19,1626171,Bobby Portis Jr.,21800014,2018-10-18,CHI @ PHI,PHI,L,33.1,20,8,15.0,3.0,6.0,1,2.0,2.0,9.0,11.0,2.0,1.0,1.0,0.0,4.0,-3.0,17.899999999999995,62.97229219143576,https://www.nba.com/stats/players/boxscores-traditional?Season=2018-19&SeasonType=Regular%20Season&TeamID=1610612741,2018-10-18,CHI @ PHI,L,108,-19.0,2010s
2019,2018–19,1627853,Ryan Arcidiacono,21800014,2018-10-18,CHI @ PHI,PHI,L,28.251666666666665,8,3,4.0,2.0,3.0,0,0.0,0.0,4.0,4.0,8.0,0.0,0.0,0.0,0.0,-5.0,13.2,100.0,https://www.nba.com/stats/players/boxscores-traditional?Season=2018-19&SeasonType=Regular%20Season&TeamID=1610612741,2018-10-18,CHI @ PHI,L,108,-19.0,2010s
2019,2018–19,203953,Jabari Parker,21800014,2018-10-18,CHI @ PHI,PHI,L,25.208333333333332,15,7,16.0,1.0,4.0,0,0.0,1.0,4.0,5.0,1.0,1.0,0.0,2.0,3.0,-14.0,7.0,46.875,https://www.nba.com/stats/players/boxscores-traditional?Season=2018-19&SeasonType=Regular%20Season&TeamID=1610612741,2018-10-18,CHI @ PHI,L,108,-19.0,2010s
2019,2018–19,1628469,Antonio Blakeney,21800014,2018-10-18,CHI @ PHI,PHI,L,30.45,15,6,16.0,1.0,3.0,2,3.0,0.0,5.0,5.0,2.0,0.0,0.0,1.0,2.0,6.0,6.8999999999999995,43.302540415704385,https://www.nba.com/stats/players/boxscores-traditional?Season=2018-19&SeasonType=Regular%20Season&TeamID=1610612741,2018-10-18,CHI @ PHI,L,108,-19.0,2010s
2019,2018–19,1628976,Wendell Carter Jr.,21800014,2018-10-18,CHI @ PHI,PHI,L,19.983333333333334,8,4,10.0,0.0,0.0,0,0.0,1.0,2.0,3.0,3.0,0.0,1.0,1.0,4.0,-18.0,4.1,40.0,https://www.nba.com/stats/players/boxscores-traditional?Season=2018-19&SeasonType=Regular%20Season&TeamID=1610612741,2018-10-18,CHI @ PHI,L,108,-19.0,2010s
2019,2018–19,203200,Justin Holiday,21800014,2018-10-18,CHI @ PHI,PHI,L,27.386666666666667,10,4,12.0,2.0,9.0,0,0.0,0.0,4.0,4.0,1.0,0.0,0.0,0.0,2.0,-29.0,4.300000000000002,41.66666666666667,https://www.nba.com/stats/players/boxscores-traditional?Season=2018-19&SeasonType=Regular%20Season&TeamID=1610612741,2018-10-18,CHI @ PHI,L,108,-19.0,2010s
2019,2018–19,201577,Robin Lopez,21800014,2018-10-18,CHI @ PHI,PHI,L,17.708333333333332,2,1,4.0,0.0,0.0,0,0.0,1.0,0.0,1.0,3.0,1.0,1.0,2.0,2.0,-3.0,1.2999999999999998,25.0,https://www.nba.com/stats/players/boxscores-traditional?Season=2018-19&SeasonType=Regular%20Season&TeamID=1610612741,2018-10-18,CHI @ PHI,L,108,-19.0,2010s
2019,2018–19,1626166,Cameron Payne,21800014,2018-10-18,CHI @ PHI,PHI,L,21.566666666666663,0,0,4.0,0.0,1.0,0,0.0,0.0,1.0,1.0,5.0,1.0,0.0,1.0,1.0,-18.0,0.6000000000000001,0.0,https://www.nba.com/stats/players/boxscores-traditional?Season=2018-19&SeasonType=Regular%20Season&TeamID=1610612741,2018-10-18,CHI @ PHI,L,108,-19.0,2010s
2019,2018–19,1627755,Tyler Ulis,21800014,2018-10-18,CHI @ PHI,PHI,L,0.8283333333333334,0,0,0.0,0.0,0.0,0,0.0,0.0,0.0,0.0,0.0,0.0,0.0,0.0,0.0,0.0,0.0,0.0,https://www.nba.com/stats/players/boxscores-traditional?Season=2018-19&SeasonType=Regular%20Season&TeamID=1610612741,2018-10-18,CHI @ PHI,L,108,-19.0,2010s
2019,2018–19,1628990,Chandler Hutchison,21800014,2018-10-18,CHI @ PHI,PHI,L,2.816666666666667,0,0,1.0,0.0,0.0,0,0.0,0.0,0.0,0.0,0.0,0.0,0.0,0.0,0.0,-1.0,-0.7,0.0,https://www.nba.com/stats/players/boxscores-traditional?Season=2018-19&SeasonType=Regular%20Season&TeamID=1610612741,2018-10-18,CHI @ PHI,L,108,-19.0,2010s
2020,2019–20,1628374,Lauri Markkanen,21900003,2019-10-23,CHI @ CHA,CHA,L,34.36666666666667,35,13,25.0,1.0,7.0,8,10.0,5.0,12.0,17.0,2.0,1.0,0.0,1.0,1.0,-8.0,30.0,59.523809523809526,https://www.nba.com/stats/players/boxscores-traditional?Season=2019-20&SeasonType=Regular%20Season&TeamID=1610612741,2019-10-23,CHI @ CHA,L,125,-1.0,2010s
2020,2019–20,203897,Zach LaVine,21900003,2019-10-23,CHI @ CHA,CHA,L,30.0,16,7,17.0,1.0,4.0,1,1.0,3.0,3.0,6.0,7.0,2.0,1.0,5.0,3.0,-8.0,11.3,45.87155963302752,https://www.nba.com/stats/players/boxscores-traditional?Season=2019-20&SeasonType=Regular%20Season&TeamID=1610612741,2019-10-23,CHI @ CHA,L,125,-1.0,2010s
2020,2019–20,1629632,Coby White,21900003,2019-10-23,CHI @ CHA,CHA,L,27.15,17,6,13.0,1.0,4.0,4,5.0,0.0,3.0,3.0,7.0,0.0,0.0,1.0,2.0,6.0,13.899999999999999,55.92105263157895,https://www.nba.com/stats/players/boxscores-traditional?Season=2019-20&SeasonType=Regular%20Season&TeamID=1610612741,2019-10-23,CHI @ CHA,L,125,-1.0,2010s
2020,2019–20,1627739,Kris Dunn,21900003,2019-10-23,CHI @ CHA,CHA,L,23.841666666666665,11,5,7.0,0.0,2.0,1,2.0,1.0,1.0,2.0,2.0,4.0,0.0,0.0,3.0,-8.0,12.900000000000002,69.79695431472082,https://www.nba.com/stats/players/boxscores-traditional?Season=2019-20&SeasonType=Regular%20Season&TeamID=1610612741,2019-10-23,CHI @ CHA,L,125,-1.0,2010s
2020,2019–20,201152,Thaddeus Young,21900003,2019-10-23,CHI @ CHA,CHA,L,25.405,17,7,11.0,3.0,5.0,0,0.0,1.0,2.0,3.0,2.0,1.0,0.0,1.0,1.0,12.0,14.4,77.27272727272727,https://www.nba.com/stats/players/boxscores-traditional?Season=2019-20&SeasonType=Regular%20Season&TeamID=1610612741,2019-10-23,CHI @ CHA,L,125,-1.0,2010s
2020,2019–20,1628976,Wendell Carter Jr.,21900003,2019-10-23,CHI @ CHA,CHA,L,29.403333333333332,12,5,11.0,0.0,0.0,2,2.0,5.0,4.0,9.0,0.0,0.0,1.0,1.0,4.0,2.0,9.1,50.5050505050505,https://www.nba.com/stats/players/boxscores-traditional?Season=2019-20&SeasonType=Regular%20Season&TeamID=1610612741,2019-10-23,CHI @ CHA,L,125,-1.0,2010s
2020,2019–20,203490,Otto Porter Jr.,21900003,2019-10-23,CHI @ CHA,CHA,L,27.708333333333332,9,3,10.0,1.0,5.0,2,2.0,0.0,2.0,2.0,1.0,2.0,1.0,0.0,2.0,14.0,6.3999999999999995,41.36029411764706,https://www.nba.com/stats/players/boxscores-traditional?Season=2019-20&SeasonType=Regular%20Season&TeamID=1610612741,2019-10-23,CHI @ CHA,L,125,-1.0,2010s
2020,2019–20,1627853,Ryan Arcidiacono,21900003,2019-10-23,CHI @ CHA,CHA,L,10.933333333333334,6,2,3.0,2.0,2.0,0,0.0,3.0,0.0,3.0,1.0,1.0,0.0,0.0,1.0,-11.0,8.1,100.0,https://www.nba.com/stats/players/boxscores-traditional?Season=2019-20&SeasonType=Regular%20Season&TeamID=1610612741,2019-10-23,CHI @ CHA,L,125,-1.0,2010s
2020,2019–20,203107,Tomas Satoransky,21900003,2019-10-23,CHI @ CHA,CHA,L,24.366666666666667,2,1,5.0,0.0,0.0,0,0.0,0.0,0.0,0.0,3.0,0.0,1.0,0.0,2.0,4.0,0.8999999999999995,20.0,https://www.nba.com/stats/players/boxscores-traditional?Season=2019-20&SeasonType=Regular%20Season&TeamID=1610612741,2019-10-23,CHI @ CHA,L,125,-1.0,2010s
2020,2019–20,1628436,Luke Kornet,21900003,2019-10-23,CHI @ CHA,CHA,L,6.825,0,0,3.0,0.0,1.0,0,0.0,2.0,2.0,4.0,0.0,0.0,0.0,1.0,1.0,-8.0,-1.4999999999999998,0.0,https://www.nba.com/stats/players/boxscores-traditional?Season=2019-20&SeasonType=Regular%20Season&TeamID=1610612741,2019-10-23,CHI @ CHA,L,125,-1.0,2010s
2021,2020–21,1628374,Lauri Markkanen,22000015,2020-12-23,CHI vs. ATL,ATL,L,30.2,21,6,9.0,4.0,6.0,5,5.0,1.0,6.0,7.0,4.0,2.0,0.0,2.0,1.0,-34.0,22.0,93.75000000000001,https://www.nba.com/stats/players/boxscores-traditional?Season=2020-21&SeasonType=Regular%20Season&TeamID=1610612741,2020-12-23,CHI vs. ATL,L,104,-20.0,2020s
2021,2020–21,1629632,Coby White,22000015,2020-12-23,CHI vs. ATL,ATL,L,30.466666666666665,9,2,11.0,1.0,7.0,4,4.0,0.0,2.0,2.0,7.0,2.0,0.0,3.0,2.0,-13.0,5.800000000000001,35.26645768025078,https://www.nba.com/stats/players/boxscores-traditional?Season=2020-21&SeasonType=Regular%20Season&TeamID=1610612741,2020-12-23,CHI vs. ATL,L,104,-20.0,2020s
2021,2020–21,203897,Zach LaVine,22000015,2020-12-23,CHI vs. ATL,ATL,L,25.30666666666667,22,9,19.0,1.0,8.0,3,3.0,1.0,1.0,2.0,1.0,1.0,0.0,5.0,5.0,-26.0,8.000000000000002,54.13385826771654,https://www.nba.com/stats/players/boxscores-traditional?Season=2020-21&SeasonType=Regular%20Season&TeamID=1610612741,2020-12-23,CHI vs. ATL,L,104,-20.0,2020s
2021,2020–21,1630172,Patrick Williams,22000015,2020-12-23,CHI vs. ATL,ATL,L,33.04333333333334,16,5,11.0,1.0,3.0,5,6.0,0.0,4.0,4.0,1.0,1.0,1.0,0.0,2.0,-23.0,12.699999999999998,58.65102639296187,https://www.nba.com/stats/players/boxscores-traditional?Season=2020-21&SeasonType=Regular%20Season&TeamID=1610612741,2020-12-23,CHI vs. ATL,L,104,-20.0,2020s
2021,2020–21,203490,Otto Porter Jr.,22000015,2020-12-23,CHI vs. ATL,ATL,L,23.366666666666667,14,5,10.0,0.0,2.0,4,4.0,3.0,2.0,5.0,1.0,2.0,0.0,1.0,2.0,-9.0,12.599999999999998,59.523809523809526,https://www.nba.com/stats/players/boxscores-traditional?Season=2020-21&SeasonType=Regular%20Season&TeamID=1610612741,2020-12-23,CHI vs. ATL,L,104,-20.0,2020s
2021,2020–21,1628976,Wendell Carter Jr.,22000015,2020-12-23,CHI vs. ATL,ATL,L,25.766666666666666,6,2,5.0,0.0,2.0,2,2.0,1.0,5.0,6.0,2.0,0.0,0.0,3.0,3.0,-13.0,2.7,51.02040816326531,https://www.nba.com/stats/players/boxscores-traditional?Season=2020-21&SeasonType=Regular%20Season&TeamID=1610612741,2020-12-23,CHI vs. ATL,L,104,-20.0,2020s
2021,2020–21,1629690,Adam Mokoka,22000015,2020-12-23,CHI vs. ATL,ATL,L,16.783333333333335,4,2,6.0,0.0,3.0,0,0.0,1.0,1.0,2.0,2.0,1.0,1.0,0.0,1.0,6.0,4.3,33.33333333333333,https://www.nba.com/stats/players/boxscores-traditional?Season=2020-21&SeasonType=Regular%20Season&TeamID=1610612741,2020-12-23,CHI vs. ATL,L,104,-20.0,2020s
2021,2020–21,1627853,Ryan Arcidiacono,22000015,2020-12-23,CHI vs. ATL,ATL,L,19.583333333333332,5,2,6.0,1.0,4.0,0,0.0,0.0,3.0,3.0,2.0,1.0,0.0,0.0,2.0,6.0,4.1000000000000005,41.66666666666667,https://www.nba.com/stats/players/boxscores-traditional?Season=2020-21&SeasonType=Regular%20Season&TeamID=1610612741,2020-12-23,CHI vs. ATL,L,104,-20.0,2020s
2021,2020–21,1629655,Daniel Gafford,22000015,2020-12-23,CHI vs. ATL,ATL,L,16.9,5,2,4.0,0.0,0.0,1,4.0,0.0,1.0,1.0,0.0,0.0,1.0,0.0,1.0,2.0,2.4,43.40277777777778,https://www.nba.com/stats/players/boxscores-traditional?Season=2020-21&SeasonType=Regular%20Season&TeamID=1610612741,2020-12-23,CHI vs. ATL,L,104,-20.0,2020s
2021,2020–21,1628990,Chandler Hutchison,22000015,2020-12-23,CHI vs. ATL,ATL,L,18.583333333333332,2,1,6.0,0.0,0.0,0,0.0,1.0,4.0,5.0,0.0,0.0,0.0,1.0,3.0,4.0,-2.0999999999999996,16.666666666666664,https://www.nba.com/stats/players/boxscores-traditional?Season=2020-21&SeasonType=Regular%20Season&TeamID=1610612741,2020-12-23,CHI vs. ATL,L,104,-20.0,2020s
2022,2021–22,203897,Zach LaVine,22100004,2021-10-20,CHI @ DET,DET,W,35.333333333333336,34,11,17.0,1.0,5.0,11,11.0,0.0,7.0,7.0,4.0,1.0,1.0,2.0,2.0,8.0,30.300000000000004,77.83882783882784,https://www.nba.com/stats/players/boxscores-traditional?Season=2021-22&SeasonType=Regular%20Season&TeamID=1610612741,2021-10-20,CHI @ DET,W,94,6.0,2020s
2022,2021–22,202696,Nikola Vučević,22100004,2021-10-20,CHI @ DET,DET,W,35.876666666666665,15,7,21.0,1.0,4.0,0,0.0,5.0,10.0,15.0,4.0,0.0,0.0,3.0,1.0,13.0,9.000000000000002,35.714285714285715,https://www.nba.com/stats/players/boxscores-traditional?Season=2021-22&SeasonType=Regular%20Season&TeamID=1610612741,2021-10-20,CHI @ DET,W,94,6.0,2020s
2022,2021–22,201942,DeMar DeRozan,22100004,2021-10-20,CHI @ DET,DET,W,37.766666666666666,17,8,17.0,1.0,1.0,0,2.0,0.0,7.0,7.0,2.0,3.0,0.0,2.0,2.0,5.0,11.200000000000001,47.53914988814318,https://www.nba.com/stats/players/boxscores-traditional?Season=2021-22&SeasonType=Regular%20Season&TeamID=1610612741,2021-10-20,CHI @ DET,W,94,6.0,2020s
2022,2021–22,1627936,Alex Caruso,22100004,2021-10-20,CHI @ DET,DET,W,27.125,3,1,5.0,1.0,3.0,0,0.0,0.0,3.0,3.0,3.0,4.0,2.0,2.0,5.0,-11.0,4.299999999999999,30.0,https://www.nba.com/stats/players/boxscores-traditional?Season=2021-22&SeasonType=Regular%20Season&TeamID=1610612741,2021-10-20,CHI @ DET,W,94,6.0,2020s
2022,2021–22,1628366,Lonzo Ball,22100004,2021-10-20,CHI @ DET,DET,W,33.36666666666667,12,5,12.0,2.0,6.0,0,0.0,3.0,3.0,6.0,4.0,0.0,1.0,4.0,0.0,17.0,8.100000000000001,50.0,https://www.nba.com/stats/players/boxscores-traditional?Season=2021-22&SeasonType=Regular%20Season&TeamID=1610612741,2021-10-20,CHI @ DET,W,94,6.0,2020s
2022,2021–22,1630245,Ayo Dosunmu,22100004,2021-10-20,CHI @ DET,DET,W,11.2,7,3,8.0,1.0,3.0,0,0.0,0.0,2.0,2.0,0.0,0.0,1.0,1.0,1.0,7.0,2.4999999999999996,43.75,https://www.nba.com/stats/players/boxscores-traditional?Season=2021-22&SeasonType=Regular%20Season&TeamID=1610612741,2021-10-20,CHI @ DET,W,94,6.0,2020s
2022,2021–22,1630172,Patrick Williams,22100004,2021-10-20,CHI @ DET,DET,W,28.448333333333338,6,2,3.0,0.0,0.0,2,2.0,0.0,1.0,1.0,0.0,0.0,0.0,1.0,2.0,12.0,3.2,77.31958762886599,https://www.nba.com/stats/players/boxscores-traditional?Season=2021-22&SeasonType=Regular%20Season&TeamID=1610612741,2021-10-20,CHI @ DET,W,94,6.0,2020s
2022,2021–22,1629750,Javonte Green,22100004,2021-10-20,CHI @ DET,DET,W,14.816666666666666,0,0,1.0,0.0,1.0,0,0.0,0.0,3.0,3.0,1.0,0.0,0.0,0.0,0.0,-8.0,0.8999999999999999,0.0,https://www.nba.com/stats/players/boxscores-traditional?Season=2021-22&SeasonType=Regular%20Season&TeamID=1610612741,2021-10-20,CHI @ DET,W,94,6.0,2020s
2022,2021–22,1628993,Alize Johnson,22100004,2021-10-20,CHI @ DET,DET,W,11.9,0,0,2.0,0.0,0.0,0,0.0,1.0,3.0,4.0,0.0,0.0,0.0,2.0,3.0,-7.0,-3.0,0.0,https://www.nba.com/stats/players/boxscores-traditional?Season=2021-22&SeasonType=Regular%20Season&TeamID=1610612741,2021-10-20,CHI @ DET,W,94,6.0,2020s
2022,2021–22,1628972,Troy Brown Jr.,22100004,2021-10-20,CHI @ DET,DET,W,4.166666666666667,0,0,0.0,0.0,0.0,0,0.0,0.0,0.0,0.0,0.0,0.0,0.0,0.0,3.0,-6.0,-1.2000000000000002,0.0,https://www.nba.com/stats/players/boxscores-traditional?Season=2021-22&SeasonType=Regular%20Season&TeamID=1610612741,2021-10-20,CHI @ DET,W,94,6.0,2020s
2023,2022–23,201942,DeMar DeRozan,22200007,2022-10-19,CHI @ MIA,MIA,W,36.13333333333333,37,14,22.0,2.0,3.0,7,11.0,1.0,5.0,6.0,9.0,2.0,1.0,1.0,3.0,13.0,34.6,68.92697466467959,https://www.nba.com/stats/players/boxscores-traditional?Season=2022-23&SeasonType=Regular%20Season&TeamID=1610612741,2022-10-19,CHI @ MIA,W,116,8.0,2020s
2023,2022–23,202696,Nikola Vučević,22200007,2022-10-19,CHI @ MIA,MIA,W,33.11666666666667,15,5,13.0,1.0,5.0,4,4.0,5.0,12.0,17.0,2.0,0.0,3.0,1.0,1.0,16.0,17.1,50.81300813008131,https://www.nba.com/stats/players/boxscores-traditional?Season=2022-23&SeasonType=Regular%20Season&TeamID=1610612741,2022-10-19,CHI @ MIA,W,116,8.0,2020s
2023,2022–23,1630245,Ayo Dosunmu,22200007,2022-10-19,CHI @ MIA,MIA,W,36.416666666666664,17,7,14.0,3.0,6.0,0,0.0,1.0,5.0,6.0,4.0,2.0,1.0,2.0,2.0,15.0,14.899999999999999,60.71428571428571,https://www.nba.com/stats/players/boxscores-traditional?Season=2022-23&SeasonType=Regular%20Season&TeamID=1610612741,2022-10-19,CHI @ MIA,W,116,8.0,2020s
2023,2022–23,1627936,Alex Caruso,22200007,2022-10-19,CHI @ MIA,MIA,W,29.65,6,2,10.0,1.0,6.0,1,2.0,2.0,3.0,5.0,4.0,2.0,0.0,4.0,4.0,9.0,0.9000000000000004,27.573529411764703,https://www.nba.com/stats/players/boxscores-traditional?Season=2022-23&SeasonType=Regular%20Season&TeamID=1610612741,2022-10-19,CHI @ MIA,W,116,8.0,2020s
2023,2022–23,201609,Goran Dragic,22200007,2022-10-19,CHI @ MIA,MIA,W,18.841666666666665,12,4,8.0,4.0,5.0,0,2.0,0.0,0.0,0.0,2.0,2.0,0.0,1.0,2.0,-9.0,8.799999999999999,67.56756756756756,https://www.nba.com/stats/players/boxscores-traditional?Season=2022-23&SeasonType=Regular%20Season&TeamID=1610612741,2022-10-19,CHI @ MIA,W,116,8.0,2020s
2023,2022–23,203083,Andre Drummond,22200007,2022-10-19,CHI @ MIA,MIA,W,14.883333333333333,9,2,7.0,0.0,1.0,5,5.0,3.0,2.0,5.0,1.0,1.0,1.0,3.0,4.0,-8.0,5.4,48.913043478260875,https://www.nba.com/stats/players/boxscores-traditional?Season=2022-23&SeasonType=Regular%20Season&TeamID=1610612741,2022-10-19,CHI @ MIA,W,116,8.0,2020s
2023,2022–23,1629632,Coby White,22200007,2022-10-19,CHI @ MIA,MIA,W,24.541666666666668,10,4,11.0,2.0,7.0,0,0.0,0.0,2.0,2.0,0.0,1.0,0.0,1.0,3.0,0.0,3.3,45.45454545454545,https://www.nba.com/stats/players/boxscores-traditional?Season=2022-23&SeasonType=Regular%20Season&TeamID=1610612741,2022-10-19,CHI @ MIA,W,116,8.0,2020s
2023,2022–23,1629750,Javonte Green,22200007,2022-10-19,CHI @ MIA,MIA,W,18.28,6,1,2.0,0.0,1.0,4,4.0,0.0,3.0,3.0,1.0,1.0,0.0,0.0,6.0,8.0,5.2,79.7872340425532,https://www.nba.com/stats/players/boxscores-traditional?Season=2022-23&SeasonType=Regular%20Season&TeamID=1610612741,2022-10-19,CHI @ MIA,W,116,8.0,2020s
2023,2022–23,1630172,Patrick Williams,22200007,2022-10-19,CHI @ MIA,MIA,W,28.136666666666667,4,2,6.0,0.0,2.0,0,0.0,0.0,2.0,2.0,0.0,1.0,0.0,1.0,1.0,-4.0,0.8000000000000007,33.33333333333333,https://www.nba.com/stats/players/boxscores-traditional?Season=2022-23&SeasonType=Regular%20Season&TeamID=1610612741,2022-10-19,CHI @ MIA,W,116,8.0,2020s
2024,2023–24,202696,Nikola Vučević,22300070,2023-10-25,CHI vs. OKC,OKC,L,31.95,11,5,8.0,0.0,2.0,1,1.0,1.0,8.0,9.0,4.0,3.0,2.0,4.0,2.0,-19.0,12.899999999999999,65.16587677725119,https://www.nba.com/stats/players/boxscores-traditional?Season=2023-24&SeasonType=Regular%20Season&TeamID=1610612741,2023-10-25,CHI vs. OKC,L,104,-20.0,2020s
2024,2023–24,201942,DeMar DeRozan,22300070,2023-10-25,CHI vs. OKC,OKC,L,32.88333333333333,20,9,20.0,1.0,3.0,1,3.0,2.0,3.0,5.0,2.0,1.0,1.0,0.0,1.0,-29.0,13.8,46.90431519699813,https://www.nba.com/stats/players/boxscores-traditional?Season=2023-24&SeasonType=Regular%20Season&TeamID=1610612741,2023-10-25,CHI vs. OKC,L,104,-20.0,2020s
2024,2023–24,1629632,Coby White,22300070,2023-10-25,CHI vs. OKC,OKC,L,30.583333333333332,15,4,14.0,2.0,7.0,5,6.0,1.0,3.0,4.0,4.0,0.0,0.0,0.0,3.0,-8.0,9.600000000000001,45.07211538461539,https://www.nba.com/stats/players/boxscores-traditional?Season=2023-24&SeasonType=Regular%20Season&TeamID=1610612741,2023-10-25,CHI vs. OKC,L,104,-20.0,2020s
2024,2023–24,203897,Zach LaVine,22300070,2023-10-25,CHI vs. OKC,OKC,L,24.716666666666665,16,4,16.0,2.0,9.0,6,6.0,0.0,4.0,4.0,3.0,0.0,0.0,4.0,3.0,1.0,4.5000000000000036,42.91845493562232,https://www.nba.com/stats/players/boxscores-traditional?Season=2023-24&SeasonType=Regular%20Season&TeamID=1610612741,2023-10-25,CHI vs. OKC,L,104,-20.0,2020s
2024,2023–24,1630172,Patrick Williams,22300070,2023-10-25,CHI vs. OKC,OKC,L,30.033333333333335,8,4,10.0,0.0,4.0,0,0.0,2.0,1.0,3.0,4.0,2.0,0.0,0.0,3.0,-3.0,7.8999999999999995,40.0,https://www.nba.com/stats/players/boxscores-traditional?Season=2023-24&SeasonType=Regular%20Season&TeamID=1610612741,2023-10-25,CHI vs. OKC,L,104,-20.0,2020s
2024,2023–24,1628470,Torrey Craig,22300070,2023-10-25,CHI vs. OKC,OKC,L,21.683333333333337,11,4,6.0,3.0,4.0,0,0.0,4.0,3.0,7.0,1.0,0.0,0.0,1.0,2.0,-12.0,10.999999999999998,91.66666666666666,https://www.nba.com/stats/players/boxscores-traditional?Season=2023-24&SeasonType=Regular%20Season&TeamID=1610612741,2023-10-25,CHI vs. OKC,L,104,-20.0,2020s
2024,2023–24,1627936,Alex Caruso,22300070,2023-10-25,CHI vs. OKC,OKC,L,19.616666666666667,6,2,5.0,1.0,4.0,1,2.0,0.0,2.0,2.0,3.0,2.0,0.0,1.0,1.0,-19.0,6.199999999999999,51.02040816326531,https://www.nba.com/stats/players/boxscores-traditional?Season=2023-24&SeasonType=Regular%20Season&TeamID=1610612741,2023-10-25,CHI vs. OKC,L,104,-20.0,2020s
2024,2023–24,203083,Andre Drummond,22300070,2023-10-25,CHI vs. OKC,OKC,L,15.966666666666669,6,3,4.0,0.0,0.0,0,0.0,3.0,2.0,5.0,1.0,1.0,0.0,1.0,1.0,-1.0,7.399999999999999,75.0,https://www.nba.com/stats/players/boxscores-traditional?Season=2023-24&SeasonType=Regular%20Season&TeamID=1610612741,2023-10-25,CHI vs. OKC,L,104,-20.0,2020s
2024,2023–24,1630245,Ayo Dosunmu,22300070,2023-10-25,CHI vs. OKC,OKC,L,9.3,8,3,5.0,2.0,4.0,0,0.0,0.0,0.0,0.0,1.0,1.0,0.0,1.0,0.0,3.0,6.3999999999999995,80.0,https://www.nba.com/stats/players/boxscores-traditional?Season=2023-24&SeasonType=Regular%20Season&TeamID=1610612741,2023-10-25,CHI vs. OKC,L,104,-20.0,2020s
2024,2023–24,1628975,Jevon Carter,22300070,2023-10-25,CHI vs. OKC,OKC,L,15.933333333333334,3,1,4.0,1.0,4.0,0,0.0,0.0,1.0,1.0,2.0,0.0,0.0,0.0,0.0,-15.0,2.3,37.5,https://www.nba.com/stats/players/boxscores-traditional?Season=2023-24&SeasonType=Regular%20Season&TeamID=1610612741,2023-10-25,CHI vs. OKC,L,104,-20.0,2020s
2024,2023–24,1631207,Dalen Terry,22300070,2023-10-25,CHI vs. OKC,OKC,L,3.6666666666666665,0,0,2.0,0.0,1.0,0,0.0,0.0,2.0,2.0,1.0,0.0,0.0,0.0,0.0,1.0,-0.09999999999999998,0.0,https://www.nba.com/stats/players/boxscores-traditional?Season=2023-24&SeasonType=Regular%20Season&TeamID=1610612741,2023-10-25,CHI vs. OKC,L,104,-20.0,2020s
2024,2023–24,1641763,Julian Phillips,22300070,2023-10-25,CHI vs. OKC,OKC,L,3.6666666666666665,0,0,0.0,0.0,0.0,0,0.0,0.0,0.0,0.0,0.0,0.0,0.0,0.0,0.0,1.0,0.0,0.0,https://www.nba.com/stats/players/boxscores-traditional?Season=2023-24&SeasonType=Regular%20Season&TeamID=1610612741,2023-10-25,CHI vs. OKC,L,104,-20.0,2020s
2025,2024–25,203897,Zach LaVine,22400069,2024-10-23,CHI @ NOP,NOP,L,36.766666666666666,27,10,17.0,5.0,8.0,2,3.0,1.0,4.0,5.0,3.0,0.0,0.0,7.0,4.0,-15.0,14.100000000000001,73.68995633187772,https://www.nba.com/stats/players/boxscores-traditional?Season=2024-25&SeasonType=Regular%20Season&TeamID=1610612741,2024-10-23,CHI @ NOP,L,111,-12.0,2020s
2025,2024–25,1629632,Coby White,22400069,2024-10-23,CHI @ NOP,NOP,L,34.78333333333333,10,4,13.0,0.0,5.0,2,2.0,0.0,8.0,8.0,6.0,1.0,1.0,4.0,1.0,-6.0,6.399999999999999,36.023054755043226,https://www.nba.com/stats/players/boxscores-traditional?Season=2024-25&SeasonType=Regular%20Season&TeamID=1610612741,2024-10-23,CHI @ NOP,L,111,-12.0,2020s
2025,2024–25,202696,Nikola Vučević,22400069,2024-10-23,CHI @ NOP,NOP,L,30.7,21,8,12.0,1.0,2.0,4,5.0,2.0,9.0,11.0,1.0,0.0,0.0,1.0,3.0,-14.0,18.0,73.94366197183099,https://www.nba.com/stats/players/boxscores-traditional?Season=2024-25&SeasonType=Regular%20Season&TeamID=1610612741,2024-10-23,CHI @ NOP,L,111,-12.0,2020s
2025,2024–25,1630581,Josh Giddey,22400069,2024-10-23,CHI @ NOP,NOP,L,30.483333333333334,14,5,11.0,0.0,1.0,4,7.0,1.0,4.0,5.0,3.0,0.0,0.0,3.0,1.0,-22.0,7.699999999999999,49.715909090909086,https://www.nba.com/stats/players/boxscores-traditional?Season=2024-25&SeasonType=Regular%20Season&TeamID=1610612741,2024-10-23,CHI @ NOP,L,111,-12.0,2020s
2025,2024–25,1630188,Jalen Smith,22400069,2024-10-23,CHI @ NOP,NOP,L,17.3,15,5,8.0,1.0,3.0,4,4.0,3.0,2.0,5.0,0.0,1.0,0.0,0.0,2.0,2.0,14.299999999999999,76.84426229508196,https://www.nba.com/stats/players/boxscores-traditional?Season=2024-25&SeasonType=Regular%20Season&TeamID=1610612741,2024-10-23,CHI @ NOP,L,111,-12.0,2020s
2025,2024–25,1630245,Ayo Dosunmu,22400069,2024-10-23,CHI @ NOP,NOP,L,24.966666666666665,8,4,6.0,0.0,2.0,0,0.0,0.0,4.0,4.0,3.0,0.0,0.0,2.0,2.0,-13.0,5.8999999999999995,66.66666666666666,https://www.nba.com/stats/players/boxscores-traditional?Season=2024-25&SeasonType=Regular%20Season&TeamID=1610612741,2024-10-23,CHI @ NOP,L,111,-12.0,2020s
2025,2024–25,1630172,Patrick Williams,22400069,2024-10-23,CHI @ NOP,NOP,L,24.066666666666663,6,2,7.0,1.0,4.0,1,2.0,2.0,1.0,3.0,3.0,0.0,1.0,2.0,0.0,-5.0,4.0,38.07106598984772,https://www.nba.com/stats/players/boxscores-traditional?Season=2024-25&SeasonType=Regular%20Season&TeamID=1610612741,2024-10-23,CHI @ NOP,L,111,-12.0,2020s
2025,2024–25,1628366,Lonzo Ball,22400069,2024-10-23,CHI @ NOP,NOP,L,13.65,5,2,4.0,1.0,3.0,0,0.0,0.0,2.0,2.0,4.0,0.0,0.0,1.0,2.0,4.0,4.6000000000000005,62.5,https://www.nba.com/stats/players/boxscores-traditional?Season=2024-25&SeasonType=Regular%20Season&TeamID=1610612741,2024-10-23,CHI @ NOP,L,111,-12.0,2020s
2025,2024–25,1641763,Julian Phillips,22400069,2024-10-23,CHI @ NOP,NOP,L,11.533333333333331,2,1,3.0,0.0,2.0,0,0.0,0.0,0.0,0.0,1.0,1.0,0.0,0.0,0.0,-9.0,2.0,33.33333333333333,https://www.nba.com/stats/players/boxscores-traditional?Season=2024-25&SeasonType=Regular%20Season&TeamID=1610612741,2024-10-23,CHI @ NOP,L,111,-12.0,2020s
2025,2024–25,1641824,Matas Buzelis,22400069,2024-10-23,CHI @ NOP,NOP,L,4.7,0,0,3.0,0.0,3.0,0,0.0,0.0,2.0,2.0,1.0,0.0,0.0,0.0,1.0,8.0,-1.1999999999999997,0.0,https://www.nba.com/stats/players/boxscores-traditional?Season=2024-25&SeasonType=Regular%20Season&TeamID=1610612741,2024-10-23,CHI @ NOP,L,111,-12.0,2020s
2025,2024–25,1629659,Talen Horton-Tucker,22400069,2024-10-23,CHI @ NOP,NOP,L,7.516666666666667,0,0,1.0,0.0,0.0,0,2.0,0.0,2.0,2.0,1.0,0.0,0.0,1.0,0.0,4.0,-1.2000000000000002,0.0,https://www.nba.com/stats/players/boxscores-traditional?Season=2024-25&SeasonType=Regular%20Season&TeamID=1610612741,2024-10-23,CHI @ NOP,L,111,-12.0,2020s
2025,2024–25,1630537,Chris Duarte,22400069,2024-10-23,CHI @ NOP,NOP,L,1.7666666666666666,3,1,1.0,1.0,1.0,0,0.0,0.0,0.0,0.0,0.0,0.0,0.0,0.0,0.0,3.0,2.7,150.0,https://www.nba.com/stats/players/boxscores-traditional?Season=2024-25&SeasonType=Regular%20Season&TeamID=1610612741,2024-10-23,CHI @ NOP,L,111,-12.0,2020s
2025,2024–25,1631207,Dalen Terry,22400069,2024-10-23,CHI @ NOP,NOP,L,1.7666666666666666,0,0,0.0,0.0,0.0,0,0.0,0.0,0.0,0.0,0.0,1.0,0.0,0.0,0.0,3.0,1.0,0.0,https://www.nba.com/stats/players/boxscores-traditional?Season=2024-25&SeasonType=Regular%20Season&TeamID=1610612741,2024-10-23,CHI @ NOP,L,111,-12.0,2020s
2026,2025–26,202696,Nikola Vučević,22500084,2025-10-22,CHI vs. DET,DET,W,32.583333333333336,28,11,18.0,4.0,6.0,2,2.0,4.0,10.0,14.0,2.0,1.0,0.0,1.0,2.0,8.0,26.199999999999996,74.15254237288136,https://www.nba.com/stats/players/boxscores-traditional?Season=2025-26&SeasonType=Regular%20Season&TeamID=1610612741,2025-10-22,CHI vs. DET,W,115,4.0,2020s
2026,2025–26,1630581,Josh Giddey,22500084,2025-10-22,CHI vs. DET,DET,W,28.8,19,5,12.0,1.0,2.0,8,11.0,1.0,4.0,5.0,11.0,0.0,1.0,6.0,5.0,6.0,13.7,56.41330166270784,https://www.nba.com/stats/players/boxscores-traditional?Season=2025-26&SeasonType=Regular%20Season&TeamID=1610612741,2025-10-22,CHI vs. DET,W,115,4.0,2020s
2026,2025–26,1641824,Matas Buzelis,22500084,2025-10-22,CHI vs. DET,DET,W,33.766666666666666,21,7,12.0,0.0,3.0,7,7.0,2.0,4.0,6.0,1.0,0.0,3.0,3.0,3.0,-10.0,16.599999999999998,69.62864721485411,https://www.nba.com/stats/players/boxscores-traditional?Season=2025-26&SeasonType=Regular%20Season&TeamID=1610612741,2025-10-22,CHI vs. DET,W,115,4.0,2020s
2026,2025–26,1630200,Tre Jones,22500084,2025-10-22,CHI vs. DET,DET,W,31.633333333333333,12,5,8.0,1.0,1.0,1,2.0,0.0,1.0,1.0,8.0,3.0,0.0,2.0,3.0,6.0,13.7,67.56756756756756,https://www.nba.com/stats/players/boxscores-traditional?Season=2025-26&SeasonType=Regular%20Season&TeamID=1610612741,2025-10-22,CHI vs. DET,W,115,4.0,2020s
2026,2025–26,1628989,Kevin Huerter,22500084,2025-10-22,CHI vs. DET,DET,W,27.233333333333334,15,4,11.0,2.0,6.0,5,6.0,1.0,4.0,5.0,0.0,1.0,2.0,1.0,2.0,9.0,11.0,54.98533724340176,https://www.nba.com/stats/players/boxscores-traditional?Season=2025-26&SeasonType=Regular%20Season&TeamID=1610612741,2025-10-22,CHI vs. DET,W,115,4.0,2020s
2026,2025–26,1630245,Ayo Dosunmu,22500084,2025-10-22,CHI vs. DET,DET,W,26.5,14,6,14.0,2.0,5.0,0,0.0,2.0,3.0,5.0,2.0,0.0,0.0,0.0,1.0,-5.0,9.9,50.0,https://www.nba.com/stats/players/boxscores-traditional?Season=2025-26&SeasonType=Regular%20Season&TeamID=1610612741,2025-10-22,CHI vs. DET,W,115,4.0,2020s
2026,2025–26,1630172,Patrick Williams,22500084,2025-10-22,CHI vs. DET,DET,W,17.0,4,1,2.0,1.0,2.0,1,2.0,0.0,4.0,4.0,0.0,1.0,2.0,2.0,1.0,1.0,3.8000000000000007,69.44444444444444,https://www.nba.com/stats/players/boxscores-traditional?Season=2025-26&SeasonType=Regular%20Season&TeamID=1610612741,2025-10-22,CHI vs. DET,W,115,4.0,2020s
2026,2025–26,1630171,Isaac Okoro,22500084,2025-10-22,CHI vs. DET,DET,W,22.516666666666666,0,0,2.0,0.0,0.0,0,0.0,1.0,4.0,5.0,4.0,0.0,0.0,2.0,5.0,17.0,-0.7000000000000002,0.0,https://www.nba.com/stats/players/boxscores-traditional?Season=2025-26&SeasonType=Regular%20Season&TeamID=1610612741,2025-10-22,CHI vs. DET,W,115,4.0,2020s
2026,2025–26,1630188,Jalen Smith,22500084,2025-10-22,CHI vs. DET,DET,W,13.633333333333333,2,0,7.0,0.0,5.0,2,2.0,1.0,4.0,5.0,1.0,0.0,0.0,0.0,1.0,-2.0,-0.6999999999999994,12.690355329949238,https://www.nba.com/stats/players/boxscores-traditional?Season=2025-26&SeasonType=Regular%20Season&TeamID=1610612741,2025-10-22,CHI vs. DET,W,115,4.0,2020s
2026,2025–26,1631207,Dalen Terry,22500084,2025-10-22,CHI vs. DET,DET,W,6.333333333333333,0,0,1.0,0.0,0.0,0,0.0,0.0,0.0,0.0,0.0,0.0,0.0,0.0,0.0,-10.0,-0.7,0.0,https://www.nba.com/stats/players/boxscores-traditional?Season=2025-26&SeasonType=Regular%20Season&TeamID=1610612741,2025-10-22,CHI vs. DET,W,115,4.0,2020s
