season_end_year,season,player_id,player,game_id,game_date,matchup,opponent,result,minutes,points,fgm,fga,fg3m,fg3a,ftm,fta,oreb,dreb,reb,ast,stl,blk,tov,pf,plus_minus,game_score,ts_pct,player_source_url
2008,2007–08,201189,Aaron Gray,0020701225,2008-04-16,CHI vs. TOR,TOR,W,35.04833333333333,19,5,13,0,0,9,9,5,17,22,2,0,0,2,2,7,19.099999999999998,56.014150943396224,https://www.nba.com/stats/players/boxscores-traditional?Season=2007-08&SeasonType=Regular%20Season&TeamID=1610612741
2008,2007–08,200748,Tyrus Thomas,0020701225,2008-04-16,CHI vs. TOR,TOR,W,36.0,26,9,13,0,1,8,10,2,2,4,1,2,0,1,4,7,21.799999999999997,74.71264367816093,https://www.nba.com/stats/players/boxscores-traditional?Season=2007-08&SeasonType=Regular%20Season&TeamID=1610612741
2008,2007–08,201149,Joakim Noah,0020701225,2008-04-16,CHI vs. TOR,TOR,W,30.13,12,4,6,0,0,4,5,5,4,9,3,1,4,0,2,21,18.799999999999997,73.17073170731709,https://www.nba.com/stats/players/boxscores-traditional?Season=2007-08&SeasonType=Regular%20Season&TeamID=1610612741
2008,2007–08,200757,Thabo Sefolosha,0020701225,2008-04-16,CHI vs. TOR,TOR,W,29.15,16,5,9,0,1,6,6,1,2,3,3,2,0,3,1,19,13.7,68.72852233676976,https://www.nba.com/stats/players/boxscores-traditional?Season=2007-08&SeasonType=Regular%20Season&TeamID=1610612741
2008,2007–08,2768,Chris Duhon,0020701225,2008-04-16,CHI vs. TOR,TOR,W,24.3,8,3,6,1,2,1,1,0,2,2,6,1,0,1,1,18,9.399999999999999,62.11180124223602,https://www.nba.com/stats/players/boxscores-traditional?Season=2007-08&SeasonType=Regular%20Season&TeamID=1610612741
2008,2007–08,2550,Kirk Hinrich,0020701225,2008-04-16,CHI vs. TOR,TOR,W,23.7,4,2,7,0,4,0,0,0,1,1,6,2,0,2,1,-8,3.999999999999999,28.57142857142857,https://www.nba.com/stats/players/boxscores-traditional?Season=2007-08&SeasonType=Regular%20Season&TeamID=1610612741
2008,2007–08,2804,Andres Nocioni,0020701225,2008-04-16,CHI vs. TOR,TOR,W,12.0,10,5,8,0,2,0,0,1,2,3,1,0,0,2,2,3,5.6000000000000005,62.5,https://www.nba.com/stats/players/boxscores-traditional?Season=2007-08&SeasonType=Regular%20Season&TeamID=1610612741
2008,2007–08,2736,Luol Deng,0020701225,2008-04-16,CHI vs. TOR,TOR,W,18.166666666666668,6,3,8,0,0,0,0,0,2,2,1,0,0,2,0,-11,0.9000000000000004,37.5,https://www.nba.com/stats/players/boxscores-traditional?Season=2007-08&SeasonType=Regular%20Season&TeamID=1610612741
2008,2007–08,201193,Demetris Nichols,0020701225,2008-04-16,CHI vs. TOR,TOR,W,4.503333333333333,2,1,3,0,2,0,0,0,1,1,0,0,2,0,0,3,2.0,33.33333333333333,https://www.nba.com/stats/players/boxscores-traditional?Season=2007-08&SeasonType=Regular%20Season&TeamID=1610612741
2008,2007–08,2732,Ben Gordon,0020701225,2008-04-16,CHI vs. TOR,TOR,W,9.9,2,1,2,0,1,0,0,0,2,2,3,0,0,2,0,-5,1.6999999999999997,50.0,https://www.nba.com/stats/players/boxscores-traditional?Season=2007-08&SeasonType=Regular%20Season&TeamID=1610612741
2008,2007–08,1716,Larry Hughes,0020701225,2008-04-16,CHI vs. TOR,TOR,W,16.15,2,1,6,0,2,0,0,0,0,0,0,0,0,1,2,-4,-3.5999999999999996,16.666666666666664,https://www.nba.com/stats/players/boxscores-traditional?Season=2007-08&SeasonType=Regular%20Season&TeamID=1610612741
2008,2007–08,200759,Cedric Simmons,0020701225,2008-04-16,CHI vs. TOR,TOR,W,0.9516666666666667,0,0,0,0,0,0,2,1,0,1,0,0,0,0,0,0,-0.10000000000000009,0.0,https://www.nba.com/stats/players/boxscores-traditional?Season=2007-08&SeasonType=Regular%20Season&TeamID=1610612741
2008,2007–08,2768,Chris Duhon,0020701207,2008-04-14,CHI @ MIL,MIL,W,30.35,22,8,9,4,4,2,2,0,3,3,15,2,0,0,2,22,31.499999999999996,111.33603238866397,https://www.nba.com/stats/players/boxscores-traditional?Season=2007-08&SeasonType=Regular%20Season&TeamID=1610612741
2008,2007–08,2736,Luol Deng,0020701207,2008-04-14,CHI @ MIL,MIL,W,33.663333333333334,32,15,20,0,1,2,3,0,3,3,5,0,0,2,3,14,24.8,75.046904315197,https://www.nba.com/stats/players/boxscores-traditional?Season=2007-08&SeasonType=Regular%20Season&TeamID=1610612741
2008,2007–08,2732,Ben Gordon,0020701207,2008-04-14,CHI @ MIL,MIL,W,27.483333333333334,29,10,18,5,12,4,4,1,1,2,2,0,0,3,1,24,19.4,73.38056680161942,https://www.nba.com/stats/players/boxscores-traditional?Season=2007-08&SeasonType=Regular%20Season&TeamID=1610612741
2008,2007–08,200757,Thabo Sefolosha,0020701207,2008-04-14,CHI @ MIL,MIL,W,34.583333333333336,6,3,5,0,1,0,0,0,8,8,7,2,1,0,1,16,13.299999999999999,60.0,https://www.nba.com/stats/players/boxscores-traditional?Season=2007-08&SeasonType=Regular%20Season&TeamID=1610612741
2008,2007–08,200748,Tyrus Thomas,0020701207,2008-04-14,CHI @ MIL,MIL,W,17.883333333333333,12,6,8,0,0,0,0,1,7,8,3,0,2,0,5,11,13.1,75.0,https://www.nba.com/stats/players/boxscores-traditional?Season=2007-08&SeasonType=Regular%20Season&TeamID=1610612741
2008,2007–08,1716,Larry Hughes,0020701207,2008-04-14,CHI @ MIL,MIL,W,18.766666666666666,13,6,9,1,3,0,0,2,0,2,3,2,0,2,0,-6,12.600000000000001,72.22222222222221,https://www.nba.com/stats/players/boxscores-traditional?Season=2007-08&SeasonType=Regular%20Season&TeamID=1610612741
2008,2007–08,201149,Joakim Noah,0020701207,2008-04-14,CHI @ MIL,MIL,W,20.166666666666668,15,6,9,0,0,3,4,1,1,2,0,2,0,2,4,-8,10.099999999999998,69.70260223048327,https://www.nba.com/stats/players/boxscores-traditional?Season=2007-08&SeasonType=Regular%20Season&TeamID=1610612741
2008,2007–08,201189,Aaron Gray,0020701207,2008-04-14,CHI @ MIL,MIL,W,17.333333333333332,9,4,5,0,0,1,3,1,3,4,1,1,0,0,4,14,8.0,71.20253164556962,https://www.nba.com/stats/players/boxscores-traditional?Season=2007-08&SeasonType=Regular%20Season&TeamID=1610612741
2008,2007–08,2550,Kirk Hinrich,0020701207,2008-04-14,CHI @ MIL,MIL,W,17.65,3,1,2,1,1,0,0,0,0,0,6,2,0,0,5,-6,6.199999999999999,75.0,https://www.nba.com/stats/players/boxscores-traditional?Season=2007-08&SeasonType=Regular%20Season&TeamID=1610612741
2008,2007–08,2804,Andres Nocioni,0020701207,2008-04-14,CHI @ MIL,MIL,W,18.62,10,4,7,0,1,2,2,0,3,3,0,0,0,0,2,3,6.8,63.45177664974619,https://www.nba.com/stats/players/boxscores-traditional?Season=2007-08&SeasonType=Regular%20Season&TeamID=1610612741
2008,2007–08,200769,Shannon Brown,0020701207,2008-04-14,CHI @ MIL,MIL,W,1.75,0,0,1,0,0,0,0,0,0,0,0,0,0,0,0,-2,-0.7,0.0,https://www.nba.com/stats/players/boxscores-traditional?Season=2007-08&SeasonType=Regular%20Season&TeamID=1610612741
2008,2007–08,201193,Demetris Nichols,0020701207,2008-04-14,CHI @ MIL,MIL,W,1.75,0,0,1,0,1,0,0,0,0,0,0,0,0,1,0,-2,-1.7,0.0,https://www.nba.com/stats/players/boxscores-traditional?Season=2007-08&SeasonType=Regular%20Season&TeamID=1610612741
2008,2007–08,2804,Andres Nocioni,0020701200,2008-04-13,CHI vs. ORL,ORL,L,27.55,22,7,13,4,6,4,4,1,4,5,1,0,0,2,3,-13,15.100000000000001,74.52574525745258,https://www.nba.com/stats/players/boxscores-traditional?Season=2007-08&SeasonType=Regular%20Season&TeamID=1610612741
2008,2007–08,2736,Luol Deng,0020701200,2008-04-13,CHI vs. ORL,ORL,L,27.683333333333334,19,7,14,0,1,5,6,4,3,7,2,0,0,1,1,-10,15.300000000000004,57.09134615384615,https://www.nba.com/stats/players/boxscores-traditional?Season=2007-08&SeasonType=Regular%20Season&TeamID=1610612741
2008,2007–08,201149,Joakim Noah,0020701200,2008-04-13,CHI vs. ORL,ORL,L,34.983333333333334,10,5,12,0,0,0,0,1,4,5,2,4,1,1,4,-11,9.000000000000002,41.66666666666667,https://www.nba.com/stats/players/boxscores-traditional?Season=2007-08&SeasonType=Regular%20Season&TeamID=1610612741
2008,2007–08,2768,Chris Duhon,0020701200,2008-04-13,CHI vs. ORL,ORL,L,25.916666666666668,10,4,8,0,2,2,2,0,4,4,2,3,0,2,2,-3,8.799999999999999,56.3063063063063,https://www.nba.com/stats/players/boxscores-traditional?Season=2007-08&SeasonType=Regular%20Season&TeamID=1610612741
2008,2007–08,200757,Thabo Sefolosha,0020701200,2008-04-13,CHI vs. ORL,ORL,L,30.4,5,2,7,1,3,0,0,2,4,6,5,1,0,3,4,-9,3.4000000000000004,35.714285714285715,https://www.nba.com/stats/players/boxscores-traditional?Season=2007-08&SeasonType=Regular%20Season&TeamID=1610612741
2008,2007–08,2550,Kirk Hinrich,0020701200,2008-04-13,CHI vs. ORL,ORL,L,22.833333333333332,3,1,5,1,3,0,2,0,1,1,7,0,0,1,1,-11,2.899999999999999,25.510204081632654,https://www.nba.com/stats/players/boxscores-traditional?Season=2007-08&SeasonType=Regular%20Season&TeamID=1610612741
2008,2007–08,200748,Tyrus Thomas,0020701200,2008-04-13,CHI vs. ORL,ORL,L,22.166666666666668,4,1,4,0,0,2,4,0,4,4,2,0,0,0,4,-11,1.8000000000000003,34.72222222222222,https://www.nba.com/stats/players/boxscores-traditional?Season=2007-08&SeasonType=Regular%20Season&TeamID=1610612741
2008,2007–08,201189,Aaron Gray,0020701200,2008-04-13,CHI vs. ORL,ORL,L,10.516666666666667,2,1,1,0,0,0,0,2,1,3,0,0,1,4,5,-4,-1.9000000000000004,100.0,https://www.nba.com/stats/players/boxscores-traditional?Season=2007-08&SeasonType=Regular%20Season&TeamID=1610612741
2008,2007–08,1716,Larry Hughes,0020701200,2008-04-13,CHI vs. ORL,ORL,L,12.216666666666667,4,2,6,0,1,0,0,0,0,0,0,1,0,0,0,-11,1.6000000000000005,33.33333333333333,https://www.nba.com/stats/players/boxscores-traditional?Season=2007-08&SeasonType=Regular%20Season&TeamID=1610612741
2008,2007–08,2732,Ben Gordon,0020701200,2008-04-13,CHI vs. ORL,ORL,L,18.0,3,1,4,0,1,1,1,0,1,1,1,0,0,2,0,-17,-0.3999999999999999,33.78378378378378,https://www.nba.com/stats/players/boxscores-traditional?Season=2007-08&SeasonType=Regular%20Season&TeamID=1610612741
2008,2007–08,200759,Cedric Simmons,0020701200,2008-04-13,CHI vs. ORL,ORL,L,3.433333333333333,2,1,2,0,0,0,0,0,1,1,0,0,0,1,0,0,0.30000000000000004,50.0,https://www.nba.com/stats/players/boxscores-traditional?Season=2007-08&SeasonType=Regular%20Season&TeamID=1610612741
2008,2007–08,200769,Shannon Brown,0020701200,2008-04-13,CHI vs. ORL,ORL,L,4.3,0,0,4,0,0,0,0,1,0,1,0,0,0,1,0,0,-3.0999999999999996,0.0,https://www.nba.com/stats/players/boxscores-traditional?Season=2007-08&SeasonType=Regular%20Season&TeamID=1610612741
2008,2007–08,200748,Tyrus Thomas,0020701179,2008-04-11,CHI vs. CLE,CLE,W,35.45666666666666,20,9,16,0,0,2,3,4,10,14,3,0,3,5,5,6,15.0,57.736720554272516,https://www.nba.com/stats/players/boxscores-traditional?Season=2007-08&SeasonType=Regular%20Season&TeamID=1610612741
2008,2007–08,201149,Joakim Noah,0020701179,2008-04-11,CHI vs. CLE,CLE,W,38.66833333333334,17,4,7,0,0,9,13,3,8,11,1,1,4,2,4,-3,17.5,66.82389937106919,https://www.nba.com/stats/players/boxscores-traditional?Season=2007-08&SeasonType=Regular%20Season&TeamID=1610612741
2008,2007–08,2736,Luol Deng,0020701179,2008-04-11,CHI vs. CLE,CLE,W,30.88,21,6,14,3,4,6,6,0,2,2,1,0,1,1,5,16,12.599999999999998,63.10096153846153,https://www.nba.com/stats/players/boxscores-traditional?Season=2007-08&SeasonType=Regular%20Season&TeamID=1610612741
2008,2007–08,2732,Ben Gordon,0020701179,2008-04-11,CHI vs. CLE,CLE,W,21.35,16,6,11,3,6,1,2,0,4,4,3,0,0,1,2,4,11.799999999999997,67.34006734006734,https://www.nba.com/stats/players/boxscores-traditional?Season=2007-08&SeasonType=Regular%20Season&TeamID=1610612741
2008,2007–08,2550,Kirk Hinrich,0020701179,2008-04-11,CHI vs. CLE,CLE,W,22.333333333333332,2,1,5,0,1,0,0,0,3,3,6,3,1,3,5,-8,2.6999999999999993,20.0,https://www.nba.com/stats/players/boxscores-traditional?Season=2007-08&SeasonType=Regular%20Season&TeamID=1610612741
2008,2007–08,2768,Chris Duhon,0020701179,2008-04-11,CHI vs. CLE,CLE,W,22.266666666666666,8,3,5,1,2,1,2,0,2,2,5,1,0,1,0,11,9.399999999999999,68.02721088435374,https://www.nba.com/stats/players/boxscores-traditional?Season=2007-08&SeasonType=Regular%20Season&TeamID=1610612741
2008,2007–08,1716,Larry Hughes,0020701179,2008-04-11,CHI vs. CLE,CLE,W,30.05,9,3,11,1,4,2,4,0,2,2,2,1,0,1,0,3,3.6999999999999993,35.26645768025078,https://www.nba.com/stats/players/boxscores-traditional?Season=2007-08&SeasonType=Regular%20Season&TeamID=1610612741
2008,2007–08,2804,Andres Nocioni,0020701179,2008-04-11,CHI vs. CLE,CLE,W,12.575,3,1,4,0,0,1,1,1,3,4,0,0,0,3,3,8,-2.0,33.78378378378378,https://www.nba.com/stats/players/boxscores-traditional?Season=2007-08&SeasonType=Regular%20Season&TeamID=1610612741
2008,2007–08,201189,Aaron Gray,0020701179,2008-04-11,CHI vs. CLE,CLE,W,7.9,4,2,3,0,0,0,0,1,0,1,0,0,0,0,3,5,2.2,66.66666666666666,https://www.nba.com/stats/players/boxscores-traditional?Season=2007-08&SeasonType=Regular%20Season&TeamID=1610612741
2008,2007–08,200757,Thabo Sefolosha,0020701179,2008-04-11,CHI vs. CLE,CLE,W,18.52,0,0,1,0,1,0,0,0,1,1,0,0,0,0,0,-17,-0.39999999999999997,0.0,https://www.nba.com/stats/players/boxscores-traditional?Season=2007-08&SeasonType=Regular%20Season&TeamID=1610612741
2008,2007–08,200748,Tyrus Thomas,0020701167,2008-04-09,CHI @ ORL,ORL,L,26.25,10,3,7,0,0,4,5,1,5,6,2,2,5,2,4,-11,11.4,54.34782608695653,https://www.nba.com/stats/players/boxscores-traditional?Season=2007-08&SeasonType=Regular%20Season&TeamID=1610612741
2008,2007–08,2550,Kirk Hinrich,0020701167,2008-04-09,CHI @ ORL,ORL,L,25.488333333333333,19,7,12,2,5,3,4,0,3,3,4,1,0,3,2,1,13.900000000000002,69.04069767441861,https://www.nba.com/stats/players/boxscores-traditional?Season=2007-08&SeasonType=Regular%20Season&TeamID=1610612741
2008,2007–08,2736,Luol Deng,0020701167,2008-04-09,CHI @ ORL,ORL,L,31.503333333333334,6,2,10,0,0,2,2,0,7,7,2,3,0,2,1,0,3.9000000000000004,27.573529411764703,https://www.nba.com/stats/players/boxscores-traditional?Season=2007-08&SeasonType=Regular%20Season&TeamID=1610612741
2008,2007–08,201189,Aaron Gray,0020701167,2008-04-09,CHI @ ORL,ORL,L,21.858333333333334,13,6,11,0,0,1,2,2,4,6,0,0,1,3,3,-3,6.399999999999999,54.71380471380471,https://www.nba.com/stats/players/boxscores-traditional?Season=2007-08&SeasonType=Regular%20Season&TeamID=1610612741
2008,2007–08,1716,Larry Hughes,0020701167,2008-04-09,CHI @ ORL,ORL,L,23.65,6,3,8,0,1,0,0,0,6,6,3,1,1,1,0,-3,6.2,37.5,https://www.nba.com/stats/players/boxscores-traditional?Season=2007-08&SeasonType=Regular%20Season&TeamID=1610612741
2008,2007–08,2732,Ben Gordon,0020701167,2008-04-09,CHI @ ORL,ORL,L,28.738333333333333,13,6,13,1,4,0,0,0,2,2,1,1,0,0,0,-34,8.6,50.0,https://www.nba.com/stats/players/boxscores-traditional?Season=2007-08&SeasonType=Regular%20Season&TeamID=1610612741
2008,2007–08,2804,Andres Nocioni,0020701167,2008-04-09,CHI @ ORL,ORL,L,20.25,7,3,10,0,3,1,1,0,5,5,1,0,0,1,3,-20,1.1999999999999993,33.524904214559385,https://www.nba.com/stats/players/boxscores-traditional?Season=2007-08&SeasonType=Regular%20Season&TeamID=1610612741
2008,2007–08,200757,Thabo Sefolosha,0020701167,2008-04-09,CHI @ ORL,ORL,L,24.426666666666666,4,2,4,0,1,0,0,0,4,4,4,0,0,2,3,-42,2.8,50.0,https://www.nba.com/stats/players/boxscores-traditional?Season=2007-08&SeasonType=Regular%20Season&TeamID=1610612741
2008,2007–08,201149,Joakim Noah,0020701167,2008-04-09,CHI @ ORL,ORL,L,16.6,2,1,2,0,0,0,0,3,2,5,0,0,0,3,5,-12,-1.3000000000000003,50.0,https://www.nba.com/stats/players/boxscores-traditional?Season=2007-08&SeasonType=Regular%20Season&TeamID=1610612741
2008,2007–08,201193,Demetris Nichols,0020701167,2008-04-09,CHI @ ORL,ORL,L,4.616666666666666,3,1,3,1,2,0,0,0,1,1,0,0,0,0,1,-9,1.2000000000000002,50.0,https://www.nba.com/stats/players/boxscores-traditional?Season=2007-08&SeasonType=Regular%20Season&TeamID=1610612741
2008,2007–08,2768,Chris Duhon,0020701167,2008-04-09,CHI @ ORL,ORL,L,12.001666666666667,0,0,1,0,1,0,0,0,1,1,2,0,0,2,1,-18,-1.4,0.0,https://www.nba.com/stats/players/boxscores-traditional?Season=2007-08&SeasonType=Regular%20Season&TeamID=1610612741
2008,2007–08,200759,Cedric Simmons,0020701167,2008-04-09,CHI @ ORL,ORL,L,4.616666666666666,0,0,2,0,0,0,0,0,0,0,0,0,0,0,0,-9,-1.4,0.0,https://www.nba.com/stats/players/boxscores-traditional?Season=2007-08&SeasonType=Regular%20Season&TeamID=1610612741
2008,2007–08,2736,Luol Deng,0020701155,2008-04-08,CHI @ MIA,MIA,L,37.71666666666667,25,9,11,0,1,7,8,0,4,4,2,2,0,5,0,1,20.1,86.08815426997245,https://www.nba.com/stats/players/boxscores-traditional?Season=2007-08&SeasonType=Regular%20Season&TeamID=1610612741
2008,2007–08,201149,Joakim Noah,0020701155,2008-04-08,CHI @ MIA,MIA,L,31.583333333333332,16,6,12,0,0,4,4,5,8,13,1,1,1,1,4,8,15.699999999999996,58.139534883720934,https://www.nba.com/stats/players/boxscores-traditional?Season=2007-08&SeasonType=Regular%20Season&TeamID=1610612741
2008,2007–08,2732,Ben Gordon,0020701155,2008-04-08,CHI @ MIA,MIA,L,26.683333333333334,16,4,13,3,7,5,6,1,2,3,2,0,0,3,3,-6,6.600000000000001,51.150895140664964,https://www.nba.com/stats/players/boxscores-traditional?Season=2007-08&SeasonType=Regular%20Season&TeamID=1610612741
2008,2007–08,200748,Tyrus Thomas,0020701155,2008-04-08,CHI @ MIA,MIA,L,30.216666666666665,4,2,8,0,0,0,0,1,7,8,3,1,1,2,3,-3,2.5999999999999996,25.0,https://www.nba.com/stats/players/boxscores-traditional?Season=2007-08&SeasonType=Regular%20Season&TeamID=1610612741
2008,2007–08,2768,Chris Duhon,0020701155,2008-04-08,CHI @ MIA,MIA,L,18.433333333333334,5,2,3,1,1,0,0,0,2,2,4,1,0,0,1,-5,7.699999999999999,83.33333333333334,https://www.nba.com/stats/players/boxscores-traditional?Season=2007-08&SeasonType=Regular%20Season&TeamID=1610612741
2008,2007–08,2550,Kirk Hinrich,0020701155,2008-04-08,CHI @ MIA,MIA,L,29.566666666666666,5,2,5,1,2,0,0,0,1,1,4,1,0,0,1,-2,5.999999999999999,50.0,https://www.nba.com/stats/players/boxscores-traditional?Season=2007-08&SeasonType=Regular%20Season&TeamID=1610612741
2008,2007–08,201189,Aaron Gray,0020701155,2008-04-08,CHI @ MIA,MIA,L,10.183333333333334,4,2,2,0,0,0,1,1,0,1,1,1,2,1,2,-10,5.000000000000001,81.9672131147541,https://www.nba.com/stats/players/boxscores-traditional?Season=2007-08&SeasonType=Regular%20Season&TeamID=1610612741
2008,2007–08,2804,Andres Nocioni,0020701155,2008-04-08,CHI @ MIA,MIA,L,18.2,7,3,7,1,1,0,0,1,0,1,1,1,0,1,2,-15,3.9000000000000004,50.0,https://www.nba.com/stats/players/boxscores-traditional?Season=2007-08&SeasonType=Regular%20Season&TeamID=1610612741
2008,2007–08,1716,Larry Hughes,0020701155,2008-04-08,CHI @ MIA,MIA,L,26.083333333333332,6,3,10,0,1,0,0,0,1,1,2,0,0,1,0,5,0.9000000000000001,30.0,https://www.nba.com/stats/players/boxscores-traditional?Season=2007-08&SeasonType=Regular%20Season&TeamID=1610612741
2008,2007–08,200757,Thabo Sefolosha,0020701155,2008-04-08,CHI @ MIA,MIA,L,11.333333333333334,0,0,2,0,0,0,0,0,4,4,0,0,1,2,1,-8,-1.9,0.0,https://www.nba.com/stats/players/boxscores-traditional?Season=2007-08&SeasonType=Regular%20Season&TeamID=1610612741
2008,2007–08,2732,Ben Gordon,0020701141,2008-04-05,CHI vs. WAS,WAS,L,26.566666666666666,18,6,12,2,5,4,5,0,5,5,4,0,0,1,2,-7,14.099999999999998,63.38028169014085,https://www.nba.com/stats/players/boxscores-traditional?Season=2007-08&SeasonType=Regular%20Season&TeamID=1610612741
2008,2007–08,1716,Larry Hughes,0020701141,2008-04-05,CHI vs. WAS,WAS,L,32.35,16,5,12,2,3,4,4,1,2,3,2,1,0,1,2,-7,11.5,58.139534883720934,https://www.nba.com/stats/players/boxscores-traditional?Season=2007-08&SeasonType=Regular%20Season&TeamID=1610612741
2008,2007–08,200757,Thabo Sefolosha,0020701141,2008-04-05,CHI vs. WAS,WAS,L,31.316666666666666,6,3,8,0,2,0,0,2,5,7,0,2,2,0,0,-11,7.9,37.5,https://www.nba.com/stats/players/boxscores-traditional?Season=2007-08&SeasonType=Regular%20Season&TeamID=1610612741
2008,2007–08,2550,Kirk Hinrich,0020701141,2008-04-05,CHI vs. WAS,WAS,L,25.93166666666667,9,4,7,1,2,0,0,0,2,2,2,3,0,0,1,-8,10.3,64.28571428571429,https://www.nba.com/stats/players/boxscores-traditional?Season=2007-08&SeasonType=Regular%20Season&TeamID=1610612741
2008,2007–08,2736,Luol Deng,0020701141,2008-04-05,CHI vs. WAS,WAS,L,19.148333333333333,8,4,8,0,0,0,0,2,2,4,3,1,0,0,4,-12,7.5,50.0,https://www.nba.com/stats/players/boxscores-traditional?Season=2007-08&SeasonType=Regular%20Season&TeamID=1610612741
2008,2007–08,200748,Tyrus Thomas,0020701141,2008-04-05,CHI vs. WAS,WAS,L,24.835,12,5,10,1,1,1,2,0,1,1,1,1,0,2,2,-8,5.8,55.147058823529406,https://www.nba.com/stats/players/boxscores-traditional?Season=2007-08&SeasonType=Regular%20Season&TeamID=1610612741
2008,2007–08,201149,Joakim Noah,0020701141,2008-04-05,CHI vs. WAS,WAS,L,33.61666666666667,7,1,4,0,0,5,12,0,2,2,1,1,1,1,4,-19,2.2000000000000006,37.7155172413793,https://www.nba.com/stats/players/boxscores-traditional?Season=2007-08&SeasonType=Regular%20Season&TeamID=1610612741
2008,2007–08,201189,Aaron Gray,0020701141,2008-04-05,CHI vs. WAS,WAS,L,12.483333333333333,2,1,4,0,0,0,0,1,2,3,1,2,0,1,2,10,1.7999999999999998,25.0,https://www.nba.com/stats/players/boxscores-traditional?Season=2007-08&SeasonType=Regular%20Season&TeamID=1610612741
2008,2007–08,2804,Andres Nocioni,0020701141,2008-04-05,CHI vs. WAS,WAS,L,16.9,5,2,7,1,3,0,0,0,0,0,1,0,0,2,3,-2,-1.5999999999999999,35.714285714285715,https://www.nba.com/stats/players/boxscores-traditional?Season=2007-08&SeasonType=Regular%20Season&TeamID=1610612741
2008,2007–08,2768,Chris Duhon,0020701141,2008-04-05,CHI vs. WAS,WAS,L,14.685,2,1,4,0,2,0,0,1,0,1,1,1,0,1,0,4,1.0,25.0,https://www.nba.com/stats/players/boxscores-traditional?Season=2007-08&SeasonType=Regular%20Season&TeamID=1610612741
2008,2007–08,201193,Demetris Nichols,0020701141,2008-04-05,CHI vs. WAS,WAS,L,2.1666666666666665,2,1,1,0,0,0,0,0,0,0,0,0,1,0,0,0,2.4,100.0,https://www.nba.com/stats/players/boxscores-traditional?Season=2007-08&SeasonType=Regular%20Season&TeamID=1610612741
2008,2007–08,1716,Larry Hughes,0020701123,2008-04-03,CHI @ CLE,CLE,W,45.266666666666666,25,11,17,1,2,2,2,1,7,8,9,2,1,5,3,2,23.1,69.91051454138703,https://www.nba.com/stats/players/boxscores-traditional?Season=2007-08&SeasonType=Regular%20Season&TeamID=1610612741
2008,2007–08,2732,Ben Gordon,0020701123,2008-04-03,CHI @ CLE,CLE,W,29.371666666666666,24,7,11,3,6,7,8,1,1,2,3,1,0,1,2,18,21.000000000000004,82.64462809917356,https://www.nba.com/stats/players/boxscores-traditional?Season=2007-08&SeasonType=Regular%20Season&TeamID=1610612741
2008,2007–08,201149,Joakim Noah,0020701123,2008-04-03,CHI @ CLE,CLE,W,40.266666666666666,10,4,5,0,0,2,3,2,4,6,4,1,3,1,3,3,13.999999999999996,79.11392405063292,https://www.nba.com/stats/players/boxscores-traditional?Season=2007-08&SeasonType=Regular%20Season&TeamID=1610612741
2008,2007–08,2736,Luol Deng,0020701123,2008-04-03,CHI @ CLE,CLE,W,29.683333333333334,15,7,11,0,0,1,1,0,1,1,3,0,1,1,1,-2,11.8,65.55944055944056,https://www.nba.com/stats/players/boxscores-traditional?Season=2007-08&SeasonType=Regular%20Season&TeamID=1610612741
2008,2007–08,2804,Andres Nocioni,0020701123,2008-04-03,CHI @ CLE,CLE,W,22.045,15,5,12,1,4,4,5,0,1,1,2,0,1,1,3,6,8.400000000000002,52.81690140845071,https://www.nba.com/stats/players/boxscores-traditional?Season=2007-08&SeasonType=Regular%20Season&TeamID=1610612741
2008,2007–08,200748,Tyrus Thomas,0020701123,2008-04-03,CHI @ CLE,CLE,W,23.283333333333335,2,1,4,0,0,0,0,1,6,7,1,1,3,3,4,-9,1.299999999999999,25.0,https://www.nba.com/stats/players/boxscores-traditional?Season=2007-08&SeasonType=Regular%20Season&TeamID=1610612741
2008,2007–08,200757,Thabo Sefolosha,0020701123,2008-04-03,CHI @ CLE,CLE,W,22.933333333333334,6,2,4,0,1,2,2,0,6,6,1,0,1,1,2,12,5.4,61.47540983606557,https://www.nba.com/stats/players/boxscores-traditional?Season=2007-08&SeasonType=Regular%20Season&TeamID=1610612741
2008,2007–08,2550,Kirk Hinrich,0020701123,2008-04-03,CHI @ CLE,CLE,W,19.683333333333334,4,1,4,1,2,1,2,0,2,2,6,0,0,2,1,-10,3.5999999999999996,40.98360655737705,https://www.nba.com/stats/players/boxscores-traditional?Season=2007-08&SeasonType=Regular%20Season&TeamID=1610612741
2008,2007–08,2768,Chris Duhon,0020701123,2008-04-03,CHI @ CLE,CLE,W,1.9166666666666667,0,0,0,0,0,0,0,0,0,0,0,0,0,0,0,-2,0.0,0.0,https://www.nba.com/stats/players/boxscores-traditional?Season=2007-08&SeasonType=Regular%20Season&TeamID=1610612741
2008,2007–08,201189,Aaron Gray,0020701123,2008-04-03,CHI @ CLE,CLE,W,5.55,0,0,3,0,0,0,0,0,0,0,0,0,0,2,3,-3,-5.3,0.0,https://www.nba.com/stats/players/boxscores-traditional?Season=2007-08&SeasonType=Regular%20Season&TeamID=1610612741
2008,2007–08,200748,Tyrus Thomas,0020701109,2008-04-01,CHI vs. BOS,BOS,L,37.38166666666667,24,9,16,0,0,6,7,3,4,7,0,1,0,2,4,-18,16.7,62.8930817610063,https://www.nba.com/stats/players/boxscores-traditional?Season=2007-08&SeasonType=Regular%20Season&TeamID=1610612741
2008,2007–08,2804,Andres Nocioni,0020701109,2008-04-01,CHI vs. BOS,BOS,L,23.033333333333335,19,5,9,3,7,6,6,1,3,4,1,0,1,0,1,-4,17.299999999999997,81.61512027491409,https://www.nba.com/stats/players/boxscores-traditional?Season=2007-08&SeasonType=Regular%20Season&TeamID=1610612741
2008,2007–08,2550,Kirk Hinrich,0020701109,2008-04-01,CHI vs. BOS,BOS,L,29.766666666666666,9,3,9,2,3,1,2,0,4,4,5,1,2,2,2,-9,7.799999999999999,45.54655870445344,https://www.nba.com/stats/players/boxscores-traditional?Season=2007-08&SeasonType=Regular%20Season&TeamID=1610612741
2008,2007–08,201149,Joakim Noah,0020701109,2008-04-01,CHI vs. BOS,BOS,L,35.7,6,2,6,0,0,2,4,3,5,8,3,3,1,3,1,-8,7.799999999999999,38.659793814432994,https://www.nba.com/stats/players/boxscores-traditional?Season=2007-08&SeasonType=Regular%20Season&TeamID=1610612741
2008,2007–08,2736,Luol Deng,0020701109,2008-04-01,CHI vs. BOS,BOS,L,33.56666666666667,10,3,9,0,0,4,7,0,2,2,5,3,0,1,1,-11,9.399999999999999,41.390728476821195,https://www.nba.com/stats/players/boxscores-traditional?Season=2007-08&SeasonType=Regular%20Season&TeamID=1610612741
2008,2007–08,2732,Ben Gordon,0020701109,2008-04-01,CHI vs. BOS,BOS,L,15.978333333333333,9,3,8,3,4,0,0,0,2,2,1,0,0,1,5,-2,2.8999999999999995,56.25,https://www.nba.com/stats/players/boxscores-traditional?Season=2007-08&SeasonType=Regular%20Season&TeamID=1610612741
2008,2007–08,200757,Thabo Sefolosha,0020701109,2008-04-01,CHI vs. BOS,BOS,L,17.706666666666667,4,2,5,0,1,0,0,0,3,3,3,0,1,1,3,2,2.799999999999999,40.0,https://www.nba.com/stats/players/boxscores-traditional?Season=2007-08&SeasonType=Regular%20Season&TeamID=1610612741
2008,2007–08,201189,Aaron Gray,0020701109,2008-04-01,CHI vs. BOS,BOS,L,9.483333333333333,5,2,2,0,0,1,1,1,0,1,0,2,1,3,2,-6,4.000000000000001,102.45901639344261,https://www.nba.com/stats/players/boxscores-traditional?Season=2007-08&SeasonType=Regular%20Season&TeamID=1610612741
2008,2007–08,2768,Chris Duhon,0020701109,2008-04-01,CHI vs. BOS,BOS,L,16.766666666666666,4,1,2,0,1,2,2,0,2,2,4,0,0,2,1,-7,4.0,69.44444444444444,https://www.nba.com/stats/players/boxscores-traditional?Season=2007-08&SeasonType=Regular%20Season&TeamID=1610612741
2008,2007–08,1716,Larry Hughes,0020701109,2008-04-01,CHI vs. BOS,BOS,L,20.616666666666667,2,0,6,0,1,2,2,0,0,0,0,2,1,1,0,-7,-0.49999999999999933,14.534883720930234,https://www.nba.com/stats/players/boxscores-traditional?Season=2007-08&SeasonType=Regular%20Season&TeamID=1610612741
2008,2007–08,201149,Joakim Noah,0020701086,2008-03-29,CHI vs. MIL,MIL,W,38.595,18,7,13,0,0,4,5,6,9,15,2,2,4,3,1,5,21.0,59.21052631578948,https://www.nba.com/stats/players/boxscores-traditional?Season=2007-08&SeasonType=Regular%20Season&TeamID=1610612741
2008,2007–08,1716,Larry Hughes,0020701086,2008-03-29,CHI vs. MIL,MIL,W,32.38333333333333,19,7,13,1,2,4,4,1,2,3,4,1,0,2,2,9,15.0,64.36314363143632,https://www.nba.com/stats/players/boxscores-traditional?Season=2007-08&SeasonType=Regular%20Season&TeamID=1610612741
2008,2007–08,2550,Kirk Hinrich,0020701086,2008-03-29,CHI vs. MIL,MIL,W,36.66833333333334,11,3,10,1,2,4,7,0,3,3,6,3,0,0,2,16,11.299999999999997,42.04892966360856,https://www.nba.com/stats/players/boxscores-traditional?Season=2007-08&SeasonType=Regular%20Season&TeamID=1610612741
2008,2007–08,2736,Luol Deng,0020701086,2008-03-29,CHI vs. MIL,MIL,W,41.46666666666667,16,7,15,0,1,2,4,4,3,7,2,0,1,3,1,-2,9.9,47.7326968973747,https://www.nba.com/stats/players/boxscores-traditional?Season=2007-08&SeasonType=Regular%20Season&TeamID=1610612741
2008,2007–08,2804,Andres Nocioni,0020701086,2008-03-29,CHI vs. MIL,MIL,W,20.7,17,6,11,0,1,5,5,0,4,4,1,0,2,4,2,10,10.199999999999998,64.39393939393939,https://www.nba.com/stats/players/boxscores-traditional?Season=2007-08&SeasonType=Regular%20Season&TeamID=1610612741
2008,2007–08,200748,Tyrus Thomas,0020701086,2008-03-29,CHI vs. MIL,MIL,W,21.516666666666666,10,2,3,0,0,6,6,1,6,7,2,1,0,0,5,5,11.6,88.65248226950354,https://www.nba.com/stats/players/boxscores-traditional?Season=2007-08&SeasonType=Regular%20Season&TeamID=1610612741
2008,2007–08,2732,Ben Gordon,0020701086,2008-03-29,CHI vs. MIL,MIL,W,19.85,11,2,10,1,3,6,6,0,3,3,4,0,0,0,2,-6,7.7,43.5126582278481,https://www.nba.com/stats/players/boxscores-traditional?Season=2007-08&SeasonType=Regular%20Season&TeamID=1610612741
2008,2007–08,200757,Thabo Sefolosha,0020701086,2008-03-29,CHI vs. MIL,MIL,W,17.416666666666668,9,3,4,1,2,2,2,0,3,3,2,1,0,0,3,-7,9.5,92.21311475409836,https://www.nba.com/stats/players/boxscores-traditional?Season=2007-08&SeasonType=Regular%20Season&TeamID=1610612741
2008,2007–08,2768,Chris Duhon,0020701086,2008-03-29,CHI vs. MIL,MIL,W,11.403333333333334,3,1,1,1,1,0,0,0,0,0,0,0,0,0,1,-15,2.3000000000000003,150.0,https://www.nba.com/stats/players/boxscores-traditional?Season=2007-08&SeasonType=Regular%20Season&TeamID=1610612741
2008,2007–08,2732,Ben Gordon,0020701077,2008-03-28,CHI @ ATL,ATL,L,28.916666666666668,18,5,13,4,6,4,4,1,3,4,5,0,0,3,4,19,11.4,60.97560975609756,https://www.nba.com/stats/players/boxscores-traditional?Season=2007-08&SeasonType=Regular%20Season&TeamID=1610612741
2008,2007–08,2736,Luol Deng,0020701077,2008-03-28,CHI @ ATL,ATL,L,31.966666666666665,19,8,12,1,1,2,4,0,5,5,3,0,1,0,2,-6,16.5,69.04069767441861,https://www.nba.com/stats/players/boxscores-traditional?Season=2007-08&SeasonType=Regular%20Season&TeamID=1610612741
2008,2007–08,200757,Thabo Sefolosha,0020701077,2008-03-28,CHI @ ATL,ATL,L,25.8,8,3,6,2,3,0,0,0,3,3,3,2,2,0,2,7,10.6,66.66666666666666,https://www.nba.com/stats/players/boxscores-traditional?Season=2007-08&SeasonType=Regular%20Season&TeamID=1610612741
2008,2007–08,2804,Andres Nocioni,0020701077,2008-03-28,CHI @ ATL,ATL,L,24.183333333333334,13,4,10,0,3,5,6,0,4,4,1,0,2,2,4,5,6.899999999999999,51.42405063291139,https://www.nba.com/stats/players/boxscores-traditional?Season=2007-08&SeasonType=Regular%20Season&TeamID=1610612741
2008,2007–08,2550,Kirk Hinrich,0020701077,2008-03-28,CHI @ ATL,ATL,L,31.65,9,3,6,1,2,2,2,0,1,1,8,0,0,1,3,-9,9.7,65.40697674418605,https://www.nba.com/stats/players/boxscores-traditional?Season=2007-08&SeasonType=Regular%20Season&TeamID=1610612741
2008,2007–08,2400,Drew Gooden,0020701077,2008-03-28,CHI @ ATL,ATL,L,23.55,9,4,10,0,0,1,2,1,5,6,2,1,0,4,2,-14,2.999999999999999,41.36029411764706,https://www.nba.com/stats/players/boxscores-traditional?Season=2007-08&SeasonType=Regular%20Season&TeamID=1610612741
2008,2007–08,201149,Joakim Noah,0020701077,2008-03-28,CHI @ ATL,ATL,L,19.083333333333332,6,2,6,0,0,2,2,6,1,7,1,0,2,0,4,-7,7.6,43.604651162790695,https://www.nba.com/stats/players/boxscores-traditional?Season=2007-08&SeasonType=Regular%20Season&TeamID=1610612741
2008,2007–08,2768,Chris Duhon,0020701077,2008-03-28,CHI @ ATL,ATL,L,22.066666666666666,7,2,6,1,3,2,2,0,3,3,5,1,0,1,3,5,6.8,50.872093023255815,https://www.nba.com/stats/players/boxscores-traditional?Season=2007-08&SeasonType=Regular%20Season&TeamID=1610612741
2008,2007–08,201189,Aaron Gray,0020701077,2008-03-28,CHI @ ATL,ATL,L,11.55,7,3,3,0,0,1,4,1,2,3,3,0,0,0,4,8,6.699999999999999,73.52941176470588,https://www.nba.com/stats/players/boxscores-traditional?Season=2007-08&SeasonType=Regular%20Season&TeamID=1610612741
2008,2007–08,1716,Larry Hughes,0020701077,2008-03-28,CHI @ ATL,ATL,L,17.633333333333333,5,2,8,0,0,1,2,0,0,0,0,0,0,1,1,-17,-1.5999999999999999,28.15315315315315,https://www.nba.com/stats/players/boxscores-traditional?Season=2007-08&SeasonType=Regular%20Season&TeamID=1610612741
2008,2007–08,200748,Tyrus Thomas,0020701077,2008-03-28,CHI @ ATL,ATL,L,3.6,2,1,1,0,0,0,0,0,0,0,0,1,0,1,2,-6,0.9000000000000001,100.0,https://www.nba.com/stats/players/boxscores-traditional?Season=2007-08&SeasonType=Regular%20Season&TeamID=1610612741
2008,2007–08,200757,Thabo Sefolosha,0020701060,2008-03-26,CHI @ PHI,PHI,L,27.516666666666666,20,8,11,4,5,0,0,1,4,5,5,0,0,1,0,-16,19.9,90.9090909090909,https://www.nba.com/stats/players/boxscores-traditional?Season=2007-08&SeasonType=Regular%20Season&TeamID=1610612741
2008,2007–08,2550,Kirk Hinrich,0020701060,2008-03-26,CHI @ PHI,PHI,L,31.8,18,7,11,3,5,1,1,0,1,1,6,0,1,3,4,-11,13.7,78.67132867132868,https://www.nba.com/stats/players/boxscores-traditional?Season=2007-08&SeasonType=Regular%20Season&TeamID=1610612741
2008,2007–08,2804,Andres Nocioni,0020701060,2008-03-26,CHI @ PHI,PHI,L,20.45,16,6,13,2,5,2,2,1,2,3,0,1,2,0,4,-4,11.399999999999999,57.636887608069166,https://www.nba.com/stats/players/boxscores-traditional?Season=2007-08&SeasonType=Regular%20Season&TeamID=1610612741
2008,2007–08,2732,Ben Gordon,0020701060,2008-03-26,CHI @ PHI,PHI,L,31.95,12,3,12,1,6,5,5,0,0,0,5,2,0,0,2,-23,9.5,42.25352112676057,https://www.nba.com/stats/players/boxscores-traditional?Season=2007-08&SeasonType=Regular%20Season&TeamID=1610612741
2008,2007–08,201149,Joakim Noah,0020701060,2008-03-26,CHI @ PHI,PHI,L,25.0,10,2,5,0,0,6,7,2,3,5,1,1,1,3,3,-23,7.399999999999999,61.88118811881188,https://www.nba.com/stats/players/boxscores-traditional?Season=2007-08&SeasonType=Regular%20Season&TeamID=1610612741
2008,2007–08,2400,Drew Gooden,0020701060,2008-03-26,CHI @ PHI,PHI,L,19.016666666666666,2,0,5,0,0,2,2,3,5,8,2,0,0,3,2,-13,-0.3000000000000007,17.006802721088434,https://www.nba.com/stats/players/boxscores-traditional?Season=2007-08&SeasonType=Regular%20Season&TeamID=1610612741
2008,2007–08,2736,Luol Deng,0020701060,2008-03-26,CHI @ PHI,PHI,L,23.55,6,2,8,0,0,2,2,4,2,6,0,0,0,3,4,-9,-4.440892098500626e-16,33.78378378378378,https://www.nba.com/stats/players/boxscores-traditional?Season=2007-08&SeasonType=Regular%20Season&TeamID=1610612741
2008,2007–08,200748,Tyrus Thomas,0020701060,2008-03-26,CHI @ PHI,PHI,L,17.438333333333333,5,2,6,0,1,1,2,2,2,4,2,0,0,1,1,-2,3.2,36.337209302325576,https://www.nba.com/stats/players/boxscores-traditional?Season=2007-08&SeasonType=Regular%20Season&TeamID=1610612741
2008,2007–08,1716,Larry Hughes,0020701060,2008-03-26,CHI @ PHI,PHI,L,25.416666666666668,3,1,9,1,2,0,0,1,5,6,0,0,0,0,1,-16,-1.1,16.666666666666664,https://www.nba.com/stats/players/boxscores-traditional?Season=2007-08&SeasonType=Regular%20Season&TeamID=1610612741
2008,2007–08,201189,Aaron Gray,0020701060,2008-03-26,CHI @ PHI,PHI,L,11.028333333333334,5,2,4,0,0,1,3,1,2,3,1,0,0,0,2,1,3.4000000000000004,46.99248120300752,https://www.nba.com/stats/players/boxscores-traditional?Season=2007-08&SeasonType=Regular%20Season&TeamID=1610612741
2008,2007–08,2768,Chris Duhon,0020701060,2008-03-26,CHI @ PHI,PHI,L,3.4166666666666665,2,1,1,0,0,0,0,0,0,0,0,0,0,0,0,3,1.7,100.0,https://www.nba.com/stats/players/boxscores-traditional?Season=2007-08&SeasonType=Regular%20Season&TeamID=1610612741
2008,2007–08,201193,Demetris Nichols,0020701060,2008-03-26,CHI @ PHI,PHI,L,3.4166666666666665,0,0,1,0,1,0,0,0,0,0,1,0,0,0,0,3,0.0,0.0,https://www.nba.com/stats/players/boxscores-traditional?Season=2007-08&SeasonType=Regular%20Season&TeamID=1610612741
2008,2007–08,2400,Drew Gooden,0020701054,2008-03-25,CHI vs. ATL,ATL,W,37.516666666666666,31,12,23,0,0,7,7,8,8,16,2,0,1,3,4,13,25.199999999999992,59.43251533742332,https://www.nba.com/stats/players/boxscores-traditional?Season=2007-08&SeasonType=Regular%20Season&TeamID=1610612741
2008,2007–08,2550,Kirk Hinrich,0020701054,2008-03-25,CHI vs. ATL,ATL,W,39.345,14,6,13,2,2,0,0,0,2,2,10,4,0,2,2,10,16.099999999999998,53.84615384615385,https://www.nba.com/stats/players/boxscores-traditional?Season=2007-08&SeasonType=Regular%20Season&TeamID=1610612741
2008,2007–08,201149,Joakim Noah,0020701054,2008-03-25,CHI vs. ATL,ATL,W,29.483333333333334,13,5,8,0,0,3,3,3,6,9,1,3,3,1,5,13,16.1,69.74248927038627,https://www.nba.com/stats/players/boxscores-traditional?Season=2007-08&SeasonType=Regular%20Season&TeamID=1610612741
2008,2007–08,2736,Luol Deng,0020701054,2008-03-25,CHI vs. ATL,ATL,W,39.46666666666667,14,6,14,0,0,2,2,4,4,8,5,0,3,1,3,6,13.999999999999996,47.04301075268817,https://www.nba.com/stats/players/boxscores-traditional?Season=2007-08&SeasonType=Regular%20Season&TeamID=1610612741
2008,2007–08,2732,Ben Gordon,0020701054,2008-03-25,CHI vs. ATL,ATL,W,22.8,16,6,8,2,4,2,2,0,1,1,1,0,0,3,1,-11,10.399999999999999,90.09009009009009,https://www.nba.com/stats/players/boxscores-traditional?Season=2007-08&SeasonType=Regular%20Season&TeamID=1610612741
2008,2007–08,1716,Larry Hughes,0020701054,2008-03-25,CHI vs. ATL,ATL,W,25.638333333333332,9,3,10,1,2,2,2,0,0,0,2,1,0,0,1,20,5.199999999999999,41.36029411764706,https://www.nba.com/stats/players/boxscores-traditional?Season=2007-08&SeasonType=Regular%20Season&TeamID=1610612741
2008,2007–08,200757,Thabo Sefolosha,0020701054,2008-03-25,CHI vs. ATL,ATL,W,23.233333333333334,4,2,10,0,1,0,0,2,2,4,0,1,1,3,0,5,-1.5000000000000004,20.0,https://www.nba.com/stats/players/boxscores-traditional?Season=2007-08&SeasonType=Regular%20Season&TeamID=1610612741
2008,2007–08,200748,Tyrus Thomas,0020701054,2008-03-25,CHI vs. ATL,ATL,W,9.583333333333334,2,1,5,0,0,0,0,2,2,4,1,0,2,0,0,1,2.9999999999999996,20.0,https://www.nba.com/stats/players/boxscores-traditional?Season=2007-08&SeasonType=Regular%20Season&TeamID=1610612741
2008,2007–08,2804,Andres Nocioni,0020701054,2008-03-25,CHI vs. ATL,ATL,W,12.933333333333334,0,0,2,0,0,0,0,0,4,4,1,0,0,0,3,-12,-0.7000000000000002,0.0,https://www.nba.com/stats/players/boxscores-traditional?Season=2007-08&SeasonType=Regular%20Season&TeamID=1610612741
2008,2007–08,2736,Luol Deng,0020701035,2008-03-22,CHI vs. IND,IND,L,40.41166666666667,28,12,19,0,0,4,4,3,5,8,3,0,1,5,5,-6,18.900000000000002,67.43737957610789,https://www.nba.com/stats/players/boxscores-traditional?Season=2007-08&SeasonType=Regular%20Season&TeamID=1610612741
2008,2007–08,1716,Larry Hughes,0020701035,2008-03-22,CHI vs. IND,IND,L,36.75,7,2,11,0,1,3,6,0,10,10,4,6,1,5,1,-1,5.999999999999998,25.65982404692082,https://www.nba.com/stats/players/boxscores-traditional?Season=2007-08&SeasonType=Regular%20Season&TeamID=1610612741
2008,2007–08,2732,Ben Gordon,0020701035,2008-03-22,CHI vs. IND,IND,L,28.75,21,7,14,2,5,5,6,0,1,1,4,1,0,3,2,-6,13.900000000000002,63.10096153846153,https://www.nba.com/stats/players/boxscores-traditional?Season=2007-08&SeasonType=Regular%20Season&TeamID=1610612741
2008,2007–08,201149,Joakim Noah,0020701035,2008-03-22,CHI vs. IND,IND,L,22.716666666666665,16,7,9,0,0,2,2,4,4,8,0,0,2,1,2,-3,16.099999999999998,80.97165991902834,https://www.nba.com/stats/players/boxscores-traditional?Season=2007-08&SeasonType=Regular%20Season&TeamID=1610612741
2008,2007–08,2400,Drew Gooden,0020701035,2008-03-22,CHI vs. IND,IND,L,37.19833333333333,10,5,14,0,0,0,0,3,7,10,3,0,0,3,5,-4,3.5,35.714285714285715,https://www.nba.com/stats/players/boxscores-traditional?Season=2007-08&SeasonType=Regular%20Season&TeamID=1610612741
2008,2007–08,2550,Kirk Hinrich,0020701035,2008-03-22,CHI vs. IND,IND,L,40.8,8,4,12,0,3,0,0,1,3,4,10,0,0,0,4,-20,8.200000000000001,33.33333333333333,https://www.nba.com/stats/players/boxscores-traditional?Season=2007-08&SeasonType=Regular%20Season&TeamID=1610612741
2008,2007–08,201189,Aaron Gray,0020701035,2008-03-22,CHI vs. IND,IND,L,5.885,5,2,4,0,0,1,2,1,3,4,0,0,0,0,1,1,3.7999999999999994,51.229508196721305,https://www.nba.com/stats/players/boxscores-traditional?Season=2007-08&SeasonType=Regular%20Season&TeamID=1610612741
2008,2007–08,200748,Tyrus Thomas,0020701035,2008-03-22,CHI vs. IND,IND,L,17.45,4,1,1,0,0,2,2,1,3,4,0,0,0,0,0,5,5.300000000000001,106.38297872340425,https://www.nba.com/stats/players/boxscores-traditional?Season=2007-08&SeasonType=Regular%20Season&TeamID=1610612741
2008,2007–08,2804,Andres Nocioni,0020701035,2008-03-22,CHI vs. IND,IND,L,2.7383333333333333,2,1,1,0,0,0,0,0,0,0,0,0,0,0,0,-1,1.7,100.0,https://www.nba.com/stats/players/boxscores-traditional?Season=2007-08&SeasonType=Regular%20Season&TeamID=1610612741
2008,2007–08,200757,Thabo Sefolosha,0020701035,2008-03-22,CHI vs. IND,IND,L,7.3,0,0,0,0,0,0,0,0,0,0,0,0,0,0,0,0,0.0,0.0,https://www.nba.com/stats/players/boxscores-traditional?Season=2007-08&SeasonType=Regular%20Season&TeamID=1610612741
2008,2007–08,2736,Luol Deng,0020701016,2008-03-20,CHI vs. SAS,SAS,L,34.333333333333336,18,6,13,0,0,6,6,4,3,7,0,3,0,4,2,-15,13.2,57.54475703324808,https://www.nba.com/stats/players/boxscores-traditional?Season=2007-08&SeasonType=Regular%20Season&TeamID=1610612741
2008,2007–08,2732,Ben Gordon,0020701016,2008-03-20,CHI vs. SAS,SAS,L,39.416666666666664,12,5,16,0,4,2,2,0,8,8,3,1,1,2,3,-15,5.8,35.54502369668246,https://www.nba.com/stats/players/boxscores-traditional?Season=2007-08&SeasonType=Regular%20Season&TeamID=1610612741
2008,2007–08,2400,Drew Gooden,0020701016,2008-03-20,CHI vs. SAS,SAS,L,33.465,16,7,12,0,0,2,2,0,4,4,0,1,1,1,3,-18,11.100000000000001,62.11180124223602,https://www.nba.com/stats/players/boxscores-traditional?Season=2007-08&SeasonType=Regular%20Season&TeamID=1610612741
2008,2007–08,2804,Andres Nocioni,0020701016,2008-03-20,CHI vs. SAS,SAS,L,23.433333333333334,10,3,8,1,3,3,3,1,6,7,1,0,0,3,3,-5,4.599999999999999,53.648068669527895,https://www.nba.com/stats/players/boxscores-traditional?Season=2007-08&SeasonType=Regular%20Season&TeamID=1610612741
2008,2007–08,1716,Larry Hughes,0020701016,2008-03-20,CHI vs. SAS,SAS,L,28.216666666666665,10,4,12,0,1,2,2,0,1,1,2,0,0,1,0,-22,3.9000000000000004,38.81987577639751,https://www.nba.com/stats/players/boxscores-traditional?Season=2007-08&SeasonType=Regular%20Season&TeamID=1610612741
2008,2007–08,200748,Tyrus Thomas,0020701016,2008-03-20,CHI vs. SAS,SAS,L,14.966666666666667,7,0,4,0,1,7,8,2,3,5,0,0,0,1,2,-2,4.3,46.54255319148937,https://www.nba.com/stats/players/boxscores-traditional?Season=2007-08&SeasonType=Regular%20Season&TeamID=1610612741
2008,2007–08,201149,Joakim Noah,0020701016,2008-03-20,CHI vs. SAS,SAS,L,24.7,2,1,4,0,0,0,0,0,3,3,1,0,2,2,2,-26,-0.2000000000000004,25.0,https://www.nba.com/stats/players/boxscores-traditional?Season=2007-08&SeasonType=Regular%20Season&TeamID=1610612741
2008,2007–08,201189,Aaron Gray,0020701016,2008-03-20,CHI vs. SAS,SAS,L,7.868333333333333,2,1,1,0,0,0,0,1,1,2,0,1,0,0,0,-2,3.6999999999999997,100.0,https://www.nba.com/stats/players/boxscores-traditional?Season=2007-08&SeasonType=Regular%20Season&TeamID=1610612741
2008,2007–08,201193,Demetris Nichols,0020701016,2008-03-20,CHI vs. SAS,SAS,L,3.7666666666666666,3,1,1,1,1,0,0,0,0,0,0,0,0,0,0,2,2.7,150.0,https://www.nba.com/stats/players/boxscores-traditional?Season=2007-08&SeasonType=Regular%20Season&TeamID=1610612741
2008,2007–08,200757,Thabo Sefolosha,0020701016,2008-03-20,CHI vs. SAS,SAS,L,29.833333333333332,0,0,3,0,1,0,0,1,0,1,2,0,0,2,5,-7,-4.0,0.0,https://www.nba.com/stats/players/boxscores-traditional?Season=2007-08&SeasonType=Regular%20Season&TeamID=1610612741
2008,2007–08,2400,Drew Gooden,0020701001,2008-03-18,CHI vs. NJN,NJN,W,32.92166666666667,19,7,14,0,0,5,6,6,5,11,1,3,4,1,2,6,22.0,57.09134615384615,https://www.nba.com/stats/players/boxscores-traditional?Season=2007-08&SeasonType=Regular%20Season&TeamID=1610612741
2008,2007–08,2736,Luol Deng,0020701001,2008-03-18,CHI vs. NJN,NJN,W,34.35,20,8,13,0,0,4,4,2,7,9,2,2,1,0,4,7,20.099999999999998,67.75067750677508,https://www.nba.com/stats/players/boxscores-traditional?Season=2007-08&SeasonType=Regular%20Season&TeamID=1610612741
2008,2007–08,1716,Larry Hughes,0020701001,2008-03-18,CHI vs. NJN,NJN,W,36.57666666666667,16,7,15,2,3,0,0,1,4,5,5,4,0,2,1,6,15.3,53.333333333333336,https://www.nba.com/stats/players/boxscores-traditional?Season=2007-08&SeasonType=Regular%20Season&TeamID=1610612741
2008,2007–08,2732,Ben Gordon,0020701001,2008-03-18,CHI vs. NJN,NJN,W,30.183333333333334,17,7,12,3,5,0,0,0,4,4,6,0,0,2,2,15,14.0,70.83333333333334,https://www.nba.com/stats/players/boxscores-traditional?Season=2007-08&SeasonType=Regular%20Season&TeamID=1610612741
2008,2007–08,200757,Thabo Sefolosha,0020701001,2008-03-18,CHI vs. NJN,NJN,W,30.2,7,2,5,2,3,1,4,0,7,7,6,2,1,1,3,22,9.899999999999999,51.77514792899408,https://www.nba.com/stats/players/boxscores-traditional?Season=2007-08&SeasonType=Regular%20Season&TeamID=1610612741
2008,2007–08,2550,Kirk Hinrich,0020701001,2008-03-18,CHI vs. NJN,NJN,W,37.638333333333335,14,6,10,2,3,0,0,0,3,3,8,0,0,3,1,18,12.499999999999998,70.0,https://www.nba.com/stats/players/boxscores-traditional?Season=2007-08&SeasonType=Regular%20Season&TeamID=1610612741
2008,2007–08,201149,Joakim Noah,0020701001,2008-03-18,CHI vs. NJN,NJN,W,20.183333333333334,5,2,4,0,0,1,2,2,3,5,2,1,0,2,0,5,5.300000000000001,51.229508196721305,https://www.nba.com/stats/players/boxscores-traditional?Season=2007-08&SeasonType=Regular%20Season&TeamID=1610612741
2008,2007–08,2804,Andres Nocioni,0020701001,2008-03-18,CHI vs. NJN,NJN,W,10.245,9,3,10,1,2,2,2,0,0,0,0,0,0,0,2,-5,2.3999999999999995,41.36029411764706,https://www.nba.com/stats/players/boxscores-traditional?Season=2007-08&SeasonType=Regular%20Season&TeamID=1610612741
2008,2007–08,200748,Tyrus Thomas,0020701001,2008-03-18,CHI vs. NJN,NJN,W,7.133333333333334,2,1,5,0,0,0,0,1,1,2,0,0,1,0,1,6,0.19999999999999984,20.0,https://www.nba.com/stats/players/boxscores-traditional?Season=2007-08&SeasonType=Regular%20Season&TeamID=1610612741
2008,2007–08,201193,Demetris Nichols,0020701001,2008-03-18,CHI vs. NJN,NJN,W,0.5683333333333334,3,1,1,1,1,0,0,0,0,0,0,0,0,0,0,0,2.7,150.0,https://www.nba.com/stats/players/boxscores-traditional?Season=2007-08&SeasonType=Regular%20Season&TeamID=1610612741
2008,2007–08,2732,Ben Gordon,0020700995,2008-03-17,CHI @ NOH,NOH,L,33.2,31,10,17,5,10,6,7,1,1,2,4,0,0,3,0,-23,23.500000000000004,77.19123505976097,https://www.nba.com/stats/players/boxscores-traditional?Season=2007-08&SeasonType=Regular%20Season&TeamID=1610612741
2008,2007–08,2400,Drew Gooden,0020700995,2008-03-17,CHI @ NOH,NOH,L,34.525,23,8,17,0,1,7,8,1,11,12,2,0,1,3,3,-3,15.799999999999997,56.04288499025342,https://www.nba.com/stats/players/boxscores-traditional?Season=2007-08&SeasonType=Regular%20Season&TeamID=1610612741
2008,2007–08,1716,Larry Hughes,0020700995,2008-03-17,CHI @ NOH,NOH,L,38.8,16,7,15,2,3,0,1,1,1,2,4,1,0,2,5,-10,8.7,51.81347150259068,https://www.nba.com/stats/players/boxscores-traditional?Season=2007-08&SeasonType=Regular%20Season&TeamID=1610612741
2008,2007–08,2736,Luol Deng,0020700995,2008-03-17,CHI @ NOH,NOH,L,43.06666666666667,16,6,14,0,0,4,6,1,6,7,2,0,0,2,4,-6,8.100000000000001,48.07692307692307,https://www.nba.com/stats/players/boxscores-traditional?Season=2007-08&SeasonType=Regular%20Season&TeamID=1610612741
2008,2007–08,201149,Joakim Noah,0020700995,2008-03-17,CHI @ NOH,NOH,L,33.38333333333333,4,2,3,0,0,0,0,1,3,4,0,2,0,0,3,-6,5.1000000000000005,66.66666666666666,https://www.nba.com/stats/players/boxscores-traditional?Season=2007-08&SeasonType=Regular%20Season&TeamID=1610612741
2008,2007–08,200757,Thabo Sefolosha,0020700995,2008-03-17,CHI @ NOH,NOH,L,13.858333333333333,4,1,4,1,2,1,2,1,3,4,1,0,1,1,2,-7,2.4000000000000012,40.98360655737705,https://www.nba.com/stats/players/boxscores-traditional?Season=2007-08&SeasonType=Regular%20Season&TeamID=1610612741
2008,2007–08,2550,Kirk Hinrich,0020700995,2008-03-17,CHI @ NOH,NOH,L,16.433333333333334,0,0,6,0,2,0,0,1,3,4,5,1,0,1,3,9,-0.2999999999999994,0.0,https://www.nba.com/stats/players/boxscores-traditional?Season=2007-08&SeasonType=Regular%20Season&TeamID=1610612741
2008,2007–08,201189,Aaron Gray,0020700995,2008-03-17,CHI @ NOH,NOH,L,8.816666666666666,0,0,0,0,0,0,2,0,3,3,0,1,1,0,0,-2,1.7999999999999998,0.0,https://www.nba.com/stats/players/boxscores-traditional?Season=2007-08&SeasonType=Regular%20Season&TeamID=1610612741
2008,2007–08,200748,Tyrus Thomas,0020700995,2008-03-17,CHI @ NOH,NOH,L,12.983333333333333,3,0,2,0,0,3,4,1,1,2,1,0,0,0,1,-2,2.5000000000000004,39.8936170212766,https://www.nba.com/stats/players/boxscores-traditional?Season=2007-08&SeasonType=Regular%20Season&TeamID=1610612741
2008,2007–08,2804,Andres Nocioni,0020700995,2008-03-17,CHI @ NOH,NOH,L,4.933333333333334,0,0,1,0,0,0,0,0,0,0,0,0,0,1,2,-5,-2.5,0.0,https://www.nba.com/stats/players/boxscores-traditional?Season=2007-08&SeasonType=Regular%20Season&TeamID=1610612741
2008,2007–08,2400,Drew Gooden,0020700971,2008-03-14,CHI vs. PHI,PHI,L,33.20166666666667,16,7,12,0,1,2,2,5,4,9,5,2,3,3,5,-9,17.700000000000003,62.11180124223602,https://www.nba.com/stats/players/boxscores-traditional?Season=2007-08&SeasonType=Regular%20Season&TeamID=1610612741
2008,2007–08,1716,Larry Hughes,0020700971,2008-03-14,CHI vs. PHI,PHI,L,32.416666666666664,15,4,10,1,2,6,6,0,7,7,5,1,1,2,4,2,13.300000000000002,59.33544303797468,https://www.nba.com/stats/players/boxscores-traditional?Season=2007-08&SeasonType=Regular%20Season&TeamID=1610612741
2008,2007–08,2736,Luol Deng,0020700971,2008-03-14,CHI vs. PHI,PHI,L,38.483333333333334,21,10,21,0,1,1,2,2,2,4,3,1,0,0,2,-12,14.2,47.98903107861061,https://www.nba.com/stats/players/boxscores-traditional?Season=2007-08&SeasonType=Regular%20Season&TeamID=1610612741
2008,2007–08,200757,Thabo Sefolosha,0020700971,2008-03-14,CHI vs. PHI,PHI,L,22.736666666666668,20,8,13,2,4,2,3,2,1,3,2,1,0,2,5,-14,13.799999999999997,69.83240223463687,https://www.nba.com/stats/players/boxscores-traditional?Season=2007-08&SeasonType=Regular%20Season&TeamID=1610612741
2008,2007–08,2550,Kirk Hinrich,0020700971,2008-03-14,CHI vs. PHI,PHI,L,31.641666666666666,6,3,8,0,4,0,0,0,5,5,6,2,0,4,3,-9,4.100000000000001,37.5,https://www.nba.com/stats/players/boxscores-traditional?Season=2007-08&SeasonType=Regular%20Season&TeamID=1610612741
2008,2007–08,2732,Ben Gordon,0020700971,2008-03-14,CHI vs. PHI,PHI,L,13.816666666666666,12,3,7,2,4,4,4,0,0,0,2,0,0,1,4,-2,7.100000000000001,68.4931506849315,https://www.nba.com/stats/players/boxscores-traditional?Season=2007-08&SeasonType=Regular%20Season&TeamID=1610612741
2008,2007–08,201149,Joakim Noah,0020700971,2008-03-14,CHI vs. PHI,PHI,L,21.683333333333334,7,3,5,0,0,1,1,3,3,6,2,0,0,2,4,8,5.5,64.33823529411764,https://www.nba.com/stats/players/boxscores-traditional?Season=2007-08&SeasonType=Regular%20Season&TeamID=1610612741
2008,2007–08,2804,Andres Nocioni,0020700971,2008-03-14,CHI vs. PHI,PHI,L,20.386666666666667,7,2,10,1,3,2,2,1,1,2,2,0,0,0,1,4,2.8,32.16911764705882,https://www.nba.com/stats/players/boxscores-traditional?Season=2007-08&SeasonType=Regular%20Season&TeamID=1610612741
2008,2007–08,201189,Aaron Gray,0020700971,2008-03-14,CHI vs. PHI,PHI,L,8.883333333333333,2,1,2,0,0,0,0,1,3,4,0,0,2,0,1,4,3.5999999999999996,50.0,https://www.nba.com/stats/players/boxscores-traditional?Season=2007-08&SeasonType=Regular%20Season&TeamID=1610612741
2008,2007–08,200748,Tyrus Thomas,0020700971,2008-03-14,CHI vs. PHI,PHI,L,16.75,0,0,3,0,0,0,0,2,2,4,1,0,2,0,3,8,0.7999999999999998,0.0,https://www.nba.com/stats/players/boxscores-traditional?Season=2007-08&SeasonType=Regular%20Season&TeamID=1610612741
2008,2007–08,2400,Drew Gooden,0020700949,2008-03-11,CHI vs. UTA,UTA,W,43.11666666666667,24,11,18,0,0,2,2,3,7,10,5,1,3,1,4,8,24.0,63.55932203389831,https://www.nba.com/stats/players/boxscores-traditional?Season=2007-08&SeasonType=Regular%20Season&TeamID=1610612741
2008,2007–08,2732,Ben Gordon,0020700949,2008-03-11,CHI vs. UTA,UTA,W,32.06666666666667,19,7,14,4,8,1,1,1,1,2,4,2,0,3,3,11,13.600000000000001,65.78947368421053,https://www.nba.com/stats/players/boxscores-traditional?Season=2007-08&SeasonType=Regular%20Season&TeamID=1610612741
2008,2007–08,2736,Luol Deng,0020700949,2008-03-11,CHI vs. UTA,UTA,W,35.733333333333334,14,4,9,0,0,6,9,2,6,8,3,2,1,2,1,-2,13.700000000000001,54.01234567901234,https://www.nba.com/stats/players/boxscores-traditional?Season=2007-08&SeasonType=Regular%20Season&TeamID=1610612741
2008,2007–08,2550,Kirk Hinrich,0020700949,2008-03-11,CHI vs. UTA,UTA,W,32.5,13,5,10,2,4,1,2,0,8,8,6,0,0,0,3,3,13.0,59.74264705882353,https://www.nba.com/stats/players/boxscores-traditional?Season=2007-08&SeasonType=Regular%20Season&TeamID=1610612741
2008,2007–08,200748,Tyrus Thomas,0020700949,2008-03-11,CHI vs. UTA,UTA,W,19.083333333333332,10,5,12,0,0,0,1,1,2,3,2,1,1,0,3,12,6.4,40.19292604501608,https://www.nba.com/stats/players/boxscores-traditional?Season=2007-08&SeasonType=Regular%20Season&TeamID=1610612741
2008,2007–08,1716,Larry Hughes,0020700949,2008-03-11,CHI vs. UTA,UTA,W,17.933333333333334,9,4,11,1,2,0,0,0,3,3,3,1,0,0,1,-7,6.5,40.909090909090914,https://www.nba.com/stats/players/boxscores-traditional?Season=2007-08&SeasonType=Regular%20Season&TeamID=1610612741
2008,2007–08,201149,Joakim Noah,0020700949,2008-03-11,CHI vs. UTA,UTA,W,20.293333333333333,2,0,4,0,0,2,2,5,2,7,0,3,1,3,1,1,3.6000000000000005,20.491803278688526,https://www.nba.com/stats/players/boxscores-traditional?Season=2007-08&SeasonType=Regular%20Season&TeamID=1610612741
2008,2007–08,200757,Thabo Sefolosha,0020700949,2008-03-11,CHI vs. UTA,UTA,W,13.5,11,4,5,1,1,2,2,1,1,2,3,0,0,1,2,17,10.399999999999999,93.5374149659864,https://www.nba.com/stats/players/boxscores-traditional?Season=2007-08&SeasonType=Regular%20Season&TeamID=1610612741
2008,2007–08,2804,Andres Nocioni,0020700949,2008-03-11,CHI vs. UTA,UTA,W,16.873333333333335,5,2,6,1,3,0,0,0,3,3,1,0,0,1,5,11,0.20000000000000018,41.66666666666667,https://www.nba.com/stats/players/boxscores-traditional?Season=2007-08&SeasonType=Regular%20Season&TeamID=1610612741
2008,2007–08,201189,Aaron Gray,0020700949,2008-03-11,CHI vs. UTA,UTA,W,8.9,1,0,1,0,0,1,2,2,1,3,0,0,0,0,2,6,0.7999999999999998,26.595744680851062,https://www.nba.com/stats/players/boxscores-traditional?Season=2007-08&SeasonType=Regular%20Season&TeamID=1610612741
2008,2007–08,2732,Ben Gordon,0020700937,2008-03-09,CHI @ DET,DET,L,28.916666666666668,27,10,12,3,4,4,4,1,2,3,2,0,0,2,6,-6,20.9,98.11046511627907,https://www.nba.com/stats/players/boxscores-traditional?Season=2007-08&SeasonType=Regular%20Season&TeamID=1610612741
2008,2007–08,2736,Luol Deng,0020700937,2008-03-09,CHI @ DET,DET,L,44.65,21,6,17,0,0,9,11,1,5,6,2,1,0,2,0,0,13.299999999999999,48.07692307692308,https://www.nba.com/stats/players/boxscores-traditional?Season=2007-08&SeasonType=Regular%20Season&TeamID=1610612741
2008,2007–08,2400,Drew Gooden,0020700937,2008-03-09,CHI @ DET,DET,L,32.705,11,2,9,0,0,7,8,3,5,8,0,1,2,0,2,-5,10.299999999999999,43.9297124600639,https://www.nba.com/stats/players/boxscores-traditional?Season=2007-08&SeasonType=Regular%20Season&TeamID=1610612741
2008,2007–08,201149,Joakim Noah,0020700937,2008-03-09,CHI @ DET,DET,L,33.2,15,6,9,0,0,3,3,3,2,5,3,1,0,0,2,1,16.099999999999998,72.67441860465115,https://www.nba.com/stats/players/boxscores-traditional?Season=2007-08&SeasonType=Regular%20Season&TeamID=1610612741
2008,2007–08,1716,Larry Hughes,0020700937,2008-03-09,CHI @ DET,DET,L,39.65,13,6,13,0,1,1,2,0,1,1,5,1,0,0,4,-9,9.1,46.829971181556196,https://www.nba.com/stats/players/boxscores-traditional?Season=2007-08&SeasonType=Regular%20Season&TeamID=1610612741
2008,2007–08,2804,Andres Nocioni,0020700937,2008-03-09,CHI @ DET,DET,L,28.95,10,3,6,2,3,2,3,0,1,1,0,2,0,0,2,-7,8.099999999999998,68.30601092896174,https://www.nba.com/stats/players/boxscores-traditional?Season=2007-08&SeasonType=Regular%20Season&TeamID=1610612741
2008,2007–08,2550,Kirk Hinrich,0020700937,2008-03-09,CHI @ DET,DET,L,17.816666666666666,6,2,5,1,1,1,1,1,2,3,4,0,0,0,4,9,5.799999999999999,55.147058823529406,https://www.nba.com/stats/players/boxscores-traditional?Season=2007-08&SeasonType=Regular%20Season&TeamID=1610612741
2008,2007–08,200769,Shannon Brown,0020700937,2008-03-09,CHI @ DET,DET,L,7.866666666666666,4,2,6,0,1,0,0,0,0,0,0,1,0,1,2,-8,-0.1999999999999995,33.33333333333333,https://www.nba.com/stats/players/boxscores-traditional?Season=2007-08&SeasonType=Regular%20Season&TeamID=1610612741
2008,2007–08,200748,Tyrus Thomas,0020700937,2008-03-09,CHI @ DET,DET,L,3.8116666666666665,1,0,1,0,0,1,2,1,0,1,0,0,0,1,1,-4,-0.8,26.595744680851062,https://www.nba.com/stats/players/boxscores-traditional?Season=2007-08&SeasonType=Regular%20Season&TeamID=1610612741
2008,2007–08,201189,Aaron Gray,0020700937,2008-03-09,CHI @ DET,DET,L,2.433333333333333,1,0,0,0,0,1,2,0,0,0,0,0,0,1,0,-6,-0.4,56.81818181818182,https://www.nba.com/stats/players/boxscores-traditional?Season=2007-08&SeasonType=Regular%20Season&TeamID=1610612741
2008,2007–08,2732,Ben Gordon,0020700917,2008-03-07,CHI @ BOS,BOS,L,32.31666666666667,20,6,16,3,8,5,5,0,0,0,4,2,1,0,1,-11,16.3,54.94505494505495,https://www.nba.com/stats/players/boxscores-traditional?Season=2007-08&SeasonType=Regular%20Season&TeamID=1610612741
2008,2007–08,1716,Larry Hughes,0020700917,2008-03-07,CHI @ BOS,BOS,L,36.97833333333333,16,4,15,1,5,7,8,0,2,2,3,5,0,3,3,-14,10.2,43.196544276457885,https://www.nba.com/stats/players/boxscores-traditional?Season=2007-08&SeasonType=Regular%20Season&TeamID=1610612741
2008,2007–08,201149,Joakim Noah,0020700917,2008-03-07,CHI @ BOS,BOS,L,31.285,10,3,8,0,0,4,4,2,5,7,2,2,0,4,3,-16,6.699999999999999,51.229508196721305,https://www.nba.com/stats/players/boxscores-traditional?Season=2007-08&SeasonType=Regular%20Season&TeamID=1610612741
2008,2007–08,2736,Luol Deng,0020700917,2008-03-07,CHI @ BOS,BOS,L,33.38333333333333,13,4,12,0,0,5,6,0,3,3,3,1,0,1,2,-11,8.0,44.39890710382514,https://www.nba.com/stats/players/boxscores-traditional?Season=2007-08&SeasonType=Regular%20Season&TeamID=1610612741
2008,2007–08,201189,Aaron Gray,0020700917,2008-03-07,CHI @ BOS,BOS,L,15.383333333333333,9,3,8,0,0,3,3,3,5,8,1,0,1,1,5,-1,6.599999999999998,48.283261802575105,https://www.nba.com/stats/players/boxscores-traditional?Season=2007-08&SeasonType=Regular%20Season&TeamID=1610612741
2008,2007–08,2768,Chris Duhon,0020700917,2008-03-07,CHI @ BOS,BOS,L,25.5,11,3,7,1,4,4,4,2,1,3,1,2,0,0,0,-4,11.7,62.78538812785388,https://www.nba.com/stats/players/boxscores-traditional?Season=2007-08&SeasonType=Regular%20Season&TeamID=1610612741
2008,2007–08,2804,Andres Nocioni,0020700917,2008-03-07,CHI @ BOS,BOS,L,20.833333333333332,6,2,8,0,4,2,2,1,2,3,1,0,2,1,6,-23,1.1999999999999993,33.78378378378378,https://www.nba.com/stats/players/boxscores-traditional?Season=2007-08&SeasonType=Regular%20Season&TeamID=1610612741
2008,2007–08,2550,Kirk Hinrich,0020700917,2008-03-07,CHI @ BOS,BOS,L,19.905,3,1,3,1,2,0,0,1,2,3,3,1,0,1,5,-17,2.6999999999999993,50.0,https://www.nba.com/stats/players/boxscores-traditional?Season=2007-08&SeasonType=Regular%20Season&TeamID=1610612741
2008,2007–08,2400,Drew Gooden,0020700917,2008-03-07,CHI @ BOS,BOS,L,14.815,3,1,4,0,0,1,2,2,2,4,2,0,1,0,2,-18,3.5,30.737704918032787,https://www.nba.com/stats/players/boxscores-traditional?Season=2007-08&SeasonType=Regular%20Season&TeamID=1610612741
2008,2007–08,200769,Shannon Brown,0020700917,2008-03-07,CHI @ BOS,BOS,L,4.8,2,0,2,0,0,2,4,0,1,1,0,0,1,2,0,0,-1.2,26.595744680851062,https://www.nba.com/stats/players/boxscores-traditional?Season=2007-08&SeasonType=Regular%20Season&TeamID=1610612741
2008,2007–08,200759,Cedric Simmons,0020700917,2008-03-07,CHI @ BOS,BOS,L,4.8,0,0,2,0,0,0,0,0,1,1,0,0,0,1,1,0,-2.5,0.0,https://www.nba.com/stats/players/boxscores-traditional?Season=2007-08&SeasonType=Regular%20Season&TeamID=1610612741
2008,2007–08,2736,Luol Deng,0020700909,2008-03-06,CHI vs. CLE,CLE,W,36.61666666666667,23,8,18,0,0,7,11,5,3,8,4,1,1,3,3,22,16.7,50.350262697022764,https://www.nba.com/stats/players/boxscores-traditional?Season=2007-08&SeasonType=Regular%20Season&TeamID=1610612741
2008,2007–08,201149,Joakim Noah,0020700909,2008-03-06,CHI vs. CLE,CLE,W,32.39833333333333,13,5,9,0,0,3,4,10,10,20,2,0,1,1,5,17,17.399999999999995,60.4089219330855,https://www.nba.com/stats/players/boxscores-traditional?Season=2007-08&SeasonType=Regular%20Season&TeamID=1610612741
2008,2007–08,2732,Ben Gordon,0020700909,2008-03-06,CHI vs. CLE,CLE,W,33.016666666666666,23,9,16,4,5,1,3,1,5,6,4,0,0,0,1,-9,19.200000000000003,66.39722863741339,https://www.nba.com/stats/players/boxscores-traditional?Season=2007-08&SeasonType=Regular%20Season&TeamID=1610612741
2008,2007–08,2400,Drew Gooden,0020700909,2008-03-06,CHI vs. CLE,CLE,W,36.03333333333333,12,6,12,0,0,0,1,1,7,8,1,1,1,0,3,12,9.600000000000001,48.231511254019296,https://www.nba.com/stats/players/boxscores-traditional?Season=2007-08&SeasonType=Regular%20Season&TeamID=1610612741
2008,2007–08,2550,Kirk Hinrich,0020700909,2008-03-06,CHI vs. CLE,CLE,W,41.02333333333333,6,2,12,0,4,2,2,1,4,5,7,3,0,1,2,20,6.400000000000001,23.29192546583851,https://www.nba.com/stats/players/boxscores-traditional?Season=2007-08&SeasonType=Regular%20Season&TeamID=1610612741
2008,2007–08,1716,Larry Hughes,0020700909,2008-03-06,CHI vs. CLE,CLE,W,28.46,12,4,12,1,3,3,4,1,2,3,3,1,0,1,4,7,6.6,43.604651162790695,https://www.nba.com/stats/players/boxscores-traditional?Season=2007-08&SeasonType=Regular%20Season&TeamID=1610612741
2008,2007–08,2804,Andres Nocioni,0020700909,2008-03-06,CHI vs. CLE,CLE,W,18.615,11,4,9,2,4,1,2,0,4,4,0,0,0,0,4,4,5.5,55.66801619433198,https://www.nba.com/stats/players/boxscores-traditional?Season=2007-08&SeasonType=Regular%20Season&TeamID=1610612741
2008,2007–08,201189,Aaron Gray,0020700909,2008-03-06,CHI vs. CLE,CLE,W,10.37,7,2,2,0,0,3,4,2,0,2,1,0,1,0,2,-6,7.999999999999999,93.08510638297874,https://www.nba.com/stats/players/boxscores-traditional?Season=2007-08&SeasonType=Regular%20Season&TeamID=1610612741
2008,2007–08,200769,Shannon Brown,0020700909,2008-03-06,CHI vs. CLE,CLE,W,1.7333333333333334,0,0,0,0,0,0,0,0,0,0,0,0,1,1,0,-6,-0.30000000000000004,0.0,https://www.nba.com/stats/players/boxscores-traditional?Season=2007-08&SeasonType=Regular%20Season&TeamID=1610612741
2008,2007–08,200759,Cedric Simmons,0020700909,2008-03-06,CHI vs. CLE,CLE,W,1.7333333333333334,0,0,1,0,0,0,0,0,0,0,0,0,0,0,0,-6,-0.7,0.0,https://www.nba.com/stats/players/boxscores-traditional?Season=2007-08&SeasonType=Regular%20Season&TeamID=1610612741
2008,2007–08,2550,Kirk Hinrich,0020700893,2008-03-04,CHI vs. MEM,MEM,W,39.4,19,9,14,1,4,0,0,0,4,4,12,1,4,3,2,18,22.4,67.85714285714286,https://www.nba.com/stats/players/boxscores-traditional?Season=2007-08&SeasonType=Regular%20Season&TeamID=1610612741
2008,2007–08,2400,Drew Gooden,0020700893,2008-03-04,CHI vs. MEM,MEM,W,35.8,21,10,15,0,0,1,2,5,9,14,2,0,3,0,4,6,22.199999999999996,66.12090680100755,https://www.nba.com/stats/players/boxscores-traditional?Season=2007-08&SeasonType=Regular%20Season&TeamID=1610612741
2008,2007–08,2736,Luol Deng,0020700893,2008-03-04,CHI vs. MEM,MEM,W,42.93333333333333,21,8,17,0,1,5,5,3,6,9,5,1,0,1,0,15,19.7,54.6875,https://www.nba.com/stats/players/boxscores-traditional?Season=2007-08&SeasonType=Regular%20Season&TeamID=1610612741
2008,2007–08,2804,Andres Nocioni,0020700893,2008-03-04,CHI vs. MEM,MEM,W,29.133333333333333,20,7,9,3,5,3,4,1,5,6,2,0,1,1,2,10,18.599999999999998,92.93680297397769,https://www.nba.com/stats/players/boxscores-traditional?Season=2007-08&SeasonType=Regular%20Season&TeamID=1610612741
2008,2007–08,2732,Ben Gordon,0020700893,2008-03-04,CHI vs. MEM,MEM,W,30.5,16,4,10,2,6,6,6,0,1,1,1,2,0,1,3,-3,11.400000000000002,63.291139240506325,https://www.nba.com/stats/players/boxscores-traditional?Season=2007-08&SeasonType=Regular%20Season&TeamID=1610612741
2008,2007–08,1716,Larry Hughes,0020700893,2008-03-04,CHI vs. MEM,MEM,W,24.75,8,3,7,0,1,2,4,1,2,3,5,2,0,2,2,16,7.5,45.662100456621005,https://www.nba.com/stats/players/boxscores-traditional?Season=2007-08&SeasonType=Regular%20Season&TeamID=1610612741
2008,2007–08,201149,Joakim Noah,0020700893,2008-03-04,CHI vs. MEM,MEM,W,21.75,4,2,5,0,0,0,0,1,8,9,0,1,0,1,2,17,3.5999999999999996,40.0,https://www.nba.com/stats/players/boxscores-traditional?Season=2007-08&SeasonType=Regular%20Season&TeamID=1610612741
2008,2007–08,200769,Shannon Brown,0020700893,2008-03-04,CHI vs. MEM,MEM,W,1.35,3,1,2,0,0,1,2,0,0,0,0,0,0,0,0,-1,1.6,52.083333333333336,https://www.nba.com/stats/players/boxscores-traditional?Season=2007-08&SeasonType=Regular%20Season&TeamID=1610612741
2008,2007–08,200748,Tyrus Thomas,0020700893,2008-03-04,CHI vs. MEM,MEM,W,8.7,0,0,2,0,0,0,0,0,1,1,1,0,0,2,4,-2,-4.0,0.0,https://www.nba.com/stats/players/boxscores-traditional?Season=2007-08&SeasonType=Regular%20Season&TeamID=1610612741
2008,2007–08,201189,Aaron Gray,0020700893,2008-03-04,CHI vs. MEM,MEM,W,4.333333333333333,0,0,1,0,0,0,0,0,0,0,1,0,0,0,2,0,-0.8,0.0,https://www.nba.com/stats/players/boxscores-traditional?Season=2007-08&SeasonType=Regular%20Season&TeamID=1610612741
2008,2007–08,200759,Cedric Simmons,0020700893,2008-03-04,CHI vs. MEM,MEM,W,1.35,0,0,0,0,0,0,0,0,0,0,0,0,0,0,0,-1,0.0,0.0,https://www.nba.com/stats/players/boxscores-traditional?Season=2007-08&SeasonType=Regular%20Season&TeamID=1610612741
2008,2007–08,1716,Larry Hughes,0020700875,2008-03-02,CHI @ CLE,CLE,L,43.03333333333333,23,8,20,2,8,5,6,0,5,5,4,1,1,2,2,-8,14.999999999999996,50.79505300353356,https://www.nba.com/stats/players/boxscores-traditional?Season=2007-08&SeasonType=Regular%20Season&TeamID=1610612741
2008,2007–08,2400,Drew Gooden,0020700875,2008-03-02,CHI @ CLE,CLE,L,32.35666666666667,11,4,10,0,0,3,4,2,8,10,2,1,1,3,3,-10,7.899999999999999,46.7687074829932,https://www.nba.com/stats/players/boxscores-traditional?Season=2007-08&SeasonType=Regular%20Season&TeamID=1610612741
2008,2007–08,200748,Tyrus Thomas,0020700875,2008-03-02,CHI @ CLE,CLE,L,24.633333333333333,12,4,6,0,0,4,6,2,5,7,1,1,1,3,1,5,10.499999999999998,69.44444444444444,https://www.nba.com/stats/players/boxscores-traditional?Season=2007-08&SeasonType=Regular%20Season&TeamID=1610612741
2008,2007–08,2736,Luol Deng,0020700875,2008-03-02,CHI @ CLE,CLE,L,27.016666666666666,10,3,13,0,0,4,4,4,2,6,3,1,1,1,0,-5,8.299999999999997,33.87533875338754,https://www.nba.com/stats/players/boxscores-traditional?Season=2007-08&SeasonType=Regular%20Season&TeamID=1610612741
2008,2007–08,201149,Joakim Noah,0020700875,2008-03-02,CHI @ CLE,CLE,L,33.46666666666667,11,2,4,0,0,7,8,4,4,8,0,0,2,0,4,-12,12.399999999999999,73.13829787234043,https://www.nba.com/stats/players/boxscores-traditional?Season=2007-08&SeasonType=Regular%20Season&TeamID=1610612741
2008,2007–08,2732,Ben Gordon,0020700875,2008-03-02,CHI @ CLE,CLE,L,28.433333333333334,11,5,13,0,4,1,1,0,7,7,3,0,0,5,1,3,2.6999999999999993,40.922619047619044,https://www.nba.com/stats/players/boxscores-traditional?Season=2007-08&SeasonType=Regular%20Season&TeamID=1610612741
2008,2007–08,2550,Kirk Hinrich,0020700875,2008-03-02,CHI @ CLE,CLE,L,19.566666666666666,5,2,4,1,2,0,0,0,0,0,3,1,0,2,4,-12,2.5,62.5,https://www.nba.com/stats/players/boxscores-traditional?Season=2007-08&SeasonType=Regular%20Season&TeamID=1610612741
2008,2007–08,2768,Chris Duhon,0020700875,2008-03-02,CHI @ CLE,CLE,L,4.966666666666667,0,0,0,0,0,0,0,0,0,0,1,0,1,1,2,-1,-0.40000000000000013,0.0,https://www.nba.com/stats/players/boxscores-traditional?Season=2007-08&SeasonType=Regular%20Season&TeamID=1610612741
2008,2007–08,2804,Andres Nocioni,0020700875,2008-03-02,CHI @ CLE,CLE,L,21.583333333333332,2,1,4,0,3,0,0,0,0,0,1,0,0,1,3,-8,-1.9000000000000001,25.0,https://www.nba.com/stats/players/boxscores-traditional?Season=2007-08&SeasonType=Regular%20Season&TeamID=1610612741
2008,2007–08,201189,Aaron Gray,0020700875,2008-03-02,CHI @ CLE,CLE,L,4.943333333333333,1,0,0,0,0,1,2,1,0,1,0,0,0,0,2,3,0.4999999999999998,56.81818181818182,https://www.nba.com/stats/players/boxscores-traditional?Season=2007-08&SeasonType=Regular%20Season&TeamID=1610612741
2008,2007–08,2736,Luol Deng,0020700862,2008-02-29,CHI vs. WAS,WAS,L,44.4,18,9,14,0,0,0,2,5,6,11,2,3,1,2,0,-13,19.4,60.483870967741936,https://www.nba.com/stats/players/boxscores-traditional?Season=2007-08&SeasonType=Regular%20Season&TeamID=1610612741
2008,2007–08,2804,Andres Nocioni,0020700862,2008-02-29,CHI vs. WAS,WAS,L,30.4,19,8,14,3,7,0,0,1,5,6,3,1,2,4,3,1,13.899999999999999,67.85714285714286,https://www.nba.com/stats/players/boxscores-traditional?Season=2007-08&SeasonType=Regular%20Season&TeamID=1610612741
2008,2007–08,2550,Kirk Hinrich,0020700862,2008-02-29,CHI vs. WAS,WAS,L,34.55,16,5,11,3,6,3,4,0,5,5,3,2,0,5,4,-6,8.9,62.695924764890286,https://www.nba.com/stats/players/boxscores-traditional?Season=2007-08&SeasonType=Regular%20Season&TeamID=1610612741
2008,2007–08,1716,Larry Hughes,0020700862,2008-02-29,CHI vs. WAS,WAS,L,34.6,16,5,16,1,3,5,6,1,3,4,6,0,0,2,3,-18,9.0,42.91845493562232,https://www.nba.com/stats/players/boxscores-traditional?Season=2007-08&SeasonType=Regular%20Season&TeamID=1610612741
2008,2007–08,201149,Joakim Noah,0020700862,2008-02-29,CHI vs. WAS,WAS,L,22.991666666666667,5,1,1,0,0,3,3,3,1,4,4,1,2,2,4,0,8.7,107.75862068965516,https://www.nba.com/stats/players/boxscores-traditional?Season=2007-08&SeasonType=Regular%20Season&TeamID=1610612741
2008,2007–08,2732,Ben Gordon,0020700862,2008-02-29,CHI vs. WAS,WAS,L,26.868333333333332,6,2,9,0,3,2,2,0,5,5,3,0,0,3,2,4,0.2999999999999998,30.364372469635626,https://www.nba.com/stats/players/boxscores-traditional?Season=2007-08&SeasonType=Regular%20Season&TeamID=1610612741
2008,2007–08,2400,Drew Gooden,0020700862,2008-02-29,CHI vs. WAS,WAS,L,23.05,5,2,7,0,0,1,4,1,5,6,0,0,0,0,6,-7,-0.5000000000000002,28.538812785388128,https://www.nba.com/stats/players/boxscores-traditional?Season=2007-08&SeasonType=Regular%20Season&TeamID=1610612741
2008,2007–08,200748,Tyrus Thomas,0020700862,2008-02-29,CHI vs. WAS,WAS,L,9.233333333333333,2,1,2,0,0,0,0,1,3,4,2,0,0,1,3,2,1.7999999999999994,50.0,https://www.nba.com/stats/players/boxscores-traditional?Season=2007-08&SeasonType=Regular%20Season&TeamID=1610612741
2008,2007–08,201189,Aaron Gray,0020700862,2008-02-29,CHI vs. WAS,WAS,L,8.073333333333334,4,1,4,0,0,2,2,1,1,2,1,0,0,1,1,7,1.9000000000000008,40.98360655737705,https://www.nba.com/stats/players/boxscores-traditional?Season=2007-08&SeasonType=Regular%20Season&TeamID=1610612741
2008,2007–08,2768,Chris Duhon,0020700862,2008-02-29,CHI vs. WAS,WAS,L,5.833333333333333,0,0,1,0,1,0,0,0,0,0,2,0,0,0,2,0,-0.10000000000000009,0.0,https://www.nba.com/stats/players/boxscores-traditional?Season=2007-08&SeasonType=Regular%20Season&TeamID=1610612741
2008,2007–08,1716,Larry Hughes,0020700848,2008-02-27,CHI @ IND,IND,W,32.416666666666664,29,10,19,3,6,6,10,1,2,3,6,3,0,1,3,21,24.400000000000002,61.965811965811966,https://www.nba.com/stats/players/boxscores-traditional?Season=2007-08&SeasonType=Regular%20Season&TeamID=1610612741
2008,2007–08,2736,Luol Deng,0020700848,2008-02-27,CHI @ IND,IND,W,35.31666666666667,16,7,12,0,0,2,3,3,3,6,5,2,0,2,5,4,14.5,60.06006006006006,https://www.nba.com/stats/players/boxscores-traditional?Season=2007-08&SeasonType=Regular%20Season&TeamID=1610612741
2008,2007–08,2732,Ben Gordon,0020700848,2008-02-27,CHI @ IND,IND,W,28.713333333333335,15,5,16,2,3,3,5,0,2,2,6,2,1,3,3,8,8.3,41.20879120879121,https://www.nba.com/stats/players/boxscores-traditional?Season=2007-08&SeasonType=Regular%20Season&TeamID=1610612741
2008,2007–08,2400,Drew Gooden,0020700848,2008-02-27,CHI @ IND,IND,W,25.438333333333333,10,3,9,0,0,4,5,8,7,15,2,0,1,2,5,10,10.299999999999997,44.642857142857146,https://www.nba.com/stats/players/boxscores-traditional?Season=2007-08&SeasonType=Regular%20Season&TeamID=1610612741
2008,2007–08,201149,Joakim Noah,0020700848,2008-02-27,CHI @ IND,IND,W,26.333333333333332,11,4,5,0,0,3,6,1,6,7,0,2,1,2,4,5,9.499999999999998,71.98952879581151,https://www.nba.com/stats/players/boxscores-traditional?Season=2007-08&SeasonType=Regular%20Season&TeamID=1610612741
2008,2007–08,200748,Tyrus Thomas,0020700848,2008-02-27,CHI @ IND,IND,W,20.216666666666665,6,3,8,0,0,0,0,1,9,10,2,0,2,0,4,-9,6.200000000000001,37.5,https://www.nba.com/stats/players/boxscores-traditional?Season=2007-08&SeasonType=Regular%20Season&TeamID=1610612741
2008,2007–08,2550,Kirk Hinrich,0020700848,2008-02-27,CHI @ IND,IND,W,16.583333333333332,6,2,3,2,2,0,0,0,0,0,3,2,0,0,3,-7,7.6000000000000005,100.0,https://www.nba.com/stats/players/boxscores-traditional?Season=2007-08&SeasonType=Regular%20Season&TeamID=1610612741
2008,2007–08,2804,Andres Nocioni,0020700848,2008-02-27,CHI @ IND,IND,W,21.416666666666668,11,4,9,1,4,2,4,0,1,1,0,1,0,0,2,7,6.0,51.11524163568774,https://www.nba.com/stats/players/boxscores-traditional?Season=2007-08&SeasonType=Regular%20Season&TeamID=1610612741
2008,2007–08,200757,Thabo Sefolosha,0020700848,2008-02-27,CHI @ IND,IND,W,26.131666666666668,7,3,6,1,1,0,2,1,0,1,2,1,1,3,4,-10,2.4000000000000004,50.872093023255815,https://www.nba.com/stats/players/boxscores-traditional?Season=2007-08&SeasonType=Regular%20Season&TeamID=1610612741
2008,2007–08,201189,Aaron Gray,0020700848,2008-02-27,CHI @ IND,IND,W,7.433333333333334,2,0,0,0,0,2,2,0,1,1,0,0,1,0,1,1,2.6,113.63636363636364,https://www.nba.com/stats/players/boxscores-traditional?Season=2007-08&SeasonType=Regular%20Season&TeamID=1610612741
2008,2007–08,2732,Ben Gordon,0020700833,2008-02-25,CHI @ DAL,DAL,L,37.74666666666667,25,9,20,2,4,5,5,0,2,2,4,2,0,0,1,4,19.600000000000005,56.30630630630631,https://www.nba.com/stats/players/boxscores-traditional?Season=2007-08&SeasonType=Regular%20Season&TeamID=1610612741
2008,2007–08,2400,Drew Gooden,0020700833,2008-02-25,CHI @ DAL,DAL,L,37.516666666666666,17,7,15,0,0,3,3,3,5,8,0,2,0,1,1,-7,13.5,52.083333333333336,https://www.nba.com/stats/players/boxscores-traditional?Season=2007-08&SeasonType=Regular%20Season&TeamID=1610612741
2008,2007–08,1716,Larry Hughes,0020700833,2008-02-25,CHI @ DAL,DAL,L,31.633333333333333,14,4,11,1,2,5,5,0,5,5,3,1,0,3,3,2,8.3,53.03030303030303,https://www.nba.com/stats/players/boxscores-traditional?Season=2007-08&SeasonType=Regular%20Season&TeamID=1610612741
2008,2007–08,2736,Luol Deng,0020700833,2008-02-25,CHI @ DAL,DAL,L,30.883333333333333,10,3,9,0,1,4,6,1,8,9,1,2,0,2,1,-10,7.499999999999998,42.955326460481096,https://www.nba.com/stats/players/boxscores-traditional?Season=2007-08&SeasonType=Regular%20Season&TeamID=1610612741
2008,2007–08,200757,Thabo Sefolosha,0020700833,2008-02-25,CHI @ DAL,DAL,L,26.933333333333334,10,3,8,1,3,3,4,0,3,3,2,1,1,1,0,0,8.2,51.229508196721305,https://www.nba.com/stats/players/boxscores-traditional?Season=2007-08&SeasonType=Regular%20Season&TeamID=1610612741
2008,2007–08,200748,Tyrus Thomas,0020700833,2008-02-25,CHI @ DAL,DAL,L,27.983333333333334,9,3,8,0,0,3,4,1,4,5,0,1,0,1,4,-3,4.5,46.10655737704918,https://www.nba.com/stats/players/boxscores-traditional?Season=2007-08&SeasonType=Regular%20Season&TeamID=1610612741
2008,2007–08,201149,Joakim Noah,0020700833,2008-02-25,CHI @ DAL,DAL,L,18.2,4,2,4,0,0,0,2,1,2,3,0,0,2,3,0,-10,0.8999999999999999,40.98360655737705,https://www.nba.com/stats/players/boxscores-traditional?Season=2007-08&SeasonType=Regular%20Season&TeamID=1610612741
2008,2007–08,2804,Andres Nocioni,0020700833,2008-02-25,CHI @ DAL,DAL,L,17.686666666666667,5,2,6,1,2,0,0,1,0,1,1,0,0,1,4,0,0.4000000000000008,41.66666666666667,https://www.nba.com/stats/players/boxscores-traditional?Season=2007-08&SeasonType=Regular%20Season&TeamID=1610612741
2008,2007–08,2550,Kirk Hinrich,0020700833,2008-02-25,CHI @ DAL,DAL,L,11.416666666666666,0,0,2,0,1,0,0,1,2,3,2,1,0,3,2,-16,-1.5000000000000002,0.0,https://www.nba.com/stats/players/boxscores-traditional?Season=2007-08&SeasonType=Regular%20Season&TeamID=1610612741
2008,2007–08,200748,Tyrus Thomas,0020700829,2008-02-24,CHI @ HOU,HOU,L,26.066666666666666,18,7,11,0,0,4,4,1,5,6,5,1,2,2,2,0,18.4,70.53291536050156,https://www.nba.com/stats/players/boxscores-traditional?Season=2007-08&SeasonType=Regular%20Season&TeamID=1610612741
2008,2007–08,2550,Kirk Hinrich,0020700829,2008-02-24,CHI @ HOU,HOU,L,28.45,10,4,9,2,3,0,0,0,4,4,10,0,0,2,3,-18,10.3,55.55555555555556,https://www.nba.com/stats/players/boxscores-traditional?Season=2007-08&SeasonType=Regular%20Season&TeamID=1610612741
2008,2007–08,2400,Drew Gooden,0020700829,2008-02-24,CHI @ HOU,HOU,L,25.4,12,4,11,0,1,4,4,3,5,8,0,0,1,3,3,-18,6.0,47.02194357366771,https://www.nba.com/stats/players/boxscores-traditional?Season=2007-08&SeasonType=Regular%20Season&TeamID=1610612741
2008,2007–08,2736,Luol Deng,0020700829,2008-02-24,CHI @ HOU,HOU,L,23.7,10,3,7,0,0,4,4,1,5,6,3,0,0,0,2,-11,9.799999999999999,57.077625570776256,https://www.nba.com/stats/players/boxscores-traditional?Season=2007-08&SeasonType=Regular%20Season&TeamID=1610612741
2008,2007–08,200757,Thabo Sefolosha,0020700829,2008-02-24,CHI @ HOU,HOU,L,23.833333333333332,11,5,9,0,0,1,2,0,3,3,1,1,1,1,3,2,7.399999999999999,55.66801619433198,https://www.nba.com/stats/players/boxscores-traditional?Season=2007-08&SeasonType=Regular%20Season&TeamID=1610612741
2008,2007–08,1716,Larry Hughes,0020700829,2008-02-24,CHI @ HOU,HOU,L,21.833333333333332,13,6,11,1,3,0,0,0,2,2,2,0,0,2,0,-3,7.700000000000001,59.09090909090909,https://www.nba.com/stats/players/boxscores-traditional?Season=2007-08&SeasonType=Regular%20Season&TeamID=1610612741
2008,2007–08,2804,Andres Nocioni,0020700829,2008-02-24,CHI @ HOU,HOU,L,27.426666666666666,12,6,11,0,2,0,0,0,2,2,0,0,1,1,2,-2,6.2,54.54545454545454,https://www.nba.com/stats/players/boxscores-traditional?Season=2007-08&SeasonType=Regular%20Season&TeamID=1610612741
2008,2007–08,201149,Joakim Noah,0020700829,2008-02-24,CHI @ HOU,HOU,L,24.7,2,1,3,0,0,0,0,0,2,2,2,4,0,2,1,-2,3.9000000000000004,33.33333333333333,https://www.nba.com/stats/players/boxscores-traditional?Season=2007-08&SeasonType=Regular%20Season&TeamID=1610612741
2008,2007–08,2732,Ben Gordon,0020700829,2008-02-24,CHI @ HOU,HOU,L,25.633333333333333,5,2,11,1,4,0,0,0,0,0,4,1,0,1,2,-11,0.10000000000000031,22.727272727272727,https://www.nba.com/stats/players/boxscores-traditional?Season=2007-08&SeasonType=Regular%20Season&TeamID=1610612741
2008,2007–08,201189,Aaron Gray,0020700829,2008-02-24,CHI @ HOU,HOU,L,10.773333333333333,2,1,3,0,0,0,0,2,4,6,1,1,0,1,5,-7,1.6000000000000005,33.33333333333333,https://www.nba.com/stats/players/boxscores-traditional?Season=2007-08&SeasonType=Regular%20Season&TeamID=1610612741
2008,2007–08,200759,Cedric Simmons,0020700829,2008-02-24,CHI @ HOU,HOU,L,2.183333333333333,2,1,1,0,0,0,0,0,0,0,0,0,0,0,0,5,1.7,100.0,https://www.nba.com/stats/players/boxscores-traditional?Season=2007-08&SeasonType=Regular%20Season&TeamID=1610612741
2008,2007–08,2732,Ben Gordon,0020700809,2008-02-22,CHI vs. DEN,DEN,W,33.8,37,12,18,6,10,7,8,1,2,3,5,2,0,5,4,-1,28.999999999999993,85.96654275092936,https://www.nba.com/stats/players/boxscores-traditional?Season=2007-08&SeasonType=Regular%20Season&TeamID=1610612741
2008,2007–08,200748,Tyrus Thomas,0020700809,2008-02-22,CHI vs. DEN,DEN,W,33.64,18,9,13,0,0,0,0,3,8,11,4,2,3,1,3,25,21.7,69.23076923076923,https://www.nba.com/stats/players/boxscores-traditional?Season=2007-08&SeasonType=Regular%20Season&TeamID=1610612741
2008,2007–08,2550,Kirk Hinrich,0020700809,2008-02-22,CHI vs. DEN,DEN,W,36.233333333333334,16,7,13,2,4,0,0,0,3,3,14,0,0,2,5,19,16.4,61.53846153846154,https://www.nba.com/stats/players/boxscores-traditional?Season=2007-08&SeasonType=Regular%20Season&TeamID=1610612741
2008,2007–08,201149,Joakim Noah,0020700809,2008-02-22,CHI vs. DEN,DEN,W,38.11666666666667,14,7,11,0,0,0,0,5,5,10,3,1,2,1,2,27,16.8,63.63636363636363,https://www.nba.com/stats/players/boxscores-traditional?Season=2007-08&SeasonType=Regular%20Season&TeamID=1610612741
2008,2007–08,2804,Andres Nocioni,0020700809,2008-02-22,CHI vs. DEN,DEN,W,26.91,21,8,12,3,5,2,3,0,3,3,0,1,0,2,3,23,14.100000000000001,78.82882882882882,https://www.nba.com/stats/players/boxscores-traditional?Season=2007-08&SeasonType=Regular%20Season&TeamID=1610612741
2008,2007–08,200757,Thabo Sefolosha,0020700809,2008-02-22,CHI vs. DEN,DEN,W,20.933333333333334,14,6,8,0,1,2,4,0,3,3,4,1,0,0,2,21,13.899999999999999,71.72131147540983,https://www.nba.com/stats/players/boxscores-traditional?Season=2007-08&SeasonType=Regular%20Season&TeamID=1610612741
2008,2007–08,2736,Luol Deng,0020700809,2008-02-22,CHI vs. DEN,DEN,W,20.466666666666665,10,5,14,0,0,0,1,2,4,6,0,0,0,0,3,-24,3.200000000000001,34.62603878116344,https://www.nba.com/stats/players/boxscores-traditional?Season=2007-08&SeasonType=Regular%20Season&TeamID=1610612741
2008,2007–08,201189,Aaron Gray,0020700809,2008-02-22,CHI vs. DEN,DEN,W,12.266666666666667,4,2,7,0,0,0,2,5,0,5,1,0,0,1,2,-9,1.5000000000000009,25.380710659898476,https://www.nba.com/stats/players/boxscores-traditional?Season=2007-08&SeasonType=Regular%20Season&TeamID=1610612741
2008,2007–08,2768,Chris Duhon,0020700809,2008-02-22,CHI vs. DEN,DEN,W,17.633333333333333,1,0,2,0,2,1,2,0,0,0,3,0,0,0,1,-11,0.8999999999999998,17.36111111111111,https://www.nba.com/stats/players/boxscores-traditional?Season=2007-08&SeasonType=Regular%20Season&TeamID=1610612741
2008,2007–08,200748,Tyrus Thomas,0020700793,2008-02-20,CHI @ NJN,NJN,L,24.363333333333333,10,2,8,0,0,6,8,5,1,6,5,1,3,0,2,-15,14.0,43.40277777777778,https://www.nba.com/stats/players/boxscores-traditional?Season=2007-08&SeasonType=Regular%20Season&TeamID=1610612741
2008,2007–08,693,Joe Smith,0020700793,2008-02-20,CHI @ NJN,NJN,L,25.8,17,7,12,0,0,3,3,4,5,9,1,1,0,3,3,7,13.200000000000003,63.813813813813816,https://www.nba.com/stats/players/boxscores-traditional?Season=2007-08&SeasonType=Regular%20Season&TeamID=1610612741
2008,2007–08,2768,Chris Duhon,0020700793,2008-02-20,CHI @ NJN,NJN,L,26.076666666666668,10,4,10,2,5,0,0,0,2,2,5,2,0,0,0,-12,10.7,50.0,https://www.nba.com/stats/players/boxscores-traditional?Season=2007-08&SeasonType=Regular%20Season&TeamID=1610612741
2008,2007–08,2550,Kirk Hinrich,0020700793,2008-02-20,CHI @ NJN,NJN,L,35.68833333333333,11,4,14,1,4,2,3,1,1,2,6,1,0,0,0,0,8.6,35.900783289817234,https://www.nba.com/stats/players/boxscores-traditional?Season=2007-08&SeasonType=Regular%20Season&TeamID=1610612741
2008,2007–08,200757,Thabo Sefolosha,0020700793,2008-02-20,CHI @ NJN,NJN,L,31.388333333333332,10,4,8,0,0,2,2,1,5,6,3,0,1,1,6,-5,7.599999999999998,56.3063063063063,https://www.nba.com/stats/players/boxscores-traditional?Season=2007-08&SeasonType=Regular%20Season&TeamID=1610612741
2008,2007–08,2804,Andres Nocioni,0020700793,2008-02-20,CHI @ NJN,NJN,L,19.94333333333333,11,5,9,1,2,0,0,3,6,9,0,0,0,3,4,-10,6.000000000000002,61.111111111111114,https://www.nba.com/stats/players/boxscores-traditional?Season=2007-08&SeasonType=Regular%20Season&TeamID=1610612741
2008,2007–08,1112,Ben Wallace,0020700793,2008-02-20,CHI @ NJN,NJN,L,32.94166666666667,6,2,9,0,0,2,4,3,6,9,2,1,0,1,3,1,3.8,27.881040892193308,https://www.nba.com/stats/players/boxscores-traditional?Season=2007-08&SeasonType=Regular%20Season&TeamID=1610612741
2008,2007–08,2732,Ben Gordon,0020700793,2008-02-20,CHI @ NJN,NJN,L,32.126666666666665,14,5,15,0,3,4,6,0,1,1,2,1,0,1,6,-5,4.0,39.682539682539684,https://www.nba.com/stats/players/boxscores-traditional?Season=2007-08&SeasonType=Regular%20Season&TeamID=1610612741
2008,2007–08,2736,Luol Deng,0020700793,2008-02-20,CHI @ NJN,NJN,L,19.171666666666667,13,4,10,0,0,5,6,1,3,4,0,0,0,1,1,5,7.399999999999999,51.42405063291139,https://www.nba.com/stats/players/boxscores-traditional?Season=2007-08&SeasonType=Regular%20Season&TeamID=1610612741
2008,2007–08,201149,Joakim Noah,0020700793,2008-02-20,CHI @ NJN,NJN,L,13.633333333333333,0,0,2,0,0,0,0,3,3,6,1,0,1,1,2,-3,1.2000000000000002,0.0,https://www.nba.com/stats/players/boxscores-traditional?Season=2007-08&SeasonType=Regular%20Season&TeamID=1610612741
2008,2007–08,201189,Aaron Gray,0020700793,2008-02-20,CHI @ NJN,NJN,L,3.8666666666666667,0,0,0,0,0,0,0,0,0,0,0,0,0,1,1,-3,-1.4,0.0,https://www.nba.com/stats/players/boxscores-traditional?Season=2007-08&SeasonType=Regular%20Season&TeamID=1610612741
2008,2007–08,200757,Thabo Sefolosha,0020700778,2008-02-14,CHI vs. MIA,MIA,W,38.583333333333336,17,5,13,0,1,7,8,4,8,12,1,4,0,4,2,12,14.600000000000001,51.45278450363197,https://www.nba.com/stats/players/boxscores-traditional?Season=2007-08&SeasonType=Regular%20Season&TeamID=1610612741
2008,2007–08,2550,Kirk Hinrich,0020700778,2008-02-14,CHI vs. MIA,MIA,W,33.166666666666664,24,10,18,1,4,3,4,1,6,7,4,1,0,3,1,7,17.900000000000002,60.72874493927125,https://www.nba.com/stats/players/boxscores-traditional?Season=2007-08&SeasonType=Regular%20Season&TeamID=1610612741
2008,2007–08,693,Joe Smith,0020700778,2008-02-14,CHI vs. MIA,MIA,W,34.083333333333336,19,7,13,0,0,5,6,4,7,11,2,1,0,0,4,8,18.0,60.74168797953964,https://www.nba.com/stats/players/boxscores-traditional?Season=2007-08&SeasonType=Regular%20Season&TeamID=1610612741
2008,2007–08,200748,Tyrus Thomas,0020700778,2008-02-14,CHI vs. MIA,MIA,W,38.45,10,3,10,0,0,4,6,3,9,12,1,1,4,3,4,0,8.1,39.55696202531646,https://www.nba.com/stats/players/boxscores-traditional?Season=2007-08&SeasonType=Regular%20Season&TeamID=1610612741
2008,2007–08,2804,Andres Nocioni,0020700778,2008-02-14,CHI vs. MIA,MIA,W,42.15,18,8,18,1,5,1,1,0,6,6,2,0,0,3,4,8,7.199999999999999,48.80694143167028,https://www.nba.com/stats/players/boxscores-traditional?Season=2007-08&SeasonType=Regular%20Season&TeamID=1610612741
2008,2007–08,2768,Chris Duhon,0020700778,2008-02-14,CHI vs. MIA,MIA,W,31.783333333333335,3,1,5,1,3,0,0,0,2,2,8,0,0,0,0,-4,6.1,30.0,https://www.nba.com/stats/players/boxscores-traditional?Season=2007-08&SeasonType=Regular%20Season&TeamID=1610612741
2008,2007–08,201149,Joakim Noah,0020700778,2008-02-14,CHI vs. MIA,MIA,W,14.5,4,2,5,0,0,0,0,1,1,2,1,0,0,0,2,-3,2.2,40.0,https://www.nba.com/stats/players/boxscores-traditional?Season=2007-08&SeasonType=Regular%20Season&TeamID=1610612741
2008,2007–08,201189,Aaron Gray,0020700778,2008-02-14,CHI vs. MIA,MIA,W,7.283333333333333,4,2,3,0,0,0,0,0,1,1,0,0,0,1,0,7,2.0,66.66666666666666,https://www.nba.com/stats/players/boxscores-traditional?Season=2007-08&SeasonType=Regular%20Season&TeamID=1610612741
2008,2007–08,2804,Andres Nocioni,0020700763,2008-02-12,CHI vs. NOH,NOH,L,39.96666666666667,28,8,15,2,5,10,11,0,4,4,0,0,0,2,3,-13,18.3,70.56451612903226,https://www.nba.com/stats/players/boxscores-traditional?Season=2007-08&SeasonType=Regular%20Season&TeamID=1610612741
2008,2007–08,1112,Ben Wallace,0020700763,2008-02-12,CHI vs. NOH,NOH,L,34.666666666666664,9,4,11,0,0,1,2,6,10,16,1,0,1,3,0,-16,8.099999999999998,37.878787878787875,https://www.nba.com/stats/players/boxscores-traditional?Season=2007-08&SeasonType=Regular%20Season&TeamID=1610612741
2008,2007–08,200757,Thabo Sefolosha,0020700763,2008-02-12,CHI vs. NOH,NOH,L,39.445,12,6,11,0,2,0,0,2,4,6,4,0,1,4,2,-14,8.0,54.54545454545454,https://www.nba.com/stats/players/boxscores-traditional?Season=2007-08&SeasonType=Regular%20Season&TeamID=1610612741
2008,2007–08,2550,Kirk Hinrich,0020700763,2008-02-12,CHI vs. NOH,NOH,L,25.705,15,6,15,3,5,0,0,0,2,2,4,0,0,2,4,-9,6.6999999999999975,50.0,https://www.nba.com/stats/players/boxscores-traditional?Season=2007-08&SeasonType=Regular%20Season&TeamID=1610612741
2008,2007–08,693,Joe Smith,0020700763,2008-02-12,CHI vs. NOH,NOH,L,27.266666666666666,8,4,12,0,0,0,0,3,0,3,3,1,1,1,1,-13,5.7,33.33333333333333,https://www.nba.com/stats/players/boxscores-traditional?Season=2007-08&SeasonType=Regular%20Season&TeamID=1610612741
2008,2007–08,201149,Joakim Noah,0020700763,2008-02-12,CHI vs. NOH,NOH,L,22.15,4,1,4,0,0,2,2,1,5,6,2,0,2,0,2,-1,5.800000000000002,40.98360655737705,https://www.nba.com/stats/players/boxscores-traditional?Season=2007-08&SeasonType=Regular%20Season&TeamID=1610612741
2008,2007–08,2768,Chris Duhon,0020700763,2008-02-12,CHI vs. NOH,NOH,L,30.85,5,2,7,1,2,0,0,0,1,1,5,1,0,1,2,-5,3.9000000000000004,35.714285714285715,https://www.nba.com/stats/players/boxscores-traditional?Season=2007-08&SeasonType=Regular%20Season&TeamID=1610612741
2008,2007–08,201189,Aaron Gray,0020700763,2008-02-12,CHI vs. NOH,NOH,L,11.916666666666666,2,1,3,0,0,0,0,2,1,3,2,3,0,3,4,2,1.8000000000000007,33.33333333333333,https://www.nba.com/stats/players/boxscores-traditional?Season=2007-08&SeasonType=Regular%20Season&TeamID=1610612741
2008,2007–08,200748,Tyrus Thomas,0020700763,2008-02-12,CHI vs. NOH,NOH,L,8.033333333333333,3,1,4,0,0,1,2,0,0,0,0,0,0,1,0,-1,-0.7999999999999999,30.737704918032787,https://www.nba.com/stats/players/boxscores-traditional?Season=2007-08&SeasonType=Regular%20Season&TeamID=1610612741
2008,2007–08,200757,Thabo Sefolosha,0020700742,2008-02-09,CHI @ UTA,UTA,L,41.2,22,7,21,2,6,6,7,1,6,7,4,2,1,2,5,-8,13.7,45.68106312292359,https://www.nba.com/stats/players/boxscores-traditional?Season=2007-08&SeasonType=Regular%20Season&TeamID=1610612741
2008,2007–08,2768,Chris Duhon,0020700742,2008-02-09,CHI @ UTA,UTA,L,41.1,11,4,12,1,6,2,2,0,4,4,8,4,0,0,1,-10,14.600000000000001,42.701863354037265,https://www.nba.com/stats/players/boxscores-traditional?Season=2007-08&SeasonType=Regular%20Season&TeamID=1610612741
2008,2007–08,1112,Ben Wallace,0020700742,2008-02-09,CHI @ UTA,UTA,L,37.97833333333333,9,2,7,0,0,5,8,2,5,7,2,2,3,1,1,-11,10.700000000000001,42.77566539923954,https://www.nba.com/stats/players/boxscores-traditional?Season=2007-08&SeasonType=Regular%20Season&TeamID=1610612741
2008,2007–08,693,Joe Smith,0020700742,2008-02-09,CHI @ UTA,UTA,L,30.583333333333332,14,5,13,0,0,4,7,0,4,4,1,0,1,3,4,-6,3.700000000000001,43.53233830845772,https://www.nba.com/stats/players/boxscores-traditional?Season=2007-08&SeasonType=Regular%20Season&TeamID=1610612741
2008,2007–08,2804,Andres Nocioni,0020700742,2008-02-09,CHI @ UTA,UTA,L,28.10333333333333,14,6,11,2,5,0,0,0,4,4,1,0,0,1,3,19,8.399999999999999,63.63636363636363,https://www.nba.com/stats/players/boxscores-traditional?Season=2007-08&SeasonType=Regular%20Season&TeamID=1610612741
2008,2007–08,1559,Adrian Griffin,0020700742,2008-02-09,CHI @ UTA,UTA,L,21.066666666666666,4,2,4,0,0,0,0,1,3,4,2,2,0,3,3,-9,2.8,50.0,https://www.nba.com/stats/players/boxscores-traditional?Season=2007-08&SeasonType=Regular%20Season&TeamID=1610612741
2008,2007–08,201189,Aaron Gray,0020700742,2008-02-09,CHI @ UTA,UTA,L,8.35,6,3,4,0,1,0,0,0,2,2,0,0,0,0,2,0,4.2,75.0,https://www.nba.com/stats/players/boxscores-traditional?Season=2007-08&SeasonType=Regular%20Season&TeamID=1610612741
2008,2007–08,201149,Joakim Noah,0020700742,2008-02-09,CHI @ UTA,UTA,L,19.088333333333335,2,1,2,0,0,0,2,1,1,2,3,0,0,1,3,-3,1.0999999999999996,34.72222222222222,https://www.nba.com/stats/players/boxscores-traditional?Season=2007-08&SeasonType=Regular%20Season&TeamID=1610612741
2008,2007–08,200748,Tyrus Thomas,0020700742,2008-02-09,CHI @ UTA,UTA,L,11.463333333333333,5,2,4,0,0,1,2,0,0,0,0,1,0,1,4,-22,1.0,51.229508196721305,https://www.nba.com/stats/players/boxscores-traditional?Season=2007-08&SeasonType=Regular%20Season&TeamID=1610612741
2008,2007–08,201193,Demetris Nichols,0020700742,2008-02-09,CHI @ UTA,UTA,L,1.0666666666666667,0,0,0,0,0,0,0,0,0,0,0,0,0,0,0,0,0.0,0.0,https://www.nba.com/stats/players/boxscores-traditional?Season=2007-08&SeasonType=Regular%20Season&TeamID=1610612741
2008,2007–08,2768,Chris Duhon,0020700725,2008-02-07,CHI @ GSW,GSW,W,40.67166666666667,34,11,16,4,6,8,9,0,2,2,9,3,0,3,2,2,32.900000000000006,85.17034068136272,https://www.nba.com/stats/players/boxscores-traditional?Season=2007-08&SeasonType=Regular%20Season&TeamID=1610612741
2008,2007–08,693,Joe Smith,0020700725,2008-02-07,CHI @ GSW,GSW,W,43.35,27,7,11,0,0,13,14,2,6,8,1,0,0,2,3,6,22.400000000000002,78.67132867132867,https://www.nba.com/stats/players/boxscores-traditional?Season=2007-08&SeasonType=Regular%20Season&TeamID=1610612741
2008,2007–08,200748,Tyrus Thomas,0020700725,2008-02-07,CHI @ GSW,GSW,W,26.216666666666665,15,4,8,0,0,7,8,0,5,5,2,1,2,2,3,10,12.700000000000003,65.10416666666667,https://www.nba.com/stats/players/boxscores-traditional?Season=2007-08&SeasonType=Regular%20Season&TeamID=1610612741
2008,2007–08,200757,Thabo Sefolosha,0020700725,2008-02-07,CHI @ GSW,GSW,W,38.47833333333333,9,4,7,0,1,1,1,0,7,7,5,1,2,6,1,2,7.300000000000001,60.483870967741936,https://www.nba.com/stats/players/boxscores-traditional?Season=2007-08&SeasonType=Regular%20Season&TeamID=1610612741
2008,2007–08,1112,Ben Wallace,0020700725,2008-02-07,CHI @ GSW,GSW,W,27.116666666666667,10,5,7,0,0,0,7,0,8,8,0,1,1,2,1,-5,6.0,49.60317460317461,https://www.nba.com/stats/players/boxscores-traditional?Season=2007-08&SeasonType=Regular%20Season&TeamID=1610612741
2008,2007–08,2804,Andres Nocioni,0020700725,2008-02-07,CHI @ GSW,GSW,W,32.333333333333336,9,2,9,1,2,4,6,0,5,5,2,1,1,3,4,-3,2.700000000000001,38.65979381443299,https://www.nba.com/stats/players/boxscores-traditional?Season=2007-08&SeasonType=Regular%20Season&TeamID=1610612741
2008,2007–08,201149,Joakim Noah,0020700725,2008-02-07,CHI @ GSW,GSW,W,14.983333333333333,6,2,5,0,0,2,3,2,8,10,0,0,1,3,1,10,3.999999999999999,47.46835443037975,https://www.nba.com/stats/players/boxscores-traditional?Season=2007-08&SeasonType=Regular%20Season&TeamID=1610612741
2008,2007–08,1559,Adrian Griffin,0020700725,2008-02-07,CHI @ GSW,GSW,W,16.85,4,2,3,0,0,0,0,0,2,2,3,1,0,3,1,8,3.0,66.66666666666666,https://www.nba.com/stats/players/boxscores-traditional?Season=2007-08&SeasonType=Regular%20Season&TeamID=1610612741
2008,2007–08,200757,Thabo Sefolosha,0020700722,2008-02-06,CHI @ POR,POR,L,41.805,22,9,17,2,3,2,2,2,2,4,6,3,2,2,3,-1,21.1,61.52125279642059,https://www.nba.com/stats/players/boxscores-traditional?Season=2007-08&SeasonType=Regular%20Season&TeamID=1610612741
2008,2007–08,2804,Andres Nocioni,0020700722,2008-02-06,CHI @ POR,POR,L,40.221666666666664,22,7,14,4,8,4,4,0,4,4,4,1,0,3,4,4,15.400000000000002,69.79695431472082,https://www.nba.com/stats/players/boxscores-traditional?Season=2007-08&SeasonType=Regular%20Season&TeamID=1610612741
2008,2007–08,2768,Chris Duhon,0020700722,2008-02-06,CHI @ POR,POR,L,45.245,9,3,10,2,6,1,1,0,3,3,9,1,0,5,4,3,4.799999999999999,43.10344827586207,https://www.nba.com/stats/players/boxscores-traditional?Season=2007-08&SeasonType=Regular%20Season&TeamID=1610612741
2008,2007–08,693,Joe Smith,0020700722,2008-02-06,CHI @ POR,POR,L,29.696666666666665,16,7,13,0,0,2,4,2,3,5,1,0,0,1,2,-2,10.1,54.20054200542006,https://www.nba.com/stats/players/boxscores-traditional?Season=2007-08&SeasonType=Regular%20Season&TeamID=1610612741
2008,2007–08,1112,Ben Wallace,0020700722,2008-02-06,CHI @ POR,POR,L,35.86666666666667,12,5,8,0,1,2,6,2,6,8,0,0,0,0,0,3,10.0,56.390977443609025,https://www.nba.com/stats/players/boxscores-traditional?Season=2007-08&SeasonType=Regular%20Season&TeamID=1610612741
2008,2007–08,200748,Tyrus Thomas,0020700722,2008-02-06,CHI @ POR,POR,L,13.883333333333333,8,2,2,0,0,4,4,0,1,1,0,0,2,1,3,-5,6.8999999999999995,106.38297872340425,https://www.nba.com/stats/players/boxscores-traditional?Season=2007-08&SeasonType=Regular%20Season&TeamID=1610612741
2008,2007–08,1559,Adrian Griffin,0020700722,2008-02-06,CHI @ POR,POR,L,15.466666666666667,6,3,7,0,0,0,0,2,2,4,2,0,0,0,2,-5,4.900000000000001,42.857142857142854,https://www.nba.com/stats/players/boxscores-traditional?Season=2007-08&SeasonType=Regular%20Season&TeamID=1610612741
2008,2007–08,201189,Aaron Gray,0020700722,2008-02-06,CHI @ POR,POR,L,3.3833333333333333,0,0,1,0,0,0,0,0,0,0,1,1,0,0,0,-3,1.0,0.0,https://www.nba.com/stats/players/boxscores-traditional?Season=2007-08&SeasonType=Regular%20Season&TeamID=1610612741
2008,2007–08,201149,Joakim Noah,0020700722,2008-02-06,CHI @ POR,POR,L,14.431666666666667,2,1,2,0,0,0,2,0,1,1,0,0,0,0,2,-9,-0.3000000000000001,34.72222222222222,https://www.nba.com/stats/players/boxscores-traditional?Season=2007-08&SeasonType=Regular%20Season&TeamID=1610612741
2008,2007–08,693,Joe Smith,0020700706,2008-02-04,CHI @ SEA,SEA,W,29.52,25,9,18,0,0,7,10,4,6,10,2,0,2,1,2,11,20.4,55.80357142857143,https://www.nba.com/stats/players/boxscores-traditional?Season=2007-08&SeasonType=Regular%20Season&TeamID=1610612741
2008,2007–08,1112,Ben Wallace,0020700706,2008-02-04,CHI @ SEA,SEA,W,30.555,7,3,7,0,0,1,4,8,2,10,7,3,1,0,1,20,16.5,39.95433789954338,https://www.nba.com/stats/players/boxscores-traditional?Season=2007-08&SeasonType=Regular%20Season&TeamID=1610612741
2008,2007–08,2550,Kirk Hinrich,0020700706,2008-02-04,CHI @ SEA,SEA,W,26.283333333333335,15,6,12,1,1,2,2,0,1,1,5,2,0,2,1,13,12.4,58.22981366459628,https://www.nba.com/stats/players/boxscores-traditional?Season=2007-08&SeasonType=Regular%20Season&TeamID=1610612741
2008,2007–08,2732,Ben Gordon,0020700706,2008-02-04,CHI @ SEA,SEA,W,30.266666666666666,20,7,16,0,0,6,7,1,1,2,2,0,0,3,1,-4,10.200000000000001,52.41090146750524,https://www.nba.com/stats/players/boxscores-traditional?Season=2007-08&SeasonType=Regular%20Season&TeamID=1610612741
2008,2007–08,201189,Aaron Gray,0020700706,2008-02-04,CHI @ SEA,SEA,W,18.1,14,6,10,0,0,2,4,3,1,4,1,2,0,1,3,-5,11.499999999999996,59.523809523809526,https://www.nba.com/stats/players/boxscores-traditional?Season=2007-08&SeasonType=Regular%20Season&TeamID=1610612741
2008,2007–08,2804,Andres Nocioni,0020700706,2008-02-04,CHI @ SEA,SEA,W,25.411666666666665,14,5,11,4,6,0,0,1,3,4,1,0,0,3,4,3,6.0,63.63636363636363,https://www.nba.com/stats/players/boxscores-traditional?Season=2007-08&SeasonType=Regular%20Season&TeamID=1610612741
2008,2007–08,200757,Thabo Sefolosha,0020700706,2008-02-04,CHI @ SEA,SEA,W,36.4,10,3,9,0,3,4,6,1,8,9,3,0,0,1,2,20,7.499999999999998,42.955326460481096,https://www.nba.com/stats/players/boxscores-traditional?Season=2007-08&SeasonType=Regular%20Season&TeamID=1610612741
2008,2007–08,201149,Joakim Noah,0020700706,2008-02-04,CHI @ SEA,SEA,W,16.31,7,3,8,0,1,1,2,5,1,6,1,1,0,2,1,-4,5.299999999999999,39.41441441441441,https://www.nba.com/stats/players/boxscores-traditional?Season=2007-08&SeasonType=Regular%20Season&TeamID=1610612741
2008,2007–08,2768,Chris Duhon,0020700706,2008-02-04,CHI @ SEA,SEA,W,23.928333333333335,6,2,5,2,3,0,0,0,4,4,3,0,0,0,3,-1,5.3999999999999995,60.0,https://www.nba.com/stats/players/boxscores-traditional?Season=2007-08&SeasonType=Regular%20Season&TeamID=1610612741
2008,2007–08,2751,Viktor Khryapa,0020700706,2008-02-04,CHI @ SEA,SEA,W,3.225,0,0,0,0,0,0,0,0,0,0,0,0,0,0,1,-3,-0.4,0.0,https://www.nba.com/stats/players/boxscores-traditional?Season=2007-08&SeasonType=Regular%20Season&TeamID=1610612741
2008,2007–08,2732,Ben Gordon,0020700694,2008-02-02,CHI @ SAC,SAC,L,34.083333333333336,33,10,19,3,4,10,10,0,0,0,2,2,0,1,2,10,25.3,70.51282051282051,https://www.nba.com/stats/players/boxscores-traditional?Season=2007-08&SeasonType=Regular%20Season&TeamID=1610612741
2008,2007–08,2550,Kirk Hinrich,0020700694,2008-02-02,CHI @ SAC,SAC,L,30.45,18,7,13,2,4,2,3,1,1,2,3,1,1,2,2,-12,13.3,62.849162011173185,https://www.nba.com/stats/players/boxscores-traditional?Season=2007-08&SeasonType=Regular%20Season&TeamID=1610612741
2008,2007–08,1112,Ben Wallace,0020700694,2008-02-02,CHI @ SAC,SAC,L,34.70666666666666,9,4,6,0,0,1,4,3,6,9,2,0,4,3,5,-9,8.3,57.98969072164949,https://www.nba.com/stats/players/boxscores-traditional?Season=2007-08&SeasonType=Regular%20Season&TeamID=1610612741
2008,2007–08,2804,Andres Nocioni,0020700694,2008-02-02,CHI @ SAC,SAC,L,26.975,9,3,9,1,4,2,2,0,5,5,1,1,1,2,3,-10,4.6,45.54655870445344,https://www.nba.com/stats/players/boxscores-traditional?Season=2007-08&SeasonType=Regular%20Season&TeamID=1610612741
2008,2007–08,201149,Joakim Noah,0020700694,2008-02-02,CHI @ SAC,SAC,L,27.633333333333333,10,3,6,0,0,4,4,1,6,7,2,0,0,3,4,-11,6.300000000000001,64.43298969072166,https://www.nba.com/stats/players/boxscores-traditional?Season=2007-08&SeasonType=Regular%20Season&TeamID=1610612741
2008,2007–08,693,Joe Smith,0020700694,2008-02-02,CHI @ SAC,SAC,L,16.226666666666667,9,4,7,0,0,1,2,2,3,5,0,1,0,1,1,5,7.199999999999999,57.10659898477157,https://www.nba.com/stats/players/boxscores-traditional?Season=2007-08&SeasonType=Regular%20Season&TeamID=1610612741
2008,2007–08,2768,Chris Duhon,0020700694,2008-02-02,CHI @ SAC,SAC,L,17.55,4,0,1,0,0,4,4,0,3,3,3,1,0,2,1,8,4.899999999999999,72.46376811594205,https://www.nba.com/stats/players/boxscores-traditional?Season=2007-08&SeasonType=Regular%20Season&TeamID=1610612741
2008,2007–08,200748,Tyrus Thomas,0020700694,2008-02-02,CHI @ SAC,SAC,L,15.916666666666666,5,1,6,0,0,3,3,0,3,3,0,0,1,1,3,5,0.6000000000000005,34.15300546448087,https://www.nba.com/stats/players/boxscores-traditional?Season=2007-08&SeasonType=Regular%20Season&TeamID=1610612741
2008,2007–08,200757,Thabo Sefolosha,0020700694,2008-02-02,CHI @ SAC,SAC,L,15.433333333333334,4,2,4,0,1,0,2,2,1,3,2,0,0,1,2,-12,2.499999999999999,40.98360655737705,https://www.nba.com/stats/players/boxscores-traditional?Season=2007-08&SeasonType=Regular%20Season&TeamID=1610612741
2008,2007–08,2751,Viktor Khryapa,0020700694,2008-02-02,CHI @ SAC,SAC,L,21.025,0,0,3,0,0,0,0,0,3,3,2,1,0,3,4,6,-3.4,0.0,https://www.nba.com/stats/players/boxscores-traditional?Season=2007-08&SeasonType=Regular%20Season&TeamID=1610612741
2008,2007–08,200757,Thabo Sefolosha,0020700670,2008-01-30,CHI @ MIN,MIN,L,37.711666666666666,14,5,10,1,2,3,4,0,8,8,1,0,4,6,2,-17,7.699999999999999,59.523809523809526,https://www.nba.com/stats/players/boxscores-traditional?Season=2007-08&SeasonType=Regular%20Season&TeamID=1610612741
2008,2007–08,2550,Kirk Hinrich,0020700670,2008-01-30,CHI @ MIN,MIN,L,41.32666666666667,14,5,17,1,6,3,4,0,3,3,8,0,0,3,1,-6,6.800000000000001,37.31343283582089,https://www.nba.com/stats/players/boxscores-traditional?Season=2007-08&SeasonType=Regular%20Season&TeamID=1610612741
2008,2007–08,1112,Ben Wallace,0020700670,2008-01-30,CHI @ MIN,MIN,L,33.4,5,1,1,0,0,3,4,1,7,8,0,3,2,1,3,-4,9.3,90.57971014492753,https://www.nba.com/stats/players/boxscores-traditional?Season=2007-08&SeasonType=Regular%20Season&TeamID=1610612741
2008,2007–08,201149,Joakim Noah,0020700670,2008-01-30,CHI @ MIN,MIN,L,30.216666666666665,10,3,8,0,0,4,4,3,5,8,1,0,0,2,2,-12,7.099999999999998,51.229508196721305,https://www.nba.com/stats/players/boxscores-traditional?Season=2007-08&SeasonType=Regular%20Season&TeamID=1610612741
2008,2007–08,200748,Tyrus Thomas,0020700670,2008-01-30,CHI @ MIN,MIN,L,17.366666666666667,8,4,8,0,1,0,0,0,4,4,1,1,0,2,0,-9,4.9,50.0,https://www.nba.com/stats/players/boxscores-traditional?Season=2007-08&SeasonType=Regular%20Season&TeamID=1610612741
2008,2007–08,2804,Andres Nocioni,0020700670,2008-01-30,CHI @ MIN,MIN,L,28.151666666666667,7,2,12,1,6,2,2,0,4,4,1,0,1,5,4,-8,-4.6,27.173913043478258,https://www.nba.com/stats/players/boxscores-traditional?Season=2007-08&SeasonType=Regular%20Season&TeamID=1610612741
2008,2007–08,201189,Aaron Gray,0020700670,2008-01-30,CHI @ MIN,MIN,L,16.731666666666666,7,3,6,0,0,1,4,0,5,5,0,0,0,1,2,0,2.5,45.103092783505154,https://www.nba.com/stats/players/boxscores-traditional?Season=2007-08&SeasonType=Regular%20Season&TeamID=1610612741
2008,2007–08,2751,Viktor Khryapa,0020700670,2008-01-30,CHI @ MIN,MIN,L,13.145,2,0,3,0,0,2,2,1,3,4,1,0,0,0,0,-6,2.2,25.773195876288664,https://www.nba.com/stats/players/boxscores-traditional?Season=2007-08&SeasonType=Regular%20Season&TeamID=1610612741
2008,2007–08,2768,Chris Duhon,0020700670,2008-01-30,CHI @ MIN,MIN,L,21.95,0,0,4,0,3,0,0,0,2,2,3,0,0,2,1,-18,-2.5,0.0,https://www.nba.com/stats/players/boxscores-traditional?Season=2007-08&SeasonType=Regular%20Season&TeamID=1610612741
2008,2007–08,2550,Kirk Hinrich,0020700660,2008-01-29,CHI vs. MIN,MIN,W,43.86666666666667,27,8,20,2,4,9,11,0,3,3,6,2,0,3,4,25,17.899999999999995,54.347826086956516,https://www.nba.com/stats/players/boxscores-traditional?Season=2007-08&SeasonType=Regular%20Season&TeamID=1610612741
2008,2007–08,1112,Ben Wallace,0020700660,2008-01-29,CHI vs. MIN,MIN,W,35.835,2,1,3,0,0,0,0,4,8,12,3,4,2,1,2,26,11.2,33.33333333333333,https://www.nba.com/stats/players/boxscores-traditional?Season=2007-08&SeasonType=Regular%20Season&TeamID=1610612741
2008,2007–08,2804,Andres Nocioni,0020700660,2008-01-29,CHI vs. MIN,MIN,W,31.546666666666667,18,5,13,3,5,5,7,0,5,5,3,0,0,2,3,4,10.5,55.97014925373135,https://www.nba.com/stats/players/boxscores-traditional?Season=2007-08&SeasonType=Regular%20Season&TeamID=1610612741
2008,2007–08,201149,Joakim Noah,0020700660,2008-01-29,CHI vs. MIN,MIN,W,31.25,10,5,12,0,0,0,1,6,7,13,2,1,0,0,1,13,11.5,40.19292604501608,https://www.nba.com/stats/players/boxscores-traditional?Season=2007-08&SeasonType=Regular%20Season&TeamID=1610612741
2008,2007–08,200757,Thabo Sefolosha,0020700660,2008-01-29,CHI vs. MIN,MIN,W,27.673333333333332,10,5,11,0,1,0,0,0,5,5,1,1,1,3,2,-5,4.400000000000001,45.45454545454545,https://www.nba.com/stats/players/boxscores-traditional?Season=2007-08&SeasonType=Regular%20Season&TeamID=1610612741
2008,2007–08,200748,Tyrus Thomas,0020700660,2008-01-29,CHI vs. MIN,MIN,W,18.371666666666666,9,3,8,0,0,3,4,2,3,5,0,1,1,0,0,-5,8.2,46.10655737704918,https://www.nba.com/stats/players/boxscores-traditional?Season=2007-08&SeasonType=Regular%20Season&TeamID=1610612741
2008,2007–08,2751,Viktor Khryapa,0020700660,2008-01-29,CHI vs. MIN,MIN,W,14.93,11,5,6,0,0,1,2,2,0,2,2,1,0,1,2,14,10.4,79.94186046511628,https://www.nba.com/stats/players/boxscores-traditional?Season=2007-08&SeasonType=Regular%20Season&TeamID=1610612741
2008,2007–08,1559,Adrian Griffin,0020700660,2008-01-29,CHI vs. MIN,MIN,W,24.46,2,0,3,0,0,2,4,3,0,3,0,2,1,3,1,2,0.5000000000000004,21.008403361344538,https://www.nba.com/stats/players/boxscores-traditional?Season=2007-08&SeasonType=Regular%20Season&TeamID=1610612741
2008,2007–08,201189,Aaron Gray,0020700660,2008-01-29,CHI vs. MIN,MIN,W,10.033333333333333,7,2,2,0,0,3,3,0,0,0,1,1,0,1,3,-12,5.8999999999999995,105.42168674698796,https://www.nba.com/stats/players/boxscores-traditional?Season=2007-08&SeasonType=Regular%20Season&TeamID=1610612741
2008,2007–08,201193,Demetris Nichols,0020700660,2008-01-29,CHI vs. MIN,MIN,W,2.033333333333333,0,0,2,0,0,0,0,0,0,0,0,0,0,0,2,-7,-2.2,0.0,https://www.nba.com/stats/players/boxscores-traditional?Season=2007-08&SeasonType=Regular%20Season&TeamID=1610612741
2008,2007–08,2550,Kirk Hinrich,0020700642,2008-01-27,CHI vs. PHX,PHX,L,40.401666666666664,31,12,23,0,3,7,8,1,4,5,3,1,0,4,4,1,18.699999999999996,58.44645550527904,https://www.nba.com/stats/players/boxscores-traditional?Season=2007-08&SeasonType=Regular%20Season&TeamID=1610612741
2008,2007–08,200748,Tyrus Thomas,0020700642,2008-01-27,CHI vs. PHX,PHX,L,31.85,10,5,15,0,0,0,0,5,6,11,0,2,2,1,2,-10,8.4,33.33333333333333,https://www.nba.com/stats/players/boxscores-traditional?Season=2007-08&SeasonType=Regular%20Season&TeamID=1610612741
2008,2007–08,200757,Thabo Sefolosha,0020700642,2008-01-27,CHI vs. PHX,PHX,L,23.631666666666668,10,4,8,1,1,1,2,0,5,5,0,2,0,0,2,-15,8.299999999999999,56.3063063063063,https://www.nba.com/stats/players/boxscores-traditional?Season=2007-08&SeasonType=Regular%20Season&TeamID=1610612741
2008,2007–08,2804,Andres Nocioni,0020700642,2008-01-27,CHI vs. PHX,PHX,L,31.366666666666667,7,3,13,1,6,0,0,1,7,8,2,0,0,3,0,-3,0.2999999999999998,26.923076923076923,https://www.nba.com/stats/players/boxscores-traditional?Season=2007-08&SeasonType=Regular%20Season&TeamID=1610612741
2008,2007–08,1112,Ben Wallace,0020700642,2008-01-27,CHI vs. PHX,PHX,L,32.25,4,2,4,0,0,0,0,3,4,7,1,1,0,0,2,-3,6.2,50.0,https://www.nba.com/stats/players/boxscores-traditional?Season=2007-08&SeasonType=Regular%20Season&TeamID=1610612741
2008,2007–08,201149,Joakim Noah,0020700642,2008-01-27,CHI vs. PHX,PHX,L,19.116666666666667,6,3,11,0,0,0,0,5,3,8,0,0,0,2,3,-19,0.7000000000000006,27.27272727272727,https://www.nba.com/stats/players/boxscores-traditional?Season=2007-08&SeasonType=Regular%20Season&TeamID=1610612741
2008,2007–08,2768,Chris Duhon,0020700642,2008-01-27,CHI vs. PHX,PHX,L,31.966666666666665,5,2,8,1,3,0,0,0,1,1,3,1,0,2,1,-8,1.1999999999999997,31.25,https://www.nba.com/stats/players/boxscores-traditional?Season=2007-08&SeasonType=Regular%20Season&TeamID=1610612741
2008,2007–08,693,Joe Smith,0020700642,2008-01-27,CHI vs. PHX,PHX,L,22.75,4,2,12,0,0,0,0,3,3,6,1,0,0,2,2,3,-2.6999999999999993,16.666666666666664,https://www.nba.com/stats/players/boxscores-traditional?Season=2007-08&SeasonType=Regular%20Season&TeamID=1610612741
2008,2007–08,201189,Aaron Gray,0020700642,2008-01-27,CHI vs. PHX,PHX,L,6.666666666666667,0,0,1,0,0,0,0,0,1,1,1,0,0,2,3,-1,-2.9000000000000004,0.0,https://www.nba.com/stats/players/boxscores-traditional?Season=2007-08&SeasonType=Regular%20Season&TeamID=1610612741
2008,2007–08,2804,Andres Nocioni,0020700632,2008-01-25,CHI vs. CHA,CHA,L,43.87,25,9,23,3,9,4,4,3,2,5,1,1,2,4,5,-4,12.3,50.48465266558966,https://www.nba.com/stats/players/boxscores-traditional?Season=2007-08&SeasonType=Regular%20Season&TeamID=1610612741
2008,2007–08,2550,Kirk Hinrich,0020700632,2008-01-25,CHI vs. CHA,CHA,L,43.99666666666667,14,6,16,0,4,2,2,1,3,4,8,2,1,1,2,-7,13.299999999999997,41.46919431279621,https://www.nba.com/stats/players/boxscores-traditional?Season=2007-08&SeasonType=Regular%20Season&TeamID=1610612741
2008,2007–08,200757,Thabo Sefolosha,0020700632,2008-01-25,CHI vs. CHA,CHA,L,34.52,13,6,16,0,1,1,2,2,8,10,1,1,1,2,2,-18,7.199999999999999,38.507109004739334,https://www.nba.com/stats/players/boxscores-traditional?Season=2007-08&SeasonType=Regular%20Season&TeamID=1610612741
2008,2007–08,1112,Ben Wallace,0020700632,2008-01-25,CHI vs. CHA,CHA,L,42.28333333333333,6,2,6,0,0,2,4,4,5,9,0,2,3,0,1,-24,9.8,38.659793814432994,https://www.nba.com/stats/players/boxscores-traditional?Season=2007-08&SeasonType=Regular%20Season&TeamID=1610612741
2008,2007–08,200748,Tyrus Thomas,0020700632,2008-01-25,CHI vs. CHA,CHA,L,17.716666666666665,5,2,4,0,0,1,2,2,3,5,3,1,0,0,1,-3,7.6,51.229508196721305,https://www.nba.com/stats/players/boxscores-traditional?Season=2007-08&SeasonType=Regular%20Season&TeamID=1610612741
2008,2007–08,201149,Joakim Noah,0020700632,2008-01-25,CHI vs. CHA,CHA,L,23.816666666666666,7,2,4,0,0,3,8,1,4,5,0,0,1,2,5,-5,1.6000000000000005,46.54255319148937,https://www.nba.com/stats/players/boxscores-traditional?Season=2007-08&SeasonType=Regular%20Season&TeamID=1610612741
2008,2007–08,2768,Chris Duhon,0020700632,2008-01-25,CHI vs. CHA,CHA,L,12.646666666666667,3,1,4,1,2,0,0,0,1,1,2,0,0,0,0,-7,2.3,37.5,https://www.nba.com/stats/players/boxscores-traditional?Season=2007-08&SeasonType=Regular%20Season&TeamID=1610612741
2008,2007–08,693,Joe Smith,0020700632,2008-01-25,CHI vs. CHA,CHA,L,10.1,2,1,4,0,0,0,0,0,1,1,1,0,0,0,1,0,0.20000000000000007,25.0,https://www.nba.com/stats/players/boxscores-traditional?Season=2007-08&SeasonType=Regular%20Season&TeamID=1610612741
2008,2007–08,1559,Adrian Griffin,0020700632,2008-01-25,CHI vs. CHA,CHA,L,3.3666666666666667,0,0,0,0,0,0,0,1,1,2,1,0,0,2,0,-1,-0.30000000000000004,0.0,https://www.nba.com/stats/players/boxscores-traditional?Season=2007-08&SeasonType=Regular%20Season&TeamID=1610612741
2008,2007–08,201189,Aaron Gray,0020700632,2008-01-25,CHI vs. CHA,CHA,L,1.9666666666666666,2,1,2,0,0,0,0,0,0,0,0,0,0,0,0,2,1.0,50.0,https://www.nba.com/stats/players/boxscores-traditional?Season=2007-08&SeasonType=Regular%20Season&TeamID=1610612741
2008,2007–08,201193,Demetris Nichols,0020700632,2008-01-25,CHI vs. CHA,CHA,L,5.716666666666667,0,0,2,0,2,0,0,0,2,2,0,0,0,1,0,2,-1.7999999999999998,0.0,https://www.nba.com/stats/players/boxscores-traditional?Season=2007-08&SeasonType=Regular%20Season&TeamID=1610612741
2008,2007–08,2550,Kirk Hinrich,0020700617,2008-01-23,CHI vs. IND,IND,W,40.891666666666666,38,14,21,4,5,6,6,1,6,7,10,2,0,4,4,11,34.800000000000004,80.37225042301183,https://www.nba.com/stats/players/boxscores-traditional?Season=2007-08&SeasonType=Regular%20Season&TeamID=1610612741
2008,2007–08,2804,Andres Nocioni,0020700617,2008-01-23,CHI vs. IND,IND,W,43.541666666666664,24,8,19,2,8,6,9,0,7,7,1,1,2,3,4,16,13.299999999999997,52.264808362369344,https://www.nba.com/stats/players/boxscores-traditional?Season=2007-08&SeasonType=Regular%20Season&TeamID=1610612741
2008,2007–08,201149,Joakim Noah,0020700617,2008-01-23,CHI vs. IND,IND,W,34.15,14,6,9,0,0,2,2,6,9,15,1,3,0,2,2,17,17.899999999999995,70.85020242914979,https://www.nba.com/stats/players/boxscores-traditional?Season=2007-08&SeasonType=Regular%20Season&TeamID=1610612741
2008,2007–08,200757,Thabo Sefolosha,0020700617,2008-01-23,CHI vs. IND,IND,W,43.483333333333334,14,6,16,0,3,2,2,0,2,2,3,3,0,1,2,10,9.099999999999998,41.46919431279621,https://www.nba.com/stats/players/boxscores-traditional?Season=2007-08&SeasonType=Regular%20Season&TeamID=1610612741
2008,2007–08,1112,Ben Wallace,0020700617,2008-01-23,CHI vs. IND,IND,W,24.083333333333332,3,1,4,0,0,1,4,0,5,5,2,0,1,0,2,-10,2.2,26.041666666666668,https://www.nba.com/stats/players/boxscores-traditional?Season=2007-08&SeasonType=Regular%20Season&TeamID=1610612741
2008,2007–08,1559,Adrian Griffin,0020700617,2008-01-23,CHI vs. IND,IND,W,27.533333333333335,5,2,8,0,0,1,3,1,2,3,1,1,0,0,3,20,1.2000000000000002,26.824034334763947,https://www.nba.com/stats/players/boxscores-traditional?Season=2007-08&SeasonType=Regular%20Season&TeamID=1610612741
2008,2007–08,200748,Tyrus Thomas,0020700617,2008-01-23,CHI vs. IND,IND,W,11.116666666666667,4,1,1,0,0,2,2,1,3,4,1,0,1,1,1,13,5.300000000000001,106.38297872340425,https://www.nba.com/stats/players/boxscores-traditional?Season=2007-08&SeasonType=Regular%20Season&TeamID=1610612741
2008,2007–08,693,Joe Smith,0020700617,2008-01-23,CHI vs. IND,IND,W,13.85,6,2,5,0,0,2,2,1,4,5,0,0,0,1,3,-4,3.0,51.02040816326531,https://www.nba.com/stats/players/boxscores-traditional?Season=2007-08&SeasonType=Regular%20Season&TeamID=1610612741
2008,2007–08,201189,Aaron Gray,0020700617,2008-01-23,CHI vs. IND,IND,W,0.675,0,0,1,0,0,0,0,0,0,0,0,0,0,0,0,-4,-0.7,0.0,https://www.nba.com/stats/players/boxscores-traditional?Season=2007-08&SeasonType=Regular%20Season&TeamID=1610612741
2008,2007–08,201193,Demetris Nichols,0020700617,2008-01-23,CHI vs. IND,IND,W,0.675,0,0,0,0,0,0,0,0,0,0,0,0,0,0,1,-4,-0.4,0.0,https://www.nba.com/stats/players/boxscores-traditional?Season=2007-08&SeasonType=Regular%20Season&TeamID=1610612741
2008,2007–08,2732,Ben Gordon,0020700604,2008-01-21,CHI @ MEM,MEM,L,32.93666666666667,25,8,20,3,6,6,6,2,1,3,5,0,0,1,3,-7,17.2,55.21201413427562,https://www.nba.com/stats/players/boxscores-traditional?Season=2007-08&SeasonType=Regular%20Season&TeamID=1610612741
2008,2007–08,2550,Kirk Hinrich,0020700604,2008-01-21,CHI @ MEM,MEM,L,31.813333333333333,12,5,14,2,5,0,0,0,2,2,6,1,0,2,4,-13,6.4,42.857142857142854,https://www.nba.com/stats/players/boxscores-traditional?Season=2007-08&SeasonType=Regular%20Season&TeamID=1610612741
2008,2007–08,2804,Andres Nocioni,0020700604,2008-01-21,CHI @ MEM,MEM,L,26.55,16,5,16,4,9,2,2,0,3,3,1,0,0,1,3,-10,6.2,47.39336492890995,https://www.nba.com/stats/players/boxscores-traditional?Season=2007-08&SeasonType=Regular%20Season&TeamID=1610612741
2008,2007–08,1112,Ben Wallace,0020700604,2008-01-21,CHI @ MEM,MEM,L,31.166666666666668,2,1,4,0,0,0,0,6,7,13,1,2,1,1,1,-16,7.899999999999999,25.0,https://www.nba.com/stats/players/boxscores-traditional?Season=2007-08&SeasonType=Regular%20Season&TeamID=1610612741
2008,2007–08,2736,Luol Deng,0020700604,2008-01-21,CHI @ MEM,MEM,L,26.283333333333335,13,6,14,0,0,1,2,1,1,2,1,1,0,2,2,-17,5.100000000000001,43.68279569892473,https://www.nba.com/stats/players/boxscores-traditional?Season=2007-08&SeasonType=Regular%20Season&TeamID=1610612741
2008,2007–08,200757,Thabo Sefolosha,0020700604,2008-01-21,CHI @ MEM,MEM,L,30.416666666666668,6,3,9,0,2,0,2,0,2,2,3,3,0,2,5,-5,1.7999999999999998,30.364372469635626,https://www.nba.com/stats/players/boxscores-traditional?Season=2007-08&SeasonType=Regular%20Season&TeamID=1610612741
2008,2007–08,200748,Tyrus Thomas,0020700604,2008-01-21,CHI @ MEM,MEM,L,17.6,5,2,7,0,0,1,1,3,4,7,0,1,1,0,1,0,5.5,33.60215053763441,https://www.nba.com/stats/players/boxscores-traditional?Season=2007-08&SeasonType=Regular%20Season&TeamID=1610612741
2008,2007–08,693,Joe Smith,0020700604,2008-01-21,CHI @ MEM,MEM,L,18.066666666666666,7,3,9,0,0,1,1,3,3,6,0,0,0,0,2,-1,4.099999999999999,37.07627118644068,https://www.nba.com/stats/players/boxscores-traditional?Season=2007-08&SeasonType=Regular%20Season&TeamID=1610612741
2008,2007–08,201149,Joakim Noah,0020700604,2008-01-21,CHI @ MEM,MEM,L,23.083333333333332,4,2,3,0,0,0,0,3,1,4,2,1,0,1,2,0,5.7,66.66666666666666,https://www.nba.com/stats/players/boxscores-traditional?Season=2007-08&SeasonType=Regular%20Season&TeamID=1610612741
2008,2007–08,201189,Aaron Gray,0020700604,2008-01-21,CHI @ MEM,MEM,L,2.0833333333333335,0,0,0,0,0,0,0,1,0,1,0,1,0,0,0,-1,1.7,0.0,https://www.nba.com/stats/players/boxscores-traditional?Season=2007-08&SeasonType=Regular%20Season&TeamID=1610612741
2008,2007–08,2732,Ben Gordon,0020700588,2008-01-19,CHI vs. DET,DET,W,34.71,33,9,17,2,3,13,13,0,2,2,1,1,0,1,3,13,24.800000000000004,72.62323943661973,https://www.nba.com/stats/players/boxscores-traditional?Season=2007-08&SeasonType=Regular%20Season&TeamID=1610612741
2008,2007–08,2804,Andres Nocioni,0020700588,2008-01-19,CHI vs. DET,DET,W,41.35,21,6,15,1,5,8,9,0,6,6,2,0,1,0,4,18,14.799999999999999,55.379746835443036,https://www.nba.com/stats/players/boxscores-traditional?Season=2007-08&SeasonType=Regular%20Season&TeamID=1610612741
2008,2007–08,200757,Thabo Sefolosha,0020700588,2008-01-19,CHI vs. DET,DET,W,35.65,12,3,7,1,1,5,6,5,8,13,1,2,0,1,2,22,14.7,62.24066390041494,https://www.nba.com/stats/players/boxscores-traditional?Season=2007-08&SeasonType=Regular%20Season&TeamID=1610612741
2008,2007–08,201149,Joakim Noah,0020700588,2008-01-19,CHI vs. DET,DET,W,22.966666666666665,4,1,2,0,0,2,4,1,7,8,1,2,1,2,1,8,6.0,53.191489361702125,https://www.nba.com/stats/players/boxscores-traditional?Season=2007-08&SeasonType=Regular%20Season&TeamID=1610612741
2008,2007–08,2768,Chris Duhon,0020700588,2008-01-19,CHI vs. DET,DET,W,23.816666666666666,7,3,5,1,2,0,0,0,0,0,4,3,0,1,3,9,8.3,70.0,https://www.nba.com/stats/players/boxscores-traditional?Season=2007-08&SeasonType=Regular%20Season&TeamID=1610612741
2008,2007–08,1112,Ben Wallace,0020700588,2008-01-19,CHI vs. DET,DET,W,26.166666666666668,6,3,5,0,0,0,0,2,5,7,1,0,0,1,1,8,5.8999999999999995,60.0,https://www.nba.com/stats/players/boxscores-traditional?Season=2007-08&SeasonType=Regular%20Season&TeamID=1610612741
2008,2007–08,2550,Kirk Hinrich,0020700588,2008-01-19,CHI vs. DET,DET,W,26.123333333333335,8,2,7,0,0,4,4,0,2,2,3,0,0,1,5,10,3.6000000000000005,45.662100456621005,https://www.nba.com/stats/players/boxscores-traditional?Season=2007-08&SeasonType=Regular%20Season&TeamID=1610612741
2008,2007–08,693,Joe Smith,0020700588,2008-01-19,CHI vs. DET,DET,W,22.566666666666666,6,3,10,0,0,0,0,1,1,2,0,1,1,2,1,-6,0.5000000000000004,30.0,https://www.nba.com/stats/players/boxscores-traditional?Season=2007-08&SeasonType=Regular%20Season&TeamID=1610612741
2008,2007–08,200748,Tyrus Thomas,0020700588,2008-01-19,CHI vs. DET,DET,W,6.65,0,0,3,0,1,0,0,0,1,1,0,0,0,0,1,-2,-2.1999999999999997,0.0,https://www.nba.com/stats/players/boxscores-traditional?Season=2007-08&SeasonType=Regular%20Season&TeamID=1610612741
2008,2007–08,2804,Andres Nocioni,0020700582,2008-01-18,CHI vs. GSW,GSW,L,30.133333333333333,28,10,17,4,7,4,4,1,5,6,2,0,1,0,4,-3,22.799999999999997,74.62686567164178,https://www.nba.com/stats/players/boxscores-traditional?Season=2007-08&SeasonType=Regular%20Season&TeamID=1610612741
2008,2007–08,2732,Ben Gordon,0020700582,2008-01-18,CHI vs. GSW,GSW,L,33.86666666666667,29,10,18,5,9,4,4,0,0,0,3,0,0,3,4,-8,17.9,73.38056680161942,https://www.nba.com/stats/players/boxscores-traditional?Season=2007-08&SeasonType=Regular%20Season&TeamID=1610612741
2008,2007–08,2736,Luol Deng,0020700582,2008-01-18,CHI vs. GSW,GSW,L,43.538333333333334,17,7,15,0,0,3,7,3,9,12,6,0,0,5,5,-16,9.7,47.01327433628319,https://www.nba.com/stats/players/boxscores-traditional?Season=2007-08&SeasonType=Regular%20Season&TeamID=1610612741
2008,2007–08,200757,Thabo Sefolosha,0020700582,2008-01-18,CHI vs. GSW,GSW,L,27.911666666666665,9,4,11,0,1,1,1,3,5,8,2,1,0,4,2,9,4.1,39.33566433566434,https://www.nba.com/stats/players/boxscores-traditional?Season=2007-08&SeasonType=Regular%20Season&TeamID=1610612741
2008,2007–08,693,Joe Smith,0020700582,2008-01-18,CHI vs. GSW,GSW,L,30.55,13,4,9,0,0,5,6,1,3,4,3,0,0,2,5,-13,7.6,55.84192439862543,https://www.nba.com/stats/players/boxscores-traditional?Season=2007-08&SeasonType=Regular%20Season&TeamID=1610612741
2008,2007–08,2768,Chris Duhon,0020700582,2008-01-18,CHI vs. GSW,GSW,L,34.666666666666664,6,2,4,0,1,2,2,0,0,0,8,2,0,1,2,-17,9.799999999999999,61.47540983606557,https://www.nba.com/stats/players/boxscores-traditional?Season=2007-08&SeasonType=Regular%20Season&TeamID=1610612741
2008,2007–08,1112,Ben Wallace,0020700582,2008-01-18,CHI vs. GSW,GSW,L,21.716666666666665,7,3,5,0,1,1,6,2,2,4,0,1,2,2,1,2,4.699999999999999,45.81151832460733,https://www.nba.com/stats/players/boxscores-traditional?Season=2007-08&SeasonType=Regular%20Season&TeamID=1610612741
2008,2007–08,201149,Joakim Noah,0020700582,2008-01-18,CHI vs. GSW,GSW,L,16.1,2,0,1,0,0,2,6,2,5,7,1,0,0,1,2,5,1.5,27.47252747252747,https://www.nba.com/stats/players/boxscores-traditional?Season=2007-08&SeasonType=Regular%20Season&TeamID=1610612741
2008,2007–08,200748,Tyrus Thomas,0020700582,2008-01-18,CHI vs. GSW,GSW,L,1.5166666666666666,0,0,0,0,0,0,0,0,0,0,0,0,0,0,2,1,-0.8,0.0,https://www.nba.com/stats/players/boxscores-traditional?Season=2007-08&SeasonType=Regular%20Season&TeamID=1610612741
2008,2007–08,2732,Ben Gordon,0020700564,2008-01-16,CHI @ MIA,MIA,W,36.083333333333336,24,6,13,4,7,8,10,0,3,3,4,2,0,3,1,17,18.799999999999997,68.96551724137932,https://www.nba.com/stats/players/boxscores-traditional?Season=2007-08&SeasonType=Regular%20Season&TeamID=1610612741
2008,2007–08,2736,Luol Deng,0020700564,2008-01-16,CHI @ MIA,MIA,W,31.266666666666666,21,9,16,0,1,3,3,0,3,3,8,0,0,0,0,15,19.900000000000002,60.623556581986136,https://www.nba.com/stats/players/boxscores-traditional?Season=2007-08&SeasonType=Regular%20Season&TeamID=1610612741
2008,2007–08,693,Joe Smith,0020700564,2008-01-16,CHI @ MIA,MIA,W,26.866666666666667,23,9,10,0,0,5,5,1,4,5,1,1,0,0,2,11,22.4,94.26229508196722,https://www.nba.com/stats/players/boxscores-traditional?Season=2007-08&SeasonType=Regular%20Season&TeamID=1610612741
2008,2007–08,2804,Andres Nocioni,0020700564,2008-01-16,CHI @ MIA,MIA,W,18.35,20,8,13,4,5,0,2,1,3,4,2,0,0,2,4,13,12.699999999999998,72.04610951008645,https://www.nba.com/stats/players/boxscores-traditional?Season=2007-08&SeasonType=Regular%20Season&TeamID=1610612741
2008,2007–08,200757,Thabo Sefolosha,0020700564,2008-01-16,CHI @ MIA,MIA,W,26.826666666666668,17,6,9,0,0,5,5,0,6,6,2,2,0,1,4,21,15.699999999999996,75.89285714285715,https://www.nba.com/stats/players/boxscores-traditional?Season=2007-08&SeasonType=Regular%20Season&TeamID=1610612741
2008,2007–08,1112,Ben Wallace,0020700564,2008-01-16,CHI @ MIA,MIA,W,32.7,7,3,5,0,0,1,2,3,4,7,1,1,1,1,2,20,8.199999999999996,59.523809523809526,https://www.nba.com/stats/players/boxscores-traditional?Season=2007-08&SeasonType=Regular%20Season&TeamID=1610612741
2008,2007–08,2768,Chris Duhon,0020700564,2008-01-16,CHI @ MIA,MIA,W,29.55666666666667,3,1,7,1,4,0,0,0,0,0,7,2,0,0,3,15,4.2,21.428571428571427,https://www.nba.com/stats/players/boxscores-traditional?Season=2007-08&SeasonType=Regular%20Season&TeamID=1610612741
2008,2007–08,201149,Joakim Noah,0020700564,2008-01-16,CHI @ MIA,MIA,W,16.533333333333335,3,1,3,0,0,1,2,3,5,8,1,1,0,1,2,17,4.4,38.659793814432994,https://www.nba.com/stats/players/boxscores-traditional?Season=2007-08&SeasonType=Regular%20Season&TeamID=1610612741
2008,2007–08,2751,Viktor Khryapa,0020700564,2008-01-16,CHI @ MIA,MIA,W,3.533333333333333,2,1,1,0,0,0,0,1,1,2,0,1,0,0,0,7,3.6999999999999997,100.0,https://www.nba.com/stats/players/boxscores-traditional?Season=2007-08&SeasonType=Regular%20Season&TeamID=1610612741
2008,2007–08,200748,Tyrus Thomas,0020700564,2008-01-16,CHI @ MIA,MIA,W,7.4,0,0,2,0,0,0,0,1,0,1,1,1,0,1,0,5,0.0,0.0,https://www.nba.com/stats/players/boxscores-traditional?Season=2007-08&SeasonType=Regular%20Season&TeamID=1610612741
2008,2007–08,1559,Adrian Griffin,0020700564,2008-01-16,CHI @ MIA,MIA,W,4.5,4,2,2,0,0,0,0,0,0,0,0,0,0,0,0,8,3.4,100.0,https://www.nba.com/stats/players/boxscores-traditional?Season=2007-08&SeasonType=Regular%20Season&TeamID=1610612741
2008,2007–08,201189,Aaron Gray,0020700564,2008-01-16,CHI @ MIA,MIA,W,6.383333333333334,2,1,1,0,0,0,0,0,0,0,1,0,0,0,2,1,1.5999999999999999,100.0,https://www.nba.com/stats/players/boxscores-traditional?Season=2007-08&SeasonType=Regular%20Season&TeamID=1610612741
2008,2007–08,201149,Joakim Noah,0020700555,2008-01-15,CHI @ ORL,ORL,L,23.2,12,5,8,0,0,2,5,4,7,11,1,1,1,1,4,4,11.899999999999999,58.82352941176471,https://www.nba.com/stats/players/boxscores-traditional?Season=2007-08&SeasonType=Regular%20Season&TeamID=1610612741
2008,2007–08,693,Joe Smith,0020700555,2008-01-15,CHI @ ORL,ORL,L,25.233333333333334,13,5,10,0,0,3,7,1,1,2,0,2,1,1,2,-20,8.299999999999999,49.69418960244648,https://www.nba.com/stats/players/boxscores-traditional?Season=2007-08&SeasonType=Regular%20Season&TeamID=1610612741
2008,2007–08,200757,Thabo Sefolosha,0020700555,2008-01-15,CHI @ ORL,ORL,L,30.05,9,4,4,1,1,0,0,0,2,2,3,2,0,1,0,11,11.5,112.5,https://www.nba.com/stats/players/boxscores-traditional?Season=2007-08&SeasonType=Regular%20Season&TeamID=1610612741
2008,2007–08,2768,Chris Duhon,0020700555,2008-01-15,CHI @ ORL,ORL,L,32.166666666666664,7,3,9,1,3,0,0,1,3,4,5,0,0,4,2,-16,2.2,38.88888888888889,https://www.nba.com/stats/players/boxscores-traditional?Season=2007-08&SeasonType=Regular%20Season&TeamID=1610612741
2008,2007–08,2736,Luol Deng,0020700555,2008-01-15,CHI @ ORL,ORL,L,22.333333333333332,10,5,11,0,0,0,1,0,3,3,1,0,1,1,4,-25,3.6000000000000014,43.70629370629371,https://www.nba.com/stats/players/boxscores-traditional?Season=2007-08&SeasonType=Regular%20Season&TeamID=1610612741
2008,2007–08,200748,Tyrus Thomas,0020700555,2008-01-15,CHI @ ORL,ORL,L,12.391666666666667,4,1,3,0,0,2,2,0,3,3,2,2,1,0,0,13,7.300000000000002,51.54639175257733,https://www.nba.com/stats/players/boxscores-traditional?Season=2007-08&SeasonType=Regular%20Season&TeamID=1610612741
2008,2007–08,2804,Andres Nocioni,0020700555,2008-01-15,CHI @ ORL,ORL,L,15.383333333333333,6,2,7,2,4,0,0,1,1,2,2,0,0,0,2,-12,3.500000000000001,42.857142857142854,https://www.nba.com/stats/players/boxscores-traditional?Season=2007-08&SeasonType=Regular%20Season&TeamID=1610612741
2008,2007–08,1559,Adrian Griffin,0020700555,2008-01-15,CHI @ ORL,ORL,L,16.466666666666665,6,3,6,0,0,0,0,1,1,2,1,1,0,0,0,10,5.700000000000001,50.0,https://www.nba.com/stats/players/boxscores-traditional?Season=2007-08&SeasonType=Regular%20Season&TeamID=1610612741
2008,2007–08,1112,Ben Wallace,0020700555,2008-01-15,CHI @ ORL,ORL,L,21.516666666666666,4,2,4,0,0,0,0,2,1,3,2,0,0,0,2,-28,4.3,50.0,https://www.nba.com/stats/players/boxscores-traditional?Season=2007-08&SeasonType=Regular%20Season&TeamID=1610612741
2008,2007–08,201189,Aaron Gray,0020700555,2008-01-15,CHI @ ORL,ORL,L,14.091666666666667,4,1,4,0,0,2,2,2,2,4,1,0,0,2,3,1,1.1000000000000005,40.98360655737705,https://www.nba.com/stats/players/boxscores-traditional?Season=2007-08&SeasonType=Regular%20Season&TeamID=1610612741
2008,2007–08,2751,Viktor Khryapa,0020700555,2008-01-15,CHI @ ORL,ORL,L,12.0,7,3,6,0,1,1,2,0,0,0,1,0,0,0,1,13,3.9,50.872093023255815,https://www.nba.com/stats/players/boxscores-traditional?Season=2007-08&SeasonType=Regular%20Season&TeamID=1610612741
2008,2007–08,2732,Ben Gordon,0020700555,2008-01-15,CHI @ ORL,ORL,L,15.166666666666666,6,3,6,0,0,0,0,0,1,1,1,0,0,3,3,-21,-0.1999999999999993,50.0,https://www.nba.com/stats/players/boxscores-traditional?Season=2007-08&SeasonType=Regular%20Season&TeamID=1610612741
2008,2007–08,2736,Luol Deng,0020700542,2008-01-13,CHI @ ATL,ATL,L,29.933333333333334,28,10,15,0,0,8,9,4,2,6,1,0,1,3,2,-13,22.1,73.83966244725738,https://www.nba.com/stats/players/boxscores-traditional?Season=2007-08&SeasonType=Regular%20Season&TeamID=1610612741
2008,2007–08,2804,Andres Nocioni,0020700542,2008-01-13,CHI @ ATL,ATL,L,22.633333333333333,20,6,12,3,4,5,5,1,4,5,0,1,1,1,6,-15,14.199999999999998,70.42253521126761,https://www.nba.com/stats/players/boxscores-traditional?Season=2007-08&SeasonType=Regular%20Season&TeamID=1610612741
2008,2007–08,693,Joe Smith,0020700542,2008-01-13,CHI @ ATL,ATL,L,34.0,12,6,17,0,0,0,0,3,5,8,1,1,2,2,3,-12,6.0,35.294117647058826,https://www.nba.com/stats/players/boxscores-traditional?Season=2007-08&SeasonType=Regular%20Season&TeamID=1610612741
2008,2007–08,1112,Ben Wallace,0020700542,2008-01-13,CHI @ ATL,ATL,L,33.15,3,1,5,0,0,1,4,4,9,13,3,0,1,1,2,-9,5.199999999999999,22.189349112426036,https://www.nba.com/stats/players/boxscores-traditional?Season=2007-08&SeasonType=Regular%20Season&TeamID=1610612741
2008,2007–08,2550,Kirk Hinrich,0020700542,2008-01-13,CHI @ ATL,ATL,L,30.283333333333335,11,4,12,0,1,3,4,0,1,1,4,1,0,2,1,-14,5.500000000000001,39.97093023255814,https://www.nba.com/stats/players/boxscores-traditional?Season=2007-08&SeasonType=Regular%20Season&TeamID=1610612741
2008,2007–08,200757,Thabo Sefolosha,0020700542,2008-01-13,CHI @ ATL,ATL,L,26.066666666666666,2,0,3,0,1,2,4,1,3,4,5,0,0,1,4,-11,1.6,21.008403361344538,https://www.nba.com/stats/players/boxscores-traditional?Season=2007-08&SeasonType=Regular%20Season&TeamID=1610612741
2008,2007–08,2732,Ben Gordon,0020700542,2008-01-13,CHI @ ATL,ATL,L,29.433333333333334,6,3,13,0,6,0,0,0,1,1,2,0,0,0,3,-12,-1.3999999999999997,23.076923076923077,https://www.nba.com/stats/players/boxscores-traditional?Season=2007-08&SeasonType=Regular%20Season&TeamID=1610612741
2008,2007–08,2768,Chris Duhon,0020700542,2008-01-13,CHI @ ATL,ATL,L,17.883333333333333,0,0,5,0,1,0,0,0,1,1,5,0,0,0,0,-8,0.2999999999999998,0.0,https://www.nba.com/stats/players/boxscores-traditional?Season=2007-08&SeasonType=Regular%20Season&TeamID=1610612741
2008,2007–08,200748,Tyrus Thomas,0020700542,2008-01-13,CHI @ ATL,ATL,L,10.083333333333334,2,0,2,0,0,2,2,0,0,0,1,0,1,0,0,-7,2.0,34.72222222222222,https://www.nba.com/stats/players/boxscores-traditional?Season=2007-08&SeasonType=Regular%20Season&TeamID=1610612741
2008,2007–08,1559,Adrian Griffin,0020700542,2008-01-13,CHI @ ATL,ATL,L,3.2666666666666666,0,0,1,0,0,0,0,1,0,1,0,0,0,0,0,-2,0.0,0.0,https://www.nba.com/stats/players/boxscores-traditional?Season=2007-08&SeasonType=Regular%20Season&TeamID=1610612741
2008,2007–08,2751,Viktor Khryapa,0020700542,2008-01-13,CHI @ ATL,ATL,L,3.2666666666666666,0,0,2,0,0,0,0,0,0,0,0,0,0,0,0,-2,-1.4,0.0,https://www.nba.com/stats/players/boxscores-traditional?Season=2007-08&SeasonType=Regular%20Season&TeamID=1610612741
2008,2007–08,2804,Andres Nocioni,0020700523,2008-01-11,CHI @ PHI,PHI,W,30.223333333333333,27,11,18,3,8,2,3,1,6,7,4,0,2,2,6,-6,20.699999999999996,69.87577639751554,https://www.nba.com/stats/players/boxscores-traditional?Season=2007-08&SeasonType=Regular%20Season&TeamID=1610612741
2008,2007–08,2732,Ben Gordon,0020700523,2008-01-11,CHI @ PHI,PHI,W,35.92,15,4,13,2,5,5,6,3,2,5,5,2,0,5,2,11,9.5,47.9539641943734,https://www.nba.com/stats/players/boxscores-traditional?Season=2007-08&SeasonType=Regular%20Season&TeamID=1610612741
2008,2007–08,693,Joe Smith,0020700523,2008-01-11,CHI @ PHI,PHI,W,34.58166666666666,19,8,18,0,0,3,4,3,3,6,1,0,2,0,3,-8,13.099999999999998,48.07692307692307,https://www.nba.com/stats/players/boxscores-traditional?Season=2007-08&SeasonType=Regular%20Season&TeamID=1610612741
2008,2007–08,2550,Kirk Hinrich,0020700523,2008-01-11,CHI @ PHI,PHI,W,30.4,11,4,7,3,4,0,1,1,2,3,7,1,0,2,5,-5,10.5,73.9247311827957,https://www.nba.com/stats/players/boxscores-traditional?Season=2007-08&SeasonType=Regular%20Season&TeamID=1610612741
2008,2007–08,1112,Ben Wallace,0020700523,2008-01-11,CHI @ PHI,PHI,W,33.391666666666666,6,2,6,0,0,2,3,6,2,8,2,2,1,3,2,-22,7.299999999999999,40.98360655737705,https://www.nba.com/stats/players/boxscores-traditional?Season=2007-08&SeasonType=Regular%20Season&TeamID=1610612741
2008,2007–08,2768,Chris Duhon,0020700523,2008-01-11,CHI @ PHI,PHI,W,32.49333333333333,5,2,5,1,2,0,0,1,2,3,6,0,0,1,1,6,6.399999999999999,50.0,https://www.nba.com/stats/players/boxscores-traditional?Season=2007-08&SeasonType=Regular%20Season&TeamID=1610612741
2008,2007–08,201189,Aaron Gray,0020700523,2008-01-11,CHI @ PHI,PHI,W,13.39,8,4,6,0,0,0,2,1,2,3,0,1,0,2,2,21,4.1000000000000005,58.139534883720934,https://www.nba.com/stats/players/boxscores-traditional?Season=2007-08&SeasonType=Regular%20Season&TeamID=1610612741
2008,2007–08,200748,Tyrus Thomas,0020700523,2008-01-11,CHI @ PHI,PHI,W,16.335,4,1,5,0,0,2,2,1,2,3,1,1,1,0,1,12,4.2,34.01360544217687,https://www.nba.com/stats/players/boxscores-traditional?Season=2007-08&SeasonType=Regular%20Season&TeamID=1610612741
2008,2007–08,200757,Thabo Sefolosha,0020700523,2008-01-11,CHI @ PHI,PHI,W,13.265,5,1,4,0,2,3,4,0,3,3,2,1,0,0,1,6,5.1,43.40277777777778,https://www.nba.com/stats/players/boxscores-traditional?Season=2007-08&SeasonType=Regular%20Season&TeamID=1610612741
2008,2007–08,693,Joe Smith,0020700506,2008-01-08,CHI vs. NYK,NYK,L,34.05,22,11,19,0,1,0,0,5,7,12,1,1,1,1,4,-11,18.5,57.89473684210527,https://www.nba.com/stats/players/boxscores-traditional?Season=2007-08&SeasonType=Regular%20Season&TeamID=1610612741
2008,2007–08,2550,Kirk Hinrich,0020700506,2008-01-08,CHI vs. NYK,NYK,L,43.8,20,7,15,0,2,6,6,0,1,1,9,2,1,1,3,-2,19.400000000000002,56.68934240362812,https://www.nba.com/stats/players/boxscores-traditional?Season=2007-08&SeasonType=Regular%20Season&TeamID=1610612741
2008,2007–08,2732,Ben Gordon,0020700506,2008-01-08,CHI vs. NYK,NYK,L,33.7,21,8,16,3,4,2,2,1,1,2,1,0,0,0,2,-8,13.899999999999999,62.203791469194314,https://www.nba.com/stats/players/boxscores-traditional?Season=2007-08&SeasonType=Regular%20Season&TeamID=1610612741
2008,2007–08,1112,Ben Wallace,0020700506,2008-01-08,CHI vs. NYK,NYK,L,37.92666666666667,4,2,6,0,0,0,0,5,5,10,3,2,1,0,1,-9,9.999999999999998,33.33333333333333,https://www.nba.com/stats/players/boxscores-traditional?Season=2007-08&SeasonType=Regular%20Season&TeamID=1610612741
2008,2007–08,201189,Aaron Gray,0020700506,2008-01-08,CHI vs. NYK,NYK,L,9.883333333333333,12,5,6,0,0,2,3,3,1,4,0,0,0,2,3,4,8.600000000000001,81.9672131147541,https://www.nba.com/stats/players/boxscores-traditional?Season=2007-08&SeasonType=Regular%20Season&TeamID=1610612741
2008,2007–08,2804,Andres Nocioni,0020700506,2008-01-08,CHI vs. NYK,NYK,L,15.806666666666667,7,3,12,1,6,0,0,0,3,3,1,0,0,0,1,-1,1.0000000000000004,29.166666666666668,https://www.nba.com/stats/players/boxscores-traditional?Season=2007-08&SeasonType=Regular%20Season&TeamID=1610612741
2008,2007–08,2768,Chris Duhon,0020700506,2008-01-08,CHI vs. NYK,NYK,L,27.001666666666665,9,4,8,1,2,0,1,0,0,0,2,0,0,1,2,-7,4.2,53.317535545023695,https://www.nba.com/stats/players/boxscores-traditional?Season=2007-08&SeasonType=Regular%20Season&TeamID=1610612741
2008,2007–08,201149,Joakim Noah,0020700506,2008-01-08,CHI vs. NYK,NYK,L,13.95,3,1,4,0,0,1,2,2,4,6,0,1,0,0,2,6,3.0,30.737704918032787,https://www.nba.com/stats/players/boxscores-traditional?Season=2007-08&SeasonType=Regular%20Season&TeamID=1610612741
2008,2007–08,200748,Tyrus Thomas,0020700506,2008-01-08,CHI vs. NYK,NYK,L,20.981666666666666,2,1,7,0,0,0,0,2,3,5,1,0,1,3,3,6,-3.0,14.285714285714285,https://www.nba.com/stats/players/boxscores-traditional?Season=2007-08&SeasonType=Regular%20Season&TeamID=1610612741
2008,2007–08,200757,Thabo Sefolosha,0020700506,2008-01-08,CHI vs. NYK,NYK,L,2.9,0,0,2,0,1,0,0,1,1,2,0,0,0,0,0,-3,-0.39999999999999997,0.0,https://www.nba.com/stats/players/boxscores-traditional?Season=2007-08&SeasonType=Regular%20Season&TeamID=1610612741
2008,2007–08,2804,Andres Nocioni,0020700486,2008-01-05,CHI vs. SAC,SAC,W,30.483333333333334,26,7,10,5,7,7,7,0,5,5,1,1,1,3,4,-7,21.099999999999998,99.38837920489296,https://www.nba.com/stats/players/boxscores-traditional?Season=2007-08&SeasonType=Regular%20Season&TeamID=1610612741
2008,2007–08,200748,Tyrus Thomas,0020700486,2008-01-05,CHI vs. SAC,SAC,W,23.466666666666665,14,5,10,0,0,4,7,5,4,9,2,1,3,2,2,-3,14.2,53.51681957186545,https://www.nba.com/stats/players/boxscores-traditional?Season=2007-08&SeasonType=Regular%20Season&TeamID=1610612741
2008,2007–08,2732,Ben Gordon,0020700486,2008-01-05,CHI vs. SAC,SAC,W,34.885,20,5,14,2,7,8,8,2,0,2,4,0,0,4,3,-5,11.200000000000003,57.077625570776256,https://www.nba.com/stats/players/boxscores-traditional?Season=2007-08&SeasonType=Regular%20Season&TeamID=1610612741
2008,2007–08,693,Joe Smith,0020700486,2008-01-05,CHI vs. SAC,SAC,W,30.966666666666665,9,3,13,0,0,3,4,0,7,7,1,2,3,2,3,6,4.3999999999999995,30.48780487804878,https://www.nba.com/stats/players/boxscores-traditional?Season=2007-08&SeasonType=Regular%20Season&TeamID=1610612741
2008,2007–08,2550,Kirk Hinrich,0020700486,2008-01-05,CHI vs. SAC,SAC,W,35.93333333333333,13,6,14,1,4,0,0,1,4,5,5,0,0,2,3,1,7.800000000000001,46.42857142857143,https://www.nba.com/stats/players/boxscores-traditional?Season=2007-08&SeasonType=Regular%20Season&TeamID=1610612741
2008,2007–08,1112,Ben Wallace,0020700486,2008-01-05,CHI vs. SAC,SAC,W,33.2,1,0,3,0,0,1,6,6,5,11,3,2,1,0,1,9,6.999999999999999,8.865248226950353,https://www.nba.com/stats/players/boxscores-traditional?Season=2007-08&SeasonType=Regular%20Season&TeamID=1610612741
2008,2007–08,200757,Thabo Sefolosha,0020700486,2008-01-05,CHI vs. SAC,SAC,W,13.15,7,2,5,0,1,3,3,2,1,3,0,2,0,0,2,11,7.199999999999999,55.379746835443036,https://www.nba.com/stats/players/boxscores-traditional?Season=2007-08&SeasonType=Regular%20Season&TeamID=1610612741
2008,2007–08,2768,Chris Duhon,0020700486,2008-01-05,CHI vs. SAC,SAC,W,25.18166666666667,0,0,7,0,6,0,0,0,0,0,7,1,0,2,1,6,-1.4,0.0,https://www.nba.com/stats/players/boxscores-traditional?Season=2007-08&SeasonType=Regular%20Season&TeamID=1610612741
2008,2007–08,201189,Aaron Gray,0020700486,2008-01-05,CHI vs. SAC,SAC,W,10.183333333333334,4,2,7,0,0,0,1,2,2,4,0,0,0,0,1,-9,1.1,26.881720430107524,https://www.nba.com/stats/players/boxscores-traditional?Season=2007-08&SeasonType=Regular%20Season&TeamID=1610612741
2008,2007–08,201149,Joakim Noah,0020700486,2008-01-05,CHI vs. SAC,SAC,W,2.55,0,0,0,0,0,0,0,0,0,0,1,0,0,0,2,-4,-0.10000000000000009,0.0,https://www.nba.com/stats/players/boxscores-traditional?Season=2007-08&SeasonType=Regular%20Season&TeamID=1610612741
2008,2007–08,693,Joe Smith,0020700469,2008-01-03,CHI vs. POR,POR,L,45.333333333333336,31,11,17,0,0,9,10,9,2,11,1,1,4,0,4,-10,32.9,72.42990654205607,https://www.nba.com/stats/players/boxscores-traditional?Season=2007-08&SeasonType=Regular%20Season&TeamID=1610612741
2008,2007–08,2732,Ben Gordon,0020700469,2008-01-03,CHI vs. POR,POR,L,45.611666666666665,32,15,27,1,5,1,1,0,5,5,3,1,0,4,1,-7,19.300000000000004,58.30903790087463,https://www.nba.com/stats/players/boxscores-traditional?Season=2007-08&SeasonType=Regular%20Season&TeamID=1610612741
2008,2007–08,1112,Ben Wallace,0020700469,2008-01-03,CHI vs. POR,POR,L,47.72666666666667,12,4,11,0,0,4,6,5,9,14,0,0,4,1,2,-2,12.3,43.988269794721404,https://www.nba.com/stats/players/boxscores-traditional?Season=2007-08&SeasonType=Regular%20Season&TeamID=1610612741
2008,2007–08,2550,Kirk Hinrich,0020700469,2008-01-03,CHI vs. POR,POR,L,46.10333333333333,12,5,18,2,9,0,0,0,7,7,9,0,0,1,5,-2,6.800000000000001,33.33333333333333,https://www.nba.com/stats/players/boxscores-traditional?Season=2007-08&SeasonType=Regular%20Season&TeamID=1610612741
2008,2007–08,2804,Andres Nocioni,0020700469,2008-01-03,CHI vs. POR,POR,L,36.528333333333336,11,4,13,1,7,2,2,0,2,2,1,0,1,3,4,-5,0.8999999999999999,39.62536023054754,https://www.nba.com/stats/players/boxscores-traditional?Season=2007-08&SeasonType=Regular%20Season&TeamID=1610612741
2008,2007–08,2768,Chris Duhon,0020700469,2008-01-03,CHI vs. POR,POR,L,26.505,5,1,6,0,3,3,4,0,2,2,7,1,0,0,2,-5,6.500000000000001,32.21649484536083,https://www.nba.com/stats/players/boxscores-traditional?Season=2007-08&SeasonType=Regular%20Season&TeamID=1610612741
2008,2007–08,2736,Luol Deng,0020700469,2008-01-03,CHI vs. POR,POR,L,13.916666666666666,2,1,5,0,0,0,0,1,2,3,2,1,1,1,0,5,2.3,20.0,https://www.nba.com/stats/players/boxscores-traditional?Season=2007-08&SeasonType=Regular%20Season&TeamID=1610612741
2008,2007–08,201149,Joakim Noah,0020700469,2008-01-03,CHI vs. POR,POR,L,15.003333333333334,0,0,1,0,0,0,0,0,2,2,1,0,1,1,1,-7,-0.1000000000000002,0.0,https://www.nba.com/stats/players/boxscores-traditional?Season=2007-08&SeasonType=Regular%20Season&TeamID=1610612741
2008,2007–08,1559,Adrian Griffin,0020700469,2008-01-03,CHI vs. POR,POR,L,10.088333333333333,2,1,4,0,0,0,0,2,0,2,0,0,0,0,2,0,0.19999999999999996,25.0,https://www.nba.com/stats/players/boxscores-traditional?Season=2007-08&SeasonType=Regular%20Season&TeamID=1610612741
2008,2007–08,200748,Tyrus Thomas,0020700469,2008-01-03,CHI vs. POR,POR,L,3.183333333333333,2,1,2,0,0,0,0,1,0,1,0,0,0,0,2,3,0.8999999999999999,50.0,https://www.nba.com/stats/players/boxscores-traditional?Season=2007-08&SeasonType=Regular%20Season&TeamID=1610612741
2008,2007–08,2736,Luol Deng,0020700458,2008-01-02,CHI @ CHA,CHA,W,37.166666666666664,21,7,15,0,0,7,8,4,9,13,5,1,1,0,0,6,23.599999999999998,56.69546436285098,https://www.nba.com/stats/players/boxscores-traditional?Season=2007-08&SeasonType=Regular%20Season&TeamID=1610612741
2008,2007–08,2732,Ben Gordon,0020700458,2008-01-02,CHI @ CHA,CHA,W,36.6,22,8,20,3,4,3,3,4,2,6,2,1,0,1,2,16,15.2,51.594746716697934,https://www.nba.com/stats/players/boxscores-traditional?Season=2007-08&SeasonType=Regular%20Season&TeamID=1610612741
2008,2007–08,201149,Joakim Noah,0020700458,2008-01-02,CHI @ CHA,CHA,W,18.233333333333334,17,7,10,0,0,3,5,3,3,6,4,2,1,1,4,5,17.9,69.67213114754098,https://www.nba.com/stats/players/boxscores-traditional?Season=2007-08&SeasonType=Regular%20Season&TeamID=1610612741
2008,2007–08,1112,Ben Wallace,0020700458,2008-01-02,CHI @ CHA,CHA,W,36.81166666666667,7,3,6,0,0,1,4,3,7,10,4,1,3,3,4,17,8.3,45.103092783505154,https://www.nba.com/stats/players/boxscores-traditional?Season=2007-08&SeasonType=Regular%20Season&TeamID=1610612741
2008,2007–08,693,Joe Smith,0020700458,2008-01-02,CHI @ CHA,CHA,W,24.35,16,8,16,0,0,0,0,1,3,4,2,0,1,1,0,6,10.7,50.0,https://www.nba.com/stats/players/boxscores-traditional?Season=2007-08&SeasonType=Regular%20Season&TeamID=1610612741
2008,2007–08,2550,Kirk Hinrich,0020700458,2008-01-02,CHI @ CHA,CHA,W,36.9,11,5,9,0,1,1,2,0,5,5,4,1,0,1,2,8,9.8,55.66801619433198,https://www.nba.com/stats/players/boxscores-traditional?Season=2007-08&SeasonType=Regular%20Season&TeamID=1610612741
2008,2007–08,2804,Andres Nocioni,0020700458,2008-01-02,CHI @ CHA,CHA,W,15.55,10,3,6,2,3,2,3,0,3,3,0,0,0,1,2,8,5.7,68.30601092896174,https://www.nba.com/stats/players/boxscores-traditional?Season=2007-08&SeasonType=Regular%20Season&TeamID=1610612741
2008,2007–08,201189,Aaron Gray,0020700458,2008-01-02,CHI @ CHA,CHA,W,6.121666666666667,4,2,2,0,0,0,0,2,0,2,0,0,1,0,2,-2,4.7,100.0,https://www.nba.com/stats/players/boxscores-traditional?Season=2007-08&SeasonType=Regular%20Season&TeamID=1610612741
2008,2007–08,2768,Chris Duhon,0020700458,2008-01-02,CHI @ CHA,CHA,W,22.5,1,0,2,0,2,1,2,0,0,0,3,0,0,1,2,0,-0.5000000000000002,17.36111111111111,https://www.nba.com/stats/players/boxscores-traditional?Season=2007-08&SeasonType=Regular%20Season&TeamID=1610612741
2008,2007–08,200757,Thabo Sefolosha,0020700458,2008-01-02,CHI @ CHA,CHA,W,5.766666666666667,0,0,1,0,0,0,0,0,1,1,0,0,1,0,2,-4,-0.5,0.0,https://www.nba.com/stats/players/boxscores-traditional?Season=2007-08&SeasonType=Regular%20Season&TeamID=1610612741
2008,2007–08,2732,Ben Gordon,0020700450,2007-12-31,CHI vs. ORL,ORL,L,41.266666666666666,39,16,27,3,5,4,4,1,3,4,2,1,0,3,4,-4,25.899999999999995,67.80250347705146,https://www.nba.com/stats/players/boxscores-traditional?Season=2007-08&SeasonType=Regular%20Season&TeamID=1610612741
2008,2007–08,2736,Luol Deng,0020700450,2007-12-31,CHI vs. ORL,ORL,L,46.416666666666664,21,7,18,0,1,7,7,2,5,7,2,2,0,2,2,-4,14.7,49.8102466793169,https://www.nba.com/stats/players/boxscores-traditional?Season=2007-08&SeasonType=Regular%20Season&TeamID=1610612741
2008,2007–08,1112,Ben Wallace,0020700450,2007-12-31,CHI vs. ORL,ORL,L,45.65,2,1,6,0,1,0,1,5,7,12,3,3,3,2,3,3,7.399999999999999,15.527950310559005,https://www.nba.com/stats/players/boxscores-traditional?Season=2007-08&SeasonType=Regular%20Season&TeamID=1610612741
2008,2007–08,693,Joe Smith,0020700450,2007-12-31,CHI vs. ORL,ORL,L,22.983333333333334,16,6,15,0,0,4,5,5,4,9,2,0,1,0,2,15,13.499999999999996,46.51162790697674,https://www.nba.com/stats/players/boxscores-traditional?Season=2007-08&SeasonType=Regular%20Season&TeamID=1610612741
2008,2007–08,2550,Kirk Hinrich,0020700450,2007-12-31,CHI vs. ORL,ORL,L,30.046666666666667,10,4,8,1,3,1,1,2,3,5,10,1,0,1,6,8,12.9,59.241706161137444,https://www.nba.com/stats/players/boxscores-traditional?Season=2007-08&SeasonType=Regular%20Season&TeamID=1610612741
2008,2007–08,2804,Andres Nocioni,0020700450,2007-12-31,CHI vs. ORL,ORL,L,31.033333333333335,19,7,14,2,5,3,3,1,3,4,1,0,1,1,2,-11,13.2,62.01044386422976,https://www.nba.com/stats/players/boxscores-traditional?Season=2007-08&SeasonType=Regular%20Season&TeamID=1610612741
2008,2007–08,2768,Chris Duhon,0020700450,2007-12-31,CHI vs. ORL,ORL,L,30.903333333333332,1,0,6,0,3,1,3,0,2,2,6,1,0,1,2,-4,2.220446049250313e-16,6.830601092896174,https://www.nba.com/stats/players/boxscores-traditional?Season=2007-08&SeasonType=Regular%20Season&TeamID=1610612741
2008,2007–08,200748,Tyrus Thomas,0020700450,2007-12-31,CHI vs. ORL,ORL,L,5.566666666666666,2,1,2,0,0,0,0,1,1,2,0,0,1,0,0,-4,2.7,50.0,https://www.nba.com/stats/players/boxscores-traditional?Season=2007-08&SeasonType=Regular%20Season&TeamID=1610612741
2008,2007–08,201149,Joakim Noah,0020700450,2007-12-31,CHI vs. ORL,ORL,L,3.85,0,0,0,0,0,0,0,0,1,1,0,1,0,0,0,-3,1.3,0.0,https://www.nba.com/stats/players/boxscores-traditional?Season=2007-08&SeasonType=Regular%20Season&TeamID=1610612741
2008,2007–08,200757,Thabo Sefolosha,0020700450,2007-12-31,CHI vs. ORL,ORL,L,3.783333333333333,0,0,0,0,0,0,0,0,1,1,0,0,0,1,1,-4,-1.1,0.0,https://www.nba.com/stats/players/boxscores-traditional?Season=2007-08&SeasonType=Regular%20Season&TeamID=1610612741
2008,2007–08,201189,Aaron Gray,0020700450,2007-12-31,CHI vs. ORL,ORL,L,3.5,0,0,1,0,0,0,0,0,0,0,0,0,0,1,2,-2,-2.5,0.0,https://www.nba.com/stats/players/boxscores-traditional?Season=2007-08&SeasonType=Regular%20Season&TeamID=1610612741
2008,2007–08,2732,Ben Gordon,0020700443,2007-12-30,CHI @ NYK,NYK,W,30.2,25,11,15,3,6,0,0,1,4,5,2,1,0,3,2,18,19.399999999999995,83.33333333333334,https://www.nba.com/stats/players/boxscores-traditional?Season=2007-08&SeasonType=Regular%20Season&TeamID=1610612741
2008,2007–08,2550,Kirk Hinrich,0020700443,2007-12-30,CHI @ NYK,NYK,W,38.516666666666666,13,4,11,3,8,2,2,0,5,5,8,1,1,0,0,17,15.7,54.71380471380471,https://www.nba.com/stats/players/boxscores-traditional?Season=2007-08&SeasonType=Regular%20Season&TeamID=1610612741
2008,2007–08,2736,Luol Deng,0020700443,2007-12-30,CHI @ NYK,NYK,W,34.45,17,6,14,0,0,5,6,1,5,6,7,1,0,2,0,16,15.299999999999997,51.081730769230774,https://www.nba.com/stats/players/boxscores-traditional?Season=2007-08&SeasonType=Regular%20Season&TeamID=1610612741
2008,2007–08,1112,Ben Wallace,0020700443,2007-12-30,CHI @ NYK,NYK,W,36.63333333333333,6,2,3,0,0,2,2,5,5,10,1,2,0,0,1,14,11.999999999999998,77.31958762886599,https://www.nba.com/stats/players/boxscores-traditional?Season=2007-08&SeasonType=Regular%20Season&TeamID=1610612741
2008,2007–08,693,Joe Smith,0020700443,2007-12-30,CHI @ NYK,NYK,W,21.9,13,6,11,0,0,1,2,0,3,3,0,1,0,2,5,8,5.200000000000001,54.71380471380471,https://www.nba.com/stats/players/boxscores-traditional?Season=2007-08&SeasonType=Regular%20Season&TeamID=1610612741
2008,2007–08,2768,Chris Duhon,0020700443,2007-12-30,CHI @ NYK,NYK,W,25.666666666666668,9,3,9,3,6,0,2,1,1,2,1,1,0,0,1,2,5.3999999999999995,45.54655870445344,https://www.nba.com/stats/players/boxscores-traditional?Season=2007-08&SeasonType=Regular%20Season&TeamID=1610612741
2008,2007–08,201149,Joakim Noah,0020700443,2007-12-30,CHI @ NYK,NYK,W,17.433333333333334,4,1,1,0,0,2,2,1,2,3,1,2,0,0,3,8,6.5,106.38297872340425,https://www.nba.com/stats/players/boxscores-traditional?Season=2007-08&SeasonType=Regular%20Season&TeamID=1610612741
2008,2007–08,2804,Andres Nocioni,0020700443,2007-12-30,CHI @ NYK,NYK,W,16.7,5,1,4,1,2,2,4,1,3,4,0,0,1,2,1,5,1.7000000000000006,43.40277777777778,https://www.nba.com/stats/players/boxscores-traditional?Season=2007-08&SeasonType=Regular%20Season&TeamID=1610612741
2008,2007–08,201189,Aaron Gray,0020700443,2007-12-30,CHI @ NYK,NYK,W,15.266666666666667,8,2,3,0,0,4,5,2,1,3,0,0,0,5,5,3,1.0000000000000018,76.92307692307692,https://www.nba.com/stats/players/boxscores-traditional?Season=2007-08&SeasonType=Regular%20Season&TeamID=1610612741
2008,2007–08,200757,Thabo Sefolosha,0020700443,2007-12-30,CHI @ NYK,NYK,W,1.6166666666666667,0,0,1,0,0,0,0,0,0,0,0,0,0,0,0,-3,-0.7,0.0,https://www.nba.com/stats/players/boxscores-traditional?Season=2007-08&SeasonType=Regular%20Season&TeamID=1610612741
2008,2007–08,1559,Adrian Griffin,0020700443,2007-12-30,CHI @ NYK,NYK,W,1.6166666666666667,0,0,0,0,0,0,0,0,0,0,0,0,0,0,0,-3,0.0,0.0,https://www.nba.com/stats/players/boxscores-traditional?Season=2007-08&SeasonType=Regular%20Season&TeamID=1610612741
2008,2007–08,2732,Ben Gordon,0020700427,2007-12-28,CHI vs. MIL,MIL,W,34.81666666666667,31,8,20,2,4,13,15,1,4,5,4,1,1,2,1,9,23.400000000000002,58.27067669172932,https://www.nba.com/stats/players/boxscores-traditional?Season=2007-08&SeasonType=Regular%20Season&TeamID=1610612741
2008,2007–08,2736,Luol Deng,0020700427,2007-12-28,CHI vs. MIL,MIL,W,43.8,28,12,18,0,1,4,4,4,6,10,4,1,0,3,2,11,24.799999999999997,70.85020242914979,https://www.nba.com/stats/players/boxscores-traditional?Season=2007-08&SeasonType=Regular%20Season&TeamID=1610612741
2008,2007–08,2550,Kirk Hinrich,0020700427,2007-12-28,CHI vs. MIL,MIL,W,40.483333333333334,11,4,10,3,5,0,0,1,3,4,9,2,0,4,2,1,10.7,55.00000000000001,https://www.nba.com/stats/players/boxscores-traditional?Season=2007-08&SeasonType=Regular%20Season&TeamID=1610612741
2008,2007–08,1112,Ben Wallace,0020700427,2007-12-28,CHI vs. MIL,MIL,W,33.778333333333336,4,1,3,0,0,2,2,3,7,10,3,2,4,2,1,2,10.999999999999998,51.54639175257733,https://www.nba.com/stats/players/boxscores-traditional?Season=2007-08&SeasonType=Regular%20Season&TeamID=1610612741
2008,2007–08,2804,Andres Nocioni,0020700427,2007-12-28,CHI vs. MIL,MIL,W,27.55,11,2,12,1,4,6,8,2,7,9,0,0,0,3,5,7,1.1000000000000014,35.43814432989691,https://www.nba.com/stats/players/boxscores-traditional?Season=2007-08&SeasonType=Regular%20Season&TeamID=1610612741
2008,2007–08,201189,Aaron Gray,0020700427,2007-12-28,CHI vs. MIL,MIL,W,14.221666666666666,10,3,4,0,0,4,4,2,4,6,1,0,0,2,1,2,9.299999999999997,86.80555555555556,https://www.nba.com/stats/players/boxscores-traditional?Season=2007-08&SeasonType=Regular%20Season&TeamID=1610612741
2008,2007–08,693,Joe Smith,0020700427,2007-12-28,CHI vs. MIL,MIL,W,19.116666666666667,6,3,6,0,0,0,0,1,3,4,0,1,0,1,1,-1,4.200000000000001,50.0,https://www.nba.com/stats/players/boxscores-traditional?Season=2007-08&SeasonType=Regular%20Season&TeamID=1610612741
2008,2007–08,2768,Chris Duhon,0020700427,2007-12-28,CHI vs. MIL,MIL,W,22.033333333333335,2,1,5,0,2,0,0,0,1,1,3,0,0,0,1,-4,0.8999999999999996,20.0,https://www.nba.com/stats/players/boxscores-traditional?Season=2007-08&SeasonType=Regular%20Season&TeamID=1610612741
2008,2007–08,200748,Tyrus Thomas,0020700427,2007-12-28,CHI vs. MIL,MIL,W,4.2,0,0,0,0,0,0,0,0,1,1,1,0,0,2,1,-7,-1.4,0.0,https://www.nba.com/stats/players/boxscores-traditional?Season=2007-08&SeasonType=Regular%20Season&TeamID=1610612741
2008,2007–08,693,Joe Smith,0020700414,2007-12-26,CHI @ SAS,SAS,L,29.6,19,9,13,0,0,1,2,4,7,11,2,0,2,0,2,4,20.0,68.44380403458213,https://www.nba.com/stats/players/boxscores-traditional?Season=2007-08&SeasonType=Regular%20Season&TeamID=1610612741
2008,2007–08,2732,Ben Gordon,0020700414,2007-12-26,CHI @ SAS,SAS,L,34.766666666666666,18,8,16,0,2,2,2,3,1,4,3,0,0,2,3,-3,11.3,53.317535545023695,https://www.nba.com/stats/players/boxscores-traditional?Season=2007-08&SeasonType=Regular%20Season&TeamID=1610612741
2008,2007–08,2550,Kirk Hinrich,0020700414,2007-12-26,CHI @ SAS,SAS,L,32.96666666666667,9,4,9,1,4,0,0,0,3,3,7,2,0,2,4,-5,8.499999999999998,50.0,https://www.nba.com/stats/players/boxscores-traditional?Season=2007-08&SeasonType=Regular%20Season&TeamID=1610612741
2008,2007–08,2736,Luol Deng,0020700414,2007-12-26,CHI @ SAS,SAS,L,40.05,12,5,15,0,0,2,2,3,4,7,1,0,0,2,0,-9,5.5,37.78337531486146,https://www.nba.com/stats/players/boxscores-traditional?Season=2007-08&SeasonType=Regular%20Season&TeamID=1610612741
2008,2007–08,2768,Chris Duhon,0020700414,2007-12-26,CHI @ SAS,SAS,L,16.473333333333333,13,5,6,3,3,0,0,0,0,0,1,0,0,2,1,-11,9.1,108.33333333333333,https://www.nba.com/stats/players/boxscores-traditional?Season=2007-08&SeasonType=Regular%20Season&TeamID=1610612741
2008,2007–08,1112,Ben Wallace,0020700414,2007-12-26,CHI @ SAS,SAS,L,33.79333333333334,2,1,4,0,0,0,0,1,4,5,4,2,0,1,2,4,4.5,25.0,https://www.nba.com/stats/players/boxscores-traditional?Season=2007-08&SeasonType=Regular%20Season&TeamID=1610612741
2008,2007–08,2804,Andres Nocioni,0020700414,2007-12-26,CHI @ SAS,SAS,L,18.25,3,1,11,0,3,1,2,0,4,4,2,0,2,1,2,-25,-2.499999999999999,12.626262626262625,https://www.nba.com/stats/players/boxscores-traditional?Season=2007-08&SeasonType=Regular%20Season&TeamID=1610612741
2008,2007–08,201149,Joakim Noah,0020700414,2007-12-26,CHI @ SAS,SAS,L,6.333333333333333,0,0,1,0,0,0,0,0,1,1,1,0,1,0,0,-4,1.0,0.0,https://www.nba.com/stats/players/boxscores-traditional?Season=2007-08&SeasonType=Regular%20Season&TeamID=1610612741
2008,2007–08,201189,Aaron Gray,0020700414,2007-12-26,CHI @ SAS,SAS,L,7.6,3,1,2,0,0,1,2,1,0,1,0,0,0,1,3,-15,0.09999999999999964,52.083333333333336,https://www.nba.com/stats/players/boxscores-traditional?Season=2007-08&SeasonType=Regular%20Season&TeamID=1610612741
2008,2007–08,200757,Thabo Sefolosha,0020700414,2007-12-26,CHI @ SAS,SAS,L,3.8833333333333333,0,0,2,0,0,0,0,0,0,0,0,1,0,0,2,-4,-1.2,0.0,https://www.nba.com/stats/players/boxscores-traditional?Season=2007-08&SeasonType=Regular%20Season&TeamID=1610612741
2008,2007–08,200748,Tyrus Thomas,0020700414,2007-12-26,CHI @ SAS,SAS,L,6.1,0,0,2,0,0,0,0,0,2,2,0,0,0,0,0,-3,-0.7999999999999999,0.0,https://www.nba.com/stats/players/boxscores-traditional?Season=2007-08&SeasonType=Regular%20Season&TeamID=1610612741
2008,2007–08,1559,Adrian Griffin,0020700414,2007-12-26,CHI @ SAS,SAS,L,10.183333333333334,0,0,2,0,0,0,0,0,0,0,1,0,0,0,1,-4,-1.1,0.0,https://www.nba.com/stats/players/boxscores-traditional?Season=2007-08&SeasonType=Regular%20Season&TeamID=1610612741
2008,2007–08,2550,Kirk Hinrich,0020700396,2007-12-22,CHI vs. HOU,HOU,L,37.36666666666667,22,10,19,2,5,0,0,0,4,4,4,2,0,1,4,-14,16.099999999999998,57.89473684210527,https://www.nba.com/stats/players/boxscores-traditional?Season=2007-08&SeasonType=Regular%20Season&TeamID=1610612741
2008,2007–08,2736,Luol Deng,0020700396,2007-12-22,CHI vs. HOU,HOU,L,35.65,21,9,17,0,0,3,3,2,5,7,5,0,1,1,1,-14,18.400000000000002,57.314410480349345,https://www.nba.com/stats/players/boxscores-traditional?Season=2007-08&SeasonType=Regular%20Season&TeamID=1610612741
2008,2007–08,693,Joe Smith,0020700396,2007-12-22,CHI vs. HOU,HOU,L,28.083333333333332,16,6,10,0,0,4,5,2,4,6,2,0,2,0,2,-1,15.599999999999998,65.57377049180329,https://www.nba.com/stats/players/boxscores-traditional?Season=2007-08&SeasonType=Regular%20Season&TeamID=1610612741
2008,2007–08,2732,Ben Gordon,0020700396,2007-12-22,CHI vs. HOU,HOU,L,36.766666666666666,18,7,17,2,4,2,3,0,0,0,3,2,0,2,3,-23,9.400000000000002,49.12663755458515,https://www.nba.com/stats/players/boxscores-traditional?Season=2007-08&SeasonType=Regular%20Season&TeamID=1610612741
2008,2007–08,1112,Ben Wallace,0020700396,2007-12-22,CHI vs. HOU,HOU,L,27.95,0,0,4,0,0,0,0,4,1,5,4,1,3,1,2,-11,4.3999999999999995,0.0,https://www.nba.com/stats/players/boxscores-traditional?Season=2007-08&SeasonType=Regular%20Season&TeamID=1610612741
2008,2007–08,201149,Joakim Noah,0020700396,2007-12-22,CHI vs. HOU,HOU,L,13.283333333333333,6,2,5,0,0,2,2,2,1,3,0,0,1,0,2,-2,4.8999999999999995,51.02040816326531,https://www.nba.com/stats/players/boxscores-traditional?Season=2007-08&SeasonType=Regular%20Season&TeamID=1610612741
2008,2007–08,1559,Adrian Griffin,0020700396,2007-12-22,CHI vs. HOU,HOU,L,5.233333333333333,4,2,2,0,0,0,0,2,1,3,1,1,0,1,1,6,5.3999999999999995,100.0,https://www.nba.com/stats/players/boxscores-traditional?Season=2007-08&SeasonType=Regular%20Season&TeamID=1610612741
2008,2007–08,2804,Andres Nocioni,0020700396,2007-12-22,CHI vs. HOU,HOU,L,10.966666666666667,4,2,7,0,2,0,0,0,3,3,1,0,0,2,0,-11,-0.4999999999999998,28.57142857142857,https://www.nba.com/stats/players/boxscores-traditional?Season=2007-08&SeasonType=Regular%20Season&TeamID=1610612741
2008,2007–08,200757,Thabo Sefolosha,0020700396,2007-12-22,CHI vs. HOU,HOU,L,5.233333333333333,4,2,3,0,0,0,0,0,1,1,1,0,0,0,1,6,3.3000000000000003,66.66666666666666,https://www.nba.com/stats/players/boxscores-traditional?Season=2007-08&SeasonType=Regular%20Season&TeamID=1610612741
2008,2007–08,2768,Chris Duhon,0020700396,2007-12-22,CHI vs. HOU,HOU,L,21.15,3,1,2,1,2,0,0,0,0,0,2,0,0,1,0,-12,2.4,75.0,https://www.nba.com/stats/players/boxscores-traditional?Season=2007-08&SeasonType=Regular%20Season&TeamID=1610612741
2008,2007–08,201189,Aaron Gray,0020700396,2007-12-22,CHI vs. HOU,HOU,L,12.0,0,0,4,0,0,0,0,0,2,2,1,0,1,2,3,1,-4.0,0.0,https://www.nba.com/stats/players/boxscores-traditional?Season=2007-08&SeasonType=Regular%20Season&TeamID=1610612741
2008,2007–08,200748,Tyrus Thomas,0020700396,2007-12-22,CHI vs. HOU,HOU,L,6.316666666666666,0,0,0,0,0,0,0,0,0,0,0,0,0,1,0,-15,-1.0,0.0,https://www.nba.com/stats/players/boxscores-traditional?Season=2007-08&SeasonType=Regular%20Season&TeamID=1610612741
2008,2007–08,201189,Aaron Gray,0020700381,2007-12-21,CHI @ BOS,BOS,L,28.183333333333334,14,6,11,0,0,2,4,4,2,6,2,1,1,1,3,-9,12.2,54.858934169278996,https://www.nba.com/stats/players/boxscores-traditional?Season=2007-08&SeasonType=Regular%20Season&TeamID=1610612741
2008,2007–08,2732,Ben Gordon,0020700381,2007-12-21,CHI @ BOS,BOS,L,31.013333333333332,19,5,12,2,4,7,8,0,0,0,0,2,0,1,4,-15,11.600000000000001,61.21134020618557,https://www.nba.com/stats/players/boxscores-traditional?Season=2007-08&SeasonType=Regular%20Season&TeamID=1610612741
2008,2007–08,200748,Tyrus Thomas,0020700381,2007-12-21,CHI @ BOS,BOS,L,16.083333333333332,7,2,5,0,0,3,4,1,8,9,2,0,1,3,5,-4,4.1,51.77514792899408,https://www.nba.com/stats/players/boxscores-traditional?Season=2007-08&SeasonType=Regular%20Season&TeamID=1610612741
2008,2007–08,2768,Chris Duhon,0020700381,2007-12-21,CHI @ BOS,BOS,L,29.266666666666666,10,3,7,1,3,3,4,1,2,3,4,0,0,2,3,-15,6.800000000000001,57.077625570776256,https://www.nba.com/stats/players/boxscores-traditional?Season=2007-08&SeasonType=Regular%20Season&TeamID=1610612741
2008,2007–08,2736,Luol Deng,0020700381,2007-12-21,CHI @ BOS,BOS,L,25.971666666666668,8,3,10,0,0,2,4,1,4,5,2,0,1,3,3,-19,1.1999999999999993,34.01360544217687,https://www.nba.com/stats/players/boxscores-traditional?Season=2007-08&SeasonType=Regular%20Season&TeamID=1610612741
2008,2007–08,2804,Andres Nocioni,0020700381,2007-12-21,CHI @ BOS,BOS,L,16.045,8,2,6,1,3,3,4,1,1,2,0,1,0,2,3,-8,3.000000000000001,51.54639175257733,https://www.nba.com/stats/players/boxscores-traditional?Season=2007-08&SeasonType=Regular%20Season&TeamID=1610612741
2008,2007–08,201149,Joakim Noah,0020700381,2007-12-21,CHI @ BOS,BOS,L,14.533333333333333,5,2,4,0,0,1,4,3,1,4,0,1,0,2,3,-14,1.9999999999999991,43.40277777777778,https://www.nba.com/stats/players/boxscores-traditional?Season=2007-08&SeasonType=Regular%20Season&TeamID=1610612741
2008,2007–08,2751,Viktor Khryapa,0020700381,2007-12-21,CHI @ BOS,BOS,L,12.0,3,0,5,0,0,3,4,1,3,4,1,1,0,0,3,-5,1.1999999999999993,22.189349112426036,https://www.nba.com/stats/players/boxscores-traditional?Season=2007-08&SeasonType=Regular%20Season&TeamID=1610612741
2008,2007–08,1559,Adrian Griffin,0020700381,2007-12-21,CHI @ BOS,BOS,L,6.8,2,1,4,0,0,0,0,1,1,2,1,1,0,0,0,-1,2.3,25.0,https://www.nba.com/stats/players/boxscores-traditional?Season=2007-08&SeasonType=Regular%20Season&TeamID=1610612741
2008,2007–08,200757,Thabo Sefolosha,0020700381,2007-12-21,CHI @ BOS,BOS,L,19.653333333333332,2,1,5,0,0,0,0,1,2,3,0,1,0,3,1,-12,-2.2,20.0,https://www.nba.com/stats/players/boxscores-traditional?Season=2007-08&SeasonType=Regular%20Season&TeamID=1610612741
2008,2007–08,693,Joe Smith,0020700381,2007-12-21,CHI @ BOS,BOS,L,17.4,2,1,2,0,0,0,0,0,1,1,1,1,0,0,1,-3,2.6,50.0,https://www.nba.com/stats/players/boxscores-traditional?Season=2007-08&SeasonType=Regular%20Season&TeamID=1610612741
2008,2007–08,2550,Kirk Hinrich,0020700381,2007-12-21,CHI @ BOS,BOS,L,23.05,2,1,5,0,1,0,0,0,1,1,2,0,0,4,1,-20,-3.8000000000000003,20.0,https://www.nba.com/stats/players/boxscores-traditional?Season=2007-08&SeasonType=Regular%20Season&TeamID=1610612741
2008,2007–08,2732,Ben Gordon,0020700365,2007-12-19,CHI @ WAS,WAS,W,36.15,22,6,16,3,5,7,7,2,4,6,6,1,0,0,1,12,20.599999999999998,57.65199161425577,https://www.nba.com/stats/players/boxscores-traditional?Season=2007-08&SeasonType=Regular%20Season&TeamID=1610612741
2008,2007–08,200748,Tyrus Thomas,0020700365,2007-12-19,CHI @ WAS,WAS,W,27.433333333333334,14,6,13,0,0,2,2,0,6,6,2,2,3,1,3,15,12.399999999999999,50.43227665706051,https://www.nba.com/stats/players/boxscores-traditional?Season=2007-08&SeasonType=Regular%20Season&TeamID=1610612741
2008,2007–08,2736,Luol Deng,0020700365,2007-12-19,CHI @ WAS,WAS,W,35.505,20,9,19,0,0,2,4,3,2,5,1,1,0,3,0,11,10.9,48.169556840077064,https://www.nba.com/stats/players/boxscores-traditional?Season=2007-08&SeasonType=Regular%20Season&TeamID=1610612741
2008,2007–08,2550,Kirk Hinrich,0020700365,2007-12-19,CHI @ WAS,WAS,W,39.483333333333334,8,3,9,2,4,0,0,1,5,6,4,3,0,2,3,1,7.699999999999999,44.44444444444444,https://www.nba.com/stats/players/boxscores-traditional?Season=2007-08&SeasonType=Regular%20Season&TeamID=1610612741
2008,2007–08,201189,Aaron Gray,0020700365,2007-12-19,CHI @ WAS,WAS,W,29.033333333333335,10,4,6,0,0,2,4,2,8,10,5,0,0,2,2,18,11.1,64.43298969072166,https://www.nba.com/stats/players/boxscores-traditional?Season=2007-08&SeasonType=Regular%20Season&TeamID=1610612741
2008,2007–08,693,Joe Smith,0020700365,2007-12-19,CHI @ WAS,WAS,W,14.25,6,2,7,0,0,2,2,0,3,3,0,1,1,0,1,-10,4.1,38.07106598984772,https://www.nba.com/stats/players/boxscores-traditional?Season=2007-08&SeasonType=Regular%20Season&TeamID=1610612741
2008,2007–08,2768,Chris Duhon,0020700365,2007-12-19,CHI @ WAS,WAS,W,19.966666666666665,5,2,4,0,2,1,2,2,3,5,3,0,0,2,0,9,5.0,51.229508196721305,https://www.nba.com/stats/players/boxscores-traditional?Season=2007-08&SeasonType=Regular%20Season&TeamID=1610612741
2008,2007–08,2804,Andres Nocioni,0020700365,2007-12-19,CHI @ WAS,WAS,W,29.761666666666667,8,4,12,0,3,0,0,1,1,2,0,0,0,2,2,-12,-0.599999999999999,33.33333333333333,https://www.nba.com/stats/players/boxscores-traditional?Season=2007-08&SeasonType=Regular%20Season&TeamID=1610612741
2008,2007–08,201149,Joakim Noah,0020700365,2007-12-19,CHI @ WAS,WAS,W,8.016666666666667,2,1,3,0,0,0,0,2,2,4,0,1,0,0,0,11,3.3000000000000003,33.33333333333333,https://www.nba.com/stats/players/boxscores-traditional?Season=2007-08&SeasonType=Regular%20Season&TeamID=1610612741
2008,2007–08,200757,Thabo Sefolosha,0020700365,2007-12-19,CHI @ WAS,WAS,W,0.4,0,0,0,0,0,0,0,0,0,0,0,0,0,0,0,0,0.0,0.0,https://www.nba.com/stats/players/boxscores-traditional?Season=2007-08&SeasonType=Regular%20Season&TeamID=1610612741
2008,2007–08,2736,Luol Deng,0020700363,2007-12-18,CHI vs. LAL,LAL,L,38.63333333333333,26,11,21,1,2,3,4,0,7,7,2,0,1,2,0,-13,17.499999999999996,57.11775043936731,https://www.nba.com/stats/players/boxscores-traditional?Season=2007-08&SeasonType=Regular%20Season&TeamID=1610612741
2008,2007–08,2550,Kirk Hinrich,0020700363,2007-12-18,CHI vs. LAL,LAL,L,36.53333333333333,17,7,16,0,4,3,5,0,5,5,8,1,1,6,5,-10,8.600000000000001,46.7032967032967,https://www.nba.com/stats/players/boxscores-traditional?Season=2007-08&SeasonType=Regular%20Season&TeamID=1610612741
2008,2007–08,200748,Tyrus Thomas,0020700363,2007-12-18,CHI vs. LAL,LAL,L,22.8,10,4,5,0,0,2,2,3,3,6,4,2,3,3,2,4,14.2,85.03401360544218,https://www.nba.com/stats/players/boxscores-traditional?Season=2007-08&SeasonType=Regular%20Season&TeamID=1610612741
2008,2007–08,2804,Andres Nocioni,0020700363,2007-12-18,CHI vs. LAL,LAL,L,26.333333333333332,14,5,10,1,4,3,4,0,7,7,1,0,0,2,4,-11,7.799999999999999,59.523809523809526,https://www.nba.com/stats/players/boxscores-traditional?Season=2007-08&SeasonType=Regular%20Season&TeamID=1610612741
2008,2007–08,201189,Aaron Gray,0020700363,2007-12-18,CHI vs. LAL,LAL,L,19.883333333333333,8,4,8,0,0,0,1,3,3,6,3,1,0,1,4,-4,7.1,47.39336492890995,https://www.nba.com/stats/players/boxscores-traditional?Season=2007-08&SeasonType=Regular%20Season&TeamID=1610612741
2008,2007–08,1112,Ben Wallace,0020700363,2007-12-18,CHI vs. LAL,LAL,L,28.116666666666667,2,1,3,0,0,0,0,1,4,5,4,1,2,1,3,-8,5.2,33.33333333333333,https://www.nba.com/stats/players/boxscores-traditional?Season=2007-08&SeasonType=Regular%20Season&TeamID=1610612741
2008,2007–08,2732,Ben Gordon,0020700363,2007-12-18,CHI vs. LAL,LAL,L,32.38333333333333,8,3,9,1,2,1,1,0,1,1,2,0,0,3,2,-13,0.7999999999999998,42.37288135593221,https://www.nba.com/stats/players/boxscores-traditional?Season=2007-08&SeasonType=Regular%20Season&TeamID=1610612741
2008,2007–08,2768,Chris Duhon,0020700363,2007-12-18,CHI vs. LAL,LAL,L,19.133333333333333,2,1,2,0,0,0,0,0,3,3,2,0,0,0,1,2,2.9,50.0,https://www.nba.com/stats/players/boxscores-traditional?Season=2007-08&SeasonType=Regular%20Season&TeamID=1610612741
2008,2007–08,693,Joe Smith,0020700363,2007-12-18,CHI vs. LAL,LAL,L,12.933333333333334,4,2,5,0,0,0,0,0,1,1,0,0,0,0,1,-6,1.1999999999999997,40.0,https://www.nba.com/stats/players/boxscores-traditional?Season=2007-08&SeasonType=Regular%20Season&TeamID=1610612741
2008,2007–08,1559,Adrian Griffin,0020700363,2007-12-18,CHI vs. LAL,LAL,L,1.1833333333333333,0,0,0,0,0,0,0,0,0,0,1,1,0,0,0,0,1.7,0.0,https://www.nba.com/stats/players/boxscores-traditional?Season=2007-08&SeasonType=Regular%20Season&TeamID=1610612741
2008,2007–08,200757,Thabo Sefolosha,0020700363,2007-12-18,CHI vs. LAL,LAL,L,2.066666666666667,0,0,0,0,0,0,0,0,0,0,0,0,0,0,0,-1,0.0,0.0,https://www.nba.com/stats/players/boxscores-traditional?Season=2007-08&SeasonType=Regular%20Season&TeamID=1610612741
2008,2007–08,2550,Kirk Hinrich,0020700335,2007-12-14,CHI vs. NYK,NYK,W,46.36666666666667,15,5,12,1,5,4,4,2,10,12,14,2,3,4,2,3,22.099999999999998,54.50581395348837,https://www.nba.com/stats/players/boxscores-traditional?Season=2007-08&SeasonType=Regular%20Season&TeamID=1610612741
2008,2007–08,2736,Luol Deng,0020700335,2007-12-14,CHI vs. NYK,NYK,W,43.63333333333333,29,13,19,0,0,3,4,0,10,10,2,0,1,3,2,2,21.800000000000004,69.84585741811175,https://www.nba.com/stats/players/boxscores-traditional?Season=2007-08&SeasonType=Regular%20Season&TeamID=1610612741
2008,2007–08,2804,Andres Nocioni,0020700335,2007-12-14,CHI vs. NYK,NYK,W,28.316666666666666,17,6,13,3,7,2,4,0,2,2,3,0,5,1,2,3,13.899999999999997,57.58807588075881,https://www.nba.com/stats/players/boxscores-traditional?Season=2007-08&SeasonType=Regular%20Season&TeamID=1610612741
2008,2007–08,1112,Ben Wallace,0020700335,2007-12-14,CHI vs. NYK,NYK,W,32.97666666666667,2,1,4,0,0,0,0,6,4,10,0,2,3,2,2,0,6.299999999999997,25.0,https://www.nba.com/stats/players/boxscores-traditional?Season=2007-08&SeasonType=Regular%20Season&TeamID=1610612741
2008,2007–08,201149,Joakim Noah,0020700335,2007-12-14,CHI vs. NYK,NYK,W,17.471666666666668,10,4,7,0,0,2,2,1,1,2,0,0,3,1,4,6,7.200000000000001,63.45177664974619,https://www.nba.com/stats/players/boxscores-traditional?Season=2007-08&SeasonType=Regular%20Season&TeamID=1610612741
2008,2007–08,2732,Ben Gordon,0020700335,2007-12-14,CHI vs. NYK,NYK,W,28.235,11,4,11,0,2,3,3,0,5,5,2,0,0,3,2,2,4.000000000000001,44.64285714285714,https://www.nba.com/stats/players/boxscores-traditional?Season=2007-08&SeasonType=Regular%20Season&TeamID=1610612741
2008,2007–08,2768,Chris Duhon,0020700335,2007-12-14,CHI vs. NYK,NYK,W,21.683333333333334,9,2,5,1,2,4,4,0,0,0,4,1,0,0,2,7,9.3,66.56804733727812,https://www.nba.com/stats/players/boxscores-traditional?Season=2007-08&SeasonType=Regular%20Season&TeamID=1610612741
2008,2007–08,693,Joe Smith,0020700335,2007-12-14,CHI vs. NYK,NYK,W,21.316666666666666,8,4,12,0,0,0,0,3,2,5,1,0,0,1,1,2,3.2,33.33333333333333,https://www.nba.com/stats/players/boxscores-traditional?Season=2007-08&SeasonType=Regular%20Season&TeamID=1610612741
2008,2007–08,693,Joe Smith,0020700317,2007-12-12,CHI @ IND,IND,L,21.7,16,7,14,0,0,2,2,3,2,5,3,2,0,0,3,-3,14.600000000000001,53.76344086021505,https://www.nba.com/stats/players/boxscores-traditional?Season=2007-08&SeasonType=Regular%20Season&TeamID=1610612741
2008,2007–08,2732,Ben Gordon,0020700317,2007-12-12,CHI @ IND,IND,L,38.56666666666667,18,7,21,0,3,4,4,0,5,5,1,1,0,1,2,-18,7.5,39.54305799648506,https://www.nba.com/stats/players/boxscores-traditional?Season=2007-08&SeasonType=Regular%20Season&TeamID=1610612741
2008,2007–08,2736,Luol Deng,0020700317,2007-12-12,CHI @ IND,IND,L,33.15,15,5,15,0,0,5,5,3,4,7,0,1,0,1,4,-18,8.2,43.604651162790695,https://www.nba.com/stats/players/boxscores-traditional?Season=2007-08&SeasonType=Regular%20Season&TeamID=1610612741
2008,2007–08,2550,Kirk Hinrich,0020700317,2007-12-12,CHI @ IND,IND,L,28.033333333333335,11,4,6,0,1,3,3,0,1,1,8,1,0,0,4,-8,13.700000000000001,75.13661202185791,https://www.nba.com/stats/players/boxscores-traditional?Season=2007-08&SeasonType=Regular%20Season&TeamID=1610612741
2008,2007–08,201149,Joakim Noah,0020700317,2007-12-12,CHI @ IND,IND,L,14.116666666666667,9,2,5,0,0,5,5,2,2,4,1,0,1,1,1,-3,8.299999999999999,62.5,https://www.nba.com/stats/players/boxscores-traditional?Season=2007-08&SeasonType=Regular%20Season&TeamID=1610612741
2008,2007–08,1112,Ben Wallace,0020700317,2007-12-12,CHI @ IND,IND,L,25.116666666666667,0,0,3,0,0,0,0,3,3,6,2,1,2,0,2,-15,3.8999999999999995,0.0,https://www.nba.com/stats/players/boxscores-traditional?Season=2007-08&SeasonType=Regular%20Season&TeamID=1610612741
2008,2007–08,2804,Andres Nocioni,0020700317,2007-12-12,CHI @ IND,IND,L,21.45,11,4,9,2,4,1,1,0,0,0,1,0,0,4,4,-18,1.4000000000000004,58.26271186440678,https://www.nba.com/stats/players/boxscores-traditional?Season=2007-08&SeasonType=Regular%20Season&TeamID=1610612741
2008,2007–08,2768,Chris Duhon,0020700317,2007-12-12,CHI @ IND,IND,L,25.483333333333334,4,1,3,0,0,2,2,1,1,2,4,1,0,4,1,-9,2.7,51.54639175257733,https://www.nba.com/stats/players/boxscores-traditional?Season=2007-08&SeasonType=Regular%20Season&TeamID=1610612741
2008,2007–08,200748,Tyrus Thomas,0020700317,2007-12-12,CHI @ IND,IND,L,9.05,8,4,6,0,0,0,0,2,1,3,0,0,0,0,0,12,7.1000000000000005,66.66666666666666,https://www.nba.com/stats/players/boxscores-traditional?Season=2007-08&SeasonType=Regular%20Season&TeamID=1610612741
2008,2007–08,200757,Thabo Sefolosha,0020700317,2007-12-12,CHI @ IND,IND,L,8.866666666666667,5,2,3,1,2,0,0,0,2,2,0,1,0,0,0,3,5.3,83.33333333333334,https://www.nba.com/stats/players/boxscores-traditional?Season=2007-08&SeasonType=Regular%20Season&TeamID=1610612741
2008,2007–08,201189,Aaron Gray,0020700317,2007-12-12,CHI @ IND,IND,L,9.2,3,1,3,0,0,1,2,0,1,1,3,0,1,0,1,-1,3.6,38.659793814432994,https://www.nba.com/stats/players/boxscores-traditional?Season=2007-08&SeasonType=Regular%20Season&TeamID=1610612741
2008,2007–08,1559,Adrian Griffin,0020700317,2007-12-12,CHI @ IND,IND,L,5.266666666666667,2,1,1,0,0,0,0,0,1,1,0,0,0,1,0,3,1.0,100.0,https://www.nba.com/stats/players/boxscores-traditional?Season=2007-08&SeasonType=Regular%20Season&TeamID=1610612741
2008,2007–08,2732,Ben Gordon,0020700311,2007-12-11,CHI vs. SEA,SEA,W,35.25,27,12,19,3,6,0,0,1,4,5,6,0,0,0,1,20,24.2,71.05263157894737,https://www.nba.com/stats/players/boxscores-traditional?Season=2007-08&SeasonType=Regular%20Season&TeamID=1610612741
2008,2007–08,2550,Kirk Hinrich,0020700311,2007-12-11,CHI vs. SEA,SEA,W,29.966666666666665,15,5,9,3,4,2,2,0,6,6,8,2,0,0,4,22,18.5,75.91093117408906,https://www.nba.com/stats/players/boxscores-traditional?Season=2007-08&SeasonType=Regular%20Season&TeamID=1610612741
2008,2007–08,2736,Luol Deng,0020700311,2007-12-11,CHI vs. SEA,SEA,W,28.32,20,10,19,0,1,0,0,2,2,4,5,1,0,0,0,18,17.200000000000003,52.63157894736842,https://www.nba.com/stats/players/boxscores-traditional?Season=2007-08&SeasonType=Regular%20Season&TeamID=1610612741
2008,2007–08,200748,Tyrus Thomas,0020700311,2007-12-11,CHI vs. SEA,SEA,W,20.483333333333334,8,1,6,0,0,6,6,3,6,9,4,2,1,1,1,15,12.200000000000001,46.29629629629629,https://www.nba.com/stats/players/boxscores-traditional?Season=2007-08&SeasonType=Regular%20Season&TeamID=1610612741
2008,2007–08,693,Joe Smith,0020700311,2007-12-11,CHI vs. SEA,SEA,W,27.266666666666666,19,8,10,0,0,3,4,1,2,3,2,0,0,5,3,18,11.299999999999997,80.78231292517007,https://www.nba.com/stats/players/boxscores-traditional?Season=2007-08&SeasonType=Regular%20Season&TeamID=1610612741
2008,2007–08,1112,Ben Wallace,0020700311,2007-12-11,CHI vs. SEA,SEA,W,24.3,4,2,5,0,0,0,0,2,5,7,1,0,1,1,0,17,4.6,40.0,https://www.nba.com/stats/players/boxscores-traditional?Season=2007-08&SeasonType=Regular%20Season&TeamID=1610612741
2008,2007–08,1559,Adrian Griffin,0020700311,2007-12-11,CHI vs. SEA,SEA,W,12.0,6,3,5,0,0,0,0,1,1,2,3,1,0,1,0,3,6.8,60.0,https://www.nba.com/stats/players/boxscores-traditional?Season=2007-08&SeasonType=Regular%20Season&TeamID=1610612741
2008,2007–08,201149,Joakim Noah,0020700311,2007-12-11,CHI vs. SEA,SEA,W,12.05,3,1,4,0,0,1,2,1,2,3,2,2,0,0,3,6,3.7,30.737704918032787,https://www.nba.com/stats/players/boxscores-traditional?Season=2007-08&SeasonType=Regular%20Season&TeamID=1610612741
2008,2007–08,200757,Thabo Sefolosha,0020700311,2007-12-11,CHI vs. SEA,SEA,W,14.4,5,2,4,0,0,1,2,0,1,1,1,2,0,0,1,2,5.2,51.229508196721305,https://www.nba.com/stats/players/boxscores-traditional?Season=2007-08&SeasonType=Regular%20Season&TeamID=1610612741
2008,2007–08,2768,Chris Duhon,0020700311,2007-12-11,CHI vs. SEA,SEA,W,16.383333333333333,6,2,4,2,3,0,0,0,2,2,1,0,0,0,2,10,4.5,75.0,https://www.nba.com/stats/players/boxscores-traditional?Season=2007-08&SeasonType=Regular%20Season&TeamID=1610612741
2008,2007–08,2804,Andres Nocioni,0020700311,2007-12-11,CHI vs. SEA,SEA,W,11.246666666666666,8,4,7,0,2,0,0,0,2,2,1,0,0,2,1,5,3.5999999999999996,57.14285714285714,https://www.nba.com/stats/players/boxscores-traditional?Season=2007-08&SeasonType=Regular%20Season&TeamID=1610612741
2008,2007–08,201189,Aaron Gray,0020700311,2007-12-11,CHI vs. SEA,SEA,W,8.333333333333334,2,1,3,0,0,0,0,0,0,0,1,0,1,1,1,-1,0.30000000000000027,33.33333333333333,https://www.nba.com/stats/players/boxscores-traditional?Season=2007-08&SeasonType=Regular%20Season&TeamID=1610612741
2008,2007–08,2550,Kirk Hinrich,0020700291,2007-12-08,CHI vs. BOS,BOS,L,43.22833333333333,16,5,11,2,4,4,4,0,3,3,6,3,0,1,5,-5,15.399999999999999,62.695924764890286,https://www.nba.com/stats/players/boxscores-traditional?Season=2007-08&SeasonType=Regular%20Season&TeamID=1610612741
2008,2007–08,1112,Ben Wallace,0020700291,2007-12-08,CHI vs. BOS,BOS,L,40.556666666666665,8,3,7,0,0,2,3,4,10,14,3,0,2,1,3,-12,11.0,48.07692307692307,https://www.nba.com/stats/players/boxscores-traditional?Season=2007-08&SeasonType=Regular%20Season&TeamID=1610612741
2008,2007–08,2736,Luol Deng,0020700291,2007-12-08,CHI vs. BOS,BOS,L,40.955,15,6,17,0,0,3,5,4,3,7,4,1,0,2,0,-7,10.2,39.0625,https://www.nba.com/stats/players/boxscores-traditional?Season=2007-08&SeasonType=Regular%20Season&TeamID=1610612741
2008,2007–08,2804,Andres Nocioni,0020700291,2007-12-08,CHI vs. BOS,BOS,L,24.321666666666665,18,8,19,1,7,1,1,1,2,3,1,2,0,3,4,-5,7.299999999999999,46.29629629629629,https://www.nba.com/stats/players/boxscores-traditional?Season=2007-08&SeasonType=Regular%20Season&TeamID=1610612741
2008,2007–08,2732,Ben Gordon,0020700291,2007-12-08,CHI vs. BOS,BOS,L,39.016666666666666,13,5,20,0,4,3,5,1,2,3,2,1,1,2,1,-23,2.1999999999999993,29.27927927927928,https://www.nba.com/stats/players/boxscores-traditional?Season=2007-08&SeasonType=Regular%20Season&TeamID=1610612741
2008,2007–08,693,Joe Smith,0020700291,2007-12-08,CHI vs. BOS,BOS,L,21.333333333333332,10,4,10,0,0,2,2,2,2,4,1,0,0,0,3,-10,6.1,45.955882352941174,https://www.nba.com/stats/players/boxscores-traditional?Season=2007-08&SeasonType=Regular%20Season&TeamID=1610612741
2008,2007–08,200757,Thabo Sefolosha,0020700291,2007-12-08,CHI vs. BOS,BOS,L,4.711666666666667,0,0,0,0,0,0,0,0,0,0,1,1,0,0,1,0,1.2999999999999998,0.0,https://www.nba.com/stats/players/boxscores-traditional?Season=2007-08&SeasonType=Regular%20Season&TeamID=1610612741
2008,2007–08,2768,Chris Duhon,0020700291,2007-12-08,CHI vs. BOS,BOS,L,13.755,1,0,1,0,1,1,2,0,0,0,2,0,0,0,0,6,1.2999999999999998,26.595744680851062,https://www.nba.com/stats/players/boxscores-traditional?Season=2007-08&SeasonType=Regular%20Season&TeamID=1610612741
2008,2007–08,201149,Joakim Noah,0020700291,2007-12-08,CHI vs. BOS,BOS,L,12.121666666666666,0,0,1,0,0,0,0,1,2,3,0,0,0,0,1,1,0.19999999999999996,0.0,https://www.nba.com/stats/players/boxscores-traditional?Season=2007-08&SeasonType=Regular%20Season&TeamID=1610612741
2008,2007–08,1112,Ben Wallace,0020700279,2007-12-07,CHI @ DET,DET,W,36.165,10,1,3,0,0,8,9,7,6,13,4,1,4,1,2,1,19.400000000000002,71.83908045977012,https://www.nba.com/stats/players/boxscores-traditional?Season=2007-08&SeasonType=Regular%20Season&TeamID=1610612741
2008,2007–08,2804,Andres Nocioni,0020700279,2007-12-07,CHI @ DET,DET,W,26.183333333333334,22,7,14,2,6,6,7,0,3,3,5,1,0,2,2,3,17.2,64.40281030444966,https://www.nba.com/stats/players/boxscores-traditional?Season=2007-08&SeasonType=Regular%20Season&TeamID=1610612741
2008,2007–08,2736,Luol Deng,0020700279,2007-12-07,CHI @ DET,DET,W,38.733333333333334,17,8,16,0,0,1,2,1,8,9,1,0,0,1,4,12,9.799999999999999,50.355450236966824,https://www.nba.com/stats/players/boxscores-traditional?Season=2007-08&SeasonType=Regular%20Season&TeamID=1610612741
2008,2007–08,2550,Kirk Hinrich,0020700279,2007-12-07,CHI @ DET,DET,W,42.1,9,4,11,1,2,0,0,0,6,6,6,0,0,3,4,12,4.299999999999999,40.909090909090914,https://www.nba.com/stats/players/boxscores-traditional?Season=2007-08&SeasonType=Regular%20Season&TeamID=1610612741
2008,2007–08,693,Joe Smith,0020700279,2007-12-07,CHI @ DET,DET,W,26.25,6,3,11,0,0,0,0,8,6,14,0,0,0,1,3,0,4.7,27.27272727272727,https://www.nba.com/stats/players/boxscores-traditional?Season=2007-08&SeasonType=Regular%20Season&TeamID=1610612741
2008,2007–08,2768,Chris Duhon,0020700279,2007-12-07,CHI @ DET,DET,W,30.1,12,5,8,2,4,0,0,0,2,2,1,1,0,1,2,9,8.899999999999999,75.0,https://www.nba.com/stats/players/boxscores-traditional?Season=2007-08&SeasonType=Regular%20Season&TeamID=1610612741
2008,2007–08,201149,Joakim Noah,0020700279,2007-12-07,CHI @ DET,DET,W,16.216666666666665,11,4,7,0,0,3,4,1,1,2,0,1,1,0,1,4,9.6,62.78538812785388,https://www.nba.com/stats/players/boxscores-traditional?Season=2007-08&SeasonType=Regular%20Season&TeamID=1610612741
2008,2007–08,2732,Ben Gordon,0020700279,2007-12-07,CHI @ DET,DET,W,24.251666666666665,11,3,10,1,2,4,4,0,2,2,0,0,0,0,4,-6,4.199999999999999,46.7687074829932,https://www.nba.com/stats/players/boxscores-traditional?Season=2007-08&SeasonType=Regular%20Season&TeamID=1610612741
2008,2007–08,2736,Luol Deng,0020700265,2007-12-05,CHI @ CHA,CHA,W,42.9,30,10,17,0,0,10,13,1,4,5,0,1,0,3,3,14,19.6,66.02112676056339,https://www.nba.com/stats/players/boxscores-traditional?Season=2007-08&SeasonType=Regular%20Season&TeamID=1610612741
2008,2007–08,2804,Andres Nocioni,0020700265,2007-12-05,CHI @ CHA,CHA,W,28.06,15,6,12,2,4,1,2,1,10,11,4,0,0,2,4,17,11.499999999999998,58.22981366459628,https://www.nba.com/stats/players/boxscores-traditional?Season=2007-08&SeasonType=Regular%20Season&TeamID=1610612741
2008,2007–08,2732,Ben Gordon,0020700265,2007-12-05,CHI @ CHA,CHA,W,34.31,13,5,11,2,5,1,1,0,4,4,5,2,0,3,5,13,9.0,56.81818181818182,https://www.nba.com/stats/players/boxscores-traditional?Season=2007-08&SeasonType=Regular%20Season&TeamID=1610612741
2008,2007–08,2768,Chris Duhon,0020700265,2007-12-05,CHI @ CHA,CHA,W,35.583333333333336,12,4,7,0,1,4,5,2,3,5,9,0,0,3,1,19,13.5,65.21739130434783,https://www.nba.com/stats/players/boxscores-traditional?Season=2007-08&SeasonType=Regular%20Season&TeamID=1610612741
2008,2007–08,693,Joe Smith,0020700265,2007-12-05,CHI @ CHA,CHA,W,27.216666666666665,11,4,9,0,0,3,4,2,3,5,3,0,0,3,2,-9,6.499999999999998,51.11524163568774,https://www.nba.com/stats/players/boxscores-traditional?Season=2007-08&SeasonType=Regular%20Season&TeamID=1610612741
2008,2007–08,201149,Joakim Noah,0020700265,2007-12-05,CHI @ CHA,CHA,W,23.066666666666666,8,3,4,0,0,2,2,0,2,2,0,2,1,2,5,16,5.699999999999999,81.9672131147541,https://www.nba.com/stats/players/boxscores-traditional?Season=2007-08&SeasonType=Regular%20Season&TeamID=1610612741
2008,2007–08,1112,Ben Wallace,0020700265,2007-12-05,CHI @ CHA,CHA,W,22.14,0,0,3,0,0,0,0,2,6,8,1,1,2,1,0,-12,3.1999999999999993,0.0,https://www.nba.com/stats/players/boxscores-traditional?Season=2007-08&SeasonType=Regular%20Season&TeamID=1610612741
2008,2007–08,200748,Tyrus Thomas,0020700265,2007-12-05,CHI @ CHA,CHA,W,6.083333333333333,2,1,2,0,0,0,0,0,2,2,0,0,0,1,1,-1,0.20000000000000018,50.0,https://www.nba.com/stats/players/boxscores-traditional?Season=2007-08&SeasonType=Regular%20Season&TeamID=1610612741
2008,2007–08,2550,Kirk Hinrich,0020700265,2007-12-05,CHI @ CHA,CHA,W,16.566666666666666,0,0,3,0,2,0,0,0,2,2,1,0,0,1,3,-13,-3.0,0.0,https://www.nba.com/stats/players/boxscores-traditional?Season=2007-08&SeasonType=Regular%20Season&TeamID=1610612741
2008,2007–08,200757,Thabo Sefolosha,0020700265,2007-12-05,CHI @ CHA,CHA,W,4.073333333333333,0,0,1,0,0,0,0,0,0,0,0,0,0,0,0,1,-0.7,0.0,https://www.nba.com/stats/players/boxscores-traditional?Season=2007-08&SeasonType=Regular%20Season&TeamID=1610612741
2008,2007–08,2804,Andres Nocioni,0020700253,2007-12-03,CHI vs. DAL,DAL,L,30.666666666666668,30,6,9,3,4,15,16,1,4,5,0,3,0,3,5,6,25.599999999999998,93.51620947630923,https://www.nba.com/stats/players/boxscores-traditional?Season=2007-08&SeasonType=Regular%20Season&TeamID=1610612741
2008,2007–08,2768,Chris Duhon,0020700253,2007-12-03,CHI vs. DAL,DAL,L,26.933333333333334,12,5,10,1,3,1,1,2,7,9,5,2,0,1,2,7,14.2,57.4712643678161,https://www.nba.com/stats/players/boxscores-traditional?Season=2007-08&SeasonType=Regular%20Season&TeamID=1610612741
2008,2007–08,2550,Kirk Hinrich,0020700253,2007-12-03,CHI vs. DAL,DAL,L,32.016666666666666,18,5,16,1,4,7,7,1,0,1,5,0,1,1,2,-4,11.899999999999999,47.169811320754725,https://www.nba.com/stats/players/boxscores-traditional?Season=2007-08&SeasonType=Regular%20Season&TeamID=1610612741
2008,2007–08,2736,Luol Deng,0020700253,2007-12-03,CHI vs. DAL,DAL,L,33.416666666666664,11,4,13,0,0,3,3,4,4,8,1,1,1,2,6,0,5.499999999999998,38.40782122905028,https://www.nba.com/stats/players/boxscores-traditional?Season=2007-08&SeasonType=Regular%20Season&TeamID=1610612741
2008,2007–08,2732,Ben Gordon,0020700253,2007-12-03,CHI vs. DAL,DAL,L,34.251666666666665,10,4,16,2,5,0,0,1,3,4,4,0,0,1,2,-14,3.0,31.25,https://www.nba.com/stats/players/boxscores-traditional?Season=2007-08&SeasonType=Regular%20Season&TeamID=1610612741
2008,2007–08,201149,Joakim Noah,0020700253,2007-12-03,CHI vs. DAL,DAL,L,14.383333333333333,7,2,7,0,0,3,4,5,2,7,0,1,1,1,2,-3,6.499999999999999,39.95433789954338,https://www.nba.com/stats/players/boxscores-traditional?Season=2007-08&SeasonType=Regular%20Season&TeamID=1610612741
2008,2007–08,1112,Ben Wallace,0020700253,2007-12-03,CHI vs. DAL,DAL,L,48.0,4,2,10,0,0,0,1,2,6,8,1,0,0,0,1,-5,0.8999999999999996,19.157088122605366,https://www.nba.com/stats/players/boxscores-traditional?Season=2007-08&SeasonType=Regular%20Season&TeamID=1610612741
2008,2007–08,200748,Tyrus Thomas,0020700253,2007-12-03,CHI vs. DAL,DAL,L,7.4,4,1,4,0,0,2,2,0,1,1,0,0,0,0,0,-8,1.9000000000000006,40.98360655737705,https://www.nba.com/stats/players/boxscores-traditional?Season=2007-08&SeasonType=Regular%20Season&TeamID=1610612741
2008,2007–08,200757,Thabo Sefolosha,0020700253,2007-12-03,CHI vs. DAL,DAL,L,9.031666666666666,0,0,0,0,0,0,0,0,1,1,1,0,0,0,2,-3,0.19999999999999996,0.0,https://www.nba.com/stats/players/boxscores-traditional?Season=2007-08&SeasonType=Regular%20Season&TeamID=1610612741
2008,2007–08,1559,Adrian Griffin,0020700253,2007-12-03,CHI vs. DAL,DAL,L,3.9,2,1,2,0,0,0,0,0,0,0,0,0,0,1,1,-1,-0.4,50.0,https://www.nba.com/stats/players/boxscores-traditional?Season=2007-08&SeasonType=Regular%20Season&TeamID=1610612741
2008,2007–08,2732,Ben Gordon,0020700239,2007-12-01,CHI vs. CHA,CHA,W,36.44833333333333,34,13,21,5,7,3,3,0,3,3,5,1,1,1,2,11,28.8,76.16487455197132,https://www.nba.com/stats/players/boxscores-traditional?Season=2007-08&SeasonType=Regular%20Season&TeamID=1610612741
2008,2007–08,1112,Ben Wallace,0020700239,2007-12-01,CHI vs. CHA,CHA,W,40.53333333333333,10,4,10,0,0,2,3,8,11,19,2,5,4,1,0,21,21.299999999999997,44.16961130742049,https://www.nba.com/stats/players/boxscores-traditional?Season=2007-08&SeasonType=Regular%20Season&TeamID=1610612741
2008,2007–08,2736,Luol Deng,0020700239,2007-12-01,CHI vs. CHA,CHA,W,34.185,29,13,21,0,0,3,3,6,1,7,1,1,0,4,2,15,20.900000000000002,64.96415770609319,https://www.nba.com/stats/players/boxscores-traditional?Season=2007-08&SeasonType=Regular%20Season&TeamID=1610612741
2008,2007–08,2804,Andres Nocioni,0020700239,2007-12-01,CHI vs. CHA,CHA,W,30.115,17,6,13,1,3,4,4,1,8,9,3,0,0,3,3,14,11.299999999999997,57.58807588075881,https://www.nba.com/stats/players/boxscores-traditional?Season=2007-08&SeasonType=Regular%20Season&TeamID=1610612741
2008,2007–08,2550,Kirk Hinrich,0020700239,2007-12-01,CHI vs. CHA,CHA,W,39.718333333333334,8,3,6,0,0,2,2,1,1,2,7,1,0,6,2,24,5.099999999999998,58.139534883720934,https://www.nba.com/stats/players/boxscores-traditional?Season=2007-08&SeasonType=Regular%20Season&TeamID=1610612741
2008,2007–08,200748,Tyrus Thomas,0020700239,2007-12-01,CHI vs. CHA,CHA,W,24.9,9,4,8,0,0,1,2,1,1,2,2,1,0,1,3,13,5.8,50.67567567567567,https://www.nba.com/stats/players/boxscores-traditional?Season=2007-08&SeasonType=Regular%20Season&TeamID=1610612741
2008,2007–08,2768,Chris Duhon,0020700239,2007-12-01,CHI vs. CHA,CHA,W,16.566666666666666,0,0,1,0,0,0,0,0,3,3,4,0,0,2,1,-1,0.6000000000000001,0.0,https://www.nba.com/stats/players/boxscores-traditional?Season=2007-08&SeasonType=Regular%20Season&TeamID=1610612741
2008,2007–08,693,Joe Smith,0020700239,2007-12-01,CHI vs. CHA,CHA,W,4.2,2,0,0,0,0,2,2,1,0,1,0,0,1,0,1,-3,3.0000000000000004,113.63636363636364,https://www.nba.com/stats/players/boxscores-traditional?Season=2007-08&SeasonType=Regular%20Season&TeamID=1610612741
2008,2007–08,201189,Aaron Gray,0020700239,2007-12-01,CHI vs. CHA,CHA,W,3.2666666666666666,2,1,1,0,0,0,0,0,1,1,0,0,0,1,2,-2,0.19999999999999996,100.0,https://www.nba.com/stats/players/boxscores-traditional?Season=2007-08&SeasonType=Regular%20Season&TeamID=1610612741
2008,2007–08,200757,Thabo Sefolosha,0020700239,2007-12-01,CHI vs. CHA,CHA,W,3.2666666666666666,0,0,0,0,0,0,0,0,0,0,0,0,1,1,0,-2,-0.30000000000000004,0.0,https://www.nba.com/stats/players/boxscores-traditional?Season=2007-08&SeasonType=Regular%20Season&TeamID=1610612741
2008,2007–08,201149,Joakim Noah,0020700239,2007-12-01,CHI vs. CHA,CHA,W,3.533333333333333,0,0,0,0,0,0,0,0,0,0,1,0,0,0,1,-8,0.29999999999999993,0.0,https://www.nba.com/stats/players/boxscores-traditional?Season=2007-08&SeasonType=Regular%20Season&TeamID=1610612741
2008,2007–08,1559,Adrian Griffin,0020700239,2007-12-01,CHI vs. CHA,CHA,W,3.2666666666666666,0,0,0,0,0,0,0,1,0,1,0,0,0,0,0,-2,0.7,0.0,https://www.nba.com/stats/players/boxscores-traditional?Season=2007-08&SeasonType=Regular%20Season&TeamID=1610612741
2008,2007–08,2736,Luol Deng,0020700208,2007-11-27,CHI vs. ATL,ATL,W,31.05,22,10,20,0,1,2,3,6,3,9,2,1,0,2,1,8,16.7,51.594746716697934,https://www.nba.com/stats/players/boxscores-traditional?Season=2007-08&SeasonType=Regular%20Season&TeamID=1610612741
2008,2007–08,2732,Ben Gordon,0020700208,2007-11-27,CHI vs. ATL,ATL,W,41.46666666666667,21,8,18,3,8,2,2,1,5,6,3,1,0,5,3,12,10.7,55.61440677966102,https://www.nba.com/stats/players/boxscores-traditional?Season=2007-08&SeasonType=Regular%20Season&TeamID=1610612741
2008,2007–08,1112,Ben Wallace,0020700208,2007-11-27,CHI vs. ATL,ATL,W,36.65833333333333,6,3,8,0,0,0,2,4,8,12,2,1,1,0,1,15,8.7,33.78378378378378,https://www.nba.com/stats/players/boxscores-traditional?Season=2007-08&SeasonType=Regular%20Season&TeamID=1610612741
2008,2007–08,200748,Tyrus Thomas,0020700208,2007-11-27,CHI vs. ATL,ATL,W,20.1,8,3,10,0,0,2,3,4,8,12,2,1,0,0,3,7,8.2,35.3356890459364,https://www.nba.com/stats/players/boxscores-traditional?Season=2007-08&SeasonType=Regular%20Season&TeamID=1610612741
2008,2007–08,201149,Joakim Noah,0020700208,2007-11-27,CHI vs. ATL,ATL,W,17.511666666666667,5,1,6,0,0,3,4,3,4,7,2,2,1,1,5,7,5.199999999999999,32.21649484536083,https://www.nba.com/stats/players/boxscores-traditional?Season=2007-08&SeasonType=Regular%20Season&TeamID=1610612741
2008,2007–08,2768,Chris Duhon,0020700208,2007-11-27,CHI vs. ATL,ATL,W,26.333333333333332,11,3,7,1,1,4,4,1,0,1,7,0,0,1,3,16,10.7,62.78538812785388,https://www.nba.com/stats/players/boxscores-traditional?Season=2007-08&SeasonType=Regular%20Season&TeamID=1610612741
2008,2007–08,2804,Andres Nocioni,0020700208,2007-11-27,CHI vs. ATL,ATL,W,20.78,11,4,6,1,1,2,2,1,7,8,0,0,0,2,4,6,7.6,79.94186046511628,https://www.nba.com/stats/players/boxscores-traditional?Season=2007-08&SeasonType=Regular%20Season&TeamID=1610612741
2008,2007–08,2550,Kirk Hinrich,0020700208,2007-11-27,CHI vs. ATL,ATL,W,16.766666666666666,4,2,7,0,1,0,0,0,0,0,3,0,0,2,4,-8,-1.6,28.57142857142857,https://www.nba.com/stats/players/boxscores-traditional?Season=2007-08&SeasonType=Regular%20Season&TeamID=1610612741
2008,2007–08,200757,Thabo Sefolosha,0020700208,2007-11-27,CHI vs. ATL,ATL,W,14.983333333333333,2,1,2,0,0,0,0,1,0,1,0,1,0,2,1,-2,0.30000000000000027,50.0,https://www.nba.com/stats/players/boxscores-traditional?Season=2007-08&SeasonType=Regular%20Season&TeamID=1610612741
2008,2007–08,693,Joe Smith,0020700208,2007-11-27,CHI vs. ATL,ATL,W,10.75,0,0,2,0,0,0,0,1,1,2,0,0,1,0,0,5,0.3,0.0,https://www.nba.com/stats/players/boxscores-traditional?Season=2007-08&SeasonType=Regular%20Season&TeamID=1610612741
2008,2007–08,201189,Aaron Gray,0020700208,2007-11-27,CHI vs. ATL,ATL,W,3.6,0,0,2,0,0,0,2,1,0,1,0,0,0,0,0,-6,-1.5000000000000002,0.0,https://www.nba.com/stats/players/boxscores-traditional?Season=2007-08&SeasonType=Regular%20Season&TeamID=1610612741
2008,2007–08,2736,Luol Deng,0020700192,2007-11-25,CHI @ TOR,TOR,L,37.333333333333336,21,7,18,1,1,6,8,4,5,9,3,1,0,4,2,-15,12.999999999999996,48.79182156133829,https://www.nba.com/stats/players/boxscores-traditional?Season=2007-08&SeasonType=Regular%20Season&TeamID=1610612741
2008,2007–08,2804,Andres Nocioni,0020700192,2007-11-25,CHI @ TOR,TOR,L,30.616666666666667,11,4,15,2,8,1,4,2,6,8,2,1,2,0,4,-7,6.300000000000001,32.81622911694511,https://www.nba.com/stats/players/boxscores-traditional?Season=2007-08&SeasonType=Regular%20Season&TeamID=1610612741
2008,2007–08,2732,Ben Gordon,0020700192,2007-11-25,CHI @ TOR,TOR,L,40.983333333333334,17,7,18,0,4,3,3,0,3,3,6,0,1,2,0,-5,11.0,43.99585921325052,https://www.nba.com/stats/players/boxscores-traditional?Season=2007-08&SeasonType=Regular%20Season&TeamID=1610612741
2008,2007–08,2550,Kirk Hinrich,0020700192,2007-11-25,CHI @ TOR,TOR,L,41.28333333333333,15,6,11,3,4,0,0,0,2,2,7,0,0,3,5,-3,10.2,68.18181818181817,https://www.nba.com/stats/players/boxscores-traditional?Season=2007-08&SeasonType=Regular%20Season&TeamID=1610612741
2008,2007–08,1112,Ben Wallace,0020700192,2007-11-25,CHI @ TOR,TOR,L,35.63333333333333,2,1,4,0,0,0,2,1,4,5,2,1,1,0,1,-14,3.4,20.491803278688526,https://www.nba.com/stats/players/boxscores-traditional?Season=2007-08&SeasonType=Regular%20Season&TeamID=1610612741
2008,2007–08,200748,Tyrus Thomas,0020700192,2007-11-25,CHI @ TOR,TOR,L,16.716666666666665,4,2,4,0,0,0,1,2,6,8,1,0,0,1,2,-6,3.7,45.04504504504504,https://www.nba.com/stats/players/boxscores-traditional?Season=2007-08&SeasonType=Regular%20Season&TeamID=1610612741
2008,2007–08,200757,Thabo Sefolosha,0020700192,2007-11-25,CHI @ TOR,TOR,L,14.266666666666667,2,1,5,0,0,0,0,1,4,5,0,1,1,0,0,-5,2.5,20.0,https://www.nba.com/stats/players/boxscores-traditional?Season=2007-08&SeasonType=Regular%20Season&TeamID=1610612741
2008,2007–08,693,Joe Smith,0020700192,2007-11-25,CHI @ TOR,TOR,L,11.7,4,2,3,0,0,0,0,0,4,4,0,0,0,2,1,1,1.5000000000000004,66.66666666666666,https://www.nba.com/stats/players/boxscores-traditional?Season=2007-08&SeasonType=Regular%20Season&TeamID=1610612741
2008,2007–08,2768,Chris Duhon,0020700192,2007-11-25,CHI @ TOR,TOR,L,10.133333333333333,2,0,1,0,0,2,2,0,0,0,1,1,0,0,0,-17,3.0,53.191489361702125,https://www.nba.com/stats/players/boxscores-traditional?Season=2007-08&SeasonType=Regular%20Season&TeamID=1610612741
2008,2007–08,201189,Aaron Gray,0020700192,2007-11-25,CHI @ TOR,TOR,L,0.6666666666666666,0,0,0,0,0,0,0,0,0,0,0,0,0,0,0,-2,0.0,0.0,https://www.nba.com/stats/players/boxscores-traditional?Season=2007-08&SeasonType=Regular%20Season&TeamID=1610612741
2008,2007–08,201149,Joakim Noah,0020700192,2007-11-25,CHI @ TOR,TOR,L,0.6666666666666666,0,0,0,0,0,0,0,0,0,0,0,0,0,0,0,-2,0.0,0.0,https://www.nba.com/stats/players/boxscores-traditional?Season=2007-08&SeasonType=Regular%20Season&TeamID=1610612741
2008,2007–08,2804,Andres Nocioni,0020700182,2007-11-24,CHI @ NYK,NYK,L,41.0,23,7,15,3,7,6,9,1,8,9,3,0,1,2,3,-2,16.799999999999997,60.654008438818565,https://www.nba.com/stats/players/boxscores-traditional?Season=2007-08&SeasonType=Regular%20Season&TeamID=1610612741
2008,2007–08,1112,Ben Wallace,0020700182,2007-11-24,CHI @ NYK,NYK,L,43.11666666666667,6,3,6,0,1,0,0,5,7,12,0,3,1,1,4,-6,9.700000000000001,50.0,https://www.nba.com/stats/players/boxscores-traditional?Season=2007-08&SeasonType=Regular%20Season&TeamID=1610612741
2008,2007–08,2550,Kirk Hinrich,0020700182,2007-11-24,CHI @ NYK,NYK,L,42.86666666666667,11,5,18,0,5,1,1,0,4,4,4,0,0,2,3,-2,1.2000000000000002,29.826464208242946,https://www.nba.com/stats/players/boxscores-traditional?Season=2007-08&SeasonType=Regular%20Season&TeamID=1610612741
2008,2007–08,2732,Ben Gordon,0020700182,2007-11-24,CHI @ NYK,NYK,L,36.67333333333333,13,4,17,1,2,4,4,0,3,3,1,0,0,5,4,-12,-2.2999999999999994,34.64818763326225,https://www.nba.com/stats/players/boxscores-traditional?Season=2007-08&SeasonType=Regular%20Season&TeamID=1610612741
2008,2007–08,200748,Tyrus Thomas,0020700182,2007-11-24,CHI @ NYK,NYK,L,16.966666666666665,7,2,9,0,0,3,4,1,3,4,1,1,1,1,5,0,2.1000000000000005,32.52788104089219,https://www.nba.com/stats/players/boxscores-traditional?Season=2007-08&SeasonType=Regular%20Season&TeamID=1610612741
2008,2007–08,693,Joe Smith,0020700182,2007-11-24,CHI @ NYK,NYK,L,15.865,11,5,12,0,0,1,1,2,3,5,0,0,0,0,4,-12,5.3000000000000025,44.21221864951769,https://www.nba.com/stats/players/boxscores-traditional?Season=2007-08&SeasonType=Regular%20Season&TeamID=1610612741
2008,2007–08,200757,Thabo Sefolosha,0020700182,2007-11-24,CHI @ NYK,NYK,L,18.55,2,1,4,0,0,0,0,1,2,3,1,1,0,0,3,-3,1.3999999999999995,25.0,https://www.nba.com/stats/players/boxscores-traditional?Season=2007-08&SeasonType=Regular%20Season&TeamID=1610612741
2008,2007–08,2768,Chris Duhon,0020700182,2007-11-24,CHI @ NYK,NYK,L,17.395,3,1,2,1,1,0,0,1,1,2,2,0,0,2,1,4,2.0,75.0,https://www.nba.com/stats/players/boxscores-traditional?Season=2007-08&SeasonType=Regular%20Season&TeamID=1610612741
2008,2007–08,201149,Joakim Noah,0020700182,2007-11-24,CHI @ NYK,NYK,L,6.583333333333333,2,1,1,0,0,0,0,0,0,0,1,0,0,1,2,-2,0.5999999999999999,100.0,https://www.nba.com/stats/players/boxscores-traditional?Season=2007-08&SeasonType=Regular%20Season&TeamID=1610612741
2008,2007–08,201189,Aaron Gray,0020700182,2007-11-24,CHI @ NYK,NYK,L,0.9833333333333333,0,0,0,0,0,0,0,0,0,0,0,0,0,0,0,0,0.0,0.0,https://www.nba.com/stats/players/boxscores-traditional?Season=2007-08&SeasonType=Regular%20Season&TeamID=1610612741
2008,2007–08,201149,Joakim Noah,0020700155,2007-11-20,CHI @ DEN,DEN,L,21.966666666666665,16,7,10,0,0,2,2,4,4,8,3,1,1,2,1,-4,17.2,73.52941176470587,https://www.nba.com/stats/players/boxscores-traditional?Season=2007-08&SeasonType=Regular%20Season&TeamID=1610612741
2008,2007–08,1112,Ben Wallace,0020700155,2007-11-20,CHI @ DEN,DEN,L,25.8,6,3,7,0,0,0,0,5,7,12,2,2,3,0,0,-13,13.4,42.857142857142854,https://www.nba.com/stats/players/boxscores-traditional?Season=2007-08&SeasonType=Regular%20Season&TeamID=1610612741
2008,2007–08,2550,Kirk Hinrich,0020700155,2007-11-20,CHI @ DEN,DEN,L,20.801666666666666,14,6,13,0,1,2,2,1,3,4,2,1,1,4,2,-13,7.1999999999999975,50.43227665706051,https://www.nba.com/stats/players/boxscores-traditional?Season=2007-08&SeasonType=Regular%20Season&TeamID=1610612741
2008,2007–08,201242,Thomas Gardner,0020700155,2007-11-20,CHI @ DEN,DEN,L,26.85,14,6,16,2,7,0,2,2,1,3,0,0,0,4,2,-4,1.299999999999999,41.46919431279621,https://www.nba.com/stats/players/boxscores-traditional?Season=2007-08&SeasonType=Regular%20Season&TeamID=1610612741
2008,2007–08,200757,Thabo Sefolosha,0020700155,2007-11-20,CHI @ DEN,DEN,L,21.348333333333333,7,3,11,1,3,0,0,1,2,3,4,1,0,3,3,-4,1.3999999999999995,31.818181818181817,https://www.nba.com/stats/players/boxscores-traditional?Season=2007-08&SeasonType=Regular%20Season&TeamID=1610612741
2008,2007–08,201189,Aaron Gray,0020700155,2007-11-20,CHI @ DEN,DEN,L,16.133333333333333,7,3,5,0,0,1,4,2,3,5,2,1,0,0,0,-1,8.2,51.77514792899408,https://www.nba.com/stats/players/boxscores-traditional?Season=2007-08&SeasonType=Regular%20Season&TeamID=1610612741
2008,2007–08,2804,Andres Nocioni,0020700155,2007-11-20,CHI @ DEN,DEN,L,21.783333333333335,10,4,8,2,4,0,0,1,3,4,0,0,0,0,4,-10,6.0,62.5,https://www.nba.com/stats/players/boxscores-traditional?Season=2007-08&SeasonType=Regular%20Season&TeamID=1610612741
2008,2007–08,2768,Chris Duhon,0020700155,2007-11-20,CHI @ DEN,DEN,L,17.933333333333334,3,1,3,1,3,0,0,0,1,1,5,2,0,3,4,5,2.5,50.0,https://www.nba.com/stats/players/boxscores-traditional?Season=2007-08&SeasonType=Regular%20Season&TeamID=1610612741
2008,2007–08,693,Joe Smith,0020700155,2007-11-20,CHI @ DEN,DEN,L,16.833333333333332,6,2,5,0,0,2,2,1,3,4,3,0,0,0,3,-5,5.8,51.02040816326531,https://www.nba.com/stats/players/boxscores-traditional?Season=2007-08&SeasonType=Regular%20Season&TeamID=1610612741
2008,2007–08,2732,Ben Gordon,0020700155,2007-11-20,CHI @ DEN,DEN,L,30.433333333333334,6,2,14,0,2,2,2,1,1,2,3,0,0,2,1,-30,-2.2999999999999994,20.161290322580644,https://www.nba.com/stats/players/boxscores-traditional?Season=2007-08&SeasonType=Regular%20Season&TeamID=1610612741
2008,2007–08,1559,Adrian Griffin,0020700155,2007-11-20,CHI @ DEN,DEN,L,9.183333333333334,2,1,2,0,0,0,0,0,1,1,1,1,0,1,0,-15,2.0,50.0,https://www.nba.com/stats/players/boxscores-traditional?Season=2007-08&SeasonType=Regular%20Season&TeamID=1610612741
2008,2007–08,200748,Tyrus Thomas,0020700155,2007-11-20,CHI @ DEN,DEN,L,10.933333333333334,0,0,1,0,0,0,1,0,0,0,0,0,0,2,4,-11,-4.7,0.0,https://www.nba.com/stats/players/boxscores-traditional?Season=2007-08&SeasonType=Regular%20Season&TeamID=1610612741
2008,2007–08,2732,Ben Gordon,0020700144,2007-11-18,CHI @ LAL,LAL,L,40.428333333333335,20,8,17,0,2,4,4,0,3,3,3,3,0,1,3,-18,15.100000000000001,53.304904051172706,https://www.nba.com/stats/players/boxscores-traditional?Season=2007-08&SeasonType=Regular%20Season&TeamID=1610612741
2008,2007–08,2804,Andres Nocioni,0020700144,2007-11-18,CHI @ LAL,LAL,L,31.266666666666666,14,5,14,2,5,2,4,0,6,6,2,0,0,2,5,-5,4.600000000000001,44.41624365482234,https://www.nba.com/stats/players/boxscores-traditional?Season=2007-08&SeasonType=Regular%20Season&TeamID=1610612741
2008,2007–08,2550,Kirk Hinrich,0020700144,2007-11-18,CHI @ LAL,LAL,L,24.455,8,3,11,0,2,2,2,1,2,3,8,1,1,6,2,-16,3.299999999999999,33.67003367003367,https://www.nba.com/stats/players/boxscores-traditional?Season=2007-08&SeasonType=Regular%20Season&TeamID=1610612741
2008,2007–08,1112,Ben Wallace,0020700144,2007-11-18,CHI @ LAL,LAL,L,27.783333333333335,5,2,4,0,0,1,2,2,6,8,2,2,0,1,2,-17,7.399999999999999,51.229508196721305,https://www.nba.com/stats/players/boxscores-traditional?Season=2007-08&SeasonType=Regular%20Season&TeamID=1610612741
2008,2007–08,200757,Thabo Sefolosha,0020700144,2007-11-18,CHI @ LAL,LAL,L,24.666666666666668,9,4,8,1,2,0,1,2,1,3,2,0,0,4,2,-21,2.8999999999999995,53.317535545023695,https://www.nba.com/stats/players/boxscores-traditional?Season=2007-08&SeasonType=Regular%20Season&TeamID=1610612741
2008,2007–08,2768,Chris Duhon,0020700144,2007-11-18,CHI @ LAL,LAL,L,23.5,8,3,11,2,7,0,0,0,2,2,1,0,0,0,3,-14,1.5999999999999996,36.36363636363637,https://www.nba.com/stats/players/boxscores-traditional?Season=2007-08&SeasonType=Regular%20Season&TeamID=1610612741
2008,2007–08,693,Joe Smith,0020700144,2007-11-18,CHI @ LAL,LAL,L,18.0,4,2,6,0,0,0,0,0,2,2,0,1,1,4,3,-9,-2.3,33.33333333333333,https://www.nba.com/stats/players/boxscores-traditional?Season=2007-08&SeasonType=Regular%20Season&TeamID=1610612741
2008,2007–08,200748,Tyrus Thomas,0020700144,2007-11-18,CHI @ LAL,LAL,L,13.716666666666667,4,1,6,0,0,2,3,1,1,2,0,1,0,1,2,-19,8.881784197001252e-16,27.322404371584696,https://www.nba.com/stats/players/boxscores-traditional?Season=2007-08&SeasonType=Regular%20Season&TeamID=1610612741
2008,2007–08,201189,Aaron Gray,0020700144,2007-11-18,CHI @ LAL,LAL,L,5.85,4,2,5,0,0,0,0,1,1,2,0,0,0,0,0,-9,2.3,40.0,https://www.nba.com/stats/players/boxscores-traditional?Season=2007-08&SeasonType=Regular%20Season&TeamID=1610612741
2008,2007–08,1559,Adrian Griffin,0020700144,2007-11-18,CHI @ LAL,LAL,L,12.95,0,0,3,0,0,0,0,2,1,3,1,0,0,0,4,-4,-1.2999999999999998,0.0,https://www.nba.com/stats/players/boxscores-traditional?Season=2007-08&SeasonType=Regular%20Season&TeamID=1610612741
2008,2007–08,201149,Joakim Noah,0020700144,2007-11-18,CHI @ LAL,LAL,L,5.85,0,0,1,0,0,0,0,2,1,3,1,0,0,0,0,-9,1.7,0.0,https://www.nba.com/stats/players/boxscores-traditional?Season=2007-08&SeasonType=Regular%20Season&TeamID=1610612741
2008,2007–08,201242,Thomas Gardner,0020700144,2007-11-18,CHI @ LAL,LAL,L,11.533333333333333,2,1,3,0,2,0,0,1,0,1,0,0,0,0,1,1,0.6000000000000002,33.33333333333333,https://www.nba.com/stats/players/boxscores-traditional?Season=2007-08&SeasonType=Regular%20Season&TeamID=1610612741
2008,2007–08,1112,Ben Wallace,0020700140,2007-11-17,CHI @ LAC,LAC,W,42.5,9,4,8,0,0,1,5,8,5,13,1,6,3,0,3,17,18.099999999999998,44.117647058823536,https://www.nba.com/stats/players/boxscores-traditional?Season=2007-08&SeasonType=Regular%20Season&TeamID=1610612741
2008,2007–08,2732,Ben Gordon,0020700140,2007-11-17,CHI @ LAC,LAC,W,43.63333333333333,25,10,22,1,6,4,5,0,5,5,4,2,1,1,3,19,18.000000000000004,51.65289256198348,https://www.nba.com/stats/players/boxscores-traditional?Season=2007-08&SeasonType=Regular%20Season&TeamID=1610612741
2008,2007–08,2804,Andres Nocioni,0020700140,2007-11-17,CHI @ LAC,LAC,W,38.11666666666667,21,6,12,2,4,7,8,0,8,8,2,0,1,1,1,19,17.7,67.65463917525774,https://www.nba.com/stats/players/boxscores-traditional?Season=2007-08&SeasonType=Regular%20Season&TeamID=1610612741
2008,2007–08,2736,Luol Deng,0020700140,2007-11-17,CHI @ LAC,LAC,W,26.983333333333334,10,5,13,0,0,0,2,3,4,7,2,0,1,3,1,13,4.1000000000000005,36.023054755043226,https://www.nba.com/stats/players/boxscores-traditional?Season=2007-08&SeasonType=Regular%20Season&TeamID=1610612741
2008,2007–08,2550,Kirk Hinrich,0020700140,2007-11-17,CHI @ LAC,LAC,W,33.78666666666667,10,4,14,1,4,1,2,0,1,1,4,2,0,3,2,21,2.700000000000001,33.60215053763441,https://www.nba.com/stats/players/boxscores-traditional?Season=2007-08&SeasonType=Regular%20Season&TeamID=1610612741
2008,2007–08,693,Joe Smith,0020700140,2007-11-17,CHI @ LAC,LAC,W,16.983333333333334,6,3,5,0,0,0,0,2,1,3,0,0,1,1,1,7,4.699999999999999,60.0,https://www.nba.com/stats/players/boxscores-traditional?Season=2007-08&SeasonType=Regular%20Season&TeamID=1610612741
2008,2007–08,2768,Chris Duhon,0020700140,2007-11-17,CHI @ LAC,LAC,W,16.813333333333333,2,1,5,0,0,0,0,0,2,2,4,0,0,1,1,-1,0.8999999999999999,20.0,https://www.nba.com/stats/players/boxscores-traditional?Season=2007-08&SeasonType=Regular%20Season&TeamID=1610612741
2008,2007–08,200748,Tyrus Thomas,0020700140,2007-11-17,CHI @ LAC,LAC,W,8.116666666666667,4,2,2,0,0,0,0,0,1,1,1,0,0,0,2,1,3.5999999999999996,100.0,https://www.nba.com/stats/players/boxscores-traditional?Season=2007-08&SeasonType=Regular%20Season&TeamID=1610612741
2008,2007–08,1559,Adrian Griffin,0020700140,2007-11-17,CHI @ LAC,LAC,W,7.083333333333333,0,0,1,0,0,0,0,0,1,1,3,0,0,0,0,0,1.6999999999999997,0.0,https://www.nba.com/stats/players/boxscores-traditional?Season=2007-08&SeasonType=Regular%20Season&TeamID=1610612741
2008,2007–08,201242,Thomas Gardner,0020700140,2007-11-17,CHI @ LAC,LAC,W,1.7666666666666666,3,1,2,1,2,0,0,0,0,0,0,0,0,0,0,-1,2.0,75.0,https://www.nba.com/stats/players/boxscores-traditional?Season=2007-08&SeasonType=Regular%20Season&TeamID=1610612741
2008,2007–08,200757,Thabo Sefolosha,0020700140,2007-11-17,CHI @ LAC,LAC,W,1.7666666666666666,2,1,1,0,0,0,0,0,1,1,0,0,0,0,0,-1,2.0,100.0,https://www.nba.com/stats/players/boxscores-traditional?Season=2007-08&SeasonType=Regular%20Season&TeamID=1610612741
2008,2007–08,201149,Joakim Noah,0020700140,2007-11-17,CHI @ LAC,LAC,W,2.45,0,0,0,0,0,0,0,0,0,0,0,0,0,0,1,1,-0.4,0.0,https://www.nba.com/stats/players/boxscores-traditional?Season=2007-08&SeasonType=Regular%20Season&TeamID=1610612741
2008,2007–08,2736,Luol Deng,0020700118,2007-11-15,CHI @ PHX,PHX,L,44.78333333333333,23,10,18,1,1,2,2,5,4,9,1,1,2,1,0,-10,21.199999999999996,60.91101694915254,https://www.nba.com/stats/players/boxscores-traditional?Season=2007-08&SeasonType=Regular%20Season&TeamID=1610612741
2008,2007–08,2732,Ben Gordon,0020700118,2007-11-15,CHI @ PHX,PHX,L,37.03333333333333,24,9,20,2,6,4,4,0,4,4,2,1,0,5,3,4,11.0,55.147058823529406,https://www.nba.com/stats/players/boxscores-traditional?Season=2007-08&SeasonType=Regular%20Season&TeamID=1610612741
2008,2007–08,2550,Kirk Hinrich,0020700118,2007-11-15,CHI @ PHX,PHX,L,37.733333333333334,17,6,13,1,2,4,4,0,3,3,7,2,0,2,1,-20,15.7,57.58807588075881,https://www.nba.com/stats/players/boxscores-traditional?Season=2007-08&SeasonType=Regular%20Season&TeamID=1610612741
2008,2007–08,2804,Andres Nocioni,0020700118,2007-11-15,CHI @ PHX,PHX,L,41.065,18,7,18,1,6,3,6,1,6,7,0,0,1,2,4,-14,6.6,43.604651162790695,https://www.nba.com/stats/players/boxscores-traditional?Season=2007-08&SeasonType=Regular%20Season&TeamID=1610612741
2008,2007–08,1112,Ben Wallace,0020700118,2007-11-15,CHI @ PHX,PHX,L,23.15,5,1,5,0,0,3,4,4,6,10,1,1,1,1,2,-7,6.7,36.98224852071006,https://www.nba.com/stats/players/boxscores-traditional?Season=2007-08&SeasonType=Regular%20Season&TeamID=1610612741
2008,2007–08,2768,Chris Duhon,0020700118,2007-11-15,CHI @ PHX,PHX,L,17.683333333333334,4,1,4,0,0,2,2,1,3,4,4,2,0,2,2,-1,5.2,40.98360655737705,https://www.nba.com/stats/players/boxscores-traditional?Season=2007-08&SeasonType=Regular%20Season&TeamID=1610612741
2008,2007–08,200748,Tyrus Thomas,0020700118,2007-11-15,CHI @ PHX,PHX,L,22.785,5,2,5,0,0,1,2,3,2,5,0,1,0,0,4,12,3.9999999999999996,42.51700680272109,https://www.nba.com/stats/players/boxscores-traditional?Season=2007-08&SeasonType=Regular%20Season&TeamID=1610612741
2008,2007–08,693,Joe Smith,0020700118,2007-11-15,CHI @ PHX,PHX,L,11.183333333333334,4,2,7,0,0,0,0,1,4,5,0,0,0,1,1,-9,0.40000000000000036,28.57142857142857,https://www.nba.com/stats/players/boxscores-traditional?Season=2007-08&SeasonType=Regular%20Season&TeamID=1610612741
2008,2007–08,201242,Thomas Gardner,0020700118,2007-11-15,CHI @ PHX,PHX,L,4.583333333333333,2,1,2,0,1,0,0,0,0,0,1,0,0,0,1,-5,1.2999999999999998,50.0,https://www.nba.com/stats/players/boxscores-traditional?Season=2007-08&SeasonType=Regular%20Season&TeamID=1610612741
2008,2007–08,2804,Andres Nocioni,0020700082,2007-11-10,CHI vs. TOR,TOR,L,29.2,20,8,14,2,4,2,2,2,3,5,1,0,0,3,2,-24,12.600000000000001,67.20430107526882,https://www.nba.com/stats/players/boxscores-traditional?Season=2007-08&SeasonType=Regular%20Season&TeamID=1610612741
2008,2007–08,200757,Thabo Sefolosha,0020700082,2007-11-10,CHI vs. TOR,TOR,L,25.766666666666666,9,4,15,1,5,0,1,0,6,6,4,3,0,3,3,-8,3.0999999999999996,29.145077720207258,https://www.nba.com/stats/players/boxscores-traditional?Season=2007-08&SeasonType=Regular%20Season&TeamID=1610612741
2008,2007–08,2751,Viktor Khryapa,0020700082,2007-11-10,CHI vs. TOR,TOR,L,21.583333333333332,7,3,5,0,0,1,4,1,4,5,1,2,0,2,0,-9,6.1,51.77514792899408,https://www.nba.com/stats/players/boxscores-traditional?Season=2007-08&SeasonType=Regular%20Season&TeamID=1610612741
2008,2007–08,2550,Kirk Hinrich,0020700082,2007-11-10,CHI vs. TOR,TOR,L,16.516666666666666,2,0,6,0,3,2,2,1,3,4,4,3,0,2,3,-25,2.0,14.534883720930234,https://www.nba.com/stats/players/boxscores-traditional?Season=2007-08&SeasonType=Regular%20Season&TeamID=1610612741
2008,2007–08,2768,Chris Duhon,0020700082,2007-11-10,CHI vs. TOR,TOR,L,27.3,7,3,9,1,5,0,0,1,1,2,4,0,0,1,0,-6,4.699999999999999,38.88888888888889,https://www.nba.com/stats/players/boxscores-traditional?Season=2007-08&SeasonType=Regular%20Season&TeamID=1610612741
2008,2007–08,2732,Ben Gordon,0020700082,2007-11-10,CHI vs. TOR,TOR,L,24.15,11,4,10,1,4,2,2,0,1,1,1,0,0,1,1,-23,5.199999999999999,50.55147058823529,https://www.nba.com/stats/players/boxscores-traditional?Season=2007-08&SeasonType=Regular%20Season&TeamID=1610612741
2008,2007–08,1112,Ben Wallace,0020700082,2007-11-10,CHI vs. TOR,TOR,L,17.966666666666665,0,0,0,0,0,0,0,1,4,5,2,1,1,1,1,-20,3.5999999999999996,0.0,https://www.nba.com/stats/players/boxscores-traditional?Season=2007-08&SeasonType=Regular%20Season&TeamID=1610612741
2008,2007–08,201149,Joakim Noah,0020700082,2007-11-10,CHI vs. TOR,TOR,L,19.25,2,0,3,0,0,2,2,1,3,4,0,1,1,1,1,-6,1.8000000000000003,25.773195876288664,https://www.nba.com/stats/players/boxscores-traditional?Season=2007-08&SeasonType=Regular%20Season&TeamID=1610612741
2008,2007–08,2736,Luol Deng,0020700082,2007-11-10,CHI vs. TOR,TOR,L,22.466666666666665,5,2,8,0,0,1,2,0,0,0,1,2,0,2,0,-19,0.5,28.15315315315315,https://www.nba.com/stats/players/boxscores-traditional?Season=2007-08&SeasonType=Regular%20Season&TeamID=1610612741
2008,2007–08,201189,Aaron Gray,0020700082,2007-11-10,CHI vs. TOR,TOR,L,12.0,4,1,2,0,0,2,4,1,1,2,0,0,0,3,3,4,-1.0,53.191489361702125,https://www.nba.com/stats/players/boxscores-traditional?Season=2007-08&SeasonType=Regular%20Season&TeamID=1610612741
2008,2007–08,693,Joe Smith,0020700082,2007-11-10,CHI vs. TOR,TOR,L,11.45,0,0,4,0,0,0,0,2,1,3,0,1,0,0,0,-2,-0.09999999999999987,0.0,https://www.nba.com/stats/players/boxscores-traditional?Season=2007-08&SeasonType=Regular%20Season&TeamID=1610612741
2008,2007–08,200748,Tyrus Thomas,0020700082,2007-11-10,CHI vs. TOR,TOR,L,12.35,4,2,5,0,0,0,0,1,0,1,0,0,0,1,3,-12,-0.2000000000000004,40.0,https://www.nba.com/stats/players/boxscores-traditional?Season=2007-08&SeasonType=Regular%20Season&TeamID=1610612741
2008,2007–08,200748,Tyrus Thomas,0020700064,2007-11-08,CHI vs. DET,DET,W,36.083333333333336,19,8,12,0,0,3,5,3,11,14,1,2,2,2,3,-2,19.299999999999997,66.90140845070422,https://www.nba.com/stats/players/boxscores-traditional?Season=2007-08&SeasonType=Regular%20Season&TeamID=1610612741
2008,2007–08,2550,Kirk Hinrich,0020700064,2007-11-08,CHI vs. DET,DET,W,42.88333333333333,8,3,11,0,2,2,2,0,5,5,14,0,0,3,3,0,8.599999999999998,33.67003367003367,https://www.nba.com/stats/players/boxscores-traditional?Season=2007-08&SeasonType=Regular%20Season&TeamID=1610612741
2008,2007–08,693,Joe Smith,0020700064,2007-11-08,CHI vs. DET,DET,W,22.45,13,6,11,0,0,1,2,1,3,4,1,3,0,0,3,10,11.399999999999999,54.71380471380471,https://www.nba.com/stats/players/boxscores-traditional?Season=2007-08&SeasonType=Regular%20Season&TeamID=1610612741
2008,2007–08,2736,Luol Deng,0020700064,2007-11-08,CHI vs. DET,DET,W,32.276666666666664,17,8,16,0,0,1,2,1,2,3,3,0,0,1,1,3,10.599999999999998,50.355450236966824,https://www.nba.com/stats/players/boxscores-traditional?Season=2007-08&SeasonType=Regular%20Season&TeamID=1610612741
2008,2007–08,2732,Ben Gordon,0020700064,2007-11-08,CHI vs. DET,DET,W,27.828333333333333,16,5,14,1,3,5,6,1,0,1,1,1,0,2,4,-1,6.6,48.07692307692307,https://www.nba.com/stats/players/boxscores-traditional?Season=2007-08&SeasonType=Regular%20Season&TeamID=1610612741
2008,2007–08,1112,Ben Wallace,0020700064,2007-11-08,CHI vs. DET,DET,W,24.916666666666668,6,3,8,0,0,0,1,1,6,7,1,2,0,2,2,-8,3.6000000000000005,35.54502369668246,https://www.nba.com/stats/players/boxscores-traditional?Season=2007-08&SeasonType=Regular%20Season&TeamID=1610612741
2008,2007–08,2804,Andres Nocioni,0020700064,2007-11-08,CHI vs. DET,DET,W,16.356666666666666,10,4,8,0,2,2,2,2,5,7,0,0,0,0,2,3,8.1,56.3063063063063,https://www.nba.com/stats/players/boxscores-traditional?Season=2007-08&SeasonType=Regular%20Season&TeamID=1610612741
2008,2007–08,201149,Joakim Noah,0020700064,2007-11-08,CHI vs. DET,DET,W,11.916666666666666,2,0,0,0,0,2,4,5,0,5,4,1,0,3,2,6,4.7,56.81818181818182,https://www.nba.com/stats/players/boxscores-traditional?Season=2007-08&SeasonType=Regular%20Season&TeamID=1610612741
2008,2007–08,2768,Chris Duhon,0020700064,2007-11-08,CHI vs. DET,DET,W,25.288333333333334,6,2,5,0,2,2,3,1,0,1,3,0,0,1,1,9,4.299999999999999,47.46835443037975,https://www.nba.com/stats/players/boxscores-traditional?Season=2007-08&SeasonType=Regular%20Season&TeamID=1610612741
2008,2007–08,2736,Luol Deng,0020700049,2007-11-06,CHI vs. LAC,LAC,L,44.88333333333333,22,9,17,0,0,4,4,2,6,8,2,3,2,3,1,0,19.3,58.635394456289966,https://www.nba.com/stats/players/boxscores-traditional?Season=2007-08&SeasonType=Regular%20Season&TeamID=1610612741
2008,2007–08,693,Joe Smith,0020700049,2007-11-06,CHI vs. LAC,LAC,L,25.471666666666668,17,5,11,0,0,7,7,3,4,7,1,0,0,0,1,-15,14.899999999999999,60.36931818181818,https://www.nba.com/stats/players/boxscores-traditional?Season=2007-08&SeasonType=Regular%20Season&TeamID=1610612741
2008,2007–08,2550,Kirk Hinrich,0020700049,2007-11-06,CHI vs. LAC,LAC,L,30.216666666666665,18,6,14,0,1,6,6,2,4,6,1,0,0,2,4,-8,10.299999999999999,54.08653846153846,https://www.nba.com/stats/players/boxscores-traditional?Season=2007-08&SeasonType=Regular%20Season&TeamID=1610612741
2008,2007–08,200748,Tyrus Thomas,0020700049,2007-11-06,CHI vs. LAC,LAC,L,20.333333333333332,6,2,5,0,0,2,4,1,2,3,5,2,3,2,3,-2,8.2,44.37869822485207,https://www.nba.com/stats/players/boxscores-traditional?Season=2007-08&SeasonType=Regular%20Season&TeamID=1610612741
2008,2007–08,2732,Ben Gordon,0020700049,2007-11-06,CHI vs. LAC,LAC,L,36.6,15,4,18,1,5,6,7,1,3,4,2,1,0,2,3,-11,4.400000000000001,35.5787476280835,https://www.nba.com/stats/players/boxscores-traditional?Season=2007-08&SeasonType=Regular%20Season&TeamID=1610612741
2008,2007–08,201149,Joakim Noah,0020700049,2007-11-06,CHI vs. LAC,LAC,L,18.93166666666667,2,0,4,0,0,2,2,2,2,4,0,1,3,1,2,-3,2.5,20.491803278688526,https://www.nba.com/stats/players/boxscores-traditional?Season=2007-08&SeasonType=Regular%20Season&TeamID=1610612741
2008,2007–08,2768,Chris Duhon,0020700049,2007-11-06,CHI vs. LAC,LAC,L,12.433333333333334,5,1,2,1,1,2,2,0,1,1,2,1,1,0,1,8,6.999999999999999,86.80555555555556,https://www.nba.com/stats/players/boxscores-traditional?Season=2007-08&SeasonType=Regular%20Season&TeamID=1610612741
2008,2007–08,1112,Ben Wallace,0020700049,2007-11-06,CHI vs. LAC,LAC,L,27.438333333333333,2,1,6,0,0,0,2,3,3,6,0,1,1,1,2,5,0.2999999999999996,14.534883720930234,https://www.nba.com/stats/players/boxscores-traditional?Season=2007-08&SeasonType=Regular%20Season&TeamID=1610612741
2008,2007–08,200757,Thabo Sefolosha,0020700049,2007-11-06,CHI vs. LAC,LAC,L,13.666666666666666,0,0,4,0,1,0,0,1,4,5,3,0,0,1,2,-6,-0.6000000000000001,0.0,https://www.nba.com/stats/players/boxscores-traditional?Season=2007-08&SeasonType=Regular%20Season&TeamID=1610612741
2008,2007–08,2804,Andres Nocioni,0020700049,2007-11-06,CHI vs. LAC,LAC,L,10.025,4,2,3,0,1,0,0,0,0,0,0,0,0,0,1,2,2.3000000000000003,66.66666666666666,https://www.nba.com/stats/players/boxscores-traditional?Season=2007-08&SeasonType=Regular%20Season&TeamID=1610612741
2008,2007–08,2732,Ben Gordon,0020700031,2007-11-03,CHI @ MIL,MIL,L,37.18333333333333,15,5,14,2,6,3,4,0,8,8,3,1,0,3,3,-16,8.100000000000001,47.588832487309645,https://www.nba.com/stats/players/boxscores-traditional?Season=2007-08&SeasonType=Regular%20Season&TeamID=1610612741
2008,2007–08,693,Joe Smith,0020700031,2007-11-03,CHI @ MIL,MIL,L,25.773333333333333,14,5,6,0,0,4,4,5,5,10,0,0,1,1,3,6,15.3,90.20618556701031,https://www.nba.com/stats/players/boxscores-traditional?Season=2007-08&SeasonType=Regular%20Season&TeamID=1610612741
2008,2007–08,2804,Andres Nocioni,0020700031,2007-11-03,CHI @ MIL,MIL,L,23.883333333333333,12,4,13,1,6,3,3,1,5,6,1,2,0,1,2,14,7.599999999999998,41.899441340782126,https://www.nba.com/stats/players/boxscores-traditional?Season=2007-08&SeasonType=Regular%20Season&TeamID=1610612741
2008,2007–08,2736,Luol Deng,0020700031,2007-11-03,CHI @ MIL,MIL,L,25.316666666666666,8,4,11,0,0,0,0,2,4,6,1,1,0,3,4,-1,1.5999999999999996,36.36363636363637,https://www.nba.com/stats/players/boxscores-traditional?Season=2007-08&SeasonType=Regular%20Season&TeamID=1610612741
2008,2007–08,200748,Tyrus Thomas,0020700031,2007-11-03,CHI @ MIL,MIL,L,28.266666666666666,2,1,7,0,0,0,2,1,5,6,2,0,2,1,5,-5,-1.2999999999999998,12.690355329949238,https://www.nba.com/stats/players/boxscores-traditional?Season=2007-08&SeasonType=Regular%20Season&TeamID=1610612741
2008,2007–08,1112,Ben Wallace,0020700031,2007-11-03,CHI @ MIL,MIL,L,27.276666666666667,5,2,4,0,0,1,2,1,1,2,2,0,2,1,2,-15,4.6000000000000005,51.229508196721305,https://www.nba.com/stats/players/boxscores-traditional?Season=2007-08&SeasonType=Regular%20Season&TeamID=1610612741
2008,2007–08,200757,Thabo Sefolosha,0020700031,2007-11-03,CHI @ MIL,MIL,L,17.866666666666667,5,1,6,1,1,2,2,0,6,6,1,0,0,2,0,1,1.700000000000001,36.337209302325576,https://www.nba.com/stats/players/boxscores-traditional?Season=2007-08&SeasonType=Regular%20Season&TeamID=1610612741
2008,2007–08,2768,Chris Duhon,0020700031,2007-11-03,CHI @ MIL,MIL,L,21.416666666666668,5,2,4,1,3,0,0,0,0,0,5,0,0,1,2,-3,4.7,62.5,https://www.nba.com/stats/players/boxscores-traditional?Season=2007-08&SeasonType=Regular%20Season&TeamID=1610612741
2008,2007–08,2550,Kirk Hinrich,0020700031,2007-11-03,CHI @ MIL,MIL,L,33.016666666666666,6,3,12,0,5,0,0,0,1,1,4,0,0,6,4,-11,-5.699999999999998,25.0,https://www.nba.com/stats/players/boxscores-traditional?Season=2007-08&SeasonType=Regular%20Season&TeamID=1610612741
2008,2007–08,200748,Tyrus Thomas,0020700024,2007-11-02,CHI vs. PHI,PHI,L,42.63333333333333,21,10,16,0,0,1,4,4,8,12,0,2,3,2,5,-3,17.9,59.121621621621614,https://www.nba.com/stats/players/boxscores-traditional?Season=2007-08&SeasonType=Regular%20Season&TeamID=1610612741
2008,2007–08,2732,Ben Gordon,0020700024,2007-11-02,CHI vs. PHI,PHI,L,42.56666666666667,25,9,18,3,7,4,4,0,7,7,2,1,0,4,5,-13,14.5,63.25910931174089,https://www.nba.com/stats/players/boxscores-traditional?Season=2007-08&SeasonType=Regular%20Season&TeamID=1610612741
2008,2007–08,2550,Kirk Hinrich,0020700024,2007-11-02,CHI vs. PHI,PHI,L,34.0,8,3,12,1,5,1,2,1,1,2,8,5,0,2,5,-9,8.0,31.05590062111801,https://www.nba.com/stats/players/boxscores-traditional?Season=2007-08&SeasonType=Regular%20Season&TeamID=1610612741
2008,2007–08,2804,Andres Nocioni,0020700024,2007-11-02,CHI vs. PHI,PHI,L,27.866666666666667,15,6,15,2,8,1,1,1,2,3,1,1,0,0,1,-3,9.499999999999998,48.575129533678755,https://www.nba.com/stats/players/boxscores-traditional?Season=2007-08&SeasonType=Regular%20Season&TeamID=1610612741
2008,2007–08,2736,Luol Deng,0020700024,2007-11-02,CHI vs. PHI,PHI,L,35.25,10,4,12,1,1,1,2,1,3,4,1,1,2,3,2,-10,3.7,38.81987577639751,https://www.nba.com/stats/players/boxscores-traditional?Season=2007-08&SeasonType=Regular%20Season&TeamID=1610612741
2008,2007–08,1112,Ben Wallace,0020700024,2007-11-02,CHI vs. PHI,PHI,L,24.583333333333332,1,0,3,0,0,1,2,3,1,4,2,0,2,1,2,-8,1.8999999999999995,12.886597938144332,https://www.nba.com/stats/players/boxscores-traditional?Season=2007-08&SeasonType=Regular%20Season&TeamID=1610612741
2008,2007–08,2768,Chris Duhon,0020700024,2007-11-02,CHI vs. PHI,PHI,L,19.433333333333334,2,1,7,0,3,0,0,0,2,2,4,1,0,3,1,0,-1.4999999999999996,14.285714285714285,https://www.nba.com/stats/players/boxscores-traditional?Season=2007-08&SeasonType=Regular%20Season&TeamID=1610612741
2008,2007–08,693,Joe Smith,0020700024,2007-11-02,CHI vs. PHI,PHI,L,10.8,2,0,2,0,0,2,2,2,0,2,0,0,0,0,2,-6,1.2,34.72222222222222,https://www.nba.com/stats/players/boxscores-traditional?Season=2007-08&SeasonType=Regular%20Season&TeamID=1610612741
2008,2007–08,201189,Aaron Gray,0020700024,2007-11-02,CHI vs. PHI,PHI,L,2.8666666666666667,1,0,1,0,0,1,2,0,0,0,0,0,0,0,0,-3,-0.09999999999999998,26.595744680851062,https://www.nba.com/stats/players/boxscores-traditional?Season=2007-08&SeasonType=Regular%20Season&TeamID=1610612741
2008,2007–08,2732,Ben Gordon,0020700007,2007-10-31,CHI @ NJN,NJN,L,48.233333333333334,27,8,25,3,10,8,8,3,5,8,4,2,0,6,1,-5,14.7,47.335203366058906,https://www.nba.com/stats/players/boxscores-traditional?Season=2007-08&SeasonType=Regular%20Season&TeamID=1610612741
2008,2007–08,2736,Luol Deng,0020700007,2007-10-31,CHI @ NJN,NJN,L,43.96666666666667,22,9,17,0,0,4,6,4,7,11,2,4,0,2,2,-4,20.400000000000002,56.0081466395112,https://www.nba.com/stats/players/boxscores-traditional?Season=2007-08&SeasonType=Regular%20Season&TeamID=1610612741
2008,2007–08,2550,Kirk Hinrich,0020700007,2007-10-31,CHI @ NJN,NJN,L,25.23,14,6,11,2,4,0,0,0,3,3,3,0,0,2,6,-2,7.299999999999999,63.63636363636363,https://www.nba.com/stats/players/boxscores-traditional?Season=2007-08&SeasonType=Regular%20Season&TeamID=1610612741
2008,2007–08,2768,Chris Duhon,0020700007,2007-10-31,CHI @ NJN,NJN,L,30.12,10,4,8,2,3,0,0,0,1,1,6,0,0,0,3,-10,9.3,62.5,https://www.nba.com/stats/players/boxscores-traditional?Season=2007-08&SeasonType=Regular%20Season&TeamID=1610612741
2008,2007–08,2804,Andres Nocioni,0020700007,2007-10-31,CHI @ NJN,NJN,L,24.083333333333332,9,4,12,1,5,0,2,1,4,5,2,0,1,1,4,-12,2.800000000000001,34.93788819875776,https://www.nba.com/stats/players/boxscores-traditional?Season=2007-08&SeasonType=Regular%20Season&TeamID=1610612741
2008,2007–08,693,Joe Smith,0020700007,2007-10-31,CHI @ NJN,NJN,L,22.966666666666665,6,2,6,0,0,2,2,3,2,5,1,1,1,1,5,-5,4.7,43.604651162790695,https://www.nba.com/stats/players/boxscores-traditional?Season=2007-08&SeasonType=Regular%20Season&TeamID=1610612741
2008,2007–08,1112,Ben Wallace,0020700007,2007-10-31,CHI @ NJN,NJN,L,37.68,7,3,7,0,0,1,4,4,1,5,2,0,1,1,2,6,5.5,39.95433789954338,https://www.nba.com/stats/players/boxscores-traditional?Season=2007-08&SeasonType=Regular%20Season&TeamID=1610612741
2008,2007–08,200748,Tyrus Thomas,0020700007,2007-10-31,CHI @ NJN,NJN,L,22.205,4,1,7,0,0,2,2,3,3,6,1,0,0,1,3,3,1.0,25.380710659898476,https://www.nba.com/stats/players/boxscores-traditional?Season=2007-08&SeasonType=Regular%20Season&TeamID=1610612741
2008,2007–08,200757,Thabo Sefolosha,0020700007,2007-10-31,CHI @ NJN,NJN,L,10.515,4,1,3,0,1,2,2,1,0,1,2,0,0,2,4,-16,0.8000000000000003,51.54639175257733,https://www.nba.com/stats/players/boxscores-traditional?Season=2007-08&SeasonType=Regular%20Season&TeamID=1610612741
