season_end_year,season,player_id,player,game_id,game_date,matchup,opponent,result,minutes,points,fgm,fga,fg3m,fg3a,ftm,fta,oreb,dreb,reb,ast,stl,blk,tov,pf,plus_minus,game_score,ts_pct,player_source_url
2015,2014–15,201166,Aaron Brooks,0021401217,2015-04-15,CHI vs. ATL,ATL,W,32.833333333333336,23,8,18,2,5,5,5,0,6,6,3,4,0,4,0,9,17.5,56.93069306930694,https://www.nba.com/stats/players/boxscores-traditional?Season=2014-15&SeasonType=Regular%20Season&TeamID=1610612741
2015,2014–15,2200,Pau Gasol,0021401217,2015-04-15,CHI vs. ATL,ATL,W,37.13333333333333,18,6,15,0,0,6,8,2,11,13,1,1,2,6,1,-1,10.499999999999996,48.59611231101512,https://www.nba.com/stats/players/boxscores-traditional?Season=2014-15&SeasonType=Regular%20Season&TeamID=1610612741
2015,2014–15,202710,Jimmy Butler III,0021401217,2015-04-15,CHI vs. ATL,ATL,W,40.483333333333334,21,6,14,2,2,7,9,1,5,6,3,2,1,0,0,4,19.8,58.46325167037861,https://www.nba.com/stats/players/boxscores-traditional?Season=2014-15&SeasonType=Regular%20Season&TeamID=1610612741
2015,2014–15,202703,Nikola Mirotic,0021401217,2015-04-15,CHI vs. ATL,ATL,W,31.933333333333334,11,3,9,2,7,3,3,2,4,6,3,1,3,2,3,22,10.499999999999996,53.29457364341085,https://www.nba.com/stats/players/boxscores-traditional?Season=2014-15&SeasonType=Regular%20Season&TeamID=1610612741
2015,2014–15,2399,Mike Dunleavy,0021401217,2015-04-15,CHI vs. ATL,ATL,W,28.466666666666665,5,2,6,1,4,0,0,0,6,6,0,2,0,2,5,0,1.4000000000000004,41.66666666666667,https://www.nba.com/stats/players/boxscores-traditional?Season=2014-15&SeasonType=Regular%20Season&TeamID=1610612741
2015,2014–15,203503,Tony Snell,0021401217,2015-04-15,CHI vs. ATL,ATL,W,23.95,5,2,6,0,4,1,1,0,5,5,1,0,1,0,0,8,4.500000000000001,38.81987577639751,https://www.nba.com/stats/players/boxscores-traditional?Season=2014-15&SeasonType=Regular%20Season&TeamID=1610612741
2015,2014–15,201959,Taj Gibson,0021401217,2015-04-15,CHI vs. ATL,ATL,W,20.163333333333334,0,0,3,0,0,0,0,1,2,3,1,1,1,2,1,-15,-0.7999999999999998,0.0,https://www.nba.com/stats/players/boxscores-traditional?Season=2014-15&SeasonType=Regular%20Season&TeamID=1610612741
2015,2014–15,1737,Nazr Mohammed,0021401217,2015-04-15,CHI vs. ATL,ATL,W,6.77,2,1,1,0,0,0,0,1,2,3,0,0,1,0,1,6,3.3000000000000003,100.0,https://www.nba.com/stats/players/boxscores-traditional?Season=2014-15&SeasonType=Regular%20Season&TeamID=1610612741
2015,2014–15,202734,E'Twaun Moore,0021401217,2015-04-15,CHI vs. ATL,ATL,W,7.966666666666667,4,2,2,0,0,0,0,0,0,0,1,0,0,1,1,8,2.6999999999999997,100.0,https://www.nba.com/stats/players/boxscores-traditional?Season=2014-15&SeasonType=Regular%20Season&TeamID=1610612741
2015,2014–15,201565,Derrick Rose,0021401217,2015-04-15,CHI vs. ATL,ATL,W,10.3,2,1,3,0,2,0,0,0,2,2,1,0,0,4,0,-11,-2.4,33.33333333333333,https://www.nba.com/stats/players/boxscores-traditional?Season=2014-15&SeasonType=Regular%20Season&TeamID=1610612741
2015,2014–15,2200,Pau Gasol,0021401206,2015-04-13,CHI @ BKN,BKN,W,35.05,22,10,18,0,0,2,2,2,9,11,4,0,2,1,1,17,20.3,58.26271186440678,https://www.nba.com/stats/players/boxscores-traditional?Season=2014-15&SeasonType=Regular%20Season&TeamID=1610612741
2015,2014–15,202703,Nikola Mirotic,0021401206,2015-04-13,CHI @ BKN,BKN,W,24.416666666666668,26,8,15,6,11,4,4,0,2,2,0,3,0,1,1,21,20.900000000000002,77.56563245823388,https://www.nba.com/stats/players/boxscores-traditional?Season=2014-15&SeasonType=Regular%20Season&TeamID=1610612741
2015,2014–15,201959,Taj Gibson,0021401206,2015-04-13,CHI @ BKN,BKN,W,31.066666666666666,15,5,6,0,0,5,6,2,7,9,1,0,4,0,3,13,18.200000000000003,86.80555555555554,https://www.nba.com/stats/players/boxscores-traditional?Season=2014-15&SeasonType=Regular%20Season&TeamID=1610612741
2015,2014–15,202710,Jimmy Butler III,0021401206,2015-04-13,CHI @ BKN,BKN,W,33.15,17,7,10,2,3,1,3,0,6,6,2,1,1,1,2,23,15.099999999999998,75.08833922261485,https://www.nba.com/stats/players/boxscores-traditional?Season=2014-15&SeasonType=Regular%20Season&TeamID=1610612741
2015,2014–15,201565,Derrick Rose,0021401206,2015-04-13,CHI @ BKN,BKN,W,23.066666666666666,13,5,13,2,4,1,2,0,3,3,7,1,0,2,1,8,9.9,46.829971181556196,https://www.nba.com/stats/players/boxscores-traditional?Season=2014-15&SeasonType=Regular%20Season&TeamID=1610612741
2015,2014–15,201166,Aaron Brooks,0021401206,2015-04-13,CHI @ BKN,BKN,W,23.216666666666665,7,3,7,1,4,0,0,2,1,3,7,1,0,1,3,19,8.7,50.0,https://www.nba.com/stats/players/boxscores-traditional?Season=2014-15&SeasonType=Regular%20Season&TeamID=1610612741
2015,2014–15,203503,Tony Snell,0021401206,2015-04-13,CHI @ BKN,BKN,W,27.5,6,3,9,0,4,0,0,1,5,6,3,0,1,1,4,16,3.3000000000000007,33.33333333333333,https://www.nba.com/stats/players/boxscores-traditional?Season=2014-15&SeasonType=Regular%20Season&TeamID=1610612741
2015,2014–15,2399,Mike Dunleavy,0021401206,2015-04-13,CHI @ BKN,BKN,W,32.68333333333333,5,2,8,1,4,0,0,2,2,4,1,1,0,0,2,13,3.1000000000000005,31.25,https://www.nba.com/stats/players/boxscores-traditional?Season=2014-15&SeasonType=Regular%20Season&TeamID=1610612741
2015,2014–15,202734,E'Twaun Moore,0021401206,2015-04-13,CHI @ BKN,BKN,W,1.7166666666666666,2,1,2,0,0,0,0,0,1,1,0,0,0,0,0,0,1.3,50.0,https://www.nba.com/stats/players/boxscores-traditional?Season=2014-15&SeasonType=Regular%20Season&TeamID=1610612741
2015,2014–15,1737,Nazr Mohammed,0021401206,2015-04-13,CHI @ BKN,BKN,W,3.75,0,0,0,0,0,0,0,0,1,1,1,0,0,0,1,3,0.6,0.0,https://www.nba.com/stats/players/boxscores-traditional?Season=2014-15&SeasonType=Regular%20Season&TeamID=1610612741
2015,2014–15,203926,Doug McDermott,0021401206,2015-04-13,CHI @ BKN,BKN,W,2.6666666666666665,0,0,0,0,0,0,0,0,0,0,0,0,0,0,0,2,0.0,0.0,https://www.nba.com/stats/players/boxscores-traditional?Season=2014-15&SeasonType=Regular%20Season&TeamID=1610612741
2015,2014–15,203946,Cameron Bairstow,0021401206,2015-04-13,CHI @ BKN,BKN,W,1.7166666666666666,0,0,0,0,0,0,0,0,0,0,0,0,0,0,0,0,0.0,0.0,https://www.nba.com/stats/players/boxscores-traditional?Season=2014-15&SeasonType=Regular%20Season&TeamID=1610612741
2015,2014–15,2200,Pau Gasol,0021401189,2015-04-11,CHI vs. PHI,PHI,W,31.211666666666666,24,8,17,0,1,8,11,5,8,13,0,0,3,2,2,18,19.3,54.94505494505495,https://www.nba.com/stats/players/boxscores-traditional?Season=2014-15&SeasonType=Regular%20Season&TeamID=1610612741
2015,2014–15,201565,Derrick Rose,0021401189,2015-04-11,CHI vs. PHI,PHI,W,28.47833333333333,22,8,19,1,5,5,7,0,6,6,8,3,0,0,0,25,21.5,49.81884057971015,https://www.nba.com/stats/players/boxscores-traditional?Season=2014-15&SeasonType=Regular%20Season&TeamID=1610612741
2015,2014–15,202710,Jimmy Butler III,0021401189,2015-04-11,CHI vs. PHI,PHI,W,36.385,15,3,11,1,2,8,12,3,3,6,3,2,0,0,1,17,13.6,46.06879606879606,https://www.nba.com/stats/players/boxscores-traditional?Season=2014-15&SeasonType=Regular%20Season&TeamID=1610612741
2015,2014–15,2399,Mike Dunleavy,0021401189,2015-04-11,CHI vs. PHI,PHI,W,34.093333333333334,13,4,10,2,6,3,4,0,5,5,3,1,0,0,1,17,11.399999999999999,55.27210884353742,https://www.nba.com/stats/players/boxscores-traditional?Season=2014-15&SeasonType=Regular%20Season&TeamID=1610612741
2015,2014–15,201959,Taj Gibson,0021401189,2015-04-11,CHI vs. PHI,PHI,W,26.368333333333332,13,6,7,0,0,1,2,3,2,5,0,1,1,3,5,-2,9.499999999999998,82.48730964467005,https://www.nba.com/stats/players/boxscores-traditional?Season=2014-15&SeasonType=Regular%20Season&TeamID=1610612741
2015,2014–15,203503,Tony Snell,0021401189,2015-04-11,CHI vs. PHI,PHI,W,12.986666666666666,11,4,5,3,4,0,0,0,3,3,1,0,0,1,2,3,8.899999999999999,110.00000000000001,https://www.nba.com/stats/players/boxscores-traditional?Season=2014-15&SeasonType=Regular%20Season&TeamID=1610612741
2015,2014–15,201149,Joakim Noah,0021401189,2015-04-11,CHI vs. PHI,PHI,W,30.421666666666667,2,1,3,0,0,0,0,2,5,7,1,1,1,2,3,-3,2.4000000000000004,33.33333333333333,https://www.nba.com/stats/players/boxscores-traditional?Season=2014-15&SeasonType=Regular%20Season&TeamID=1610612741
2015,2014–15,201166,Aaron Brooks,0021401189,2015-04-11,CHI vs. PHI,PHI,W,19.333333333333332,9,4,12,1,5,0,0,0,1,1,3,0,0,2,3,-15,1.4000000000000004,37.5,https://www.nba.com/stats/players/boxscores-traditional?Season=2014-15&SeasonType=Regular%20Season&TeamID=1610612741
2015,2014–15,202703,Nikola Mirotic,0021401189,2015-04-11,CHI vs. PHI,PHI,W,14.933333333333334,5,2,6,1,3,0,0,0,2,2,1,0,0,0,2,-10,2.1000000000000005,41.66666666666667,https://www.nba.com/stats/players/boxscores-traditional?Season=2014-15&SeasonType=Regular%20Season&TeamID=1610612741
2015,2014–15,202734,E'Twaun Moore,0021401189,2015-04-11,CHI vs. PHI,PHI,W,0.18833333333333332,0,0,0,0,0,0,0,0,0,0,0,0,0,0,1,-3,-0.4,0.0,https://www.nba.com/stats/players/boxscores-traditional?Season=2014-15&SeasonType=Regular%20Season&TeamID=1610612741
2015,2014–15,2550,Kirk Hinrich,0021401189,2015-04-11,CHI vs. PHI,PHI,W,5.6,0,0,0,0,0,0,0,0,0,0,0,0,0,0,0,-12,0.0,0.0,https://www.nba.com/stats/players/boxscores-traditional?Season=2014-15&SeasonType=Regular%20Season&TeamID=1610612741
2015,2014–15,2200,Pau Gasol,0021401173,2015-04-09,CHI @ MIA,MIA,W,34.15833333333333,16,8,17,0,0,0,0,5,10,15,1,0,1,0,2,17,14.399999999999999,47.05882352941176,https://www.nba.com/stats/players/boxscores-traditional?Season=2014-15&SeasonType=Regular%20Season&TeamID=1610612741
2015,2014–15,201959,Taj Gibson,0021401173,2015-04-09,CHI @ MIA,MIA,W,33.53333333333333,14,6,12,0,0,2,2,4,8,12,2,0,1,1,1,2,13.9,54.347826086956516,https://www.nba.com/stats/players/boxscores-traditional?Season=2014-15&SeasonType=Regular%20Season&TeamID=1610612741
2015,2014–15,2399,Mike Dunleavy,0021401173,2015-04-09,CHI @ MIA,MIA,W,31.678333333333335,12,5,12,1,4,1,1,0,5,5,2,4,0,1,2,26,10.700000000000001,48.231511254019296,https://www.nba.com/stats/players/boxscores-traditional?Season=2014-15&SeasonType=Regular%20Season&TeamID=1610612741
2015,2014–15,201166,Aaron Brooks,0021401173,2015-04-09,CHI @ MIA,MIA,W,24.43166666666667,14,5,12,2,6,2,2,0,1,1,3,1,0,1,1,13,9.600000000000001,54.347826086956516,https://www.nba.com/stats/players/boxscores-traditional?Season=2014-15&SeasonType=Regular%20Season&TeamID=1610612741
2015,2014–15,202703,Nikola Mirotic,0021401173,2015-04-09,CHI @ MIA,MIA,W,16.971666666666668,9,2,7,2,7,3,4,3,0,3,1,3,0,1,0,-18,9.3,51.369863013698634,https://www.nba.com/stats/players/boxscores-traditional?Season=2014-15&SeasonType=Regular%20Season&TeamID=1610612741
2015,2014–15,201565,Derrick Rose,0021401173,2015-04-09,CHI @ MIA,MIA,W,20.366666666666667,12,5,15,0,3,2,2,1,3,4,2,0,0,3,0,-2,3.5,37.78337531486146,https://www.nba.com/stats/players/boxscores-traditional?Season=2014-15&SeasonType=Regular%20Season&TeamID=1610612741
2015,2014–15,201149,Joakim Noah,0021401173,2015-04-09,CHI @ MIA,MIA,W,27.518333333333334,3,1,6,0,0,1,4,1,5,6,4,1,0,2,2,6,1.2000000000000002,19.329896907216497,https://www.nba.com/stats/players/boxscores-traditional?Season=2014-15&SeasonType=Regular%20Season&TeamID=1610612741
2015,2014–15,203503,Tony Snell,0021401173,2015-04-09,CHI @ MIA,MIA,W,37.87833333333333,7,2,8,1,3,2,2,1,4,5,1,0,0,0,2,15,4.000000000000001,39.41441441441441,https://www.nba.com/stats/players/boxscores-traditional?Season=2014-15&SeasonType=Regular%20Season&TeamID=1610612741
2015,2014–15,2550,Kirk Hinrich,0021401173,2015-04-09,CHI @ MIA,MIA,W,13.463333333333333,2,1,2,0,0,0,0,0,0,0,1,1,0,2,1,-4,0.30000000000000027,50.0,https://www.nba.com/stats/players/boxscores-traditional?Season=2014-15&SeasonType=Regular%20Season&TeamID=1610612741
2015,2014–15,202710,Jimmy Butler III,0021401161,2015-04-08,CHI @ ORL,ORL,L,36.70166666666667,19,6,10,3,4,4,4,1,4,5,6,2,0,2,1,-11,20.099999999999998,80.78231292517007,https://www.nba.com/stats/players/boxscores-traditional?Season=2014-15&SeasonType=Regular%20Season&TeamID=1610612741
2015,2014–15,2200,Pau Gasol,0021401161,2015-04-08,CHI @ ORL,ORL,L,33.641666666666666,15,4,10,0,0,7,9,1,8,9,3,1,3,1,2,2,15.3,53.72492836676217,https://www.nba.com/stats/players/boxscores-traditional?Season=2014-15&SeasonType=Regular%20Season&TeamID=1610612741
2015,2014–15,201959,Taj Gibson,0021401161,2015-04-08,CHI @ ORL,ORL,L,29.05,15,6,12,0,0,3,5,3,4,7,1,0,1,1,3,6,10.699999999999996,52.81690140845071,https://www.nba.com/stats/players/boxscores-traditional?Season=2014-15&SeasonType=Regular%20Season&TeamID=1610612741
2015,2014–15,201166,Aaron Brooks,0021401161,2015-04-08,CHI @ ORL,ORL,L,25.866666666666667,13,5,11,2,4,1,2,1,2,3,2,2,0,2,2,3,8.8,54.71380471380471,https://www.nba.com/stats/players/boxscores-traditional?Season=2014-15&SeasonType=Regular%20Season&TeamID=1610612741
2015,2014–15,202703,Nikola Mirotic,0021401161,2015-04-08,CHI @ ORL,ORL,L,27.133333333333333,15,3,11,3,5,6,7,1,1,2,2,1,0,1,1,3,10.1,53.26704545454546,https://www.nba.com/stats/players/boxscores-traditional?Season=2014-15&SeasonType=Regular%20Season&TeamID=1610612741
2015,2014–15,201149,Joakim Noah,0021401161,2015-04-08,CHI @ ORL,ORL,L,30.8,4,2,6,0,0,0,2,5,6,11,4,2,0,3,2,-12,6.1,29.069767441860467,https://www.nba.com/stats/players/boxscores-traditional?Season=2014-15&SeasonType=Regular%20Season&TeamID=1610612741
2015,2014–15,201565,Derrick Rose,0021401161,2015-04-08,CHI @ ORL,ORL,L,19.4,9,3,9,1,6,2,2,0,2,2,2,1,0,4,1,-3,2.4999999999999982,45.54655870445344,https://www.nba.com/stats/players/boxscores-traditional?Season=2014-15&SeasonType=Regular%20Season&TeamID=1610612741
2015,2014–15,2399,Mike Dunleavy,0021401161,2015-04-08,CHI @ ORL,ORL,L,21.566666666666666,8,3,6,2,4,0,0,0,1,1,3,0,0,1,3,1,5.199999999999999,66.66666666666666,https://www.nba.com/stats/players/boxscores-traditional?Season=2014-15&SeasonType=Regular%20Season&TeamID=1610612741
2015,2014–15,2550,Kirk Hinrich,0021401161,2015-04-08,CHI @ ORL,ORL,L,15.398333333333333,5,2,4,1,3,0,0,0,1,1,2,0,0,0,1,3,4.299999999999999,62.5,https://www.nba.com/stats/players/boxscores-traditional?Season=2014-15&SeasonType=Regular%20Season&TeamID=1610612741
2015,2014–15,203503,Tony Snell,0021401161,2015-04-08,CHI @ ORL,ORL,L,0.44166666666666665,0,0,0,0,0,0,0,0,0,0,0,0,0,0,0,-2,0.0,0.0,https://www.nba.com/stats/players/boxscores-traditional?Season=2014-15&SeasonType=Regular%20Season&TeamID=1610612741
2015,2014–15,2399,Mike Dunleavy,0021401148,2015-04-05,CHI @ CLE,CLE,L,33.425,24,8,12,4,6,4,4,1,4,5,4,1,0,1,2,4,22.7,87.20930232558139,https://www.nba.com/stats/players/boxscores-traditional?Season=2014-15&SeasonType=Regular%20Season&TeamID=1610612741
2015,2014–15,202710,Jimmy Butler III,0021401148,2015-04-05,CHI @ CLE,CLE,L,42.11666666666667,16,6,14,2,3,2,3,1,3,4,5,3,0,2,4,1,12.699999999999998,52.21932114882506,https://www.nba.com/stats/players/boxscores-traditional?Season=2014-15&SeasonType=Regular%20Season&TeamID=1610612741
2015,2014–15,201166,Aaron Brooks,0021401148,2015-04-05,CHI @ CLE,CLE,L,38.16833333333334,17,6,13,2,6,3,4,2,3,5,6,1,0,7,4,0,8.799999999999999,57.58807588075881,https://www.nba.com/stats/players/boxscores-traditional?Season=2014-15&SeasonType=Regular%20Season&TeamID=1610612741
2015,2014–15,202703,Nikola Mirotic,0021401148,2015-04-05,CHI @ CLE,CLE,L,24.116666666666667,12,3,12,3,9,3,6,0,10,10,0,0,0,2,0,2,4.6000000000000005,40.98360655737705,https://www.nba.com/stats/players/boxscores-traditional?Season=2014-15&SeasonType=Regular%20Season&TeamID=1610612741
2015,2014–15,201149,Joakim Noah,0021401148,2015-04-05,CHI @ CLE,CLE,L,32.78333333333333,6,3,3,0,0,0,0,3,5,8,7,2,0,1,3,3,13.399999999999999,100.0,https://www.nba.com/stats/players/boxscores-traditional?Season=2014-15&SeasonType=Regular%20Season&TeamID=1610612741
2015,2014–15,2200,Pau Gasol,0021401148,2015-04-05,CHI @ CLE,CLE,L,30.81833333333333,12,6,13,0,0,0,0,2,7,9,4,0,0,2,3,-2,8.400000000000002,46.15384615384615,https://www.nba.com/stats/players/boxscores-traditional?Season=2014-15&SeasonType=Regular%20Season&TeamID=1610612741
2015,2014–15,201959,Taj Gibson,0021401148,2015-04-05,CHI @ CLE,CLE,L,22.808333333333334,5,1,4,0,0,3,4,0,2,2,0,0,2,1,3,-19,2.000000000000001,43.40277777777778,https://www.nba.com/stats/players/boxscores-traditional?Season=2014-15&SeasonType=Regular%20Season&TeamID=1610612741
2015,2014–15,202734,E'Twaun Moore,0021401148,2015-04-05,CHI @ CLE,CLE,L,9.831666666666667,0,0,2,0,1,0,0,0,1,1,2,0,0,0,2,-5,-0.5,0.0,https://www.nba.com/stats/players/boxscores-traditional?Season=2014-15&SeasonType=Regular%20Season&TeamID=1610612741
2015,2014–15,203503,Tony Snell,0021401148,2015-04-05,CHI @ CLE,CLE,L,5.931666666666667,2,1,3,0,2,0,0,0,1,1,0,0,0,0,1,-9,0.2000000000000003,33.33333333333333,https://www.nba.com/stats/players/boxscores-traditional?Season=2014-15&SeasonType=Regular%20Season&TeamID=1610612741
2015,2014–15,2200,Pau Gasol,0021401131,2015-04-03,CHI vs. DET,DET,W,33.42666666666667,26,11,19,0,0,4,5,6,4,10,0,0,1,1,1,-2,21.400000000000002,61.32075471698113,https://www.nba.com/stats/players/boxscores-traditional?Season=2014-15&SeasonType=Regular%20Season&TeamID=1610612741
2015,2014–15,201149,Joakim Noah,0021401131,2015-04-03,CHI vs. DET,DET,W,28.673333333333332,6,3,5,0,0,0,0,5,4,9,10,1,1,1,4,6,14.499999999999998,60.0,https://www.nba.com/stats/players/boxscores-traditional?Season=2014-15&SeasonType=Regular%20Season&TeamID=1610612741
2015,2014–15,201959,Taj Gibson,0021401131,2015-04-03,CHI vs. DET,DET,W,33.9,10,4,13,0,0,2,2,4,5,9,0,3,2,3,1,8,7.800000000000001,36.023054755043226,https://www.nba.com/stats/players/boxscores-traditional?Season=2014-15&SeasonType=Regular%20Season&TeamID=1610612741
2015,2014–15,202710,Jimmy Butler III,0021401131,2015-04-03,CHI vs. DET,DET,W,39.18333333333333,18,6,16,1,2,5,6,1,1,2,3,1,0,2,3,17,9.7,48.283261802575105,https://www.nba.com/stats/players/boxscores-traditional?Season=2014-15&SeasonType=Regular%20Season&TeamID=1610612741
2015,2014–15,202703,Nikola Mirotic,0021401131,2015-04-03,CHI vs. DET,DET,W,20.123333333333335,11,3,7,0,3,5,6,1,5,6,1,1,0,0,1,18,10.399999999999999,57.05394190871369,https://www.nba.com/stats/players/boxscores-traditional?Season=2014-15&SeasonType=Regular%20Season&TeamID=1610612741
2015,2014–15,2399,Mike Dunleavy,0021401131,2015-04-03,CHI vs. DET,DET,W,27.083333333333332,7,2,6,1,4,2,2,1,4,5,1,1,0,2,1,-8,4.800000000000001,50.872093023255815,https://www.nba.com/stats/players/boxscores-traditional?Season=2014-15&SeasonType=Regular%20Season&TeamID=1610612741
2015,2014–15,202734,E'Twaun Moore,0021401131,2015-04-03,CHI vs. DET,DET,W,22.45,5,2,7,1,2,0,0,1,1,2,2,1,1,1,3,-2,2.8000000000000007,35.714285714285715,https://www.nba.com/stats/players/boxscores-traditional?Season=2014-15&SeasonType=Regular%20Season&TeamID=1610612741
2015,2014–15,201166,Aaron Brooks,0021401131,2015-04-03,CHI vs. DET,DET,W,25.55,5,2,9,1,4,0,0,0,0,0,1,0,0,0,1,8,-0.20000000000000007,27.77777777777778,https://www.nba.com/stats/players/boxscores-traditional?Season=2014-15&SeasonType=Regular%20Season&TeamID=1610612741
2015,2014–15,203503,Tony Snell,0021401131,2015-04-03,CHI vs. DET,DET,W,9.61,0,0,3,0,2,0,0,0,1,1,0,1,0,0,0,-15,-0.7999999999999996,0.0,https://www.nba.com/stats/players/boxscores-traditional?Season=2014-15&SeasonType=Regular%20Season&TeamID=1610612741
2015,2014–15,202710,Jimmy Butler III,0021401118,2015-04-01,CHI @ MIL,MIL,L,40.61666666666667,25,8,18,1,4,8,8,3,4,7,3,3,1,2,2,0,21.9,58.085501858736066,https://www.nba.com/stats/players/boxscores-traditional?Season=2014-15&SeasonType=Regular%20Season&TeamID=1610612741
2015,2014–15,2200,Pau Gasol,0021401118,2015-04-01,CHI @ MIL,MIL,L,33.638333333333335,14,5,11,0,1,4,7,4,7,11,4,1,0,3,1,6,12.4,49.715909090909086,https://www.nba.com/stats/players/boxscores-traditional?Season=2014-15&SeasonType=Regular%20Season&TeamID=1610612741
2015,2014–15,201166,Aaron Brooks,0021401118,2015-04-01,CHI @ MIL,MIL,L,37.12166666666667,11,4,11,2,6,1,3,1,2,3,3,3,1,4,3,2,6.0,44.64285714285714,https://www.nba.com/stats/players/boxscores-traditional?Season=2014-15&SeasonType=Regular%20Season&TeamID=1610612741
2015,2014–15,2399,Mike Dunleavy,0021401118,2015-04-01,CHI @ MIL,MIL,L,25.938333333333333,11,3,7,1,4,4,7,0,1,1,5,0,0,2,1,7,7.499999999999998,54.563492063492056,https://www.nba.com/stats/players/boxscores-traditional?Season=2014-15&SeasonType=Regular%20Season&TeamID=1610612741
2015,2014–15,201959,Taj Gibson,0021401118,2015-04-01,CHI @ MIL,MIL,L,19.928333333333335,12,5,6,0,0,2,3,2,2,4,1,0,0,0,5,1,10.1,81.9672131147541,https://www.nba.com/stats/players/boxscores-traditional?Season=2014-15&SeasonType=Regular%20Season&TeamID=1610612741
2015,2014–15,201149,Joakim Noah,0021401118,2015-04-01,CHI @ MIL,MIL,L,31.163333333333334,4,1,2,0,0,2,4,1,5,6,2,1,1,3,4,-9,2.9000000000000004,53.191489361702125,https://www.nba.com/stats/players/boxscores-traditional?Season=2014-15&SeasonType=Regular%20Season&TeamID=1610612741
2015,2014–15,202703,Nikola Mirotic,0021401118,2015-04-01,CHI @ MIL,MIL,L,22.87,6,3,10,0,5,0,0,1,5,6,0,1,0,4,2,-9,-1.3999999999999995,30.0,https://www.nba.com/stats/players/boxscores-traditional?Season=2014-15&SeasonType=Regular%20Season&TeamID=1610612741
2015,2014–15,2550,Kirk Hinrich,0021401118,2015-04-01,CHI @ MIL,MIL,L,9.495,3,1,3,1,2,0,0,0,2,2,0,1,0,1,1,-7,1.5000000000000004,50.0,https://www.nba.com/stats/players/boxscores-traditional?Season=2014-15&SeasonType=Regular%20Season&TeamID=1610612741
2015,2014–15,202734,E'Twaun Moore,0021401118,2015-04-01,CHI @ MIL,MIL,L,7.9783333333333335,4,1,5,0,3,2,2,0,0,0,0,1,0,0,1,-5,1.5000000000000004,34.01360544217687,https://www.nba.com/stats/players/boxscores-traditional?Season=2014-15&SeasonType=Regular%20Season&TeamID=1610612741
2015,2014–15,203503,Tony Snell,0021401118,2015-04-01,CHI @ MIL,MIL,L,11.25,1,0,1,0,1,1,3,0,0,0,0,0,0,1,1,-6,-1.9,21.551724137931032,https://www.nba.com/stats/players/boxscores-traditional?Season=2014-15&SeasonType=Regular%20Season&TeamID=1610612741
2015,2014–15,202703,Nikola Mirotic,0021401088,2015-03-28,CHI vs. NYK,NYK,W,25.7,24,8,15,3,7,5,6,2,4,6,2,1,1,2,4,19,18.399999999999995,68.02721088435374,https://www.nba.com/stats/players/boxscores-traditional?Season=2014-15&SeasonType=Regular%20Season&TeamID=1610612741
2015,2014–15,202710,Jimmy Butler III,0021401088,2015-03-28,CHI vs. NYK,NYK,W,25.633333333333333,18,5,9,0,0,8,8,1,2,3,4,5,1,0,0,22,23.5,71.8849840255591,https://www.nba.com/stats/players/boxscores-traditional?Season=2014-15&SeasonType=Regular%20Season&TeamID=1610612741
2015,2014–15,2200,Pau Gasol,0021401088,2015-03-28,CHI vs. NYK,NYK,W,27.543333333333333,19,8,15,0,1,3,5,2,10,12,4,0,0,3,0,27,15.099999999999998,55.23255813953488,https://www.nba.com/stats/players/boxscores-traditional?Season=2014-15&SeasonType=Regular%20Season&TeamID=1610612741
2015,2014–15,201166,Aaron Brooks,0021401088,2015-03-28,CHI vs. NYK,NYK,W,26.083333333333332,12,5,9,2,3,0,0,0,1,1,5,1,0,0,1,22,12.1,66.66666666666666,https://www.nba.com/stats/players/boxscores-traditional?Season=2014-15&SeasonType=Regular%20Season&TeamID=1610612741
2015,2014–15,201959,Taj Gibson,0021401088,2015-03-28,CHI vs. NYK,NYK,W,23.75,12,5,7,0,0,2,2,1,7,8,0,0,1,3,3,15,8.399999999999999,76.14213197969544,https://www.nba.com/stats/players/boxscores-traditional?Season=2014-15&SeasonType=Regular%20Season&TeamID=1610612741
2015,2014–15,2399,Mike Dunleavy,0021401088,2015-03-28,CHI vs. NYK,NYK,W,25.666666666666668,10,4,9,1,2,1,1,2,3,5,1,1,0,0,0,23,9.299999999999999,52.96610169491526,https://www.nba.com/stats/players/boxscores-traditional?Season=2014-15&SeasonType=Regular%20Season&TeamID=1610612741
2015,2014–15,201149,Joakim Noah,0021401088,2015-03-28,CHI vs. NYK,NYK,W,23.483333333333334,6,3,7,0,0,0,0,1,6,7,2,0,1,1,2,10,5.100000000000001,42.857142857142854,https://www.nba.com/stats/players/boxscores-traditional?Season=2014-15&SeasonType=Regular%20Season&TeamID=1610612741
2015,2014–15,203503,Tony Snell,0021401088,2015-03-28,CHI vs. NYK,NYK,W,24.49,6,3,7,0,2,0,0,2,4,6,5,0,0,2,2,9,5.6000000000000005,42.857142857142854,https://www.nba.com/stats/players/boxscores-traditional?Season=2014-15&SeasonType=Regular%20Season&TeamID=1610612741
2015,2014–15,1737,Nazr Mohammed,0021401088,2015-03-28,CHI vs. NYK,NYK,W,5.933333333333334,2,1,2,0,0,0,0,1,2,3,0,0,1,0,2,-2,2.2,50.0,https://www.nba.com/stats/players/boxscores-traditional?Season=2014-15&SeasonType=Regular%20Season&TeamID=1610612741
2015,2014–15,202734,E'Twaun Moore,0021401088,2015-03-28,CHI vs. NYK,NYK,W,8.316666666666666,2,1,2,0,0,0,0,0,0,0,2,0,0,1,1,-2,1.0,50.0,https://www.nba.com/stats/players/boxscores-traditional?Season=2014-15&SeasonType=Regular%20Season&TeamID=1610612741
2015,2014–15,2550,Kirk Hinrich,0021401088,2015-03-28,CHI vs. NYK,NYK,W,20.683333333333334,0,0,2,0,2,0,0,0,0,0,3,0,0,0,1,16,0.2999999999999997,0.0,https://www.nba.com/stats/players/boxscores-traditional?Season=2014-15&SeasonType=Regular%20Season&TeamID=1610612741
2015,2014–15,203946,Cameron Bairstow,0021401088,2015-03-28,CHI vs. NYK,NYK,W,2.716666666666667,0,0,0,0,0,0,0,0,0,0,0,0,0,0,0,-4,0.0,0.0,https://www.nba.com/stats/players/boxscores-traditional?Season=2014-15&SeasonType=Regular%20Season&TeamID=1610612741
2015,2014–15,201166,Aaron Brooks,0021401065,2015-03-25,CHI @ TOR,TOR,W,32.5,16,6,14,4,8,0,0,0,5,5,5,1,1,2,1,11,12.899999999999999,57.14285714285714,https://www.nba.com/stats/players/boxscores-traditional?Season=2014-15&SeasonType=Regular%20Season&TeamID=1610612741
2015,2014–15,202710,Jimmy Butler III,0021401065,2015-03-25,CHI @ TOR,TOR,W,38.93333333333333,23,7,8,2,3,7,9,2,3,5,3,0,0,1,1,11,22.4,96.15384615384615,https://www.nba.com/stats/players/boxscores-traditional?Season=2014-15&SeasonType=Regular%20Season&TeamID=1610612741
2015,2014–15,2200,Pau Gasol,0021401065,2015-03-25,CHI @ TOR,TOR,W,33.583333333333336,18,7,17,0,1,4,4,0,4,4,3,0,2,0,1,8,13.200000000000001,47.97441364605543,https://www.nba.com/stats/players/boxscores-traditional?Season=2014-15&SeasonType=Regular%20Season&TeamID=1610612741
2015,2014–15,2399,Mike Dunleavy,0021401065,2015-03-25,CHI @ TOR,TOR,W,29.716666666666665,9,4,5,1,1,0,0,0,7,7,2,1,2,2,3,-7,9.8,90.0,https://www.nba.com/stats/players/boxscores-traditional?Season=2014-15&SeasonType=Regular%20Season&TeamID=1610612741
2015,2014–15,201149,Joakim Noah,0021401065,2015-03-25,CHI @ TOR,TOR,W,28.233333333333334,9,4,4,0,0,1,2,0,5,5,5,1,1,0,4,-7,12.499999999999998,92.21311475409836,https://www.nba.com/stats/players/boxscores-traditional?Season=2014-15&SeasonType=Regular%20Season&TeamID=1610612741
2015,2014–15,203503,Tony Snell,0021401065,2015-03-25,CHI @ TOR,TOR,W,17.5,17,7,9,3,5,0,0,0,1,1,2,0,0,0,1,16,14.8,94.44444444444444,https://www.nba.com/stats/players/boxscores-traditional?Season=2014-15&SeasonType=Regular%20Season&TeamID=1610612741
2015,2014–15,202703,Nikola Mirotic,0021401065,2015-03-25,CHI @ TOR,TOR,W,27.916666666666668,15,6,11,1,4,2,2,0,2,2,2,1,0,2,4,24,9.1,63.13131313131313,https://www.nba.com/stats/players/boxscores-traditional?Season=2014-15&SeasonType=Regular%20Season&TeamID=1610612741
2015,2014–15,2550,Kirk Hinrich,0021401065,2015-03-25,CHI @ TOR,TOR,W,17.683333333333334,7,3,5,1,1,0,0,0,2,2,2,0,0,1,0,8,5.699999999999999,70.0,https://www.nba.com/stats/players/boxscores-traditional?Season=2014-15&SeasonType=Regular%20Season&TeamID=1610612741
2015,2014–15,201959,Taj Gibson,0021401065,2015-03-25,CHI @ TOR,TOR,W,13.933333333333334,2,1,1,0,0,0,0,0,0,0,2,0,0,0,1,1,2.6999999999999997,100.0,https://www.nba.com/stats/players/boxscores-traditional?Season=2014-15&SeasonType=Regular%20Season&TeamID=1610612741
2015,2014–15,2200,Pau Gasol,0021401051,2015-03-23,CHI vs. CHA,CHA,W,32.843333333333334,27,11,19,1,1,4,6,2,10,12,3,1,4,0,2,9,26.799999999999997,62.38447319778189,https://www.nba.com/stats/players/boxscores-traditional?Season=2014-15&SeasonType=Regular%20Season&TeamID=1610612741
2015,2014–15,202703,Nikola Mirotic,0021401051,2015-03-23,CHI vs. CHA,CHA,W,31.55,28,10,19,1,6,7,10,0,8,8,2,0,1,2,2,5,19.2,59.82905982905983,https://www.nba.com/stats/players/boxscores-traditional?Season=2014-15&SeasonType=Regular%20Season&TeamID=1610612741
2015,2014–15,202710,Jimmy Butler III,0021401051,2015-03-23,CHI vs. CHA,CHA,W,39.5,19,6,20,0,2,7,10,3,6,9,1,0,0,1,3,13,8.599999999999998,38.934426229508205,https://www.nba.com/stats/players/boxscores-traditional?Season=2014-15&SeasonType=Regular%20Season&TeamID=1610612741
2015,2014–15,201166,Aaron Brooks,0021401051,2015-03-23,CHI vs. CHA,CHA,W,33.36666666666667,13,6,10,0,2,1,1,0,1,1,10,0,0,1,3,9,13.5,62.26053639846744,https://www.nba.com/stats/players/boxscores-traditional?Season=2014-15&SeasonType=Regular%20Season&TeamID=1610612741
2015,2014–15,201959,Taj Gibson,0021401051,2015-03-23,CHI vs. CHA,CHA,W,31.606666666666666,4,1,5,0,0,2,2,1,6,7,0,3,1,2,2,10,4.300000000000001,34.01360544217687,https://www.nba.com/stats/players/boxscores-traditional?Season=2014-15&SeasonType=Regular%20Season&TeamID=1610612741
2015,2014–15,2399,Mike Dunleavy,0021401051,2015-03-23,CHI vs. CHA,CHA,W,25.35,2,1,4,0,2,0,0,0,6,6,3,0,0,0,1,6,3.0999999999999996,25.0,https://www.nba.com/stats/players/boxscores-traditional?Season=2014-15&SeasonType=Regular%20Season&TeamID=1610612741
2015,2014–15,2550,Kirk Hinrich,0021401051,2015-03-23,CHI vs. CHA,CHA,W,29.5,5,2,4,1,2,0,0,0,2,2,1,1,0,0,4,7,3.6999999999999997,62.5,https://www.nba.com/stats/players/boxscores-traditional?Season=2014-15&SeasonType=Regular%20Season&TeamID=1610612741
2015,2014–15,203503,Tony Snell,0021401051,2015-03-23,CHI vs. CHA,CHA,W,16.283333333333335,0,0,1,0,1,0,0,0,1,1,1,0,1,0,3,1,-0.20000000000000018,0.0,https://www.nba.com/stats/players/boxscores-traditional?Season=2014-15&SeasonType=Regular%20Season&TeamID=1610612741
2015,2014–15,2200,Pau Gasol,0021401033,2015-03-21,CHI @ DET,DET,L,31.06833333333333,27,10,16,1,1,6,6,1,9,10,1,0,0,0,2,-22,23.099999999999998,72.42489270386265,https://www.nba.com/stats/players/boxscores-traditional?Season=2014-15&SeasonType=Regular%20Season&TeamID=1610612741
2015,2014–15,201166,Aaron Brooks,0021401033,2015-03-21,CHI @ DET,DET,L,36.88333333333333,19,6,12,3,5,4,4,0,3,3,5,0,1,1,3,-9,15.899999999999999,69.04069767441861,https://www.nba.com/stats/players/boxscores-traditional?Season=2014-15&SeasonType=Regular%20Season&TeamID=1610612741
2015,2014–15,201149,Joakim Noah,0021401033,2015-03-21,CHI @ DET,DET,L,29.45,6,3,8,0,0,0,2,4,9,13,7,1,0,4,1,-4,7.799999999999999,33.78378378378378,https://www.nba.com/stats/players/boxscores-traditional?Season=2014-15&SeasonType=Regular%20Season&TeamID=1610612741
2015,2014–15,202703,Nikola Mirotic,0021401033,2015-03-21,CHI @ DET,DET,L,23.883333333333333,8,1,8,1,5,5,5,0,5,5,4,0,0,2,1,5,4.7,39.21568627450981,https://www.nba.com/stats/players/boxscores-traditional?Season=2014-15&SeasonType=Regular%20Season&TeamID=1610612741
2015,2014–15,201959,Taj Gibson,0021401033,2015-03-21,CHI @ DET,DET,L,18.583333333333332,13,6,8,0,0,1,2,2,1,3,0,0,0,0,0,-4,11.100000000000001,73.1981981981982,https://www.nba.com/stats/players/boxscores-traditional?Season=2014-15&SeasonType=Regular%20Season&TeamID=1610612741
2015,2014–15,2399,Mike Dunleavy,0021401033,2015-03-21,CHI @ DET,DET,L,33.61666666666667,9,3,10,0,5,3,4,0,5,5,0,1,0,3,2,-25,1.4999999999999991,38.265306122448976,https://www.nba.com/stats/players/boxscores-traditional?Season=2014-15&SeasonType=Regular%20Season&TeamID=1610612741
2015,2014–15,2550,Kirk Hinrich,0021401033,2015-03-21,CHI @ DET,DET,L,25.116666666666667,5,2,6,1,2,0,1,1,2,3,0,0,0,1,1,-12,1.1000000000000005,38.81987577639751,https://www.nba.com/stats/players/boxscores-traditional?Season=2014-15&SeasonType=Regular%20Season&TeamID=1610612741
2015,2014–15,203503,Tony Snell,0021401033,2015-03-21,CHI @ DET,DET,L,36.06666666666667,2,1,8,0,3,0,0,0,2,2,4,0,0,0,0,-15,0.20000000000000018,12.5,https://www.nba.com/stats/players/boxscores-traditional?Season=2014-15&SeasonType=Regular%20Season&TeamID=1610612741
2015,2014–15,202734,E'Twaun Moore,0021401033,2015-03-21,CHI @ DET,DET,L,1.8316666666666668,2,1,1,0,0,0,0,0,0,0,0,0,0,0,1,2,1.2999999999999998,100.0,https://www.nba.com/stats/players/boxscores-traditional?Season=2014-15&SeasonType=Regular%20Season&TeamID=1610612741
2015,2014–15,203926,Doug McDermott,0021401033,2015-03-21,CHI @ DET,DET,L,1.75,0,0,0,0,0,0,0,0,0,0,1,0,0,0,0,2,0.7,0.0,https://www.nba.com/stats/players/boxscores-traditional?Season=2014-15&SeasonType=Regular%20Season&TeamID=1610612741
2015,2014–15,1737,Nazr Mohammed,0021401033,2015-03-21,CHI @ DET,DET,L,1.75,0,0,0,0,0,0,0,0,1,1,0,0,0,0,0,2,0.3,0.0,https://www.nba.com/stats/players/boxscores-traditional?Season=2014-15&SeasonType=Regular%20Season&TeamID=1610612741
2015,2014–15,202703,Nikola Mirotic,0021401025,2015-03-20,CHI vs. TOR,TOR,W,31.546666666666667,29,11,21,3,11,4,5,2,9,11,1,0,4,2,3,14,22.7,62.5,https://www.nba.com/stats/players/boxscores-traditional?Season=2014-15&SeasonType=Regular%20Season&TeamID=1610612741
2015,2014–15,201149,Joakim Noah,0021401025,2015-03-20,CHI vs. TOR,TOR,W,32.35,8,4,7,0,0,0,0,3,7,10,14,1,1,1,4,5,17.799999999999997,57.14285714285714,https://www.nba.com/stats/players/boxscores-traditional?Season=2014-15&SeasonType=Regular%20Season&TeamID=1610612741
2015,2014–15,2399,Mike Dunleavy,0021401025,2015-03-20,CHI vs. TOR,TOR,W,28.866666666666667,21,8,13,3,6,2,3,2,1,3,2,2,0,1,2,16,17.999999999999996,73.32402234636871,https://www.nba.com/stats/players/boxscores-traditional?Season=2014-15&SeasonType=Regular%20Season&TeamID=1610612741
2015,2014–15,2200,Pau Gasol,0021401025,2015-03-20,CHI vs. TOR,TOR,W,27.908333333333335,11,3,9,0,0,5,5,1,8,9,6,0,1,2,0,19,11.899999999999999,49.10714285714286,https://www.nba.com/stats/players/boxscores-traditional?Season=2014-15&SeasonType=Regular%20Season&TeamID=1610612741
2015,2014–15,201166,Aaron Brooks,0021401025,2015-03-20,CHI vs. TOR,TOR,W,33.065,11,4,11,1,4,2,2,3,3,6,5,0,0,3,2,12,7.6,46.29629629629629,https://www.nba.com/stats/players/boxscores-traditional?Season=2014-15&SeasonType=Regular%20Season&TeamID=1610612741
2015,2014–15,2550,Kirk Hinrich,0021401025,2015-03-20,CHI vs. TOR,TOR,W,28.08,7,3,3,1,1,0,0,0,1,1,2,0,1,1,2,14,6.699999999999998,116.66666666666667,https://www.nba.com/stats/players/boxscores-traditional?Season=2014-15&SeasonType=Regular%20Season&TeamID=1610612741
2015,2014–15,203503,Tony Snell,0021401025,2015-03-20,CHI vs. TOR,TOR,W,33.96333333333333,10,5,8,0,3,0,0,0,2,2,1,0,0,1,4,17,5.1,62.5,https://www.nba.com/stats/players/boxscores-traditional?Season=2014-15&SeasonType=Regular%20Season&TeamID=1610612741
2015,2014–15,201959,Taj Gibson,0021401025,2015-03-20,CHI vs. TOR,TOR,W,10.643333333333333,6,2,2,0,0,2,2,1,2,3,1,1,0,0,1,-4,8.0,104.16666666666667,https://www.nba.com/stats/players/boxscores-traditional?Season=2014-15&SeasonType=Regular%20Season&TeamID=1610612741
2015,2014–15,203926,Doug McDermott,0021401025,2015-03-20,CHI vs. TOR,TOR,W,4.266666666666667,3,1,3,1,3,0,0,1,0,1,0,0,0,1,2,-5,0.19999999999999996,50.0,https://www.nba.com/stats/players/boxscores-traditional?Season=2014-15&SeasonType=Regular%20Season&TeamID=1610612741
2015,2014–15,202734,E'Twaun Moore,0021401025,2015-03-20,CHI vs. TOR,TOR,W,7.4366666666666665,2,1,2,0,0,0,0,0,1,1,0,0,0,0,1,-4,0.9,50.0,https://www.nba.com/stats/players/boxscores-traditional?Season=2014-15&SeasonType=Regular%20Season&TeamID=1610612741
2015,2014–15,1737,Nazr Mohammed,0021401025,2015-03-20,CHI vs. TOR,TOR,W,0.9366666666666666,0,0,0,0,0,0,0,0,0,0,0,0,0,0,0,-2,0.0,0.0,https://www.nba.com/stats/players/boxscores-traditional?Season=2014-15&SeasonType=Regular%20Season&TeamID=1610612741
2015,2014–15,203946,Cameron Bairstow,0021401025,2015-03-20,CHI vs. TOR,TOR,W,0.9366666666666666,0,0,0,0,0,0,0,0,0,0,0,0,0,0,0,-2,0.0,0.0,https://www.nba.com/stats/players/boxscores-traditional?Season=2014-15&SeasonType=Regular%20Season&TeamID=1610612741
2015,2014–15,202703,Nikola Mirotic,0021401009,2015-03-18,CHI vs. IND,IND,W,30.685,25,8,15,1,7,8,9,1,8,9,2,2,2,2,2,21,22.399999999999995,65.92827004219409,https://www.nba.com/stats/players/boxscores-traditional?Season=2014-15&SeasonType=Regular%20Season&TeamID=1610612741
2015,2014–15,2399,Mike Dunleavy,0021401009,2015-03-18,CHI vs. IND,IND,W,38.516666666666666,21,7,14,5,8,2,2,0,5,5,2,1,1,2,3,12,15.399999999999999,70.56451612903226,https://www.nba.com/stats/players/boxscores-traditional?Season=2014-15&SeasonType=Regular%20Season&TeamID=1610612741
2015,2014–15,2200,Pau Gasol,0021401009,2015-03-18,CHI vs. IND,IND,W,33.045,19,7,13,1,1,4,4,1,11,12,2,0,0,1,2,7,16.299999999999997,64.36314363143632,https://www.nba.com/stats/players/boxscores-traditional?Season=2014-15&SeasonType=Regular%20Season&TeamID=1610612741
2015,2014–15,201149,Joakim Noah,0021401009,2015-03-18,CHI vs. IND,IND,W,29.128333333333334,6,2,7,0,0,2,4,4,10,14,7,0,0,2,4,18,8.200000000000001,34.24657534246575,https://www.nba.com/stats/players/boxscores-traditional?Season=2014-15&SeasonType=Regular%20Season&TeamID=1610612741
2015,2014–15,203503,Tony Snell,0021401009,2015-03-18,CHI vs. IND,IND,W,39.88333333333333,14,5,11,2,5,2,2,1,7,8,1,0,0,2,3,6,8.599999999999998,58.92255892255892,https://www.nba.com/stats/players/boxscores-traditional?Season=2014-15&SeasonType=Regular%20Season&TeamID=1610612741
2015,2014–15,201166,Aaron Brooks,0021401009,2015-03-18,CHI vs. IND,IND,W,27.388333333333332,13,3,10,0,2,7,7,2,0,2,2,1,0,2,5,14,7.0,49.69418960244648,https://www.nba.com/stats/players/boxscores-traditional?Season=2014-15&SeasonType=Regular%20Season&TeamID=1610612741
2015,2014–15,2550,Kirk Hinrich,0021401009,2015-03-18,CHI vs. IND,IND,W,22.501666666666665,5,2,4,1,1,0,0,0,1,1,4,1,1,1,1,16,6.3999999999999995,62.5,https://www.nba.com/stats/players/boxscores-traditional?Season=2014-15&SeasonType=Regular%20Season&TeamID=1610612741
2015,2014–15,202734,E'Twaun Moore,0021401009,2015-03-18,CHI vs. IND,IND,W,6.226666666666667,0,0,3,0,0,0,0,0,0,0,2,1,0,0,3,-2,-0.8999999999999999,0.0,https://www.nba.com/stats/players/boxscores-traditional?Season=2014-15&SeasonType=Regular%20Season&TeamID=1610612741
2015,2014–15,1737,Nazr Mohammed,0021401009,2015-03-18,CHI vs. IND,IND,W,5.598333333333334,0,0,2,0,0,0,0,0,1,1,0,0,0,0,0,-4,-1.0999999999999999,0.0,https://www.nba.com/stats/players/boxscores-traditional?Season=2014-15&SeasonType=Regular%20Season&TeamID=1610612741
2015,2014–15,203926,Doug McDermott,0021401009,2015-03-18,CHI vs. IND,IND,W,6.5216666666666665,0,0,3,0,0,0,0,0,0,0,0,0,0,0,0,-1,-2.0999999999999996,0.0,https://www.nba.com/stats/players/boxscores-traditional?Season=2014-15&SeasonType=Regular%20Season&TeamID=1610612741
2015,2014–15,203946,Cameron Bairstow,0021401009,2015-03-18,CHI vs. IND,IND,W,0.505,0,0,0,0,0,0,0,0,0,0,0,0,0,0,0,-2,0.0,0.0,https://www.nba.com/stats/players/boxscores-traditional?Season=2014-15&SeasonType=Regular%20Season&TeamID=1610612741
2015,2014–15,202703,Nikola Mirotic,0021400982,2015-03-15,CHI @ OKC,OKC,L,29.676666666666666,27,8,18,2,8,9,9,2,2,4,1,2,1,2,4,-8,19.4,61.47540983606557,https://www.nba.com/stats/players/boxscores-traditional?Season=2014-15&SeasonType=Regular%20Season&TeamID=1610612741
2015,2014–15,2200,Pau Gasol,0021400982,2015-03-15,CHI @ OKC,OKC,L,35.13333333333333,20,9,17,1,1,1,2,4,4,8,1,1,2,1,2,-9,16.599999999999998,55.92841163310962,https://www.nba.com/stats/players/boxscores-traditional?Season=2014-15&SeasonType=Regular%20Season&TeamID=1610612741
2015,2014–15,201149,Joakim Noah,0021400982,2015-03-15,CHI @ OKC,OKC,L,31.19,15,6,7,0,0,3,5,1,2,3,7,1,0,1,2,-1,17.099999999999998,81.5217391304348,https://www.nba.com/stats/players/boxscores-traditional?Season=2014-15&SeasonType=Regular%20Season&TeamID=1610612741
2015,2014–15,202734,E'Twaun Moore,0021400982,2015-03-15,CHI @ OKC,OKC,L,29.483333333333334,12,4,8,2,4,2,4,1,3,4,2,1,0,2,4,2,7.600000000000001,61.47540983606557,https://www.nba.com/stats/players/boxscores-traditional?Season=2014-15&SeasonType=Regular%20Season&TeamID=1610612741
2015,2014–15,203503,Tony Snell,0021400982,2015-03-15,CHI @ OKC,OKC,L,37.8,8,3,10,2,6,0,0,0,4,4,3,0,0,0,2,-17,4.699999999999999,40.0,https://www.nba.com/stats/players/boxscores-traditional?Season=2014-15&SeasonType=Regular%20Season&TeamID=1610612741
2015,2014–15,201166,Aaron Brooks,0021400982,2015-03-15,CHI @ OKC,OKC,L,30.3,11,5,14,0,6,1,2,0,1,1,3,0,0,3,1,-4,1.8000000000000007,36.96236559139785,https://www.nba.com/stats/players/boxscores-traditional?Season=2014-15&SeasonType=Regular%20Season&TeamID=1610612741
2015,2014–15,2550,Kirk Hinrich,0021400982,2015-03-15,CHI @ OKC,OKC,L,17.7,4,1,3,1,1,1,2,0,4,4,2,0,0,1,4,-5,1.9,51.54639175257733,https://www.nba.com/stats/players/boxscores-traditional?Season=2014-15&SeasonType=Regular%20Season&TeamID=1610612741
2015,2014–15,2399,Mike Dunleavy,0021400982,2015-03-15,CHI @ OKC,OKC,L,23.3,3,1,5,1,3,0,0,1,4,5,1,0,0,1,4,3,-0.10000000000000009,30.0,https://www.nba.com/stats/players/boxscores-traditional?Season=2014-15&SeasonType=Regular%20Season&TeamID=1610612741
2015,2014–15,203926,Doug McDermott,0021400982,2015-03-15,CHI @ OKC,OKC,L,5.416666666666667,0,0,1,0,0,0,0,0,0,0,0,0,0,0,1,-6,-1.1,0.0,https://www.nba.com/stats/players/boxscores-traditional?Season=2014-15&SeasonType=Regular%20Season&TeamID=1610612741
2015,2014–15,202703,Nikola Mirotic,0021400967,2015-03-13,CHI @ CHA,CHA,L,34.916666666666664,15,5,15,2,8,3,4,2,7,9,3,1,2,1,3,-11,11.899999999999999,44.749403341288776,https://www.nba.com/stats/players/boxscores-traditional?Season=2014-15&SeasonType=Regular%20Season&TeamID=1610612741
2015,2014–15,2200,Pau Gasol,0021400967,2015-03-13,CHI @ CHA,CHA,L,36.245,18,7,15,1,1,3,4,1,7,8,3,0,2,4,2,5,11.399999999999999,53.69928400954653,https://www.nba.com/stats/players/boxscores-traditional?Season=2014-15&SeasonType=Regular%20Season&TeamID=1610612741
2015,2014–15,201166,Aaron Brooks,0021400967,2015-03-13,CHI @ CHA,CHA,L,34.483333333333334,24,9,17,3,7,3,5,0,2,2,4,0,0,1,3,-4,16.1,62.5,https://www.nba.com/stats/players/boxscores-traditional?Season=2014-15&SeasonType=Regular%20Season&TeamID=1610612741
2015,2014–15,203503,Tony Snell,0021400967,2015-03-13,CHI @ CHA,CHA,L,36.2,17,5,12,5,9,2,2,0,4,4,1,1,0,1,1,-8,12.1,65.99378881987577,https://www.nba.com/stats/players/boxscores-traditional?Season=2014-15&SeasonType=Regular%20Season&TeamID=1610612741
2015,2014–15,203926,Doug McDermott,0021400967,2015-03-13,CHI @ CHA,CHA,L,22.383333333333333,13,4,6,3,4,2,2,0,5,5,0,0,0,1,3,-7,9.7,94.47674418604652,https://www.nba.com/stats/players/boxscores-traditional?Season=2014-15&SeasonType=Regular%20Season&TeamID=1610612741
2015,2014–15,201149,Joakim Noah,0021400967,2015-03-13,CHI @ CHA,CHA,L,24.233333333333334,1,0,3,0,0,1,2,1,5,6,6,0,0,2,5,-12,0.8999999999999995,12.886597938144332,https://www.nba.com/stats/players/boxscores-traditional?Season=2014-15&SeasonType=Regular%20Season&TeamID=1610612741
2015,2014–15,2399,Mike Dunleavy,0021400967,2015-03-13,CHI @ CHA,CHA,L,25.616666666666667,3,1,4,1,2,0,0,0,1,1,1,1,1,0,3,-3,2.0999999999999996,37.5,https://www.nba.com/stats/players/boxscores-traditional?Season=2014-15&SeasonType=Regular%20Season&TeamID=1610612741
2015,2014–15,202734,E'Twaun Moore,0021400967,2015-03-13,CHI @ CHA,CHA,L,11.8,0,0,5,0,1,0,0,0,1,1,0,1,0,0,1,-2,-2.6,0.0,https://www.nba.com/stats/players/boxscores-traditional?Season=2014-15&SeasonType=Regular%20Season&TeamID=1610612741
2015,2014–15,2550,Kirk Hinrich,0021400967,2015-03-13,CHI @ CHA,CHA,L,13.516666666666667,0,0,5,0,0,0,0,0,0,0,0,0,1,0,4,-6,-4.4,0.0,https://www.nba.com/stats/players/boxscores-traditional?Season=2014-15&SeasonType=Regular%20Season&TeamID=1610612741
2015,2014–15,1737,Nazr Mohammed,0021400967,2015-03-13,CHI @ CHA,CHA,L,0.605,0,0,0,0,0,0,0,0,0,0,0,0,0,0,0,-2,0.0,0.0,https://www.nba.com/stats/players/boxscores-traditional?Season=2014-15&SeasonType=Regular%20Season&TeamID=1610612741
2015,2014–15,2200,Pau Gasol,0021400953,2015-03-11,CHI @ PHI,PHI,W,43.46666666666667,27,13,25,0,0,1,2,4,12,16,2,0,1,4,3,9,17.6,52.16383307573415,https://www.nba.com/stats/players/boxscores-traditional?Season=2014-15&SeasonType=Regular%20Season&TeamID=1610612741
2015,2014–15,201166,Aaron Brooks,0021400953,2015-03-11,CHI @ PHI,PHI,W,36.528333333333336,31,12,20,3,7,4,6,0,4,4,5,0,0,1,2,17,23.899999999999995,68.46289752650176,https://www.nba.com/stats/players/boxscores-traditional?Season=2014-15&SeasonType=Regular%20Season&TeamID=1610612741
2015,2014–15,202703,Nikola Mirotic,0021400953,2015-03-11,CHI @ PHI,PHI,W,42.53333333333333,16,5,13,2,5,4,5,0,12,12,5,0,1,4,3,19,11.100000000000001,52.63157894736842,https://www.nba.com/stats/players/boxscores-traditional?Season=2014-15&SeasonType=Regular%20Season&TeamID=1610612741
2015,2014–15,203503,Tony Snell,0021400953,2015-03-11,CHI @ PHI,PHI,W,45.483333333333334,10,2,9,1,4,5,7,2,8,10,2,1,0,7,1,18,2.5000000000000018,41.390728476821195,https://www.nba.com/stats/players/boxscores-traditional?Season=2014-15&SeasonType=Regular%20Season&TeamID=1610612741
2015,2014–15,2399,Mike Dunleavy,0021400953,2015-03-11,CHI @ PHI,PHI,W,39.32666666666667,6,2,5,2,3,0,0,0,7,7,4,1,0,1,1,16,7.799999999999999,60.0,https://www.nba.com/stats/players/boxscores-traditional?Season=2014-15&SeasonType=Regular%20Season&TeamID=1610612741
2015,2014–15,2550,Kirk Hinrich,0021400953,2015-03-11,CHI @ PHI,PHI,W,19.268333333333334,5,2,6,1,3,0,0,0,4,4,4,1,0,0,3,-18,5.4,41.66666666666667,https://www.nba.com/stats/players/boxscores-traditional?Season=2014-15&SeasonType=Regular%20Season&TeamID=1610612741
2015,2014–15,202734,E'Twaun Moore,0021400953,2015-03-11,CHI @ PHI,PHI,W,12.176666666666666,2,1,2,0,0,0,0,1,1,2,2,2,0,0,1,-6,5.0,50.0,https://www.nba.com/stats/players/boxscores-traditional?Season=2014-15&SeasonType=Regular%20Season&TeamID=1610612741
2015,2014–15,203926,Doug McDermott,0021400953,2015-03-11,CHI @ PHI,PHI,W,10.383333333333333,7,3,4,1,2,0,0,0,0,0,0,0,0,0,1,-5,4.999999999999999,87.5,https://www.nba.com/stats/players/boxscores-traditional?Season=2014-15&SeasonType=Regular%20Season&TeamID=1610612741
2015,2014–15,1737,Nazr Mohammed,0021400953,2015-03-11,CHI @ PHI,PHI,W,15.833333333333334,0,0,3,0,0,0,0,1,2,3,0,1,0,1,1,-5,-1.1999999999999997,0.0,https://www.nba.com/stats/players/boxscores-traditional?Season=2014-15&SeasonType=Regular%20Season&TeamID=1610612741
2015,2014–15,202703,Nikola Mirotic,0021400941,2015-03-09,CHI vs. MEM,MEM,L,28.85,18,6,13,2,3,4,5,2,10,12,1,2,0,3,2,-5,14.199999999999996,59.21052631578948,https://www.nba.com/stats/players/boxscores-traditional?Season=2014-15&SeasonType=Regular%20Season&TeamID=1610612741
2015,2014–15,203503,Tony Snell,0021400941,2015-03-09,CHI vs. MEM,MEM,L,37.833333333333336,21,7,13,4,7,3,4,0,3,3,1,2,0,0,0,-7,17.900000000000002,71.13821138211382,https://www.nba.com/stats/players/boxscores-traditional?Season=2014-15&SeasonType=Regular%20Season&TeamID=1610612741
2015,2014–15,2200,Pau Gasol,0021400941,2015-03-09,CHI vs. MEM,MEM,L,30.65,13,6,14,0,0,1,1,1,10,11,4,0,1,1,4,-17,10.200000000000001,45.013850415512465,https://www.nba.com/stats/players/boxscores-traditional?Season=2014-15&SeasonType=Regular%20Season&TeamID=1610612741
2015,2014–15,201166,Aaron Brooks,0021400941,2015-03-09,CHI vs. MEM,MEM,L,32.083333333333336,15,6,14,1,3,2,2,1,3,4,4,1,0,4,3,-20,7.800000000000001,50.403225806451616,https://www.nba.com/stats/players/boxscores-traditional?Season=2014-15&SeasonType=Regular%20Season&TeamID=1610612741
2015,2014–15,201149,Joakim Noah,0021400941,2015-03-09,CHI vs. MEM,MEM,L,30.783333333333335,3,1,4,0,0,1,2,3,5,8,6,1,0,3,3,-2,4.8,30.737704918032787,https://www.nba.com/stats/players/boxscores-traditional?Season=2014-15&SeasonType=Regular%20Season&TeamID=1610612741
2015,2014–15,2399,Mike Dunleavy,0021400941,2015-03-09,CHI vs. MEM,MEM,L,28.35,5,2,7,1,6,0,0,0,2,2,1,1,1,2,0,-8,1.9000000000000004,35.714285714285715,https://www.nba.com/stats/players/boxscores-traditional?Season=2014-15&SeasonType=Regular%20Season&TeamID=1610612741
2015,2014–15,2550,Kirk Hinrich,0021400941,2015-03-09,CHI vs. MEM,MEM,L,16.766666666666666,7,3,5,1,1,0,0,0,0,0,1,0,0,1,1,7,3.999999999999999,70.0,https://www.nba.com/stats/players/boxscores-traditional?Season=2014-15&SeasonType=Regular%20Season&TeamID=1610612741
2015,2014–15,202734,E'Twaun Moore,0021400941,2015-03-09,CHI vs. MEM,MEM,L,21.883333333333333,7,3,6,1,2,0,0,0,0,0,0,0,0,1,0,3,3.0,58.333333333333336,https://www.nba.com/stats/players/boxscores-traditional?Season=2014-15&SeasonType=Regular%20Season&TeamID=1610612741
2015,2014–15,1737,Nazr Mohammed,0021400941,2015-03-09,CHI vs. MEM,MEM,L,7.816666666666666,2,1,2,0,0,0,0,1,1,2,0,0,0,0,0,0,2.0,50.0,https://www.nba.com/stats/players/boxscores-traditional?Season=2014-15&SeasonType=Regular%20Season&TeamID=1610612741
2015,2014–15,203926,Doug McDermott,0021400941,2015-03-09,CHI vs. MEM,MEM,L,4.983333333333333,0,0,2,0,0,0,0,1,1,2,0,0,0,0,0,-1,-0.39999999999999997,0.0,https://www.nba.com/stats/players/boxscores-traditional?Season=2014-15&SeasonType=Regular%20Season&TeamID=1610612741
2015,2014–15,2200,Pau Gasol,0021400931,2015-03-08,CHI @ SAS,SAS,L,33.15,23,9,16,0,0,5,6,2,13,15,0,0,2,2,2,-6,18.9,61.69527896995708,https://www.nba.com/stats/players/boxscores-traditional?Season=2014-15&SeasonType=Regular%20Season&TeamID=1610612741
2015,2014–15,202703,Nikola Mirotic,0021400931,2015-03-08,CHI @ SAS,SAS,L,27.683333333333334,19,5,10,0,2,9,9,1,2,3,1,1,2,4,3,-13,13.199999999999996,68.0515759312321,https://www.nba.com/stats/players/boxscores-traditional?Season=2014-15&SeasonType=Regular%20Season&TeamID=1610612741
2015,2014–15,201149,Joakim Noah,0021400931,2015-03-08,CHI @ SAS,SAS,L,28.55,4,2,3,0,0,0,0,3,8,11,9,0,2,5,5,-12,7.9,66.66666666666666,https://www.nba.com/stats/players/boxscores-traditional?Season=2014-15&SeasonType=Regular%20Season&TeamID=1610612741
2015,2014–15,201166,Aaron Brooks,0021400931,2015-03-08,CHI @ SAS,SAS,L,26.325,22,7,12,1,3,7,8,0,2,2,3,0,0,3,4,-6,14.100000000000001,70.87628865979381,https://www.nba.com/stats/players/boxscores-traditional?Season=2014-15&SeasonType=Regular%20Season&TeamID=1610612741
2015,2014–15,2399,Mike Dunleavy,0021400931,2015-03-08,CHI @ SAS,SAS,L,28.803333333333335,12,3,5,2,4,4,4,0,1,1,1,0,0,2,4,-5,7.1,88.75739644970415,https://www.nba.com/stats/players/boxscores-traditional?Season=2014-15&SeasonType=Regular%20Season&TeamID=1610612741
2015,2014–15,2550,Kirk Hinrich,0021400931,2015-03-08,CHI @ SAS,SAS,L,21.675,6,2,6,1,2,1,2,0,4,4,4,0,0,2,1,-5,3.8,43.604651162790695,https://www.nba.com/stats/players/boxscores-traditional?Season=2014-15&SeasonType=Regular%20Season&TeamID=1610612741
2015,2014–15,202734,E'Twaun Moore,0021400931,2015-03-08,CHI @ SAS,SAS,L,26.14666666666667,8,4,6,0,0,0,0,0,0,0,1,2,0,1,2,-9,6.3,66.66666666666666,https://www.nba.com/stats/players/boxscores-traditional?Season=2014-15&SeasonType=Regular%20Season&TeamID=1610612741
2015,2014–15,1737,Nazr Mohammed,0021400931,2015-03-08,CHI @ SAS,SAS,L,6.616666666666666,8,4,4,0,0,0,0,1,1,2,1,1,0,1,1,9,8.1,100.0,https://www.nba.com/stats/players/boxscores-traditional?Season=2014-15&SeasonType=Regular%20Season&TeamID=1610612741
2015,2014–15,203926,Doug McDermott,0021400931,2015-03-08,CHI @ SAS,SAS,L,12.1,3,1,5,1,1,0,0,0,2,2,0,1,0,0,2,-6,0.7,30.0,https://www.nba.com/stats/players/boxscores-traditional?Season=2014-15&SeasonType=Regular%20Season&TeamID=1610612741
2015,2014–15,203503,Tony Snell,0021400931,2015-03-08,CHI @ SAS,SAS,L,28.95,0,0,6,0,3,0,0,0,4,4,0,1,0,0,0,-2,-1.9999999999999991,0.0,https://www.nba.com/stats/players/boxscores-traditional?Season=2014-15&SeasonType=Regular%20Season&TeamID=1610612741
2015,2014–15,2200,Pau Gasol,0021400912,2015-03-06,CHI @ IND,IND,L,34.516666666666666,18,7,17,0,1,4,4,3,7,10,1,0,1,3,4,-9,9.9,47.97441364605543,https://www.nba.com/stats/players/boxscores-traditional?Season=2014-15&SeasonType=Regular%20Season&TeamID=1610612741
2015,2014–15,2399,Mike Dunleavy,0021400912,2015-03-06,CHI @ IND,IND,L,31.516666666666666,14,4,9,2,6,4,4,3,6,9,1,0,0,2,1,-7,11.499999999999998,65.05576208178438,https://www.nba.com/stats/players/boxscores-traditional?Season=2014-15&SeasonType=Regular%20Season&TeamID=1610612741
2015,2014–15,201149,Joakim Noah,0021400912,2015-03-06,CHI @ IND,IND,L,30.566666666666666,4,2,5,0,0,0,0,4,3,7,11,1,0,1,2,-19,11.899999999999999,40.0,https://www.nba.com/stats/players/boxscores-traditional?Season=2014-15&SeasonType=Regular%20Season&TeamID=1610612741
2015,2014–15,202703,Nikola Mirotic,0021400912,2015-03-06,CHI @ IND,IND,L,30.916666666666668,10,3,13,0,6,4,5,1,7,8,0,2,0,3,5,0,1.5,32.89473684210527,https://www.nba.com/stats/players/boxscores-traditional?Season=2014-15&SeasonType=Regular%20Season&TeamID=1610612741
2015,2014–15,203926,Doug McDermott,0021400912,2015-03-06,CHI @ IND,IND,L,16.483333333333334,16,8,17,0,1,0,0,2,1,3,1,0,0,0,3,-7,8.5,47.05882352941176,https://www.nba.com/stats/players/boxscores-traditional?Season=2014-15&SeasonType=Regular%20Season&TeamID=1610612741
2015,2014–15,202734,E'Twaun Moore,0021400912,2015-03-06,CHI @ IND,IND,L,23.236666666666668,5,1,4,0,1,3,4,0,2,2,1,2,1,1,3,-1,4.000000000000001,43.40277777777778,https://www.nba.com/stats/players/boxscores-traditional?Season=2014-15&SeasonType=Regular%20Season&TeamID=1610612741
2015,2014–15,203503,Tony Snell,0021400912,2015-03-06,CHI @ IND,IND,L,25.223333333333333,8,2,5,2,3,2,2,1,1,2,1,0,0,0,1,-13,6.6000000000000005,68.02721088435374,https://www.nba.com/stats/players/boxscores-traditional?Season=2014-15&SeasonType=Regular%20Season&TeamID=1610612741
2015,2014–15,2550,Kirk Hinrich,0021400912,2015-03-06,CHI @ IND,IND,L,23.116666666666667,5,2,5,1,3,0,0,0,2,2,2,0,0,0,4,1,2.6999999999999997,50.0,https://www.nba.com/stats/players/boxscores-traditional?Season=2014-15&SeasonType=Regular%20Season&TeamID=1610612741
2015,2014–15,201166,Aaron Brooks,0021400912,2015-03-06,CHI @ IND,IND,L,24.423333333333332,4,2,11,0,2,0,0,0,1,1,2,0,1,1,2,-15,-2.3,18.181818181818183,https://www.nba.com/stats/players/boxscores-traditional?Season=2014-15&SeasonType=Regular%20Season&TeamID=1610612741
2015,2014–15,202703,Nikola Mirotic,0021400909,2015-03-05,CHI vs. OKC,OKC,W,33.75,26,5,15,2,9,14,16,0,8,8,1,0,2,1,2,12,19.399999999999995,58.98366606170599,https://www.nba.com/stats/players/boxscores-traditional?Season=2014-15&SeasonType=Regular%20Season&TeamID=1610612741
2015,2014–15,2200,Pau Gasol,0021400909,2015-03-05,CHI vs. OKC,OKC,W,31.615,21,9,19,0,0,3,4,5,7,12,2,0,0,1,1,-5,16.500000000000004,50.57803468208092,https://www.nba.com/stats/players/boxscores-traditional?Season=2014-15&SeasonType=Regular%20Season&TeamID=1610612741
2015,2014–15,202734,E'Twaun Moore,0021400909,2015-03-05,CHI vs. OKC,OKC,W,22.066666666666666,19,9,10,1,2,0,0,2,2,4,0,2,1,0,2,17,19.5,95.0,https://www.nba.com/stats/players/boxscores-traditional?Season=2014-15&SeasonType=Regular%20Season&TeamID=1610612741
2015,2014–15,2399,Mike Dunleavy,0021400909,2015-03-05,CHI vs. OKC,OKC,W,37.55,21,8,17,3,6,2,2,0,4,4,2,0,0,2,3,11,11.7,58.7248322147651,https://www.nba.com/stats/players/boxscores-traditional?Season=2014-15&SeasonType=Regular%20Season&TeamID=1610612741
2015,2014–15,201149,Joakim Noah,0021400909,2015-03-05,CHI vs. OKC,OKC,W,30.635,4,2,4,0,0,0,2,3,9,12,9,1,0,0,2,-1,12.5,40.98360655737705,https://www.nba.com/stats/players/boxscores-traditional?Season=2014-15&SeasonType=Regular%20Season&TeamID=1610612741
2015,2014–15,201166,Aaron Brooks,0021400909,2015-03-05,CHI vs. OKC,OKC,W,24.301666666666666,6,2,8,0,2,2,2,0,3,3,7,0,0,3,1,-1,3.5999999999999996,33.78378378378378,https://www.nba.com/stats/players/boxscores-traditional?Season=2014-15&SeasonType=Regular%20Season&TeamID=1610612741
2015,2014–15,2550,Kirk Hinrich,0021400909,2015-03-05,CHI vs. OKC,OKC,W,23.216666666666665,7,3,4,1,2,0,0,1,1,2,4,0,0,2,1,0,6.799999999999999,87.5,https://www.nba.com/stats/players/boxscores-traditional?Season=2014-15&SeasonType=Regular%20Season&TeamID=1610612741
2015,2014–15,203503,Tony Snell,0021400909,2015-03-05,CHI vs. OKC,OKC,W,29.081666666666667,4,2,7,0,2,0,0,1,2,3,1,1,0,1,2,-13,1.1000000000000005,28.57142857142857,https://www.nba.com/stats/players/boxscores-traditional?Season=2014-15&SeasonType=Regular%20Season&TeamID=1610612741
2015,2014–15,203926,Doug McDermott,0021400909,2015-03-05,CHI vs. OKC,OKC,W,7.783333333333333,0,0,3,0,2,0,0,0,0,0,0,0,0,0,1,-5,-2.4999999999999996,0.0,https://www.nba.com/stats/players/boxscores-traditional?Season=2014-15&SeasonType=Regular%20Season&TeamID=1610612741
2015,2014–15,201149,Joakim Noah,0021400893,2015-03-03,CHI vs. WAS,WAS,W,33.435,14,4,5,0,0,6,10,4,8,12,5,2,3,5,5,10,16.300000000000004,74.46808510638297,https://www.nba.com/stats/players/boxscores-traditional?Season=2014-15&SeasonType=Regular%20Season&TeamID=1610612741
2015,2014–15,2200,Pau Gasol,0021400893,2015-03-03,CHI vs. WAS,WAS,W,32.665,20,8,11,0,1,4,4,3,7,10,0,1,2,3,1,0,18.700000000000003,78.36990595611285,https://www.nba.com/stats/players/boxscores-traditional?Season=2014-15&SeasonType=Regular%20Season&TeamID=1610612741
2015,2014–15,201166,Aaron Brooks,0021400893,2015-03-03,CHI vs. WAS,WAS,W,35.28666666666667,22,8,23,2,8,4,4,0,2,2,8,1,0,2,1,16,13.9,44.4264943457189,https://www.nba.com/stats/players/boxscores-traditional?Season=2014-15&SeasonType=Regular%20Season&TeamID=1610612741
2015,2014–15,202703,Nikola Mirotic,0021400893,2015-03-03,CHI vs. WAS,WAS,W,31.716666666666665,23,6,13,3,7,8,11,2,6,8,0,0,1,2,0,2,16.999999999999996,64.46188340807176,https://www.nba.com/stats/players/boxscores-traditional?Season=2014-15&SeasonType=Regular%20Season&TeamID=1610612741
2015,2014–15,203503,Tony Snell,0021400893,2015-03-03,CHI vs. WAS,WAS,W,39.885,11,4,12,3,7,0,1,0,3,3,2,1,0,1,2,-1,5.300000000000002,44.21221864951769,https://www.nba.com/stats/players/boxscores-traditional?Season=2014-15&SeasonType=Regular%20Season&TeamID=1610612741
2015,2014–15,2399,Mike Dunleavy,0021400893,2015-03-03,CHI vs. WAS,WAS,W,31.4,5,2,6,1,4,0,0,0,8,8,2,0,0,0,1,3,5.0,41.66666666666667,https://www.nba.com/stats/players/boxscores-traditional?Season=2014-15&SeasonType=Regular%20Season&TeamID=1610612741
2015,2014–15,2550,Kirk Hinrich,0021400893,2015-03-03,CHI vs. WAS,WAS,W,12.45,0,0,2,0,1,0,0,0,3,3,2,0,1,3,3,-8,-2.6000000000000005,0.0,https://www.nba.com/stats/players/boxscores-traditional?Season=2014-15&SeasonType=Regular%20Season&TeamID=1610612741
2015,2014–15,203926,Doug McDermott,0021400893,2015-03-03,CHI vs. WAS,WAS,W,15.3,0,0,5,0,1,0,0,1,0,1,1,0,0,0,2,-2,-2.8999999999999995,0.0,https://www.nba.com/stats/players/boxscores-traditional?Season=2014-15&SeasonType=Regular%20Season&TeamID=1610612741
2015,2014–15,202734,E'Twaun Moore,0021400893,2015-03-03,CHI vs. WAS,WAS,W,7.861666666666666,2,1,1,0,0,0,0,0,0,0,0,0,0,0,1,5,1.2999999999999998,100.0,https://www.nba.com/stats/players/boxscores-traditional?Season=2014-15&SeasonType=Regular%20Season&TeamID=1610612741
2015,2014–15,202703,Nikola Mirotic,0021400877,2015-03-01,CHI vs. LAC,LAC,L,30.66,29,11,23,2,7,5,8,2,7,9,0,0,1,2,4,-9,16.7,54.67571644042233,https://www.nba.com/stats/players/boxscores-traditional?Season=2014-15&SeasonType=Regular%20Season&TeamID=1610612741
2015,2014–15,201149,Joakim Noah,0021400877,2015-03-01,CHI vs. LAC,LAC,L,34.556666666666665,13,2,8,0,0,9,14,6,5,11,6,0,0,1,1,0,14.700000000000001,45.90395480225989,https://www.nba.com/stats/players/boxscores-traditional?Season=2014-15&SeasonType=Regular%20Season&TeamID=1610612741
2015,2014–15,203503,Tony Snell,0021400877,2015-03-01,CHI vs. LAC,LAC,L,33.44,13,3,7,3,5,4,4,3,4,7,2,0,0,3,0,-7,11.0,74.20091324200914,https://www.nba.com/stats/players/boxscores-traditional?Season=2014-15&SeasonType=Regular%20Season&TeamID=1610612741
2015,2014–15,2200,Pau Gasol,0021400877,2015-03-01,CHI vs. LAC,LAC,L,32.498333333333335,4,2,13,0,0,0,0,3,12,15,4,0,0,0,3,-11,2.999999999999999,15.384615384615385,https://www.nba.com/stats/players/boxscores-traditional?Season=2014-15&SeasonType=Regular%20Season&TeamID=1610612741
2015,2014–15,201166,Aaron Brooks,0021400877,2015-03-01,CHI vs. LAC,LAC,L,31.48,14,5,17,2,6,2,2,0,1,1,3,0,0,2,4,-8,2.9000000000000004,39.14988814317674,https://www.nba.com/stats/players/boxscores-traditional?Season=2014-15&SeasonType=Regular%20Season&TeamID=1610612741
2015,2014–15,202710,Jimmy Butler III,0021400877,2015-03-01,CHI vs. LAC,LAC,L,21.7,10,3,9,2,4,2,2,1,1,2,2,0,0,1,0,5,6.299999999999999,50.607287449392715,https://www.nba.com/stats/players/boxscores-traditional?Season=2014-15&SeasonType=Regular%20Season&TeamID=1610612741
2015,2014–15,2399,Mike Dunleavy,0021400877,2015-03-01,CHI vs. LAC,LAC,L,30.383333333333333,3,1,3,1,1,0,0,1,3,4,1,0,0,0,3,-10,2.3999999999999995,50.0,https://www.nba.com/stats/players/boxscores-traditional?Season=2014-15&SeasonType=Regular%20Season&TeamID=1610612741
2015,2014–15,2550,Kirk Hinrich,0021400877,2015-03-01,CHI vs. LAC,LAC,L,25.253333333333334,0,0,7,0,3,0,0,1,1,2,0,2,0,2,2,-10,-4.699999999999999,0.0,https://www.nba.com/stats/players/boxscores-traditional?Season=2014-15&SeasonType=Regular%20Season&TeamID=1610612741
2015,2014–15,202734,E'Twaun Moore,0021400877,2015-03-01,CHI vs. LAC,LAC,L,0.028333333333333332,0,0,0,0,0,0,0,0,0,0,0,0,0,0,0,0,0.0,0.0,https://www.nba.com/stats/players/boxscores-traditional?Season=2014-15&SeasonType=Regular%20Season&TeamID=1610612741
2015,2014–15,202710,Jimmy Butler III,0021400862,2015-02-27,CHI vs. MIN,MIN,W,42.55,28,11,19,0,1,6,7,5,7,12,1,2,2,1,0,11,27.400000000000002,63.40579710144928,https://www.nba.com/stats/players/boxscores-traditional?Season=2014-15&SeasonType=Regular%20Season&TeamID=1610612741
2015,2014–15,2399,Mike Dunleavy,0021400862,2015-02-27,CHI vs. MIN,MIN,W,31.933333333333334,21,8,18,5,8,0,0,4,4,8,3,0,2,0,5,12,17.099999999999994,58.333333333333336,https://www.nba.com/stats/players/boxscores-traditional?Season=2014-15&SeasonType=Regular%20Season&TeamID=1610612741
2015,2014–15,201149,Joakim Noah,0021400862,2015-02-27,CHI vs. MIN,MIN,W,37.65,11,5,8,0,0,1,2,4,8,12,8,0,0,3,3,10,13.600000000000001,61.936936936936924,https://www.nba.com/stats/players/boxscores-traditional?Season=2014-15&SeasonType=Regular%20Season&TeamID=1610612741
2015,2014–15,203503,Tony Snell,0021400862,2015-02-27,CHI vs. MIN,MIN,W,30.616666666666667,12,4,12,2,7,2,2,1,4,5,2,0,0,2,4,1,4.900000000000002,46.58385093167702,https://www.nba.com/stats/players/boxscores-traditional?Season=2014-15&SeasonType=Regular%20Season&TeamID=1610612741
2015,2014–15,201166,Aaron Brooks,0021400862,2015-02-27,CHI vs. MIN,MIN,W,30.583333333333332,6,2,15,2,8,0,0,2,2,4,4,1,0,1,4,6,-0.5000000000000004,20.0,https://www.nba.com/stats/players/boxscores-traditional?Season=2014-15&SeasonType=Regular%20Season&TeamID=1610612741
2015,2014–15,202703,Nikola Mirotic,0021400862,2015-02-27,CHI vs. MIN,MIN,W,18.816666666666666,8,2,9,0,3,4,5,2,2,4,3,0,1,0,4,-4,5.300000000000001,35.714285714285715,https://www.nba.com/stats/players/boxscores-traditional?Season=2014-15&SeasonType=Regular%20Season&TeamID=1610612741
2015,2014–15,2550,Kirk Hinrich,0021400862,2015-02-27,CHI vs. MIN,MIN,W,23.05,4,2,6,0,3,0,0,1,1,2,3,1,0,0,1,0,4.3,33.33333333333333,https://www.nba.com/stats/players/boxscores-traditional?Season=2014-15&SeasonType=Regular%20Season&TeamID=1610612741
2015,2014–15,1737,Nazr Mohammed,0021400862,2015-02-27,CHI vs. MIN,MIN,W,10.35,2,1,3,0,0,0,0,2,2,4,0,1,0,2,2,-3,0.5,33.33333333333333,https://www.nba.com/stats/players/boxscores-traditional?Season=2014-15&SeasonType=Regular%20Season&TeamID=1610612741
2015,2014–15,201959,Taj Gibson,0021400862,2015-02-27,CHI vs. MIN,MIN,W,9.166666666666666,4,2,5,0,0,0,0,1,1,2,0,0,0,0,1,2,1.9,40.0,https://www.nba.com/stats/players/boxscores-traditional?Season=2014-15&SeasonType=Regular%20Season&TeamID=1610612741
2015,2014–15,203926,Doug McDermott,0021400862,2015-02-27,CHI vs. MIN,MIN,W,2.85,0,0,0,0,0,0,0,0,0,0,0,0,0,0,0,3,0.0,0.0,https://www.nba.com/stats/players/boxscores-traditional?Season=2014-15&SeasonType=Regular%20Season&TeamID=1610612741
2015,2014–15,202734,E'Twaun Moore,0021400862,2015-02-27,CHI vs. MIN,MIN,W,2.433333333333333,0,0,1,0,1,0,0,0,0,0,0,0,0,0,0,-3,-0.7,0.0,https://www.nba.com/stats/players/boxscores-traditional?Season=2014-15&SeasonType=Regular%20Season&TeamID=1610612741
2015,2014–15,2200,Pau Gasol,0021400845,2015-02-25,CHI vs. CHA,CHA,L,34.575,25,11,20,0,0,3,4,2,11,13,1,0,4,2,3,-4,20.0,57.44485294117647,https://www.nba.com/stats/players/boxscores-traditional?Season=2014-15&SeasonType=Regular%20Season&TeamID=1610612741
2015,2014–15,201149,Joakim Noah,0021400845,2015-02-25,CHI vs. CHA,CHA,L,33.71666666666667,4,1,4,0,0,2,2,3,8,11,8,1,3,1,2,4,12.999999999999998,40.98360655737705,https://www.nba.com/stats/players/boxscores-traditional?Season=2014-15&SeasonType=Regular%20Season&TeamID=1610612741
2015,2014–15,202710,Jimmy Butler III,0021400845,2015-02-25,CHI vs. CHA,CHA,L,36.18333333333333,14,5,11,0,3,4,5,1,6,7,5,2,0,3,1,-8,12.499999999999998,53.03030303030303,https://www.nba.com/stats/players/boxscores-traditional?Season=2014-15&SeasonType=Regular%20Season&TeamID=1610612741
2015,2014–15,201166,Aaron Brooks,0021400845,2015-02-25,CHI vs. CHA,CHA,L,28.325,12,4,12,1,5,3,8,0,0,0,4,2,1,0,2,2,7.8999999999999995,38.659793814432994,https://www.nba.com/stats/players/boxscores-traditional?Season=2014-15&SeasonType=Regular%20Season&TeamID=1610612741
2015,2014–15,201959,Taj Gibson,0021400845,2015-02-25,CHI vs. CHA,CHA,L,27.708333333333332,7,2,6,0,0,3,4,2,4,6,1,0,2,0,2,-24,7.1000000000000005,45.103092783505154,https://www.nba.com/stats/players/boxscores-traditional?Season=2014-15&SeasonType=Regular%20Season&TeamID=1610612741
2015,2014–15,203503,Tony Snell,0021400845,2015-02-25,CHI vs. CHA,CHA,L,28.266666666666666,10,4,8,2,4,0,0,1,2,3,0,0,0,1,1,-16,5.8999999999999995,62.5,https://www.nba.com/stats/players/boxscores-traditional?Season=2014-15&SeasonType=Regular%20Season&TeamID=1610612741
2015,2014–15,2550,Kirk Hinrich,0021400845,2015-02-25,CHI vs. CHA,CHA,L,19.675,8,4,9,0,3,0,0,0,1,1,2,0,1,2,3,-14,2.5,44.44444444444444,https://www.nba.com/stats/players/boxscores-traditional?Season=2014-15&SeasonType=Regular%20Season&TeamID=1610612741
2015,2014–15,202703,Nikola Mirotic,0021400845,2015-02-25,CHI vs. CHA,CHA,L,11.816666666666666,6,3,4,0,1,0,0,0,1,1,1,0,0,1,2,-4,3.6000000000000005,75.0,https://www.nba.com/stats/players/boxscores-traditional?Season=2014-15&SeasonType=Regular%20Season&TeamID=1610612741
2015,2014–15,2399,Mike Dunleavy,0021400845,2015-02-25,CHI vs. CHA,CHA,L,19.733333333333334,0,0,3,0,1,0,0,0,1,1,2,1,0,2,1,4,-1.7999999999999998,0.0,https://www.nba.com/stats/players/boxscores-traditional?Season=2014-15&SeasonType=Regular%20Season&TeamID=1610612741
2015,2014–15,202703,Nikola Mirotic,0021400831,2015-02-23,CHI vs. MIL,MIL,W,31.083333333333332,16,4,11,2,6,6,8,3,11,14,1,1,2,3,1,15,14.2,55.09641873278237,https://www.nba.com/stats/players/boxscores-traditional?Season=2014-15&SeasonType=Regular%20Season&TeamID=1610612741
2015,2014–15,203503,Tony Snell,0021400831,2015-02-23,CHI vs. MIL,MIL,W,31.3,20,7,11,4,6,2,2,0,2,2,0,1,1,1,1,11,16.000000000000004,84.17508417508417,https://www.nba.com/stats/players/boxscores-traditional?Season=2014-15&SeasonType=Regular%20Season&TeamID=1610612741
2015,2014–15,202710,Jimmy Butler III,0021400831,2015-02-23,CHI vs. MIL,MIL,W,37.88333333333333,11,4,10,1,2,2,2,2,7,9,4,0,2,3,2,14,9.499999999999998,50.55147058823529,https://www.nba.com/stats/players/boxscores-traditional?Season=2014-15&SeasonType=Regular%20Season&TeamID=1610612741
2015,2014–15,2200,Pau Gasol,0021400831,2015-02-23,CHI vs. MIL,MIL,W,29.416666666666668,15,5,9,0,1,5,8,3,7,10,1,0,1,2,1,3,12.699999999999998,59.9041533546326,https://www.nba.com/stats/players/boxscores-traditional?Season=2014-15&SeasonType=Regular%20Season&TeamID=1610612741
2015,2014–15,201149,Joakim Noah,0021400831,2015-02-23,CHI vs. MIL,MIL,W,32.833333333333336,8,3,9,0,0,2,2,6,10,16,2,0,0,2,2,21,8.699999999999998,40.48582995951417,https://www.nba.com/stats/players/boxscores-traditional?Season=2014-15&SeasonType=Regular%20Season&TeamID=1610612741
2015,2014–15,201565,Derrick Rose,0021400831,2015-02-23,CHI vs. MIL,MIL,W,32.916666666666664,8,1,13,1,7,5,6,3,2,5,8,0,1,3,3,3,3.7,25.575447570332482,https://www.nba.com/stats/players/boxscores-traditional?Season=2014-15&SeasonType=Regular%20Season&TeamID=1610612741
2015,2014–15,2399,Mike Dunleavy,0021400831,2015-02-23,CHI vs. MIL,MIL,W,20.116666666666667,4,1,3,0,1,2,2,0,4,4,2,2,0,1,3,13,4.7,51.54639175257733,https://www.nba.com/stats/players/boxscores-traditional?Season=2014-15&SeasonType=Regular%20Season&TeamID=1610612741
2015,2014–15,201166,Aaron Brooks,0021400831,2015-02-23,CHI vs. MIL,MIL,W,18.583333333333332,4,2,9,0,3,0,0,0,1,1,2,0,0,2,3,13,-3.0,22.22222222222222,https://www.nba.com/stats/players/boxscores-traditional?Season=2014-15&SeasonType=Regular%20Season&TeamID=1610612741
2015,2014–15,202734,E'Twaun Moore,0021400831,2015-02-23,CHI vs. MIL,MIL,W,1.6,1,0,0,0,0,1,2,0,0,0,0,0,0,0,0,-3,0.6,56.81818181818182,https://www.nba.com/stats/players/boxscores-traditional?Season=2014-15&SeasonType=Regular%20Season&TeamID=1610612741
2015,2014–15,1737,Nazr Mohammed,0021400831,2015-02-23,CHI vs. MIL,MIL,W,1.6,0,0,0,0,0,0,0,1,0,1,0,0,0,1,0,-3,-0.30000000000000004,0.0,https://www.nba.com/stats/players/boxscores-traditional?Season=2014-15&SeasonType=Regular%20Season&TeamID=1610612741
2015,2014–15,203926,Doug McDermott,0021400831,2015-02-23,CHI vs. MIL,MIL,W,1.6,0,0,1,0,0,0,0,0,0,0,0,0,0,0,0,-3,-0.7,0.0,https://www.nba.com/stats/players/boxscores-traditional?Season=2014-15&SeasonType=Regular%20Season&TeamID=1610612741
2015,2014–15,203946,Cameron Bairstow,0021400831,2015-02-23,CHI vs. MIL,MIL,W,1.0666666666666667,0,0,0,0,0,0,0,0,0,0,0,0,0,0,0,-4,0.0,0.0,https://www.nba.com/stats/players/boxscores-traditional?Season=2014-15&SeasonType=Regular%20Season&TeamID=1610612741
2015,2014–15,2200,Pau Gasol,0021400818,2015-02-21,CHI vs. PHX,PHX,W,31.846666666666668,22,9,13,1,1,3,4,2,12,14,2,0,2,3,0,1,20.9,74.52574525745258,https://www.nba.com/stats/players/boxscores-traditional?Season=2014-15&SeasonType=Regular%20Season&TeamID=1610612741
2015,2014–15,202710,Jimmy Butler III,0021400818,2015-02-21,CHI vs. PHX,PHX,W,36.208333333333336,19,7,16,1,1,4,4,0,5,5,3,1,0,3,2,-1,11.4,53.49099099099098,https://www.nba.com/stats/players/boxscores-traditional?Season=2014-15&SeasonType=Regular%20Season&TeamID=1610612741
2015,2014–15,201565,Derrick Rose,0021400818,2015-02-21,CHI vs. PHX,PHX,W,25.25,16,5,12,1,3,5,5,0,4,4,5,1,0,1,4,8,12.700000000000001,56.33802816901409,https://www.nba.com/stats/players/boxscores-traditional?Season=2014-15&SeasonType=Regular%20Season&TeamID=1610612741
2015,2014–15,201149,Joakim Noah,0021400818,2015-02-21,CHI vs. PHX,PHX,W,35.61666666666667,3,1,5,0,0,1,2,6,6,12,8,1,1,2,1,8,10.399999999999997,25.510204081632654,https://www.nba.com/stats/players/boxscores-traditional?Season=2014-15&SeasonType=Regular%20Season&TeamID=1610612741
2015,2014–15,2399,Mike Dunleavy,0021400818,2015-02-21,CHI vs. PHX,PHX,W,28.375,15,6,11,3,5,0,0,1,1,2,4,1,0,2,2,1,11.7,68.18181818181817,https://www.nba.com/stats/players/boxscores-traditional?Season=2014-15&SeasonType=Regular%20Season&TeamID=1610612741
2015,2014–15,201166,Aaron Brooks,0021400818,2015-02-21,CHI vs. PHX,PHX,W,22.75,12,4,11,3,6,1,1,0,1,1,5,0,0,4,2,-3,4.899999999999999,52.44755244755245,https://www.nba.com/stats/players/boxscores-traditional?Season=2014-15&SeasonType=Regular%20Season&TeamID=1610612741
2015,2014–15,201959,Taj Gibson,0021400818,2015-02-21,CHI vs. PHX,PHX,W,28.536666666666665,12,6,9,0,0,0,0,4,0,4,0,0,0,0,2,1,10.100000000000001,66.66666666666666,https://www.nba.com/stats/players/boxscores-traditional?Season=2014-15&SeasonType=Regular%20Season&TeamID=1610612741
2015,2014–15,202703,Nikola Mirotic,0021400818,2015-02-21,CHI vs. PHX,PHX,W,13.683333333333334,8,3,8,2,6,0,0,1,2,3,0,0,0,1,1,6,3.499999999999999,50.0,https://www.nba.com/stats/players/boxscores-traditional?Season=2014-15&SeasonType=Regular%20Season&TeamID=1610612741
2015,2014–15,203503,Tony Snell,0021400818,2015-02-21,CHI vs. PHX,PHX,W,17.733333333333334,5,2,4,1,2,0,0,0,2,2,0,1,0,1,0,4,3.5999999999999996,62.5,https://www.nba.com/stats/players/boxscores-traditional?Season=2014-15&SeasonType=Regular%20Season&TeamID=1610612741
2015,2014–15,202710,Jimmy Butler III,0021400806,2015-02-20,CHI @ DET,DET,L,38.86666666666667,30,9,18,3,5,9,9,1,4,5,5,0,0,2,1,-11,24.0,68.30601092896174,https://www.nba.com/stats/players/boxscores-traditional?Season=2014-15&SeasonType=Regular%20Season&TeamID=1610612741
2015,2014–15,201149,Joakim Noah,0021400806,2015-02-20,CHI @ DET,DET,L,32.895,10,4,8,0,0,2,4,5,9,14,4,0,1,4,6,-18,8.499999999999998,51.229508196721305,https://www.nba.com/stats/players/boxscores-traditional?Season=2014-15&SeasonType=Regular%20Season&TeamID=1610612741
2015,2014–15,2200,Pau Gasol,0021400806,2015-02-20,CHI @ DET,DET,L,30.883333333333333,12,4,10,0,0,4,4,2,6,8,2,1,3,3,3,-9,10.100000000000001,51.02040816326531,https://www.nba.com/stats/players/boxscores-traditional?Season=2014-15&SeasonType=Regular%20Season&TeamID=1610612741
2015,2014–15,201959,Taj Gibson,0021400806,2015-02-20,CHI @ DET,DET,L,30.055,15,7,13,0,0,1,1,4,5,9,2,0,1,3,3,9,10.899999999999999,55.80357142857143,https://www.nba.com/stats/players/boxscores-traditional?Season=2014-15&SeasonType=Regular%20Season&TeamID=1610612741
2015,2014–15,201565,Derrick Rose,0021400806,2015-02-20,CHI @ DET,DET,L,31.066666666666666,8,2,9,0,3,4,4,0,2,2,2,0,1,6,2,-19,-1.5999999999999988,37.17472118959108,https://www.nba.com/stats/players/boxscores-traditional?Season=2014-15&SeasonType=Regular%20Season&TeamID=1610612741
2015,2014–15,202703,Nikola Mirotic,0021400806,2015-02-20,CHI @ DET,DET,L,9.133333333333333,3,1,2,1,1,0,0,1,1,2,0,1,0,0,1,7,3.6,75.0,https://www.nba.com/stats/players/boxscores-traditional?Season=2014-15&SeasonType=Regular%20Season&TeamID=1610612741
2015,2014–15,2550,Kirk Hinrich,0021400806,2015-02-20,CHI @ DET,DET,L,17.35,7,3,4,1,1,0,0,0,0,0,0,0,0,0,4,-1,3.7999999999999994,87.5,https://www.nba.com/stats/players/boxscores-traditional?Season=2014-15&SeasonType=Regular%20Season&TeamID=1610612741
2015,2014–15,201166,Aaron Brooks,0021400806,2015-02-20,CHI @ DET,DET,L,15.75,4,2,6,0,2,0,0,0,1,1,1,0,0,0,0,10,1.6000000000000005,33.33333333333333,https://www.nba.com/stats/players/boxscores-traditional?Season=2014-15&SeasonType=Regular%20Season&TeamID=1610612741
2015,2014–15,203503,Tony Snell,0021400806,2015-02-20,CHI @ DET,DET,L,15.266666666666667,2,1,3,0,2,0,0,0,1,1,0,0,1,1,2,1,-0.4999999999999998,33.33333333333333,https://www.nba.com/stats/players/boxscores-traditional?Season=2014-15&SeasonType=Regular%20Season&TeamID=1610612741
2015,2014–15,2399,Mike Dunleavy,0021400806,2015-02-20,CHI @ DET,DET,L,18.733333333333334,0,0,5,0,2,0,0,0,1,1,0,0,0,1,1,-14,-4.6,0.0,https://www.nba.com/stats/players/boxscores-traditional?Season=2014-15&SeasonType=Regular%20Season&TeamID=1610612741
2015,2014–15,201565,Derrick Rose,0021400800,2015-02-12,CHI vs. CLE,CLE,W,40.58166666666666,30,12,24,0,2,6,6,1,3,4,7,1,0,2,3,3,22.299999999999997,56.30630630630631,https://www.nba.com/stats/players/boxscores-traditional?Season=2014-15&SeasonType=Regular%20Season&TeamID=1610612741
2015,2014–15,2200,Pau Gasol,0021400800,2015-02-12,CHI vs. CLE,CLE,W,31.8,18,6,16,1,1,5,5,2,8,10,6,1,1,2,3,-3,15.7,49.45054945054945,https://www.nba.com/stats/players/boxscores-traditional?Season=2014-15&SeasonType=Regular%20Season&TeamID=1610612741
2015,2014–15,201149,Joakim Noah,0021400800,2015-02-12,CHI vs. CLE,CLE,W,31.416666666666668,10,2,6,0,0,6,10,5,10,15,8,0,1,1,3,27,15.600000000000001,48.07692307692307,https://www.nba.com/stats/players/boxscores-traditional?Season=2014-15&SeasonType=Regular%20Season&TeamID=1610612741
2015,2014–15,203503,Tony Snell,0021400800,2015-02-12,CHI vs. CLE,CLE,W,37.885,22,9,11,4,6,0,0,0,2,2,1,3,0,0,3,29,21.000000000000004,100.0,https://www.nba.com/stats/players/boxscores-traditional?Season=2014-15&SeasonType=Regular%20Season&TeamID=1610612741
2015,2014–15,201166,Aaron Brooks,0021400800,2015-02-12,CHI vs. CLE,CLE,W,18.501666666666665,8,3,12,2,5,0,0,1,2,3,2,3,1,0,3,12,6.0,33.33333333333333,https://www.nba.com/stats/players/boxscores-traditional?Season=2014-15&SeasonType=Regular%20Season&TeamID=1610612741
2015,2014–15,201959,Taj Gibson,0021400800,2015-02-12,CHI vs. CLE,CLE,W,31.733333333333334,13,5,8,0,0,3,5,2,4,6,1,0,0,2,3,3,8.7,63.72549019607844,https://www.nba.com/stats/players/boxscores-traditional?Season=2014-15&SeasonType=Regular%20Season&TeamID=1610612741
2015,2014–15,202703,Nikola Mirotic,0021400800,2015-02-12,CHI vs. CLE,CLE,W,18.566666666666666,7,3,8,1,5,0,0,2,2,4,2,1,0,0,3,4,5.8,43.75,https://www.nba.com/stats/players/boxscores-traditional?Season=2014-15&SeasonType=Regular%20Season&TeamID=1610612741
2015,2014–15,2399,Mike Dunleavy,0021400800,2015-02-12,CHI vs. CLE,CLE,W,28.465,5,2,7,1,4,0,0,0,3,3,1,1,0,0,2,-3,2.7,35.714285714285715,https://www.nba.com/stats/players/boxscores-traditional?Season=2014-15&SeasonType=Regular%20Season&TeamID=1610612741
2015,2014–15,203926,Doug McDermott,0021400800,2015-02-12,CHI vs. CLE,CLE,W,1.05,0,0,0,0,0,0,0,0,0,0,1,0,0,1,0,3,-0.30000000000000004,0.0,https://www.nba.com/stats/players/boxscores-traditional?Season=2014-15&SeasonType=Regular%20Season&TeamID=1610612741
2015,2014–15,2200,Pau Gasol,0021400785,2015-02-10,CHI vs. SAC,SAC,W,37.61666666666667,26,11,15,0,0,4,4,2,14,16,3,0,0,1,3,9,25.399999999999995,77.56563245823388,https://www.nba.com/stats/players/boxscores-traditional?Season=2014-15&SeasonType=Regular%20Season&TeamID=1610612741
2015,2014–15,201565,Derrick Rose,0021400785,2015-02-10,CHI vs. SAC,SAC,W,32.6,23,10,17,1,4,2,3,0,1,1,7,2,1,0,0,16,22.599999999999998,62.77292576419213,https://www.nba.com/stats/players/boxscores-traditional?Season=2014-15&SeasonType=Regular%20Season&TeamID=1610612741
2015,2014–15,203503,Tony Snell,0021400785,2015-02-10,CHI vs. SAC,SAC,W,40.916666666666664,24,9,11,4,6,2,2,0,2,2,2,1,0,0,3,14,21.700000000000003,101.010101010101,https://www.nba.com/stats/players/boxscores-traditional?Season=2014-15&SeasonType=Regular%20Season&TeamID=1610612741
2015,2014–15,201959,Taj Gibson,0021400785,2015-02-10,CHI vs. SAC,SAC,W,34.233333333333334,9,3,8,0,0,3,3,2,1,3,2,3,2,1,5,4,9.100000000000001,48.283261802575105,https://www.nba.com/stats/players/boxscores-traditional?Season=2014-15&SeasonType=Regular%20Season&TeamID=1610612741
2015,2014–15,201166,Aaron Brooks,0021400785,2015-02-10,CHI vs. SAC,SAC,W,13.96,4,2,4,0,1,0,0,0,2,2,3,1,0,3,1,-1,2.299999999999999,50.0,https://www.nba.com/stats/players/boxscores-traditional?Season=2014-15&SeasonType=Regular%20Season&TeamID=1610612741
2015,2014–15,2399,Mike Dunleavy,0021400785,2015-02-10,CHI vs. SAC,SAC,W,24.35,5,2,5,1,3,0,0,0,1,1,3,0,0,1,2,13,2.8999999999999995,50.0,https://www.nba.com/stats/players/boxscores-traditional?Season=2014-15&SeasonType=Regular%20Season&TeamID=1610612741
2015,2014–15,202710,Jimmy Butler III,0021400785,2015-02-10,CHI vs. SAC,SAC,W,22.083333333333332,5,2,8,0,1,1,2,0,2,2,2,0,0,0,0,5,1.8,28.15315315315315,https://www.nba.com/stats/players/boxscores-traditional?Season=2014-15&SeasonType=Regular%20Season&TeamID=1610612741
2015,2014–15,201149,Joakim Noah,0021400785,2015-02-10,CHI vs. SAC,SAC,W,17.483333333333334,2,1,4,0,0,0,0,0,2,2,4,0,0,0,5,15,1.0,25.0,https://www.nba.com/stats/players/boxscores-traditional?Season=2014-15&SeasonType=Regular%20Season&TeamID=1610612741
2015,2014–15,202703,Nikola Mirotic,0021400785,2015-02-10,CHI vs. SAC,SAC,W,12.016666666666667,3,1,5,1,5,0,0,0,2,2,0,1,0,1,2,3,-0.30000000000000004,30.0,https://www.nba.com/stats/players/boxscores-traditional?Season=2014-15&SeasonType=Regular%20Season&TeamID=1610612741
2015,2014–15,203926,Doug McDermott,0021400785,2015-02-10,CHI vs. SAC,SAC,W,1.1,3,1,2,0,0,1,1,0,1,1,0,0,0,0,0,3,2.3,61.47540983606557,https://www.nba.com/stats/players/boxscores-traditional?Season=2014-15&SeasonType=Regular%20Season&TeamID=1610612741
2015,2014–15,1737,Nazr Mohammed,0021400785,2015-02-10,CHI vs. SAC,SAC,W,1.1,0,0,0,0,0,0,0,1,0,1,0,0,0,0,0,3,0.7,0.0,https://www.nba.com/stats/players/boxscores-traditional?Season=2014-15&SeasonType=Regular%20Season&TeamID=1610612741
2015,2014–15,203946,Cameron Bairstow,0021400785,2015-02-10,CHI vs. SAC,SAC,W,1.1,0,0,1,0,0,0,0,0,0,0,0,0,0,0,0,3,-0.7,0.0,https://www.nba.com/stats/players/boxscores-traditional?Season=2014-15&SeasonType=Regular%20Season&TeamID=1610612741
2015,2014–15,202734,E'Twaun Moore,0021400785,2015-02-10,CHI vs. SAC,SAC,W,1.44,0,0,0,0,0,0,0,0,0,0,0,0,0,0,0,3,0.0,0.0,https://www.nba.com/stats/players/boxscores-traditional?Season=2014-15&SeasonType=Regular%20Season&TeamID=1610612741
2015,2014–15,202710,Jimmy Butler III,0021400770,2015-02-08,CHI @ ORL,ORL,W,40.455,27,9,16,3,4,6,6,0,2,2,5,6,0,3,2,4,25.700000000000003,72.42489270386265,https://www.nba.com/stats/players/boxscores-traditional?Season=2014-15&SeasonType=Regular%20Season&TeamID=1610612741
2015,2014–15,2200,Pau Gasol,0021400770,2015-02-08,CHI @ ORL,ORL,W,37.21666666666667,25,10,16,0,0,5,6,3,12,15,4,1,1,1,3,12,25.400000000000002,67.06008583690986,https://www.nba.com/stats/players/boxscores-traditional?Season=2014-15&SeasonType=Regular%20Season&TeamID=1610612741
2015,2014–15,201149,Joakim Noah,0021400770,2015-02-08,CHI @ ORL,ORL,W,36.7,18,7,10,0,0,4,4,2,7,9,2,2,0,2,1,-3,18.3,76.53061224489795,https://www.nba.com/stats/players/boxscores-traditional?Season=2014-15&SeasonType=Regular%20Season&TeamID=1610612741
2015,2014–15,201565,Derrick Rose,0021400770,2015-02-08,CHI @ ORL,ORL,W,34.88333333333333,10,4,14,1,4,1,2,0,1,1,11,2,0,3,0,2,8.4,33.60215053763441,https://www.nba.com/stats/players/boxscores-traditional?Season=2014-15&SeasonType=Regular%20Season&TeamID=1610612741
2015,2014–15,203503,Tony Snell,0021400770,2015-02-08,CHI @ ORL,ORL,W,36.583333333333336,8,3,9,2,7,0,0,0,3,3,2,0,0,3,2,11,1.3999999999999995,44.44444444444444,https://www.nba.com/stats/players/boxscores-traditional?Season=2014-15&SeasonType=Regular%20Season&TeamID=1610612741
2015,2014–15,202734,E'Twaun Moore,0021400770,2015-02-08,CHI @ ORL,ORL,W,15.828333333333333,5,2,4,1,3,0,0,0,0,0,1,0,0,1,2,-7,1.9000000000000004,62.5,https://www.nba.com/stats/players/boxscores-traditional?Season=2014-15&SeasonType=Regular%20Season&TeamID=1610612741
2015,2014–15,201959,Taj Gibson,0021400770,2015-02-08,CHI @ ORL,ORL,W,22.083333333333332,2,1,3,0,0,0,0,2,1,3,1,0,0,1,1,-7,1.3000000000000003,33.33333333333333,https://www.nba.com/stats/players/boxscores-traditional?Season=2014-15&SeasonType=Regular%20Season&TeamID=1610612741
2015,2014–15,201166,Aaron Brooks,0021400770,2015-02-08,CHI @ ORL,ORL,W,13.116666666666667,3,1,5,1,4,0,0,0,1,1,0,0,0,1,0,-1,-0.8,30.0,https://www.nba.com/stats/players/boxscores-traditional?Season=2014-15&SeasonType=Regular%20Season&TeamID=1610612741
2015,2014–15,202703,Nikola Mirotic,0021400770,2015-02-08,CHI @ ORL,ORL,W,3.1333333333333333,0,0,0,0,0,0,0,0,1,1,1,0,0,0,0,-6,1.0,0.0,https://www.nba.com/stats/players/boxscores-traditional?Season=2014-15&SeasonType=Regular%20Season&TeamID=1610612741
2015,2014–15,2200,Pau Gasol,0021400758,2015-02-07,CHI @ NOP,NOP,W,27.558333333333334,20,9,14,1,1,1,2,4,11,15,4,0,3,3,0,18,21.400000000000006,67.20430107526882,https://www.nba.com/stats/players/boxscores-traditional?Season=2014-15&SeasonType=Regular%20Season&TeamID=1610612741
2015,2014–15,202710,Jimmy Butler III,0021400758,2015-02-07,CHI @ NOP,NOP,W,33.71666666666667,18,6,14,0,2,6,6,2,2,4,5,1,0,1,1,31,15.700000000000003,54.08653846153846,https://www.nba.com/stats/players/boxscores-traditional?Season=2014-15&SeasonType=Regular%20Season&TeamID=1610612741
2015,2014–15,203503,Tony Snell,0021400758,2015-02-07,CHI @ NOP,NOP,W,28.883333333333333,19,7,10,5,6,0,0,0,5,5,0,0,0,0,1,20,15.9,95.0,https://www.nba.com/stats/players/boxscores-traditional?Season=2014-15&SeasonType=Regular%20Season&TeamID=1610612741
2015,2014–15,201565,Derrick Rose,0021400758,2015-02-07,CHI @ NOP,NOP,W,28.05,20,8,15,2,5,2,3,0,2,2,4,0,0,2,0,23,13.7,61.274509803921575,https://www.nba.com/stats/players/boxscores-traditional?Season=2014-15&SeasonType=Regular%20Season&TeamID=1610612741
2015,2014–15,201959,Taj Gibson,0021400758,2015-02-07,CHI @ NOP,NOP,W,24.583333333333332,4,2,6,0,0,0,0,2,3,5,0,1,1,0,2,12,3.8000000000000007,33.33333333333333,https://www.nba.com/stats/players/boxscores-traditional?Season=2014-15&SeasonType=Regular%20Season&TeamID=1610612741
2015,2014–15,201166,Aaron Brooks,0021400758,2015-02-07,CHI @ NOP,NOP,W,23.75,7,3,9,1,4,0,0,0,2,2,1,0,0,4,1,10,-1.2000000000000006,38.88888888888889,https://www.nba.com/stats/players/boxscores-traditional?Season=2014-15&SeasonType=Regular%20Season&TeamID=1610612741
2015,2014–15,202703,Nikola Mirotic,0021400758,2015-02-07,CHI @ NOP,NOP,W,12.708333333333334,4,2,3,0,1,0,0,0,2,2,4,0,0,0,0,14,6.1,66.66666666666666,https://www.nba.com/stats/players/boxscores-traditional?Season=2014-15&SeasonType=Regular%20Season&TeamID=1610612741
2015,2014–15,203926,Doug McDermott,0021400758,2015-02-07,CHI @ NOP,NOP,W,4.216666666666667,9,3,3,1,1,2,2,0,0,0,0,0,0,0,0,7,8.1,115.97938144329898,https://www.nba.com/stats/players/boxscores-traditional?Season=2014-15&SeasonType=Regular%20Season&TeamID=1610612741
2015,2014–15,201149,Joakim Noah,0021400758,2015-02-07,CHI @ NOP,NOP,W,24.55,2,1,2,0,0,0,0,0,7,7,0,0,0,0,1,20,2.7,50.0,https://www.nba.com/stats/players/boxscores-traditional?Season=2014-15&SeasonType=Regular%20Season&TeamID=1610612741
2015,2014–15,2550,Kirk Hinrich,0021400758,2015-02-07,CHI @ NOP,NOP,W,14.9,2,1,4,0,1,0,0,0,2,2,0,2,0,0,0,8,2.2,25.0,https://www.nba.com/stats/players/boxscores-traditional?Season=2014-15&SeasonType=Regular%20Season&TeamID=1610612741
2015,2014–15,202734,E'Twaun Moore,0021400758,2015-02-07,CHI @ NOP,NOP,W,10.483333333333333,2,1,3,0,1,0,0,0,1,1,0,2,0,1,0,6,1.6000000000000005,33.33333333333333,https://www.nba.com/stats/players/boxscores-traditional?Season=2014-15&SeasonType=Regular%20Season&TeamID=1610612741
2015,2014–15,203946,Cameron Bairstow,0021400758,2015-02-07,CHI @ NOP,NOP,W,6.6,0,0,1,0,0,0,0,0,0,0,0,0,0,0,1,6,-1.1,0.0,https://www.nba.com/stats/players/boxscores-traditional?Season=2014-15&SeasonType=Regular%20Season&TeamID=1610612741
2015,2014–15,202710,Jimmy Butler III,0021400735,2015-02-04,CHI @ HOU,HOU,L,40.8,27,9,18,3,5,6,8,3,3,6,1,2,0,0,2,-1,22.099999999999994,62.73234200743495,https://www.nba.com/stats/players/boxscores-traditional?Season=2014-15&SeasonType=Regular%20Season&TeamID=1610612741
2015,2014–15,2200,Pau Gasol,0021400735,2015-02-04,CHI @ HOU,HOU,L,33.85,16,5,10,0,0,6,7,3,9,12,3,0,2,2,3,5,15.7,61.16207951070336,https://www.nba.com/stats/players/boxscores-traditional?Season=2014-15&SeasonType=Regular%20Season&TeamID=1610612741
2015,2014–15,201565,Derrick Rose,0021400735,2015-02-04,CHI @ HOU,HOU,L,38.05,23,9,22,2,9,3,4,0,4,4,2,0,0,3,1,6,10.000000000000002,48.4006734006734,https://www.nba.com/stats/players/boxscores-traditional?Season=2014-15&SeasonType=Regular%20Season&TeamID=1610612741
2015,2014–15,201959,Taj Gibson,0021400735,2015-02-04,CHI @ HOU,HOU,L,29.766666666666666,12,4,9,0,0,4,6,3,7,10,1,1,1,1,4,-13,10.499999999999998,51.546391752577314,https://www.nba.com/stats/players/boxscores-traditional?Season=2014-15&SeasonType=Regular%20Season&TeamID=1610612741
2015,2014–15,201149,Joakim Noah,0021400735,2015-02-04,CHI @ HOU,HOU,L,32.38333333333333,1,0,8,0,1,1,1,6,13,19,3,0,1,2,4,-14,2.6999999999999993,5.924170616113744,https://www.nba.com/stats/players/boxscores-traditional?Season=2014-15&SeasonType=Regular%20Season&TeamID=1610612741
2015,2014–15,2550,Kirk Hinrich,0021400735,2015-02-04,CHI @ HOU,HOU,L,31.166666666666668,3,1,6,1,5,0,0,2,2,4,4,0,1,2,2,4,1.9000000000000004,25.0,https://www.nba.com/stats/players/boxscores-traditional?Season=2014-15&SeasonType=Regular%20Season&TeamID=1610612741
2015,2014–15,201166,Aaron Brooks,0021400735,2015-02-04,CHI @ HOU,HOU,L,14.516666666666667,5,2,7,1,3,0,0,0,2,2,1,0,0,2,1,-15,-0.19999999999999973,35.714285714285715,https://www.nba.com/stats/players/boxscores-traditional?Season=2014-15&SeasonType=Regular%20Season&TeamID=1610612741
2015,2014–15,202703,Nikola Mirotic,0021400735,2015-02-04,CHI @ HOU,HOU,L,12.266666666666667,3,1,8,1,2,0,0,1,2,3,1,0,0,0,0,-17,-0.19999999999999984,18.75,https://www.nba.com/stats/players/boxscores-traditional?Season=2014-15&SeasonType=Regular%20Season&TeamID=1610612741
2015,2014–15,202734,E'Twaun Moore,0021400735,2015-02-04,CHI @ HOU,HOU,L,7.2,0,0,1,0,0,0,0,0,0,0,0,0,0,0,0,-10,-0.7,0.0,https://www.nba.com/stats/players/boxscores-traditional?Season=2014-15&SeasonType=Regular%20Season&TeamID=1610612741
2015,2014–15,202710,Jimmy Butler III,0021400704,2015-01-30,CHI @ PHX,PHX,L,42.416666666666664,22,8,18,1,6,5,8,0,7,7,4,2,0,2,2,9,15.499999999999996,51.11524163568774,https://www.nba.com/stats/players/boxscores-traditional?Season=2014-15&SeasonType=Regular%20Season&TeamID=1610612741
2015,2014–15,2200,Pau Gasol,0021400704,2015-01-30,CHI @ PHX,PHX,L,35.65,10,5,14,0,0,0,5,6,13,19,3,0,1,1,2,9,9.299999999999999,30.864197530864203,https://www.nba.com/stats/players/boxscores-traditional?Season=2014-15&SeasonType=Regular%20Season&TeamID=1610612741
2015,2014–15,201166,Aaron Brooks,0021400704,2015-01-30,CHI @ PHX,PHX,L,32.086666666666666,21,8,13,3,5,2,2,0,2,2,2,2,0,0,4,-14,17.499999999999996,75.64841498559078,https://www.nba.com/stats/players/boxscores-traditional?Season=2014-15&SeasonType=Regular%20Season&TeamID=1610612741
2015,2014–15,201565,Derrick Rose,0021400704,2015-01-30,CHI @ PHX,PHX,L,36.31,23,8,23,0,6,7,9,2,3,5,3,0,0,3,2,15,9.9,42.65578635014837,https://www.nba.com/stats/players/boxscores-traditional?Season=2014-15&SeasonType=Regular%20Season&TeamID=1610612741
2015,2014–15,201149,Joakim Noah,0021400704,2015-01-30,CHI @ PHX,PHX,L,32.78333333333333,9,3,8,0,0,3,3,4,6,10,5,1,2,1,3,13,12.899999999999999,48.283261802575105,https://www.nba.com/stats/players/boxscores-traditional?Season=2014-15&SeasonType=Regular%20Season&TeamID=1610612741
2015,2014–15,203503,Tony Snell,0021400704,2015-01-30,CHI @ PHX,PHX,L,19.863333333333333,2,1,2,0,0,0,0,0,5,5,1,1,0,1,2,-4,2.4000000000000004,50.0,https://www.nba.com/stats/players/boxscores-traditional?Season=2014-15&SeasonType=Regular%20Season&TeamID=1610612741
2015,2014–15,201959,Taj Gibson,0021400704,2015-01-30,CHI @ PHX,PHX,L,21.616666666666667,4,2,4,0,0,0,0,0,1,1,2,0,0,2,1,-20,1.2999999999999998,50.0,https://www.nba.com/stats/players/boxscores-traditional?Season=2014-15&SeasonType=Regular%20Season&TeamID=1610612741
2015,2014–15,2550,Kirk Hinrich,0021400704,2015-01-30,CHI @ PHX,PHX,L,11.366666666666667,2,1,4,0,0,0,0,0,0,0,0,0,0,0,1,-21,-0.7999999999999999,25.0,https://www.nba.com/stats/players/boxscores-traditional?Season=2014-15&SeasonType=Regular%20Season&TeamID=1610612741
2015,2014–15,202734,E'Twaun Moore,0021400704,2015-01-30,CHI @ PHX,PHX,L,0.3233333333333333,0,0,0,0,0,0,0,0,0,0,0,0,0,0,0,0,0.0,0.0,https://www.nba.com/stats/players/boxscores-traditional?Season=2014-15&SeasonType=Regular%20Season&TeamID=1610612741
2015,2014–15,202703,Nikola Mirotic,0021400704,2015-01-30,CHI @ PHX,PHX,L,7.583333333333333,0,0,1,0,1,0,0,0,0,0,0,0,0,1,1,-17,-2.1,0.0,https://www.nba.com/stats/players/boxscores-traditional?Season=2014-15&SeasonType=Regular%20Season&TeamID=1610612741
2015,2014–15,202710,Jimmy Butler III,0021400695,2015-01-29,CHI @ LAL,LAL,L,48.995,35,9,17,1,5,16,18,3,4,7,1,3,0,1,2,-4,31.10000000000001,70.22471910112358,https://www.nba.com/stats/players/boxscores-traditional?Season=2014-15&SeasonType=Regular%20Season&TeamID=1610612741
2015,2014–15,2200,Pau Gasol,0021400695,2015-01-29,CHI @ LAL,LAL,L,43.95,20,8,14,0,0,4,6,3,7,10,6,0,4,1,5,2,20.8,60.09615384615385,https://www.nba.com/stats/players/boxscores-traditional?Season=2014-15&SeasonType=Regular%20Season&TeamID=1610612741
2015,2014–15,201149,Joakim Noah,0021400695,2015-01-29,CHI @ LAL,LAL,L,42.11666666666667,9,4,7,0,0,1,1,5,12,17,9,0,1,0,3,-6,18.599999999999998,60.483870967741936,https://www.nba.com/stats/players/boxscores-traditional?Season=2014-15&SeasonType=Regular%20Season&TeamID=1610612741
2015,2014–15,201565,Derrick Rose,0021400695,2015-01-29,CHI @ LAL,LAL,L,42.471666666666664,17,7,26,1,7,2,2,2,2,4,6,1,0,5,1,-6,3.4000000000000004,31.622023809523807,https://www.nba.com/stats/players/boxscores-traditional?Season=2014-15&SeasonType=Regular%20Season&TeamID=1610612741
2015,2014–15,201166,Aaron Brooks,0021400695,2015-01-29,CHI @ LAL,LAL,L,22.488333333333333,15,6,15,3,5,0,0,1,0,1,2,1,0,2,5,10,5.999999999999998,50.0,https://www.nba.com/stats/players/boxscores-traditional?Season=2014-15&SeasonType=Regular%20Season&TeamID=1610612741
2015,2014–15,201959,Taj Gibson,0021400695,2015-01-29,CHI @ LAL,LAL,L,26.366666666666667,8,3,6,0,0,2,2,1,4,5,0,2,1,1,3,-6,7.399999999999999,58.139534883720934,https://www.nba.com/stats/players/boxscores-traditional?Season=2014-15&SeasonType=Regular%20Season&TeamID=1610612741
2015,2014–15,203503,Tony Snell,0021400695,2015-01-29,CHI @ LAL,LAL,L,23.455,10,4,12,1,5,1,3,1,1,2,1,1,0,0,1,1,4.700000000000001,37.53753753753754,https://www.nba.com/stats/players/boxscores-traditional?Season=2014-15&SeasonType=Regular%20Season&TeamID=1610612741
2015,2014–15,2550,Kirk Hinrich,0021400695,2015-01-29,CHI @ LAL,LAL,L,27.38,2,1,4,0,2,0,0,1,2,3,1,0,0,0,1,-16,1.2000000000000002,25.0,https://www.nba.com/stats/players/boxscores-traditional?Season=2014-15&SeasonType=Regular%20Season&TeamID=1610612741
2015,2014–15,202734,E'Twaun Moore,0021400695,2015-01-29,CHI @ LAL,LAL,L,0.395,2,1,1,0,0,0,0,0,0,0,0,0,0,0,0,4,1.7,100.0,https://www.nba.com/stats/players/boxscores-traditional?Season=2014-15&SeasonType=Regular%20Season&TeamID=1610612741
2015,2014–15,202703,Nikola Mirotic,0021400695,2015-01-29,CHI @ LAL,LAL,L,12.3,0,0,2,0,1,0,0,0,0,0,0,1,0,1,0,-6,-1.4,0.0,https://www.nba.com/stats/players/boxscores-traditional?Season=2014-15&SeasonType=Regular%20Season&TeamID=1610612741
2015,2014–15,203926,Doug McDermott,0021400695,2015-01-29,CHI @ LAL,LAL,L,0.08166666666666667,0,0,0,0,0,0,0,0,0,0,0,0,0,0,0,2,0.0,0.0,https://www.nba.com/stats/players/boxscores-traditional?Season=2014-15&SeasonType=Regular%20Season&TeamID=1610612741
2015,2014–15,2200,Pau Gasol,0021400679,2015-01-27,CHI @ GSW,GSW,W,41.18333333333333,18,7,12,0,1,4,4,6,10,16,8,0,4,3,2,7,24.200000000000003,65.40697674418605,https://www.nba.com/stats/players/boxscores-traditional?Season=2014-15&SeasonType=Regular%20Season&TeamID=1610612741
2015,2014–15,201565,Derrick Rose,0021400679,2015-01-27,CHI @ GSW,GSW,W,42.916666666666664,30,13,33,4,12,0,0,2,5,7,1,0,1,11,1,10,5.000000000000007,45.45454545454545,https://www.nba.com/stats/players/boxscores-traditional?Season=2014-15&SeasonType=Regular%20Season&TeamID=1610612741
2015,2014–15,201149,Joakim Noah,0021400679,2015-01-27,CHI @ GSW,GSW,W,40.31666666666667,18,7,12,0,0,4,4,7,8,15,6,2,0,2,3,3,22.7,65.40697674418605,https://www.nba.com/stats/players/boxscores-traditional?Season=2014-15&SeasonType=Regular%20Season&TeamID=1610612741
2015,2014–15,202703,Nikola Mirotic,0021400679,2015-01-27,CHI @ GSW,GSW,W,30.651666666666667,12,3,6,2,4,4,5,0,7,7,1,1,0,2,5,6,8.399999999999999,73.17073170731709,https://www.nba.com/stats/players/boxscores-traditional?Season=2014-15&SeasonType=Regular%20Season&TeamID=1610612741
2015,2014–15,201959,Taj Gibson,0021400679,2015-01-27,CHI @ GSW,GSW,W,23.965,10,3,9,0,0,4,4,3,6,9,1,0,1,1,2,-3,8.399999999999997,46.468401486988846,https://www.nba.com/stats/players/boxscores-traditional?Season=2014-15&SeasonType=Regular%20Season&TeamID=1610612741
2015,2014–15,201166,Aaron Brooks,0021400679,2015-01-27,CHI @ GSW,GSW,W,13.833333333333334,10,3,8,1,2,3,4,0,2,2,1,0,0,1,1,-6,5.099999999999999,51.229508196721305,https://www.nba.com/stats/players/boxscores-traditional?Season=2014-15&SeasonType=Regular%20Season&TeamID=1610612741
2015,2014–15,2550,Kirk Hinrich,0021400679,2015-01-27,CHI @ GSW,GSW,W,38.13333333333333,5,2,8,1,6,0,0,1,1,2,1,2,0,1,2,10,2.1000000000000005,31.25,https://www.nba.com/stats/players/boxscores-traditional?Season=2014-15&SeasonType=Regular%20Season&TeamID=1610612741
2015,2014–15,203503,Tony Snell,0021400679,2015-01-27,CHI @ GSW,GSW,W,22.883333333333333,8,3,8,0,3,2,2,0,2,2,0,0,0,0,0,-7,4.199999999999999,45.04504504504504,https://www.nba.com/stats/players/boxscores-traditional?Season=2014-15&SeasonType=Regular%20Season&TeamID=1610612741
2015,2014–15,202734,E'Twaun Moore,0021400679,2015-01-27,CHI @ GSW,GSW,W,11.116666666666667,2,1,2,0,1,0,0,0,1,1,0,1,0,0,2,-10,1.4999999999999998,50.0,https://www.nba.com/stats/players/boxscores-traditional?Season=2014-15&SeasonType=Regular%20Season&TeamID=1610612741
2015,2014–15,2200,Pau Gasol,0021400657,2015-01-25,CHI vs. MIA,MIA,L,36.15,13,6,16,0,1,1,1,6,11,17,3,0,4,2,2,-13,13.799999999999997,39.537712895377126,https://www.nba.com/stats/players/boxscores-traditional?Season=2014-15&SeasonType=Regular%20Season&TeamID=1610612741
2015,2014–15,201565,Derrick Rose,0021400657,2015-01-25,CHI vs. MIA,MIA,L,33.28333333333333,19,7,17,0,6,5,6,0,2,2,4,1,1,4,1,-13,10.200000000000001,48.37067209775967,https://www.nba.com/stats/players/boxscores-traditional?Season=2014-15&SeasonType=Regular%20Season&TeamID=1610612741
2015,2014–15,201959,Taj Gibson,0021400657,2015-01-25,CHI vs. MIA,MIA,L,25.916666666666668,11,3,10,0,0,5,8,5,3,8,2,0,2,1,5,-5,8.2,40.680473372781066,https://www.nba.com/stats/players/boxscores-traditional?Season=2014-15&SeasonType=Regular%20Season&TeamID=1610612741
2015,2014–15,201166,Aaron Brooks,0021400657,2015-01-25,CHI vs. MIA,MIA,L,21.45,17,6,11,4,5,1,1,0,2,2,0,1,0,2,2,-4,10.499999999999998,74.3006993006993,https://www.nba.com/stats/players/boxscores-traditional?Season=2014-15&SeasonType=Regular%20Season&TeamID=1610612741
2015,2014–15,201149,Joakim Noah,0021400657,2015-01-25,CHI vs. MIA,MIA,L,22.083333333333332,4,1,5,0,0,2,2,2,3,5,2,0,2,0,2,-7,5.2,34.01360544217687,https://www.nba.com/stats/players/boxscores-traditional?Season=2014-15&SeasonType=Regular%20Season&TeamID=1610612741
2015,2014–15,202710,Jimmy Butler III,0021400657,2015-01-25,CHI vs. MIA,MIA,L,42.55,5,2,8,0,2,1,1,1,4,5,2,1,0,0,0,-4,4.5,29.620853080568722,https://www.nba.com/stats/players/boxscores-traditional?Season=2014-15&SeasonType=Regular%20Season&TeamID=1610612741
2015,2014–15,203503,Tony Snell,0021400657,2015-01-25,CHI vs. MIA,MIA,L,22.25,7,3,7,1,4,0,0,0,1,1,1,1,1,0,4,-16,4.4,50.0,https://www.nba.com/stats/players/boxscores-traditional?Season=2014-15&SeasonType=Regular%20Season&TeamID=1610612741
2015,2014–15,2550,Kirk Hinrich,0021400657,2015-01-25,CHI vs. MIA,MIA,L,24.466666666666665,2,1,6,0,2,0,0,0,3,3,1,1,0,0,0,1,0.8000000000000005,16.666666666666664,https://www.nba.com/stats/players/boxscores-traditional?Season=2014-15&SeasonType=Regular%20Season&TeamID=1610612741
2015,2014–15,202703,Nikola Mirotic,0021400657,2015-01-25,CHI vs. MIA,MIA,L,11.85,6,2,7,2,4,0,0,0,0,0,0,0,0,0,0,1,1.9000000000000004,42.857142857142854,https://www.nba.com/stats/players/boxscores-traditional?Season=2014-15&SeasonType=Regular%20Season&TeamID=1610612741
2015,2014–15,202710,Jimmy Butler III,0021400646,2015-01-23,CHI @ DAL,DAL,W,38.36666666666667,20,8,18,0,2,4,5,3,5,8,6,3,0,2,1,2,18.599999999999998,49.504950495049506,https://www.nba.com/stats/players/boxscores-traditional?Season=2014-15&SeasonType=Regular%20Season&TeamID=1610612741
2015,2014–15,2200,Pau Gasol,0021400646,2015-01-23,CHI @ DAL,DAL,W,38.32,13,5,10,0,0,3,3,3,13,16,3,1,1,3,2,9,14.0,57.42049469964664,https://www.nba.com/stats/players/boxscores-traditional?Season=2014-15&SeasonType=Regular%20Season&TeamID=1610612741
2015,2014–15,201565,Derrick Rose,0021400646,2015-01-23,CHI @ DAL,DAL,W,37.083333333333336,20,7,17,3,5,3,3,2,1,3,3,1,1,5,0,8,11.400000000000002,54.585152838427945,https://www.nba.com/stats/players/boxscores-traditional?Season=2014-15&SeasonType=Regular%20Season&TeamID=1610612741
2015,2014–15,201959,Taj Gibson,0021400646,2015-01-23,CHI @ DAL,DAL,W,32.663333333333334,15,6,10,0,0,3,4,1,6,7,2,1,1,3,4,-1,10.999999999999996,63.775510204081634,https://www.nba.com/stats/players/boxscores-traditional?Season=2014-15&SeasonType=Regular%20Season&TeamID=1610612741
2015,2014–15,203503,Tony Snell,0021400646,2015-01-23,CHI @ DAL,DAL,W,30.538333333333334,10,4,7,2,4,0,0,0,3,3,2,1,0,2,1,5,7.6,71.42857142857143,https://www.nba.com/stats/players/boxscores-traditional?Season=2014-15&SeasonType=Regular%20Season&TeamID=1610612741
2015,2014–15,201149,Joakim Noah,0021400646,2015-01-23,CHI @ DAL,DAL,W,23.0,6,3,8,0,0,0,0,6,1,7,1,0,2,4,2,4,3.3999999999999995,37.5,https://www.nba.com/stats/players/boxscores-traditional?Season=2014-15&SeasonType=Regular%20Season&TeamID=1610612741
2015,2014–15,2550,Kirk Hinrich,0021400646,2015-01-23,CHI @ DAL,DAL,W,20.616666666666667,8,2,3,2,2,2,2,0,0,0,2,1,0,1,4,-1,6.500000000000002,103.09278350515466,https://www.nba.com/stats/players/boxscores-traditional?Season=2014-15&SeasonType=Regular%20Season&TeamID=1610612741
2015,2014–15,201166,Aaron Brooks,0021400646,2015-01-23,CHI @ DAL,DAL,W,13.045,4,1,3,0,1,2,3,0,2,2,3,0,0,0,3,3,3.4000000000000004,46.29629629629629,https://www.nba.com/stats/players/boxscores-traditional?Season=2014-15&SeasonType=Regular%20Season&TeamID=1610612741
2015,2014–15,202703,Nikola Mirotic,0021400646,2015-01-23,CHI @ DAL,DAL,W,2.0166666666666666,3,1,1,1,1,0,0,0,1,1,0,0,0,1,1,-4,1.6,150.0,https://www.nba.com/stats/players/boxscores-traditional?Season=2014-15&SeasonType=Regular%20Season&TeamID=1610612741
2015,2014–15,202734,E'Twaun Moore,0021400646,2015-01-23,CHI @ DAL,DAL,W,4.35,3,1,1,1,1,0,0,0,0,0,0,0,0,0,0,-5,2.7,150.0,https://www.nba.com/stats/players/boxscores-traditional?Season=2014-15&SeasonType=Regular%20Season&TeamID=1610612741
2015,2014–15,2200,Pau Gasol,0021400637,2015-01-22,CHI vs. SAS,SAS,W,31.45,12,5,6,0,0,2,2,1,16,17,2,0,2,1,2,22,16.299999999999997,87.20930232558139,https://www.nba.com/stats/players/boxscores-traditional?Season=2014-15&SeasonType=Regular%20Season&TeamID=1610612741
2015,2014–15,201959,Taj Gibson,0021400637,2015-01-22,CHI vs. SAS,SAS,W,36.55,15,5,13,0,0,5,8,4,5,9,1,1,4,1,2,17,13.7,45.39951573849879,https://www.nba.com/stats/players/boxscores-traditional?Season=2014-15&SeasonType=Regular%20Season&TeamID=1610612741
2015,2014–15,201565,Derrick Rose,0021400637,2015-01-22,CHI vs. SAS,SAS,W,26.65,22,9,16,2,4,2,2,1,1,2,5,2,0,2,1,26,18.500000000000004,65.16587677725119,https://www.nba.com/stats/players/boxscores-traditional?Season=2014-15&SeasonType=Regular%20Season&TeamID=1610612741
2015,2014–15,202710,Jimmy Butler III,0021400637,2015-01-22,CHI vs. SAS,SAS,W,28.016666666666666,17,4,9,2,2,7,7,0,4,4,2,1,1,1,4,21,14.000000000000002,70.36423841059603,https://www.nba.com/stats/players/boxscores-traditional?Season=2014-15&SeasonType=Regular%20Season&TeamID=1610612741
2015,2014–15,201166,Aaron Brooks,0021400637,2015-01-22,CHI vs. SAS,SAS,W,24.866666666666667,15,4,7,2,3,5,7,0,4,4,3,1,0,3,1,8,11.8,74.40476190476191,https://www.nba.com/stats/players/boxscores-traditional?Season=2014-15&SeasonType=Regular%20Season&TeamID=1610612741
2015,2014–15,203503,Tony Snell,0021400637,2015-01-22,CHI vs. SAS,SAS,W,34.46666666666667,12,4,11,0,6,4,5,1,2,3,2,0,0,2,0,14,6.199999999999999,45.45454545454546,https://www.nba.com/stats/players/boxscores-traditional?Season=2014-15&SeasonType=Regular%20Season&TeamID=1610612741
2015,2014–15,202703,Nikola Mirotic,0021400637,2015-01-22,CHI vs. SAS,SAS,W,15.44,6,3,6,0,2,0,0,0,0,0,2,1,1,0,1,11,5.7,50.0,https://www.nba.com/stats/players/boxscores-traditional?Season=2014-15&SeasonType=Regular%20Season&TeamID=1610612741
2015,2014–15,2550,Kirk Hinrich,0021400637,2015-01-22,CHI vs. SAS,SAS,W,25.911666666666665,2,1,5,0,2,0,0,0,2,2,1,1,0,0,4,2,-0.40000000000000036,20.0,https://www.nba.com/stats/players/boxscores-traditional?Season=2014-15&SeasonType=Regular%20Season&TeamID=1610612741
2015,2014–15,203946,Cameron Bairstow,0021400637,2015-01-22,CHI vs. SAS,SAS,W,2.216666666666667,3,1,2,0,0,1,1,1,1,2,0,0,0,0,1,0,2.6,61.47540983606557,https://www.nba.com/stats/players/boxscores-traditional?Season=2014-15&SeasonType=Regular%20Season&TeamID=1610612741
2015,2014–15,1737,Nazr Mohammed,0021400637,2015-01-22,CHI vs. SAS,SAS,W,9.71,0,0,0,0,0,0,0,0,3,3,0,0,0,0,0,-6,0.8999999999999999,0.0,https://www.nba.com/stats/players/boxscores-traditional?Season=2014-15&SeasonType=Regular%20Season&TeamID=1610612741
2015,2014–15,202734,E'Twaun Moore,0021400637,2015-01-22,CHI vs. SAS,SAS,W,2.505,0,0,1,0,0,0,0,0,0,0,1,0,0,0,0,0,0.0,0.0,https://www.nba.com/stats/players/boxscores-traditional?Season=2014-15&SeasonType=Regular%20Season&TeamID=1610612741
2015,2014–15,203926,Doug McDermott,0021400637,2015-01-22,CHI vs. SAS,SAS,W,2.216666666666667,0,0,0,0,0,0,0,0,0,0,0,0,0,0,0,0,0.0,0.0,https://www.nba.com/stats/players/boxscores-traditional?Season=2014-15&SeasonType=Regular%20Season&TeamID=1610612741
2015,2014–15,202710,Jimmy Butler III,0021400620,2015-01-19,CHI @ CLE,CLE,L,39.513333333333335,20,6,16,1,3,7,9,1,6,7,3,1,1,0,1,-24,16.3,50.1002004008016,https://www.nba.com/stats/players/boxscores-traditional?Season=2014-15&SeasonType=Regular%20Season&TeamID=1610612741
2015,2014–15,201959,Taj Gibson,0021400620,2015-01-19,CHI @ CLE,CLE,L,38.31666666666667,10,4,10,0,0,2,5,3,7,10,1,1,5,1,3,-8,10.599999999999998,40.98360655737705,https://www.nba.com/stats/players/boxscores-traditional?Season=2014-15&SeasonType=Regular%20Season&TeamID=1610612741
2015,2014–15,2200,Pau Gasol,0021400620,2015-01-19,CHI @ CLE,CLE,L,37.083333333333336,11,4,14,0,0,3,4,5,6,11,2,0,2,0,2,-17,9.7,34.89847715736041,https://www.nba.com/stats/players/boxscores-traditional?Season=2014-15&SeasonType=Regular%20Season&TeamID=1610612741
2015,2014–15,201565,Derrick Rose,0021400620,2015-01-19,CHI @ CLE,CLE,L,29.933333333333334,18,5,14,3,5,5,5,0,1,1,2,1,0,1,1,-13,11.500000000000002,55.55555555555556,https://www.nba.com/stats/players/boxscores-traditional?Season=2014-15&SeasonType=Regular%20Season&TeamID=1610612741
2015,2014–15,201166,Aaron Brooks,0021400620,2015-01-19,CHI @ CLE,CLE,L,18.62,16,5,9,2,3,4,4,0,1,1,3,1,0,0,1,8,14.7,74.34944237918216,https://www.nba.com/stats/players/boxscores-traditional?Season=2014-15&SeasonType=Regular%20Season&TeamID=1610612741
2015,2014–15,203503,Tony Snell,0021400620,2015-01-19,CHI @ CLE,CLE,L,22.783333333333335,12,5,8,2,4,0,0,1,3,4,0,1,1,4,2,1,6.899999999999999,75.0,https://www.nba.com/stats/players/boxscores-traditional?Season=2014-15&SeasonType=Regular%20Season&TeamID=1610612741
2015,2014–15,202703,Nikola Mirotic,0021400620,2015-01-19,CHI @ CLE,CLE,L,15.433333333333334,3,0,1,0,0,3,3,1,1,2,0,0,0,1,2,-7,1.5,64.6551724137931,https://www.nba.com/stats/players/boxscores-traditional?Season=2014-15&SeasonType=Regular%20Season&TeamID=1610612741
2015,2014–15,202734,E'Twaun Moore,0021400620,2015-01-19,CHI @ CLE,CLE,L,6.57,2,1,3,0,0,0,0,0,0,0,1,0,0,0,0,4,1.0000000000000002,33.33333333333333,https://www.nba.com/stats/players/boxscores-traditional?Season=2014-15&SeasonType=Regular%20Season&TeamID=1610612741
2015,2014–15,2550,Kirk Hinrich,0021400620,2015-01-19,CHI @ CLE,CLE,L,26.58,0,0,4,0,1,0,0,0,3,3,0,0,0,1,2,-18,-3.7,0.0,https://www.nba.com/stats/players/boxscores-traditional?Season=2014-15&SeasonType=Regular%20Season&TeamID=1610612741
2015,2014–15,203946,Cameron Bairstow,0021400620,2015-01-19,CHI @ CLE,CLE,L,2.5833333333333335,2,0,1,0,0,2,2,0,0,0,0,0,0,0,0,2,1.3,53.191489361702125,https://www.nba.com/stats/players/boxscores-traditional?Season=2014-15&SeasonType=Regular%20Season&TeamID=1610612741
2015,2014–15,1737,Nazr Mohammed,0021400620,2015-01-19,CHI @ CLE,CLE,L,2.5833333333333335,0,0,0,0,0,0,0,0,1,1,0,0,0,0,2,2,-0.5,0.0,https://www.nba.com/stats/players/boxscores-traditional?Season=2014-15&SeasonType=Regular%20Season&TeamID=1610612741
2015,2014–15,201565,Derrick Rose,0021400602,2015-01-17,CHI vs. ATL,ATL,L,37.1,23,8,22,4,10,3,5,2,6,8,10,0,0,3,0,3,17.2,47.5206611570248,https://www.nba.com/stats/players/boxscores-traditional?Season=2014-15&SeasonType=Regular%20Season&TeamID=1610612741
2015,2014–15,2200,Pau Gasol,0021400602,2015-01-17,CHI vs. ATL,ATL,L,39.2,22,9,18,0,0,4,5,2,13,15,3,0,1,3,1,-4,17.3,54.45544554455446,https://www.nba.com/stats/players/boxscores-traditional?Season=2014-15&SeasonType=Regular%20Season&TeamID=1610612741
2015,2014–15,202710,Jimmy Butler III,0021400602,2015-01-17,CHI vs. ATL,ATL,L,38.1,15,6,11,1,3,2,2,1,4,5,3,1,0,1,1,-13,13.299999999999997,63.13131313131313,https://www.nba.com/stats/players/boxscores-traditional?Season=2014-15&SeasonType=Regular%20Season&TeamID=1610612741
2015,2014–15,201166,Aaron Brooks,0021400602,2015-01-17,CHI vs. ATL,ATL,L,20.498333333333335,13,5,8,1,3,2,2,1,2,3,4,0,2,1,3,-6,12.7,73.1981981981982,https://www.nba.com/stats/players/boxscores-traditional?Season=2014-15&SeasonType=Regular%20Season&TeamID=1610612741
2015,2014–15,201959,Taj Gibson,0021400602,2015-01-17,CHI vs. ATL,ATL,L,41.75,9,3,7,0,0,3,4,1,5,6,1,2,2,2,5,-10,7.199999999999999,51.369863013698634,https://www.nba.com/stats/players/boxscores-traditional?Season=2014-15&SeasonType=Regular%20Season&TeamID=1610612741
2015,2014–15,2550,Kirk Hinrich,0021400602,2015-01-17,CHI vs. ATL,ATL,L,30.268333333333334,8,3,6,2,5,0,0,0,0,0,3,2,0,0,4,0,7.5,66.66666666666666,https://www.nba.com/stats/players/boxscores-traditional?Season=2014-15&SeasonType=Regular%20Season&TeamID=1610612741
2015,2014–15,202703,Nikola Mirotic,0021400602,2015-01-17,CHI vs. ATL,ATL,L,15.05,5,1,4,1,4,2,2,0,4,4,0,0,0,2,6,-2,-0.5999999999999996,51.229508196721305,https://www.nba.com/stats/players/boxscores-traditional?Season=2014-15&SeasonType=Regular%20Season&TeamID=1610612741
2015,2014–15,202734,E'Twaun Moore,0021400602,2015-01-17,CHI vs. ATL,ATL,L,18.033333333333335,4,2,4,0,1,0,0,0,2,2,1,0,0,1,1,-8,1.9,50.0,https://www.nba.com/stats/players/boxscores-traditional?Season=2014-15&SeasonType=Regular%20Season&TeamID=1610612741
2015,2014–15,201565,Derrick Rose,0021400591,2015-01-16,CHI @ BOS,BOS,W,32.806666666666665,29,12,20,5,8,0,0,1,2,3,10,1,2,0,0,9,30.499999999999996,72.5,https://www.nba.com/stats/players/boxscores-traditional?Season=2014-15&SeasonType=Regular%20Season&TeamID=1610612741
2015,2014–15,202710,Jimmy Butler III,0021400591,2015-01-16,CHI @ BOS,BOS,W,39.28333333333333,22,10,19,0,2,2,2,1,4,5,2,6,0,1,0,15,21.0,55.33199195171027,https://www.nba.com/stats/players/boxscores-traditional?Season=2014-15&SeasonType=Regular%20Season&TeamID=1610612741
2015,2014–15,2200,Pau Gasol,0021400591,2015-01-16,CHI @ BOS,BOS,W,30.983333333333334,20,9,16,0,0,2,3,4,7,11,4,0,2,3,1,11,17.700000000000003,57.736720554272516,https://www.nba.com/stats/players/boxscores-traditional?Season=2014-15&SeasonType=Regular%20Season&TeamID=1610612741
2015,2014–15,201166,Aaron Brooks,0021400591,2015-01-16,CHI @ BOS,BOS,W,19.676666666666666,15,6,10,3,5,0,0,0,2,2,1,1,1,2,4,12,9.799999999999997,75.0,https://www.nba.com/stats/players/boxscores-traditional?Season=2014-15&SeasonType=Regular%20Season&TeamID=1610612741
2015,2014–15,201959,Taj Gibson,0021400591,2015-01-16,CHI @ BOS,BOS,W,39.333333333333336,13,5,11,0,0,3,3,1,7,8,2,0,0,0,4,22,9.9,52.75974025974026,https://www.nba.com/stats/players/boxscores-traditional?Season=2014-15&SeasonType=Regular%20Season&TeamID=1610612741
2015,2014–15,2550,Kirk Hinrich,0021400591,2015-01-16,CHI @ BOS,BOS,W,34.46666666666667,6,2,4,2,2,0,0,1,2,3,3,2,1,0,1,14,9.699999999999998,75.0,https://www.nba.com/stats/players/boxscores-traditional?Season=2014-15&SeasonType=Regular%20Season&TeamID=1610612741
2015,2014–15,202703,Nikola Mirotic,0021400591,2015-01-16,CHI @ BOS,BOS,W,25.683333333333334,5,1,5,0,4,3,4,0,3,3,4,2,0,1,2,-1,5.4,36.98224852071006,https://www.nba.com/stats/players/boxscores-traditional?Season=2014-15&SeasonType=Regular%20Season&TeamID=1610612741
2015,2014–15,202734,E'Twaun Moore,0021400591,2015-01-16,CHI @ BOS,BOS,W,17.766666666666666,9,3,4,3,4,0,0,0,1,1,2,0,0,0,2,-2,8.299999999999999,112.5,https://www.nba.com/stats/players/boxscores-traditional?Season=2014-15&SeasonType=Regular%20Season&TeamID=1610612741
2015,2014–15,201565,Derrick Rose,0021400579,2015-01-14,CHI vs. WAS,WAS,L,36.045,32,12,22,6,9,2,3,0,2,2,5,0,0,3,2,-18,21.3,68.61063464837049,https://www.nba.com/stats/players/boxscores-traditional?Season=2014-15&SeasonType=Regular%20Season&TeamID=1610612741
2015,2014–15,202710,Jimmy Butler III,0021400579,2015-01-14,CHI vs. WAS,WAS,L,37.855,13,3,10,2,4,5,6,0,2,2,2,4,1,0,1,-8,13.099999999999998,51.42405063291139,https://www.nba.com/stats/players/boxscores-traditional?Season=2014-15&SeasonType=Regular%20Season&TeamID=1610612741
2015,2014–15,202703,Nikola Mirotic,0021400579,2015-01-14,CHI vs. WAS,WAS,L,17.338333333333335,12,2,8,2,4,6,8,1,3,4,1,3,1,0,2,4,11.6,52.083333333333336,https://www.nba.com/stats/players/boxscores-traditional?Season=2014-15&SeasonType=Regular%20Season&TeamID=1610612741
2015,2014–15,2200,Pau Gasol,0021400579,2015-01-14,CHI vs. WAS,WAS,L,33.705,13,4,11,0,0,5,7,2,6,8,3,0,0,3,4,-11,6.800000000000001,46.16477272727273,https://www.nba.com/stats/players/boxscores-traditional?Season=2014-15&SeasonType=Regular%20Season&TeamID=1610612741
2015,2014–15,201959,Taj Gibson,0021400579,2015-01-14,CHI vs. WAS,WAS,L,31.54,12,6,9,0,0,0,0,2,4,6,1,0,2,2,2,-2,10.0,66.66666666666666,https://www.nba.com/stats/players/boxscores-traditional?Season=2014-15&SeasonType=Regular%20Season&TeamID=1610612741
2015,2014–15,203503,Tony Snell,0021400579,2015-01-14,CHI vs. WAS,WAS,L,32.61666666666667,7,3,9,1,5,0,0,1,4,5,1,1,0,0,1,-9,5.1,38.88888888888889,https://www.nba.com/stats/players/boxscores-traditional?Season=2014-15&SeasonType=Regular%20Season&TeamID=1610612741
2015,2014–15,201166,Aaron Brooks,0021400579,2015-01-14,CHI vs. WAS,WAS,L,16.75,8,3,7,2,4,0,0,1,1,2,1,1,0,2,6,11,2.5999999999999996,57.14285714285714,https://www.nba.com/stats/players/boxscores-traditional?Season=2014-15&SeasonType=Regular%20Season&TeamID=1610612741
2015,2014–15,201149,Joakim Noah,0021400579,2015-01-14,CHI vs. WAS,WAS,L,13.416666666666666,2,1,1,0,0,0,0,1,2,3,2,0,1,1,2,-3,3.3000000000000007,100.0,https://www.nba.com/stats/players/boxscores-traditional?Season=2014-15&SeasonType=Regular%20Season&TeamID=1610612741
2015,2014–15,2550,Kirk Hinrich,0021400579,2015-01-14,CHI vs. WAS,WAS,L,19.22,0,0,2,0,1,0,0,0,1,1,2,1,0,1,1,5,-0.09999999999999998,0.0,https://www.nba.com/stats/players/boxscores-traditional?Season=2014-15&SeasonType=Regular%20Season&TeamID=1610612741
2015,2014–15,202734,E'Twaun Moore,0021400579,2015-01-14,CHI vs. WAS,WAS,L,1.5133333333333334,0,0,0,0,0,0,0,0,0,0,0,0,0,0,0,1,0.0,0.0,https://www.nba.com/stats/players/boxscores-traditional?Season=2014-15&SeasonType=Regular%20Season&TeamID=1610612741
2015,2014–15,2200,Pau Gasol,0021400566,2015-01-12,CHI vs. ORL,ORL,L,34.766666666666666,28,10,16,0,1,8,10,0,14,14,1,1,2,4,1,-8,22.9,68.62745098039215,https://www.nba.com/stats/players/boxscores-traditional?Season=2014-15&SeasonType=Regular%20Season&TeamID=1610612741
2015,2014–15,201565,Derrick Rose,0021400566,2015-01-12,CHI vs. ORL,ORL,L,30.466666666666665,18,8,15,1,5,1,3,0,2,2,7,2,0,3,3,-2,13.2,55.14705882352941,https://www.nba.com/stats/players/boxscores-traditional?Season=2014-15&SeasonType=Regular%20Season&TeamID=1610612741
2015,2014–15,202710,Jimmy Butler III,0021400566,2015-01-12,CHI vs. ORL,ORL,L,42.86666666666667,17,5,13,3,6,4,4,2,0,2,2,0,0,1,2,-6,10.9,57.58807588075881,https://www.nba.com/stats/players/boxscores-traditional?Season=2014-15&SeasonType=Regular%20Season&TeamID=1610612741
2015,2014–15,202703,Nikola Mirotic,0021400566,2015-01-12,CHI vs. ORL,ORL,L,11.105,11,2,7,1,4,6,9,1,1,2,0,2,1,0,2,2,8.6,50.18248175182482,https://www.nba.com/stats/players/boxscores-traditional?Season=2014-15&SeasonType=Regular%20Season&TeamID=1610612741
2015,2014–15,201166,Aaron Brooks,0021400566,2015-01-12,CHI vs. ORL,ORL,L,23.75,12,4,10,2,7,2,2,0,2,2,4,0,0,0,3,-1,8.8,55.147058823529406,https://www.nba.com/stats/players/boxscores-traditional?Season=2014-15&SeasonType=Regular%20Season&TeamID=1610612741
2015,2014–15,201149,Joakim Noah,0021400566,2015-01-12,CHI vs. ORL,ORL,L,31.378333333333334,6,3,6,0,0,0,2,2,5,7,4,0,1,3,6,-6,3.200000000000001,43.604651162790695,https://www.nba.com/stats/players/boxscores-traditional?Season=2014-15&SeasonType=Regular%20Season&TeamID=1610612741
2015,2014–15,203503,Tony Snell,0021400566,2015-01-12,CHI vs. ORL,ORL,L,22.293333333333333,5,2,3,1,2,0,0,2,3,5,3,1,0,0,1,-5,8.7,83.33333333333334,https://www.nba.com/stats/players/boxscores-traditional?Season=2014-15&SeasonType=Regular%20Season&TeamID=1610612741
2015,2014–15,2550,Kirk Hinrich,0021400566,2015-01-12,CHI vs. ORL,ORL,L,24.623333333333335,8,3,7,0,2,2,2,0,3,3,3,0,1,2,1,-7,5.599999999999999,50.76142131979695,https://www.nba.com/stats/players/boxscores-traditional?Season=2014-15&SeasonType=Regular%20Season&TeamID=1610612741
2015,2014–15,201959,Taj Gibson,0021400566,2015-01-12,CHI vs. ORL,ORL,L,18.75,9,4,7,0,0,1,1,4,2,6,1,0,0,1,1,-2,8.399999999999999,60.483870967741936,https://www.nba.com/stats/players/boxscores-traditional?Season=2014-15&SeasonType=Regular%20Season&TeamID=1610612741
2015,2014–15,2200,Pau Gasol,0021400554,2015-01-10,CHI vs. MIL,MIL,W,38.583333333333336,46,17,30,0,0,12,13,8,10,18,3,1,0,3,3,5,38.9,64.38969764837627,https://www.nba.com/stats/players/boxscores-traditional?Season=2014-15&SeasonType=Regular%20Season&TeamID=1610612741
2015,2014–15,202710,Jimmy Butler III,0021400554,2015-01-10,CHI vs. MIL,MIL,W,41.3,9,2,9,0,3,5,7,3,5,8,10,2,1,2,2,12,13.2,37.25165562913907,https://www.nba.com/stats/players/boxscores-traditional?Season=2014-15&SeasonType=Regular%20Season&TeamID=1610612741
2015,2014–15,2550,Kirk Hinrich,0021400554,2015-01-10,CHI vs. MIL,MIL,W,34.65,16,7,13,2,5,0,0,2,1,3,3,1,1,1,3,7,13.0,61.53846153846154,https://www.nba.com/stats/players/boxscores-traditional?Season=2014-15&SeasonType=Regular%20Season&TeamID=1610612741
2015,2014–15,201959,Taj Gibson,0021400554,2015-01-10,CHI vs. MIL,MIL,W,25.85,6,3,12,0,0,0,0,5,1,6,1,0,1,2,1,-4,1.6000000000000019,25.0,https://www.nba.com/stats/players/boxscores-traditional?Season=2014-15&SeasonType=Regular%20Season&TeamID=1610612741
2015,2014–15,202703,Nikola Mirotic,0021400554,2015-01-10,CHI vs. MIL,MIL,W,13.016666666666667,7,2,6,1,4,2,2,0,5,5,0,0,0,1,1,0,3.7,50.872093023255815,https://www.nba.com/stats/players/boxscores-traditional?Season=2014-15&SeasonType=Regular%20Season&TeamID=1610612741
2015,2014–15,203503,Tony Snell,0021400554,2015-01-10,CHI vs. MIL,MIL,W,31.516666666666666,2,1,7,0,4,0,0,3,3,6,2,0,1,1,0,12,1.5999999999999996,14.285714285714285,https://www.nba.com/stats/players/boxscores-traditional?Season=2014-15&SeasonType=Regular%20Season&TeamID=1610612741
2015,2014–15,201149,Joakim Noah,0021400554,2015-01-10,CHI vs. MIL,MIL,W,22.15,2,1,2,0,0,0,0,1,4,5,2,0,1,1,4,12,2.4,50.0,https://www.nba.com/stats/players/boxscores-traditional?Season=2014-15&SeasonType=Regular%20Season&TeamID=1610612741
2015,2014–15,201166,Aaron Brooks,0021400554,2015-01-10,CHI vs. MIL,MIL,W,23.516666666666666,5,1,7,1,1,2,2,0,0,0,3,1,0,1,3,-7,1.4000000000000004,31.725888324873097,https://www.nba.com/stats/players/boxscores-traditional?Season=2014-15&SeasonType=Regular%20Season&TeamID=1610612741
2015,2014–15,202734,E'Twaun Moore,0021400554,2015-01-10,CHI vs. MIL,MIL,W,9.416666666666666,2,1,2,0,0,0,0,0,0,0,0,0,0,0,1,3,0.6,50.0,https://www.nba.com/stats/players/boxscores-traditional?Season=2014-15&SeasonType=Regular%20Season&TeamID=1610612741
2015,2014–15,2200,Pau Gasol,0021400543,2015-01-09,CHI @ WAS,WAS,L,32.1,12,5,11,0,0,2,4,3,10,13,1,0,2,1,1,-22,11.3,47.02194357366771,https://www.nba.com/stats/players/boxscores-traditional?Season=2014-15&SeasonType=Regular%20Season&TeamID=1610612741
2015,2014–15,201565,Derrick Rose,0021400543,2015-01-09,CHI @ WAS,WAS,L,30.975,19,8,19,1,7,2,2,1,3,4,2,0,1,4,1,-21,8.2,47.78672032193159,https://www.nba.com/stats/players/boxscores-traditional?Season=2014-15&SeasonType=Regular%20Season&TeamID=1610612741
2015,2014–15,201166,Aaron Brooks,0021400543,2015-01-09,CHI @ WAS,WAS,L,23.35,16,6,13,4,7,0,0,1,2,3,4,0,0,3,4,2,8.799999999999999,61.53846153846154,https://www.nba.com/stats/players/boxscores-traditional?Season=2014-15&SeasonType=Regular%20Season&TeamID=1610612741
2015,2014–15,202710,Jimmy Butler III,0021400543,2015-01-09,CHI @ WAS,WAS,L,36.24333333333333,10,2,12,1,5,5,7,1,3,4,2,3,1,4,3,-29,3.1000000000000005,33.15649867374005,https://www.nba.com/stats/players/boxscores-traditional?Season=2014-15&SeasonType=Regular%20Season&TeamID=1610612741
2015,2014–15,203503,Tony Snell,0021400543,2015-01-09,CHI @ WAS,WAS,L,18.508333333333333,9,3,6,2,4,1,2,0,1,1,0,4,0,0,2,0,9.099999999999998,65.40697674418605,https://www.nba.com/stats/players/boxscores-traditional?Season=2014-15&SeasonType=Regular%20Season&TeamID=1610612741
2015,2014–15,201149,Joakim Noah,0021400543,2015-01-09,CHI @ WAS,WAS,L,26.758333333333333,3,1,5,0,0,1,2,2,8,10,2,0,1,1,2,-15,3.5999999999999996,25.510204081632654,https://www.nba.com/stats/players/boxscores-traditional?Season=2014-15&SeasonType=Regular%20Season&TeamID=1610612741
2015,2014–15,202703,Nikola Mirotic,0021400543,2015-01-09,CHI @ WAS,WAS,L,14.265,6,2,4,1,1,1,2,1,4,5,1,1,1,0,1,5,7.5,61.47540983606557,https://www.nba.com/stats/players/boxscores-traditional?Season=2014-15&SeasonType=Regular%20Season&TeamID=1610612741
2015,2014–15,201959,Taj Gibson,0021400543,2015-01-09,CHI @ WAS,WAS,L,23.016666666666666,2,1,5,0,0,0,0,1,2,3,2,1,2,0,0,1,3.9999999999999996,20.0,https://www.nba.com/stats/players/boxscores-traditional?Season=2014-15&SeasonType=Regular%20Season&TeamID=1610612741
2015,2014–15,202734,E'Twaun Moore,0021400543,2015-01-09,CHI @ WAS,WAS,L,13.391666666666667,6,3,4,0,0,0,0,0,2,2,2,0,0,0,0,9,6.4,75.0,https://www.nba.com/stats/players/boxscores-traditional?Season=2014-15&SeasonType=Regular%20Season&TeamID=1610612741
2015,2014–15,2550,Kirk Hinrich,0021400543,2015-01-09,CHI @ WAS,WAS,L,20.983333333333334,3,1,4,1,2,0,0,1,0,1,0,0,0,3,1,-10,-2.1,37.5,https://www.nba.com/stats/players/boxscores-traditional?Season=2014-15&SeasonType=Regular%20Season&TeamID=1610612741
2015,2014–15,203946,Cameron Bairstow,0021400543,2015-01-09,CHI @ WAS,WAS,L,0.4083333333333333,0,0,0,0,0,0,0,0,0,0,0,0,0,0,0,0,0.0,0.0,https://www.nba.com/stats/players/boxscores-traditional?Season=2014-15&SeasonType=Regular%20Season&TeamID=1610612741
2015,2014–15,202710,Jimmy Butler III,0021400528,2015-01-07,CHI vs. UTA,UTA,L,33.68333333333333,16,5,13,2,4,4,5,3,8,11,3,2,0,2,2,-19,14.3,52.63157894736842,https://www.nba.com/stats/players/boxscores-traditional?Season=2014-15&SeasonType=Regular%20Season&TeamID=1610612741
2015,2014–15,201959,Taj Gibson,0021400528,2015-01-07,CHI vs. UTA,UTA,L,30.283333333333335,15,6,10,0,0,3,4,5,1,6,1,1,0,1,1,-23,14.099999999999998,63.775510204081634,https://www.nba.com/stats/players/boxscores-traditional?Season=2014-15&SeasonType=Regular%20Season&TeamID=1610612741
2015,2014–15,2200,Pau Gasol,0021400528,2015-01-07,CHI vs. UTA,UTA,L,26.3,13,5,13,1,1,2,2,2,4,6,2,0,0,1,2,-10,8.1,46.829971181556196,https://www.nba.com/stats/players/boxscores-traditional?Season=2014-15&SeasonType=Regular%20Season&TeamID=1610612741
2015,2014–15,201166,Aaron Brooks,0021400528,2015-01-07,CHI vs. UTA,UTA,L,23.616666666666667,12,3,11,2,5,4,4,0,4,4,2,0,0,2,3,-14,4.8999999999999995,47.02194357366771,https://www.nba.com/stats/players/boxscores-traditional?Season=2014-15&SeasonType=Regular%20Season&TeamID=1610612741
2015,2014–15,201149,Joakim Noah,0021400528,2015-01-07,CHI vs. UTA,UTA,L,27.133333333333333,1,0,3,0,0,1,2,2,5,7,3,0,3,3,3,-10,1.3999999999999995,12.886597938144332,https://www.nba.com/stats/players/boxscores-traditional?Season=2014-15&SeasonType=Regular%20Season&TeamID=1610612741
2015,2014–15,201565,Derrick Rose,0021400528,2015-01-07,CHI vs. UTA,UTA,L,30.2,7,3,15,0,1,1,2,2,2,4,2,0,0,3,2,-18,-3.100000000000001,22.040302267002517,https://www.nba.com/stats/players/boxscores-traditional?Season=2014-15&SeasonType=Regular%20Season&TeamID=1610612741
2015,2014–15,203503,Tony Snell,0021400528,2015-01-07,CHI vs. UTA,UTA,L,12.2,5,2,3,1,1,0,0,2,1,3,1,1,0,1,1,4,5.699999999999999,83.33333333333334,https://www.nba.com/stats/players/boxscores-traditional?Season=2014-15&SeasonType=Regular%20Season&TeamID=1610612741
2015,2014–15,202703,Nikola Mirotic,0021400528,2015-01-07,CHI vs. UTA,UTA,L,22.783333333333335,2,1,7,0,4,0,0,0,1,1,1,0,1,2,2,-19,-3.5999999999999996,14.285714285714285,https://www.nba.com/stats/players/boxscores-traditional?Season=2014-15&SeasonType=Regular%20Season&TeamID=1610612741
2015,2014–15,2550,Kirk Hinrich,0021400528,2015-01-07,CHI vs. UTA,UTA,L,24.45,0,0,5,0,3,0,0,0,1,1,1,0,1,0,4,-3,-3.4000000000000004,0.0,https://www.nba.com/stats/players/boxscores-traditional?Season=2014-15&SeasonType=Regular%20Season&TeamID=1610612741
2015,2014–15,203946,Cameron Bairstow,0021400528,2015-01-07,CHI vs. UTA,UTA,L,3.3666666666666667,2,1,1,0,0,0,0,0,0,0,0,1,0,0,0,4,2.7,100.0,https://www.nba.com/stats/players/boxscores-traditional?Season=2014-15&SeasonType=Regular%20Season&TeamID=1610612741
2015,2014–15,202734,E'Twaun Moore,0021400528,2015-01-07,CHI vs. UTA,UTA,L,3.3666666666666667,2,1,2,0,1,0,0,0,0,0,1,0,0,0,0,4,1.7,50.0,https://www.nba.com/stats/players/boxscores-traditional?Season=2014-15&SeasonType=Regular%20Season&TeamID=1610612741
2015,2014–15,1737,Nazr Mohammed,0021400528,2015-01-07,CHI vs. UTA,UTA,L,2.6166666666666667,2,1,1,0,0,0,1,0,0,0,0,0,0,0,0,4,1.2999999999999998,69.44444444444444,https://www.nba.com/stats/players/boxscores-traditional?Season=2014-15&SeasonType=Regular%20Season&TeamID=1610612741
2015,2014–15,2200,Pau Gasol,0021400512,2015-01-05,CHI vs. HOU,HOU,W,34.35,27,10,16,0,0,7,7,5,9,14,3,0,2,2,1,2,27.1,70.75471698113208,https://www.nba.com/stats/players/boxscores-traditional?Season=2014-15&SeasonType=Regular%20Season&TeamID=1610612741
2015,2014–15,202710,Jimmy Butler III,0021400512,2015-01-05,CHI vs. HOU,HOU,W,41.4,22,7,17,2,4,6,7,1,4,5,1,3,1,1,0,9,17.799999999999997,54.780876494023914,https://www.nba.com/stats/players/boxscores-traditional?Season=2014-15&SeasonType=Regular%20Season&TeamID=1610612741
2015,2014–15,201149,Joakim Noah,0021400512,2015-01-05,CHI vs. HOU,HOU,W,34.46666666666667,8,3,7,0,0,2,3,5,5,10,3,2,6,3,4,13,12.6,48.07692307692307,https://www.nba.com/stats/players/boxscores-traditional?Season=2014-15&SeasonType=Regular%20Season&TeamID=1610612741
2015,2014–15,201565,Derrick Rose,0021400512,2015-01-05,CHI vs. HOU,HOU,W,34.083333333333336,19,6,17,1,4,6,6,1,2,3,9,2,0,3,1,12,15.7,48.37067209775967,https://www.nba.com/stats/players/boxscores-traditional?Season=2014-15&SeasonType=Regular%20Season&TeamID=1610612741
2015,2014–15,202703,Nikola Mirotic,0021400512,2015-01-05,CHI vs. HOU,HOU,W,27.1,17,7,12,1,4,2,2,2,6,8,1,0,2,1,3,15,14.5,65.99378881987577,https://www.nba.com/stats/players/boxscores-traditional?Season=2014-15&SeasonType=Regular%20Season&TeamID=1610612741
2015,2014–15,201959,Taj Gibson,0021400512,2015-01-05,CHI vs. HOU,HOU,W,27.183333333333334,9,3,6,0,0,3,4,3,3,6,4,1,0,3,1,3,8.999999999999998,57.98969072164949,https://www.nba.com/stats/players/boxscores-traditional?Season=2014-15&SeasonType=Regular%20Season&TeamID=1610612741
2015,2014–15,2550,Kirk Hinrich,0021400512,2015-01-05,CHI vs. HOU,HOU,W,23.883333333333333,10,4,6,1,3,1,1,0,1,1,2,1,1,2,1,-3,8.399999999999999,77.63975155279502,https://www.nba.com/stats/players/boxscores-traditional?Season=2014-15&SeasonType=Regular%20Season&TeamID=1610612741
2015,2014–15,201166,Aaron Brooks,0021400512,2015-01-05,CHI vs. HOU,HOU,W,15.316666666666666,2,1,3,0,1,0,0,0,0,0,4,1,0,2,2,0,1.2999999999999998,33.33333333333333,https://www.nba.com/stats/players/boxscores-traditional?Season=2014-15&SeasonType=Regular%20Season&TeamID=1610612741
2015,2014–15,202734,E'Twaun Moore,0021400512,2015-01-05,CHI vs. HOU,HOU,W,2.216666666666667,0,0,1,0,1,0,0,0,0,0,0,0,0,0,0,-6,-0.7,0.0,https://www.nba.com/stats/players/boxscores-traditional?Season=2014-15&SeasonType=Regular%20Season&TeamID=1610612741
2015,2014–15,2200,Pau Gasol,0021400496,2015-01-03,CHI vs. BOS,BOS,W,38.321666666666665,29,9,16,1,1,10,11,5,11,16,2,1,5,5,1,2,28.300000000000004,69.57773512476008,https://www.nba.com/stats/players/boxscores-traditional?Season=2014-15&SeasonType=Regular%20Season&TeamID=1610612741
2015,2014–15,201149,Joakim Noah,0021400496,2015-01-03,CHI vs. BOS,BOS,W,36.23,8,3,10,0,0,2,4,6,6,12,6,3,2,4,4,-6,10.399999999999999,34.01360544217687,https://www.nba.com/stats/players/boxscores-traditional?Season=2014-15&SeasonType=Regular%20Season&TeamID=1610612741
2015,2014–15,201166,Aaron Brooks,0021400496,2015-01-03,CHI vs. BOS,BOS,W,20.368333333333332,19,6,15,3,8,4,5,2,2,4,1,1,0,2,1,7,11.799999999999997,55.23255813953488,https://www.nba.com/stats/players/boxscores-traditional?Season=2014-15&SeasonType=Regular%20Season&TeamID=1610612741
2015,2014–15,202703,Nikola Mirotic,0021400496,2015-01-03,CHI vs. BOS,BOS,W,37.71666666666667,10,2,10,1,6,5,7,0,8,8,4,2,0,0,2,1,9.399999999999999,38.226299694189606,https://www.nba.com/stats/players/boxscores-traditional?Season=2014-15&SeasonType=Regular%20Season&TeamID=1610612741
2015,2014–15,201959,Taj Gibson,0021400496,2015-01-03,CHI vs. BOS,BOS,W,31.28,12,4,10,0,0,4,5,5,1,6,2,0,1,0,0,13,12.1,49.180327868852466,https://www.nba.com/stats/players/boxscores-traditional?Season=2014-15&SeasonType=Regular%20Season&TeamID=1610612741
2015,2014–15,201565,Derrick Rose,0021400496,2015-01-03,CHI vs. BOS,BOS,W,34.68333333333333,12,5,18,1,4,1,2,0,2,2,1,1,0,4,1,-5,-1.0999999999999992,31.779661016949156,https://www.nba.com/stats/players/boxscores-traditional?Season=2014-15&SeasonType=Regular%20Season&TeamID=1610612741
2015,2014–15,2550,Kirk Hinrich,0021400496,2015-01-03,CHI vs. BOS,BOS,W,36.60166666666667,8,4,10,0,6,0,0,3,2,5,0,0,1,1,4,-7,3.3999999999999986,40.0,https://www.nba.com/stats/players/boxscores-traditional?Season=2014-15&SeasonType=Regular%20Season&TeamID=1610612741
2015,2014–15,202734,E'Twaun Moore,0021400496,2015-01-03,CHI vs. BOS,BOS,W,16.398333333333333,8,3,7,0,1,2,4,2,1,3,1,1,0,0,0,12,6.9,45.662100456621005,https://www.nba.com/stats/players/boxscores-traditional?Season=2014-15&SeasonType=Regular%20Season&TeamID=1610612741
2015,2014–15,203503,Tony Snell,0021400496,2015-01-03,CHI vs. BOS,BOS,W,13.4,3,1,4,0,2,1,2,1,2,3,2,1,0,0,1,8,3.5,30.737704918032787,https://www.nba.com/stats/players/boxscores-traditional?Season=2014-15&SeasonType=Regular%20Season&TeamID=1610612741
2015,2014–15,202710,Jimmy Butler III,0021400482,2015-01-01,CHI vs. DEN,DEN,W,39.81666666666667,26,8,14,1,2,9,9,1,7,8,8,2,1,3,1,-3,27.099999999999998,72.38307349665925,https://www.nba.com/stats/players/boxscores-traditional?Season=2014-15&SeasonType=Regular%20Season&TeamID=1610612741
2015,2014–15,2200,Pau Gasol,0021400482,2015-01-01,CHI vs. DEN,DEN,W,35.25833333333333,17,7,17,0,0,3,4,5,4,9,4,0,9,1,1,1,19.900000000000002,45.3091684434968,https://www.nba.com/stats/players/boxscores-traditional?Season=2014-15&SeasonType=Regular%20Season&TeamID=1610612741
2015,2014–15,201565,Derrick Rose,0021400482,2015-01-01,CHI vs. DEN,DEN,W,31.566666666666666,17,7,25,1,3,2,2,0,3,3,8,2,2,1,1,1,10.8,32.84389489953632,https://www.nba.com/stats/players/boxscores-traditional?Season=2014-15&SeasonType=Regular%20Season&TeamID=1610612741
2015,2014–15,201149,Joakim Noah,0021400482,2015-01-01,CHI vs. DEN,DEN,W,30.516666666666666,6,3,6,0,0,0,0,4,7,11,1,0,3,0,3,-6,9.5,50.0,https://www.nba.com/stats/players/boxscores-traditional?Season=2014-15&SeasonType=Regular%20Season&TeamID=1610612741
2015,2014–15,201166,Aaron Brooks,0021400482,2015-01-01,CHI vs. DEN,DEN,W,23.121666666666666,12,3,9,2,4,4,4,0,4,4,0,2,1,1,2,14,8.999999999999998,55.762081784386616,https://www.nba.com/stats/players/boxscores-traditional?Season=2014-15&SeasonType=Regular%20Season&TeamID=1610612741
2015,2014–15,201959,Taj Gibson,0021400482,2015-01-01,CHI vs. DEN,DEN,W,19.35333333333333,9,3,8,0,0,3,4,3,4,7,0,0,2,1,6,8,5.499999999999998,46.10655737704918,https://www.nba.com/stats/players/boxscores-traditional?Season=2014-15&SeasonType=Regular%20Season&TeamID=1610612741
2015,2014–15,2550,Kirk Hinrich,0021400482,2015-01-01,CHI vs. DEN,DEN,W,26.888333333333332,10,4,4,2,2,0,0,0,2,2,0,0,0,0,1,14,9.0,125.0,https://www.nba.com/stats/players/boxscores-traditional?Season=2014-15&SeasonType=Regular%20Season&TeamID=1610612741
2015,2014–15,2399,Mike Dunleavy,0021400482,2015-01-01,CHI vs. DEN,DEN,W,17.411666666666665,6,2,6,2,3,0,0,0,1,1,0,0,0,0,3,-9,1.7000000000000002,50.0,https://www.nba.com/stats/players/boxscores-traditional?Season=2014-15&SeasonType=Regular%20Season&TeamID=1610612741
2015,2014–15,202703,Nikola Mirotic,0021400482,2015-01-01,CHI vs. DEN,DEN,W,10.8,3,1,2,0,1,1,2,0,0,0,1,1,0,0,1,5,2.9,52.083333333333336,https://www.nba.com/stats/players/boxscores-traditional?Season=2014-15&SeasonType=Regular%20Season&TeamID=1610612741
2015,2014–15,203503,Tony Snell,0021400482,2015-01-01,CHI vs. DEN,DEN,W,5.266666666666667,0,0,0,0,0,0,0,0,1,1,0,0,0,0,0,0,0.3,0.0,https://www.nba.com/stats/players/boxscores-traditional?Season=2014-15&SeasonType=Regular%20Season&TeamID=1610612741
2015,2014–15,2399,Mike Dunleavy,0021400467,2014-12-30,CHI vs. BKN,BKN,L,34.85,23,9,15,5,9,0,0,0,5,5,2,0,0,0,1,-13,18.6,76.66666666666667,https://www.nba.com/stats/players/boxscores-traditional?Season=2014-15&SeasonType=Regular%20Season&TeamID=1610612741
2015,2014–15,201149,Joakim Noah,0021400467,2014-12-30,CHI vs. BKN,BKN,L,30.183333333333334,12,6,10,0,0,0,0,4,8,12,3,2,0,3,4,-6,12.1,60.0,https://www.nba.com/stats/players/boxscores-traditional?Season=2014-15&SeasonType=Regular%20Season&TeamID=1610612741
2015,2014–15,2200,Pau Gasol,0021400467,2014-12-30,CHI vs. BKN,BKN,L,29.866666666666667,10,4,12,0,1,2,2,1,6,7,7,0,2,0,1,-5,11.600000000000001,38.81987577639751,https://www.nba.com/stats/players/boxscores-traditional?Season=2014-15&SeasonType=Regular%20Season&TeamID=1610612741
2015,2014–15,201959,Taj Gibson,0021400467,2014-12-30,CHI vs. BKN,BKN,L,24.15,8,3,7,0,0,2,6,4,3,7,1,0,2,2,1,-13,6.1,41.49377593360995,https://www.nba.com/stats/players/boxscores-traditional?Season=2014-15&SeasonType=Regular%20Season&TeamID=1610612741
2015,2014–15,203503,Tony Snell,0021400467,2014-12-30,CHI vs. BKN,BKN,L,11.061666666666667,9,3,3,3,3,0,0,1,1,2,1,0,2,0,2,2,10.399999999999999,150.0,https://www.nba.com/stats/players/boxscores-traditional?Season=2014-15&SeasonType=Regular%20Season&TeamID=1610612741
2015,2014–15,202710,Jimmy Butler III,0021400467,2014-12-30,CHI vs. BKN,BKN,L,36.93833333333333,8,3,12,0,3,2,3,1,2,3,1,1,2,3,3,-16,0.6000000000000005,30.03003003003003,https://www.nba.com/stats/players/boxscores-traditional?Season=2014-15&SeasonType=Regular%20Season&TeamID=1610612741
2015,2014–15,201565,Derrick Rose,0021400467,2014-12-30,CHI vs. BKN,BKN,L,27.683333333333334,4,2,15,0,5,0,0,1,3,4,5,0,1,4,2,-2,-4.699999999999999,13.333333333333334,https://www.nba.com/stats/players/boxscores-traditional?Season=2014-15&SeasonType=Regular%20Season&TeamID=1610612741
2015,2014–15,202703,Nikola Mirotic,0021400467,2014-12-30,CHI vs. BKN,BKN,L,16.5,2,1,5,0,3,0,2,1,4,5,1,1,0,0,0,-4,1.6999999999999997,17.006802721088434,https://www.nba.com/stats/players/boxscores-traditional?Season=2014-15&SeasonType=Regular%20Season&TeamID=1610612741
2015,2014–15,202734,E'Twaun Moore,0021400467,2014-12-30,CHI vs. BKN,BKN,L,18.55,0,0,3,0,1,0,0,0,1,1,1,1,2,0,2,-12,0.5000000000000002,0.0,https://www.nba.com/stats/players/boxscores-traditional?Season=2014-15&SeasonType=Regular%20Season&TeamID=1610612741
2015,2014–15,1737,Nazr Mohammed,0021400467,2014-12-30,CHI vs. BKN,BKN,L,3.7,2,1,2,0,0,0,0,0,2,2,0,0,0,0,0,7,1.6,50.0,https://www.nba.com/stats/players/boxscores-traditional?Season=2014-15&SeasonType=Regular%20Season&TeamID=1610612741
2015,2014–15,201166,Aaron Brooks,0021400467,2014-12-30,CHI vs. BKN,BKN,L,6.516666666666667,4,1,2,0,0,2,2,0,0,0,0,0,0,0,2,-8,2.2,69.44444444444444,https://www.nba.com/stats/players/boxscores-traditional?Season=2014-15&SeasonType=Regular%20Season&TeamID=1610612741
2015,2014–15,202710,Jimmy Butler III,0021400460,2014-12-29,CHI @ IND,IND,W,44.11666666666667,27,8,20,2,2,9,12,5,4,9,1,4,1,1,1,13,23.7,53.40189873417721,https://www.nba.com/stats/players/boxscores-traditional?Season=2014-15&SeasonType=Regular%20Season&TeamID=1610612741
2015,2014–15,2200,Pau Gasol,0021400460,2014-12-29,CHI @ IND,IND,W,34.86666666666667,20,7,14,0,0,6,6,3,3,6,3,0,1,0,3,15,17.6,60.09615384615385,https://www.nba.com/stats/players/boxscores-traditional?Season=2014-15&SeasonType=Regular%20Season&TeamID=1610612741
2015,2014–15,201565,Derrick Rose,0021400460,2014-12-29,CHI @ IND,IND,W,34.833333333333336,17,5,20,1,7,6,6,0,3,3,6,0,2,3,0,2,8.5,37.544169611307424,https://www.nba.com/stats/players/boxscores-traditional?Season=2014-15&SeasonType=Regular%20Season&TeamID=1610612741
2015,2014–15,201149,Joakim Noah,0021400460,2014-12-29,CHI @ IND,IND,W,28.716666666666665,6,2,7,0,0,2,2,3,4,7,3,3,1,0,2,0,10.199999999999998,38.07106598984772,https://www.nba.com/stats/players/boxscores-traditional?Season=2014-15&SeasonType=Regular%20Season&TeamID=1610612741
2015,2014–15,2399,Mike Dunleavy,0021400460,2014-12-29,CHI @ IND,IND,W,24.15,8,3,5,1,2,1,1,0,10,10,1,0,2,0,3,7,9.599999999999998,73.52941176470587,https://www.nba.com/stats/players/boxscores-traditional?Season=2014-15&SeasonType=Regular%20Season&TeamID=1610612741
2015,2014–15,201959,Taj Gibson,0021400460,2014-12-29,CHI @ IND,IND,W,21.641666666666666,7,2,6,0,0,3,4,1,5,6,0,0,0,2,2,-10,2.6000000000000005,45.103092783505154,https://www.nba.com/stats/players/boxscores-traditional?Season=2014-15&SeasonType=Regular%20Season&TeamID=1610612741
2015,2014–15,202703,Nikola Mirotic,0021400460,2014-12-29,CHI @ IND,IND,W,10.783333333333333,5,2,4,1,1,0,0,2,1,3,1,0,0,0,2,-1,4.6000000000000005,62.5,https://www.nba.com/stats/players/boxscores-traditional?Season=2014-15&SeasonType=Regular%20Season&TeamID=1610612741
2015,2014–15,201166,Aaron Brooks,0021400460,2014-12-29,CHI @ IND,IND,W,22.075,2,0,4,0,0,2,2,0,1,1,2,1,0,4,1,-9,-2.5,20.491803278688526,https://www.nba.com/stats/players/boxscores-traditional?Season=2014-15&SeasonType=Regular%20Season&TeamID=1610612741
2015,2014–15,202734,E'Twaun Moore,0021400460,2014-12-29,CHI @ IND,IND,W,16.416666666666668,0,0,4,0,1,0,0,0,1,1,0,0,0,0,2,-2,-3.3,0.0,https://www.nba.com/stats/players/boxscores-traditional?Season=2014-15&SeasonType=Regular%20Season&TeamID=1610612741
2015,2014–15,203503,Tony Snell,0021400460,2014-12-29,CHI @ IND,IND,W,2.4,0,0,0,0,0,0,0,0,0,0,0,0,0,0,0,-5,0.0,0.0,https://www.nba.com/stats/players/boxscores-traditional?Season=2014-15&SeasonType=Regular%20Season&TeamID=1610612741
2015,2014–15,202710,Jimmy Butler III,0021400447,2014-12-27,CHI vs. NOP,NOP,W,36.31666666666667,33,12,18,0,3,9,10,2,3,5,2,2,1,0,4,1,29.59999999999999,73.66071428571429,https://www.nba.com/stats/players/boxscores-traditional?Season=2014-15&SeasonType=Regular%20Season&TeamID=1610612741
2015,2014–15,2200,Pau Gasol,0021400447,2014-12-27,CHI vs. NOP,NOP,W,30.216666666666665,8,3,9,0,0,2,2,1,8,9,6,0,3,2,2,1,9.499999999999998,40.48582995951417,https://www.nba.com/stats/players/boxscores-traditional?Season=2014-15&SeasonType=Regular%20Season&TeamID=1610612741
2015,2014–15,201959,Taj Gibson,0021400447,2014-12-27,CHI vs. NOP,NOP,W,22.483333333333334,12,5,9,0,0,2,2,4,6,10,0,1,1,1,3,4,11.8,60.72874493927125,https://www.nba.com/stats/players/boxscores-traditional?Season=2014-15&SeasonType=Regular%20Season&TeamID=1610612741
2015,2014–15,201565,Derrick Rose,0021400447,2014-12-27,CHI vs. NOP,NOP,W,27.016666666666666,19,8,18,2,5,1,2,0,1,1,1,0,0,4,0,-3,6.199999999999999,50.317796610169495,https://www.nba.com/stats/players/boxscores-traditional?Season=2014-15&SeasonType=Regular%20Season&TeamID=1610612741
2015,2014–15,201149,Joakim Noah,0021400447,2014-12-27,CHI vs. NOP,NOP,W,28.333333333333332,7,3,6,0,0,1,2,7,2,9,2,1,1,0,2,3,11.399999999999999,50.872093023255815,https://www.nba.com/stats/players/boxscores-traditional?Season=2014-15&SeasonType=Regular%20Season&TeamID=1610612741
2015,2014–15,201166,Aaron Brooks,0021400447,2014-12-27,CHI vs. NOP,NOP,W,25.85,13,5,14,1,5,2,2,0,0,0,4,2,0,1,1,13,8.6,43.68279569892473,https://www.nba.com/stats/players/boxscores-traditional?Season=2014-15&SeasonType=Regular%20Season&TeamID=1610612741
2015,2014–15,202703,Nikola Mirotic,0021400447,2014-12-27,CHI vs. NOP,NOP,W,17.066666666666666,10,3,8,2,4,2,2,0,6,6,0,1,0,2,3,5,5.199999999999998,56.3063063063063,https://www.nba.com/stats/players/boxscores-traditional?Season=2014-15&SeasonType=Regular%20Season&TeamID=1610612741
2015,2014–15,202734,E'Twaun Moore,0021400447,2014-12-27,CHI vs. NOP,NOP,W,19.75,2,1,2,0,1,0,0,1,2,3,2,1,0,1,1,5,3.299999999999999,50.0,https://www.nba.com/stats/players/boxscores-traditional?Season=2014-15&SeasonType=Regular%20Season&TeamID=1610612741
2015,2014–15,2399,Mike Dunleavy,0021400447,2014-12-27,CHI vs. NOP,NOP,W,28.733333333333334,3,1,4,1,2,0,0,0,2,2,2,0,0,1,1,6,1.2000000000000002,37.5,https://www.nba.com/stats/players/boxscores-traditional?Season=2014-15&SeasonType=Regular%20Season&TeamID=1610612741
2015,2014–15,203503,Tony Snell,0021400447,2014-12-27,CHI vs. NOP,NOP,W,4.233333333333333,0,0,1,0,0,0,0,0,0,0,0,0,0,1,0,0,-1.7,0.0,https://www.nba.com/stats/players/boxscores-traditional?Season=2014-15&SeasonType=Regular%20Season&TeamID=1610612741
2015,2014–15,2200,Pau Gasol,0021400430,2014-12-25,CHI vs. LAL,LAL,W,33.11666666666667,23,9,14,1,1,4,6,5,8,13,3,0,2,4,2,5,20.599999999999998,69.11057692307692,https://www.nba.com/stats/players/boxscores-traditional?Season=2014-15&SeasonType=Regular%20Season&TeamID=1610612741
2015,2014–15,202710,Jimmy Butler III,0021400430,2014-12-25,CHI vs. LAL,LAL,W,42.18,21,7,12,1,3,6,6,2,4,6,5,0,2,1,2,16,21.099999999999998,71.72131147540983,https://www.nba.com/stats/players/boxscores-traditional?Season=2014-15&SeasonType=Regular%20Season&TeamID=1610612741
2015,2014–15,201565,Derrick Rose,0021400430,2014-12-25,CHI vs. LAL,LAL,W,31.78,20,7,14,2,6,4,4,0,2,2,6,1,0,3,0,4,15.8,63.45177664974619,https://www.nba.com/stats/players/boxscores-traditional?Season=2014-15&SeasonType=Regular%20Season&TeamID=1610612741
2015,2014–15,202703,Nikola Mirotic,0021400430,2014-12-25,CHI vs. LAL,LAL,W,14.883333333333333,13,4,9,3,7,2,2,1,6,7,2,0,0,0,0,15,12.200000000000001,65.78947368421052,https://www.nba.com/stats/players/boxscores-traditional?Season=2014-15&SeasonType=Regular%20Season&TeamID=1610612741
2015,2014–15,201166,Aaron Brooks,0021400430,2014-12-25,CHI vs. LAL,LAL,W,28.166666666666668,13,6,13,1,2,0,0,0,2,2,6,0,0,3,3,26,6.899999999999999,50.0,https://www.nba.com/stats/players/boxscores-traditional?Season=2014-15&SeasonType=Regular%20Season&TeamID=1610612741
2015,2014–15,201149,Joakim Noah,0021400430,2014-12-25,CHI vs. LAL,LAL,W,27.38,4,2,8,0,0,0,0,6,6,12,2,0,1,1,0,5,6.3,25.0,https://www.nba.com/stats/players/boxscores-traditional?Season=2014-15&SeasonType=Regular%20Season&TeamID=1610612741
2015,2014–15,201959,Taj Gibson,0021400430,2014-12-25,CHI vs. LAL,LAL,W,19.783333333333335,9,3,5,0,0,3,7,5,2,7,2,0,0,1,3,17,8.399999999999999,55.693069306930695,https://www.nba.com/stats/players/boxscores-traditional?Season=2014-15&SeasonType=Regular%20Season&TeamID=1610612741
2015,2014–15,2399,Mike Dunleavy,0021400430,2014-12-25,CHI vs. LAL,LAL,W,21.733333333333334,6,2,5,2,4,0,0,0,2,2,1,0,1,0,2,-2,4.5,60.0,https://www.nba.com/stats/players/boxscores-traditional?Season=2014-15&SeasonType=Regular%20Season&TeamID=1610612741
2015,2014–15,202734,E'Twaun Moore,0021400430,2014-12-25,CHI vs. LAL,LAL,W,14.32,4,2,4,0,0,0,0,0,2,2,0,0,1,0,0,12,3.3,50.0,https://www.nba.com/stats/players/boxscores-traditional?Season=2014-15&SeasonType=Regular%20Season&TeamID=1610612741
2015,2014–15,203503,Tony Snell,0021400430,2014-12-25,CHI vs. LAL,LAL,W,5.82,0,0,2,0,1,0,0,1,2,3,0,0,0,0,0,4,-0.09999999999999998,0.0,https://www.nba.com/stats/players/boxscores-traditional?Season=2014-15&SeasonType=Regular%20Season&TeamID=1610612741
2015,2014–15,203946,Cameron Bairstow,0021400430,2014-12-25,CHI vs. LAL,LAL,W,0.8366666666666667,0,0,0,0,0,0,0,0,1,1,0,0,0,0,0,-2,0.3,0.0,https://www.nba.com/stats/players/boxscores-traditional?Season=2014-15&SeasonType=Regular%20Season&TeamID=1610612741
2015,2014–15,2200,Pau Gasol,0021400419,2014-12-23,CHI @ WAS,WAS,W,34.0,18,7,13,1,1,3,3,0,9,9,4,1,2,0,1,10,19.2,62.849162011173185,https://www.nba.com/stats/players/boxscores-traditional?Season=2014-15&SeasonType=Regular%20Season&TeamID=1610612741
2015,2014–15,201565,Derrick Rose,0021400419,2014-12-23,CHI @ WAS,WAS,W,28.566666666666666,25,10,17,1,3,4,4,1,1,2,4,2,0,5,0,2,17.900000000000002,66.63113006396588,https://www.nba.com/stats/players/boxscores-traditional?Season=2014-15&SeasonType=Regular%20Season&TeamID=1610612741
2015,2014–15,201166,Aaron Brooks,0021400419,2014-12-23,CHI @ WAS,WAS,W,25.616666666666667,13,5,13,0,3,3,5,0,4,4,6,1,0,0,3,14,10.3,42.76315789473684,https://www.nba.com/stats/players/boxscores-traditional?Season=2014-15&SeasonType=Regular%20Season&TeamID=1610612741
2015,2014–15,201959,Taj Gibson,0021400419,2014-12-23,CHI @ WAS,WAS,W,18.866666666666667,12,5,5,0,0,2,2,2,5,7,1,0,2,0,3,10,14.3,102.04081632653062,https://www.nba.com/stats/players/boxscores-traditional?Season=2014-15&SeasonType=Regular%20Season&TeamID=1610612741
2015,2014–15,201149,Joakim Noah,0021400419,2014-12-23,CHI @ WAS,WAS,W,29.133333333333333,8,4,12,0,0,0,2,3,8,11,1,1,1,3,1,-2,3.9000000000000004,31.05590062111801,https://www.nba.com/stats/players/boxscores-traditional?Season=2014-15&SeasonType=Regular%20Season&TeamID=1610612741
2015,2014–15,202710,Jimmy Butler III,0021400419,2014-12-23,CHI @ WAS,WAS,W,38.016666666666666,11,4,13,1,4,2,4,1,5,6,2,0,0,0,2,5,5.500000000000001,37.26287262872629,https://www.nba.com/stats/players/boxscores-traditional?Season=2014-15&SeasonType=Regular%20Season&TeamID=1610612741
2015,2014–15,202703,Nikola Mirotic,0021400419,2014-12-23,CHI @ WAS,WAS,W,14.0,7,2,5,1,3,2,4,0,5,5,0,0,2,0,1,-2,6.0,51.77514792899408,https://www.nba.com/stats/players/boxscores-traditional?Season=2014-15&SeasonType=Regular%20Season&TeamID=1610612741
2015,2014–15,202734,E'Twaun Moore,0021400419,2014-12-23,CHI @ WAS,WAS,W,20.016666666666666,5,2,4,1,1,0,0,1,2,3,1,0,0,0,1,1,4.6,62.5,https://www.nba.com/stats/players/boxscores-traditional?Season=2014-15&SeasonType=Regular%20Season&TeamID=1610612741
2015,2014–15,2399,Mike Dunleavy,0021400419,2014-12-23,CHI @ WAS,WAS,W,22.4,0,0,2,0,2,0,0,0,3,3,1,0,0,2,1,0,-2.2,0.0,https://www.nba.com/stats/players/boxscores-traditional?Season=2014-15&SeasonType=Regular%20Season&TeamID=1610612741
2015,2014–15,203503,Tony Snell,0021400419,2014-12-23,CHI @ WAS,WAS,W,9.383333333333333,0,0,1,0,0,0,0,0,2,2,0,0,0,0,1,2,-0.5,0.0,https://www.nba.com/stats/players/boxscores-traditional?Season=2014-15&SeasonType=Regular%20Season&TeamID=1610612741
2015,2014–15,202710,Jimmy Butler III,0021400410,2014-12-22,CHI vs. TOR,TOR,W,44.233333333333334,27,7,16,2,3,11,11,3,8,11,4,1,5,1,1,14,29.000000000000004,64.77927063339732,https://www.nba.com/stats/players/boxscores-traditional?Season=2014-15&SeasonType=Regular%20Season&TeamID=1610612741
2015,2014–15,201565,Derrick Rose,0021400410,2014-12-22,CHI vs. TOR,TOR,W,30.866666666666667,29,12,19,0,3,5,6,0,2,2,3,0,0,2,1,4,20.400000000000006,67.00554528650646,https://www.nba.com/stats/players/boxscores-traditional?Season=2014-15&SeasonType=Regular%20Season&TeamID=1610612741
2015,2014–15,2200,Pau Gasol,0021400410,2014-12-22,CHI vs. TOR,TOR,W,28.983333333333334,14,2,7,0,0,10,10,3,6,9,3,0,3,4,3,6,12.8,61.40350877192983,https://www.nba.com/stats/players/boxscores-traditional?Season=2014-15&SeasonType=Regular%20Season&TeamID=1610612741
2015,2014–15,201166,Aaron Brooks,0021400410,2014-12-22,CHI vs. TOR,TOR,W,24.916666666666668,17,6,10,1,2,4,4,1,1,2,2,1,1,1,2,9,14.7,72.27891156462584,https://www.nba.com/stats/players/boxscores-traditional?Season=2014-15&SeasonType=Regular%20Season&TeamID=1610612741
2015,2014–15,201959,Taj Gibson,0021400410,2014-12-22,CHI vs. TOR,TOR,W,18.275,10,5,10,0,0,0,0,4,3,7,1,1,2,0,3,-5,10.599999999999998,50.0,https://www.nba.com/stats/players/boxscores-traditional?Season=2014-15&SeasonType=Regular%20Season&TeamID=1610612741
2015,2014–15,201149,Joakim Noah,0021400410,2014-12-22,CHI vs. TOR,TOR,W,30.416666666666668,14,4,4,0,0,6,8,0,4,4,4,1,0,3,2,7,13.2,93.08510638297874,https://www.nba.com/stats/players/boxscores-traditional?Season=2014-15&SeasonType=Regular%20Season&TeamID=1610612741
2015,2014–15,202703,Nikola Mirotic,0021400410,2014-12-22,CHI vs. TOR,TOR,W,18.325,12,2,2,1,1,7,8,1,2,3,0,0,0,0,4,10,10.7,108.69565217391306,https://www.nba.com/stats/players/boxscores-traditional?Season=2014-15&SeasonType=Regular%20Season&TeamID=1610612741
2015,2014–15,2399,Mike Dunleavy,0021400410,2014-12-22,CHI vs. TOR,TOR,W,22.866666666666667,3,1,4,1,1,0,0,0,1,1,2,0,2,1,2,-6,1.8999999999999995,37.5,https://www.nba.com/stats/players/boxscores-traditional?Season=2014-15&SeasonType=Regular%20Season&TeamID=1610612741
2015,2014–15,2550,Kirk Hinrich,0021400410,2014-12-22,CHI vs. TOR,TOR,W,21.116666666666667,3,1,2,1,2,0,0,0,2,2,1,0,0,3,2,6,-0.5,75.0,https://www.nba.com/stats/players/boxscores-traditional?Season=2014-15&SeasonType=Regular%20Season&TeamID=1610612741
2015,2014–15,202710,Jimmy Butler III,0021400389,2014-12-19,CHI @ MEM,MEM,W,42.63333333333333,31,11,21,0,2,9,9,3,7,10,1,2,0,0,2,1,26.799999999999997,62.09935897435898,https://www.nba.com/stats/players/boxscores-traditional?Season=2014-15&SeasonType=Regular%20Season&TeamID=1610612741
2015,2014–15,202703,Nikola Mirotic,0021400389,2014-12-19,CHI @ MEM,MEM,W,30.038333333333334,27,7,10,6,6,7,8,0,8,8,1,0,1,1,0,7,25.2,99.85207100591717,https://www.nba.com/stats/players/boxscores-traditional?Season=2014-15&SeasonType=Regular%20Season&TeamID=1610612741
2015,2014–15,201149,Joakim Noah,0021400389,2014-12-19,CHI @ MEM,MEM,W,33.721666666666664,10,2,3,0,0,6,8,1,12,13,2,0,1,2,5,5,10.3,76.68711656441718,https://www.nba.com/stats/players/boxscores-traditional?Season=2014-15&SeasonType=Regular%20Season&TeamID=1610612741
2015,2014–15,201166,Aaron Brooks,0021400389,2014-12-19,CHI @ MEM,MEM,W,31.631666666666668,17,6,13,3,7,2,2,1,0,1,4,0,0,4,3,7,8.599999999999998,61.23919308357348,https://www.nba.com/stats/players/boxscores-traditional?Season=2014-15&SeasonType=Regular%20Season&TeamID=1610612741
2015,2014–15,2200,Pau Gasol,0021400389,2014-12-19,CHI @ MEM,MEM,W,31.695,6,2,7,0,0,2,2,2,9,11,2,0,1,1,3,1,5.8999999999999995,38.07106598984772,https://www.nba.com/stats/players/boxscores-traditional?Season=2014-15&SeasonType=Regular%20Season&TeamID=1610612741
2015,2014–15,2550,Kirk Hinrich,0021400389,2014-12-19,CHI @ MEM,MEM,W,32.42166666666667,5,2,9,0,3,1,2,0,2,2,7,0,0,1,3,9,2.3999999999999995,25.303643724696357,https://www.nba.com/stats/players/boxscores-traditional?Season=2014-15&SeasonType=Regular%20Season&TeamID=1610612741
2015,2014–15,2399,Mike Dunleavy,0021400389,2014-12-19,CHI @ MEM,MEM,W,30.815,5,2,6,1,5,0,0,1,4,5,0,0,0,0,1,-3,3.100000000000001,41.66666666666667,https://www.nba.com/stats/players/boxscores-traditional?Season=2014-15&SeasonType=Regular%20Season&TeamID=1610612741
2015,2014–15,202734,E'Twaun Moore,0021400389,2014-12-19,CHI @ MEM,MEM,W,0.8766666666666667,2,0,0,0,0,2,2,0,0,0,0,0,0,0,0,-4,2.0,113.63636363636364,https://www.nba.com/stats/players/boxscores-traditional?Season=2014-15&SeasonType=Regular%20Season&TeamID=1610612741
2015,2014–15,203503,Tony Snell,0021400389,2014-12-19,CHI @ MEM,MEM,W,6.166666666666667,0,0,4,0,3,0,0,0,1,1,0,0,0,0,1,7,-2.9,0.0,https://www.nba.com/stats/players/boxscores-traditional?Season=2014-15&SeasonType=Regular%20Season&TeamID=1610612741
2015,2014–15,202710,Jimmy Butler III,0021400379,2014-12-18,CHI vs. NYK,NYK,W,44.733333333333334,35,11,21,4,7,9,10,1,4,5,7,4,1,2,1,8,33.400000000000006,68.89763779527559,https://www.nba.com/stats/players/boxscores-traditional?Season=2014-15&SeasonType=Regular%20Season&TeamID=1610612741
2015,2014–15,2200,Pau Gasol,0021400379,2014-12-18,CHI vs. NYK,NYK,W,35.61666666666667,20,8,15,0,0,4,4,3,4,7,2,0,5,1,0,1,19.9,59.665871121718375,https://www.nba.com/stats/players/boxscores-traditional?Season=2014-15&SeasonType=Regular%20Season&TeamID=1610612741
2015,2014–15,201166,Aaron Brooks,0021400379,2014-12-18,CHI vs. NYK,NYK,W,25.138333333333332,18,5,9,3,5,5,6,0,2,2,5,1,0,4,1,6,14.0,77.31958762886597,https://www.nba.com/stats/players/boxscores-traditional?Season=2014-15&SeasonType=Regular%20Season&TeamID=1610612741
2015,2014–15,202703,Nikola Mirotic,0021400379,2014-12-18,CHI vs. NYK,NYK,W,26.883333333333333,13,4,7,2,4,3,4,0,1,1,3,3,1,0,3,6,14.2,74.20091324200914,https://www.nba.com/stats/players/boxscores-traditional?Season=2014-15&SeasonType=Regular%20Season&TeamID=1610612741
2015,2014–15,201149,Joakim Noah,0021400379,2014-12-18,CHI vs. NYK,NYK,W,33.5,4,1,8,0,0,2,6,6,7,13,3,0,1,1,4,5,3.6999999999999993,18.796992481203006,https://www.nba.com/stats/players/boxscores-traditional?Season=2014-15&SeasonType=Regular%20Season&TeamID=1610612741
2015,2014–15,2550,Kirk Hinrich,0021400379,2014-12-18,CHI vs. NYK,NYK,W,32.06666666666667,8,3,7,2,4,0,0,0,0,0,3,0,0,1,3,10,4.199999999999999,57.14285714285714,https://www.nba.com/stats/players/boxscores-traditional?Season=2014-15&SeasonType=Regular%20Season&TeamID=1610612741
2015,2014–15,2399,Mike Dunleavy,0021400379,2014-12-18,CHI vs. NYK,NYK,W,29.45,5,2,7,1,3,0,0,1,3,4,0,0,0,0,1,-4,2.1,35.714285714285715,https://www.nba.com/stats/players/boxscores-traditional?Season=2014-15&SeasonType=Regular%20Season&TeamID=1610612741
2015,2014–15,203503,Tony Snell,0021400379,2014-12-18,CHI vs. NYK,NYK,W,8.528333333333334,0,0,1,0,0,0,0,0,0,0,0,1,0,1,2,2,-1.5,0.0,https://www.nba.com/stats/players/boxscores-traditional?Season=2014-15&SeasonType=Regular%20Season&TeamID=1610612741
2015,2014–15,202734,E'Twaun Moore,0021400379,2014-12-18,CHI vs. NYK,NYK,W,4.083333333333333,0,0,0,0,0,0,0,0,0,0,0,0,0,1,2,-4,-1.8,0.0,https://www.nba.com/stats/players/boxscores-traditional?Season=2014-15&SeasonType=Regular%20Season&TeamID=1610612741
2015,2014–15,202710,Jimmy Butler III,0021400358,2014-12-15,CHI @ ATL,ATL,L,37.63333333333333,22,8,17,3,5,3,3,3,6,9,2,2,0,2,1,-11,18.2,60.043668122270745,https://www.nba.com/stats/players/boxscores-traditional?Season=2014-15&SeasonType=Regular%20Season&TeamID=1610612741
2015,2014–15,201959,Taj Gibson,0021400358,2014-12-15,CHI @ ATL,ATL,L,38.31666666666667,15,7,11,0,0,1,1,5,12,17,1,0,2,2,5,-5,15.3,65.55944055944056,https://www.nba.com/stats/players/boxscores-traditional?Season=2014-15&SeasonType=Regular%20Season&TeamID=1610612741
2015,2014–15,2200,Pau Gasol,0021400358,2014-12-15,CHI @ ATL,ATL,L,39.93333333333333,13,6,15,0,0,1,2,3,9,12,3,0,3,1,3,-10,11.299999999999997,40.931989924433246,https://www.nba.com/stats/players/boxscores-traditional?Season=2014-15&SeasonType=Regular%20Season&TeamID=1610612741
2015,2014–15,201565,Derrick Rose,0021400358,2014-12-15,CHI @ ATL,ATL,L,31.5,14,6,21,0,7,2,3,3,2,5,8,0,1,6,1,-9,3.899999999999997,31.36200716845878,https://www.nba.com/stats/players/boxscores-traditional?Season=2014-15&SeasonType=Regular%20Season&TeamID=1610612741
2015,2014–15,2399,Mike Dunleavy,0021400358,2014-12-15,CHI @ ATL,ATL,L,39.03,11,4,9,2,5,1,2,1,5,6,0,0,0,1,1,-7,6.699999999999999,55.66801619433198,https://www.nba.com/stats/players/boxscores-traditional?Season=2014-15&SeasonType=Regular%20Season&TeamID=1610612741
2015,2014–15,201166,Aaron Brooks,0021400358,2014-12-15,CHI @ ATL,ATL,L,14.3,8,3,6,1,4,1,1,0,1,1,1,0,0,1,1,4,4.6,62.11180124223602,https://www.nba.com/stats/players/boxscores-traditional?Season=2014-15&SeasonType=Regular%20Season&TeamID=1610612741
2015,2014–15,202703,Nikola Mirotic,0021400358,2014-12-15,CHI @ ATL,ATL,L,17.55,3,1,7,0,4,1,2,0,6,6,1,0,0,0,4,1,-0.9999999999999998,19.03553299492386,https://www.nba.com/stats/players/boxscores-traditional?Season=2014-15&SeasonType=Regular%20Season&TeamID=1610612741
2015,2014–15,2550,Kirk Hinrich,0021400358,2014-12-15,CHI @ ATL,ATL,L,21.736666666666668,0,0,7,0,4,0,0,0,1,1,2,1,0,1,1,2,-3.5999999999999996,0.0,https://www.nba.com/stats/players/boxscores-traditional?Season=2014-15&SeasonType=Regular%20Season&TeamID=1610612741
2015,2014–15,2399,Mike Dunleavy,0021400349,2014-12-14,CHI @ MIA,MIA,W,29.933333333333334,22,8,11,4,5,2,2,0,4,4,2,0,2,1,2,8,19.699999999999996,92.59259259259258,https://www.nba.com/stats/players/boxscores-traditional?Season=2014-15&SeasonType=Regular%20Season&TeamID=1610612741
2015,2014–15,202710,Jimmy Butler III,0021400349,2014-12-14,CHI @ MIA,MIA,W,36.336666666666666,17,4,10,0,1,9,10,1,6,7,5,2,1,2,2,24,17.099999999999998,59.02777777777778,https://www.nba.com/stats/players/boxscores-traditional?Season=2014-15&SeasonType=Regular%20Season&TeamID=1610612741
2015,2014–15,201959,Taj Gibson,0021400349,2014-12-14,CHI @ MIA,MIA,W,38.3,15,5,8,0,0,5,5,5,4,9,1,1,1,3,1,12,15.100000000000001,73.52941176470588,https://www.nba.com/stats/players/boxscores-traditional?Season=2014-15&SeasonType=Regular%20Season&TeamID=1610612741
2015,2014–15,2200,Pau Gasol,0021400349,2014-12-14,CHI @ MIA,MIA,W,36.416666666666664,9,4,13,0,0,1,2,1,8,9,3,0,2,6,0,22,1.6999999999999993,32.4207492795389,https://www.nba.com/stats/players/boxscores-traditional?Season=2014-15&SeasonType=Regular%20Season&TeamID=1610612741
2015,2014–15,201565,Derrick Rose,0021400349,2014-12-14,CHI @ MIA,MIA,W,27.166666666666668,14,6,14,1,3,1,2,0,2,2,3,1,0,1,3,15,7.699999999999999,47.04301075268817,https://www.nba.com/stats/players/boxscores-traditional?Season=2014-15&SeasonType=Regular%20Season&TeamID=1610612741
2015,2014–15,202703,Nikola Mirotic,0021400349,2014-12-14,CHI @ MIA,MIA,W,20.233333333333334,5,2,7,1,5,0,0,0,7,7,1,0,1,0,2,3,3.6000000000000005,35.714285714285715,https://www.nba.com/stats/players/boxscores-traditional?Season=2014-15&SeasonType=Regular%20Season&TeamID=1610612741
2015,2014–15,201166,Aaron Brooks,0021400349,2014-12-14,CHI @ MIA,MIA,W,16.593333333333334,8,3,6,2,3,0,0,1,1,2,1,0,1,3,4,-8,2.8000000000000007,66.66666666666666,https://www.nba.com/stats/players/boxscores-traditional?Season=2014-15&SeasonType=Regular%20Season&TeamID=1610612741
2015,2014–15,2550,Kirk Hinrich,0021400349,2014-12-14,CHI @ MIA,MIA,W,30.816666666666666,0,0,0,0,0,0,0,0,4,4,4,0,0,2,4,10,0.3999999999999999,0.0,https://www.nba.com/stats/players/boxscores-traditional?Season=2014-15&SeasonType=Regular%20Season&TeamID=1610612741
2015,2014–15,202734,E'Twaun Moore,0021400349,2014-12-14,CHI @ MIA,MIA,W,0.42333333333333334,3,1,1,1,1,0,0,0,0,0,0,0,0,0,0,3,2.7,150.0,https://www.nba.com/stats/players/boxscores-traditional?Season=2014-15&SeasonType=Regular%20Season&TeamID=1610612741
2015,2014–15,203503,Tony Snell,0021400349,2014-12-14,CHI @ MIA,MIA,W,2.15,0,0,1,0,0,0,0,0,0,0,1,0,0,0,0,1,0.0,0.0,https://www.nba.com/stats/players/boxscores-traditional?Season=2014-15&SeasonType=Regular%20Season&TeamID=1610612741
2015,2014–15,203946,Cameron Bairstow,0021400349,2014-12-14,CHI @ MIA,MIA,W,0.58,0,0,0,0,0,0,0,0,0,0,0,0,0,0,0,1,0.0,0.0,https://www.nba.com/stats/players/boxscores-traditional?Season=2014-15&SeasonType=Regular%20Season&TeamID=1610612741
2015,2014–15,1737,Nazr Mohammed,0021400349,2014-12-14,CHI @ MIA,MIA,W,1.05,0,0,0,0,0,0,0,0,0,0,0,0,0,1,0,-1,-1.0,0.0,https://www.nba.com/stats/players/boxscores-traditional?Season=2014-15&SeasonType=Regular%20Season&TeamID=1610612741
2015,2014–15,201565,Derrick Rose,0021400328,2014-12-12,CHI vs. POR,POR,W,31.566666666666666,31,14,24,0,2,3,3,0,3,3,5,1,0,2,2,-5,22.400000000000002,61.216429699842024,https://www.nba.com/stats/players/boxscores-traditional?Season=2014-15&SeasonType=Regular%20Season&TeamID=1610612741
2015,2014–15,202703,Nikola Mirotic,0021400328,2014-12-12,CHI vs. POR,POR,W,18.565,15,4,9,1,3,6,6,4,5,9,1,1,1,1,1,20,15.600000000000001,64.43298969072164,https://www.nba.com/stats/players/boxscores-traditional?Season=2014-15&SeasonType=Regular%20Season&TeamID=1610612741
2015,2014–15,2200,Pau Gasol,0021400328,2014-12-12,CHI vs. POR,POR,W,32.751666666666665,13,6,12,0,0,1,4,2,8,10,4,0,0,1,2,-12,10.600000000000001,47.23837209302326,https://www.nba.com/stats/players/boxscores-traditional?Season=2014-15&SeasonType=Regular%20Season&TeamID=1610612741
2015,2014–15,202710,Jimmy Butler III,0021400328,2014-12-12,CHI vs. POR,POR,W,43.65,11,4,11,0,1,3,3,2,6,8,1,1,2,0,0,2,11.200000000000001,44.64285714285714,https://www.nba.com/stats/players/boxscores-traditional?Season=2014-15&SeasonType=Regular%20Season&TeamID=1610612741
2015,2014–15,201166,Aaron Brooks,0021400328,2014-12-12,CHI vs. POR,POR,W,16.778333333333332,17,8,10,1,2,0,0,2,1,3,4,0,0,1,2,23,15.899999999999999,85.0,https://www.nba.com/stats/players/boxscores-traditional?Season=2014-15&SeasonType=Regular%20Season&TeamID=1610612741
2015,2014–15,201959,Taj Gibson,0021400328,2014-12-12,CHI vs. POR,POR,W,44.68333333333333,12,2,10,0,0,8,10,4,6,10,0,0,0,1,2,10,7.800000000000001,41.666666666666664,https://www.nba.com/stats/players/boxscores-traditional?Season=2014-15&SeasonType=Regular%20Season&TeamID=1610612741
2015,2014–15,2550,Kirk Hinrich,0021400328,2014-12-12,CHI vs. POR,POR,W,23.366666666666667,8,3,7,1,3,1,2,0,1,1,2,2,0,0,1,12,7.199999999999999,50.76142131979695,https://www.nba.com/stats/players/boxscores-traditional?Season=2014-15&SeasonType=Regular%20Season&TeamID=1610612741
2015,2014–15,2399,Mike Dunleavy,0021400328,2014-12-12,CHI vs. POR,POR,W,28.638333333333332,8,3,5,2,4,0,0,0,3,3,1,0,0,1,1,-5,5.8999999999999995,80.0,https://www.nba.com/stats/players/boxscores-traditional?Season=2014-15&SeasonType=Regular%20Season&TeamID=1610612741
2015,2014–15,2200,Pau Gasol,0021400320,2014-12-10,CHI vs. BKN,BKN,W,34.8,16,5,9,0,0,6,6,6,10,16,2,0,4,4,1,24,18.7,68.72852233676976,https://www.nba.com/stats/players/boxscores-traditional?Season=2014-15&SeasonType=Regular%20Season&TeamID=1610612741
2015,2014–15,201959,Taj Gibson,0021400320,2014-12-10,CHI vs. BKN,BKN,W,31.466666666666665,11,5,9,0,0,1,2,1,9,10,3,0,6,1,3,18,13.799999999999997,55.66801619433198,https://www.nba.com/stats/players/boxscores-traditional?Season=2014-15&SeasonType=Regular%20Season&TeamID=1610612741
2015,2014–15,201565,Derrick Rose,0021400320,2014-12-10,CHI vs. BKN,BKN,W,23.833333333333332,23,8,15,3,7,4,5,0,4,4,4,0,0,5,4,21,12.7,66.86046511627907,https://www.nba.com/stats/players/boxscores-traditional?Season=2014-15&SeasonType=Regular%20Season&TeamID=1610612741
2015,2014–15,2399,Mike Dunleavy,0021400320,2014-12-10,CHI vs. BKN,BKN,W,29.933333333333334,14,5,10,4,6,0,0,1,4,5,3,2,0,1,0,19,13.999999999999998,70.0,https://www.nba.com/stats/players/boxscores-traditional?Season=2014-15&SeasonType=Regular%20Season&TeamID=1610612741
2015,2014–15,202710,Jimmy Butler III,0021400320,2014-12-10,CHI vs. BKN,BKN,W,34.516666666666666,18,6,10,0,1,6,10,2,3,5,2,1,0,1,0,12,15.5,62.5,https://www.nba.com/stats/players/boxscores-traditional?Season=2014-15&SeasonType=Regular%20Season&TeamID=1610612741
2015,2014–15,202703,Nikola Mirotic,0021400320,2014-12-10,CHI vs. BKN,BKN,W,20.616666666666667,10,3,9,1,4,3,6,1,5,6,1,0,1,2,4,7,3.6999999999999993,42.955326460481096,https://www.nba.com/stats/players/boxscores-traditional?Season=2014-15&SeasonType=Regular%20Season&TeamID=1610612741
2015,2014–15,201166,Aaron Brooks,0021400320,2014-12-10,CHI vs. BKN,BKN,W,15.466666666666667,7,2,4,0,1,3,3,0,3,3,3,1,0,1,2,4,7.199999999999999,65.78947368421052,https://www.nba.com/stats/players/boxscores-traditional?Season=2014-15&SeasonType=Regular%20Season&TeamID=1610612741
2015,2014–15,2550,Kirk Hinrich,0021400320,2014-12-10,CHI vs. BKN,BKN,W,30.55,6,3,6,0,3,0,0,0,3,3,2,0,0,0,2,28,4.500000000000001,50.0,https://www.nba.com/stats/players/boxscores-traditional?Season=2014-15&SeasonType=Regular%20Season&TeamID=1610612741
2015,2014–15,203946,Cameron Bairstow,0021400320,2014-12-10,CHI vs. BKN,BKN,W,9.116666666666667,0,0,3,0,0,0,0,2,0,2,0,1,0,0,1,1,-0.09999999999999976,0.0,https://www.nba.com/stats/players/boxscores-traditional?Season=2014-15&SeasonType=Regular%20Season&TeamID=1610612741
2015,2014–15,202734,E'Twaun Moore,0021400320,2014-12-10,CHI vs. BKN,BKN,W,3.2333333333333334,0,0,2,0,0,0,0,2,0,2,0,1,0,0,0,-3,1.0,0.0,https://www.nba.com/stats/players/boxscores-traditional?Season=2014-15&SeasonType=Regular%20Season&TeamID=1610612741
2015,2014–15,203503,Tony Snell,0021400320,2014-12-10,CHI vs. BKN,BKN,W,3.2333333333333334,0,0,1,0,0,0,0,0,1,1,1,0,0,0,0,-3,0.3,0.0,https://www.nba.com/stats/players/boxscores-traditional?Season=2014-15&SeasonType=Regular%20Season&TeamID=1610612741
2015,2014–15,1737,Nazr Mohammed,0021400320,2014-12-10,CHI vs. BKN,BKN,W,3.2333333333333334,0,0,1,0,0,0,0,0,0,0,0,0,0,0,1,-3,-1.1,0.0,https://www.nba.com/stats/players/boxscores-traditional?Season=2014-15&SeasonType=Regular%20Season&TeamID=1610612741
2015,2014–15,2200,Pau Gasol,0021400289,2014-12-06,CHI vs. GSW,GSW,L,36.475,22,10,19,0,0,2,2,5,15,20,3,1,1,3,2,-7,20.700000000000003,55.33199195171027,https://www.nba.com/stats/players/boxscores-traditional?Season=2014-15&SeasonType=Regular%20Season&TeamID=1610612741
2015,2014–15,202710,Jimmy Butler III,0021400289,2014-12-06,CHI vs. GSW,GSW,L,43.75,24,8,17,3,6,5,7,3,1,4,3,2,0,3,3,-2,16.8,59.76095617529881,https://www.nba.com/stats/players/boxscores-traditional?Season=2014-15&SeasonType=Regular%20Season&TeamID=1610612741
2015,2014–15,201149,Joakim Noah,0021400289,2014-12-06,CHI vs. GSW,GSW,L,33.0,16,7,8,0,0,2,2,2,3,5,3,0,1,2,2,-12,15.5,90.09009009009009,https://www.nba.com/stats/players/boxscores-traditional?Season=2014-15&SeasonType=Regular%20Season&TeamID=1610612741
2015,2014–15,201959,Taj Gibson,0021400289,2014-12-06,CHI vs. GSW,GSW,L,18.575,12,3,7,0,0,6,6,5,2,7,0,0,1,5,4,-1,6.5,62.24066390041494,https://www.nba.com/stats/players/boxscores-traditional?Season=2014-15&SeasonType=Regular%20Season&TeamID=1610612741
2015,2014–15,201565,Derrick Rose,0021400289,2014-12-06,CHI vs. GSW,GSW,L,31.183333333333334,9,2,11,1,7,4,4,1,3,4,6,0,0,2,2,-19,5.1000000000000005,35.26645768025078,https://www.nba.com/stats/players/boxscores-traditional?Season=2014-15&SeasonType=Regular%20Season&TeamID=1610612741
2015,2014–15,2550,Kirk Hinrich,0021400289,2014-12-06,CHI vs. GSW,GSW,L,29.041666666666668,10,3,8,1,4,3,4,0,4,4,1,2,0,3,3,-10,4.899999999999998,51.229508196721305,https://www.nba.com/stats/players/boxscores-traditional?Season=2014-15&SeasonType=Regular%20Season&TeamID=1610612741
2015,2014–15,2399,Mike Dunleavy,0021400289,2014-12-06,CHI vs. GSW,GSW,L,25.425,6,2,6,1,2,1,2,0,2,2,3,0,0,2,2,6,2.1000000000000005,43.604651162790695,https://www.nba.com/stats/players/boxscores-traditional?Season=2014-15&SeasonType=Regular%20Season&TeamID=1610612741
2015,2014–15,201166,Aaron Brooks,0021400289,2014-12-06,CHI vs. GSW,GSW,L,10.35,3,1,7,1,2,0,0,1,0,1,3,1,0,0,2,3,1.4999999999999998,21.428571428571427,https://www.nba.com/stats/players/boxscores-traditional?Season=2014-15&SeasonType=Regular%20Season&TeamID=1610612741
2015,2014–15,202703,Nikola Mirotic,0021400289,2014-12-06,CHI vs. GSW,GSW,L,7.95,0,0,0,0,0,0,0,0,3,3,2,0,0,2,3,0,-0.9000000000000004,0.0,https://www.nba.com/stats/players/boxscores-traditional?Season=2014-15&SeasonType=Regular%20Season&TeamID=1610612741
2015,2014–15,203503,Tony Snell,0021400289,2014-12-06,CHI vs. GSW,GSW,L,4.25,0,0,0,0,0,0,0,0,0,0,0,0,0,0,0,-8,0.0,0.0,https://www.nba.com/stats/players/boxscores-traditional?Season=2014-15&SeasonType=Regular%20Season&TeamID=1610612741
2015,2014–15,2200,Pau Gasol,0021400263,2014-12-03,CHI @ CHA,CHA,W,36.18833333333333,19,7,19,0,0,5,7,1,14,15,3,0,0,2,2,0,11.9,43.025362318840585,https://www.nba.com/stats/players/boxscores-traditional?Season=2014-15&SeasonType=Regular%20Season&TeamID=1610612741
2015,2014–15,201149,Joakim Noah,0021400263,2014-12-03,CHI @ CHA,CHA,W,31.761666666666667,14,6,9,0,0,2,4,1,9,10,7,1,0,2,3,5,15.399999999999995,65.05576208178438,https://www.nba.com/stats/players/boxscores-traditional?Season=2014-15&SeasonType=Regular%20Season&TeamID=1610612741
2015,2014–15,202703,Nikola Mirotic,0021400263,2014-12-03,CHI @ CHA,CHA,W,28.05,11,4,8,2,4,1,1,0,12,12,1,0,1,1,2,9,10.199999999999998,65.16587677725119,https://www.nba.com/stats/players/boxscores-traditional?Season=2014-15&SeasonType=Regular%20Season&TeamID=1610612741
2015,2014–15,202710,Jimmy Butler III,0021400263,2014-12-03,CHI @ CHA,CHA,W,38.80833333333333,15,5,11,1,4,4,4,1,1,2,5,2,0,1,2,4,14.0,58.777429467084644,https://www.nba.com/stats/players/boxscores-traditional?Season=2014-15&SeasonType=Regular%20Season&TeamID=1610612741
2015,2014–15,201565,Derrick Rose,0021400263,2014-12-03,CHI @ CHA,CHA,W,27.8,15,5,12,2,7,3,3,0,2,2,5,0,0,2,2,0,9.9,56.30630630630631,https://www.nba.com/stats/players/boxscores-traditional?Season=2014-15&SeasonType=Regular%20Season&TeamID=1610612741
2015,2014–15,2550,Kirk Hinrich,0021400263,2014-12-03,CHI @ CHA,CHA,W,26.45,12,4,9,3,6,1,2,1,2,3,2,0,0,1,2,9,7.799999999999999,60.72874493927125,https://www.nba.com/stats/players/boxscores-traditional?Season=2014-15&SeasonType=Regular%20Season&TeamID=1610612741
2015,2014–15,2399,Mike Dunleavy,0021400263,2014-12-03,CHI @ CHA,CHA,W,30.4,9,3,5,3,5,0,0,0,1,1,0,1,0,0,3,-2,6.799999999999999,90.0,https://www.nba.com/stats/players/boxscores-traditional?Season=2014-15&SeasonType=Regular%20Season&TeamID=1610612741
2015,2014–15,201166,Aaron Brooks,0021400263,2014-12-03,CHI @ CHA,CHA,W,14.841666666666667,7,3,7,1,2,0,0,0,3,3,3,0,0,2,1,7,3.8999999999999986,50.0,https://www.nba.com/stats/players/boxscores-traditional?Season=2014-15&SeasonType=Regular%20Season&TeamID=1610612741
2015,2014–15,203503,Tony Snell,0021400263,2014-12-03,CHI @ CHA,CHA,W,5.7,0,0,0,0,0,0,0,0,1,1,1,0,0,0,1,3,0.6,0.0,https://www.nba.com/stats/players/boxscores-traditional?Season=2014-15&SeasonType=Regular%20Season&TeamID=1610612741
2015,2014–15,2200,Pau Gasol,0021400257,2014-12-02,CHI vs. DAL,DAL,L,50.156666666666666,29,12,25,0,1,5,5,3,11,14,2,1,1,3,3,-6,20.599999999999998,53.30882352941176,https://www.nba.com/stats/players/boxscores-traditional?Season=2014-15&SeasonType=Regular%20Season&TeamID=1610612741
2015,2014–15,202710,Jimmy Butler III,0021400257,2014-12-02,CHI vs. DAL,DAL,L,46.318333333333335,23,9,21,0,3,5,9,4,4,8,7,0,0,1,3,-3,17.0,46.07371794871795,https://www.nba.com/stats/players/boxscores-traditional?Season=2014-15&SeasonType=Regular%20Season&TeamID=1610612741
2015,2014–15,201565,Derrick Rose,0021400257,2014-12-02,CHI vs. DAL,DAL,L,36.55,18,6,20,4,11,2,4,1,4,5,10,0,0,7,2,-1,6.699999999999999,41.36029411764706,https://www.nba.com/stats/players/boxscores-traditional?Season=2014-15&SeasonType=Regular%20Season&TeamID=1610612741
2015,2014–15,201149,Joakim Noah,0021400257,2014-12-02,CHI vs. DAL,DAL,L,36.26,8,4,7,0,0,0,0,6,8,14,6,2,2,3,4,2,14.299999999999997,57.14285714285714,https://www.nba.com/stats/players/boxscores-traditional?Season=2014-15&SeasonType=Regular%20Season&TeamID=1610612741
2015,2014–15,2399,Mike Dunleavy,0021400257,2014-12-02,CHI vs. DAL,DAL,L,48.8,20,8,15,2,7,2,2,0,4,4,4,1,1,0,4,7,16.799999999999997,62.97229219143576,https://www.nba.com/stats/players/boxscores-traditional?Season=2014-15&SeasonType=Regular%20Season&TeamID=1610612741
2015,2014–15,202703,Nikola Mirotic,0021400257,2014-12-02,CHI vs. DAL,DAL,L,25.533333333333335,15,4,8,0,2,7,8,1,3,4,3,0,2,1,2,-3,13.9,65.10416666666667,https://www.nba.com/stats/players/boxscores-traditional?Season=2014-15&SeasonType=Regular%20Season&TeamID=1610612741
2015,2014–15,2550,Kirk Hinrich,0021400257,2014-12-02,CHI vs. DAL,DAL,L,26.833333333333332,8,2,4,2,2,2,2,0,1,1,2,1,0,1,1,2,7.300000000000001,81.9672131147541,https://www.nba.com/stats/players/boxscores-traditional?Season=2014-15&SeasonType=Regular%20Season&TeamID=1610612741
2015,2014–15,201166,Aaron Brooks,0021400257,2014-12-02,CHI vs. DAL,DAL,L,13.981666666666667,8,2,3,0,0,4,4,0,2,2,4,0,0,2,0,-8,8.100000000000001,84.03361344537815,https://www.nba.com/stats/players/boxscores-traditional?Season=2014-15&SeasonType=Regular%20Season&TeamID=1610612741
2015,2014–15,203503,Tony Snell,0021400257,2014-12-02,CHI vs. DAL,DAL,L,5.566666666666666,0,0,0,0,0,0,0,0,0,0,0,0,0,0,3,-5,-1.2000000000000002,0.0,https://www.nba.com/stats/players/boxscores-traditional?Season=2014-15&SeasonType=Regular%20Season&TeamID=1610612741
2015,2014–15,2200,Pau Gasol,0021400242,2014-11-30,CHI @ BKN,BKN,W,32.93333333333333,25,9,12,0,0,7,8,1,12,13,1,1,2,2,2,11,24.4,80.54123711340206,https://www.nba.com/stats/players/boxscores-traditional?Season=2014-15&SeasonType=Regular%20Season&TeamID=1610612741
2015,2014–15,202710,Jimmy Butler III,0021400242,2014-11-30,CHI @ BKN,BKN,W,39.11666666666667,26,7,12,1,3,11,13,0,4,4,5,1,0,0,1,18,24.900000000000002,73.36343115124154,https://www.nba.com/stats/players/boxscores-traditional?Season=2014-15&SeasonType=Regular%20Season&TeamID=1610612741
2015,2014–15,202703,Nikola Mirotic,0021400242,2014-11-30,CHI @ BKN,BKN,W,27.4,12,3,5,1,3,5,5,2,10,12,1,1,1,3,5,16,11.5,83.33333333333333,https://www.nba.com/stats/players/boxscores-traditional?Season=2014-15&SeasonType=Regular%20Season&TeamID=1610612741
2015,2014–15,201565,Derrick Rose,0021400242,2014-11-30,CHI @ BKN,BKN,W,25.933333333333334,14,5,12,2,7,2,3,1,5,6,2,0,0,4,1,14,6.400000000000002,52.552552552552555,https://www.nba.com/stats/players/boxscores-traditional?Season=2014-15&SeasonType=Regular%20Season&TeamID=1610612741
2015,2014–15,201149,Joakim Noah,0021400242,2014-11-30,CHI @ BKN,BKN,W,32.38333333333333,3,1,3,0,1,1,4,2,8,10,3,1,1,5,5,13,0.7000000000000002,31.512605042016805,https://www.nba.com/stats/players/boxscores-traditional?Season=2014-15&SeasonType=Regular%20Season&TeamID=1610612741
2015,2014–15,201166,Aaron Brooks,0021400242,2014-11-30,CHI @ BKN,BKN,W,22.403333333333332,11,4,11,2,5,1,1,1,0,1,3,0,0,5,3,7,1.5,48.07692307692308,https://www.nba.com/stats/players/boxscores-traditional?Season=2014-15&SeasonType=Regular%20Season&TeamID=1610612741
2015,2014–15,2550,Kirk Hinrich,0021400242,2014-11-30,CHI @ BKN,BKN,W,18.783333333333335,5,2,4,1,2,0,0,0,0,0,2,1,1,0,5,8,4.1000000000000005,62.5,https://www.nba.com/stats/players/boxscores-traditional?Season=2014-15&SeasonType=Regular%20Season&TeamID=1610612741
2015,2014–15,2399,Mike Dunleavy,0021400242,2014-11-30,CHI @ BKN,BKN,W,23.316666666666666,4,2,7,0,3,0,0,0,3,3,2,0,0,0,1,11,1.8000000000000003,28.57142857142857,https://www.nba.com/stats/players/boxscores-traditional?Season=2014-15&SeasonType=Regular%20Season&TeamID=1610612741
2015,2014–15,203503,Tony Snell,0021400242,2014-11-30,CHI @ BKN,BKN,W,5.816666666666666,0,0,0,0,0,0,0,0,0,0,0,1,0,0,1,-2,0.6,0.0,https://www.nba.com/stats/players/boxscores-traditional?Season=2014-15&SeasonType=Regular%20Season&TeamID=1610612741
2015,2014–15,1737,Nazr Mohammed,0021400242,2014-11-30,CHI @ BKN,BKN,W,3.283333333333333,2,1,2,0,0,0,0,0,0,0,0,0,0,0,0,-4,1.0,50.0,https://www.nba.com/stats/players/boxscores-traditional?Season=2014-15&SeasonType=Regular%20Season&TeamID=1610612741
2015,2014–15,202734,E'Twaun Moore,0021400242,2014-11-30,CHI @ BKN,BKN,W,2.28,0,0,0,0,0,0,0,0,1,1,0,0,0,0,0,0,0.3,0.0,https://www.nba.com/stats/players/boxscores-traditional?Season=2014-15&SeasonType=Regular%20Season&TeamID=1610612741
2015,2014–15,203926,Doug McDermott,0021400242,2014-11-30,CHI @ BKN,BKN,W,6.35,0,0,1,0,0,0,0,0,0,0,0,0,0,0,0,-2,-0.7,0.0,https://www.nba.com/stats/players/boxscores-traditional?Season=2014-15&SeasonType=Regular%20Season&TeamID=1610612741
2015,2014–15,201149,Joakim Noah,0021400223,2014-11-28,CHI @ BOS,BOS,W,35.416666666666664,15,4,12,0,0,7,8,7,7,14,6,0,6,3,4,10,18.599999999999998,48.324742268041234,https://www.nba.com/stats/players/boxscores-traditional?Season=2014-15&SeasonType=Regular%20Season&TeamID=1610612741
2015,2014–15,202703,Nikola Mirotic,0021400223,2014-11-28,CHI @ BOS,BOS,W,26.7,13,4,6,1,1,4,4,3,5,8,2,2,5,1,2,1,19.099999999999998,83.76288659793815,https://www.nba.com/stats/players/boxscores-traditional?Season=2014-15&SeasonType=Regular%20Season&TeamID=1610612741
2015,2014–15,201565,Derrick Rose,0021400223,2014-11-28,CHI @ BOS,BOS,W,27.733333333333334,21,9,18,2,6,1,2,1,3,4,4,0,1,1,2,11,14.899999999999999,55.61440677966102,https://www.nba.com/stats/players/boxscores-traditional?Season=2014-15&SeasonType=Regular%20Season&TeamID=1610612741
2015,2014–15,2200,Pau Gasol,0021400223,2014-11-28,CHI @ BOS,BOS,W,33.88333333333333,15,6,19,0,0,3,4,3,12,15,1,0,0,2,2,3,7.299999999999997,36.1271676300578,https://www.nba.com/stats/players/boxscores-traditional?Season=2014-15&SeasonType=Regular%20Season&TeamID=1610612741
2015,2014–15,202710,Jimmy Butler III,0021400223,2014-11-28,CHI @ BOS,BOS,W,40.583333333333336,22,6,15,0,3,10,12,2,1,3,1,1,0,3,2,1,12.7,54.24063116370809,https://www.nba.com/stats/players/boxscores-traditional?Season=2014-15&SeasonType=Regular%20Season&TeamID=1610612741
2015,2014–15,201166,Aaron Brooks,0021400223,2014-11-28,CHI @ BOS,BOS,W,15.2,15,6,12,1,4,2,2,0,1,1,3,0,0,1,2,4,9.6,58.22981366459628,https://www.nba.com/stats/players/boxscores-traditional?Season=2014-15&SeasonType=Regular%20Season&TeamID=1610612741
2015,2014–15,2550,Kirk Hinrich,0021400223,2014-11-28,CHI @ BOS,BOS,W,27.3,3,1,1,1,1,0,0,1,2,3,1,2,1,1,2,2,5.6000000000000005,150.0,https://www.nba.com/stats/players/boxscores-traditional?Season=2014-15&SeasonType=Regular%20Season&TeamID=1610612741
2015,2014–15,2399,Mike Dunleavy,0021400223,2014-11-28,CHI @ BOS,BOS,W,27.016666666666666,4,1,5,0,2,2,3,1,3,4,0,0,0,1,4,-6,-0.5,31.645569620253163,https://www.nba.com/stats/players/boxscores-traditional?Season=2014-15&SeasonType=Regular%20Season&TeamID=1610612741
2015,2014–15,203926,Doug McDermott,0021400223,2014-11-28,CHI @ BOS,BOS,W,2.05,1,0,0,0,0,1,2,0,0,0,0,0,0,0,0,-1,0.6,56.81818181818182,https://www.nba.com/stats/players/boxscores-traditional?Season=2014-15&SeasonType=Regular%20Season&TeamID=1610612741
2015,2014–15,203503,Tony Snell,0021400223,2014-11-28,CHI @ BOS,BOS,W,4.116666666666666,0,0,2,0,0,0,0,0,0,0,0,0,0,0,1,10,-1.7999999999999998,0.0,https://www.nba.com/stats/players/boxscores-traditional?Season=2014-15&SeasonType=Regular%20Season&TeamID=1610612741
2015,2014–15,202710,Jimmy Butler III,0021400209,2014-11-25,CHI @ DEN,DEN,L,40.05,32,7,13,0,1,18,20,3,6,9,1,1,0,2,3,-7,27.299999999999994,73.39449541284402,https://www.nba.com/stats/players/boxscores-traditional?Season=2014-15&SeasonType=Regular%20Season&TeamID=1610612741
2015,2014–15,2200,Pau Gasol,0021400209,2014-11-25,CHI @ DEN,DEN,L,36.20166666666667,22,10,20,0,0,2,3,3,8,11,3,1,0,2,3,-5,15.999999999999996,51.594746716697934,https://www.nba.com/stats/players/boxscores-traditional?Season=2014-15&SeasonType=Regular%20Season&TeamID=1610612741
2015,2014–15,2399,Mike Dunleavy,0021400209,2014-11-25,CHI @ DEN,DEN,L,36.733333333333334,17,5,9,3,7,4,5,0,2,2,0,3,0,0,2,-3,15.099999999999998,75.89285714285715,https://www.nba.com/stats/players/boxscores-traditional?Season=2014-15&SeasonType=Regular%20Season&TeamID=1610612741
2015,2014–15,2550,Kirk Hinrich,0021400209,2014-11-25,CHI @ DEN,DEN,L,31.4,10,4,10,2,3,0,0,1,0,1,8,1,0,4,2,2,7.099999999999998,50.0,https://www.nba.com/stats/players/boxscores-traditional?Season=2014-15&SeasonType=Regular%20Season&TeamID=1610612741
2015,2014–15,201166,Aaron Brooks,0021400209,2014-11-25,CHI @ DEN,DEN,L,23.411666666666665,16,4,12,2,5,6,6,0,0,0,2,0,0,1,1,12,9.200000000000003,54.64480874316939,https://www.nba.com/stats/players/boxscores-traditional?Season=2014-15&SeasonType=Regular%20Season&TeamID=1610612741
2015,2014–15,202703,Nikola Mirotic,0021400209,2014-11-25,CHI @ DEN,DEN,L,20.81833333333333,4,1,5,0,2,2,3,2,5,7,2,2,1,0,3,-1,6.300000000000001,31.645569620253163,https://www.nba.com/stats/players/boxscores-traditional?Season=2014-15&SeasonType=Regular%20Season&TeamID=1610612741
2015,2014–15,1737,Nazr Mohammed,0021400209,2014-11-25,CHI @ DEN,DEN,L,11.798333333333334,4,2,4,0,0,0,0,0,4,4,0,1,2,0,3,0,4.3999999999999995,50.0,https://www.nba.com/stats/players/boxscores-traditional?Season=2014-15&SeasonType=Regular%20Season&TeamID=1610612741
2015,2014–15,203946,Cameron Bairstow,0021400209,2014-11-25,CHI @ DEN,DEN,L,18.765,2,1,4,0,0,0,0,2,0,2,1,0,1,2,4,-13,-1.2000000000000002,25.0,https://www.nba.com/stats/players/boxscores-traditional?Season=2014-15&SeasonType=Regular%20Season&TeamID=1610612741
2015,2014–15,201565,Derrick Rose,0021400209,2014-11-25,CHI @ DEN,DEN,L,9.866666666666667,2,1,4,0,3,0,0,0,0,0,3,0,0,1,1,-8,0.2999999999999998,25.0,https://www.nba.com/stats/players/boxscores-traditional?Season=2014-15&SeasonType=Regular%20Season&TeamID=1610612741
2015,2014–15,203926,Doug McDermott,0021400209,2014-11-25,CHI @ DEN,DEN,L,10.7,0,0,1,0,0,0,0,0,1,1,0,0,0,0,0,0,-0.39999999999999997,0.0,https://www.nba.com/stats/players/boxscores-traditional?Season=2014-15&SeasonType=Regular%20Season&TeamID=1610612741
2015,2014–15,203503,Tony Snell,0021400209,2014-11-25,CHI @ DEN,DEN,L,0.255,0,0,0,0,0,0,0,0,0,0,0,0,0,0,0,-2,0.0,0.0,https://www.nba.com/stats/players/boxscores-traditional?Season=2014-15&SeasonType=Regular%20Season&TeamID=1610612741
2015,2014–15,2200,Pau Gasol,0021400204,2014-11-24,CHI @ UTA,UTA,W,37.46666666666667,23,11,20,0,0,1,3,2,7,9,4,3,2,2,2,-2,20.499999999999996,53.93996247654784,https://www.nba.com/stats/players/boxscores-traditional?Season=2014-15&SeasonType=Regular%20Season&TeamID=1610612741
2015,2014–15,202710,Jimmy Butler III,0021400204,2014-11-24,CHI @ UTA,UTA,W,43.86666666666667,25,8,16,1,2,8,9,2,0,2,2,4,0,3,2,4,19.599999999999998,62.62525050100201,https://www.nba.com/stats/players/boxscores-traditional?Season=2014-15&SeasonType=Regular%20Season&TeamID=1610612741
2015,2014–15,201565,Derrick Rose,0021400204,2014-11-24,CHI @ UTA,UTA,W,24.616666666666667,18,5,10,3,5,5,8,0,3,3,5,1,0,4,0,5,13.200000000000003,66.56804733727812,https://www.nba.com/stats/players/boxscores-traditional?Season=2014-15&SeasonType=Regular%20Season&TeamID=1610612741
2015,2014–15,202703,Nikola Mirotic,0021400204,2014-11-24,CHI @ UTA,UTA,W,28.266666666666666,10,4,9,2,4,0,0,1,4,5,1,0,0,0,2,-13,7.1000000000000005,55.55555555555556,https://www.nba.com/stats/players/boxscores-traditional?Season=2014-15&SeasonType=Regular%20Season&TeamID=1610612741
2015,2014–15,201166,Aaron Brooks,0021400204,2014-11-24,CHI @ UTA,UTA,W,23.383333333333333,10,4,8,2,4,0,0,0,3,3,1,1,0,2,3,-3,5.3999999999999995,62.5,https://www.nba.com/stats/players/boxscores-traditional?Season=2014-15&SeasonType=Regular%20Season&TeamID=1610612741
2015,2014–15,201149,Joakim Noah,0021400204,2014-11-24,CHI @ UTA,UTA,W,30.266666666666666,4,1,2,0,0,2,3,1,4,5,4,0,1,1,1,19,6.6,60.24096385542168,https://www.nba.com/stats/players/boxscores-traditional?Season=2014-15&SeasonType=Regular%20Season&TeamID=1610612741
2015,2014–15,2399,Mike Dunleavy,0021400204,2014-11-24,CHI @ UTA,UTA,W,28.333333333333332,2,1,3,0,2,0,0,1,4,5,3,0,0,0,1,9,3.9,33.33333333333333,https://www.nba.com/stats/players/boxscores-traditional?Season=2014-15&SeasonType=Regular%20Season&TeamID=1610612741
2015,2014–15,203503,Tony Snell,0021400204,2014-11-24,CHI @ UTA,UTA,W,16.2,5,2,3,1,2,0,0,0,1,1,0,0,0,2,2,-8,1.2000000000000002,83.33333333333334,https://www.nba.com/stats/players/boxscores-traditional?Season=2014-15&SeasonType=Regular%20Season&TeamID=1610612741
2015,2014–15,203926,Doug McDermott,0021400204,2014-11-24,CHI @ UTA,UTA,W,7.6,0,0,1,0,1,0,0,0,2,2,0,0,0,2,1,-1,-2.5,0.0,https://www.nba.com/stats/players/boxscores-traditional?Season=2014-15&SeasonType=Regular%20Season&TeamID=1610612741
2015,2014–15,202703,Nikola Mirotic,0021400183,2014-11-21,CHI @ POR,POR,L,35.11666666666667,24,7,14,4,7,6,8,0,11,11,2,0,0,3,3,0,16.7,68.4931506849315,https://www.nba.com/stats/players/boxscores-traditional?Season=2014-15&SeasonType=Regular%20Season&TeamID=1610612741
2015,2014–15,201166,Aaron Brooks,0021400183,2014-11-21,CHI @ POR,POR,L,24.183333333333334,12,4,12,2,5,2,2,1,1,2,3,1,0,3,1,-18,5.9,46.58385093167702,https://www.nba.com/stats/players/boxscores-traditional?Season=2014-15&SeasonType=Regular%20Season&TeamID=1610612741
2015,2014–15,202710,Jimmy Butler III,0021400183,2014-11-21,CHI @ POR,POR,L,26.533333333333335,9,3,13,0,2,3,4,2,2,4,2,1,0,0,1,-26,4.699999999999999,30.48780487804878,https://www.nba.com/stats/players/boxscores-traditional?Season=2014-15&SeasonType=Regular%20Season&TeamID=1610612741
2015,2014–15,203503,Tony Snell,0021400183,2014-11-21,CHI @ POR,POR,L,31.0,9,3,4,1,2,2,2,0,3,3,0,2,0,1,0,2,9.299999999999999,92.21311475409836,https://www.nba.com/stats/players/boxscores-traditional?Season=2014-15&SeasonType=Regular%20Season&TeamID=1610612741
2015,2014–15,202734,E'Twaun Moore,0021400183,2014-11-21,CHI @ POR,POR,L,24.211666666666666,9,4,8,1,1,0,2,1,3,4,3,0,0,1,1,-2,6.5,50.67567567567567,https://www.nba.com/stats/players/boxscores-traditional?Season=2014-15&SeasonType=Regular%20Season&TeamID=1610612741
2015,2014–15,201149,Joakim Noah,0021400183,2014-11-21,CHI @ POR,POR,L,21.6,7,3,9,0,0,1,2,2,0,2,1,2,1,1,3,-28,4.1,35.425101214574894,https://www.nba.com/stats/players/boxscores-traditional?Season=2014-15&SeasonType=Regular%20Season&TeamID=1610612741
2015,2014–15,203926,Doug McDermott,0021400183,2014-11-21,CHI @ POR,POR,L,21.071666666666665,6,3,10,0,4,0,0,0,7,7,0,1,0,2,1,10,0.9000000000000004,30.0,https://www.nba.com/stats/players/boxscores-traditional?Season=2014-15&SeasonType=Regular%20Season&TeamID=1610612741
2015,2014–15,201959,Taj Gibson,0021400183,2014-11-21,CHI @ POR,POR,L,17.091666666666665,7,3,8,0,0,1,2,1,4,5,1,0,0,0,3,-19,3.5999999999999996,39.41441441441441,https://www.nba.com/stats/players/boxscores-traditional?Season=2014-15&SeasonType=Regular%20Season&TeamID=1610612741
2015,2014–15,1737,Nazr Mohammed,0021400183,2014-11-21,CHI @ POR,POR,L,20.191666666666666,1,0,3,0,0,1,2,2,4,6,1,0,1,1,2,11,0.7,12.886597938144332,https://www.nba.com/stats/players/boxscores-traditional?Season=2014-15&SeasonType=Regular%20Season&TeamID=1610612741
2015,2014–15,2399,Mike Dunleavy,0021400183,2014-11-21,CHI @ POR,POR,L,17.0,2,0,2,0,1,2,2,1,2,3,1,2,0,2,2,-20,1.7999999999999998,34.72222222222222,https://www.nba.com/stats/players/boxscores-traditional?Season=2014-15&SeasonType=Regular%20Season&TeamID=1610612741
2015,2014–15,203946,Cameron Bairstow,0021400183,2014-11-21,CHI @ POR,POR,L,2.0,1,0,0,0,0,1,2,1,0,1,0,0,0,0,1,0,0.8999999999999998,56.81818181818182,https://www.nba.com/stats/players/boxscores-traditional?Season=2014-15&SeasonType=Regular%20Season&TeamID=1610612741
2015,2014–15,202710,Jimmy Butler III,0021400171,2014-11-20,CHI @ SAC,SAC,L,36.63333333333333,23,11,18,0,1,1,2,4,4,8,1,2,0,3,3,-8,16.9,60.91101694915254,https://www.nba.com/stats/players/boxscores-traditional?Season=2014-15&SeasonType=Regular%20Season&TeamID=1610612741
2015,2014–15,201149,Joakim Noah,0021400171,2014-11-20,CHI @ SAC,SAC,L,37.4,10,5,13,0,0,0,0,5,6,11,6,1,1,1,5,-14,11.099999999999998,38.46153846153847,https://www.nba.com/stats/players/boxscores-traditional?Season=2014-15&SeasonType=Regular%20Season&TeamID=1610612741
2015,2014–15,201959,Taj Gibson,0021400171,2014-11-20,CHI @ SAC,SAC,L,33.7,12,4,9,0,0,4,5,3,5,8,1,1,1,2,5,-7,8.899999999999999,53.57142857142857,https://www.nba.com/stats/players/boxscores-traditional?Season=2014-15&SeasonType=Regular%20Season&TeamID=1610612741
2015,2014–15,2399,Mike Dunleavy,0021400171,2014-11-20,CHI @ SAC,SAC,L,34.65833333333333,12,4,13,2,7,2,2,0,2,2,3,1,0,2,2,-11,5.3999999999999995,43.22766570605187,https://www.nba.com/stats/players/boxscores-traditional?Season=2014-15&SeasonType=Regular%20Season&TeamID=1610612741
2015,2014–15,201166,Aaron Brooks,0021400171,2014-11-20,CHI @ SAC,SAC,L,24.6,12,5,10,1,2,1,3,1,1,2,4,1,0,4,4,-1,5.4,53.003533568904594,https://www.nba.com/stats/players/boxscores-traditional?Season=2014-15&SeasonType=Regular%20Season&TeamID=1610612741
2015,2014–15,2550,Kirk Hinrich,0021400171,2014-11-20,CHI @ SAC,SAC,L,28.966666666666665,9,3,11,1,4,2,2,0,3,3,7,0,0,0,3,-11,7.099999999999999,37.878787878787875,https://www.nba.com/stats/players/boxscores-traditional?Season=2014-15&SeasonType=Regular%20Season&TeamID=1610612741
2015,2014–15,202703,Nikola Mirotic,0021400171,2014-11-20,CHI @ SAC,SAC,L,18.183333333333334,7,3,6,1,3,0,0,0,5,5,0,0,2,1,4,-4,4.300000000000001,58.333333333333336,https://www.nba.com/stats/players/boxscores-traditional?Season=2014-15&SeasonType=Regular%20Season&TeamID=1610612741
2015,2014–15,203503,Tony Snell,0021400171,2014-11-20,CHI @ SAC,SAC,L,5.883333333333334,2,1,2,0,1,0,0,0,2,2,0,0,0,0,0,-4,1.6,50.0,https://www.nba.com/stats/players/boxscores-traditional?Season=2014-15&SeasonType=Regular%20Season&TeamID=1610612741
2015,2014–15,203926,Doug McDermott,0021400171,2014-11-20,CHI @ SAC,SAC,L,12.041666666666666,1,0,1,0,1,1,2,0,1,1,0,0,0,1,0,-8,-0.8,26.595744680851062,https://www.nba.com/stats/players/boxscores-traditional?Season=2014-15&SeasonType=Regular%20Season&TeamID=1610612741
2015,2014–15,202734,E'Twaun Moore,0021400171,2014-11-20,CHI @ SAC,SAC,L,1.2166666666666666,0,0,1,0,0,0,0,0,0,0,1,0,0,0,0,-2,0.0,0.0,https://www.nba.com/stats/players/boxscores-traditional?Season=2014-15&SeasonType=Regular%20Season&TeamID=1610612741
2015,2014–15,1737,Nazr Mohammed,0021400171,2014-11-20,CHI @ SAC,SAC,L,1.2166666666666666,0,0,0,0,0,0,0,0,0,0,0,0,0,0,0,-2,0.0,0.0,https://www.nba.com/stats/players/boxscores-traditional?Season=2014-15&SeasonType=Regular%20Season&TeamID=1610612741
2015,2014–15,203946,Cameron Bairstow,0021400171,2014-11-20,CHI @ SAC,SAC,L,5.5,0,0,0,0,0,0,0,0,0,0,0,0,0,0,0,-3,0.0,0.0,https://www.nba.com/stats/players/boxscores-traditional?Season=2014-15&SeasonType=Regular%20Season&TeamID=1610612741
2015,2014–15,202710,Jimmy Butler III,0021400154,2014-11-17,CHI @ LAC,LAC,W,45.28333333333333,22,6,17,1,4,9,10,2,4,6,8,2,0,3,2,26,18.499999999999996,51.40186915887851,https://www.nba.com/stats/players/boxscores-traditional?Season=2014-15&SeasonType=Regular%20Season&TeamID=1610612741
2015,2014–15,201959,Taj Gibson,0021400154,2014-11-17,CHI @ LAC,LAC,W,41.21666666666667,20,9,13,0,0,2,4,1,4,5,6,1,2,0,5,23,20.2,67.75067750677508,https://www.nba.com/stats/players/boxscores-traditional?Season=2014-15&SeasonType=Regular%20Season&TeamID=1610612741
2015,2014–15,201149,Joakim Noah,0021400154,2014-11-17,CHI @ LAC,LAC,W,36.36666666666667,11,5,8,0,0,1,2,3,13,16,6,0,0,1,4,13,14.6,61.936936936936924,https://www.nba.com/stats/players/boxscores-traditional?Season=2014-15&SeasonType=Regular%20Season&TeamID=1610612741
2015,2014–15,2550,Kirk Hinrich,0021400154,2014-11-17,CHI @ LAC,LAC,W,33.65,14,5,12,4,6,0,0,1,1,2,5,3,0,3,5,6,10.100000000000001,58.333333333333336,https://www.nba.com/stats/players/boxscores-traditional?Season=2014-15&SeasonType=Regular%20Season&TeamID=1610612741
2015,2014–15,2399,Mike Dunleavy,0021400154,2014-11-17,CHI @ LAC,LAC,W,35.235,19,6,10,4,7,3,5,1,6,7,0,0,0,1,1,30,14.699999999999998,77.86885245901641,https://www.nba.com/stats/players/boxscores-traditional?Season=2014-15&SeasonType=Regular%20Season&TeamID=1610612741
2015,2014–15,202703,Nikola Mirotic,0021400154,2014-11-17,CHI @ LAC,LAC,W,18.416666666666668,12,5,10,1,4,1,2,1,6,7,2,0,0,0,5,-4,8.5,55.147058823529406,https://www.nba.com/stats/players/boxscores-traditional?Season=2014-15&SeasonType=Regular%20Season&TeamID=1610612741
2015,2014–15,201166,Aaron Brooks,0021400154,2014-11-17,CHI @ LAC,LAC,W,19.531666666666666,7,3,8,0,3,1,2,0,0,0,1,1,0,0,1,-2,3.4999999999999996,39.41441441441441,https://www.nba.com/stats/players/boxscores-traditional?Season=2014-15&SeasonType=Regular%20Season&TeamID=1610612741
2015,2014–15,203926,Doug McDermott,0021400154,2014-11-17,CHI @ LAC,LAC,W,10.216666666666667,0,0,2,0,2,0,0,0,2,2,0,0,0,0,1,-12,-1.2,0.0,https://www.nba.com/stats/players/boxscores-traditional?Season=2014-15&SeasonType=Regular%20Season&TeamID=1610612741
2015,2014–15,202734,E'Twaun Moore,0021400154,2014-11-17,CHI @ LAC,LAC,W,0.08333333333333333,0,0,0,0,0,0,0,0,0,0,0,0,0,0,0,0,0.0,0.0,https://www.nba.com/stats/players/boxscores-traditional?Season=2014-15&SeasonType=Regular%20Season&TeamID=1610612741
2015,2014–15,202710,Jimmy Butler III,0021400135,2014-11-15,CHI vs. IND,IND,L,40.983333333333334,32,10,17,1,2,11,14,2,4,6,1,2,1,1,0,3,27.9,69.08462867012089,https://www.nba.com/stats/players/boxscores-traditional?Season=2014-15&SeasonType=Regular%20Season&TeamID=1610612741
2015,2014–15,2550,Kirk Hinrich,0021400135,2014-11-15,CHI vs. IND,IND,L,31.65,15,7,17,1,4,0,0,0,2,2,7,1,0,3,3,1,8.200000000000003,44.11764705882353,https://www.nba.com/stats/players/boxscores-traditional?Season=2014-15&SeasonType=Regular%20Season&TeamID=1610612741
2015,2014–15,2200,Pau Gasol,0021400135,2014-11-15,CHI vs. IND,IND,L,33.803333333333335,12,4,15,0,0,4,4,4,2,6,1,0,3,0,3,4,8.099999999999998,35.79952267303103,https://www.nba.com/stats/players/boxscores-traditional?Season=2014-15&SeasonType=Regular%20Season&TeamID=1610612741
2015,2014–15,201149,Joakim Noah,0021400135,2014-11-15,CHI vs. IND,IND,L,31.946666666666665,7,3,4,0,0,1,2,1,3,4,6,0,2,0,2,-12,11.399999999999999,71.72131147540983,https://www.nba.com/stats/players/boxscores-traditional?Season=2014-15&SeasonType=Regular%20Season&TeamID=1610612741
2015,2014–15,201959,Taj Gibson,0021400135,2014-11-15,CHI vs. IND,IND,L,24.866666666666667,2,1,6,0,0,0,0,2,4,6,0,2,0,2,3,-6,-0.39999999999999947,16.666666666666664,https://www.nba.com/stats/players/boxscores-traditional?Season=2014-15&SeasonType=Regular%20Season&TeamID=1610612741
2015,2014–15,2399,Mike Dunleavy,0021400135,2014-11-15,CHI vs. IND,IND,L,27.383333333333333,4,2,7,0,3,0,0,0,6,6,1,0,0,1,2,0,0.6000000000000003,28.57142857142857,https://www.nba.com/stats/players/boxscores-traditional?Season=2014-15&SeasonType=Regular%20Season&TeamID=1610612741
2015,2014–15,203926,Doug McDermott,0021400135,2014-11-15,CHI vs. IND,IND,L,13.836666666666666,7,3,4,1,1,0,0,0,1,1,0,1,0,3,1,-17,3.299999999999999,87.5,https://www.nba.com/stats/players/boxscores-traditional?Season=2014-15&SeasonType=Regular%20Season&TeamID=1610612741
2015,2014–15,201166,Aaron Brooks,0021400135,2014-11-15,CHI vs. IND,IND,L,17.85,6,3,6,0,2,0,2,0,2,2,1,0,0,3,3,-13,-0.6999999999999993,43.604651162790695,https://www.nba.com/stats/players/boxscores-traditional?Season=2014-15&SeasonType=Regular%20Season&TeamID=1610612741
2015,2014–15,203503,Tony Snell,0021400135,2014-11-15,CHI vs. IND,IND,L,12.296666666666667,3,1,4,1,3,0,0,1,0,1,1,0,0,0,1,-1,1.6,37.5,https://www.nba.com/stats/players/boxscores-traditional?Season=2014-15&SeasonType=Regular%20Season&TeamID=1610612741
2015,2014–15,202703,Nikola Mirotic,0021400135,2014-11-15,CHI vs. IND,IND,L,5.383333333333334,2,1,3,0,2,0,1,0,0,0,0,0,1,0,1,-4,0.20000000000000018,29.069767441860467,https://www.nba.com/stats/players/boxscores-traditional?Season=2014-15&SeasonType=Regular%20Season&TeamID=1610612741
2015,2014–15,2200,Pau Gasol,0021400119,2014-11-13,CHI @ TOR,TOR,W,35.016666666666666,27,12,19,0,0,3,4,2,9,11,2,1,3,2,2,11,23.899999999999995,65.02890173410404,https://www.nba.com/stats/players/boxscores-traditional?Season=2014-15&SeasonType=Regular%20Season&TeamID=1610612741
2015,2014–15,202710,Jimmy Butler III,0021400119,2014-11-13,CHI @ TOR,TOR,W,39.78333333333333,21,7,10,1,3,6,8,0,9,9,6,0,1,1,3,17,21.4,77.66272189349112,https://www.nba.com/stats/players/boxscores-traditional?Season=2014-15&SeasonType=Regular%20Season&TeamID=1610612741
2015,2014–15,201149,Joakim Noah,0021400119,2014-11-13,CHI @ TOR,TOR,W,32.61666666666667,6,3,5,0,0,0,2,3,5,8,6,3,1,0,3,7,13.2,51.02040816326531,https://www.nba.com/stats/players/boxscores-traditional?Season=2014-15&SeasonType=Regular%20Season&TeamID=1610612741
2015,2014–15,201565,Derrick Rose,0021400119,2014-11-13,CHI @ TOR,TOR,W,29.85,20,5,14,1,5,9,10,2,1,3,4,0,0,5,0,1,11.3,54.34782608695653,https://www.nba.com/stats/players/boxscores-traditional?Season=2014-15&SeasonType=Regular%20Season&TeamID=1610612741
2015,2014–15,2399,Mike Dunleavy,0021400119,2014-11-13,CHI @ TOR,TOR,W,34.7,14,5,10,2,5,2,4,0,5,5,2,1,0,0,0,21,12.1,59.523809523809526,https://www.nba.com/stats/players/boxscores-traditional?Season=2014-15&SeasonType=Regular%20Season&TeamID=1610612741
2015,2014–15,201959,Taj Gibson,0021400119,2014-11-13,CHI @ TOR,TOR,W,24.116666666666667,10,5,11,0,0,0,0,5,2,7,1,1,2,3,3,5,7.300000000000001,45.45454545454545,https://www.nba.com/stats/players/boxscores-traditional?Season=2014-15&SeasonType=Regular%20Season&TeamID=1610612741
2015,2014–15,2550,Kirk Hinrich,0021400119,2014-11-13,CHI @ TOR,TOR,W,25.051666666666666,2,0,2,0,0,2,2,0,1,1,5,1,0,2,3,-1,2.2,34.72222222222222,https://www.nba.com/stats/players/boxscores-traditional?Season=2014-15&SeasonType=Regular%20Season&TeamID=1610612741
2015,2014–15,202703,Nikola Mirotic,0021400119,2014-11-13,CHI @ TOR,TOR,W,4.25,0,0,1,0,0,0,0,1,1,2,0,0,0,1,1,-9,-1.1,0.0,https://www.nba.com/stats/players/boxscores-traditional?Season=2014-15&SeasonType=Regular%20Season&TeamID=1610612741
2015,2014–15,202734,E'Twaun Moore,0021400119,2014-11-13,CHI @ TOR,TOR,W,0.09833333333333333,0,0,0,0,0,0,0,0,1,1,0,0,0,0,0,0,0.3,0.0,https://www.nba.com/stats/players/boxscores-traditional?Season=2014-15&SeasonType=Regular%20Season&TeamID=1610612741
2015,2014–15,203926,Doug McDermott,0021400119,2014-11-13,CHI @ TOR,TOR,W,5.083333333333333,0,0,1,0,1,0,2,0,1,1,0,0,0,2,0,-9,-3.2,0.0,https://www.nba.com/stats/players/boxscores-traditional?Season=2014-15&SeasonType=Regular%20Season&TeamID=1610612741
2015,2014–15,201166,Aaron Brooks,0021400119,2014-11-13,CHI @ TOR,TOR,W,9.433333333333334,0,0,4,0,1,0,0,0,0,0,0,0,0,3,3,-8,-7.0,0.0,https://www.nba.com/stats/players/boxscores-traditional?Season=2014-15&SeasonType=Regular%20Season&TeamID=1610612741
2015,2014–15,2200,Pau Gasol,0021400101,2014-11-10,CHI vs. DET,DET,W,35.3,17,8,17,0,1,1,2,3,12,15,4,1,4,1,0,14,19.2,47.53914988814318,https://www.nba.com/stats/players/boxscores-traditional?Season=2014-15&SeasonType=Regular%20Season&TeamID=1610612741
2015,2014–15,201565,Derrick Rose,0021400101,2014-11-10,CHI vs. DET,DET,W,32.1,24,9,20,2,5,4,5,0,2,2,7,1,0,3,2,14,15.899999999999999,54.054054054054056,https://www.nba.com/stats/players/boxscores-traditional?Season=2014-15&SeasonType=Regular%20Season&TeamID=1610612741
2015,2014–15,201149,Joakim Noah,0021400101,2014-11-10,CHI vs. DET,DET,W,31.55,13,5,13,0,0,3,4,2,12,14,6,0,0,0,3,14,13.5,44.03794037940379,https://www.nba.com/stats/players/boxscores-traditional?Season=2014-15&SeasonType=Regular%20Season&TeamID=1610612741
2015,2014–15,202710,Jimmy Butler III,0021400101,2014-11-10,CHI vs. DET,DET,W,42.78333333333333,19,6,12,4,7,3,3,1,3,4,1,0,0,1,1,12,13.899999999999999,71.32132132132132,https://www.nba.com/stats/players/boxscores-traditional?Season=2014-15&SeasonType=Regular%20Season&TeamID=1610612741
2015,2014–15,201959,Taj Gibson,0021400101,2014-11-10,CHI vs. DET,DET,W,23.933333333333334,8,4,7,0,0,0,0,3,4,7,1,1,1,2,2,-5,7.599999999999998,57.14285714285714,https://www.nba.com/stats/players/boxscores-traditional?Season=2014-15&SeasonType=Regular%20Season&TeamID=1610612741
2015,2014–15,201166,Aaron Brooks,0021400101,2014-11-10,CHI vs. DET,DET,W,11.083333333333334,10,3,6,1,2,3,3,0,2,2,1,2,0,2,4,-5,6.699999999999999,68.30601092896174,https://www.nba.com/stats/players/boxscores-traditional?Season=2014-15&SeasonType=Regular%20Season&TeamID=1610612741
2015,2014–15,2399,Mike Dunleavy,0021400101,2014-11-10,CHI vs. DET,DET,W,35.04666666666667,7,2,7,0,3,3,3,0,4,4,1,0,2,1,4,20,3.6000000000000014,42.06730769230769,https://www.nba.com/stats/players/boxscores-traditional?Season=2014-15&SeasonType=Regular%20Season&TeamID=1610612741
2015,2014–15,2550,Kirk Hinrich,0021400101,2014-11-10,CHI vs. DET,DET,W,17.616666666666667,4,2,5,0,1,0,0,0,1,1,1,0,0,0,1,-7,1.9,40.0,https://www.nba.com/stats/players/boxscores-traditional?Season=2014-15&SeasonType=Regular%20Season&TeamID=1610612741
2015,2014–15,202703,Nikola Mirotic,0021400101,2014-11-10,CHI vs. DET,DET,W,5.216666666666667,0,0,0,0,0,0,0,0,0,0,0,1,1,0,1,-1,1.2999999999999998,0.0,https://www.nba.com/stats/players/boxscores-traditional?Season=2014-15&SeasonType=Regular%20Season&TeamID=1610612741
2015,2014–15,203926,Doug McDermott,0021400101,2014-11-10,CHI vs. DET,DET,W,5.37,0,0,1,0,1,0,0,0,0,0,0,0,0,0,1,-1,-1.1,0.0,https://www.nba.com/stats/players/boxscores-traditional?Season=2014-15&SeasonType=Regular%20Season&TeamID=1610612741
2015,2014–15,201166,Aaron Brooks,0021400086,2014-11-08,CHI vs. BOS,BOS,L,28.186666666666667,26,9,15,4,7,4,4,0,0,0,8,0,0,2,6,9,20.300000000000004,77.56563245823388,https://www.nba.com/stats/players/boxscores-traditional?Season=2014-15&SeasonType=Regular%20Season&TeamID=1610612741
2015,2014–15,201149,Joakim Noah,0021400086,2014-11-08,CHI vs. BOS,BOS,L,31.433333333333334,13,6,13,0,0,1,2,5,6,11,6,1,0,3,2,-10,12.599999999999998,46.829971181556196,https://www.nba.com/stats/players/boxscores-traditional?Season=2014-15&SeasonType=Regular%20Season&TeamID=1610612741
2015,2014–15,2200,Pau Gasol,0021400086,2014-11-08,CHI vs. BOS,BOS,L,31.233333333333334,19,8,17,0,1,3,5,2,7,9,3,0,0,2,1,-6,12.7,49.47916666666667,https://www.nba.com/stats/players/boxscores-traditional?Season=2014-15&SeasonType=Regular%20Season&TeamID=1610612741
2015,2014–15,202710,Jimmy Butler III,0021400086,2014-11-08,CHI vs. BOS,BOS,L,38.21666666666667,16,7,16,1,3,1,1,1,4,5,2,2,0,0,1,4,12.5,48.661800486618,https://www.nba.com/stats/players/boxscores-traditional?Season=2014-15&SeasonType=Regular%20Season&TeamID=1610612741
2015,2014–15,2399,Mike Dunleavy,0021400086,2014-11-08,CHI vs. BOS,BOS,L,27.598333333333333,13,5,10,3,7,0,0,1,3,4,1,1,0,0,1,-7,10.899999999999999,65.0,https://www.nba.com/stats/players/boxscores-traditional?Season=2014-15&SeasonType=Regular%20Season&TeamID=1610612741
2015,2014–15,201959,Taj Gibson,0021400086,2014-11-08,CHI vs. BOS,BOS,L,28.333333333333332,8,4,9,0,0,0,2,2,2,4,1,0,2,0,2,10,5.8,40.48582995951417,https://www.nba.com/stats/players/boxscores-traditional?Season=2014-15&SeasonType=Regular%20Season&TeamID=1610612741
2015,2014–15,203926,Doug McDermott,0021400086,2014-11-08,CHI vs. BOS,BOS,L,15.1,6,3,4,0,0,0,1,0,3,3,0,0,0,1,1,-7,3.5,67.56756756756756,https://www.nba.com/stats/players/boxscores-traditional?Season=2014-15&SeasonType=Regular%20Season&TeamID=1610612741
2015,2014–15,2550,Kirk Hinrich,0021400086,2014-11-08,CHI vs. BOS,BOS,L,28.081666666666667,0,0,7,0,0,0,0,0,1,1,5,1,0,0,0,-5,-0.09999999999999964,0.0,https://www.nba.com/stats/players/boxscores-traditional?Season=2014-15&SeasonType=Regular%20Season&TeamID=1610612741
2015,2014–15,203503,Tony Snell,0021400086,2014-11-08,CHI vs. BOS,BOS,L,6.816666666666666,0,0,1,0,0,0,0,0,1,1,0,0,0,0,0,-9,-0.39999999999999997,0.0,https://www.nba.com/stats/players/boxscores-traditional?Season=2014-15&SeasonType=Regular%20Season&TeamID=1610612741
2015,2014–15,202703,Nikola Mirotic,0021400086,2014-11-08,CHI vs. BOS,BOS,L,5.0,0,0,0,0,0,0,0,0,0,0,0,0,0,0,2,-4,-0.8,0.0,https://www.nba.com/stats/players/boxscores-traditional?Season=2014-15&SeasonType=Regular%20Season&TeamID=1610612741
2015,2014–15,202710,Jimmy Butler III,0021400073,2014-11-07,CHI @ PHI,PHI,W,40.30166666666667,23,8,15,1,3,6,6,4,3,7,5,1,1,1,4,15,21.999999999999996,65.19274376417233,https://www.nba.com/stats/players/boxscores-traditional?Season=2014-15&SeasonType=Regular%20Season&TeamID=1610612741
2015,2014–15,2399,Mike Dunleavy,0021400073,2014-11-07,CHI @ PHI,PHI,W,30.866666666666667,27,9,15,5,8,4,5,0,3,3,3,0,1,1,0,18,22.400000000000002,78.48837209302326,https://www.nba.com/stats/players/boxscores-traditional?Season=2014-15&SeasonType=Regular%20Season&TeamID=1610612741
2015,2014–15,2200,Pau Gasol,0021400073,2014-11-07,CHI @ PHI,PHI,W,34.38333333333333,17,6,11,0,0,5,5,2,10,12,1,1,2,4,2,22,14.399999999999999,64.39393939393939,https://www.nba.com/stats/players/boxscores-traditional?Season=2014-15&SeasonType=Regular%20Season&TeamID=1610612741
2015,2014–15,2550,Kirk Hinrich,0021400073,2014-11-07,CHI @ PHI,PHI,W,31.5,13,3,12,1,4,6,10,0,3,3,7,1,0,5,2,4,5.199999999999999,39.63414634146341,https://www.nba.com/stats/players/boxscores-traditional?Season=2014-15&SeasonType=Regular%20Season&TeamID=1610612741
2015,2014–15,201959,Taj Gibson,0021400073,2014-11-07,CHI @ PHI,PHI,W,23.083333333333332,11,5,6,0,0,1,2,1,2,3,3,0,1,1,4,-13,9.899999999999999,79.94186046511628,https://www.nba.com/stats/players/boxscores-traditional?Season=2014-15&SeasonType=Regular%20Season&TeamID=1610612741
2015,2014–15,201166,Aaron Brooks,0021400073,2014-11-07,CHI @ PHI,PHI,W,16.548333333333332,10,4,8,2,4,0,0,0,1,1,4,1,0,1,0,1,9.1,62.5,https://www.nba.com/stats/players/boxscores-traditional?Season=2014-15&SeasonType=Regular%20Season&TeamID=1610612741
2015,2014–15,201149,Joakim Noah,0021400073,2014-11-07,CHI @ PHI,PHI,W,30.616666666666667,5,1,4,0,0,3,4,4,5,9,2,0,1,2,5,5,4.6,43.40277777777778,https://www.nba.com/stats/players/boxscores-traditional?Season=2014-15&SeasonType=Regular%20Season&TeamID=1610612741
2015,2014–15,203926,Doug McDermott,0021400073,2014-11-07,CHI @ PHI,PHI,W,17.133333333333333,8,3,4,2,3,0,0,0,1,1,0,0,0,2,1,-15,4.299999999999999,100.0,https://www.nba.com/stats/players/boxscores-traditional?Season=2014-15&SeasonType=Regular%20Season&TeamID=1610612741
2015,2014–15,203503,Tony Snell,0021400073,2014-11-07,CHI @ PHI,PHI,W,7.65,3,1,1,1,1,0,0,0,0,0,0,0,0,0,1,-14,2.3000000000000003,150.0,https://www.nba.com/stats/players/boxscores-traditional?Season=2014-15&SeasonType=Regular%20Season&TeamID=1610612741
2015,2014–15,202703,Nikola Mirotic,0021400073,2014-11-07,CHI @ PHI,PHI,W,7.916666666666667,1,0,2,0,1,1,2,1,0,1,0,0,0,0,2,-8,-0.9,17.36111111111111,https://www.nba.com/stats/players/boxscores-traditional?Season=2014-15&SeasonType=Regular%20Season&TeamID=1610612741
2015,2014–15,2200,Pau Gasol,0021400062,2014-11-05,CHI @ MIL,MIL,W,35.835,22,8,14,0,0,6,7,2,12,14,1,0,1,2,2,8,18.599999999999998,64.40281030444966,https://www.nba.com/stats/players/boxscores-traditional?Season=2014-15&SeasonType=Regular%20Season&TeamID=1610612741
2015,2014–15,201959,Taj Gibson,0021400062,2014-11-05,CHI @ MIL,MIL,W,43.55,23,9,17,0,0,5,9,3,7,10,2,1,0,1,1,19,18.300000000000004,54.86641221374045,https://www.nba.com/stats/players/boxscores-traditional?Season=2014-15&SeasonType=Regular%20Season&TeamID=1610612741
2015,2014–15,202710,Jimmy Butler III,0021400062,2014-11-05,CHI @ MIL,MIL,W,41.1,14,5,8,0,0,4,4,1,5,6,7,4,0,4,3,15,16.3,71.72131147540983,https://www.nba.com/stats/players/boxscores-traditional?Season=2014-15&SeasonType=Regular%20Season&TeamID=1610612741
2015,2014–15,201565,Derrick Rose,0021400062,2014-11-05,CHI @ MIL,MIL,W,31.2,13,4,10,2,5,3,4,0,2,2,7,2,0,4,2,19,9.899999999999999,55.27210884353742,https://www.nba.com/stats/players/boxscores-traditional?Season=2014-15&SeasonType=Regular%20Season&TeamID=1610612741
2015,2014–15,2399,Mike Dunleavy,0021400062,2014-11-05,CHI @ MIL,MIL,W,23.3,12,4,7,1,4,3,4,0,2,2,3,0,1,1,0,14,10.699999999999998,68.4931506849315,https://www.nba.com/stats/players/boxscores-traditional?Season=2014-15&SeasonType=Regular%20Season&TeamID=1610612741
2015,2014–15,2550,Kirk Hinrich,0021400062,2014-11-05,CHI @ MIL,MIL,W,28.15,7,2,6,2,6,1,2,0,0,0,2,1,0,0,3,-1,4.400000000000001,50.872093023255815,https://www.nba.com/stats/players/boxscores-traditional?Season=2014-15&SeasonType=Regular%20Season&TeamID=1610612741
2015,2014–15,202703,Nikola Mirotic,0021400062,2014-11-05,CHI @ MIL,MIL,W,16.25,2,1,6,0,0,0,0,0,3,3,1,0,1,2,3,-9,-2.6999999999999997,16.666666666666664,https://www.nba.com/stats/players/boxscores-traditional?Season=2014-15&SeasonType=Regular%20Season&TeamID=1610612741
2015,2014–15,201166,Aaron Brooks,0021400062,2014-11-05,CHI @ MIL,MIL,W,13.35,2,1,5,0,1,0,0,1,2,3,1,0,0,2,2,-14,-1.9000000000000004,20.0,https://www.nba.com/stats/players/boxscores-traditional?Season=2014-15&SeasonType=Regular%20Season&TeamID=1610612741
2015,2014–15,203926,Doug McDermott,0021400062,2014-11-05,CHI @ MIL,MIL,W,6.9,0,0,0,0,0,0,0,0,2,2,0,0,0,0,2,-6,-0.20000000000000007,0.0,https://www.nba.com/stats/players/boxscores-traditional?Season=2014-15&SeasonType=Regular%20Season&TeamID=1610612741
2015,2014–15,203503,Tony Snell,0021400062,2014-11-05,CHI @ MIL,MIL,W,0.365,0,0,0,0,0,0,0,0,0,0,0,0,0,0,0,0,0.0,0.0,https://www.nba.com/stats/players/boxscores-traditional?Season=2014-15&SeasonType=Regular%20Season&TeamID=1610612741
2015,2014–15,202710,Jimmy Butler III,0021400053,2014-11-04,CHI vs. ORL,ORL,W,35.03333333333333,21,7,15,0,2,7,11,3,6,9,3,1,2,2,2,-1,17.3,52.9233870967742,https://www.nba.com/stats/players/boxscores-traditional?Season=2014-15&SeasonType=Regular%20Season&TeamID=1610612741
2015,2014–15,2200,Pau Gasol,0021400053,2014-11-04,CHI vs. ORL,ORL,W,40.983333333333334,16,7,16,0,0,2,4,2,11,13,2,1,2,1,2,1,13.5,45.04504504504504,https://www.nba.com/stats/players/boxscores-traditional?Season=2014-15&SeasonType=Regular%20Season&TeamID=1610612741
2015,2014–15,201166,Aaron Brooks,0021400053,2014-11-04,CHI vs. ORL,ORL,W,29.843333333333334,13,5,11,2,2,1,1,1,1,2,8,0,3,2,2,10,13.2,56.81818181818182,https://www.nba.com/stats/players/boxscores-traditional?Season=2014-15&SeasonType=Regular%20Season&TeamID=1610612741
2015,2014–15,201959,Taj Gibson,0021400053,2014-11-04,CHI vs. ORL,ORL,W,32.36666666666667,16,6,12,0,0,4,4,2,2,4,1,1,2,1,5,6,12.1,58.139534883720934,https://www.nba.com/stats/players/boxscores-traditional?Season=2014-15&SeasonType=Regular%20Season&TeamID=1610612741
2015,2014–15,202703,Nikola Mirotic,0021400053,2014-11-04,CHI vs. ORL,ORL,W,22.65,8,2,5,2,4,2,2,0,6,6,4,1,0,1,3,9,8.700000000000003,68.02721088435374,https://www.nba.com/stats/players/boxscores-traditional?Season=2014-15&SeasonType=Regular%20Season&TeamID=1610612741
2015,2014–15,2550,Kirk Hinrich,0021400053,2014-11-04,CHI vs. ORL,ORL,W,30.4,5,2,6,1,3,0,0,0,3,3,3,2,0,3,2,5,2.8,41.66666666666667,https://www.nba.com/stats/players/boxscores-traditional?Season=2014-15&SeasonType=Regular%20Season&TeamID=1610612741
2015,2014–15,203926,Doug McDermott,0021400053,2014-11-04,CHI vs. ORL,ORL,W,11.643333333333333,12,4,6,1,2,3,3,0,1,1,0,0,0,0,0,1,9.700000000000001,81.9672131147541,https://www.nba.com/stats/players/boxscores-traditional?Season=2014-15&SeasonType=Regular%20Season&TeamID=1610612741
2015,2014–15,2399,Mike Dunleavy,0021400053,2014-11-04,CHI vs. ORL,ORL,W,21.933333333333334,3,1,3,1,2,0,0,1,2,3,2,0,0,2,2,2,1.2000000000000002,50.0,https://www.nba.com/stats/players/boxscores-traditional?Season=2014-15&SeasonType=Regular%20Season&TeamID=1610612741
2015,2014–15,203503,Tony Snell,0021400053,2014-11-04,CHI vs. ORL,ORL,W,14.69,4,1,1,0,0,2,2,1,2,3,0,0,0,0,0,9,5.0,106.38297872340425,https://www.nba.com/stats/players/boxscores-traditional?Season=2014-15&SeasonType=Regular%20Season&TeamID=1610612741
2015,2014–15,202734,E'Twaun Moore,0021400053,2014-11-04,CHI vs. ORL,ORL,W,0.45666666666666667,0,0,0,0,0,0,0,0,0,0,0,0,0,0,0,-2,0.0,0.0,https://www.nba.com/stats/players/boxscores-traditional?Season=2014-15&SeasonType=Regular%20Season&TeamID=1610612741
2015,2014–15,2200,Pau Gasol,0021400035,2014-11-01,CHI @ MIN,MIN,W,35.81666666666667,20,7,12,0,0,6,9,1,5,6,2,0,4,5,3,-8,13.400000000000002,62.65664160401002,https://www.nba.com/stats/players/boxscores-traditional?Season=2014-15&SeasonType=Regular%20Season&TeamID=1610612741
2015,2014–15,202710,Jimmy Butler III,0021400035,2014-11-01,CHI @ MIN,MIN,W,39.46666666666667,24,6,12,1,3,11,15,1,3,4,2,1,1,2,3,-7,17.899999999999995,64.51612903225806,https://www.nba.com/stats/players/boxscores-traditional?Season=2014-15&SeasonType=Regular%20Season&TeamID=1610612741
2015,2014–15,201149,Joakim Noah,0021400035,2014-11-01,CHI @ MIN,MIN,W,31.916666666666668,8,4,7,0,0,0,0,3,8,11,3,0,2,2,2,2,9.899999999999999,57.14285714285714,https://www.nba.com/stats/players/boxscores-traditional?Season=2014-15&SeasonType=Regular%20Season&TeamID=1610612741
2015,2014–15,201166,Aaron Brooks,0021400035,2014-11-01,CHI @ MIN,MIN,W,22.803333333333335,16,6,11,3,4,1,1,0,2,2,5,0,0,3,2,2,10.999999999999998,69.93006993006993,https://www.nba.com/stats/players/boxscores-traditional?Season=2014-15&SeasonType=Regular%20Season&TeamID=1610612741
2015,2014–15,202703,Nikola Mirotic,0021400035,2014-11-01,CHI @ MIN,MIN,W,28.266666666666666,12,3,6,2,5,4,4,0,8,8,1,0,1,1,3,8,10.599999999999998,77.31958762886599,https://www.nba.com/stats/players/boxscores-traditional?Season=2014-15&SeasonType=Regular%20Season&TeamID=1610612741
2015,2014–15,2399,Mike Dunleavy,0021400035,2014-11-01,CHI @ MIN,MIN,W,34.483333333333334,13,3,8,3,7,4,5,0,1,1,0,1,0,0,3,2,8.3,63.72549019607844,https://www.nba.com/stats/players/boxscores-traditional?Season=2014-15&SeasonType=Regular%20Season&TeamID=1610612741
2015,2014–15,2550,Kirk Hinrich,0021400035,2014-11-01,CHI @ MIN,MIN,W,28.033333333333335,11,3,8,0,2,5,6,0,2,2,2,1,0,1,5,0,6.199999999999999,51.691729323308266,https://www.nba.com/stats/players/boxscores-traditional?Season=2014-15&SeasonType=Regular%20Season&TeamID=1610612741
2015,2014–15,203503,Tony Snell,0021400035,2014-11-01,CHI @ MIN,MIN,W,7.533333333333333,0,0,1,0,0,0,0,0,3,3,0,0,0,0,1,0,-0.20000000000000007,0.0,https://www.nba.com/stats/players/boxscores-traditional?Season=2014-15&SeasonType=Regular%20Season&TeamID=1610612741
2015,2014–15,203926,Doug McDermott,0021400035,2014-11-01,CHI @ MIN,MIN,W,11.383333333333333,2,1,4,0,2,0,0,0,1,1,0,0,0,0,2,6,-0.8999999999999999,25.0,https://www.nba.com/stats/players/boxscores-traditional?Season=2014-15&SeasonType=Regular%20Season&TeamID=1610612741
2015,2014–15,202734,E'Twaun Moore,0021400035,2014-11-01,CHI @ MIN,MIN,W,0.2966666666666667,0,0,0,0,0,0,0,0,0,0,0,0,0,0,0,0,0.0,0.0,https://www.nba.com/stats/players/boxscores-traditional?Season=2014-15&SeasonType=Regular%20Season&TeamID=1610612741
2015,2014–15,2399,Mike Dunleavy,0021400022,2014-10-31,CHI vs. CLE,CLE,L,39.983333333333334,14,5,10,4,7,0,0,0,9,9,8,1,2,3,5,-1,14.699999999999996,70.0,https://www.nba.com/stats/players/boxscores-traditional?Season=2014-15&SeasonType=Regular%20Season&TeamID=1610612741
2015,2014–15,2200,Pau Gasol,0021400022,2014-10-31,CHI vs. CLE,CLE,L,36.50833333333333,15,6,18,0,0,3,3,1,8,9,3,0,6,3,0,0,11.199999999999998,38.81987577639752,https://www.nba.com/stats/players/boxscores-traditional?Season=2014-15&SeasonType=Regular%20Season&TeamID=1610612741
2015,2014–15,201149,Joakim Noah,0021400022,2014-10-31,CHI vs. CLE,CLE,L,37.325,8,3,7,0,0,2,2,2,11,13,4,0,3,4,6,12,7.5,50.76142131979695,https://www.nba.com/stats/players/boxscores-traditional?Season=2014-15&SeasonType=Regular%20Season&TeamID=1610612741
2015,2014–15,2550,Kirk Hinrich,0021400022,2014-10-31,CHI vs. CLE,CLE,L,34.166666666666664,20,7,11,3,5,3,5,1,1,2,1,2,0,1,3,2,15.8,75.75757575757575,https://www.nba.com/stats/players/boxscores-traditional?Season=2014-15&SeasonType=Regular%20Season&TeamID=1610612741
2015,2014–15,201565,Derrick Rose,0021400022,2014-10-31,CHI vs. CLE,CLE,L,25.3,20,8,16,2,6,2,3,3,1,4,4,0,0,2,1,8,14.400000000000002,57.736720554272516,https://www.nba.com/stats/players/boxscores-traditional?Season=2014-15&SeasonType=Regular%20Season&TeamID=1610612741
2015,2014–15,201166,Aaron Brooks,0021400022,2014-10-31,CHI vs. CLE,CLE,L,19.716666666666665,11,4,8,2,5,1,2,0,1,1,2,1,0,4,3,-9,4.099999999999998,61.936936936936924,https://www.nba.com/stats/players/boxscores-traditional?Season=2014-15&SeasonType=Regular%20Season&TeamID=1610612741
2015,2014–15,201959,Taj Gibson,0021400022,2014-10-31,CHI vs. CLE,CLE,L,27.983333333333334,10,5,9,0,0,0,0,3,0,3,2,0,1,1,5,-18,6.899999999999999,55.55555555555556,https://www.nba.com/stats/players/boxscores-traditional?Season=2014-15&SeasonType=Regular%20Season&TeamID=1610612741
2015,2014–15,203503,Tony Snell,0021400022,2014-10-31,CHI vs. CLE,CLE,L,22.933333333333334,10,3,8,2,5,2,2,1,0,1,1,0,1,1,3,-8,5.5,56.3063063063063,https://www.nba.com/stats/players/boxscores-traditional?Season=2014-15&SeasonType=Regular%20Season&TeamID=1610612741
2015,2014–15,203926,Doug McDermott,0021400022,2014-10-31,CHI vs. CLE,CLE,L,16.9,0,0,3,0,3,0,0,0,0,0,0,0,1,0,1,-10,-1.7999999999999998,0.0,https://www.nba.com/stats/players/boxscores-traditional?Season=2014-15&SeasonType=Regular%20Season&TeamID=1610612741
2015,2014–15,202703,Nikola Mirotic,0021400022,2014-10-31,CHI vs. CLE,CLE,L,4.183333333333334,0,0,0,0,0,0,0,0,0,0,0,0,0,0,1,-6,-0.4,0.0,https://www.nba.com/stats/players/boxscores-traditional?Season=2014-15&SeasonType=Regular%20Season&TeamID=1610612741
2015,2014–15,201959,Taj Gibson,0021400010,2014-10-29,CHI @ NYK,NYK,W,28.183333333333334,22,10,12,0,0,2,4,3,5,8,1,1,1,0,1,28,22.4,79.94186046511628,https://www.nba.com/stats/players/boxscores-traditional?Season=2014-15&SeasonType=Regular%20Season&TeamID=1610612741
2015,2014–15,2200,Pau Gasol,0021400010,2014-10-29,CHI @ NYK,NYK,W,29.166666666666668,21,7,11,0,0,7,8,4,7,11,0,0,0,1,1,15,19.200000000000003,72.31404958677686,https://www.nba.com/stats/players/boxscores-traditional?Season=2014-15&SeasonType=Regular%20Season&TeamID=1610612741
2015,2014–15,201565,Derrick Rose,0021400010,2014-10-29,CHI @ NYK,NYK,W,21.35,13,3,7,0,3,7,8,0,3,3,5,2,0,3,2,4,11.5,61.78707224334601,https://www.nba.com/stats/players/boxscores-traditional?Season=2014-15&SeasonType=Regular%20Season&TeamID=1610612741
2015,2014–15,201166,Aaron Brooks,0021400010,2014-10-29,CHI @ NYK,NYK,W,23.65,13,4,5,1,1,4,4,0,2,2,6,1,0,1,3,25,14.7,96.15384615384616,https://www.nba.com/stats/players/boxscores-traditional?Season=2014-15&SeasonType=Regular%20Season&TeamID=1610612741
2015,2014–15,203926,Doug McDermott,0021400010,2014-10-29,CHI @ NYK,NYK,W,24.3,12,5,9,2,5,0,0,1,4,5,2,1,0,1,2,16,10.2,66.66666666666666,https://www.nba.com/stats/players/boxscores-traditional?Season=2014-15&SeasonType=Regular%20Season&TeamID=1610612741
2015,2014–15,2550,Kirk Hinrich,0021400010,2014-10-29,CHI @ NYK,NYK,W,23.7,12,4,10,3,7,1,1,0,1,1,0,1,0,2,3,8,4.699999999999999,57.4712643678161,https://www.nba.com/stats/players/boxscores-traditional?Season=2014-15&SeasonType=Regular%20Season&TeamID=1610612741
2015,2014–15,201149,Joakim Noah,0021400010,2014-10-29,CHI @ NYK,NYK,W,19.85,3,1,4,0,0,1,2,2,4,6,2,0,3,2,2,3,3.499999999999999,30.737704918032787,https://www.nba.com/stats/players/boxscores-traditional?Season=2014-15&SeasonType=Regular%20Season&TeamID=1610612741
2015,2014–15,202703,Nikola Mirotic,0021400010,2014-10-29,CHI @ NYK,NYK,W,15.283333333333333,5,1,2,1,2,2,2,0,7,7,1,1,0,2,2,9,5.0,86.80555555555556,https://www.nba.com/stats/players/boxscores-traditional?Season=2014-15&SeasonType=Regular%20Season&TeamID=1610612741
2015,2014–15,2399,Mike Dunleavy,0021400010,2014-10-29,CHI @ NYK,NYK,W,31.016666666666666,0,0,5,0,4,0,0,0,3,3,4,1,0,1,1,17,-0.2000000000000003,0.0,https://www.nba.com/stats/players/boxscores-traditional?Season=2014-15&SeasonType=Regular%20Season&TeamID=1610612741
2015,2014–15,203503,Tony Snell,0021400010,2014-10-29,CHI @ NYK,NYK,W,16.983333333333334,3,1,4,0,1,1,1,0,1,1,0,1,0,1,1,7,0.5,33.78378378378378,https://www.nba.com/stats/players/boxscores-traditional?Season=2014-15&SeasonType=Regular%20Season&TeamID=1610612741
2015,2014–15,202734,E'Twaun Moore,0021400010,2014-10-29,CHI @ NYK,NYK,W,3.0,0,0,1,0,1,0,0,0,0,0,0,0,0,0,0,-5,-0.7,0.0,https://www.nba.com/stats/players/boxscores-traditional?Season=2014-15&SeasonType=Regular%20Season&TeamID=1610612741
2015,2014–15,203946,Cameron Bairstow,0021400010,2014-10-29,CHI @ NYK,NYK,W,3.5166666666666666,0,0,1,0,0,0,0,0,0,0,0,0,0,1,0,-7,-1.7,0.0,https://www.nba.com/stats/players/boxscores-traditional?Season=2014-15&SeasonType=Regular%20Season&TeamID=1610612741
