season_end_year,season,player_id,player,game_id,game_date,matchup,opponent,result,minutes,points,fgm,fga,fg3m,fg3a,ftm,fta,oreb,dreb,reb,ast,stl,blk,tov,pf,plus_minus,game_score,ts_pct,player_source_url
2019,2018–19,1627215,Walt Lemon Jr.,0021801224,2019-04-10,CHI @ PHI,PHI,L,28.283333333333335,20,9,19,2,2,0,0,2,4,6,4,0,0,2,2,-7,12.900000000000002,52.63157894736842,https://www.nba.com/stats/players/boxscores-traditional?Season=2018-19&SeasonType=Regular%20Season&TeamID=1610612741
2019,2018–19,1627853,Ryan Arcidiacono,0021801224,2019-04-10,CHI @ PHI,PHI,L,29.816666666666666,14,5,9,1,2,3,3,2,4,6,6,1,0,1,1,-17,16.1,67.82945736434108,https://www.nba.com/stats/players/boxscores-traditional?Season=2018-19&SeasonType=Regular%20Season&TeamID=1610612741
2019,2018–19,1627782,Wayne Selden,0021801224,2019-04-10,CHI @ PHI,PHI,L,27.641666666666666,12,5,10,2,5,0,0,1,7,8,2,0,0,2,1,-18,8.8,60.0,https://www.nba.com/stats/players/boxscores-traditional?Season=2018-19&SeasonType=Regular%20Season&TeamID=1610612741
2019,2018–19,1627789,Timothe Luwawu-Cabarrot,0021801224,2019-04-10,CHI @ PHI,PHI,L,29.575,14,5,13,1,4,3,4,0,4,4,2,0,0,0,3,-25,7.8999999999999995,47.425474254742554,https://www.nba.com/stats/players/boxscores-traditional?Season=2018-19&SeasonType=Regular%20Season&TeamID=1610612741
2019,2018–19,1629102,Brandon Sampson,0021801224,2019-04-10,CHI @ PHI,PHI,L,23.083333333333332,12,5,8,2,4,0,0,0,1,1,1,1,1,1,3,16,8.899999999999999,75.0,https://www.nba.com/stats/players/boxscores-traditional?Season=2018-19&SeasonType=Regular%20Season&TeamID=1610612741
2019,2018–19,1627885,Shaquille Harrison,0021801224,2019-04-10,CHI @ PHI,PHI,L,20.0,11,4,10,1,3,2,2,0,3,3,0,0,2,0,0,-35,7.9,50.55147058823529,https://www.nba.com/stats/players/boxscores-traditional?Season=2018-19&SeasonType=Regular%20Season&TeamID=1610612741
2019,2018–19,201577,Robin Lopez,0021801224,2019-04-10,CHI @ PHI,PHI,L,25.933333333333334,12,6,13,0,2,0,0,2,2,4,1,0,0,0,0,-31,8.0,46.15384615384615,https://www.nba.com/stats/players/boxscores-traditional?Season=2018-19&SeasonType=Regular%20Season&TeamID=1610612741
2019,2018–19,1628469,Antonio Blakeney,0021801224,2019-04-10,CHI @ PHI,PHI,L,14.383333333333333,7,3,6,0,1,1,2,0,1,1,3,1,0,0,1,12,6.6,50.872093023255815,https://www.nba.com/stats/players/boxscores-traditional?Season=2018-19&SeasonType=Regular%20Season&TeamID=1610612741
2019,2018–19,1626245,Cristiano Felicio,0021801224,2019-04-10,CHI @ PHI,PHI,L,22.066666666666666,2,1,3,0,0,0,1,2,4,6,1,1,0,0,2,15,3.4000000000000004,29.069767441860467,https://www.nba.com/stats/players/boxscores-traditional?Season=2018-19&SeasonType=Regular%20Season&TeamID=1610612741
2019,2018–19,1628959,Rawle Alkins,0021801224,2019-04-10,CHI @ PHI,PHI,L,19.216666666666665,5,2,4,0,1,1,3,0,0,0,1,0,0,1,0,10,1.9000000000000004,46.99248120300752,https://www.nba.com/stats/players/boxscores-traditional?Season=2018-19&SeasonType=Regular%20Season&TeamID=1610612741
2019,2018–19,1627885,Shaquille Harrison,0021801213,2019-04-09,CHI vs. NYK,NYK,L,27.711666666666666,13,6,12,0,1,1,2,0,7,7,3,1,2,1,1,-19,11.8,50.46583850931676,https://www.nba.com/stats/players/boxscores-traditional?Season=2018-19&SeasonType=Regular%20Season&TeamID=1610612741
2019,2018–19,1627853,Ryan Arcidiacono,0021801213,2019-04-09,CHI vs. NYK,NYK,L,32.41,14,3,9,1,4,7,8,0,6,6,3,2,0,1,3,-9,12.199999999999996,55.91054313099042,https://www.nba.com/stats/players/boxscores-traditional?Season=2018-19&SeasonType=Regular%20Season&TeamID=1610612741
2019,2018–19,203960,JaKarr Sampson,0021801213,2019-04-09,CHI vs. NYK,NYK,L,32.95,11,4,16,1,5,2,4,1,7,8,1,1,0,1,1,7,3.7,30.968468468468462,https://www.nba.com/stats/players/boxscores-traditional?Season=2018-19&SeasonType=Regular%20Season&TeamID=1610612741
2019,2018–19,201577,Robin Lopez,0021801213,2019-04-09,CHI vs. NYK,NYK,L,30.966666666666665,12,5,9,1,2,1,2,2,1,3,1,0,2,1,2,-9,9.299999999999999,60.72874493927125,https://www.nba.com/stats/players/boxscores-traditional?Season=2018-19&SeasonType=Regular%20Season&TeamID=1610612741
2019,2018–19,1629102,Brandon Sampson,0021801213,2019-04-09,CHI vs. NYK,NYK,L,22.616666666666667,9,3,7,2,3,1,2,0,1,1,0,3,0,1,1,3,6.799999999999999,57.10659898477157,https://www.nba.com/stats/players/boxscores-traditional?Season=2018-19&SeasonType=Regular%20Season&TeamID=1610612741
2019,2018–19,1627789,Timothe Luwawu-Cabarrot,0021801213,2019-04-09,CHI vs. NYK,NYK,L,24.783333333333335,10,3,8,2,5,2,2,0,4,4,0,0,0,0,5,-12,4.8,56.3063063063063,https://www.nba.com/stats/players/boxscores-traditional?Season=2018-19&SeasonType=Regular%20Season&TeamID=1610612741
2019,2018–19,1627215,Walt Lemon Jr.,0021801213,2019-04-09,CHI vs. NYK,NYK,L,18.216666666666665,9,3,9,0,0,3,3,1,3,4,2,0,0,1,3,1,4.7,43.604651162790695,https://www.nba.com/stats/players/boxscores-traditional?Season=2018-19&SeasonType=Regular%20Season&TeamID=1610612741
2019,2018–19,1626245,Cristiano Felicio,0021801213,2019-04-09,CHI vs. NYK,NYK,L,17.033333333333335,4,1,4,0,0,2,4,1,7,8,0,0,0,1,1,-1,2.2000000000000006,34.72222222222222,https://www.nba.com/stats/players/boxscores-traditional?Season=2018-19&SeasonType=Regular%20Season&TeamID=1610612741
2019,2018–19,1627782,Wayne Selden,0021801213,2019-04-09,CHI vs. NYK,NYK,L,20.411666666666665,2,1,6,0,2,0,2,0,6,6,3,0,0,0,0,-15,1.2999999999999998,14.534883720930234,https://www.nba.com/stats/players/boxscores-traditional?Season=2018-19&SeasonType=Regular%20Season&TeamID=1610612741
2019,2018–19,1628959,Rawle Alkins,0021801213,2019-04-09,CHI vs. NYK,NYK,L,12.9,2,1,3,0,0,0,0,1,2,3,1,0,0,0,1,4,1.9,33.33333333333333,https://www.nba.com/stats/players/boxscores-traditional?Season=2018-19&SeasonType=Regular%20Season&TeamID=1610612741
2019,2018–19,203960,JaKarr Sampson,0021801194,2019-04-06,CHI vs. PHI,PHI,L,35.3,29,11,17,1,5,6,7,1,7,8,1,0,2,0,1,-17,25.6,72.21115537848605,https://www.nba.com/stats/players/boxscores-traditional?Season=2018-19&SeasonType=Regular%20Season&TeamID=1610612741
2019,2018–19,1627215,Walt Lemon Jr.,0021801194,2019-04-06,CHI vs. PHI,PHI,L,30.016666666666666,8,4,16,0,2,0,0,0,8,8,5,2,0,2,2,-19,3.500000000000001,25.0,https://www.nba.com/stats/players/boxscores-traditional?Season=2018-19&SeasonType=Regular%20Season&TeamID=1610612741
2019,2018–19,1627789,Timothe Luwawu-Cabarrot,0021801194,2019-04-06,CHI vs. PHI,PHI,L,26.916666666666668,14,5,12,1,6,3,4,0,6,6,0,1,1,0,2,1,9.899999999999999,50.872093023255815,https://www.nba.com/stats/players/boxscores-traditional?Season=2018-19&SeasonType=Regular%20Season&TeamID=1610612741
2019,2018–19,1628959,Rawle Alkins,0021801194,2019-04-06,CHI vs. PHI,PHI,L,20.216666666666665,7,2,7,1,2,2,2,1,3,4,2,0,0,2,2,-20,3.1000000000000005,44.41624365482234,https://www.nba.com/stats/players/boxscores-traditional?Season=2018-19&SeasonType=Regular%20Season&TeamID=1610612741
2019,2018–19,1627885,Shaquille Harrison,0021801194,2019-04-06,CHI vs. PHI,PHI,L,23.45,8,3,6,2,2,0,0,0,0,0,2,1,0,2,2,-22,4.6000000000000005,66.66666666666666,https://www.nba.com/stats/players/boxscores-traditional?Season=2018-19&SeasonType=Regular%20Season&TeamID=1610612741
2019,2018–19,201577,Robin Lopez,0021801194,2019-04-06,CHI vs. PHI,PHI,L,24.616666666666667,8,4,6,0,1,0,0,1,2,3,2,0,0,0,0,-6,8.1,66.66666666666666,https://www.nba.com/stats/players/boxscores-traditional?Season=2018-19&SeasonType=Regular%20Season&TeamID=1610612741
2019,2018–19,1629102,Brandon Sampson,0021801194,2019-04-06,CHI vs. PHI,PHI,L,25.416666666666668,6,2,5,2,2,0,0,2,1,3,2,0,0,0,3,1,5.199999999999998,60.0,https://www.nba.com/stats/players/boxscores-traditional?Season=2018-19&SeasonType=Regular%20Season&TeamID=1610612741
2019,2018–19,1627853,Ryan Arcidiacono,0021801194,2019-04-06,CHI vs. PHI,PHI,L,17.983333333333334,7,3,8,1,3,0,0,0,2,2,2,0,0,0,2,-1,3.8,43.75,https://www.nba.com/stats/players/boxscores-traditional?Season=2018-19&SeasonType=Regular%20Season&TeamID=1610612741
2019,2018–19,1626245,Cristiano Felicio,0021801194,2019-04-06,CHI vs. PHI,PHI,L,23.383333333333333,5,2,5,0,0,1,2,2,0,2,3,0,0,1,5,-14,2.3999999999999995,42.51700680272109,https://www.nba.com/stats/players/boxscores-traditional?Season=2018-19&SeasonType=Regular%20Season&TeamID=1610612741
2019,2018–19,1627782,Wayne Selden,0021801194,2019-04-06,CHI vs. PHI,PHI,L,12.7,4,2,7,0,2,0,0,0,2,2,3,0,0,1,3,-3,0.3999999999999999,28.57142857142857,https://www.nba.com/stats/players/boxscores-traditional?Season=2018-19&SeasonType=Regular%20Season&TeamID=1610612741
2019,2018–19,1627215,Walt Lemon Jr.,0021801167,2019-04-03,CHI @ WAS,WAS,W,28.933333333333334,24,11,16,0,0,2,2,0,3,3,8,2,0,4,2,4,20.899999999999995,71.09004739336493,https://www.nba.com/stats/players/boxscores-traditional?Season=2018-19&SeasonType=Regular%20Season&TeamID=1610612741
2019,2018–19,203960,JaKarr Sampson,0021801167,2019-04-03,CHI @ WAS,WAS,W,29.35,18,6,11,2,2,4,4,3,6,9,2,2,0,2,4,11,16.399999999999995,70.53291536050156,https://www.nba.com/stats/players/boxscores-traditional?Season=2018-19&SeasonType=Regular%20Season&TeamID=1610612741
2019,2018–19,1627885,Shaquille Harrison,0021801167,2019-04-03,CHI @ WAS,WAS,W,33.53333333333333,15,7,13,1,2,0,0,1,3,4,1,2,2,1,5,3,11.4,57.692307692307686,https://www.nba.com/stats/players/boxscores-traditional?Season=2018-19&SeasonType=Regular%20Season&TeamID=1610612741
2019,2018–19,201577,Robin Lopez,0021801167,2019-04-03,CHI @ WAS,WAS,W,24.766666666666666,12,5,7,0,0,2,2,2,3,5,0,0,2,3,0,2,9.800000000000002,76.14213197969544,https://www.nba.com/stats/players/boxscores-traditional?Season=2018-19&SeasonType=Regular%20Season&TeamID=1610612741
2019,2018–19,1627853,Ryan Arcidiacono,0021801167,2019-04-03,CHI @ WAS,WAS,W,19.066666666666666,11,5,8,0,2,1,1,1,4,5,4,0,0,2,1,-3,9.699999999999998,65.16587677725119,https://www.nba.com/stats/players/boxscores-traditional?Season=2018-19&SeasonType=Regular%20Season&TeamID=1610612741
2019,2018–19,1628959,Rawle Alkins,0021801167,2019-04-03,CHI @ WAS,WAS,W,26.033333333333335,11,4,9,1,4,2,4,0,5,5,3,0,0,2,2,3,6.299999999999999,51.11524163568774,https://www.nba.com/stats/players/boxscores-traditional?Season=2018-19&SeasonType=Regular%20Season&TeamID=1610612741
2019,2018–19,1627789,Timothe Luwawu-Cabarrot,0021801167,2019-04-03,CHI @ WAS,WAS,W,25.666666666666668,11,4,10,1,5,2,2,0,5,5,1,0,1,2,2,-3,5.7,50.55147058823529,https://www.nba.com/stats/players/boxscores-traditional?Season=2018-19&SeasonType=Regular%20Season&TeamID=1610612741
2019,2018–19,1626245,Cristiano Felicio,0021801167,2019-04-03,CHI @ WAS,WAS,W,23.233333333333334,5,2,4,0,0,1,2,1,6,7,1,1,0,2,1,-1,4.3999999999999995,51.229508196721305,https://www.nba.com/stats/players/boxscores-traditional?Season=2018-19&SeasonType=Regular%20Season&TeamID=1610612741
2019,2018–19,1627782,Wayne Selden,0021801167,2019-04-03,CHI @ WAS,WAS,W,16.316666666666666,4,2,7,0,2,0,0,1,4,5,1,0,0,1,4,-12,-0.10000000000000009,28.57142857142857,https://www.nba.com/stats/players/boxscores-traditional?Season=2018-19&SeasonType=Regular%20Season&TeamID=1610612741
2019,2018–19,1629102,Brandon Sampson,0021801167,2019-04-03,CHI @ WAS,WAS,W,13.1,4,2,5,0,2,0,0,0,1,1,1,0,0,1,2,1,0.4999999999999998,40.0,https://www.nba.com/stats/players/boxscores-traditional?Season=2018-19&SeasonType=Regular%20Season&TeamID=1610612741
2019,2018–19,201577,Robin Lopez,0021801155,2019-04-01,CHI @ NYK,NYK,L,30.083333333333332,29,12,18,0,0,5,8,6,1,7,2,0,1,1,2,-4,24.799999999999994,67.37918215613384,https://www.nba.com/stats/players/boxscores-traditional?Season=2018-19&SeasonType=Regular%20Season&TeamID=1610612741
2019,2018–19,203960,JaKarr Sampson,0021801155,2019-04-01,CHI @ NYK,NYK,L,29.666666666666668,22,8,10,1,2,5,6,0,7,7,0,1,1,1,2,-8,19.8,87.0253164556962,https://www.nba.com/stats/players/boxscores-traditional?Season=2018-19&SeasonType=Regular%20Season&TeamID=1610612741
2019,2018–19,1627885,Shaquille Harrison,0021801155,2019-04-01,CHI @ NYK,NYK,L,29.616666666666667,6,3,11,0,0,0,0,1,9,10,5,1,0,1,0,-4,6.4,27.27272727272727,https://www.nba.com/stats/players/boxscores-traditional?Season=2018-19&SeasonType=Regular%20Season&TeamID=1610612741
2019,2018–19,1627789,Timothe Luwawu-Cabarrot,0021801155,2019-04-01,CHI @ NYK,NYK,L,26.416666666666668,10,3,10,1,7,3,3,0,3,3,2,2,0,2,5,3,4.5,44.16961130742049,https://www.nba.com/stats/players/boxscores-traditional?Season=2018-19&SeasonType=Regular%20Season&TeamID=1610612741
2019,2018–19,1627215,Walt Lemon Jr.,0021801155,2019-04-01,CHI @ NYK,NYK,L,30.666666666666668,6,3,12,0,0,0,1,1,1,2,5,3,0,0,2,2,5.100000000000002,24.115755627009648,https://www.nba.com/stats/players/boxscores-traditional?Season=2018-19&SeasonType=Regular%20Season&TeamID=1610612741
2019,2018–19,1627782,Wayne Selden,0021801155,2019-04-01,CHI @ NYK,NYK,L,34.36666666666667,11,5,12,1,4,0,0,2,3,5,0,1,0,0,0,7,7.900000000000002,45.83333333333333,https://www.nba.com/stats/players/boxscores-traditional?Season=2018-19&SeasonType=Regular%20Season&TeamID=1610612741
2019,2018–19,1627853,Ryan Arcidiacono,0021801155,2019-04-01,CHI @ NYK,NYK,L,17.333333333333332,14,5,8,1,1,3,3,0,1,1,2,0,0,0,5,-10,10.100000000000001,75.10729613733905,https://www.nba.com/stats/players/boxscores-traditional?Season=2018-19&SeasonType=Regular%20Season&TeamID=1610612741
2019,2018–19,1626245,Cristiano Felicio,0021801155,2019-04-01,CHI @ NYK,NYK,L,15.366666666666667,1,0,2,0,0,1,2,2,5,7,2,0,0,1,1,-7,2.1,17.36111111111111,https://www.nba.com/stats/players/boxscores-traditional?Season=2018-19&SeasonType=Regular%20Season&TeamID=1610612741
2019,2018–19,1628469,Antonio Blakeney,0021801155,2019-04-01,CHI @ NYK,NYK,L,16.883333333333333,6,3,8,0,1,0,0,0,2,2,1,0,0,0,0,-7,2.9000000000000004,37.5,https://www.nba.com/stats/players/boxscores-traditional?Season=2018-19&SeasonType=Regular%20Season&TeamID=1610612741
2019,2018–19,1629102,Brandon Sampson,0021801155,2019-04-01,CHI @ NYK,NYK,L,8.1,0,0,2,0,1,0,0,0,0,0,1,1,0,0,1,-15,-0.09999999999999998,0.0,https://www.nba.com/stats/players/boxscores-traditional?Season=2018-19&SeasonType=Regular%20Season&TeamID=1610612741
2019,2018–19,1628959,Rawle Alkins,0021801155,2019-04-01,CHI @ NYK,NYK,L,1.5,0,0,1,0,1,0,0,0,0,0,0,0,0,0,0,3,-0.7,0.0,https://www.nba.com/stats/players/boxscores-traditional?Season=2018-19&SeasonType=Regular%20Season&TeamID=1610612741
2019,2018–19,1627215,Walt Lemon Jr.,0021801142,2019-03-30,CHI vs. TOR,TOR,L,31.033333333333335,19,8,15,0,1,3,5,0,4,4,6,4,1,1,3,-4,18.799999999999997,55.23255813953488,https://www.nba.com/stats/players/boxscores-traditional?Season=2018-19&SeasonType=Regular%20Season&TeamID=1610612741
2019,2018–19,1627789,Timothe Luwawu-Cabarrot,0021801142,2019-03-30,CHI vs. TOR,TOR,L,32.45,18,6,13,4,9,2,2,2,8,10,1,0,2,2,3,-4,14.0,64.8414985590778,https://www.nba.com/stats/players/boxscores-traditional?Season=2018-19&SeasonType=Regular%20Season&TeamID=1610612741
2019,2018–19,1627885,Shaquille Harrison,0021801142,2019-03-30,CHI vs. TOR,TOR,L,31.6,15,6,15,0,3,3,5,3,5,8,2,1,1,1,1,-20,11.399999999999999,43.604651162790695,https://www.nba.com/stats/players/boxscores-traditional?Season=2018-19&SeasonType=Regular%20Season&TeamID=1610612741
2019,2018–19,1628959,Rawle Alkins,0021801142,2019-03-30,CHI vs. TOR,TOR,L,18.2,7,3,9,0,2,1,1,5,3,8,3,0,0,0,0,-1,8.399999999999999,37.07627118644068,https://www.nba.com/stats/players/boxscores-traditional?Season=2018-19&SeasonType=Regular%20Season&TeamID=1610612741
2019,2018–19,1627853,Ryan Arcidiacono,0021801142,2019-03-30,CHI vs. TOR,TOR,L,18.65,8,3,8,2,4,0,0,2,3,5,3,0,0,1,3,-19,5.8,50.0,https://www.nba.com/stats/players/boxscores-traditional?Season=2018-19&SeasonType=Regular%20Season&TeamID=1610612741
2019,2018–19,1628469,Antonio Blakeney,0021801142,2019-03-30,CHI vs. TOR,TOR,L,17.933333333333334,12,5,11,1,5,1,3,0,5,5,0,0,0,1,1,-1,5.6000000000000005,48.701298701298704,https://www.nba.com/stats/players/boxscores-traditional?Season=2018-19&SeasonType=Regular%20Season&TeamID=1610612741
2019,2018–19,1629102,Brandon Sampson,0021801142,2019-03-30,CHI vs. TOR,TOR,L,21.95,7,3,7,1,2,0,0,1,1,2,2,1,1,2,0,-19,5.3999999999999995,50.0,https://www.nba.com/stats/players/boxscores-traditional?Season=2018-19&SeasonType=Regular%20Season&TeamID=1610612741
2019,2018–19,1627782,Wayne Selden,0021801142,2019-03-30,CHI vs. TOR,TOR,L,20.183333333333334,9,4,10,1,3,0,0,0,2,2,0,1,0,3,1,-24,1.799999999999999,45.0,https://www.nba.com/stats/players/boxscores-traditional?Season=2018-19&SeasonType=Regular%20Season&TeamID=1610612741
2019,2018–19,1626245,Cristiano Felicio,0021801142,2019-03-30,CHI vs. TOR,TOR,L,24.55,4,2,5,0,0,0,0,3,5,8,1,0,0,1,3,-9,3.3999999999999995,40.0,https://www.nba.com/stats/players/boxscores-traditional?Season=2018-19&SeasonType=Regular%20Season&TeamID=1610612741
2019,2018–19,201577,Robin Lopez,0021801142,2019-03-30,CHI vs. TOR,TOR,L,23.45,2,1,4,0,1,0,0,1,0,1,3,0,1,1,0,-14,2.0999999999999996,25.0,https://www.nba.com/stats/players/boxscores-traditional?Season=2018-19&SeasonType=Regular%20Season&TeamID=1610612741
2019,2018–19,1627885,Shaquille Harrison,0021801117,2019-03-27,CHI vs. POR,POR,L,29.95,21,10,17,1,2,0,1,4,6,10,2,2,0,0,2,-16,19.9,60.20642201834862,https://www.nba.com/stats/players/boxscores-traditional?Season=2018-19&SeasonType=Regular%20Season&TeamID=1610612741
2019,2018–19,1627782,Wayne Selden,0021801117,2019-03-27,CHI vs. POR,POR,L,33.86666666666667,11,5,15,1,4,0,0,3,9,12,4,1,0,2,3,-11,7.899999999999999,36.666666666666664,https://www.nba.com/stats/players/boxscores-traditional?Season=2018-19&SeasonType=Regular%20Season&TeamID=1610612741
2019,2018–19,201577,Robin Lopez,0021801117,2019-03-27,CHI vs. POR,POR,L,28.133333333333333,15,7,14,0,1,1,1,5,4,9,4,0,0,1,3,-12,13.3,51.93905817174516,https://www.nba.com/stats/players/boxscores-traditional?Season=2018-19&SeasonType=Regular%20Season&TeamID=1610612741
2019,2018–19,1626245,Cristiano Felicio,0021801117,2019-03-27,CHI vs. POR,POR,L,29.0,15,4,6,0,2,7,8,2,3,5,2,1,0,0,2,-2,15.900000000000002,78.78151260504202,https://www.nba.com/stats/players/boxscores-traditional?Season=2018-19&SeasonType=Regular%20Season&TeamID=1610612741
2019,2018–19,1628469,Antonio Blakeney,0021801117,2019-03-27,CHI vs. POR,POR,L,32.4,10,3,11,0,2,4,6,1,2,3,4,0,0,1,2,-5,5.0,36.65689149560117,https://www.nba.com/stats/players/boxscores-traditional?Season=2018-19&SeasonType=Regular%20Season&TeamID=1610612741
2019,2018–19,1627853,Ryan Arcidiacono,0021801117,2019-03-27,CHI vs. POR,POR,L,19.446666666666665,12,5,11,2,4,0,0,0,0,0,3,0,0,0,0,-8,8.4,54.54545454545454,https://www.nba.com/stats/players/boxscores-traditional?Season=2018-19&SeasonType=Regular%20Season&TeamID=1610612741
2019,2018–19,1627789,Timothe Luwawu-Cabarrot,0021801117,2019-03-27,CHI vs. POR,POR,L,21.466666666666665,8,3,8,1,4,1,1,0,1,1,2,0,0,0,3,-11,4.099999999999999,47.39336492890995,https://www.nba.com/stats/players/boxscores-traditional?Season=2018-19&SeasonType=Regular%20Season&TeamID=1610612741
2019,2018–19,1628959,Rawle Alkins,0021801117,2019-03-27,CHI vs. POR,POR,L,16.136666666666667,2,0,2,0,1,2,2,1,2,3,1,0,0,3,1,-13,-0.8000000000000003,34.72222222222222,https://www.nba.com/stats/players/boxscores-traditional?Season=2018-19&SeasonType=Regular%20Season&TeamID=1610612741
2019,2018–19,1629102,Brandon Sampson,0021801117,2019-03-27,CHI vs. POR,POR,L,29.6,4,2,7,0,3,0,0,0,1,1,0,0,0,1,3,-22,-1.9999999999999998,28.57142857142857,https://www.nba.com/stats/players/boxscores-traditional?Season=2018-19&SeasonType=Regular%20Season&TeamID=1610612741
2019,2018–19,1627782,Wayne Selden,0021801110,2019-03-26,CHI @ TOR,TOR,L,40.08833333333333,20,8,15,2,5,2,2,0,2,2,2,3,0,4,3,-5,12.499999999999996,62.97229219143576,https://www.nba.com/stats/players/boxscores-traditional?Season=2018-19&SeasonType=Regular%20Season&TeamID=1610612741
2019,2018–19,1627885,Shaquille Harrison,0021801110,2019-03-26,CHI @ TOR,TOR,L,33.391666666666666,15,6,12,0,3,3,4,1,4,5,5,3,0,3,4,2,12.4,54.50581395348837,https://www.nba.com/stats/players/boxscores-traditional?Season=2018-19&SeasonType=Regular%20Season&TeamID=1610612741
2019,2018–19,1627853,Ryan Arcidiacono,0021801110,2019-03-26,CHI @ TOR,TOR,L,29.8,13,5,11,1,3,2,2,1,5,6,2,2,0,0,3,-21,11.7,54.71380471380471,https://www.nba.com/stats/players/boxscores-traditional?Season=2018-19&SeasonType=Regular%20Season&TeamID=1610612741
2019,2018–19,1628374,Lauri Markkanen,0021801110,2019-03-26,CHI @ TOR,TOR,L,16.483333333333334,10,2,10,1,3,5,6,2,7,9,0,1,2,3,0,-10,6.300000000000001,39.55696202531646,https://www.nba.com/stats/players/boxscores-traditional?Season=2018-19&SeasonType=Regular%20Season&TeamID=1610612741
2019,2018–19,1628469,Antonio Blakeney,0021801110,2019-03-26,CHI @ TOR,TOR,L,21.283333333333335,11,5,15,1,2,0,0,0,6,6,3,1,0,0,1,-10,6.999999999999999,36.666666666666664,https://www.nba.com/stats/players/boxscores-traditional?Season=2018-19&SeasonType=Regular%20Season&TeamID=1610612741
2019,2018–19,1626245,Cristiano Felicio,0021801110,2019-03-26,CHI @ TOR,TOR,L,21.866666666666667,6,3,5,0,0,0,0,2,6,8,2,1,0,2,1,7,6.899999999999999,60.0,https://www.nba.com/stats/players/boxscores-traditional?Season=2018-19&SeasonType=Regular%20Season&TeamID=1610612741
2019,2018–19,1629102,Brandon Sampson,0021801110,2019-03-26,CHI @ TOR,TOR,L,23.016666666666666,10,3,5,1,3,3,4,0,3,3,2,1,0,2,2,10,7.799999999999999,73.96449704142012,https://www.nba.com/stats/players/boxscores-traditional?Season=2018-19&SeasonType=Regular%20Season&TeamID=1610612741
2019,2018–19,201577,Robin Lopez,0021801110,2019-03-26,CHI @ TOR,TOR,L,25.953333333333333,10,4,6,0,0,2,2,1,3,4,3,0,0,2,0,-13,9.1,72.67441860465115,https://www.nba.com/stats/players/boxscores-traditional?Season=2018-19&SeasonType=Regular%20Season&TeamID=1610612741
2019,2018–19,1627789,Timothe Luwawu-Cabarrot,0021801110,2019-03-26,CHI @ TOR,TOR,L,28.116666666666667,8,3,7,2,4,0,0,0,2,2,1,0,0,2,2,-5,2.8,57.14285714285714,https://www.nba.com/stats/players/boxscores-traditional?Season=2018-19&SeasonType=Regular%20Season&TeamID=1610612741
2019,2018–19,1628374,Lauri Markkanen,0021801090,2019-03-23,CHI vs. UTA,UTA,L,26.266666666666666,18,6,20,1,6,5,5,4,6,10,0,1,0,1,2,-20,10.2,40.54054054054054,https://www.nba.com/stats/players/boxscores-traditional?Season=2018-19&SeasonType=Regular%20Season&TeamID=1610612741
2019,2018–19,1627885,Shaquille Harrison,0021801090,2019-03-23,CHI vs. UTA,UTA,L,38.96666666666667,6,2,9,0,0,2,2,0,9,9,2,1,2,1,3,-18,4.8,30.364372469635626,https://www.nba.com/stats/players/boxscores-traditional?Season=2018-19&SeasonType=Regular%20Season&TeamID=1610612741
2019,2018–19,1626245,Cristiano Felicio,0021801090,2019-03-23,CHI vs. UTA,UTA,L,25.0,10,5,8,0,0,0,0,2,4,6,2,0,0,0,2,-12,9.6,62.5,https://www.nba.com/stats/players/boxscores-traditional?Season=2018-19&SeasonType=Regular%20Season&TeamID=1610612741
2019,2018–19,201577,Robin Lopez,0021801090,2019-03-23,CHI vs. UTA,UTA,L,21.916666666666668,10,5,11,0,1,0,2,2,2,4,1,0,0,2,0,-19,4.2,42.08754208754208,https://www.nba.com/stats/players/boxscores-traditional?Season=2018-19&SeasonType=Regular%20Season&TeamID=1610612741
2019,2018–19,1627782,Wayne Selden,0021801090,2019-03-23,CHI vs. UTA,UTA,L,22.816666666666666,9,4,11,0,2,1,3,1,4,5,1,0,0,3,1,-11,1.3000000000000007,36.52597402597402,https://www.nba.com/stats/players/boxscores-traditional?Season=2018-19&SeasonType=Regular%20Season&TeamID=1610612741
2019,2018–19,1627739,Kris Dunn,0021801090,2019-03-23,CHI vs. UTA,UTA,L,21.433333333333334,4,1,8,0,0,2,2,1,2,3,5,1,0,0,2,-17,3.8000000000000007,22.52252252252252,https://www.nba.com/stats/players/boxscores-traditional?Season=2018-19&SeasonType=Regular%20Season&TeamID=1610612741
2019,2018–19,1628469,Antonio Blakeney,0021801090,2019-03-23,CHI vs. UTA,UTA,L,27.116666666666667,10,5,11,0,2,0,0,0,2,2,2,0,0,1,2,-11,4.500000000000001,45.45454545454545,https://www.nba.com/stats/players/boxscores-traditional?Season=2018-19&SeasonType=Regular%20Season&TeamID=1610612741
2019,2018–19,1629102,Brandon Sampson,0021801090,2019-03-23,CHI vs. UTA,UTA,L,17.45,7,3,6,1,4,0,0,0,0,0,0,1,1,4,1,-17,1.2999999999999998,58.333333333333336,https://www.nba.com/stats/players/boxscores-traditional?Season=2018-19&SeasonType=Regular%20Season&TeamID=1610612741
2019,2018–19,1627853,Ryan Arcidiacono,0021801090,2019-03-23,CHI vs. UTA,UTA,L,19.033333333333335,4,0,6,0,1,4,4,1,2,3,2,1,0,0,2,-15,2.7,25.773195876288664,https://www.nba.com/stats/players/boxscores-traditional?Season=2018-19&SeasonType=Regular%20Season&TeamID=1610612741
2019,2018–19,1627789,Timothe Luwawu-Cabarrot,0021801090,2019-03-23,CHI vs. UTA,UTA,L,20.0,5,2,2,0,0,1,2,0,3,3,1,1,0,0,1,-15,6.2,86.80555555555556,https://www.nba.com/stats/players/boxscores-traditional?Season=2018-19&SeasonType=Regular%20Season&TeamID=1610612741
2019,2018–19,1628374,Lauri Markkanen,0021801069,2019-03-20,CHI vs. WAS,WAS,W,37.916666666666664,32,12,21,5,8,3,3,4,9,13,5,0,1,1,2,12,29.999999999999996,71.68458781362007,https://www.nba.com/stats/players/boxscores-traditional?Season=2018-19&SeasonType=Regular%20Season&TeamID=1610612741
2019,2018–19,1627739,Kris Dunn,0021801069,2019-03-20,CHI vs. WAS,WAS,W,39.295,26,10,24,3,7,3,5,0,6,6,13,2,0,2,5,9,21.300000000000004,49.61832061068702,https://www.nba.com/stats/players/boxscores-traditional?Season=2018-19&SeasonType=Regular%20Season&TeamID=1610612741
2019,2018–19,1627885,Shaquille Harrison,0021801069,2019-03-20,CHI vs. WAS,WAS,W,39.205,18,7,13,1,1,3,3,1,5,6,0,4,0,1,5,14,14.899999999999999,62.849162011173185,https://www.nba.com/stats/players/boxscores-traditional?Season=2018-19&SeasonType=Regular%20Season&TeamID=1610612741
2019,2018–19,1627789,Timothe Luwawu-Cabarrot,0021801069,2019-03-20,CHI vs. WAS,WAS,W,26.166666666666668,13,5,9,3,5,0,0,2,2,4,3,2,0,0,2,-9,13.999999999999998,72.22222222222221,https://www.nba.com/stats/players/boxscores-traditional?Season=2018-19&SeasonType=Regular%20Season&TeamID=1610612741
2019,2018–19,1626245,Cristiano Felicio,0021801069,2019-03-20,CHI vs. WAS,WAS,W,20.933333333333334,15,7,11,0,0,1,1,4,2,6,1,1,1,2,1,-4,13.5,65.55944055944056,https://www.nba.com/stats/players/boxscores-traditional?Season=2018-19&SeasonType=Regular%20Season&TeamID=1610612741
2019,2018–19,1627853,Ryan Arcidiacono,0021801069,2019-03-20,CHI vs. WAS,WAS,W,26.916666666666668,7,3,7,0,1,1,2,0,3,3,3,0,0,1,0,-4,4.8999999999999995,44.41624365482234,https://www.nba.com/stats/players/boxscores-traditional?Season=2018-19&SeasonType=Regular%20Season&TeamID=1610612741
2019,2018–19,1627782,Wayne Selden,0021801069,2019-03-20,CHI vs. WAS,WAS,W,20.09,5,2,10,0,1,1,1,2,2,4,2,1,0,3,1,-14,-0.20000000000000018,23.946360153256705,https://www.nba.com/stats/players/boxscores-traditional?Season=2018-19&SeasonType=Regular%20Season&TeamID=1610612741
2019,2018–19,201577,Robin Lopez,0021801069,2019-03-20,CHI vs. WAS,WAS,W,31.11,8,3,7,0,0,2,2,2,0,2,1,0,0,2,0,16,4.3999999999999995,50.76142131979695,https://www.nba.com/stats/players/boxscores-traditional?Season=2018-19&SeasonType=Regular%20Season&TeamID=1610612741
2019,2018–19,1628469,Antonio Blakeney,0021801069,2019-03-20,CHI vs. WAS,WAS,W,23.366666666666667,2,1,4,0,0,0,0,0,4,4,1,0,0,1,0,10,0.5,25.0,https://www.nba.com/stats/players/boxscores-traditional?Season=2018-19&SeasonType=Regular%20Season&TeamID=1610612741
2019,2018–19,203897,Zach LaVine,0021801057,2019-03-18,CHI @ PHX,PHX,W,32.515,17,5,10,2,4,5,5,0,8,8,7,1,0,7,3,12,12.100000000000001,69.67213114754098,https://www.nba.com/stats/players/boxscores-traditional?Season=2018-19&SeasonType=Regular%20Season&TeamID=1610612741
2019,2018–19,201577,Robin Lopez,0021801057,2019-03-18,CHI @ PHX,PHX,W,26.346666666666668,24,11,14,0,0,2,2,5,2,7,2,0,1,2,0,12,22.8,80.64516129032258,https://www.nba.com/stats/players/boxscores-traditional?Season=2018-19&SeasonType=Regular%20Season&TeamID=1610612741
2019,2018–19,1628374,Lauri Markkanen,0021801057,2019-03-18,CHI @ PHX,PHX,W,30.93166666666667,17,7,15,1,4,2,2,1,8,9,2,0,2,2,3,8,12.0,53.5264483627204,https://www.nba.com/stats/players/boxscores-traditional?Season=2018-19&SeasonType=Regular%20Season&TeamID=1610612741
2019,2018–19,1627739,Kris Dunn,0021801057,2019-03-18,CHI @ PHX,PHX,W,27.081666666666667,14,5,10,1,2,3,3,0,2,2,3,2,1,1,4,13,11.799999999999999,61.83745583038869,https://www.nba.com/stats/players/boxscores-traditional?Season=2018-19&SeasonType=Regular%20Season&TeamID=1610612741
2019,2018–19,1627885,Shaquille Harrison,0021801057,2019-03-18,CHI @ PHX,PHX,W,32.431666666666665,6,3,9,0,0,0,0,0,3,3,1,4,0,1,3,17,4.300000000000001,33.33333333333333,https://www.nba.com/stats/players/boxscores-traditional?Season=2018-19&SeasonType=Regular%20Season&TeamID=1610612741
2019,2018–19,1626245,Cristiano Felicio,0021801057,2019-03-18,CHI @ PHX,PHX,W,18.985,10,3,5,0,0,4,5,4,4,8,0,0,0,0,2,5,10.499999999999996,69.44444444444444,https://www.nba.com/stats/players/boxscores-traditional?Season=2018-19&SeasonType=Regular%20Season&TeamID=1610612741
2019,2018–19,1627853,Ryan Arcidiacono,0021801057,2019-03-18,CHI @ PHX,PHX,W,20.918333333333333,8,3,5,0,0,2,4,0,4,4,2,1,0,0,2,2,7.7,59.171597633136095,https://www.nba.com/stats/players/boxscores-traditional?Season=2018-19&SeasonType=Regular%20Season&TeamID=1610612741
2019,2018–19,1627782,Wayne Selden,0021801057,2019-03-18,CHI @ PHX,PHX,W,19.736666666666668,7,3,7,0,2,1,2,0,2,2,2,1,0,0,4,5,4.300000000000001,44.41624365482234,https://www.nba.com/stats/players/boxscores-traditional?Season=2018-19&SeasonType=Regular%20Season&TeamID=1610612741
2019,2018–19,1628469,Antonio Blakeney,0021801057,2019-03-18,CHI @ PHX,PHX,W,16.935,6,3,10,0,3,0,0,0,4,4,2,0,0,0,1,2,2.4,30.0,https://www.nba.com/stats/players/boxscores-traditional?Season=2018-19&SeasonType=Regular%20Season&TeamID=1610612741
2019,2018–19,1627789,Timothe Luwawu-Cabarrot,0021801057,2019-03-18,CHI @ PHX,PHX,W,14.118333333333334,7,3,4,0,1,1,1,1,1,2,0,0,0,0,0,-1,6.3999999999999995,78.82882882882882,https://www.nba.com/stats/players/boxscores-traditional?Season=2018-19&SeasonType=Regular%20Season&TeamID=1610612741
2019,2018–19,203897,Zach LaVine,0021801047,2019-03-17,CHI @ SAC,SAC,L,29.183333333333334,18,7,18,2,3,2,3,2,1,3,3,3,1,2,3,-20,12.100000000000001,46.58385093167702,https://www.nba.com/stats/players/boxscores-traditional?Season=2018-19&SeasonType=Regular%20Season&TeamID=1610612741
2019,2018–19,1627885,Shaquille Harrison,0021801047,2019-03-17,CHI @ SAC,SAC,L,19.916666666666668,11,5,6,0,0,1,1,0,4,4,7,1,0,4,1,-11,11.499999999999998,85.40372670807453,https://www.nba.com/stats/players/boxscores-traditional?Season=2018-19&SeasonType=Regular%20Season&TeamID=1610612741
2019,2018–19,1628374,Lauri Markkanen,0021801047,2019-03-17,CHI @ SAC,SAC,L,22.851666666666667,11,4,8,1,4,2,2,0,3,3,2,0,1,3,1,-17,6.6,61.936936936936924,https://www.nba.com/stats/players/boxscores-traditional?Season=2018-19&SeasonType=Regular%20Season&TeamID=1610612741
2019,2018–19,201577,Robin Lopez,0021801047,2019-03-17,CHI @ SAC,SAC,L,27.515,8,2,6,0,0,4,6,2,4,6,0,0,2,1,1,-17,6.4,46.29629629629629,https://www.nba.com/stats/players/boxscores-traditional?Season=2018-19&SeasonType=Regular%20Season&TeamID=1610612741
2019,2018–19,1627853,Ryan Arcidiacono,0021801047,2019-03-17,CHI @ SAC,SAC,L,20.05,10,4,6,2,3,0,0,2,3,5,0,0,0,2,2,-10,6.9,83.33333333333334,https://www.nba.com/stats/players/boxscores-traditional?Season=2018-19&SeasonType=Regular%20Season&TeamID=1610612741
2019,2018–19,1626245,Cristiano Felicio,0021801047,2019-03-17,CHI @ SAC,SAC,L,17.616666666666667,4,2,3,0,0,0,0,4,6,10,0,0,1,1,1,-6,6.6,66.66666666666666,https://www.nba.com/stats/players/boxscores-traditional?Season=2018-19&SeasonType=Regular%20Season&TeamID=1610612741
2019,2018–19,1627739,Kris Dunn,0021801047,2019-03-17,CHI @ SAC,SAC,L,19.966666666666665,8,4,11,0,3,0,0,0,1,1,5,1,0,2,1,-19,4.3,36.36363636363637,https://www.nba.com/stats/players/boxscores-traditional?Season=2018-19&SeasonType=Regular%20Season&TeamID=1610612741
2019,2018–19,1627782,Wayne Selden,0021801047,2019-03-17,CHI @ SAC,SAC,L,24.3,9,2,7,1,4,4,6,0,3,3,1,0,1,1,2,-7,4.600000000000002,46.6804979253112,https://www.nba.com/stats/players/boxscores-traditional?Season=2018-19&SeasonType=Regular%20Season&TeamID=1610612741
2019,2018–19,1627789,Timothe Luwawu-Cabarrot,0021801047,2019-03-17,CHI @ SAC,SAC,L,22.383333333333333,11,4,8,3,5,0,1,0,0,0,1,0,0,0,2,-14,6.5,65.16587677725119,https://www.nba.com/stats/players/boxscores-traditional?Season=2018-19&SeasonType=Regular%20Season&TeamID=1610612741
2019,2018–19,203490,Otto Porter Jr.,0021801047,2019-03-17,CHI @ SAC,SAC,L,24.216666666666665,8,3,9,1,4,1,1,0,2,2,1,1,0,2,2,-15,2.4000000000000004,42.37288135593221,https://www.nba.com/stats/players/boxscores-traditional?Season=2018-19&SeasonType=Regular%20Season&TeamID=1610612741
2019,2018–19,1628469,Antonio Blakeney,0021801047,2019-03-17,CHI @ SAC,SAC,L,12.0,4,2,6,0,0,0,1,0,2,2,0,0,0,1,0,1,-0.1999999999999995,31.05590062111801,https://www.nba.com/stats/players/boxscores-traditional?Season=2018-19&SeasonType=Regular%20Season&TeamID=1610612741
2019,2018–19,203897,Zach LaVine,0021801033,2019-03-15,CHI @ LAC,LAC,L,38.13333333333333,31,9,19,3,7,10,13,1,6,7,7,0,0,4,2,-6,22.700000000000003,62.702265372168284,https://www.nba.com/stats/players/boxscores-traditional?Season=2018-19&SeasonType=Regular%20Season&TeamID=1610612741
2019,2018–19,201577,Robin Lopez,0021801033,2019-03-15,CHI @ LAC,LAC,L,33.748333333333335,22,9,12,0,0,4,4,4,4,8,3,1,3,0,2,-7,25.600000000000005,79.94186046511628,https://www.nba.com/stats/players/boxscores-traditional?Season=2018-19&SeasonType=Regular%20Season&TeamID=1610612741
2019,2018–19,1627739,Kris Dunn,0021801033,2019-03-15,CHI @ LAC,LAC,L,27.92,14,5,12,1,2,3,3,1,4,5,3,0,1,4,6,-5,5.899999999999999,52.552552552552555,https://www.nba.com/stats/players/boxscores-traditional?Season=2018-19&SeasonType=Regular%20Season&TeamID=1610612741
2019,2018–19,1627782,Wayne Selden,0021801033,2019-03-15,CHI @ LAC,LAC,L,22.633333333333333,14,5,9,1,2,3,3,0,5,5,4,0,0,1,3,8,11.8,67.82945736434108,https://www.nba.com/stats/players/boxscores-traditional?Season=2018-19&SeasonType=Regular%20Season&TeamID=1610612741
2019,2018–19,1628374,Lauri Markkanen,0021801033,2019-03-15,CHI @ LAC,LAC,L,27.951666666666668,10,3,8,2,3,2,5,1,7,8,1,0,0,2,4,-14,4.299999999999999,49.01960784313726,https://www.nba.com/stats/players/boxscores-traditional?Season=2018-19&SeasonType=Regular%20Season&TeamID=1610612741
2019,2018–19,203490,Otto Porter Jr.,0021801033,2019-03-15,CHI @ LAC,LAC,L,29.5,15,6,11,3,5,0,0,0,2,2,0,0,0,0,1,2,9.899999999999999,68.18181818181817,https://www.nba.com/stats/players/boxscores-traditional?Season=2018-19&SeasonType=Regular%20Season&TeamID=1610612741
2019,2018–19,1627885,Shaquille Harrison,0021801033,2019-03-15,CHI @ LAC,LAC,L,18.866666666666667,4,2,4,0,1,0,0,0,0,0,2,2,0,2,2,-16,2.6000000000000005,50.0,https://www.nba.com/stats/players/boxscores-traditional?Season=2018-19&SeasonType=Regular%20Season&TeamID=1610612741
2019,2018–19,1628469,Antonio Blakeney,0021801033,2019-03-15,CHI @ LAC,LAC,L,5.68,2,1,2,0,0,0,0,0,4,4,1,0,1,1,2,8,1.8000000000000007,50.0,https://www.nba.com/stats/players/boxscores-traditional?Season=2018-19&SeasonType=Regular%20Season&TeamID=1610612741
2019,2018–19,1626245,Cristiano Felicio,0021801033,2019-03-15,CHI @ LAC,LAC,L,12.666666666666666,5,1,2,0,0,3,3,1,2,3,1,0,0,2,0,1,4.0,75.3012048192771,https://www.nba.com/stats/players/boxscores-traditional?Season=2018-19&SeasonType=Regular%20Season&TeamID=1610612741
2019,2018–19,1627789,Timothe Luwawu-Cabarrot,0021801033,2019-03-15,CHI @ LAC,LAC,L,14.616666666666667,3,1,1,1,1,0,0,0,1,1,0,0,1,0,3,-14,2.5,150.0,https://www.nba.com/stats/players/boxscores-traditional?Season=2018-19&SeasonType=Regular%20Season&TeamID=1610612741
2019,2018–19,1627853,Ryan Arcidiacono,0021801033,2019-03-15,CHI @ LAC,LAC,L,8.283333333333333,1,0,0,0,0,1,2,0,1,1,2,0,0,0,1,8,1.9,56.81818181818182,https://www.nba.com/stats/players/boxscores-traditional?Season=2018-19&SeasonType=Regular%20Season&TeamID=1610612741
2019,2018–19,1627739,Kris Dunn,0021801009,2019-03-12,CHI vs. LAL,LAL,L,32.95,18,8,16,2,3,0,0,2,5,7,9,2,0,4,4,-5,15.599999999999998,56.25,https://www.nba.com/stats/players/boxscores-traditional?Season=2018-19&SeasonType=Regular%20Season&TeamID=1610612741
2019,2018–19,203490,Otto Porter Jr.,0021801009,2019-03-12,CHI vs. LAL,LAL,L,32.56666666666667,19,5,14,4,8,5,5,0,9,9,2,0,0,2,1,-19,12.9,58.64197530864198,https://www.nba.com/stats/players/boxscores-traditional?Season=2018-19&SeasonType=Regular%20Season&TeamID=1610612741
2019,2018–19,1627853,Ryan Arcidiacono,0021801009,2019-03-12,CHI vs. LAL,LAL,L,31.55,14,5,8,2,3,2,2,0,4,4,6,2,0,1,2,-3,15.999999999999996,78.82882882882882,https://www.nba.com/stats/players/boxscores-traditional?Season=2018-19&SeasonType=Regular%20Season&TeamID=1610612741
2019,2018–19,201577,Robin Lopez,0021801009,2019-03-12,CHI vs. LAL,LAL,L,34.93333333333333,20,9,14,0,0,2,2,3,4,7,3,0,0,1,1,-16,17.800000000000004,67.20430107526882,https://www.nba.com/stats/players/boxscores-traditional?Season=2018-19&SeasonType=Regular%20Season&TeamID=1610612741
2019,2018–19,1628374,Lauri Markkanen,0021801009,2019-03-12,CHI vs. LAL,LAL,L,34.833333333333336,11,4,17,0,8,3,3,3,2,5,0,0,0,2,4,1,-0.1999999999999993,30.021834061135372,https://www.nba.com/stats/players/boxscores-traditional?Season=2018-19&SeasonType=Regular%20Season&TeamID=1610612741
2019,2018–19,1627782,Wayne Selden,0021801009,2019-03-12,CHI vs. LAL,LAL,L,13.866666666666667,9,3,5,3,3,0,0,0,2,2,0,0,0,2,2,-3,4.499999999999999,90.0,https://www.nba.com/stats/players/boxscores-traditional?Season=2018-19&SeasonType=Regular%20Season&TeamID=1610612741
2019,2018–19,1627885,Shaquille Harrison,0021801009,2019-03-12,CHI vs. LAL,LAL,L,25.066666666666666,6,3,7,0,0,0,0,0,2,2,3,1,0,2,2,-15,3.2,42.857142857142854,https://www.nba.com/stats/players/boxscores-traditional?Season=2018-19&SeasonType=Regular%20Season&TeamID=1610612741
2019,2018–19,1626245,Cristiano Felicio,0021801009,2019-03-12,CHI vs. LAL,LAL,L,9.25,6,3,5,0,0,0,0,3,2,5,0,0,0,1,2,-2,4.6,60.0,https://www.nba.com/stats/players/boxscores-traditional?Season=2018-19&SeasonType=Regular%20Season&TeamID=1610612741
2019,2018–19,1628469,Antonio Blakeney,0021801009,2019-03-12,CHI vs. LAL,LAL,L,11.233333333333333,4,2,3,0,1,0,0,0,3,3,0,0,0,1,3,-13,1.4,66.66666666666666,https://www.nba.com/stats/players/boxscores-traditional?Season=2018-19&SeasonType=Regular%20Season&TeamID=1610612741
2019,2018–19,1627789,Timothe Luwawu-Cabarrot,0021801009,2019-03-12,CHI vs. LAL,LAL,L,11.666666666666666,0,0,1,0,0,0,0,0,0,0,0,1,0,0,1,-5,-0.09999999999999998,0.0,https://www.nba.com/stats/players/boxscores-traditional?Season=2018-19&SeasonType=Regular%20Season&TeamID=1610612741
2019,2018–19,1629102,Brandon Sampson,0021801009,2019-03-12,CHI vs. LAL,LAL,L,2.0833333333333335,0,0,1,0,1,0,0,0,0,0,0,0,0,0,0,0,-0.7,0.0,https://www.nba.com/stats/players/boxscores-traditional?Season=2018-19&SeasonType=Regular%20Season&TeamID=1610612741
2019,2018–19,1628374,Lauri Markkanen,0021800992,2019-03-10,CHI @ DET,DET,L,25.966666666666665,17,6,13,3,7,2,2,1,5,6,2,1,1,2,4,-7,11.999999999999998,61.23919308357348,https://www.nba.com/stats/players/boxscores-traditional?Season=2018-19&SeasonType=Regular%20Season&TeamID=1610612741
2019,2018–19,203490,Otto Porter Jr.,0021800992,2019-03-10,CHI @ DET,DET,L,26.133333333333333,17,6,12,3,4,2,2,0,6,6,1,0,1,0,1,-8,13.799999999999999,65.99378881987577,https://www.nba.com/stats/players/boxscores-traditional?Season=2018-19&SeasonType=Regular%20Season&TeamID=1610612741
2019,2018–19,1627782,Wayne Selden,0021800992,2019-03-10,CHI @ DET,DET,L,27.91,18,7,14,1,1,3,3,0,4,4,2,0,0,1,1,-23,12.200000000000001,58.746736292428196,https://www.nba.com/stats/players/boxscores-traditional?Season=2018-19&SeasonType=Regular%20Season&TeamID=1610612741
2019,2018–19,1627885,Shaquille Harrison,0021800992,2019-03-10,CHI @ DET,DET,L,31.6,11,3,6,1,1,4,8,0,2,2,7,0,0,1,4,-19,9.299999999999999,57.77310924369748,https://www.nba.com/stats/players/boxscores-traditional?Season=2018-19&SeasonType=Regular%20Season&TeamID=1610612741
2019,2018–19,1626245,Cristiano Felicio,0021800992,2019-03-10,CHI @ DET,DET,L,18.59,8,4,6,0,0,0,0,1,6,7,0,0,1,1,1,2,7.199999999999999,66.66666666666666,https://www.nba.com/stats/players/boxscores-traditional?Season=2018-19&SeasonType=Regular%20Season&TeamID=1610612741
2019,2018–19,201577,Robin Lopez,0021800992,2019-03-10,CHI @ DET,DET,L,23.533333333333335,9,4,6,0,0,1,2,4,2,6,0,0,1,1,2,-18,8.299999999999999,65.40697674418605,https://www.nba.com/stats/players/boxscores-traditional?Season=2018-19&SeasonType=Regular%20Season&TeamID=1610612741
2019,2018–19,1627739,Kris Dunn,0021800992,2019-03-10,CHI @ DET,DET,L,22.116666666666667,7,3,7,1,2,0,0,0,0,0,4,2,0,2,3,-13,4.8999999999999995,50.0,https://www.nba.com/stats/players/boxscores-traditional?Season=2018-19&SeasonType=Regular%20Season&TeamID=1610612741
2019,2018–19,1627853,Ryan Arcidiacono,0021800992,2019-03-10,CHI @ DET,DET,L,26.266666666666666,10,5,7,0,1,0,2,0,3,3,2,0,0,1,1,-9,7.200000000000001,63.45177664974619,https://www.nba.com/stats/players/boxscores-traditional?Season=2018-19&SeasonType=Regular%20Season&TeamID=1610612741
2019,2018–19,1628469,Antonio Blakeney,0021800992,2019-03-10,CHI @ DET,DET,L,13.55,9,2,5,0,0,5,7,0,1,1,0,0,0,1,0,-4,4.800000000000001,55.693069306930695,https://www.nba.com/stats/players/boxscores-traditional?Season=2018-19&SeasonType=Regular%20Season&TeamID=1610612741
2019,2018–19,1627789,Timothe Luwawu-Cabarrot,0021800992,2019-03-10,CHI @ DET,DET,L,24.333333333333332,2,1,6,0,2,0,0,0,2,2,0,1,1,0,1,-16,0.10000000000000064,16.666666666666664,https://www.nba.com/stats/players/boxscores-traditional?Season=2018-19&SeasonType=Regular%20Season&TeamID=1610612741
2019,2018–19,203490,Otto Porter Jr.,0021800980,2019-03-08,CHI vs. DET,DET,L,34.053333333333335,23,9,13,1,4,4,4,0,4,4,8,2,0,1,1,8,24.9,77.91327913279133,https://www.nba.com/stats/players/boxscores-traditional?Season=2018-19&SeasonType=Regular%20Season&TeamID=1610612741
2019,2018–19,203897,Zach LaVine,0021800980,2019-03-08,CHI vs. DET,DET,L,38.3,24,9,18,1,3,5,10,1,5,6,2,1,1,5,3,-1,12.100000000000001,53.57142857142857,https://www.nba.com/stats/players/boxscores-traditional?Season=2018-19&SeasonType=Regular%20Season&TeamID=1610612741
2019,2018–19,1628374,Lauri Markkanen,0021800980,2019-03-08,CHI vs. DET,DET,L,35.843333333333334,18,7,16,2,6,2,2,0,6,6,2,1,0,1,2,-4,12.000000000000002,53.317535545023695,https://www.nba.com/stats/players/boxscores-traditional?Season=2018-19&SeasonType=Regular%20Season&TeamID=1610612741
2019,2018–19,1627739,Kris Dunn,0021800980,2019-03-08,CHI vs. DET,DET,L,28.383333333333333,7,3,6,1,2,0,0,1,6,7,3,2,1,2,3,5,8.099999999999998,58.333333333333336,https://www.nba.com/stats/players/boxscores-traditional?Season=2018-19&SeasonType=Regular%20Season&TeamID=1610612741
2019,2018–19,201577,Robin Lopez,0021800980,2019-03-08,CHI vs. DET,DET,L,36.5,13,6,13,0,0,1,1,2,2,4,0,0,1,4,5,1,3.0,48.36309523809524,https://www.nba.com/stats/players/boxscores-traditional?Season=2018-19&SeasonType=Regular%20Season&TeamID=1610612741
2019,2018–19,1627853,Ryan Arcidiacono,0021800980,2019-03-08,CHI vs. DET,DET,L,19.98,9,4,5,0,0,1,2,1,3,4,3,0,0,2,1,-13,7.999999999999998,76.53061224489795,https://www.nba.com/stats/players/boxscores-traditional?Season=2018-19&SeasonType=Regular%20Season&TeamID=1610612741
2019,2018–19,1627885,Shaquille Harrison,0021800980,2019-03-08,CHI vs. DET,DET,L,13.166666666666666,4,2,5,0,0,0,0,1,1,2,1,1,0,1,1,-2,2.6,40.0,https://www.nba.com/stats/players/boxscores-traditional?Season=2018-19&SeasonType=Regular%20Season&TeamID=1610612741
2019,2018–19,1627782,Wayne Selden,0021800980,2019-03-08,CHI vs. DET,DET,L,15.816666666666666,5,2,3,0,1,1,2,1,0,1,0,0,1,0,1,-13,4.3,64.43298969072166,https://www.nba.com/stats/players/boxscores-traditional?Season=2018-19&SeasonType=Regular%20Season&TeamID=1610612741
2019,2018–19,1627789,Timothe Luwawu-Cabarrot,0021800980,2019-03-08,CHI vs. DET,DET,L,10.323333333333334,1,0,2,0,1,1,2,0,0,0,1,2,0,0,1,-12,1.5,17.36111111111111,https://www.nba.com/stats/players/boxscores-traditional?Season=2018-19&SeasonType=Regular%20Season&TeamID=1610612741
2019,2018–19,1626245,Cristiano Felicio,0021800980,2019-03-08,CHI vs. DET,DET,L,7.633333333333334,0,0,1,0,0,0,0,1,0,1,0,0,0,0,0,-9,0.0,0.0,https://www.nba.com/stats/players/boxscores-traditional?Season=2018-19&SeasonType=Regular%20Season&TeamID=1610612741
2019,2018–19,203897,Zach LaVine,0021800970,2019-03-06,CHI vs. PHI,PHI,W,36.0,39,14,26,2,5,9,13,3,2,5,4,1,0,2,1,6,28.900000000000002,61.47540983606557,https://www.nba.com/stats/players/boxscores-traditional?Season=2018-19&SeasonType=Regular%20Season&TeamID=1610612741
2019,2018–19,203490,Otto Porter Jr.,0021800970,2019-03-06,CHI vs. PHI,PHI,W,35.575,15,6,17,2,4,1,1,3,6,9,3,3,0,1,1,9,13.099999999999998,43.0045871559633,https://www.nba.com/stats/players/boxscores-traditional?Season=2018-19&SeasonType=Regular%20Season&TeamID=1610612741
2019,2018–19,201577,Robin Lopez,0021800970,2019-03-06,CHI vs. PHI,PHI,W,37.32833333333333,19,7,13,0,1,5,8,5,4,9,3,0,0,4,1,7,13.899999999999999,57.506053268765136,https://www.nba.com/stats/players/boxscores-traditional?Season=2018-19&SeasonType=Regular%20Season&TeamID=1610612741
2019,2018–19,1628374,Lauri Markkanen,0021800970,2019-03-06,CHI vs. PHI,PHI,W,30.383333333333333,11,4,9,0,3,3,3,1,7,8,1,0,0,4,4,-6,4.199999999999999,53.29457364341085,https://www.nba.com/stats/players/boxscores-traditional?Season=2018-19&SeasonType=Regular%20Season&TeamID=1610612741
2019,2018–19,1627739,Kris Dunn,0021800970,2019-03-06,CHI vs. PHI,PHI,W,25.833333333333332,4,2,6,0,2,0,0,1,4,5,4,2,1,0,2,3,7.2,33.33333333333333,https://www.nba.com/stats/players/boxscores-traditional?Season=2018-19&SeasonType=Regular%20Season&TeamID=1610612741
2019,2018–19,1627782,Wayne Selden,0021800970,2019-03-06,CHI vs. PHI,PHI,W,23.13,7,3,9,1,4,0,0,1,2,3,1,0,1,1,2,-1,2.8,38.88888888888889,https://www.nba.com/stats/players/boxscores-traditional?Season=2018-19&SeasonType=Regular%20Season&TeamID=1610612741
2019,2018–19,1627853,Ryan Arcidiacono,0021800970,2019-03-06,CHI vs. PHI,PHI,W,22.166666666666668,4,1,5,0,1,2,2,1,1,2,3,0,1,1,3,-2,2.5,34.01360544217687,https://www.nba.com/stats/players/boxscores-traditional?Season=2018-19&SeasonType=Regular%20Season&TeamID=1610612741
2019,2018–19,1627789,Timothe Luwawu-Cabarrot,0021800970,2019-03-06,CHI vs. PHI,PHI,W,14.083333333333334,3,1,4,1,3,0,0,0,4,4,0,1,0,0,3,-8,1.5999999999999996,37.5,https://www.nba.com/stats/players/boxscores-traditional?Season=2018-19&SeasonType=Regular%20Season&TeamID=1610612741
2019,2018–19,1627885,Shaquille Harrison,0021800970,2019-03-06,CHI vs. PHI,PHI,W,10.466666666666667,6,3,3,0,0,0,0,0,1,1,2,0,0,0,0,-3,6.800000000000001,100.0,https://www.nba.com/stats/players/boxscores-traditional?Season=2018-19&SeasonType=Regular%20Season&TeamID=1610612741
2019,2018–19,1626245,Cristiano Felicio,0021800970,2019-03-06,CHI vs. PHI,PHI,W,5.033333333333333,0,0,1,0,0,0,0,1,0,1,0,0,0,0,0,0,0.0,0.0,https://www.nba.com/stats/players/boxscores-traditional?Season=2018-19&SeasonType=Regular%20Season&TeamID=1610612741
2019,2018–19,201577,Robin Lopez,0021800959,2019-03-05,CHI @ IND,IND,L,30.723333333333333,20,9,18,0,0,2,2,6,4,10,1,0,3,0,0,-6,19.200000000000003,52.96610169491526,https://www.nba.com/stats/players/boxscores-traditional?Season=2018-19&SeasonType=Regular%20Season&TeamID=1610612741
2019,2018–19,203897,Zach LaVine,0021800959,2019-03-05,CHI @ IND,IND,L,37.20166666666667,27,10,22,2,6,5,7,0,2,2,3,0,0,3,3,-4,13.3,53.82775119617226,https://www.nba.com/stats/players/boxscores-traditional?Season=2018-19&SeasonType=Regular%20Season&TeamID=1610612741
2019,2018–19,1628374,Lauri Markkanen,0021800959,2019-03-05,CHI @ IND,IND,L,33.845,14,4,14,1,7,5,6,3,10,13,2,0,0,0,3,-7,10.7,42.06730769230769,https://www.nba.com/stats/players/boxscores-traditional?Season=2018-19&SeasonType=Regular%20Season&TeamID=1610612741
2019,2018–19,203490,Otto Porter Jr.,0021800959,2019-03-05,CHI @ IND,IND,L,32.52166666666667,7,3,11,1,5,0,0,0,4,4,2,4,2,3,1,-10,5.1,31.818181818181817,https://www.nba.com/stats/players/boxscores-traditional?Season=2018-19&SeasonType=Regular%20Season&TeamID=1610612741
2019,2018–19,1627739,Kris Dunn,0021800959,2019-03-05,CHI @ IND,IND,L,31.135,5,2,9,0,2,1,1,1,6,7,5,2,0,1,5,-2,4.5,26.48305084745763,https://www.nba.com/stats/players/boxscores-traditional?Season=2018-19&SeasonType=Regular%20Season&TeamID=1610612741
2019,2018–19,1627782,Wayne Selden,0021800959,2019-03-05,CHI @ IND,IND,L,23.595,6,2,6,0,2,2,2,1,3,4,1,0,2,0,2,-6,5.500000000000001,43.604651162790695,https://www.nba.com/stats/players/boxscores-traditional?Season=2018-19&SeasonType=Regular%20Season&TeamID=1610612741
2019,2018–19,1627853,Ryan Arcidiacono,0021800959,2019-03-05,CHI @ IND,IND,L,24.378333333333334,8,2,5,0,1,4,4,1,4,5,2,0,0,2,2,2,5.800000000000002,59.171597633136095,https://www.nba.com/stats/players/boxscores-traditional?Season=2018-19&SeasonType=Regular%20Season&TeamID=1610612741
2019,2018–19,1627885,Shaquille Harrison,0021800959,2019-03-05,CHI @ IND,IND,L,13.708333333333334,6,3,5,0,1,0,0,2,0,2,0,1,0,0,1,-7,5.699999999999999,60.0,https://www.nba.com/stats/players/boxscores-traditional?Season=2018-19&SeasonType=Regular%20Season&TeamID=1610612741
2019,2018–19,1626245,Cristiano Felicio,0021800959,2019-03-05,CHI @ IND,IND,L,7.515,3,1,2,0,0,1,2,1,1,2,0,0,0,0,3,-3,1.3999999999999995,52.083333333333336,https://www.nba.com/stats/players/boxscores-traditional?Season=2018-19&SeasonType=Regular%20Season&TeamID=1610612741
2019,2018–19,1628469,Antonio Blakeney,0021800959,2019-03-05,CHI @ IND,IND,L,0.345,0,0,0,0,0,0,0,0,0,0,0,0,0,0,0,0,0.0,0.0,https://www.nba.com/stats/players/boxscores-traditional?Season=2018-19&SeasonType=Regular%20Season&TeamID=1610612741
2019,2018–19,1627789,Timothe Luwawu-Cabarrot,0021800959,2019-03-05,CHI @ IND,IND,L,5.031666666666666,0,0,1,0,1,0,0,0,0,0,0,0,0,0,0,-2,-0.7,0.0,https://www.nba.com/stats/players/boxscores-traditional?Season=2018-19&SeasonType=Regular%20Season&TeamID=1610612741
2019,2018–19,1628374,Lauri Markkanen,0021800946,2019-03-03,CHI vs. ATL,ATL,L,28.666666666666668,19,6,21,3,9,4,5,1,8,9,3,2,0,1,1,1,12.099999999999998,40.94827586206897,https://www.nba.com/stats/players/boxscores-traditional?Season=2018-19&SeasonType=Regular%20Season&TeamID=1610612741
2019,2018–19,1627739,Kris Dunn,0021800946,2019-03-03,CHI vs. ATL,ATL,L,27.25,14,6,12,2,5,0,0,1,3,4,6,2,0,3,3,-4,11.599999999999998,58.333333333333336,https://www.nba.com/stats/players/boxscores-traditional?Season=2018-19&SeasonType=Regular%20Season&TeamID=1610612741
2019,2018–19,201577,Robin Lopez,0021800946,2019-03-03,CHI vs. ATL,ATL,L,27.678333333333335,16,8,10,0,0,0,0,1,5,6,4,0,1,1,3,0,15.7,80.0,https://www.nba.com/stats/players/boxscores-traditional?Season=2018-19&SeasonType=Regular%20Season&TeamID=1610612741
2019,2018–19,1627853,Ryan Arcidiacono,0021800946,2019-03-03,CHI vs. ATL,ATL,L,22.666666666666668,13,5,9,0,2,3,3,1,2,3,1,1,1,0,3,-2,11.199999999999996,62.98449612403101,https://www.nba.com/stats/players/boxscores-traditional?Season=2018-19&SeasonType=Regular%20Season&TeamID=1610612741
2019,2018–19,1628469,Antonio Blakeney,0021800946,2019-03-03,CHI vs. ATL,ATL,L,20.316666666666666,17,8,13,1,2,0,0,0,2,2,1,0,0,2,2,9,9.599999999999998,65.38461538461539,https://www.nba.com/stats/players/boxscores-traditional?Season=2018-19&SeasonType=Regular%20Season&TeamID=1610612741
2019,2018–19,203897,Zach LaVine,0021800946,2019-03-03,CHI vs. ATL,ATL,L,27.816666666666666,12,3,9,0,2,6,7,0,2,2,2,1,1,4,1,-2,5.799999999999997,49.668874172185426,https://www.nba.com/stats/players/boxscores-traditional?Season=2018-19&SeasonType=Regular%20Season&TeamID=1610612741
2019,2018–19,1626245,Cristiano Felicio,0021800946,2019-03-03,CHI vs. ATL,ATL,L,16.183333333333334,10,4,5,0,0,2,4,3,1,4,2,0,0,0,1,-8,10.7,73.96449704142012,https://www.nba.com/stats/players/boxscores-traditional?Season=2018-19&SeasonType=Regular%20Season&TeamID=1610612741
2019,2018–19,1627782,Wayne Selden,0021800946,2019-03-03,CHI vs. ATL,ATL,L,23.645,9,4,7,0,3,1,2,0,4,4,2,0,0,1,4,-3,5.300000000000001,57.10659898477157,https://www.nba.com/stats/players/boxscores-traditional?Season=2018-19&SeasonType=Regular%20Season&TeamID=1610612741
2019,2018–19,1627885,Shaquille Harrison,0021800946,2019-03-03,CHI vs. ATL,ATL,L,27.26,2,1,3,0,1,0,0,1,3,4,4,0,2,0,0,-10,6.1,33.33333333333333,https://www.nba.com/stats/players/boxscores-traditional?Season=2018-19&SeasonType=Regular%20Season&TeamID=1610612741
2019,2018–19,1627789,Timothe Luwawu-Cabarrot,0021800946,2019-03-03,CHI vs. ATL,ATL,L,18.516666666666666,6,2,3,2,3,0,0,1,3,4,0,0,0,2,2,-6,3.500000000000001,100.0,https://www.nba.com/stats/players/boxscores-traditional?Season=2018-19&SeasonType=Regular%20Season&TeamID=1610612741
2019,2018–19,203897,Zach LaVine,0021800928,2019-03-01,CHI @ ATL,ATL,W,55.56666666666667,47,17,35,6,14,7,11,2,7,9,9,2,0,8,3,5,30.29999999999999,58.98594377510039,https://www.nba.com/stats/players/boxscores-traditional?Season=2018-19&SeasonType=Regular%20Season&TeamID=1610612741
2019,2018–19,1628374,Lauri Markkanen,0021800928,2019-03-01,CHI @ ATL,ATL,W,53.888333333333335,31,9,18,3,6,10,12,2,15,17,2,1,1,1,2,14,28.399999999999995,66.5807560137457,https://www.nba.com/stats/players/boxscores-traditional?Season=2018-19&SeasonType=Regular%20Season&TeamID=1610612741
2019,2018–19,203490,Otto Porter Jr.,0021800928,2019-03-01,CHI @ ATL,ATL,W,54.56666666666667,31,10,25,7,13,4,4,2,8,10,4,1,0,3,4,12,20.499999999999996,57.92227204783258,https://www.nba.com/stats/players/boxscores-traditional?Season=2018-19&SeasonType=Regular%20Season&TeamID=1610612741
2019,2018–19,201577,Robin Lopez,0021800928,2019-03-01,CHI @ ATL,ATL,W,39.64333333333333,11,5,8,0,0,1,2,5,6,11,1,1,3,1,3,19,13.900000000000002,61.936936936936924,https://www.nba.com/stats/players/boxscores-traditional?Season=2018-19&SeasonType=Regular%20Season&TeamID=1610612741
2019,2018–19,1627739,Kris Dunn,0021800928,2019-03-01,CHI @ ATL,ATL,W,31.763333333333332,14,5,11,3,5,1,2,0,1,1,6,0,1,1,6,-12,9.7,58.92255892255892,https://www.nba.com/stats/players/boxscores-traditional?Season=2018-19&SeasonType=Regular%20Season&TeamID=1610612741
2019,2018–19,1627885,Shaquille Harrison,0021800928,2019-03-01,CHI @ ATL,ATL,W,15.031666666666666,13,4,6,0,1,5,7,0,3,3,2,1,0,0,3,5,11.7,71.58590308370044,https://www.nba.com/stats/players/boxscores-traditional?Season=2018-19&SeasonType=Regular%20Season&TeamID=1610612741
2019,2018–19,1627853,Ryan Arcidiacono,0021800928,2019-03-01,CHI @ ATL,ATL,W,37.93333333333333,10,3,5,2,3,2,2,0,6,6,1,0,0,1,4,11,7.6,85.03401360544218,https://www.nba.com/stats/players/boxscores-traditional?Season=2018-19&SeasonType=Regular%20Season&TeamID=1610612741
2019,2018–19,1627782,Wayne Selden,0021800928,2019-03-01,CHI @ ATL,ATL,W,31.823333333333334,5,1,6,0,4,3,6,0,2,2,4,3,0,0,2,-17,5.6000000000000005,28.935185185185187,https://www.nba.com/stats/players/boxscores-traditional?Season=2018-19&SeasonType=Regular%20Season&TeamID=1610612741
2019,2018–19,1627789,Timothe Luwawu-Cabarrot,0021800928,2019-03-01,CHI @ ATL,ATL,W,14.316666666666666,4,2,5,0,2,0,0,0,2,2,1,1,0,0,1,-1,3.1999999999999997,40.0,https://www.nba.com/stats/players/boxscores-traditional?Season=2018-19&SeasonType=Regular%20Season&TeamID=1610612741
2019,2018–19,1626245,Cristiano Felicio,0021800928,2019-03-01,CHI @ ATL,ATL,W,5.466666666666667,2,0,0,0,0,2,2,0,1,1,0,0,0,1,2,-1,0.4999999999999998,113.63636363636364,https://www.nba.com/stats/players/boxscores-traditional?Season=2018-19&SeasonType=Regular%20Season&TeamID=1610612741
2019,2018–19,203897,Zach LaVine,0021800916,2019-02-27,CHI @ MEM,MEM,W,34.5,30,12,19,2,4,4,4,1,4,5,4,1,1,3,1,2,24.5,72.2543352601156,https://www.nba.com/stats/players/boxscores-traditional?Season=2018-19&SeasonType=Regular%20Season&TeamID=1610612741
2019,2018–19,203490,Otto Porter Jr.,0021800916,2019-02-27,CHI @ MEM,MEM,W,31.733333333333334,20,7,12,3,6,3,4,0,6,6,3,3,3,3,3,-2,18.8,72.67441860465115,https://www.nba.com/stats/players/boxscores-traditional?Season=2018-19&SeasonType=Regular%20Season&TeamID=1610612741
2019,2018–19,1628374,Lauri Markkanen,0021800916,2019-02-27,CHI @ MEM,MEM,W,35.483333333333334,22,7,16,0,5,8,9,1,9,10,1,0,0,4,1,1,12.900000000000002,55.11022044088176,https://www.nba.com/stats/players/boxscores-traditional?Season=2018-19&SeasonType=Regular%20Season&TeamID=1610612741
2019,2018–19,1627739,Kris Dunn,0021800916,2019-02-27,CHI @ MEM,MEM,W,30.583333333333332,9,3,8,1,1,2,2,1,3,4,4,3,0,0,5,8,10.0,50.67567567567567,https://www.nba.com/stats/players/boxscores-traditional?Season=2018-19&SeasonType=Regular%20Season&TeamID=1610612741
2019,2018–19,201577,Robin Lopez,0021800916,2019-02-27,CHI @ MEM,MEM,W,39.64333333333333,4,2,7,0,1,0,0,1,2,3,1,0,5,2,3,8,2.2,28.57142857142857,https://www.nba.com/stats/players/boxscores-traditional?Season=2018-19&SeasonType=Regular%20Season&TeamID=1610612741
2019,2018–19,1627853,Ryan Arcidiacono,0021800916,2019-02-27,CHI @ MEM,MEM,W,17.416666666666668,12,5,6,2,2,0,0,0,2,2,2,0,0,0,2,-6,11.0,100.0,https://www.nba.com/stats/players/boxscores-traditional?Season=2018-19&SeasonType=Regular%20Season&TeamID=1610612741
2019,2018–19,1627782,Wayne Selden,0021800916,2019-02-27,CHI @ MEM,MEM,W,19.49,2,1,5,0,2,0,0,0,5,5,2,4,0,2,2,0,3.000000000000001,20.0,https://www.nba.com/stats/players/boxscores-traditional?Season=2018-19&SeasonType=Regular%20Season&TeamID=1610612741
2019,2018–19,1627885,Shaquille Harrison,0021800916,2019-02-27,CHI @ MEM,MEM,W,19.416666666666668,10,2,5,0,2,6,6,1,1,2,2,0,0,0,2,1,8.9,65.44502617801047,https://www.nba.com/stats/players/boxscores-traditional?Season=2018-19&SeasonType=Regular%20Season&TeamID=1610612741
2019,2018–19,1626245,Cristiano Felicio,0021800916,2019-02-27,CHI @ MEM,MEM,W,4.016666666666667,0,0,3,0,0,0,0,2,2,4,0,1,0,0,1,-6,0.5000000000000002,0.0,https://www.nba.com/stats/players/boxscores-traditional?Season=2018-19&SeasonType=Regular%20Season&TeamID=1610612741
2019,2018–19,1627789,Timothe Luwawu-Cabarrot,0021800916,2019-02-27,CHI @ MEM,MEM,W,7.716666666666667,0,0,1,0,1,0,0,0,1,1,1,0,0,1,0,4,-0.7,0.0,https://www.nba.com/stats/players/boxscores-traditional?Season=2018-19&SeasonType=Regular%20Season&TeamID=1610612741
2019,2018–19,1628374,Lauri Markkanen,0021800902,2019-02-25,CHI vs. MIL,MIL,L,35.65,26,11,22,2,6,2,2,3,9,12,3,1,0,0,3,-9,21.7,56.81818181818182,https://www.nba.com/stats/players/boxscores-traditional?Season=2018-19&SeasonType=Regular%20Season&TeamID=1610612741
2019,2018–19,203897,Zach LaVine,0021800902,2019-02-25,CHI vs. MIL,MIL,L,36.483333333333334,11,4,13,2,4,1,3,0,8,8,9,0,2,2,1,-7,10.399999999999999,38.40782122905028,https://www.nba.com/stats/players/boxscores-traditional?Season=2018-19&SeasonType=Regular%20Season&TeamID=1610612741
2019,2018–19,201577,Robin Lopez,0021800902,2019-02-25,CHI vs. MIL,MIL,L,33.901666666666664,26,10,16,1,1,5,7,2,1,3,2,0,1,1,1,-3,20.4,68.13417190775682,https://www.nba.com/stats/players/boxscores-traditional?Season=2018-19&SeasonType=Regular%20Season&TeamID=1610612741
2019,2018–19,1627789,Timothe Luwawu-Cabarrot,0021800902,2019-02-25,CHI vs. MIL,MIL,L,28.048333333333332,12,5,10,1,4,1,3,0,7,7,4,1,0,3,3,15,7.900000000000002,53.003533568904594,https://www.nba.com/stats/players/boxscores-traditional?Season=2018-19&SeasonType=Regular%20Season&TeamID=1610612741
2019,2018–19,1627782,Wayne Selden,0021800902,2019-02-25,CHI vs. MIL,MIL,L,29.031666666666666,12,5,12,1,4,1,1,1,2,3,3,1,0,1,3,-20,7.800000000000001,48.231511254019296,https://www.nba.com/stats/players/boxscores-traditional?Season=2018-19&SeasonType=Regular%20Season&TeamID=1610612741
2019,2018–19,1627853,Ryan Arcidiacono,0021800902,2019-02-25,CHI vs. MIL,MIL,L,30.483333333333334,7,2,7,1,3,2,2,0,3,3,6,0,0,0,1,-4,7.6,44.41624365482234,https://www.nba.com/stats/players/boxscores-traditional?Season=2018-19&SeasonType=Regular%20Season&TeamID=1610612741
2019,2018–19,1628469,Antonio Blakeney,0021800902,2019-02-25,CHI vs. MIL,MIL,L,15.366666666666667,8,3,7,1,2,1,1,0,2,2,1,0,0,0,0,-9,5.6,53.76344086021505,https://www.nba.com/stats/players/boxscores-traditional?Season=2018-19&SeasonType=Regular%20Season&TeamID=1610612741
2019,2018–19,1627885,Shaquille Harrison,0021800902,2019-02-25,CHI vs. MIL,MIL,L,20.468333333333334,2,0,2,0,2,2,3,0,2,2,2,0,0,0,4,-12,0.6000000000000001,30.12048192771084,https://www.nba.com/stats/players/boxscores-traditional?Season=2018-19&SeasonType=Regular%20Season&TeamID=1610612741
2019,2018–19,1626245,Cristiano Felicio,0021800902,2019-02-25,CHI vs. MIL,MIL,L,10.566666666666666,2,1,3,0,0,0,0,0,1,1,1,0,0,0,2,-6,0.5000000000000002,33.33333333333333,https://www.nba.com/stats/players/boxscores-traditional?Season=2018-19&SeasonType=Regular%20Season&TeamID=1610612741
2019,2018–19,1628374,Lauri Markkanen,0021800889,2019-02-23,CHI vs. BOS,BOS,W,36.99166666666667,35,12,20,3,7,8,9,3,12,15,2,1,0,1,1,6,32.1,73.03839732888147,https://www.nba.com/stats/players/boxscores-traditional?Season=2018-19&SeasonType=Regular%20Season&TeamID=1610612741
2019,2018–19,203897,Zach LaVine,0021800889,2019-02-23,CHI vs. BOS,BOS,W,38.88333333333333,42,17,29,5,11,3,3,1,5,6,4,0,0,5,5,3,26.5,69.26121372031662,https://www.nba.com/stats/players/boxscores-traditional?Season=2018-19&SeasonType=Regular%20Season&TeamID=1610612741
2019,2018–19,201577,Robin Lopez,0021800889,2019-02-23,CHI vs. BOS,BOS,W,27.31833333333333,17,6,8,0,0,5,5,3,3,6,4,0,0,1,3,0,17.4,83.33333333333334,https://www.nba.com/stats/players/boxscores-traditional?Season=2018-19&SeasonType=Regular%20Season&TeamID=1610612741
2019,2018–19,1627782,Wayne Selden,0021800889,2019-02-23,CHI vs. BOS,BOS,W,25.733333333333334,9,3,6,1,3,2,2,1,5,6,2,0,1,3,2,2,6.499999999999998,65.40697674418605,https://www.nba.com/stats/players/boxscores-traditional?Season=2018-19&SeasonType=Regular%20Season&TeamID=1610612741
2019,2018–19,1627853,Ryan Arcidiacono,0021800889,2019-02-23,CHI vs. BOS,BOS,W,27.433333333333334,8,2,4,2,3,2,2,0,3,3,4,1,0,1,2,7,8.899999999999999,81.9672131147541,https://www.nba.com/stats/players/boxscores-traditional?Season=2018-19&SeasonType=Regular%20Season&TeamID=1610612741
2019,2018–19,1626245,Cristiano Felicio,0021800889,2019-02-23,CHI vs. BOS,BOS,W,15.133333333333333,6,3,5,0,0,0,0,1,6,7,0,0,0,0,1,3,5.8,60.0,https://www.nba.com/stats/players/boxscores-traditional?Season=2018-19&SeasonType=Regular%20Season&TeamID=1610612741
2019,2018–19,1627885,Shaquille Harrison,0021800889,2019-02-23,CHI vs. BOS,BOS,W,18.716666666666665,2,1,1,0,0,0,0,0,2,2,2,2,1,0,1,26,5.999999999999999,100.0,https://www.nba.com/stats/players/boxscores-traditional?Season=2018-19&SeasonType=Regular%20Season&TeamID=1610612741
2019,2018–19,1627739,Kris Dunn,0021800889,2019-02-23,CHI vs. BOS,BOS,W,24.565,4,2,7,0,2,0,0,1,0,1,5,0,0,1,3,-2,1.9000000000000004,28.57142857142857,https://www.nba.com/stats/players/boxscores-traditional?Season=2018-19&SeasonType=Regular%20Season&TeamID=1610612741
2019,2018–19,203490,Otto Porter Jr.,0021800889,2019-02-23,CHI vs. BOS,BOS,W,14.233333333333333,0,0,4,0,2,0,0,1,2,3,3,0,0,1,2,-2,-1.2,0.0,https://www.nba.com/stats/players/boxscores-traditional?Season=2018-19&SeasonType=Regular%20Season&TeamID=1610612741
2019,2018–19,1627789,Timothe Luwawu-Cabarrot,0021800889,2019-02-23,CHI vs. BOS,BOS,W,10.991666666666667,3,1,4,1,2,0,0,0,0,0,0,0,0,0,2,7,-0.19999999999999996,37.5,https://www.nba.com/stats/players/boxscores-traditional?Season=2018-19&SeasonType=Regular%20Season&TeamID=1610612741
2019,2018–19,1628374,Lauri Markkanen,0021800875,2019-02-22,CHI @ ORL,ORL,W,37.666666666666664,25,8,21,4,10,5,6,0,11,11,2,1,0,1,4,2,16.199999999999996,52.87648054145516,https://www.nba.com/stats/players/boxscores-traditional?Season=2018-19&SeasonType=Regular%20Season&TeamID=1610612741
2019,2018–19,203897,Zach LaVine,0021800875,2019-02-22,CHI @ ORL,ORL,W,33.233333333333334,22,6,14,5,6,5,5,1,3,4,6,2,0,2,1,3,20.0,67.90123456790124,https://www.nba.com/stats/players/boxscores-traditional?Season=2018-19&SeasonType=Regular%20Season&TeamID=1610612741
2019,2018–19,203490,Otto Porter Jr.,0021800875,2019-02-22,CHI @ ORL,ORL,W,37.78333333333333,17,6,15,3,6,2,2,0,5,5,4,1,1,1,3,10,12.7,53.5264483627204,https://www.nba.com/stats/players/boxscores-traditional?Season=2018-19&SeasonType=Regular%20Season&TeamID=1610612741
2019,2018–19,201577,Robin Lopez,0021800875,2019-02-22,CHI @ ORL,ORL,W,31.043333333333333,18,8,13,0,0,2,2,3,3,6,1,0,3,0,2,-3,17.099999999999998,64.8414985590778,https://www.nba.com/stats/players/boxscores-traditional?Season=2018-19&SeasonType=Regular%20Season&TeamID=1610612741
2019,2018–19,1627885,Shaquille Harrison,0021800875,2019-02-22,CHI @ ORL,ORL,W,13.85,8,3,4,0,0,2,2,1,3,4,0,3,0,1,0,-2,10.0,81.9672131147541,https://www.nba.com/stats/players/boxscores-traditional?Season=2018-19&SeasonType=Regular%20Season&TeamID=1610612741
2019,2018–19,1627739,Kris Dunn,0021800875,2019-02-22,CHI @ ORL,ORL,W,29.256666666666668,8,4,9,0,2,0,0,0,3,3,2,1,0,2,1,-1,4.199999999999999,44.44444444444444,https://www.nba.com/stats/players/boxscores-traditional?Season=2018-19&SeasonType=Regular%20Season&TeamID=1610612741
2019,2018–19,1627782,Wayne Selden,0021800875,2019-02-22,CHI @ ORL,ORL,W,24.316666666666666,6,2,7,0,3,2,2,0,4,4,2,0,0,0,0,-3,4.5,38.07106598984772,https://www.nba.com/stats/players/boxscores-traditional?Season=2018-19&SeasonType=Regular%20Season&TeamID=1610612741
2019,2018–19,1627853,Ryan Arcidiacono,0021800875,2019-02-22,CHI @ ORL,ORL,W,19.566666666666666,4,2,3,0,1,0,0,0,1,1,1,0,0,0,4,4,2.1,66.66666666666666,https://www.nba.com/stats/players/boxscores-traditional?Season=2018-19&SeasonType=Regular%20Season&TeamID=1610612741
2019,2018–19,1626245,Cristiano Felicio,0021800875,2019-02-22,CHI @ ORL,ORL,W,7.883333333333334,2,1,3,0,0,0,0,1,0,1,0,0,0,1,3,-4,-1.2,33.33333333333333,https://www.nba.com/stats/players/boxscores-traditional?Season=2018-19&SeasonType=Regular%20Season&TeamID=1610612741
2019,2018–19,1627789,Timothe Luwawu-Cabarrot,0021800875,2019-02-22,CHI @ ORL,ORL,W,5.4,0,0,1,0,1,0,0,0,0,0,0,0,0,0,1,-1,-1.1,0.0,https://www.nba.com/stats/players/boxscores-traditional?Season=2018-19&SeasonType=Regular%20Season&TeamID=1610612741
2019,2018–19,203490,Otto Porter Jr.,0021800858,2019-02-13,CHI vs. MEM,MEM,W,34.1,37,16,20,3,5,2,2,3,7,10,2,0,1,2,2,21,32.900000000000006,88.60153256704982,https://www.nba.com/stats/players/boxscores-traditional?Season=2018-19&SeasonType=Regular%20Season&TeamID=1610612741
2019,2018–19,1628374,Lauri Markkanen,0021800858,2019-02-13,CHI vs. MEM,MEM,W,34.983333333333334,21,6,14,3,6,6,6,0,9,9,6,1,0,2,2,19,18.7,63.10096153846153,https://www.nba.com/stats/players/boxscores-traditional?Season=2018-19&SeasonType=Regular%20Season&TeamID=1610612741
2019,2018–19,201577,Robin Lopez,0021800858,2019-02-13,CHI vs. MEM,MEM,W,31.9,25,10,15,0,1,5,6,2,3,5,1,0,2,2,2,26,19.699999999999996,70.86167800453515,https://www.nba.com/stats/players/boxscores-traditional?Season=2018-19&SeasonType=Regular%20Season&TeamID=1610612741
2019,2018–19,203897,Zach LaVine,0021800858,2019-02-13,CHI vs. MEM,MEM,W,34.11666666666667,15,5,10,1,3,4,4,1,5,6,7,0,0,4,2,25,12.299999999999997,63.775510204081634,https://www.nba.com/stats/players/boxscores-traditional?Season=2018-19&SeasonType=Regular%20Season&TeamID=1610612741
2019,2018–19,1627853,Ryan Arcidiacono,0021800858,2019-02-13,CHI vs. MEM,MEM,W,33.55,2,1,2,0,0,0,0,0,6,6,11,1,0,1,4,20,8.9,50.0,https://www.nba.com/stats/players/boxscores-traditional?Season=2018-19&SeasonType=Regular%20Season&TeamID=1610612741
2019,2018–19,1626245,Cristiano Felicio,0021800858,2019-02-13,CHI vs. MEM,MEM,W,14.433333333333334,8,2,4,0,0,4,7,2,1,3,0,0,0,0,1,-12,6.1000000000000005,56.49717514124294,https://www.nba.com/stats/players/boxscores-traditional?Season=2018-19&SeasonType=Regular%20Season&TeamID=1610612741
2019,2018–19,1627885,Shaquille Harrison,0021800858,2019-02-13,CHI vs. MEM,MEM,W,16.116666666666667,6,3,4,0,0,0,0,1,3,4,0,0,0,1,1,-10,4.6,75.0,https://www.nba.com/stats/players/boxscores-traditional?Season=2018-19&SeasonType=Regular%20Season&TeamID=1610612741
2019,2018–19,1627782,Wayne Selden,0021800858,2019-02-13,CHI vs. MEM,MEM,W,20.433333333333334,6,2,7,1,3,1,2,0,3,3,0,0,0,2,3,-8,-0.7999999999999998,38.07106598984772,https://www.nba.com/stats/players/boxscores-traditional?Season=2018-19&SeasonType=Regular%20Season&TeamID=1610612741
2019,2018–19,1627789,Timothe Luwawu-Cabarrot,0021800858,2019-02-13,CHI vs. MEM,MEM,W,17.0,2,0,4,0,2,2,2,0,0,0,0,0,0,0,1,-13,-1.1999999999999997,20.491803278688526,https://www.nba.com/stats/players/boxscores-traditional?Season=2018-19&SeasonType=Regular%20Season&TeamID=1610612741
2019,2018–19,1628469,Antonio Blakeney,0021800858,2019-02-13,CHI vs. MEM,MEM,W,1.6833333333333333,0,0,0,0,0,0,0,0,0,0,1,0,0,0,0,-4,0.7,0.0,https://www.nba.com/stats/players/boxscores-traditional?Season=2018-19&SeasonType=Regular%20Season&TeamID=1610612741
2019,2018–19,1628959,Rawle Alkins,0021800858,2019-02-13,CHI vs. MEM,MEM,W,1.6833333333333333,0,0,0,0,0,0,0,0,0,0,0,0,0,0,1,-4,-0.4,0.0,https://www.nba.com/stats/players/boxscores-traditional?Season=2018-19&SeasonType=Regular%20Season&TeamID=1610612741
2019,2018–19,203897,Zach LaVine,0021800843,2019-02-11,CHI vs. MIL,MIL,L,35.983333333333334,27,9,19,4,6,5,5,0,5,5,7,1,1,2,4,0,21.8,63.67924528301887,https://www.nba.com/stats/players/boxscores-traditional?Season=2018-19&SeasonType=Regular%20Season&TeamID=1610612741
2019,2018–19,1628374,Lauri Markkanen,0021800843,2019-02-11,CHI vs. MIL,MIL,L,37.95,20,6,21,1,7,7,7,4,13,17,3,2,0,1,4,-5,15.899999999999999,41.528239202657815,https://www.nba.com/stats/players/boxscores-traditional?Season=2018-19&SeasonType=Regular%20Season&TeamID=1610612741
2019,2018–19,203490,Otto Porter Jr.,0021800843,2019-02-11,CHI vs. MIL,MIL,L,37.376666666666665,18,7,14,2,4,2,2,3,4,7,4,1,0,3,4,-9,13.5,60.483870967741936,https://www.nba.com/stats/players/boxscores-traditional?Season=2018-19&SeasonType=Regular%20Season&TeamID=1610612741
2019,2018–19,201577,Robin Lopez,0021800843,2019-02-11,CHI vs. MIL,MIL,L,32.906666666666666,17,8,13,0,1,1,2,2,2,4,1,0,1,2,2,1,11.299999999999997,61.23919308357348,https://www.nba.com/stats/players/boxscores-traditional?Season=2018-19&SeasonType=Regular%20Season&TeamID=1610612741
2019,2018–19,1627739,Kris Dunn,0021800843,2019-02-11,CHI vs. MIL,MIL,L,32.766666666666666,2,1,9,0,1,0,0,0,4,4,6,1,0,2,4,1,-1.100000000000001,11.11111111111111,https://www.nba.com/stats/players/boxscores-traditional?Season=2018-19&SeasonType=Regular%20Season&TeamID=1610612741
2019,2018–19,1627789,Timothe Luwawu-Cabarrot,0021800843,2019-02-11,CHI vs. MIL,MIL,L,16.033333333333335,9,3,6,2,3,1,2,0,1,1,0,1,0,0,1,-19,6.499999999999999,65.40697674418605,https://www.nba.com/stats/players/boxscores-traditional?Season=2018-19&SeasonType=Regular%20Season&TeamID=1610612741
2019,2018–19,1627782,Wayne Selden,0021800843,2019-02-11,CHI vs. MIL,MIL,L,21.3,4,2,10,0,3,0,0,0,4,4,0,1,0,2,2,-10,-2.8000000000000003,20.0,https://www.nba.com/stats/players/boxscores-traditional?Season=2018-19&SeasonType=Regular%20Season&TeamID=1610612741
2019,2018–19,1627885,Shaquille Harrison,0021800843,2019-02-11,CHI vs. MIL,MIL,L,10.45,0,0,2,0,2,0,0,0,1,1,2,1,0,1,1,-10,-0.09999999999999998,0.0,https://www.nba.com/stats/players/boxscores-traditional?Season=2018-19&SeasonType=Regular%20Season&TeamID=1610612741
2019,2018–19,1627853,Ryan Arcidiacono,0021800843,2019-02-11,CHI vs. MIL,MIL,L,15.233333333333333,2,1,2,0,1,0,0,0,2,2,1,0,0,0,0,-14,2.3,50.0,https://www.nba.com/stats/players/boxscores-traditional?Season=2018-19&SeasonType=Regular%20Season&TeamID=1610612741
2019,2018–19,203897,Zach LaVine,0021800830,2019-02-09,CHI vs. WAS,WAS,L,35.56666666666667,26,11,17,0,3,4,5,1,3,4,6,1,0,3,1,-12,21.5,67.70833333333334,https://www.nba.com/stats/players/boxscores-traditional?Season=2018-19&SeasonType=Regular%20Season&TeamID=1610612741
2019,2018–19,1628374,Lauri Markkanen,0021800830,2019-02-09,CHI vs. WAS,WAS,L,31.67,20,9,17,1,6,1,2,3,8,11,4,0,0,1,2,-9,16.8,55.92841163310962,https://www.nba.com/stats/players/boxscores-traditional?Season=2018-19&SeasonType=Regular%20Season&TeamID=1610612741
2019,2018–19,203490,Otto Porter Jr.,0021800830,2019-02-09,CHI vs. WAS,WAS,L,34.333333333333336,17,6,15,2,5,3,5,1,1,2,2,2,1,1,1,-9,11.799999999999997,49.418604651162795,https://www.nba.com/stats/players/boxscores-traditional?Season=2018-19&SeasonType=Regular%20Season&TeamID=1610612741
2019,2018–19,201577,Robin Lopez,0021800830,2019-02-09,CHI vs. WAS,WAS,L,18.63,18,7,10,0,0,4,5,1,2,3,0,0,2,0,4,3,14.499999999999998,73.77049180327869,https://www.nba.com/stats/players/boxscores-traditional?Season=2018-19&SeasonType=Regular%20Season&TeamID=1610612741
2019,2018–19,1627782,Wayne Selden,0021800830,2019-02-09,CHI vs. WAS,WAS,L,25.25,17,5,13,1,2,6,6,2,2,4,1,1,0,0,1,-10,13.2,54.347826086956516,https://www.nba.com/stats/players/boxscores-traditional?Season=2018-19&SeasonType=Regular%20Season&TeamID=1610612741
2019,2018–19,1627739,Kris Dunn,0021800830,2019-02-09,CHI vs. WAS,WAS,L,32.55,6,3,6,0,1,0,0,1,3,4,8,3,0,4,1,-10,8.8,50.0,https://www.nba.com/stats/players/boxscores-traditional?Season=2018-19&SeasonType=Regular%20Season&TeamID=1610612741
2019,2018–19,1627789,Timothe Luwawu-Cabarrot,0021800830,2019-02-09,CHI vs. WAS,WAS,L,17.0,5,2,4,1,2,0,0,1,5,6,1,0,1,2,2,0,3.8000000000000007,62.5,https://www.nba.com/stats/players/boxscores-traditional?Season=2018-19&SeasonType=Regular%20Season&TeamID=1610612741
2019,2018–19,1626245,Cristiano Felicio,0021800830,2019-02-09,CHI vs. WAS,WAS,L,11.783333333333333,5,2,2,0,0,1,3,4,1,5,1,0,1,0,1,-1,7.699999999999999,75.3012048192771,https://www.nba.com/stats/players/boxscores-traditional?Season=2018-19&SeasonType=Regular%20Season&TeamID=1610612741
2019,2018–19,1627853,Ryan Arcidiacono,0021800830,2019-02-09,CHI vs. WAS,WAS,L,17.533333333333335,4,1,5,0,2,2,2,0,2,2,3,0,0,0,2,1,2.8,34.01360544217687,https://www.nba.com/stats/players/boxscores-traditional?Season=2018-19&SeasonType=Regular%20Season&TeamID=1610612741
2019,2018–19,1629102,Brandon Sampson,0021800830,2019-02-09,CHI vs. WAS,WAS,L,2.1333333333333333,7,3,3,1,1,0,0,0,1,1,0,0,0,0,0,6,6.3999999999999995,116.66666666666667,https://www.nba.com/stats/players/boxscores-traditional?Season=2018-19&SeasonType=Regular%20Season&TeamID=1610612741
2019,2018–19,1627885,Shaquille Harrison,0021800830,2019-02-09,CHI vs. WAS,WAS,L,13.55,0,0,5,0,1,0,0,0,3,3,2,0,0,0,0,-4,-1.2000000000000002,0.0,https://www.nba.com/stats/players/boxscores-traditional?Season=2018-19&SeasonType=Regular%20Season&TeamID=1610612741
2019,2018–19,1628374,Lauri Markkanen,0021800820,2019-02-08,CHI @ BKN,BKN,W,38.406666666666666,31,11,18,4,7,5,6,2,16,18,0,0,2,3,3,17,25.799999999999997,75.09689922480621,https://www.nba.com/stats/players/boxscores-traditional?Season=2018-19&SeasonType=Regular%20Season&TeamID=1610612741
2019,2018–19,203897,Zach LaVine,0021800820,2019-02-08,CHI @ BKN,BKN,W,37.4,26,10,17,1,2,5,7,1,2,3,5,2,0,1,1,12,22.700000000000003,64.74103585657372,https://www.nba.com/stats/players/boxscores-traditional?Season=2018-19&SeasonType=Regular%20Season&TeamID=1610612741
2019,2018–19,1627739,Kris Dunn,0021800820,2019-02-08,CHI @ BKN,BKN,W,30.356666666666666,14,5,11,1,5,3,4,0,5,5,9,0,1,3,4,12,11.799999999999999,54.858934169278996,https://www.nba.com/stats/players/boxscores-traditional?Season=2018-19&SeasonType=Regular%20Season&TeamID=1610612741
2019,2018–19,203490,Otto Porter Jr.,0021800820,2019-02-08,CHI @ BKN,BKN,W,33.65,18,7,9,4,5,0,0,1,3,4,1,0,0,2,2,18,13.999999999999996,100.0,https://www.nba.com/stats/players/boxscores-traditional?Season=2018-19&SeasonType=Regular%20Season&TeamID=1610612741
2019,2018–19,201577,Robin Lopez,0021800820,2019-02-08,CHI @ BKN,BKN,W,17.85,12,6,8,0,0,0,0,3,2,5,2,1,0,2,5,2,9.9,75.0,https://www.nba.com/stats/players/boxscores-traditional?Season=2018-19&SeasonType=Regular%20Season&TeamID=1610612741
2019,2018–19,1627782,Wayne Selden,0021800820,2019-02-08,CHI @ BKN,BKN,W,25.073333333333334,11,4,6,3,3,0,0,0,0,0,2,0,0,1,1,5,8.4,91.66666666666666,https://www.nba.com/stats/players/boxscores-traditional?Season=2018-19&SeasonType=Regular%20Season&TeamID=1610612741
2019,2018–19,1627789,Timothe Luwawu-Cabarrot,0021800820,2019-02-08,CHI @ BKN,BKN,W,13.876666666666667,8,2,7,1,5,3,3,0,4,4,0,1,0,0,2,5,5.300000000000002,48.07692307692307,https://www.nba.com/stats/players/boxscores-traditional?Season=2018-19&SeasonType=Regular%20Season&TeamID=1610612741
2019,2018–19,1626245,Cristiano Felicio,0021800820,2019-02-08,CHI @ BKN,BKN,W,15.083333333333334,5,1,4,0,0,3,4,1,3,4,0,0,1,1,2,8,2.7,43.40277777777778,https://www.nba.com/stats/players/boxscores-traditional?Season=2018-19&SeasonType=Regular%20Season&TeamID=1610612741
2019,2018–19,1627853,Ryan Arcidiacono,0021800820,2019-02-08,CHI @ BKN,BKN,W,17.5,0,0,2,0,1,0,0,0,5,5,5,0,0,1,0,7,2.6,0.0,https://www.nba.com/stats/players/boxscores-traditional?Season=2018-19&SeasonType=Regular%20Season&TeamID=1610612741
2019,2018–19,1627885,Shaquille Harrison,0021800820,2019-02-08,CHI @ BKN,BKN,W,9.66,0,0,3,0,0,0,0,0,2,2,3,1,1,2,1,9,-0.10000000000000009,0.0,https://www.nba.com/stats/players/boxscores-traditional?Season=2018-19&SeasonType=Regular%20Season&TeamID=1610612741
2019,2018–19,1628469,Antonio Blakeney,0021800820,2019-02-08,CHI @ BKN,BKN,W,0.6433333333333333,0,0,0,0,0,0,0,0,0,0,0,0,0,0,0,0,0.0,0.0,https://www.nba.com/stats/players/boxscores-traditional?Season=2018-19&SeasonType=Regular%20Season&TeamID=1610612741
2019,2018–19,1629102,Brandon Sampson,0021800820,2019-02-08,CHI @ BKN,BKN,W,0.5,0,0,0,0,0,0,0,0,0,0,0,0,0,0,0,0,0.0,0.0,https://www.nba.com/stats/players/boxscores-traditional?Season=2018-19&SeasonType=Regular%20Season&TeamID=1610612741
2019,2018–19,203897,Zach LaVine,0021800805,2019-02-06,CHI vs. NOP,NOP,L,33.21666666666667,28,10,21,3,8,5,8,2,6,8,7,0,2,1,1,-11,24.2,57.09624796084829,https://www.nba.com/stats/players/boxscores-traditional?Season=2018-19&SeasonType=Regular%20Season&TeamID=1610612741
2019,2018–19,1628374,Lauri Markkanen,0021800805,2019-02-06,CHI vs. NOP,NOP,L,40.85666666666667,30,10,19,5,10,5,5,2,8,10,2,0,0,2,3,6,22.7,70.75471698113208,https://www.nba.com/stats/players/boxscores-traditional?Season=2018-19&SeasonType=Regular%20Season&TeamID=1610612741
2019,2018–19,1627739,Kris Dunn,0021800805,2019-02-06,CHI vs. NOP,NOP,L,37.516666666666666,18,8,13,2,4,0,0,1,3,4,8,2,1,2,3,-8,18.799999999999997,69.23076923076923,https://www.nba.com/stats/players/boxscores-traditional?Season=2018-19&SeasonType=Regular%20Season&TeamID=1610612741
2019,2018–19,1627885,Shaquille Harrison,0021800805,2019-02-06,CHI vs. NOP,NOP,L,26.106666666666666,9,3,6,1,2,2,3,0,2,2,4,4,1,1,3,3,11.5,61.47540983606557,https://www.nba.com/stats/players/boxscores-traditional?Season=2018-19&SeasonType=Regular%20Season&TeamID=1610612741
2019,2018–19,201577,Robin Lopez,0021800805,2019-02-06,CHI vs. NOP,NOP,L,29.178333333333335,11,5,7,0,0,1,2,1,2,3,1,0,2,0,3,4,9.899999999999999,69.79695431472082,https://www.nba.com/stats/players/boxscores-traditional?Season=2018-19&SeasonType=Regular%20Season&TeamID=1610612741
2019,2018–19,1627789,Timothe Luwawu-Cabarrot,0021800805,2019-02-06,CHI vs. NOP,NOP,L,19.433333333333334,9,3,11,2,6,1,1,0,3,3,0,0,0,0,5,-3,1.4,39.33566433566434,https://www.nba.com/stats/players/boxscores-traditional?Season=2018-19&SeasonType=Regular%20Season&TeamID=1610612741
2019,2018–19,1627853,Ryan Arcidiacono,0021800805,2019-02-06,CHI vs. NOP,NOP,L,14.783333333333333,3,1,4,1,4,0,0,0,2,2,3,2,0,0,0,6,5.3,37.5,https://www.nba.com/stats/players/boxscores-traditional?Season=2018-19&SeasonType=Regular%20Season&TeamID=1610612741
2019,2018–19,1626245,Cristiano Felicio,0021800805,2019-02-06,CHI vs. NOP,NOP,L,19.26,6,3,7,0,0,0,0,3,1,4,1,0,0,1,0,-11,4.4,42.857142857142854,https://www.nba.com/stats/players/boxscores-traditional?Season=2018-19&SeasonType=Regular%20Season&TeamID=1610612741
2019,2018–19,1627782,Wayne Selden,0021800805,2019-02-06,CHI vs. NOP,NOP,L,19.648333333333333,6,2,3,2,2,0,0,0,0,0,1,0,0,1,5,-11,2.4000000000000004,100.0,https://www.nba.com/stats/players/boxscores-traditional?Season=2018-19&SeasonType=Regular%20Season&TeamID=1610612741
2019,2018–19,1626171,Bobby Portis Jr.,0021800776,2019-02-02,CHI @ CHA,CHA,L,33.86666666666667,33,13,23,4,8,3,3,2,7,9,0,2,0,1,4,1,25.000000000000004,67.8453947368421,https://www.nba.com/stats/players/boxscores-traditional?Season=2018-19&SeasonType=Regular%20Season&TeamID=1610612741
2019,2018–19,1628374,Lauri Markkanen,0021800776,2019-02-02,CHI @ CHA,CHA,L,33.028333333333336,30,8,13,1,5,13,13,2,7,9,1,0,0,2,5,-9,24.3,80.12820512820514,https://www.nba.com/stats/players/boxscores-traditional?Season=2018-19&SeasonType=Regular%20Season&TeamID=1610612741
2019,2018–19,203897,Zach LaVine,0021800776,2019-02-02,CHI @ CHA,CHA,L,31.35,18,7,12,1,2,3,3,0,5,5,3,0,0,1,1,-11,14.6,67.56756756756756,https://www.nba.com/stats/players/boxscores-traditional?Season=2018-19&SeasonType=Regular%20Season&TeamID=1610612741
2019,2018–19,1627739,Kris Dunn,0021800776,2019-02-02,CHI @ CHA,CHA,L,31.633333333333333,7,3,11,1,2,0,0,1,4,5,4,0,1,1,4,-8,3.299999999999999,31.818181818181817,https://www.nba.com/stats/players/boxscores-traditional?Season=2018-19&SeasonType=Regular%20Season&TeamID=1610612741
2019,2018–19,1627885,Shaquille Harrison,0021800776,2019-02-02,CHI @ CHA,CHA,L,16.65,10,4,6,1,1,1,1,0,0,0,3,1,0,0,1,4,10.1,77.63975155279502,https://www.nba.com/stats/players/boxscores-traditional?Season=2018-19&SeasonType=Regular%20Season&TeamID=1610612741
2019,2018–19,201577,Robin Lopez,0021800776,2019-02-02,CHI @ CHA,CHA,L,16.733333333333334,7,2,3,0,0,3,3,2,3,5,1,0,1,0,1,-12,8.999999999999998,81.0185185185185,https://www.nba.com/stats/players/boxscores-traditional?Season=2018-19&SeasonType=Regular%20Season&TeamID=1610612741
2019,2018–19,1627782,Wayne Selden,0021800776,2019-02-02,CHI @ CHA,CHA,L,34.7,7,3,8,1,3,0,0,1,1,2,1,0,0,4,1,-13,-0.10000000000000009,43.75,https://www.nba.com/stats/players/boxscores-traditional?Season=2018-19&SeasonType=Regular%20Season&TeamID=1610612741
2019,2018–19,1627853,Ryan Arcidiacono,0021800776,2019-02-02,CHI @ CHA,CHA,L,16.366666666666667,2,0,1,0,1,2,2,0,1,1,6,0,0,1,2,1,3.999999999999999,53.191489361702125,https://www.nba.com/stats/players/boxscores-traditional?Season=2018-19&SeasonType=Regular%20Season&TeamID=1610612741
2019,2018–19,1626245,Cristiano Felicio,0021800776,2019-02-02,CHI @ CHA,CHA,L,12.371666666666666,4,2,2,0,0,0,0,0,2,2,0,1,0,0,1,6,4.6,100.0,https://www.nba.com/stats/players/boxscores-traditional?Season=2018-19&SeasonType=Regular%20Season&TeamID=1610612741
2019,2018–19,1629102,Brandon Sampson,0021800776,2019-02-02,CHI @ CHA,CHA,L,13.3,0,0,2,0,2,0,0,0,1,1,1,0,0,0,0,6,-0.3999999999999999,0.0,https://www.nba.com/stats/players/boxscores-traditional?Season=2018-19&SeasonType=Regular%20Season&TeamID=1610612741
2019,2018–19,1627782,Wayne Selden,0021800757,2019-01-30,CHI @ MIA,MIA,W,35.43333333333333,20,6,10,4,6,4,4,0,2,2,8,1,0,1,2,19,20.8,85.03401360544218,https://www.nba.com/stats/players/boxscores-traditional?Season=2018-19&SeasonType=Regular%20Season&TeamID=1610612741
2019,2018–19,1626171,Bobby Portis Jr.,0021800757,2019-01-30,CHI @ MIA,MIA,W,24.488333333333333,26,10,17,2,3,4,4,1,3,4,2,0,1,3,4,5,17.199999999999996,69.2963752665245,https://www.nba.com/stats/players/boxscores-traditional?Season=2018-19&SeasonType=Regular%20Season&TeamID=1610612741
2019,2018–19,1627739,Kris Dunn,0021800757,2019-01-30,CHI @ MIA,MIA,W,34.38333333333333,14,6,14,1,1,1,3,1,4,5,8,2,0,3,3,8,11.099999999999998,45.69190600522193,https://www.nba.com/stats/players/boxscores-traditional?Season=2018-19&SeasonType=Regular%20Season&TeamID=1610612741
2019,2018–19,1628374,Lauri Markkanen,0021800757,2019-01-30,CHI @ MIA,MIA,W,33.85,14,4,15,0,5,6,7,1,12,13,4,0,0,2,3,21,8.600000000000001,38.71681415929204,https://www.nba.com/stats/players/boxscores-traditional?Season=2018-19&SeasonType=Regular%20Season&TeamID=1610612741
2019,2018–19,1627853,Ryan Arcidiacono,0021800757,2019-01-30,CHI @ MIA,MIA,W,34.11666666666667,9,4,7,0,2,1,1,1,5,6,3,2,0,1,4,8,9.4,60.483870967741936,https://www.nba.com/stats/players/boxscores-traditional?Season=2018-19&SeasonType=Regular%20Season&TeamID=1610612741
2019,2018–19,201577,Robin Lopez,0021800757,2019-01-30,CHI @ MIA,MIA,W,23.511666666666667,13,6,8,0,0,1,1,1,0,1,0,1,2,1,1,11,11.5,77.01421800947867,https://www.nba.com/stats/players/boxscores-traditional?Season=2018-19&SeasonType=Regular%20Season&TeamID=1610612741
2019,2018–19,1627885,Shaquille Harrison,0021800757,2019-01-30,CHI @ MIA,MIA,W,24.178333333333335,4,2,3,0,1,0,1,0,5,5,1,0,0,0,0,22,4.5,58.139534883720934,https://www.nba.com/stats/players/boxscores-traditional?Season=2018-19&SeasonType=Regular%20Season&TeamID=1610612741
2019,2018–19,1629102,Brandon Sampson,0021800757,2019-01-30,CHI @ MIA,MIA,W,11.955,5,2,2,1,1,0,0,0,2,2,0,0,0,0,3,2,3.8,125.0,https://www.nba.com/stats/players/boxscores-traditional?Season=2018-19&SeasonType=Regular%20Season&TeamID=1610612741
2019,2018–19,203953,Jabari Parker,0021800757,2019-01-30,CHI @ MIA,MIA,W,14.15,0,0,1,0,0,0,0,0,2,2,0,0,0,1,0,-5,-1.1,0.0,https://www.nba.com/stats/players/boxscores-traditional?Season=2018-19&SeasonType=Regular%20Season&TeamID=1610612741
2019,2018–19,1628469,Antonio Blakeney,0021800757,2019-01-30,CHI @ MIA,MIA,W,3.933333333333333,0,0,1,0,0,0,0,0,0,0,0,0,0,0,0,-11,-0.7,0.0,https://www.nba.com/stats/players/boxscores-traditional?Season=2018-19&SeasonType=Regular%20Season&TeamID=1610612741
2019,2018–19,1628374,Lauri Markkanen,0021800752,2019-01-29,CHI @ BKN,BKN,L,30.533333333333335,18,6,15,3,7,3,4,0,19,19,1,0,1,0,1,0,16.2,53.69928400954653,https://www.nba.com/stats/players/boxscores-traditional?Season=2018-19&SeasonType=Regular%20Season&TeamID=1610612741
2019,2018–19,203953,Jabari Parker,0021800752,2019-01-29,CHI @ BKN,BKN,L,22.753333333333334,22,10,15,1,3,1,2,2,7,9,3,2,2,1,5,-6,21.1,69.26952141057934,https://www.nba.com/stats/players/boxscores-traditional?Season=2018-19&SeasonType=Regular%20Season&TeamID=1610612741
2019,2018–19,203897,Zach LaVine,0021800752,2019-01-29,CHI @ BKN,BKN,L,35.53333333333333,26,11,20,1,4,3,4,1,3,4,5,2,0,3,2,-5,19.299999999999997,59.74264705882353,https://www.nba.com/stats/players/boxscores-traditional?Season=2018-19&SeasonType=Regular%20Season&TeamID=1610612741
2019,2018–19,1627739,Kris Dunn,0021800752,2019-01-29,CHI @ BKN,BKN,L,31.22,15,6,10,2,3,1,1,0,3,3,0,0,2,6,4,-1,5.1,71.83908045977012,https://www.nba.com/stats/players/boxscores-traditional?Season=2018-19&SeasonType=Regular%20Season&TeamID=1610612741
2019,2018–19,1626171,Bobby Portis Jr.,0021800752,2019-01-29,CHI @ BKN,BKN,L,23.518333333333334,12,5,8,0,1,2,2,1,4,5,1,1,0,0,5,3,9.999999999999998,67.56756756756756,https://www.nba.com/stats/players/boxscores-traditional?Season=2018-19&SeasonType=Regular%20Season&TeamID=1610612741
2019,2018–19,1627885,Shaquille Harrison,0021800752,2019-01-29,CHI @ BKN,BKN,L,25.296666666666667,8,3,5,2,4,0,0,0,2,2,2,1,2,2,4,-12,6.5,80.0,https://www.nba.com/stats/players/boxscores-traditional?Season=2018-19&SeasonType=Regular%20Season&TeamID=1610612741
2019,2018–19,1627782,Wayne Selden,0021800752,2019-01-29,CHI @ BKN,BKN,L,28.445,6,3,7,0,2,0,0,0,4,4,2,0,0,3,3,6,0.7000000000000002,42.857142857142854,https://www.nba.com/stats/players/boxscores-traditional?Season=2018-19&SeasonType=Regular%20Season&TeamID=1610612741
2019,2018–19,1627853,Ryan Arcidiacono,0021800752,2019-01-29,CHI @ BKN,BKN,L,16.433333333333334,4,1,5,0,3,2,2,0,0,0,3,0,0,2,3,-4,-0.20000000000000018,34.01360544217687,https://www.nba.com/stats/players/boxscores-traditional?Season=2018-19&SeasonType=Regular%20Season&TeamID=1610612741
2019,2018–19,1628469,Antonio Blakeney,0021800752,2019-01-29,CHI @ BKN,BKN,L,6.75,2,1,2,0,0,0,0,1,1,2,0,0,1,0,1,0,2.3000000000000003,50.0,https://www.nba.com/stats/players/boxscores-traditional?Season=2018-19&SeasonType=Regular%20Season&TeamID=1610612741
2019,2018–19,201577,Robin Lopez,0021800752,2019-01-29,CHI @ BKN,BKN,L,19.516666666666666,4,1,7,0,1,2,4,0,2,2,0,0,0,0,1,-6,-1.0999999999999992,22.831050228310502,https://www.nba.com/stats/players/boxscores-traditional?Season=2018-19&SeasonType=Regular%20Season&TeamID=1610612741
2019,2018–19,1628374,Lauri Markkanen,0021800735,2019-01-27,CHI vs. CLE,CLE,L,38.916666666666664,21,6,15,4,7,5,5,1,14,15,1,1,0,0,4,10,17.899999999999995,61.04651162790697,https://www.nba.com/stats/players/boxscores-traditional?Season=2018-19&SeasonType=Regular%20Season&TeamID=1610612741
2019,2018–19,203897,Zach LaVine,0021800735,2019-01-27,CHI vs. CLE,CLE,L,36.233333333333334,17,6,17,0,4,5,5,1,11,12,2,0,0,4,1,6,8.5,44.270833333333336,https://www.nba.com/stats/players/boxscores-traditional?Season=2018-19&SeasonType=Regular%20Season&TeamID=1610612741
2019,2018–19,201577,Robin Lopez,0021800735,2019-01-27,CHI vs. CLE,CLE,L,26.433333333333334,16,7,11,0,0,2,4,4,3,7,0,0,4,2,1,8,14.400000000000002,62.695924764890286,https://www.nba.com/stats/players/boxscores-traditional?Season=2018-19&SeasonType=Regular%20Season&TeamID=1610612741
2019,2018–19,1627782,Wayne Selden,0021800735,2019-01-27,CHI vs. CLE,CLE,L,37.5,15,6,8,3,4,0,0,1,5,6,3,1,1,1,2,7,15.999999999999996,93.75,https://www.nba.com/stats/players/boxscores-traditional?Season=2018-19&SeasonType=Regular%20Season&TeamID=1610612741
2019,2018–19,1627739,Kris Dunn,0021800735,2019-01-27,CHI vs. CLE,CLE,L,34.63333333333333,6,2,8,0,3,2,2,0,2,2,7,2,2,2,5,8,6.1,33.78378378378378,https://www.nba.com/stats/players/boxscores-traditional?Season=2018-19&SeasonType=Regular%20Season&TeamID=1610612741
2019,2018–19,1626171,Bobby Portis Jr.,0021800735,2019-01-27,CHI vs. CLE,CLE,L,19.216666666666665,9,4,11,1,3,0,0,0,2,2,1,0,0,0,2,-9,3.4000000000000004,40.909090909090914,https://www.nba.com/stats/players/boxscores-traditional?Season=2018-19&SeasonType=Regular%20Season&TeamID=1610612741
2019,2018–19,1627853,Ryan Arcidiacono,0021800735,2019-01-27,CHI vs. CLE,CLE,L,15.15,5,2,5,1,3,0,0,1,1,2,4,0,0,0,0,-10,6.1,50.0,https://www.nba.com/stats/players/boxscores-traditional?Season=2018-19&SeasonType=Regular%20Season&TeamID=1610612741
2019,2018–19,203953,Jabari Parker,0021800735,2019-01-27,CHI vs. CLE,CLE,L,11.433333333333334,8,4,6,0,2,0,1,0,1,1,1,0,0,0,2,-15,5.2,62.11180124223602,https://www.nba.com/stats/players/boxscores-traditional?Season=2018-19&SeasonType=Regular%20Season&TeamID=1610612741
2019,2018–19,1628469,Antonio Blakeney,0021800735,2019-01-27,CHI vs. CLE,CLE,L,11.766666666666667,4,2,6,0,0,0,0,0,0,0,3,0,0,0,0,-9,2.7,33.33333333333333,https://www.nba.com/stats/players/boxscores-traditional?Season=2018-19&SeasonType=Regular%20Season&TeamID=1610612741
2019,2018–19,1627885,Shaquille Harrison,0021800735,2019-01-27,CHI vs. CLE,CLE,L,8.716666666666667,0,0,1,0,0,0,0,0,0,0,0,1,1,1,0,-11,0.0,0.0,https://www.nba.com/stats/players/boxscores-traditional?Season=2018-19&SeasonType=Regular%20Season&TeamID=1610612741
2019,2018–19,203897,Zach LaVine,0021800723,2019-01-25,CHI vs. LAC,LAC,L,36.36666666666667,29,10,20,2,7,7,7,1,3,4,3,2,0,3,2,-11,20.899999999999995,62.824956672443676,https://www.nba.com/stats/players/boxscores-traditional?Season=2018-19&SeasonType=Regular%20Season&TeamID=1610612741
2019,2018–19,1626171,Bobby Portis Jr.,0021800723,2019-01-25,CHI vs. LAC,LAC,L,33.655,18,9,20,0,3,0,0,7,8,15,1,0,0,1,3,-2,13.399999999999999,45.0,https://www.nba.com/stats/players/boxscores-traditional?Season=2018-19&SeasonType=Regular%20Season&TeamID=1610612741
2019,2018–19,1627739,Kris Dunn,0021800723,2019-01-25,CHI vs. LAC,LAC,L,36.45,9,4,14,1,5,0,0,0,4,4,10,4,0,3,5,0,8.0,32.142857142857146,https://www.nba.com/stats/players/boxscores-traditional?Season=2018-19&SeasonType=Regular%20Season&TeamID=1610612741
2019,2018–19,1628374,Lauri Markkanen,0021800723,2019-01-25,CHI vs. LAC,LAC,L,31.216666666666665,13,4,13,3,7,2,2,3,5,8,0,1,3,0,1,-13,11.799999999999999,46.829971181556196,https://www.nba.com/stats/players/boxscores-traditional?Season=2018-19&SeasonType=Regular%20Season&TeamID=1610612741
2019,2018–19,1628990,Chandler Hutchison,0021800723,2019-01-25,CHI vs. LAC,LAC,L,41.13333333333333,12,5,15,1,7,1,2,1,11,12,2,1,0,1,4,1,6.9,37.78337531486146,https://www.nba.com/stats/players/boxscores-traditional?Season=2018-19&SeasonType=Regular%20Season&TeamID=1610612741
2019,2018–19,203953,Jabari Parker,0021800723,2019-01-25,CHI vs. LAC,LAC,L,23.333333333333332,15,6,9,2,3,1,1,0,4,4,3,1,1,0,2,3,15.299999999999997,79.44915254237289,https://www.nba.com/stats/players/boxscores-traditional?Season=2018-19&SeasonType=Regular%20Season&TeamID=1610612741
2019,2018–19,1627853,Ryan Arcidiacono,0021800723,2019-01-25,CHI vs. LAC,LAC,L,12.816666666666666,3,1,5,1,3,0,0,0,0,0,0,1,0,0,2,2,0.09999999999999987,30.0,https://www.nba.com/stats/players/boxscores-traditional?Season=2018-19&SeasonType=Regular%20Season&TeamID=1610612741
2019,2018–19,201577,Robin Lopez,0021800723,2019-01-25,CHI vs. LAC,LAC,L,7.795,0,0,2,0,0,0,0,0,2,2,1,0,1,0,0,2,0.6,0.0,https://www.nba.com/stats/players/boxscores-traditional?Season=2018-19&SeasonType=Regular%20Season&TeamID=1610612741
2019,2018–19,1627782,Wayne Selden,0021800723,2019-01-25,CHI vs. LAC,LAC,L,10.55,2,1,4,0,0,0,0,0,0,0,0,1,0,0,3,-2,-0.6000000000000001,25.0,https://www.nba.com/stats/players/boxscores-traditional?Season=2018-19&SeasonType=Regular%20Season&TeamID=1610612741
2019,2018–19,1627885,Shaquille Harrison,0021800723,2019-01-25,CHI vs. LAC,LAC,L,6.683333333333334,0,0,0,0,0,0,0,0,0,0,0,0,0,0,1,-5,-0.4,0.0,https://www.nba.com/stats/players/boxscores-traditional?Season=2018-19&SeasonType=Regular%20Season&TeamID=1610612741
2019,2018–19,203897,Zach LaVine,0021800712,2019-01-23,CHI vs. ATL,ATL,L,34.15,23,6,15,2,6,9,10,0,4,4,4,2,0,3,2,-10,16.699999999999996,59.27835051546392,https://www.nba.com/stats/players/boxscores-traditional?Season=2018-19&SeasonType=Regular%20Season&TeamID=1610612741
2019,2018–19,1628374,Lauri Markkanen,0021800712,2019-01-23,CHI vs. ATL,ATL,L,34.483333333333334,22,8,16,3,8,3,3,0,6,6,1,0,1,2,1,-9,14.8,63.51039260969977,https://www.nba.com/stats/players/boxscores-traditional?Season=2018-19&SeasonType=Regular%20Season&TeamID=1610612741
2019,2018–19,1627739,Kris Dunn,0021800712,2019-01-23,CHI vs. ATL,ATL,L,26.756666666666668,16,5,11,1,2,5,6,1,3,4,3,2,2,1,2,-20,15.2,58.65102639296187,https://www.nba.com/stats/players/boxscores-traditional?Season=2018-19&SeasonType=Regular%20Season&TeamID=1610612741
2019,2018–19,1628990,Chandler Hutchison,0021800712,2019-01-23,CHI vs. ATL,ATL,L,33.333333333333336,6,3,5,0,1,0,0,1,6,7,3,1,1,1,2,-15,8.2,60.0,https://www.nba.com/stats/players/boxscores-traditional?Season=2018-19&SeasonType=Regular%20Season&TeamID=1610612741
2019,2018–19,1626171,Bobby Portis Jr.,0021800712,2019-01-23,CHI vs. ATL,ATL,L,33.233333333333334,9,3,12,1,4,2,2,2,5,7,2,0,0,1,4,-7,3.5000000000000018,34.93788819875776,https://www.nba.com/stats/players/boxscores-traditional?Season=2018-19&SeasonType=Regular%20Season&TeamID=1610612741
2019,2018–19,1627885,Shaquille Harrison,0021800712,2019-01-23,CHI vs. ATL,ATL,L,20.01,7,2,9,0,2,3,3,1,3,4,3,1,1,0,2,-2,6.1,33.91472868217054,https://www.nba.com/stats/players/boxscores-traditional?Season=2018-19&SeasonType=Regular%20Season&TeamID=1610612741
2019,2018–19,1627782,Wayne Selden,0021800712,2019-01-23,CHI vs. ATL,ATL,L,18.516666666666666,11,5,6,1,2,0,1,0,1,1,0,0,0,3,0,-14,5.700000000000001,85.40372670807453,https://www.nba.com/stats/players/boxscores-traditional?Season=2018-19&SeasonType=Regular%20Season&TeamID=1610612741
2019,2018–19,201577,Robin Lopez,0021800712,2019-01-23,CHI vs. ATL,ATL,L,15.05,5,2,2,0,0,1,2,2,1,3,0,0,1,3,3,-10,2.2,86.80555555555556,https://www.nba.com/stats/players/boxscores-traditional?Season=2018-19&SeasonType=Regular%20Season&TeamID=1610612741
2019,2018–19,1627853,Ryan Arcidiacono,0021800712,2019-01-23,CHI vs. ATL,ATL,L,17.533333333333335,0,0,1,0,1,0,0,0,1,1,3,1,0,0,5,-9,0.6999999999999997,0.0,https://www.nba.com/stats/players/boxscores-traditional?Season=2018-19&SeasonType=Regular%20Season&TeamID=1610612741
2019,2018–19,1628469,Antonio Blakeney,0021800712,2019-01-23,CHI vs. ATL,ATL,L,3.466666666666667,2,1,1,0,0,0,0,0,0,0,0,0,0,0,0,-2,1.7,100.0,https://www.nba.com/stats/players/boxscores-traditional?Season=2018-19&SeasonType=Regular%20Season&TeamID=1610612741
2019,2018–19,1626245,Cristiano Felicio,0021800712,2019-01-23,CHI vs. ATL,ATL,L,3.466666666666667,0,0,1,0,0,0,0,0,0,0,1,0,0,1,0,-2,-1.0,0.0,https://www.nba.com/stats/players/boxscores-traditional?Season=2018-19&SeasonType=Regular%20Season&TeamID=1610612741
2019,2018–19,203897,Zach LaVine,0021800692,2019-01-21,CHI @ CLE,CLE,W,24.783333333333335,25,9,16,3,6,4,6,0,2,2,1,2,0,3,2,13,16.1,67.06008583690986,https://www.nba.com/stats/players/boxscores-traditional?Season=2018-19&SeasonType=Regular%20Season&TeamID=1610612741
2019,2018–19,1627739,Kris Dunn,0021800692,2019-01-21,CHI @ CLE,CLE,W,31.216666666666665,13,5,10,1,1,2,2,0,4,4,9,2,0,3,4,18,12.9,59.74264705882353,https://www.nba.com/stats/players/boxscores-traditional?Season=2018-19&SeasonType=Regular%20Season&TeamID=1610612741
2019,2018–19,1626171,Bobby Portis Jr.,0021800692,2019-01-21,CHI @ CLE,CLE,W,18.636666666666667,15,6,10,3,6,0,0,2,4,6,1,1,0,2,3,7,11.499999999999996,75.0,https://www.nba.com/stats/players/boxscores-traditional?Season=2018-19&SeasonType=Regular%20Season&TeamID=1610612741
2019,2018–19,201577,Robin Lopez,0021800692,2019-01-21,CHI @ CLE,CLE,W,23.73,8,4,9,0,1,0,0,5,4,9,4,1,1,1,3,14,10.3,44.44444444444444,https://www.nba.com/stats/players/boxscores-traditional?Season=2018-19&SeasonType=Regular%20Season&TeamID=1610612741
2019,2018–19,1628374,Lauri Markkanen,0021800692,2019-01-21,CHI @ CLE,CLE,W,31.666666666666668,13,5,11,3,5,0,0,1,7,8,0,0,0,2,2,17,7.299999999999999,59.09090909090909,https://www.nba.com/stats/players/boxscores-traditional?Season=2018-19&SeasonType=Regular%20Season&TeamID=1610612741
2019,2018–19,1628990,Chandler Hutchison,0021800692,2019-01-21,CHI @ CLE,CLE,W,31.816666666666666,8,2,3,1,1,3,4,0,9,9,1,0,1,1,1,17,8.999999999999998,84.03361344537815,https://www.nba.com/stats/players/boxscores-traditional?Season=2018-19&SeasonType=Regular%20Season&TeamID=1610612741
2019,2018–19,203953,Jabari Parker,0021800692,2019-01-21,CHI @ CLE,CLE,W,12.15,10,2,5,2,3,4,4,0,3,3,2,0,0,2,1,3,7.200000000000001,73.96449704142012,https://www.nba.com/stats/players/boxscores-traditional?Season=2018-19&SeasonType=Regular%20Season&TeamID=1610612741
2019,2018–19,1627853,Ryan Arcidiacono,0021800692,2019-01-21,CHI @ CLE,CLE,W,18.7,3,1,3,1,3,0,0,0,0,0,5,1,0,2,1,-2,3.4000000000000004,50.0,https://www.nba.com/stats/players/boxscores-traditional?Season=2018-19&SeasonType=Regular%20Season&TeamID=1610612741
2019,2018–19,1627885,Shaquille Harrison,0021800692,2019-01-21,CHI @ CLE,CLE,W,16.783333333333335,3,1,2,1,2,0,0,0,5,5,0,1,0,1,3,-2,2.3,75.0,https://www.nba.com/stats/players/boxscores-traditional?Season=2018-19&SeasonType=Regular%20Season&TeamID=1610612741
2019,2018–19,1627782,Wayne Selden,0021800692,2019-01-21,CHI @ CLE,CLE,W,25.25,5,1,5,0,2,3,4,0,2,2,1,0,0,1,5,1,-0.1999999999999993,36.98224852071006,https://www.nba.com/stats/players/boxscores-traditional?Season=2018-19&SeasonType=Regular%20Season&TeamID=1610612741
2019,2018–19,1628469,Antonio Blakeney,0021800692,2019-01-21,CHI @ CLE,CLE,W,2.6333333333333333,1,0,2,0,0,1,2,0,1,1,0,0,0,0,0,-3,-0.49999999999999994,17.36111111111111,https://www.nba.com/stats/players/boxscores-traditional?Season=2018-19&SeasonType=Regular%20Season&TeamID=1610612741
2019,2018–19,1626245,Cristiano Felicio,0021800692,2019-01-21,CHI @ CLE,CLE,W,2.6333333333333333,0,0,0,0,0,0,0,0,1,1,0,0,0,0,1,-3,-0.10000000000000003,0.0,https://www.nba.com/stats/players/boxscores-traditional?Season=2018-19&SeasonType=Regular%20Season&TeamID=1610612741
2019,2018–19,1628374,Lauri Markkanen,0021800685,2019-01-19,CHI vs. MIA,MIA,L,33.516666666666666,20,7,19,4,10,2,3,3,6,9,0,2,1,2,1,-13,13.299999999999999,49.21259842519685,https://www.nba.com/stats/players/boxscores-traditional?Season=2018-19&SeasonType=Regular%20Season&TeamID=1610612741
2019,2018–19,203897,Zach LaVine,0021800685,2019-01-19,CHI vs. MIA,MIA,L,34.596666666666664,22,7,19,2,7,6,7,0,3,3,6,1,0,3,4,-6,12.600000000000003,49.81884057971015,https://www.nba.com/stats/players/boxscores-traditional?Season=2018-19&SeasonType=Regular%20Season&TeamID=1610612741
2019,2018–19,1626171,Bobby Portis Jr.,0021800685,2019-01-19,CHI vs. MIA,MIA,L,24.086666666666666,21,8,12,2,3,3,3,2,4,6,2,1,0,2,4,-12,17.199999999999996,78.82882882882882,https://www.nba.com/stats/players/boxscores-traditional?Season=2018-19&SeasonType=Regular%20Season&TeamID=1610612741
2019,2018–19,1627739,Kris Dunn,0021800685,2019-01-19,CHI vs. MIA,MIA,L,32.968333333333334,6,3,14,0,1,0,0,1,3,4,5,2,0,2,1,-17,2.1000000000000005,21.428571428571427,https://www.nba.com/stats/players/boxscores-traditional?Season=2018-19&SeasonType=Regular%20Season&TeamID=1610612741
2019,2018–19,1627853,Ryan Arcidiacono,0021800685,2019-01-19,CHI vs. MIA,MIA,L,18.748333333333335,8,2,3,2,2,2,2,0,1,1,3,2,0,1,3,-6,8.899999999999999,103.09278350515466,https://www.nba.com/stats/players/boxscores-traditional?Season=2018-19&SeasonType=Regular%20Season&TeamID=1610612741
2019,2018–19,203953,Jabari Parker,0021800685,2019-01-19,CHI vs. MIA,MIA,L,17.466666666666665,11,3,6,0,1,5,5,1,4,5,2,0,0,2,3,0,8.099999999999998,67.07317073170732,https://www.nba.com/stats/players/boxscores-traditional?Season=2018-19&SeasonType=Regular%20Season&TeamID=1610612741
2019,2018–19,201577,Robin Lopez,0021800685,2019-01-19,CHI vs. MIA,MIA,L,20.93,5,2,5,1,1,0,0,4,3,7,0,0,0,0,0,-3,6.0,50.0,https://www.nba.com/stats/players/boxscores-traditional?Season=2018-19&SeasonType=Regular%20Season&TeamID=1610612741
2019,2018–19,1628990,Chandler Hutchison,0021800685,2019-01-19,CHI vs. MIA,MIA,L,23.2,5,2,5,1,1,0,0,0,4,4,0,1,0,0,3,-7,3.3,50.0,https://www.nba.com/stats/players/boxscores-traditional?Season=2018-19&SeasonType=Regular%20Season&TeamID=1610612741
2019,2018–19,1627782,Wayne Selden,0021800685,2019-01-19,CHI vs. MIA,MIA,L,17.883333333333333,4,1,6,0,1,2,4,1,2,3,0,0,0,1,3,-11,-1.4999999999999991,25.773195876288664,https://www.nba.com/stats/players/boxscores-traditional?Season=2018-19&SeasonType=Regular%20Season&TeamID=1610612741
2019,2018–19,1627885,Shaquille Harrison,0021800685,2019-01-19,CHI vs. MIA,MIA,L,16.60333333333333,1,0,0,0,0,1,2,0,1,1,1,0,0,0,3,5,0.3999999999999997,56.81818181818182,https://www.nba.com/stats/players/boxscores-traditional?Season=2018-19&SeasonType=Regular%20Season&TeamID=1610612741
2019,2018–19,1628374,Lauri Markkanen,0021800669,2019-01-17,CHI @ DEN,DEN,L,25.153333333333332,27,10,18,5,10,2,3,1,9,10,1,0,0,2,3,-21,18.9,69.87577639751554,https://www.nba.com/stats/players/boxscores-traditional?Season=2018-19&SeasonType=Regular%20Season&TeamID=1610612741
2019,2018–19,1626171,Bobby Portis Jr.,0021800669,2019-01-17,CHI @ DEN,DEN,L,27.816666666666666,10,4,13,1,2,1,2,7,6,13,4,0,0,1,2,-25,9.8,36.023054755043226,https://www.nba.com/stats/players/boxscores-traditional?Season=2018-19&SeasonType=Regular%20Season&TeamID=1610612741
2019,2018–19,201577,Robin Lopez,0021800669,2019-01-17,CHI @ DEN,DEN,L,19.016666666666666,17,8,10,0,1,1,2,3,3,6,0,0,1,1,1,-4,15.100000000000001,78.12499999999999,https://www.nba.com/stats/players/boxscores-traditional?Season=2018-19&SeasonType=Regular%20Season&TeamID=1610612741
2019,2018–19,203953,Jabari Parker,0021800669,2019-01-17,CHI @ DEN,DEN,L,18.246666666666666,15,5,7,2,3,3,4,1,2,3,2,0,1,1,1,-10,13.7,85.61643835616438,https://www.nba.com/stats/players/boxscores-traditional?Season=2018-19&SeasonType=Regular%20Season&TeamID=1610612741
2019,2018–19,1628990,Chandler Hutchison,0021800669,2019-01-17,CHI @ DEN,DEN,L,33.0,12,6,9,0,1,0,0,1,4,5,0,1,0,0,2,-19,10.2,66.66666666666666,https://www.nba.com/stats/players/boxscores-traditional?Season=2018-19&SeasonType=Regular%20Season&TeamID=1610612741
2019,2018–19,203897,Zach LaVine,0021800669,2019-01-17,CHI @ DEN,DEN,L,28.8,8,4,15,0,3,0,0,2,3,5,6,0,0,2,4,-29,1.9999999999999987,26.666666666666668,https://www.nba.com/stats/players/boxscores-traditional?Season=2018-19&SeasonType=Regular%20Season&TeamID=1610612741
2019,2018–19,1627739,Kris Dunn,0021800669,2019-01-17,CHI @ DEN,DEN,L,29.866666666666667,6,3,8,0,0,0,0,1,0,1,3,0,0,1,2,-26,2.6000000000000005,37.5,https://www.nba.com/stats/players/boxscores-traditional?Season=2018-19&SeasonType=Regular%20Season&TeamID=1610612741
2019,2018–19,1628469,Antonio Blakeney,0021800669,2019-01-17,CHI @ DEN,DEN,L,9.133333333333333,6,2,4,2,3,0,0,0,0,0,0,0,1,2,0,-3,2.7,75.0,https://www.nba.com/stats/players/boxscores-traditional?Season=2018-19&SeasonType=Regular%20Season&TeamID=1610612741
2019,2018–19,1627885,Shaquille Harrison,0021800669,2019-01-17,CHI @ DEN,DEN,L,5.766666666666667,2,1,2,0,1,0,0,0,0,0,3,1,0,1,2,0,2.3,50.0,https://www.nba.com/stats/players/boxscores-traditional?Season=2018-19&SeasonType=Regular%20Season&TeamID=1610612741
2019,2018–19,1627853,Ryan Arcidiacono,0021800669,2019-01-17,CHI @ DEN,DEN,L,12.366666666666667,0,0,2,0,2,0,0,0,2,2,4,0,0,0,2,-4,1.2,0.0,https://www.nba.com/stats/players/boxscores-traditional?Season=2018-19&SeasonType=Regular%20Season&TeamID=1610612741
2019,2018–19,1627782,Wayne Selden,0021800669,2019-01-17,CHI @ DEN,DEN,L,25.066666666666666,0,0,4,0,2,0,0,0,0,0,4,1,0,1,2,-9,-0.8,0.0,https://www.nba.com/stats/players/boxscores-traditional?Season=2018-19&SeasonType=Regular%20Season&TeamID=1610612741
2019,2018–19,1626245,Cristiano Felicio,0021800669,2019-01-17,CHI @ DEN,DEN,L,5.766666666666667,2,1,1,0,0,0,0,0,0,0,0,0,0,0,0,0,1.7,100.0,https://www.nba.com/stats/players/boxscores-traditional?Season=2018-19&SeasonType=Regular%20Season&TeamID=1610612741
2019,2018–19,203953,Jabari Parker,0021800656,2019-01-15,CHI @ LAL,LAL,L,16.95,18,7,10,2,4,2,4,2,1,3,2,2,0,0,4,5,16.5,76.53061224489795,https://www.nba.com/stats/players/boxscores-traditional?Season=2018-19&SeasonType=Regular%20Season&TeamID=1610612741
2019,2018–19,1628374,Lauri Markkanen,0021800656,2019-01-15,CHI @ LAL,LAL,L,31.05,17,6,14,3,8,2,2,0,3,3,0,1,1,1,0,-12,11.2,57.12365591397849,https://www.nba.com/stats/players/boxscores-traditional?Season=2018-19&SeasonType=Regular%20Season&TeamID=1610612741
2019,2018–19,203897,Zach LaVine,0021800656,2019-01-15,CHI @ LAL,LAL,L,32.5,10,4,11,1,4,1,2,2,2,4,8,0,0,3,2,-15,7.299999999999999,42.08754208754208,https://www.nba.com/stats/players/boxscores-traditional?Season=2018-19&SeasonType=Regular%20Season&TeamID=1610612741
2019,2018–19,1627853,Ryan Arcidiacono,0021800656,2019-01-15,CHI @ LAL,LAL,L,19.366666666666667,12,3,5,1,2,5,5,1,1,2,1,2,1,0,2,17,13.299999999999997,83.33333333333333,https://www.nba.com/stats/players/boxscores-traditional?Season=2018-19&SeasonType=Regular%20Season&TeamID=1610612741
2019,2018–19,1628976,Wendell Carter Jr.,0021800656,2019-01-15,CHI @ LAL,LAL,L,28.35,6,3,9,0,1,0,0,2,8,10,2,1,1,3,3,-13,3.5999999999999996,33.33333333333333,https://www.nba.com/stats/players/boxscores-traditional?Season=2018-19&SeasonType=Regular%20Season&TeamID=1610612741
2019,2018–19,1628990,Chandler Hutchison,0021800656,2019-01-15,CHI @ LAL,LAL,L,26.516666666666666,12,5,9,0,1,2,2,2,3,5,0,2,0,0,3,2,10.8,60.72874493927125,https://www.nba.com/stats/players/boxscores-traditional?Season=2018-19&SeasonType=Regular%20Season&TeamID=1610612741
2019,2018–19,1627739,Kris Dunn,0021800656,2019-01-15,CHI @ LAL,LAL,L,31.15,6,2,7,0,1,2,2,0,5,5,4,1,2,5,3,-25,2.3999999999999995,38.07106598984772,https://www.nba.com/stats/players/boxscores-traditional?Season=2018-19&SeasonType=Regular%20Season&TeamID=1610612741
2019,2018–19,1627885,Shaquille Harrison,0021800656,2019-01-15,CHI @ LAL,LAL,L,24.716666666666665,10,3,10,1,4,3,7,0,3,3,0,1,1,0,4,10,3.599999999999999,38.226299694189606,https://www.nba.com/stats/players/boxscores-traditional?Season=2018-19&SeasonType=Regular%20Season&TeamID=1610612741
2019,2018–19,1626171,Bobby Portis Jr.,0021800656,2019-01-15,CHI @ LAL,LAL,L,16.883333333333333,2,1,11,0,4,0,0,2,5,7,3,0,0,0,4,-4,-1.8999999999999995,9.090909090909092,https://www.nba.com/stats/players/boxscores-traditional?Season=2018-19&SeasonType=Regular%20Season&TeamID=1610612741
2019,2018–19,1627782,Wayne Selden,0021800656,2019-01-15,CHI @ LAL,LAL,L,9.75,5,2,4,1,2,0,0,0,2,2,0,0,0,1,1,-10,2.2,62.5,https://www.nba.com/stats/players/boxscores-traditional?Season=2018-19&SeasonType=Regular%20Season&TeamID=1610612741
2019,2018–19,1626245,Cristiano Felicio,0021800656,2019-01-15,CHI @ LAL,LAL,L,2.7666666666666666,2,1,2,0,0,0,0,2,0,2,1,1,0,0,0,10,4.1,50.0,https://www.nba.com/stats/players/boxscores-traditional?Season=2018-19&SeasonType=Regular%20Season&TeamID=1610612741
2019,2018–19,203897,Zach LaVine,0021800637,2019-01-12,CHI @ UTA,UTA,L,29.333333333333332,21,7,21,2,7,5,6,0,3,3,1,3,1,1,3,-6,11.8,44.41624365482234,https://www.nba.com/stats/players/boxscores-traditional?Season=2018-19&SeasonType=Regular%20Season&TeamID=1610612741
2019,2018–19,1627739,Kris Dunn,0021800637,2019-01-12,CHI @ UTA,UTA,L,30.355,10,4,11,0,1,2,2,1,4,5,8,3,2,2,6,-9,11.4,42.08754208754208,https://www.nba.com/stats/players/boxscores-traditional?Season=2018-19&SeasonType=Regular%20Season&TeamID=1610612741
2019,2018–19,1628374,Lauri Markkanen,0021800637,2019-01-12,CHI @ UTA,UTA,L,33.99166666666667,16,7,17,1,6,1,1,1,4,5,1,0,2,0,1,-11,10.500000000000002,45.87155963302752,https://www.nba.com/stats/players/boxscores-traditional?Season=2018-19&SeasonType=Regular%20Season&TeamID=1610612741
2019,2018–19,1628990,Chandler Hutchison,0021800637,2019-01-12,CHI @ UTA,UTA,L,25.15,11,4,7,2,3,1,1,1,6,7,2,1,0,1,0,-10,11.6,73.9247311827957,https://www.nba.com/stats/players/boxscores-traditional?Season=2018-19&SeasonType=Regular%20Season&TeamID=1610612741
2019,2018–19,1628976,Wendell Carter Jr.,0021800637,2019-01-12,CHI @ UTA,UTA,L,29.833333333333332,7,3,9,0,1,1,2,3,6,9,2,1,1,0,4,-16,6.899999999999999,35.425101214574894,https://www.nba.com/stats/players/boxscores-traditional?Season=2018-19&SeasonType=Regular%20Season&TeamID=1610612741
2019,2018–19,203953,Jabari Parker,0021800637,2019-01-12,CHI @ UTA,UTA,L,18.766666666666666,11,5,10,1,2,0,0,0,7,7,2,0,0,0,1,3,9.1,55.00000000000001,https://www.nba.com/stats/players/boxscores-traditional?Season=2018-19&SeasonType=Regular%20Season&TeamID=1610612741
2019,2018–19,1627782,Wayne Selden,0021800637,2019-01-12,CHI @ UTA,UTA,L,26.316666666666666,11,5,7,1,2,0,0,1,1,2,2,0,0,2,0,6,8.500000000000002,78.57142857142857,https://www.nba.com/stats/players/boxscores-traditional?Season=2018-19&SeasonType=Regular%20Season&TeamID=1610612741
2019,2018–19,201577,Robin Lopez,0021800637,2019-01-12,CHI @ UTA,UTA,L,13.408333333333333,4,2,4,0,0,0,0,3,1,4,2,0,1,0,1,8,6.099999999999999,50.0,https://www.nba.com/stats/players/boxscores-traditional?Season=2018-19&SeasonType=Regular%20Season&TeamID=1610612741
2019,2018–19,1627885,Shaquille Harrison,0021800637,2019-01-12,CHI @ UTA,UTA,L,14.245,5,2,6,0,0,1,1,0,3,3,2,0,0,0,2,-1,3.1000000000000005,38.81987577639751,https://www.nba.com/stats/players/boxscores-traditional?Season=2018-19&SeasonType=Regular%20Season&TeamID=1610612741
2019,2018–19,1627853,Ryan Arcidiacono,0021800637,2019-01-12,CHI @ UTA,UTA,L,18.6,6,1,5,0,3,4,4,0,2,2,2,0,0,3,1,-4,1.5,44.37869822485207,https://www.nba.com/stats/players/boxscores-traditional?Season=2018-19&SeasonType=Regular%20Season&TeamID=1610612741
2019,2018–19,203897,Zach LaVine,0021800629,2019-01-11,CHI @ GSW,GSW,L,26.5,29,10,16,3,5,6,7,1,3,4,0,0,0,5,3,-36,16.8,75.99580712788261,https://www.nba.com/stats/players/boxscores-traditional?Season=2018-19&SeasonType=Regular%20Season&TeamID=1610612741
2019,2018–19,1626171,Bobby Portis Jr.,0021800629,2019-01-11,CHI @ GSW,GSW,L,16.966666666666665,16,4,7,1,1,7,8,1,3,4,1,2,0,1,0,-23,15.600000000000001,76.04562737642586,https://www.nba.com/stats/players/boxscores-traditional?Season=2018-19&SeasonType=Regular%20Season&TeamID=1610612741
2019,2018–19,1627739,Kris Dunn,0021800629,2019-01-11,CHI @ GSW,GSW,L,24.566666666666666,6,2,9,1,1,1,2,0,0,0,5,2,0,1,5,-45,2.5999999999999996,30.364372469635626,https://www.nba.com/stats/players/boxscores-traditional?Season=2018-19&SeasonType=Regular%20Season&TeamID=1610612741
2019,2018–19,1627853,Ryan Arcidiacono,0021800629,2019-01-11,CHI @ GSW,GSW,L,24.783333333333335,10,2,4,2,3,4,4,0,1,1,3,0,0,0,2,6,9.6,86.80555555555556,https://www.nba.com/stats/players/boxscores-traditional?Season=2018-19&SeasonType=Regular%20Season&TeamID=1610612741
2019,2018–19,1627885,Shaquille Harrison,0021800629,2019-01-11,CHI @ GSW,GSW,L,17.85,6,1,2,0,0,4,4,0,1,1,2,2,1,3,0,-2,6.399999999999999,79.7872340425532,https://www.nba.com/stats/players/boxscores-traditional?Season=2018-19&SeasonType=Regular%20Season&TeamID=1610612741
2019,2018–19,1628990,Chandler Hutchison,0021800629,2019-01-11,CHI @ GSW,GSW,L,29.45,6,3,7,0,1,0,0,1,5,6,0,1,0,1,1,-19,4.1000000000000005,42.857142857142854,https://www.nba.com/stats/players/boxscores-traditional?Season=2018-19&SeasonType=Regular%20Season&TeamID=1610612741
2019,2018–19,1628469,Antonio Blakeney,0021800629,2019-01-11,CHI @ GSW,GSW,L,13.433333333333334,12,4,7,1,1,3,4,0,0,0,1,0,0,0,1,-1,8.599999999999998,68.4931506849315,https://www.nba.com/stats/players/boxscores-traditional?Season=2018-19&SeasonType=Regular%20Season&TeamID=1610612741
2019,2018–19,1628374,Lauri Markkanen,0021800629,2019-01-11,CHI @ GSW,GSW,L,25.783333333333335,8,3,8,0,4,2,2,0,5,5,0,0,0,0,0,-39,5.1,45.04504504504504,https://www.nba.com/stats/players/boxscores-traditional?Season=2018-19&SeasonType=Regular%20Season&TeamID=1610612741
2019,2018–19,1628976,Wendell Carter Jr.,0021800629,2019-01-11,CHI @ GSW,GSW,L,17.266666666666666,4,2,5,0,0,0,0,2,3,5,1,1,0,2,4,-40,1.6999999999999997,40.0,https://www.nba.com/stats/players/boxscores-traditional?Season=2018-19&SeasonType=Regular%20Season&TeamID=1610612741
2019,2018–19,1627782,Wayne Selden,0021800629,2019-01-11,CHI @ GSW,GSW,L,21.3,3,1,6,0,2,1,1,0,2,2,3,1,0,0,2,4,2.1000000000000005,23.29192546583851,https://www.nba.com/stats/players/boxscores-traditional?Season=2018-19&SeasonType=Regular%20Season&TeamID=1610612741
2019,2018–19,201577,Robin Lopez,0021800629,2019-01-11,CHI @ GSW,GSW,L,13.333333333333334,5,2,4,1,1,0,0,0,1,1,0,0,0,0,2,10,2.5,62.5,https://www.nba.com/stats/players/boxscores-traditional?Season=2018-19&SeasonType=Regular%20Season&TeamID=1610612741
2019,2018–19,1626245,Cristiano Felicio,0021800629,2019-01-11,CHI @ GSW,GSW,L,8.766666666666667,4,1,3,0,1,2,2,0,0,0,0,0,0,0,1,0,1.9000000000000008,51.54639175257733,https://www.nba.com/stats/players/boxscores-traditional?Season=2018-19&SeasonType=Regular%20Season&TeamID=1610612741
2019,2018–19,1627739,Kris Dunn,0021800615,2019-01-09,CHI @ POR,POR,L,29.716666666666665,15,7,14,1,2,0,0,0,5,5,7,2,0,3,4,-8,11.800000000000002,53.57142857142857,https://www.nba.com/stats/players/boxscores-traditional?Season=2018-19&SeasonType=Regular%20Season&TeamID=1610612741
2019,2018–19,1628976,Wendell Carter Jr.,0021800615,2019-01-09,CHI @ POR,POR,L,28.566666666666666,22,7,9,1,1,7,7,2,4,6,1,0,0,0,2,-13,20.999999999999996,91.05960264900662,https://www.nba.com/stats/players/boxscores-traditional?Season=2018-19&SeasonType=Regular%20Season&TeamID=1610612741
2019,2018–19,1628374,Lauri Markkanen,0021800615,2019-01-09,CHI @ POR,POR,L,32.483333333333334,10,4,12,0,3,2,2,1,4,5,2,1,3,1,2,-8,7.800000000000001,38.81987577639751,https://www.nba.com/stats/players/boxscores-traditional?Season=2018-19&SeasonType=Regular%20Season&TeamID=1610612741
2019,2018–19,203897,Zach LaVine,0021800615,2019-01-09,CHI @ POR,POR,L,33.4,18,6,19,2,5,4,5,1,1,2,3,0,0,4,2,-13,4.999999999999998,42.45283018867924,https://www.nba.com/stats/players/boxscores-traditional?Season=2018-19&SeasonType=Regular%20Season&TeamID=1610612741
2019,2018–19,1626171,Bobby Portis Jr.,0021800615,2019-01-09,CHI @ POR,POR,L,18.933333333333334,15,6,12,3,6,0,0,3,3,6,0,0,0,3,1,-14,8.6,62.5,https://www.nba.com/stats/players/boxscores-traditional?Season=2018-19&SeasonType=Regular%20Season&TeamID=1610612741
2019,2018–19,1628990,Chandler Hutchison,0021800615,2019-01-09,CHI @ POR,POR,L,30.4,6,3,7,0,2,0,0,2,6,8,1,0,0,0,2,5,5.4,42.857142857142854,https://www.nba.com/stats/players/boxscores-traditional?Season=2018-19&SeasonType=Regular%20Season&TeamID=1610612741
2019,2018–19,1628469,Antonio Blakeney,0021800615,2019-01-09,CHI @ POR,POR,L,19.883333333333333,12,5,10,0,1,2,2,0,1,1,1,0,0,0,1,-8,7.6,55.147058823529406,https://www.nba.com/stats/players/boxscores-traditional?Season=2018-19&SeasonType=Regular%20Season&TeamID=1610612741
2019,2018–19,1627885,Shaquille Harrison,0021800615,2019-01-09,CHI @ POR,POR,L,14.85,6,2,5,1,1,1,1,0,1,1,3,1,0,1,3,1,4.499999999999999,55.147058823529406,https://www.nba.com/stats/players/boxscores-traditional?Season=2018-19&SeasonType=Regular%20Season&TeamID=1610612741
2019,2018–19,201577,Robin Lopez,0021800615,2019-01-09,CHI @ POR,POR,L,6.633333333333334,4,2,3,0,0,0,0,1,1,2,1,1,0,0,0,-3,5.4,66.66666666666666,https://www.nba.com/stats/players/boxscores-traditional?Season=2018-19&SeasonType=Regular%20Season&TeamID=1610612741
2019,2018–19,1627782,Wayne Selden,0021800615,2019-01-09,CHI @ POR,POR,L,4.566666666666666,3,1,1,1,1,0,0,0,0,0,0,0,0,0,0,7,2.7,150.0,https://www.nba.com/stats/players/boxscores-traditional?Season=2018-19&SeasonType=Regular%20Season&TeamID=1610612741
2019,2018–19,1627853,Ryan Arcidiacono,0021800615,2019-01-09,CHI @ POR,POR,L,16.0,0,0,1,0,0,0,0,0,0,0,3,0,0,0,1,-13,0.9999999999999997,0.0,https://www.nba.com/stats/players/boxscores-traditional?Season=2018-19&SeasonType=Regular%20Season&TeamID=1610612741
2019,2018–19,1626245,Cristiano Felicio,0021800615,2019-01-09,CHI @ POR,POR,L,4.566666666666666,1,0,0,0,0,1,2,0,1,1,0,0,0,0,0,7,0.8999999999999999,56.81818181818182,https://www.nba.com/stats/players/boxscores-traditional?Season=2018-19&SeasonType=Regular%20Season&TeamID=1610612741
2019,2018–19,203897,Zach LaVine,0021800584,2019-01-06,CHI vs. BKN,BKN,L,35.0,27,11,17,2,2,3,3,1,1,2,2,0,1,1,1,-8,21.2,73.68995633187772,https://www.nba.com/stats/players/boxscores-traditional?Season=2018-19&SeasonType=Regular%20Season&TeamID=1610612741
2019,2018–19,1627739,Kris Dunn,0021800584,2019-01-06,CHI vs. BKN,BKN,L,33.516666666666666,16,8,15,0,2,0,0,0,4,4,7,2,0,3,2,-17,12.999999999999996,53.333333333333336,https://www.nba.com/stats/players/boxscores-traditional?Season=2018-19&SeasonType=Regular%20Season&TeamID=1610612741
2019,2018–19,1628374,Lauri Markkanen,0021800584,2019-01-06,CHI vs. BKN,BKN,L,33.483333333333334,14,5,11,1,3,3,4,0,6,6,0,1,1,2,2,-7,8.599999999999998,54.858934169278996,https://www.nba.com/stats/players/boxscores-traditional?Season=2018-19&SeasonType=Regular%20Season&TeamID=1610612741
2019,2018–19,1626171,Bobby Portis Jr.,0021800584,2019-01-06,CHI vs. BKN,BKN,L,19.686666666666667,17,6,11,3,4,2,4,3,2,5,0,0,0,1,1,-10,12.199999999999998,66.61442006269593,https://www.nba.com/stats/players/boxscores-traditional?Season=2018-19&SeasonType=Regular%20Season&TeamID=1610612741
2019,2018–19,1628976,Wendell Carter Jr.,0021800584,2019-01-06,CHI vs. BKN,BKN,L,22.596666666666668,6,2,5,0,1,2,2,1,7,8,1,1,1,1,4,-6,5.9,51.02040816326531,https://www.nba.com/stats/players/boxscores-traditional?Season=2018-19&SeasonType=Regular%20Season&TeamID=1610612741
2019,2018–19,1628990,Chandler Hutchison,0021800584,2019-01-06,CHI vs. BKN,BKN,L,22.33,8,4,10,0,0,0,0,1,3,4,1,0,0,1,0,-15,3.8999999999999995,40.0,https://www.nba.com/stats/players/boxscores-traditional?Season=2018-19&SeasonType=Regular%20Season&TeamID=1610612741
2019,2018–19,1627853,Ryan Arcidiacono,0021800584,2019-01-06,CHI vs. BKN,BKN,L,19.933333333333334,3,1,3,1,2,0,0,1,2,3,3,1,0,1,1,-3,4.299999999999999,50.0,https://www.nba.com/stats/players/boxscores-traditional?Season=2018-19&SeasonType=Regular%20Season&TeamID=1610612741
2019,2018–19,1627885,Shaquille Harrison,0021800584,2019-01-06,CHI vs. BKN,BKN,L,20.253333333333334,0,0,7,0,2,0,0,3,5,8,3,0,0,1,1,0,-0.6000000000000002,0.0,https://www.nba.com/stats/players/boxscores-traditional?Season=2018-19&SeasonType=Regular%20Season&TeamID=1610612741
2019,2018–19,201577,Robin Lopez,0021800584,2019-01-06,CHI vs. BKN,BKN,L,13.6,6,3,4,0,0,0,0,0,2,2,0,1,0,1,1,-9,4.6,75.0,https://www.nba.com/stats/players/boxscores-traditional?Season=2018-19&SeasonType=Regular%20Season&TeamID=1610612741
2019,2018–19,1628469,Antonio Blakeney,0021800584,2019-01-06,CHI vs. BKN,BKN,L,12.966666666666667,0,0,3,0,1,0,0,0,1,1,1,0,1,0,2,-8,-1.1999999999999997,0.0,https://www.nba.com/stats/players/boxscores-traditional?Season=2018-19&SeasonType=Regular%20Season&TeamID=1610612741
2019,2018–19,1626245,Cristiano Felicio,0021800584,2019-01-06,CHI vs. BKN,BKN,L,3.316666666666667,2,1,1,0,0,0,0,1,0,1,1,0,0,0,0,-1,3.0999999999999996,100.0,https://www.nba.com/stats/players/boxscores-traditional?Season=2018-19&SeasonType=Regular%20Season&TeamID=1610612741
2019,2018–19,1627782,Wayne Selden,0021800584,2019-01-06,CHI vs. BKN,BKN,L,3.316666666666667,1,0,1,0,1,1,2,0,0,0,1,0,0,0,0,-1,0.6,26.595744680851062,https://www.nba.com/stats/players/boxscores-traditional?Season=2018-19&SeasonType=Regular%20Season&TeamID=1610612741
2019,2018–19,203897,Zach LaVine,0021800569,2019-01-04,CHI vs. IND,IND,L,34.61666666666667,31,12,21,5,9,2,2,1,4,5,3,2,0,4,4,2,21.499999999999993,70.84095063985374,https://www.nba.com/stats/players/boxscores-traditional?Season=2018-19&SeasonType=Regular%20Season&TeamID=1610612741
2019,2018–19,1628374,Lauri Markkanen,0021800569,2019-01-04,CHI vs. IND,IND,L,41.7,27,11,20,4,9,1,2,1,8,9,2,1,0,6,4,-2,14.899999999999995,64.65517241379311,https://www.nba.com/stats/players/boxscores-traditional?Season=2018-19&SeasonType=Regular%20Season&TeamID=1610612741
2019,2018–19,1627739,Kris Dunn,0021800569,2019-01-04,CHI vs. IND,IND,L,40.26833333333333,16,6,9,2,2,2,3,0,5,5,17,0,0,2,4,6,21.499999999999993,77.51937984496124,https://www.nba.com/stats/players/boxscores-traditional?Season=2018-19&SeasonType=Regular%20Season&TeamID=1610612741
2019,2018–19,1628976,Wendell Carter Jr.,0021800569,2019-01-04,CHI vs. IND,IND,L,42.5,15,6,9,0,1,3,4,4,4,8,3,3,1,0,1,7,20.099999999999998,69.70260223048327,https://www.nba.com/stats/players/boxscores-traditional?Season=2018-19&SeasonType=Regular%20Season&TeamID=1610612741
2019,2018–19,1628469,Antonio Blakeney,0021800569,2019-01-04,CHI vs. IND,IND,L,19.888333333333332,13,5,9,1,3,2,2,0,3,3,0,2,0,0,1,3,11.2,65.78947368421052,https://www.nba.com/stats/players/boxscores-traditional?Season=2018-19&SeasonType=Regular%20Season&TeamID=1610612741
2019,2018–19,1627885,Shaquille Harrison,0021800569,2019-01-04,CHI vs. IND,IND,L,23.27166666666667,4,2,5,0,0,0,0,1,2,3,2,1,1,0,3,-23,4.5,40.0,https://www.nba.com/stats/players/boxscores-traditional?Season=2018-19&SeasonType=Regular%20Season&TeamID=1610612741
2019,2018–19,203953,Jabari Parker,0021800569,2019-01-04,CHI vs. IND,IND,L,14.316666666666666,4,2,8,0,1,0,0,1,3,4,1,0,0,1,1,-9,0.10000000000000009,25.0,https://www.nba.com/stats/players/boxscores-traditional?Season=2018-19&SeasonType=Regular%20Season&TeamID=1610612741
2019,2018–19,1628990,Chandler Hutchison,0021800569,2019-01-04,CHI vs. IND,IND,L,26.488333333333333,4,2,8,0,2,0,0,0,3,3,0,0,0,0,2,12,-0.7,25.0,https://www.nba.com/stats/players/boxscores-traditional?Season=2018-19&SeasonType=Regular%20Season&TeamID=1610612741
2019,2018–19,1627853,Ryan Arcidiacono,0021800569,2019-01-04,CHI vs. IND,IND,L,14.466666666666667,0,0,1,0,1,0,0,0,0,0,2,1,0,0,1,-9,1.2999999999999998,0.0,https://www.nba.com/stats/players/boxscores-traditional?Season=2018-19&SeasonType=Regular%20Season&TeamID=1610612741
2019,2018–19,201577,Robin Lopez,0021800569,2019-01-04,CHI vs. IND,IND,L,7.483333333333333,2,1,1,0,0,0,0,0,0,0,0,0,0,4,2,-2,-3.1,100.0,https://www.nba.com/stats/players/boxscores-traditional?Season=2018-19&SeasonType=Regular%20Season&TeamID=1610612741
2019,2018–19,1627739,Kris Dunn,0021800559,2019-01-02,CHI vs. ORL,ORL,L,27.733333333333334,14,6,12,1,2,1,1,0,3,3,4,3,0,2,2,-19,11.899999999999999,56.27009646302251,https://www.nba.com/stats/players/boxscores-traditional?Season=2018-19&SeasonType=Regular%20Season&TeamID=1610612741
2019,2018–19,1628374,Lauri Markkanen,0021800559,2019-01-02,CHI vs. ORL,ORL,L,28.133333333333333,14,6,12,2,3,0,0,2,4,6,1,2,0,1,1,-15,11.899999999999999,58.333333333333336,https://www.nba.com/stats/players/boxscores-traditional?Season=2018-19&SeasonType=Regular%20Season&TeamID=1610612741
2019,2018–19,1627885,Shaquille Harrison,0021800559,2019-01-02,CHI vs. ORL,ORL,L,26.033333333333335,11,5,14,1,4,0,0,1,2,3,2,3,0,2,0,-1,6.9,39.285714285714285,https://www.nba.com/stats/players/boxscores-traditional?Season=2018-19&SeasonType=Regular%20Season&TeamID=1610612741
2019,2018–19,203897,Zach LaVine,0021800559,2019-01-02,CHI vs. ORL,ORL,L,28.033333333333335,16,6,10,0,1,4,5,0,3,3,3,0,0,2,1,-20,11.599999999999998,65.57377049180329,https://www.nba.com/stats/players/boxscores-traditional?Season=2018-19&SeasonType=Regular%20Season&TeamID=1610612741
2019,2018–19,1628469,Antonio Blakeney,0021800559,2019-01-02,CHI vs. ORL,ORL,L,24.433333333333334,11,5,12,1,1,0,2,0,4,4,1,0,0,1,0,-10,4.700000000000002,42.701863354037265,https://www.nba.com/stats/players/boxscores-traditional?Season=2018-19&SeasonType=Regular%20Season&TeamID=1610612741
2019,2018–19,1627853,Ryan Arcidiacono,0021800559,2019-01-02,CHI vs. ORL,ORL,L,15.466666666666667,5,2,4,1,3,0,0,0,2,2,3,0,0,1,3,-13,3.499999999999999,62.5,https://www.nba.com/stats/players/boxscores-traditional?Season=2018-19&SeasonType=Regular%20Season&TeamID=1610612741
2019,2018–19,1628990,Chandler Hutchison,0021800559,2019-01-02,CHI vs. ORL,ORL,L,21.933333333333334,6,3,5,0,1,0,0,0,2,2,2,0,0,1,2,-9,3.8999999999999995,60.0,https://www.nba.com/stats/players/boxscores-traditional?Season=2018-19&SeasonType=Regular%20Season&TeamID=1610612741
2019,2018–19,203200,Justin Holiday,0021800559,2019-01-02,CHI vs. ORL,ORL,L,26.186666666666667,3,1,7,1,5,0,0,0,4,4,1,0,0,0,2,-19,-0.3999999999999997,21.428571428571427,https://www.nba.com/stats/players/boxscores-traditional?Season=2018-19&SeasonType=Regular%20Season&TeamID=1610612741
2019,2018–19,1626245,Cristiano Felicio,0021800559,2019-01-02,CHI vs. ORL,ORL,L,7.433333333333334,4,2,3,0,0,0,0,0,0,0,0,0,0,0,1,-3,2.3000000000000003,66.66666666666666,https://www.nba.com/stats/players/boxscores-traditional?Season=2018-19&SeasonType=Regular%20Season&TeamID=1610612741
2019,2018–19,201577,Robin Lopez,0021800559,2019-01-02,CHI vs. ORL,ORL,L,15.663333333333334,0,0,1,0,0,0,0,2,1,3,0,0,0,0,1,-10,0.6,0.0,https://www.nba.com/stats/players/boxscores-traditional?Season=2018-19&SeasonType=Regular%20Season&TeamID=1610612741
2019,2018–19,1626166,Cameron Payne,0021800559,2019-01-02,CHI vs. ORL,ORL,L,5.483333333333333,0,0,1,0,0,0,0,0,1,1,1,0,0,0,1,0,-0.10000000000000003,0.0,https://www.nba.com/stats/players/boxscores-traditional?Season=2018-19&SeasonType=Regular%20Season&TeamID=1610612741
2019,2018–19,1628976,Wendell Carter Jr.,0021800559,2019-01-02,CHI vs. ORL,ORL,L,13.466666666666667,0,0,5,0,0,0,0,0,1,1,0,0,0,1,3,-21,-5.4,0.0,https://www.nba.com/stats/players/boxscores-traditional?Season=2018-19&SeasonType=Regular%20Season&TeamID=1610612741
2019,2018–19,1628374,Lauri Markkanen,0021800538,2018-12-30,CHI @ TOR,TOR,L,39.075,18,6,14,4,7,2,2,0,10,10,1,2,0,3,2,-10,12.5,60.483870967741936,https://www.nba.com/stats/players/boxscores-traditional?Season=2018-19&SeasonType=Regular%20Season&TeamID=1610612741
2019,2018–19,1627739,Kris Dunn,0021800538,2018-12-30,CHI @ TOR,TOR,L,31.3,14,6,15,0,1,2,2,0,3,3,8,0,2,4,3,9,8.599999999999998,44.08060453400503,https://www.nba.com/stats/players/boxscores-traditional?Season=2018-19&SeasonType=Regular%20Season&TeamID=1610612741
2019,2018–19,1628976,Wendell Carter Jr.,0021800538,2018-12-30,CHI @ TOR,TOR,L,33.10666666666667,16,6,10,0,1,4,4,4,7,11,1,0,0,3,0,9,14.0,68.02721088435374,https://www.nba.com/stats/players/boxscores-traditional?Season=2018-19&SeasonType=Regular%20Season&TeamID=1610612741
2019,2018–19,203200,Justin Holiday,0021800538,2018-12-30,CHI @ TOR,TOR,L,39.70166666666667,11,5,11,1,5,0,0,1,3,4,1,4,0,2,3,3,8.399999999999999,50.0,https://www.nba.com/stats/players/boxscores-traditional?Season=2018-19&SeasonType=Regular%20Season&TeamID=1610612741
2019,2018–19,203897,Zach LaVine,0021800538,2018-12-30,CHI @ TOR,TOR,L,32.825,13,3,17,0,3,7,7,0,3,3,2,0,0,1,6,3,1.2000000000000002,32.37051792828686,https://www.nba.com/stats/players/boxscores-traditional?Season=2018-19&SeasonType=Regular%20Season&TeamID=1610612741
2019,2018–19,1628990,Chandler Hutchison,0021800538,2018-12-30,CHI @ TOR,TOR,L,14.4,11,5,5,1,1,0,0,0,3,3,0,0,0,0,1,-1,10.0,110.00000000000001,https://www.nba.com/stats/players/boxscores-traditional?Season=2018-19&SeasonType=Regular%20Season&TeamID=1610612741
2019,2018–19,1627853,Ryan Arcidiacono,0021800538,2018-12-30,CHI @ TOR,TOR,L,22.008333333333333,3,1,2,1,2,0,0,1,2,3,2,1,0,1,0,-10,4.700000000000001,75.0,https://www.nba.com/stats/players/boxscores-traditional?Season=2018-19&SeasonType=Regular%20Season&TeamID=1610612741
2019,2018–19,1627885,Shaquille Harrison,0021800538,2018-12-30,CHI @ TOR,TOR,L,13.266666666666667,3,1,2,0,0,1,3,0,3,3,1,0,0,0,0,-16,2.8,45.18072289156626,https://www.nba.com/stats/players/boxscores-traditional?Season=2018-19&SeasonType=Regular%20Season&TeamID=1610612741
2019,2018–19,201577,Robin Lopez,0021800538,2018-12-30,CHI @ TOR,TOR,L,14.316666666666666,0,0,4,0,0,0,0,1,3,4,0,0,0,2,1,-17,-3.5999999999999996,0.0,https://www.nba.com/stats/players/boxscores-traditional?Season=2018-19&SeasonType=Regular%20Season&TeamID=1610612741
2019,2018–19,1628976,Wendell Carter Jr.,0021800520,2018-12-28,CHI @ WAS,WAS,W,32.7,17,8,10,0,0,1,1,2,11,13,2,1,3,2,5,-2,18.4,81.4176245210728,https://www.nba.com/stats/players/boxscores-traditional?Season=2018-19&SeasonType=Regular%20Season&TeamID=1610612741
2019,2018–19,1628374,Lauri Markkanen,0021800520,2018-12-28,CHI @ WAS,WAS,W,28.816666666666666,14,5,15,1,5,3,5,2,12,14,0,0,1,3,5,9,5.399999999999999,40.69767441860465,https://www.nba.com/stats/players/boxscores-traditional?Season=2018-19&SeasonType=Regular%20Season&TeamID=1610612741
2019,2018–19,203897,Zach LaVine,0021800520,2018-12-28,CHI @ WAS,WAS,W,28.9,24,7,12,3,4,7,8,0,1,1,3,0,0,1,2,14,18.600000000000005,77.31958762886599,https://www.nba.com/stats/players/boxscores-traditional?Season=2018-19&SeasonType=Regular%20Season&TeamID=1610612741
2019,2018–19,1627739,Kris Dunn,0021800520,2018-12-28,CHI @ WAS,WAS,W,32.083333333333336,13,5,12,1,2,2,2,0,4,4,8,2,0,1,1,1,14.0,50.46583850931676,https://www.nba.com/stats/players/boxscores-traditional?Season=2018-19&SeasonType=Regular%20Season&TeamID=1610612741
2019,2018–19,203200,Justin Holiday,0021800520,2018-12-28,CHI @ WAS,WAS,W,37.99166666666667,10,2,6,2,5,4,5,0,1,1,3,3,0,1,1,3,10.2,60.97560975609757,https://www.nba.com/stats/players/boxscores-traditional?Season=2018-19&SeasonType=Regular%20Season&TeamID=1610612741
2019,2018–19,201577,Robin Lopez,0021800520,2018-12-28,CHI @ WAS,WAS,W,15.3,10,5,7,0,1,0,0,0,3,3,2,0,2,1,2,11,9.0,71.42857142857143,https://www.nba.com/stats/players/boxscores-traditional?Season=2018-19&SeasonType=Regular%20Season&TeamID=1610612741
2019,2018–19,1627885,Shaquille Harrison,0021800520,2018-12-28,CHI @ WAS,WAS,W,22.983333333333334,6,2,7,1,2,1,2,2,3,5,1,0,0,0,2,1,3.7,38.07106598984772,https://www.nba.com/stats/players/boxscores-traditional?Season=2018-19&SeasonType=Regular%20Season&TeamID=1610612741
2019,2018–19,1627853,Ryan Arcidiacono,0021800520,2018-12-28,CHI @ WAS,WAS,W,22.991666666666667,0,0,5,0,3,0,0,0,2,2,0,3,0,0,0,0,0.10000000000000009,0.0,https://www.nba.com/stats/players/boxscores-traditional?Season=2018-19&SeasonType=Regular%20Season&TeamID=1610612741
2019,2018–19,1628990,Chandler Hutchison,0021800520,2018-12-28,CHI @ WAS,WAS,W,15.016666666666667,5,2,2,0,0,1,2,1,1,2,1,0,0,1,0,7,4.7,86.80555555555556,https://www.nba.com/stats/players/boxscores-traditional?Season=2018-19&SeasonType=Regular%20Season&TeamID=1610612741
2019,2018–19,1628469,Antonio Blakeney,0021800520,2018-12-28,CHI @ WAS,WAS,W,3.216666666666667,2,1,3,0,0,0,0,0,1,1,0,0,0,0,0,1,0.6000000000000003,33.33333333333333,https://www.nba.com/stats/players/boxscores-traditional?Season=2018-19&SeasonType=Regular%20Season&TeamID=1610612741
2019,2018–19,203897,Zach LaVine,0021800507,2018-12-26,CHI vs. MIN,MIN,L,26.4,28,10,17,3,7,5,7,0,1,1,2,0,0,0,1,-2,20.6,69.7211155378486,https://www.nba.com/stats/players/boxscores-traditional?Season=2018-19&SeasonType=Regular%20Season&TeamID=1610612741
2019,2018–19,1627739,Kris Dunn,0021800507,2018-12-26,CHI vs. MIN,MIN,L,30.283333333333335,9,4,11,0,0,1,3,0,8,8,7,2,0,2,6,-23,6.999999999999998,36.52597402597402,https://www.nba.com/stats/players/boxscores-traditional?Season=2018-19&SeasonType=Regular%20Season&TeamID=1610612741
2019,2018–19,1628976,Wendell Carter Jr.,0021800507,2018-12-26,CHI vs. MIN,MIN,L,23.016666666666666,12,6,11,0,0,0,0,5,4,9,1,0,2,2,4,-11,9.9,54.54545454545454,https://www.nba.com/stats/players/boxscores-traditional?Season=2018-19&SeasonType=Regular%20Season&TeamID=1610612741
2019,2018–19,1628374,Lauri Markkanen,0021800507,2018-12-26,CHI vs. MIN,MIN,L,32.06666666666667,16,6,14,1,5,3,3,1,6,7,0,0,0,2,2,-18,8.299999999999997,52.21932114882506,https://www.nba.com/stats/players/boxscores-traditional?Season=2018-19&SeasonType=Regular%20Season&TeamID=1610612741
2019,2018–19,201577,Robin Lopez,0021800507,2018-12-26,CHI vs. MIN,MIN,L,20.033333333333335,6,3,13,0,1,0,1,6,3,9,3,0,1,2,1,-12,3.1999999999999993,22.321428571428573,https://www.nba.com/stats/players/boxscores-traditional?Season=2018-19&SeasonType=Regular%20Season&TeamID=1610612741
2019,2018–19,1627885,Shaquille Harrison,0021800507,2018-12-26,CHI vs. MIN,MIN,L,23.183333333333334,7,3,6,0,1,1,2,0,3,3,2,1,0,0,2,-10,6.1000000000000005,50.872093023255815,https://www.nba.com/stats/players/boxscores-traditional?Season=2018-19&SeasonType=Regular%20Season&TeamID=1610612741
2019,2018–19,1627853,Ryan Arcidiacono,0021800507,2018-12-26,CHI vs. MIN,MIN,L,27.633333333333333,3,1,2,1,2,0,0,0,2,2,3,2,0,1,2,-7,4.8999999999999995,75.0,https://www.nba.com/stats/players/boxscores-traditional?Season=2018-19&SeasonType=Regular%20Season&TeamID=1610612741
2019,2018–19,203200,Justin Holiday,0021800507,2018-12-26,CHI vs. MIN,MIN,L,29.216666666666665,2,1,11,0,6,0,0,0,3,3,1,0,2,1,2,-20,-4.099999999999999,9.090909090909092,https://www.nba.com/stats/players/boxscores-traditional?Season=2018-19&SeasonType=Regular%20Season&TeamID=1610612741
2019,2018–19,1628469,Antonio Blakeney,0021800507,2018-12-26,CHI vs. MIN,MIN,L,4.95,7,3,5,1,1,0,0,0,1,1,0,0,0,0,0,-2,4.999999999999999,70.0,https://www.nba.com/stats/players/boxscores-traditional?Season=2018-19&SeasonType=Regular%20Season&TeamID=1610612741
2019,2018–19,1626245,Cristiano Felicio,0021800507,2018-12-26,CHI vs. MIN,MIN,L,4.95,2,1,2,0,0,0,0,0,2,2,2,0,0,0,0,-2,3.0,50.0,https://www.nba.com/stats/players/boxscores-traditional?Season=2018-19&SeasonType=Regular%20Season&TeamID=1610612741
2019,2018–19,1628990,Chandler Hutchison,0021800507,2018-12-26,CHI vs. MIN,MIN,L,14.6,2,1,2,0,0,0,0,0,0,0,1,1,0,0,1,-13,2.3000000000000003,50.0,https://www.nba.com/stats/players/boxscores-traditional?Season=2018-19&SeasonType=Regular%20Season&TeamID=1610612741
2019,2018–19,1626166,Cameron Payne,0021800507,2018-12-26,CHI vs. MIN,MIN,L,3.6666666666666665,0,0,1,0,0,0,0,0,0,0,0,0,0,0,0,-5,-0.7,0.0,https://www.nba.com/stats/players/boxscores-traditional?Season=2018-19&SeasonType=Regular%20Season&TeamID=1610612741
2019,2018–19,1628374,Lauri Markkanen,0021800490,2018-12-23,CHI @ CLE,CLE,W,32.35,31,11,18,5,10,4,4,0,4,4,3,0,0,0,2,11,25.299999999999994,78.44129554655869,https://www.nba.com/stats/players/boxscores-traditional?Season=2018-19&SeasonType=Regular%20Season&TeamID=1610612741
2019,2018–19,1627739,Kris Dunn,0021800490,2018-12-23,CHI @ CLE,CLE,W,28.683333333333334,17,8,11,0,0,1,1,0,8,8,7,1,1,1,5,21,18.5,74.3006993006993,https://www.nba.com/stats/players/boxscores-traditional?Season=2018-19&SeasonType=Regular%20Season&TeamID=1610612741
2019,2018–19,1627853,Ryan Arcidiacono,0021800490,2018-12-23,CHI @ CLE,CLE,W,33.28333333333333,12,5,8,1,2,1,1,0,4,4,8,3,0,0,2,10,17.4,71.09004739336493,https://www.nba.com/stats/players/boxscores-traditional?Season=2018-19&SeasonType=Regular%20Season&TeamID=1610612741
2019,2018–19,203200,Justin Holiday,0021800490,2018-12-23,CHI @ CLE,CLE,W,34.36666666666667,15,5,8,3,5,2,2,0,5,5,1,3,0,4,2,21,11.8,84.45945945945945,https://www.nba.com/stats/players/boxscores-traditional?Season=2018-19&SeasonType=Regular%20Season&TeamID=1610612741
2019,2018–19,201577,Robin Lopez,0021800490,2018-12-23,CHI @ CLE,CLE,W,19.833333333333332,11,5,9,0,1,1,1,1,2,3,0,0,1,3,1,7,5.299999999999999,58.26271186440678,https://www.nba.com/stats/players/boxscores-traditional?Season=2018-19&SeasonType=Regular%20Season&TeamID=1610612741
2019,2018–19,1628469,Antonio Blakeney,0021800490,2018-12-23,CHI @ CLE,CLE,W,13.55,8,2,6,0,1,4,4,0,3,3,2,0,1,1,1,8,6.200000000000002,51.54639175257733,https://www.nba.com/stats/players/boxscores-traditional?Season=2018-19&SeasonType=Regular%20Season&TeamID=1610612741
2019,2018–19,1628976,Wendell Carter Jr.,0021800490,2018-12-23,CHI @ CLE,CLE,W,19.133333333333333,5,2,7,0,0,1,2,2,5,7,2,0,0,1,4,3,2.2000000000000006,31.725888324873097,https://www.nba.com/stats/players/boxscores-traditional?Season=2018-19&SeasonType=Regular%20Season&TeamID=1610612741
2019,2018–19,1627885,Shaquille Harrison,0021800490,2018-12-23,CHI @ CLE,CLE,W,23.183333333333334,6,2,5,1,2,1,2,1,1,2,2,0,0,1,1,9,3.8999999999999986,51.02040816326531,https://www.nba.com/stats/players/boxscores-traditional?Season=2018-19&SeasonType=Regular%20Season&TeamID=1610612741
2019,2018–19,1628990,Chandler Hutchison,0021800490,2018-12-23,CHI @ CLE,CLE,W,32.45,4,2,3,0,0,0,0,1,4,5,1,0,0,0,0,8,5.300000000000001,66.66666666666666,https://www.nba.com/stats/players/boxscores-traditional?Season=2018-19&SeasonType=Regular%20Season&TeamID=1610612741
2019,2018–19,1628959,Rawle Alkins,0021800490,2018-12-23,CHI @ CLE,CLE,W,1.5833333333333333,3,1,3,1,1,0,0,2,0,2,0,0,0,0,0,1,2.7,50.0,https://www.nba.com/stats/players/boxscores-traditional?Season=2018-19&SeasonType=Regular%20Season&TeamID=1610612741
2019,2018–19,1626245,Cristiano Felicio,0021800490,2018-12-23,CHI @ CLE,CLE,W,1.5833333333333333,0,0,0,0,0,0,0,0,0,0,0,0,0,0,1,1,-0.4,0.0,https://www.nba.com/stats/players/boxscores-traditional?Season=2018-19&SeasonType=Regular%20Season&TeamID=1610612741
2019,2018–19,1628374,Lauri Markkanen,0021800474,2018-12-21,CHI vs. ORL,ORL,W,36.75,32,12,20,4,6,4,4,0,6,6,3,0,1,2,5,2,23.399999999999995,73.52941176470587,https://www.nba.com/stats/players/boxscores-traditional?Season=2018-19&SeasonType=Regular%20Season&TeamID=1610612741
2019,2018–19,1627739,Kris Dunn,0021800474,2018-12-21,CHI vs. ORL,ORL,W,35.833333333333336,12,4,14,0,1,4,6,0,8,8,7,2,0,2,3,-4,9.100000000000001,36.05769230769231,https://www.nba.com/stats/players/boxscores-traditional?Season=2018-19&SeasonType=Regular%20Season&TeamID=1610612741
2019,2018–19,203200,Justin Holiday,0021800474,2018-12-21,CHI vs. ORL,ORL,W,36.68333333333333,11,3,11,0,5,5,5,3,7,10,1,1,1,1,1,-4,9.699999999999998,41.66666666666667,https://www.nba.com/stats/players/boxscores-traditional?Season=2018-19&SeasonType=Regular%20Season&TeamID=1610612741
2019,2018–19,201577,Robin Lopez,0021800474,2018-12-21,CHI vs. ORL,ORL,W,22.9,14,5,6,1,1,3,7,2,2,4,2,0,1,1,2,14,12.5,77.09251101321586,https://www.nba.com/stats/players/boxscores-traditional?Season=2018-19&SeasonType=Regular%20Season&TeamID=1610612741
2019,2018–19,1628976,Wendell Carter Jr.,0021800474,2018-12-21,CHI vs. ORL,ORL,W,24.731666666666666,10,5,8,0,0,0,0,2,6,8,0,0,0,0,5,-4,7.600000000000001,62.5,https://www.nba.com/stats/players/boxscores-traditional?Season=2018-19&SeasonType=Regular%20Season&TeamID=1610612741
2019,2018–19,1627885,Shaquille Harrison,0021800474,2018-12-21,CHI vs. ORL,ORL,W,21.583333333333332,4,2,4,0,0,0,0,0,4,4,1,1,3,1,2,13,5.2,50.0,https://www.nba.com/stats/players/boxscores-traditional?Season=2018-19&SeasonType=Regular%20Season&TeamID=1610612741
2019,2018–19,1627853,Ryan Arcidiacono,0021800474,2018-12-21,CHI vs. ORL,ORL,W,33.1,4,1,4,0,3,2,2,0,3,3,8,0,0,0,2,2,7.3,40.98360655737705,https://www.nba.com/stats/players/boxscores-traditional?Season=2018-19&SeasonType=Regular%20Season&TeamID=1610612741
2019,2018–19,1628990,Chandler Hutchison,0021800474,2018-12-21,CHI vs. ORL,ORL,W,16.733333333333334,2,1,4,0,1,0,0,1,3,4,1,0,0,0,0,17,1.9,25.0,https://www.nba.com/stats/players/boxscores-traditional?Season=2018-19&SeasonType=Regular%20Season&TeamID=1610612741
2019,2018–19,1628469,Antonio Blakeney,0021800474,2018-12-21,CHI vs. ORL,ORL,W,11.685,1,0,4,0,0,1,2,1,2,3,0,1,0,0,1,14,-0.2999999999999998,10.245901639344263,https://www.nba.com/stats/players/boxscores-traditional?Season=2018-19&SeasonType=Regular%20Season&TeamID=1610612741
2019,2018–19,1627739,Kris Dunn,0021800460,2018-12-19,CHI vs. BKN,BKN,L,34.31666666666667,24,11,21,1,3,1,2,0,4,4,6,2,0,3,5,1,15.7,54.84460694698355,https://www.nba.com/stats/players/boxscores-traditional?Season=2018-19&SeasonType=Regular%20Season&TeamID=1610612741
2019,2018–19,1626171,Bobby Portis Jr.,0021800460,2018-12-19,CHI vs. BKN,BKN,L,24.233333333333334,16,6,18,0,2,4,4,3,8,11,1,1,1,1,1,-4,11.299999999999997,40.48582995951417,https://www.nba.com/stats/players/boxscores-traditional?Season=2018-19&SeasonType=Regular%20Season&TeamID=1610612741
2019,2018–19,1628976,Wendell Carter Jr.,0021800460,2018-12-19,CHI vs. BKN,BKN,L,23.72833333333333,9,4,10,0,1,1,2,2,3,5,2,1,1,0,4,3,7.0,41.36029411764706,https://www.nba.com/stats/players/boxscores-traditional?Season=2018-19&SeasonType=Regular%20Season&TeamID=1610612741
2019,2018–19,1627885,Shaquille Harrison,0021800460,2018-12-19,CHI vs. BKN,BKN,L,25.581666666666667,13,6,8,0,1,1,1,0,2,2,1,2,0,0,4,-7,11.5,77.01421800947867,https://www.nba.com/stats/players/boxscores-traditional?Season=2018-19&SeasonType=Regular%20Season&TeamID=1610612741
2019,2018–19,203200,Justin Holiday,0021800460,2018-12-19,CHI vs. BKN,BKN,L,34.86666666666667,5,2,10,1,5,0,0,0,3,3,3,1,2,2,3,-2,0.9999999999999991,25.0,https://www.nba.com/stats/players/boxscores-traditional?Season=2018-19&SeasonType=Regular%20Season&TeamID=1610612741
2019,2018–19,1628374,Lauri Markkanen,0021800460,2018-12-19,CHI vs. BKN,BKN,L,33.08166666666666,8,3,6,2,3,0,1,0,6,6,2,0,0,0,3,-1,6.599999999999999,62.11180124223602,https://www.nba.com/stats/players/boxscores-traditional?Season=2018-19&SeasonType=Regular%20Season&TeamID=1610612741
2019,2018–19,1627853,Ryan Arcidiacono,0021800460,2018-12-19,CHI vs. BKN,BKN,L,23.071666666666665,10,4,6,2,2,0,0,0,1,1,2,0,0,0,1,1,8.7,83.33333333333334,https://www.nba.com/stats/players/boxscores-traditional?Season=2018-19&SeasonType=Regular%20Season&TeamID=1610612741
2019,2018–19,201577,Robin Lopez,0021800460,2018-12-19,CHI vs. BKN,BKN,L,14.918333333333333,2,1,3,0,0,0,0,2,1,3,1,0,1,1,1,-2,2.0000000000000004,33.33333333333333,https://www.nba.com/stats/players/boxscores-traditional?Season=2018-19&SeasonType=Regular%20Season&TeamID=1610612741
2019,2018–19,1626166,Cameron Payne,0021800460,2018-12-19,CHI vs. BKN,BKN,L,19.801666666666666,4,2,6,0,1,0,0,0,1,1,3,0,0,1,0,-2,2.0,33.33333333333333,https://www.nba.com/stats/players/boxscores-traditional?Season=2018-19&SeasonType=Regular%20Season&TeamID=1610612741
2019,2018–19,1628990,Chandler Hutchison,0021800460,2018-12-19,CHI vs. BKN,BKN,L,6.4,2,1,3,0,1,0,0,2,1,3,0,0,0,0,0,-2,2.0,33.33333333333333,https://www.nba.com/stats/players/boxscores-traditional?Season=2018-19&SeasonType=Regular%20Season&TeamID=1610612741
2019,2018–19,1628374,Lauri Markkanen,0021800447,2018-12-17,CHI @ OKC,OKC,L,27.85,16,6,17,1,3,3,4,7,8,15,0,2,2,3,2,-26,13.0,42.643923240938165,https://www.nba.com/stats/players/boxscores-traditional?Season=2018-19&SeasonType=Regular%20Season&TeamID=1610612741
2019,2018–19,1626166,Cameron Payne,0021800447,2018-12-17,CHI @ OKC,OKC,L,22.466666666666665,11,5,7,1,1,0,0,0,3,3,6,2,0,2,6,-9,10.8,78.57142857142857,https://www.nba.com/stats/players/boxscores-traditional?Season=2018-19&SeasonType=Regular%20Season&TeamID=1610612741
2019,2018–19,1627739,Kris Dunn,0021800447,2018-12-17,CHI @ OKC,OKC,L,25.733333333333334,12,5,8,0,0,2,2,0,2,2,7,1,0,4,3,-17,9.7,67.56756756756756,https://www.nba.com/stats/players/boxscores-traditional?Season=2018-19&SeasonType=Regular%20Season&TeamID=1610612741
2019,2018–19,203200,Justin Holiday,0021800447,2018-12-17,CHI @ OKC,OKC,L,29.008333333333333,9,3,10,3,8,0,0,0,3,3,3,0,2,1,2,-26,5.8,45.0,https://www.nba.com/stats/players/boxscores-traditional?Season=2018-19&SeasonType=Regular%20Season&TeamID=1610612741
2019,2018–19,1626171,Bobby Portis Jr.,0021800447,2018-12-17,CHI @ OKC,OKC,L,22.833333333333332,16,7,14,1,4,1,1,0,2,2,0,0,0,5,3,-11,3.400000000000002,55.4016620498615,https://www.nba.com/stats/players/boxscores-traditional?Season=2018-19&SeasonType=Regular%20Season&TeamID=1610612741
2019,2018–19,1628976,Wendell Carter Jr.,0021800447,2018-12-17,CHI @ OKC,OKC,L,19.283333333333335,8,4,8,0,1,0,0,0,4,4,1,0,2,1,5,-13,4.300000000000001,50.0,https://www.nba.com/stats/players/boxscores-traditional?Season=2018-19&SeasonType=Regular%20Season&TeamID=1610612741
2019,2018–19,1627885,Shaquille Harrison,0021800447,2018-12-17,CHI @ OKC,OKC,L,18.466666666666665,8,3,9,0,1,2,4,0,2,2,0,1,0,1,4,-1,1.0999999999999996,37.17472118959108,https://www.nba.com/stats/players/boxscores-traditional?Season=2018-19&SeasonType=Regular%20Season&TeamID=1610612741
2019,2018–19,1628990,Chandler Hutchison,0021800447,2018-12-17,CHI @ OKC,OKC,L,18.991666666666667,6,2,4,2,2,0,0,1,0,1,0,1,0,0,2,1,4.9,75.0,https://www.nba.com/stats/players/boxscores-traditional?Season=2018-19&SeasonType=Regular%20Season&TeamID=1610612741
2019,2018–19,201577,Robin Lopez,0021800447,2018-12-17,CHI @ OKC,OKC,L,16.95,4,2,3,0,0,0,0,1,2,3,0,1,1,5,3,-5,-0.5,66.66666666666666,https://www.nba.com/stats/players/boxscores-traditional?Season=2018-19&SeasonType=Regular%20Season&TeamID=1610612741
2019,2018–19,1626245,Cristiano Felicio,0021800447,2018-12-17,CHI @ OKC,OKC,L,6.2,2,1,2,0,0,0,0,3,2,5,1,0,0,0,0,1,4.3999999999999995,50.0,https://www.nba.com/stats/players/boxscores-traditional?Season=2018-19&SeasonType=Regular%20Season&TeamID=1610612741
2019,2018–19,1628959,Rawle Alkins,0021800447,2018-12-17,CHI @ OKC,OKC,L,2.8833333333333333,0,0,1,0,0,0,0,1,0,1,2,1,0,0,0,4,2.4,0.0,https://www.nba.com/stats/players/boxscores-traditional?Season=2018-19&SeasonType=Regular%20Season&TeamID=1610612741
2019,2018–19,1627853,Ryan Arcidiacono,0021800447,2018-12-17,CHI @ OKC,OKC,L,23.133333333333333,2,0,2,0,2,2,2,0,0,0,0,1,0,1,1,-24,0.20000000000000018,34.72222222222222,https://www.nba.com/stats/players/boxscores-traditional?Season=2018-19&SeasonType=Regular%20Season&TeamID=1610612741
2019,2018–19,1628469,Antonio Blakeney,0021800447,2018-12-17,CHI @ OKC,OKC,L,6.2,2,0,0,0,0,2,3,0,0,0,0,0,0,0,0,1,1.6,75.75757575757575,https://www.nba.com/stats/players/boxscores-traditional?Season=2018-19&SeasonType=Regular%20Season&TeamID=1610612741
2019,2018–19,1628374,Lauri Markkanen,0021800433,2018-12-15,CHI @ SAS,SAS,W,36.605,23,9,18,3,8,2,2,1,6,7,1,2,2,2,1,12,18.2,60.91101694915254,https://www.nba.com/stats/players/boxscores-traditional?Season=2018-19&SeasonType=Regular%20Season&TeamID=1610612741
2019,2018–19,1627739,Kris Dunn,0021800433,2018-12-15,CHI @ SAS,SAS,W,35.75,24,11,19,0,2,2,2,0,7,7,3,2,0,1,5,3,18.299999999999997,60.362173038229386,https://www.nba.com/stats/players/boxscores-traditional?Season=2018-19&SeasonType=Regular%20Season&TeamID=1610612741
2019,2018–19,1627853,Ryan Arcidiacono,0021800433,2018-12-15,CHI @ SAS,SAS,W,38.95,12,4,6,2,4,2,2,2,2,4,6,3,0,2,2,22,15.8,87.20930232558139,https://www.nba.com/stats/players/boxscores-traditional?Season=2018-19&SeasonType=Regular%20Season&TeamID=1610612741
2019,2018–19,203200,Justin Holiday,0021800433,2018-12-15,CHI @ SAS,SAS,W,41.583333333333336,8,1,12,1,10,5,5,0,7,7,2,2,1,0,2,20,5.400000000000002,28.169014084507044,https://www.nba.com/stats/players/boxscores-traditional?Season=2018-19&SeasonType=Regular%20Season&TeamID=1610612741
2019,2018–19,201577,Robin Lopez,0021800433,2018-12-15,CHI @ SAS,SAS,W,19.378333333333334,10,3,6,0,0,4,4,2,3,5,1,0,1,0,0,4,10.7,64.43298969072166,https://www.nba.com/stats/players/boxscores-traditional?Season=2018-19&SeasonType=Regular%20Season&TeamID=1610612741
2019,2018–19,1626171,Bobby Portis Jr.,0021800433,2018-12-15,CHI @ SAS,SAS,W,19.066666666666666,9,4,12,0,3,1,2,2,2,4,0,0,1,1,2,-11,2.700000000000001,34.93788819875776,https://www.nba.com/stats/players/boxscores-traditional?Season=2018-19&SeasonType=Regular%20Season&TeamID=1610612741
2019,2018–19,1628976,Wendell Carter Jr.,0021800433,2018-12-15,CHI @ SAS,SAS,W,20.95,8,3,5,0,0,2,4,1,1,2,0,0,2,0,6,5,4.899999999999999,59.171597633136095,https://www.nba.com/stats/players/boxscores-traditional?Season=2018-19&SeasonType=Regular%20Season&TeamID=1610612741
2019,2018–19,1626166,Cameron Payne,0021800433,2018-12-15,CHI @ SAS,SAS,W,13.166666666666666,4,2,4,0,2,0,0,0,1,1,1,1,1,1,0,-3,3.7,50.0,https://www.nba.com/stats/players/boxscores-traditional?Season=2018-19&SeasonType=Regular%20Season&TeamID=1610612741
2019,2018–19,1627885,Shaquille Harrison,0021800433,2018-12-15,CHI @ SAS,SAS,W,10.316666666666666,0,0,2,0,0,0,0,0,3,3,2,2,0,0,1,-14,2.5,0.0,https://www.nba.com/stats/players/boxscores-traditional?Season=2018-19&SeasonType=Regular%20Season&TeamID=1610612741
2019,2018–19,1628990,Chandler Hutchison,0021800433,2018-12-15,CHI @ SAS,SAS,W,4.233333333333333,0,0,2,0,0,0,0,0,0,0,0,0,0,0,1,-13,-1.7999999999999998,0.0,https://www.nba.com/stats/players/boxscores-traditional?Season=2018-19&SeasonType=Regular%20Season&TeamID=1610612741
2019,2018–19,203897,Zach LaVine,0021800418,2018-12-13,CHI @ ORL,ORL,L,40.483333333333334,23,10,18,2,3,1,2,0,3,3,5,2,0,6,1,-2,14.0,60.91101694915254,https://www.nba.com/stats/players/boxscores-traditional?Season=2018-19&SeasonType=Regular%20Season&TeamID=1610612741
2019,2018–19,203200,Justin Holiday,0021800418,2018-12-13,CHI @ ORL,ORL,L,38.17666666666667,18,6,11,4,5,2,3,1,4,5,2,3,0,2,3,-7,15.399999999999995,73.05194805194805,https://www.nba.com/stats/players/boxscores-traditional?Season=2018-19&SeasonType=Regular%20Season&TeamID=1610612741
2019,2018–19,1626171,Bobby Portis Jr.,0021800418,2018-12-13,CHI @ ORL,ORL,L,21.966666666666665,15,6,11,1,2,2,4,0,7,7,1,1,0,0,2,4,11.899999999999997,58.777429467084644,https://www.nba.com/stats/players/boxscores-traditional?Season=2018-19&SeasonType=Regular%20Season&TeamID=1610612741
2019,2018–19,1628374,Lauri Markkanen,0021800418,2018-12-13,CHI @ ORL,ORL,L,27.966666666666665,7,2,10,2,6,1,2,0,5,5,0,1,1,1,1,-9,2.1999999999999997,32.16911764705882,https://www.nba.com/stats/players/boxscores-traditional?Season=2018-19&SeasonType=Regular%20Season&TeamID=1610612741
2019,2018–19,201577,Robin Lopez,0021800418,2018-12-13,CHI @ ORL,ORL,L,28.223333333333333,11,3,7,0,0,5,5,0,1,1,0,0,2,1,3,4,6.8,59.782608695652186,https://www.nba.com/stats/players/boxscores-traditional?Season=2018-19&SeasonType=Regular%20Season&TeamID=1610612741
2019,2018–19,1627853,Ryan Arcidiacono,0021800418,2018-12-13,CHI @ ORL,ORL,L,22.583333333333332,5,2,4,0,1,1,2,0,2,2,5,1,0,0,3,-9,6.5,51.229508196721305,https://www.nba.com/stats/players/boxscores-traditional?Season=2018-19&SeasonType=Regular%20Season&TeamID=1610612741
2019,2018–19,1627739,Kris Dunn,0021800418,2018-12-13,CHI @ ORL,ORL,L,25.833333333333332,5,2,5,1,1,0,0,0,4,4,2,1,0,4,4,-2,0.3000000000000007,50.0,https://www.nba.com/stats/players/boxscores-traditional?Season=2018-19&SeasonType=Regular%20Season&TeamID=1610612741
2019,2018–19,1628976,Wendell Carter Jr.,0021800418,2018-12-13,CHI @ ORL,ORL,L,17.75,7,3,4,0,0,1,2,0,3,3,1,0,1,3,4,-11,2.6999999999999993,71.72131147540983,https://www.nba.com/stats/players/boxscores-traditional?Season=2018-19&SeasonType=Regular%20Season&TeamID=1610612741
2019,2018–19,1627885,Shaquille Harrison,0021800418,2018-12-13,CHI @ ORL,ORL,L,12.85,0,0,0,0,0,0,0,0,2,2,1,1,0,1,2,11,0.4999999999999998,0.0,https://www.nba.com/stats/players/boxscores-traditional?Season=2018-19&SeasonType=Regular%20Season&TeamID=1610612741
2019,2018–19,203953,Jabari Parker,0021800418,2018-12-13,CHI @ ORL,ORL,L,4.166666666666667,0,0,1,0,0,0,0,0,1,1,1,0,0,0,0,-9,0.3,0.0,https://www.nba.com/stats/players/boxscores-traditional?Season=2018-19&SeasonType=Regular%20Season&TeamID=1610612741
2019,2018–19,203897,Zach LaVine,0021800394,2018-12-10,CHI vs. SAC,SAC,L,32.416666666666664,19,7,13,3,5,2,2,1,1,2,2,3,0,6,1,-22,11.700000000000003,68.44380403458213,https://www.nba.com/stats/players/boxscores-traditional?Season=2018-19&SeasonType=Regular%20Season&TeamID=1610612741
2019,2018–19,1628374,Lauri Markkanen,0021800394,2018-12-10,CHI vs. SAC,SAC,L,28.566666666666666,13,5,16,1,8,2,2,0,6,6,1,1,0,2,1,-12,4.9,38.507109004739334,https://www.nba.com/stats/players/boxscores-traditional?Season=2018-19&SeasonType=Regular%20Season&TeamID=1610612741
2019,2018–19,1628976,Wendell Carter Jr.,0021800394,2018-12-10,CHI vs. SAC,SAC,L,29.433333333333334,8,3,6,0,0,2,2,1,7,8,2,1,1,3,3,-7,6.699999999999999,58.139534883720934,https://www.nba.com/stats/players/boxscores-traditional?Season=2018-19&SeasonType=Regular%20Season&TeamID=1610612741
2019,2018–19,1626171,Bobby Portis Jr.,0021800394,2018-12-10,CHI vs. SAC,SAC,L,18.633333333333333,9,3,8,1,2,2,2,2,6,8,1,0,1,1,2,-9,7.399999999999999,50.67567567567567,https://www.nba.com/stats/players/boxscores-traditional?Season=2018-19&SeasonType=Regular%20Season&TeamID=1610612741
2019,2018–19,203200,Justin Holiday,0021800394,2018-12-10,CHI vs. SAC,SAC,L,34.655,9,3,9,1,6,2,2,0,3,3,1,3,0,4,0,-17,4.499999999999998,45.54655870445344,https://www.nba.com/stats/players/boxscores-traditional?Season=2018-19&SeasonType=Regular%20Season&TeamID=1610612741
2019,2018–19,1627739,Kris Dunn,0021800394,2018-12-10,CHI vs. SAC,SAC,L,20.078333333333333,9,3,5,0,2,3,3,1,2,3,6,0,0,2,4,-9,8.6,71.20253164556962,https://www.nba.com/stats/players/boxscores-traditional?Season=2018-19&SeasonType=Regular%20Season&TeamID=1610612741
2019,2018–19,203953,Jabari Parker,0021800394,2018-12-10,CHI vs. SAC,SAC,L,18.616666666666667,7,3,6,1,1,0,0,0,3,3,0,0,0,5,2,-8,-0.8999999999999995,58.333333333333336,https://www.nba.com/stats/players/boxscores-traditional?Season=2018-19&SeasonType=Regular%20Season&TeamID=1610612741
2019,2018–19,1627853,Ryan Arcidiacono,0021800394,2018-12-10,CHI vs. SAC,SAC,L,26.255,2,1,3,0,1,0,0,2,3,5,3,0,0,0,3,-7,3.499999999999999,33.33333333333333,https://www.nba.com/stats/players/boxscores-traditional?Season=2018-19&SeasonType=Regular%20Season&TeamID=1610612741
2019,2018–19,201577,Robin Lopez,0021800394,2018-12-10,CHI vs. SAC,SAC,L,9.2,6,3,5,0,0,0,0,0,1,1,0,0,1,2,1,1,2.3,60.0,https://www.nba.com/stats/players/boxscores-traditional?Season=2018-19&SeasonType=Regular%20Season&TeamID=1610612741
2019,2018–19,1627885,Shaquille Harrison,0021800394,2018-12-10,CHI vs. SAC,SAC,L,11.561666666666667,4,2,3,0,1,0,0,0,0,0,0,2,0,2,0,-6,2.7,66.66666666666666,https://www.nba.com/stats/players/boxscores-traditional?Season=2018-19&SeasonType=Regular%20Season&TeamID=1610612741
2019,2018–19,1628990,Chandler Hutchison,0021800394,2018-12-10,CHI vs. SAC,SAC,L,6.316666666666666,3,1,1,1,1,0,0,0,1,1,0,0,0,0,0,-1,3.0,150.0,https://www.nba.com/stats/players/boxscores-traditional?Season=2018-19&SeasonType=Regular%20Season&TeamID=1610612741
2019,2018–19,1626166,Cameron Payne,0021800394,2018-12-10,CHI vs. SAC,SAC,L,2.1333333333333333,0,0,1,0,1,0,0,0,0,0,0,0,0,0,0,1,-0.7,0.0,https://www.nba.com/stats/players/boxscores-traditional?Season=2018-19&SeasonType=Regular%20Season&TeamID=1610612741
2019,2018–19,1626245,Cristiano Felicio,0021800394,2018-12-10,CHI vs. SAC,SAC,L,2.1333333333333333,0,0,0,0,0,0,0,0,0,0,0,0,0,0,0,1,0.0,0.0,https://www.nba.com/stats/players/boxscores-traditional?Season=2018-19&SeasonType=Regular%20Season&TeamID=1610612741
2019,2018–19,1627885,Shaquille Harrison,0021800383,2018-12-08,CHI vs. BOS,BOS,L,29.116666666666667,20,8,15,3,5,1,2,0,1,1,1,0,1,1,0,-43,12.999999999999998,62.97229219143576,https://www.nba.com/stats/players/boxscores-traditional?Season=2018-19&SeasonType=Regular%20Season&TeamID=1610612741
2019,2018–19,1626166,Cameron Payne,0021800383,2018-12-08,CHI vs. BOS,BOS,L,24.533333333333335,10,5,10,0,2,0,0,0,3,3,3,1,0,3,1,-34,5.6,50.0,https://www.nba.com/stats/players/boxscores-traditional?Season=2018-19&SeasonType=Regular%20Season&TeamID=1610612741
2019,2018–19,203897,Zach LaVine,0021800383,2018-12-08,CHI vs. BOS,BOS,L,18.883333333333333,11,4,6,0,1,3,3,2,1,3,2,0,0,2,3,-13,8.3,75.13661202185791,https://www.nba.com/stats/players/boxscores-traditional?Season=2018-19&SeasonType=Regular%20Season&TeamID=1610612741
2019,2018–19,1628374,Lauri Markkanen,0021800383,2018-12-08,CHI vs. BOS,BOS,L,18.316666666666666,8,3,10,2,6,0,0,0,4,4,1,0,0,1,1,-10,2.6999999999999997,40.0,https://www.nba.com/stats/players/boxscores-traditional?Season=2018-19&SeasonType=Regular%20Season&TeamID=1610612741
2019,2018–19,203953,Jabari Parker,0021800383,2018-12-08,CHI vs. BOS,BOS,L,26.683333333333334,8,3,7,0,0,2,2,0,3,3,3,0,0,1,2,-29,5.499999999999999,50.76142131979695,https://www.nba.com/stats/players/boxscores-traditional?Season=2018-19&SeasonType=Regular%20Season&TeamID=1610612741
2019,2018–19,1626245,Cristiano Felicio,0021800383,2018-12-08,CHI vs. BOS,BOS,L,16.816666666666666,4,2,4,0,0,0,1,2,5,7,0,1,0,1,1,-26,4.1,45.04504504504504,https://www.nba.com/stats/players/boxscores-traditional?Season=2018-19&SeasonType=Regular%20Season&TeamID=1610612741
2019,2018–19,1628990,Chandler Hutchison,0021800383,2018-12-08,CHI vs. BOS,BOS,L,21.133333333333333,2,1,3,0,1,0,2,0,6,6,2,0,0,1,2,-28,0.9000000000000001,25.773195876288664,https://www.nba.com/stats/players/boxscores-traditional?Season=2018-19&SeasonType=Regular%20Season&TeamID=1610612741
2019,2018–19,203200,Justin Holiday,0021800383,2018-12-08,CHI vs. BOS,BOS,L,19.716666666666665,5,2,10,1,7,0,0,0,0,0,0,1,0,0,3,-18,-1.4000000000000004,25.0,https://www.nba.com/stats/players/boxscores-traditional?Season=2018-19&SeasonType=Regular%20Season&TeamID=1610612741
2019,2018–19,1627853,Ryan Arcidiacono,0021800383,2018-12-08,CHI vs. BOS,BOS,L,19.716666666666665,0,0,1,0,1,0,0,2,2,4,3,0,0,1,1,-18,1.9999999999999996,0.0,https://www.nba.com/stats/players/boxscores-traditional?Season=2018-19&SeasonType=Regular%20Season&TeamID=1610612741
2019,2018–19,1628976,Wendell Carter Jr.,0021800383,2018-12-08,CHI vs. BOS,BOS,L,14.05,3,1,2,0,0,1,2,2,2,4,0,0,0,1,1,-14,2.2,52.083333333333336,https://www.nba.com/stats/players/boxscores-traditional?Season=2018-19&SeasonType=Regular%20Season&TeamID=1610612741
2019,2018–19,201577,Robin Lopez,0021800383,2018-12-08,CHI vs. BOS,BOS,L,12.866666666666667,2,1,4,0,1,0,0,0,2,2,0,0,1,2,2,-20,-1.9,25.0,https://www.nba.com/stats/players/boxscores-traditional?Season=2018-19&SeasonType=Regular%20Season&TeamID=1610612741
2019,2018–19,1628469,Antonio Blakeney,0021800383,2018-12-08,CHI vs. BOS,BOS,L,18.166666666666668,4,1,9,0,0,2,2,0,0,0,1,0,0,1,0,-27,-2.1999999999999993,20.242914979757085,https://www.nba.com/stats/players/boxscores-traditional?Season=2018-19&SeasonType=Regular%20Season&TeamID=1610612741
2019,2018–19,1628374,Lauri Markkanen,0021800373,2018-12-07,CHI vs. OKC,OKC,W,28.466666666666665,24,8,12,4,8,4,5,1,6,7,2,3,1,2,5,8,22.0,84.50704225352113,https://www.nba.com/stats/players/boxscores-traditional?Season=2018-19&SeasonType=Regular%20Season&TeamID=1610612741
2019,2018–19,203897,Zach LaVine,0021800373,2018-12-07,CHI vs. OKC,OKC,W,36.4,25,10,18,2,5,3,4,0,4,4,7,2,0,9,3,10,13.899999999999999,63.25910931174089,https://www.nba.com/stats/players/boxscores-traditional?Season=2018-19&SeasonType=Regular%20Season&TeamID=1610612741
2019,2018–19,203200,Justin Holiday,0021800373,2018-12-07,CHI vs. OKC,OKC,W,36.413333333333334,20,8,12,4,6,0,0,0,6,6,0,3,0,1,3,-4,17.400000000000002,83.33333333333334,https://www.nba.com/stats/players/boxscores-traditional?Season=2018-19&SeasonType=Regular%20Season&TeamID=1610612741
2019,2018–19,203953,Jabari Parker,0021800373,2018-12-07,CHI vs. OKC,OKC,W,23.383333333333333,16,6,14,0,1,4,5,1,6,7,4,1,0,1,3,-5,12.3,49.38271604938272,https://www.nba.com/stats/players/boxscores-traditional?Season=2018-19&SeasonType=Regular%20Season&TeamID=1610612741
2019,2018–19,201577,Robin Lopez,0021800373,2018-12-07,CHI vs. OKC,OKC,W,23.405,11,5,10,0,1,1,2,1,4,5,2,0,0,2,3,-4,5.7,50.55147058823529,https://www.nba.com/stats/players/boxscores-traditional?Season=2018-19&SeasonType=Regular%20Season&TeamID=1610612741
2019,2018–19,1628976,Wendell Carter Jr.,0021800373,2018-12-07,CHI vs. OKC,OKC,W,20.745,6,2,5,0,0,2,3,1,1,2,2,1,2,2,3,5,4.499999999999999,47.46835443037975,https://www.nba.com/stats/players/boxscores-traditional?Season=2018-19&SeasonType=Regular%20Season&TeamID=1610612741
2019,2018–19,1626166,Cameron Payne,0021800373,2018-12-07,CHI vs. OKC,OKC,W,11.6,5,1,3,1,1,2,2,0,1,1,5,1,1,2,1,-8,6.4,64.43298969072166,https://www.nba.com/stats/players/boxscores-traditional?Season=2018-19&SeasonType=Regular%20Season&TeamID=1610612741
2019,2018–19,1627853,Ryan Arcidiacono,0021800373,2018-12-07,CHI vs. OKC,OKC,W,33.333333333333336,3,1,3,1,3,0,0,0,5,5,2,2,0,1,2,-8,4.400000000000001,50.0,https://www.nba.com/stats/players/boxscores-traditional?Season=2018-19&SeasonType=Regular%20Season&TeamID=1610612741
2019,2018–19,1627885,Shaquille Harrison,0021800373,2018-12-07,CHI vs. OKC,OKC,W,14.666666666666666,2,1,3,0,0,0,0,0,0,0,0,1,2,0,3,10,1.5,33.33333333333333,https://www.nba.com/stats/players/boxscores-traditional?Season=2018-19&SeasonType=Regular%20Season&TeamID=1610612741
2019,2018–19,1628990,Chandler Hutchison,0021800373,2018-12-07,CHI vs. OKC,OKC,W,11.586666666666666,2,1,2,0,0,0,2,1,1,2,1,1,0,0,0,6,2.9000000000000004,34.72222222222222,https://www.nba.com/stats/players/boxscores-traditional?Season=2018-19&SeasonType=Regular%20Season&TeamID=1610612741
2019,2018–19,1628374,Lauri Markkanen,0021800350,2018-12-04,CHI @ IND,IND,L,32.18333333333333,21,8,24,5,13,0,0,4,6,10,1,2,1,3,4,-12,10.800000000000002,43.75,https://www.nba.com/stats/players/boxscores-traditional?Season=2018-19&SeasonType=Regular%20Season&TeamID=1610612741
2019,2018–19,1628976,Wendell Carter Jr.,0021800350,2018-12-04,CHI @ IND,IND,L,31.448333333333334,12,5,11,0,0,2,2,3,10,13,4,1,1,2,5,2,11.899999999999999,50.5050505050505,https://www.nba.com/stats/players/boxscores-traditional?Season=2018-19&SeasonType=Regular%20Season&TeamID=1610612741
2019,2018–19,203200,Justin Holiday,0021800350,2018-12-04,CHI @ IND,IND,L,41.05,15,5,11,3,6,2,2,3,3,6,3,1,0,1,0,-7,14.4,63.13131313131313,https://www.nba.com/stats/players/boxscores-traditional?Season=2018-19&SeasonType=Regular%20Season&TeamID=1610612741
2019,2018–19,203897,Zach LaVine,0021800350,2018-12-04,CHI @ IND,IND,L,34.125,13,6,15,1,3,0,0,0,2,2,9,1,0,3,4,3,8.200000000000001,43.333333333333336,https://www.nba.com/stats/players/boxscores-traditional?Season=2018-19&SeasonType=Regular%20Season&TeamID=1610612741
2019,2018–19,203953,Jabari Parker,0021800350,2018-12-04,CHI @ IND,IND,L,29.251666666666665,12,6,12,0,2,0,0,2,6,8,1,0,0,4,2,-6,5.100000000000001,50.0,https://www.nba.com/stats/players/boxscores-traditional?Season=2018-19&SeasonType=Regular%20Season&TeamID=1610612741
2019,2018–19,1626166,Cameron Payne,0021800350,2018-12-04,CHI @ IND,IND,L,20.383333333333333,10,4,7,1,2,1,1,0,1,1,4,0,0,1,3,-3,7.600000000000001,67.20430107526882,https://www.nba.com/stats/players/boxscores-traditional?Season=2018-19&SeasonType=Regular%20Season&TeamID=1610612741
2019,2018–19,1627885,Shaquille Harrison,0021800350,2018-12-04,CHI @ IND,IND,L,13.525,4,2,5,0,1,0,0,0,1,1,1,1,0,1,1,6,1.9,40.0,https://www.nba.com/stats/players/boxscores-traditional?Season=2018-19&SeasonType=Regular%20Season&TeamID=1610612741
2019,2018–19,1628990,Chandler Hutchison,0021800350,2018-12-04,CHI @ IND,IND,L,8.683333333333334,3,1,4,1,1,0,0,0,2,2,2,0,0,0,0,-3,2.6,37.5,https://www.nba.com/stats/players/boxscores-traditional?Season=2018-19&SeasonType=Regular%20Season&TeamID=1610612741
2019,2018–19,1627853,Ryan Arcidiacono,0021800350,2018-12-04,CHI @ IND,IND,L,29.35,0,0,5,0,3,0,0,0,1,1,1,2,0,3,4,-10,-5.1000000000000005,0.0,https://www.nba.com/stats/players/boxscores-traditional?Season=2018-19&SeasonType=Regular%20Season&TeamID=1610612741
2019,2018–19,203897,Zach LaVine,0021800334,2018-12-01,CHI @ HOU,HOU,L,34.88333333333333,29,11,17,2,5,5,5,1,3,4,3,2,2,2,3,-13,25.399999999999995,75.52083333333334,https://www.nba.com/stats/players/boxscores-traditional?Season=2018-19&SeasonType=Regular%20Season&TeamID=1610612741
2019,2018–19,203953,Jabari Parker,0021800334,2018-12-01,CHI @ HOU,HOU,L,32.233333333333334,21,8,15,1,3,4,5,2,10,12,2,1,1,4,2,-12,15.999999999999996,61.04651162790697,https://www.nba.com/stats/players/boxscores-traditional?Season=2018-19&SeasonType=Regular%20Season&TeamID=1610612741
2019,2018–19,203200,Justin Holiday,0021800334,2018-12-01,CHI @ HOU,HOU,L,25.866666666666667,11,4,13,1,8,2,2,0,3,3,1,4,1,4,3,-19,4.599999999999998,39.62536023054754,https://www.nba.com/stats/players/boxscores-traditional?Season=2018-19&SeasonType=Regular%20Season&TeamID=1610612741
2019,2018–19,1628374,Lauri Markkanen,0021800334,2018-12-01,CHI @ HOU,HOU,L,25.55666666666667,10,4,14,2,6,0,0,0,4,4,0,1,1,0,2,-9,3.9000000000000012,35.714285714285715,https://www.nba.com/stats/players/boxscores-traditional?Season=2018-19&SeasonType=Regular%20Season&TeamID=1610612741
2019,2018–19,1628976,Wendell Carter Jr.,0021800334,2018-12-01,CHI @ HOU,HOU,L,32.96666666666667,8,3,6,0,0,2,4,2,6,8,1,0,1,0,2,-16,7.999999999999999,51.54639175257733,https://www.nba.com/stats/players/boxscores-traditional?Season=2018-19&SeasonType=Regular%20Season&TeamID=1610612741
2019,2018–19,1627885,Shaquille Harrison,0021800334,2018-12-01,CHI @ HOU,HOU,L,11.816666666666666,9,3,4,1,2,2,2,0,1,1,0,1,0,1,3,3,6.499999999999999,92.21311475409836,https://www.nba.com/stats/players/boxscores-traditional?Season=2018-19&SeasonType=Regular%20Season&TeamID=1610612741
2019,2018–19,1627853,Ryan Arcidiacono,0021800334,2018-12-01,CHI @ HOU,HOU,L,26.7,7,2,6,1,5,2,2,0,1,1,2,0,0,1,3,-11,3.1000000000000005,50.872093023255815,https://www.nba.com/stats/players/boxscores-traditional?Season=2018-19&SeasonType=Regular%20Season&TeamID=1610612741
2019,2018–19,1626166,Cameron Payne,0021800334,2018-12-01,CHI @ HOU,HOU,L,17.876666666666665,0,0,4,0,3,0,2,0,0,0,6,2,0,0,2,-9,1.7999999999999996,0.0,https://www.nba.com/stats/players/boxscores-traditional?Season=2018-19&SeasonType=Regular%20Season&TeamID=1610612741
2019,2018–19,1628990,Chandler Hutchison,0021800334,2018-12-01,CHI @ HOU,HOU,L,15.983333333333333,2,1,4,0,0,0,0,2,5,7,0,0,0,0,0,7,2.5,25.0,https://www.nba.com/stats/players/boxscores-traditional?Season=2018-19&SeasonType=Regular%20Season&TeamID=1610612741
2019,2018–19,1628469,Antonio Blakeney,0021800334,2018-12-01,CHI @ HOU,HOU,L,3.95,4,2,2,0,0,0,0,0,1,1,0,0,0,0,0,4,3.6999999999999997,100.0,https://www.nba.com/stats/players/boxscores-traditional?Season=2018-19&SeasonType=Regular%20Season&TeamID=1610612741
2019,2018–19,1626245,Cristiano Felicio,0021800334,2018-12-01,CHI @ HOU,HOU,L,3.95,2,0,1,0,0,2,2,0,0,0,0,0,0,0,1,4,0.9,53.191489361702125,https://www.nba.com/stats/players/boxscores-traditional?Season=2018-19&SeasonType=Regular%20Season&TeamID=1610612741
2019,2018–19,201577,Robin Lopez,0021800334,2018-12-01,CHI @ HOU,HOU,L,8.216666666666667,2,1,2,0,0,0,0,0,0,0,0,0,0,1,1,-9,-0.4,50.0,https://www.nba.com/stats/players/boxscores-traditional?Season=2018-19&SeasonType=Regular%20Season&TeamID=1610612741
2019,2018–19,1628976,Wendell Carter Jr.,0021800321,2018-11-30,CHI @ DET,DET,L,29.083333333333332,28,11,18,0,1,6,7,2,5,7,1,0,3,2,4,-24,21.499999999999993,66.41366223908919,https://www.nba.com/stats/players/boxscores-traditional?Season=2018-19&SeasonType=Regular%20Season&TeamID=1610612741
2019,2018–19,203200,Justin Holiday,0021800321,2018-11-30,CHI @ DET,DET,L,33.766666666666666,8,3,9,2,6,0,0,0,4,4,7,3,1,0,0,-22,12.7,44.44444444444444,https://www.nba.com/stats/players/boxscores-traditional?Season=2018-19&SeasonType=Regular%20Season&TeamID=1610612741
2019,2018–19,203897,Zach LaVine,0021800321,2018-11-30,CHI @ DET,DET,L,32.583333333333336,8,3,12,0,0,2,2,0,2,2,9,0,1,5,3,-17,2.2,31.05590062111801,https://www.nba.com/stats/players/boxscores-traditional?Season=2018-19&SeasonType=Regular%20Season&TeamID=1610612741
2019,2018–19,203953,Jabari Parker,0021800321,2018-11-30,CHI @ DET,DET,L,31.05,12,6,16,0,4,0,2,3,3,6,0,1,0,2,4,-23,2.8000000000000007,35.54502369668246,https://www.nba.com/stats/players/boxscores-traditional?Season=2018-19&SeasonType=Regular%20Season&TeamID=1610612741
2019,2018–19,1626166,Cameron Payne,0021800321,2018-11-30,CHI @ DET,DET,L,25.183333333333334,8,3,9,0,3,2,2,1,5,6,5,0,0,0,2,-3,7.8,40.48582995951417,https://www.nba.com/stats/players/boxscores-traditional?Season=2018-19&SeasonType=Regular%20Season&TeamID=1610612741
2019,2018–19,201577,Robin Lopez,0021800321,2018-11-30,CHI @ DET,DET,L,17.666666666666668,8,4,5,0,0,0,0,0,1,1,1,0,2,0,3,7,7.3,80.0,https://www.nba.com/stats/players/boxscores-traditional?Season=2018-19&SeasonType=Regular%20Season&TeamID=1610612741
2019,2018–19,1628990,Chandler Hutchison,0021800321,2018-11-30,CHI @ DET,DET,L,19.0,2,1,3,0,1,0,0,0,6,6,1,0,0,1,1,2,1.4,33.33333333333333,https://www.nba.com/stats/players/boxscores-traditional?Season=2018-19&SeasonType=Regular%20Season&TeamID=1610612741
2019,2018–19,1627853,Ryan Arcidiacono,0021800321,2018-11-30,CHI @ DET,DET,L,26.8,5,2,6,1,5,0,0,0,2,2,1,0,0,3,3,-19,-1.2999999999999998,41.66666666666667,https://www.nba.com/stats/players/boxscores-traditional?Season=2018-19&SeasonType=Regular%20Season&TeamID=1610612741
2019,2018–19,1627885,Shaquille Harrison,0021800321,2018-11-30,CHI @ DET,DET,L,18.066666666666666,3,1,2,0,0,1,1,0,3,3,0,1,0,1,0,6,2.9,61.47540983606557,https://www.nba.com/stats/players/boxscores-traditional?Season=2018-19&SeasonType=Regular%20Season&TeamID=1610612741
2019,2018–19,1626245,Cristiano Felicio,0021800321,2018-11-30,CHI @ DET,DET,L,3.4,4,2,3,0,0,0,0,1,2,3,0,0,0,1,0,-1,3.0,66.66666666666666,https://www.nba.com/stats/players/boxscores-traditional?Season=2018-19&SeasonType=Regular%20Season&TeamID=1610612741
2019,2018–19,1628469,Antonio Blakeney,0021800321,2018-11-30,CHI @ DET,DET,L,3.4,2,1,3,0,1,0,0,0,0,0,0,0,0,0,0,-1,0.30000000000000027,33.33333333333333,https://www.nba.com/stats/players/boxscores-traditional?Season=2018-19&SeasonType=Regular%20Season&TeamID=1610612741
2019,2018–19,1627853,Ryan Arcidiacono,0021800310,2018-11-28,CHI @ MIL,MIL,L,37.88333333333333,22,6,12,5,9,5,5,0,5,5,4,5,0,1,1,3,23.900000000000002,77.46478873239437,https://www.nba.com/stats/players/boxscores-traditional?Season=2018-19&SeasonType=Regular%20Season&TeamID=1610612741
2019,2018–19,203897,Zach LaVine,0021800310,2018-11-28,CHI @ MIL,MIL,L,36.45,24,8,18,2,6,6,6,0,9,9,7,0,1,1,1,5,21.5,58.139534883720934,https://www.nba.com/stats/players/boxscores-traditional?Season=2018-19&SeasonType=Regular%20Season&TeamID=1610612741
2019,2018–19,203953,Jabari Parker,0021800310,2018-11-28,CHI @ MIL,MIL,L,33.38166666666667,24,9,21,2,6,4,7,2,6,8,5,0,0,3,5,7,13.400000000000002,49.83388704318937,https://www.nba.com/stats/players/boxscores-traditional?Season=2018-19&SeasonType=Regular%20Season&TeamID=1610612741
2019,2018–19,201577,Robin Lopez,0021800310,2018-11-28,CHI @ MIL,MIL,L,23.113333333333333,17,8,10,0,1,1,1,2,3,5,2,0,1,2,5,-5,13.599999999999998,81.4176245210728,https://www.nba.com/stats/players/boxscores-traditional?Season=2018-19&SeasonType=Regular%20Season&TeamID=1610612741
2019,2018–19,203200,Justin Holiday,0021800310,2018-11-28,CHI @ MIL,MIL,L,40.983333333333334,8,2,10,2,10,2,4,2,4,6,4,2,0,2,2,4,5.6000000000000005,34.01360544217687,https://www.nba.com/stats/players/boxscores-traditional?Season=2018-19&SeasonType=Regular%20Season&TeamID=1610612741
2019,2018–19,1628976,Wendell Carter Jr.,0021800310,2018-11-28,CHI @ MIL,MIL,L,23.715,6,3,9,0,1,0,0,2,5,7,3,0,0,0,6,2,3.5,33.33333333333333,https://www.nba.com/stats/players/boxscores-traditional?Season=2018-19&SeasonType=Regular%20Season&TeamID=1610612741
2019,2018–19,1628990,Chandler Hutchison,0021800310,2018-11-28,CHI @ MIL,MIL,L,16.433333333333334,2,1,3,0,1,0,0,1,2,3,1,1,1,0,1,-5,3.6,33.33333333333333,https://www.nba.com/stats/players/boxscores-traditional?Season=2018-19&SeasonType=Regular%20Season&TeamID=1610612741
2019,2018–19,1626166,Cameron Payne,0021800310,2018-11-28,CHI @ MIL,MIL,L,16.573333333333334,7,3,4,0,1,1,1,0,1,1,2,0,0,1,2,-16,5.3,78.82882882882882,https://www.nba.com/stats/players/boxscores-traditional?Season=2018-19&SeasonType=Regular%20Season&TeamID=1610612741
2019,2018–19,1627885,Shaquille Harrison,0021800310,2018-11-28,CHI @ MIL,MIL,L,11.466666666666667,3,0,2,0,2,3,5,0,1,1,0,1,0,1,0,-10,1.1,35.714285714285715,https://www.nba.com/stats/players/boxscores-traditional?Season=2018-19&SeasonType=Regular%20Season&TeamID=1610612741
2019,2018–19,203897,Zach LaVine,0021800297,2018-11-26,CHI vs. SAS,SAS,L,35.233333333333334,28,10,26,3,8,5,6,1,6,7,7,0,0,6,1,11,14.399999999999999,48.882681564245814,https://www.nba.com/stats/players/boxscores-traditional?Season=2018-19&SeasonType=Regular%20Season&TeamID=1610612741
2019,2018–19,203953,Jabari Parker,0021800297,2018-11-26,CHI vs. SAS,SAS,L,35.575,18,7,15,2,6,2,3,2,8,10,2,2,0,1,1,1,15.700000000000003,55.14705882352941,https://www.nba.com/stats/players/boxscores-traditional?Season=2018-19&SeasonType=Regular%20Season&TeamID=1610612741
2019,2018–19,203200,Justin Holiday,0021800297,2018-11-26,CHI vs. SAS,SAS,L,37.175,17,6,10,5,8,0,0,1,5,6,4,0,2,1,0,6,17.799999999999997,85.0,https://www.nba.com/stats/players/boxscores-traditional?Season=2018-19&SeasonType=Regular%20Season&TeamID=1610612741
2019,2018–19,1627853,Ryan Arcidiacono,0021800297,2018-11-26,CHI vs. SAS,SAS,L,36.15833333333333,22,8,12,4,6,2,2,0,4,4,2,2,0,1,3,7,19.2,85.40372670807453,https://www.nba.com/stats/players/boxscores-traditional?Season=2018-19&SeasonType=Regular%20Season&TeamID=1610612741
2019,2018–19,1628976,Wendell Carter Jr.,0021800297,2018-11-26,CHI vs. SAS,SAS,L,24.4,8,4,11,0,0,0,0,0,6,6,1,1,1,2,5,12,2.1000000000000005,36.36363636363637,https://www.nba.com/stats/players/boxscores-traditional?Season=2018-19&SeasonType=Regular%20Season&TeamID=1610612741
2019,2018–19,1627885,Shaquille Harrison,0021800297,2018-11-26,CHI vs. SAS,SAS,L,17.533333333333335,0,0,4,0,3,0,0,0,4,4,5,1,2,0,0,-7,4.300000000000001,0.0,https://www.nba.com/stats/players/boxscores-traditional?Season=2018-19&SeasonType=Regular%20Season&TeamID=1610612741
2019,2018–19,201577,Robin Lopez,0021800297,2018-11-26,CHI vs. SAS,SAS,L,23.6,6,3,5,0,1,0,0,0,1,1,2,0,0,0,1,-13,5.0,60.0,https://www.nba.com/stats/players/boxscores-traditional?Season=2018-19&SeasonType=Regular%20Season&TeamID=1610612741
2019,2018–19,1628990,Chandler Hutchison,0021800297,2018-11-26,CHI vs. SAS,SAS,L,18.633333333333333,4,2,2,0,0,0,0,1,3,4,0,0,0,0,0,-2,5.0,100.0,https://www.nba.com/stats/players/boxscores-traditional?Season=2018-19&SeasonType=Regular%20Season&TeamID=1610612741
2019,2018–19,1628469,Antonio Blakeney,0021800297,2018-11-26,CHI vs. SAS,SAS,L,2.7666666666666666,2,1,2,0,0,0,0,0,1,1,0,0,0,0,0,-6,1.3,50.0,https://www.nba.com/stats/players/boxscores-traditional?Season=2018-19&SeasonType=Regular%20Season&TeamID=1610612741
2019,2018–19,1626166,Cameron Payne,0021800297,2018-11-26,CHI vs. SAS,SAS,L,8.925,2,1,3,0,1,0,0,0,0,0,0,0,0,0,1,-14,-0.09999999999999976,33.33333333333333,https://www.nba.com/stats/players/boxscores-traditional?Season=2018-19&SeasonType=Regular%20Season&TeamID=1610612741
2019,2018–19,203953,Jabari Parker,0021800281,2018-11-24,CHI @ MIN,MIN,L,38.5,27,11,18,3,5,2,4,0,7,7,4,1,1,3,4,-9,19.999999999999996,68.31983805668015,https://www.nba.com/stats/players/boxscores-traditional?Season=2018-19&SeasonType=Regular%20Season&TeamID=1610612741
2019,2018–19,203200,Justin Holiday,0021800281,2018-11-24,CHI @ MIN,MIN,L,40.416666666666664,14,5,18,4,13,0,0,1,10,11,5,2,1,0,1,-5,12.9,38.88888888888889,https://www.nba.com/stats/players/boxscores-traditional?Season=2018-19&SeasonType=Regular%20Season&TeamID=1610612741
2019,2018–19,203897,Zach LaVine,0021800281,2018-11-24,CHI @ MIN,MIN,L,37.93333333333333,28,9,17,0,3,10,12,1,7,8,4,0,0,4,1,-6,20.100000000000005,62.83662477558348,https://www.nba.com/stats/players/boxscores-traditional?Season=2018-19&SeasonType=Regular%20Season&TeamID=1610612741
2019,2018–19,1628976,Wendell Carter Jr.,0021800281,2018-11-24,CHI @ MIN,MIN,L,31.65,12,3,9,0,2,6,7,3,5,8,1,1,0,2,5,-17,7.799999999999997,49.668874172185426,https://www.nba.com/stats/players/boxscores-traditional?Season=2018-19&SeasonType=Regular%20Season&TeamID=1610612741
2019,2018–19,201577,Robin Lopez,0021800281,2018-11-24,CHI @ MIN,MIN,L,16.35,7,2,3,1,1,2,2,1,1,2,0,1,2,2,3,2,5.8999999999999995,90.20618556701031,https://www.nba.com/stats/players/boxscores-traditional?Season=2018-19&SeasonType=Regular%20Season&TeamID=1610612741
2019,2018–19,1628469,Antonio Blakeney,0021800281,2018-11-24,CHI @ MIN,MIN,L,19.533333333333335,8,2,7,2,4,2,4,0,2,2,0,0,0,0,1,-17,3.3000000000000016,45.662100456621005,https://www.nba.com/stats/players/boxscores-traditional?Season=2018-19&SeasonType=Regular%20Season&TeamID=1610612741
2019,2018–19,1627853,Ryan Arcidiacono,0021800281,2018-11-24,CHI @ MIN,MIN,L,33.7,0,0,5,0,4,0,0,0,1,1,4,1,0,2,3,-7,-2.6000000000000005,0.0,https://www.nba.com/stats/players/boxscores-traditional?Season=2018-19&SeasonType=Regular%20Season&TeamID=1610612741
2019,2018–19,1627885,Shaquille Harrison,0021800281,2018-11-24,CHI @ MIN,MIN,L,14.3,0,0,3,0,0,0,2,0,1,1,3,1,0,0,0,-8,0.5,0.0,https://www.nba.com/stats/players/boxscores-traditional?Season=2018-19&SeasonType=Regular%20Season&TeamID=1610612741
2019,2018–19,1626166,Cameron Payne,0021800281,2018-11-24,CHI @ MIN,MIN,L,6.616666666666666,0,0,1,0,1,0,0,0,0,0,1,0,0,0,1,-7,-0.4,0.0,https://www.nba.com/stats/players/boxscores-traditional?Season=2018-19&SeasonType=Regular%20Season&TeamID=1610612741
2019,2018–19,1626245,Cristiano Felicio,0021800281,2018-11-24,CHI @ MIN,MIN,L,1.0,0,0,0,0,0,0,0,0,0,0,0,0,0,0,0,-1,0.0,0.0,https://www.nba.com/stats/players/boxscores-traditional?Season=2018-19&SeasonType=Regular%20Season&TeamID=1610612741
2019,2018–19,203200,Justin Holiday,0021800273,2018-11-23,CHI vs. MIA,MIA,L,39.61666666666667,27,9,16,5,10,4,4,2,11,13,2,3,1,4,2,-6,24.4,76.01351351351352,https://www.nba.com/stats/players/boxscores-traditional?Season=2018-19&SeasonType=Regular%20Season&TeamID=1610612741
2019,2018–19,203897,Zach LaVine,0021800273,2018-11-23,CHI vs. MIA,MIA,L,35.38333333333333,24,11,27,1,5,1,1,0,4,4,9,0,1,3,2,-7,13.899999999999999,43.731778425655975,https://www.nba.com/stats/players/boxscores-traditional?Season=2018-19&SeasonType=Regular%20Season&TeamID=1610612741
2019,2018–19,203953,Jabari Parker,0021800273,2018-11-23,CHI vs. MIA,MIA,L,38.86666666666667,23,8,18,0,4,7,8,3,7,10,1,1,1,3,4,-1,15.199999999999996,53.438661710037174,https://www.nba.com/stats/players/boxscores-traditional?Season=2018-19&SeasonType=Regular%20Season&TeamID=1610612741
2019,2018–19,1627853,Ryan Arcidiacono,0021800273,2018-11-23,CHI vs. MIA,MIA,L,40.13333333333333,5,2,8,1,4,0,0,1,4,5,7,0,0,1,3,3,4.8,31.25,https://www.nba.com/stats/players/boxscores-traditional?Season=2018-19&SeasonType=Regular%20Season&TeamID=1610612741
2019,2018–19,201577,Robin Lopez,0021800273,2018-11-23,CHI vs. MIA,MIA,L,25.303333333333335,9,4,9,0,1,1,1,2,4,6,1,0,1,2,3,9,5.099999999999999,47.66949152542373,https://www.nba.com/stats/players/boxscores-traditional?Season=2018-19&SeasonType=Regular%20Season&TeamID=1610612741
2019,2018–19,1628976,Wendell Carter Jr.,0021800273,2018-11-23,CHI vs. MIA,MIA,L,13.596666666666666,6,1,2,0,1,4,4,1,3,4,2,0,2,2,6,-1,5.0,79.7872340425532,https://www.nba.com/stats/players/boxscores-traditional?Season=2018-19&SeasonType=Regular%20Season&TeamID=1610612741
2019,2018–19,1628469,Antonio Blakeney,0021800273,2018-11-23,CHI vs. MIA,MIA,L,18.2,0,0,6,0,1,0,0,0,3,3,1,2,0,0,0,-11,-0.5999999999999994,0.0,https://www.nba.com/stats/players/boxscores-traditional?Season=2018-19&SeasonType=Regular%20Season&TeamID=1610612741
2019,2018–19,1627885,Shaquille Harrison,0021800273,2018-11-23,CHI vs. MIA,MIA,L,17.116666666666667,2,0,7,0,2,2,2,1,1,2,0,2,0,0,1,3,-0.29999999999999927,12.690355329949238,https://www.nba.com/stats/players/boxscores-traditional?Season=2018-19&SeasonType=Regular%20Season&TeamID=1610612741
2019,2018–19,1626166,Cameron Payne,0021800273,2018-11-23,CHI vs. MIA,MIA,L,5.816666666666666,0,0,0,0,0,0,0,0,2,2,0,0,0,1,1,-8,-0.8,0.0,https://www.nba.com/stats/players/boxscores-traditional?Season=2018-19&SeasonType=Regular%20Season&TeamID=1610612741
2019,2018–19,1626245,Cristiano Felicio,0021800273,2018-11-23,CHI vs. MIA,MIA,L,5.966666666666667,0,0,1,0,0,0,0,1,1,2,0,0,0,1,1,-16,-1.1,0.0,https://www.nba.com/stats/players/boxscores-traditional?Season=2018-19&SeasonType=Regular%20Season&TeamID=1610612741
2019,2018–19,203953,Jabari Parker,0021800257,2018-11-21,CHI vs. PHX,PHX,W,39.61666666666667,20,6,10,0,1,8,10,2,11,13,8,2,0,3,2,14,23.099999999999998,69.44444444444444,https://www.nba.com/stats/players/boxscores-traditional?Season=2018-19&SeasonType=Regular%20Season&TeamID=1610612741
2019,2018–19,203897,Zach LaVine,0021800257,2018-11-21,CHI vs. PHX,PHX,W,37.43333333333333,29,10,20,1,4,8,9,0,1,1,6,1,0,2,0,4,22.1,60.517529215358934,https://www.nba.com/stats/players/boxscores-traditional?Season=2018-19&SeasonType=Regular%20Season&TeamID=1610612741
2019,2018–19,1627853,Ryan Arcidiacono,0021800257,2018-11-21,CHI vs. PHX,PHX,W,31.033333333333335,14,5,7,4,6,0,0,1,2,3,3,2,0,1,2,8,14.7,100.0,https://www.nba.com/stats/players/boxscores-traditional?Season=2018-19&SeasonType=Regular%20Season&TeamID=1610612741
2019,2018–19,1627885,Shaquille Harrison,0021800257,2018-11-21,CHI vs. PHX,PHX,W,17.983333333333334,9,3,7,0,2,3,3,1,3,4,4,2,1,0,2,-2,11.599999999999998,54.08653846153846,https://www.nba.com/stats/players/boxscores-traditional?Season=2018-19&SeasonType=Regular%20Season&TeamID=1610612741
2019,2018–19,1628976,Wendell Carter Jr.,0021800257,2018-11-21,CHI vs. PHX,PHX,W,21.816666666666666,14,6,9,0,1,2,2,0,5,5,2,1,0,2,5,-4,9.999999999999998,70.85020242914979,https://www.nba.com/stats/players/boxscores-traditional?Season=2018-19&SeasonType=Regular%20Season&TeamID=1610612741
2019,2018–19,203200,Justin Holiday,0021800257,2018-11-21,CHI vs. PHX,PHX,W,33.28333333333333,11,4,8,3,6,0,0,0,4,4,1,0,0,4,4,0,3.299999999999999,68.75,https://www.nba.com/stats/players/boxscores-traditional?Season=2018-19&SeasonType=Regular%20Season&TeamID=1610612741
2019,2018–19,1628469,Antonio Blakeney,0021800257,2018-11-21,CHI vs. PHX,PHX,W,24.613333333333333,14,6,10,2,3,0,0,0,1,1,0,0,0,2,0,0,7.699999999999999,70.0,https://www.nba.com/stats/players/boxscores-traditional?Season=2018-19&SeasonType=Regular%20Season&TeamID=1610612741
2019,2018–19,201577,Robin Lopez,0021800257,2018-11-21,CHI vs. PHX,PHX,W,11.503333333333334,6,3,6,0,1,0,0,0,1,1,2,0,1,1,1,9,4.000000000000001,50.0,https://www.nba.com/stats/players/boxscores-traditional?Season=2018-19&SeasonType=Regular%20Season&TeamID=1610612741
2019,2018–19,1626166,Cameron Payne,0021800257,2018-11-21,CHI vs. PHX,PHX,W,8.016666666666667,3,1,1,1,1,0,0,0,4,4,1,0,0,0,0,8,4.6000000000000005,150.0,https://www.nba.com/stats/players/boxscores-traditional?Season=2018-19&SeasonType=Regular%20Season&TeamID=1610612741
2019,2018–19,1626245,Cristiano Felicio,0021800257,2018-11-21,CHI vs. PHX,PHX,W,14.7,4,2,3,0,0,0,0,0,3,3,1,0,0,2,3,3,1.0999999999999996,66.66666666666666,https://www.nba.com/stats/players/boxscores-traditional?Season=2018-19&SeasonType=Regular%20Season&TeamID=1610612741
2019,2018–19,1627885,Shaquille Harrison,0021800230,2018-11-17,CHI vs. TOR,TOR,L,27.233333333333334,7,1,7,0,2,5,8,0,4,4,6,5,0,3,3,-19,7.5,33.26996197718631,https://www.nba.com/stats/players/boxscores-traditional?Season=2018-19&SeasonType=Regular%20Season&TeamID=1610612741
2019,2018–19,203953,Jabari Parker,0021800230,2018-11-17,CHI vs. TOR,TOR,L,27.276666666666667,12,5,14,2,4,0,0,1,5,6,2,2,0,3,3,-25,5.600000000000001,42.857142857142854,https://www.nba.com/stats/players/boxscores-traditional?Season=2018-19&SeasonType=Regular%20Season&TeamID=1610612741
2019,2018–19,203200,Justin Holiday,0021800230,2018-11-17,CHI vs. TOR,TOR,L,31.1,12,4,10,3,8,1,1,0,4,4,1,1,1,1,0,-30,9.2,57.4712643678161,https://www.nba.com/stats/players/boxscores-traditional?Season=2018-19&SeasonType=Regular%20Season&TeamID=1610612741
2019,2018–19,1628990,Chandler Hutchison,0021800230,2018-11-17,CHI vs. TOR,TOR,L,20.723333333333333,9,3,8,0,2,3,3,1,4,5,0,3,0,5,2,-14,3.6999999999999993,48.283261802575105,https://www.nba.com/stats/players/boxscores-traditional?Season=2018-19&SeasonType=Regular%20Season&TeamID=1610612741
2019,2018–19,1628976,Wendell Carter Jr.,0021800230,2018-11-17,CHI vs. TOR,TOR,L,22.283333333333335,8,2,8,0,1,4,4,2,3,5,3,0,1,1,2,-20,6.500000000000001,40.98360655737705,https://www.nba.com/stats/players/boxscores-traditional?Season=2018-19&SeasonType=Regular%20Season&TeamID=1610612741
2019,2018–19,1628469,Antonio Blakeney,0021800230,2018-11-17,CHI vs. TOR,TOR,L,32.56666666666667,13,6,19,0,2,1,2,1,2,3,1,0,0,4,0,-30,-0.29999999999999893,32.69617706237425,https://www.nba.com/stats/players/boxscores-traditional?Season=2018-19&SeasonType=Regular%20Season&TeamID=1610612741
2019,2018–19,1626166,Cameron Payne,0021800230,2018-11-17,CHI vs. TOR,TOR,L,22.316666666666666,4,2,6,0,1,0,0,1,2,3,4,1,1,2,4,-16,2.8000000000000007,33.33333333333333,https://www.nba.com/stats/players/boxscores-traditional?Season=2018-19&SeasonType=Regular%20Season&TeamID=1610612741
2019,2018–19,1627853,Ryan Arcidiacono,0021800230,2018-11-17,CHI vs. TOR,TOR,L,30.783333333333335,6,2,7,2,6,0,0,0,2,2,3,0,0,1,3,-22,2.3999999999999995,42.857142857142854,https://www.nba.com/stats/players/boxscores-traditional?Season=2018-19&SeasonType=Regular%20Season&TeamID=1610612741
2019,2018–19,201577,Robin Lopez,0021800230,2018-11-17,CHI vs. TOR,TOR,L,14.516666666666667,9,4,6,1,1,0,2,0,0,0,0,1,0,2,2,-18,3.8000000000000007,65.40697674418605,https://www.nba.com/stats/players/boxscores-traditional?Season=2018-19&SeasonType=Regular%20Season&TeamID=1610612741
2019,2018–19,1626245,Cristiano Felicio,0021800230,2018-11-17,CHI vs. TOR,TOR,L,11.2,3,1,1,0,0,1,1,1,1,2,1,0,0,0,0,-1,4.4,104.16666666666667,https://www.nba.com/stats/players/boxscores-traditional?Season=2018-19&SeasonType=Regular%20Season&TeamID=1610612741
2019,2018–19,203200,Justin Holiday,0021800223,2018-11-16,CHI @ MIL,MIL,L,29.201666666666668,20,7,12,6,9,0,0,1,2,3,4,3,0,1,3,-18,19.300000000000004,83.33333333333334,https://www.nba.com/stats/players/boxscores-traditional?Season=2018-19&SeasonType=Regular%20Season&TeamID=1610612741
2019,2018–19,203953,Jabari Parker,0021800223,2018-11-16,CHI @ MIL,MIL,L,33.75,21,9,19,3,6,0,0,0,8,8,3,0,0,4,2,-15,11.000000000000002,55.26315789473685,https://www.nba.com/stats/players/boxscores-traditional?Season=2018-19&SeasonType=Regular%20Season&TeamID=1610612741
2019,2018–19,203897,Zach LaVine,0021800223,2018-11-16,CHI @ MIL,MIL,L,33.815,15,6,20,1,5,2,3,1,4,5,4,1,1,4,1,-19,4.999999999999998,35.17823639774859,https://www.nba.com/stats/players/boxscores-traditional?Season=2018-19&SeasonType=Regular%20Season&TeamID=1610612741
2019,2018–19,1628976,Wendell Carter Jr.,0021800223,2018-11-16,CHI @ MIL,MIL,L,24.616666666666667,12,6,8,0,0,0,0,0,4,4,4,1,1,1,3,-21,12.3,75.0,https://www.nba.com/stats/players/boxscores-traditional?Season=2018-19&SeasonType=Regular%20Season&TeamID=1610612741
2019,2018–19,1628469,Antonio Blakeney,0021800223,2018-11-16,CHI @ MIL,MIL,L,20.75,18,8,14,2,4,0,0,0,2,2,1,0,0,1,1,-7,11.299999999999999,64.28571428571429,https://www.nba.com/stats/players/boxscores-traditional?Season=2018-19&SeasonType=Regular%20Season&TeamID=1610612741
2019,2018–19,1627885,Shaquille Harrison,0021800223,2018-11-16,CHI @ MIL,MIL,L,18.783333333333335,5,2,5,0,0,1,2,1,6,7,1,0,0,0,0,-5,5.1,42.51700680272109,https://www.nba.com/stats/players/boxscores-traditional?Season=2018-19&SeasonType=Regular%20Season&TeamID=1610612741
2019,2018–19,1627853,Ryan Arcidiacono,0021800223,2018-11-16,CHI @ MIL,MIL,L,29.216666666666665,3,1,6,1,6,0,0,0,2,2,3,1,0,0,1,-14,2.5000000000000004,25.0,https://www.nba.com/stats/players/boxscores-traditional?Season=2018-19&SeasonType=Regular%20Season&TeamID=1610612741
2019,2018–19,1628990,Chandler Hutchison,0021800223,2018-11-16,CHI @ MIL,MIL,L,23.0,3,0,3,0,2,3,4,0,4,4,1,1,0,0,3,-1,2.2,31.512605042016805,https://www.nba.com/stats/players/boxscores-traditional?Season=2018-19&SeasonType=Regular%20Season&TeamID=1610612741
2019,2018–19,201577,Robin Lopez,0021800223,2018-11-16,CHI @ MIL,MIL,L,19.9,5,2,5,0,0,1,2,1,0,1,1,0,1,1,1,-1,2.6,42.51700680272109,https://www.nba.com/stats/players/boxscores-traditional?Season=2018-19&SeasonType=Regular%20Season&TeamID=1610612741
2019,2018–19,1626166,Cameron Payne,0021800223,2018-11-16,CHI @ MIL,MIL,L,3.4833333333333334,2,0,0,0,0,2,2,0,0,0,0,1,0,0,0,3,3.0,113.63636363636364,https://www.nba.com/stats/players/boxscores-traditional?Season=2018-19&SeasonType=Regular%20Season&TeamID=1610612741
2019,2018–19,1626245,Cristiano Felicio,0021800223,2018-11-16,CHI @ MIL,MIL,L,3.4833333333333334,0,0,2,0,1,0,0,0,0,0,0,0,0,0,0,3,-1.4,0.0,https://www.nba.com/stats/players/boxscores-traditional?Season=2018-19&SeasonType=Regular%20Season&TeamID=1610612741
2019,2018–19,1627885,Shaquille Harrison,0021800204,2018-11-14,CHI @ BOS,BOS,L,22.9,16,7,10,0,0,2,2,0,6,6,1,4,0,0,2,-19,17.5,73.52941176470587,https://www.nba.com/stats/players/boxscores-traditional?Season=2018-19&SeasonType=Regular%20Season&TeamID=1610612741
2019,2018–19,203897,Zach LaVine,0021800204,2018-11-14,CHI @ BOS,BOS,L,31.516666666666666,10,3,11,0,2,4,4,1,8,9,4,1,0,4,0,-21,6.399999999999999,39.18495297805642,https://www.nba.com/stats/players/boxscores-traditional?Season=2018-19&SeasonType=Regular%20Season&TeamID=1610612741
2019,2018–19,203953,Jabari Parker,0021800204,2018-11-14,CHI @ BOS,BOS,L,26.533333333333335,14,6,13,2,4,0,0,0,5,5,2,0,1,5,1,-16,5.499999999999998,53.84615384615385,https://www.nba.com/stats/players/boxscores-traditional?Season=2018-19&SeasonType=Regular%20Season&TeamID=1610612741
2019,2018–19,1627853,Ryan Arcidiacono,0021800204,2018-11-14,CHI @ BOS,BOS,L,30.733333333333334,8,3,5,2,4,0,0,0,8,8,3,1,0,1,4,-11,8.6,80.0,https://www.nba.com/stats/players/boxscores-traditional?Season=2018-19&SeasonType=Regular%20Season&TeamID=1610612741
2019,2018–19,1628976,Wendell Carter Jr.,0021800204,2018-11-14,CHI @ BOS,BOS,L,25.5,11,5,13,0,1,1,1,1,6,7,0,0,1,2,1,-15,4.7,40.922619047619044,https://www.nba.com/stats/players/boxscores-traditional?Season=2018-19&SeasonType=Regular%20Season&TeamID=1610612741
2019,2018–19,203200,Justin Holiday,0021800204,2018-11-14,CHI @ BOS,BOS,L,31.916666666666668,6,2,10,2,7,0,0,1,1,2,4,1,0,1,2,-22,2.8,30.0,https://www.nba.com/stats/players/boxscores-traditional?Season=2018-19&SeasonType=Regular%20Season&TeamID=1610612741
2019,2018–19,1628469,Antonio Blakeney,0021800204,2018-11-14,CHI @ BOS,BOS,L,18.483333333333334,7,3,10,1,4,0,0,0,1,1,1,0,1,4,4,-13,-2.7000000000000006,35.0,https://www.nba.com/stats/players/boxscores-traditional?Season=2018-19&SeasonType=Regular%20Season&TeamID=1610612741
2019,2018–19,1626245,Cristiano Felicio,0021800204,2018-11-14,CHI @ BOS,BOS,L,9.483333333333333,6,2,3,0,0,2,2,2,1,3,0,0,0,0,0,-1,6.3999999999999995,77.31958762886599,https://www.nba.com/stats/players/boxscores-traditional?Season=2018-19&SeasonType=Regular%20Season&TeamID=1610612741
2019,2018–19,1628990,Chandler Hutchison,0021800204,2018-11-14,CHI @ BOS,BOS,L,21.466666666666665,0,0,3,0,1,0,0,0,3,3,1,1,0,2,1,-13,-1.9,0.0,https://www.nba.com/stats/players/boxscores-traditional?Season=2018-19&SeasonType=Regular%20Season&TeamID=1610612741
2019,2018–19,201577,Robin Lopez,0021800204,2018-11-14,CHI @ BOS,BOS,L,13.016666666666667,2,1,4,0,0,0,0,2,0,2,0,0,0,2,1,-13,-1.4,25.0,https://www.nba.com/stats/players/boxscores-traditional?Season=2018-19&SeasonType=Regular%20Season&TeamID=1610612741
2019,2018–19,1626166,Cameron Payne,0021800204,2018-11-14,CHI @ BOS,BOS,L,8.45,2,1,2,0,0,0,0,0,1,1,0,0,0,1,0,-1,0.30000000000000004,50.0,https://www.nba.com/stats/players/boxscores-traditional?Season=2018-19&SeasonType=Regular%20Season&TeamID=1610612741
2019,2018–19,203897,Zach LaVine,0021800193,2018-11-12,CHI vs. DAL,DAL,L,41.208333333333336,26,8,23,0,6,10,11,0,5,5,5,4,0,7,2,-4,13.900000000000002,46.695402298850574,https://www.nba.com/stats/players/boxscores-traditional?Season=2018-19&SeasonType=Regular%20Season&TeamID=1610612741
2019,2018–19,1628976,Wendell Carter Jr.,0021800193,2018-11-12,CHI vs. DAL,DAL,L,26.695,7,3,9,0,3,1,1,3,7,10,1,1,2,3,3,10,4.999999999999999,37.07627118644068,https://www.nba.com/stats/players/boxscores-traditional?Season=2018-19&SeasonType=Regular%20Season&TeamID=1610612741
2019,2018–19,203953,Jabari Parker,0021800193,2018-11-12,CHI vs. DAL,DAL,L,29.495,16,6,17,0,4,4,4,2,4,6,2,0,0,1,6,-1,7.1,42.643923240938165,https://www.nba.com/stats/players/boxscores-traditional?Season=2018-19&SeasonType=Regular%20Season&TeamID=1610612741
2019,2018–19,203200,Justin Holiday,0021800193,2018-11-12,CHI vs. DAL,DAL,L,36.205,14,5,9,3,7,1,1,0,3,3,0,2,0,1,3,13,10.399999999999999,74.15254237288136,https://www.nba.com/stats/players/boxscores-traditional?Season=2018-19&SeasonType=Regular%20Season&TeamID=1610612741
2019,2018–19,1627853,Ryan Arcidiacono,0021800193,2018-11-12,CHI vs. DAL,DAL,L,35.25,9,3,9,2,7,1,2,0,5,5,6,0,0,0,5,6,7.199999999999999,45.54655870445344,https://www.nba.com/stats/players/boxscores-traditional?Season=2018-19&SeasonType=Regular%20Season&TeamID=1610612741
2019,2018–19,1628990,Chandler Hutchison,0021800193,2018-11-12,CHI vs. DAL,DAL,L,18.433333333333334,9,4,7,1,1,0,0,1,8,9,0,1,0,1,1,-5,8.4,64.28571428571429,https://www.nba.com/stats/players/boxscores-traditional?Season=2018-19&SeasonType=Regular%20Season&TeamID=1610612741
2019,2018–19,1628469,Antonio Blakeney,0021800193,2018-11-12,CHI vs. DAL,DAL,L,18.658333333333335,9,3,7,1,1,2,2,1,0,1,0,1,0,2,2,-18,4.2,57.10659898477157,https://www.nba.com/stats/players/boxscores-traditional?Season=2018-19&SeasonType=Regular%20Season&TeamID=1610612741
2019,2018–19,1627885,Shaquille Harrison,0021800193,2018-11-12,CHI vs. DAL,DAL,L,12.853333333333333,3,1,4,1,3,0,0,0,4,4,0,2,0,1,2,-11,2.0,37.5,https://www.nba.com/stats/players/boxscores-traditional?Season=2018-19&SeasonType=Regular%20Season&TeamID=1610612741
2019,2018–19,201577,Robin Lopez,0021800193,2018-11-12,CHI vs. DAL,DAL,L,18.391666666666666,5,2,4,0,1,1,1,1,1,2,2,0,1,1,1,-6,4.7,56.3063063063063,https://www.nba.com/stats/players/boxscores-traditional?Season=2018-19&SeasonType=Regular%20Season&TeamID=1610612741
2019,2018–19,1626245,Cristiano Felicio,0021800193,2018-11-12,CHI vs. DAL,DAL,L,2.81,0,0,0,0,0,0,0,0,0,0,0,0,0,0,1,-9,-0.4,0.0,https://www.nba.com/stats/players/boxscores-traditional?Season=2018-19&SeasonType=Regular%20Season&TeamID=1610612741
2019,2018–19,203897,Zach LaVine,0021800178,2018-11-10,CHI vs. CLE,CLE,W,39.28333333333333,24,9,22,1,4,5,5,1,7,8,5,2,0,1,0,6,19.5,49.586776859504134,https://www.nba.com/stats/players/boxscores-traditional?Season=2018-19&SeasonType=Regular%20Season&TeamID=1610612741
2019,2018–19,1628976,Wendell Carter Jr.,0021800178,2018-11-10,CHI vs. CLE,CLE,W,25.416666666666668,15,5,6,0,0,5,8,1,4,5,1,0,3,2,1,-7,13.899999999999997,78.78151260504202,https://www.nba.com/stats/players/boxscores-traditional?Season=2018-19&SeasonType=Regular%20Season&TeamID=1610612741
2019,2018–19,1627853,Ryan Arcidiacono,0021800178,2018-11-10,CHI vs. CLE,CLE,W,29.935,15,6,8,3,4,0,1,0,4,4,2,0,0,1,5,11,10.999999999999998,88.86255924170617,https://www.nba.com/stats/players/boxscores-traditional?Season=2018-19&SeasonType=Regular%20Season&TeamID=1610612741
2019,2018–19,203953,Jabari Parker,0021800178,2018-11-10,CHI vs. CLE,CLE,W,30.226666666666667,13,5,13,0,2,3,4,1,4,5,3,0,1,2,3,-9,7.0,44.03794037940379,https://www.nba.com/stats/players/boxscores-traditional?Season=2018-19&SeasonType=Regular%20Season&TeamID=1610612741
2019,2018–19,203200,Justin Holiday,0021800178,2018-11-10,CHI vs. CLE,CLE,W,37.14,7,3,8,1,4,0,0,0,7,7,1,2,1,1,5,-12,5.1,43.75,https://www.nba.com/stats/players/boxscores-traditional?Season=2018-19&SeasonType=Regular%20Season&TeamID=1610612741
2019,2018–19,1627885,Shaquille Harrison,0021800178,2018-11-10,CHI vs. CLE,CLE,W,18.065,6,3,5,0,1,0,1,0,3,3,3,3,0,2,0,-10,7.300000000000001,55.147058823529406,https://www.nba.com/stats/players/boxscores-traditional?Season=2018-19&SeasonType=Regular%20Season&TeamID=1610612741
2019,2018–19,1628469,Antonio Blakeney,0021800178,2018-11-10,CHI vs. CLE,CLE,W,19.273333333333333,9,4,12,1,1,0,0,1,2,3,2,0,0,1,0,9,3.9000000000000012,37.5,https://www.nba.com/stats/players/boxscores-traditional?Season=2018-19&SeasonType=Regular%20Season&TeamID=1610612741
2019,2018–19,1628990,Chandler Hutchison,0021800178,2018-11-10,CHI vs. CLE,CLE,W,18.293333333333333,6,2,5,1,2,1,2,0,2,2,2,0,0,0,2,9,4.1000000000000005,51.02040816326531,https://www.nba.com/stats/players/boxscores-traditional?Season=2018-19&SeasonType=Regular%20Season&TeamID=1610612741
2019,2018–19,201577,Robin Lopez,0021800178,2018-11-10,CHI vs. CLE,CLE,W,22.366666666666667,4,2,3,0,0,0,0,1,0,1,1,0,0,1,3,8,1.9000000000000004,66.66666666666666,https://www.nba.com/stats/players/boxscores-traditional?Season=2018-19&SeasonType=Regular%20Season&TeamID=1610612741
2019,2018–19,1628976,Wendell Carter Jr.,0021800159,2018-11-07,CHI @ NOP,NOP,L,29.451666666666668,17,7,11,1,2,2,3,2,9,11,0,1,3,1,3,-7,16.7,68.9935064935065,https://www.nba.com/stats/players/boxscores-traditional?Season=2018-19&SeasonType=Regular%20Season&TeamID=1610612741
2019,2018–19,203953,Jabari Parker,0021800159,2018-11-07,CHI @ NOP,NOP,L,35.92333333333333,20,7,14,0,3,6,8,0,13,13,3,0,0,2,3,-11,15.000000000000004,57.077625570776256,https://www.nba.com/stats/players/boxscores-traditional?Season=2018-19&SeasonType=Regular%20Season&TeamID=1610612741
2019,2018–19,203897,Zach LaVine,0021800159,2018-11-07,CHI @ NOP,NOP,L,37.906666666666666,22,9,26,2,5,2,2,0,5,5,4,0,1,1,2,-15,10.600000000000001,40.922619047619044,https://www.nba.com/stats/players/boxscores-traditional?Season=2018-19&SeasonType=Regular%20Season&TeamID=1610612741
2019,2018–19,203200,Justin Holiday,0021800159,2018-11-07,CHI @ NOP,NOP,L,38.083333333333336,17,6,16,3,12,2,2,0,1,1,2,3,1,1,3,-6,11.399999999999999,50.355450236966824,https://www.nba.com/stats/players/boxscores-traditional?Season=2018-19&SeasonType=Regular%20Season&TeamID=1610612741
2019,2018–19,1627853,Ryan Arcidiacono,0021800159,2018-11-07,CHI @ NOP,NOP,L,33.1,11,4,6,3,4,0,0,0,3,3,2,1,0,2,2,-2,8.9,91.66666666666666,https://www.nba.com/stats/players/boxscores-traditional?Season=2018-19&SeasonType=Regular%20Season&TeamID=1610612741
2019,2018–19,1626166,Cameron Payne,0021800159,2018-11-07,CHI @ NOP,NOP,L,14.9,4,2,7,0,2,0,0,0,0,0,2,3,0,2,1,-7,1.9000000000000008,28.57142857142857,https://www.nba.com/stats/players/boxscores-traditional?Season=2018-19&SeasonType=Regular%20Season&TeamID=1610612741
2019,2018–19,1628469,Antonio Blakeney,0021800159,2018-11-07,CHI @ NOP,NOP,L,16.576666666666668,6,3,11,0,3,0,0,0,3,3,1,1,0,1,0,1,1.1000000000000005,27.27272727272727,https://www.nba.com/stats/players/boxscores-traditional?Season=2018-19&SeasonType=Regular%20Season&TeamID=1610612741
2019,2018–19,1628990,Chandler Hutchison,0021800159,2018-11-07,CHI @ NOP,NOP,L,15.51,1,0,4,0,0,1,2,2,4,6,1,0,0,0,1,4,0.7000000000000001,10.245901639344263,https://www.nba.com/stats/players/boxscores-traditional?Season=2018-19&SeasonType=Regular%20Season&TeamID=1610612741
2019,2018–19,201577,Robin Lopez,0021800159,2018-11-07,CHI @ NOP,NOP,L,10.616666666666667,0,0,1,0,0,0,0,2,0,2,1,0,2,1,0,7,1.7999999999999998,0.0,https://www.nba.com/stats/players/boxscores-traditional?Season=2018-19&SeasonType=Regular%20Season&TeamID=1610612741
2019,2018–19,1626245,Cristiano Felicio,0021800159,2018-11-07,CHI @ NOP,NOP,L,7.931666666666667,0,0,0,0,0,0,0,1,1,2,2,0,0,0,1,-9,2.0,0.0,https://www.nba.com/stats/players/boxscores-traditional?Season=2018-19&SeasonType=Regular%20Season&TeamID=1610612741
2019,2018–19,203897,Zach LaVine,0021800143,2018-11-05,CHI @ NYK,NYK,W,49.016666666666666,41,13,25,4,10,11,14,0,4,4,4,3,2,8,1,3,27.5,65.78947368421053,https://www.nba.com/stats/players/boxscores-traditional?Season=2018-19&SeasonType=Regular%20Season&TeamID=1610612741
2019,2018–19,1628976,Wendell Carter Jr.,0021800143,2018-11-05,CHI @ NYK,NYK,W,22.333333333333332,11,3,9,1,1,4,4,6,7,13,2,0,2,3,6,11,9.599999999999998,51.11524163568774,https://www.nba.com/stats/players/boxscores-traditional?Season=2018-19&SeasonType=Regular%20Season&TeamID=1610612741
2019,2018–19,203953,Jabari Parker,0021800143,2018-11-05,CHI @ NYK,NYK,W,42.413333333333334,15,7,15,0,2,1,1,1,7,8,2,0,1,4,2,6,7.399999999999999,48.575129533678755,https://www.nba.com/stats/players/boxscores-traditional?Season=2018-19&SeasonType=Regular%20Season&TeamID=1610612741
2019,2018–19,1628469,Antonio Blakeney,0021800143,2018-11-05,CHI @ NYK,NYK,W,20.133333333333333,17,6,13,1,5,4,5,0,1,1,0,2,1,1,2,-4,11.099999999999998,55.92105263157895,https://www.nba.com/stats/players/boxscores-traditional?Season=2018-19&SeasonType=Regular%20Season&TeamID=1610612741
2019,2018–19,203200,Justin Holiday,0021800143,2018-11-05,CHI @ NYK,NYK,W,46.85,6,2,10,2,6,0,0,0,4,4,3,3,0,0,4,3,4.5,30.0,https://www.nba.com/stats/players/boxscores-traditional?Season=2018-19&SeasonType=Regular%20Season&TeamID=1610612741
2019,2018–19,1626166,Cameron Payne,0021800143,2018-11-05,CHI @ NYK,NYK,W,40.733333333333334,8,4,11,0,4,0,1,1,2,3,2,0,1,0,1,11,4.5,34.96503496503497,https://www.nba.com/stats/players/boxscores-traditional?Season=2018-19&SeasonType=Regular%20Season&TeamID=1610612741
2019,2018–19,1626245,Cristiano Felicio,0021800143,2018-11-05,CHI @ NYK,NYK,W,18.385,4,2,2,0,0,0,1,0,7,7,1,0,0,1,2,-11,4.0,81.9672131147541,https://www.nba.com/stats/players/boxscores-traditional?Season=2018-19&SeasonType=Regular%20Season&TeamID=1610612741
2019,2018–19,201577,Robin Lopez,0021800143,2018-11-05,CHI @ NYK,NYK,W,17.316666666666666,2,1,3,0,0,0,0,3,2,5,0,0,2,1,0,1,3.4000000000000004,33.33333333333333,https://www.nba.com/stats/players/boxscores-traditional?Season=2018-19&SeasonType=Regular%20Season&TeamID=1610612741
2019,2018–19,1628990,Chandler Hutchison,0021800143,2018-11-05,CHI @ NYK,NYK,W,15.551666666666666,8,4,5,0,1,0,0,0,3,3,0,0,0,1,2,-5,5.2,80.0,https://www.nba.com/stats/players/boxscores-traditional?Season=2018-19&SeasonType=Regular%20Season&TeamID=1610612741
2019,2018–19,1627853,Ryan Arcidiacono,0021800143,2018-11-05,CHI @ NYK,NYK,W,17.266666666666666,4,1,2,0,1,2,4,0,0,0,1,1,0,0,2,-10,3.1000000000000005,53.191489361702125,https://www.nba.com/stats/players/boxscores-traditional?Season=2018-19&SeasonType=Regular%20Season&TeamID=1610612741
2019,2018–19,1628976,Wendell Carter Jr.,0021800129,2018-11-03,CHI vs. HOU,HOU,L,35.833333333333336,14,4,7,0,1,6,6,2,11,13,1,2,4,3,3,2,16.7,72.61410788381743,https://www.nba.com/stats/players/boxscores-traditional?Season=2018-19&SeasonType=Regular%20Season&TeamID=1610612741
2019,2018–19,203897,Zach LaVine,0021800129,2018-11-03,CHI vs. HOU,HOU,L,38.1,21,4,16,1,7,12,13,0,4,4,4,1,0,3,3,-2,11.8,48.342541436464096,https://www.nba.com/stats/players/boxscores-traditional?Season=2018-19&SeasonType=Regular%20Season&TeamID=1610612741
2019,2018–19,203200,Justin Holiday,0021800129,2018-11-03,CHI vs. HOU,HOU,L,33.96666666666667,9,3,6,3,6,0,0,0,6,6,1,2,0,1,1,-11,9.1,75.0,https://www.nba.com/stats/players/boxscores-traditional?Season=2018-19&SeasonType=Regular%20Season&TeamID=1610612741
2019,2018–19,1628990,Chandler Hutchison,0021800129,2018-11-03,CHI vs. HOU,HOU,L,27.45,12,5,8,0,0,2,2,1,3,4,2,2,0,1,3,-5,11.2,67.56756756756756,https://www.nba.com/stats/players/boxscores-traditional?Season=2018-19&SeasonType=Regular%20Season&TeamID=1610612741
2019,2018–19,203953,Jabari Parker,0021800129,2018-11-03,CHI vs. HOU,HOU,L,40.38333333333333,15,6,12,1,3,2,2,0,3,3,0,1,0,7,2,3,3.0999999999999996,58.22981366459628,https://www.nba.com/stats/players/boxscores-traditional?Season=2018-19&SeasonType=Regular%20Season&TeamID=1610612741
2019,2018–19,1626166,Cameron Payne,0021800129,2018-11-03,CHI vs. HOU,HOU,L,24.633333333333333,8,3,10,0,2,2,2,1,2,3,3,3,0,3,2,-15,4.8,36.764705882352935,https://www.nba.com/stats/players/boxscores-traditional?Season=2018-19&SeasonType=Regular%20Season&TeamID=1610612741
2019,2018–19,1627853,Ryan Arcidiacono,0021800129,2018-11-03,CHI vs. HOU,HOU,L,17.566666666666666,3,1,3,1,2,0,0,0,1,1,3,2,0,1,2,4,3.9000000000000004,50.0,https://www.nba.com/stats/players/boxscores-traditional?Season=2018-19&SeasonType=Regular%20Season&TeamID=1610612741
2019,2018–19,1628469,Antonio Blakeney,0021800129,2018-11-03,CHI vs. HOU,HOU,L,9.9,2,0,6,0,2,2,2,0,2,2,1,0,0,0,0,-6,-0.8999999999999992,14.534883720930234,https://www.nba.com/stats/players/boxscores-traditional?Season=2018-19&SeasonType=Regular%20Season&TeamID=1610612741
2019,2018–19,1626245,Cristiano Felicio,0021800129,2018-11-03,CHI vs. HOU,HOU,L,12.166666666666666,4,2,3,0,0,0,0,0,1,1,0,0,0,0,2,-10,2.2,66.66666666666666,https://www.nba.com/stats/players/boxscores-traditional?Season=2018-19&SeasonType=Regular%20Season&TeamID=1610612741
2019,2018–19,203897,Zach LaVine,0021800120,2018-11-02,CHI vs. IND,IND,L,34.983333333333334,20,7,21,2,7,4,4,0,6,6,5,1,1,4,5,5,9.100000000000001,43.936731107205624,https://www.nba.com/stats/players/boxscores-traditional?Season=2018-19&SeasonType=Regular%20Season&TeamID=1610612741
2019,2018–19,1628976,Wendell Carter Jr.,0021800120,2018-11-02,CHI vs. IND,IND,L,24.15,11,5,10,0,0,1,1,6,2,8,6,1,1,1,5,8,13.7,52.68199233716475,https://www.nba.com/stats/players/boxscores-traditional?Season=2018-19&SeasonType=Regular%20Season&TeamID=1610612741
2019,2018–19,203200,Justin Holiday,0021800120,2018-11-02,CHI vs. IND,IND,L,35.88333333333333,19,7,14,5,11,0,0,0,1,1,2,0,1,1,2,-11,12.600000000000001,67.85714285714286,https://www.nba.com/stats/players/boxscores-traditional?Season=2018-19&SeasonType=Regular%20Season&TeamID=1610612741
2019,2018–19,1628469,Antonio Blakeney,0021800120,2018-11-02,CHI vs. IND,IND,L,25.54,22,9,13,3,5,1,1,0,3,3,0,0,0,1,0,6,16.4,81.84523809523809,https://www.nba.com/stats/players/boxscores-traditional?Season=2018-19&SeasonType=Regular%20Season&TeamID=1610612741
2019,2018–19,1626245,Cristiano Felicio,0021800120,2018-11-02,CHI vs. IND,IND,L,21.483333333333334,9,4,6,0,0,1,2,2,7,9,2,0,1,2,2,-3,8.799999999999999,65.40697674418605,https://www.nba.com/stats/players/boxscores-traditional?Season=2018-19&SeasonType=Regular%20Season&TeamID=1610612741
2019,2018–19,203953,Jabari Parker,0021800120,2018-11-02,CHI vs. IND,IND,L,29.8,11,5,12,0,1,1,1,1,6,7,2,0,0,4,0,-6,4.500000000000002,44.21221864951769,https://www.nba.com/stats/players/boxscores-traditional?Season=2018-19&SeasonType=Regular%20Season&TeamID=1610612741
2019,2018–19,1626166,Cameron Payne,0021800120,2018-11-02,CHI vs. IND,IND,L,25.25,3,1,5,1,3,0,0,0,2,2,8,0,0,0,3,-4,4.8999999999999995,30.0,https://www.nba.com/stats/players/boxscores-traditional?Season=2018-19&SeasonType=Regular%20Season&TeamID=1610612741
2019,2018–19,1628990,Chandler Hutchison,0021800120,2018-11-02,CHI vs. IND,IND,L,16.666666666666668,7,3,5,1,3,0,0,0,3,3,1,0,1,1,3,3,4.8,70.0,https://www.nba.com/stats/players/boxscores-traditional?Season=2018-19&SeasonType=Regular%20Season&TeamID=1610612741
2019,2018–19,1627853,Ryan Arcidiacono,0021800120,2018-11-02,CHI vs. IND,IND,L,22.343333333333334,3,1,3,1,1,0,0,0,2,2,6,0,0,0,0,-2,6.1,50.0,https://www.nba.com/stats/players/boxscores-traditional?Season=2018-19&SeasonType=Regular%20Season&TeamID=1610612741
2019,2018–19,201577,Robin Lopez,0021800120,2018-11-02,CHI vs. IND,IND,L,3.9,0,0,0,0,0,0,0,2,0,2,1,0,2,0,0,-6,3.4999999999999996,0.0,https://www.nba.com/stats/players/boxscores-traditional?Season=2018-19&SeasonType=Regular%20Season&TeamID=1610612741
2019,2018–19,1628976,Wendell Carter Jr.,0021800106,2018-10-31,CHI vs. DEN,DEN,L,37.8,25,9,21,2,3,5,6,6,2,8,5,3,3,1,3,4,24.700000000000006,52.87648054145516,https://www.nba.com/stats/players/boxscores-traditional?Season=2018-19&SeasonType=Regular%20Season&TeamID=1610612741
2019,2018–19,203897,Zach LaVine,0021800106,2018-10-31,CHI vs. DEN,DEN,L,39.333333333333336,28,11,24,2,6,4,4,0,5,5,7,1,1,2,4,3,20.099999999999998,54.347826086956516,https://www.nba.com/stats/players/boxscores-traditional?Season=2018-19&SeasonType=Regular%20Season&TeamID=1610612741
2019,2018–19,203200,Justin Holiday,0021800106,2018-10-31,CHI vs. DEN,DEN,L,39.06666666666667,15,5,10,5,9,0,0,0,5,5,5,0,1,0,3,-7,14.5,75.0,https://www.nba.com/stats/players/boxscores-traditional?Season=2018-19&SeasonType=Regular%20Season&TeamID=1610612741
2019,2018–19,1628469,Antonio Blakeney,0021800106,2018-10-31,CHI vs. DEN,DEN,L,13.666666666666666,15,5,9,4,4,1,3,0,3,3,0,0,0,1,0,-4,9.799999999999999,72.67441860465115,https://www.nba.com/stats/players/boxscores-traditional?Season=2018-19&SeasonType=Regular%20Season&TeamID=1610612741
2019,2018–19,1627853,Ryan Arcidiacono,0021800106,2018-10-31,CHI vs. DEN,DEN,L,29.65,3,1,2,1,2,0,0,0,2,2,7,3,0,1,3,8,8.3,75.0,https://www.nba.com/stats/players/boxscores-traditional?Season=2018-19&SeasonType=Regular%20Season&TeamID=1610612741
2019,2018–19,1628990,Chandler Hutchison,0021800106,2018-10-31,CHI vs. DEN,DEN,L,29.985,8,3,6,1,3,1,2,2,5,7,1,0,1,1,2,4,7.099999999999998,58.139534883720934,https://www.nba.com/stats/players/boxscores-traditional?Season=2018-19&SeasonType=Regular%20Season&TeamID=1610612741
2019,2018–19,203953,Jabari Parker,0021800106,2018-10-31,CHI vs. DEN,DEN,L,35.58166666666666,6,3,10,0,4,0,1,0,9,9,0,0,0,1,4,-3,-0.10000000000000009,28.73563218390805,https://www.nba.com/stats/players/boxscores-traditional?Season=2018-19&SeasonType=Regular%20Season&TeamID=1610612741
2019,2018–19,1626166,Cameron Payne,0021800106,2018-10-31,CHI vs. DEN,DEN,L,24.716666666666665,5,2,8,1,3,0,0,0,0,0,2,0,0,5,1,-5,-3.8,31.25,https://www.nba.com/stats/players/boxscores-traditional?Season=2018-19&SeasonType=Regular%20Season&TeamID=1610612741
2019,2018–19,1626245,Cristiano Felicio,0021800106,2018-10-31,CHI vs. DEN,DEN,L,15.2,2,0,2,0,0,2,2,2,2,4,0,0,0,1,3,-5,0.3999999999999999,34.72222222222222,https://www.nba.com/stats/players/boxscores-traditional?Season=2018-19&SeasonType=Regular%20Season&TeamID=1610612741
2019,2018–19,203897,Zach LaVine,0021800091,2018-10-29,CHI vs. GSW,GSW,L,26.9,21,8,17,2,6,3,4,1,6,7,2,2,0,4,2,-35,12.999999999999996,55.970149253731336,https://www.nba.com/stats/players/boxscores-traditional?Season=2018-19&SeasonType=Regular%20Season&TeamID=1610612741
2019,2018–19,203953,Jabari Parker,0021800091,2018-10-29,CHI vs. GSW,GSW,L,26.366666666666667,15,7,15,0,3,1,5,2,7,9,5,1,1,1,0,-1,13.4,43.604651162790695,https://www.nba.com/stats/players/boxscores-traditional?Season=2018-19&SeasonType=Regular%20Season&TeamID=1610612741
2019,2018–19,1628976,Wendell Carter Jr.,0021800091,2018-10-29,CHI vs. GSW,GSW,L,26.751666666666665,18,7,13,0,2,4,5,1,6,7,4,1,0,0,2,-20,16.8,59.21052631578948,https://www.nba.com/stats/players/boxscores-traditional?Season=2018-19&SeasonType=Regular%20Season&TeamID=1610612741
2019,2018–19,1628469,Antonio Blakeney,0021800091,2018-10-29,CHI vs. GSW,GSW,L,21.1,21,7,12,4,6,3,4,1,1,2,1,0,0,0,1,10,16.3,76.30813953488372,https://www.nba.com/stats/players/boxscores-traditional?Season=2018-19&SeasonType=Regular%20Season&TeamID=1610612741
2019,2018–19,1627885,Shaquille Harrison,0021800091,2018-10-29,CHI vs. GSW,GSW,L,18.166666666666668,13,5,8,0,2,3,8,1,3,4,4,1,0,1,4,-3,10.200000000000001,56.423611111111114,https://www.nba.com/stats/players/boxscores-traditional?Season=2018-19&SeasonType=Regular%20Season&TeamID=1610612741
2019,2018–19,1626166,Cameron Payne,0021800091,2018-10-29,CHI vs. GSW,GSW,L,20.083333333333332,15,5,9,1,3,4,4,1,2,3,1,0,1,0,1,-25,12.999999999999996,69.70260223048327,https://www.nba.com/stats/players/boxscores-traditional?Season=2018-19&SeasonType=Regular%20Season&TeamID=1610612741
2019,2018–19,203200,Justin Holiday,0021800091,2018-10-29,CHI vs. GSW,GSW,L,28.533333333333335,9,3,9,3,7,0,0,1,1,2,5,0,0,2,2,-32,5.599999999999999,50.0,https://www.nba.com/stats/players/boxscores-traditional?Season=2018-19&SeasonType=Regular%20Season&TeamID=1610612741
2019,2018–19,1626245,Cristiano Felicio,0021800091,2018-10-29,CHI vs. GSW,GSW,L,21.248333333333335,6,3,5,0,0,0,0,3,4,7,0,0,0,0,2,-5,6.2,60.0,https://www.nba.com/stats/players/boxscores-traditional?Season=2018-19&SeasonType=Regular%20Season&TeamID=1610612741
2019,2018–19,1627853,Ryan Arcidiacono,0021800091,2018-10-29,CHI vs. GSW,GSW,L,27.916666666666668,3,1,5,1,5,0,0,0,1,1,3,1,0,0,4,0,1.6999999999999997,30.0,https://www.nba.com/stats/players/boxscores-traditional?Season=2018-19&SeasonType=Regular%20Season&TeamID=1610612741
2019,2018–19,1628990,Chandler Hutchison,0021800091,2018-10-29,CHI vs. GSW,GSW,L,22.933333333333334,3,0,1,0,1,3,4,1,1,2,0,0,1,1,1,-14,2.1999999999999997,54.34782608695653,https://www.nba.com/stats/players/boxscores-traditional?Season=2018-19&SeasonType=Regular%20Season&TeamID=1610612741
2019,2018–19,203897,Zach LaVine,0021800076,2018-10-27,CHI @ ATL,ATL,W,34.88333333333333,27,9,19,1,5,8,10,0,11,11,3,1,0,9,0,5,13.900000000000006,57.6923076923077,https://www.nba.com/stats/players/boxscores-traditional?Season=2018-19&SeasonType=Regular%20Season&TeamID=1610612741
2019,2018–19,203953,Jabari Parker,0021800076,2018-10-27,CHI @ ATL,ATL,W,34.1,18,7,16,3,6,1,2,2,6,8,3,1,2,3,1,8,13.500000000000004,53.317535545023695,https://www.nba.com/stats/players/boxscores-traditional?Season=2018-19&SeasonType=Regular%20Season&TeamID=1610612741
2019,2018–19,203200,Justin Holiday,0021800076,2018-10-27,CHI @ ATL,ATL,W,36.68333333333333,12,4,12,4,10,0,0,2,3,5,3,5,0,1,3,2,12.400000000000002,50.0,https://www.nba.com/stats/players/boxscores-traditional?Season=2018-19&SeasonType=Regular%20Season&TeamID=1610612741
2019,2018–19,1627853,Ryan Arcidiacono,0021800076,2018-10-27,CHI @ ATL,ATL,W,30.683333333333334,13,5,10,3,6,0,0,0,2,2,7,2,1,1,4,15,13.6,65.0,https://www.nba.com/stats/players/boxscores-traditional?Season=2018-19&SeasonType=Regular%20Season&TeamID=1610612741
2019,2018–19,1628976,Wendell Carter Jr.,0021800076,2018-10-27,CHI @ ATL,ATL,W,22.116666666666667,10,4,9,0,2,2,2,2,8,10,1,1,2,1,1,-8,10.799999999999999,50.607287449392715,https://www.nba.com/stats/players/boxscores-traditional?Season=2018-19&SeasonType=Regular%20Season&TeamID=1610612741
2019,2018–19,1626245,Cristiano Felicio,0021800076,2018-10-27,CHI @ ATL,ATL,W,25.883333333333333,2,1,2,0,0,0,0,0,8,8,2,1,1,2,1,20,4.1000000000000005,50.0,https://www.nba.com/stats/players/boxscores-traditional?Season=2018-19&SeasonType=Regular%20Season&TeamID=1610612741
2019,2018–19,1628990,Chandler Hutchison,0021800076,2018-10-27,CHI @ ATL,ATL,W,18.31833333333333,4,2,5,0,0,0,0,1,3,4,0,2,0,1,4,18,2.2999999999999994,40.0,https://www.nba.com/stats/players/boxscores-traditional?Season=2018-19&SeasonType=Regular%20Season&TeamID=1610612741
2019,2018–19,1628469,Antonio Blakeney,0021800076,2018-10-27,CHI @ ATL,ATL,W,15.215,9,4,8,1,2,0,0,0,2,2,0,0,0,1,2,0,3.8,56.25,https://www.nba.com/stats/players/boxscores-traditional?Season=2018-19&SeasonType=Regular%20Season&TeamID=1610612741
2019,2018–19,1626166,Cameron Payne,0021800076,2018-10-27,CHI @ ATL,ATL,W,17.783333333333335,2,0,2,0,2,2,2,1,1,2,5,1,0,1,4,-6,3.5,34.72222222222222,https://www.nba.com/stats/players/boxscores-traditional?Season=2018-19&SeasonType=Regular%20Season&TeamID=1610612741
2019,2018–19,1627885,Shaquille Harrison,0021800076,2018-10-27,CHI @ ATL,ATL,W,4.333333333333333,0,0,0,0,0,0,0,0,0,0,1,0,0,0,1,6,0.29999999999999993,0.0,https://www.nba.com/stats/players/boxscores-traditional?Season=2018-19&SeasonType=Regular%20Season&TeamID=1610612741
2019,2018–19,203897,Zach LaVine,0021800067,2018-10-26,CHI @ CHA,CHA,L,25.833333333333332,20,6,16,4,8,4,6,0,3,3,4,0,0,2,2,-23,11.299999999999997,53.648068669527895,https://www.nba.com/stats/players/boxscores-traditional?Season=2018-19&SeasonType=Regular%20Season&TeamID=1610612741
2019,2018–19,203953,Jabari Parker,0021800067,2018-10-26,CHI @ CHA,CHA,L,25.683333333333334,19,7,14,2,5,3,3,2,0,2,1,0,1,3,1,-18,11.4,62.01044386422976,https://www.nba.com/stats/players/boxscores-traditional?Season=2018-19&SeasonType=Regular%20Season&TeamID=1610612741
2019,2018–19,1626166,Cameron Payne,0021800067,2018-10-26,CHI @ CHA,CHA,L,23.116666666666667,15,6,10,2,4,1,1,1,0,1,3,2,0,1,0,-20,14.199999999999998,71.83908045977012,https://www.nba.com/stats/players/boxscores-traditional?Season=2018-19&SeasonType=Regular%20Season&TeamID=1610612741
2019,2018–19,1628469,Antonio Blakeney,0021800067,2018-10-26,CHI @ CHA,CHA,L,22.166666666666668,13,5,10,2,5,1,2,0,2,2,0,0,2,0,2,-6,8.799999999999999,59.74264705882353,https://www.nba.com/stats/players/boxscores-traditional?Season=2018-19&SeasonType=Regular%20Season&TeamID=1610612741
2019,2018–19,1627885,Shaquille Harrison,0021800067,2018-10-26,CHI @ CHA,CHA,L,13.883333333333333,10,3,8,2,3,2,2,2,2,4,3,1,0,2,2,-1,7.899999999999999,56.3063063063063,https://www.nba.com/stats/players/boxscores-traditional?Season=2018-19&SeasonType=Regular%20Season&TeamID=1610612741
2019,2018–19,1628976,Wendell Carter Jr.,0021800067,2018-10-26,CHI @ CHA,CHA,L,17.95,7,2,5,1,1,2,2,0,4,4,1,0,3,2,3,-19,5.1000000000000005,59.523809523809526,https://www.nba.com/stats/players/boxscores-traditional?Season=2018-19&SeasonType=Regular%20Season&TeamID=1610612741
2019,2018–19,203200,Justin Holiday,0021800067,2018-10-26,CHI @ CHA,CHA,L,28.933333333333334,5,2,7,1,5,0,0,0,3,3,2,2,1,0,1,-21,5.5,35.714285714285715,https://www.nba.com/stats/players/boxscores-traditional?Season=2018-19&SeasonType=Regular%20Season&TeamID=1610612741
2019,2018–19,1626245,Cristiano Felicio,0021800067,2018-10-26,CHI @ CHA,CHA,L,30.05,9,3,6,0,0,3,4,2,5,7,1,0,0,2,1,-10,6.799999999999999,57.98969072164949,https://www.nba.com/stats/players/boxscores-traditional?Season=2018-19&SeasonType=Regular%20Season&TeamID=1610612741
2019,2018–19,1627853,Ryan Arcidiacono,0021800067,2018-10-26,CHI @ CHA,CHA,L,24.883333333333333,8,3,5,2,4,0,0,1,0,1,4,0,0,1,3,-9,6.999999999999999,80.0,https://www.nba.com/stats/players/boxscores-traditional?Season=2018-19&SeasonType=Regular%20Season&TeamID=1610612741
2019,2018–19,1628990,Chandler Hutchison,0021800067,2018-10-26,CHI @ CHA,CHA,L,27.5,0,0,4,0,1,0,2,0,7,7,2,0,0,0,1,-18,-0.49999999999999967,0.0,https://www.nba.com/stats/players/boxscores-traditional?Season=2018-19&SeasonType=Regular%20Season&TeamID=1610612741
2019,2018–19,203897,Zach LaVine,0021800056,2018-10-24,CHI vs. CHA,CHA,W,35.696666666666665,32,10,22,1,5,11,12,1,3,4,5,0,0,3,5,-1,20.3,58.65102639296187,https://www.nba.com/stats/players/boxscores-traditional?Season=2018-19&SeasonType=Regular%20Season&TeamID=1610612741
2019,2018–19,1626166,Cameron Payne,0021800056,2018-10-24,CHI vs. CHA,CHA,W,30.841666666666665,21,7,13,7,11,0,0,2,3,5,4,1,1,3,4,0,16.9,80.76923076923077,https://www.nba.com/stats/players/boxscores-traditional?Season=2018-19&SeasonType=Regular%20Season&TeamID=1610612741
2019,2018–19,203953,Jabari Parker,0021800056,2018-10-24,CHI vs. CHA,CHA,W,30.671666666666667,11,3,7,0,2,5,5,0,9,9,4,2,0,3,0,7,11.8,59.782608695652186,https://www.nba.com/stats/players/boxscores-traditional?Season=2018-19&SeasonType=Regular%20Season&TeamID=1610612741
2019,2018–19,1628976,Wendell Carter Jr.,0021800056,2018-10-24,CHI vs. CHA,CHA,W,29.683333333333334,6,2,7,0,0,2,6,3,4,7,2,0,2,1,3,-9,4.2,31.12033195020747,https://www.nba.com/stats/players/boxscores-traditional?Season=2018-19&SeasonType=Regular%20Season&TeamID=1610612741
2019,2018–19,203200,Justin Holiday,0021800056,2018-10-24,CHI vs. CHA,CHA,W,38.42,7,3,9,1,6,0,0,0,6,6,2,0,1,0,4,-12,4.199999999999999,38.88888888888889,https://www.nba.com/stats/players/boxscores-traditional?Season=2018-19&SeasonType=Regular%20Season&TeamID=1610612741
2019,2018–19,1626245,Cristiano Felicio,0021800056,2018-10-24,CHI vs. CHA,CHA,W,15.75,9,3,4,0,0,3,4,2,3,5,0,1,0,0,1,11,9.899999999999999,78.125,https://www.nba.com/stats/players/boxscores-traditional?Season=2018-19&SeasonType=Regular%20Season&TeamID=1610612741
2019,2018–19,1626171,Bobby Portis Jr.,0021800056,2018-10-24,CHI vs. CHA,CHA,W,19.8,4,2,5,0,1,0,0,1,6,7,1,0,1,1,3,-7,3.0,40.0,https://www.nba.com/stats/players/boxscores-traditional?Season=2018-19&SeasonType=Regular%20Season&TeamID=1610612741
2019,2018–19,1627853,Ryan Arcidiacono,0021800056,2018-10-24,CHI vs. CHA,CHA,W,17.253333333333334,10,2,3,1,2,5,5,0,1,1,2,0,0,2,3,4,7.200000000000003,96.15384615384615,https://www.nba.com/stats/players/boxscores-traditional?Season=2018-19&SeasonType=Regular%20Season&TeamID=1610612741
2019,2018–19,1628990,Chandler Hutchison,0021800056,2018-10-24,CHI vs. CHA,CHA,W,13.0,8,4,5,0,1,0,0,0,1,1,0,0,0,1,0,5,5.3999999999999995,80.0,https://www.nba.com/stats/players/boxscores-traditional?Season=2018-19&SeasonType=Regular%20Season&TeamID=1610612741
2019,2018–19,1628469,Antonio Blakeney,0021800056,2018-10-24,CHI vs. CHA,CHA,W,8.883333333333333,4,1,2,0,1,2,3,0,0,0,1,0,0,0,1,12,2.900000000000001,60.24096385542168,https://www.nba.com/stats/players/boxscores-traditional?Season=2018-19&SeasonType=Regular%20Season&TeamID=1610612741
2019,2018–19,203897,Zach LaVine,0021800044,2018-10-22,CHI @ DAL,DAL,L,37.098333333333336,34,11,15,5,7,7,8,1,2,3,2,2,1,5,3,-3,26.700000000000006,91.792656587473,https://www.nba.com/stats/players/boxscores-traditional?Season=2018-19&SeasonType=Regular%20Season&TeamID=1610612741
2019,2018–19,203953,Jabari Parker,0021800044,2018-10-22,CHI @ DAL,DAL,L,24.033333333333335,20,8,14,2,3,2,3,2,1,3,1,1,0,1,2,-11,14.600000000000001,65.27415143603133,https://www.nba.com/stats/players/boxscores-traditional?Season=2018-19&SeasonType=Regular%20Season&TeamID=1610612741
2019,2018–19,203200,Justin Holiday,0021800044,2018-10-22,CHI @ DAL,DAL,L,36.985,16,5,9,4,6,2,3,0,0,0,1,2,0,1,1,-9,12.599999999999998,77.51937984496124,https://www.nba.com/stats/players/boxscores-traditional?Season=2018-19&SeasonType=Regular%20Season&TeamID=1610612741
2019,2018–19,1626171,Bobby Portis Jr.,0021800044,2018-10-22,CHI @ DAL,DAL,L,30.55,12,5,9,0,0,2,3,1,7,8,0,0,2,2,4,-1,7.9,58.139534883720934,https://www.nba.com/stats/players/boxscores-traditional?Season=2018-19&SeasonType=Regular%20Season&TeamID=1610612741
2019,2018–19,1627739,Kris Dunn,0021800044,2018-10-22,CHI @ DAL,DAL,L,30.3,9,4,13,1,4,0,0,0,4,4,7,0,0,4,6,-1,1.1999999999999993,34.61538461538461,https://www.nba.com/stats/players/boxscores-traditional?Season=2018-19&SeasonType=Regular%20Season&TeamID=1610612741
2019,2018–19,1628976,Wendell Carter Jr.,0021800044,2018-10-22,CHI @ DAL,DAL,L,31.683333333333334,4,2,7,0,1,0,0,2,7,9,4,0,1,3,3,5,2.7,28.57142857142857,https://www.nba.com/stats/players/boxscores-traditional?Season=2018-19&SeasonType=Regular%20Season&TeamID=1610612741
2019,2018–19,1626166,Cameron Payne,0021800044,2018-10-22,CHI @ DAL,DAL,L,17.7,6,3,7,0,0,0,0,0,2,2,2,0,0,2,3,-5,1.1000000000000005,42.857142857142854,https://www.nba.com/stats/players/boxscores-traditional?Season=2018-19&SeasonType=Regular%20Season&TeamID=1610612741
2019,2018–19,1628990,Chandler Hutchison,0021800044,2018-10-22,CHI @ DAL,DAL,L,17.62,3,1,2,0,1,1,2,1,3,4,0,1,0,0,2,-5,3.3999999999999995,52.083333333333336,https://www.nba.com/stats/players/boxscores-traditional?Season=2018-19&SeasonType=Regular%20Season&TeamID=1610612741
2019,2018–19,201577,Robin Lopez,0021800044,2018-10-22,CHI @ DAL,DAL,L,9.496666666666666,2,1,2,0,0,0,0,0,1,1,1,0,0,1,5,-6,-1.0,50.0,https://www.nba.com/stats/players/boxscores-traditional?Season=2018-19&SeasonType=Regular%20Season&TeamID=1610612741
2019,2018–19,1628469,Antonio Blakeney,0021800044,2018-10-22,CHI @ DAL,DAL,L,4.533333333333333,3,1,2,1,1,0,2,0,0,0,0,0,0,0,0,6,1.2,52.083333333333336,https://www.nba.com/stats/players/boxscores-traditional?Season=2018-19&SeasonType=Regular%20Season&TeamID=1610612741
2019,2018–19,203897,Zach LaVine,0021800031,2018-10-20,CHI vs. DET,DET,L,36.95,33,12,21,2,6,7,9,0,3,3,3,0,0,2,3,-14,22.099999999999998,66.10576923076923,https://www.nba.com/stats/players/boxscores-traditional?Season=2018-19&SeasonType=Regular%20Season&TeamID=1610612741
2019,2018–19,203200,Justin Holiday,0021800031,2018-10-20,CHI vs. DET,DET,L,37.55,19,6,8,2,3,5,5,0,6,6,2,2,0,0,1,10,20.599999999999998,93.13725490196079,https://www.nba.com/stats/players/boxscores-traditional?Season=2018-19&SeasonType=Regular%20Season&TeamID=1610612741
2019,2018–19,1626171,Bobby Portis Jr.,0021800031,2018-10-20,CHI vs. DET,DET,L,29.35,6,2,12,0,4,2,4,2,12,14,5,1,0,2,3,9,3.9000000000000012,21.802325581395348,https://www.nba.com/stats/players/boxscores-traditional?Season=2018-19&SeasonType=Regular%20Season&TeamID=1610612741
2019,2018–19,1626166,Cameron Payne,0021800031,2018-10-20,CHI vs. DET,DET,L,28.35,17,6,12,0,3,5,5,1,2,3,4,0,0,1,3,2,12.899999999999999,59.859154929577464,https://www.nba.com/stats/players/boxscores-traditional?Season=2018-19&SeasonType=Regular%20Season&TeamID=1610612741
2019,2018–19,203953,Jabari Parker,0021800031,2018-10-20,CHI vs. DET,DET,L,23.7,13,5,13,2,3,1,2,2,4,6,1,0,0,0,3,-7,7.599999999999999,46.829971181556196,https://www.nba.com/stats/players/boxscores-traditional?Season=2018-19&SeasonType=Regular%20Season&TeamID=1610612741
2019,2018–19,1628469,Antonio Blakeney,0021800031,2018-10-20,CHI vs. DET,DET,L,21.5,10,5,6,0,0,0,0,0,4,4,0,1,0,0,0,0,10.0,83.33333333333334,https://www.nba.com/stats/players/boxscores-traditional?Season=2018-19&SeasonType=Regular%20Season&TeamID=1610612741
2019,2018–19,1628976,Wendell Carter Jr.,0021800031,2018-10-20,CHI vs. DET,DET,L,17.666666666666668,8,4,6,0,0,0,0,0,2,2,1,0,2,2,3,-3,4.8999999999999995,66.66666666666666,https://www.nba.com/stats/players/boxscores-traditional?Season=2018-19&SeasonType=Regular%20Season&TeamID=1610612741
2019,2018–19,201577,Robin Lopez,0021800031,2018-10-20,CHI vs. DET,DET,L,25.283333333333335,7,3,6,0,0,1,1,0,2,2,3,0,1,3,4,-3,2.799999999999999,54.347826086956516,https://www.nba.com/stats/players/boxscores-traditional?Season=2018-19&SeasonType=Regular%20Season&TeamID=1610612741
2019,2018–19,1627853,Ryan Arcidiacono,0021800031,2018-10-20,CHI vs. DET,DET,L,19.65,3,1,3,1,2,0,0,0,1,1,7,0,0,1,0,-4,5.5,50.0,https://www.nba.com/stats/players/boxscores-traditional?Season=2018-19&SeasonType=Regular%20Season&TeamID=1610612741
2019,2018–19,203897,Zach LaVine,0021800014,2018-10-18,CHI @ PHI,PHI,L,32.7,30,11,19,2,7,6,7,0,5,5,3,0,3,5,5,-10,19.400000000000006,67.93478260869566,https://www.nba.com/stats/players/boxscores-traditional?Season=2018-19&SeasonType=Regular%20Season&TeamID=1610612741
2019,2018–19,1626171,Bobby Portis Jr.,0021800014,2018-10-18,CHI @ PHI,PHI,L,33.1,20,8,15,3,6,1,2,2,9,11,2,1,1,0,4,-3,17.899999999999995,62.97229219143576,https://www.nba.com/stats/players/boxscores-traditional?Season=2018-19&SeasonType=Regular%20Season&TeamID=1610612741
2019,2018–19,203953,Jabari Parker,0021800014,2018-10-18,CHI @ PHI,PHI,L,25.208333333333332,15,7,16,1,4,0,0,1,4,5,1,1,0,2,3,-14,7.0,46.875,https://www.nba.com/stats/players/boxscores-traditional?Season=2018-19&SeasonType=Regular%20Season&TeamID=1610612741
2019,2018–19,1628469,Antonio Blakeney,0021800014,2018-10-18,CHI @ PHI,PHI,L,30.45,15,6,16,1,3,2,3,0,5,5,2,0,0,1,2,6,6.8999999999999995,43.302540415704385,https://www.nba.com/stats/players/boxscores-traditional?Season=2018-19&SeasonType=Regular%20Season&TeamID=1610612741
2019,2018–19,1627853,Ryan Arcidiacono,0021800014,2018-10-18,CHI @ PHI,PHI,L,28.251666666666665,8,3,4,2,3,0,0,0,4,4,8,0,0,0,0,-5,13.2,100.0,https://www.nba.com/stats/players/boxscores-traditional?Season=2018-19&SeasonType=Regular%20Season&TeamID=1610612741
2019,2018–19,203200,Justin Holiday,0021800014,2018-10-18,CHI @ PHI,PHI,L,27.386666666666667,10,4,12,2,9,0,0,0,4,4,1,0,0,0,2,-29,4.300000000000002,41.66666666666667,https://www.nba.com/stats/players/boxscores-traditional?Season=2018-19&SeasonType=Regular%20Season&TeamID=1610612741
2019,2018–19,1628976,Wendell Carter Jr.,0021800014,2018-10-18,CHI @ PHI,PHI,L,19.983333333333334,8,4,10,0,0,0,0,1,2,3,3,0,1,1,4,-18,4.1,40.0,https://www.nba.com/stats/players/boxscores-traditional?Season=2018-19&SeasonType=Regular%20Season&TeamID=1610612741
2019,2018–19,201577,Robin Lopez,0021800014,2018-10-18,CHI @ PHI,PHI,L,17.708333333333332,2,1,4,0,0,0,0,1,0,1,3,1,1,2,2,-3,1.2999999999999998,25.0,https://www.nba.com/stats/players/boxscores-traditional?Season=2018-19&SeasonType=Regular%20Season&TeamID=1610612741
2019,2018–19,1626166,Cameron Payne,0021800014,2018-10-18,CHI @ PHI,PHI,L,21.566666666666666,0,0,4,0,1,0,0,0,1,1,5,1,0,1,1,-18,0.6000000000000001,0.0,https://www.nba.com/stats/players/boxscores-traditional?Season=2018-19&SeasonType=Regular%20Season&TeamID=1610612741
2019,2018–19,1627755,Tyler Ulis,0021800014,2018-10-18,CHI @ PHI,PHI,L,0.8283333333333334,0,0,0,0,0,0,0,0,0,0,0,0,0,0,0,0,0.0,0.0,https://www.nba.com/stats/players/boxscores-traditional?Season=2018-19&SeasonType=Regular%20Season&TeamID=1610612741
2019,2018–19,1628990,Chandler Hutchison,0021800014,2018-10-18,CHI @ PHI,PHI,L,2.816666666666667,0,0,1,0,0,0,0,0,0,0,0,0,0,0,0,-1,-0.7,0.0,https://www.nba.com/stats/players/boxscores-traditional?Season=2018-19&SeasonType=Regular%20Season&TeamID=1610612741
