season_end_year,season,player_id,player,game_id,game_date,matchup,opponent,result,minutes,points,fgm,fga,fg3m,fg3a,ftm,fta,oreb,dreb,reb,ast,stl,blk,tov,pf,plus_minus,game_score,ts_pct,player_source_url
1984,1983–84,76453,Dave Corzine,0028300939,1984-04-15,CHI @ PHL,PHL,L,20,8,3,6,0,0,2,2,1.0,1.0,2,1,1,0,2.0,3,,4.5,58.139534883720934,https://www.nba.com/stats/players/boxscores-traditional?Season=1983-84&SeasonType=Regular%20Season&TeamID=1610612741
1984,1983–84,76881,David Greenwood,0028300939,1984-04-15,CHI @ PHL,PHL,L,20,12,6,8,0,0,0,0,1.0,2.0,3,0,1,0,4.0,1,,6.699999999999999,75.0,https://www.nba.com/stats/players/boxscores-traditional?Season=1983-84&SeasonType=Regular%20Season&TeamID=1610612741
1984,1983–84,77019,Rod Higgins,0028300939,1984-04-15,CHI @ PHL,PHL,L,24,4,2,6,0,0,0,0,0.0,1.0,1,4,0,0,3.0,2,,-0.09999999999999964,33.33333333333333,https://www.nba.com/stats/players/boxscores-traditional?Season=1983-84&SeasonType=Regular%20Season&TeamID=1610612741
1984,1983–84,77757,Jawann Oldham,0028300939,1984-04-15,CHI @ PHL,PHL,L,28,8,4,11,0,0,0,0,2.0,7.0,9,0,1,5,3.0,5,,4.9,36.36363636363637,https://www.nba.com/stats/players/boxscores-traditional?Season=1983-84&SeasonType=Regular%20Season&TeamID=1610612741
1984,1983–84,941,Ennis Whatley,0028300939,1984-04-15,CHI @ PHL,PHL,L,22,10,5,7,0,0,0,0,1.0,0.0,1,7,2,0,4.0,1,,10.299999999999999,71.42857142857143,https://www.nba.com/stats/players/boxscores-traditional?Season=1983-84&SeasonType=Regular%20Season&TeamID=1610612741
1984,1983–84,76497,Quintin Dailey,0028300939,1984-04-15,CHI @ PHL,PHL,L,22,14,6,11,0,0,2,3,0.0,0.0,0,2,1,0,2.0,1,,8.299999999999999,56.81818181818181,https://www.nba.com/stats/players/boxscores-traditional?Season=1983-84&SeasonType=Regular%20Season&TeamID=1610612741
1984,1983–84,78615,Orlando Woolridge,0028300939,1984-04-15,CHI @ PHL,PHL,L,10,4,2,2,0,0,0,0,0.0,2.0,2,0,0,0,1.0,1,,2.6,100.0,https://www.nba.com/stats/players/boxscores-traditional?Season=1983-84&SeasonType=Regular%20Season&TeamID=1610612741
1984,1983–84,76291,Wallace Bryant,0028300939,1984-04-15,CHI @ PHL,PHL,L,19,13,6,8,0,0,1,1,2.0,4.0,6,1,2,1,1.0,2,,13.999999999999998,77.01421800947867,https://www.nba.com/stats/players/boxscores-traditional?Season=1983-84&SeasonType=Regular%20Season&TeamID=1610612741
1984,1983–84,77134,Steve Johnson,0028300939,1984-04-15,CHI @ PHL,PHL,L,23,13,5,9,0,0,3,4,5.0,3.0,8,0,1,2,6.0,4,,7.5,60.4089219330855,https://www.nba.com/stats/players/boxscores-traditional?Season=1983-84&SeasonType=Regular%20Season&TeamID=1610612741
1984,1983–84,77373,Ronnie Lester,0028300939,1984-04-15,CHI @ PHL,PHL,L,26,16,5,11,0,0,6,6,0.0,0.0,0,6,2,1,3.0,1,,13.8,58.65102639296187,https://www.nba.com/stats/players/boxscores-traditional?Season=1983-84&SeasonType=Regular%20Season&TeamID=1610612741
1984,1983–84,78523,Mitchell Wiggins,0028300939,1984-04-15,CHI @ PHL,PHL,L,26,13,5,13,0,0,3,6,5.0,1.0,6,1,3,0,3.0,1,,8.799999999999999,41.56010230179028,https://www.nba.com/stats/players/boxscores-traditional?Season=1983-84&SeasonType=Regular%20Season&TeamID=1610612741
1984,1983–84,77019,Rod Higgins,0028300927,1984-04-13,CHI vs. MIL,MIL,L,18,5,2,7,0,1,1,1,1.0,1.0,2,3,1,0,1.0,0,,4.0,33.60215053763441,https://www.nba.com/stats/players/boxscores-traditional?Season=1983-84&SeasonType=Regular%20Season&TeamID=1610612741
1984,1983–84,77134,Steve Johnson,0028300927,1984-04-13,CHI vs. MIL,MIL,L,15,6,3,5,0,0,0,0,3.0,1.0,4,0,0,2,3.0,6,,2.0999999999999996,60.0,https://www.nba.com/stats/players/boxscores-traditional?Season=1983-84&SeasonType=Regular%20Season&TeamID=1610612741
1984,1983–84,76291,Wallace Bryant,0028300927,1984-04-13,CHI vs. MIL,MIL,L,6,3,1,5,0,0,1,4,1.0,1.0,2,0,0,0,0.0,0,,-0.3000000000000003,22.189349112426036,https://www.nba.com/stats/players/boxscores-traditional?Season=1983-84&SeasonType=Regular%20Season&TeamID=1610612741
1984,1983–84,78615,Orlando Woolridge,0028300927,1984-04-13,CHI vs. MIL,MIL,L,30,20,10,15,0,0,0,1,5.0,0.0,5,1,1,1,5.0,2,,13.2,64.76683937823834,https://www.nba.com/stats/players/boxscores-traditional?Season=1983-84&SeasonType=Regular%20Season&TeamID=1610612741
1984,1983–84,76497,Quintin Dailey,0028300927,1984-04-13,CHI vs. MIL,MIL,L,25,14,6,12,0,0,2,4,1.0,4.0,5,4,1,0,2.0,4,,9.299999999999999,50.872093023255815,https://www.nba.com/stats/players/boxscores-traditional?Season=1983-84&SeasonType=Regular%20Season&TeamID=1610612741
1984,1983–84,77373,Ronnie Lester,0028300927,1984-04-13,CHI vs. MIL,MIL,L,13,2,1,2,0,0,0,0,1.0,0.0,1,4,0,0,0.0,1,,4.1,50.0,https://www.nba.com/stats/players/boxscores-traditional?Season=1983-84&SeasonType=Regular%20Season&TeamID=1610612741
1984,1983–84,77757,Jawann Oldham,0028300927,1984-04-13,CHI vs. MIL,MIL,L,19,7,1,5,0,0,5,6,0.0,5.0,5,0,1,2,4.0,4,,1.8000000000000007,45.81151832460733,https://www.nba.com/stats/players/boxscores-traditional?Season=1983-84&SeasonType=Regular%20Season&TeamID=1610612741
1984,1983–84,78523,Mitchell Wiggins,0028300927,1984-04-13,CHI vs. MIL,MIL,L,28,7,3,13,0,1,1,2,4.0,2.0,6,0,2,0,3.0,2,,0.2999999999999998,25.216138328530256,https://www.nba.com/stats/players/boxscores-traditional?Season=1983-84&SeasonType=Regular%20Season&TeamID=1610612741
1984,1983–84,941,Ennis Whatley,0028300927,1984-04-13,CHI vs. MIL,MIL,L,30,2,1,2,0,0,0,1,2.0,1.0,3,9,0,0,3.0,2,,4.8,40.98360655737705,https://www.nba.com/stats/players/boxscores-traditional?Season=1983-84&SeasonType=Regular%20Season&TeamID=1610612741
1984,1983–84,76881,David Greenwood,0028300927,1984-04-13,CHI vs. MIL,MIL,L,32,13,4,13,0,0,5,6,2.0,10.0,12,0,0,1,3.0,1,,6.799999999999999,41.56010230179028,https://www.nba.com/stats/players/boxscores-traditional?Season=1983-84&SeasonType=Regular%20Season&TeamID=1610612741
1984,1983–84,76453,Dave Corzine,0028300927,1984-04-13,CHI vs. MIL,MIL,L,24,6,3,7,0,0,0,0,2.0,4.0,6,1,0,2,2.0,3,,3.8,42.857142857142854,https://www.nba.com/stats/players/boxscores-traditional?Season=1983-84&SeasonType=Regular%20Season&TeamID=1610612741
1984,1983–84,941,Ennis Whatley,0028300919,1984-04-11,CHI vs. NJN,NJN,L,36,6,3,5,0,0,0,0,0.0,0.0,0,7,1,0,6.0,1,,3.1999999999999993,60.0,https://www.nba.com/stats/players/boxscores-traditional?Season=1983-84&SeasonType=Regular%20Season&TeamID=1610612741
1984,1983–84,76453,Dave Corzine,0028300919,1984-04-11,CHI vs. NJN,NJN,L,29,14,6,9,0,0,2,2,3.0,3.0,6,3,0,1,1.0,3,,13.699999999999996,70.85020242914979,https://www.nba.com/stats/players/boxscores-traditional?Season=1983-84&SeasonType=Regular%20Season&TeamID=1610612741
1984,1983–84,76497,Quintin Dailey,0028300919,1984-04-11,CHI vs. NJN,NJN,L,36,19,8,23,0,1,3,3,3.0,0.0,3,0,1,0,1.0,1,,7.800000000000001,39.0625,https://www.nba.com/stats/players/boxscores-traditional?Season=1983-84&SeasonType=Regular%20Season&TeamID=1610612741
1984,1983–84,77134,Steve Johnson,0028300919,1984-04-11,CHI vs. NJN,NJN,L,21,14,4,7,0,0,6,8,4.0,7.0,11,1,1,1,1.0,4,,14.6,66.53992395437263,https://www.nba.com/stats/players/boxscores-traditional?Season=1983-84&SeasonType=Regular%20Season&TeamID=1610612741
1984,1983–84,77757,Jawann Oldham,0028300919,1984-04-11,CHI vs. NJN,NJN,L,19,12,6,7,0,0,0,0,2.0,4.0,6,3,1,2,3.0,3,,12.399999999999999,85.71428571428571,https://www.nba.com/stats/players/boxscores-traditional?Season=1983-84&SeasonType=Regular%20Season&TeamID=1610612741
1984,1983–84,77019,Rod Higgins,0028300919,1984-04-11,CHI vs. NJN,NJN,L,17,9,3,6,0,0,3,3,0.0,0.0,0,3,0,0,1.0,2,,6.3,61.47540983606557,https://www.nba.com/stats/players/boxscores-traditional?Season=1983-84&SeasonType=Regular%20Season&TeamID=1610612741
1984,1983–84,76881,David Greenwood,0028300919,1984-04-11,CHI vs. NJN,NJN,L,27,7,3,15,0,0,1,1,4.0,9.0,13,1,1,0,1.0,3,,2.6999999999999993,22.66839378238342,https://www.nba.com/stats/players/boxscores-traditional?Season=1983-84&SeasonType=Regular%20Season&TeamID=1610612741
1984,1983–84,77373,Ronnie Lester,0028300919,1984-04-11,CHI vs. NJN,NJN,L,8,1,0,1,0,1,1,2,0.0,0.0,0,1,1,0,1.0,1,,0.20000000000000018,26.595744680851062,https://www.nba.com/stats/players/boxscores-traditional?Season=1983-84&SeasonType=Regular%20Season&TeamID=1610612741
1984,1983–84,78615,Orlando Woolridge,0028300919,1984-04-11,CHI vs. NJN,NJN,L,31,22,6,15,0,0,10,12,3.0,2.0,5,1,4,1,6.0,6,,12.799999999999997,54.24063116370809,https://www.nba.com/stats/players/boxscores-traditional?Season=1983-84&SeasonType=Regular%20Season&TeamID=1610612741
1984,1983–84,78523,Mitchell Wiggins,0028300919,1984-04-11,CHI vs. NJN,NJN,L,16,8,3,6,0,0,2,2,1.0,1.0,2,3,1,0,3.0,4,,4.5,58.139534883720934,https://www.nba.com/stats/players/boxscores-traditional?Season=1983-84&SeasonType=Regular%20Season&TeamID=1610612741
1984,1983–84,78523,Mitchell Wiggins,0028300903,1984-04-09,CHI @ WAS,WAS,L,26,18,8,12,0,0,2,3,0.0,3.0,3,4,0,0,1.0,3,,13.900000000000002,67.56756756756756,https://www.nba.com/stats/players/boxscores-traditional?Season=1983-84&SeasonType=Regular%20Season&TeamID=1610612741
1984,1983–84,76291,Wallace Bryant,0028300903,1984-04-09,CHI @ WAS,WAS,L,34,18,8,12,0,0,2,4,5.0,5.0,10,0,0,0,2.0,3,,13.8,65.40697674418605,https://www.nba.com/stats/players/boxscores-traditional?Season=1983-84&SeasonType=Regular%20Season&TeamID=1610612741
1984,1983–84,76497,Quintin Dailey,0028300903,1984-04-09,CHI @ WAS,WAS,L,53,32,11,25,0,1,10,13,1.0,1.0,2,5,4,0,2.0,2,,23.4,52.083333333333336,https://www.nba.com/stats/players/boxscores-traditional?Season=1983-84&SeasonType=Regular%20Season&TeamID=1610612741
1984,1983–84,77134,Steve Johnson,0028300903,1984-04-09,CHI @ WAS,WAS,L,24,22,10,17,0,0,2,3,6.0,3.0,9,1,0,0,2.0,6,,15.099999999999994,60.043668122270745,https://www.nba.com/stats/players/boxscores-traditional?Season=1983-84&SeasonType=Regular%20Season&TeamID=1610612741
1984,1983–84,941,Ennis Whatley,0028300903,1984-04-09,CHI @ WAS,WAS,L,49,18,7,14,0,0,4,4,0.0,5.0,5,13,2,2,7.0,4,,16.4,57.10659898477157,https://www.nba.com/stats/players/boxscores-traditional?Season=1983-84&SeasonType=Regular%20Season&TeamID=1610612741
1984,1983–84,77019,Rod Higgins,0028300903,1984-04-09,CHI @ WAS,WAS,L,46,11,5,11,0,2,1,1,4.0,5.0,9,3,1,0,2.0,1,,10.3,48.07692307692308,https://www.nba.com/stats/players/boxscores-traditional?Season=1983-84&SeasonType=Regular%20Season&TeamID=1610612741
1984,1983–84,76453,Dave Corzine,0028300903,1984-04-09,CHI @ WAS,WAS,L,42,10,5,13,0,0,0,0,2.0,4.0,6,3,2,1,2.0,2,,7.5,38.46153846153847,https://www.nba.com/stats/players/boxscores-traditional?Season=1983-84&SeasonType=Regular%20Season&TeamID=1610612741
1984,1983–84,77757,Jawann Oldham,0028300903,1984-04-09,CHI @ WAS,WAS,L,16,5,2,4,0,0,1,1,0.0,1.0,1,0,0,0,2.0,6,,-1.1000000000000005,56.3063063063063,https://www.nba.com/stats/players/boxscores-traditional?Season=1983-84&SeasonType=Regular%20Season&TeamID=1610612741
1984,1983–84,76497,Quintin Dailey,0028300898,1984-04-08,CHI @ BOS,BOS,L,39,31,11,20,0,0,9,10,1.0,3.0,4,2,2,0,4.0,1,,21.599999999999998,63.52459016393443,https://www.nba.com/stats/players/boxscores-traditional?Season=1983-84&SeasonType=Regular%20Season&TeamID=1610612741
1984,1983–84,77019,Rod Higgins,0028300898,1984-04-08,CHI @ BOS,BOS,L,26,5,2,5,0,1,1,1,0.0,1.0,1,3,3,0,0.0,3,,6.499999999999999,45.955882352941174,https://www.nba.com/stats/players/boxscores-traditional?Season=1983-84&SeasonType=Regular%20Season&TeamID=1610612741
1984,1983–84,76291,Wallace Bryant,0028300898,1984-04-08,CHI @ BOS,BOS,L,19,2,1,6,0,0,0,2,3.0,3.0,6,0,2,0,2.0,2,,-0.40000000000000013,14.534883720930234,https://www.nba.com/stats/players/boxscores-traditional?Season=1983-84&SeasonType=Regular%20Season&TeamID=1610612741
1984,1983–84,77134,Steve Johnson,0028300898,1984-04-08,CHI @ BOS,BOS,L,33,23,7,12,0,0,9,12,4.0,7.0,11,0,1,2,0.0,3,,22.300000000000004,66.55092592592592,https://www.nba.com/stats/players/boxscores-traditional?Season=1983-84&SeasonType=Regular%20Season&TeamID=1610612741
1984,1983–84,941,Ennis Whatley,0028300898,1984-04-08,CHI @ BOS,BOS,L,38,15,5,10,0,0,5,6,0.0,2.0,2,9,1,0,4.0,4,,11.9,59.33544303797468,https://www.nba.com/stats/players/boxscores-traditional?Season=1983-84&SeasonType=Regular%20Season&TeamID=1610612741
1984,1983–84,76453,Dave Corzine,0028300898,1984-04-08,CHI @ BOS,BOS,L,31,15,6,12,0,0,3,4,1.0,5.0,6,3,0,1,3.0,2,,9.799999999999997,54.50581395348837,https://www.nba.com/stats/players/boxscores-traditional?Season=1983-84&SeasonType=Regular%20Season&TeamID=1610612741
1984,1983–84,77757,Jawann Oldham,0028300898,1984-04-08,CHI @ BOS,BOS,L,26,9,4,8,0,0,1,2,0.0,4.0,4,0,0,0,0.0,2,,5.0,50.67567567567567,https://www.nba.com/stats/players/boxscores-traditional?Season=1983-84&SeasonType=Regular%20Season&TeamID=1610612741
1984,1983–84,78523,Mitchell Wiggins,0028300898,1984-04-08,CHI @ BOS,BOS,L,28,10,5,11,0,0,0,2,2.0,4.0,6,2,0,0,2.0,3,,4.3,42.08754208754208,https://www.nba.com/stats/players/boxscores-traditional?Season=1983-84&SeasonType=Regular%20Season&TeamID=1610612741
1984,1983–84,76453,Dave Corzine,0028300888,1984-04-06,CHI vs. ATL,ATL,W,32,7,3,6,0,0,1,2,0.0,2.0,2,5,1,3,2.0,0,,8.799999999999999,50.872093023255815,https://www.nba.com/stats/players/boxscores-traditional?Season=1983-84&SeasonType=Regular%20Season&TeamID=1610612741
1984,1983–84,77373,Ronnie Lester,0028300888,1984-04-06,CHI vs. ATL,ATL,W,27,12,2,7,0,0,8,8,1.0,1.0,2,8,0,2,5.0,2,,10.100000000000001,57.03422053231939,https://www.nba.com/stats/players/boxscores-traditional?Season=1983-84&SeasonType=Regular%20Season&TeamID=1610612741
1984,1983–84,77757,Jawann Oldham,0028300888,1984-04-06,CHI vs. ATL,ATL,W,26,15,6,11,0,0,3,3,4.0,7.0,11,1,1,3,3.0,3,,14.2,60.87662337662337,https://www.nba.com/stats/players/boxscores-traditional?Season=1983-84&SeasonType=Regular%20Season&TeamID=1610612741
1984,1983–84,941,Ennis Whatley,0028300888,1984-04-06,CHI vs. ATL,ATL,W,21,4,2,3,0,0,0,0,1.0,1.0,2,9,0,2,1.0,3,,9.2,66.66666666666666,https://www.nba.com/stats/players/boxscores-traditional?Season=1983-84&SeasonType=Regular%20Season&TeamID=1610612741
1984,1983–84,76881,David Greenwood,0028300888,1984-04-06,CHI vs. ATL,ATL,W,25,13,6,10,0,0,1,1,1.0,3.0,4,2,0,0,0.0,2,,10.6,62.26053639846744,https://www.nba.com/stats/players/boxscores-traditional?Season=1983-84&SeasonType=Regular%20Season&TeamID=1610612741
1984,1983–84,77134,Steve Johnson,0028300888,1984-04-06,CHI vs. ATL,ATL,W,29,17,7,10,0,0,3,5,4.0,8.0,12,3,1,1,4.0,5,,14.999999999999996,69.67213114754098,https://www.nba.com/stats/players/boxscores-traditional?Season=1983-84&SeasonType=Regular%20Season&TeamID=1610612741
1984,1983–84,78523,Mitchell Wiggins,0028300888,1984-04-06,CHI vs. ATL,ATL,W,13,3,1,5,0,0,1,2,1.0,1.0,2,0,1,0,3.0,2,,-2.3000000000000003,25.510204081632654,https://www.nba.com/stats/players/boxscores-traditional?Season=1983-84&SeasonType=Regular%20Season&TeamID=1610612741
1984,1983–84,76291,Wallace Bryant,0028300888,1984-04-06,CHI vs. ATL,ATL,W,4,4,1,1,0,0,2,2,0.0,0.0,0,0,0,0,0.0,0,,3.7,106.38297872340425,https://www.nba.com/stats/players/boxscores-traditional?Season=1983-84&SeasonType=Regular%20Season&TeamID=1610612741
1984,1983–84,77019,Rod Higgins,0028300888,1984-04-06,CHI vs. ATL,ATL,W,28,15,7,8,0,0,1,1,1.0,2.0,3,4,0,2,0.0,1,,17.3,88.86255924170617,https://www.nba.com/stats/players/boxscores-traditional?Season=1983-84&SeasonType=Regular%20Season&TeamID=1610612741
1984,1983–84,76497,Quintin Dailey,0028300888,1984-04-06,CHI vs. ATL,ATL,W,35,21,8,16,0,0,5,6,1.0,9.0,10,2,4,0,7.0,3,,13.2,56.33047210300429,https://www.nba.com/stats/players/boxscores-traditional?Season=1983-84&SeasonType=Regular%20Season&TeamID=1610612741
1984,1983–84,76453,Dave Corzine,0028300880,1984-04-05,CHI @ CLE,CLE,L,26,6,2,5,0,0,2,2,1.0,8.0,9,0,0,0,2.0,1,,4.0,51.02040816326531,https://www.nba.com/stats/players/boxscores-traditional?Season=1983-84&SeasonType=Regular%20Season&TeamID=1610612741
1984,1983–84,77134,Steve Johnson,0028300880,1984-04-05,CHI @ CLE,CLE,L,28,6,0,4,0,0,6,10,2.0,7.0,9,1,0,1,1.0,6,,3.0999999999999996,35.714285714285715,https://www.nba.com/stats/players/boxscores-traditional?Season=1983-84&SeasonType=Regular%20Season&TeamID=1610612741
1984,1983–84,77757,Jawann Oldham,0028300880,1984-04-05,CHI @ CLE,CLE,L,24,15,5,10,0,0,5,8,1.0,2.0,3,0,1,2,3.0,1,,9.1,55.47337278106509,https://www.nba.com/stats/players/boxscores-traditional?Season=1983-84&SeasonType=Regular%20Season&TeamID=1610612741
1984,1983–84,78523,Mitchell Wiggins,0028300880,1984-04-05,CHI @ CLE,CLE,L,16,15,5,12,0,1,5,6,7.0,1.0,8,0,0,0,1.0,4,,10.800000000000002,51.229508196721305,https://www.nba.com/stats/players/boxscores-traditional?Season=1983-84&SeasonType=Regular%20Season&TeamID=1610612741
1984,1983–84,76497,Quintin Dailey,0028300880,1984-04-05,CHI @ CLE,CLE,L,33,23,8,19,0,0,7,14,0.0,2.0,2,1,0,1,1.0,2,,10.299999999999997,45.707472178060414,https://www.nba.com/stats/players/boxscores-traditional?Season=1983-84&SeasonType=Regular%20Season&TeamID=1610612741
1984,1983–84,77019,Rod Higgins,0028300880,1984-04-05,CHI @ CLE,CLE,L,42,11,4,14,0,1,3,4,1.0,5.0,6,1,0,2,2.0,3,,3.500000000000001,34.89847715736041,https://www.nba.com/stats/players/boxscores-traditional?Season=1983-84&SeasonType=Regular%20Season&TeamID=1610612741
1984,1983–84,76291,Wallace Bryant,0028300880,1984-04-05,CHI @ CLE,CLE,L,23,4,2,9,0,0,0,0,3.0,2.0,5,2,0,1,1.0,3,,1.0999999999999996,22.22222222222222,https://www.nba.com/stats/players/boxscores-traditional?Season=1983-84&SeasonType=Regular%20Season&TeamID=1610612741
1984,1983–84,77373,Ronnie Lester,0028300880,1984-04-05,CHI @ CLE,CLE,L,16,8,1,3,0,0,6,6,0.0,1.0,1,1,1,0,0.0,0,,8.3,70.92198581560282,https://www.nba.com/stats/players/boxscores-traditional?Season=1983-84&SeasonType=Regular%20Season&TeamID=1610612741
1984,1983–84,941,Ennis Whatley,0028300880,1984-04-05,CHI @ CLE,CLE,L,32,11,2,12,0,0,7,8,4.0,0.0,4,6,1,0,2.0,3,,7.800000000000001,35.43814432989691,https://www.nba.com/stats/players/boxscores-traditional?Season=1983-84&SeasonType=Regular%20Season&TeamID=1610612741
1984,1983–84,76453,Dave Corzine,0028300871,1984-04-03,CHI vs. NYK,NYK,L,28,14,6,11,0,0,2,3,0.0,5.0,5,1,0,1,1.0,1,,9.799999999999997,56.81818181818181,https://www.nba.com/stats/players/boxscores-traditional?Season=1983-84&SeasonType=Regular%20Season&TeamID=1610612741
1984,1983–84,78523,Mitchell Wiggins,0028300871,1984-04-03,CHI vs. NYK,NYK,L,26,20,8,12,0,0,4,6,2.0,2.0,4,3,1,0,2.0,4,,15.5,68.30601092896174,https://www.nba.com/stats/players/boxscores-traditional?Season=1983-84&SeasonType=Regular%20Season&TeamID=1610612741
1984,1983–84,76497,Quintin Dailey,0028300871,1984-04-03,CHI vs. NYK,NYK,L,34,14,6,18,0,1,2,4,1.0,0.0,1,3,2,0,1.0,2,,5.999999999999999,35.425101214574894,https://www.nba.com/stats/players/boxscores-traditional?Season=1983-84&SeasonType=Regular%20Season&TeamID=1610612741
1984,1983–84,77757,Jawann Oldham,0028300871,1984-04-03,CHI vs. NYK,NYK,L,20,7,2,3,0,0,3,4,2.0,8.0,10,1,1,1,4.0,2,,6.6999999999999975,73.52941176470588,https://www.nba.com/stats/players/boxscores-traditional?Season=1983-84&SeasonType=Regular%20Season&TeamID=1610612741
1984,1983–84,941,Ennis Whatley,0028300871,1984-04-03,CHI vs. NYK,NYK,L,31,5,2,5,0,0,1,2,1.0,2.0,3,11,0,0,3.0,4,,6.299999999999999,42.51700680272109,https://www.nba.com/stats/players/boxscores-traditional?Season=1983-84&SeasonType=Regular%20Season&TeamID=1610612741
1984,1983–84,77373,Ronnie Lester,0028300871,1984-04-03,CHI vs. NYK,NYK,L,17,0,0,2,0,0,0,0,0.0,0.0,0,3,0,0,3.0,1,,-2.7,0.0,https://www.nba.com/stats/players/boxscores-traditional?Season=1983-84&SeasonType=Regular%20Season&TeamID=1610612741
1984,1983–84,76291,Wallace Bryant,0028300871,1984-04-03,CHI vs. NYK,NYK,L,18,8,4,13,0,0,0,0,3.0,2.0,5,0,0,0,0.0,3,,1.9999999999999996,30.76923076923077,https://www.nba.com/stats/players/boxscores-traditional?Season=1983-84&SeasonType=Regular%20Season&TeamID=1610612741
1984,1983–84,77019,Rod Higgins,0028300871,1984-04-03,CHI vs. NYK,NYK,L,36,12,5,12,0,0,2,4,3.0,2.0,5,8,0,0,0.0,3,,11.900000000000002,43.604651162790695,https://www.nba.com/stats/players/boxscores-traditional?Season=1983-84&SeasonType=Regular%20Season&TeamID=1610612741
1984,1983–84,77134,Steve Johnson,0028300871,1984-04-03,CHI vs. NYK,NYK,L,30,16,8,14,0,0,0,2,5.0,11.0,16,0,0,1,2.0,4,,12.499999999999998,53.76344086021505,https://www.nba.com/stats/players/boxscores-traditional?Season=1983-84&SeasonType=Regular%20Season&TeamID=1610612741
1984,1983–84,941,Ennis Whatley,0028300863,1984-04-02,CHI @ NYK,NYK,L,27,13,6,11,0,0,1,4,0.0,4.0,4,9,1,0,1.0,6,,11.6,50.94043887147336,https://www.nba.com/stats/players/boxscores-traditional?Season=1983-84&SeasonType=Regular%20Season&TeamID=1610612741
1984,1983–84,76291,Wallace Bryant,0028300863,1984-04-02,CHI @ NYK,NYK,L,8,2,1,2,0,0,0,0,0.0,2.0,2,1,0,0,1.0,3,,0.09999999999999964,50.0,https://www.nba.com/stats/players/boxscores-traditional?Season=1983-84&SeasonType=Regular%20Season&TeamID=1610612741
1984,1983–84,76453,Dave Corzine,0028300863,1984-04-02,CHI @ NYK,NYK,L,24,4,2,8,0,0,0,0,0.0,4.0,4,1,0,0,1.0,1,,-0.29999999999999993,25.0,https://www.nba.com/stats/players/boxscores-traditional?Season=1983-84&SeasonType=Regular%20Season&TeamID=1610612741
1984,1983–84,76497,Quintin Dailey,0028300863,1984-04-02,CHI @ NYK,NYK,L,40,44,17,26,1,1,9,9,5.0,3.0,8,5,0,0,3.0,4,,35.89999999999999,73.43124165554073,https://www.nba.com/stats/players/boxscores-traditional?Season=1983-84&SeasonType=Regular%20Season&TeamID=1610612741
1984,1983–84,77019,Rod Higgins,0028300863,1984-04-02,CHI @ NYK,NYK,L,23,5,1,8,0,1,3,4,0.0,2.0,2,1,0,0,2.0,1,,-1.6999999999999993,25.614754098360653,https://www.nba.com/stats/players/boxscores-traditional?Season=1983-84&SeasonType=Regular%20Season&TeamID=1610612741
1984,1983–84,77373,Ronnie Lester,0028300863,1984-04-02,CHI @ NYK,NYK,L,21,5,1,5,0,0,3,3,0.0,0.0,0,2,1,0,2.0,3,,1.1000000000000005,39.55696202531646,https://www.nba.com/stats/players/boxscores-traditional?Season=1983-84&SeasonType=Regular%20Season&TeamID=1610612741
1984,1983–84,78523,Mitchell Wiggins,0028300863,1984-04-02,CHI @ NYK,NYK,L,8,1,0,3,0,0,1,2,0.0,1.0,1,0,0,0,3.0,0,,-4.199999999999999,12.886597938144332,https://www.nba.com/stats/players/boxscores-traditional?Season=1983-84&SeasonType=Regular%20Season&TeamID=1610612741
1984,1983–84,77134,Steve Johnson,0028300863,1984-04-02,CHI @ NYK,NYK,L,25,22,8,11,0,0,6,8,4.0,3.0,7,1,0,0,2.0,4,,17.499999999999996,75.75757575757575,https://www.nba.com/stats/players/boxscores-traditional?Season=1983-84&SeasonType=Regular%20Season&TeamID=1610612741
1984,1983–84,76881,David Greenwood,0028300863,1984-04-02,CHI @ NYK,NYK,L,40,8,4,9,0,0,0,0,3.0,6.0,9,2,1,0,3.0,4,,5.0,44.44444444444444,https://www.nba.com/stats/players/boxscores-traditional?Season=1983-84&SeasonType=Regular%20Season&TeamID=1610612741
1984,1983–84,77757,Jawann Oldham,0028300863,1984-04-02,CHI @ NYK,NYK,L,24,9,4,6,0,0,1,2,4.0,1.0,5,2,0,6,1.0,3,,12.5,65.40697674418605,https://www.nba.com/stats/players/boxscores-traditional?Season=1983-84&SeasonType=Regular%20Season&TeamID=1610612741
1984,1983–84,77019,Rod Higgins,0028300858,1984-03-31,CHI vs. PHL,PHL,L,33,8,3,8,0,0,2,2,1.0,1.0,2,3,1,0,1.0,1,,6.299999999999999,45.04504504504504,https://www.nba.com/stats/players/boxscores-traditional?Season=1983-84&SeasonType=Regular%20Season&TeamID=1610612741
1984,1983–84,77373,Ronnie Lester,0028300858,1984-03-31,CHI vs. PHL,PHL,L,8,4,1,4,0,0,2,2,0.0,1.0,1,1,0,0,0.0,2,,1.8000000000000005,40.98360655737705,https://www.nba.com/stats/players/boxscores-traditional?Season=1983-84&SeasonType=Regular%20Season&TeamID=1610612741
1984,1983–84,76497,Quintin Dailey,0028300858,1984-03-31,CHI vs. PHL,PHL,L,40,25,9,21,0,1,7,7,2.0,2.0,4,2,4,0,4.0,4,,15.7,51.91029900332226,https://www.nba.com/stats/players/boxscores-traditional?Season=1983-84&SeasonType=Regular%20Season&TeamID=1610612741
1984,1983–84,77134,Steve Johnson,0028300858,1984-03-31,CHI vs. PHL,PHL,L,30,16,7,13,0,0,2,6,3.0,2.0,5,1,0,2,1.0,4,,10.3,51.150895140664964,https://www.nba.com/stats/players/boxscores-traditional?Season=1983-84&SeasonType=Regular%20Season&TeamID=1610612741
1984,1983–84,941,Ennis Whatley,0028300858,1984-03-31,CHI vs. PHL,PHL,L,32,8,4,8,0,0,0,0,0.0,1.0,1,13,2,0,3.0,4,,10.799999999999999,50.0,https://www.nba.com/stats/players/boxscores-traditional?Season=1983-84&SeasonType=Regular%20Season&TeamID=1610612741
1984,1983–84,77757,Jawann Oldham,0028300858,1984-03-31,CHI vs. PHL,PHL,L,11,0,0,2,0,0,0,0,0.0,2.0,2,1,0,1,1.0,2,,-1.2000000000000002,0.0,https://www.nba.com/stats/players/boxscores-traditional?Season=1983-84&SeasonType=Regular%20Season&TeamID=1610612741
1984,1983–84,76453,Dave Corzine,0028300858,1984-03-31,CHI vs. PHL,PHL,L,32,11,5,9,0,1,1,1,1.0,5.0,6,3,0,2,0.0,5,,10.4,58.26271186440678,https://www.nba.com/stats/players/boxscores-traditional?Season=1983-84&SeasonType=Regular%20Season&TeamID=1610612741
1984,1983–84,76881,David Greenwood,0028300858,1984-03-31,CHI vs. PHL,PHL,L,38,24,10,17,0,0,4,6,6.0,10.0,16,1,1,1,2.0,3,,21.7,61.09979633401221,https://www.nba.com/stats/players/boxscores-traditional?Season=1983-84&SeasonType=Regular%20Season&TeamID=1610612741
1984,1983–84,78523,Mitchell Wiggins,0028300858,1984-03-31,CHI vs. PHL,PHL,L,16,8,4,10,0,1,0,2,2.0,1.0,3,3,1,0,1.0,3,,4.399999999999999,36.764705882352935,https://www.nba.com/stats/players/boxscores-traditional?Season=1983-84&SeasonType=Regular%20Season&TeamID=1610612741
1984,1983–84,941,Ennis Whatley,0028300843,1984-03-30,CHI @ MIL,MIL,L,15,7,3,6,0,0,1,1,0.0,1.0,1,4,0,0,2.0,4,,3.5,54.347826086956516,https://www.nba.com/stats/players/boxscores-traditional?Season=1983-84&SeasonType=Regular%20Season&TeamID=1610612741
1984,1983–84,76291,Wallace Bryant,0028300843,1984-03-30,CHI @ MIL,MIL,L,10,6,3,7,0,0,0,2,2.0,1.0,3,0,1,0,0.0,1,,3.8000000000000003,38.07106598984772,https://www.nba.com/stats/players/boxscores-traditional?Season=1983-84&SeasonType=Regular%20Season&TeamID=1610612741
1984,1983–84,76453,Dave Corzine,0028300843,1984-03-30,CHI @ MIL,MIL,L,15,4,2,4,0,0,0,0,1.0,2.0,3,1,0,0,3.0,2,,0.20000000000000018,50.0,https://www.nba.com/stats/players/boxscores-traditional?Season=1983-84&SeasonType=Regular%20Season&TeamID=1610612741
1984,1983–84,76881,David Greenwood,0028300843,1984-03-30,CHI @ MIL,MIL,L,20,2,0,3,0,0,2,2,2.0,2.0,4,1,2,0,2.0,1,,2.2,25.773195876288664,https://www.nba.com/stats/players/boxscores-traditional?Season=1983-84&SeasonType=Regular%20Season&TeamID=1610612741
1984,1983–84,77134,Steve Johnson,0028300843,1984-03-30,CHI @ MIL,MIL,L,27,7,3,8,0,0,1,3,5.0,3.0,8,1,1,0,2.0,6,,3.499999999999999,37.553648068669524,https://www.nba.com/stats/players/boxscores-traditional?Season=1983-84&SeasonType=Regular%20Season&TeamID=1610612741
1984,1983–84,77757,Jawann Oldham,0028300843,1984-03-30,CHI @ MIL,MIL,L,14,2,1,3,0,0,0,2,0.0,5.0,5,0,0,2,1.0,5,,-0.5999999999999996,25.773195876288664,https://www.nba.com/stats/players/boxscores-traditional?Season=1983-84&SeasonType=Regular%20Season&TeamID=1610612741
1984,1983–84,78523,Mitchell Wiggins,0028300843,1984-03-30,CHI @ MIL,MIL,L,30,16,7,18,0,2,2,2,2.0,0.0,2,0,5,0,1.0,3,,10.400000000000002,42.37288135593221,https://www.nba.com/stats/players/boxscores-traditional?Season=1983-84&SeasonType=Regular%20Season&TeamID=1610612741
1984,1983–84,77019,Rod Higgins,0028300843,1984-03-30,CHI @ MIL,MIL,L,35,11,3,11,0,1,5,6,0.0,1.0,1,5,3,0,1.0,5,,7.899999999999999,40.32258064516129,https://www.nba.com/stats/players/boxscores-traditional?Season=1983-84&SeasonType=Regular%20Season&TeamID=1610612741
1984,1983–84,77373,Ronnie Lester,0028300843,1984-03-30,CHI @ MIL,MIL,L,20,2,1,6,0,0,0,1,3.0,1.0,4,6,1,0,3.0,1,,1.9999999999999991,15.527950310559005,https://www.nba.com/stats/players/boxscores-traditional?Season=1983-84&SeasonType=Regular%20Season&TeamID=1610612741
1984,1983–84,78615,Orlando Woolridge,0028300843,1984-03-30,CHI @ MIL,MIL,L,27,20,8,12,0,0,4,7,1.0,1.0,2,0,1,0,4.0,2,,10.8,66.3129973474801,https://www.nba.com/stats/players/boxscores-traditional?Season=1983-84&SeasonType=Regular%20Season&TeamID=1610612741
1984,1983–84,76497,Quintin Dailey,0028300843,1984-03-30,CHI @ MIL,MIL,L,27,9,4,12,0,0,1,2,0.0,4.0,4,2,1,0,6.0,4,,-2.1999999999999997,34.93788819875776,https://www.nba.com/stats/players/boxscores-traditional?Season=1983-84&SeasonType=Regular%20Season&TeamID=1610612741
1984,1983–84,77134,Steve Johnson,0028300831,1984-03-28,CHI @ DET,DET,L,8,2,1,2,0,0,0,2,1.0,0.0,1,0,1,0,2.0,2,,-0.9000000000000001,34.72222222222222,https://www.nba.com/stats/players/boxscores-traditional?Season=1983-84&SeasonType=Regular%20Season&TeamID=1610612741
1984,1983–84,76497,Quintin Dailey,0028300831,1984-03-28,CHI @ DET,DET,L,41,30,12,17,0,0,6,8,2.0,0.0,2,3,1,0,3.0,1,,23.199999999999996,73.09941520467837,https://www.nba.com/stats/players/boxscores-traditional?Season=1983-84&SeasonType=Regular%20Season&TeamID=1610612741
1984,1983–84,77757,Jawann Oldham,0028300831,1984-03-28,CHI @ DET,DET,L,25,10,5,6,0,0,0,0,3.0,6.0,9,2,0,3,0.0,2,,14.399999999999999,83.33333333333334,https://www.nba.com/stats/players/boxscores-traditional?Season=1983-84&SeasonType=Regular%20Season&TeamID=1610612741
1984,1983–84,78523,Mitchell Wiggins,0028300831,1984-03-28,CHI @ DET,DET,L,13,4,2,4,0,0,0,0,0.0,2.0,2,1,0,0,0.0,1,,2.9,50.0,https://www.nba.com/stats/players/boxscores-traditional?Season=1983-84&SeasonType=Regular%20Season&TeamID=1610612741
1984,1983–84,78615,Orlando Woolridge,0028300831,1984-03-28,CHI @ DET,DET,L,32,25,12,22,0,0,1,2,4.0,5.0,9,2,1,0,2.0,5,,16.7,54.63286713286713,https://www.nba.com/stats/players/boxscores-traditional?Season=1983-84&SeasonType=Regular%20Season&TeamID=1610612741
1984,1983–84,941,Ennis Whatley,0028300831,1984-03-28,CHI @ DET,DET,L,16,7,3,7,0,0,1,2,0.0,1.0,1,0,0,2,4.0,0,,0.5999999999999996,44.41624365482234,https://www.nba.com/stats/players/boxscores-traditional?Season=1983-84&SeasonType=Regular%20Season&TeamID=1610612741
1984,1983–84,76881,David Greenwood,0028300831,1984-03-28,CHI @ DET,DET,L,39,2,0,3,0,0,2,2,1.0,6.0,7,3,2,1,1.0,3,,5.0,25.773195876288664,https://www.nba.com/stats/players/boxscores-traditional?Season=1983-84&SeasonType=Regular%20Season&TeamID=1610612741
1984,1983–84,76453,Dave Corzine,0028300831,1984-03-28,CHI @ DET,DET,L,15,6,2,6,0,0,2,2,3.0,4.0,7,1,1,0,0.0,2,,6.800000000000001,43.604651162790695,https://www.nba.com/stats/players/boxscores-traditional?Season=1983-84&SeasonType=Regular%20Season&TeamID=1610612741
1984,1983–84,77019,Rod Higgins,0028300831,1984-03-28,CHI @ DET,DET,L,25,3,1,4,0,0,1,2,0.0,0.0,0,2,0,0,2.0,2,,-1.2,30.737704918032787,https://www.nba.com/stats/players/boxscores-traditional?Season=1983-84&SeasonType=Regular%20Season&TeamID=1610612741
1984,1983–84,77373,Ronnie Lester,0028300831,1984-03-28,CHI @ DET,DET,L,26,12,6,12,0,1,0,0,2.0,1.0,3,7,1,0,4.0,5,,7.600000000000001,50.0,https://www.nba.com/stats/players/boxscores-traditional?Season=1983-84&SeasonType=Regular%20Season&TeamID=1610612741
1984,1983–84,941,Ennis Whatley,0028300827,1984-03-27,CHI vs. DET,DET,L,26,9,3,8,0,0,3,4,1.0,1.0,2,7,0,0,2.0,5,,6.099999999999998,46.10655737704918,https://www.nba.com/stats/players/boxscores-traditional?Season=1983-84&SeasonType=Regular%20Season&TeamID=1610612741
1984,1983–84,76497,Quintin Dailey,0028300827,1984-03-27,CHI vs. DET,DET,L,27,12,5,15,0,0,2,2,0.0,4.0,4,1,4,0,0.0,1,,8.999999999999998,37.78337531486146,https://www.nba.com/stats/players/boxscores-traditional?Season=1983-84&SeasonType=Regular%20Season&TeamID=1610612741
1984,1983–84,77019,Rod Higgins,0028300827,1984-03-27,CHI vs. DET,DET,L,20,8,4,9,0,0,0,0,1.0,2.0,3,4,1,2,1.0,5,,6.799999999999999,44.44444444444444,https://www.nba.com/stats/players/boxscores-traditional?Season=1983-84&SeasonType=Regular%20Season&TeamID=1610612741
1984,1983–84,77134,Steve Johnson,0028300827,1984-03-27,CHI vs. DET,DET,L,12,2,1,2,0,0,0,0,1.0,0.0,1,1,0,2,4.0,6,,-2.6000000000000005,50.0,https://www.nba.com/stats/players/boxscores-traditional?Season=1983-84&SeasonType=Regular%20Season&TeamID=1610612741
1984,1983–84,77373,Ronnie Lester,0028300827,1984-03-27,CHI vs. DET,DET,L,21,10,3,7,0,0,4,6,0.0,2.0,2,3,2,0,1.0,0,,9.2,51.86721991701244,https://www.nba.com/stats/players/boxscores-traditional?Season=1983-84&SeasonType=Regular%20Season&TeamID=1610612741
1984,1983–84,78523,Mitchell Wiggins,0028300827,1984-03-27,CHI vs. DET,DET,L,22,6,2,6,0,1,2,2,1.0,1.0,2,1,3,1,1.0,2,,6.2,43.604651162790695,https://www.nba.com/stats/players/boxscores-traditional?Season=1983-84&SeasonType=Regular%20Season&TeamID=1610612741
1984,1983–84,77757,Jawann Oldham,0028300827,1984-03-27,CHI vs. DET,DET,L,12,2,1,2,0,0,0,0,0.0,1.0,1,0,0,2,1.0,2,,0.9000000000000001,50.0,https://www.nba.com/stats/players/boxscores-traditional?Season=1983-84&SeasonType=Regular%20Season&TeamID=1610612741
1984,1983–84,78615,Orlando Woolridge,0028300827,1984-03-27,CHI vs. DET,DET,L,27,11,5,10,0,0,1,2,0.0,1.0,1,1,2,2,1.0,1,,8.6,50.55147058823529,https://www.nba.com/stats/players/boxscores-traditional?Season=1983-84&SeasonType=Regular%20Season&TeamID=1610612741
1984,1983–84,76453,Dave Corzine,0028300827,1984-03-27,CHI vs. DET,DET,L,24,6,3,9,0,0,0,0,1.0,5.0,6,3,0,3,3.0,1,,3.8999999999999995,33.33333333333333,https://www.nba.com/stats/players/boxscores-traditional?Season=1983-84&SeasonType=Regular%20Season&TeamID=1610612741
1984,1983–84,76881,David Greenwood,0028300827,1984-03-27,CHI vs. DET,DET,L,25,7,2,8,0,0,3,4,2.0,6.0,8,2,1,2,3.0,3,,4.6000000000000005,35.86065573770492,https://www.nba.com/stats/players/boxscores-traditional?Season=1983-84&SeasonType=Regular%20Season&TeamID=1610612741
1984,1983–84,76291,Wallace Bryant,0028300827,1984-03-27,CHI vs. DET,DET,L,3,2,1,4,0,0,0,0,1.0,0.0,1,0,1,0,1.0,0,,0.30000000000000004,25.0,https://www.nba.com/stats/players/boxscores-traditional?Season=1983-84&SeasonType=Regular%20Season&TeamID=1610612741
1984,1983–84,76876,Sidney Green,0028300827,1984-03-27,CHI vs. DET,DET,L,21,8,4,8,0,0,0,2,5.0,1.0,6,1,0,1,2.0,3,,5.2,45.04504504504504,https://www.nba.com/stats/players/boxscores-traditional?Season=1983-84&SeasonType=Regular%20Season&TeamID=1610612741
1984,1983–84,78523,Mitchell Wiggins,0028300816,1984-03-25,CHI vs. IND,IND,L,23,11,5,11,0,0,1,1,9.0,1.0,10,3,1,1,1.0,6,,12.3,48.07692307692308,https://www.nba.com/stats/players/boxscores-traditional?Season=1983-84&SeasonType=Regular%20Season&TeamID=1610612741
1984,1983–84,77019,Rod Higgins,0028300816,1984-03-25,CHI vs. IND,IND,L,16,4,2,4,0,0,0,0,0.0,3.0,3,4,1,0,0.0,2,,5.8999999999999995,50.0,https://www.nba.com/stats/players/boxscores-traditional?Season=1983-84&SeasonType=Regular%20Season&TeamID=1610612741
1984,1983–84,76881,David Greenwood,0028300816,1984-03-25,CHI vs. IND,IND,L,33,10,4,10,0,0,2,2,1.0,9.0,10,0,1,1,1.0,6,,6.299999999999999,45.955882352941174,https://www.nba.com/stats/players/boxscores-traditional?Season=1983-84&SeasonType=Regular%20Season&TeamID=1610612741
1984,1983–84,78615,Orlando Woolridge,0028300816,1984-03-25,CHI vs. IND,IND,L,41,22,9,21,1,1,3,3,2.0,0.0,2,1,0,0,3.0,2,,9.200000000000001,49.283154121863795,https://www.nba.com/stats/players/boxscores-traditional?Season=1983-84&SeasonType=Regular%20Season&TeamID=1610612741
1984,1983–84,76453,Dave Corzine,0028300816,1984-03-25,CHI vs. IND,IND,L,31,6,3,9,0,0,0,0,1.0,6.0,7,4,1,2,0.0,2,,7.8,33.33333333333333,https://www.nba.com/stats/players/boxscores-traditional?Season=1983-84&SeasonType=Regular%20Season&TeamID=1610612741
1984,1983–84,76497,Quintin Dailey,0028300816,1984-03-25,CHI vs. IND,IND,L,36,21,9,19,0,1,3,7,1.0,0.0,1,2,0,0,8.0,2,,3.0000000000000018,47.55434782608696,https://www.nba.com/stats/players/boxscores-traditional?Season=1983-84&SeasonType=Regular%20Season&TeamID=1610612741
1984,1983–84,77134,Steve Johnson,0028300816,1984-03-25,CHI vs. IND,IND,L,23,13,4,8,0,0,5,5,3.0,3.0,6,1,2,0,4.0,3,,9.5,63.72549019607844,https://www.nba.com/stats/players/boxscores-traditional?Season=1983-84&SeasonType=Regular%20Season&TeamID=1610612741
1984,1983–84,77373,Ronnie Lester,0028300816,1984-03-25,CHI vs. IND,IND,L,17,7,3,5,0,0,1,1,0.0,1.0,1,5,0,0,1.0,0,,7.5,64.33823529411764,https://www.nba.com/stats/players/boxscores-traditional?Season=1983-84&SeasonType=Regular%20Season&TeamID=1610612741
1984,1983–84,941,Ennis Whatley,0028300816,1984-03-25,CHI vs. IND,IND,L,20,5,2,5,0,0,1,2,1.0,3.0,4,6,0,0,0.0,1,,7.299999999999999,42.51700680272109,https://www.nba.com/stats/players/boxscores-traditional?Season=1983-84&SeasonType=Regular%20Season&TeamID=1610612741
1984,1983–84,76497,Quintin Dailey,0028300799,1984-03-23,CHI @ IND,IND,L,37,22,10,17,0,2,2,3,0.0,2.0,2,4,2,0,5.0,4,,12.5,60.043668122270745,https://www.nba.com/stats/players/boxscores-traditional?Season=1983-84&SeasonType=Regular%20Season&TeamID=1610612741
1984,1983–84,78615,Orlando Woolridge,0028300799,1984-03-23,CHI @ IND,IND,L,33,28,14,21,0,0,0,1,1.0,1.0,2,0,2,0,4.0,3,,16.300000000000004,65.29850746268656,https://www.nba.com/stats/players/boxscores-traditional?Season=1983-84&SeasonType=Regular%20Season&TeamID=1610612741
1984,1983–84,941,Ennis Whatley,0028300799,1984-03-23,CHI @ IND,IND,L,30,8,4,6,0,0,0,0,0.0,2.0,2,13,2,0,8.0,2,,8.3,66.66666666666666,https://www.nba.com/stats/players/boxscores-traditional?Season=1983-84&SeasonType=Regular%20Season&TeamID=1610612741
1984,1983–84,77134,Steve Johnson,0028300799,1984-03-23,CHI @ IND,IND,L,15,8,4,5,0,0,0,1,1.0,3.0,4,0,0,0,0.0,1,,6.899999999999999,73.52941176470587,https://www.nba.com/stats/players/boxscores-traditional?Season=1983-84&SeasonType=Regular%20Season&TeamID=1610612741
1984,1983–84,76453,Dave Corzine,0028300799,1984-03-23,CHI @ IND,IND,L,33,15,7,12,1,2,0,0,3.0,5.0,8,3,0,2,5.0,3,,10.3,62.5,https://www.nba.com/stats/players/boxscores-traditional?Season=1983-84&SeasonType=Regular%20Season&TeamID=1610612741
1984,1983–84,76881,David Greenwood,0028300799,1984-03-23,CHI @ IND,IND,L,42,12,5,9,0,0,2,2,4.0,9.0,13,7,0,0,1.0,4,,15.499999999999996,60.72874493927125,https://www.nba.com/stats/players/boxscores-traditional?Season=1983-84&SeasonType=Regular%20Season&TeamID=1610612741
1984,1983–84,77019,Rod Higgins,0028300799,1984-03-23,CHI @ IND,IND,L,21,11,4,7,0,0,3,4,0.0,1.0,1,3,0,0,0.0,3,,8.5,62.78538812785388,https://www.nba.com/stats/players/boxscores-traditional?Season=1983-84&SeasonType=Regular%20Season&TeamID=1610612741
1984,1983–84,77373,Ronnie Lester,0028300799,1984-03-23,CHI @ IND,IND,L,11,2,0,0,0,0,2,2,0.0,1.0,1,6,2,0,0.0,3,,7.3,113.63636363636364,https://www.nba.com/stats/players/boxscores-traditional?Season=1983-84&SeasonType=Regular%20Season&TeamID=1610612741
1984,1983–84,78523,Mitchell Wiggins,0028300799,1984-03-23,CHI @ IND,IND,L,18,6,2,6,0,0,2,3,0.0,2.0,2,2,0,1,1.0,3,,2.700000000000001,40.98360655737705,https://www.nba.com/stats/players/boxscores-traditional?Season=1983-84&SeasonType=Regular%20Season&TeamID=1610612741
1984,1983–84,76453,Dave Corzine,0028300782,1984-03-20,CHI vs. CLE,CLE,W,39,13,5,14,0,0,3,3,4.0,8.0,12,2,0,1,2.0,2,,9.7,42.42819843342037,https://www.nba.com/stats/players/boxscores-traditional?Season=1983-84&SeasonType=Regular%20Season&TeamID=1610612741
1984,1983–84,76497,Quintin Dailey,0028300782,1984-03-20,CHI vs. CLE,CLE,W,44,36,14,22,0,0,8,9,0.0,1.0,1,3,0,0,0.0,2,,27.400000000000002,69.33744221879815,https://www.nba.com/stats/players/boxscores-traditional?Season=1983-84&SeasonType=Regular%20Season&TeamID=1610612741
1984,1983–84,76881,David Greenwood,0028300782,1984-03-20,CHI vs. CLE,CLE,W,46,8,4,10,0,0,0,0,2.0,17.0,19,0,0,2,4.0,2,,5.699999999999999,40.0,https://www.nba.com/stats/players/boxscores-traditional?Season=1983-84&SeasonType=Regular%20Season&TeamID=1610612741
1984,1983–84,77757,Jawann Oldham,0028300782,1984-03-20,CHI vs. CLE,CLE,W,8,2,1,2,0,0,0,0,1.0,0.0,1,0,0,0,1.0,1,,0.2999999999999998,50.0,https://www.nba.com/stats/players/boxscores-traditional?Season=1983-84&SeasonType=Regular%20Season&TeamID=1610612741
1984,1983–84,77019,Rod Higgins,0028300782,1984-03-20,CHI vs. CLE,CLE,W,15,2,1,3,0,0,0,0,0.0,2.0,2,1,0,1,0.0,1,,1.9,33.33333333333333,https://www.nba.com/stats/players/boxscores-traditional?Season=1983-84&SeasonType=Regular%20Season&TeamID=1610612741
1984,1983–84,941,Ennis Whatley,0028300782,1984-03-20,CHI vs. CLE,CLE,W,31,12,6,9,0,0,0,0,0.0,1.0,1,12,2,0,1.0,4,,16.2,66.66666666666666,https://www.nba.com/stats/players/boxscores-traditional?Season=1983-84&SeasonType=Regular%20Season&TeamID=1610612741
1984,1983–84,78523,Mitchell Wiggins,0028300782,1984-03-20,CHI vs. CLE,CLE,W,31,16,5,11,0,0,6,6,5.0,1.0,6,4,2,0,1.0,2,,17.1,58.65102639296187,https://www.nba.com/stats/players/boxscores-traditional?Season=1983-84&SeasonType=Regular%20Season&TeamID=1610612741
1984,1983–84,77134,Steve Johnson,0028300782,1984-03-20,CHI vs. CLE,CLE,W,6,2,1,1,0,0,0,2,0.0,0.0,0,0,0,0,1.0,3,,-1.3000000000000003,53.191489361702125,https://www.nba.com/stats/players/boxscores-traditional?Season=1983-84&SeasonType=Regular%20Season&TeamID=1610612741
1984,1983–84,78615,Orlando Woolridge,0028300782,1984-03-20,CHI vs. CLE,CLE,W,45,17,5,15,0,0,7,12,1.0,8.0,9,3,0,5,2.0,5,,11.2,41.913214990138066,https://www.nba.com/stats/players/boxscores-traditional?Season=1983-84&SeasonType=Regular%20Season&TeamID=1610612741
1984,1983–84,77757,Jawann Oldham,0028300778,1984-03-18,CHI @ DEN,DEN,L,8,4,1,2,0,0,2,2,0.0,4.0,4,0,0,2,1.0,5,,2.5999999999999996,69.44444444444444,https://www.nba.com/stats/players/boxscores-traditional?Season=1983-84&SeasonType=Regular%20Season&TeamID=1610612741
1984,1983–84,78615,Orlando Woolridge,0028300778,1984-03-18,CHI @ DEN,DEN,L,43,18,6,14,0,0,6,6,0.0,3.0,3,4,1,1,4.0,4,,10.4,54.08653846153846,https://www.nba.com/stats/players/boxscores-traditional?Season=1983-84&SeasonType=Regular%20Season&TeamID=1610612741
1984,1983–84,76497,Quintin Dailey,0028300778,1984-03-18,CHI @ DEN,DEN,L,39,19,7,14,0,0,5,6,0.0,3.0,3,2,1,0,4.0,3,,9.700000000000003,57.09134615384615,https://www.nba.com/stats/players/boxscores-traditional?Season=1983-84&SeasonType=Regular%20Season&TeamID=1610612741
1984,1983–84,941,Ennis Whatley,0028300778,1984-03-18,CHI @ DEN,DEN,L,32,13,4,10,0,0,5,6,1.0,2.0,3,7,1,0,2.0,3,,11.2,51.42405063291139,https://www.nba.com/stats/players/boxscores-traditional?Season=1983-84&SeasonType=Regular%20Season&TeamID=1610612741
1984,1983–84,76881,David Greenwood,0028300778,1984-03-18,CHI @ DEN,DEN,L,33,13,6,10,0,0,1,2,2.0,5.0,7,5,2,2,1.0,4,,15.199999999999996,59.74264705882353,https://www.nba.com/stats/players/boxscores-traditional?Season=1983-84&SeasonType=Regular%20Season&TeamID=1610612741
1984,1983–84,76453,Dave Corzine,0028300778,1984-03-18,CHI @ DEN,DEN,L,36,13,4,13,0,1,5,7,1.0,7.0,8,4,0,5,1.0,3,,11.600000000000001,40.42288557213931,https://www.nba.com/stats/players/boxscores-traditional?Season=1983-84&SeasonType=Regular%20Season&TeamID=1610612741
1984,1983–84,77019,Rod Higgins,0028300778,1984-03-18,CHI @ DEN,DEN,L,22,10,5,8,0,2,0,1,2.0,0.0,2,1,0,0,2.0,3,,4.8999999999999995,59.241706161137444,https://www.nba.com/stats/players/boxscores-traditional?Season=1983-84&SeasonType=Regular%20Season&TeamID=1610612741
1984,1983–84,78523,Mitchell Wiggins,0028300778,1984-03-18,CHI @ DEN,DEN,L,27,14,7,11,0,0,0,0,1.0,6.0,7,3,1,0,0.0,2,,13.9,63.63636363636363,https://www.nba.com/stats/players/boxscores-traditional?Season=1983-84&SeasonType=Regular%20Season&TeamID=1610612741
1984,1983–84,76291,Wallace Bryant,0028300764,1984-03-16,CHI @ POR,POR,W,1,0,0,0,0,0,0,0,0.0,0.0,0,0,0,0,0.0,0,,0.0,0.0,https://www.nba.com/stats/players/boxscores-traditional?Season=1983-84&SeasonType=Regular%20Season&TeamID=1610612741
1984,1983–84,77134,Steve Johnson,0028300764,1984-03-16,CHI @ POR,POR,W,18,8,4,5,0,0,0,1,1.0,3.0,4,0,1,0,0.0,6,,5.899999999999999,73.52941176470587,https://www.nba.com/stats/players/boxscores-traditional?Season=1983-84&SeasonType=Regular%20Season&TeamID=1610612741
1984,1983–84,76453,Dave Corzine,0028300764,1984-03-16,CHI @ POR,POR,W,51,18,6,13,0,0,6,7,2.0,4.0,6,4,1,1,0.0,5,,15.999999999999996,55.97014925373135,https://www.nba.com/stats/players/boxscores-traditional?Season=1983-84&SeasonType=Regular%20Season&TeamID=1610612741
1984,1983–84,77373,Ronnie Lester,0028300764,1984-03-16,CHI @ POR,POR,W,3,0,0,2,0,0,0,0,1.0,0.0,1,0,0,0,2.0,1,,-3.1,0.0,https://www.nba.com/stats/players/boxscores-traditional?Season=1983-84&SeasonType=Regular%20Season&TeamID=1610612741
1984,1983–84,78523,Mitchell Wiggins,0028300764,1984-03-16,CHI @ POR,POR,W,49,15,5,15,0,0,5,6,3.0,4.0,7,8,2,0,5.0,6,,9.6,42.517006802721085,https://www.nba.com/stats/players/boxscores-traditional?Season=1983-84&SeasonType=Regular%20Season&TeamID=1610612741
1984,1983–84,76881,David Greenwood,0028300764,1984-03-16,CHI @ POR,POR,W,57,26,9,15,0,0,8,9,2.0,10.0,12,3,2,0,1.0,6,,23.800000000000004,68.56540084388185,https://www.nba.com/stats/players/boxscores-traditional?Season=1983-84&SeasonType=Regular%20Season&TeamID=1610612741
1984,1983–84,77757,Jawann Oldham,0028300764,1984-03-16,CHI @ POR,POR,W,5,2,1,1,0,0,0,0,0.0,1.0,1,0,0,1,1.0,1,,1.3000000000000003,100.0,https://www.nba.com/stats/players/boxscores-traditional?Season=1983-84&SeasonType=Regular%20Season&TeamID=1610612741
1984,1983–84,941,Ennis Whatley,0028300764,1984-03-16,CHI @ POR,POR,W,40,15,7,11,0,0,1,1,1.0,0.0,1,13,1,0,3.0,3,,16.7,65.55944055944056,https://www.nba.com/stats/players/boxscores-traditional?Season=1983-84&SeasonType=Regular%20Season&TeamID=1610612741
1984,1983–84,76497,Quintin Dailey,0028300764,1984-03-16,CHI @ POR,POR,W,45,33,15,24,0,0,3,6,2.0,4.0,6,4,1,0,2.0,6,,23.0,61.93693693693694,https://www.nba.com/stats/players/boxscores-traditional?Season=1983-84&SeasonType=Regular%20Season&TeamID=1610612741
1984,1983–84,77019,Rod Higgins,0028300764,1984-03-16,CHI @ POR,POR,W,33,18,7,12,0,0,4,5,2.0,3.0,5,2,0,1,2.0,3,,13.200000000000003,63.38028169014085,https://www.nba.com/stats/players/boxscores-traditional?Season=1983-84&SeasonType=Regular%20Season&TeamID=1610612741
1984,1983–84,78615,Orlando Woolridge,0028300764,1984-03-16,CHI @ POR,POR,W,38,21,8,14,0,0,5,6,1.0,1.0,2,2,0,0,3.0,6,,10.999999999999998,63.10096153846153,https://www.nba.com/stats/players/boxscores-traditional?Season=1983-84&SeasonType=Regular%20Season&TeamID=1610612741
1984,1983–84,76291,Wallace Bryant,0028300754,1984-03-15,CHI @ SEA,SEA,L,3,0,0,1,0,0,0,0,0.0,0.0,0,0,0,0,0.0,1,,-1.1,0.0,https://www.nba.com/stats/players/boxscores-traditional?Season=1983-84&SeasonType=Regular%20Season&TeamID=1610612741
1984,1983–84,76453,Dave Corzine,0028300754,1984-03-15,CHI @ SEA,SEA,L,29,4,2,10,0,0,0,0,2.0,5.0,7,1,1,0,1.0,2,,0.5999999999999994,20.0,https://www.nba.com/stats/players/boxscores-traditional?Season=1983-84&SeasonType=Regular%20Season&TeamID=1610612741
1984,1983–84,77373,Ronnie Lester,0028300754,1984-03-15,CHI @ SEA,SEA,L,4,0,0,0,0,0,0,0,0.0,0.0,0,2,0,0,0.0,1,,0.9999999999999999,0.0,https://www.nba.com/stats/players/boxscores-traditional?Season=1983-84&SeasonType=Regular%20Season&TeamID=1610612741
1984,1983–84,77757,Jawann Oldham,0028300754,1984-03-15,CHI @ SEA,SEA,L,5,6,3,3,0,0,0,0,1.0,1.0,2,0,0,1,0.0,0,,6.800000000000001,100.0,https://www.nba.com/stats/players/boxscores-traditional?Season=1983-84&SeasonType=Regular%20Season&TeamID=1610612741
1984,1983–84,78523,Mitchell Wiggins,0028300754,1984-03-15,CHI @ SEA,SEA,L,19,14,6,11,0,1,2,2,1.0,0.0,1,6,1,0,0.0,5,,12.599999999999998,58.92255892255892,https://www.nba.com/stats/players/boxscores-traditional?Season=1983-84&SeasonType=Regular%20Season&TeamID=1610612741
1984,1983–84,78615,Orlando Woolridge,0028300754,1984-03-15,CHI @ SEA,SEA,L,33,13,6,18,0,0,1,2,2.0,2.0,4,1,0,2,3.0,1,,3.0999999999999996,34.42796610169492,https://www.nba.com/stats/players/boxscores-traditional?Season=1983-84&SeasonType=Regular%20Season&TeamID=1610612741
1984,1983–84,941,Ennis Whatley,0028300754,1984-03-15,CHI @ SEA,SEA,L,27,2,1,7,0,0,0,0,1.0,3.0,4,11,2,0,3.0,3,,4.599999999999999,14.285714285714285,https://www.nba.com/stats/players/boxscores-traditional?Season=1983-84&SeasonType=Regular%20Season&TeamID=1610612741
1984,1983–84,76876,Sidney Green,0028300754,1984-03-15,CHI @ SEA,SEA,L,8,0,0,1,0,0,0,2,0.0,1.0,1,1,0,0,0.0,2,,-1.3,0.0,https://www.nba.com/stats/players/boxscores-traditional?Season=1983-84&SeasonType=Regular%20Season&TeamID=1610612741
1984,1983–84,76881,David Greenwood,0028300754,1984-03-15,CHI @ SEA,SEA,L,38,13,5,10,0,0,3,6,3.0,10.0,13,1,1,1,0.0,4,,12.699999999999998,51.42405063291139,https://www.nba.com/stats/players/boxscores-traditional?Season=1983-84&SeasonType=Regular%20Season&TeamID=1610612741
1984,1983–84,76497,Quintin Dailey,0028300754,1984-03-15,CHI @ SEA,SEA,L,40,30,12,25,0,0,6,7,0.0,2.0,2,4,2,0,2.0,1,,19.900000000000002,53.41880341880342,https://www.nba.com/stats/players/boxscores-traditional?Season=1983-84&SeasonType=Regular%20Season&TeamID=1610612741
1984,1983–84,77019,Rod Higgins,0028300754,1984-03-15,CHI @ SEA,SEA,L,20,5,2,6,0,1,1,2,0.0,1.0,1,1,1,0,1.0,1,,1.8000000000000012,36.337209302325576,https://www.nba.com/stats/players/boxscores-traditional?Season=1983-84&SeasonType=Regular%20Season&TeamID=1610612741
1984,1983–84,77134,Steve Johnson,0028300754,1984-03-15,CHI @ SEA,SEA,L,14,3,1,3,0,0,1,2,3.0,0.0,3,0,0,0,0.0,0,,3.0,38.659793814432994,https://www.nba.com/stats/players/boxscores-traditional?Season=1983-84&SeasonType=Regular%20Season&TeamID=1610612741
1984,1983–84,76453,Dave Corzine,0028300747,1984-03-13,CHI @ GOS,GOS,W,29,17,7,12,0,0,3,3,0.0,7.0,7,2,1,0,4.0,4,,10.300000000000002,63.813813813813816,https://www.nba.com/stats/players/boxscores-traditional?Season=1983-84&SeasonType=Regular%20Season&TeamID=1610612741
1984,1983–84,76291,Wallace Bryant,0028300747,1984-03-13,CHI @ GOS,GOS,W,3,3,1,3,0,0,1,2,0.0,1.0,1,0,0,0,1.0,1,,-0.19999999999999984,38.659793814432994,https://www.nba.com/stats/players/boxscores-traditional?Season=1983-84&SeasonType=Regular%20Season&TeamID=1610612741
1984,1983–84,76497,Quintin Dailey,0028300747,1984-03-13,CHI @ GOS,GOS,W,43,20,10,19,0,0,0,0,1.0,2.0,3,5,4,1,4.0,5,,14.2,52.63157894736842,https://www.nba.com/stats/players/boxscores-traditional?Season=1983-84&SeasonType=Regular%20Season&TeamID=1610612741
1984,1983–84,76881,David Greenwood,0028300747,1984-03-13,CHI @ GOS,GOS,W,34,22,10,13,0,0,2,2,6.0,4.0,10,1,0,0,3.0,3,,18.799999999999997,79.25072046109509,https://www.nba.com/stats/players/boxscores-traditional?Season=1983-84&SeasonType=Regular%20Season&TeamID=1610612741
1984,1983–84,941,Ennis Whatley,0028300747,1984-03-13,CHI @ GOS,GOS,W,26,4,2,5,0,0,0,0,0.0,1.0,1,8,5,0,4.0,2,,7.399999999999999,40.0,https://www.nba.com/stats/players/boxscores-traditional?Season=1983-84&SeasonType=Regular%20Season&TeamID=1610612741
1984,1983–84,76876,Sidney Green,0028300747,1984-03-13,CHI @ GOS,GOS,W,8,4,1,4,0,0,2,4,1.0,0.0,1,0,1,0,2.0,1,,0.10000000000000053,34.72222222222222,https://www.nba.com/stats/players/boxscores-traditional?Season=1983-84&SeasonType=Regular%20Season&TeamID=1610612741
1984,1983–84,77019,Rod Higgins,0028300747,1984-03-13,CHI @ GOS,GOS,W,23,6,2,3,0,0,2,2,1.0,1.0,2,2,0,0,1.0,1,,5.699999999999999,77.31958762886599,https://www.nba.com/stats/players/boxscores-traditional?Season=1983-84&SeasonType=Regular%20Season&TeamID=1610612741
1984,1983–84,78523,Mitchell Wiggins,0028300747,1984-03-13,CHI @ GOS,GOS,W,27,8,4,8,0,1,0,5,4.0,2.0,6,4,1,0,3.0,3,,4.999999999999999,39.21568627450981,https://www.nba.com/stats/players/boxscores-traditional?Season=1983-84&SeasonType=Regular%20Season&TeamID=1610612741
1984,1983–84,77134,Steve Johnson,0028300747,1984-03-13,CHI @ GOS,GOS,W,18,15,7,9,0,0,1,1,3.0,4.0,7,0,0,1,1.0,5,,12.499999999999998,79.44915254237289,https://www.nba.com/stats/players/boxscores-traditional?Season=1983-84&SeasonType=Regular%20Season&TeamID=1610612741
1984,1983–84,78615,Orlando Woolridge,0028300747,1984-03-13,CHI @ GOS,GOS,W,29,13,6,13,0,0,1,2,4.0,1.0,5,1,1,0,3.0,5,,5.699999999999999,46.829971181556196,https://www.nba.com/stats/players/boxscores-traditional?Season=1983-84&SeasonType=Regular%20Season&TeamID=1610612741
1984,1983–84,78615,Orlando Woolridge,0028300725,1984-03-10,CHI @ SDC,SDC,L,37,20,7,17,0,1,6,7,1.0,1.0,2,4,0,3,3.0,3,,12.2,49.80079681274901,https://www.nba.com/stats/players/boxscores-traditional?Season=1983-84&SeasonType=Regular%20Season&TeamID=1610612741
1984,1983–84,77134,Steve Johnson,0028300725,1984-03-10,CHI @ SDC,SDC,L,8,2,1,4,0,0,0,0,0.0,0.0,0,1,1,0,1.0,1,,-0.09999999999999998,25.0,https://www.nba.com/stats/players/boxscores-traditional?Season=1983-84&SeasonType=Regular%20Season&TeamID=1610612741
1984,1983–84,76453,Dave Corzine,0028300725,1984-03-10,CHI @ SDC,SDC,L,40,26,9,12,0,0,8,8,4.0,2.0,6,3,0,5,3.0,3,,26.000000000000004,83.76288659793815,https://www.nba.com/stats/players/boxscores-traditional?Season=1983-84&SeasonType=Regular%20Season&TeamID=1610612741
1984,1983–84,76497,Quintin Dailey,0028300725,1984-03-10,CHI @ SDC,SDC,L,44,30,14,20,0,1,2,3,1.0,2.0,3,3,1,0,1.0,1,,24.200000000000003,70.35647279549718,https://www.nba.com/stats/players/boxscores-traditional?Season=1983-84&SeasonType=Regular%20Season&TeamID=1610612741
1984,1983–84,77019,Rod Higgins,0028300725,1984-03-10,CHI @ SDC,SDC,L,20,2,1,4,0,0,0,0,1.0,3.0,4,2,2,0,1.0,3,,2.3999999999999995,25.0,https://www.nba.com/stats/players/boxscores-traditional?Season=1983-84&SeasonType=Regular%20Season&TeamID=1610612741
1984,1983–84,76876,Sidney Green,0028300725,1984-03-10,CHI @ SDC,SDC,L,12,2,1,3,0,0,0,0,0.0,5.0,5,0,1,0,0.0,5,,0.8000000000000003,33.33333333333333,https://www.nba.com/stats/players/boxscores-traditional?Season=1983-84&SeasonType=Regular%20Season&TeamID=1610612741
1984,1983–84,78523,Mitchell Wiggins,0028300725,1984-03-10,CHI @ SDC,SDC,L,31,20,9,21,2,3,0,0,4.0,1.0,5,5,1,0,3.0,5,,11.500000000000004,47.61904761904761,https://www.nba.com/stats/players/boxscores-traditional?Season=1983-84&SeasonType=Regular%20Season&TeamID=1610612741
1984,1983–84,941,Ennis Whatley,0028300725,1984-03-10,CHI @ SDC,SDC,L,21,4,2,4,0,0,0,0,0.0,1.0,1,7,0,0,3.0,2,,3.3999999999999995,50.0,https://www.nba.com/stats/players/boxscores-traditional?Season=1983-84&SeasonType=Regular%20Season&TeamID=1610612741
1984,1983–84,76881,David Greenwood,0028300725,1984-03-10,CHI @ SDC,SDC,L,27,4,2,6,0,1,0,0,4.0,5.0,9,2,1,0,0.0,6,,4.9,33.33333333333333,https://www.nba.com/stats/players/boxscores-traditional?Season=1983-84&SeasonType=Regular%20Season&TeamID=1610612741
1984,1983–84,77134,Steve Johnson,0028300717,1984-03-08,CHI @ KCK,KCK,L,15,2,1,5,0,0,0,0,0.0,4.0,4,1,0,0,0.0,3,,-0.40000000000000036,20.0,https://www.nba.com/stats/players/boxscores-traditional?Season=1983-84&SeasonType=Regular%20Season&TeamID=1610612741
1984,1983–84,76497,Quintin Dailey,0028300717,1984-03-08,CHI @ KCK,KCK,L,33,26,11,22,0,1,4,4,0.0,1.0,1,3,1,0,3.0,5,,13.399999999999999,54.71380471380471,https://www.nba.com/stats/players/boxscores-traditional?Season=1983-84&SeasonType=Regular%20Season&TeamID=1610612741
1984,1983–84,77019,Rod Higgins,0028300717,1984-03-08,CHI @ KCK,KCK,L,15,6,3,4,0,0,0,0,1.0,0.0,1,0,0,2,1.0,2,,4.7,75.0,https://www.nba.com/stats/players/boxscores-traditional?Season=1983-84&SeasonType=Regular%20Season&TeamID=1610612741
1984,1983–84,78615,Orlando Woolridge,0028300717,1984-03-08,CHI @ KCK,KCK,L,40,28,12,16,0,0,4,5,0.0,3.0,3,4,2,0,3.0,6,,21.5,76.92307692307693,https://www.nba.com/stats/players/boxscores-traditional?Season=1983-84&SeasonType=Regular%20Season&TeamID=1610612741
1984,1983–84,76453,Dave Corzine,0028300717,1984-03-08,CHI @ KCK,KCK,L,33,8,3,7,0,0,2,2,3.0,7.0,10,1,0,1,3.0,3,,5.699999999999999,50.76142131979695,https://www.nba.com/stats/players/boxscores-traditional?Season=1983-84&SeasonType=Regular%20Season&TeamID=1610612741
1984,1983–84,78523,Mitchell Wiggins,0028300717,1984-03-08,CHI @ KCK,KCK,L,29,18,9,13,0,0,0,0,2.0,0.0,2,2,4,0,2.0,4,,15.7,69.23076923076923,https://www.nba.com/stats/players/boxscores-traditional?Season=1983-84&SeasonType=Regular%20Season&TeamID=1610612741
1984,1983–84,77373,Ronnie Lester,0028300717,1984-03-08,CHI @ KCK,KCK,L,11,2,1,2,0,0,0,0,0.0,0.0,0,1,0,2,2.0,1,,0.6999999999999997,50.0,https://www.nba.com/stats/players/boxscores-traditional?Season=1983-84&SeasonType=Regular%20Season&TeamID=1610612741
1984,1983–84,941,Ennis Whatley,0028300717,1984-03-08,CHI @ KCK,KCK,L,23,4,2,5,0,0,0,0,0.0,3.0,3,6,1,0,2.0,4,,3.799999999999999,40.0,https://www.nba.com/stats/players/boxscores-traditional?Season=1983-84&SeasonType=Regular%20Season&TeamID=1610612741
1984,1983–84,76881,David Greenwood,0028300717,1984-03-08,CHI @ KCK,KCK,L,41,16,7,14,0,0,2,3,3.0,9.0,12,2,1,3,4.0,5,,11.899999999999999,52.21932114882506,https://www.nba.com/stats/players/boxscores-traditional?Season=1983-84&SeasonType=Regular%20Season&TeamID=1610612741
1984,1983–84,76497,Quintin Dailey,0028300702,1984-03-06,CHI vs. DET,DET,L,37,27,10,16,1,1,6,8,0.0,4.0,4,8,2,1,2.0,4,,24.899999999999995,69.15983606557377,https://www.nba.com/stats/players/boxscores-traditional?Season=1983-84&SeasonType=Regular%20Season&TeamID=1610612741
1984,1983–84,76881,David Greenwood,0028300702,1984-03-06,CHI vs. DET,DET,L,35,6,2,8,0,0,2,2,5.0,7.0,12,2,1,1,2.0,2,,7.1,33.78378378378378,https://www.nba.com/stats/players/boxscores-traditional?Season=1983-84&SeasonType=Regular%20Season&TeamID=1610612741
1984,1983–84,77134,Steve Johnson,0028300702,1984-03-06,CHI vs. DET,DET,L,30,13,6,10,0,0,1,6,1.0,6.0,7,1,1,1,1.0,4,,8.7,51.42405063291139,https://www.nba.com/stats/players/boxscores-traditional?Season=1983-84&SeasonType=Regular%20Season&TeamID=1610612741
1984,1983–84,78523,Mitchell Wiggins,0028300702,1984-03-06,CHI vs. DET,DET,L,24,9,4,7,0,0,1,2,0.0,1.0,1,4,1,0,1.0,6,,5.999999999999998,57.10659898477157,https://www.nba.com/stats/players/boxscores-traditional?Season=1983-84&SeasonType=Regular%20Season&TeamID=1610612741
1984,1983–84,941,Ennis Whatley,0028300702,1984-03-06,CHI vs. DET,DET,L,35,10,5,10,0,0,0,0,1.0,3.0,4,13,1,1,6.0,3,,10.2,50.0,https://www.nba.com/stats/players/boxscores-traditional?Season=1983-84&SeasonType=Regular%20Season&TeamID=1610612741
1984,1983–84,78615,Orlando Woolridge,0028300702,1984-03-06,CHI vs. DET,DET,L,31,21,9,14,0,0,3,6,1.0,4.0,5,2,1,0,3.0,3,,13.7,63.10096153846153,https://www.nba.com/stats/players/boxscores-traditional?Season=1983-84&SeasonType=Regular%20Season&TeamID=1610612741
1984,1983–84,76876,Sidney Green,0028300702,1984-03-06,CHI vs. DET,DET,L,17,12,4,8,0,0,4,6,2.0,2.0,4,0,1,0,0.0,2,,9.399999999999999,56.390977443609025,https://www.nba.com/stats/players/boxscores-traditional?Season=1983-84&SeasonType=Regular%20Season&TeamID=1610612741
1984,1983–84,77019,Rod Higgins,0028300702,1984-03-06,CHI vs. DET,DET,L,13,2,0,1,0,0,2,4,0.0,0.0,0,2,0,0,1.0,2,,0.09999999999999987,36.23188405797102,https://www.nba.com/stats/players/boxscores-traditional?Season=1983-84&SeasonType=Regular%20Season&TeamID=1610612741
1984,1983–84,76453,Dave Corzine,0028300702,1984-03-06,CHI vs. DET,DET,L,18,8,3,8,0,0,2,2,1.0,1.0,2,1,0,1,2.0,0,,4.0,45.04504504504504,https://www.nba.com/stats/players/boxscores-traditional?Season=1983-84&SeasonType=Regular%20Season&TeamID=1610612741
1984,1983–84,76881,David Greenwood,0028300689,1984-03-03,CHI vs. ATL,ATL,W,32,12,4,9,0,0,4,4,3.0,6.0,9,2,0,3,1.0,2,,12.899999999999999,55.762081784386616,https://www.nba.com/stats/players/boxscores-traditional?Season=1983-84&SeasonType=Regular%20Season&TeamID=1610612741
1984,1983–84,78615,Orlando Woolridge,0028300689,1984-03-03,CHI vs. ATL,ATL,W,41,19,9,15,0,0,1,1,0.0,4.0,4,1,1,0,3.0,3,,10.8,61.52849740932642,https://www.nba.com/stats/players/boxscores-traditional?Season=1983-84&SeasonType=Regular%20Season&TeamID=1610612741
1984,1983–84,76876,Sidney Green,0028300689,1984-03-03,CHI vs. ATL,ATL,W,23,14,6,7,0,0,2,3,0.0,2.0,2,1,0,0,1.0,4,,9.799999999999999,84.13461538461539,https://www.nba.com/stats/players/boxscores-traditional?Season=1983-84&SeasonType=Regular%20Season&TeamID=1610612741
1984,1983–84,77019,Rod Higgins,0028300689,1984-03-03,CHI vs. ATL,ATL,W,6,3,1,1,0,0,1,1,0.0,0.0,0,0,0,0,1.0,3,,0.5,104.16666666666667,https://www.nba.com/stats/players/boxscores-traditional?Season=1983-84&SeasonType=Regular%20Season&TeamID=1610612741
1984,1983–84,77134,Steve Johnson,0028300689,1984-03-03,CHI vs. ATL,ATL,W,22,11,5,6,0,0,1,1,1.0,1.0,2,0,0,2,2.0,4,,7.600000000000001,85.40372670807453,https://www.nba.com/stats/players/boxscores-traditional?Season=1983-84&SeasonType=Regular%20Season&TeamID=1610612741
1984,1983–84,941,Ennis Whatley,0028300689,1984-03-03,CHI vs. ATL,ATL,W,37,10,4,6,0,0,2,2,0.0,2.0,2,22,2,0,4.0,4,,19.799999999999997,72.67441860465115,https://www.nba.com/stats/players/boxscores-traditional?Season=1983-84&SeasonType=Regular%20Season&TeamID=1610612741
1984,1983–84,76453,Dave Corzine,0028300689,1984-03-03,CHI vs. ATL,ATL,W,21,7,3,6,0,0,1,2,0.0,7.0,7,1,0,0,2.0,6,,2.0,50.872093023255815,https://www.nba.com/stats/players/boxscores-traditional?Season=1983-84&SeasonType=Regular%20Season&TeamID=1610612741
1984,1983–84,76497,Quintin Dailey,0028300689,1984-03-03,CHI vs. ATL,ATL,W,28,22,8,13,0,0,6,9,0.0,1.0,1,3,0,0,3.0,4,,12.700000000000005,64.85849056603773,https://www.nba.com/stats/players/boxscores-traditional?Season=1983-84&SeasonType=Regular%20Season&TeamID=1610612741
1984,1983–84,77373,Ronnie Lester,0028300689,1984-03-03,CHI vs. ATL,ATL,W,7,0,0,1,0,0,0,0,0.0,0.0,0,1,0,0,1.0,0,,-1.0,0.0,https://www.nba.com/stats/players/boxscores-traditional?Season=1983-84&SeasonType=Regular%20Season&TeamID=1610612741
1984,1983–84,77757,Jawann Oldham,0028300689,1984-03-03,CHI vs. ATL,ATL,W,4,0,0,1,0,0,0,0,0.0,1.0,1,0,0,1,2.0,2,,-2.5,0.0,https://www.nba.com/stats/players/boxscores-traditional?Season=1983-84&SeasonType=Regular%20Season&TeamID=1610612741
1984,1983–84,78523,Mitchell Wiggins,0028300689,1984-03-03,CHI vs. ATL,ATL,W,19,4,2,6,0,1,0,0,0.0,1.0,1,0,0,0,0.0,4,,-0.6999999999999995,33.33333333333333,https://www.nba.com/stats/players/boxscores-traditional?Season=1983-84&SeasonType=Regular%20Season&TeamID=1610612741
1984,1983–84,76497,Quintin Dailey,0028300683,1984-03-02,CHI @ BOS,BOS,L,23,13,6,17,0,1,1,2,1.0,1.0,2,1,2,0,0.0,3,,5.600000000000001,36.35346756152125,https://www.nba.com/stats/players/boxscores-traditional?Season=1983-84&SeasonType=Regular%20Season&TeamID=1610612741
1984,1983–84,77019,Rod Higgins,0028300683,1984-03-02,CHI @ BOS,BOS,L,14,4,2,3,0,0,0,0,1.0,0.0,1,1,1,0,0.0,1,,4.7,66.66666666666666,https://www.nba.com/stats/players/boxscores-traditional?Season=1983-84&SeasonType=Regular%20Season&TeamID=1610612741
1984,1983–84,77757,Jawann Oldham,0028300683,1984-03-02,CHI @ BOS,BOS,L,1,0,0,0,0,0,0,0,0.0,0.0,0,0,0,0,0.0,1,,-0.4,0.0,https://www.nba.com/stats/players/boxscores-traditional?Season=1983-84&SeasonType=Regular%20Season&TeamID=1610612741
1984,1983–84,78615,Orlando Woolridge,0028300683,1984-03-02,CHI @ BOS,BOS,L,39,23,8,18,0,0,7,7,4.0,4.0,8,1,0,0,3.0,3,,14.099999999999998,54.55407969639469,https://www.nba.com/stats/players/boxscores-traditional?Season=1983-84&SeasonType=Regular%20Season&TeamID=1610612741
1984,1983–84,76876,Sidney Green,0028300683,1984-03-02,CHI @ BOS,BOS,L,17,4,1,1,0,0,2,2,0.0,2.0,2,0,0,0,2.0,4,,0.6999999999999997,106.38297872340425,https://www.nba.com/stats/players/boxscores-traditional?Season=1983-84&SeasonType=Regular%20Season&TeamID=1610612741
1984,1983–84,941,Ennis Whatley,0028300683,1984-03-02,CHI @ BOS,BOS,L,39,14,7,12,0,0,0,0,0.0,2.0,2,10,5,0,7.0,6,,11.600000000000001,58.333333333333336,https://www.nba.com/stats/players/boxscores-traditional?Season=1983-84&SeasonType=Regular%20Season&TeamID=1610612741
1984,1983–84,78523,Mitchell Wiggins,0028300683,1984-03-02,CHI @ BOS,BOS,L,34,16,7,16,0,0,2,2,1.0,7.0,8,2,0,1,1.0,3,,10.3,47.39336492890995,https://www.nba.com/stats/players/boxscores-traditional?Season=1983-84&SeasonType=Regular%20Season&TeamID=1610612741
1984,1983–84,76453,Dave Corzine,0028300683,1984-03-02,CHI @ BOS,BOS,L,45,22,10,13,0,0,2,2,5.0,5.0,10,1,0,2,1.0,4,,21.399999999999995,79.25072046109509,https://www.nba.com/stats/players/boxscores-traditional?Season=1983-84&SeasonType=Regular%20Season&TeamID=1610612741
1984,1983–84,76881,David Greenwood,0028300683,1984-03-02,CHI @ BOS,BOS,L,28,4,2,7,0,0,0,0,0.0,4.0,4,5,0,0,2.0,6,,0.20000000000000018,28.57142857142857,https://www.nba.com/stats/players/boxscores-traditional?Season=1983-84&SeasonType=Regular%20Season&TeamID=1610612741
1984,1983–84,77134,Steve Johnson,0028300673,1984-02-29,CHI @ MIL,MIL,L,12,2,1,3,0,0,0,0,0.0,3.0,3,1,1,0,4.0,6,,-3.5,33.33333333333333,https://www.nba.com/stats/players/boxscores-traditional?Season=1983-84&SeasonType=Regular%20Season&TeamID=1610612741
1984,1983–84,76497,Quintin Dailey,0028300673,1984-02-29,CHI @ MIL,MIL,L,38,14,6,17,0,1,2,2,1.0,0.0,1,5,1,0,5.0,3,,3.5,39.14988814317674,https://www.nba.com/stats/players/boxscores-traditional?Season=1983-84&SeasonType=Regular%20Season&TeamID=1610612741
1984,1983–84,76453,Dave Corzine,0028300673,1984-02-29,CHI @ MIL,MIL,L,27,9,3,9,0,0,3,3,1.0,5.0,6,0,0,1,3.0,3,,2.5999999999999996,43.604651162790695,https://www.nba.com/stats/players/boxscores-traditional?Season=1983-84&SeasonType=Regular%20Season&TeamID=1610612741
1984,1983–84,77019,Rod Higgins,0028300673,1984-02-29,CHI @ MIL,MIL,L,21,7,2,5,0,0,3,6,3.0,0.0,3,1,0,0,1.0,2,,4.1,45.81151832460733,https://www.nba.com/stats/players/boxscores-traditional?Season=1983-84&SeasonType=Regular%20Season&TeamID=1610612741
1984,1983–84,76881,David Greenwood,0028300673,1984-02-29,CHI @ MIL,MIL,L,31,14,7,11,0,0,0,0,1.0,5.0,6,2,2,1,1.0,3,,13.2,63.63636363636363,https://www.nba.com/stats/players/boxscores-traditional?Season=1983-84&SeasonType=Regular%20Season&TeamID=1610612741
1984,1983–84,77373,Ronnie Lester,0028300673,1984-02-29,CHI @ MIL,MIL,L,2,0,0,0,0,0,0,0,0.0,0.0,0,1,0,0,0.0,0,,0.7,0.0,https://www.nba.com/stats/players/boxscores-traditional?Season=1983-84&SeasonType=Regular%20Season&TeamID=1610612741
1984,1983–84,78615,Orlando Woolridge,0028300673,1984-02-29,CHI @ MIL,MIL,L,34,12,6,12,0,0,0,0,0.0,2.0,2,2,2,0,2.0,3,,6.800000000000001,50.0,https://www.nba.com/stats/players/boxscores-traditional?Season=1983-84&SeasonType=Regular%20Season&TeamID=1610612741
1984,1983–84,941,Ennis Whatley,0028300673,1984-02-29,CHI @ MIL,MIL,L,34,13,5,13,0,0,3,4,1.0,1.0,2,6,2,0,4.0,5,,6.699999999999999,44.03794037940379,https://www.nba.com/stats/players/boxscores-traditional?Season=1983-84&SeasonType=Regular%20Season&TeamID=1610612741
1984,1983–84,76876,Sidney Green,0028300673,1984-02-29,CHI @ MIL,MIL,L,10,6,2,4,0,0,2,2,2.0,1.0,3,1,1,0,1.0,3,,5.2,61.47540983606557,https://www.nba.com/stats/players/boxscores-traditional?Season=1983-84&SeasonType=Regular%20Season&TeamID=1610612741
1984,1983–84,77757,Jawann Oldham,0028300673,1984-02-29,CHI @ MIL,MIL,L,9,0,0,2,0,0,0,0,1.0,1.0,2,0,0,0,0.0,1,,-0.8,0.0,https://www.nba.com/stats/players/boxscores-traditional?Season=1983-84&SeasonType=Regular%20Season&TeamID=1610612741
1984,1983–84,78523,Mitchell Wiggins,0028300673,1984-02-29,CHI @ MIL,MIL,L,22,6,3,7,0,0,0,0,1.0,0.0,1,1,1,0,1.0,3,,2.500000000000001,42.857142857142854,https://www.nba.com/stats/players/boxscores-traditional?Season=1983-84&SeasonType=Regular%20Season&TeamID=1610612741
1984,1983–84,77373,Ronnie Lester,0028300662,1984-02-28,CHI vs. LAL,LAL,L,14,2,1,6,0,1,0,0,2.0,0.0,2,4,0,0,1.0,0,,1.4000000000000004,16.666666666666664,https://www.nba.com/stats/players/boxscores-traditional?Season=1983-84&SeasonType=Regular%20Season&TeamID=1610612741
1984,1983–84,76497,Quintin Dailey,0028300662,1984-02-28,CHI vs. LAL,LAL,L,20,8,2,8,0,0,4,4,0.0,1.0,1,2,1,0,1.0,1,,4.5,40.98360655737705,https://www.nba.com/stats/players/boxscores-traditional?Season=1983-84&SeasonType=Regular%20Season&TeamID=1610612741
1984,1983–84,76881,David Greenwood,0028300662,1984-02-28,CHI vs. LAL,LAL,L,34,23,7,10,0,0,9,10,3.0,13.0,16,2,1,0,2.0,3,,23.599999999999998,79.8611111111111,https://www.nba.com/stats/players/boxscores-traditional?Season=1983-84&SeasonType=Regular%20Season&TeamID=1610612741
1984,1983–84,77134,Steve Johnson,0028300662,1984-02-28,CHI vs. LAL,LAL,L,22,8,4,8,0,0,0,2,1.0,1.0,2,0,0,0,4.0,5,,-1.7999999999999998,45.04504504504504,https://www.nba.com/stats/players/boxscores-traditional?Season=1983-84&SeasonType=Regular%20Season&TeamID=1610612741
1984,1983–84,77019,Rod Higgins,0028300662,1984-02-28,CHI vs. LAL,LAL,L,24,7,3,5,0,1,1,3,1.0,0.0,1,2,0,1,0.0,1,,6.3,55.379746835443036,https://www.nba.com/stats/players/boxscores-traditional?Season=1983-84&SeasonType=Regular%20Season&TeamID=1610612741
1984,1983–84,76453,Dave Corzine,0028300662,1984-02-28,CHI vs. LAL,LAL,L,26,13,6,8,0,0,1,2,2.0,3.0,5,3,0,1,1.0,3,,12.3,73.1981981981982,https://www.nba.com/stats/players/boxscores-traditional?Season=1983-84&SeasonType=Regular%20Season&TeamID=1610612741
1984,1983–84,78523,Mitchell Wiggins,0028300662,1984-02-28,CHI vs. LAL,LAL,L,30,17,7,13,1,1,2,2,1.0,2.0,3,2,2,1,0.0,4,,14.500000000000002,61.23919308357348,https://www.nba.com/stats/players/boxscores-traditional?Season=1983-84&SeasonType=Regular%20Season&TeamID=1610612741
1984,1983–84,941,Ennis Whatley,0028300662,1984-02-28,CHI vs. LAL,LAL,L,32,11,5,11,0,0,1,1,0.0,2.0,2,12,0,0,4.0,5,,8.299999999999999,48.07692307692308,https://www.nba.com/stats/players/boxscores-traditional?Season=1983-84&SeasonType=Regular%20Season&TeamID=1610612741
1984,1983–84,76876,Sidney Green,0028300662,1984-02-28,CHI vs. LAL,LAL,L,10,5,2,4,0,0,1,2,1.0,3.0,4,0,0,0,1.0,0,,3.1999999999999993,51.229508196721305,https://www.nba.com/stats/players/boxscores-traditional?Season=1983-84&SeasonType=Regular%20Season&TeamID=1610612741
1984,1983–84,78615,Orlando Woolridge,0028300662,1984-02-28,CHI vs. LAL,LAL,L,28,14,6,17,0,0,2,3,3.0,4.0,7,1,1,0,2.0,2,,6.299999999999997,38.209606986899566,https://www.nba.com/stats/players/boxscores-traditional?Season=1983-84&SeasonType=Regular%20Season&TeamID=1610612741
1984,1983–84,77373,Ronnie Lester,0028300651,1984-02-25,CHI @ ATL,ATL,L,18,2,0,2,0,0,2,2,0.0,0.0,0,2,0,0,1.0,3,,-0.20000000000000018,34.72222222222222,https://www.nba.com/stats/players/boxscores-traditional?Season=1983-84&SeasonType=Regular%20Season&TeamID=1610612741
1984,1983–84,76291,Wallace Bryant,0028300651,1984-02-25,CHI @ ATL,ATL,L,5,0,0,4,0,0,0,0,1.0,0.0,1,0,0,0,0.0,2,,-2.8999999999999995,0.0,https://www.nba.com/stats/players/boxscores-traditional?Season=1983-84&SeasonType=Regular%20Season&TeamID=1610612741
1984,1983–84,76497,Quintin Dailey,0028300651,1984-02-25,CHI @ ATL,ATL,L,17,4,2,12,0,0,0,0,1.0,0.0,1,0,0,0,1.0,3,,-5.099999999999999,16.666666666666664,https://www.nba.com/stats/players/boxscores-traditional?Season=1983-84&SeasonType=Regular%20Season&TeamID=1610612741
1984,1983–84,76881,David Greenwood,0028300651,1984-02-25,CHI @ ATL,ATL,L,29,14,6,10,0,0,2,2,0.0,7.0,7,2,0,0,1.0,1,,11.499999999999998,64.33823529411764,https://www.nba.com/stats/players/boxscores-traditional?Season=1983-84&SeasonType=Regular%20Season&TeamID=1610612741
1984,1983–84,78523,Mitchell Wiggins,0028300651,1984-02-25,CHI @ ATL,ATL,L,26,4,2,9,0,0,0,0,1.0,3.0,4,2,2,0,2.0,4,,-0.10000000000000053,22.22222222222222,https://www.nba.com/stats/players/boxscores-traditional?Season=1983-84&SeasonType=Regular%20Season&TeamID=1610612741
1984,1983–84,76876,Sidney Green,0028300651,1984-02-25,CHI @ ATL,ATL,L,21,17,6,10,0,0,5,6,2.0,1.0,3,0,0,0,4.0,5,,7.699999999999999,67.24683544303797,https://www.nba.com/stats/players/boxscores-traditional?Season=1983-84&SeasonType=Regular%20Season&TeamID=1610612741
1984,1983–84,77019,Rod Higgins,0028300651,1984-02-25,CHI @ ATL,ATL,L,21,10,4,8,0,0,2,2,1.0,2.0,3,0,1,0,0.0,3,,7.1000000000000005,56.3063063063063,https://www.nba.com/stats/players/boxscores-traditional?Season=1983-84&SeasonType=Regular%20Season&TeamID=1610612741
1984,1983–84,77134,Steve Johnson,0028300651,1984-02-25,CHI @ ATL,ATL,L,16,11,4,6,0,0,3,5,3.0,1.0,4,0,0,0,1.0,6,,6.6,67.07317073170732,https://www.nba.com/stats/players/boxscores-traditional?Season=1983-84&SeasonType=Regular%20Season&TeamID=1610612741
1984,1983–84,77757,Jawann Oldham,0028300651,1984-02-25,CHI @ ATL,ATL,L,14,2,1,2,0,0,0,0,3.0,2.0,5,1,0,2,1.0,0,,4.799999999999999,50.0,https://www.nba.com/stats/players/boxscores-traditional?Season=1983-84&SeasonType=Regular%20Season&TeamID=1610612741
1984,1983–84,941,Ennis Whatley,0028300651,1984-02-25,CHI @ ATL,ATL,L,30,10,4,10,0,0,2,2,1.0,3.0,4,8,1,0,1.0,3,,10.599999999999998,45.955882352941174,https://www.nba.com/stats/players/boxscores-traditional?Season=1983-84&SeasonType=Regular%20Season&TeamID=1610612741
1984,1983–84,78615,Orlando Woolridge,0028300651,1984-02-25,CHI @ ATL,ATL,L,25,9,4,7,0,0,1,2,0.0,1.0,1,1,0,0,0.0,3,,5.1,57.10659898477157,https://www.nba.com/stats/players/boxscores-traditional?Season=1983-84&SeasonType=Regular%20Season&TeamID=1610612741
1984,1983–84,76453,Dave Corzine,0028300651,1984-02-25,CHI @ ATL,ATL,L,18,4,2,4,0,0,0,0,0.0,2.0,2,1,0,0,1.0,2,,1.5,50.0,https://www.nba.com/stats/players/boxscores-traditional?Season=1983-84&SeasonType=Regular%20Season&TeamID=1610612741
1984,1983–84,941,Ennis Whatley,0028300642,1984-02-24,CHI vs. WAS,WAS,L,34,12,6,11,0,0,0,1,2.0,0.0,2,13,2,0,3.0,2,,15.0,52.44755244755245,https://www.nba.com/stats/players/boxscores-traditional?Season=1983-84&SeasonType=Regular%20Season&TeamID=1610612741
1984,1983–84,76497,Quintin Dailey,0028300642,1984-02-24,CHI vs. WAS,WAS,L,28,21,8,21,0,1,5,5,1.0,2.0,3,1,1,0,1.0,1,,11.099999999999998,45.258620689655174,https://www.nba.com/stats/players/boxscores-traditional?Season=1983-84&SeasonType=Regular%20Season&TeamID=1610612741
1984,1983–84,77019,Rod Higgins,0028300642,1984-02-24,CHI vs. WAS,WAS,L,22,11,5,8,0,1,1,2,1.0,4.0,5,2,1,1,1.0,0,,11.0,61.936936936936924,https://www.nba.com/stats/players/boxscores-traditional?Season=1983-84&SeasonType=Regular%20Season&TeamID=1610612741
1984,1983–84,77373,Ronnie Lester,0028300642,1984-02-24,CHI vs. WAS,WAS,L,14,9,3,6,0,0,3,4,1.0,0.0,1,3,1,0,3.0,2,,5.599999999999998,57.98969072164949,https://www.nba.com/stats/players/boxscores-traditional?Season=1983-84&SeasonType=Regular%20Season&TeamID=1610612741
1984,1983–84,76453,Dave Corzine,0028300642,1984-02-24,CHI vs. WAS,WAS,L,42,5,2,5,0,0,1,1,1.0,10.0,11,8,2,2,0.0,3,,13.8,45.955882352941174,https://www.nba.com/stats/players/boxscores-traditional?Season=1983-84&SeasonType=Regular%20Season&TeamID=1610612741
1984,1983–84,76881,David Greenwood,0028300642,1984-02-24,CHI vs. WAS,WAS,L,41,16,8,14,0,0,0,1,4.0,8.0,12,0,0,2,1.0,3,,13.400000000000002,55.4016620498615,https://www.nba.com/stats/players/boxscores-traditional?Season=1983-84&SeasonType=Regular%20Season&TeamID=1610612741
1984,1983–84,77134,Steve Johnson,0028300642,1984-02-24,CHI vs. WAS,WAS,L,4,0,0,0,0,0,0,0,0.0,0.0,0,0,0,0,0.0,0,,0.0,0.0,https://www.nba.com/stats/players/boxscores-traditional?Season=1983-84&SeasonType=Regular%20Season&TeamID=1610612741
1984,1983–84,78615,Orlando Woolridge,0028300642,1984-02-24,CHI vs. WAS,WAS,L,35,12,4,17,0,0,4,4,2.0,5.0,7,0,0,1,0.0,5,,3.3000000000000016,31.98294243070362,https://www.nba.com/stats/players/boxscores-traditional?Season=1983-84&SeasonType=Regular%20Season&TeamID=1610612741
1984,1983–84,78523,Mitchell Wiggins,0028300642,1984-02-24,CHI vs. WAS,WAS,L,20,10,4,7,0,0,2,2,1.0,2.0,3,1,0,0,2.0,2,,5.8999999999999995,63.45177664974619,https://www.nba.com/stats/players/boxscores-traditional?Season=1983-84&SeasonType=Regular%20Season&TeamID=1610612741
1984,1983–84,77019,Rod Higgins,0028300628,1984-02-22,CHI @ IND,IND,W,31,18,5,7,0,0,8,9,2.0,3.0,5,2,1,1,1.0,4,,17.499999999999996,82.11678832116787,https://www.nba.com/stats/players/boxscores-traditional?Season=1983-84&SeasonType=Regular%20Season&TeamID=1610612741
1984,1983–84,78615,Orlando Woolridge,0028300628,1984-02-22,CHI @ IND,IND,W,42,32,13,20,0,0,6,8,1.0,5.0,6,3,2,0,3.0,4,,24.1,68.02721088435374,https://www.nba.com/stats/players/boxscores-traditional?Season=1983-84&SeasonType=Regular%20Season&TeamID=1610612741
1984,1983–84,76881,David Greenwood,0028300628,1984-02-22,CHI @ IND,IND,W,36,13,5,8,0,0,3,4,2.0,3.0,5,1,3,1,2.0,3,,12.5,66.59836065573771,https://www.nba.com/stats/players/boxscores-traditional?Season=1983-84&SeasonType=Regular%20Season&TeamID=1610612741
1984,1983–84,77134,Steve Johnson,0028300628,1984-02-22,CHI @ IND,IND,W,7,0,0,1,0,0,0,0,0.0,1.0,1,0,0,0,1.0,1,,-1.8,0.0,https://www.nba.com/stats/players/boxscores-traditional?Season=1983-84&SeasonType=Regular%20Season&TeamID=1610612741
1984,1983–84,78523,Mitchell Wiggins,0028300628,1984-02-22,CHI @ IND,IND,W,16,2,1,5,0,0,0,0,0.0,0.0,0,1,0,0,0.0,4,,-2.0,20.0,https://www.nba.com/stats/players/boxscores-traditional?Season=1983-84&SeasonType=Regular%20Season&TeamID=1610612741
1984,1983–84,76497,Quintin Dailey,0028300628,1984-02-22,CHI @ IND,IND,W,27,25,8,16,0,0,9,9,1.0,3.0,4,0,1,0,0.0,3,,18.4,62.62525050100201,https://www.nba.com/stats/players/boxscores-traditional?Season=1983-84&SeasonType=Regular%20Season&TeamID=1610612741
1984,1983–84,941,Ennis Whatley,0028300628,1984-02-22,CHI @ IND,IND,W,25,12,5,7,0,0,2,2,2.0,3.0,5,6,0,0,2.0,5,,11.600000000000001,76.14213197969544,https://www.nba.com/stats/players/boxscores-traditional?Season=1983-84&SeasonType=Regular%20Season&TeamID=1610612741
1984,1983–84,76453,Dave Corzine,0028300628,1984-02-22,CHI @ IND,IND,W,33,3,0,4,0,0,3,4,3.0,5.0,8,6,1,0,3.0,2,,4.8,26.041666666666668,https://www.nba.com/stats/players/boxscores-traditional?Season=1983-84&SeasonType=Regular%20Season&TeamID=1610612741
1984,1983–84,77373,Ronnie Lester,0028300628,1984-02-22,CHI @ IND,IND,W,23,16,6,9,0,0,4,5,0.0,2.0,2,5,2,0,3.0,0,,14.799999999999997,71.42857142857143,https://www.nba.com/stats/players/boxscores-traditional?Season=1983-84&SeasonType=Regular%20Season&TeamID=1610612741
1984,1983–84,76881,David Greenwood,0028300626,1984-02-21,CHI vs. UTH,UTH,L,27,9,3,7,0,0,3,3,2.0,7.0,9,1,4,1,2.0,2,,11.399999999999997,54.08653846153846,https://www.nba.com/stats/players/boxscores-traditional?Season=1983-84&SeasonType=Regular%20Season&TeamID=1610612741
1984,1983–84,77134,Steve Johnson,0028300626,1984-02-21,CHI vs. UTH,UTH,L,23,12,2,3,0,0,8,12,3.0,3.0,6,0,2,2,4.0,5,,9.500000000000002,72.46376811594202,https://www.nba.com/stats/players/boxscores-traditional?Season=1983-84&SeasonType=Regular%20Season&TeamID=1610612741
1984,1983–84,77757,Jawann Oldham,0028300626,1984-02-21,CHI vs. UTH,UTH,L,7,2,1,1,0,0,0,2,1.0,4.0,5,0,0,3,3.0,1,,1.4999999999999991,53.191489361702125,https://www.nba.com/stats/players/boxscores-traditional?Season=1983-84&SeasonType=Regular%20Season&TeamID=1610612741
1984,1983–84,78615,Orlando Woolridge,0028300626,1984-02-21,CHI vs. UTH,UTH,L,18,14,7,15,0,0,0,0,2.0,1.0,3,0,0,0,1.0,3,,5.800000000000002,46.666666666666664,https://www.nba.com/stats/players/boxscores-traditional?Season=1983-84&SeasonType=Regular%20Season&TeamID=1610612741
1984,1983–84,941,Ennis Whatley,0028300626,1984-02-21,CHI vs. UTH,UTH,L,16,2,1,2,0,0,0,0,0.0,6.0,6,5,1,0,2.0,1,,4.8999999999999995,50.0,https://www.nba.com/stats/players/boxscores-traditional?Season=1983-84&SeasonType=Regular%20Season&TeamID=1610612741
1984,1983–84,77019,Rod Higgins,0028300626,1984-02-21,CHI vs. UTH,UTH,L,25,6,3,8,0,0,0,0,1.0,1.0,2,1,1,0,2.0,4,,0.7000000000000006,37.5,https://www.nba.com/stats/players/boxscores-traditional?Season=1983-84&SeasonType=Regular%20Season&TeamID=1610612741
1984,1983–84,78523,Mitchell Wiggins,0028300626,1984-02-21,CHI vs. UTH,UTH,L,10,2,1,3,0,0,0,0,0.0,0.0,0,2,0,0,2.0,0,,-0.2999999999999998,33.33333333333333,https://www.nba.com/stats/players/boxscores-traditional?Season=1983-84&SeasonType=Regular%20Season&TeamID=1610612741
1984,1983–84,76497,Quintin Dailey,0028300626,1984-02-21,CHI vs. UTH,UTH,L,32,15,7,21,0,0,1,1,4.0,3.0,7,4,3,2,5.0,3,,7.800000000000001,34.98134328358209,https://www.nba.com/stats/players/boxscores-traditional?Season=1983-84&SeasonType=Regular%20Season&TeamID=1610612741
1984,1983–84,76876,Sidney Green,0028300626,1984-02-21,CHI vs. UTH,UTH,L,24,6,3,8,0,0,0,1,2.0,6.0,8,3,0,0,1.0,4,,3.9000000000000004,35.54502369668246,https://www.nba.com/stats/players/boxscores-traditional?Season=1983-84&SeasonType=Regular%20Season&TeamID=1610612741
1984,1983–84,76453,Dave Corzine,0028300626,1984-02-21,CHI vs. UTH,UTH,L,18,12,5,10,0,0,2,2,2.0,1.0,3,2,0,1,2.0,3,,7.600000000000001,55.147058823529406,https://www.nba.com/stats/players/boxscores-traditional?Season=1983-84&SeasonType=Regular%20Season&TeamID=1610612741
1984,1983–84,76291,Wallace Bryant,0028300626,1984-02-21,CHI vs. UTH,UTH,L,8,2,1,5,0,0,0,0,0.0,1.0,1,1,0,1,0.0,2,,-0.20000000000000018,20.0,https://www.nba.com/stats/players/boxscores-traditional?Season=1983-84&SeasonType=Regular%20Season&TeamID=1610612741
1984,1983–84,77373,Ronnie Lester,0028300626,1984-02-21,CHI vs. UTH,UTH,L,32,13,5,10,0,0,3,4,2.0,3.0,5,7,2,0,7.0,4,,8.200000000000001,55.27210884353742,https://www.nba.com/stats/players/boxscores-traditional?Season=1983-84&SeasonType=Regular%20Season&TeamID=1610612741
1984,1983–84,76881,David Greenwood,0028300617,1984-02-19,CHI vs. MIL,MIL,L,43,20,7,13,0,0,6,8,7.0,11.0,18,3,1,0,2.0,2,,21.400000000000002,60.53268765133172,https://www.nba.com/stats/players/boxscores-traditional?Season=1983-84&SeasonType=Regular%20Season&TeamID=1610612741
1984,1983–84,76453,Dave Corzine,0028300617,1984-02-19,CHI vs. MIL,MIL,L,34,11,3,10,0,0,5,7,1.0,5.0,6,1,0,2,2.0,3,,5.499999999999999,42.04892966360856,https://www.nba.com/stats/players/boxscores-traditional?Season=1983-84&SeasonType=Regular%20Season&TeamID=1610612741
1984,1983–84,941,Ennis Whatley,0028300617,1984-02-19,CHI vs. MIL,MIL,L,19,5,2,6,0,0,1,2,0.0,2.0,2,8,1,0,0.0,4,,6.800000000000001,36.337209302325576,https://www.nba.com/stats/players/boxscores-traditional?Season=1983-84&SeasonType=Regular%20Season&TeamID=1610612741
1984,1983–84,76497,Quintin Dailey,0028300617,1984-02-19,CHI vs. MIL,MIL,L,27,12,4,16,0,0,4,4,1.0,1.0,2,2,0,0,3.0,1,,1.4000000000000004,33.78378378378378,https://www.nba.com/stats/players/boxscores-traditional?Season=1983-84&SeasonType=Regular%20Season&TeamID=1610612741
1984,1983–84,77134,Steve Johnson,0028300617,1984-02-19,CHI vs. MIL,MIL,L,14,3,0,1,0,0,3,4,0.0,4.0,4,1,0,0,3.0,2,,0.0,54.34782608695653,https://www.nba.com/stats/players/boxscores-traditional?Season=1983-84&SeasonType=Regular%20Season&TeamID=1610612741
1984,1983–84,77019,Rod Higgins,0028300617,1984-02-19,CHI vs. MIL,MIL,L,16,2,1,2,0,0,0,0,1.0,0.0,1,1,0,0,1.0,3,,0.19999999999999973,50.0,https://www.nba.com/stats/players/boxscores-traditional?Season=1983-84&SeasonType=Regular%20Season&TeamID=1610612741
1984,1983–84,77373,Ronnie Lester,0028300617,1984-02-19,CHI vs. MIL,MIL,L,25,14,5,7,1,1,3,4,0.0,0.0,0,9,3,0,2.0,1,,17.6,79.90867579908677,https://www.nba.com/stats/players/boxscores-traditional?Season=1983-84&SeasonType=Regular%20Season&TeamID=1610612741
1984,1983–84,78523,Mitchell Wiggins,0028300617,1984-02-19,CHI vs. MIL,MIL,L,22,18,8,15,1,1,1,2,1.0,2.0,3,0,1,0,2.0,4,,8.999999999999998,56.67506297229219,https://www.nba.com/stats/players/boxscores-traditional?Season=1983-84&SeasonType=Regular%20Season&TeamID=1610612741
1984,1983–84,78615,Orlando Woolridge,0028300617,1984-02-19,CHI vs. MIL,MIL,L,40,18,8,15,0,0,2,4,3.0,1.0,4,0,0,2,2.0,2,,10.899999999999999,53.69928400954653,https://www.nba.com/stats/players/boxscores-traditional?Season=1983-84&SeasonType=Regular%20Season&TeamID=1610612741
1984,1983–84,76497,Quintin Dailey,0028300600,1984-02-17,CHI vs. SAN,SAN,L,11,6,2,6,0,0,2,2,0.0,0.0,0,2,0,0,0.0,2,,3.2,43.604651162790695,https://www.nba.com/stats/players/boxscores-traditional?Season=1983-84&SeasonType=Regular%20Season&TeamID=1610612741
1984,1983–84,77134,Steve Johnson,0028300600,1984-02-17,CHI vs. SAN,SAN,L,22,11,4,6,0,0,3,5,1.0,6.0,7,2,1,1,2.0,4,,9.600000000000001,67.07317073170732,https://www.nba.com/stats/players/boxscores-traditional?Season=1983-84&SeasonType=Regular%20Season&TeamID=1610612741
1984,1983–84,76881,David Greenwood,0028300600,1984-02-17,CHI vs. SAN,SAN,L,44,22,10,16,0,0,2,2,4.0,10.0,14,0,0,2,1.0,0,,21.0,65.16587677725119,https://www.nba.com/stats/players/boxscores-traditional?Season=1983-84&SeasonType=Regular%20Season&TeamID=1610612741
1984,1983–84,77019,Rod Higgins,0028300600,1984-02-17,CHI vs. SAN,SAN,L,21,2,1,4,0,0,0,0,1.0,2.0,3,1,0,0,2.0,1,,-0.7999999999999998,25.0,https://www.nba.com/stats/players/boxscores-traditional?Season=1983-84&SeasonType=Regular%20Season&TeamID=1610612741
1984,1983–84,941,Ennis Whatley,0028300600,1984-02-17,CHI vs. SAN,SAN,L,18,0,0,2,0,0,0,0,0.0,0.0,0,9,0,0,4.0,2,,0.10000000000000053,0.0,https://www.nba.com/stats/players/boxscores-traditional?Season=1983-84&SeasonType=Regular%20Season&TeamID=1610612741
1984,1983–84,76876,Sidney Green,0028300600,1984-02-17,CHI vs. SAN,SAN,L,7,2,1,3,0,0,0,0,2.0,3.0,5,1,0,1,0.0,2,,3.2,33.33333333333333,https://www.nba.com/stats/players/boxscores-traditional?Season=1983-84&SeasonType=Regular%20Season&TeamID=1610612741
1984,1983–84,77373,Ronnie Lester,0028300600,1984-02-17,CHI vs. SAN,SAN,L,26,15,7,12,0,0,1,1,1.0,1.0,2,12,2,0,2.0,2,,18.0,60.28938906752411,https://www.nba.com/stats/players/boxscores-traditional?Season=1983-84&SeasonType=Regular%20Season&TeamID=1610612741
1984,1983–84,78523,Mitchell Wiggins,0028300600,1984-02-17,CHI vs. SAN,SAN,L,30,18,9,16,0,0,0,0,3.0,4.0,7,2,2,0,3.0,5,,12.100000000000001,56.25,https://www.nba.com/stats/players/boxscores-traditional?Season=1983-84&SeasonType=Regular%20Season&TeamID=1610612741
1984,1983–84,76453,Dave Corzine,0028300600,1984-02-17,CHI vs. SAN,SAN,L,26,8,2,5,1,1,3,3,0.0,4.0,4,4,0,1,1.0,2,,8.2,63.291139240506325,https://www.nba.com/stats/players/boxscores-traditional?Season=1983-84&SeasonType=Regular%20Season&TeamID=1610612741
1984,1983–84,78615,Orlando Woolridge,0028300600,1984-02-17,CHI vs. SAN,SAN,L,35,25,11,22,0,0,3,3,2.0,3.0,5,4,0,2,2.0,3,,17.3,53.60205831903945,https://www.nba.com/stats/players/boxscores-traditional?Season=1983-84&SeasonType=Regular%20Season&TeamID=1610612741
1984,1983–84,78310,Reggie Theus,0028300584,1984-02-14,CHI vs. SDC,SDC,W,7,0,0,1,0,0,0,0,0.0,0.0,0,2,0,0,2.0,1,,-1.7000000000000002,0.0,https://www.nba.com/stats/players/boxscores-traditional?Season=1983-84&SeasonType=Regular%20Season&TeamID=1610612741
1984,1983–84,941,Ennis Whatley,0028300584,1984-02-14,CHI vs. SDC,SDC,W,34,5,2,3,0,0,1,2,0.0,2.0,2,13,1,0,3.0,6,,8.6,64.43298969072166,https://www.nba.com/stats/players/boxscores-traditional?Season=1983-84&SeasonType=Regular%20Season&TeamID=1610612741
1984,1983–84,76881,David Greenwood,0028300584,1984-02-14,CHI vs. SDC,SDC,W,35,11,3,10,0,0,5,6,3.0,9.0,12,3,2,3,4.0,2,,10.999999999999996,43.5126582278481,https://www.nba.com/stats/players/boxscores-traditional?Season=1983-84&SeasonType=Regular%20Season&TeamID=1610612741
1984,1983–84,78615,Orlando Woolridge,0028300584,1984-02-14,CHI vs. SDC,SDC,W,41,32,15,23,0,0,2,2,0.0,7.0,7,5,2,0,1.0,2,,27.700000000000003,67.00167504187606,https://www.nba.com/stats/players/boxscores-traditional?Season=1983-84&SeasonType=Regular%20Season&TeamID=1610612741
1984,1983–84,76497,Quintin Dailey,0028300584,1984-02-14,CHI vs. SDC,SDC,W,28,25,8,14,0,0,9,10,0.0,4.0,4,3,1,0,3.0,2,,18.499999999999996,67.93478260869566,https://www.nba.com/stats/players/boxscores-traditional?Season=1983-84&SeasonType=Regular%20Season&TeamID=1610612741
1984,1983–84,77019,Rod Higgins,0028300584,1984-02-14,CHI vs. SDC,SDC,W,25,11,5,9,0,0,1,2,2.0,3.0,5,1,1,0,2.0,2,,7.499999999999998,55.66801619433198,https://www.nba.com/stats/players/boxscores-traditional?Season=1983-84&SeasonType=Regular%20Season&TeamID=1610612741
1984,1983–84,77757,Jawann Oldham,0028300584,1984-02-14,CHI vs. SDC,SDC,W,6,0,0,0,0,0,0,0,0.0,0.0,0,0,0,0,0.0,1,,-0.4,0.0,https://www.nba.com/stats/players/boxscores-traditional?Season=1983-84&SeasonType=Regular%20Season&TeamID=1610612741
1984,1983–84,76453,Dave Corzine,0028300584,1984-02-14,CHI vs. SDC,SDC,W,37,18,8,12,0,0,2,2,0.0,8.0,8,6,2,3,1.0,1,,22.1,69.87577639751552,https://www.nba.com/stats/players/boxscores-traditional?Season=1983-84&SeasonType=Regular%20Season&TeamID=1610612741
1984,1983–84,78523,Mitchell Wiggins,0028300584,1984-02-14,CHI vs. SDC,SDC,W,27,10,3,6,0,0,4,4,0.0,0.0,0,4,1,1,0.0,3,,10.3,64.43298969072166,https://www.nba.com/stats/players/boxscores-traditional?Season=1983-84&SeasonType=Regular%20Season&TeamID=1610612741
1984,1983–84,76453,Dave Corzine,0028300572,1984-02-11,CHI vs. GOS,GOS,W,35,15,4,10,0,0,7,8,3.0,7.0,10,2,0,6,4.0,2,,14.2,55.47337278106509,https://www.nba.com/stats/players/boxscores-traditional?Season=1983-84&SeasonType=Regular%20Season&TeamID=1610612741
1984,1983–84,76497,Quintin Dailey,0028300572,1984-02-11,CHI vs. GOS,GOS,W,36,28,12,22,0,0,4,6,0.0,4.0,4,4,3,0,4.0,3,,18.4,56.81818181818181,https://www.nba.com/stats/players/boxscores-traditional?Season=1983-84&SeasonType=Regular%20Season&TeamID=1610612741
1984,1983–84,78615,Orlando Woolridge,0028300572,1984-02-11,CHI vs. GOS,GOS,W,30,14,6,9,0,0,2,2,2.0,5.0,7,0,1,1,5.0,5,,7.6999999999999975,70.85020242914979,https://www.nba.com/stats/players/boxscores-traditional?Season=1983-84&SeasonType=Regular%20Season&TeamID=1610612741
1984,1983–84,941,Ennis Whatley,0028300572,1984-02-11,CHI vs. GOS,GOS,W,19,2,1,3,0,0,0,2,1.0,2.0,3,9,2,1,3.0,4,,5.199999999999999,25.773195876288664,https://www.nba.com/stats/players/boxscores-traditional?Season=1983-84&SeasonType=Regular%20Season&TeamID=1610612741
1984,1983–84,78523,Mitchell Wiggins,0028300572,1984-02-11,CHI vs. GOS,GOS,W,20,13,4,8,0,0,5,5,3.0,2.0,5,2,0,0,1.0,4,,10.5,63.72549019607844,https://www.nba.com/stats/players/boxscores-traditional?Season=1983-84&SeasonType=Regular%20Season&TeamID=1610612741
1984,1983–84,76881,David Greenwood,0028300572,1984-02-11,CHI vs. GOS,GOS,W,42,13,5,13,0,0,3,7,2.0,5.0,7,1,1,1,1.0,2,,7.799999999999999,40.42288557213931,https://www.nba.com/stats/players/boxscores-traditional?Season=1983-84&SeasonType=Regular%20Season&TeamID=1610612741
1984,1983–84,77019,Rod Higgins,0028300572,1984-02-11,CHI vs. GOS,GOS,W,25,6,2,6,0,1,2,2,3.0,6.0,9,1,0,0,2.0,0,,5.2,43.604651162790695,https://www.nba.com/stats/players/boxscores-traditional?Season=1983-84&SeasonType=Regular%20Season&TeamID=1610612741
1984,1983–84,77757,Jawann Oldham,0028300572,1984-02-11,CHI vs. GOS,GOS,W,12,2,1,5,0,0,0,0,2.0,5.0,7,0,0,1,2.0,1,,0.10000000000000009,20.0,https://www.nba.com/stats/players/boxscores-traditional?Season=1983-84&SeasonType=Regular%20Season&TeamID=1610612741
1984,1983–84,78310,Reggie Theus,0028300572,1984-02-11,CHI vs. GOS,GOS,W,21,8,1,5,0,1,6,6,1.0,0.0,1,7,1,1,1.0,2,,10.399999999999999,52.35602094240838,https://www.nba.com/stats/players/boxscores-traditional?Season=1983-84&SeasonType=Regular%20Season&TeamID=1610612741
1984,1983–84,76881,David Greenwood,0028300559,1984-02-10,CHI @ PHL,PHL,W,41,18,6,11,0,0,6,6,2.0,15.0,17,2,1,1,4.0,5,,15.7,65.98240469208211,https://www.nba.com/stats/players/boxscores-traditional?Season=1983-84&SeasonType=Regular%20Season&TeamID=1610612741
1984,1983–84,78310,Reggie Theus,0028300559,1984-02-10,CHI @ PHL,PHL,W,7,0,0,1,0,0,0,0,0.0,0.0,0,3,1,0,0.0,1,,1.9999999999999996,0.0,https://www.nba.com/stats/players/boxscores-traditional?Season=1983-84&SeasonType=Regular%20Season&TeamID=1610612741
1984,1983–84,941,Ennis Whatley,0028300559,1984-02-10,CHI @ PHL,PHL,W,35,13,3,8,0,0,7,8,1.0,3.0,4,8,2,0,7.0,4,,8.799999999999999,56.423611111111114,https://www.nba.com/stats/players/boxscores-traditional?Season=1983-84&SeasonType=Regular%20Season&TeamID=1610612741
1984,1983–84,76497,Quintin Dailey,0028300559,1984-02-10,CHI @ PHL,PHL,W,34,23,10,17,0,0,3,3,2.0,0.0,2,2,0,0,3.0,2,,14.099999999999998,62.77292576419213,https://www.nba.com/stats/players/boxscores-traditional?Season=1983-84&SeasonType=Regular%20Season&TeamID=1610612741
1984,1983–84,78523,Mitchell Wiggins,0028300559,1984-02-10,CHI @ PHL,PHL,W,21,4,1,4,0,0,2,4,1.0,3.0,4,3,1,0,1.0,1,,4.1,34.72222222222222,https://www.nba.com/stats/players/boxscores-traditional?Season=1983-84&SeasonType=Regular%20Season&TeamID=1610612741
1984,1983–84,78615,Orlando Woolridge,0028300559,1984-02-10,CHI @ PHL,PHL,W,44,25,9,13,0,0,7,8,1.0,9.0,10,3,0,1,4.0,5,,19.3,75.66585956416465,https://www.nba.com/stats/players/boxscores-traditional?Season=1983-84&SeasonType=Regular%20Season&TeamID=1610612741
1984,1983–84,76453,Dave Corzine,0028300559,1984-02-10,CHI @ PHL,PHL,W,40,17,5,13,0,0,7,8,5.0,8.0,13,0,2,1,1.0,3,,15.899999999999999,51.45278450363197,https://www.nba.com/stats/players/boxscores-traditional?Season=1983-84&SeasonType=Regular%20Season&TeamID=1610612741
1984,1983–84,77019,Rod Higgins,0028300559,1984-02-10,CHI @ PHL,PHL,W,18,0,0,5,0,0,0,0,0.0,5.0,5,0,1,0,4.0,5,,-7.0,0.0,https://www.nba.com/stats/players/boxscores-traditional?Season=1983-84&SeasonType=Regular%20Season&TeamID=1610612741
1984,1983–84,76497,Quintin Dailey,0028300556,1984-02-08,CHI @ NJN,NJN,W,40,34,11,18,0,1,12,17,1.0,5.0,6,5,2,0,3.0,4,,26.899999999999995,66.71899529042386,https://www.nba.com/stats/players/boxscores-traditional?Season=1983-84&SeasonType=Regular%20Season&TeamID=1610612741
1984,1983–84,76881,David Greenwood,0028300556,1984-02-08,CHI @ NJN,NJN,W,29,12,6,12,0,0,0,0,2.0,5.0,7,0,2,0,1.0,5,,7.900000000000002,50.0,https://www.nba.com/stats/players/boxscores-traditional?Season=1983-84&SeasonType=Regular%20Season&TeamID=1610612741
1984,1983–84,77757,Jawann Oldham,0028300556,1984-02-08,CHI @ NJN,NJN,W,8,0,0,1,0,0,0,0,0.0,0.0,0,0,0,2,0.0,0,,0.7,0.0,https://www.nba.com/stats/players/boxscores-traditional?Season=1983-84&SeasonType=Regular%20Season&TeamID=1610612741
1984,1983–84,941,Ennis Whatley,0028300556,1984-02-08,CHI @ NJN,NJN,W,29,12,3,5,0,0,6,8,1.0,2.0,3,6,2,0,5.0,4,,9.799999999999999,70.42253521126761,https://www.nba.com/stats/players/boxscores-traditional?Season=1983-84&SeasonType=Regular%20Season&TeamID=1610612741
1984,1983–84,76453,Dave Corzine,0028300556,1984-02-08,CHI @ NJN,NJN,W,45,17,5,11,0,0,7,7,2.0,8.0,10,2,1,2,4.0,4,,13.299999999999997,60.36931818181818,https://www.nba.com/stats/players/boxscores-traditional?Season=1983-84&SeasonType=Regular%20Season&TeamID=1610612741
1984,1983–84,78310,Reggie Theus,0028300556,1984-02-08,CHI @ NJN,NJN,W,16,2,1,6,0,0,0,0,1.0,1.0,2,2,0,0,2.0,4,,-2.9999999999999996,16.666666666666664,https://www.nba.com/stats/players/boxscores-traditional?Season=1983-84&SeasonType=Regular%20Season&TeamID=1610612741
1984,1983–84,78615,Orlando Woolridge,0028300556,1984-02-08,CHI @ NJN,NJN,W,43,19,8,18,0,0,3,6,2.0,2.0,4,4,2,1,6.0,4,,8.299999999999999,46.02713178294574,https://www.nba.com/stats/players/boxscores-traditional?Season=1983-84&SeasonType=Regular%20Season&TeamID=1610612741
1984,1983–84,77019,Rod Higgins,0028300556,1984-02-08,CHI @ NJN,NJN,W,34,13,4,9,1,1,4,4,3.0,2.0,5,4,1,2,3.0,2,,12.399999999999999,60.4089219330855,https://www.nba.com/stats/players/boxscores-traditional?Season=1983-84&SeasonType=Regular%20Season&TeamID=1610612741
1984,1983–84,78523,Mitchell Wiggins,0028300556,1984-02-08,CHI @ NJN,NJN,W,21,5,2,6,0,0,1,2,0.0,1.0,1,3,3,0,1.0,3,,4.4,36.337209302325576,https://www.nba.com/stats/players/boxscores-traditional?Season=1983-84&SeasonType=Regular%20Season&TeamID=1610612741
1984,1983–84,76453,Dave Corzine,0028300542,1984-02-07,CHI vs. PHL,PHL,W,40,14,7,14,0,0,0,0,1.0,5.0,6,5,1,2,3.0,1,,11.700000000000003,50.0,https://www.nba.com/stats/players/boxscores-traditional?Season=1983-84&SeasonType=Regular%20Season&TeamID=1610612741
1984,1983–84,76497,Quintin Dailey,0028300542,1984-02-07,CHI vs. PHL,PHL,W,15,8,4,5,0,0,0,0,0.0,1.0,1,0,1,0,3.0,2,,3.5999999999999996,80.0,https://www.nba.com/stats/players/boxscores-traditional?Season=1983-84&SeasonType=Regular%20Season&TeamID=1610612741
1984,1983–84,76881,David Greenwood,0028300542,1984-02-07,CHI vs. PHL,PHL,W,44,19,6,10,0,0,7,9,6.0,12.0,18,4,1,2,2.0,2,,23.799999999999997,68.0515759312321,https://www.nba.com/stats/players/boxscores-traditional?Season=1983-84&SeasonType=Regular%20Season&TeamID=1610612741
1984,1983–84,78310,Reggie Theus,0028300542,1984-02-07,CHI vs. PHL,PHL,W,9,8,2,4,0,0,4,4,0.0,1.0,1,2,0,1,0.0,0,,8.4,69.44444444444444,https://www.nba.com/stats/players/boxscores-traditional?Season=1983-84&SeasonType=Regular%20Season&TeamID=1610612741
1984,1983–84,941,Ennis Whatley,0028300542,1984-02-07,CHI vs. PHL,PHL,W,45,15,6,13,0,1,3,4,0.0,4.0,4,13,3,0,6.0,2,,14.399999999999995,50.81300813008131,https://www.nba.com/stats/players/boxscores-traditional?Season=1983-84&SeasonType=Regular%20Season&TeamID=1610612741
1984,1983–84,77757,Jawann Oldham,0028300542,1984-02-07,CHI vs. PHL,PHL,W,7,0,0,0,0,0,0,0,1.0,0.0,1,0,0,1,2.0,1,,-1.0,0.0,https://www.nba.com/stats/players/boxscores-traditional?Season=1983-84&SeasonType=Regular%20Season&TeamID=1610612741
1984,1983–84,77019,Rod Higgins,0028300542,1984-02-07,CHI vs. PHL,PHL,W,11,7,2,4,0,0,3,4,1.0,1.0,2,0,0,1,2.0,5,,2.3,60.76388888888889,https://www.nba.com/stats/players/boxscores-traditional?Season=1983-84&SeasonType=Regular%20Season&TeamID=1610612741
1984,1983–84,78523,Mitchell Wiggins,0028300542,1984-02-07,CHI vs. PHL,PHL,W,27,7,3,6,0,1,1,1,3.0,2.0,5,3,1,0,1.0,4,,7.199999999999999,54.347826086956516,https://www.nba.com/stats/players/boxscores-traditional?Season=1983-84&SeasonType=Regular%20Season&TeamID=1610612741
1984,1983–84,78615,Orlando Woolridge,0028300542,1984-02-07,CHI vs. PHL,PHL,W,42,26,11,19,0,0,4,4,0.0,6.0,6,3,2,2,3.0,4,,19.799999999999997,62.620423892100185,https://www.nba.com/stats/players/boxscores-traditional?Season=1983-84&SeasonType=Regular%20Season&TeamID=1610612741
1984,1983–84,76497,Quintin Dailey,0028300530,1984-02-04,CHI vs. NJN,NJN,L,8,0,0,2,0,0,0,0,0.0,1.0,1,2,1,0,2.0,0,,-0.7,0.0,https://www.nba.com/stats/players/boxscores-traditional?Season=1983-84&SeasonType=Regular%20Season&TeamID=1610612741
1984,1983–84,78523,Mitchell Wiggins,0028300530,1984-02-04,CHI vs. NJN,NJN,L,32,11,4,8,0,0,3,4,2.0,5.0,7,4,2,0,5.0,5,,7.300000000000001,56.35245901639344,https://www.nba.com/stats/players/boxscores-traditional?Season=1983-84&SeasonType=Regular%20Season&TeamID=1610612741
1984,1983–84,78615,Orlando Woolridge,0028300530,1984-02-04,CHI vs. NJN,NJN,L,40,24,8,18,0,0,8,12,4.0,2.0,6,2,0,0,5.0,2,,12.0,51.546391752577314,https://www.nba.com/stats/players/boxscores-traditional?Season=1983-84&SeasonType=Regular%20Season&TeamID=1610612741
1984,1983–84,76453,Dave Corzine,0028300530,1984-02-04,CHI vs. NJN,NJN,L,41,25,11,17,0,0,3,3,2.0,6.0,8,6,2,6,4.0,6,,24.699999999999996,68.23144104803494,https://www.nba.com/stats/players/boxscores-traditional?Season=1983-84&SeasonType=Regular%20Season&TeamID=1610612741
1984,1983–84,941,Ennis Whatley,0028300530,1984-02-04,CHI vs. NJN,NJN,L,37,8,2,3,0,0,4,6,0.0,4.0,4,14,2,2,7.0,1,,12.899999999999999,70.92198581560282,https://www.nba.com/stats/players/boxscores-traditional?Season=1983-84&SeasonType=Regular%20Season&TeamID=1610612741
1984,1983–84,76876,Sidney Green,0028300530,1984-02-04,CHI vs. NJN,NJN,L,18,13,4,7,0,0,5,6,0.0,4.0,4,0,1,1,2.0,2,,9.399999999999997,67.42738589211618,https://www.nba.com/stats/players/boxscores-traditional?Season=1983-84&SeasonType=Regular%20Season&TeamID=1610612741
1984,1983–84,77019,Rod Higgins,0028300530,1984-02-04,CHI vs. NJN,NJN,L,12,4,2,2,0,0,0,0,0.0,1.0,1,0,0,1,0.0,1,,3.9999999999999996,100.0,https://www.nba.com/stats/players/boxscores-traditional?Season=1983-84&SeasonType=Regular%20Season&TeamID=1610612741
1984,1983–84,78310,Reggie Theus,0028300530,1984-02-04,CHI vs. NJN,NJN,L,19,10,3,8,0,0,4,4,1.0,3.0,4,3,0,0,2.0,3,,6.099999999999998,51.229508196721305,https://www.nba.com/stats/players/boxscores-traditional?Season=1983-84&SeasonType=Regular%20Season&TeamID=1610612741
1984,1983–84,76881,David Greenwood,0028300530,1984-02-04,CHI vs. NJN,NJN,L,26,10,4,7,0,0,2,3,2.0,7.0,9,0,0,2,1.0,4,,8.6,60.09615384615385,https://www.nba.com/stats/players/boxscores-traditional?Season=1983-84&SeasonType=Regular%20Season&TeamID=1610612741
1984,1983–84,77757,Jawann Oldham,0028300530,1984-02-04,CHI vs. NJN,NJN,L,7,0,0,1,0,0,0,0,0.0,4.0,4,0,0,1,3.0,1,,-2.2,0.0,https://www.nba.com/stats/players/boxscores-traditional?Season=1983-84&SeasonType=Regular%20Season&TeamID=1610612741
1984,1983–84,941,Ennis Whatley,0028300521,1984-02-03,CHI @ CLE,CLE,L,28,9,3,8,0,0,3,4,0.0,1.0,1,5,1,0,3.0,2,,5.199999999999999,46.10655737704918,https://www.nba.com/stats/players/boxscores-traditional?Season=1983-84&SeasonType=Regular%20Season&TeamID=1610612741
1984,1983–84,76876,Sidney Green,0028300521,1984-02-03,CHI @ CLE,CLE,L,34,11,5,11,0,0,1,1,1.0,5.0,6,2,0,2,2.0,6,,5.9,48.07692307692308,https://www.nba.com/stats/players/boxscores-traditional?Season=1983-84&SeasonType=Regular%20Season&TeamID=1610612741
1984,1983–84,77019,Rod Higgins,0028300521,1984-02-03,CHI @ CLE,CLE,L,20,10,5,10,0,1,0,1,2.0,3.0,5,1,0,1,0.0,2,,7.500000000000001,47.89272030651341,https://www.nba.com/stats/players/boxscores-traditional?Season=1983-84&SeasonType=Regular%20Season&TeamID=1610612741
1984,1983–84,78615,Orlando Woolridge,0028300521,1984-02-03,CHI @ CLE,CLE,L,16,4,1,5,0,0,2,4,0.0,1.0,1,0,0,0,3.0,3,,-3.8,29.585798816568047,https://www.nba.com/stats/players/boxscores-traditional?Season=1983-84&SeasonType=Regular%20Season&TeamID=1610612741
1984,1983–84,76497,Quintin Dailey,0028300521,1984-02-03,CHI @ CLE,CLE,L,23,10,5,14,0,0,0,0,1.0,3.0,4,3,2,0,2.0,3,,4.7,35.714285714285715,https://www.nba.com/stats/players/boxscores-traditional?Season=1983-84&SeasonType=Regular%20Season&TeamID=1610612741
1984,1983–84,77757,Jawann Oldham,0028300521,1984-02-03,CHI @ CLE,CLE,L,23,4,2,4,0,0,0,2,2.0,5.0,7,1,1,1,2.0,4,,2.9000000000000004,40.98360655737705,https://www.nba.com/stats/players/boxscores-traditional?Season=1983-84&SeasonType=Regular%20Season&TeamID=1610612741
1984,1983–84,76453,Dave Corzine,0028300521,1984-02-03,CHI @ CLE,CLE,L,25,6,3,7,0,0,0,0,0.0,3.0,3,2,1,0,1.0,4,,3.0000000000000018,42.857142857142854,https://www.nba.com/stats/players/boxscores-traditional?Season=1983-84&SeasonType=Regular%20Season&TeamID=1610612741
1984,1983–84,76881,David Greenwood,0028300521,1984-02-03,CHI @ CLE,CLE,L,20,2,1,4,0,0,0,0,2.0,3.0,5,0,1,1,1.0,0,,2.5999999999999996,25.0,https://www.nba.com/stats/players/boxscores-traditional?Season=1983-84&SeasonType=Regular%20Season&TeamID=1610612741
1984,1983–84,78523,Mitchell Wiggins,0028300521,1984-02-03,CHI @ CLE,CLE,L,26,7,3,5,0,0,1,2,0.0,2.0,2,4,2,0,4.0,1,,5.299999999999999,59.523809523809526,https://www.nba.com/stats/players/boxscores-traditional?Season=1983-84&SeasonType=Regular%20Season&TeamID=1610612741
1984,1983–84,76291,Wallace Bryant,0028300521,1984-02-03,CHI @ CLE,CLE,L,6,4,2,6,0,0,0,0,3.0,2.0,5,0,0,0,0.0,1,,2.9000000000000004,33.33333333333333,https://www.nba.com/stats/players/boxscores-traditional?Season=1983-84&SeasonType=Regular%20Season&TeamID=1610612741
1984,1983–84,78310,Reggie Theus,0028300521,1984-02-03,CHI @ CLE,CLE,L,19,9,4,11,0,0,1,2,1.0,1.0,2,2,0,0,1.0,0,,3.9000000000000004,37.878787878787875,https://www.nba.com/stats/players/boxscores-traditional?Season=1983-84&SeasonType=Regular%20Season&TeamID=1610612741
1984,1983–84,76876,Sidney Green,0028300511,1984-02-01,CHI @ ATL,ATL,L,25,6,3,10,0,0,0,0,4.0,5.0,9,0,0,0,1.0,2,,2.7,30.0,https://www.nba.com/stats/players/boxscores-traditional?Season=1983-84&SeasonType=Regular%20Season&TeamID=1610612741
1984,1983–84,76881,David Greenwood,0028300511,1984-02-01,CHI @ ATL,ATL,L,34,11,4,8,0,0,3,4,3.0,4.0,7,0,1,0,2.0,1,,8.499999999999998,56.35245901639344,https://www.nba.com/stats/players/boxscores-traditional?Season=1983-84&SeasonType=Regular%20Season&TeamID=1610612741
1984,1983–84,77757,Jawann Oldham,0028300511,1984-02-01,CHI @ ATL,ATL,L,26,9,4,7,0,0,1,4,3.0,5.0,8,3,0,2,1.0,4,,9.0,51.369863013698634,https://www.nba.com/stats/players/boxscores-traditional?Season=1983-84&SeasonType=Regular%20Season&TeamID=1610612741
1984,1983–84,78310,Reggie Theus,0028300511,1984-02-01,CHI @ ATL,ATL,L,28,19,5,11,1,2,8,10,3.0,0.0,3,8,0,0,2.0,4,,16.599999999999998,61.68831168831169,https://www.nba.com/stats/players/boxscores-traditional?Season=1983-84&SeasonType=Regular%20Season&TeamID=1610612741
1984,1983–84,78523,Mitchell Wiggins,0028300511,1984-02-01,CHI @ ATL,ATL,L,21,4,2,6,0,0,0,0,2.0,3.0,5,0,1,0,1.0,3,,1.7000000000000002,33.33333333333333,https://www.nba.com/stats/players/boxscores-traditional?Season=1983-84&SeasonType=Regular%20Season&TeamID=1610612741
1984,1983–84,941,Ennis Whatley,0028300511,1984-02-01,CHI @ ATL,ATL,L,17,8,1,4,0,0,6,6,1.0,0.0,1,2,1,0,3.0,1,,5.300000000000001,60.24096385542168,https://www.nba.com/stats/players/boxscores-traditional?Season=1983-84&SeasonType=Regular%20Season&TeamID=1610612741
1984,1983–84,76453,Dave Corzine,0028300511,1984-02-01,CHI @ ATL,ATL,L,22,2,0,1,0,0,2,2,0.0,3.0,3,1,0,0,2.0,2,,0.10000000000000053,53.191489361702125,https://www.nba.com/stats/players/boxscores-traditional?Season=1983-84&SeasonType=Regular%20Season&TeamID=1610612741
1984,1983–84,76497,Quintin Dailey,0028300511,1984-02-01,CHI @ ATL,ATL,L,30,27,6,14,0,0,15,15,0.0,2.0,2,5,0,0,0.0,2,,22.900000000000002,65.53398058252426,https://www.nba.com/stats/players/boxscores-traditional?Season=1983-84&SeasonType=Regular%20Season&TeamID=1610612741
1984,1983–84,77019,Rod Higgins,0028300511,1984-02-01,CHI @ ATL,ATL,L,3,0,0,2,0,0,0,0,0.0,0.0,0,0,0,0,0.0,1,,-1.7999999999999998,0.0,https://www.nba.com/stats/players/boxscores-traditional?Season=1983-84&SeasonType=Regular%20Season&TeamID=1610612741
1984,1983–84,78615,Orlando Woolridge,0028300511,1984-02-01,CHI @ ATL,ATL,L,34,17,6,12,0,0,5,8,2.0,0.0,2,2,0,2,4.0,5,,8.000000000000002,54.76804123711341,https://www.nba.com/stats/players/boxscores-traditional?Season=1983-84&SeasonType=Regular%20Season&TeamID=1610612741
1984,1983–84,76881,David Greenwood,0028300499,1984-01-31,CHI vs. BOS,BOS,L,33,14,5,10,0,0,4,4,2.0,14.0,16,1,2,0,3.0,4,,12.700000000000001,59.523809523809526,https://www.nba.com/stats/players/boxscores-traditional?Season=1983-84&SeasonType=Regular%20Season&TeamID=1610612741
1984,1983–84,941,Ennis Whatley,0028300499,1984-01-31,CHI vs. BOS,BOS,L,23,8,3,4,0,0,2,5,0.0,1.0,1,5,1,0,4.0,1,,5.6,64.51612903225806,https://www.nba.com/stats/players/boxscores-traditional?Season=1983-84&SeasonType=Regular%20Season&TeamID=1610612741
1984,1983–84,78523,Mitchell Wiggins,0028300499,1984-01-31,CHI vs. BOS,BOS,L,25,5,2,10,0,0,1,4,0.0,4.0,4,2,1,0,1.0,1,,-0.2000000000000005,21.258503401360546,https://www.nba.com/stats/players/boxscores-traditional?Season=1983-84&SeasonType=Regular%20Season&TeamID=1610612741
1984,1983–84,76291,Wallace Bryant,0028300499,1984-01-31,CHI vs. BOS,BOS,L,5,2,0,2,0,0,2,2,0.0,0.0,0,0,0,0,0.0,0,,0.6000000000000001,34.72222222222222,https://www.nba.com/stats/players/boxscores-traditional?Season=1983-84&SeasonType=Regular%20Season&TeamID=1610612741
1984,1983–84,76497,Quintin Dailey,0028300499,1984-01-31,CHI vs. BOS,BOS,L,23,8,4,9,0,0,0,2,0.0,2.0,2,4,0,0,1.0,5,,2.9000000000000004,40.48582995951417,https://www.nba.com/stats/players/boxscores-traditional?Season=1983-84&SeasonType=Regular%20Season&TeamID=1610612741
1984,1983–84,76876,Sidney Green,0028300499,1984-01-31,CHI vs. BOS,BOS,L,18,2,1,6,0,0,0,0,0.0,4.0,4,0,0,2,1.0,3,,-1.3999999999999997,16.666666666666664,https://www.nba.com/stats/players/boxscores-traditional?Season=1983-84&SeasonType=Regular%20Season&TeamID=1610612741
1984,1983–84,77019,Rod Higgins,0028300499,1984-01-31,CHI vs. BOS,BOS,L,16,7,3,5,0,0,1,1,0.0,3.0,3,1,2,0,0.0,0,,8.299999999999999,64.33823529411764,https://www.nba.com/stats/players/boxscores-traditional?Season=1983-84&SeasonType=Regular%20Season&TeamID=1610612741
1984,1983–84,78310,Reggie Theus,0028300499,1984-01-31,CHI vs. BOS,BOS,L,25,15,4,13,0,1,7,9,1.0,0.0,1,2,1,0,3.0,2,,6.000000000000002,44.221698113207545,https://www.nba.com/stats/players/boxscores-traditional?Season=1983-84&SeasonType=Regular%20Season&TeamID=1610612741
1984,1983–84,76453,Dave Corzine,0028300499,1984-01-31,CHI vs. BOS,BOS,L,30,8,4,9,0,0,0,0,0.0,2.0,2,6,1,2,2.0,3,,7.300000000000001,44.44444444444444,https://www.nba.com/stats/players/boxscores-traditional?Season=1983-84&SeasonType=Regular%20Season&TeamID=1610612741
1984,1983–84,77757,Jawann Oldham,0028300499,1984-01-31,CHI vs. BOS,BOS,L,13,2,1,3,0,0,0,0,0.0,3.0,3,1,0,1,1.0,5,,-0.3999999999999999,33.33333333333333,https://www.nba.com/stats/players/boxscores-traditional?Season=1983-84&SeasonType=Regular%20Season&TeamID=1610612741
1984,1983–84,78615,Orlando Woolridge,0028300499,1984-01-31,CHI vs. BOS,BOS,L,29,12,6,15,0,0,0,0,3.0,3.0,6,0,1,0,4.0,2,,3.1000000000000005,40.0,https://www.nba.com/stats/players/boxscores-traditional?Season=1983-84&SeasonType=Regular%20Season&TeamID=1610612741
1984,1983–84,78615,Orlando Woolridge,0028300491,1984-01-26,CHI vs. DEN,DEN,L,35,24,7,13,0,0,10,11,1.0,5.0,6,1,0,2,2.0,6,,17.200000000000003,67.2645739910314,https://www.nba.com/stats/players/boxscores-traditional?Season=1983-84&SeasonType=Regular%20Season&TeamID=1610612741
1984,1983–84,941,Ennis Whatley,0028300491,1984-01-26,CHI vs. DEN,DEN,L,31,17,4,6,0,0,9,11,2.0,2.0,4,16,2,0,6.0,2,,22.0,78.41328413284133,https://www.nba.com/stats/players/boxscores-traditional?Season=1983-84&SeasonType=Regular%20Season&TeamID=1610612741
1984,1983–84,76497,Quintin Dailey,0028300491,1984-01-26,CHI vs. DEN,DEN,L,33,17,4,13,0,0,9,11,1.0,4.0,5,4,2,0,3.0,5,,10.399999999999999,47.6457399103139,https://www.nba.com/stats/players/boxscores-traditional?Season=1983-84&SeasonType=Regular%20Season&TeamID=1610612741
1984,1983–84,76876,Sidney Green,0028300491,1984-01-26,CHI vs. DEN,DEN,L,10,0,0,1,0,0,0,0,0.0,2.0,2,0,1,1,1.0,3,,-0.6000000000000001,0.0,https://www.nba.com/stats/players/boxscores-traditional?Season=1983-84&SeasonType=Regular%20Season&TeamID=1610612741
1984,1983–84,78523,Mitchell Wiggins,0028300491,1984-01-26,CHI vs. DEN,DEN,L,40,22,9,20,0,0,4,6,2.0,3.0,5,4,2,1,4.0,6,,12.200000000000003,48.58657243816255,https://www.nba.com/stats/players/boxscores-traditional?Season=1983-84&SeasonType=Regular%20Season&TeamID=1610612741
1984,1983–84,77757,Jawann Oldham,0028300491,1984-01-26,CHI vs. DEN,DEN,L,34,13,5,7,0,0,3,6,4.0,7.0,11,2,1,2,1.0,4,,15.0,67.42738589211618,https://www.nba.com/stats/players/boxscores-traditional?Season=1983-84&SeasonType=Regular%20Season&TeamID=1610612741
1984,1983–84,76453,Dave Corzine,0028300491,1984-01-26,CHI vs. DEN,DEN,L,14,0,0,4,0,1,0,0,0.0,2.0,2,0,0,1,0.0,5,,-3.5,0.0,https://www.nba.com/stats/players/boxscores-traditional?Season=1983-84&SeasonType=Regular%20Season&TeamID=1610612741
1984,1983–84,76291,Wallace Bryant,0028300491,1984-01-26,CHI vs. DEN,DEN,L,3,0,0,1,0,0,0,0,0.0,0.0,0,0,0,0,0.0,1,,-1.1,0.0,https://www.nba.com/stats/players/boxscores-traditional?Season=1983-84&SeasonType=Regular%20Season&TeamID=1610612741
1984,1983–84,76881,David Greenwood,0028300491,1984-01-26,CHI vs. DEN,DEN,L,40,32,13,18,0,0,6,8,6.0,4.0,10,1,1,3,3.0,4,,28.4,74.34944237918216,https://www.nba.com/stats/players/boxscores-traditional?Season=1983-84&SeasonType=Regular%20Season&TeamID=1610612741
1984,1983–84,76881,David Greenwood,0028300475,1984-01-24,CHI vs. ATL,ATL,L,39,4,2,10,0,0,0,2,5.0,7.0,12,3,1,0,0.0,6,,3.299999999999999,18.382352941176467,https://www.nba.com/stats/players/boxscores-traditional?Season=1983-84&SeasonType=Regular%20Season&TeamID=1610612741
1984,1983–84,77373,Ronnie Lester,0028300475,1984-01-24,CHI vs. ATL,ATL,L,15,2,0,3,0,0,2,2,0.0,0.0,0,1,0,0,1.0,0,,-0.3999999999999997,25.773195876288664,https://www.nba.com/stats/players/boxscores-traditional?Season=1983-84&SeasonType=Regular%20Season&TeamID=1610612741
1984,1983–84,76497,Quintin Dailey,0028300475,1984-01-24,CHI vs. ATL,ATL,L,33,30,13,20,0,0,4,4,1.0,3.0,4,2,1,0,5.0,4,,18.599999999999998,68.93382352941177,https://www.nba.com/stats/players/boxscores-traditional?Season=1983-84&SeasonType=Regular%20Season&TeamID=1610612741
1984,1983–84,76876,Sidney Green,0028300475,1984-01-24,CHI vs. ATL,ATL,L,15,1,0,0,0,0,1,2,0.0,3.0,3,1,1,0,0.0,2,,2.4000000000000004,56.81818181818182,https://www.nba.com/stats/players/boxscores-traditional?Season=1983-84&SeasonType=Regular%20Season&TeamID=1610612741
1984,1983–84,941,Ennis Whatley,0028300475,1984-01-24,CHI vs. ATL,ATL,L,14,4,2,8,0,0,0,0,1.0,0.0,1,6,0,1,1.0,4,,2.1999999999999997,25.0,https://www.nba.com/stats/players/boxscores-traditional?Season=1983-84&SeasonType=Regular%20Season&TeamID=1610612741
1984,1983–84,78615,Orlando Woolridge,0028300475,1984-01-24,CHI vs. ATL,ATL,L,45,23,8,14,0,0,7,8,1.0,3.0,4,3,3,2,3.0,3,,19.899999999999995,65.6392694063927,https://www.nba.com/stats/players/boxscores-traditional?Season=1983-84&SeasonType=Regular%20Season&TeamID=1610612741
1984,1983–84,76453,Dave Corzine,0028300475,1984-01-24,CHI vs. ATL,ATL,L,45,11,3,9,0,0,5,6,5.0,6.0,11,4,1,4,0.0,1,,17.000000000000004,47.250859106529205,https://www.nba.com/stats/players/boxscores-traditional?Season=1983-84&SeasonType=Regular%20Season&TeamID=1610612741
1984,1983–84,78523,Mitchell Wiggins,0028300475,1984-01-24,CHI vs. ATL,ATL,L,34,18,6,12,0,1,6,6,1.0,4.0,5,4,0,0,3.0,4,,12.1,61.47540983606557,https://www.nba.com/stats/players/boxscores-traditional?Season=1983-84&SeasonType=Regular%20Season&TeamID=1610612741
1984,1983–84,76453,Dave Corzine,0028300463,1984-01-21,CHI @ CLE,CLE,W,40,24,5,11,0,0,14,17,4.0,8.0,12,1,0,1,4.0,6,,17.299999999999997,64.93506493506493,https://www.nba.com/stats/players/boxscores-traditional?Season=1983-84&SeasonType=Regular%20Season&TeamID=1610612741
1984,1983–84,76881,David Greenwood,0028300463,1984-01-21,CHI @ CLE,CLE,W,42,7,3,6,0,0,1,2,1.0,12.0,13,1,1,1,1.0,2,,8.499999999999996,50.872093023255815,https://www.nba.com/stats/players/boxscores-traditional?Season=1983-84&SeasonType=Regular%20Season&TeamID=1610612741
1984,1983–84,941,Ennis Whatley,0028300463,1984-01-21,CHI @ CLE,CLE,W,15,2,0,2,0,0,2,4,0.0,0.0,0,5,2,0,4.0,4,,-0.30000000000000027,26.595744680851062,https://www.nba.com/stats/players/boxscores-traditional?Season=1983-84&SeasonType=Regular%20Season&TeamID=1610612741
1984,1983–84,76876,Sidney Green,0028300463,1984-01-21,CHI @ CLE,CLE,W,8,2,1,2,0,0,0,0,0.0,1.0,1,1,0,0,1.0,4,,-0.6000000000000001,50.0,https://www.nba.com/stats/players/boxscores-traditional?Season=1983-84&SeasonType=Regular%20Season&TeamID=1610612741
1984,1983–84,76291,Wallace Bryant,0028300463,1984-01-21,CHI @ CLE,CLE,W,15,4,2,2,0,0,0,0,0.0,3.0,3,1,0,0,0.0,4,,3.4,100.0,https://www.nba.com/stats/players/boxscores-traditional?Season=1983-84&SeasonType=Regular%20Season&TeamID=1610612741
1984,1983–84,78523,Mitchell Wiggins,0028300463,1984-01-21,CHI @ CLE,CLE,W,13,8,4,6,0,0,0,0,2.0,1.0,3,0,2,0,4.0,3,,3.9000000000000012,66.66666666666666,https://www.nba.com/stats/players/boxscores-traditional?Season=1983-84&SeasonType=Regular%20Season&TeamID=1610612741
1984,1983–84,78615,Orlando Woolridge,0028300463,1984-01-21,CHI @ CLE,CLE,W,39,12,4,12,0,0,4,7,0.0,6.0,6,7,1,0,1.0,3,,9.5,39.787798408488065,https://www.nba.com/stats/players/boxscores-traditional?Season=1983-84&SeasonType=Regular%20Season&TeamID=1610612741
1984,1983–84,76497,Quintin Dailey,0028300463,1984-01-21,CHI @ CLE,CLE,W,37,36,14,21,0,0,8,8,0.0,4.0,4,2,2,0,2.0,3,,28.3,73.4094616639478,https://www.nba.com/stats/players/boxscores-traditional?Season=1983-84&SeasonType=Regular%20Season&TeamID=1610612741
1984,1983–84,77373,Ronnie Lester,0028300463,1984-01-21,CHI @ CLE,CLE,W,31,16,4,6,0,0,8,9,0.0,0.0,0,10,0,0,3.0,1,,16.6,80.32128514056224,https://www.nba.com/stats/players/boxscores-traditional?Season=1983-84&SeasonType=Regular%20Season&TeamID=1610612741
1984,1983–84,77373,Ronnie Lester,0028300453,1984-01-19,CHI @ NYK,NYK,L,10,5,2,4,0,0,1,1,0.0,0.0,0,2,0,0,1.0,2,,2.6000000000000005,56.3063063063063,https://www.nba.com/stats/players/boxscores-traditional?Season=1983-84&SeasonType=Regular%20Season&TeamID=1610612741
1984,1983–84,78523,Mitchell Wiggins,0028300453,1984-01-19,CHI @ NYK,NYK,L,21,2,1,6,0,0,0,3,1.0,2.0,3,2,1,0,1.0,0,,-0.2999999999999998,13.661202185792348,https://www.nba.com/stats/players/boxscores-traditional?Season=1983-84&SeasonType=Regular%20Season&TeamID=1610612741
1984,1983–84,941,Ennis Whatley,0028300453,1984-01-19,CHI @ NYK,NYK,L,24,7,2,3,0,0,3,4,1.0,0.0,1,6,0,0,3.0,5,,5.199999999999999,73.52941176470588,https://www.nba.com/stats/players/boxscores-traditional?Season=1983-84&SeasonType=Regular%20Season&TeamID=1610612741
1984,1983–84,76291,Wallace Bryant,0028300453,1984-01-19,CHI @ NYK,NYK,L,15,4,2,5,0,0,0,0,1.0,5.0,6,1,0,0,3.0,3,,0.0,40.0,https://www.nba.com/stats/players/boxscores-traditional?Season=1983-84&SeasonType=Regular%20Season&TeamID=1610612741
1984,1983–84,77019,Rod Higgins,0028300453,1984-01-19,CHI @ NYK,NYK,L,25,6,3,7,0,1,0,0,0.0,3.0,3,0,1,0,0.0,1,,3.800000000000001,42.857142857142854,https://www.nba.com/stats/players/boxscores-traditional?Season=1983-84&SeasonType=Regular%20Season&TeamID=1610612741
1984,1983–84,77757,Jawann Oldham,0028300453,1984-01-19,CHI @ NYK,NYK,L,18,6,3,5,0,0,0,0,3.0,4.0,7,0,1,0,4.0,4,,2.4000000000000004,60.0,https://www.nba.com/stats/players/boxscores-traditional?Season=1983-84&SeasonType=Regular%20Season&TeamID=1610612741
1984,1983–84,78310,Reggie Theus,0028300453,1984-01-19,CHI @ NYK,NYK,L,22,14,4,10,1,3,5,6,1.0,1.0,2,5,3,0,6.0,4,,8.1,55.379746835443036,https://www.nba.com/stats/players/boxscores-traditional?Season=1983-84&SeasonType=Regular%20Season&TeamID=1610612741
1984,1983–84,76453,Dave Corzine,0028300453,1984-01-19,CHI @ NYK,NYK,L,30,13,6,9,0,0,1,2,2.0,4.0,6,0,1,1,2.0,3,,9.8,65.78947368421052,https://www.nba.com/stats/players/boxscores-traditional?Season=1983-84&SeasonType=Regular%20Season&TeamID=1610612741
1984,1983–84,76876,Sidney Green,0028300453,1984-01-19,CHI @ NYK,NYK,L,15,4,2,7,0,0,0,0,1.0,2.0,3,1,0,0,2.0,5,,-2.0999999999999996,28.57142857142857,https://www.nba.com/stats/players/boxscores-traditional?Season=1983-84&SeasonType=Regular%20Season&TeamID=1610612741
1984,1983–84,78615,Orlando Woolridge,0028300453,1984-01-19,CHI @ NYK,NYK,L,25,19,6,11,0,0,7,10,0.0,2.0,2,0,0,0,1.0,4,,10.5,61.68831168831169,https://www.nba.com/stats/players/boxscores-traditional?Season=1983-84&SeasonType=Regular%20Season&TeamID=1610612741
1984,1983–84,76497,Quintin Dailey,0028300453,1984-01-19,CHI @ NYK,NYK,L,15,8,4,6,0,0,0,0,0.0,1.0,1,4,1,0,2.0,2,,6.699999999999999,66.66666666666666,https://www.nba.com/stats/players/boxscores-traditional?Season=1983-84&SeasonType=Regular%20Season&TeamID=1610612741
1984,1983–84,76881,David Greenwood,0028300453,1984-01-19,CHI @ NYK,NYK,L,20,4,1,3,0,0,2,2,2.0,1.0,3,1,0,0,2.0,4,,1.100000000000001,51.54639175257733,https://www.nba.com/stats/players/boxscores-traditional?Season=1983-84&SeasonType=Regular%20Season&TeamID=1610612741
1984,1983–84,941,Ennis Whatley,0028300442,1984-01-17,CHI vs. CLE,CLE,L,35,12,4,6,0,0,4,4,2.0,0.0,2,9,2,0,4.0,3,,13.900000000000002,77.31958762886599,https://www.nba.com/stats/players/boxscores-traditional?Season=1983-84&SeasonType=Regular%20Season&TeamID=1610612741
1984,1983–84,77373,Ronnie Lester,0028300442,1984-01-17,CHI vs. CLE,CLE,L,7,2,0,0,0,0,2,2,0.0,1.0,1,4,0,0,0.0,0,,5.1,113.63636363636364,https://www.nba.com/stats/players/boxscores-traditional?Season=1983-84&SeasonType=Regular%20Season&TeamID=1610612741
1984,1983–84,77757,Jawann Oldham,0028300442,1984-01-17,CHI vs. CLE,CLE,L,7,0,0,0,0,0,0,0,0.0,1.0,1,0,0,1,1.0,1,,-0.4,0.0,https://www.nba.com/stats/players/boxscores-traditional?Season=1983-84&SeasonType=Regular%20Season&TeamID=1610612741
1984,1983–84,76453,Dave Corzine,0028300442,1984-01-17,CHI vs. CLE,CLE,L,38,20,6,13,0,0,8,10,3.0,5.0,8,3,0,0,4.0,2,,13.399999999999995,57.4712643678161,https://www.nba.com/stats/players/boxscores-traditional?Season=1983-84&SeasonType=Regular%20Season&TeamID=1610612741
1984,1983–84,76497,Quintin Dailey,0028300442,1984-01-17,CHI vs. CLE,CLE,L,16,4,1,7,0,0,2,2,0.0,2.0,2,1,1,0,3.0,2,,-1.9999999999999991,25.380710659898476,https://www.nba.com/stats/players/boxscores-traditional?Season=1983-84&SeasonType=Regular%20Season&TeamID=1610612741
1984,1983–84,76881,David Greenwood,0028300442,1984-01-17,CHI vs. CLE,CLE,L,44,20,8,8,0,0,4,6,3.0,15.0,18,3,2,0,4.0,4,,21.9,93.98496240601504,https://www.nba.com/stats/players/boxscores-traditional?Season=1983-84&SeasonType=Regular%20Season&TeamID=1610612741
1984,1983–84,78615,Orlando Woolridge,0028300442,1984-01-17,CHI vs. CLE,CLE,L,44,23,6,16,0,0,11,13,1.0,3.0,4,5,1,0,6.0,2,,12.7,52.94659300184163,https://www.nba.com/stats/players/boxscores-traditional?Season=1983-84&SeasonType=Regular%20Season&TeamID=1610612741
1984,1983–84,77019,Rod Higgins,0028300442,1984-01-17,CHI vs. CLE,CLE,L,11,0,0,2,0,1,0,0,0.0,1.0,1,1,0,0,1.0,4,,-3.0,0.0,https://www.nba.com/stats/players/boxscores-traditional?Season=1983-84&SeasonType=Regular%20Season&TeamID=1610612741
1984,1983–84,78523,Mitchell Wiggins,0028300442,1984-01-17,CHI vs. CLE,CLE,L,38,22,9,18,0,0,4,5,2.0,3.0,5,3,2,0,2.0,6,,14.600000000000001,54.45544554455446,https://www.nba.com/stats/players/boxscores-traditional?Season=1983-84&SeasonType=Regular%20Season&TeamID=1610612741
1984,1983–84,78523,Mitchell Wiggins,0028300426,1984-01-14,CHI vs. NYK,NYK,L,36,28,10,19,0,0,8,10,3.0,2.0,5,5,1,1,0.0,5,,23.8,59.82905982905983,https://www.nba.com/stats/players/boxscores-traditional?Season=1983-84&SeasonType=Regular%20Season&TeamID=1610612741
1984,1983–84,941,Ennis Whatley,0028300426,1984-01-14,CHI vs. NYK,NYK,L,41,8,3,10,0,0,2,2,3.0,2.0,5,22,4,0,3.0,1,,20.9,36.764705882352935,https://www.nba.com/stats/players/boxscores-traditional?Season=1983-84&SeasonType=Regular%20Season&TeamID=1610612741
1984,1983–84,77019,Rod Higgins,0028300426,1984-01-14,CHI vs. NYK,NYK,L,14,2,1,4,0,0,0,0,1.0,0.0,1,0,1,0,1.0,0,,0.30000000000000004,25.0,https://www.nba.com/stats/players/boxscores-traditional?Season=1983-84&SeasonType=Regular%20Season&TeamID=1610612741
1984,1983–84,76497,Quintin Dailey,0028300426,1984-01-14,CHI vs. NYK,NYK,L,19,11,3,8,0,0,5,6,0.0,3.0,3,1,1,0,2.0,2,,5.999999999999999,51.691729323308266,https://www.nba.com/stats/players/boxscores-traditional?Season=1983-84&SeasonType=Regular%20Season&TeamID=1610612741
1984,1983–84,76876,Sidney Green,0028300426,1984-01-14,CHI vs. NYK,NYK,L,5,2,1,3,0,0,0,0,1.0,2.0,3,0,0,0,2.0,2,,-1.2,33.33333333333333,https://www.nba.com/stats/players/boxscores-traditional?Season=1983-84&SeasonType=Regular%20Season&TeamID=1610612741
1984,1983–84,76453,Dave Corzine,0028300426,1984-01-14,CHI vs. NYK,NYK,L,36,6,2,6,0,0,2,4,3.0,3.0,6,2,0,2,2.0,4,,4.000000000000002,38.659793814432994,https://www.nba.com/stats/players/boxscores-traditional?Season=1983-84&SeasonType=Regular%20Season&TeamID=1610612741
1984,1983–84,77757,Jawann Oldham,0028300426,1984-01-14,CHI vs. NYK,NYK,L,12,2,1,7,0,0,0,0,4.0,0.0,4,1,0,3,0.0,1,,2.6999999999999997,14.285714285714285,https://www.nba.com/stats/players/boxscores-traditional?Season=1983-84&SeasonType=Regular%20Season&TeamID=1610612741
1984,1983–84,78615,Orlando Woolridge,0028300426,1984-01-14,CHI vs. NYK,NYK,L,37,28,10,16,0,0,8,10,1.0,3.0,4,3,0,1,0.0,6,,21.999999999999993,68.62745098039215,https://www.nba.com/stats/players/boxscores-traditional?Season=1983-84&SeasonType=Regular%20Season&TeamID=1610612741
1984,1983–84,76881,David Greenwood,0028300426,1984-01-14,CHI vs. NYK,NYK,L,40,24,11,19,0,0,2,4,7.0,11.0,18,1,0,1,0.0,6,,21.5,57.80346820809248,https://www.nba.com/stats/players/boxscores-traditional?Season=1983-84&SeasonType=Regular%20Season&TeamID=1610612741
1984,1983–84,78615,Orlando Woolridge,0028300419,1984-01-13,CHI @ DET,DET,L,36,21,8,14,0,0,5,7,2.0,3.0,5,2,0,1,5.0,4,,11.399999999999999,61.47540983606557,https://www.nba.com/stats/players/boxscores-traditional?Season=1983-84&SeasonType=Regular%20Season&TeamID=1610612741
1984,1983–84,76453,Dave Corzine,0028300419,1984-01-13,CHI @ DET,DET,L,40,16,6,8,0,0,4,5,3.0,5.0,8,5,0,2,3.0,2,,17.099999999999998,78.43137254901961,https://www.nba.com/stats/players/boxscores-traditional?Season=1983-84&SeasonType=Regular%20Season&TeamID=1610612741
1984,1983–84,77373,Ronnie Lester,0028300419,1984-01-13,CHI @ DET,DET,L,18,5,2,5,0,0,1,2,0.0,0.0,0,4,0,0,1.0,1,,3.299999999999999,42.51700680272109,https://www.nba.com/stats/players/boxscores-traditional?Season=1983-84&SeasonType=Regular%20Season&TeamID=1610612741
1984,1983–84,941,Ennis Whatley,0028300419,1984-01-13,CHI @ DET,DET,L,22,18,7,9,0,0,4,4,0.0,0.0,0,5,1,0,2.0,6,,14.600000000000001,83.64312267657994,https://www.nba.com/stats/players/boxscores-traditional?Season=1983-84&SeasonType=Regular%20Season&TeamID=1610612741
1984,1983–84,76497,Quintin Dailey,0028300419,1984-01-13,CHI @ DET,DET,L,29,16,5,12,0,1,6,6,1.0,3.0,4,0,0,0,4.0,2,,6.4,54.64480874316939,https://www.nba.com/stats/players/boxscores-traditional?Season=1983-84&SeasonType=Regular%20Season&TeamID=1610612741
1984,1983–84,76876,Sidney Green,0028300419,1984-01-13,CHI @ DET,DET,L,5,0,0,1,0,0,0,0,0.0,1.0,1,0,0,0,0.0,2,,-1.2,0.0,https://www.nba.com/stats/players/boxscores-traditional?Season=1983-84&SeasonType=Regular%20Season&TeamID=1610612741
1984,1983–84,76881,David Greenwood,0028300419,1984-01-13,CHI @ DET,DET,L,37,14,2,6,0,0,10,12,1.0,10.0,11,1,0,3,3.0,2,,12.499999999999996,62.056737588652474,https://www.nba.com/stats/players/boxscores-traditional?Season=1983-84&SeasonType=Regular%20Season&TeamID=1610612741
1984,1983–84,78523,Mitchell Wiggins,0028300419,1984-01-13,CHI @ DET,DET,L,27,6,3,8,0,0,0,0,1.0,5.0,6,2,1,0,1.0,5,,3.200000000000001,37.5,https://www.nba.com/stats/players/boxscores-traditional?Season=1983-84&SeasonType=Regular%20Season&TeamID=1610612741
1984,1983–84,77019,Rod Higgins,0028300419,1984-01-13,CHI @ DET,DET,L,18,8,2,3,0,0,4,4,1.0,1.0,2,2,0,1,0.0,0,,9.8,84.03361344537815,https://www.nba.com/stats/players/boxscores-traditional?Season=1983-84&SeasonType=Regular%20Season&TeamID=1610612741
1984,1983–84,77757,Jawann Oldham,0028300419,1984-01-13,CHI @ DET,DET,L,8,0,0,0,0,0,0,0,0.0,0.0,0,0,0,0,0.0,0,,0.0,0.0,https://www.nba.com/stats/players/boxscores-traditional?Season=1983-84&SeasonType=Regular%20Season&TeamID=1610612741
1984,1983–84,941,Ennis Whatley,0028300408,1984-01-11,CHI @ NJN,NJN,L,25,6,3,10,0,0,0,0,1.0,1.0,2,7,2,0,5.0,2,,2.3,30.0,https://www.nba.com/stats/players/boxscores-traditional?Season=1983-84&SeasonType=Regular%20Season&TeamID=1610612741
1984,1983–84,76453,Dave Corzine,0028300408,1984-01-11,CHI @ NJN,NJN,L,29,13,5,11,0,0,3,4,2.0,8.0,10,1,1,1,3.0,4,,8.5,50.94043887147336,https://www.nba.com/stats/players/boxscores-traditional?Season=1983-84&SeasonType=Regular%20Season&TeamID=1610612741
1984,1983–84,77373,Ronnie Lester,0028300408,1984-01-11,CHI @ NJN,NJN,L,23,2,0,4,0,0,2,2,0.0,2.0,2,4,3,0,0.0,0,,5.6,20.491803278688526,https://www.nba.com/stats/players/boxscores-traditional?Season=1983-84&SeasonType=Regular%20Season&TeamID=1610612741
1984,1983–84,78523,Mitchell Wiggins,0028300408,1984-01-11,CHI @ NJN,NJN,L,22,10,3,9,0,0,4,4,2.0,1.0,3,0,2,0,2.0,3,,5.399999999999998,46.468401486988846,https://www.nba.com/stats/players/boxscores-traditional?Season=1983-84&SeasonType=Regular%20Season&TeamID=1610612741
1984,1983–84,76876,Sidney Green,0028300408,1984-01-11,CHI @ NJN,NJN,L,17,14,5,7,0,0,4,6,4.0,6.0,10,1,1,0,2.0,4,,13.000000000000002,72.61410788381743,https://www.nba.com/stats/players/boxscores-traditional?Season=1983-84&SeasonType=Regular%20Season&TeamID=1610612741
1984,1983–84,76497,Quintin Dailey,0028300408,1984-01-11,CHI @ NJN,NJN,L,14,8,4,6,0,0,0,0,0.0,2.0,2,0,0,0,1.0,4,,3.4000000000000004,66.66666666666666,https://www.nba.com/stats/players/boxscores-traditional?Season=1983-84&SeasonType=Regular%20Season&TeamID=1610612741
1984,1983–84,76881,David Greenwood,0028300408,1984-01-11,CHI @ NJN,NJN,L,25,4,2,5,0,0,0,0,0.0,3.0,3,0,0,1,3.0,1,,-0.5000000000000004,40.0,https://www.nba.com/stats/players/boxscores-traditional?Season=1983-84&SeasonType=Regular%20Season&TeamID=1610612741
1984,1983–84,78615,Orlando Woolridge,0028300408,1984-01-11,CHI @ NJN,NJN,L,28,21,8,13,0,0,5,6,2.0,1.0,3,2,2,0,2.0,3,,16.599999999999998,67.13554987212275,https://www.nba.com/stats/players/boxscores-traditional?Season=1983-84&SeasonType=Regular%20Season&TeamID=1610612741
1984,1983–84,76291,Wallace Bryant,0028300408,1984-01-11,CHI @ NJN,NJN,L,11,7,3,8,0,0,1,4,3.0,2.0,5,1,0,0,0.0,2,,3.999999999999999,35.86065573770492,https://www.nba.com/stats/players/boxscores-traditional?Season=1983-84&SeasonType=Regular%20Season&TeamID=1610612741
1984,1983–84,77019,Rod Higgins,0028300408,1984-01-11,CHI @ NJN,NJN,L,15,8,2,5,0,1,4,4,0.0,0.0,0,0,0,0,3.0,1,,1.9000000000000004,59.171597633136095,https://www.nba.com/stats/players/boxscores-traditional?Season=1983-84&SeasonType=Regular%20Season&TeamID=1610612741
1984,1983–84,77757,Jawann Oldham,0028300408,1984-01-11,CHI @ NJN,NJN,L,19,4,2,3,0,0,0,1,0.0,2.0,2,0,0,0,3.0,3,,-1.2999999999999998,58.139534883720934,https://www.nba.com/stats/players/boxscores-traditional?Season=1983-84&SeasonType=Regular%20Season&TeamID=1610612741
1984,1983–84,78310,Reggie Theus,0028300408,1984-01-11,CHI @ NJN,NJN,L,12,8,4,7,0,0,0,0,0.0,1.0,1,1,0,0,1.0,2,,3.9000000000000004,57.14285714285714,https://www.nba.com/stats/players/boxscores-traditional?Season=1983-84&SeasonType=Regular%20Season&TeamID=1610612741
1984,1983–84,941,Ennis Whatley,0028300402,1984-01-10,CHI vs. IND,IND,W,32,8,2,8,0,0,4,6,1.0,0.0,1,11,2,0,4.0,4,,7.200000000000001,37.59398496240601,https://www.nba.com/stats/players/boxscores-traditional?Season=1983-84&SeasonType=Regular%20Season&TeamID=1610612741
1984,1983–84,76453,Dave Corzine,0028300402,1984-01-10,CHI vs. IND,IND,W,34,10,4,16,0,0,2,2,5.0,11.0,16,4,2,5,6.0,3,,8.3,29.620853080568722,https://www.nba.com/stats/players/boxscores-traditional?Season=1983-84&SeasonType=Regular%20Season&TeamID=1610612741
1984,1983–84,77757,Jawann Oldham,0028300402,1984-01-10,CHI vs. IND,IND,W,14,6,3,5,0,0,0,0,2.0,2.0,4,0,0,1,3.0,1,,2.999999999999999,60.0,https://www.nba.com/stats/players/boxscores-traditional?Season=1983-84&SeasonType=Regular%20Season&TeamID=1610612741
1984,1983–84,76881,David Greenwood,0028300402,1984-01-10,CHI vs. IND,IND,W,44,20,9,15,0,0,2,2,4.0,7.0,11,5,1,1,0.0,4,,21.6,62.97229219143576,https://www.nba.com/stats/players/boxscores-traditional?Season=1983-84&SeasonType=Regular%20Season&TeamID=1610612741
1984,1983–84,78523,Mitchell Wiggins,0028300402,1984-01-10,CHI vs. IND,IND,W,39,22,10,19,0,0,2,4,2.0,3.0,5,2,3,0,2.0,5,,14.600000000000001,52.98651252408477,https://www.nba.com/stats/players/boxscores-traditional?Season=1983-84&SeasonType=Regular%20Season&TeamID=1610612741
1984,1983–84,77019,Rod Higgins,0028300402,1984-01-10,CHI vs. IND,IND,W,17,11,5,8,0,0,1,2,3.0,1.0,4,0,3,0,1.0,1,,11.0,61.936936936936924,https://www.nba.com/stats/players/boxscores-traditional?Season=1983-84&SeasonType=Regular%20Season&TeamID=1610612741
1984,1983–84,76497,Quintin Dailey,0028300402,1984-01-10,CHI vs. IND,IND,W,25,2,1,9,0,0,0,0,1.0,1.0,2,1,2,0,5.0,1,,-5.6000000000000005,11.11111111111111,https://www.nba.com/stats/players/boxscores-traditional?Season=1983-84&SeasonType=Regular%20Season&TeamID=1610612741
1984,1983–84,78615,Orlando Woolridge,0028300402,1984-01-10,CHI vs. IND,IND,W,35,26,9,19,0,0,8,12,5.0,4.0,9,3,1,0,2.0,2,,19.7,53.54200988467874,https://www.nba.com/stats/players/boxscores-traditional?Season=1983-84&SeasonType=Regular%20Season&TeamID=1610612741
1984,1983–84,77757,Jawann Oldham,0028300385,1984-01-07,CHI vs. WAS,WAS,W,22,8,4,6,0,0,0,1,1.0,5.0,6,0,0,2,0.0,2,,7.8,62.11180124223602,https://www.nba.com/stats/players/boxscores-traditional?Season=1983-84&SeasonType=Regular%20Season&TeamID=1610612741
1984,1983–84,78523,Mitchell Wiggins,0028300385,1984-01-07,CHI vs. WAS,WAS,W,35,21,9,17,0,0,3,3,1.0,8.0,9,2,1,0,2.0,4,,14.600000000000001,57.314410480349345,https://www.nba.com/stats/players/boxscores-traditional?Season=1983-84&SeasonType=Regular%20Season&TeamID=1610612741
1984,1983–84,76453,Dave Corzine,0028300385,1984-01-07,CHI vs. WAS,WAS,W,27,8,3,11,0,0,2,2,2.0,4.0,6,3,0,2,3.0,4,,3.0,33.67003367003367,https://www.nba.com/stats/players/boxscores-traditional?Season=1983-84&SeasonType=Regular%20Season&TeamID=1610612741
1984,1983–84,77019,Rod Higgins,0028300385,1984-01-07,CHI vs. WAS,WAS,W,21,6,3,7,0,0,0,0,2.0,0.0,2,0,1,0,1.0,3,,2.500000000000001,42.857142857142854,https://www.nba.com/stats/players/boxscores-traditional?Season=1983-84&SeasonType=Regular%20Season&TeamID=1610612741
1984,1983–84,941,Ennis Whatley,0028300385,1984-01-07,CHI vs. WAS,WAS,W,39,9,4,13,0,0,1,1,0.0,1.0,1,17,1,0,1.0,2,,12.899999999999999,33.48214285714286,https://www.nba.com/stats/players/boxscores-traditional?Season=1983-84&SeasonType=Regular%20Season&TeamID=1610612741
1984,1983–84,76497,Quintin Dailey,0028300385,1984-01-07,CHI vs. WAS,WAS,W,22,8,3,11,0,1,2,2,0.0,3.0,3,5,1,0,2.0,1,,4.5,33.67003367003367,https://www.nba.com/stats/players/boxscores-traditional?Season=1983-84&SeasonType=Regular%20Season&TeamID=1610612741
1984,1983–84,76881,David Greenwood,0028300385,1984-01-07,CHI vs. WAS,WAS,W,40,9,3,10,0,0,3,4,6.0,16.0,22,0,0,2,1.0,2,,11.399999999999997,38.265306122448976,https://www.nba.com/stats/players/boxscores-traditional?Season=1983-84&SeasonType=Regular%20Season&TeamID=1610612741
1984,1983–84,78615,Orlando Woolridge,0028300385,1984-01-07,CHI vs. WAS,WAS,W,34,18,7,10,0,0,4,8,0.0,4.0,4,2,1,0,2.0,2,,13.0,66.56804733727812,https://www.nba.com/stats/players/boxscores-traditional?Season=1983-84&SeasonType=Regular%20Season&TeamID=1610612741
1984,1983–84,941,Ennis Whatley,0028300374,1984-01-06,CHI @ WAS,WAS,L,44,12,6,14,0,0,0,0,3.0,5.0,8,9,4,0,6.0,0,,12.5,42.857142857142854,https://www.nba.com/stats/players/boxscores-traditional?Season=1983-84&SeasonType=Regular%20Season&TeamID=1610612741
1984,1983–84,76497,Quintin Dailey,0028300374,1984-01-06,CHI @ WAS,WAS,L,26,6,3,10,0,1,0,2,0.0,2.0,2,3,2,1,4.0,0,,0.7999999999999998,27.573529411764703,https://www.nba.com/stats/players/boxscores-traditional?Season=1983-84&SeasonType=Regular%20Season&TeamID=1610612741
1984,1983–84,76876,Sidney Green,0028300374,1984-01-06,CHI @ WAS,WAS,L,4,2,1,1,0,0,0,0,1.0,1.0,2,0,0,1,2.0,2,,0.5999999999999996,100.0,https://www.nba.com/stats/players/boxscores-traditional?Season=1983-84&SeasonType=Regular%20Season&TeamID=1610612741
1984,1983–84,77019,Rod Higgins,0028300374,1984-01-06,CHI @ WAS,WAS,L,14,4,2,2,0,0,0,0,0.0,4.0,4,0,0,0,0.0,3,,3.3999999999999995,100.0,https://www.nba.com/stats/players/boxscores-traditional?Season=1983-84&SeasonType=Regular%20Season&TeamID=1610612741
1984,1983–84,76881,David Greenwood,0028300374,1984-01-06,CHI @ WAS,WAS,L,48,13,6,12,0,0,1,3,4.0,8.0,12,2,1,7,5.0,6,,11.300000000000004,48.7987987987988,https://www.nba.com/stats/players/boxscores-traditional?Season=1983-84&SeasonType=Regular%20Season&TeamID=1610612741
1984,1983–84,78523,Mitchell Wiggins,0028300374,1984-01-06,CHI @ WAS,WAS,L,36,14,5,19,0,1,4,6,3.0,4.0,7,1,0,0,3.0,3,,1.700000000000001,32.34750462107209,https://www.nba.com/stats/players/boxscores-traditional?Season=1983-84&SeasonType=Regular%20Season&TeamID=1610612741
1984,1983–84,78615,Orlando Woolridge,0028300374,1984-01-06,CHI @ WAS,WAS,L,43,21,8,16,0,0,5,9,5.0,4.0,9,0,1,0,3.0,1,,13.700000000000003,52.605210420841686,https://www.nba.com/stats/players/boxscores-traditional?Season=1983-84&SeasonType=Regular%20Season&TeamID=1610612741
1984,1983–84,76453,Dave Corzine,0028300374,1984-01-06,CHI @ WAS,WAS,L,50,16,5,12,1,2,5,5,2.0,7.0,9,3,2,5,4.0,3,,15.500000000000004,56.33802816901409,https://www.nba.com/stats/players/boxscores-traditional?Season=1983-84&SeasonType=Regular%20Season&TeamID=1610612741
1984,1983–84,941,Ennis Whatley,0028300370,1984-01-04,CHI @ IND,IND,L,33,4,2,8,0,0,0,0,2.0,4.0,6,10,2,0,6.0,1,,4.4,25.0,https://www.nba.com/stats/players/boxscores-traditional?Season=1983-84&SeasonType=Regular%20Season&TeamID=1610612741
1984,1983–84,76453,Dave Corzine,0028300370,1984-01-04,CHI @ IND,IND,L,39,12,4,10,0,0,4,4,0.0,9.0,9,3,0,1,3.0,2,,8.299999999999997,51.02040816326531,https://www.nba.com/stats/players/boxscores-traditional?Season=1983-84&SeasonType=Regular%20Season&TeamID=1610612741
1984,1983–84,77757,Jawann Oldham,0028300370,1984-01-04,CHI @ IND,IND,L,5,2,1,2,0,0,0,0,0.0,1.0,1,0,0,0,0.0,2,,0.5,50.0,https://www.nba.com/stats/players/boxscores-traditional?Season=1983-84&SeasonType=Regular%20Season&TeamID=1610612741
1984,1983–84,76497,Quintin Dailey,0028300370,1984-01-04,CHI @ IND,IND,L,26,18,8,19,0,1,2,3,0.0,2.0,2,0,2,0,3.0,0,,7.1,44.29133858267716,https://www.nba.com/stats/players/boxscores-traditional?Season=1983-84&SeasonType=Regular%20Season&TeamID=1610612741
1984,1983–84,76876,Sidney Green,0028300370,1984-01-04,CHI @ IND,IND,L,8,0,0,1,0,0,0,0,2.0,1.0,3,0,0,0,4.0,3,,-4.2,0.0,https://www.nba.com/stats/players/boxscores-traditional?Season=1983-84&SeasonType=Regular%20Season&TeamID=1610612741
1984,1983–84,78615,Orlando Woolridge,0028300370,1984-01-04,CHI @ IND,IND,L,36,22,9,19,0,0,4,5,1.0,5.0,6,0,0,0,3.0,3,,9.900000000000002,51.886792452830186,https://www.nba.com/stats/players/boxscores-traditional?Season=1983-84&SeasonType=Regular%20Season&TeamID=1610612741
1984,1983–84,77019,Rod Higgins,0028300370,1984-01-04,CHI @ IND,IND,L,12,4,2,2,0,0,0,4,2.0,2.0,4,2,0,1,0.0,2,,5.1,53.191489361702125,https://www.nba.com/stats/players/boxscores-traditional?Season=1983-84&SeasonType=Regular%20Season&TeamID=1610612741
1984,1983–84,78523,Mitchell Wiggins,0028300370,1984-01-04,CHI @ IND,IND,L,40,14,5,15,1,2,3,4,4.0,5.0,9,3,2,1,4.0,3,,8.999999999999996,41.76610978520286,https://www.nba.com/stats/players/boxscores-traditional?Season=1983-84&SeasonType=Regular%20Season&TeamID=1610612741
1984,1983–84,76881,David Greenwood,0028300370,1984-01-04,CHI @ IND,IND,L,41,13,6,9,0,0,1,2,2.0,7.0,9,3,1,0,1.0,3,,13.100000000000001,65.78947368421052,https://www.nba.com/stats/players/boxscores-traditional?Season=1983-84&SeasonType=Regular%20Season&TeamID=1610612741
1984,1983–84,77019,Rod Higgins,0028300358,1984-01-03,CHI vs. PHX,PHX,W,10,1,0,2,0,0,1,2,0.0,0.0,0,1,1,0,2.0,2,,-1.9,17.36111111111111,https://www.nba.com/stats/players/boxscores-traditional?Season=1983-84&SeasonType=Regular%20Season&TeamID=1610612741
1984,1983–84,78615,Orlando Woolridge,0028300358,1984-01-03,CHI vs. PHX,PHX,W,40,18,6,16,0,0,6,10,1.0,6.0,7,1,2,0,4.0,3,,7.599999999999998,44.117647058823536,https://www.nba.com/stats/players/boxscores-traditional?Season=1983-84&SeasonType=Regular%20Season&TeamID=1610612741
1984,1983–84,76453,Dave Corzine,0028300358,1984-01-03,CHI vs. PHX,PHX,W,40,19,8,13,0,0,3,5,4.0,7.0,11,3,1,2,1.0,3,,19.499999999999996,62.5,https://www.nba.com/stats/players/boxscores-traditional?Season=1983-84&SeasonType=Regular%20Season&TeamID=1610612741
1984,1983–84,78523,Mitchell Wiggins,0028300358,1984-01-03,CHI vs. PHX,PHX,W,38,22,9,16,0,0,4,6,0.0,5.0,5,2,3,0,1.0,3,,17.3,59.01287553648068,https://www.nba.com/stats/players/boxscores-traditional?Season=1983-84&SeasonType=Regular%20Season&TeamID=1610612741
1984,1983–84,76876,Sidney Green,0028300358,1984-01-03,CHI vs. PHX,PHX,W,7,0,0,1,0,0,0,0,0.0,2.0,2,0,1,0,0.0,1,,0.5,0.0,https://www.nba.com/stats/players/boxscores-traditional?Season=1983-84&SeasonType=Regular%20Season&TeamID=1610612741
1984,1983–84,941,Ennis Whatley,0028300358,1984-01-03,CHI vs. PHX,PHX,W,39,12,2,8,0,0,8,10,3.0,1.0,4,18,1,0,2.0,3,,19.2,48.387096774193544,https://www.nba.com/stats/players/boxscores-traditional?Season=1983-84&SeasonType=Regular%20Season&TeamID=1610612741
1984,1983–84,76497,Quintin Dailey,0028300358,1984-01-03,CHI vs. PHX,PHX,W,19,12,5,11,0,0,2,2,1.0,3.0,4,2,2,0,2.0,0,,9.3,50.5050505050505,https://www.nba.com/stats/players/boxscores-traditional?Season=1983-84&SeasonType=Regular%20Season&TeamID=1610612741
1984,1983–84,76881,David Greenwood,0028300358,1984-01-03,CHI vs. PHX,PHX,W,39,16,7,14,0,0,2,4,1.0,4.0,5,1,2,1,0.0,5,,11.499999999999998,50.76142131979695,https://www.nba.com/stats/players/boxscores-traditional?Season=1983-84&SeasonType=Regular%20Season&TeamID=1610612741
1984,1983–84,77757,Jawann Oldham,0028300358,1984-01-03,CHI vs. PHX,PHX,W,8,2,1,2,0,0,0,0,2.0,1.0,3,0,0,0,1.0,2,,0.8999999999999997,50.0,https://www.nba.com/stats/players/boxscores-traditional?Season=1983-84&SeasonType=Regular%20Season&TeamID=1610612741
1984,1983–84,76497,Quintin Dailey,0028300342,1983-12-30,CHI @ DET,DET,L,29,23,7,16,1,4,8,10,1.0,3.0,4,2,1,1,3.0,3,,14.299999999999997,56.372549019607845,https://www.nba.com/stats/players/boxscores-traditional?Season=1983-84&SeasonType=Regular%20Season&TeamID=1610612741
1984,1983–84,76881,David Greenwood,0028300342,1983-12-30,CHI @ DET,DET,L,40,6,2,6,0,0,2,4,1.0,9.0,10,0,0,1,0.0,4,,4.300000000000001,38.659793814432994,https://www.nba.com/stats/players/boxscores-traditional?Season=1983-84&SeasonType=Regular%20Season&TeamID=1610612741
1984,1983–84,78523,Mitchell Wiggins,0028300342,1983-12-30,CHI @ DET,DET,L,33,16,5,12,0,1,6,11,3.0,4.0,7,0,1,0,2.0,5,,7.9,47.50593824228029,https://www.nba.com/stats/players/boxscores-traditional?Season=1983-84&SeasonType=Regular%20Season&TeamID=1610612741
1984,1983–84,76876,Sidney Green,0028300342,1983-12-30,CHI @ DET,DET,L,7,0,0,2,0,0,0,0,0.0,1.0,1,0,0,0,0.0,3,,-2.3,0.0,https://www.nba.com/stats/players/boxscores-traditional?Season=1983-84&SeasonType=Regular%20Season&TeamID=1610612741
1984,1983–84,77757,Jawann Oldham,0028300342,1983-12-30,CHI @ DET,DET,L,6,0,0,1,0,0,0,0,0.0,0.0,0,1,0,0,0.0,0,,0.0,0.0,https://www.nba.com/stats/players/boxscores-traditional?Season=1983-84&SeasonType=Regular%20Season&TeamID=1610612741
1984,1983–84,941,Ennis Whatley,0028300342,1983-12-30,CHI @ DET,DET,L,34,13,5,11,0,0,3,5,0.0,2.0,2,11,0,1,5.0,2,,9.7,49.24242424242424,https://www.nba.com/stats/players/boxscores-traditional?Season=1983-84&SeasonType=Regular%20Season&TeamID=1610612741
1984,1983–84,76453,Dave Corzine,0028300342,1983-12-30,CHI @ DET,DET,L,32,13,6,13,0,0,1,1,4.0,3.0,7,0,0,0,1.0,5,,7.000000000000002,48.36309523809524,https://www.nba.com/stats/players/boxscores-traditional?Season=1983-84&SeasonType=Regular%20Season&TeamID=1610612741
1984,1983–84,76291,Wallace Bryant,0028300342,1983-12-30,CHI @ DET,DET,L,6,2,1,2,0,0,0,2,1.0,0.0,1,1,1,0,0.0,2,,1.7999999999999996,34.72222222222222,https://www.nba.com/stats/players/boxscores-traditional?Season=1983-84&SeasonType=Regular%20Season&TeamID=1610612741
1984,1983–84,77019,Rod Higgins,0028300342,1983-12-30,CHI @ DET,DET,L,11,2,1,6,0,0,0,0,1.0,0.0,1,1,1,0,0.0,1,,0.2000000000000005,16.666666666666664,https://www.nba.com/stats/players/boxscores-traditional?Season=1983-84&SeasonType=Regular%20Season&TeamID=1610612741
1984,1983–84,78615,Orlando Woolridge,0028300342,1983-12-30,CHI @ DET,DET,L,42,21,8,12,0,0,5,7,3.0,6.0,9,2,1,1,4.0,1,,17.6,69.62864721485411,https://www.nba.com/stats/players/boxscores-traditional?Season=1983-84&SeasonType=Regular%20Season&TeamID=1610612741
1984,1983–84,76876,Sidney Green,0028300335,1983-12-29,CHI vs. POR,POR,W,8,0,0,2,0,0,0,0,0.0,0.0,0,2,1,0,0.0,1,,0.6,0.0,https://www.nba.com/stats/players/boxscores-traditional?Season=1983-84&SeasonType=Regular%20Season&TeamID=1610612741
1984,1983–84,78523,Mitchell Wiggins,0028300335,1983-12-29,CHI vs. POR,POR,W,41,10,4,8,0,1,2,2,0.0,5.0,5,1,2,0,2.0,4,,6.6,56.3063063063063,https://www.nba.com/stats/players/boxscores-traditional?Season=1983-84&SeasonType=Regular%20Season&TeamID=1610612741
1984,1983–84,76497,Quintin Dailey,0028300335,1983-12-29,CHI vs. POR,POR,W,25,14,6,12,0,0,2,2,0.0,2.0,2,4,1,0,8.0,1,,3.9999999999999982,54.347826086956516,https://www.nba.com/stats/players/boxscores-traditional?Season=1983-84&SeasonType=Regular%20Season&TeamID=1610612741
1984,1983–84,78615,Orlando Woolridge,0028300335,1983-12-29,CHI vs. POR,POR,W,36,15,6,11,0,0,3,3,1.0,2.0,3,3,2,3,4.0,5,,11.199999999999996,60.87662337662337,https://www.nba.com/stats/players/boxscores-traditional?Season=1983-84&SeasonType=Regular%20Season&TeamID=1610612741
1984,1983–84,76453,Dave Corzine,0028300335,1983-12-29,CHI vs. POR,POR,W,47,24,9,14,0,0,6,7,3.0,7.0,10,2,2,1,1.0,1,,24.300000000000008,70.25761124121782,https://www.nba.com/stats/players/boxscores-traditional?Season=1983-84&SeasonType=Regular%20Season&TeamID=1610612741
1984,1983–84,941,Ennis Whatley,0028300335,1983-12-29,CHI vs. POR,POR,W,24,14,7,10,0,0,0,1,1.0,2.0,3,8,2,0,4.0,4,,12.699999999999996,67.04980842911877,https://www.nba.com/stats/players/boxscores-traditional?Season=1983-84&SeasonType=Regular%20Season&TeamID=1610612741
1984,1983–84,76881,David Greenwood,0028300335,1983-12-29,CHI vs. POR,POR,W,29,13,5,7,0,0,3,4,0.0,8.0,8,2,0,1,2.0,4,,10.600000000000001,74.20091324200914,https://www.nba.com/stats/players/boxscores-traditional?Season=1983-84&SeasonType=Regular%20Season&TeamID=1610612741
1984,1983–84,77019,Rod Higgins,0028300335,1983-12-29,CHI vs. POR,POR,W,24,8,3,5,0,0,2,3,1.0,0.0,1,0,0,3,2.0,2,,5.299999999999998,63.291139240506325,https://www.nba.com/stats/players/boxscores-traditional?Season=1983-84&SeasonType=Regular%20Season&TeamID=1610612741
1984,1983–84,77373,Ronnie Lester,0028300335,1983-12-29,CHI vs. POR,POR,W,6,2,1,2,0,0,0,0,0.0,0.0,0,2,0,0,0.0,1,,2.0,50.0,https://www.nba.com/stats/players/boxscores-traditional?Season=1983-84&SeasonType=Regular%20Season&TeamID=1610612741
1984,1983–84,941,Ennis Whatley,0028300324,1983-12-27,CHI vs. NYK,NYK,W,37,21,9,11,0,0,3,3,2.0,0.0,2,8,3,0,5.0,5,,19.9,85.22727272727273,https://www.nba.com/stats/players/boxscores-traditional?Season=1983-84&SeasonType=Regular%20Season&TeamID=1610612741
1984,1983–84,76881,David Greenwood,0028300324,1983-12-27,CHI vs. NYK,NYK,W,41,15,4,7,0,0,7,8,2.0,10.0,12,3,0,2,5.0,3,,13.000000000000004,71.29277566539925,https://www.nba.com/stats/players/boxscores-traditional?Season=1983-84&SeasonType=Regular%20Season&TeamID=1610612741
1984,1983–84,77373,Ronnie Lester,0028300324,1983-12-27,CHI vs. NYK,NYK,W,4,0,0,1,0,0,0,0,0.0,0.0,0,1,0,0,0.0,2,,-0.8,0.0,https://www.nba.com/stats/players/boxscores-traditional?Season=1983-84&SeasonType=Regular%20Season&TeamID=1610612741
1984,1983–84,78615,Orlando Woolridge,0028300324,1983-12-27,CHI vs. NYK,NYK,W,31,16,6,11,0,0,4,5,0.0,3.0,3,3,2,0,2.0,5,,11.299999999999999,60.60606060606061,https://www.nba.com/stats/players/boxscores-traditional?Season=1983-84&SeasonType=Regular%20Season&TeamID=1610612741
1984,1983–84,77019,Rod Higgins,0028300324,1983-12-27,CHI vs. NYK,NYK,W,17,3,1,3,0,0,1,2,1.0,1.0,2,3,2,0,5.0,4,,-0.5999999999999996,38.659793814432994,https://www.nba.com/stats/players/boxscores-traditional?Season=1983-84&SeasonType=Regular%20Season&TeamID=1610612741
1984,1983–84,76453,Dave Corzine,0028300324,1983-12-27,CHI vs. NYK,NYK,W,43,19,6,10,0,0,7,12,0.0,6.0,6,1,2,0,1.0,5,,13.899999999999999,62.17277486910995,https://www.nba.com/stats/players/boxscores-traditional?Season=1983-84&SeasonType=Regular%20Season&TeamID=1610612741
1984,1983–84,76497,Quintin Dailey,0028300324,1983-12-27,CHI vs. NYK,NYK,W,27,14,4,11,0,1,6,6,0.0,1.0,1,4,1,0,2.0,3,,8.8,51.31964809384164,https://www.nba.com/stats/players/boxscores-traditional?Season=1983-84&SeasonType=Regular%20Season&TeamID=1610612741
1984,1983–84,76876,Sidney Green,0028300324,1983-12-27,CHI vs. NYK,NYK,W,12,0,0,1,0,0,0,0,2.0,2.0,4,0,1,1,2.0,2,,0.20000000000000018,0.0,https://www.nba.com/stats/players/boxscores-traditional?Season=1983-84&SeasonType=Regular%20Season&TeamID=1610612741
1984,1983–84,78523,Mitchell Wiggins,0028300324,1983-12-27,CHI vs. NYK,NYK,W,28,14,4,10,0,0,6,6,1.0,3.0,4,0,1,0,2.0,3,,8.0,55.379746835443036,https://www.nba.com/stats/players/boxscores-traditional?Season=1983-84&SeasonType=Regular%20Season&TeamID=1610612741
1984,1983–84,76497,Quintin Dailey,0028300310,1983-12-23,CHI vs. WAS,WAS,W,34,11,4,15,0,1,3,4,0.0,2.0,2,8,1,0,3.0,2,,5.099999999999998,32.81622911694511,https://www.nba.com/stats/players/boxscores-traditional?Season=1983-84&SeasonType=Regular%20Season&TeamID=1610612741
1984,1983–84,76876,Sidney Green,0028300310,1983-12-23,CHI vs. WAS,WAS,W,23,18,8,11,0,0,2,2,4.0,5.0,9,2,1,0,3.0,5,,15.2,75.75757575757575,https://www.nba.com/stats/players/boxscores-traditional?Season=1983-84&SeasonType=Regular%20Season&TeamID=1610612741
1984,1983–84,76881,David Greenwood,0028300310,1983-12-23,CHI vs. WAS,WAS,W,29,11,5,7,0,0,1,2,3.0,7.0,10,2,0,1,3.0,3,,9.8,69.79695431472082,https://www.nba.com/stats/players/boxscores-traditional?Season=1983-84&SeasonType=Regular%20Season&TeamID=1610612741
1984,1983–84,77757,Jawann Oldham,0028300310,1983-12-23,CHI vs. WAS,WAS,W,4,2,1,2,0,0,0,0,1.0,0.0,1,0,0,0,0.0,1,,1.2999999999999998,50.0,https://www.nba.com/stats/players/boxscores-traditional?Season=1983-84&SeasonType=Regular%20Season&TeamID=1610612741
1984,1983–84,78310,Reggie Theus,0028300310,1983-12-23,CHI vs. WAS,WAS,W,7,2,1,3,0,0,0,0,0.0,1.0,1,1,0,0,0.0,0,,1.3000000000000003,33.33333333333333,https://www.nba.com/stats/players/boxscores-traditional?Season=1983-84&SeasonType=Regular%20Season&TeamID=1610612741
1984,1983–84,78615,Orlando Woolridge,0028300310,1983-12-23,CHI vs. WAS,WAS,W,25,19,9,14,0,0,1,3,2.0,6.0,8,2,1,1,0.0,2,,17.5,62.01044386422976,https://www.nba.com/stats/players/boxscores-traditional?Season=1983-84&SeasonType=Regular%20Season&TeamID=1610612741
1984,1983–84,941,Ennis Whatley,0028300310,1983-12-23,CHI vs. WAS,WAS,W,21,9,3,4,0,0,3,3,1.0,2.0,3,7,0,1,3.0,2,,10.499999999999996,84.58646616541353,https://www.nba.com/stats/players/boxscores-traditional?Season=1983-84&SeasonType=Regular%20Season&TeamID=1610612741
1984,1983–84,76291,Wallace Bryant,0028300310,1983-12-23,CHI vs. WAS,WAS,W,4,5,2,4,0,0,1,2,2.0,0.0,2,0,0,0,0.0,0,,4.0,51.229508196721305,https://www.nba.com/stats/players/boxscores-traditional?Season=1983-84&SeasonType=Regular%20Season&TeamID=1610612741
1984,1983–84,76453,Dave Corzine,0028300310,1983-12-23,CHI vs. WAS,WAS,W,40,19,7,14,0,0,5,6,5.0,3.0,8,5,1,2,2.0,4,,18.299999999999997,57.09134615384615,https://www.nba.com/stats/players/boxscores-traditional?Season=1983-84&SeasonType=Regular%20Season&TeamID=1610612741
1984,1983–84,77019,Rod Higgins,0028300310,1983-12-23,CHI vs. WAS,WAS,W,19,2,1,2,0,0,0,0,1.0,0.0,1,3,1,0,0.0,3,,3.5999999999999996,50.0,https://www.nba.com/stats/players/boxscores-traditional?Season=1983-84&SeasonType=Regular%20Season&TeamID=1610612741
1984,1983–84,78523,Mitchell Wiggins,0028300310,1983-12-23,CHI vs. WAS,WAS,W,34,16,6,12,0,0,4,4,3.0,3.0,6,4,1,0,0.0,3,,15.600000000000001,58.139534883720934,https://www.nba.com/stats/players/boxscores-traditional?Season=1983-84&SeasonType=Regular%20Season&TeamID=1610612741
1984,1983–84,76497,Quintin Dailey,0028300302,1983-12-22,CHI @ MIL,MIL,W,32,26,12,17,0,0,2,2,0.0,1.0,1,7,1,0,3.0,4,,20.5,72.7069351230425,https://www.nba.com/stats/players/boxscores-traditional?Season=1983-84&SeasonType=Regular%20Season&TeamID=1610612741
1984,1983–84,76876,Sidney Green,0028300302,1983-12-22,CHI @ MIL,MIL,W,10,10,4,7,0,0,2,2,3.0,1.0,4,0,1,0,2.0,3,,6.900000000000002,63.45177664974619,https://www.nba.com/stats/players/boxscores-traditional?Season=1983-84&SeasonType=Regular%20Season&TeamID=1610612741
1984,1983–84,941,Ennis Whatley,0028300302,1983-12-22,CHI @ MIL,MIL,W,30,8,4,7,0,0,0,0,0.0,1.0,1,6,2,0,5.0,4,,4.6,57.14285714285714,https://www.nba.com/stats/players/boxscores-traditional?Season=1983-84&SeasonType=Regular%20Season&TeamID=1610612741
1984,1983–84,77019,Rod Higgins,0028300302,1983-12-22,CHI @ MIL,MIL,W,23,5,1,8,0,0,3,4,1.0,3.0,4,1,1,0,0.0,2,,1.9000000000000001,25.614754098360653,https://www.nba.com/stats/players/boxscores-traditional?Season=1983-84&SeasonType=Regular%20Season&TeamID=1610612741
1984,1983–84,77373,Ronnie Lester,0028300302,1983-12-22,CHI @ MIL,MIL,W,9,2,1,2,0,0,0,0,0.0,1.0,1,0,0,0,2.0,0,,-0.7,50.0,https://www.nba.com/stats/players/boxscores-traditional?Season=1983-84&SeasonType=Regular%20Season&TeamID=1610612741
1984,1983–84,78615,Orlando Woolridge,0028300302,1983-12-22,CHI @ MIL,MIL,W,28,17,7,14,0,0,3,3,1.0,2.0,3,4,2,0,1.0,5,,13.100000000000001,55.48302872062663,https://www.nba.com/stats/players/boxscores-traditional?Season=1983-84&SeasonType=Regular%20Season&TeamID=1610612741
1984,1983–84,78523,Mitchell Wiggins,0028300302,1983-12-22,CHI @ MIL,MIL,W,30,20,8,11,0,0,4,4,3.0,2.0,5,1,1,0,0.0,4,,18.3,78.36990595611285,https://www.nba.com/stats/players/boxscores-traditional?Season=1983-84&SeasonType=Regular%20Season&TeamID=1610612741
1984,1983–84,76453,Dave Corzine,0028300302,1983-12-22,CHI @ MIL,MIL,W,37,11,5,12,0,0,1,1,4.0,4.0,8,1,0,2,2.0,0,,8.700000000000001,44.21221864951769,https://www.nba.com/stats/players/boxscores-traditional?Season=1983-84&SeasonType=Regular%20Season&TeamID=1610612741
1984,1983–84,76881,David Greenwood,0028300302,1983-12-22,CHI @ MIL,MIL,W,41,17,4,8,0,0,9,11,2.0,6.0,8,5,4,0,2.0,1,,20.500000000000004,66.1993769470405,https://www.nba.com/stats/players/boxscores-traditional?Season=1983-84&SeasonType=Regular%20Season&TeamID=1610612741
1984,1983–84,76453,Dave Corzine,0028300285,1983-12-17,CHI vs. DAL,DAL,W,42,19,7,16,0,0,5,5,1.0,9.0,10,3,0,4,2.0,4,,15.3,52.197802197802204,https://www.nba.com/stats/players/boxscores-traditional?Season=1983-84&SeasonType=Regular%20Season&TeamID=1610612741
1984,1983–84,76881,David Greenwood,0028300285,1983-12-17,CHI vs. DAL,DAL,W,26,10,5,8,0,0,0,0,4.0,8.0,12,1,0,0,0.0,5,,10.299999999999999,62.5,https://www.nba.com/stats/players/boxscores-traditional?Season=1983-84&SeasonType=Regular%20Season&TeamID=1610612741
1984,1983–84,77019,Rod Higgins,0028300285,1983-12-17,CHI vs. DAL,DAL,W,25,12,3,7,0,1,6,7,3.0,6.0,9,1,0,0,2.0,5,,8.5,59.523809523809526,https://www.nba.com/stats/players/boxscores-traditional?Season=1983-84&SeasonType=Regular%20Season&TeamID=1610612741
1984,1983–84,77757,Jawann Oldham,0028300285,1983-12-17,CHI vs. DAL,DAL,W,6,0,0,1,0,0,0,0,0.0,1.0,1,1,0,1,3.0,3,,-3.2,0.0,https://www.nba.com/stats/players/boxscores-traditional?Season=1983-84&SeasonType=Regular%20Season&TeamID=1610612741
1984,1983–84,78523,Mitchell Wiggins,0028300285,1983-12-17,CHI vs. DAL,DAL,W,33,12,5,12,0,0,2,3,1.0,4.0,5,0,2,0,2.0,3,,5.900000000000001,45.04504504504504,https://www.nba.com/stats/players/boxscores-traditional?Season=1983-84&SeasonType=Regular%20Season&TeamID=1610612741
1984,1983–84,78615,Orlando Woolridge,0028300285,1983-12-17,CHI vs. DAL,DAL,W,31,17,7,11,0,0,3,5,1.0,1.0,2,2,1,1,2.0,3,,12.2,64.39393939393939,https://www.nba.com/stats/players/boxscores-traditional?Season=1983-84&SeasonType=Regular%20Season&TeamID=1610612741
1984,1983–84,941,Ennis Whatley,0028300285,1983-12-17,CHI vs. DAL,DAL,W,32,8,4,7,0,0,0,0,1.0,3.0,4,16,3,1,7.0,3,,13.0,57.14285714285714,https://www.nba.com/stats/players/boxscores-traditional?Season=1983-84&SeasonType=Regular%20Season&TeamID=1610612741
1984,1983–84,76497,Quintin Dailey,0028300285,1983-12-17,CHI vs. DAL,DAL,W,31,20,7,11,0,0,6,9,1.0,2.0,3,5,0,0,3.0,4,,14.100000000000001,66.84491978609626,https://www.nba.com/stats/players/boxscores-traditional?Season=1983-84&SeasonType=Regular%20Season&TeamID=1610612741
1984,1983–84,76876,Sidney Green,0028300285,1983-12-17,CHI vs. DAL,DAL,W,14,4,1,4,0,0,2,2,0.0,5.0,5,0,1,1,4.0,2,,8.881784197001252e-16,40.98360655737705,https://www.nba.com/stats/players/boxscores-traditional?Season=1983-84&SeasonType=Regular%20Season&TeamID=1610612741
1984,1983–84,76881,David Greenwood,0028300268,1983-12-15,CHI @ NYK,NYK,W,37,2,1,4,0,0,0,2,1.0,6.0,7,0,0,2,2.0,4,,-0.9000000000000004,20.491803278688526,https://www.nba.com/stats/players/boxscores-traditional?Season=1983-84&SeasonType=Regular%20Season&TeamID=1610612741
1984,1983–84,77373,Ronnie Lester,0028300268,1983-12-15,CHI @ NYK,NYK,W,5,0,0,0,0,0,0,0,0.0,0.0,0,0,0,0,2.0,1,,-2.4,0.0,https://www.nba.com/stats/players/boxscores-traditional?Season=1983-84&SeasonType=Regular%20Season&TeamID=1610612741
1984,1983–84,78615,Orlando Woolridge,0028300268,1983-12-15,CHI @ NYK,NYK,W,38,25,8,12,0,0,9,11,3.0,3.0,6,4,3,1,3.0,5,,23.5,74.22802850356295,https://www.nba.com/stats/players/boxscores-traditional?Season=1983-84&SeasonType=Regular%20Season&TeamID=1610612741
1984,1983–84,76453,Dave Corzine,0028300268,1983-12-15,CHI @ NYK,NYK,W,30,11,4,5,0,0,3,4,2.0,6.0,8,5,2,1,5.0,3,,11.899999999999999,81.36094674556213,https://www.nba.com/stats/players/boxscores-traditional?Season=1983-84&SeasonType=Regular%20Season&TeamID=1610612741
1984,1983–84,76876,Sidney Green,0028300268,1983-12-15,CHI @ NYK,NYK,W,13,12,5,7,0,0,2,3,0.0,2.0,2,0,1,0,0.0,0,,10.3,72.11538461538461,https://www.nba.com/stats/players/boxscores-traditional?Season=1983-84&SeasonType=Regular%20Season&TeamID=1610612741
1984,1983–84,77019,Rod Higgins,0028300268,1983-12-15,CHI @ NYK,NYK,W,18,4,2,4,0,0,0,0,0.0,0.0,0,0,0,0,1.0,2,,0.19999999999999996,50.0,https://www.nba.com/stats/players/boxscores-traditional?Season=1983-84&SeasonType=Regular%20Season&TeamID=1610612741
1984,1983–84,78523,Mitchell Wiggins,0028300268,1983-12-15,CHI @ NYK,NYK,W,30,25,9,12,0,0,7,8,1.0,0.0,1,0,4,0,1.0,3,,22.300000000000004,80.54123711340206,https://www.nba.com/stats/players/boxscores-traditional?Season=1983-84&SeasonType=Regular%20Season&TeamID=1610612741
1984,1983–84,76497,Quintin Dailey,0028300268,1983-12-15,CHI @ NYK,NYK,W,38,22,8,15,0,0,6,8,2.0,4.0,6,9,0,0,2.0,2,,20.0,59.395248380129594,https://www.nba.com/stats/players/boxscores-traditional?Season=1983-84&SeasonType=Regular%20Season&TeamID=1610612741
1984,1983–84,77757,Jawann Oldham,0028300268,1983-12-15,CHI @ NYK,NYK,W,4,0,0,0,0,0,0,0,0.0,0.0,0,0,0,0,0.0,1,,-0.4,0.0,https://www.nba.com/stats/players/boxscores-traditional?Season=1983-84&SeasonType=Regular%20Season&TeamID=1610612741
1984,1983–84,941,Ennis Whatley,0028300268,1983-12-15,CHI @ NYK,NYK,W,27,12,4,6,0,0,4,9,1.0,3.0,4,7,2,0,6.0,3,,8.7,60.24096385542168,https://www.nba.com/stats/players/boxscores-traditional?Season=1983-84&SeasonType=Regular%20Season&TeamID=1610612741
1984,1983–84,78615,Orlando Woolridge,0028300260,1983-12-13,CHI vs. MIL,MIL,W,30,8,4,14,0,0,0,2,1.0,1.0,2,2,1,1,3.0,5,,-1.8999999999999995,26.881720430107524,https://www.nba.com/stats/players/boxscores-traditional?Season=1983-84&SeasonType=Regular%20Season&TeamID=1610612741
1984,1983–84,941,Ennis Whatley,0028300260,1983-12-13,CHI vs. MIL,MIL,W,37,16,5,11,0,1,6,10,3.0,5.0,8,8,2,0,2.0,3,,16.7,51.94805194805194,https://www.nba.com/stats/players/boxscores-traditional?Season=1983-84&SeasonType=Regular%20Season&TeamID=1610612741
1984,1983–84,76497,Quintin Dailey,0028300260,1983-12-13,CHI vs. MIL,MIL,W,29,25,10,18,0,0,5,5,1.0,1.0,2,3,1,0,1.0,2,,18.7,61.88118811881188,https://www.nba.com/stats/players/boxscores-traditional?Season=1983-84&SeasonType=Regular%20Season&TeamID=1610612741
1984,1983–84,77757,Jawann Oldham,0028300260,1983-12-13,CHI vs. MIL,MIL,W,12,0,0,2,0,0,0,0,1.0,3.0,4,0,0,0,0.0,2,,-0.6000000000000001,0.0,https://www.nba.com/stats/players/boxscores-traditional?Season=1983-84&SeasonType=Regular%20Season&TeamID=1610612741
1984,1983–84,77019,Rod Higgins,0028300260,1983-12-13,CHI vs. MIL,MIL,W,28,10,4,9,0,0,2,4,3.0,1.0,4,1,1,0,1.0,2,,6.8,46.468401486988846,https://www.nba.com/stats/players/boxscores-traditional?Season=1983-84&SeasonType=Regular%20Season&TeamID=1610612741
1984,1983–84,78523,Mitchell Wiggins,0028300260,1983-12-13,CHI vs. MIL,MIL,W,30,9,4,12,0,0,1,2,0.0,1.0,1,1,0,0,1.0,1,,1.4000000000000008,34.93788819875776,https://www.nba.com/stats/players/boxscores-traditional?Season=1983-84&SeasonType=Regular%20Season&TeamID=1610612741
1984,1983–84,76453,Dave Corzine,0028300260,1983-12-13,CHI vs. MIL,MIL,W,36,19,7,11,0,0,5,5,8.0,10.0,18,4,1,0,1.0,0,,25.500000000000004,71.96969696969697,https://www.nba.com/stats/players/boxscores-traditional?Season=1983-84&SeasonType=Regular%20Season&TeamID=1610612741
1984,1983–84,76881,David Greenwood,0028300260,1983-12-13,CHI vs. MIL,MIL,W,38,9,2,8,0,0,5,6,4.0,7.0,11,2,2,1,2.0,1,,10.4,42.29323308270676,https://www.nba.com/stats/players/boxscores-traditional?Season=1983-84&SeasonType=Regular%20Season&TeamID=1610612741
1984,1983–84,77019,Rod Higgins,0028300245,1983-12-10,CHI vs. CLE,CLE,L,4,2,0,0,0,0,2,4,1.0,1.0,2,0,0,0,0.0,2,,1.3999999999999997,56.81818181818182,https://www.nba.com/stats/players/boxscores-traditional?Season=1983-84&SeasonType=Regular%20Season&TeamID=1610612741
1984,1983–84,76876,Sidney Green,0028300245,1983-12-10,CHI vs. CLE,CLE,L,4,0,0,0,0,0,0,0,0.0,3.0,3,0,0,0,0.0,1,,0.4999999999999999,0.0,https://www.nba.com/stats/players/boxscores-traditional?Season=1983-84&SeasonType=Regular%20Season&TeamID=1610612741
1984,1983–84,78615,Orlando Woolridge,0028300245,1983-12-10,CHI vs. CLE,CLE,L,43,25,10,18,0,0,5,9,0.0,6.0,6,1,0,1,0.0,4,,16.399999999999995,56.92167577413478,https://www.nba.com/stats/players/boxscores-traditional?Season=1983-84&SeasonType=Regular%20Season&TeamID=1610612741
1984,1983–84,941,Ennis Whatley,0028300245,1983-12-10,CHI vs. CLE,CLE,L,21,10,4,8,0,0,2,2,0.0,0.0,0,4,5,0,1.0,0,,12.8,56.3063063063063,https://www.nba.com/stats/players/boxscores-traditional?Season=1983-84&SeasonType=Regular%20Season&TeamID=1610612741
1984,1983–84,76291,Wallace Bryant,0028300245,1983-12-10,CHI vs. CLE,CLE,L,21,5,2,4,0,0,1,2,1.0,1.0,2,1,0,3,1.0,4,,3.799999999999999,51.229508196721305,https://www.nba.com/stats/players/boxscores-traditional?Season=1983-84&SeasonType=Regular%20Season&TeamID=1610612741
1984,1983–84,76453,Dave Corzine,0028300245,1983-12-10,CHI vs. CLE,CLE,L,39,17,6,14,0,0,5,5,3.0,3.0,6,3,0,1,0.0,4,,13.799999999999999,52.46913580246913,https://www.nba.com/stats/players/boxscores-traditional?Season=1983-84&SeasonType=Regular%20Season&TeamID=1610612741
1984,1983–84,76497,Quintin Dailey,0028300245,1983-12-10,CHI vs. CLE,CLE,L,28,10,5,15,0,0,0,0,2.0,4.0,6,4,0,0,3.0,1,,3.499999999999999,33.33333333333333,https://www.nba.com/stats/players/boxscores-traditional?Season=1983-84&SeasonType=Regular%20Season&TeamID=1610612741
1984,1983–84,77757,Jawann Oldham,0028300245,1983-12-10,CHI vs. CLE,CLE,L,11,4,2,4,0,0,0,0,2.0,2.0,4,0,0,1,0.0,1,,4.3,50.0,https://www.nba.com/stats/players/boxscores-traditional?Season=1983-84&SeasonType=Regular%20Season&TeamID=1610612741
1984,1983–84,78310,Reggie Theus,0028300245,1983-12-10,CHI vs. CLE,CLE,L,32,7,3,15,0,0,1,2,1.0,1.0,2,9,2,0,3.0,6,,1.1999999999999984,22.040302267002517,https://www.nba.com/stats/players/boxscores-traditional?Season=1983-84&SeasonType=Regular%20Season&TeamID=1610612741
1984,1983–84,76881,David Greenwood,0028300245,1983-12-10,CHI vs. CLE,CLE,L,22,6,2,7,0,0,2,4,2.0,4.0,6,4,1,0,2.0,6,,3.0999999999999996,34.24657534246575,https://www.nba.com/stats/players/boxscores-traditional?Season=1983-84&SeasonType=Regular%20Season&TeamID=1610612741
1984,1983–84,78523,Mitchell Wiggins,0028300245,1983-12-10,CHI vs. CLE,CLE,L,15,9,3,6,0,0,3,3,0.0,1.0,1,5,0,0,1.0,3,,7.600000000000001,61.47540983606557,https://www.nba.com/stats/players/boxscores-traditional?Season=1983-84&SeasonType=Regular%20Season&TeamID=1610612741
1984,1983–84,76453,Dave Corzine,0028300237,1983-12-09,CHI vs. HOU,HOU,L,45,17,6,17,0,0,5,6,7.0,3.0,10,2,1,0,1.0,2,,13.5,43.27902240325866,https://www.nba.com/stats/players/boxscores-traditional?Season=1983-84&SeasonType=Regular%20Season&TeamID=1610612741
1984,1983–84,76881,David Greenwood,0028300237,1983-12-09,CHI vs. HOU,HOU,L,39,14,5,12,0,0,4,6,7.0,6.0,13,2,0,1,1.0,4,,13.0,47.81420765027322,https://www.nba.com/stats/players/boxscores-traditional?Season=1983-84&SeasonType=Regular%20Season&TeamID=1610612741
1984,1983–84,78615,Orlando Woolridge,0028300237,1983-12-09,CHI vs. HOU,HOU,L,44,19,6,14,0,0,7,9,0.0,2.0,2,1,0,4,2.0,0,,12.899999999999999,52.89532293986636,https://www.nba.com/stats/players/boxscores-traditional?Season=1983-84&SeasonType=Regular%20Season&TeamID=1610612741
1984,1983–84,77019,Rod Higgins,0028300237,1983-12-09,CHI vs. HOU,HOU,L,9,0,0,0,0,0,0,2,0.0,0.0,0,1,0,0,0.0,2,,-0.9000000000000001,0.0,https://www.nba.com/stats/players/boxscores-traditional?Season=1983-84&SeasonType=Regular%20Season&TeamID=1610612741
1984,1983–84,78310,Reggie Theus,0028300237,1983-12-09,CHI vs. HOU,HOU,L,30,17,5,10,0,0,7,9,0.0,0.0,0,6,2,0,2.0,6,,12.999999999999998,60.88825214899713,https://www.nba.com/stats/players/boxscores-traditional?Season=1983-84&SeasonType=Regular%20Season&TeamID=1610612741
1984,1983–84,941,Ennis Whatley,0028300237,1983-12-09,CHI vs. HOU,HOU,L,29,8,3,10,0,0,2,4,4.0,3.0,7,8,6,0,7.0,1,,9.3,34.01360544217687,https://www.nba.com/stats/players/boxscores-traditional?Season=1983-84&SeasonType=Regular%20Season&TeamID=1610612741
1984,1983–84,77757,Jawann Oldham,0028300237,1983-12-09,CHI vs. HOU,HOU,L,6,0,0,1,0,0,0,0,1.0,0.0,1,0,0,1,0.0,1,,0.29999999999999993,0.0,https://www.nba.com/stats/players/boxscores-traditional?Season=1983-84&SeasonType=Regular%20Season&TeamID=1610612741
1984,1983–84,76291,Wallace Bryant,0028300237,1983-12-09,CHI vs. HOU,HOU,L,16,8,4,6,0,0,0,1,1.0,0.0,1,0,0,1,0.0,3,,5.2,62.11180124223602,https://www.nba.com/stats/players/boxscores-traditional?Season=1983-84&SeasonType=Regular%20Season&TeamID=1610612741
1984,1983–84,76497,Quintin Dailey,0028300237,1983-12-09,CHI vs. HOU,HOU,L,20,13,5,14,0,1,3,4,2.0,2.0,4,3,1,0,2.0,6,,5.5,41.243654822335024,https://www.nba.com/stats/players/boxscores-traditional?Season=1983-84&SeasonType=Regular%20Season&TeamID=1610612741
1984,1983–84,78523,Mitchell Wiggins,0028300237,1983-12-09,CHI vs. HOU,HOU,L,27,16,3,11,0,0,10,12,2.0,3.0,5,2,1,0,0.0,4,,11.8,49.140049140049136,https://www.nba.com/stats/players/boxscores-traditional?Season=1983-84&SeasonType=Regular%20Season&TeamID=1610612741
1984,1983–84,76453,Dave Corzine,0028300217,1983-12-06,CHI vs. BOS,BOS,L,19,10,3,8,0,0,4,5,1.0,3.0,4,1,0,1,0.0,3,,6.999999999999999,49.01960784313726,https://www.nba.com/stats/players/boxscores-traditional?Season=1983-84&SeasonType=Regular%20Season&TeamID=1610612741
1984,1983–84,78310,Reggie Theus,0028300217,1983-12-06,CHI vs. BOS,BOS,L,26,15,6,13,0,0,3,3,0.0,1.0,1,9,0,0,2.0,1,,12.499999999999998,52.374301675977655,https://www.nba.com/stats/players/boxscores-traditional?Season=1983-84&SeasonType=Regular%20Season&TeamID=1610612741
1984,1983–84,941,Ennis Whatley,0028300217,1983-12-06,CHI vs. BOS,BOS,L,19,6,3,7,0,0,0,0,0.0,3.0,3,2,1,0,0.0,3,,4.400000000000001,42.857142857142854,https://www.nba.com/stats/players/boxscores-traditional?Season=1983-84&SeasonType=Regular%20Season&TeamID=1610612741
1984,1983–84,76497,Quintin Dailey,0028300217,1983-12-06,CHI vs. BOS,BOS,L,31,9,4,10,0,0,1,2,0.0,6.0,6,4,1,0,2.0,3,,5.6000000000000005,41.36029411764706,https://www.nba.com/stats/players/boxscores-traditional?Season=1983-84&SeasonType=Regular%20Season&TeamID=1610612741
1984,1983–84,76876,Sidney Green,0028300217,1983-12-06,CHI vs. BOS,BOS,L,10,6,2,6,0,0,2,2,2.0,0.0,2,0,1,0,1.0,1,,3.5999999999999996,43.604651162790695,https://www.nba.com/stats/players/boxscores-traditional?Season=1983-84&SeasonType=Regular%20Season&TeamID=1610612741
1984,1983–84,76881,David Greenwood,0028300217,1983-12-06,CHI vs. BOS,BOS,L,34,6,2,4,0,0,2,2,1.0,5.0,6,3,0,0,1.0,3,,6.1000000000000005,61.47540983606557,https://www.nba.com/stats/players/boxscores-traditional?Season=1983-84&SeasonType=Regular%20Season&TeamID=1610612741
1984,1983–84,77757,Jawann Oldham,0028300217,1983-12-06,CHI vs. BOS,BOS,L,26,6,3,8,0,0,0,0,4.0,3.0,7,1,1,1,1.0,4,,5.100000000000001,37.5,https://www.nba.com/stats/players/boxscores-traditional?Season=1983-84&SeasonType=Regular%20Season&TeamID=1610612741
1984,1983–84,78523,Mitchell Wiggins,0028300217,1983-12-06,CHI vs. BOS,BOS,L,20,11,5,8,0,0,1,3,0.0,1.0,1,3,1,0,1.0,4,,7.4,59.01287553648068,https://www.nba.com/stats/players/boxscores-traditional?Season=1983-84&SeasonType=Regular%20Season&TeamID=1610612741
1984,1983–84,78615,Orlando Woolridge,0028300217,1983-12-06,CHI vs. BOS,BOS,L,41,32,11,22,0,0,10,11,4.0,6.0,10,1,1,0,1.0,3,,24.700000000000003,59.61251862891207,https://www.nba.com/stats/players/boxscores-traditional?Season=1983-84&SeasonType=Regular%20Season&TeamID=1610612741
1984,1983–84,76291,Wallace Bryant,0028300217,1983-12-06,CHI vs. BOS,BOS,L,3,0,0,1,0,0,0,0,0.0,1.0,1,0,1,0,0.0,0,,0.6000000000000001,0.0,https://www.nba.com/stats/players/boxscores-traditional?Season=1983-84&SeasonType=Regular%20Season&TeamID=1610612741
1984,1983–84,77019,Rod Higgins,0028300217,1983-12-06,CHI vs. BOS,BOS,L,11,4,2,4,0,0,0,0,1.0,0.0,1,1,0,0,0.0,0,,3.4000000000000004,50.0,https://www.nba.com/stats/players/boxscores-traditional?Season=1983-84&SeasonType=Regular%20Season&TeamID=1610612741
1984,1983–84,76497,Quintin Dailey,0028300205,1983-12-03,CHI @ DAL,DAL,L,31,21,9,16,0,0,3,3,1.0,2.0,3,2,0,0,2.0,1,,13.700000000000001,60.623556581986136,https://www.nba.com/stats/players/boxscores-traditional?Season=1983-84&SeasonType=Regular%20Season&TeamID=1610612741
1984,1983–84,76876,Sidney Green,0028300205,1983-12-03,CHI @ DAL,DAL,L,1,0,0,0,0,0,0,0,0.0,0.0,0,0,0,0,0.0,0,,0.0,0.0,https://www.nba.com/stats/players/boxscores-traditional?Season=1983-84&SeasonType=Regular%20Season&TeamID=1610612741
1984,1983–84,76881,David Greenwood,0028300205,1983-12-03,CHI @ DAL,DAL,L,40,8,2,5,0,0,4,8,0.0,6.0,6,4,0,0,1.0,6,,4.9,46.948356807511736,https://www.nba.com/stats/players/boxscores-traditional?Season=1983-84&SeasonType=Regular%20Season&TeamID=1610612741
1984,1983–84,77757,Jawann Oldham,0028300205,1983-12-03,CHI @ DAL,DAL,L,4,1,0,0,0,0,1,2,0.0,0.0,0,0,0,0,0.0,0,,0.6,56.81818181818182,https://www.nba.com/stats/players/boxscores-traditional?Season=1983-84&SeasonType=Regular%20Season&TeamID=1610612741
1984,1983–84,78523,Mitchell Wiggins,0028300205,1983-12-03,CHI @ DAL,DAL,L,13,4,2,5,0,0,0,0,0.0,0.0,0,3,2,0,3.0,2,,1.5999999999999996,40.0,https://www.nba.com/stats/players/boxscores-traditional?Season=1983-84&SeasonType=Regular%20Season&TeamID=1610612741
1984,1983–84,77373,Ronnie Lester,0028300205,1983-12-03,CHI @ DAL,DAL,L,26,5,2,8,0,0,1,1,2.0,2.0,4,10,1,0,3.0,2,,6.399999999999999,29.620853080568722,https://www.nba.com/stats/players/boxscores-traditional?Season=1983-84&SeasonType=Regular%20Season&TeamID=1610612741
1984,1983–84,77019,Rod Higgins,0028300205,1983-12-03,CHI @ DAL,DAL,L,14,10,4,4,0,0,2,2,0.0,2.0,2,0,1,0,0.0,3,,9.2,102.45901639344261,https://www.nba.com/stats/players/boxscores-traditional?Season=1983-84&SeasonType=Regular%20Season&TeamID=1610612741
1984,1983–84,78615,Orlando Woolridge,0028300205,1983-12-03,CHI @ DAL,DAL,L,42,20,8,18,0,0,4,4,7.0,3.0,10,0,0,1,4.0,6,,10.699999999999998,50.607287449392715,https://www.nba.com/stats/players/boxscores-traditional?Season=1983-84&SeasonType=Regular%20Season&TeamID=1610612741
1984,1983–84,76453,Dave Corzine,0028300205,1983-12-03,CHI @ DAL,DAL,L,43,10,5,9,0,0,0,0,1.0,9.0,10,8,2,0,3.0,4,,12.1,55.55555555555556,https://www.nba.com/stats/players/boxscores-traditional?Season=1983-84&SeasonType=Regular%20Season&TeamID=1610612741
1984,1983–84,78310,Reggie Theus,0028300205,1983-12-03,CHI @ DAL,DAL,L,26,21,9,14,0,1,3,4,0.0,1.0,1,3,1,0,2.0,4,,14.200000000000003,66.6243654822335,https://www.nba.com/stats/players/boxscores-traditional?Season=1983-84&SeasonType=Regular%20Season&TeamID=1610612741
1984,1983–84,78615,Orlando Woolridge,0028300198,1983-12-02,CHI @ SAN,SAN,L,23,21,7,9,0,0,7,8,1.0,1.0,2,2,0,1,1.0,0,,19.2,83.86581469648563,https://www.nba.com/stats/players/boxscores-traditional?Season=1983-84&SeasonType=Regular%20Season&TeamID=1610612741
1984,1983–84,941,Ennis Whatley,0028300198,1983-12-02,CHI @ SAN,SAN,L,20,7,3,6,0,0,1,4,1.0,1.0,2,5,3,0,1.0,3,,8.100000000000001,45.103092783505154,https://www.nba.com/stats/players/boxscores-traditional?Season=1983-84&SeasonType=Regular%20Season&TeamID=1610612741
1984,1983–84,77757,Jawann Oldham,0028300198,1983-12-02,CHI @ SAN,SAN,L,19,2,1,4,0,0,0,0,2.0,1.0,3,3,1,2,1.0,2,,3.999999999999999,25.0,https://www.nba.com/stats/players/boxscores-traditional?Season=1983-84&SeasonType=Regular%20Season&TeamID=1610612741
1984,1983–84,78310,Reggie Theus,0028300198,1983-12-02,CHI @ SAN,SAN,L,6,2,0,3,0,0,2,2,0.0,0.0,0,0,0,0,0.0,2,,-0.8999999999999997,25.773195876288664,https://www.nba.com/stats/players/boxscores-traditional?Season=1983-84&SeasonType=Regular%20Season&TeamID=1610612741
1984,1983–84,76876,Sidney Green,0028300198,1983-12-02,CHI @ SAN,SAN,L,15,8,3,7,0,0,2,2,1.0,1.0,2,2,0,0,1.0,1,,5.299999999999999,50.76142131979695,https://www.nba.com/stats/players/boxscores-traditional?Season=1983-84&SeasonType=Regular%20Season&TeamID=1610612741
1984,1983–84,76453,Dave Corzine,0028300198,1983-12-02,CHI @ SAN,SAN,L,22,4,2,4,0,0,0,0,0.0,1.0,1,2,0,1,2.0,2,,1.5999999999999996,50.0,https://www.nba.com/stats/players/boxscores-traditional?Season=1983-84&SeasonType=Regular%20Season&TeamID=1610612741
1984,1983–84,77373,Ronnie Lester,0028300198,1983-12-02,CHI @ SAN,SAN,L,22,0,0,3,0,0,0,0,0.0,1.0,1,8,0,0,2.0,1,,1.4,0.0,https://www.nba.com/stats/players/boxscores-traditional?Season=1983-84&SeasonType=Regular%20Season&TeamID=1610612741
1984,1983–84,78523,Mitchell Wiggins,0028300198,1983-12-02,CHI @ SAN,SAN,L,29,14,7,23,0,1,0,0,3.0,3.0,6,1,3,0,2.0,2,,4.600000000000003,30.434782608695656,https://www.nba.com/stats/players/boxscores-traditional?Season=1983-84&SeasonType=Regular%20Season&TeamID=1610612741
1984,1983–84,76291,Wallace Bryant,0028300198,1983-12-02,CHI @ SAN,SAN,L,24,8,4,8,0,0,0,1,3.0,2.0,5,1,0,3,2.0,2,,6.299999999999997,47.39336492890995,https://www.nba.com/stats/players/boxscores-traditional?Season=1983-84&SeasonType=Regular%20Season&TeamID=1610612741
1984,1983–84,76881,David Greenwood,0028300198,1983-12-02,CHI @ SAN,SAN,L,21,10,4,9,0,0,2,2,2.0,2.0,4,1,0,0,1.0,3,,5.799999999999999,50.607287449392715,https://www.nba.com/stats/players/boxscores-traditional?Season=1983-84&SeasonType=Regular%20Season&TeamID=1610612741
1984,1983–84,76497,Quintin Dailey,0028300198,1983-12-02,CHI @ SAN,SAN,L,19,12,4,9,0,0,4,4,1.0,1.0,2,3,0,1,1.0,2,,9.299999999999999,55.762081784386616,https://www.nba.com/stats/players/boxscores-traditional?Season=1983-84&SeasonType=Regular%20Season&TeamID=1610612741
1984,1983–84,77019,Rod Higgins,0028300198,1983-12-02,CHI @ SAN,SAN,L,20,6,3,5,0,0,0,1,2.0,0.0,2,0,0,0,1.0,2,,2.9000000000000004,55.147058823529406,https://www.nba.com/stats/players/boxscores-traditional?Season=1983-84&SeasonType=Regular%20Season&TeamID=1610612741
1984,1983–84,76881,David Greenwood,0028300176,1983-11-29,CHI @ HOU,HOU,L,42,21,7,14,0,0,7,8,3.0,4.0,7,3,2,0,1.0,5,,18.0,59.93150684931508,https://www.nba.com/stats/players/boxscores-traditional?Season=1983-84&SeasonType=Regular%20Season&TeamID=1610612741
1984,1983–84,77757,Jawann Oldham,0028300176,1983-11-29,CHI @ HOU,HOU,L,7,4,1,1,0,0,2,4,0.0,1.0,1,0,0,0,0.0,4,,1.6,72.46376811594205,https://www.nba.com/stats/players/boxscores-traditional?Season=1983-84&SeasonType=Regular%20Season&TeamID=1610612741
1984,1983–84,76453,Dave Corzine,0028300176,1983-11-29,CHI @ HOU,HOU,L,41,11,3,15,0,0,5,7,3.0,2.0,5,0,0,0,7.0,3,,-4.600000000000001,30.420353982300885,https://www.nba.com/stats/players/boxscores-traditional?Season=1983-84&SeasonType=Regular%20Season&TeamID=1610612741
1984,1983–84,76876,Sidney Green,0028300176,1983-11-29,CHI @ HOU,HOU,L,6,0,0,1,0,0,0,0,0.0,0.0,0,0,0,0,0.0,2,,-1.5,0.0,https://www.nba.com/stats/players/boxscores-traditional?Season=1983-84&SeasonType=Regular%20Season&TeamID=1610612741
1984,1983–84,78615,Orlando Woolridge,0028300176,1983-11-29,CHI @ HOU,HOU,L,32,25,8,15,0,0,9,15,2.0,4.0,6,1,2,0,2.0,3,,17.4,57.870370370370374,https://www.nba.com/stats/players/boxscores-traditional?Season=1983-84&SeasonType=Regular%20Season&TeamID=1610612741
1984,1983–84,941,Ennis Whatley,0028300176,1983-11-29,CHI @ HOU,HOU,L,4,0,0,0,0,0,0,0,0.0,0.0,0,0,0,0,0.0,3,,-1.2000000000000002,0.0,https://www.nba.com/stats/players/boxscores-traditional?Season=1983-84&SeasonType=Regular%20Season&TeamID=1610612741
1984,1983–84,76497,Quintin Dailey,0028300176,1983-11-29,CHI @ HOU,HOU,L,31,18,6,9,0,1,6,6,0.0,1.0,1,1,1,0,1.0,1,,14.699999999999998,77.31958762886597,https://www.nba.com/stats/players/boxscores-traditional?Season=1983-84&SeasonType=Regular%20Season&TeamID=1610612741
1984,1983–84,77019,Rod Higgins,0028300176,1983-11-29,CHI @ HOU,HOU,L,15,4,2,5,0,0,0,0,3.0,2.0,5,1,0,0,0.0,3,,3.499999999999999,40.0,https://www.nba.com/stats/players/boxscores-traditional?Season=1983-84&SeasonType=Regular%20Season&TeamID=1610612741
1984,1983–84,78523,Mitchell Wiggins,0028300176,1983-11-29,CHI @ HOU,HOU,L,18,9,3,7,0,0,3,4,1.0,1.0,2,2,2,0,0.0,4,,7.699999999999999,51.369863013698634,https://www.nba.com/stats/players/boxscores-traditional?Season=1983-84&SeasonType=Regular%20Season&TeamID=1610612741
1984,1983–84,77373,Ronnie Lester,0028300176,1983-11-29,CHI @ HOU,HOU,L,30,11,5,9,0,1,1,2,0.0,1.0,1,5,3,0,3.0,6,,7.699999999999999,55.66801619433198,https://www.nba.com/stats/players/boxscores-traditional?Season=1983-84&SeasonType=Regular%20Season&TeamID=1610612741
1984,1983–84,78310,Reggie Theus,0028300176,1983-11-29,CHI @ HOU,HOU,L,14,7,3,6,0,1,1,2,1.0,0.0,1,0,0,0,1.0,2,,2.5,50.872093023255815,https://www.nba.com/stats/players/boxscores-traditional?Season=1983-84&SeasonType=Regular%20Season&TeamID=1610612741
1984,1983–84,76876,Sidney Green,0028300170,1983-11-27,CHI @ LAL,LAL,L,10,6,2,2,0,0,2,2,0.0,0.0,0,0,0,0,0.0,1,,5.0,104.16666666666667,https://www.nba.com/stats/players/boxscores-traditional?Season=1983-84&SeasonType=Regular%20Season&TeamID=1610612741
1984,1983–84,78310,Reggie Theus,0028300170,1983-11-27,CHI @ LAL,LAL,L,16,2,1,4,0,0,0,0,0.0,1.0,1,4,1,0,3.0,2,,-0.09999999999999964,25.0,https://www.nba.com/stats/players/boxscores-traditional?Season=1983-84&SeasonType=Regular%20Season&TeamID=1610612741
1984,1983–84,78523,Mitchell Wiggins,0028300170,1983-11-27,CHI @ LAL,LAL,L,27,16,6,17,0,0,4,4,3.0,7.0,10,4,2,0,1.0,6,,12.1,42.643923240938165,https://www.nba.com/stats/players/boxscores-traditional?Season=1983-84&SeasonType=Regular%20Season&TeamID=1610612741
1984,1983–84,78615,Orlando Woolridge,0028300170,1983-11-27,CHI @ LAL,LAL,L,27,19,7,12,0,0,5,6,3.0,2.0,5,2,3,0,2.0,4,,16.5,64.89071038251366,https://www.nba.com/stats/players/boxscores-traditional?Season=1983-84&SeasonType=Regular%20Season&TeamID=1610612741
1984,1983–84,76453,Dave Corzine,0028300170,1983-11-27,CHI @ LAL,LAL,L,38,12,6,18,0,1,0,0,2.0,0.0,2,4,1,0,1.0,1,,5.6000000000000005,33.33333333333333,https://www.nba.com/stats/players/boxscores-traditional?Season=1983-84&SeasonType=Regular%20Season&TeamID=1610612741
1984,1983–84,77757,Jawann Oldham,0028300170,1983-11-27,CHI @ LAL,LAL,L,10,2,1,1,0,0,0,0,0.0,1.0,1,0,0,0,1.0,3,,-0.20000000000000018,100.0,https://www.nba.com/stats/players/boxscores-traditional?Season=1983-84&SeasonType=Regular%20Season&TeamID=1610612741
1984,1983–84,77373,Ronnie Lester,0028300170,1983-11-27,CHI @ LAL,LAL,L,22,8,2,6,0,0,4,4,0.0,1.0,1,5,0,1,1.0,1,,7.700000000000001,51.54639175257733,https://www.nba.com/stats/players/boxscores-traditional?Season=1983-84&SeasonType=Regular%20Season&TeamID=1610612741
1984,1983–84,76497,Quintin Dailey,0028300170,1983-11-27,CHI @ LAL,LAL,L,32,18,8,17,0,1,2,2,0.0,0.0,0,1,1,0,5.0,4,,4.4,50.33557046979866,https://www.nba.com/stats/players/boxscores-traditional?Season=1983-84&SeasonType=Regular%20Season&TeamID=1610612741
1984,1983–84,76881,David Greenwood,0028300170,1983-11-27,CHI @ LAL,LAL,L,38,13,3,8,0,0,7,8,4.0,11.0,15,3,0,0,1.0,5,,13.399999999999999,56.423611111111114,https://www.nba.com/stats/players/boxscores-traditional?Season=1983-84&SeasonType=Regular%20Season&TeamID=1610612741
1984,1983–84,77019,Rod Higgins,0028300170,1983-11-27,CHI @ LAL,LAL,L,20,4,2,5,0,0,0,0,3.0,3.0,6,1,0,0,0.0,1,,4.599999999999999,40.0,https://www.nba.com/stats/players/boxscores-traditional?Season=1983-84&SeasonType=Regular%20Season&TeamID=1610612741
1984,1983–84,76497,Quintin Dailey,0028300152,1983-11-25,CHI @ PHX,PHX,L,20,16,7,13,0,0,2,2,0.0,1.0,1,2,0,0,2.0,0,,9.400000000000002,57.636887608069166,https://www.nba.com/stats/players/boxscores-traditional?Season=1983-84&SeasonType=Regular%20Season&TeamID=1610612741
1984,1983–84,77373,Ronnie Lester,0028300152,1983-11-25,CHI @ PHX,PHX,L,17,7,3,5,0,0,1,2,3.0,0.0,3,2,1,0,2.0,1,,6.399999999999999,59.523809523809526,https://www.nba.com/stats/players/boxscores-traditional?Season=1983-84&SeasonType=Regular%20Season&TeamID=1610612741
1984,1983–84,78615,Orlando Woolridge,0028300152,1983-11-25,CHI @ PHX,PHX,L,18,9,3,7,0,0,3,5,1.0,2.0,3,2,0,0,0.0,1,,6.799999999999999,48.913043478260875,https://www.nba.com/stats/players/boxscores-traditional?Season=1983-84&SeasonType=Regular%20Season&TeamID=1610612741
1984,1983–84,78523,Mitchell Wiggins,0028300152,1983-11-25,CHI @ PHX,PHX,L,27,23,10,17,0,1,3,4,1.0,2.0,3,2,1,0,1.0,5,,15.399999999999999,61.30063965884861,https://www.nba.com/stats/players/boxscores-traditional?Season=1983-84&SeasonType=Regular%20Season&TeamID=1610612741
1984,1983–84,77019,Rod Higgins,0028300152,1983-11-25,CHI @ PHX,PHX,L,30,7,2,8,0,0,3,4,1.0,0.0,1,2,1,0,1.0,2,,3.1000000000000005,35.86065573770492,https://www.nba.com/stats/players/boxscores-traditional?Season=1983-84&SeasonType=Regular%20Season&TeamID=1610612741
1984,1983–84,76453,Dave Corzine,0028300152,1983-11-25,CHI @ PHX,PHX,L,16,2,1,3,0,0,0,0,0.0,3.0,3,0,0,1,2.0,3,,-1.3,33.33333333333333,https://www.nba.com/stats/players/boxscores-traditional?Season=1983-84&SeasonType=Regular%20Season&TeamID=1610612741
1984,1983–84,76881,David Greenwood,0028300152,1983-11-25,CHI @ PHX,PHX,L,19,6,2,6,0,0,2,2,0.0,3.0,3,0,0,0,1.0,3,,1.3000000000000003,43.604651162790695,https://www.nba.com/stats/players/boxscores-traditional?Season=1983-84&SeasonType=Regular%20Season&TeamID=1610612741
1984,1983–84,76291,Wallace Bryant,0028300152,1983-11-25,CHI @ PHX,PHX,L,22,2,0,3,0,0,2,2,0.0,4.0,4,2,0,1,0.0,3,,2.0,25.773195876288664,https://www.nba.com/stats/players/boxscores-traditional?Season=1983-84&SeasonType=Regular%20Season&TeamID=1610612741
1984,1983–84,78310,Reggie Theus,0028300152,1983-11-25,CHI @ PHX,PHX,L,15,0,0,3,0,0,0,0,0.0,1.0,1,8,2,0,2.0,1,,3.3999999999999995,0.0,https://www.nba.com/stats/players/boxscores-traditional?Season=1983-84&SeasonType=Regular%20Season&TeamID=1610612741
1984,1983–84,941,Ennis Whatley,0028300152,1983-11-25,CHI @ PHX,PHX,L,16,7,3,6,0,0,1,1,1.0,3.0,4,6,2,0,1.0,2,,9.999999999999998,54.347826086956516,https://www.nba.com/stats/players/boxscores-traditional?Season=1983-84&SeasonType=Regular%20Season&TeamID=1610612741
1984,1983–84,76876,Sidney Green,0028300152,1983-11-25,CHI @ PHX,PHX,L,21,5,1,3,0,0,3,4,1.0,3.0,4,1,1,1,1.0,5,,3.9000000000000004,52.52100840336135,https://www.nba.com/stats/players/boxscores-traditional?Season=1983-84&SeasonType=Regular%20Season&TeamID=1610612741
1984,1983–84,77757,Jawann Oldham,0028300152,1983-11-25,CHI @ PHX,PHX,L,19,10,3,4,0,0,4,4,1.0,4.0,5,1,0,2,3.0,4,,7.799999999999997,86.80555555555556,https://www.nba.com/stats/players/boxscores-traditional?Season=1983-84&SeasonType=Regular%20Season&TeamID=1610612741
1984,1983–84,941,Ennis Whatley,0028300147,1983-11-23,CHI @ UTH,UTH,W,2,0,0,0,0,0,0,0,0.0,0.0,0,0,0,0,,0,,,0.0,https://www.nba.com/stats/players/boxscores-traditional?Season=1983-84&SeasonType=Regular%20Season&TeamID=1610612741
1984,1983–84,76876,Sidney Green,0028300147,1983-11-23,CHI @ UTH,UTH,W,13,7,3,4,0,0,1,2,,,6,0,0,1,,4,,,71.72131147540983,https://www.nba.com/stats/players/boxscores-traditional?Season=1983-84&SeasonType=Regular%20Season&TeamID=1610612741
1984,1983–84,76881,David Greenwood,0028300147,1983-11-23,CHI @ UTH,UTH,W,35,14,7,14,0,0,0,1,,,7,2,0,0,,5,,,48.47645429362881,https://www.nba.com/stats/players/boxscores-traditional?Season=1983-84&SeasonType=Regular%20Season&TeamID=1610612741
1984,1983–84,78310,Reggie Theus,0028300147,1983-11-23,CHI @ UTH,UTH,W,30,15,5,9,0,0,5,5,,,4,8,1,0,,4,,,66.96428571428572,https://www.nba.com/stats/players/boxscores-traditional?Season=1983-84&SeasonType=Regular%20Season&TeamID=1610612741
1984,1983–84,76291,Wallace Bryant,0028300147,1983-11-23,CHI @ UTH,UTH,W,2,0,0,1,0,0,0,0,,,2,0,0,0,,0,,,0.0,https://www.nba.com/stats/players/boxscores-traditional?Season=1983-84&SeasonType=Regular%20Season&TeamID=1610612741
1984,1983–84,77373,Ronnie Lester,0028300147,1983-11-23,CHI @ UTH,UTH,W,19,11,4,5,0,0,3,3,,,2,7,0,0,,3,,,87.0253164556962,https://www.nba.com/stats/players/boxscores-traditional?Season=1983-84&SeasonType=Regular%20Season&TeamID=1610612741
1984,1983–84,77757,Jawann Oldham,0028300147,1983-11-23,CHI @ UTH,UTH,W,13,6,2,4,0,0,2,2,,,4,0,0,2,3.0,2,,,61.47540983606557,https://www.nba.com/stats/players/boxscores-traditional?Season=1983-84&SeasonType=Regular%20Season&TeamID=1610612741
1984,1983–84,76497,Quintin Dailey,0028300147,1983-11-23,CHI @ UTH,UTH,W,20,9,4,11,0,0,1,2,,,2,6,2,0,,3,,,37.878787878787875,https://www.nba.com/stats/players/boxscores-traditional?Season=1983-84&SeasonType=Regular%20Season&TeamID=1610612741
1984,1983–84,77019,Rod Higgins,0028300147,1983-11-23,CHI @ UTH,UTH,W,15,2,1,2,0,0,0,0,,,1,4,3,0,,1,,,50.0,https://www.nba.com/stats/players/boxscores-traditional?Season=1983-84&SeasonType=Regular%20Season&TeamID=1610612741
1984,1983–84,78523,Mitchell Wiggins,0028300147,1983-11-23,CHI @ UTH,UTH,W,25,19,7,12,0,0,5,6,,,3,3,1,1,,2,,,64.89071038251366,https://www.nba.com/stats/players/boxscores-traditional?Season=1983-84&SeasonType=Regular%20Season&TeamID=1610612741
1984,1983–84,76453,Dave Corzine,0028300147,1983-11-23,CHI @ UTH,UTH,W,33,23,9,16,0,0,5,6,,,7,1,0,1,,3,,,61.69527896995708,https://www.nba.com/stats/players/boxscores-traditional?Season=1983-84&SeasonType=Regular%20Season&TeamID=1610612741
1984,1983–84,78615,Orlando Woolridge,0028300147,1983-11-23,CHI @ UTH,UTH,W,33,22,11,18,0,0,0,1,,,4,0,0,2,,3,,,59.65292841648589,https://www.nba.com/stats/players/boxscores-traditional?Season=1983-84&SeasonType=Regular%20Season&TeamID=1610612741
1984,1983–84,76497,Quintin Dailey,0028300124,1983-11-19,CHI vs. IND,IND,W,29,26,11,18,0,0,4,5,1.0,1.0,2,5,4,0,4.0,3,,20.7,64.35643564356435,https://www.nba.com/stats/players/boxscores-traditional?Season=1983-84&SeasonType=Regular%20Season&TeamID=1610612741
1984,1983–84,78523,Mitchell Wiggins,0028300124,1983-11-19,CHI vs. IND,IND,W,26,15,5,8,0,0,5,8,1.0,3.0,4,2,3,0,4.0,6,,9.799999999999999,65.10416666666667,https://www.nba.com/stats/players/boxscores-traditional?Season=1983-84&SeasonType=Regular%20Season&TeamID=1610612741
1984,1983–84,78615,Orlando Woolridge,0028300124,1983-11-19,CHI vs. IND,IND,W,40,19,9,16,0,0,1,4,1.0,4.0,5,3,2,2,2.0,3,,14.400000000000002,53.49099099099098,https://www.nba.com/stats/players/boxscores-traditional?Season=1983-84&SeasonType=Regular%20Season&TeamID=1610612741
1984,1983–84,76881,David Greenwood,0028300124,1983-11-19,CHI vs. IND,IND,W,41,22,10,14,0,0,2,3,1.0,6.0,7,1,3,0,6.0,2,,15.200000000000003,71.80156657963447,https://www.nba.com/stats/players/boxscores-traditional?Season=1983-84&SeasonType=Regular%20Season&TeamID=1610612741
1984,1983–84,77373,Ronnie Lester,0028300124,1983-11-19,CHI vs. IND,IND,W,6,0,0,1,0,0,0,0,0.0,0.0,0,2,1,0,2.0,0,,-0.30000000000000004,0.0,https://www.nba.com/stats/players/boxscores-traditional?Season=1983-84&SeasonType=Regular%20Season&TeamID=1610612741
1984,1983–84,78310,Reggie Theus,0028300124,1983-11-19,CHI vs. IND,IND,W,24,7,2,7,0,0,3,4,0.0,1.0,1,9,1,0,2.0,3,,6.899999999999999,39.95433789954338,https://www.nba.com/stats/players/boxscores-traditional?Season=1983-84&SeasonType=Regular%20Season&TeamID=1610612741
1984,1983–84,941,Ennis Whatley,0028300124,1983-11-19,CHI vs. IND,IND,W,11,0,0,2,0,0,0,0,0.0,0.0,0,2,1,0,3.0,1,,-2.4,0.0,https://www.nba.com/stats/players/boxscores-traditional?Season=1983-84&SeasonType=Regular%20Season&TeamID=1610612741
1984,1983–84,76453,Dave Corzine,0028300124,1983-11-19,CHI vs. IND,IND,W,30,10,3,6,0,0,4,4,5.0,3.0,8,3,2,1,2.0,3,,13.0,64.43298969072166,https://www.nba.com/stats/players/boxscores-traditional?Season=1983-84&SeasonType=Regular%20Season&TeamID=1610612741
1984,1983–84,77019,Rod Higgins,0028300124,1983-11-19,CHI vs. IND,IND,W,15,4,1,2,0,0,2,2,1.0,0.0,1,1,1,0,1.0,1,,4.0,69.44444444444444,https://www.nba.com/stats/players/boxscores-traditional?Season=1983-84&SeasonType=Regular%20Season&TeamID=1610612741
1984,1983–84,77757,Jawann Oldham,0028300124,1983-11-19,CHI vs. IND,IND,W,18,7,3,4,0,0,1,2,1.0,1.0,2,0,2,2,1.0,4,,6.799999999999999,71.72131147540983,https://www.nba.com/stats/players/boxscores-traditional?Season=1983-84&SeasonType=Regular%20Season&TeamID=1610612741
1984,1983–84,941,Ennis Whatley,0028300118,1983-11-17,CHI vs. SEA,SEA,L,33,10,5,10,0,0,0,0,1.0,2.0,3,10,2,1,3.0,1,,12.6,50.0,https://www.nba.com/stats/players/boxscores-traditional?Season=1983-84&SeasonType=Regular%20Season&TeamID=1610612741
1984,1983–84,76453,Dave Corzine,0028300118,1983-11-17,CHI vs. SEA,SEA,L,42,20,9,13,0,0,2,2,3.0,8.0,11,3,1,1,2.0,1,,20.400000000000002,72.04610951008645,https://www.nba.com/stats/players/boxscores-traditional?Season=1983-84&SeasonType=Regular%20Season&TeamID=1610612741
1984,1983–84,76497,Quintin Dailey,0028300118,1983-11-17,CHI vs. SEA,SEA,L,34,21,9,17,0,1,3,4,1.0,0.0,1,4,1,0,0.0,5,,14.8,55.970149253731336,https://www.nba.com/stats/players/boxscores-traditional?Season=1983-84&SeasonType=Regular%20Season&TeamID=1610612741
1984,1983–84,77019,Rod Higgins,0028300118,1983-11-17,CHI vs. SEA,SEA,L,19,8,3,8,0,1,2,3,2.0,6.0,8,1,0,1,0.0,2,,7.0,42.91845493562232,https://www.nba.com/stats/players/boxscores-traditional?Season=1983-84&SeasonType=Regular%20Season&TeamID=1610612741
1984,1983–84,76881,David Greenwood,0028300118,1983-11-17,CHI vs. SEA,SEA,L,29,14,6,12,0,0,2,4,2.0,7.0,9,1,0,1,1.0,4,,9.499999999999998,50.872093023255815,https://www.nba.com/stats/players/boxscores-traditional?Season=1983-84&SeasonType=Regular%20Season&TeamID=1610612741
1984,1983–84,78310,Reggie Theus,0028300118,1983-11-17,CHI vs. SEA,SEA,L,25,2,1,4,0,0,0,0,0.0,0.0,0,10,0,0,1.0,4,,4.0,25.0,https://www.nba.com/stats/players/boxscores-traditional?Season=1983-84&SeasonType=Regular%20Season&TeamID=1610612741
1984,1983–84,76876,Sidney Green,0028300118,1983-11-17,CHI vs. SEA,SEA,L,14,11,3,8,0,0,5,5,0.0,3.0,3,0,0,2,1.0,1,,7.5,53.92156862745099,https://www.nba.com/stats/players/boxscores-traditional?Season=1983-84&SeasonType=Regular%20Season&TeamID=1610612741
1984,1983–84,77757,Jawann Oldham,0028300118,1983-11-17,CHI vs. SEA,SEA,L,6,0,0,1,0,0,0,0,0.0,1.0,1,1,0,0,0.0,1,,-0.10000000000000003,0.0,https://www.nba.com/stats/players/boxscores-traditional?Season=1983-84&SeasonType=Regular%20Season&TeamID=1610612741
1984,1983–84,78523,Mitchell Wiggins,0028300118,1983-11-17,CHI vs. SEA,SEA,L,4,2,1,2,0,0,0,0,0.0,0.0,0,0,0,0,2.0,1,,-1.4,50.0,https://www.nba.com/stats/players/boxscores-traditional?Season=1983-84&SeasonType=Regular%20Season&TeamID=1610612741
1984,1983–84,78615,Orlando Woolridge,0028300118,1983-11-17,CHI vs. SEA,SEA,L,34,22,10,17,0,0,2,2,1.0,5.0,6,3,0,2,3.0,5,,14.799999999999997,61.52125279642059,https://www.nba.com/stats/players/boxscores-traditional?Season=1983-84&SeasonType=Regular%20Season&TeamID=1610612741
1984,1983–84,76876,Sidney Green,0028300099,1983-11-15,CHI vs. DET,DET,W,9,3,1,5,0,0,1,1,0.0,1.0,1,1,1,0,3.0,2,,-1.9000000000000001,27.573529411764703,https://www.nba.com/stats/players/boxscores-traditional?Season=1983-84&SeasonType=Regular%20Season&TeamID=1610612741
1984,1983–84,76497,Quintin Dailey,0028300099,1983-11-15,CHI vs. DET,DET,W,33,19,8,16,0,0,3,4,0.0,0.0,0,4,4,1,2.0,3,,14.899999999999999,53.49099099099098,https://www.nba.com/stats/players/boxscores-traditional?Season=1983-84&SeasonType=Regular%20Season&TeamID=1610612741
1984,1983–84,77757,Jawann Oldham,0028300099,1983-11-15,CHI vs. DET,DET,W,11,2,1,2,0,0,0,0,1.0,2.0,3,2,0,1,1.0,2,,2.5999999999999996,50.0,https://www.nba.com/stats/players/boxscores-traditional?Season=1983-84&SeasonType=Regular%20Season&TeamID=1610612741
1984,1983–84,78523,Mitchell Wiggins,0028300099,1983-11-15,CHI vs. DET,DET,W,12,2,1,4,0,0,0,0,1.0,0.0,1,1,0,0,1.0,1,,-0.4,25.0,https://www.nba.com/stats/players/boxscores-traditional?Season=1983-84&SeasonType=Regular%20Season&TeamID=1610612741
1984,1983–84,941,Ennis Whatley,0028300099,1983-11-15,CHI vs. DET,DET,W,22,8,4,7,0,0,0,0,0.0,3.0,3,11,1,1,1.0,4,,12.399999999999999,57.14285714285714,https://www.nba.com/stats/players/boxscores-traditional?Season=1983-84&SeasonType=Regular%20Season&TeamID=1610612741
1984,1983–84,77019,Rod Higgins,0028300099,1983-11-15,CHI vs. DET,DET,W,21,9,2,4,0,0,5,6,1.0,2.0,3,0,2,2,1.0,3,,9.100000000000001,67.7710843373494,https://www.nba.com/stats/players/boxscores-traditional?Season=1983-84&SeasonType=Regular%20Season&TeamID=1610612741
1984,1983–84,76453,Dave Corzine,0028300099,1983-11-15,CHI vs. DET,DET,W,31,10,5,9,0,0,0,1,3.0,5.0,8,1,0,1,4.0,3,,5.099999999999998,52.96610169491526,https://www.nba.com/stats/players/boxscores-traditional?Season=1983-84&SeasonType=Regular%20Season&TeamID=1610612741
1984,1983–84,76881,David Greenwood,0028300099,1983-11-15,CHI vs. DET,DET,W,39,22,10,16,0,0,2,2,5.0,15.0,20,2,0,4,0.0,3,,25.8,65.16587677725119,https://www.nba.com/stats/players/boxscores-traditional?Season=1983-84&SeasonType=Regular%20Season&TeamID=1610612741
1984,1983–84,78310,Reggie Theus,0028300099,1983-11-15,CHI vs. DET,DET,W,29,10,2,10,0,0,6,10,2.0,0.0,2,8,1,0,3.0,2,,6.399999999999999,34.72222222222222,https://www.nba.com/stats/players/boxscores-traditional?Season=1983-84&SeasonType=Regular%20Season&TeamID=1610612741
1984,1983–84,78615,Orlando Woolridge,0028300099,1983-11-15,CHI vs. DET,DET,W,33,27,11,16,0,0,5,5,1.0,3.0,4,2,2,1,0.0,5,,23.899999999999995,74.17582417582418,https://www.nba.com/stats/players/boxscores-traditional?Season=1983-84&SeasonType=Regular%20Season&TeamID=1610612741
1984,1983–84,76453,Dave Corzine,0028300092,1983-11-12,CHI vs. BOS,BOS,L,32,11,4,7,0,0,3,6,1.0,5.0,6,3,2,0,1.0,4,,10.2,57.05394190871369,https://www.nba.com/stats/players/boxscores-traditional?Season=1983-84&SeasonType=Regular%20Season&TeamID=1610612741
1984,1983–84,76497,Quintin Dailey,0028300092,1983-11-12,CHI vs. BOS,BOS,L,30,20,8,16,0,0,4,6,0.0,1.0,1,5,1,0,3.0,5,,11.0,53.648068669527895,https://www.nba.com/stats/players/boxscores-traditional?Season=1983-84&SeasonType=Regular%20Season&TeamID=1610612741
1984,1983–84,76881,David Greenwood,0028300092,1983-11-12,CHI vs. BOS,BOS,L,28,5,2,6,0,0,1,4,1.0,6.0,7,1,3,1,0.0,4,,5.700000000000001,32.21649484536083,https://www.nba.com/stats/players/boxscores-traditional?Season=1983-84&SeasonType=Regular%20Season&TeamID=1610612741
1984,1983–84,77757,Jawann Oldham,0028300092,1983-11-12,CHI vs. BOS,BOS,L,16,8,4,6,0,0,0,0,1.0,1.0,2,1,1,1,4.0,2,,3.999999999999999,66.66666666666666,https://www.nba.com/stats/players/boxscores-traditional?Season=1983-84&SeasonType=Regular%20Season&TeamID=1610612741
1984,1983–84,78310,Reggie Theus,0028300092,1983-11-12,CHI vs. BOS,BOS,L,12,2,1,3,0,0,0,0,0.0,0.0,0,2,0,0,4.0,2,,-3.0999999999999996,33.33333333333333,https://www.nba.com/stats/players/boxscores-traditional?Season=1983-84&SeasonType=Regular%20Season&TeamID=1610612741
1984,1983–84,78523,Mitchell Wiggins,0028300092,1983-11-12,CHI vs. BOS,BOS,L,27,13,3,13,0,1,7,8,0.0,3.0,3,6,1,1,1.0,4,,8.899999999999999,39.346246973365616,https://www.nba.com/stats/players/boxscores-traditional?Season=1983-84&SeasonType=Regular%20Season&TeamID=1610612741
1984,1983–84,78615,Orlando Woolridge,0028300092,1983-11-12,CHI vs. BOS,BOS,L,37,26,11,20,0,0,4,5,2.0,3.0,5,3,0,2,2.0,4,,18.199999999999996,58.55855855855856,https://www.nba.com/stats/players/boxscores-traditional?Season=1983-84&SeasonType=Regular%20Season&TeamID=1610612741
1984,1983–84,941,Ennis Whatley,0028300092,1983-11-12,CHI vs. BOS,BOS,L,27,8,2,3,0,0,4,5,2.0,0.0,2,6,1,1,3.0,4,,9.0,76.92307692307692,https://www.nba.com/stats/players/boxscores-traditional?Season=1983-84&SeasonType=Regular%20Season&TeamID=1610612741
1984,1983–84,76876,Sidney Green,0028300092,1983-11-12,CHI vs. BOS,BOS,L,18,8,4,6,0,0,0,1,2.0,3.0,5,0,1,1,0.0,5,,7.0,62.11180124223602,https://www.nba.com/stats/players/boxscores-traditional?Season=1983-84&SeasonType=Regular%20Season&TeamID=1610612741
1984,1983–84,77019,Rod Higgins,0028300092,1983-11-12,CHI vs. BOS,BOS,L,13,0,0,2,0,1,0,0,0.0,0.0,0,1,0,0,2.0,0,,-2.7,0.0,https://www.nba.com/stats/players/boxscores-traditional?Season=1983-84&SeasonType=Regular%20Season&TeamID=1610612741
1984,1983–84,78523,Mitchell Wiggins,0028300081,1983-11-11,CHI @ WAS,WAS,L,35,15,5,14,0,0,5,5,1.0,1.0,2,4,0,0,2.0,5,,7.0,46.2962962962963,https://www.nba.com/stats/players/boxscores-traditional?Season=1983-84&SeasonType=Regular%20Season&TeamID=1610612741
1984,1983–84,76876,Sidney Green,0028300081,1983-11-11,CHI @ WAS,WAS,L,6,0,0,1,0,0,0,0,1.0,2.0,3,0,0,0,0.0,0,,0.6,0.0,https://www.nba.com/stats/players/boxscores-traditional?Season=1983-84&SeasonType=Regular%20Season&TeamID=1610612741
1984,1983–84,77757,Jawann Oldham,0028300081,1983-11-11,CHI @ WAS,WAS,L,9,0,0,1,0,0,0,0,1.0,2.0,3,0,0,1,1.0,0,,0.2999999999999998,0.0,https://www.nba.com/stats/players/boxscores-traditional?Season=1983-84&SeasonType=Regular%20Season&TeamID=1610612741
1984,1983–84,76453,Dave Corzine,0028300081,1983-11-11,CHI @ WAS,WAS,L,48,29,13,22,0,0,3,3,4.0,5.0,9,2,4,1,4.0,5,,23.200000000000003,62.17838765008577,https://www.nba.com/stats/players/boxscores-traditional?Season=1983-84&SeasonType=Regular%20Season&TeamID=1610612741
1984,1983–84,77019,Rod Higgins,0028300081,1983-11-11,CHI @ WAS,WAS,L,17,10,3,6,0,0,4,4,3.0,1.0,4,1,0,0,0.0,3,,8.899999999999999,64.43298969072166,https://www.nba.com/stats/players/boxscores-traditional?Season=1983-84&SeasonType=Regular%20Season&TeamID=1610612741
1984,1983–84,78310,Reggie Theus,0028300081,1983-11-11,CHI @ WAS,WAS,L,24,9,1,9,1,2,6,8,1.0,1.0,2,4,1,0,0.0,3,,5.9,35.94249201277955,https://www.nba.com/stats/players/boxscores-traditional?Season=1983-84&SeasonType=Regular%20Season&TeamID=1610612741
1984,1983–84,941,Ennis Whatley,0028300081,1983-11-11,CHI @ WAS,WAS,L,27,6,2,3,0,0,2,2,0.0,2.0,2,6,2,0,5.0,2,,5.699999999999999,77.31958762886599,https://www.nba.com/stats/players/boxscores-traditional?Season=1983-84&SeasonType=Regular%20Season&TeamID=1610612741
1984,1983–84,76497,Quintin Dailey,0028300081,1983-11-11,CHI @ WAS,WAS,L,31,14,6,15,0,0,2,2,0.0,3.0,3,6,3,1,4.0,6,,8.299999999999997,44.08060453400503,https://www.nba.com/stats/players/boxscores-traditional?Season=1983-84&SeasonType=Regular%20Season&TeamID=1610612741
1984,1983–84,76881,David Greenwood,0028300081,1983-11-11,CHI @ WAS,WAS,L,47,8,3,7,0,0,2,4,5.0,14.0,19,4,0,1,1.0,5,,11.7,45.662100456621005,https://www.nba.com/stats/players/boxscores-traditional?Season=1983-84&SeasonType=Regular%20Season&TeamID=1610612741
1984,1983–84,78615,Orlando Woolridge,0028300081,1983-11-11,CHI @ WAS,WAS,L,46,33,15,22,0,0,3,7,4.0,5.0,9,2,3,0,2.0,5,,26.7,65.78947368421053,https://www.nba.com/stats/players/boxscores-traditional?Season=1983-84&SeasonType=Regular%20Season&TeamID=1610612741
1984,1983–84,76876,Sidney Green,0028300064,1983-11-08,CHI vs. KCK,KCK,W,17,2,1,7,0,0,0,0,1.0,2.0,3,1,0,0,2.0,2,,-3.3,14.285714285714285,https://www.nba.com/stats/players/boxscores-traditional?Season=1983-84&SeasonType=Regular%20Season&TeamID=1610612741
1984,1983–84,941,Ennis Whatley,0028300064,1983-11-08,CHI vs. KCK,KCK,W,13,0,0,4,0,0,0,0,0.0,0.0,0,2,0,0,2.0,1,,-3.8,0.0,https://www.nba.com/stats/players/boxscores-traditional?Season=1983-84&SeasonType=Regular%20Season&TeamID=1610612741
1984,1983–84,77757,Jawann Oldham,0028300064,1983-11-08,CHI vs. KCK,KCK,W,16,4,2,5,0,0,0,0,2.0,5.0,7,0,0,1,2.0,2,,2.0999999999999996,40.0,https://www.nba.com/stats/players/boxscores-traditional?Season=1983-84&SeasonType=Regular%20Season&TeamID=1610612741
1984,1983–84,78615,Orlando Woolridge,0028300064,1983-11-08,CHI vs. KCK,KCK,W,36,29,12,16,0,0,5,8,2.0,4.0,6,1,1,1,2.0,3,,23.199999999999996,74.2827868852459,https://www.nba.com/stats/players/boxscores-traditional?Season=1983-84&SeasonType=Regular%20Season&TeamID=1610612741
1984,1983–84,77019,Rod Higgins,0028300064,1983-11-08,CHI vs. KCK,KCK,W,12,2,1,2,0,0,0,1,0.0,0.0,0,0,0,0,0.0,0,,0.6,40.98360655737705,https://www.nba.com/stats/players/boxscores-traditional?Season=1983-84&SeasonType=Regular%20Season&TeamID=1610612741
1984,1983–84,76497,Quintin Dailey,0028300064,1983-11-08,CHI vs. KCK,KCK,W,31,8,2,10,0,0,4,4,0.0,2.0,2,6,2,0,4.0,1,,4.199999999999999,34.01360544217687,https://www.nba.com/stats/players/boxscores-traditional?Season=1983-84&SeasonType=Regular%20Season&TeamID=1610612741
1984,1983–84,78523,Mitchell Wiggins,0028300064,1983-11-08,CHI vs. KCK,KCK,W,23,10,4,10,0,0,2,2,2.0,1.0,3,4,1,0,2.0,4,,6.5,45.955882352941174,https://www.nba.com/stats/players/boxscores-traditional?Season=1983-84&SeasonType=Regular%20Season&TeamID=1610612741
1984,1983–84,76453,Dave Corzine,0028300064,1983-11-08,CHI vs. KCK,KCK,W,32,21,9,13,0,0,3,3,2.0,8.0,10,1,0,3,1.0,2,,20.3,73.32402234636871,https://www.nba.com/stats/players/boxscores-traditional?Season=1983-84&SeasonType=Regular%20Season&TeamID=1610612741
1984,1983–84,78310,Reggie Theus,0028300064,1983-11-08,CHI vs. KCK,KCK,W,29,16,7,9,0,0,2,3,0.0,0.0,0,11,0,1,6.0,5,,12.499999999999996,77.51937984496124,https://www.nba.com/stats/players/boxscores-traditional?Season=1983-84&SeasonType=Regular%20Season&TeamID=1610612741
1984,1983–84,76881,David Greenwood,0028300064,1983-11-08,CHI vs. KCK,KCK,W,31,8,4,7,0,0,0,2,6.0,6.0,12,5,1,1,4.0,5,,9.099999999999998,50.76142131979695,https://www.nba.com/stats/players/boxscores-traditional?Season=1983-84&SeasonType=Regular%20Season&TeamID=1610612741
1984,1983–84,76876,Sidney Green,0028300041,1983-11-04,CHI @ ATL,ATL,L,31,14,6,14,0,0,2,4,5.0,6.0,11,0,1,1,2.0,4,,9.200000000000001,44.41624365482234,https://www.nba.com/stats/players/boxscores-traditional?Season=1983-84&SeasonType=Regular%20Season&TeamID=1610612741
1984,1983–84,77757,Jawann Oldham,0028300041,1983-11-04,CHI @ ATL,ATL,L,24,6,2,4,0,0,2,4,5.0,6.0,11,1,1,1,0.0,2,,10.099999999999998,52.083333333333336,https://www.nba.com/stats/players/boxscores-traditional?Season=1983-84&SeasonType=Regular%20Season&TeamID=1610612741
1984,1983–84,78310,Reggie Theus,0028300041,1983-11-04,CHI @ ATL,ATL,L,24,10,5,12,0,1,0,0,2.0,0.0,2,5,0,0,4.0,2,,3.700000000000002,41.66666666666667,https://www.nba.com/stats/players/boxscores-traditional?Season=1983-84&SeasonType=Regular%20Season&TeamID=1610612741
1984,1983–84,76453,Dave Corzine,0028300041,1983-11-04,CHI @ ATL,ATL,L,16,3,1,4,0,0,1,2,2.0,4.0,6,0,0,0,6.0,1,,-3.6,30.737704918032787,https://www.nba.com/stats/players/boxscores-traditional?Season=1983-84&SeasonType=Regular%20Season&TeamID=1610612741
1984,1983–84,76881,David Greenwood,0028300041,1983-11-04,CHI @ ATL,ATL,L,29,4,1,10,0,0,2,2,5.0,2.0,7,0,0,0,2.0,3,,-1.6999999999999997,18.382352941176467,https://www.nba.com/stats/players/boxscores-traditional?Season=1983-84&SeasonType=Regular%20Season&TeamID=1610612741
1984,1983–84,77019,Rod Higgins,0028300041,1983-11-04,CHI @ ATL,ATL,L,22,8,3,3,0,0,2,2,0.0,0.0,0,4,1,1,0.0,2,,10.799999999999997,103.09278350515466,https://www.nba.com/stats/players/boxscores-traditional?Season=1983-84&SeasonType=Regular%20Season&TeamID=1610612741
1984,1983–84,78523,Mitchell Wiggins,0028300041,1983-11-04,CHI @ ATL,ATL,L,32,25,7,14,0,1,11,12,0.0,2.0,2,1,1,0,2.0,3,,16.700000000000003,64.83402489626555,https://www.nba.com/stats/players/boxscores-traditional?Season=1983-84&SeasonType=Regular%20Season&TeamID=1610612741
1984,1983–84,76497,Quintin Dailey,0028300041,1983-11-04,CHI @ ATL,ATL,L,30,9,2,11,0,1,5,6,4.0,3.0,7,2,2,0,2.0,2,,6.000000000000002,32.99120234604106,https://www.nba.com/stats/players/boxscores-traditional?Season=1983-84&SeasonType=Regular%20Season&TeamID=1610612741
1984,1983–84,78615,Orlando Woolridge,0028300041,1983-11-04,CHI @ ATL,ATL,L,21,6,1,4,0,0,4,8,2.0,3.0,5,0,0,0,7.0,4,,-4.299999999999999,39.8936170212766,https://www.nba.com/stats/players/boxscores-traditional?Season=1983-84&SeasonType=Regular%20Season&TeamID=1610612741
1984,1983–84,941,Ennis Whatley,0028300041,1983-11-04,CHI @ ATL,ATL,L,11,5,2,4,0,0,1,1,0.0,2.0,2,0,0,0,1.0,2,,1.7999999999999998,56.3063063063063,https://www.nba.com/stats/players/boxscores-traditional?Season=1983-84&SeasonType=Regular%20Season&TeamID=1610612741
1984,1983–84,77373,Ronnie Lester,0028300039,1983-11-03,CHI @ NJN,NJN,L,7,0,0,2,0,0,0,0,1.0,0.0,1,1,0,0,1.0,2,,-1.8,0.0,https://www.nba.com/stats/players/boxscores-traditional?Season=1983-84&SeasonType=Regular%20Season&TeamID=1610612741
1984,1983–84,77019,Rod Higgins,0028300039,1983-11-03,CHI @ NJN,NJN,L,35,9,3,10,0,1,3,3,1.0,4.0,5,1,1,1,0.0,5,,5.5,39.75265017667844,https://www.nba.com/stats/players/boxscores-traditional?Season=1983-84&SeasonType=Regular%20Season&TeamID=1610612741
1984,1983–84,77757,Jawann Oldham,0028300039,1983-11-03,CHI @ NJN,NJN,L,21,4,2,6,0,0,0,0,1.0,1.0,2,0,1,2,1.0,1,,2.6,33.33333333333333,https://www.nba.com/stats/players/boxscores-traditional?Season=1983-84&SeasonType=Regular%20Season&TeamID=1610612741
1984,1983–84,78523,Mitchell Wiggins,0028300039,1983-11-03,CHI @ NJN,NJN,L,26,19,7,13,2,2,3,6,2.0,1.0,3,2,1,0,2.0,6,,11.200000000000001,60.74168797953964,https://www.nba.com/stats/players/boxscores-traditional?Season=1983-84&SeasonType=Regular%20Season&TeamID=1610612741
1984,1983–84,78615,Orlando Woolridge,0028300039,1983-11-03,CHI @ NJN,NJN,L,10,6,2,6,0,0,2,2,2.0,2.0,4,0,1,0,0.0,1,,5.199999999999999,43.604651162790695,https://www.nba.com/stats/players/boxscores-traditional?Season=1983-84&SeasonType=Regular%20Season&TeamID=1610612741
1984,1983–84,76497,Quintin Dailey,0028300039,1983-11-03,CHI @ NJN,NJN,L,32,20,7,16,1,1,5,6,0.0,3.0,3,4,2,0,2.0,5,,12.900000000000002,53.648068669527895,https://www.nba.com/stats/players/boxscores-traditional?Season=1983-84&SeasonType=Regular%20Season&TeamID=1610612741
1984,1983–84,76876,Sidney Green,0028300039,1983-11-03,CHI @ NJN,NJN,L,25,4,2,8,0,0,0,0,3.0,6.0,9,1,0,0,4.0,5,,-2.2,25.0,https://www.nba.com/stats/players/boxscores-traditional?Season=1983-84&SeasonType=Regular%20Season&TeamID=1610612741
1984,1983–84,941,Ennis Whatley,0028300039,1983-11-03,CHI @ NJN,NJN,L,10,0,0,1,0,0,0,0,0.0,0.0,0,1,0,0,4.0,0,,-4.0,0.0,https://www.nba.com/stats/players/boxscores-traditional?Season=1983-84&SeasonType=Regular%20Season&TeamID=1610612741
1984,1983–84,76453,Dave Corzine,0028300039,1983-11-03,CHI @ NJN,NJN,L,28,9,4,11,0,0,1,1,0.0,2.0,2,1,2,1,3.0,1,,3.5,39.33566433566434,https://www.nba.com/stats/players/boxscores-traditional?Season=1983-84&SeasonType=Regular%20Season&TeamID=1610612741
1984,1983–84,76881,David Greenwood,0028300039,1983-11-03,CHI @ NJN,NJN,L,26,14,3,12,0,0,8,10,2.0,3.0,5,1,0,0,2.0,2,,6.199999999999999,42.6829268292683,https://www.nba.com/stats/players/boxscores-traditional?Season=1983-84&SeasonType=Regular%20Season&TeamID=1610612741
1984,1983–84,78310,Reggie Theus,0028300039,1983-11-03,CHI @ NJN,NJN,L,20,22,8,11,0,0,6,8,2.0,3.0,5,2,2,0,2.0,3,,19.199999999999996,75.75757575757575,https://www.nba.com/stats/players/boxscores-traditional?Season=1983-84&SeasonType=Regular%20Season&TeamID=1610612741
1984,1983–84,941,Ennis Whatley,0028300025,1983-11-01,CHI @ PHL,PHL,L,23,6,1,6,0,0,4,4,1.0,0.0,1,5,2,0,2.0,3,,5.200000000000002,38.659793814432994,https://www.nba.com/stats/players/boxscores-traditional?Season=1983-84&SeasonType=Regular%20Season&TeamID=1610612741
1984,1983–84,76497,Quintin Dailey,0028300025,1983-11-01,CHI @ PHL,PHL,L,34,15,7,18,0,0,1,2,3.0,5.0,8,4,2,1,5.0,6,,6.499999999999998,39.72457627118644,https://www.nba.com/stats/players/boxscores-traditional?Season=1983-84&SeasonType=Regular%20Season&TeamID=1610612741
1984,1983–84,76881,David Greenwood,0028300025,1983-11-01,CHI @ PHL,PHL,L,39,12,5,11,0,0,2,4,4.0,6.0,10,1,0,0,2.0,5,,6.800000000000001,47.02194357366771,https://www.nba.com/stats/players/boxscores-traditional?Season=1983-84&SeasonType=Regular%20Season&TeamID=1610612741
1984,1983–84,78523,Mitchell Wiggins,0028300025,1983-11-01,CHI @ PHL,PHL,L,28,16,6,18,0,2,4,8,5.0,4.0,9,6,0,0,3.0,5,,8.099999999999998,37.17472118959108,https://www.nba.com/stats/players/boxscores-traditional?Season=1983-84&SeasonType=Regular%20Season&TeamID=1610612741
1984,1983–84,76453,Dave Corzine,0028300025,1983-11-01,CHI @ PHL,PHL,L,36,13,5,14,0,0,3,3,1.0,5.0,6,2,4,6,2.0,3,,13.8,42.42819843342037,https://www.nba.com/stats/players/boxscores-traditional?Season=1983-84&SeasonType=Regular%20Season&TeamID=1610612741
1984,1983–84,77019,Rod Higgins,0028300025,1983-11-01,CHI @ PHL,PHL,L,27,14,6,12,0,0,2,2,6.0,1.0,7,0,2,1,2.0,1,,12.799999999999999,54.347826086956516,https://www.nba.com/stats/players/boxscores-traditional?Season=1983-84&SeasonType=Regular%20Season&TeamID=1610612741
1984,1983–84,77757,Jawann Oldham,0028300025,1983-11-01,CHI @ PHL,PHL,L,12,4,2,2,0,0,0,0,1.0,2.0,3,2,0,0,0.0,2,,5.3,100.0,https://www.nba.com/stats/players/boxscores-traditional?Season=1983-84&SeasonType=Regular%20Season&TeamID=1610612741
1984,1983–84,78310,Reggie Theus,0028300025,1983-11-01,CHI @ PHL,PHL,L,11,7,2,11,0,3,3,3,2.0,2.0,4,2,0,0,0.0,2,,2.7,28.409090909090907,https://www.nba.com/stats/players/boxscores-traditional?Season=1983-84&SeasonType=Regular%20Season&TeamID=1610612741
1984,1983–84,78615,Orlando Woolridge,0028300025,1983-11-01,CHI @ PHL,PHL,L,30,4,2,11,0,0,0,0,3.0,4.0,7,1,1,1,0.0,3,,1.5999999999999996,18.181818181818183,https://www.nba.com/stats/players/boxscores-traditional?Season=1983-84&SeasonType=Regular%20Season&TeamID=1610612741
1984,1983–84,78615,Orlando Woolridge,0028300012,1983-10-29,CHI vs. NJN,NJN,W,33,12,4,8,0,0,4,8,3.0,5.0,8,1,0,1,2.0,5,,7.399999999999999,52.083333333333336,https://www.nba.com/stats/players/boxscores-traditional?Season=1983-84&SeasonType=Regular%20Season&TeamID=1610612741
1984,1983–84,76497,Quintin Dailey,0028300012,1983-10-29,CHI vs. NJN,NJN,W,36,27,9,15,0,0,9,11,0.0,1.0,1,3,1,0,5.0,4,,16.1,68.04435483870968,https://www.nba.com/stats/players/boxscores-traditional?Season=1983-84&SeasonType=Regular%20Season&TeamID=1610612741
1984,1983–84,941,Ennis Whatley,0028300012,1983-10-29,CHI vs. NJN,NJN,W,24,6,3,6,0,0,0,0,0.0,3.0,3,8,2,0,4.0,0,,7.5,50.0,https://www.nba.com/stats/players/boxscores-traditional?Season=1983-84&SeasonType=Regular%20Season&TeamID=1610612741
1984,1983–84,78310,Reggie Theus,0028300012,1983-10-29,CHI vs. NJN,NJN,W,16,5,2,4,0,0,1,4,1.0,0.0,1,4,1,0,1.0,1,,4.8999999999999995,43.40277777777778,https://www.nba.com/stats/players/boxscores-traditional?Season=1983-84&SeasonType=Regular%20Season&TeamID=1610612741
1984,1983–84,76453,Dave Corzine,0028300012,1983-10-29,CHI vs. NJN,NJN,W,28,14,3,10,0,0,8,8,2.0,4.0,6,4,1,0,2.0,5,,10.599999999999998,51.77514792899408,https://www.nba.com/stats/players/boxscores-traditional?Season=1983-84&SeasonType=Regular%20Season&TeamID=1610612741
1984,1983–84,76876,Sidney Green,0028300012,1983-10-29,CHI vs. NJN,NJN,W,13,0,0,3,0,0,0,0,0.0,0.0,0,1,0,0,0.0,2,,-2.1999999999999997,0.0,https://www.nba.com/stats/players/boxscores-traditional?Season=1983-84&SeasonType=Regular%20Season&TeamID=1610612741
1984,1983–84,76881,David Greenwood,0028300012,1983-10-29,CHI vs. NJN,NJN,W,38,6,2,8,0,0,2,2,0.0,7.0,7,0,0,0,3.0,5,,-1.6999999999999997,33.78378378378378,https://www.nba.com/stats/players/boxscores-traditional?Season=1983-84&SeasonType=Regular%20Season&TeamID=1610612741
1984,1983–84,77757,Jawann Oldham,0028300012,1983-10-29,CHI vs. NJN,NJN,W,16,8,3,4,0,0,2,2,0.0,6.0,6,0,0,0,2.0,6,,3.799999999999999,81.9672131147541,https://www.nba.com/stats/players/boxscores-traditional?Season=1983-84&SeasonType=Regular%20Season&TeamID=1610612741
1984,1983–84,78523,Mitchell Wiggins,0028300012,1983-10-29,CHI vs. NJN,NJN,W,36,26,9,20,0,0,8,9,2.0,7.0,9,2,2,0,2.0,3,,18.900000000000002,54.25709515859766,https://www.nba.com/stats/players/boxscores-traditional?Season=1983-84&SeasonType=Regular%20Season&TeamID=1610612741
