season_end_year,season,player_id,player,game_id,game_date,matchup,opponent,result,minutes,points,fgm,fga,fg3m,fg3a,ftm,fta,oreb,dreb,reb,ast,stl,blk,tov,pf,plus_minus,game_score,ts_pct,player_source_url
2021,2020–21,1629632,Coby White,0022001068,2021-05-16,CHI vs. MIL,MIL,W,31.266666666666666,19,6,13,4,9,3,4,0,5,5,5,1,1,4,1,-9,14.2,64.36314363143632,https://www.nba.com/stats/players/boxscores-traditional?Season=2020-21&SeasonType=Regular%20Season&TeamID=1610612741
2021,2020–21,201152,Thaddeus Young,0022001068,2021-05-16,CHI vs. MIL,MIL,W,25.55,20,8,15,0,1,4,6,1,6,7,3,0,3,4,2,5,13.8,56.68934240362812,https://www.nba.com/stats/players/boxscores-traditional?Season=2020-21&SeasonType=Regular%20Season&TeamID=1610612741
2021,2020–21,1630172,Patrick Williams,0022001068,2021-05-16,CHI vs. MIL,MIL,W,29.63,11,4,8,0,1,3,3,3,4,7,1,1,2,3,2,-2,9.599999999999998,59.01287553648068,https://www.nba.com/stats/players/boxscores-traditional?Season=2020-21&SeasonType=Regular%20Season&TeamID=1610612741
2021,2020–21,1628374,Lauri Markkanen,0022001068,2021-05-16,CHI vs. MIL,MIL,W,24.763333333333332,17,6,11,2,4,3,4,0,5,5,1,0,0,2,1,-11,11.099999999999998,66.61442006269593,https://www.nba.com/stats/players/boxscores-traditional?Season=2020-21&SeasonType=Regular%20Season&TeamID=1610612741
2021,2020–21,1627853,Ryan Arcidiacono,0022001068,2021-05-16,CHI vs. MIL,MIL,W,16.733333333333334,14,5,6,4,4,0,0,0,4,4,2,0,0,1,3,15,12.2,116.66666666666667,https://www.nba.com/stats/players/boxscores-traditional?Season=2020-21&SeasonType=Regular%20Season&TeamID=1610612741
2021,2020–21,1629653,Devon Dotson,0022001068,2021-05-16,CHI vs. MIL,MIL,W,21.416666666666668,11,5,10,1,5,0,0,0,2,2,4,1,0,0,2,13,9.599999999999998,55.00000000000001,https://www.nba.com/stats/players/boxscores-traditional?Season=2020-21&SeasonType=Regular%20Season&TeamID=1610612741
2021,2020–21,1629750,Javonte Green,0022001068,2021-05-16,CHI vs. MIL,MIL,W,23.24,6,3,5,0,1,0,0,0,2,2,1,4,1,0,3,12,8.5,60.0,https://www.nba.com/stats/players/boxscores-traditional?Season=2020-21&SeasonType=Regular%20Season&TeamID=1610612741
2021,2020–21,1627756,Denzel Valentine,0022001068,2021-05-16,CHI vs. MIL,MIL,W,20.816666666666666,8,3,9,2,4,0,0,0,2,2,3,0,1,0,3,9,5.1,44.44444444444444,https://www.nba.com/stats/players/boxscores-traditional?Season=2020-21&SeasonType=Regular%20Season&TeamID=1610612741
2021,2020–21,1626245,Cristiano Felicio,0022001068,2021-05-16,CHI vs. MIL,MIL,W,17.95,5,2,5,0,1,1,2,3,5,8,0,1,0,0,2,5,5.7,42.51700680272109,https://www.nba.com/stats/players/boxscores-traditional?Season=2020-21&SeasonType=Regular%20Season&TeamID=1610612741
2021,2020–21,202066,Garrett Temple,0022001068,2021-05-16,CHI vs. MIL,MIL,W,28.633333333333333,7,3,5,1,2,0,0,1,2,3,3,0,0,2,1,-7,5.6999999999999975,70.0,https://www.nba.com/stats/players/boxscores-traditional?Season=2020-21&SeasonType=Regular%20Season&TeamID=1610612741
2021,2020–21,201152,Thaddeus Young,0022001060,2021-05-15,CHI @ BKN,BKN,L,30.05,19,9,18,0,1,1,3,8,5,13,4,1,0,0,0,-4,20.1,49.17184265010352,https://www.nba.com/stats/players/boxscores-traditional?Season=2020-21&SeasonType=Regular%20Season&TeamID=1610612741
2021,2020–21,1630172,Patrick Williams,0022001060,2021-05-15,CHI @ BKN,BKN,L,32.858333333333334,24,9,14,3,4,3,4,2,3,5,1,2,0,0,1,-14,22.000000000000004,76.14213197969544,https://www.nba.com/stats/players/boxscores-traditional?Season=2020-21&SeasonType=Regular%20Season&TeamID=1610612741
2021,2020–21,202696,Nikola Vučević,0022001060,2021-05-15,CHI @ BKN,BKN,L,30.25,10,4,18,0,8,2,2,2,9,11,3,0,1,2,4,-11,2.299999999999999,26.48305084745763,https://www.nba.com/stats/players/boxscores-traditional?Season=2020-21&SeasonType=Regular%20Season&TeamID=1610612741
2021,2020–21,1628374,Lauri Markkanen,0022001060,2021-05-15,CHI @ BKN,BKN,L,30.383333333333333,14,5,10,4,7,0,0,0,2,2,1,1,0,1,0,-23,10.299999999999999,70.0,https://www.nba.com/stats/players/boxscores-traditional?Season=2020-21&SeasonType=Regular%20Season&TeamID=1610612741
2021,2020–21,202066,Garrett Temple,0022001060,2021-05-15,CHI @ BKN,BKN,L,27.4,8,3,11,2,7,0,0,1,1,2,1,1,2,1,2,-6,3.8,36.36363636363637,https://www.nba.com/stats/players/boxscores-traditional?Season=2020-21&SeasonType=Regular%20Season&TeamID=1610612741
2021,2020–21,1629632,Coby White,0022001060,2021-05-15,CHI @ BKN,BKN,L,34.39666666666667,3,1,10,1,6,0,0,2,5,7,6,0,0,3,3,-17,-0.7000000000000011,15.0,https://www.nba.com/stats/players/boxscores-traditional?Season=2020-21&SeasonType=Regular%20Season&TeamID=1610612741
2021,2020–21,1627853,Ryan Arcidiacono,0022001060,2021-05-15,CHI @ BKN,BKN,L,13.603333333333333,5,2,5,1,3,0,0,0,2,2,5,1,0,1,1,3,6.0,50.0,https://www.nba.com/stats/players/boxscores-traditional?Season=2020-21&SeasonType=Regular%20Season&TeamID=1610612741
2021,2020–21,1629750,Javonte Green,0022001060,2021-05-15,CHI @ BKN,BKN,L,17.25,4,0,2,0,1,4,4,3,1,4,1,0,1,0,2,-2,5.6,53.191489361702125,https://www.nba.com/stats/players/boxscores-traditional?Season=2020-21&SeasonType=Regular%20Season&TeamID=1610612741
2021,2020–21,1626245,Cristiano Felicio,0022001060,2021-05-15,CHI @ BKN,BKN,L,2.8333333333333335,4,1,1,0,0,2,4,1,3,4,0,1,0,0,0,4,5.5,72.46376811594205,https://www.nba.com/stats/players/boxscores-traditional?Season=2020-21&SeasonType=Regular%20Season&TeamID=1610612741
2021,2020–21,1627756,Denzel Valentine,0022001060,2021-05-15,CHI @ BKN,BKN,L,16.008333333333333,0,0,7,0,3,0,0,0,2,2,2,0,0,0,0,-12,-2.9,0.0,https://www.nba.com/stats/players/boxscores-traditional?Season=2020-21&SeasonType=Regular%20Season&TeamID=1610612741
2021,2020–21,1629653,Devon Dotson,0022001060,2021-05-15,CHI @ BKN,BKN,L,2.4833333333333334,0,0,1,0,1,0,0,0,0,0,0,0,0,0,0,6,-0.7,0.0,https://www.nba.com/stats/players/boxscores-traditional?Season=2020-21&SeasonType=Regular%20Season&TeamID=1610612741
2021,2020–21,1629690,Adam Mokoka,0022001060,2021-05-15,CHI @ BKN,BKN,L,2.4833333333333334,0,0,1,0,0,0,0,0,0,0,0,0,0,1,0,6,-1.7,0.0,https://www.nba.com/stats/players/boxscores-traditional?Season=2020-21&SeasonType=Regular%20Season&TeamID=1610612741
2021,2020–21,202696,Nikola Vučević,0022001051,2021-05-13,CHI vs. TOR,TOR,W,32.41833333333334,16,7,19,2,7,0,0,0,16,16,6,0,0,2,2,3,11.7,42.10526315789473,https://www.nba.com/stats/players/boxscores-traditional?Season=2020-21&SeasonType=Regular%20Season&TeamID=1610612741
2021,2020–21,1628374,Lauri Markkanen,0022001051,2021-05-13,CHI vs. TOR,TOR,W,25.315,20,7,10,6,9,0,0,1,6,7,2,1,1,2,3,15,18.2,100.0,https://www.nba.com/stats/players/boxscores-traditional?Season=2020-21&SeasonType=Regular%20Season&TeamID=1610612741
2021,2020–21,1629632,Coby White,0022001051,2021-05-13,CHI vs. TOR,TOR,W,41.78333333333333,17,7,12,3,7,0,0,0,5,5,10,1,0,2,3,14,17.700000000000003,70.83333333333334,https://www.nba.com/stats/players/boxscores-traditional?Season=2020-21&SeasonType=Regular%20Season&TeamID=1610612741
2021,2020–21,203897,Zach LaVine,0022001051,2021-05-13,CHI vs. TOR,TOR,W,34.55,24,8,15,3,7,5,6,0,5,5,2,0,0,3,2,2,15.399999999999999,68.02721088435374,https://www.nba.com/stats/players/boxscores-traditional?Season=2020-21&SeasonType=Regular%20Season&TeamID=1610612741
2021,2020–21,201152,Thaddeus Young,0022001051,2021-05-13,CHI vs. TOR,TOR,W,28.083333333333332,10,5,8,0,0,0,0,5,4,9,7,0,1,4,1,2,12.3,62.5,https://www.nba.com/stats/players/boxscores-traditional?Season=2020-21&SeasonType=Regular%20Season&TeamID=1610612741
2021,2020–21,1630172,Patrick Williams,0022001051,2021-05-13,CHI vs. TOR,TOR,W,18.316666666666666,9,3,8,1,3,2,4,2,3,5,1,0,1,2,0,-3,5.5,46.10655737704918,https://www.nba.com/stats/players/boxscores-traditional?Season=2020-21&SeasonType=Regular%20Season&TeamID=1610612741
2021,2020–21,1629750,Javonte Green,0022001051,2021-05-13,CHI vs. TOR,TOR,W,12.533333333333333,10,4,6,2,3,0,0,0,0,0,0,1,0,1,0,15,7.4,83.33333333333334,https://www.nba.com/stats/players/boxscores-traditional?Season=2020-21&SeasonType=Regular%20Season&TeamID=1610612741
2021,2020–21,203107,Tomas Satoransky,0022001051,2021-05-13,CHI vs. TOR,TOR,W,19.666666666666668,6,3,4,0,0,0,0,0,2,2,2,0,0,2,1,8,4.0,75.0,https://www.nba.com/stats/players/boxscores-traditional?Season=2020-21&SeasonType=Regular%20Season&TeamID=1610612741
2021,2020–21,202066,Garrett Temple,0022001051,2021-05-13,CHI vs. TOR,TOR,W,27.333333333333332,2,1,1,0,0,0,0,0,2,2,1,1,1,0,3,4,3.5,100.0,https://www.nba.com/stats/players/boxscores-traditional?Season=2020-21&SeasonType=Regular%20Season&TeamID=1610612741
2021,2020–21,203897,Zach LaVine,0022001036,2021-05-11,CHI vs. BKN,BKN,L,36.53333333333333,41,15,27,6,11,5,7,1,2,3,1,1,0,2,4,-10,26.7,68.15159574468086,https://www.nba.com/stats/players/boxscores-traditional?Season=2020-21&SeasonType=Regular%20Season&TeamID=1610612741
2021,2020–21,202696,Nikola Vučević,0022001036,2021-05-11,CHI vs. BKN,BKN,L,36.233333333333334,12,5,18,2,6,0,0,2,10,12,6,0,0,1,1,1,8.6,33.33333333333333,https://www.nba.com/stats/players/boxscores-traditional?Season=2020-21&SeasonType=Regular%20Season&TeamID=1610612741
2021,2020–21,1629632,Coby White,0022001036,2021-05-11,CHI vs. BKN,BKN,L,37.166666666666664,16,6,17,4,11,0,0,0,3,3,4,1,0,0,4,-5,9.6,47.05882352941176,https://www.nba.com/stats/players/boxscores-traditional?Season=2020-21&SeasonType=Regular%20Season&TeamID=1610612741
2021,2020–21,1628464,Daniel Theis,0022001036,2021-05-11,CHI vs. BKN,BKN,L,21.316666666666666,10,3,4,2,2,2,2,2,4,6,2,0,1,1,4,-13,10.499999999999998,102.45901639344261,https://www.nba.com/stats/players/boxscores-traditional?Season=2020-21&SeasonType=Regular%20Season&TeamID=1610612741
2021,2020–21,202066,Garrett Temple,0022001036,2021-05-11,CHI vs. BKN,BKN,L,29.0,7,2,8,0,3,3,3,1,5,6,4,1,1,0,3,3,7.699999999999998,37.553648068669524,https://www.nba.com/stats/players/boxscores-traditional?Season=2020-21&SeasonType=Regular%20Season&TeamID=1610612741
2021,2020–21,201152,Thaddeus Young,0022001036,2021-05-11,CHI vs. BKN,BKN,L,24.468333333333334,4,2,10,0,2,0,0,3,6,9,3,1,1,2,1,6,3.0999999999999988,20.0,https://www.nba.com/stats/players/boxscores-traditional?Season=2020-21&SeasonType=Regular%20Season&TeamID=1610612741
2021,2020–21,1628374,Lauri Markkanen,0022001036,2021-05-11,CHI vs. BKN,BKN,L,18.996666666666666,11,4,8,3,7,0,0,0,2,2,0,0,0,0,0,-3,7.6,68.75,https://www.nba.com/stats/players/boxscores-traditional?Season=2020-21&SeasonType=Regular%20Season&TeamID=1610612741
2021,2020–21,1630172,Patrick Williams,0022001036,2021-05-11,CHI vs. BKN,BKN,L,22.816666666666666,5,2,2,1,1,0,0,0,1,1,0,0,2,2,2,-16,3.3,125.0,https://www.nba.com/stats/players/boxscores-traditional?Season=2020-21&SeasonType=Regular%20Season&TeamID=1610612741
2021,2020–21,203107,Tomas Satoransky,0022001036,2021-05-11,CHI vs. BKN,BKN,L,10.833333333333334,1,0,2,0,1,1,2,1,1,2,1,0,0,1,0,-3,-0.10000000000000009,17.36111111111111,https://www.nba.com/stats/players/boxscores-traditional?Season=2020-21&SeasonType=Regular%20Season&TeamID=1610612741
2021,2020–21,1629750,Javonte Green,0022001036,2021-05-11,CHI vs. BKN,BKN,L,2.635,0,0,0,0,0,0,0,0,1,1,0,0,0,0,1,0,-0.10000000000000003,0.0,https://www.nba.com/stats/players/boxscores-traditional?Season=2020-21&SeasonType=Regular%20Season&TeamID=1610612741
2021,2020–21,202696,Nikola Vučević,0022001023,2021-05-09,CHI @ DET,DET,W,36.166666666666664,29,14,27,1,8,0,0,3,13,16,2,0,1,0,4,0,22.2,53.70370370370371,https://www.nba.com/stats/players/boxscores-traditional?Season=2020-21&SeasonType=Regular%20Season&TeamID=1610612741
2021,2020–21,203897,Zach LaVine,0022001023,2021-05-09,CHI @ DET,DET,W,35.615,30,10,16,3,5,7,7,0,3,3,6,0,0,1,4,19,25.299999999999997,78.61635220125787,https://www.nba.com/stats/players/boxscores-traditional?Season=2020-21&SeasonType=Regular%20Season&TeamID=1610612741
2021,2020–21,1629632,Coby White,0022001023,2021-05-09,CHI @ DET,DET,W,30.7,21,8,16,5,11,0,0,0,4,4,3,0,0,1,2,0,14.499999999999996,65.625,https://www.nba.com/stats/players/boxscores-traditional?Season=2020-21&SeasonType=Regular%20Season&TeamID=1610612741
2021,2020–21,201152,Thaddeus Young,0022001023,2021-05-09,CHI @ DET,DET,W,26.85,11,4,10,2,3,1,2,0,3,3,3,0,0,2,3,19,4.999999999999999,50.55147058823529,https://www.nba.com/stats/players/boxscores-traditional?Season=2020-21&SeasonType=Regular%20Season&TeamID=1610612741
2021,2020–21,203107,Tomas Satoransky,0022001023,2021-05-09,CHI @ DET,DET,W,21.366666666666667,6,2,4,1,2,1,1,1,2,3,7,0,0,0,1,12,9.799999999999999,67.56756756756756,https://www.nba.com/stats/players/boxscores-traditional?Season=2020-21&SeasonType=Regular%20Season&TeamID=1610612741
2021,2020–21,1628374,Lauri Markkanen,0022001023,2021-05-09,CHI @ DET,DET,W,22.883333333333333,2,1,2,0,1,0,2,0,7,7,1,3,0,1,3,1,3.8,34.72222222222222,https://www.nba.com/stats/players/boxscores-traditional?Season=2020-21&SeasonType=Regular%20Season&TeamID=1610612741
2021,2020–21,202066,Garrett Temple,0022001023,2021-05-09,CHI @ DET,DET,W,30.766666666666666,1,0,2,0,1,1,2,0,5,5,4,0,2,1,1,1,3.5,17.36111111111111,https://www.nba.com/stats/players/boxscores-traditional?Season=2020-21&SeasonType=Regular%20Season&TeamID=1610612741
2021,2020–21,1630172,Patrick Williams,0022001023,2021-05-09,CHI @ DET,DET,W,23.0,4,2,4,0,1,0,0,1,1,2,1,2,0,1,1,7,4.3,50.0,https://www.nba.com/stats/players/boxscores-traditional?Season=2020-21&SeasonType=Regular%20Season&TeamID=1610612741
2021,2020–21,1629750,Javonte Green,0022001023,2021-05-09,CHI @ DET,DET,W,12.651666666666667,4,2,3,0,0,0,0,0,0,0,0,1,0,1,3,1,1.5,66.66666666666666,https://www.nba.com/stats/players/boxscores-traditional?Season=2020-21&SeasonType=Regular%20Season&TeamID=1610612741
2021,2020–21,202696,Nikola Vučević,0022000160,2021-05-07,CHI vs. BOS,BOS,W,32.083333333333336,18,7,16,2,5,2,2,4,10,14,10,2,1,4,2,12,20.3,53.317535545023695,https://www.nba.com/stats/players/boxscores-traditional?Season=2020-21&SeasonType=Regular%20Season&TeamID=1610612741
2021,2020–21,1629632,Coby White,0022000160,2021-05-07,CHI vs. BOS,BOS,W,33.15,25,9,16,7,12,0,0,2,5,7,5,1,1,2,1,13,23.1,78.125,https://www.nba.com/stats/players/boxscores-traditional?Season=2020-21&SeasonType=Regular%20Season&TeamID=1610612741
2021,2020–21,203897,Zach LaVine,0022000160,2021-05-07,CHI vs. BOS,BOS,W,32.666666666666664,25,10,24,3,9,2,2,3,2,5,2,2,0,0,2,4,17.5,50.241157556270096,https://www.nba.com/stats/players/boxscores-traditional?Season=2020-21&SeasonType=Regular%20Season&TeamID=1610612741
2021,2020–21,1628464,Daniel Theis,0022000160,2021-05-07,CHI vs. BOS,BOS,W,28.516666666666666,9,3,9,1,3,2,2,2,6,8,0,1,0,0,3,7,6.899999999999998,45.54655870445344,https://www.nba.com/stats/players/boxscores-traditional?Season=2020-21&SeasonType=Regular%20Season&TeamID=1610612741
2021,2020–21,1630172,Patrick Williams,0022000160,2021-05-07,CHI vs. BOS,BOS,W,26.75,7,3,7,1,3,0,0,1,3,4,2,2,0,1,2,9,6.500000000000001,50.0,https://www.nba.com/stats/players/boxscores-traditional?Season=2020-21&SeasonType=Regular%20Season&TeamID=1610612741
2021,2020–21,201152,Thaddeus Young,0022000160,2021-05-07,CHI vs. BOS,BOS,W,17.783333333333335,9,2,6,0,0,5,5,0,3,3,1,1,1,2,2,11,6.1,54.87804878048781,https://www.nba.com/stats/players/boxscores-traditional?Season=2020-21&SeasonType=Regular%20Season&TeamID=1610612741
2021,2020–21,203107,Tomas Satoransky,0022000160,2021-05-07,CHI vs. BOS,BOS,W,13.15,4,2,6,0,1,0,0,0,1,1,4,0,1,0,1,5,4.0,33.33333333333333,https://www.nba.com/stats/players/boxscores-traditional?Season=2020-21&SeasonType=Regular%20Season&TeamID=1610612741
2021,2020–21,202066,Garrett Temple,0022000160,2021-05-07,CHI vs. BOS,BOS,W,28.766666666666666,4,1,5,1,2,1,2,3,3,6,0,0,0,0,4,17,1.9,34.01360544217687,https://www.nba.com/stats/players/boxscores-traditional?Season=2020-21&SeasonType=Regular%20Season&TeamID=1610612741
2021,2020–21,1628374,Lauri Markkanen,0022000160,2021-05-07,CHI vs. BOS,BOS,W,14.216666666666667,8,1,5,1,3,5,5,0,2,2,0,0,0,0,3,6,4.3,55.55555555555556,https://www.nba.com/stats/players/boxscores-traditional?Season=2020-21&SeasonType=Regular%20Season&TeamID=1610612741
2021,2020–21,1629653,Devon Dotson,0022000160,2021-05-07,CHI vs. BOS,BOS,W,1.7,4,2,2,0,0,0,0,0,0,0,0,1,0,0,0,4,4.4,100.0,https://www.nba.com/stats/players/boxscores-traditional?Season=2020-21&SeasonType=Regular%20Season&TeamID=1610612741
2021,2020–21,1629750,Javonte Green,0022000160,2021-05-07,CHI vs. BOS,BOS,W,6.116666666666666,3,1,1,1,1,0,0,0,1,1,0,0,0,0,0,10,3.0,150.0,https://www.nba.com/stats/players/boxscores-traditional?Season=2020-21&SeasonType=Regular%20Season&TeamID=1610612741
2021,2020–21,1627853,Ryan Arcidiacono,0022000160,2021-05-07,CHI vs. BOS,BOS,W,1.7,3,1,1,1,1,0,0,0,1,1,0,0,0,0,0,4,3.0,150.0,https://www.nba.com/stats/players/boxscores-traditional?Season=2020-21&SeasonType=Regular%20Season&TeamID=1610612741
2021,2020–21,1627756,Denzel Valentine,0022000160,2021-05-07,CHI vs. BOS,BOS,W,1.7,2,1,1,0,0,0,0,0,0,0,1,0,0,0,0,4,2.4,100.0,https://www.nba.com/stats/players/boxscores-traditional?Season=2020-21&SeasonType=Regular%20Season&TeamID=1610612741
2021,2020–21,1626245,Cristiano Felicio,0022000160,2021-05-07,CHI vs. BOS,BOS,W,1.7,0,0,0,0,0,0,0,0,0,0,1,0,0,0,0,4,0.7,0.0,https://www.nba.com/stats/players/boxscores-traditional?Season=2020-21&SeasonType=Regular%20Season&TeamID=1610612741
2021,2020–21,202696,Nikola Vučević,0022000434,2021-05-06,CHI @ CHA,CHA,W,30.65,29,12,24,5,7,0,0,6,8,14,3,2,1,1,2,14,26.599999999999994,60.416666666666664,https://www.nba.com/stats/players/boxscores-traditional?Season=2020-21&SeasonType=Regular%20Season&TeamID=1610612741
2021,2020–21,1628464,Daniel Theis,0022000434,2021-05-06,CHI @ CHA,CHA,W,26.116666666666667,12,5,8,1,2,1,2,4,3,7,2,2,2,3,3,7,12.3,67.56756756756756,https://www.nba.com/stats/players/boxscores-traditional?Season=2020-21&SeasonType=Regular%20Season&TeamID=1610612741
2021,2020–21,201152,Thaddeus Young,0022000434,2021-05-06,CHI @ CHA,CHA,W,19.933333333333334,7,3,8,0,0,1,3,3,3,6,8,2,1,2,1,12,10.699999999999998,37.553648068669524,https://www.nba.com/stats/players/boxscores-traditional?Season=2020-21&SeasonType=Regular%20Season&TeamID=1610612741
2021,2020–21,1629632,Coby White,0022000434,2021-05-06,CHI @ CHA,CHA,W,30.116666666666667,14,5,12,3,8,1,2,0,4,4,6,0,0,4,5,7,6.6,54.347826086956516,https://www.nba.com/stats/players/boxscores-traditional?Season=2020-21&SeasonType=Regular%20Season&TeamID=1610612741
2021,2020–21,1628374,Lauri Markkanen,0022000434,2021-05-06,CHI @ CHA,CHA,W,20.833333333333332,10,4,5,2,3,0,0,1,6,7,1,1,2,0,1,0,13.299999999999997,100.0,https://www.nba.com/stats/players/boxscores-traditional?Season=2020-21&SeasonType=Regular%20Season&TeamID=1610612741
2021,2020–21,202066,Garrett Temple,0022000434,2021-05-06,CHI @ CHA,CHA,W,23.633333333333333,12,5,11,2,5,0,0,0,3,3,2,2,1,1,1,7,9.9,54.54545454545454,https://www.nba.com/stats/players/boxscores-traditional?Season=2020-21&SeasonType=Regular%20Season&TeamID=1610612741
2021,2020–21,1630172,Patrick Williams,0022000434,2021-05-06,CHI @ CHA,CHA,W,26.083333333333332,11,4,5,0,0,3,5,1,8,9,2,0,1,2,1,19,11.099999999999998,76.38888888888889,https://www.nba.com/stats/players/boxscores-traditional?Season=2020-21&SeasonType=Regular%20Season&TeamID=1610612741
2021,2020–21,203897,Zach LaVine,0022000434,2021-05-06,CHI @ CHA,CHA,W,27.456666666666667,13,5,11,3,8,0,0,0,3,3,2,0,0,4,2,8,4.800000000000001,59.09090909090909,https://www.nba.com/stats/players/boxscores-traditional?Season=2020-21&SeasonType=Regular%20Season&TeamID=1610612741
2021,2020–21,203107,Tomas Satoransky,0022000434,2021-05-06,CHI @ CHA,CHA,W,19.951666666666668,6,2,3,1,2,1,2,0,1,1,4,0,0,0,3,12,6.199999999999999,77.31958762886599,https://www.nba.com/stats/players/boxscores-traditional?Season=2020-21&SeasonType=Regular%20Season&TeamID=1610612741
2021,2020–21,1629750,Javonte Green,0022000434,2021-05-06,CHI @ CHA,CHA,W,7.425,3,0,2,0,1,3,3,0,1,1,2,1,0,0,0,11,4.300000000000001,45.18072289156626,https://www.nba.com/stats/players/boxscores-traditional?Season=2020-21&SeasonType=Regular%20Season&TeamID=1610612741
2021,2020–21,1627756,Denzel Valentine,0022000434,2021-05-06,CHI @ CHA,CHA,W,1.95,3,1,2,1,1,0,0,0,1,1,0,0,0,0,0,2,2.3,75.0,https://www.nba.com/stats/players/boxscores-traditional?Season=2020-21&SeasonType=Regular%20Season&TeamID=1610612741
2021,2020–21,1629653,Devon Dotson,0022000434,2021-05-06,CHI @ CHA,CHA,W,1.95,0,0,0,0,0,0,0,0,0,0,1,0,0,0,0,2,0.7,0.0,https://www.nba.com/stats/players/boxscores-traditional?Season=2020-21&SeasonType=Regular%20Season&TeamID=1610612741
2021,2020–21,1627853,Ryan Arcidiacono,0022000434,2021-05-06,CHI @ CHA,CHA,W,1.95,0,0,0,0,0,0,0,0,0,0,0,0,0,0,0,2,0.0,0.0,https://www.nba.com/stats/players/boxscores-traditional?Season=2020-21&SeasonType=Regular%20Season&TeamID=1610612741
2021,2020–21,1626245,Cristiano Felicio,0022000434,2021-05-06,CHI @ CHA,CHA,W,1.95,0,0,0,0,0,0,0,0,0,0,0,0,0,0,1,2,-0.4,0.0,https://www.nba.com/stats/players/boxscores-traditional?Season=2020-21&SeasonType=Regular%20Season&TeamID=1610612741
2021,2020–21,1629632,Coby White,0022000979,2021-05-03,CHI vs. PHI,PHI,L,28.803333333333335,23,8,19,5,10,2,2,1,1,2,5,0,0,3,1,-4,14.0,57.847082494969825,https://www.nba.com/stats/players/boxscores-traditional?Season=2020-21&SeasonType=Regular%20Season&TeamID=1610612741
2021,2020–21,1628464,Daniel Theis,0022000979,2021-05-03,CHI vs. PHI,PHI,L,40.18333333333333,11,4,10,1,2,2,2,3,5,8,3,2,0,1,3,-11,11.099999999999998,50.55147058823529,https://www.nba.com/stats/players/boxscores-traditional?Season=2020-21&SeasonType=Regular%20Season&TeamID=1610612741
2021,2020–21,203107,Tomas Satoransky,0022000979,2021-05-03,CHI vs. PHI,PHI,L,22.65,10,5,9,0,4,0,0,1,3,4,6,0,1,3,1,-6,8.799999999999999,55.55555555555556,https://www.nba.com/stats/players/boxscores-traditional?Season=2020-21&SeasonType=Regular%20Season&TeamID=1610612741
2021,2020–21,201152,Thaddeus Young,0022000979,2021-05-03,CHI vs. PHI,PHI,L,27.716666666666665,13,6,13,0,1,1,2,1,3,4,3,1,0,3,0,-16,7.6,46.829971181556196,https://www.nba.com/stats/players/boxscores-traditional?Season=2020-21&SeasonType=Regular%20Season&TeamID=1610612741
2021,2020–21,1630172,Patrick Williams,0022000979,2021-05-03,CHI vs. PHI,PHI,L,27.666666666666668,5,2,8,0,1,1,2,2,5,7,4,2,0,1,3,-26,5.3,28.15315315315315,https://www.nba.com/stats/players/boxscores-traditional?Season=2020-21&SeasonType=Regular%20Season&TeamID=1610612741
2021,2020–21,1627756,Denzel Valentine,0022000979,2021-05-03,CHI vs. PHI,PHI,L,16.55,11,3,7,3,6,2,2,0,2,2,4,0,0,1,1,13,9.299999999999999,69.79695431472082,https://www.nba.com/stats/players/boxscores-traditional?Season=2020-21&SeasonType=Regular%20Season&TeamID=1610612741
2021,2020–21,1629750,Javonte Green,0022000979,2021-05-03,CHI vs. PHI,PHI,L,11.213333333333333,7,3,4,0,0,1,1,1,2,3,0,1,0,0,1,13,7.299999999999999,78.82882882882882,https://www.nba.com/stats/players/boxscores-traditional?Season=2020-21&SeasonType=Regular%20Season&TeamID=1610612741
2021,2020–21,202066,Garrett Temple,0022000979,2021-05-03,CHI vs. PHI,PHI,L,27.5,7,3,6,1,2,0,0,0,1,1,0,0,1,1,1,-30,3.5999999999999996,58.333333333333336,https://www.nba.com/stats/players/boxscores-traditional?Season=2020-21&SeasonType=Regular%20Season&TeamID=1610612741
2021,2020–21,1628374,Lauri Markkanen,0022000979,2021-05-03,CHI vs. PHI,PHI,L,16.8,5,2,8,1,6,0,0,2,2,4,0,0,0,2,1,-8,-0.19999999999999973,31.25,https://www.nba.com/stats/players/boxscores-traditional?Season=2020-21&SeasonType=Regular%20Season&TeamID=1610612741
2021,2020–21,202329,Al-Farouq Aminu,0022000979,2021-05-03,CHI vs. PHI,PHI,L,16.3,2,0,1,0,1,2,3,1,4,5,0,1,0,0,2,15,3.0,43.103448275862064,https://www.nba.com/stats/players/boxscores-traditional?Season=2020-21&SeasonType=Regular%20Season&TeamID=1610612741
2021,2020–21,1627853,Ryan Arcidiacono,0022000979,2021-05-03,CHI vs. PHI,PHI,L,4.616666666666666,0,0,2,0,1,0,0,0,0,0,0,0,0,0,1,0,-1.7999999999999998,0.0,https://www.nba.com/stats/players/boxscores-traditional?Season=2020-21&SeasonType=Regular%20Season&TeamID=1610612741
2021,2020–21,201152,Thaddeus Young,0022000959,2021-05-01,CHI @ ATL,ATL,L,32.95166666666667,20,10,12,0,0,0,0,3,4,7,9,2,0,2,4,-15,23.6,83.33333333333334,https://www.nba.com/stats/players/boxscores-traditional?Season=2020-21&SeasonType=Regular%20Season&TeamID=1610612741
2021,2020–21,1630172,Patrick Williams,0022000959,2021-05-01,CHI @ ATL,ATL,L,33.05,19,7,13,2,2,3,4,0,2,2,1,1,0,0,1,-9,14.2,64.36314363143632,https://www.nba.com/stats/players/boxscores-traditional?Season=2020-21&SeasonType=Regular%20Season&TeamID=1610612741
2021,2020–21,1628374,Lauri Markkanen,0022000959,2021-05-01,CHI @ ATL,ATL,L,22.783333333333335,7,3,10,1,4,0,0,2,9,11,1,1,0,1,1,-3,5.599999999999999,35.0,https://www.nba.com/stats/players/boxscores-traditional?Season=2020-21&SeasonType=Regular%20Season&TeamID=1610612741
2021,2020–21,1629632,Coby White,0022000959,2021-05-01,CHI @ ATL,ATL,L,33.626666666666665,12,5,16,1,6,1,2,0,4,4,3,1,0,4,5,-5,0.7000000000000002,35.54502369668246,https://www.nba.com/stats/players/boxscores-traditional?Season=2020-21&SeasonType=Regular%20Season&TeamID=1610612741
2021,2020–21,1628464,Daniel Theis,0022000959,2021-05-01,CHI @ ATL,ATL,L,28.866666666666667,7,3,8,0,3,1,2,2,5,7,0,3,0,1,0,-9,7.1,39.41441441441441,https://www.nba.com/stats/players/boxscores-traditional?Season=2020-21&SeasonType=Regular%20Season&TeamID=1610612741
2021,2020–21,1627756,Denzel Valentine,0022000959,2021-05-01,CHI @ ATL,ATL,L,16.498333333333335,9,4,9,1,3,0,0,1,1,2,3,0,0,1,3,7,5.199999999999999,50.0,https://www.nba.com/stats/players/boxscores-traditional?Season=2020-21&SeasonType=Regular%20Season&TeamID=1610612741
2021,2020–21,203107,Tomas Satoransky,0022000959,2021-05-01,CHI @ ATL,ATL,L,16.616666666666667,12,4,6,0,1,4,5,0,2,2,1,0,0,1,3,-9,8.099999999999998,73.17073170731709,https://www.nba.com/stats/players/boxscores-traditional?Season=2020-21&SeasonType=Regular%20Season&TeamID=1610612741
2021,2020–21,202066,Garrett Temple,0022000959,2021-05-01,CHI @ ATL,ATL,L,27.851666666666667,5,2,6,0,4,1,2,0,1,1,4,2,0,1,4,-18,3.700000000000001,36.337209302325576,https://www.nba.com/stats/players/boxscores-traditional?Season=2020-21&SeasonType=Regular%20Season&TeamID=1610612741
2021,2020–21,1627853,Ryan Arcidiacono,0022000959,2021-05-01,CHI @ ATL,ATL,L,15.571666666666667,6,2,4,1,1,1,2,0,0,0,0,0,0,1,0,9,2.6,61.47540983606557,https://www.nba.com/stats/players/boxscores-traditional?Season=2020-21&SeasonType=Regular%20Season&TeamID=1610612741
2021,2020–21,202329,Al-Farouq Aminu,0022000959,2021-05-01,CHI @ ATL,ATL,L,12.183333333333334,0,0,1,0,0,0,0,0,3,3,0,1,0,1,1,-3,-0.20000000000000007,0.0,https://www.nba.com/stats/players/boxscores-traditional?Season=2020-21&SeasonType=Regular%20Season&TeamID=1610612741
2021,2020–21,202696,Nikola Vučević,0022000954,2021-04-30,CHI vs. MIL,MIL,L,36.17,17,7,27,1,9,2,2,3,12,15,4,1,1,0,2,-8,10.3,30.48780487804878,https://www.nba.com/stats/players/boxscores-traditional?Season=2020-21&SeasonType=Regular%20Season&TeamID=1610612741
2021,2020–21,1629632,Coby White,0022000954,2021-04-30,CHI vs. MIL,MIL,L,34.63666666666666,21,6,15,4,8,5,5,0,1,1,7,1,1,1,2,-6,17.999999999999996,61.04651162790697,https://www.nba.com/stats/players/boxscores-traditional?Season=2020-21&SeasonType=Regular%20Season&TeamID=1610612741
2021,2020–21,1628464,Daniel Theis,0022000954,2021-04-30,CHI vs. MIL,MIL,L,25.216666666666665,16,7,9,1,1,1,3,3,7,10,0,0,0,0,4,-8,14.299999999999999,77.51937984496124,https://www.nba.com/stats/players/boxscores-traditional?Season=2020-21&SeasonType=Regular%20Season&TeamID=1610612741
2021,2020–21,201152,Thaddeus Young,0022000954,2021-04-30,CHI vs. MIL,MIL,L,18.666666666666668,8,2,10,0,0,4,6,3,4,7,4,0,1,1,1,0,6.4,31.645569620253163,https://www.nba.com/stats/players/boxscores-traditional?Season=2020-21&SeasonType=Regular%20Season&TeamID=1610612741
2021,2020–21,203107,Tomas Satoransky,0022000954,2021-04-30,CHI vs. MIL,MIL,L,22.066666666666666,13,6,7,1,2,0,0,1,3,4,1,0,0,3,1,-10,9.399999999999999,92.85714285714286,https://www.nba.com/stats/players/boxscores-traditional?Season=2020-21&SeasonType=Regular%20Season&TeamID=1610612741
2021,2020–21,1627756,Denzel Valentine,0022000954,2021-04-30,CHI vs. MIL,MIL,L,16.883333333333333,5,2,9,1,4,0,0,2,3,5,3,1,0,1,2,-3,3.0999999999999996,27.77777777777778,https://www.nba.com/stats/players/boxscores-traditional?Season=2020-21&SeasonType=Regular%20Season&TeamID=1610612741
2021,2020–21,1630172,Patrick Williams,0022000954,2021-04-30,CHI vs. MIL,MIL,L,35.10333333333333,5,2,6,0,1,1,4,1,4,5,0,1,1,1,1,-11,2.6,32.21649484536083,https://www.nba.com/stats/players/boxscores-traditional?Season=2020-21&SeasonType=Regular%20Season&TeamID=1610612741
2021,2020–21,202066,Garrett Temple,0022000954,2021-04-30,CHI vs. MIL,MIL,L,32.47,6,2,7,1,5,1,1,0,1,1,3,0,1,2,4,-6,1.4,40.32258064516129,https://www.nba.com/stats/players/boxscores-traditional?Season=2020-21&SeasonType=Regular%20Season&TeamID=1610612741
2021,2020–21,202329,Al-Farouq Aminu,0022000954,2021-04-30,CHI vs. MIL,MIL,L,15.0,5,2,5,1,3,0,0,1,1,2,1,0,0,0,1,-6,3.6,50.0,https://www.nba.com/stats/players/boxscores-traditional?Season=2020-21&SeasonType=Regular%20Season&TeamID=1610612741
2021,2020–21,1629653,Devon Dotson,0022000954,2021-04-30,CHI vs. MIL,MIL,L,0.9466666666666667,2,1,1,0,0,0,0,0,0,0,0,1,0,0,0,2,2.7,100.0,https://www.nba.com/stats/players/boxscores-traditional?Season=2020-21&SeasonType=Regular%20Season&TeamID=1610612741
2021,2020–21,1627853,Ryan Arcidiacono,0022000954,2021-04-30,CHI vs. MIL,MIL,L,0.9466666666666667,0,0,0,0,0,0,0,0,0,0,0,0,0,0,0,2,0.0,0.0,https://www.nba.com/stats/players/boxscores-traditional?Season=2020-21&SeasonType=Regular%20Season&TeamID=1610612741
2021,2020–21,1629750,Javonte Green,0022000954,2021-04-30,CHI vs. MIL,MIL,L,0.9466666666666667,0,0,0,0,0,0,0,0,0,0,0,0,0,0,0,2,0.0,0.0,https://www.nba.com/stats/players/boxscores-traditional?Season=2020-21&SeasonType=Regular%20Season&TeamID=1610612741
2021,2020–21,1629690,Adam Mokoka,0022000954,2021-04-30,CHI vs. MIL,MIL,L,0.9466666666666667,0,0,0,0,0,0,0,0,0,0,0,0,0,1,0,2,-1.0,0.0,https://www.nba.com/stats/players/boxscores-traditional?Season=2020-21&SeasonType=Regular%20Season&TeamID=1610612741
2021,2020–21,202696,Nikola Vučević,0022000937,2021-04-28,CHI @ NYK,NYK,L,37.105,26,10,22,3,7,3,4,2,16,18,3,0,2,3,2,-9,20.099999999999998,54.71380471380471,https://www.nba.com/stats/players/boxscores-traditional?Season=2020-21&SeasonType=Regular%20Season&TeamID=1610612741
2021,2020–21,1629632,Coby White,0022000937,2021-04-28,CHI @ NYK,NYK,L,35.083333333333336,12,5,13,2,6,0,0,0,2,2,9,0,1,3,5,-23,7.5,46.15384615384615,https://www.nba.com/stats/players/boxscores-traditional?Season=2020-21&SeasonType=Regular%20Season&TeamID=1610612741
2021,2020–21,201152,Thaddeus Young,0022000937,2021-04-28,CHI @ NYK,NYK,L,28.666666666666668,10,5,11,0,1,0,0,2,2,4,6,2,0,1,1,4,11.1,45.45454545454545,https://www.nba.com/stats/players/boxscores-traditional?Season=2020-21&SeasonType=Regular%20Season&TeamID=1610612741
2021,2020–21,202066,Garrett Temple,0022000937,2021-04-28,CHI @ NYK,NYK,L,34.833333333333336,12,5,6,2,2,0,0,1,2,3,5,0,1,2,1,-13,12.899999999999999,100.0,https://www.nba.com/stats/players/boxscores-traditional?Season=2020-21&SeasonType=Regular%20Season&TeamID=1610612741
2021,2020–21,1628374,Lauri Markkanen,0022000937,2021-04-28,CHI @ NYK,NYK,L,25.466666666666665,14,5,9,2,6,2,2,1,5,6,0,0,0,0,0,-1,11.899999999999999,70.85020242914979,https://www.nba.com/stats/players/boxscores-traditional?Season=2020-21&SeasonType=Regular%20Season&TeamID=1610612741
2021,2020–21,203107,Tomas Satoransky,0022000937,2021-04-28,CHI @ NYK,NYK,L,22.983333333333334,6,3,7,0,1,0,1,1,3,4,3,0,0,2,1,2,3.1999999999999993,40.32258064516129,https://www.nba.com/stats/players/boxscores-traditional?Season=2020-21&SeasonType=Regular%20Season&TeamID=1610612741
2021,2020–21,1630172,Patrick Williams,0022000937,2021-04-28,CHI @ NYK,NYK,L,22.85,7,3,6,1,2,0,0,0,1,1,2,0,0,0,0,-19,5.699999999999999,58.333333333333336,https://www.nba.com/stats/players/boxscores-traditional?Season=2020-21&SeasonType=Regular%20Season&TeamID=1610612741
2021,2020–21,1628464,Daniel Theis,0022000937,2021-04-28,CHI @ NYK,NYK,L,20.911666666666665,6,3,9,0,3,0,0,0,4,4,0,0,0,2,2,-23,-0.6999999999999995,33.33333333333333,https://www.nba.com/stats/players/boxscores-traditional?Season=2020-21&SeasonType=Regular%20Season&TeamID=1610612741
2021,2020–21,1627853,Ryan Arcidiacono,0022000937,2021-04-28,CHI @ NYK,NYK,L,5.9,0,0,0,0,0,0,2,0,1,1,1,0,0,0,0,-5,0.19999999999999996,0.0,https://www.nba.com/stats/players/boxscores-traditional?Season=2020-21&SeasonType=Regular%20Season&TeamID=1610612741
2021,2020–21,1627756,Denzel Valentine,0022000937,2021-04-28,CHI @ NYK,NYK,L,1.55,1,0,0,0,0,1,1,0,0,0,0,0,0,1,0,-2,0.0,113.63636363636364,https://www.nba.com/stats/players/boxscores-traditional?Season=2020-21&SeasonType=Regular%20Season&TeamID=1610612741
2021,2020–21,1629750,Javonte Green,0022000937,2021-04-28,CHI @ NYK,NYK,L,1.55,0,0,1,0,0,0,0,0,0,0,0,0,0,0,0,-2,-0.7,0.0,https://www.nba.com/stats/players/boxscores-traditional?Season=2020-21&SeasonType=Regular%20Season&TeamID=1610612741
2021,2020–21,1629690,Adam Mokoka,0022000937,2021-04-28,CHI @ NYK,NYK,L,1.55,0,0,1,0,1,0,0,0,0,0,0,0,0,0,0,-2,-0.7,0.0,https://www.nba.com/stats/players/boxscores-traditional?Season=2020-21&SeasonType=Regular%20Season&TeamID=1610612741
2021,2020–21,1626245,Cristiano Felicio,0022000937,2021-04-28,CHI @ NYK,NYK,L,1.55,0,0,0,0,0,0,0,0,0,0,0,0,0,0,0,-2,0.0,0.0,https://www.nba.com/stats/players/boxscores-traditional?Season=2020-21&SeasonType=Regular%20Season&TeamID=1610612741
2021,2020–21,1628464,Daniel Theis,0022000922,2021-04-26,CHI @ MIA,MIA,W,32.483333333333334,23,10,13,1,2,2,3,2,10,12,5,0,2,0,1,5,26.4,80.3072625698324,https://www.nba.com/stats/players/boxscores-traditional?Season=2020-21&SeasonType=Regular%20Season&TeamID=1610612741
2021,2020–21,202696,Nikola Vučević,0022000922,2021-04-26,CHI @ MIA,MIA,W,35.24,24,9,15,4,5,2,2,1,10,11,2,1,0,4,4,10,17.599999999999998,75.56675062972292,https://www.nba.com/stats/players/boxscores-traditional?Season=2020-21&SeasonType=Regular%20Season&TeamID=1610612741
2021,2020–21,1629632,Coby White,0022000922,2021-04-26,CHI @ MIA,MIA,W,35.69166666666667,17,5,14,2,8,5,6,0,5,5,6,0,0,3,3,12,10.3,51.081730769230774,https://www.nba.com/stats/players/boxscores-traditional?Season=2020-21&SeasonType=Regular%20Season&TeamID=1610612741
2021,2020–21,201152,Thaddeus Young,0022000922,2021-04-26,CHI @ MIA,MIA,W,26.276666666666667,10,5,6,0,0,0,1,4,5,9,8,0,0,2,4,-3,13.699999999999998,77.63975155279502,https://www.nba.com/stats/players/boxscores-traditional?Season=2020-21&SeasonType=Regular%20Season&TeamID=1610612741
2021,2020–21,203107,Tomas Satoransky,0022000922,2021-04-26,CHI @ MIA,MIA,W,18.116666666666667,6,1,3,0,1,4,5,2,2,4,6,1,1,2,0,-6,9.799999999999999,57.692307692307686,https://www.nba.com/stats/players/boxscores-traditional?Season=2020-21&SeasonType=Regular%20Season&TeamID=1610612741
2021,2020–21,1628374,Lauri Markkanen,0022000922,2021-04-26,CHI @ MIA,MIA,W,23.156666666666666,12,5,11,2,7,0,0,0,2,2,1,1,0,1,3,9,6.3999999999999995,54.54545454545454,https://www.nba.com/stats/players/boxscores-traditional?Season=2020-21&SeasonType=Regular%20Season&TeamID=1610612741
2021,2020–21,202066,Garrett Temple,0022000922,2021-04-26,CHI @ MIA,MIA,W,30.75,10,4,7,2,4,0,0,0,1,1,2,0,0,1,2,14,6.6000000000000005,71.42857142857143,https://www.nba.com/stats/players/boxscores-traditional?Season=2020-21&SeasonType=Regular%20Season&TeamID=1610612741
2021,2020–21,1630172,Patrick Williams,0022000922,2021-04-26,CHI @ MIA,MIA,W,22.36,8,2,7,0,1,4,5,0,2,2,2,0,1,3,1,3,2.8000000000000016,43.47826086956522,https://www.nba.com/stats/players/boxscores-traditional?Season=2020-21&SeasonType=Regular%20Season&TeamID=1610612741
2021,2020–21,1627756,Denzel Valentine,0022000922,2021-04-26,CHI @ MIA,MIA,W,9.916666666666666,0,0,1,0,1,0,0,0,3,3,1,0,0,2,3,-3,-2.3000000000000003,0.0,https://www.nba.com/stats/players/boxscores-traditional?Season=2020-21&SeasonType=Regular%20Season&TeamID=1610612741
2021,2020–21,1627853,Ryan Arcidiacono,0022000922,2021-04-26,CHI @ MIA,MIA,W,6.008333333333334,0,0,0,0,0,0,0,0,2,2,0,0,0,0,0,-1,0.6,0.0,https://www.nba.com/stats/players/boxscores-traditional?Season=2020-21&SeasonType=Regular%20Season&TeamID=1610612741
2021,2020–21,202696,Nikola Vučević,0022000907,2021-04-24,CHI @ MIA,MIA,L,38.93333333333333,26,11,18,2,6,2,3,2,12,14,6,0,0,2,1,-2,24.2,67.28778467908903,https://www.nba.com/stats/players/boxscores-traditional?Season=2020-21&SeasonType=Regular%20Season&TeamID=1610612741
2021,2020–21,1629632,Coby White,0022000907,2021-04-24,CHI @ MIA,MIA,L,37.63333333333333,31,11,18,3,9,6,6,0,5,5,5,2,0,6,4,-4,22.199999999999996,75.09689922480621,https://www.nba.com/stats/players/boxscores-traditional?Season=2020-21&SeasonType=Regular%20Season&TeamID=1610612741
2021,2020–21,1627756,Denzel Valentine,0022000907,2021-04-24,CHI @ MIA,MIA,L,18.1,9,3,7,3,5,0,0,0,4,4,3,3,2,1,2,7,11.2,64.28571428571429,https://www.nba.com/stats/players/boxscores-traditional?Season=2020-21&SeasonType=Regular%20Season&TeamID=1610612741
2021,2020–21,1628464,Daniel Theis,0022000907,2021-04-24,CHI @ MIA,MIA,L,25.85,9,3,6,1,2,2,2,2,4,6,2,1,0,0,3,-5,9.8,65.40697674418605,https://www.nba.com/stats/players/boxscores-traditional?Season=2020-21&SeasonType=Regular%20Season&TeamID=1610612741
2021,2020–21,1628374,Lauri Markkanen,0022000907,2021-04-24,CHI @ MIA,MIA,L,20.85,9,3,6,3,5,0,0,0,5,5,1,0,0,1,4,10,5.6,75.0,https://www.nba.com/stats/players/boxscores-traditional?Season=2020-21&SeasonType=Regular%20Season&TeamID=1610612741
2021,2020–21,201152,Thaddeus Young,0022000907,2021-04-24,CHI @ MIA,MIA,L,21.75,6,3,6,0,1,0,0,1,1,2,4,1,0,2,0,-2,5.800000000000001,50.0,https://www.nba.com/stats/players/boxscores-traditional?Season=2020-21&SeasonType=Regular%20Season&TeamID=1610612741
2021,2020–21,1630172,Patrick Williams,0022000907,2021-04-24,CHI @ MIA,MIA,L,21.516666666666666,4,2,6,0,1,0,0,1,3,4,1,0,0,3,1,-9,-0.49999999999999956,33.33333333333333,https://www.nba.com/stats/players/boxscores-traditional?Season=2020-21&SeasonType=Regular%20Season&TeamID=1610612741
2021,2020–21,1627853,Ryan Arcidiacono,0022000907,2021-04-24,CHI @ MIA,MIA,L,9.133333333333333,3,1,2,1,2,0,0,0,1,1,2,0,0,0,0,-5,3.6999999999999997,75.0,https://www.nba.com/stats/players/boxscores-traditional?Season=2020-21&SeasonType=Regular%20Season&TeamID=1610612741
2021,2020–21,202066,Garrett Temple,0022000907,2021-04-24,CHI @ MIA,MIA,L,32.96666666666667,2,1,7,0,4,0,0,0,0,0,4,0,0,0,4,-11,-1.2999999999999998,14.285714285714285,https://www.nba.com/stats/players/boxscores-traditional?Season=2020-21&SeasonType=Regular%20Season&TeamID=1610612741
2021,2020–21,203107,Tomas Satoransky,0022000907,2021-04-24,CHI @ MIA,MIA,L,13.266666666666667,2,0,3,0,3,2,2,0,1,1,0,0,0,2,1,-4,-2.1999999999999997,25.773195876288664,https://www.nba.com/stats/players/boxscores-traditional?Season=2020-21&SeasonType=Regular%20Season&TeamID=1610612741
2021,2020–21,202696,Nikola Vučević,0022000896,2021-04-22,CHI vs. CHA,CHA,W,28.703333333333333,18,8,13,1,4,1,1,1,15,16,6,0,0,2,0,24,19.499999999999996,66.96428571428572,https://www.nba.com/stats/players/boxscores-traditional?Season=2020-21&SeasonType=Regular%20Season&TeamID=1610612741
2021,2020–21,201152,Thaddeus Young,0022000896,2021-04-22,CHI vs. CHA,CHA,W,20.05,18,8,10,1,1,1,1,3,1,4,3,2,0,3,3,16,16.499999999999996,86.20689655172414,https://www.nba.com/stats/players/boxscores-traditional?Season=2020-21&SeasonType=Regular%20Season&TeamID=1610612741
2021,2020–21,1629632,Coby White,0022000896,2021-04-22,CHI vs. CHA,CHA,W,28.033333333333335,18,7,10,4,6,0,0,0,3,3,3,1,0,0,0,25,17.8,90.0,https://www.nba.com/stats/players/boxscores-traditional?Season=2020-21&SeasonType=Regular%20Season&TeamID=1610612741
2021,2020–21,203107,Tomas Satoransky,0022000896,2021-04-22,CHI vs. CHA,CHA,W,20.766666666666666,10,4,10,1,5,1,2,1,1,2,7,3,0,1,1,-5,11.699999999999998,45.955882352941174,https://www.nba.com/stats/players/boxscores-traditional?Season=2020-21&SeasonType=Regular%20Season&TeamID=1610612741
2021,2020–21,1628464,Daniel Theis,0022000896,2021-04-22,CHI vs. CHA,CHA,W,25.233333333333334,9,3,7,0,3,3,3,2,5,7,1,0,2,3,1,5,6.899999999999999,54.08653846153846,https://www.nba.com/stats/players/boxscores-traditional?Season=2020-21&SeasonType=Regular%20Season&TeamID=1610612741
2021,2020–21,1628374,Lauri Markkanen,0022000896,2021-04-22,CHI vs. CHA,CHA,W,26.516666666666666,11,4,11,3,8,0,0,1,3,4,0,1,0,0,2,7,6.7,50.0,https://www.nba.com/stats/players/boxscores-traditional?Season=2020-21&SeasonType=Regular%20Season&TeamID=1610612741
2021,2020–21,202066,Garrett Temple,0022000896,2021-04-22,CHI vs. CHA,CHA,W,24.333333333333332,9,3,8,3,6,0,0,0,3,3,4,0,0,4,0,20,4.300000000000001,56.25,https://www.nba.com/stats/players/boxscores-traditional?Season=2020-21&SeasonType=Regular%20Season&TeamID=1610612741
2021,2020–21,1630172,Patrick Williams,0022000896,2021-04-22,CHI vs. CHA,CHA,W,23.2,7,3,6,0,2,1,2,1,2,3,3,1,0,1,1,7,6.599999999999999,50.872093023255815,https://www.nba.com/stats/players/boxscores-traditional?Season=2020-21&SeasonType=Regular%20Season&TeamID=1610612741
2021,2020–21,1627853,Ryan Arcidiacono,0022000896,2021-04-22,CHI vs. CHA,CHA,W,18.78,3,1,3,1,2,0,0,1,3,4,1,0,0,0,4,-5,1.9999999999999996,50.0,https://www.nba.com/stats/players/boxscores-traditional?Season=2020-21&SeasonType=Regular%20Season&TeamID=1610612741
2021,2020–21,1627756,Denzel Valentine,0022000896,2021-04-22,CHI vs. CHA,CHA,W,16.15,3,1,7,0,6,1,2,1,2,3,1,0,0,1,2,-1,-1.6999999999999997,19.03553299492386,https://www.nba.com/stats/players/boxscores-traditional?Season=2020-21&SeasonType=Regular%20Season&TeamID=1610612741
2021,2020–21,1626245,Cristiano Felicio,0022000896,2021-04-22,CHI vs. CHA,CHA,W,2.716666666666667,2,1,1,0,0,0,0,0,0,0,0,0,0,0,0,-4,1.7,100.0,https://www.nba.com/stats/players/boxscores-traditional?Season=2020-21&SeasonType=Regular%20Season&TeamID=1610612741
2021,2020–21,1629690,Adam Mokoka,0022000896,2021-04-22,CHI vs. CHA,CHA,W,1.4,0,0,0,0,0,0,0,0,0,0,1,0,0,1,0,0,-0.30000000000000004,0.0,https://www.nba.com/stats/players/boxscores-traditional?Season=2020-21&SeasonType=Regular%20Season&TeamID=1610612741
2021,2020–21,1629750,Javonte Green,0022000896,2021-04-22,CHI vs. CHA,CHA,W,2.716666666666667,0,0,1,0,0,0,0,0,1,1,0,0,0,1,0,-4,-1.4,0.0,https://www.nba.com/stats/players/boxscores-traditional?Season=2020-21&SeasonType=Regular%20Season&TeamID=1610612741
2021,2020–21,1629653,Devon Dotson,0022000896,2021-04-22,CHI vs. CHA,CHA,W,1.4,0,0,0,0,0,0,0,0,0,0,0,0,0,0,0,0,0.0,0.0,https://www.nba.com/stats/players/boxscores-traditional?Season=2020-21&SeasonType=Regular%20Season&TeamID=1610612741
2021,2020–21,201152,Thaddeus Young,0022000881,2021-04-21,CHI @ CLE,CLE,L,17.44333333333333,14,5,8,1,1,3,4,4,4,8,3,1,2,3,5,-3,13.5,71.72131147540983,https://www.nba.com/stats/players/boxscores-traditional?Season=2020-21&SeasonType=Regular%20Season&TeamID=1610612741
2021,2020–21,1629632,Coby White,0022000881,2021-04-21,CHI @ CLE,CLE,L,30.6,14,5,10,2,5,2,2,0,2,2,6,0,2,1,3,-8,13.0,64.33823529411764,https://www.nba.com/stats/players/boxscores-traditional?Season=2020-21&SeasonType=Regular%20Season&TeamID=1610612741
2021,2020–21,1628374,Lauri Markkanen,0022000881,2021-04-21,CHI @ CLE,CLE,L,21.156666666666666,16,5,7,4,5,2,2,0,2,2,1,0,0,0,0,-1,14.4,101.5228426395939,https://www.nba.com/stats/players/boxscores-traditional?Season=2020-21&SeasonType=Regular%20Season&TeamID=1610612741
2021,2020–21,1630172,Patrick Williams,0022000881,2021-04-21,CHI @ CLE,CLE,L,19.116666666666667,9,3,4,2,2,1,2,0,7,7,2,1,0,3,1,-4,8.1,92.21311475409836,https://www.nba.com/stats/players/boxscores-traditional?Season=2020-21&SeasonType=Regular%20Season&TeamID=1610612741
2021,2020–21,203107,Tomas Satoransky,0022000881,2021-04-21,CHI @ CLE,CLE,L,21.05,13,4,5,1,2,4,5,0,3,3,3,1,0,4,2,-1,9.899999999999999,90.27777777777779,https://www.nba.com/stats/players/boxscores-traditional?Season=2020-21&SeasonType=Regular%20Season&TeamID=1610612741
2021,2020–21,202696,Nikola Vučević,0022000881,2021-04-21,CHI @ CLE,CLE,L,25.2,9,4,12,1,5,0,0,1,4,5,2,1,0,5,2,-23,0.700000000000002,37.5,https://www.nba.com/stats/players/boxscores-traditional?Season=2020-21&SeasonType=Regular%20Season&TeamID=1610612741
2021,2020–21,1628464,Daniel Theis,0022000881,2021-04-21,CHI @ CLE,CLE,L,19.8,7,3,6,1,3,0,0,2,2,4,1,0,0,1,2,-18,4.9,58.333333333333336,https://www.nba.com/stats/players/boxscores-traditional?Season=2020-21&SeasonType=Regular%20Season&TeamID=1610612741
2021,2020–21,1627756,Denzel Valentine,0022000881,2021-04-21,CHI @ CLE,CLE,L,24.983333333333334,9,4,10,1,5,0,0,0,2,2,1,0,0,1,0,-16,3.8999999999999995,45.0,https://www.nba.com/stats/players/boxscores-traditional?Season=2020-21&SeasonType=Regular%20Season&TeamID=1610612741
2021,2020–21,202066,Garrett Temple,0022000881,2021-04-21,CHI @ CLE,CLE,L,26.1,4,2,7,0,4,0,0,0,2,2,2,1,0,0,3,-25,1.7000000000000002,28.57142857142857,https://www.nba.com/stats/players/boxscores-traditional?Season=2020-21&SeasonType=Regular%20Season&TeamID=1610612741
2021,2020–21,1627853,Ryan Arcidiacono,0022000881,2021-04-21,CHI @ CLE,CLE,L,7.716666666666667,4,2,3,0,1,0,0,0,1,1,2,1,0,0,2,-4,4.6000000000000005,66.66666666666666,https://www.nba.com/stats/players/boxscores-traditional?Season=2020-21&SeasonType=Regular%20Season&TeamID=1610612741
2021,2020–21,202329,Al-Farouq Aminu,0022000881,2021-04-21,CHI @ CLE,CLE,L,7.416666666666667,0,0,1,0,1,0,0,0,3,3,1,0,0,0,1,4,0.4999999999999999,0.0,https://www.nba.com/stats/players/boxscores-traditional?Season=2020-21&SeasonType=Regular%20Season&TeamID=1610612741
2021,2020–21,1626245,Cristiano Felicio,0022000881,2021-04-21,CHI @ CLE,CLE,L,8.5,0,0,2,0,1,0,0,0,1,1,3,0,0,1,3,9,-1.2000000000000004,0.0,https://www.nba.com/stats/players/boxscores-traditional?Season=2020-21&SeasonType=Regular%20Season&TeamID=1610612741
2021,2020–21,1629690,Adam Mokoka,0022000881,2021-04-21,CHI @ CLE,CLE,L,3.1166666666666667,2,1,2,0,1,0,1,0,1,1,0,0,0,0,0,2,0.8999999999999999,40.98360655737705,https://www.nba.com/stats/players/boxscores-traditional?Season=2020-21&SeasonType=Regular%20Season&TeamID=1610612741
2021,2020–21,1629750,Javonte Green,0022000881,2021-04-21,CHI @ CLE,CLE,L,3.9,2,0,0,0,0,2,2,0,0,0,0,0,0,0,0,4,2.0,113.63636363636364,https://www.nba.com/stats/players/boxscores-traditional?Season=2020-21&SeasonType=Regular%20Season&TeamID=1610612741
2021,2020–21,1629653,Devon Dotson,0022000881,2021-04-21,CHI @ CLE,CLE,L,3.9,2,1,2,0,1,0,0,0,0,0,0,0,0,0,0,4,1.0,50.0,https://www.nba.com/stats/players/boxscores-traditional?Season=2020-21&SeasonType=Regular%20Season&TeamID=1610612741
2021,2020–21,202696,Nikola Vučević,0022000869,2021-04-19,CHI @ BOS,BOS,W,31.60333333333333,29,13,23,3,6,0,0,4,5,9,2,2,1,2,1,5,24.100000000000005,63.04347826086957,https://www.nba.com/stats/players/boxscores-traditional?Season=2020-21&SeasonType=Regular%20Season&TeamID=1610612741
2021,2020–21,1629632,Coby White,0022000869,2021-04-19,CHI @ BOS,BOS,W,29.583333333333332,19,5,14,3,8,6,6,0,3,3,7,1,1,1,2,3,16.9,57.09134615384615,https://www.nba.com/stats/players/boxscores-traditional?Season=2020-21&SeasonType=Regular%20Season&TeamID=1610612741
2021,2020–21,202066,Garrett Temple,0022000869,2021-04-19,CHI @ BOS,BOS,W,31.033333333333335,13,4,9,3,3,2,2,0,4,4,4,0,2,3,2,2,9.9,65.78947368421052,https://www.nba.com/stats/players/boxscores-traditional?Season=2020-21&SeasonType=Regular%20Season&TeamID=1610612741
2021,2020–21,201152,Thaddeus Young,0022000869,2021-04-19,CHI @ BOS,BOS,W,16.05,13,6,12,0,2,1,1,1,1,2,3,2,0,1,2,3,10.3,52.2508038585209,https://www.nba.com/stats/players/boxscores-traditional?Season=2020-21&SeasonType=Regular%20Season&TeamID=1610612741
2021,2020–21,1630172,Patrick Williams,0022000869,2021-04-19,CHI @ BOS,BOS,W,32.77333333333333,6,3,6,0,2,0,0,0,6,6,3,1,2,2,0,8,7.300000000000001,50.0,https://www.nba.com/stats/players/boxscores-traditional?Season=2020-21&SeasonType=Regular%20Season&TeamID=1610612741
2021,2020–21,1628464,Daniel Theis,0022000869,2021-04-19,CHI @ BOS,BOS,W,28.746666666666666,6,3,9,0,3,0,0,2,4,6,4,1,1,1,5,1,5.0,33.33333333333333,https://www.nba.com/stats/players/boxscores-traditional?Season=2020-21&SeasonType=Regular%20Season&TeamID=1610612741
2021,2020–21,1628374,Lauri Markkanen,0022000869,2021-04-19,CHI @ BOS,BOS,W,19.475,9,4,9,1,4,0,1,1,4,5,1,1,0,1,1,5,6.1,47.66949152542373,https://www.nba.com/stats/players/boxscores-traditional?Season=2020-21&SeasonType=Regular%20Season&TeamID=1610612741
2021,2020–21,203107,Tomas Satoransky,0022000869,2021-04-19,CHI @ BOS,BOS,W,18.541666666666668,3,1,4,1,2,0,0,0,3,3,4,1,0,1,1,1,3.8999999999999995,37.5,https://www.nba.com/stats/players/boxscores-traditional?Season=2020-21&SeasonType=Regular%20Season&TeamID=1610612741
2021,2020–21,1628972,Troy Brown Jr.,0022000869,2021-04-19,CHI @ BOS,BOS,W,19.533333333333335,4,2,3,0,1,0,0,1,1,2,1,2,0,0,0,4,6.4,66.66666666666666,https://www.nba.com/stats/players/boxscores-traditional?Season=2020-21&SeasonType=Regular%20Season&TeamID=1610612741
2021,2020–21,1627756,Denzel Valentine,0022000869,2021-04-19,CHI @ BOS,BOS,W,12.66,0,0,2,0,1,0,0,0,0,0,1,0,1,0,1,-2,-0.4,0.0,https://www.nba.com/stats/players/boxscores-traditional?Season=2020-21&SeasonType=Regular%20Season&TeamID=1610612741
2021,2020–21,202696,Nikola Vučević,0022000857,2021-04-17,CHI vs. CLE,CLE,W,32.8,25,10,17,3,5,2,2,1,6,7,5,2,0,1,2,16,23.3,69.91051454138703,https://www.nba.com/stats/players/boxscores-traditional?Season=2020-21&SeasonType=Regular%20Season&TeamID=1610612741
2021,2020–21,1628374,Lauri Markkanen,0022000857,2021-04-17,CHI vs. CLE,CLE,W,25.966666666666665,16,6,12,3,6,1,1,0,6,6,0,1,0,0,1,14,12.4,64.30868167202573,https://www.nba.com/stats/players/boxscores-traditional?Season=2020-21&SeasonType=Regular%20Season&TeamID=1610612741
2021,2020–21,1630172,Patrick Williams,0022000857,2021-04-17,CHI vs. CLE,CLE,W,27.283333333333335,12,5,6,1,1,1,1,0,4,4,3,1,1,0,1,3,14.399999999999999,93.16770186335404,https://www.nba.com/stats/players/boxscores-traditional?Season=2020-21&SeasonType=Regular%20Season&TeamID=1610612741
2021,2020–21,1629632,Coby White,0022000857,2021-04-17,CHI vs. CLE,CLE,W,32.8,8,2,10,1,6,3,4,0,3,3,9,1,0,4,2,8,4.800000000000001,34.01360544217687,https://www.nba.com/stats/players/boxscores-traditional?Season=2020-21&SeasonType=Regular%20Season&TeamID=1610612741
2021,2020–21,1627756,Denzel Valentine,0022000857,2021-04-17,CHI vs. CLE,CLE,W,22.266666666666666,13,5,10,2,7,1,1,0,2,2,2,0,1,1,2,-11,8.899999999999999,62.26053639846744,https://www.nba.com/stats/players/boxscores-traditional?Season=2020-21&SeasonType=Regular%20Season&TeamID=1610612741
2021,2020–21,202066,Garrett Temple,0022000857,2021-04-17,CHI vs. CLE,CLE,W,27.945,8,3,6,2,5,0,0,1,2,3,3,0,0,1,2,14,6.599999999999999,66.66666666666666,https://www.nba.com/stats/players/boxscores-traditional?Season=2020-21&SeasonType=Regular%20Season&TeamID=1610612741
2021,2020–21,1628464,Daniel Theis,0022000857,2021-04-17,CHI vs. CLE,CLE,W,22.883333333333333,8,3,8,2,6,0,0,1,2,3,1,1,0,1,1,-4,5.199999999999999,50.0,https://www.nba.com/stats/players/boxscores-traditional?Season=2020-21&SeasonType=Regular%20Season&TeamID=1610612741
2021,2020–21,201152,Thaddeus Young,0022000857,2021-04-17,CHI vs. CLE,CLE,W,15.2,5,2,7,1,2,0,0,1,4,5,4,0,0,2,1,-6,3.1999999999999993,35.714285714285715,https://www.nba.com/stats/players/boxscores-traditional?Season=2020-21&SeasonType=Regular%20Season&TeamID=1610612741
2021,2020–21,203107,Tomas Satoransky,0022000857,2021-04-17,CHI vs. CLE,CLE,W,15.021666666666667,7,3,3,1,1,0,0,0,0,0,3,0,0,0,3,4,6.999999999999999,116.66666666666667,https://www.nba.com/stats/players/boxscores-traditional?Season=2020-21&SeasonType=Regular%20Season&TeamID=1610612741
2021,2020–21,1628972,Troy Brown Jr.,0022000857,2021-04-17,CHI vs. CLE,CLE,W,17.833333333333332,4,2,3,0,1,0,0,0,5,5,0,0,0,0,0,12,4.2,66.66666666666666,https://www.nba.com/stats/players/boxscores-traditional?Season=2020-21&SeasonType=Regular%20Season&TeamID=1610612741
2021,2020–21,202696,Nikola Vučević,0022000850,2021-04-16,CHI vs. MEM,MEM,L,32.666666666666664,24,9,22,3,7,3,4,5,9,14,6,0,0,0,3,-15,21.000000000000004,50.5050505050505,https://www.nba.com/stats/players/boxscores-traditional?Season=2020-21&SeasonType=Regular%20Season&TeamID=1610612741
2021,2020–21,1629632,Coby White,0022000850,2021-04-16,CHI vs. MEM,MEM,L,33.4,27,8,17,4,8,7,7,1,4,5,7,0,0,1,1,-4,23.7,67.23107569721117,https://www.nba.com/stats/players/boxscores-traditional?Season=2020-21&SeasonType=Regular%20Season&TeamID=1610612741
2021,2020–21,201152,Thaddeus Young,0022000850,2021-04-16,CHI vs. MEM,MEM,L,22.066666666666666,17,8,15,1,1,0,0,5,1,6,4,0,0,2,3,-3,13.100000000000001,56.666666666666664,https://www.nba.com/stats/players/boxscores-traditional?Season=2020-21&SeasonType=Regular%20Season&TeamID=1610612741
2021,2020–21,1627756,Denzel Valentine,0022000850,2021-04-16,CHI vs. MEM,MEM,L,17.116666666666667,11,4,7,3,6,0,0,0,0,0,1,0,1,3,2,-3,5.299999999999999,78.57142857142857,https://www.nba.com/stats/players/boxscores-traditional?Season=2020-21&SeasonType=Regular%20Season&TeamID=1610612741
2021,2020–21,1630172,Patrick Williams,0022000850,2021-04-16,CHI vs. MEM,MEM,L,29.85,6,3,8,0,1,0,0,0,6,6,1,1,0,0,1,-3,4.7,37.5,https://www.nba.com/stats/players/boxscores-traditional?Season=2020-21&SeasonType=Regular%20Season&TeamID=1610612741
2021,2020–21,202066,Garrett Temple,0022000850,2021-04-16,CHI vs. MEM,MEM,L,24.916666666666668,5,2,4,1,3,0,0,0,1,1,4,2,0,1,2,-5,6.3,62.5,https://www.nba.com/stats/players/boxscores-traditional?Season=2020-21&SeasonType=Regular%20Season&TeamID=1610612741
2021,2020–21,1628374,Lauri Markkanen,0022000850,2021-04-16,CHI vs. MEM,MEM,L,20.95,3,1,7,1,6,0,0,0,5,5,4,0,0,0,1,-7,2.4000000000000004,21.428571428571427,https://www.nba.com/stats/players/boxscores-traditional?Season=2020-21&SeasonType=Regular%20Season&TeamID=1610612741
2021,2020–21,1628464,Daniel Theis,0022000850,2021-04-16,CHI vs. MEM,MEM,L,20.4,7,3,6,0,1,1,3,0,3,3,3,0,0,2,2,-10,3.3999999999999995,47.81420765027322,https://www.nba.com/stats/players/boxscores-traditional?Season=2020-21&SeasonType=Regular%20Season&TeamID=1610612741
2021,2020–21,1628972,Troy Brown Jr.,0022000850,2021-04-16,CHI vs. MEM,MEM,L,18.583333333333332,11,5,5,0,0,1,1,0,1,1,0,0,0,2,3,-7,6.600000000000001,101.10294117647058,https://www.nba.com/stats/players/boxscores-traditional?Season=2020-21&SeasonType=Regular%20Season&TeamID=1610612741
2021,2020–21,1627853,Ryan Arcidiacono,0022000850,2021-04-16,CHI vs. MEM,MEM,L,14.6,4,2,4,0,1,0,0,1,3,4,1,0,0,0,1,-7,3.9,50.0,https://www.nba.com/stats/players/boxscores-traditional?Season=2020-21&SeasonType=Regular%20Season&TeamID=1610612741
2021,2020–21,1629653,Devon Dotson,0022000850,2021-04-16,CHI vs. MEM,MEM,L,1.8166666666666667,0,0,1,0,0,0,0,1,0,1,2,0,0,0,0,3,1.4,0.0,https://www.nba.com/stats/players/boxscores-traditional?Season=2020-21&SeasonType=Regular%20Season&TeamID=1610612741
2021,2020–21,1629750,Javonte Green,0022000850,2021-04-16,CHI vs. MEM,MEM,L,1.8166666666666667,0,0,0,0,0,0,0,0,0,0,1,0,0,0,0,3,0.7,0.0,https://www.nba.com/stats/players/boxscores-traditional?Season=2020-21&SeasonType=Regular%20Season&TeamID=1610612741
2021,2020–21,1626245,Cristiano Felicio,0022000850,2021-04-16,CHI vs. MEM,MEM,L,1.8166666666666667,0,0,0,0,0,0,0,0,0,0,0,0,0,0,1,3,-0.4,0.0,https://www.nba.com/stats/players/boxscores-traditional?Season=2020-21&SeasonType=Regular%20Season&TeamID=1610612741
2021,2020–21,203897,Zach LaVine,0022000833,2021-04-14,CHI vs. ORL,ORL,L,38.986666666666665,30,11,22,6,12,2,2,0,5,5,7,1,2,4,4,9,22.199999999999996,65.55944055944056,https://www.nba.com/stats/players/boxscores-traditional?Season=2020-21&SeasonType=Regular%20Season&TeamID=1610612741
2021,2020–21,202696,Nikola Vučević,0022000833,2021-04-14,CHI vs. ORL,ORL,L,33.57666666666667,29,11,20,5,8,2,2,1,10,11,1,1,2,0,3,-4,24.999999999999996,69.44444444444446,https://www.nba.com/stats/players/boxscores-traditional?Season=2020-21&SeasonType=Regular%20Season&TeamID=1610612741
2021,2020–21,1628464,Daniel Theis,0022000833,2021-04-14,CHI vs. ORL,ORL,L,27.133333333333333,16,7,12,1,3,1,2,4,2,6,1,1,1,1,3,-4,13.599999999999998,62.11180124223602,https://www.nba.com/stats/players/boxscores-traditional?Season=2020-21&SeasonType=Regular%20Season&TeamID=1610612741
2021,2020–21,1630172,Patrick Williams,0022000833,2021-04-14,CHI vs. ORL,ORL,L,27.80666666666667,9,3,4,1,1,2,3,0,6,6,3,3,0,0,2,-1,13.099999999999998,84.58646616541353,https://www.nba.com/stats/players/boxscores-traditional?Season=2020-21&SeasonType=Regular%20Season&TeamID=1610612741
2021,2020–21,203107,Tomas Satoransky,0022000833,2021-04-14,CHI vs. ORL,ORL,L,30.02,9,4,7,1,3,0,0,0,0,0,6,0,1,1,2,-23,8.799999999999997,64.28571428571429,https://www.nba.com/stats/players/boxscores-traditional?Season=2020-21&SeasonType=Regular%20Season&TeamID=1610612741
2021,2020–21,1628374,Lauri Markkanen,0022000833,2021-04-14,CHI vs. ORL,ORL,L,16.55,6,2,6,2,5,0,0,0,1,1,0,1,0,0,0,2,3.9000000000000004,50.0,https://www.nba.com/stats/players/boxscores-traditional?Season=2020-21&SeasonType=Regular%20Season&TeamID=1610612741
2021,2020–21,1628972,Troy Brown Jr.,0022000833,2021-04-14,CHI vs. ORL,ORL,L,14.433333333333334,3,1,3,1,2,0,0,1,2,3,0,0,0,0,1,8,2.2,50.0,https://www.nba.com/stats/players/boxscores-traditional?Season=2020-21&SeasonType=Regular%20Season&TeamID=1610612741
2021,2020–21,201152,Thaddeus Young,0022000833,2021-04-14,CHI vs. ORL,ORL,L,14.2,2,1,5,0,1,0,0,1,1,2,2,0,0,1,0,-8,0.2999999999999998,20.0,https://www.nba.com/stats/players/boxscores-traditional?Season=2020-21&SeasonType=Regular%20Season&TeamID=1610612741
2021,2020–21,1627756,Denzel Valentine,0022000833,2021-04-14,CHI vs. ORL,ORL,L,11.11,0,0,1,0,0,0,0,0,3,3,2,0,0,1,0,-2,0.5999999999999999,0.0,https://www.nba.com/stats/players/boxscores-traditional?Season=2020-21&SeasonType=Regular%20Season&TeamID=1610612741
2021,2020–21,1629632,Coby White,0022000833,2021-04-14,CHI vs. ORL,ORL,L,12.0,2,1,4,0,1,0,0,0,2,2,0,0,0,3,0,-14,-2.8,25.0,https://www.nba.com/stats/players/boxscores-traditional?Season=2020-21&SeasonType=Regular%20Season&TeamID=1610612741
2021,2020–21,202329,Al-Farouq Aminu,0022000833,2021-04-14,CHI vs. ORL,ORL,L,4.216666666666667,0,0,1,0,0,0,0,0,1,1,0,0,0,0,0,3,-0.39999999999999997,0.0,https://www.nba.com/stats/players/boxscores-traditional?Season=2020-21&SeasonType=Regular%20Season&TeamID=1610612741
2021,2020–21,202066,Garrett Temple,0022000833,2021-04-14,CHI vs. ORL,ORL,L,9.966666666666667,0,0,1,0,1,0,0,0,0,0,1,0,0,1,1,-11,-1.4,0.0,https://www.nba.com/stats/players/boxscores-traditional?Season=2020-21&SeasonType=Regular%20Season&TeamID=1610612741
2021,2020–21,202696,Nikola Vučević,0022000278,2021-04-12,CHI @ MEM,MEM,L,33.13333333333333,17,7,19,3,7,0,1,1,9,10,1,5,1,0,2,-19,15.1,43.724279835390945,https://www.nba.com/stats/players/boxscores-traditional?Season=2020-21&SeasonType=Regular%20Season&TeamID=1610612741
2021,2020–21,203897,Zach LaVine,0022000278,2021-04-12,CHI @ MEM,MEM,L,36.35,21,5,14,2,8,9,11,1,3,4,9,0,2,4,2,-7,16.9,55.73248407643312,https://www.nba.com/stats/players/boxscores-traditional?Season=2020-21&SeasonType=Regular%20Season&TeamID=1610612741
2021,2020–21,1628464,Daniel Theis,0022000278,2021-04-12,CHI @ MEM,MEM,L,27.083333333333332,18,8,12,0,3,2,3,0,4,4,2,0,0,1,1,-13,13.6,67.56756756756756,https://www.nba.com/stats/players/boxscores-traditional?Season=2020-21&SeasonType=Regular%20Season&TeamID=1610612741
2021,2020–21,201152,Thaddeus Young,0022000278,2021-04-12,CHI @ MEM,MEM,L,19.716666666666665,20,10,15,0,2,0,0,1,0,1,1,0,0,1,0,2,13.899999999999999,66.66666666666666,https://www.nba.com/stats/players/boxscores-traditional?Season=2020-21&SeasonType=Regular%20Season&TeamID=1610612741
2021,2020–21,1628972,Troy Brown Jr.,0022000278,2021-04-12,CHI @ MEM,MEM,L,25.583333333333332,2,1,6,0,4,0,0,0,8,8,2,0,0,1,1,8,0.6000000000000005,16.666666666666664,https://www.nba.com/stats/players/boxscores-traditional?Season=2020-21&SeasonType=Regular%20Season&TeamID=1610612741
2021,2020–21,1630172,Patrick Williams,0022000278,2021-04-12,CHI @ MEM,MEM,L,27.301666666666666,2,1,3,0,1,0,0,2,1,3,1,2,0,2,0,-12,2.7,33.33333333333333,https://www.nba.com/stats/players/boxscores-traditional?Season=2020-21&SeasonType=Regular%20Season&TeamID=1610612741
2021,2020–21,1629632,Coby White,0022000278,2021-04-12,CHI @ MEM,MEM,L,24.365,6,2,8,0,4,2,2,0,2,2,2,0,0,2,3,-2,0.0,33.78378378378378,https://www.nba.com/stats/players/boxscores-traditional?Season=2020-21&SeasonType=Regular%20Season&TeamID=1610612741
2021,2020–21,1628374,Lauri Markkanen,0022000278,2021-04-12,CHI @ MEM,MEM,L,16.066666666666666,0,0,3,0,1,0,0,3,4,7,2,0,0,3,2,8,-1.2000000000000004,0.0,https://www.nba.com/stats/players/boxscores-traditional?Season=2020-21&SeasonType=Regular%20Season&TeamID=1610612741
2021,2020–21,203107,Tomas Satoransky,0022000278,2021-04-12,CHI @ MEM,MEM,L,22.05,2,1,5,0,1,0,0,0,1,1,2,1,0,3,4,-19,-3.0,20.0,https://www.nba.com/stats/players/boxscores-traditional?Season=2020-21&SeasonType=Regular%20Season&TeamID=1610612741
2021,2020–21,1627756,Denzel Valentine,0022000278,2021-04-12,CHI @ MEM,MEM,L,8.35,2,1,1,0,0,0,0,0,0,0,1,0,0,0,1,-1,2.0,100.0,https://www.nba.com/stats/players/boxscores-traditional?Season=2020-21&SeasonType=Regular%20Season&TeamID=1610612741
2021,2020–21,203897,Zach LaVine,0022000812,2021-04-11,CHI @ MIN,MIN,L,35.666666666666664,30,13,28,4,12,0,1,0,7,7,6,0,1,1,2,-3,20.400000000000002,52.742616033755276,https://www.nba.com/stats/players/boxscores-traditional?Season=2020-21&SeasonType=Regular%20Season&TeamID=1610612741
2021,2020–21,202696,Nikola Vučević,0022000812,2021-04-11,CHI @ MIN,MIN,L,27.483333333333334,18,7,13,2,3,2,2,2,3,5,5,0,3,2,3,-14,16.400000000000002,64.8414985590778,https://www.nba.com/stats/players/boxscores-traditional?Season=2020-21&SeasonType=Regular%20Season&TeamID=1610612741
2021,2020–21,1628464,Daniel Theis,0022000812,2021-04-11,CHI @ MIN,MIN,L,28.533333333333335,13,5,10,2,6,1,2,1,6,7,3,3,0,1,1,3,13.799999999999997,59.74264705882353,https://www.nba.com/stats/players/boxscores-traditional?Season=2020-21&SeasonType=Regular%20Season&TeamID=1610612741
2021,2020–21,1628972,Troy Brown Jr.,0022000812,2021-04-11,CHI @ MIN,MIN,L,21.545,15,6,7,3,3,0,0,2,5,7,2,1,0,0,4,7,16.199999999999996,107.14285714285714,https://www.nba.com/stats/players/boxscores-traditional?Season=2020-21&SeasonType=Regular%20Season&TeamID=1610612741
2021,2020–21,201152,Thaddeus Young,0022000812,2021-04-11,CHI @ MIN,MIN,L,20.39666666666667,9,4,7,0,0,1,2,2,6,8,3,1,2,3,1,-1,9.6,57.10659898477157,https://www.nba.com/stats/players/boxscores-traditional?Season=2020-21&SeasonType=Regular%20Season&TeamID=1610612741
2021,2020–21,1629632,Coby White,0022000812,2021-04-11,CHI @ MIN,MIN,L,23.036666666666665,11,4,8,1,4,2,2,0,0,0,2,3,0,3,4,7,6.800000000000001,61.936936936936924,https://www.nba.com/stats/players/boxscores-traditional?Season=2020-21&SeasonType=Regular%20Season&TeamID=1610612741
2021,2020–21,203107,Tomas Satoransky,0022000812,2021-04-11,CHI @ MIN,MIN,L,25.883333333333333,10,4,7,0,2,2,3,0,0,0,6,0,1,1,2,-11,9.399999999999999,60.09615384615385,https://www.nba.com/stats/players/boxscores-traditional?Season=2020-21&SeasonType=Regular%20Season&TeamID=1610612741
2021,2020–21,1628374,Lauri Markkanen,0022000812,2021-04-11,CHI @ MIN,MIN,L,18.788333333333334,8,3,4,2,3,0,1,1,1,2,1,0,0,0,0,6,7.699999999999999,90.09009009009009,https://www.nba.com/stats/players/boxscores-traditional?Season=2020-21&SeasonType=Regular%20Season&TeamID=1610612741
2021,2020–21,1630172,Patrick Williams,0022000812,2021-04-11,CHI @ MIN,MIN,L,26.333333333333332,0,0,3,0,1,0,0,0,1,1,0,2,1,2,2,-13,-1.8999999999999997,0.0,https://www.nba.com/stats/players/boxscores-traditional?Season=2020-21&SeasonType=Regular%20Season&TeamID=1610612741
2021,2020–21,1627756,Denzel Valentine,0022000812,2021-04-11,CHI @ MIN,MIN,L,12.333333333333334,3,1,5,1,4,0,0,0,1,1,2,0,0,0,0,-1,1.5999999999999999,30.0,https://www.nba.com/stats/players/boxscores-traditional?Season=2020-21&SeasonType=Regular%20Season&TeamID=1610612741
2021,2020–21,203897,Zach LaVine,0022000791,2021-04-09,CHI @ ATL,ATL,L,38.733333333333334,50,18,31,7,12,7,8,1,7,8,5,0,0,3,1,-3,38.00000000000001,72.4217844727694,https://www.nba.com/stats/players/boxscores-traditional?Season=2020-21&SeasonType=Regular%20Season&TeamID=1610612741
2021,2020–21,202696,Nikola Vučević,0022000791,2021-04-09,CHI @ ATL,ATL,L,36.35,25,11,19,3,5,0,0,3,7,10,2,1,0,3,0,-14,19.700000000000003,65.78947368421053,https://www.nba.com/stats/players/boxscores-traditional?Season=2020-21&SeasonType=Regular%20Season&TeamID=1610612741
2021,2020–21,1629632,Coby White,0022000791,2021-04-09,CHI @ ATL,ATL,L,28.533333333333335,11,4,11,1,5,2,2,0,1,1,4,1,0,0,5,-15,7.0,46.29629629629629,https://www.nba.com/stats/players/boxscores-traditional?Season=2020-21&SeasonType=Regular%20Season&TeamID=1610612741
2021,2020–21,203107,Tomas Satoransky,0022000791,2021-04-09,CHI @ ATL,ATL,L,33.18333333333333,0,0,6,0,3,0,0,0,1,1,10,2,0,2,2,0,2.3000000000000007,0.0,https://www.nba.com/stats/players/boxscores-traditional?Season=2020-21&SeasonType=Regular%20Season&TeamID=1610612741
2021,2020–21,201152,Thaddeus Young,0022000791,2021-04-09,CHI @ ATL,ATL,L,23.733333333333334,4,2,4,0,0,0,0,2,3,5,3,0,1,3,1,-7,3.6999999999999993,50.0,https://www.nba.com/stats/players/boxscores-traditional?Season=2020-21&SeasonType=Regular%20Season&TeamID=1610612741
2021,2020–21,1628374,Lauri Markkanen,0022000791,2021-04-09,CHI @ ATL,ATL,L,26.95,5,1,4,1,3,2,2,0,5,5,1,0,0,2,1,-12,2.4000000000000004,51.229508196721305,https://www.nba.com/stats/players/boxscores-traditional?Season=2020-21&SeasonType=Regular%20Season&TeamID=1610612741
2021,2020–21,1630172,Patrick Williams,0022000791,2021-04-09,CHI @ ATL,ATL,L,25.8,4,2,4,0,1,0,0,1,1,2,0,2,0,0,4,-10,3.4,50.0,https://www.nba.com/stats/players/boxscores-traditional?Season=2020-21&SeasonType=Regular%20Season&TeamID=1610612741
2021,2020–21,1628972,Troy Brown Jr.,0022000791,2021-04-09,CHI @ ATL,ATL,L,15.066666666666666,5,2,5,1,4,0,0,0,3,3,0,0,0,0,1,-1,2.8,50.0,https://www.nba.com/stats/players/boxscores-traditional?Season=2020-21&SeasonType=Regular%20Season&TeamID=1610612741
2021,2020–21,1628464,Daniel Theis,0022000791,2021-04-09,CHI @ ATL,ATL,L,11.65,4,1,2,0,0,2,2,1,2,3,0,0,0,0,2,2,3.5,69.44444444444444,https://www.nba.com/stats/players/boxscores-traditional?Season=2020-21&SeasonType=Regular%20Season&TeamID=1610612741
2021,2020–21,203897,Zach LaVine,0022000523,2021-04-08,CHI @ TOR,TOR,W,37.516666666666666,22,8,16,2,8,4,5,0,6,6,13,3,1,5,2,20,22.4,60.439560439560445,https://www.nba.com/stats/players/boxscores-traditional?Season=2020-21&SeasonType=Regular%20Season&TeamID=1610612741
2021,2020–21,202696,Nikola Vučević,0022000523,2021-04-08,CHI @ TOR,TOR,W,31.766666666666666,22,9,19,3,6,1,1,2,5,7,4,1,0,2,2,-5,16.200000000000003,56.58436213991769,https://www.nba.com/stats/players/boxscores-traditional?Season=2020-21&SeasonType=Regular%20Season&TeamID=1610612741
2021,2020–21,1628464,Daniel Theis,0022000523,2021-04-08,CHI @ TOR,TOR,W,26.9,14,6,9,0,1,2,3,3,7,10,3,0,0,3,2,16,12.199999999999996,67.82945736434108,https://www.nba.com/stats/players/boxscores-traditional?Season=2020-21&SeasonType=Regular%20Season&TeamID=1610612741
2021,2020–21,201152,Thaddeus Young,0022000523,2021-04-08,CHI @ TOR,TOR,W,23.75,11,4,11,0,0,3,3,3,6,9,6,0,0,0,4,-9,11.4,44.64285714285714,https://www.nba.com/stats/players/boxscores-traditional?Season=2020-21&SeasonType=Regular%20Season&TeamID=1610612741
2021,2020–21,1630172,Patrick Williams,0022000523,2021-04-08,CHI @ TOR,TOR,W,31.573333333333334,11,3,7,1,2,4,4,4,3,7,1,1,1,1,0,-13,12.399999999999999,62.78538812785388,https://www.nba.com/stats/players/boxscores-traditional?Season=2020-21&SeasonType=Regular%20Season&TeamID=1610612741
2021,2020–21,1628374,Lauri Markkanen,0022000523,2021-04-08,CHI @ TOR,TOR,W,18.333333333333332,18,8,10,2,4,0,0,0,3,3,0,0,0,0,1,23,14.7,90.0,https://www.nba.com/stats/players/boxscores-traditional?Season=2020-21&SeasonType=Regular%20Season&TeamID=1610612741
2021,2020–21,1629632,Coby White,0022000523,2021-04-08,CHI @ TOR,TOR,W,26.75,15,5,10,3,7,2,2,0,3,3,1,0,0,4,4,-2,6.0,68.93382352941177,https://www.nba.com/stats/players/boxscores-traditional?Season=2020-21&SeasonType=Regular%20Season&TeamID=1610612741
2021,2020–21,203107,Tomas Satoransky,0022000523,2021-04-08,CHI @ TOR,TOR,W,29.533333333333335,9,4,5,1,2,0,0,0,2,2,7,0,0,1,0,3,11.599999999999998,90.0,https://www.nba.com/stats/players/boxscores-traditional?Season=2020-21&SeasonType=Regular%20Season&TeamID=1610612741
2021,2020–21,1628972,Troy Brown Jr.,0022000523,2021-04-08,CHI @ TOR,TOR,W,13.876666666666667,0,0,0,0,0,0,0,0,2,2,0,0,1,0,1,12,0.8999999999999998,0.0,https://www.nba.com/stats/players/boxscores-traditional?Season=2020-21&SeasonType=Regular%20Season&TeamID=1610612741
2021,2020–21,202696,Nikola Vučević,0022000769,2021-04-06,CHI @ IND,IND,W,35.2,32,14,29,4,7,0,0,5,11,16,5,0,1,4,4,6,22.700000000000003,55.172413793103445,https://www.nba.com/stats/players/boxscores-traditional?Season=2020-21&SeasonType=Regular%20Season&TeamID=1610612741
2021,2020–21,203897,Zach LaVine,0022000769,2021-04-06,CHI @ IND,IND,W,35.95,19,6,18,4,12,3,4,1,7,8,6,0,1,3,0,16,13.099999999999998,48.07692307692307,https://www.nba.com/stats/players/boxscores-traditional?Season=2020-21&SeasonType=Regular%20Season&TeamID=1610612741
2021,2020–21,201152,Thaddeus Young,0022000769,2021-04-06,CHI @ IND,IND,W,27.9,14,6,10,0,0,2,4,2,5,7,5,1,1,3,2,11,12.899999999999999,59.523809523809526,https://www.nba.com/stats/players/boxscores-traditional?Season=2020-21&SeasonType=Regular%20Season&TeamID=1610612741
2021,2020–21,1628374,Lauri Markkanen,0022000769,2021-04-06,CHI @ IND,IND,W,21.54,15,5,7,3,4,2,2,1,5,6,0,1,1,1,0,12,15.0,95.17766497461929,https://www.nba.com/stats/players/boxscores-traditional?Season=2020-21&SeasonType=Regular%20Season&TeamID=1610612741
2021,2020–21,1630172,Patrick Williams,0022000769,2021-04-06,CHI @ IND,IND,W,30.683333333333334,10,4,8,1,1,1,1,1,2,3,2,4,0,2,0,-4,10.700000000000001,59.241706161137444,https://www.nba.com/stats/players/boxscores-traditional?Season=2020-21&SeasonType=Regular%20Season&TeamID=1610612741
2021,2020–21,1629632,Coby White,0022000769,2021-04-06,CHI @ IND,IND,W,31.393333333333334,13,5,9,1,4,2,2,1,3,4,6,0,0,1,3,14,12.299999999999997,65.78947368421052,https://www.nba.com/stats/players/boxscores-traditional?Season=2020-21&SeasonType=Regular%20Season&TeamID=1610612741
2021,2020–21,203107,Tomas Satoransky,0022000769,2021-04-06,CHI @ IND,IND,W,34.416666666666664,7,3,7,1,2,0,0,1,5,6,3,2,0,3,1,11,6.199999999999999,50.0,https://www.nba.com/stats/players/boxscores-traditional?Season=2020-21&SeasonType=Regular%20Season&TeamID=1610612741
2021,2020–21,1628972,Troy Brown Jr.,0022000769,2021-04-06,CHI @ IND,IND,W,15.066666666666666,3,1,4,0,2,1,1,1,2,3,1,1,1,1,2,15,2.5,33.78378378378378,https://www.nba.com/stats/players/boxscores-traditional?Season=2020-21&SeasonType=Regular%20Season&TeamID=1610612741
2021,2020–21,1627756,Denzel Valentine,0022000769,2021-04-06,CHI @ IND,IND,W,3.8,0,0,0,0,0,0,0,1,2,3,0,0,0,2,0,-1,-0.7000000000000002,0.0,https://www.nba.com/stats/players/boxscores-traditional?Season=2020-21&SeasonType=Regular%20Season&TeamID=1610612741
2021,2020–21,1627853,Ryan Arcidiacono,0022000769,2021-04-06,CHI @ IND,IND,W,1.35,0,0,1,0,1,0,0,0,1,1,0,0,0,0,0,0,-0.39999999999999997,0.0,https://www.nba.com/stats/players/boxscores-traditional?Season=2020-21&SeasonType=Regular%20Season&TeamID=1610612741
2021,2020–21,1626245,Cristiano Felicio,0022000769,2021-04-06,CHI @ IND,IND,W,1.35,0,0,0,0,0,0,0,0,0,0,0,0,0,0,0,0,0.0,0.0,https://www.nba.com/stats/players/boxscores-traditional?Season=2020-21&SeasonType=Regular%20Season&TeamID=1610612741
2021,2020–21,1629750,Javonte Green,0022000769,2021-04-06,CHI @ IND,IND,W,1.35,0,0,1,0,0,0,0,0,0,0,0,0,0,0,0,0,-0.7,0.0,https://www.nba.com/stats/players/boxscores-traditional?Season=2020-21&SeasonType=Regular%20Season&TeamID=1610612741
2021,2020–21,202696,Nikola Vučević,0022000755,2021-04-04,CHI vs. BKN,BKN,W,32.36666666666667,22,10,17,1,4,1,2,1,12,13,2,2,2,1,2,12,20.999999999999996,61.52125279642059,https://www.nba.com/stats/players/boxscores-traditional?Season=2020-21&SeasonType=Regular%20Season&TeamID=1610612741
2021,2020–21,203107,Tomas Satoransky,0022000755,2021-04-04,CHI vs. BKN,BKN,W,30.8,19,8,10,2,3,1,1,0,1,1,11,2,0,2,1,8,22.8,90.99616858237547,https://www.nba.com/stats/players/boxscores-traditional?Season=2020-21&SeasonType=Regular%20Season&TeamID=1610612741
2021,2020–21,203897,Zach LaVine,0022000755,2021-04-04,CHI vs. BKN,BKN,W,35.28333333333333,25,8,17,1,5,8,12,1,2,3,5,0,0,2,1,1,17.1,56.104129263913826,https://www.nba.com/stats/players/boxscores-traditional?Season=2020-21&SeasonType=Regular%20Season&TeamID=1610612741
2021,2020–21,201152,Thaddeus Young,0022000755,2021-04-04,CHI vs. BKN,BKN,W,21.85,12,3,8,0,0,6,6,0,5,5,5,0,1,1,2,12,11.499999999999998,56.390977443609025,https://www.nba.com/stats/players/boxscores-traditional?Season=2020-21&SeasonType=Regular%20Season&TeamID=1610612741
2021,2020–21,1628464,Daniel Theis,0022000755,2021-04-04,CHI vs. BKN,BKN,W,23.883333333333333,10,4,6,2,3,0,2,0,3,3,2,0,0,1,2,-4,7.1,72.67441860465115,https://www.nba.com/stats/players/boxscores-traditional?Season=2020-21&SeasonType=Regular%20Season&TeamID=1610612741
2021,2020–21,1630172,Patrick Williams,0022000755,2021-04-04,CHI vs. BKN,BKN,W,30.651666666666667,11,4,5,1,2,2,4,1,2,3,1,0,0,0,0,0,10.299999999999997,81.36094674556213,https://www.nba.com/stats/players/boxscores-traditional?Season=2020-21&SeasonType=Regular%20Season&TeamID=1610612741
2021,2020–21,1628972,Troy Brown Jr.,0022000755,2021-04-04,CHI vs. BKN,BKN,W,28.2,6,2,6,1,3,1,1,3,4,7,1,0,0,0,2,-2,5.800000000000001,46.58385093167702,https://www.nba.com/stats/players/boxscores-traditional?Season=2020-21&SeasonType=Regular%20Season&TeamID=1610612741
2021,2020–21,1628374,Lauri Markkanen,0022000755,2021-04-04,CHI vs. BKN,BKN,W,23.0,8,3,6,0,1,2,2,0,5,5,0,0,0,1,0,8,5.5,58.139534883720934,https://www.nba.com/stats/players/boxscores-traditional?Season=2020-21&SeasonType=Regular%20Season&TeamID=1610612741
2021,2020–21,1627756,Denzel Valentine,0022000755,2021-04-04,CHI vs. BKN,BKN,W,10.665,2,1,3,0,1,0,0,0,0,0,1,0,0,1,1,3,-0.3999999999999998,33.33333333333333,https://www.nba.com/stats/players/boxscores-traditional?Season=2020-21&SeasonType=Regular%20Season&TeamID=1610612741
2021,2020–21,1627853,Ryan Arcidiacono,0022000755,2021-04-04,CHI vs. BKN,BKN,W,3.3,0,0,0,0,0,0,0,0,0,0,1,0,0,0,0,2,0.7,0.0,https://www.nba.com/stats/players/boxscores-traditional?Season=2020-21&SeasonType=Regular%20Season&TeamID=1610612741
2021,2020–21,201152,Thaddeus Young,0022000743,2021-04-02,CHI @ UTA,UTA,L,32.81666666666667,25,11,17,0,0,3,4,4,3,7,3,1,0,1,4,11,21.299999999999997,66.63113006396588,https://www.nba.com/stats/players/boxscores-traditional?Season=2020-21&SeasonType=Regular%20Season&TeamID=1610612741
2021,2020–21,203897,Zach LaVine,0022000743,2021-04-02,CHI @ UTA,UTA,L,31.15,23,10,22,2,8,1,2,0,5,5,3,0,0,2,1,-12,12.4,50.26223776223776,https://www.nba.com/stats/players/boxscores-traditional?Season=2020-21&SeasonType=Regular%20Season&TeamID=1610612741
2021,2020–21,202696,Nikola Vučević,0022000743,2021-04-02,CHI @ UTA,UTA,L,28.9,16,5,14,1,5,5,6,1,7,8,4,0,1,0,2,-9,13.299999999999997,48.07692307692307,https://www.nba.com/stats/players/boxscores-traditional?Season=2020-21&SeasonType=Regular%20Season&TeamID=1610612741
2021,2020–21,203107,Tomas Satoransky,0022000743,2021-04-02,CHI @ UTA,UTA,L,25.6,10,4,5,2,3,0,0,1,5,6,4,1,0,0,5,4,12.099999999999998,100.0,https://www.nba.com/stats/players/boxscores-traditional?Season=2020-21&SeasonType=Regular%20Season&TeamID=1610612741
2021,2020–21,1627756,Denzel Valentine,0022000743,2021-04-02,CHI @ UTA,UTA,L,21.983333333333334,12,4,8,2,5,2,2,0,4,4,4,1,0,1,2,4,11.2,67.56756756756756,https://www.nba.com/stats/players/boxscores-traditional?Season=2020-21&SeasonType=Regular%20Season&TeamID=1610612741
2021,2020–21,1630172,Patrick Williams,0022000743,2021-04-02,CHI @ UTA,UTA,L,32.93333333333333,8,4,7,0,0,0,0,1,2,3,3,2,0,1,1,-9,8.7,57.14285714285714,https://www.nba.com/stats/players/boxscores-traditional?Season=2020-21&SeasonType=Regular%20Season&TeamID=1610612741
2021,2020–21,1628464,Daniel Theis,0022000743,2021-04-02,CHI @ UTA,UTA,L,20.316666666666666,3,1,5,0,2,1,2,0,5,5,1,0,1,0,0,-3,2.3999999999999995,25.510204081632654,https://www.nba.com/stats/players/boxscores-traditional?Season=2020-21&SeasonType=Regular%20Season&TeamID=1610612741
2021,2020–21,1629632,Coby White,0022000743,2021-04-02,CHI @ UTA,UTA,L,23.616666666666667,4,2,6,0,3,0,0,0,1,1,3,0,1,1,4,-9,1.1,33.33333333333333,https://www.nba.com/stats/players/boxscores-traditional?Season=2020-21&SeasonType=Regular%20Season&TeamID=1610612741
2021,2020–21,1628374,Lauri Markkanen,0022000743,2021-04-02,CHI @ UTA,UTA,L,22.683333333333334,5,2,5,0,2,1,1,0,2,2,1,0,0,0,0,-12,3.5999999999999996,45.955882352941174,https://www.nba.com/stats/players/boxscores-traditional?Season=2020-21&SeasonType=Regular%20Season&TeamID=1610612741
2021,2020–21,202696,Nikola Vučević,0022000730,2021-03-31,CHI @ PHX,PHX,L,34.4,24,8,18,2,4,6,6,3,7,10,3,2,1,0,1,-6,23.2,58.139534883720934,https://www.nba.com/stats/players/boxscores-traditional?Season=2020-21&SeasonType=Regular%20Season&TeamID=1610612741
2021,2020–21,201152,Thaddeus Young,0022000730,2021-03-31,CHI @ PHX,PHX,L,28.333333333333332,19,7,14,0,0,5,6,6,4,10,4,1,0,1,1,-1,19.400000000000002,57.09134615384615,https://www.nba.com/stats/players/boxscores-traditional?Season=2020-21&SeasonType=Regular%20Season&TeamID=1610612741
2021,2020–21,1627756,Denzel Valentine,0022000730,2021-03-31,CHI @ PHX,PHX,L,29.116666666666667,19,8,18,3,9,0,0,1,5,6,4,0,0,2,2,1,11.799999999999997,52.77777777777778,https://www.nba.com/stats/players/boxscores-traditional?Season=2020-21&SeasonType=Regular%20Season&TeamID=1610612741
2021,2020–21,1628374,Lauri Markkanen,0022000730,2021-03-31,CHI @ PHX,PHX,L,34.266666666666666,16,5,13,2,8,4,5,2,8,10,2,0,0,1,1,-5,12.3,52.63157894736842,https://www.nba.com/stats/players/boxscores-traditional?Season=2020-21&SeasonType=Regular%20Season&TeamID=1610612741
2021,2020–21,1630172,Patrick Williams,0022000730,2021-03-31,CHI @ PHX,PHX,L,31.5,16,7,11,2,3,0,0,1,2,3,1,1,1,1,4,-9,12.2,72.72727272727273,https://www.nba.com/stats/players/boxscores-traditional?Season=2020-21&SeasonType=Regular%20Season&TeamID=1610612741
2021,2020–21,203107,Tomas Satoransky,0022000730,2021-03-31,CHI @ PHX,PHX,L,30.35,9,3,11,1,4,2,2,2,1,3,7,2,0,3,6,-8,5.699999999999999,37.878787878787875,https://www.nba.com/stats/players/boxscores-traditional?Season=2020-21&SeasonType=Regular%20Season&TeamID=1610612741
2021,2020–21,1628464,Daniel Theis,0022000730,2021-03-31,CHI @ PHX,PHX,L,19.666666666666668,6,2,5,0,2,2,2,2,3,5,2,0,2,1,2,-4,6.6000000000000005,51.02040816326531,https://www.nba.com/stats/players/boxscores-traditional?Season=2020-21&SeasonType=Regular%20Season&TeamID=1610612741
2021,2020–21,1627853,Ryan Arcidiacono,0022000730,2021-03-31,CHI @ PHX,PHX,L,15.866666666666667,2,1,4,0,1,0,0,0,2,2,4,0,0,0,3,3,1.7999999999999998,25.0,https://www.nba.com/stats/players/boxscores-traditional?Season=2020-21&SeasonType=Regular%20Season&TeamID=1610612741
2021,2020–21,1628972,Troy Brown Jr.,0022000730,2021-03-31,CHI @ PHX,PHX,L,16.5,5,2,5,1,2,0,0,1,0,1,0,0,0,0,0,4,3.0,50.0,https://www.nba.com/stats/players/boxscores-traditional?Season=2020-21&SeasonType=Regular%20Season&TeamID=1610612741
2021,2020–21,202696,Nikola Vučević,0022000716,2021-03-29,CHI @ GSW,GSW,L,26.55,21,9,13,0,4,3,3,1,8,9,6,0,1,2,3,-3,20.3,73.32402234636871,https://www.nba.com/stats/players/boxscores-traditional?Season=2020-21&SeasonType=Regular%20Season&TeamID=1610612741
2021,2020–21,1630172,Patrick Williams,0022000716,2021-03-29,CHI @ GSW,GSW,L,32.666666666666664,14,7,13,0,1,0,0,0,6,6,4,1,1,2,1,-3,11.6,53.84615384615385,https://www.nba.com/stats/players/boxscores-traditional?Season=2020-21&SeasonType=Regular%20Season&TeamID=1610612741
2021,2020–21,203107,Tomas Satoransky,0022000716,2021-03-29,CHI @ GSW,GSW,L,30.033333333333335,14,6,11,1,3,1,1,2,0,2,8,1,0,2,0,-8,14.7,61.18881118881119,https://www.nba.com/stats/players/boxscores-traditional?Season=2020-21&SeasonType=Regular%20Season&TeamID=1610612741
2021,2020–21,1628374,Lauri Markkanen,0022000716,2021-03-29,CHI @ GSW,GSW,L,22.165,13,5,9,3,4,0,0,0,6,6,1,0,0,1,0,-5,10.2,72.22222222222221,https://www.nba.com/stats/players/boxscores-traditional?Season=2020-21&SeasonType=Regular%20Season&TeamID=1610612741
2021,2020–21,203897,Zach LaVine,0022000716,2021-03-29,CHI @ GSW,GSW,L,31.583333333333332,12,4,16,1,7,3,4,1,3,4,4,0,0,4,4,-12,0.8000000000000007,33.78378378378378,https://www.nba.com/stats/players/boxscores-traditional?Season=2020-21&SeasonType=Regular%20Season&TeamID=1610612741
2021,2020–21,201152,Thaddeus Young,0022000716,2021-03-29,CHI @ GSW,GSW,L,23.536666666666665,10,5,6,0,1,0,0,1,3,4,2,1,1,3,2,-7,8.7,83.33333333333334,https://www.nba.com/stats/players/boxscores-traditional?Season=2020-21&SeasonType=Regular%20Season&TeamID=1610612741
2021,2020–21,1628464,Daniel Theis,0022000716,2021-03-29,CHI @ GSW,GSW,L,22.133333333333333,6,3,5,0,1,0,1,1,1,2,3,1,2,1,0,-15,7.799999999999999,55.147058823529406,https://www.nba.com/stats/players/boxscores-traditional?Season=2020-21&SeasonType=Regular%20Season&TeamID=1610612741
2021,2020–21,1628972,Troy Brown Jr.,0022000716,2021-03-29,CHI @ GSW,GSW,L,16.833333333333332,5,2,4,0,1,1,2,0,1,1,0,3,0,1,3,-5,3.7,51.229508196721305,https://www.nba.com/stats/players/boxscores-traditional?Season=2020-21&SeasonType=Regular%20Season&TeamID=1610612741
2021,2020–21,1627853,Ryan Arcidiacono,0022000716,2021-03-29,CHI @ GSW,GSW,L,14.78,5,2,4,1,2,0,0,0,2,2,4,0,0,1,2,-6,4.6000000000000005,62.5,https://www.nba.com/stats/players/boxscores-traditional?Season=2020-21&SeasonType=Regular%20Season&TeamID=1610612741
2021,2020–21,1629750,Javonte Green,0022000716,2021-03-29,CHI @ GSW,GSW,L,12.585,2,1,3,0,0,0,0,2,0,2,1,1,0,1,1,-11,2.0000000000000004,33.33333333333333,https://www.nba.com/stats/players/boxscores-traditional?Season=2020-21&SeasonType=Regular%20Season&TeamID=1610612741
2021,2020–21,1626245,Cristiano Felicio,0022000716,2021-03-29,CHI @ GSW,GSW,L,1.6833333333333333,0,0,0,0,0,0,0,0,1,1,0,0,0,0,0,2,0.3,0.0,https://www.nba.com/stats/players/boxscores-traditional?Season=2020-21&SeasonType=Regular%20Season&TeamID=1610612741
2021,2020–21,1629653,Devon Dotson,0022000716,2021-03-29,CHI @ GSW,GSW,L,3.3,0,0,0,0,0,0,0,0,0,0,0,0,0,0,0,0,0.0,0.0,https://www.nba.com/stats/players/boxscores-traditional?Season=2020-21&SeasonType=Regular%20Season&TeamID=1610612741
2021,2020–21,202066,Garrett Temple,0022000716,2021-03-29,CHI @ GSW,GSW,L,2.15,0,0,0,0,0,0,0,0,0,0,0,0,0,1,2,3,-1.8,0.0,https://www.nba.com/stats/players/boxscores-traditional?Season=2020-21&SeasonType=Regular%20Season&TeamID=1610612741
2021,2020–21,202696,Nikola Vučević,0022000697,2021-03-27,CHI @ SAS,SAS,L,31.766666666666666,21,9,16,2,4,1,1,2,7,9,3,0,0,0,4,-24,17.4,63.86861313868613,https://www.nba.com/stats/players/boxscores-traditional?Season=2020-21&SeasonType=Regular%20Season&TeamID=1610612741
2021,2020–21,1629632,Coby White,0022000697,2021-03-27,CHI @ SAS,SAS,L,25.583333333333332,13,5,12,2,5,1,1,0,5,5,4,1,1,1,4,6,10.000000000000002,52.2508038585209,https://www.nba.com/stats/players/boxscores-traditional?Season=2020-21&SeasonType=Regular%20Season&TeamID=1610612741
2021,2020–21,201152,Thaddeus Young,0022000697,2021-03-27,CHI @ SAS,SAS,L,22.3,10,5,11,0,1,0,1,2,4,6,9,0,0,2,3,3,9.600000000000001,43.70629370629371,https://www.nba.com/stats/players/boxscores-traditional?Season=2020-21&SeasonType=Regular%20Season&TeamID=1610612741
2021,2020–21,203897,Zach LaVine,0022000697,2021-03-27,CHI @ SAS,SAS,L,28.083333333333332,18,6,15,1,5,5,6,0,3,3,1,0,0,2,0,-17,9.099999999999998,51.02040816326531,https://www.nba.com/stats/players/boxscores-traditional?Season=2020-21&SeasonType=Regular%20Season&TeamID=1610612741
2021,2020–21,203107,Tomas Satoransky,0022000697,2021-03-27,CHI @ SAS,SAS,L,17.25,8,3,7,1,3,1,1,3,0,3,3,2,0,2,3,-14,7.299999999999997,53.76344086021505,https://www.nba.com/stats/players/boxscores-traditional?Season=2020-21&SeasonType=Regular%20Season&TeamID=1610612741
2021,2020–21,1628374,Lauri Markkanen,0022000697,2021-03-27,CHI @ SAS,SAS,L,26.1,10,4,10,1,6,1,1,0,3,3,0,0,0,1,2,-21,3.7,47.89272030651341,https://www.nba.com/stats/players/boxscores-traditional?Season=2020-21&SeasonType=Regular%20Season&TeamID=1610612741
2021,2020–21,202066,Garrett Temple,0022000697,2021-03-27,CHI @ SAS,SAS,L,22.45,4,2,5,0,3,0,0,1,2,3,4,1,0,0,2,-8,5.6,40.0,https://www.nba.com/stats/players/boxscores-traditional?Season=2020-21&SeasonType=Regular%20Season&TeamID=1610612741
2021,2020–21,1628972,Troy Brown Jr.,0022000697,2021-03-27,CHI @ SAS,SAS,L,13.55,8,3,4,1,1,1,1,0,1,1,3,0,0,0,2,12,7.999999999999999,90.09009009009009,https://www.nba.com/stats/players/boxscores-traditional?Season=2020-21&SeasonType=Regular%20Season&TeamID=1610612741
2021,2020–21,1629750,Javonte Green,0022000697,2021-03-27,CHI @ SAS,SAS,L,10.466666666666667,0,0,2,0,1,0,0,0,4,4,0,1,2,2,2,5,-0.5999999999999999,0.0,https://www.nba.com/stats/players/boxscores-traditional?Season=2020-21&SeasonType=Regular%20Season&TeamID=1610612741
2021,2020–21,1630172,Patrick Williams,0022000697,2021-03-27,CHI @ SAS,SAS,L,19.05,6,3,7,0,2,0,0,1,2,3,1,0,0,2,0,-23,2.3000000000000007,42.857142857142854,https://www.nba.com/stats/players/boxscores-traditional?Season=2020-21&SeasonType=Regular%20Season&TeamID=1610612741
2021,2020–21,202329,Al-Farouq Aminu,0022000697,2021-03-27,CHI @ SAS,SAS,L,12.3,2,0,1,0,1,2,2,0,5,5,0,0,0,2,2,10,-2.220446049250313e-16,53.191489361702125,https://www.nba.com/stats/players/boxscores-traditional?Season=2020-21&SeasonType=Regular%20Season&TeamID=1610612741
2021,2020–21,1627756,Denzel Valentine,0022000697,2021-03-27,CHI @ SAS,SAS,L,5.8,2,1,5,0,2,0,0,1,1,2,0,0,0,0,1,-9,-0.5000000000000002,20.0,https://www.nba.com/stats/players/boxscores-traditional?Season=2020-21&SeasonType=Regular%20Season&TeamID=1610612741
2021,2020–21,1629653,Devon Dotson,0022000697,2021-03-27,CHI @ SAS,SAS,L,1.7666666666666666,0,0,0,0,0,0,0,1,0,1,0,1,0,0,0,0,1.7,0.0,https://www.nba.com/stats/players/boxscores-traditional?Season=2020-21&SeasonType=Regular%20Season&TeamID=1610612741
2021,2020–21,1627853,Ryan Arcidiacono,0022000697,2021-03-27,CHI @ SAS,SAS,L,1.7666666666666666,1,0,0,0,0,1,2,0,0,0,0,0,0,0,0,0,0.6,56.81818181818182,https://www.nba.com/stats/players/boxscores-traditional?Season=2020-21&SeasonType=Regular%20Season&TeamID=1610612741
2021,2020–21,1626245,Cristiano Felicio,0022000697,2021-03-27,CHI @ SAS,SAS,L,1.7666666666666666,1,0,0,0,0,1,2,0,0,0,0,0,0,0,0,0,0.6,56.81818181818182,https://www.nba.com/stats/players/boxscores-traditional?Season=2020-21&SeasonType=Regular%20Season&TeamID=1610612741
2021,2020–21,203897,Zach LaVine,0022000671,2021-03-24,CHI vs. CLE,CLE,L,34.236666666666665,22,8,20,4,9,2,2,0,3,3,4,0,1,5,3,-12,9.399999999999999,52.68199233716475,https://www.nba.com/stats/players/boxscores-traditional?Season=2020-21&SeasonType=Regular%20Season&TeamID=1610612741
2021,2020–21,1628374,Lauri Markkanen,0022000671,2021-03-24,CHI vs. CLE,CLE,L,29.183333333333334,17,7,15,1,5,2,2,2,3,5,2,1,0,0,1,-6,13.600000000000001,53.5264483627204,https://www.nba.com/stats/players/boxscores-traditional?Season=2020-21&SeasonType=Regular%20Season&TeamID=1610612741
2021,2020–21,1629632,Coby White,0022000671,2021-03-24,CHI vs. CLE,CLE,L,26.45,11,4,12,1,5,2,2,1,2,3,3,2,0,1,0,10,8.600000000000001,42.701863354037265,https://www.nba.com/stats/players/boxscores-traditional?Season=2020-21&SeasonType=Regular%20Season&TeamID=1610612741
2021,2020–21,201152,Thaddeus Young,0022000671,2021-03-24,CHI vs. CLE,CLE,L,21.083333333333332,8,4,6,0,0,0,0,1,4,5,1,1,3,4,1,-15,6.699999999999999,66.66666666666666,https://www.nba.com/stats/players/boxscores-traditional?Season=2020-21&SeasonType=Regular%20Season&TeamID=1610612741
2021,2020–21,203107,Tomas Satoransky,0022000671,2021-03-24,CHI vs. CLE,CLE,L,25.516666666666666,11,4,8,1,3,2,2,0,2,2,4,0,0,2,2,-20,7.599999999999998,61.936936936936924,https://www.nba.com/stats/players/boxscores-traditional?Season=2020-21&SeasonType=Regular%20Season&TeamID=1610612741
2021,2020–21,1628976,Wendell Carter Jr.,0022000671,2021-03-24,CHI vs. CLE,CLE,L,22.383333333333333,7,3,5,0,0,1,2,2,7,9,1,0,0,1,2,5,6.699999999999998,59.523809523809526,https://www.nba.com/stats/players/boxscores-traditional?Season=2020-21&SeasonType=Regular%20Season&TeamID=1610612741
2021,2020–21,203490,Otto Porter Jr.,0022000671,2021-03-24,CHI vs. CLE,CLE,L,16.3,6,3,5,0,2,0,0,2,3,5,1,1,0,1,0,1,6.7,60.0,https://www.nba.com/stats/players/boxscores-traditional?Season=2020-21&SeasonType=Regular%20Season&TeamID=1610612741
2021,2020–21,1630172,Patrick Williams,0022000671,2021-03-24,CHI vs. CLE,CLE,L,31.983333333333334,5,2,6,0,1,1,2,1,4,5,1,1,0,1,1,-9,3.4000000000000004,36.337209302325576,https://www.nba.com/stats/players/boxscores-traditional?Season=2020-21&SeasonType=Regular%20Season&TeamID=1610612741
2021,2020–21,1627853,Ryan Arcidiacono,0022000671,2021-03-24,CHI vs. CLE,CLE,L,15.163333333333334,5,1,3,1,2,2,2,0,2,2,3,0,0,0,1,-5,5.6,64.43298969072166,https://www.nba.com/stats/players/boxscores-traditional?Season=2020-21&SeasonType=Regular%20Season&TeamID=1610612741
2021,2020–21,1629655,Daniel Gafford,0022000671,2021-03-24,CHI vs. CLE,CLE,L,4.533333333333333,2,1,1,0,0,0,0,0,3,3,0,0,0,0,0,1,2.5999999999999996,100.0,https://www.nba.com/stats/players/boxscores-traditional?Season=2020-21&SeasonType=Regular%20Season&TeamID=1610612741
2021,2020–21,1627756,Denzel Valentine,0022000671,2021-03-24,CHI vs. CLE,CLE,L,13.166666666666666,0,0,2,0,1,0,0,1,2,3,1,0,0,0,1,5,0.19999999999999996,0.0,https://www.nba.com/stats/players/boxscores-traditional?Season=2020-21&SeasonType=Regular%20Season&TeamID=1610612741
2021,2020–21,203897,Zach LaVine,0022000656,2021-03-22,CHI vs. UTA,UTA,L,32.45,27,10,25,4,10,3,3,1,6,7,4,0,0,3,2,-5,15.0,51.29179331306991,https://www.nba.com/stats/players/boxscores-traditional?Season=2020-21&SeasonType=Regular%20Season&TeamID=1610612741
2021,2020–21,201152,Thaddeus Young,0022000656,2021-03-22,CHI vs. UTA,UTA,L,25.683333333333334,14,7,14,0,0,0,0,5,4,9,2,1,0,1,0,-2,13.100000000000001,50.0,https://www.nba.com/stats/players/boxscores-traditional?Season=2020-21&SeasonType=Regular%20Season&TeamID=1610612741
2021,2020–21,203107,Tomas Satoransky,0022000656,2021-03-22,CHI vs. UTA,UTA,L,30.3,13,5,7,0,1,3,3,0,2,2,4,1,2,1,2,-4,14.1,78.125,https://www.nba.com/stats/players/boxscores-traditional?Season=2020-21&SeasonType=Regular%20Season&TeamID=1610612741
2021,2020–21,1628374,Lauri Markkanen,0022000656,2021-03-22,CHI vs. UTA,UTA,L,18.833333333333332,8,3,12,0,2,2,2,2,5,7,1,1,0,0,0,-10,5.400000000000001,31.05590062111801,https://www.nba.com/stats/players/boxscores-traditional?Season=2020-21&SeasonType=Regular%20Season&TeamID=1610612741
2021,2020–21,1628976,Wendell Carter Jr.,0022000656,2021-03-22,CHI vs. UTA,UTA,L,17.881666666666668,6,3,5,0,0,0,0,3,5,8,2,1,0,1,1,-15,8.3,60.0,https://www.nba.com/stats/players/boxscores-traditional?Season=2020-21&SeasonType=Regular%20Season&TeamID=1610612741
2021,2020–21,1629632,Coby White,0022000656,2021-03-22,CHI vs. UTA,UTA,L,23.45,10,4,12,2,5,0,0,0,1,1,3,0,0,3,1,-23,2.2,41.66666666666667,https://www.nba.com/stats/players/boxscores-traditional?Season=2020-21&SeasonType=Regular%20Season&TeamID=1610612741
2021,2020–21,1630172,Patrick Williams,0022000656,2021-03-22,CHI vs. UTA,UTA,L,30.583333333333332,6,3,6,0,2,0,0,0,4,4,1,1,1,1,2,-2,4.800000000000002,50.0,https://www.nba.com/stats/players/boxscores-traditional?Season=2020-21&SeasonType=Regular%20Season&TeamID=1610612741
2021,2020–21,203490,Otto Porter Jr.,0022000656,2021-03-22,CHI vs. UTA,UTA,L,19.533333333333335,2,1,4,0,1,0,0,0,6,6,2,0,0,2,2,-7,-2.220446049250313e-16,25.0,https://www.nba.com/stats/players/boxscores-traditional?Season=2020-21&SeasonType=Regular%20Season&TeamID=1610612741
2021,2020–21,1629655,Daniel Gafford,0022000656,2021-03-22,CHI vs. UTA,UTA,L,9.285,5,2,3,0,0,1,2,3,0,3,0,0,0,0,0,1,5.4,64.43298969072166,https://www.nba.com/stats/players/boxscores-traditional?Season=2020-21&SeasonType=Regular%20Season&TeamID=1610612741
2021,2020–21,1627756,Denzel Valentine,0022000656,2021-03-22,CHI vs. UTA,UTA,L,16.433333333333334,2,0,4,0,4,2,2,0,1,1,1,0,0,1,0,-23,-0.7999999999999998,20.491803278688526,https://www.nba.com/stats/players/boxscores-traditional?Season=2020-21&SeasonType=Regular%20Season&TeamID=1610612741
2021,2020–21,1627853,Ryan Arcidiacono,0022000656,2021-03-22,CHI vs. UTA,UTA,L,8.966666666666667,0,0,3,0,1,0,0,0,1,1,1,0,0,0,4,-20,-2.6999999999999997,0.0,https://www.nba.com/stats/players/boxscores-traditional?Season=2020-21&SeasonType=Regular%20Season&TeamID=1610612741
2021,2020–21,1629690,Adam Mokoka,0022000656,2021-03-22,CHI vs. UTA,UTA,L,2.7666666666666666,2,1,1,0,0,0,0,0,0,0,0,0,0,0,0,-3,1.7,100.0,https://www.nba.com/stats/players/boxscores-traditional?Season=2020-21&SeasonType=Regular%20Season&TeamID=1610612741
2021,2020–21,1626245,Cristiano Felicio,0022000656,2021-03-22,CHI vs. UTA,UTA,L,1.6333333333333333,0,0,0,0,0,0,0,0,0,0,0,0,0,0,0,-4,0.0,0.0,https://www.nba.com/stats/players/boxscores-traditional?Season=2020-21&SeasonType=Regular%20Season&TeamID=1610612741
2021,2020–21,1628436,Luke Kornet,0022000656,2021-03-22,CHI vs. UTA,UTA,L,2.2,0,0,0,0,0,0,0,0,0,0,0,0,0,0,0,-8,0.0,0.0,https://www.nba.com/stats/players/boxscores-traditional?Season=2020-21&SeasonType=Regular%20Season&TeamID=1610612741
2021,2020–21,1628374,Lauri Markkanen,0022000649,2021-03-21,CHI @ DET,DET,W,28.95,16,6,15,3,9,1,1,1,7,8,0,0,1,0,2,20,10.599999999999996,51.81347150259068,https://www.nba.com/stats/players/boxscores-traditional?Season=2020-21&SeasonType=Regular%20Season&TeamID=1610612741
2021,2020–21,203107,Tomas Satoransky,0022000649,2021-03-21,CHI @ DET,DET,W,27.501666666666665,8,4,9,0,1,0,0,0,2,2,9,3,1,3,1,17,10.499999999999998,44.44444444444444,https://www.nba.com/stats/players/boxscores-traditional?Season=2020-21&SeasonType=Regular%20Season&TeamID=1610612741
2021,2020–21,201152,Thaddeus Young,0022000649,2021-03-21,CHI @ DET,DET,W,20.543333333333333,8,3,9,0,0,2,2,1,7,8,5,3,0,2,3,9,9.0,40.48582995951417,https://www.nba.com/stats/players/boxscores-traditional?Season=2020-21&SeasonType=Regular%20Season&TeamID=1610612741
2021,2020–21,203897,Zach LaVine,0022000649,2021-03-21,CHI @ DET,DET,W,32.501666666666665,18,6,16,3,7,3,3,0,3,3,1,0,1,4,0,12,7.499999999999998,51.96304849884527,https://www.nba.com/stats/players/boxscores-traditional?Season=2020-21&SeasonType=Regular%20Season&TeamID=1610612741
2021,2020–21,1629655,Daniel Gafford,0022000649,2021-03-21,CHI @ DET,DET,W,13.833333333333334,8,4,4,0,0,0,0,4,7,11,0,0,2,2,3,10,9.899999999999999,100.0,https://www.nba.com/stats/players/boxscores-traditional?Season=2020-21&SeasonType=Regular%20Season&TeamID=1610612741
2021,2020–21,1630172,Patrick Williams,0022000649,2021-03-21,CHI @ DET,DET,W,34.016666666666666,10,5,5,0,0,0,0,0,7,7,1,0,2,2,3,9,9.5,100.0,https://www.nba.com/stats/players/boxscores-traditional?Season=2020-21&SeasonType=Regular%20Season&TeamID=1610612741
2021,2020–21,1629632,Coby White,0022000649,2021-03-21,CHI @ DET,DET,W,16.915,7,2,7,1,2,2,2,0,3,3,4,2,0,4,1,-1,4.200000000000001,44.41624365482234,https://www.nba.com/stats/players/boxscores-traditional?Season=2020-21&SeasonType=Regular%20Season&TeamID=1610612741
2021,2020–21,1627756,Denzel Valentine,0022000649,2021-03-21,CHI @ DET,DET,W,18.581666666666667,9,3,5,3,4,0,0,1,2,3,2,0,0,0,1,0,8.999999999999998,90.0,https://www.nba.com/stats/players/boxscores-traditional?Season=2020-21&SeasonType=Regular%20Season&TeamID=1610612741
2021,2020–21,1627853,Ryan Arcidiacono,0022000649,2021-03-21,CHI @ DET,DET,W,15.481666666666667,9,3,5,3,4,0,2,0,0,0,2,0,0,1,3,2,5.099999999999999,76.53061224489795,https://www.nba.com/stats/players/boxscores-traditional?Season=2020-21&SeasonType=Regular%20Season&TeamID=1610612741
2021,2020–21,203490,Otto Porter Jr.,0022000649,2021-03-21,CHI @ DET,DET,W,18.051666666666666,3,1,3,1,1,0,0,1,3,4,2,0,0,0,4,-3,2.6999999999999997,50.0,https://www.nba.com/stats/players/boxscores-traditional?Season=2020-21&SeasonType=Regular%20Season&TeamID=1610612741
2021,2020–21,1628976,Wendell Carter Jr.,0022000649,2021-03-21,CHI @ DET,DET,W,13.623333333333333,4,0,2,0,0,4,4,1,2,3,0,0,1,0,1,-5,4.199999999999999,53.191489361702125,https://www.nba.com/stats/players/boxscores-traditional?Season=2020-21&SeasonType=Regular%20Season&TeamID=1610612741
2021,2020–21,203897,Zach LaVine,0022000637,2021-03-19,CHI @ DEN,DEN,L,37.65,32,10,20,3,9,9,9,0,2,2,4,0,0,3,2,-1,21.6,66.7779632721202,https://www.nba.com/stats/players/boxscores-traditional?Season=2020-21&SeasonType=Regular%20Season&TeamID=1610612741
2021,2020–21,203490,Otto Porter Jr.,0022000637,2021-03-19,CHI @ DEN,DEN,L,28.848333333333333,22,9,13,4,7,0,0,0,4,4,3,0,1,2,2,-8,17.699999999999996,84.61538461538461,https://www.nba.com/stats/players/boxscores-traditional?Season=2020-21&SeasonType=Regular%20Season&TeamID=1610612741
2021,2020–21,201152,Thaddeus Young,0022000637,2021-03-19,CHI @ DEN,DEN,L,28.18,11,5,7,1,1,0,1,3,7,10,6,1,0,2,4,-5,13.500000000000002,73.9247311827957,https://www.nba.com/stats/players/boxscores-traditional?Season=2020-21&SeasonType=Regular%20Season&TeamID=1610612741
2021,2020–21,1629632,Coby White,0022000637,2021-03-19,CHI @ DEN,DEN,L,28.283333333333335,17,7,13,3,3,0,0,1,3,4,2,0,0,3,2,-1,9.9,65.38461538461539,https://www.nba.com/stats/players/boxscores-traditional?Season=2020-21&SeasonType=Regular%20Season&TeamID=1610612741
2021,2020–21,1628976,Wendell Carter Jr.,0022000637,2021-03-19,CHI @ DEN,DEN,L,23.433333333333334,6,2,5,1,1,1,4,2,4,6,5,0,0,0,4,-1,6.6,44.37869822485207,https://www.nba.com/stats/players/boxscores-traditional?Season=2020-21&SeasonType=Regular%20Season&TeamID=1610612741
2021,2020–21,1630172,Patrick Williams,0022000637,2021-03-19,CHI @ DEN,DEN,L,21.483333333333334,6,2,7,1,2,1,2,1,5,6,1,1,1,0,0,-4,6.1000000000000005,38.07106598984772,https://www.nba.com/stats/players/boxscores-traditional?Season=2020-21&SeasonType=Regular%20Season&TeamID=1610612741
2021,2020–21,1627756,Denzel Valentine,0022000637,2021-03-19,CHI @ DEN,DEN,L,20.3,8,3,6,1,3,1,1,0,4,4,3,1,0,1,0,7,8.3,62.11180124223602,https://www.nba.com/stats/players/boxscores-traditional?Season=2020-21&SeasonType=Regular%20Season&TeamID=1610612741
2021,2020–21,1628374,Lauri Markkanen,0022000637,2021-03-19,CHI @ DEN,DEN,L,29.071666666666665,10,4,11,2,6,0,1,1,1,2,2,1,0,1,1,2,5.5,43.70629370629371,https://www.nba.com/stats/players/boxscores-traditional?Season=2020-21&SeasonType=Regular%20Season&TeamID=1610612741
2021,2020–21,203107,Tomas Satoransky,0022000637,2021-03-19,CHI @ DEN,DEN,L,30.816666666666666,8,2,3,1,2,3,4,1,2,3,5,0,0,4,3,-7,5.900000000000002,84.03361344537815,https://www.nba.com/stats/players/boxscores-traditional?Season=2020-21&SeasonType=Regular%20Season&TeamID=1610612741
2021,2020–21,1627853,Ryan Arcidiacono,0022000637,2021-03-19,CHI @ DEN,DEN,L,16.933333333333334,7,3,5,0,1,1,1,0,1,1,1,2,0,0,2,-2,6.8999999999999995,64.33823529411764,https://www.nba.com/stats/players/boxscores-traditional?Season=2020-21&SeasonType=Regular%20Season&TeamID=1610612741
2021,2020–21,203897,Zach LaVine,0022000621,2021-03-17,CHI vs. SAS,SAS,L,37.72,29,12,21,3,7,2,3,0,6,6,6,1,1,2,3,5,23.2,64.96415770609319,https://www.nba.com/stats/players/boxscores-traditional?Season=2020-21&SeasonType=Regular%20Season&TeamID=1610612741
2021,2020–21,201152,Thaddeus Young,0022000621,2021-03-17,CHI vs. SAS,SAS,L,30.73,16,8,16,0,0,0,0,1,7,8,5,2,1,6,4,3,9.399999999999997,50.0,https://www.nba.com/stats/players/boxscores-traditional?Season=2020-21&SeasonType=Regular%20Season&TeamID=1610612741
2021,2020–21,1630172,Patrick Williams,0022000621,2021-03-17,CHI vs. SAS,SAS,L,32.083333333333336,10,4,7,2,3,0,0,4,10,14,1,0,0,2,3,0,10.0,71.42857142857143,https://www.nba.com/stats/players/boxscores-traditional?Season=2020-21&SeasonType=Regular%20Season&TeamID=1610612741
2021,2020–21,1628374,Lauri Markkanen,0022000621,2021-03-17,CHI vs. SAS,SAS,L,33.38333333333333,10,4,10,2,6,0,0,3,4,7,1,0,1,1,2,2,7.499999999999998,50.0,https://www.nba.com/stats/players/boxscores-traditional?Season=2020-21&SeasonType=Regular%20Season&TeamID=1610612741
2021,2020–21,203107,Tomas Satoransky,0022000621,2021-03-17,CHI vs. SAS,SAS,L,34.13333333333333,7,3,8,1,3,0,0,1,1,2,7,1,0,1,1,-4,8.1,43.75,https://www.nba.com/stats/players/boxscores-traditional?Season=2020-21&SeasonType=Regular%20Season&TeamID=1610612741
2021,2020–21,1628976,Wendell Carter Jr.,0022000621,2021-03-17,CHI vs. SAS,SAS,L,17.27,10,3,7,0,0,4,4,2,4,6,2,0,0,1,4,-10,7.699999999999999,57.077625570776256,https://www.nba.com/stats/players/boxscores-traditional?Season=2020-21&SeasonType=Regular%20Season&TeamID=1610612741
2021,2020–21,1629632,Coby White,0022000621,2021-03-17,CHI vs. SAS,SAS,L,22.511666666666667,9,3,11,1,7,2,2,1,2,3,0,2,0,3,4,-10,1.200000000000001,37.878787878787875,https://www.nba.com/stats/players/boxscores-traditional?Season=2020-21&SeasonType=Regular%20Season&TeamID=1610612741
2021,2020–21,203490,Otto Porter Jr.,0022000621,2021-03-17,CHI vs. SAS,SAS,L,15.255,6,2,5,2,2,0,0,1,1,2,1,0,0,1,0,-10,4.0,60.0,https://www.nba.com/stats/players/boxscores-traditional?Season=2020-21&SeasonType=Regular%20Season&TeamID=1610612741
2021,2020–21,1627756,Denzel Valentine,0022000621,2021-03-17,CHI vs. SAS,SAS,L,7.016666666666667,2,1,4,0,3,0,0,1,1,2,0,0,0,0,1,1,0.20000000000000007,25.0,https://www.nba.com/stats/players/boxscores-traditional?Season=2020-21&SeasonType=Regular%20Season&TeamID=1610612741
2021,2020–21,1627853,Ryan Arcidiacono,0022000621,2021-03-17,CHI vs. SAS,SAS,L,9.896666666666667,0,0,2,0,2,0,0,0,1,1,1,0,0,0,0,-12,-0.3999999999999999,0.0,https://www.nba.com/stats/players/boxscores-traditional?Season=2020-21&SeasonType=Regular%20Season&TeamID=1610612741
2021,2020–21,203897,Zach LaVine,0022000612,2021-03-16,CHI vs. OKC,OKC,W,30.966666666666665,40,15,20,7,12,3,3,1,2,3,2,1,0,1,2,36,33.900000000000006,93.80863039399625,https://www.nba.com/stats/players/boxscores-traditional?Season=2020-21&SeasonType=Regular%20Season&TeamID=1610612741
2021,2020–21,201152,Thaddeus Young,0022000612,2021-03-16,CHI vs. OKC,OKC,W,22.25,17,8,11,0,0,1,1,3,7,10,6,2,0,3,1,8,19.5,74.3006993006993,https://www.nba.com/stats/players/boxscores-traditional?Season=2020-21&SeasonType=Regular%20Season&TeamID=1610612741
2021,2020–21,1628374,Lauri Markkanen,0022000612,2021-03-16,CHI vs. OKC,OKC,W,32.251666666666665,22,7,14,3,9,5,7,1,4,5,1,0,2,1,3,25,16.0,64.40281030444966,https://www.nba.com/stats/players/boxscores-traditional?Season=2020-21&SeasonType=Regular%20Season&TeamID=1610612741
2021,2020–21,203107,Tomas Satoransky,0022000612,2021-03-16,CHI vs. OKC,OKC,W,30.635,13,4,7,1,3,4,4,0,2,2,7,3,0,2,3,28,15.0,74.20091324200914,https://www.nba.com/stats/players/boxscores-traditional?Season=2020-21&SeasonType=Regular%20Season&TeamID=1610612741
2021,2020–21,1628976,Wendell Carter Jr.,0022000612,2021-03-16,CHI vs. OKC,OKC,W,22.75,9,4,8,0,0,1,2,1,8,9,2,0,1,1,1,17,8.399999999999999,50.67567567567567,https://www.nba.com/stats/players/boxscores-traditional?Season=2020-21&SeasonType=Regular%20Season&TeamID=1610612741
2021,2020–21,203490,Otto Porter Jr.,0022000612,2021-03-16,CHI vs. OKC,OKC,W,19.498333333333335,8,3,6,1,2,1,1,2,1,3,3,0,0,1,2,12,7.0,62.11180124223602,https://www.nba.com/stats/players/boxscores-traditional?Season=2020-21&SeasonType=Regular%20Season&TeamID=1610612741
2021,2020–21,1629632,Coby White,0022000612,2021-03-16,CHI vs. OKC,OKC,W,28.333333333333332,4,2,7,0,3,0,0,0,1,1,3,2,0,0,2,11,3.5,28.57142857142857,https://www.nba.com/stats/players/boxscores-traditional?Season=2020-21&SeasonType=Regular%20Season&TeamID=1610612741
2021,2020–21,1630172,Patrick Williams,0022000612,2021-03-16,CHI vs. OKC,OKC,W,24.315,2,1,9,0,2,0,0,0,3,3,0,0,1,1,1,-3,-3.6999999999999997,11.11111111111111,https://www.nba.com/stats/players/boxscores-traditional?Season=2020-21&SeasonType=Regular%20Season&TeamID=1610612741
2021,2020–21,1627853,Ryan Arcidiacono,0022000612,2021-03-16,CHI vs. OKC,OKC,W,13.75,4,2,6,0,2,0,0,1,1,2,0,0,0,0,2,-7,0.8000000000000005,33.33333333333333,https://www.nba.com/stats/players/boxscores-traditional?Season=2020-21&SeasonType=Regular%20Season&TeamID=1610612741
2021,2020–21,1627756,Denzel Valentine,0022000612,2021-03-16,CHI vs. OKC,OKC,W,10.7,2,1,4,0,3,0,0,1,1,2,0,0,0,0,0,-16,0.6000000000000001,25.0,https://www.nba.com/stats/players/boxscores-traditional?Season=2020-21&SeasonType=Regular%20Season&TeamID=1610612741
2021,2020–21,1629655,Daniel Gafford,0022000612,2021-03-16,CHI vs. OKC,OKC,W,3.0,2,1,2,0,0,0,0,2,0,2,0,0,0,1,0,-4,1.4,50.0,https://www.nba.com/stats/players/boxscores-traditional?Season=2020-21&SeasonType=Regular%20Season&TeamID=1610612741
2021,2020–21,1629690,Adam Mokoka,0022000612,2021-03-16,CHI vs. OKC,OKC,W,1.55,0,0,0,0,0,0,0,0,0,0,0,0,0,0,0,-2,0.0,0.0,https://www.nba.com/stats/players/boxscores-traditional?Season=2020-21&SeasonType=Regular%20Season&TeamID=1610612741
2021,2020–21,1630172,Patrick Williams,0022000600,2021-03-14,CHI vs. TOR,TOR,W,26.566666666666666,23,9,14,1,4,4,5,2,4,6,4,1,1,0,4,9,21.900000000000002,70.98765432098766,https://www.nba.com/stats/players/boxscores-traditional?Season=2020-21&SeasonType=Regular%20Season&TeamID=1610612741
2021,2020–21,203107,Tomas Satoransky,0022000600,2021-03-14,CHI vs. TOR,TOR,W,25.555,10,4,8,2,4,0,0,3,3,6,7,1,2,3,3,3,12.099999999999998,62.5,https://www.nba.com/stats/players/boxscores-traditional?Season=2020-21&SeasonType=Regular%20Season&TeamID=1610612741
2021,2020–21,1628976,Wendell Carter Jr.,0022000600,2021-03-14,CHI vs. TOR,TOR,W,18.85,12,4,9,0,0,4,5,4,7,11,1,1,1,0,4,12,12.599999999999998,53.57142857142857,https://www.nba.com/stats/players/boxscores-traditional?Season=2020-21&SeasonType=Regular%20Season&TeamID=1610612741
2021,2020–21,1628374,Lauri Markkanen,0022000600,2021-03-14,CHI vs. TOR,TOR,W,32.06666666666667,13,4,12,2,9,3,3,0,7,7,1,1,1,0,0,8,10.7,48.7987987987988,https://www.nba.com/stats/players/boxscores-traditional?Season=2020-21&SeasonType=Regular%20Season&TeamID=1610612741
2021,2020–21,203897,Zach LaVine,0022000600,2021-03-14,CHI vs. TOR,TOR,W,33.53333333333333,15,4,10,1,5,6,8,0,6,6,3,0,1,3,1,16,10.0,55.47337278106509,https://www.nba.com/stats/players/boxscores-traditional?Season=2020-21&SeasonType=Regular%20Season&TeamID=1610612741
2021,2020–21,1629632,Coby White,0022000600,2021-03-14,CHI vs. TOR,TOR,W,27.4,13,5,12,2,8,1,2,0,4,4,5,0,1,3,3,24,7.400000000000002,50.46583850931676,https://www.nba.com/stats/players/boxscores-traditional?Season=2020-21&SeasonType=Regular%20Season&TeamID=1610612741
2021,2020–21,203490,Otto Porter Jr.,0022000600,2021-03-14,CHI vs. TOR,TOR,W,21.183333333333334,11,5,13,1,6,0,0,2,5,7,3,1,0,0,0,15,9.9,42.30769230769231,https://www.nba.com/stats/players/boxscores-traditional?Season=2020-21&SeasonType=Regular%20Season&TeamID=1610612741
2021,2020–21,201152,Thaddeus Young,0022000600,2021-03-14,CHI vs. TOR,TOR,W,22.616666666666667,10,5,10,0,0,0,0,3,4,7,7,0,0,2,2,10,10.399999999999999,50.0,https://www.nba.com/stats/players/boxscores-traditional?Season=2020-21&SeasonType=Regular%20Season&TeamID=1610612741
2021,2020–21,1627756,Denzel Valentine,0022000600,2021-03-14,CHI vs. TOR,TOR,W,19.795,11,4,7,3,6,0,0,0,5,5,2,1,0,0,1,9,11.2,78.57142857142857,https://www.nba.com/stats/players/boxscores-traditional?Season=2020-21&SeasonType=Regular%20Season&TeamID=1610612741
2021,2020–21,1627853,Ryan Arcidiacono,0022000600,2021-03-14,CHI vs. TOR,TOR,W,11.233333333333333,0,0,2,0,2,0,0,0,1,1,2,0,0,0,2,7,-0.5,0.0,https://www.nba.com/stats/players/boxscores-traditional?Season=2020-21&SeasonType=Regular%20Season&TeamID=1610612741
2021,2020–21,1628436,Luke Kornet,0022000600,2021-03-14,CHI vs. TOR,TOR,W,1.2,0,0,0,0,0,0,0,0,0,0,0,0,0,0,0,2,0.0,0.0,https://www.nba.com/stats/players/boxscores-traditional?Season=2020-21&SeasonType=Regular%20Season&TeamID=1610612741
2021,2020–21,203897,Zach LaVine,0022000582,2021-03-12,CHI vs. MIA,MIA,L,37.6,30,10,16,6,8,4,4,0,6,6,6,0,2,5,3,-9,24.0,84.45945945945945,https://www.nba.com/stats/players/boxscores-traditional?Season=2020-21&SeasonType=Regular%20Season&TeamID=1610612741
2021,2020–21,1628374,Lauri Markkanen,0022000582,2021-03-12,CHI vs. MIA,MIA,L,33.05,20,8,18,4,10,0,0,1,5,6,2,0,0,2,2,-9,11.399999999999999,55.55555555555556,https://www.nba.com/stats/players/boxscores-traditional?Season=2020-21&SeasonType=Regular%20Season&TeamID=1610612741
2021,2020–21,201152,Thaddeus Young,0022000582,2021-03-12,CHI vs. MIA,MIA,L,25.55,13,6,13,0,0,1,1,4,6,10,3,1,1,2,1,0,12.3,48.36309523809524,https://www.nba.com/stats/players/boxscores-traditional?Season=2020-21&SeasonType=Regular%20Season&TeamID=1610612741
2021,2020–21,1629632,Coby White,0022000582,2021-03-12,CHI vs. MIA,MIA,L,33.75,8,3,13,2,8,0,0,1,2,3,5,2,0,0,3,-8,5.699999999999999,30.76923076923077,https://www.nba.com/stats/players/boxscores-traditional?Season=2020-21&SeasonType=Regular%20Season&TeamID=1610612741
2021,2020–21,1628976,Wendell Carter Jr.,0022000582,2021-03-12,CHI vs. MIA,MIA,L,22.45,4,1,5,0,0,2,2,4,6,10,3,0,0,0,2,-11,6.8,34.01360544217687,https://www.nba.com/stats/players/boxscores-traditional?Season=2020-21&SeasonType=Regular%20Season&TeamID=1610612741
2021,2020–21,1627756,Denzel Valentine,0022000582,2021-03-12,CHI vs. MIA,MIA,L,17.383333333333333,5,2,6,1,4,0,0,1,6,7,1,1,0,1,2,-1,4.000000000000001,41.66666666666667,https://www.nba.com/stats/players/boxscores-traditional?Season=2020-21&SeasonType=Regular%20Season&TeamID=1610612741
2021,2020–21,1630172,Patrick Williams,0022000582,2021-03-12,CHI vs. MIA,MIA,L,20.6,3,1,6,1,1,0,0,1,1,2,0,1,0,3,0,-16,-1.7999999999999994,25.0,https://www.nba.com/stats/players/boxscores-traditional?Season=2020-21&SeasonType=Regular%20Season&TeamID=1610612741
2021,2020–21,202066,Garrett Temple,0022000582,2021-03-12,CHI vs. MIA,MIA,L,21.391666666666666,5,2,6,1,3,0,0,0,1,1,0,0,0,1,1,-1,0.5000000000000004,41.66666666666667,https://www.nba.com/stats/players/boxscores-traditional?Season=2020-21&SeasonType=Regular%20Season&TeamID=1610612741
2021,2020–21,203490,Otto Porter Jr.,0022000582,2021-03-12,CHI vs. MIA,MIA,L,12.458333333333334,0,0,3,0,1,0,0,0,4,4,2,0,0,1,2,1,-1.2999999999999998,0.0,https://www.nba.com/stats/players/boxscores-traditional?Season=2020-21&SeasonType=Regular%20Season&TeamID=1610612741
2021,2020–21,203107,Tomas Satoransky,0022000582,2021-03-12,CHI vs. MIA,MIA,L,15.766666666666667,2,1,6,0,3,0,0,0,1,1,3,0,0,1,0,-1,-0.3999999999999997,16.666666666666664,https://www.nba.com/stats/players/boxscores-traditional?Season=2020-21&SeasonType=Regular%20Season&TeamID=1610612741
2021,2020–21,1628374,Lauri Markkanen,0022000572,2021-03-11,CHI vs. PHI,PHI,L,27.533333333333335,23,8,11,7,7,0,0,0,4,4,0,0,1,1,1,-13,19.0,104.54545454545455,https://www.nba.com/stats/players/boxscores-traditional?Season=2020-21&SeasonType=Regular%20Season&TeamID=1610612741
2021,2020–21,203897,Zach LaVine,0022000572,2021-03-11,CHI vs. PHI,PHI,L,32.05,19,7,16,1,5,4,4,0,4,4,7,0,0,4,1,-15,12.3,53.49099099099098,https://www.nba.com/stats/players/boxscores-traditional?Season=2020-21&SeasonType=Regular%20Season&TeamID=1610612741
2021,2020–21,201152,Thaddeus Young,0022000572,2021-03-11,CHI vs. PHI,PHI,L,17.333333333333332,14,6,9,0,0,2,2,4,4,8,2,0,2,2,1,-7,14.5,70.85020242914979,https://www.nba.com/stats/players/boxscores-traditional?Season=2020-21&SeasonType=Regular%20Season&TeamID=1610612741
2021,2020–21,1629632,Coby White,0022000572,2021-03-11,CHI vs. PHI,PHI,L,24.616666666666667,18,7,16,4,7,0,0,0,2,2,4,0,0,1,3,-11,10.8,56.25,https://www.nba.com/stats/players/boxscores-traditional?Season=2020-21&SeasonType=Regular%20Season&TeamID=1610612741
2021,2020–21,1628976,Wendell Carter Jr.,0022000572,2021-03-11,CHI vs. PHI,PHI,L,15.1,8,3,8,0,1,2,2,3,6,9,1,0,2,2,3,-13,6.399999999999999,45.04504504504504,https://www.nba.com/stats/players/boxscores-traditional?Season=2020-21&SeasonType=Regular%20Season&TeamID=1610612741
2021,2020–21,203107,Tomas Satoransky,0022000572,2021-03-11,CHI vs. PHI,PHI,L,24.966666666666665,8,2,4,0,2,4,4,0,1,1,4,0,0,3,1,-24,5.700000000000001,69.44444444444444,https://www.nba.com/stats/players/boxscores-traditional?Season=2020-21&SeasonType=Regular%20Season&TeamID=1610612741
2021,2020–21,1630172,Patrick Williams,0022000572,2021-03-11,CHI vs. PHI,PHI,L,31.798333333333332,4,1,4,1,2,1,2,0,1,1,4,1,0,1,3,0,3.1000000000000005,40.98360655737705,https://www.nba.com/stats/players/boxscores-traditional?Season=2020-21&SeasonType=Regular%20Season&TeamID=1610612741
2021,2020–21,203490,Otto Porter Jr.,0022000572,2021-03-11,CHI vs. PHI,PHI,L,17.666666666666668,3,1,6,1,3,0,0,0,3,3,1,1,0,2,0,-12,-0.1999999999999995,25.0,https://www.nba.com/stats/players/boxscores-traditional?Season=2020-21&SeasonType=Regular%20Season&TeamID=1610612741
2021,2020–21,1629655,Daniel Gafford,0022000572,2021-03-11,CHI vs. PHI,PHI,L,9.516666666666667,4,2,2,0,0,0,0,1,1,2,1,0,0,0,3,8,3.8999999999999995,100.0,https://www.nba.com/stats/players/boxscores-traditional?Season=2020-21&SeasonType=Regular%20Season&TeamID=1610612741
2021,2020–21,202066,Garrett Temple,0022000572,2021-03-11,CHI vs. PHI,PHI,L,19.835,2,1,3,0,0,0,0,0,2,2,1,1,0,1,3,-15,0.40000000000000036,33.33333333333333,https://www.nba.com/stats/players/boxscores-traditional?Season=2020-21&SeasonType=Regular%20Season&TeamID=1610612741
2021,2020–21,1627756,Denzel Valentine,0022000572,2021-03-11,CHI vs. PHI,PHI,L,4.966666666666667,2,1,1,0,0,0,0,0,1,1,1,0,0,1,0,0,1.7000000000000002,100.0,https://www.nba.com/stats/players/boxscores-traditional?Season=2020-21&SeasonType=Regular%20Season&TeamID=1610612741
2021,2020–21,1628436,Luke Kornet,0022000572,2021-03-11,CHI vs. PHI,PHI,L,7.75,0,0,1,0,1,0,2,0,0,0,0,0,1,0,0,-10,-0.8,0.0,https://www.nba.com/stats/players/boxscores-traditional?Season=2020-21&SeasonType=Regular%20Season&TeamID=1610612741
2021,2020–21,1627853,Ryan Arcidiacono,0022000572,2021-03-11,CHI vs. PHI,PHI,L,6.866666666666666,0,0,2,0,1,0,0,0,1,1,0,0,0,1,0,2,-2.0999999999999996,0.0,https://www.nba.com/stats/players/boxscores-traditional?Season=2020-21&SeasonType=Regular%20Season&TeamID=1610612741
2021,2020–21,203897,Zach LaVine,0022000548,2021-03-03,CHI @ NOP,NOP,W,35.016666666666666,36,12,19,4,8,8,8,1,1,2,8,2,0,4,1,15,31.700000000000003,79.92895204262878,https://www.nba.com/stats/players/boxscores-traditional?Season=2020-21&SeasonType=Regular%20Season&TeamID=1610612741
2021,2020–21,1629632,Coby White,0022000548,2021-03-03,CHI @ NOP,NOP,W,32.78333333333333,25,8,16,4,7,5,5,0,2,2,3,1,0,1,3,7,18.500000000000004,68.68131868131869,https://www.nba.com/stats/players/boxscores-traditional?Season=2020-21&SeasonType=Regular%20Season&TeamID=1610612741
2021,2020–21,201152,Thaddeus Young,0022000548,2021-03-03,CHI @ NOP,NOP,W,27.666666666666668,18,8,10,0,0,2,3,0,5,5,3,1,3,2,2,3,17.7,79.50530035335689,https://www.nba.com/stats/players/boxscores-traditional?Season=2020-21&SeasonType=Regular%20Season&TeamID=1610612741
2021,2020–21,1628976,Wendell Carter Jr.,0022000548,2021-03-03,CHI @ NOP,NOP,W,27.421666666666667,7,3,11,1,1,0,0,7,8,15,4,0,1,0,3,22,10.099999999999998,31.818181818181817,https://www.nba.com/stats/players/boxscores-traditional?Season=2020-21&SeasonType=Regular%20Season&TeamID=1610612741
2021,2020–21,1630172,Patrick Williams,0022000548,2021-03-03,CHI @ NOP,NOP,W,26.196666666666665,13,6,7,1,2,0,0,0,4,4,1,0,3,1,5,-17,11.499999999999998,92.85714285714286,https://www.nba.com/stats/players/boxscores-traditional?Season=2020-21&SeasonType=Regular%20Season&TeamID=1610612741
2021,2020–21,202066,Garrett Temple,0022000548,2021-03-03,CHI @ NOP,NOP,W,36.55,8,2,10,0,3,4,4,2,3,5,4,1,0,2,1,20,5.5,34.01360544217687,https://www.nba.com/stats/players/boxscores-traditional?Season=2020-21&SeasonType=Regular%20Season&TeamID=1610612741
2021,2020–21,1627756,Denzel Valentine,0022000548,2021-03-03,CHI @ NOP,NOP,W,14.55,11,5,10,1,2,0,0,2,2,4,0,0,0,2,1,-7,5.6,55.00000000000001,https://www.nba.com/stats/players/boxscores-traditional?Season=2020-21&SeasonType=Regular%20Season&TeamID=1610612741
2021,2020–21,1629655,Daniel Gafford,0022000548,2021-03-03,CHI @ NOP,NOP,W,5.75,3,1,1,0,0,1,2,1,4,5,0,0,1,0,1,-7,4.5,79.7872340425532,https://www.nba.com/stats/players/boxscores-traditional?Season=2020-21&SeasonType=Regular%20Season&TeamID=1610612741
2021,2020–21,203107,Tomas Satoransky,0022000548,2021-03-03,CHI @ NOP,NOP,W,20.75,2,1,5,0,1,0,0,0,2,2,4,1,0,2,3,-13,0.09999999999999964,20.0,https://www.nba.com/stats/players/boxscores-traditional?Season=2020-21&SeasonType=Regular%20Season&TeamID=1610612741
2021,2020–21,1627853,Ryan Arcidiacono,0022000548,2021-03-03,CHI @ NOP,NOP,W,13.315,5,2,5,1,4,0,0,0,1,1,1,0,0,0,1,-3,2.9,50.0,https://www.nba.com/stats/players/boxscores-traditional?Season=2020-21&SeasonType=Regular%20Season&TeamID=1610612741
2021,2020–21,203897,Zach LaVine,0022000531,2021-03-01,CHI vs. DEN,DEN,L,31.866666666666667,23,9,20,1,8,4,6,1,8,9,5,1,1,4,3,-20,14.899999999999999,50.79505300353356,https://www.nba.com/stats/players/boxscores-traditional?Season=2020-21&SeasonType=Regular%20Season&TeamID=1610612741
2021,2020–21,1629632,Coby White,0022000531,2021-03-01,CHI vs. DEN,DEN,L,37.1,20,7,17,2,7,4,4,3,7,10,3,0,0,3,3,-4,13.000000000000004,53.304904051172706,https://www.nba.com/stats/players/boxscores-traditional?Season=2020-21&SeasonType=Regular%20Season&TeamID=1610612741
2021,2020–21,201152,Thaddeus Young,0022000531,2021-03-01,CHI vs. DEN,DEN,L,28.483333333333334,12,6,9,0,0,0,0,4,2,6,4,5,0,2,1,4,16.900000000000002,66.66666666666666,https://www.nba.com/stats/players/boxscores-traditional?Season=2020-21&SeasonType=Regular%20Season&TeamID=1610612741
2021,2020–21,1627756,Denzel Valentine,0022000531,2021-03-01,CHI vs. DEN,DEN,L,24.833333333333332,13,5,15,3,8,0,0,0,4,4,3,0,0,0,1,11,7.3999999999999995,43.333333333333336,https://www.nba.com/stats/players/boxscores-traditional?Season=2020-21&SeasonType=Regular%20Season&TeamID=1610612741
2021,2020–21,1630172,Patrick Williams,0022000531,2021-03-01,CHI vs. DEN,DEN,L,31.971666666666668,13,5,11,2,4,1,3,2,2,4,0,0,1,0,1,-23,8.799999999999999,52.75974025974026,https://www.nba.com/stats/players/boxscores-traditional?Season=2020-21&SeasonType=Regular%20Season&TeamID=1610612741
2021,2020–21,202066,Garrett Temple,0022000531,2021-03-01,CHI vs. DEN,DEN,L,23.133333333333333,9,4,8,0,3,1,1,1,2,3,2,0,1,0,5,-11,6.399999999999999,53.317535545023695,https://www.nba.com/stats/players/boxscores-traditional?Season=2020-21&SeasonType=Regular%20Season&TeamID=1610612741
2021,2020–21,203107,Tomas Satoransky,0022000531,2021-03-01,CHI vs. DEN,DEN,L,19.933333333333334,3,1,4,1,2,0,0,1,3,4,5,0,0,0,0,1,5.7,37.5,https://www.nba.com/stats/players/boxscores-traditional?Season=2020-21&SeasonType=Regular%20Season&TeamID=1610612741
2021,2020–21,1628976,Wendell Carter Jr.,0022000531,2021-03-01,CHI vs. DEN,DEN,L,22.7,8,2,4,0,0,4,6,2,1,3,2,0,0,1,4,-12,5.700000000000001,60.24096385542168,https://www.nba.com/stats/players/boxscores-traditional?Season=2020-21&SeasonType=Regular%20Season&TeamID=1610612741
2021,2020–21,1627853,Ryan Arcidiacono,0022000531,2021-03-01,CHI vs. DEN,DEN,L,9.116666666666667,5,1,2,1,2,2,2,0,1,1,0,1,0,0,0,8,5.3,86.80555555555556,https://www.nba.com/stats/players/boxscores-traditional?Season=2020-21&SeasonType=Regular%20Season&TeamID=1610612741
2021,2020–21,1628436,Luke Kornet,0022000531,2021-03-01,CHI vs. DEN,DEN,L,10.861666666666666,6,2,4,2,4,0,0,0,0,0,1,0,0,0,0,16,4.7,75.0,https://www.nba.com/stats/players/boxscores-traditional?Season=2020-21&SeasonType=Regular%20Season&TeamID=1610612741
2021,2020–21,203897,Zach LaVine,0022000508,2021-02-26,CHI vs. PHX,PHX,L,33.03333333333333,24,9,16,4,8,2,4,0,1,1,4,0,0,5,4,-10,12.100000000000001,67.56756756756756,https://www.nba.com/stats/players/boxscores-traditional?Season=2020-21&SeasonType=Regular%20Season&TeamID=1610612741
2021,2020–21,1629632,Coby White,0022000508,2021-02-26,CHI vs. PHX,PHX,L,31.166666666666668,19,7,16,1,6,4,4,0,5,5,4,0,0,3,3,-9,10.700000000000003,53.49099099099098,https://www.nba.com/stats/players/boxscores-traditional?Season=2020-21&SeasonType=Regular%20Season&TeamID=1610612741
2021,2020–21,201152,Thaddeus Young,0022000508,2021-02-26,CHI vs. PHX,PHX,L,21.5,13,6,10,0,0,1,2,3,6,9,5,0,0,0,1,-7,14.999999999999998,59.74264705882353,https://www.nba.com/stats/players/boxscores-traditional?Season=2020-21&SeasonType=Regular%20Season&TeamID=1610612741
2021,2020–21,1628436,Luke Kornet,0022000508,2021-02-26,CHI vs. PHX,PHX,L,11.833333333333334,11,4,5,3,4,0,0,1,4,5,0,0,3,0,0,6,13.099999999999998,110.00000000000001,https://www.nba.com/stats/players/boxscores-traditional?Season=2020-21&SeasonType=Regular%20Season&TeamID=1610612741
2021,2020–21,203107,Tomas Satoransky,0022000508,2021-02-26,CHI vs. PHX,PHX,L,20.566666666666666,12,5,6,2,2,0,0,0,2,2,1,0,0,2,1,4,8.7,100.0,https://www.nba.com/stats/players/boxscores-traditional?Season=2020-21&SeasonType=Regular%20Season&TeamID=1610612741
2021,2020–21,1627756,Denzel Valentine,0022000508,2021-02-26,CHI vs. PHX,PHX,L,20.761666666666667,4,2,8,0,4,0,0,0,5,5,4,1,0,0,0,3,4.5,25.0,https://www.nba.com/stats/players/boxscores-traditional?Season=2020-21&SeasonType=Regular%20Season&TeamID=1610612741
2021,2020–21,1630172,Patrick Williams,0022000508,2021-02-26,CHI vs. PHX,PHX,L,33.45,4,2,8,0,3,0,0,2,5,7,2,0,1,1,0,-11,3.2,25.0,https://www.nba.com/stats/players/boxscores-traditional?Season=2020-21&SeasonType=Regular%20Season&TeamID=1610612741
2021,2020–21,1628976,Wendell Carter Jr.,0022000508,2021-02-26,CHI vs. PHX,PHX,L,24.566666666666666,2,1,3,0,0,0,0,0,5,5,2,1,0,4,3,-5,-1.0,33.33333333333333,https://www.nba.com/stats/players/boxscores-traditional?Season=2020-21&SeasonType=Regular%20Season&TeamID=1610612741
2021,2020–21,202066,Garrett Temple,0022000508,2021-02-26,CHI vs. PHX,PHX,L,31.733333333333334,5,2,5,1,3,0,0,0,2,2,2,0,0,2,3,-13,1.0999999999999996,50.0,https://www.nba.com/stats/players/boxscores-traditional?Season=2020-21&SeasonType=Regular%20Season&TeamID=1610612741
2021,2020–21,1627853,Ryan Arcidiacono,0022000508,2021-02-26,CHI vs. PHX,PHX,L,11.388333333333334,3,1,1,1,1,0,0,0,0,0,1,0,0,0,1,-3,3.0000000000000004,150.0,https://www.nba.com/stats/players/boxscores-traditional?Season=2020-21&SeasonType=Regular%20Season&TeamID=1610612741
2021,2020–21,203897,Zach LaVine,0022000493,2021-02-24,CHI vs. MIN,MIN,W,41.18333333333333,35,14,21,5,8,2,2,0,2,2,2,0,0,7,1,-4,20.500000000000004,79.981718464351,https://www.nba.com/stats/players/boxscores-traditional?Season=2020-21&SeasonType=Regular%20Season&TeamID=1610612741
2021,2020–21,1628976,Wendell Carter Jr.,0022000493,2021-02-24,CHI vs. MIN,MIN,W,31.651666666666667,17,6,8,1,2,4,4,0,10,10,2,2,2,1,5,-2,18.599999999999994,87.09016393442623,https://www.nba.com/stats/players/boxscores-traditional?Season=2020-21&SeasonType=Regular%20Season&TeamID=1610612741
2021,2020–21,1629632,Coby White,0022000493,2021-02-24,CHI vs. MIN,MIN,W,32.501666666666665,20,9,17,0,6,2,2,1,7,8,6,0,0,7,2,10,10.900000000000002,55.92841163310962,https://www.nba.com/stats/players/boxscores-traditional?Season=2020-21&SeasonType=Regular%20Season&TeamID=1610612741
2021,2020–21,201152,Thaddeus Young,0022000493,2021-02-24,CHI vs. MIN,MIN,W,28.516666666666666,14,7,14,0,1,0,1,1,1,2,6,4,0,1,3,3,13.600000000000001,48.47645429362881,https://www.nba.com/stats/players/boxscores-traditional?Season=2020-21&SeasonType=Regular%20Season&TeamID=1610612741
2021,2020–21,203107,Tomas Satoransky,0022000493,2021-02-24,CHI vs. MIN,MIN,W,25.581666666666667,16,6,7,2,3,2,3,1,4,5,4,0,0,2,0,10,15.799999999999997,96.15384615384615,https://www.nba.com/stats/players/boxscores-traditional?Season=2020-21&SeasonType=Regular%20Season&TeamID=1610612741
2021,2020–21,1630172,Patrick Williams,0022000493,2021-02-24,CHI vs. MIN,MIN,W,27.331666666666667,13,5,8,1,2,2,2,1,3,4,2,2,1,1,2,2,13.299999999999999,73.1981981981982,https://www.nba.com/stats/players/boxscores-traditional?Season=2020-21&SeasonType=Regular%20Season&TeamID=1610612741
2021,2020–21,1627756,Denzel Valentine,0022000493,2021-02-24,CHI vs. MIN,MIN,W,19.75,10,5,10,0,0,0,0,2,3,5,3,3,0,0,1,7,12.0,50.0,https://www.nba.com/stats/players/boxscores-traditional?Season=2020-21&SeasonType=Regular%20Season&TeamID=1610612741
2021,2020–21,202066,Garrett Temple,0022000493,2021-02-24,CHI vs. MIN,MIN,W,37.483333333333334,5,2,6,0,1,1,2,1,3,4,2,0,0,1,0,-4,3.200000000000001,36.337209302325576,https://www.nba.com/stats/players/boxscores-traditional?Season=2020-21&SeasonType=Regular%20Season&TeamID=1610612741
2021,2020–21,1627853,Ryan Arcidiacono,0022000493,2021-02-24,CHI vs. MIN,MIN,W,9.3,3,1,1,1,1,0,0,0,3,3,0,0,0,1,1,3,2.2,150.0,https://www.nba.com/stats/players/boxscores-traditional?Season=2020-21&SeasonType=Regular%20Season&TeamID=1610612741
2021,2020–21,1628436,Luke Kornet,0022000493,2021-02-24,CHI vs. MIN,MIN,W,11.7,0,0,1,0,1,0,0,0,0,0,1,0,2,0,0,10,1.4,0.0,https://www.nba.com/stats/players/boxscores-traditional?Season=2020-21&SeasonType=Regular%20Season&TeamID=1610612741
2021,2020–21,1628976,Wendell Carter Jr.,0022000474,2021-02-22,CHI @ HOU,HOU,W,28.816666666666666,18,8,14,0,0,2,2,4,9,13,1,2,3,3,4,5,17.099999999999994,60.483870967741936,https://www.nba.com/stats/players/boxscores-traditional?Season=2020-21&SeasonType=Regular%20Season&TeamID=1610612741
2021,2020–21,1629632,Coby White,0022000474,2021-02-22,CHI @ HOU,HOU,W,30.8,24,10,16,4,7,0,0,1,9,10,2,0,1,0,4,2,20.699999999999996,75.0,https://www.nba.com/stats/players/boxscores-traditional?Season=2020-21&SeasonType=Regular%20Season&TeamID=1610612741
2021,2020–21,203897,Zach LaVine,0022000474,2021-02-22,CHI @ HOU,HOU,W,31.8,21,7,14,4,6,3,3,0,5,5,6,0,0,2,3,36,16.500000000000004,68.5378590078329,https://www.nba.com/stats/players/boxscores-traditional?Season=2020-21&SeasonType=Regular%20Season&TeamID=1610612741
2021,2020–21,201152,Thaddeus Young,0022000474,2021-02-22,CHI @ HOU,HOU,W,20.116666666666667,17,8,9,0,0,1,3,1,7,8,5,0,0,2,1,15,17.0,82.36434108527132,https://www.nba.com/stats/players/boxscores-traditional?Season=2020-21&SeasonType=Regular%20Season&TeamID=1610612741
2021,2020–21,1630172,Patrick Williams,0022000474,2021-02-22,CHI @ HOU,HOU,W,34.2,14,6,8,2,4,0,0,1,6,7,1,1,1,1,2,28,13.899999999999995,87.5,https://www.nba.com/stats/players/boxscores-traditional?Season=2020-21&SeasonType=Regular%20Season&TeamID=1610612741
2021,2020–21,202066,Garrett Temple,0022000474,2021-02-22,CHI @ HOU,HOU,W,28.583333333333332,9,3,7,2,4,1,2,1,3,4,4,0,0,0,0,39,9.3,57.10659898477157,https://www.nba.com/stats/players/boxscores-traditional?Season=2020-21&SeasonType=Regular%20Season&TeamID=1610612741
2021,2020–21,203107,Tomas Satoransky,0022000474,2021-02-22,CHI @ HOU,HOU,W,29.383333333333333,10,4,9,2,4,0,0,0,0,0,4,1,0,2,0,-2,7.1,55.55555555555556,https://www.nba.com/stats/players/boxscores-traditional?Season=2020-21&SeasonType=Regular%20Season&TeamID=1610612741
2021,2020–21,1627756,Denzel Valentine,0022000474,2021-02-22,CHI @ HOU,HOU,W,18.7,5,2,9,1,7,0,0,0,6,6,1,1,0,0,2,-16,2.2,27.77777777777778,https://www.nba.com/stats/players/boxscores-traditional?Season=2020-21&SeasonType=Regular%20Season&TeamID=1610612741
2021,2020–21,1627853,Ryan Arcidiacono,0022000474,2021-02-22,CHI @ HOU,HOU,W,15.05,2,1,5,0,4,0,0,0,2,2,0,0,0,1,1,-4,-1.9000000000000001,20.0,https://www.nba.com/stats/players/boxscores-traditional?Season=2020-21&SeasonType=Regular%20Season&TeamID=1610612741
2021,2020–21,1629655,Daniel Gafford,0022000474,2021-02-22,CHI @ HOU,HOU,W,2.55,0,0,0,0,0,0,0,0,0,0,0,0,0,0,0,-3,0.0,0.0,https://www.nba.com/stats/players/boxscores-traditional?Season=2020-21&SeasonType=Regular%20Season&TeamID=1610612741
2021,2020–21,203897,Zach LaVine,0022000460,2021-02-20,CHI vs. SAC,SAC,W,35.86666666666667,38,15,20,3,6,5,5,0,4,4,3,2,0,3,3,15,31.1,85.58558558558559,https://www.nba.com/stats/players/boxscores-traditional?Season=2020-21&SeasonType=Regular%20Season&TeamID=1610612741
2021,2020–21,1629632,Coby White,0022000460,2021-02-20,CHI vs. SAC,SAC,W,35.06666666666667,19,6,14,5,8,2,2,1,2,3,2,1,1,0,3,9,14.799999999999997,63.844086021505376,https://www.nba.com/stats/players/boxscores-traditional?Season=2020-21&SeasonType=Regular%20Season&TeamID=1610612741
2021,2020–21,201152,Thaddeus Young,0022000460,2021-02-20,CHI vs. SAC,SAC,W,21.95,18,8,12,0,0,2,3,0,3,3,4,0,2,0,2,7,16.7,67.56756756756756,https://www.nba.com/stats/players/boxscores-traditional?Season=2020-21&SeasonType=Regular%20Season&TeamID=1610612741
2021,2020–21,1630172,Patrick Williams,0022000460,2021-02-20,CHI vs. SAC,SAC,W,35.333333333333336,11,5,10,1,3,0,0,1,10,11,3,1,0,3,4,-1,8.2,55.00000000000001,https://www.nba.com/stats/players/boxscores-traditional?Season=2020-21&SeasonType=Regular%20Season&TeamID=1610612741
2021,2020–21,202066,Garrett Temple,0022000460,2021-02-20,CHI vs. SAC,SAC,W,29.846666666666668,14,6,9,1,3,1,1,0,4,4,1,1,2,1,3,10,12.199999999999996,74.15254237288136,https://www.nba.com/stats/players/boxscores-traditional?Season=2020-21&SeasonType=Regular%20Season&TeamID=1610612741
2021,2020–21,1628976,Wendell Carter Jr.,0022000460,2021-02-20,CHI vs. SAC,SAC,W,33.13333333333333,7,3,7,0,0,1,2,0,5,5,5,0,2,2,4,2,5.700000000000001,44.41624365482234,https://www.nba.com/stats/players/boxscores-traditional?Season=2020-21&SeasonType=Regular%20Season&TeamID=1610612741
2021,2020–21,203107,Tomas Satoransky,0022000460,2021-02-20,CHI vs. SAC,SAC,W,18.833333333333332,10,4,4,0,0,2,2,0,2,2,4,0,1,2,1,3,10.499999999999998,102.45901639344261,https://www.nba.com/stats/players/boxscores-traditional?Season=2020-21&SeasonType=Regular%20Season&TeamID=1610612741
2021,2020–21,1627853,Ryan Arcidiacono,0022000460,2021-02-20,CHI vs. SAC,SAC,W,14.666666666666666,5,2,2,1,1,0,0,0,1,1,0,0,0,0,2,-1,3.9000000000000004,125.0,https://www.nba.com/stats/players/boxscores-traditional?Season=2020-21&SeasonType=Regular%20Season&TeamID=1610612741
2021,2020–21,1627756,Denzel Valentine,0022000460,2021-02-20,CHI vs. SAC,SAC,W,15.303333333333333,0,0,4,0,2,0,0,0,5,5,2,0,0,3,1,-4,-3.3,0.0,https://www.nba.com/stats/players/boxscores-traditional?Season=2020-21&SeasonType=Regular%20Season&TeamID=1610612741
2021,2020–21,203897,Zach LaVine,0022000450,2021-02-19,CHI @ PHI,PHI,L,37.95,30,9,28,2,10,10,10,1,4,5,5,2,1,4,4,-13,16.5,46.2962962962963,https://www.nba.com/stats/players/boxscores-traditional?Season=2020-21&SeasonType=Regular%20Season&TeamID=1610612741
2021,2020–21,201152,Thaddeus Young,0022000450,2021-02-19,CHI @ PHI,PHI,L,20.35,12,6,9,0,0,0,0,6,3,9,3,0,1,2,4,1,12.4,66.66666666666666,https://www.nba.com/stats/players/boxscores-traditional?Season=2020-21&SeasonType=Regular%20Season&TeamID=1610612741
2021,2020–21,202066,Garrett Temple,0022000450,2021-02-19,CHI @ PHI,PHI,L,33.483333333333334,10,4,8,1,3,1,1,2,3,5,2,1,2,0,2,-12,11.3,59.241706161137444,https://www.nba.com/stats/players/boxscores-traditional?Season=2020-21&SeasonType=Regular%20Season&TeamID=1610612741
2021,2020–21,1629632,Coby White,0022000450,2021-02-19,CHI @ PHI,PHI,L,26.9,9,4,11,1,5,0,0,2,4,6,5,0,0,0,3,-10,7.8,40.909090909090914,https://www.nba.com/stats/players/boxscores-traditional?Season=2020-21&SeasonType=Regular%20Season&TeamID=1610612741
2021,2020–21,1628976,Wendell Carter Jr.,0022000450,2021-02-19,CHI @ PHI,PHI,L,24.918333333333333,15,7,13,1,2,0,0,0,4,4,1,0,0,1,3,-17,8.399999999999999,57.692307692307686,https://www.nba.com/stats/players/boxscores-traditional?Season=2020-21&SeasonType=Regular%20Season&TeamID=1610612741
2021,2020–21,1627853,Ryan Arcidiacono,0022000450,2021-02-19,CHI @ PHI,PHI,L,17.616666666666667,10,4,10,0,3,2,2,1,2,3,4,1,0,0,0,0,9.7,45.955882352941174,https://www.nba.com/stats/players/boxscores-traditional?Season=2020-21&SeasonType=Regular%20Season&TeamID=1610612741
2021,2020–21,203107,Tomas Satoransky,0022000450,2021-02-19,CHI @ PHI,PHI,L,21.266666666666666,10,3,4,1,2,3,3,1,1,2,2,0,0,0,1,9,10.399999999999999,93.98496240601504,https://www.nba.com/stats/players/boxscores-traditional?Season=2020-21&SeasonType=Regular%20Season&TeamID=1610612741
2021,2020–21,1630172,Patrick Williams,0022000450,2021-02-19,CHI @ PHI,PHI,L,31.395,6,2,5,0,1,2,2,0,3,3,2,1,0,3,2,-9,2.8,51.02040816326531,https://www.nba.com/stats/players/boxscores-traditional?Season=2020-21&SeasonType=Regular%20Season&TeamID=1610612741
2021,2020–21,1627756,Denzel Valentine,0022000450,2021-02-19,CHI @ PHI,PHI,L,15.555,3,1,4,1,4,0,0,0,3,3,0,0,0,0,1,7,1.1,37.5,https://www.nba.com/stats/players/boxscores-traditional?Season=2020-21&SeasonType=Regular%20Season&TeamID=1610612741
2021,2020–21,1629655,Daniel Gafford,0022000450,2021-02-19,CHI @ PHI,PHI,L,4.915,0,0,1,0,0,0,0,0,1,1,0,0,2,1,0,5,0.0,0.0,https://www.nba.com/stats/players/boxscores-traditional?Season=2020-21&SeasonType=Regular%20Season&TeamID=1610612741
2021,2020–21,1628436,Luke Kornet,0022000450,2021-02-19,CHI @ PHI,PHI,L,5.65,0,0,2,0,2,0,0,0,1,1,0,0,0,0,0,4,-1.0999999999999999,0.0,https://www.nba.com/stats/players/boxscores-traditional?Season=2020-21&SeasonType=Regular%20Season&TeamID=1610612741
2021,2020–21,203897,Zach LaVine,0022000564,2021-02-17,CHI vs. DET,DET,W,35.266666666666666,37,14,22,4,6,5,7,1,4,5,5,3,0,5,3,1,28.599999999999994,73.76395534290272,https://www.nba.com/stats/players/boxscores-traditional?Season=2020-21&SeasonType=Regular%20Season&TeamID=1610612741
2021,2020–21,201152,Thaddeus Young,0022000564,2021-02-17,CHI vs. DET,DET,W,23.95,9,4,10,0,1,1,4,4,6,10,7,2,1,3,6,3,9.199999999999998,38.265306122448976,https://www.nba.com/stats/players/boxscores-traditional?Season=2020-21&SeasonType=Regular%20Season&TeamID=1610612741
2021,2020–21,1628976,Wendell Carter Jr.,0022000564,2021-02-17,CHI vs. DET,DET,W,26.736666666666668,18,7,9,0,0,4,6,1,2,3,0,1,2,0,0,-2,17.4,77.31958762886597,https://www.nba.com/stats/players/boxscores-traditional?Season=2020-21&SeasonType=Regular%20Season&TeamID=1610612741
2021,2020–21,1630172,Patrick Williams,0022000564,2021-02-17,CHI vs. DET,DET,W,29.501666666666665,15,5,7,1,2,4,5,1,4,5,2,1,1,0,3,-10,15.5,81.5217391304348,https://www.nba.com/stats/players/boxscores-traditional?Season=2020-21&SeasonType=Regular%20Season&TeamID=1610612741
2021,2020–21,1629632,Coby White,0022000564,2021-02-17,CHI vs. DET,DET,W,24.266666666666666,8,3,10,1,6,1,2,0,6,6,4,0,0,3,2,-2,2.5999999999999988,36.764705882352935,https://www.nba.com/stats/players/boxscores-traditional?Season=2020-21&SeasonType=Regular%20Season&TeamID=1610612741
2021,2020–21,202066,Garrett Temple,0022000564,2021-02-17,CHI vs. DET,DET,W,34.483333333333334,9,4,6,1,2,0,0,0,3,3,0,0,2,1,2,13,6.900000000000001,75.0,https://www.nba.com/stats/players/boxscores-traditional?Season=2020-21&SeasonType=Regular%20Season&TeamID=1610612741
2021,2020–21,1627756,Denzel Valentine,0022000564,2021-02-17,CHI vs. DET,DET,W,25.831666666666667,3,1,11,1,8,0,0,0,8,8,3,0,0,0,1,9,-0.1999999999999994,13.636363636363635,https://www.nba.com/stats/players/boxscores-traditional?Season=2020-21&SeasonType=Regular%20Season&TeamID=1610612741
2021,2020–21,203107,Tomas Satoransky,0022000564,2021-02-17,CHI vs. DET,DET,W,26.863333333333333,4,2,7,0,1,0,0,1,2,3,5,0,0,1,3,7,2.5,28.57142857142857,https://www.nba.com/stats/players/boxscores-traditional?Season=2020-21&SeasonType=Regular%20Season&TeamID=1610612741
2021,2020–21,1628436,Luke Kornet,0022000564,2021-02-17,CHI vs. DET,DET,W,5.733333333333333,0,0,1,0,1,0,0,0,1,1,1,1,1,0,0,-4,2.0,0.0,https://www.nba.com/stats/players/boxscores-traditional?Season=2020-21&SeasonType=Regular%20Season&TeamID=1610612741
2021,2020–21,1627853,Ryan Arcidiacono,0022000564,2021-02-17,CHI vs. DET,DET,W,7.366666666666666,2,1,2,0,1,0,0,0,2,2,2,0,0,0,0,0,3.0,50.0,https://www.nba.com/stats/players/boxscores-traditional?Season=2020-21&SeasonType=Regular%20Season&TeamID=1610612741
2021,2020–21,203897,Zach LaVine,0022000420,2021-02-15,CHI @ IND,IND,W,38.35,30,11,25,4,9,4,6,3,6,9,3,0,0,4,3,5,16.899999999999995,54.26917510853835,https://www.nba.com/stats/players/boxscores-traditional?Season=2020-21&SeasonType=Regular%20Season&TeamID=1610612741
2021,2020–21,1629632,Coby White,0022000420,2021-02-15,CHI @ IND,IND,W,43.68333333333333,19,7,18,1,6,4,4,0,7,7,8,0,0,3,2,16,13.099999999999998,48.07692307692307,https://www.nba.com/stats/players/boxscores-traditional?Season=2020-21&SeasonType=Regular%20Season&TeamID=1610612741
2021,2020–21,201152,Thaddeus Young,0022000420,2021-02-15,CHI @ IND,IND,W,29.766666666666666,13,6,8,0,0,1,1,5,6,11,4,2,0,3,4,3,15.3,77.01421800947867,https://www.nba.com/stats/players/boxscores-traditional?Season=2020-21&SeasonType=Regular%20Season&TeamID=1610612741
2021,2020–21,202066,Garrett Temple,0022000420,2021-02-15,CHI @ IND,IND,W,38.71666666666667,16,6,11,2,4,2,2,1,3,4,1,2,1,0,5,19,13.699999999999998,67.34006734006734,https://www.nba.com/stats/players/boxscores-traditional?Season=2020-21&SeasonType=Regular%20Season&TeamID=1610612741
2021,2020–21,203107,Tomas Satoransky,0022000420,2021-02-15,CHI @ IND,IND,W,21.066666666666666,13,5,9,2,2,1,1,0,3,3,4,1,0,0,1,0,12.999999999999998,68.85593220338984,https://www.nba.com/stats/players/boxscores-traditional?Season=2020-21&SeasonType=Regular%20Season&TeamID=1610612741
2021,2020–21,1628976,Wendell Carter Jr.,0022000420,2021-02-15,CHI @ IND,IND,W,20.983333333333334,11,4,7,0,0,3,4,1,8,9,1,1,0,4,5,4,6.1,62.78538812785388,https://www.nba.com/stats/players/boxscores-traditional?Season=2020-21&SeasonType=Regular%20Season&TeamID=1610612741
2021,2020–21,1630172,Patrick Williams,0022000420,2021-02-15,CHI @ IND,IND,W,26.53,7,2,10,1,2,2,2,2,7,9,1,0,1,3,0,-6,2.7,32.16911764705882,https://www.nba.com/stats/players/boxscores-traditional?Season=2020-21&SeasonType=Regular%20Season&TeamID=1610612741
2021,2020–21,1627756,Denzel Valentine,0022000420,2021-02-15,CHI @ IND,IND,W,32.63666666666666,11,3,9,3,5,2,2,1,3,4,2,0,0,1,3,0,6.7,55.66801619433198,https://www.nba.com/stats/players/boxscores-traditional?Season=2020-21&SeasonType=Regular%20Season&TeamID=1610612741
2021,2020–21,1627853,Ryan Arcidiacono,0022000420,2021-02-15,CHI @ IND,IND,W,4.283333333333333,0,0,0,0,0,0,0,0,2,2,1,0,0,0,0,0,1.2999999999999998,0.0,https://www.nba.com/stats/players/boxscores-traditional?Season=2020-21&SeasonType=Regular%20Season&TeamID=1610612741
2021,2020–21,1628436,Luke Kornet,0022000420,2021-02-15,CHI @ IND,IND,W,8.983333333333333,0,0,5,0,5,0,0,0,2,2,0,0,0,0,1,-1,-3.3,0.0,https://www.nba.com/stats/players/boxscores-traditional?Season=2020-21&SeasonType=Regular%20Season&TeamID=1610612741
2021,2020–21,203897,Zach LaVine,0022000400,2021-02-12,CHI vs. LAC,LAC,L,34.2,26,11,21,4,7,0,0,2,7,9,6,0,0,2,2,-17,20.599999999999998,61.904761904761905,https://www.nba.com/stats/players/boxscores-traditional?Season=2020-21&SeasonType=Regular%20Season&TeamID=1610612741
2021,2020–21,1629632,Coby White,0022000400,2021-02-12,CHI vs. LAC,LAC,L,33.75,17,7,14,3,8,0,0,0,3,3,4,0,1,2,3,-9,11.200000000000003,60.71428571428571,https://www.nba.com/stats/players/boxscores-traditional?Season=2020-21&SeasonType=Regular%20Season&TeamID=1610612741
2021,2020–21,203107,Tomas Satoransky,0022000400,2021-02-12,CHI vs. LAC,LAC,L,29.516666666666666,17,5,8,0,2,7,7,0,4,4,7,0,0,1,2,-8,17.7,76.71480144404332,https://www.nba.com/stats/players/boxscores-traditional?Season=2020-21&SeasonType=Regular%20Season&TeamID=1610612741
2021,2020–21,201152,Thaddeus Young,0022000400,2021-02-12,CHI vs. LAC,LAC,L,25.466666666666665,14,6,11,0,0,2,2,3,3,6,3,1,0,2,2,-9,11.999999999999998,58.92255892255892,https://www.nba.com/stats/players/boxscores-traditional?Season=2020-21&SeasonType=Regular%20Season&TeamID=1610612741
2021,2020–21,202066,Garrett Temple,0022000400,2021-02-12,CHI vs. LAC,LAC,L,30.133333333333333,10,4,8,2,3,0,0,0,5,5,1,1,0,0,1,-22,8.799999999999999,62.5,https://www.nba.com/stats/players/boxscores-traditional?Season=2020-21&SeasonType=Regular%20Season&TeamID=1610612741
2021,2020–21,1627756,Denzel Valentine,0022000400,2021-02-12,CHI vs. LAC,LAC,L,22.65,10,3,9,2,6,2,2,1,2,3,0,1,0,1,1,-7,5.799999999999999,50.607287449392715,https://www.nba.com/stats/players/boxscores-traditional?Season=2020-21&SeasonType=Regular%20Season&TeamID=1610612741
2021,2020–21,1628436,Luke Kornet,0022000400,2021-02-12,CHI vs. LAC,LAC,L,14.75,7,3,6,1,3,0,0,0,3,3,0,0,0,0,0,-4,4.9,58.333333333333336,https://www.nba.com/stats/players/boxscores-traditional?Season=2020-21&SeasonType=Regular%20Season&TeamID=1610612741
2021,2020–21,1630172,Patrick Williams,0022000400,2021-02-12,CHI vs. LAC,LAC,L,34.983333333333334,3,1,5,0,1,1,2,0,4,4,1,0,1,1,2,-19,0.2999999999999996,25.510204081632654,https://www.nba.com/stats/players/boxscores-traditional?Season=2020-21&SeasonType=Regular%20Season&TeamID=1610612741
2021,2020–21,1629655,Daniel Gafford,0022000400,2021-02-12,CHI vs. LAC,LAC,L,7.783333333333333,2,0,1,0,0,2,2,1,1,2,1,1,1,4,2,-6,-0.09999999999999964,53.191489361702125,https://www.nba.com/stats/players/boxscores-traditional?Season=2020-21&SeasonType=Regular%20Season&TeamID=1610612741
2021,2020–21,1627853,Ryan Arcidiacono,0022000400,2021-02-12,CHI vs. LAC,LAC,L,4.266666666666667,0,0,2,0,2,0,0,0,1,1,0,0,0,0,1,6,-1.5,0.0,https://www.nba.com/stats/players/boxscores-traditional?Season=2020-21&SeasonType=Regular%20Season&TeamID=1610612741
2021,2020–21,1626245,Cristiano Felicio,0022000400,2021-02-12,CHI vs. LAC,LAC,L,1.25,0,0,0,0,0,0,0,1,0,1,0,0,0,0,0,0,0.7,0.0,https://www.nba.com/stats/players/boxscores-traditional?Season=2020-21&SeasonType=Regular%20Season&TeamID=1610612741
2021,2020–21,1629690,Adam Mokoka,0022000400,2021-02-12,CHI vs. LAC,LAC,L,1.25,0,0,0,0,0,0,0,0,0,0,0,0,0,0,0,0,0.0,0.0,https://www.nba.com/stats/players/boxscores-traditional?Season=2020-21&SeasonType=Regular%20Season&TeamID=1610612741
2021,2020–21,203897,Zach LaVine,0022000385,2021-02-10,CHI vs. NOP,NOP,W,37.56666666666667,46,17,25,9,14,3,3,1,6,7,4,0,1,5,0,20,36.3,87.38601823708207,https://www.nba.com/stats/players/boxscores-traditional?Season=2020-21&SeasonType=Regular%20Season&TeamID=1610612741
2021,2020–21,1629632,Coby White,0022000385,2021-02-10,CHI vs. NOP,NOP,W,34.45,30,10,20,8,17,2,2,0,2,2,7,0,0,2,2,-2,22.7,71.83908045977012,https://www.nba.com/stats/players/boxscores-traditional?Season=2020-21&SeasonType=Regular%20Season&TeamID=1610612741
2021,2020–21,1627756,Denzel Valentine,0022000385,2021-02-10,CHI vs. NOP,NOP,W,22.5,16,6,11,4,8,0,0,1,2,3,2,0,0,0,2,0,12.599999999999998,72.72727272727273,https://www.nba.com/stats/players/boxscores-traditional?Season=2020-21&SeasonType=Regular%20Season&TeamID=1610612741
2021,2020–21,202066,Garrett Temple,0022000385,2021-02-10,CHI vs. NOP,NOP,W,35.5,10,4,5,2,3,0,0,0,3,3,7,1,0,1,3,18,12.7,100.0,https://www.nba.com/stats/players/boxscores-traditional?Season=2020-21&SeasonType=Regular%20Season&TeamID=1610612741
2021,2020–21,1630172,Patrick Williams,0022000385,2021-02-10,CHI vs. NOP,NOP,W,34.7,7,2,7,1,2,2,4,1,4,5,1,2,2,1,4,7,5.500000000000002,39.95433789954338,https://www.nba.com/stats/players/boxscores-traditional?Season=2020-21&SeasonType=Regular%20Season&TeamID=1610612741
2021,2020–21,201152,Thaddeus Young,0022000385,2021-02-10,CHI vs. NOP,NOP,W,27.0,8,4,6,0,1,0,0,2,5,7,4,1,0,2,3,12,8.900000000000002,66.66666666666666,https://www.nba.com/stats/players/boxscores-traditional?Season=2020-21&SeasonType=Regular%20Season&TeamID=1610612741
2021,2020–21,1629655,Daniel Gafford,0022000385,2021-02-10,CHI vs. NOP,NOP,W,16.583333333333332,9,4,5,0,0,1,2,1,1,2,2,0,3,2,2,3,8.399999999999999,76.53061224489795,https://www.nba.com/stats/players/boxscores-traditional?Season=2020-21&SeasonType=Regular%20Season&TeamID=1610612741
2021,2020–21,203107,Tomas Satoransky,0022000385,2021-02-10,CHI vs. NOP,NOP,W,19.166666666666668,3,1,2,1,2,0,0,0,2,2,8,0,0,3,3,17,3.999999999999999,75.0,https://www.nba.com/stats/players/boxscores-traditional?Season=2020-21&SeasonType=Regular%20Season&TeamID=1610612741
2021,2020–21,1628436,Luke Kornet,0022000385,2021-02-10,CHI vs. NOP,NOP,W,4.416666666666667,0,0,0,0,0,0,0,0,2,2,1,0,0,0,0,-2,1.2999999999999998,0.0,https://www.nba.com/stats/players/boxscores-traditional?Season=2020-21&SeasonType=Regular%20Season&TeamID=1610612741
2021,2020–21,1627853,Ryan Arcidiacono,0022000385,2021-02-10,CHI vs. NOP,NOP,W,8.116666666666667,0,0,0,0,0,0,0,1,1,2,0,0,0,0,1,-8,0.6,0.0,https://www.nba.com/stats/players/boxscores-traditional?Season=2020-21&SeasonType=Regular%20Season&TeamID=1610612741
2021,2020–21,203897,Zach LaVine,0022000368,2021-02-08,CHI vs. WAS,WAS,L,37.56666666666667,35,12,26,3,8,8,11,1,1,2,6,1,0,3,4,-7,21.999999999999996,56.744487678339816,https://www.nba.com/stats/players/boxscores-traditional?Season=2020-21&SeasonType=Regular%20Season&TeamID=1610612741
2021,2020–21,201152,Thaddeus Young,0022000368,2021-02-08,CHI vs. WAS,WAS,L,27.766666666666666,14,7,11,0,0,0,1,3,2,5,6,2,1,4,2,-1,13.5,61.18881118881119,https://www.nba.com/stats/players/boxscores-traditional?Season=2020-21&SeasonType=Regular%20Season&TeamID=1610612741
2021,2020–21,1629655,Daniel Gafford,0022000368,2021-02-08,CHI vs. WAS,WAS,L,14.866666666666667,10,4,4,0,0,2,2,3,2,5,2,1,2,1,5,-2,12.3,102.45901639344261,https://www.nba.com/stats/players/boxscores-traditional?Season=2020-21&SeasonType=Regular%20Season&TeamID=1610612741
2021,2020–21,203107,Tomas Satoransky,0022000368,2021-02-08,CHI vs. WAS,WAS,L,23.366666666666667,9,3,6,1,2,2,2,0,7,7,3,1,0,1,1,-4,9.799999999999999,65.40697674418605,https://www.nba.com/stats/players/boxscores-traditional?Season=2020-21&SeasonType=Regular%20Season&TeamID=1610612741
2021,2020–21,1627756,Denzel Valentine,0022000368,2021-02-08,CHI vs. WAS,WAS,L,27.763333333333332,11,4,13,3,8,0,0,0,6,6,1,0,0,1,5,-4,3.0,42.30769230769231,https://www.nba.com/stats/players/boxscores-traditional?Season=2020-21&SeasonType=Regular%20Season&TeamID=1610612741
2021,2020–21,1629632,Coby White,0022000368,2021-02-08,CHI vs. WAS,WAS,L,30.15,8,3,10,0,4,2,2,1,7,8,3,0,0,1,2,1,5.3,36.764705882352935,https://www.nba.com/stats/players/boxscores-traditional?Season=2020-21&SeasonType=Regular%20Season&TeamID=1610612741
2021,2020–21,1630172,Patrick Williams,0022000368,2021-02-08,CHI vs. WAS,WAS,L,35.37166666666667,10,2,7,2,3,4,4,0,6,6,1,0,0,2,3,6,5.2,57.077625570776256,https://www.nba.com/stats/players/boxscores-traditional?Season=2020-21&SeasonType=Regular%20Season&TeamID=1610612741
2021,2020–21,202066,Garrett Temple,0022000368,2021-02-08,CHI vs. WAS,WAS,L,27.85,2,1,8,0,5,0,0,1,8,9,1,1,0,1,3,3,-0.6000000000000003,12.5,https://www.nba.com/stats/players/boxscores-traditional?Season=2020-21&SeasonType=Regular%20Season&TeamID=1610612741
2021,2020–21,1626245,Cristiano Felicio,0022000368,2021-02-08,CHI vs. WAS,WAS,L,9.233333333333333,2,0,0,0,0,2,2,1,1,2,0,0,0,2,0,-4,1.0,113.63636363636364,https://www.nba.com/stats/players/boxscores-traditional?Season=2020-21&SeasonType=Regular%20Season&TeamID=1610612741
2021,2020–21,1627853,Ryan Arcidiacono,0022000368,2021-02-08,CHI vs. WAS,WAS,L,6.065,0,0,0,0,0,0,0,0,0,0,0,0,0,0,1,-8,-0.4,0.0,https://www.nba.com/stats/players/boxscores-traditional?Season=2020-21&SeasonType=Regular%20Season&TeamID=1610612741
2021,2020–21,203897,Zach LaVine,0022000353,2021-02-06,CHI @ ORL,ORL,W,33.18333333333333,39,16,25,5,6,2,5,2,5,7,4,0,0,2,2,26,29.599999999999998,71.69117647058823,https://www.nba.com/stats/players/boxscores-traditional?Season=2020-21&SeasonType=Regular%20Season&TeamID=1610612741
2021,2020–21,1627756,Denzel Valentine,0022000353,2021-02-06,CHI @ ORL,ORL,W,36.6,20,8,17,4,10,0,0,2,1,3,4,1,0,0,1,24,16.400000000000002,58.82352941176471,https://www.nba.com/stats/players/boxscores-traditional?Season=2020-21&SeasonType=Regular%20Season&TeamID=1610612741
2021,2020–21,1630172,Patrick Williams,0022000353,2021-02-06,CHI @ ORL,ORL,W,33.45,16,7,13,1,2,1,1,1,9,10,1,0,1,2,1,22,12.099999999999998,59.523809523809526,https://www.nba.com/stats/players/boxscores-traditional?Season=2020-21&SeasonType=Regular%20Season&TeamID=1610612741
2021,2020–21,203107,Tomas Satoransky,0022000353,2021-02-06,CHI @ ORL,ORL,W,27.016666666666666,9,3,5,2,2,1,1,2,3,5,6,1,2,0,1,13,15.2,82.72058823529412,https://www.nba.com/stats/players/boxscores-traditional?Season=2020-21&SeasonType=Regular%20Season&TeamID=1610612741
2021,2020–21,1629632,Coby White,0022000353,2021-02-06,CHI @ ORL,ORL,W,27.366666666666667,13,5,12,2,6,1,1,0,7,7,3,1,0,1,2,19,10.0,52.2508038585209,https://www.nba.com/stats/players/boxscores-traditional?Season=2020-21&SeasonType=Regular%20Season&TeamID=1610612741
2021,2020–21,201152,Thaddeus Young,0022000353,2021-02-06,CHI @ ORL,ORL,W,25.733333333333334,11,5,10,0,0,1,1,2,1,3,4,1,2,2,0,10,10.9,52.68199233716475,https://www.nba.com/stats/players/boxscores-traditional?Season=2020-21&SeasonType=Regular%20Season&TeamID=1610612741
2021,2020–21,202066,Garrett Temple,0022000353,2021-02-06,CHI @ ORL,ORL,W,20.183333333333334,6,1,5,1,4,3,4,0,3,3,1,1,2,1,1,-6,5.1,44.37869822485207,https://www.nba.com/stats/players/boxscores-traditional?Season=2020-21&SeasonType=Regular%20Season&TeamID=1610612741
2021,2020–21,1629655,Daniel Gafford,0022000353,2021-02-06,CHI @ ORL,ORL,W,12.8,2,1,3,0,0,0,0,1,4,5,1,0,3,1,3,12,2.8,33.33333333333333,https://www.nba.com/stats/players/boxscores-traditional?Season=2020-21&SeasonType=Regular%20Season&TeamID=1610612741
2021,2020–21,1627853,Ryan Arcidiacono,0022000353,2021-02-06,CHI @ ORL,ORL,W,12.716666666666667,0,0,0,0,0,0,0,0,3,3,2,1,0,0,0,6,3.3,0.0,https://www.nba.com/stats/players/boxscores-traditional?Season=2020-21&SeasonType=Regular%20Season&TeamID=1610612741
2021,2020–21,1626245,Cristiano Felicio,0022000353,2021-02-06,CHI @ ORL,ORL,W,9.466666666666667,2,1,1,0,0,0,0,1,0,1,2,0,0,1,1,4,2.4,100.0,https://www.nba.com/stats/players/boxscores-traditional?Season=2020-21&SeasonType=Regular%20Season&TeamID=1610612741
2021,2020–21,1628436,Luke Kornet,0022000353,2021-02-06,CHI @ ORL,ORL,W,1.4833333333333334,0,0,0,0,0,0,0,0,0,0,0,0,0,0,0,0,0.0,0.0,https://www.nba.com/stats/players/boxscores-traditional?Season=2020-21&SeasonType=Regular%20Season&TeamID=1610612741
2021,2020–21,203897,Zach LaVine,0022000344,2021-02-05,CHI @ ORL,ORL,L,36.35,26,9,21,1,5,7,7,0,4,4,8,1,0,1,2,-2,20.900000000000002,53.98671096345515,https://www.nba.com/stats/players/boxscores-traditional?Season=2020-21&SeasonType=Regular%20Season&TeamID=1610612741
2021,2020–21,1630172,Patrick Williams,0022000344,2021-02-05,CHI @ ORL,ORL,L,33.86,20,7,11,0,1,6,6,2,5,7,1,2,1,1,3,-8,19.2,73.31378299120234,https://www.nba.com/stats/players/boxscores-traditional?Season=2020-21&SeasonType=Regular%20Season&TeamID=1610612741
2021,2020–21,201152,Thaddeus Young,0022000344,2021-02-05,CHI @ ORL,ORL,L,32.333333333333336,15,7,10,0,0,1,2,3,4,7,5,2,0,1,5,10,16.2,68.93382352941177,https://www.nba.com/stats/players/boxscores-traditional?Season=2020-21&SeasonType=Regular%20Season&TeamID=1610612741
2021,2020–21,1629632,Coby White,0022000344,2021-02-05,CHI @ ORL,ORL,L,33.666666666666664,16,6,17,4,9,0,0,0,1,1,3,0,1,1,2,-15,7.799999999999997,47.05882352941176,https://www.nba.com/stats/players/boxscores-traditional?Season=2020-21&SeasonType=Regular%20Season&TeamID=1610612741
2021,2020–21,1627756,Denzel Valentine,0022000344,2021-02-05,CHI @ ORL,ORL,L,20.44,14,6,12,2,6,0,0,0,4,4,1,2,0,0,2,1,11.099999999999998,58.333333333333336,https://www.nba.com/stats/players/boxscores-traditional?Season=2020-21&SeasonType=Regular%20Season&TeamID=1610612741
2021,2020–21,202066,Garrett Temple,0022000344,2021-02-05,CHI @ ORL,ORL,L,30.366666666666667,5,2,10,0,4,1,2,3,0,3,5,2,2,1,2,8,5.6000000000000005,22.977941176470587,https://www.nba.com/stats/players/boxscores-traditional?Season=2020-21&SeasonType=Regular%20Season&TeamID=1610612741
2021,2020–21,1628374,Lauri Markkanen,0022000344,2021-02-05,CHI @ ORL,ORL,L,17.15,13,5,9,2,5,1,1,0,5,5,0,0,0,1,2,-16,8.399999999999999,68.85593220338984,https://www.nba.com/stats/players/boxscores-traditional?Season=2020-21&SeasonType=Regular%20Season&TeamID=1610612741
2021,2020–21,203107,Tomas Satoransky,0022000344,2021-02-05,CHI @ ORL,ORL,L,21.183333333333334,6,2,4,0,0,2,2,0,4,4,4,0,0,1,1,19,6.6,61.47540983606557,https://www.nba.com/stats/players/boxscores-traditional?Season=2020-21&SeasonType=Regular%20Season&TeamID=1610612741
2021,2020–21,1629655,Daniel Gafford,0022000344,2021-02-05,CHI @ ORL,ORL,L,10.716666666666667,4,2,2,0,0,0,0,2,2,4,0,0,1,0,1,-18,5.699999999999999,100.0,https://www.nba.com/stats/players/boxscores-traditional?Season=2020-21&SeasonType=Regular%20Season&TeamID=1610612741
2021,2020–21,1628990,Chandler Hutchison,0022000344,2021-02-05,CHI @ ORL,ORL,L,3.933333333333333,0,0,0,0,0,0,0,0,1,1,0,0,0,1,2,1,-1.5,0.0,https://www.nba.com/stats/players/boxscores-traditional?Season=2020-21&SeasonType=Regular%20Season&TeamID=1610612741
2021,2020–21,201152,Thaddeus Young,0022000332,2021-02-03,CHI vs. NYK,NYK,L,25.866666666666667,19,9,11,0,1,1,3,3,1,4,2,5,1,2,3,-9,20.400000000000002,77.1103896103896,https://www.nba.com/stats/players/boxscores-traditional?Season=2020-21&SeasonType=Regular%20Season&TeamID=1610612741
2021,2020–21,203897,Zach LaVine,0022000332,2021-02-03,CHI vs. NYK,NYK,L,37.943333333333335,24,10,21,0,7,4,4,2,3,5,7,0,0,2,2,-8,17.7,52.72407732864674,https://www.nba.com/stats/players/boxscores-traditional?Season=2020-21&SeasonType=Regular%20Season&TeamID=1610612741
2021,2020–21,1627756,Denzel Valentine,0022000332,2021-02-03,CHI vs. NYK,NYK,L,19.5,13,5,10,3,7,0,0,0,6,6,3,2,0,0,2,5,13.1,65.0,https://www.nba.com/stats/players/boxscores-traditional?Season=2020-21&SeasonType=Regular%20Season&TeamID=1610612741
2021,2020–21,1629632,Coby White,0022000332,2021-02-03,CHI vs. NYK,NYK,L,32.25666666666667,13,4,13,2,8,3,4,0,3,3,6,1,0,2,2,-8,8.399999999999999,44.03794037940379,https://www.nba.com/stats/players/boxscores-traditional?Season=2020-21&SeasonType=Regular%20Season&TeamID=1610612741
2021,2020–21,1630172,Patrick Williams,0022000332,2021-02-03,CHI vs. NYK,NYK,L,32.16833333333334,12,6,12,0,3,0,1,0,7,7,1,1,0,2,1,5,7.0,48.231511254019296,https://www.nba.com/stats/players/boxscores-traditional?Season=2020-21&SeasonType=Regular%20Season&TeamID=1610612741
2021,2020–21,1629655,Daniel Gafford,0022000332,2021-02-03,CHI vs. NYK,NYK,L,19.5,4,2,2,0,0,0,0,0,6,6,1,1,1,0,1,1,7.199999999999999,100.0,https://www.nba.com/stats/players/boxscores-traditional?Season=2020-21&SeasonType=Regular%20Season&TeamID=1610612741
2021,2020–21,202066,Garrett Temple,0022000332,2021-02-03,CHI vs. NYK,NYK,L,23.45,3,1,7,1,5,0,0,1,2,3,2,1,1,0,0,-2,2.9000000000000004,21.428571428571427,https://www.nba.com/stats/players/boxscores-traditional?Season=2020-21&SeasonType=Regular%20Season&TeamID=1610612741
2021,2020–21,1628374,Lauri Markkanen,0022000332,2021-02-03,CHI vs. NYK,NYK,L,35.615,9,3,8,0,4,3,4,0,4,4,0,0,0,0,3,-8,4.199999999999999,46.10655737704918,https://www.nba.com/stats/players/boxscores-traditional?Season=2020-21&SeasonType=Regular%20Season&TeamID=1610612741
2021,2020–21,203107,Tomas Satoransky,0022000332,2021-02-03,CHI vs. NYK,NYK,L,13.7,6,3,4,0,1,0,0,0,0,0,3,0,0,1,0,4,5.5,75.0,https://www.nba.com/stats/players/boxscores-traditional?Season=2020-21&SeasonType=Regular%20Season&TeamID=1610612741
2021,2020–21,1628374,Lauri Markkanen,0022000315,2021-02-01,CHI vs. NYK,NYK,W,33.6,30,11,18,6,12,2,2,0,5,5,2,1,0,4,1,16,21.299999999999997,79.44915254237289,https://www.nba.com/stats/players/boxscores-traditional?Season=2020-21&SeasonType=Regular%20Season&TeamID=1610612741
2021,2020–21,201152,Thaddeus Young,0022000315,2021-02-01,CHI vs. NYK,NYK,W,30.635,13,6,10,1,1,0,1,0,8,8,8,1,1,1,5,6,14.7,62.26053639846744,https://www.nba.com/stats/players/boxscores-traditional?Season=2020-21&SeasonType=Regular%20Season&TeamID=1610612741
2021,2020–21,203897,Zach LaVine,0022000315,2021-02-01,CHI vs. NYK,NYK,W,32.185,21,8,16,3,6,2,2,0,5,5,3,1,0,1,4,-1,15.0,62.203791469194314,https://www.nba.com/stats/players/boxscores-traditional?Season=2020-21&SeasonType=Regular%20Season&TeamID=1610612741
2021,2020–21,1629632,Coby White,0022000315,2021-02-01,CHI vs. NYK,NYK,W,37.46666666666667,13,5,12,1,4,2,2,0,4,4,6,0,0,4,0,13,8.0,50.46583850931676,https://www.nba.com/stats/players/boxscores-traditional?Season=2020-21&SeasonType=Regular%20Season&TeamID=1610612741
2021,2020–21,1629655,Daniel Gafford,0022000315,2021-02-01,CHI vs. NYK,NYK,W,21.816666666666666,12,6,8,0,0,0,1,5,4,9,0,0,0,0,4,1,11.5,71.09004739336493,https://www.nba.com/stats/players/boxscores-traditional?Season=2020-21&SeasonType=Regular%20Season&TeamID=1610612741
2021,2020–21,1630172,Patrick Williams,0022000315,2021-02-01,CHI vs. NYK,NYK,W,28.016666666666666,10,3,8,0,3,4,6,0,1,1,2,0,0,0,1,-1,6.1,46.99248120300752,https://www.nba.com/stats/players/boxscores-traditional?Season=2020-21&SeasonType=Regular%20Season&TeamID=1610612741
2021,2020–21,202066,Garrett Temple,0022000315,2021-02-01,CHI vs. NYK,NYK,W,24.633333333333333,6,2,8,0,5,2,2,1,0,1,4,0,0,0,2,14,3.9000000000000004,33.78378378378378,https://www.nba.com/stats/players/boxscores-traditional?Season=2020-21&SeasonType=Regular%20Season&TeamID=1610612741
2021,2020–21,203490,Otto Porter Jr.,0022000315,2021-02-01,CHI vs. NYK,NYK,W,18.15,3,0,5,0,1,3,4,1,4,5,1,0,0,0,1,2,1.2999999999999998,22.189349112426036,https://www.nba.com/stats/players/boxscores-traditional?Season=2020-21&SeasonType=Regular%20Season&TeamID=1610612741
2021,2020–21,203107,Tomas Satoransky,0022000315,2021-02-01,CHI vs. NYK,NYK,W,10.1,0,0,1,0,1,0,0,0,2,2,4,0,0,2,1,-6,0.2999999999999998,0.0,https://www.nba.com/stats/players/boxscores-traditional?Season=2020-21&SeasonType=Regular%20Season&TeamID=1610612741
2021,2020–21,1627756,Denzel Valentine,0022000315,2021-02-01,CHI vs. NYK,NYK,W,3.15,2,1,2,0,1,0,0,0,0,0,0,0,0,0,0,-2,1.0,50.0,https://www.nba.com/stats/players/boxscores-traditional?Season=2020-21&SeasonType=Regular%20Season&TeamID=1610612741
2021,2020–21,1628990,Chandler Hutchison,0022000315,2021-02-01,CHI vs. NYK,NYK,W,0.24666666666666667,0,0,0,0,0,0,0,0,0,0,0,0,0,0,0,-2,0.0,0.0,https://www.nba.com/stats/players/boxscores-traditional?Season=2020-21&SeasonType=Regular%20Season&TeamID=1610612741
2021,2020–21,203897,Zach LaVine,0022000298,2021-01-30,CHI vs. POR,POR,L,34.94833333333333,26,9,12,6,8,2,2,0,7,7,4,2,0,6,1,6,21.700000000000006,100.93167701863352,https://www.nba.com/stats/players/boxscores-traditional?Season=2020-21&SeasonType=Regular%20Season&TeamID=1610612741
2021,2020–21,1628374,Lauri Markkanen,0022000298,2021-01-30,CHI vs. POR,POR,L,35.75,31,12,18,6,11,1,1,0,6,6,0,0,1,2,1,8,23.299999999999997,84.05639913232103,https://www.nba.com/stats/players/boxscores-traditional?Season=2020-21&SeasonType=Regular%20Season&TeamID=1610612741
2021,2020–21,201152,Thaddeus Young,0022000298,2021-01-30,CHI vs. POR,POR,L,28.95,8,3,10,0,0,2,2,7,4,11,11,1,0,1,4,13,14.4,36.764705882352935,https://www.nba.com/stats/players/boxscores-traditional?Season=2020-21&SeasonType=Regular%20Season&TeamID=1610612741
2021,2020–21,1629632,Coby White,0022000298,2021-01-30,CHI vs. POR,POR,L,33.91833333333334,20,6,11,3,6,5,5,0,3,3,6,0,0,1,2,-17,17.999999999999996,75.75757575757575,https://www.nba.com/stats/players/boxscores-traditional?Season=2020-21&SeasonType=Regular%20Season&TeamID=1610612741
2021,2020–21,1630172,Patrick Williams,0022000298,2021-01-30,CHI vs. POR,POR,L,24.3,11,4,7,1,3,2,2,0,1,1,1,1,0,1,0,-12,8.7,69.79695431472082,https://www.nba.com/stats/players/boxscores-traditional?Season=2020-21&SeasonType=Regular%20Season&TeamID=1610612741
2021,2020–21,202066,Garrett Temple,0022000298,2021-01-30,CHI vs. POR,POR,L,24.85,9,3,9,3,7,0,0,0,1,1,0,0,1,1,1,18,3.499999999999999,50.0,https://www.nba.com/stats/players/boxscores-traditional?Season=2020-21&SeasonType=Regular%20Season&TeamID=1610612741
2021,2020–21,203490,Otto Porter Jr.,0022000298,2021-01-30,CHI vs. POR,POR,L,24.15,7,2,9,1,6,2,2,2,1,3,3,0,0,1,2,-12,3.499999999999999,35.425101214574894,https://www.nba.com/stats/players/boxscores-traditional?Season=2020-21&SeasonType=Regular%20Season&TeamID=1610612741
2021,2020–21,203107,Tomas Satoransky,0022000298,2021-01-30,CHI vs. POR,POR,L,13.3,6,2,3,1,2,1,1,0,3,3,3,0,0,2,0,3,5.699999999999999,87.20930232558139,https://www.nba.com/stats/players/boxscores-traditional?Season=2020-21&SeasonType=Regular%20Season&TeamID=1610612741
2021,2020–21,1629655,Daniel Gafford,0022000298,2021-01-30,CHI vs. POR,POR,L,10.1,4,2,4,0,0,0,0,2,3,5,1,0,0,0,1,-15,4.6,50.0,https://www.nba.com/stats/players/boxscores-traditional?Season=2020-21&SeasonType=Regular%20Season&TeamID=1610612741
2021,2020–21,1626245,Cristiano Felicio,0022000298,2021-01-30,CHI vs. POR,POR,L,4.8,0,0,0,0,0,0,0,0,3,3,1,1,0,0,1,-1,2.1999999999999997,0.0,https://www.nba.com/stats/players/boxscores-traditional?Season=2020-21&SeasonType=Regular%20Season&TeamID=1610612741
2021,2020–21,1627756,Denzel Valentine,0022000298,2021-01-30,CHI vs. POR,POR,L,4.933333333333334,0,0,2,0,2,0,0,0,0,0,1,0,0,0,1,4,-1.1,0.0,https://www.nba.com/stats/players/boxscores-traditional?Season=2020-21&SeasonType=Regular%20Season&TeamID=1610612741
2021,2020–21,203897,Zach LaVine,0022000262,2021-01-25,CHI vs. BOS,BOS,L,34.25,30,11,19,6,10,2,2,1,5,6,3,0,2,6,2,-21,19.999999999999996,75.45271629778672,https://www.nba.com/stats/players/boxscores-traditional?Season=2020-21&SeasonType=Regular%20Season&TeamID=1610612741
2021,2020–21,201152,Thaddeus Young,0022000262,2021-01-25,CHI vs. BOS,BOS,L,31.283333333333335,16,8,11,0,1,0,2,4,5,9,9,1,1,2,2,4,20.2,67.34006734006734,https://www.nba.com/stats/players/boxscores-traditional?Season=2020-21&SeasonType=Regular%20Season&TeamID=1610612741
2021,2020–21,203490,Otto Porter Jr.,0022000262,2021-01-25,CHI vs. BOS,BOS,L,22.916666666666668,13,4,8,4,7,1,2,0,5,5,3,0,2,0,1,-1,13.2,73.1981981981982,https://www.nba.com/stats/players/boxscores-traditional?Season=2020-21&SeasonType=Regular%20Season&TeamID=1610612741
2021,2020–21,1628374,Lauri Markkanen,0022000262,2021-01-25,CHI vs. BOS,BOS,L,31.1,18,7,12,3,6,1,2,1,5,6,1,0,0,1,3,-15,12.7,69.87577639751552,https://www.nba.com/stats/players/boxscores-traditional?Season=2020-21&SeasonType=Regular%20Season&TeamID=1610612741
2021,2020–21,202066,Garrett Temple,0022000262,2021-01-25,CHI vs. BOS,BOS,L,26.05,8,4,9,0,1,0,0,0,5,5,2,2,1,1,1,9,7.499999999999998,44.44444444444444,https://www.nba.com/stats/players/boxscores-traditional?Season=2020-21&SeasonType=Regular%20Season&TeamID=1610612741
2021,2020–21,1627756,Denzel Valentine,0022000262,2021-01-25,CHI vs. BOS,BOS,L,25.666666666666668,8,3,10,2,6,0,0,0,3,3,1,0,0,1,1,0,2.399999999999999,40.0,https://www.nba.com/stats/players/boxscores-traditional?Season=2020-21&SeasonType=Regular%20Season&TeamID=1610612741
2021,2020–21,203107,Tomas Satoransky,0022000262,2021-01-25,CHI vs. BOS,BOS,L,24.016666666666666,3,1,7,1,3,0,0,0,2,2,6,0,0,2,1,6,0.8999999999999999,21.428571428571427,https://www.nba.com/stats/players/boxscores-traditional?Season=2020-21&SeasonType=Regular%20Season&TeamID=1610612741
2021,2020–21,1629632,Coby White,0022000262,2021-01-25,CHI vs. BOS,BOS,L,23.983333333333334,5,2,6,1,3,0,0,0,2,2,1,0,0,2,3,-22,-0.2999999999999998,41.66666666666667,https://www.nba.com/stats/players/boxscores-traditional?Season=2020-21&SeasonType=Regular%20Season&TeamID=1610612741
2021,2020–21,1629655,Daniel Gafford,0022000262,2021-01-25,CHI vs. BOS,BOS,L,10.7,0,0,2,0,0,0,2,3,0,3,1,0,1,1,0,-20,0.2999999999999994,0.0,https://www.nba.com/stats/players/boxscores-traditional?Season=2020-21&SeasonType=Regular%20Season&TeamID=1610612741
2021,2020–21,1630172,Patrick Williams,0022000262,2021-01-25,CHI vs. BOS,BOS,L,10.033333333333333,2,1,4,0,2,0,0,0,0,0,1,1,0,2,2,-20,-1.5,25.0,https://www.nba.com/stats/players/boxscores-traditional?Season=2020-21&SeasonType=Regular%20Season&TeamID=1610612741
2021,2020–21,203897,Zach LaVine,0022000245,2021-01-23,CHI vs. LAL,LAL,L,36.233333333333334,21,9,23,1,6,2,2,3,7,10,4,1,0,7,5,-14,7.5000000000000036,43.969849246231156,https://www.nba.com/stats/players/boxscores-traditional?Season=2020-21&SeasonType=Regular%20Season&TeamID=1610612741
2021,2020–21,1629632,Coby White,0022000245,2021-01-23,CHI vs. LAL,LAL,L,32.1,14,5,13,2,4,2,2,0,7,7,4,0,0,2,4,-9,8.200000000000001,50.43227665706051,https://www.nba.com/stats/players/boxscores-traditional?Season=2020-21&SeasonType=Regular%20Season&TeamID=1610612741
2021,2020–21,1630172,Patrick Williams,0022000245,2021-01-23,CHI vs. LAL,LAL,L,30.84,13,5,12,2,4,1,2,4,4,8,1,0,1,1,2,-3,9.799999999999997,50.46583850931676,https://www.nba.com/stats/players/boxscores-traditional?Season=2020-21&SeasonType=Regular%20Season&TeamID=1610612741
2021,2020–21,1628374,Lauri Markkanen,0022000245,2021-01-23,CHI vs. LAL,LAL,L,35.916666666666664,12,5,14,0,5,2,2,0,7,7,1,1,0,2,3,-14,4.8,40.32258064516129,https://www.nba.com/stats/players/boxscores-traditional?Season=2020-21&SeasonType=Regular%20Season&TeamID=1610612741
2021,2020–21,201152,Thaddeus Young,0022000245,2021-01-23,CHI vs. LAL,LAL,L,22.65,6,3,5,0,0,0,2,1,3,4,2,3,0,2,4,-17,5.300000000000001,51.02040816326531,https://www.nba.com/stats/players/boxscores-traditional?Season=2020-21&SeasonType=Regular%20Season&TeamID=1610612741
2021,2020–21,203107,Tomas Satoransky,0022000245,2021-01-23,CHI vs. LAL,LAL,L,11.55,5,1,1,1,1,2,4,0,1,1,3,1,0,1,1,8,5.8999999999999995,90.57971014492753,https://www.nba.com/stats/players/boxscores-traditional?Season=2020-21&SeasonType=Regular%20Season&TeamID=1610612741
2021,2020–21,1626245,Cristiano Felicio,0022000245,2021-01-23,CHI vs. LAL,LAL,L,7.05,7,2,2,0,0,3,4,1,1,2,0,1,0,0,1,6,7.6,93.08510638297874,https://www.nba.com/stats/players/boxscores-traditional?Season=2020-21&SeasonType=Regular%20Season&TeamID=1610612741
2021,2020–21,1627756,Denzel Valentine,0022000245,2021-01-23,CHI vs. LAL,LAL,L,13.433333333333334,3,1,6,1,3,0,0,0,1,1,1,1,0,1,1,1,-0.1999999999999994,25.0,https://www.nba.com/stats/players/boxscores-traditional?Season=2020-21&SeasonType=Regular%20Season&TeamID=1610612741
2021,2020–21,202066,Garrett Temple,0022000245,2021-01-23,CHI vs. LAL,LAL,L,21.893333333333334,2,0,3,0,1,2,2,0,2,2,1,0,0,0,3,-20,0.0,25.773195876288664,https://www.nba.com/stats/players/boxscores-traditional?Season=2020-21&SeasonType=Regular%20Season&TeamID=1610612741
2021,2020–21,1627853,Ryan Arcidiacono,0022000245,2021-01-23,CHI vs. LAL,LAL,L,2.9,3,1,1,1,1,0,0,0,0,0,1,0,0,0,0,8,3.4000000000000004,150.0,https://www.nba.com/stats/players/boxscores-traditional?Season=2020-21&SeasonType=Regular%20Season&TeamID=1610612741
2021,2020–21,1629655,Daniel Gafford,0022000245,2021-01-23,CHI vs. LAL,LAL,L,18.0,4,1,2,0,0,2,2,1,0,1,0,0,0,1,4,-5,1.1,69.44444444444444,https://www.nba.com/stats/players/boxscores-traditional?Season=2020-21&SeasonType=Regular%20Season&TeamID=1610612741
2021,2020–21,1628990,Chandler Hutchison,0022000245,2021-01-23,CHI vs. LAL,LAL,L,7.433333333333334,0,0,2,0,0,0,0,0,2,2,0,0,0,1,0,4,-1.7999999999999998,0.0,https://www.nba.com/stats/players/boxscores-traditional?Season=2020-21&SeasonType=Regular%20Season&TeamID=1610612741
2021,2020–21,203897,Zach LaVine,0022000229,2021-01-22,CHI @ CHA,CHA,W,36.2,25,8,12,3,6,6,6,2,4,6,9,1,1,2,1,8,28.0,85.38251366120218,https://www.nba.com/stats/players/boxscores-traditional?Season=2020-21&SeasonType=Regular%20Season&TeamID=1610612741
2021,2020–21,1629632,Coby White,0022000229,2021-01-22,CHI @ CHA,CHA,W,32.75,18,6,15,3,8,3,4,0,2,2,8,2,0,1,3,9,15.499999999999996,53.69928400954653,https://www.nba.com/stats/players/boxscores-traditional?Season=2020-21&SeasonType=Regular%20Season&TeamID=1610612741
2021,2020–21,1628374,Lauri Markkanen,0022000229,2021-01-22,CHI @ CHA,CHA,W,29.561666666666667,23,10,17,3,8,0,0,1,1,2,0,1,1,1,2,-5,16.0,67.64705882352942,https://www.nba.com/stats/players/boxscores-traditional?Season=2020-21&SeasonType=Regular%20Season&TeamID=1610612741
2021,2020–21,202066,Garrett Temple,0022000229,2021-01-22,CHI @ CHA,CHA,W,30.638333333333332,15,6,14,3,9,0,0,0,5,5,1,4,0,5,3,15,7.599999999999998,53.57142857142857,https://www.nba.com/stats/players/boxscores-traditional?Season=2020-21&SeasonType=Regular%20Season&TeamID=1610612741
2021,2020–21,203490,Otto Porter Jr.,0022000229,2021-01-22,CHI @ CHA,CHA,W,22.833333333333332,13,6,9,1,3,0,0,2,5,7,2,0,0,0,2,15,12.600000000000001,72.22222222222221,https://www.nba.com/stats/players/boxscores-traditional?Season=2020-21&SeasonType=Regular%20Season&TeamID=1610612741
2021,2020–21,201152,Thaddeus Young,0022000229,2021-01-22,CHI @ CHA,CHA,W,24.816666666666666,8,4,8,0,2,0,0,4,2,6,6,1,0,0,2,19,11.799999999999997,50.0,https://www.nba.com/stats/players/boxscores-traditional?Season=2020-21&SeasonType=Regular%20Season&TeamID=1610612741
2021,2020–21,1629655,Daniel Gafford,0022000229,2021-01-22,CHI @ CHA,CHA,W,18.583333333333332,7,3,5,0,0,1,1,3,3,6,0,0,2,2,1,-5,6.699999999999999,64.33823529411764,https://www.nba.com/stats/players/boxscores-traditional?Season=2020-21&SeasonType=Regular%20Season&TeamID=1610612741
2021,2020–21,1627756,Denzel Valentine,0022000229,2021-01-22,CHI @ CHA,CHA,W,17.35,8,3,8,2,5,0,0,1,2,3,3,0,0,1,1,4,5.599999999999999,50.0,https://www.nba.com/stats/players/boxscores-traditional?Season=2020-21&SeasonType=Regular%20Season&TeamID=1610612741
2021,2020–21,203107,Tomas Satoransky,0022000229,2021-01-22,CHI @ CHA,CHA,W,11.2,2,1,1,0,0,0,0,0,0,0,4,2,0,1,4,4,3.9000000000000004,100.0,https://www.nba.com/stats/players/boxscores-traditional?Season=2020-21&SeasonType=Regular%20Season&TeamID=1610612741
2021,2020–21,1630172,Patrick Williams,0022000229,2021-01-22,CHI @ CHA,CHA,W,16.066666666666666,4,2,7,0,2,0,1,2,4,6,0,0,0,1,2,1,0.30000000000000004,26.881720430107524,https://www.nba.com/stats/players/boxscores-traditional?Season=2020-21&SeasonType=Regular%20Season&TeamID=1610612741
2021,2020–21,203897,Zach LaVine,0022000211,2021-01-18,CHI vs. HOU,HOU,W,36.71666666666667,33,11,16,4,8,7,8,0,4,4,7,2,1,5,2,-3,28.800000000000004,84.52868852459017,https://www.nba.com/stats/players/boxscores-traditional?Season=2020-21&SeasonType=Regular%20Season&TeamID=1610612741
2021,2020–21,1628374,Lauri Markkanen,0022000211,2021-01-18,CHI vs. HOU,HOU,W,33.67333333333333,18,5,12,4,11,4,4,0,7,7,0,2,0,2,3,-6,12.5,65.40697674418605,https://www.nba.com/stats/players/boxscores-traditional?Season=2020-21&SeasonType=Regular%20Season&TeamID=1610612741
2021,2020–21,201152,Thaddeus Young,0022000211,2021-01-18,CHI vs. HOU,HOU,W,25.266666666666666,12,5,11,1,2,1,2,5,4,9,3,1,0,1,1,15,12.299999999999999,50.5050505050505,https://www.nba.com/stats/players/boxscores-traditional?Season=2020-21&SeasonType=Regular%20Season&TeamID=1610612741
2021,2020–21,1627756,Denzel Valentine,0022000211,2021-01-18,CHI vs. HOU,HOU,W,24.476666666666667,13,5,13,3,6,0,0,0,8,8,3,0,0,1,0,14,9.4,50.0,https://www.nba.com/stats/players/boxscores-traditional?Season=2020-21&SeasonType=Regular%20Season&TeamID=1610612741
2021,2020–21,1629632,Coby White,0022000211,2021-01-18,CHI vs. HOU,HOU,W,31.7,10,4,12,2,7,0,0,1,3,4,4,2,0,3,4,2,5.000000000000002,41.66666666666667,https://www.nba.com/stats/players/boxscores-traditional?Season=2020-21&SeasonType=Regular%20Season&TeamID=1610612741
2021,2020–21,202066,Garrett Temple,0022000211,2021-01-18,CHI vs. HOU,HOU,W,32.25,13,4,9,3,7,2,2,0,2,2,2,1,0,2,2,-1,8.5,65.78947368421052,https://www.nba.com/stats/players/boxscores-traditional?Season=2020-21&SeasonType=Regular%20Season&TeamID=1610612741
2021,2020–21,1628976,Wendell Carter Jr.,0022000211,2021-01-18,CHI vs. HOU,HOU,W,20.783333333333335,10,4,7,0,0,2,2,3,5,8,1,1,0,3,2,-4,8.2,63.45177664974619,https://www.nba.com/stats/players/boxscores-traditional?Season=2020-21&SeasonType=Regular%20Season&TeamID=1610612741
2021,2020–21,1629655,Daniel Gafford,0022000211,2021-01-18,CHI vs. HOU,HOU,W,16.276666666666667,7,2,5,0,0,3,3,1,2,3,1,1,2,0,2,5,7.8999999999999995,55.379746835443036,https://www.nba.com/stats/players/boxscores-traditional?Season=2020-21&SeasonType=Regular%20Season&TeamID=1610612741
2021,2020–21,1627853,Ryan Arcidiacono,0022000211,2021-01-18,CHI vs. HOU,HOU,W,16.716666666666665,9,3,7,3,4,0,0,0,2,2,2,0,0,0,3,10,6.099999999999999,64.28571428571429,https://www.nba.com/stats/players/boxscores-traditional?Season=2020-21&SeasonType=Regular%20Season&TeamID=1610612741
2021,2020–21,1629690,Adam Mokoka,0022000211,2021-01-18,CHI vs. HOU,HOU,W,2.14,0,0,0,0,0,0,0,0,0,0,0,0,0,0,0,-7,0.0,0.0,https://www.nba.com/stats/players/boxscores-traditional?Season=2020-21&SeasonType=Regular%20Season&TeamID=1610612741
2021,2020–21,1628374,Lauri Markkanen,0022000198,2021-01-17,CHI @ DAL,DAL,W,32.93333333333333,29,10,19,2,7,7,8,1,9,10,3,0,0,2,2,5,22.000000000000004,64.38721136767317,https://www.nba.com/stats/players/boxscores-traditional?Season=2020-21&SeasonType=Regular%20Season&TeamID=1610612741
2021,2020–21,202066,Garrett Temple,0022000198,2021-01-17,CHI @ DAL,DAL,W,28.766666666666666,21,9,15,2,4,1,2,0,3,3,3,2,1,0,4,14,17.8,66.12090680100755,https://www.nba.com/stats/players/boxscores-traditional?Season=2020-21&SeasonType=Regular%20Season&TeamID=1610612741
2021,2020–21,1628976,Wendell Carter Jr.,0022000198,2021-01-17,CHI @ DAL,DAL,W,26.55,12,3,7,1,1,5,8,2,5,7,1,5,1,2,1,-1,13.999999999999998,57.03422053231939,https://www.nba.com/stats/players/boxscores-traditional?Season=2020-21&SeasonType=Regular%20Season&TeamID=1610612741
2021,2020–21,201152,Thaddeus Young,0022000198,2021-01-17,CHI @ DAL,DAL,W,19.466666666666665,15,7,10,0,1,1,2,1,2,3,3,2,2,1,3,13,15.0,68.93382352941177,https://www.nba.com/stats/players/boxscores-traditional?Season=2020-21&SeasonType=Regular%20Season&TeamID=1610612741
2021,2020–21,203490,Otto Porter Jr.,0022000198,2021-01-17,CHI @ DAL,DAL,W,23.038333333333334,14,7,10,0,1,0,1,1,8,9,2,1,0,2,1,12,12.5,67.04980842911877,https://www.nba.com/stats/players/boxscores-traditional?Season=2020-21&SeasonType=Regular%20Season&TeamID=1610612741
2021,2020–21,203897,Zach LaVine,0022000198,2021-01-17,CHI @ DAL,DAL,W,31.31,10,1,8,0,5,8,8,0,0,0,10,3,0,2,3,11,11.600000000000001,43.40277777777778,https://www.nba.com/stats/players/boxscores-traditional?Season=2020-21&SeasonType=Regular%20Season&TeamID=1610612741
2021,2020–21,1629655,Daniel Gafford,0022000198,2021-01-17,CHI @ DAL,DAL,W,13.145,7,3,3,0,0,1,2,0,3,3,0,0,2,0,2,14,7.2,90.20618556701031,https://www.nba.com/stats/players/boxscores-traditional?Season=2020-21&SeasonType=Regular%20Season&TeamID=1610612741
2021,2020–21,1627853,Ryan Arcidiacono,0022000198,2021-01-17,CHI @ DAL,DAL,W,16.906666666666666,4,1,3,1,3,1,2,0,4,4,5,0,0,2,2,15,3.8000000000000007,51.54639175257733,https://www.nba.com/stats/players/boxscores-traditional?Season=2020-21&SeasonType=Regular%20Season&TeamID=1610612741
2021,2020–21,1630172,Patrick Williams,0022000198,2021-01-17,CHI @ DAL,DAL,W,22.583333333333332,5,2,5,1,1,0,0,0,5,5,1,0,0,1,4,0,1.9,50.0,https://www.nba.com/stats/players/boxscores-traditional?Season=2020-21&SeasonType=Regular%20Season&TeamID=1610612741
2021,2020–21,1629632,Coby White,0022000198,2021-01-17,CHI @ DAL,DAL,W,25.3,0,0,5,0,2,0,0,0,3,3,4,1,0,1,1,-3,-0.2000000000000003,0.0,https://www.nba.com/stats/players/boxscores-traditional?Season=2020-21&SeasonType=Regular%20Season&TeamID=1610612741
2021,2020–21,203897,Zach LaVine,0022000184,2021-01-15,CHI @ OKC,OKC,L,42.516666666666666,35,11,19,8,14,5,9,1,6,7,6,1,0,6,3,-14,25.000000000000004,76.21951219512195,https://www.nba.com/stats/players/boxscores-traditional?Season=2020-21&SeasonType=Regular%20Season&TeamID=1610612741
2021,2020–21,1629632,Coby White,0022000184,2021-01-15,CHI @ OKC,OKC,L,44.4,22,8,20,4,9,2,2,1,8,9,7,0,0,4,5,-6,13.2,52.68199233716475,https://www.nba.com/stats/players/boxscores-traditional?Season=2020-21&SeasonType=Regular%20Season&TeamID=1610612741
2021,2020–21,1628976,Wendell Carter Jr.,0022000184,2021-01-15,CHI @ OKC,OKC,L,32.89666666666667,16,6,9,0,0,4,5,4,7,11,2,0,3,2,2,-4,17.299999999999994,71.42857142857143,https://www.nba.com/stats/players/boxscores-traditional?Season=2020-21&SeasonType=Regular%20Season&TeamID=1610612741
2021,2020–21,1628374,Lauri Markkanen,0022000184,2021-01-15,CHI @ OKC,OKC,L,35.016666666666666,16,5,14,3,9,3,3,1,5,6,0,1,2,2,5,-8,8.8,52.21932114882506,https://www.nba.com/stats/players/boxscores-traditional?Season=2020-21&SeasonType=Regular%20Season&TeamID=1610612741
2021,2020–21,1630172,Patrick Williams,0022000184,2021-01-15,CHI @ OKC,OKC,L,35.983333333333334,14,5,7,2,3,2,2,2,5,7,2,0,2,3,3,-7,12.600000000000001,88.83248730964468,https://www.nba.com/stats/players/boxscores-traditional?Season=2020-21&SeasonType=Regular%20Season&TeamID=1610612741
2021,2020–21,203490,Otto Porter Jr.,0022000184,2021-01-15,CHI @ OKC,OKC,L,25.145,8,3,7,2,4,0,0,0,8,8,1,0,1,2,1,3,5.699999999999999,57.14285714285714,https://www.nba.com/stats/players/boxscores-traditional?Season=2020-21&SeasonType=Regular%20Season&TeamID=1610612741
2021,2020–21,1627756,Denzel Valentine,0022000184,2021-01-15,CHI @ OKC,OKC,L,15.436666666666667,4,2,7,0,3,0,0,0,4,4,3,2,0,2,2,14,2.4000000000000004,28.57142857142857,https://www.nba.com/stats/players/boxscores-traditional?Season=2020-21&SeasonType=Regular%20Season&TeamID=1610612741
2021,2020–21,202066,Garrett Temple,0022000184,2021-01-15,CHI @ OKC,OKC,L,20.188333333333333,8,2,4,2,3,2,2,0,3,3,2,0,0,0,2,3,7.500000000000001,81.9672131147541,https://www.nba.com/stats/players/boxscores-traditional?Season=2020-21&SeasonType=Regular%20Season&TeamID=1610612741
2021,2020–21,201152,Thaddeus Young,0022000184,2021-01-15,CHI @ OKC,OKC,L,13.416666666666666,2,1,4,0,1,0,2,0,1,1,4,1,0,3,2,9,-0.9000000000000004,20.491803278688526,https://www.nba.com/stats/players/boxscores-traditional?Season=2020-21&SeasonType=Regular%20Season&TeamID=1610612741
2021,2020–21,203897,Zach LaVine,0022000142,2021-01-10,CHI @ LAC,LAC,L,41.93333333333333,45,15,26,10,16,5,5,0,7,7,7,0,0,5,4,-3,33.199999999999996,79.7872340425532,https://www.nba.com/stats/players/boxscores-traditional?Season=2020-21&SeasonType=Regular%20Season&TeamID=1610612741
2021,2020–21,1629632,Coby White,0022000142,2021-01-10,CHI @ LAC,LAC,L,42.916666666666664,9,4,11,0,4,1,2,1,7,8,13,1,0,5,4,-2,8.8,37.878787878787875,https://www.nba.com/stats/players/boxscores-traditional?Season=2020-21&SeasonType=Regular%20Season&TeamID=1610612741
2021,2020–21,202066,Garrett Temple,0022000142,2021-01-10,CHI @ LAC,LAC,L,36.115,18,7,8,3,4,1,1,0,6,6,1,2,0,2,4,3,16.099999999999998,106.63507109004739,https://www.nba.com/stats/players/boxscores-traditional?Season=2020-21&SeasonType=Regular%20Season&TeamID=1610612741
2021,2020–21,1630172,Patrick Williams,0022000142,2021-01-10,CHI @ LAC,LAC,L,35.77333333333333,17,6,9,3,5,2,2,1,1,2,2,2,0,2,1,9,15.099999999999998,86.03238866396761,https://www.nba.com/stats/players/boxscores-traditional?Season=2020-21&SeasonType=Regular%20Season&TeamID=1610612741
2021,2020–21,201152,Thaddeus Young,0022000142,2021-01-10,CHI @ LAC,LAC,L,25.333333333333332,14,6,7,0,0,2,3,0,5,5,2,0,0,0,2,-5,13.2,84.13461538461539,https://www.nba.com/stats/players/boxscores-traditional?Season=2020-21&SeasonType=Regular%20Season&TeamID=1610612741
2021,2020–21,1627756,Denzel Valentine,0022000142,2021-01-10,CHI @ LAC,LAC,L,20.17,10,4,6,2,3,0,0,0,4,4,3,0,0,2,1,-8,8.299999999999999,83.33333333333334,https://www.nba.com/stats/players/boxscores-traditional?Season=2020-21&SeasonType=Regular%20Season&TeamID=1610612741
2021,2020–21,1628976,Wendell Carter Jr.,0022000142,2021-01-10,CHI @ LAC,LAC,L,26.8,12,4,8,0,1,4,4,1,4,5,2,0,0,4,2,-3,6.499999999999998,61.47540983606557,https://www.nba.com/stats/players/boxscores-traditional?Season=2020-21&SeasonType=Regular%20Season&TeamID=1610612741
2021,2020–21,1629655,Daniel Gafford,0022000142,2021-01-10,CHI @ LAC,LAC,L,10.55,2,1,2,0,0,0,0,0,1,1,0,1,2,2,1,-3,1.2999999999999998,50.0,https://www.nba.com/stats/players/boxscores-traditional?Season=2020-21&SeasonType=Regular%20Season&TeamID=1610612741
2021,2020–21,1629690,Adam Mokoka,0022000142,2021-01-10,CHI @ LAC,LAC,L,0.4083333333333333,0,0,0,0,0,0,0,0,0,0,0,0,0,0,0,-3,0.0,0.0,https://www.nba.com/stats/players/boxscores-traditional?Season=2020-21&SeasonType=Regular%20Season&TeamID=1610612741
2021,2020–21,203897,Zach LaVine,0022000131,2021-01-08,CHI @ LAL,LAL,L,38.36666666666667,38,14,22,4,7,6,6,0,5,5,6,2,0,0,1,8,35.50000000000001,77.1103896103896,https://www.nba.com/stats/players/boxscores-traditional?Season=2020-21&SeasonType=Regular%20Season&TeamID=1610612741
2021,2020–21,1628976,Wendell Carter Jr.,0022000131,2021-01-08,CHI @ LAL,LAL,L,25.25,23,9,15,0,1,5,6,3,4,7,3,0,0,1,4,0,18.5,65.19274376417233,https://www.nba.com/stats/players/boxscores-traditional?Season=2020-21&SeasonType=Regular%20Season&TeamID=1610612741
2021,2020–21,201152,Thaddeus Young,0022000131,2021-01-08,CHI @ LAL,LAL,L,29.866666666666667,15,7,12,0,1,1,1,3,4,7,5,1,0,2,4,-2,13.600000000000003,60.28938906752411,https://www.nba.com/stats/players/boxscores-traditional?Season=2020-21&SeasonType=Regular%20Season&TeamID=1610612741
2021,2020–21,1629632,Coby White,0022000131,2021-01-08,CHI @ LAL,LAL,L,31.776666666666667,14,6,14,2,5,0,0,0,3,3,5,0,0,3,3,-18,6.800000000000001,50.0,https://www.nba.com/stats/players/boxscores-traditional?Season=2020-21&SeasonType=Regular%20Season&TeamID=1610612741
2021,2020–21,1630172,Patrick Williams,0022000131,2021-01-08,CHI @ LAL,LAL,L,34.251666666666665,6,3,10,0,2,0,0,2,6,8,0,4,0,2,5,0,3.4000000000000004,30.0,https://www.nba.com/stats/players/boxscores-traditional?Season=2020-21&SeasonType=Regular%20Season&TeamID=1610612741
2021,2020–21,202066,Garrett Temple,0022000131,2021-01-08,CHI @ LAL,LAL,L,27.15,9,3,5,2,3,1,1,0,3,3,1,1,1,1,2,-2,8.199999999999998,82.72058823529412,https://www.nba.com/stats/players/boxscores-traditional?Season=2020-21&SeasonType=Regular%20Season&TeamID=1610612741
2021,2020–21,1629655,Daniel Gafford,0022000131,2021-01-08,CHI @ LAL,LAL,L,15.566666666666666,0,0,0,0,0,0,0,0,2,2,2,2,2,2,3,0,2.2,0.0,https://www.nba.com/stats/players/boxscores-traditional?Season=2020-21&SeasonType=Regular%20Season&TeamID=1610612741
2021,2020–21,1627756,Denzel Valentine,0022000131,2021-01-08,CHI @ LAL,LAL,L,24.505,5,2,8,1,5,0,0,0,4,4,1,0,0,0,1,9,1.7000000000000002,31.25,https://www.nba.com/stats/players/boxscores-traditional?Season=2020-21&SeasonType=Regular%20Season&TeamID=1610612741
2021,2020–21,1629690,Adam Mokoka,0022000131,2021-01-08,CHI @ LAL,LAL,L,6.85,3,1,3,1,2,0,0,0,1,1,1,0,0,1,0,-3,1.3000000000000003,50.0,https://www.nba.com/stats/players/boxscores-traditional?Season=2020-21&SeasonType=Regular%20Season&TeamID=1610612741
2021,2020–21,203490,Otto Porter Jr.,0022000131,2021-01-08,CHI @ LAL,LAL,L,6.416666666666667,2,1,2,0,0,0,0,1,0,1,2,0,0,0,0,-2,3.0999999999999996,50.0,https://www.nba.com/stats/players/boxscores-traditional?Season=2020-21&SeasonType=Regular%20Season&TeamID=1610612741
2021,2020–21,1629632,Coby White,0022000117,2021-01-06,CHI @ SAC,SAC,L,39.63333333333333,36,15,23,4,9,2,2,0,3,3,7,0,0,0,1,-5,31.3,75.37688442211056,https://www.nba.com/stats/players/boxscores-traditional?Season=2020-21&SeasonType=Regular%20Season&TeamID=1610612741
2021,2020–21,203897,Zach LaVine,0022000117,2021-01-06,CHI @ SAC,SAC,L,36.38333333333333,32,13,24,3,11,3,5,0,7,7,3,0,1,6,3,-4,17.300000000000004,61.06870229007634,https://www.nba.com/stats/players/boxscores-traditional?Season=2020-21&SeasonType=Regular%20Season&TeamID=1610612741
2021,2020–21,1628976,Wendell Carter Jr.,0022000117,2021-01-06,CHI @ SAC,SAC,L,29.95,11,4,9,0,0,3,4,6,11,17,4,0,0,1,1,2,14.799999999999999,51.11524163568774,https://www.nba.com/stats/players/boxscores-traditional?Season=2020-21&SeasonType=Regular%20Season&TeamID=1610612741
2021,2020–21,1627756,Denzel Valentine,0022000117,2021-01-06,CHI @ SAC,SAC,L,21.233333333333334,10,4,10,2,7,0,0,0,4,4,5,2,0,0,2,10,10.5,50.0,https://www.nba.com/stats/players/boxscores-traditional?Season=2020-21&SeasonType=Regular%20Season&TeamID=1610612741
2021,2020–21,202066,Garrett Temple,0022000117,2021-01-06,CHI @ SAC,SAC,L,32.583333333333336,11,3,6,3,5,2,2,2,0,2,4,0,0,4,3,-8,7.0,79.94186046511628,https://www.nba.com/stats/players/boxscores-traditional?Season=2020-21&SeasonType=Regular%20Season&TeamID=1610612741
2021,2020–21,1630172,Patrick Williams,0022000117,2021-01-06,CHI @ SAC,SAC,L,22.183333333333334,9,3,6,1,2,2,2,1,1,2,1,1,0,0,5,2,6.699999999999999,65.40697674418605,https://www.nba.com/stats/players/boxscores-traditional?Season=2020-21&SeasonType=Regular%20Season&TeamID=1610612741
2021,2020–21,203490,Otto Porter Jr.,0022000117,2021-01-06,CHI @ SAC,SAC,L,26.383333333333333,3,1,8,1,5,0,0,1,5,6,3,0,0,0,1,-14,1.6999999999999997,18.75,https://www.nba.com/stats/players/boxscores-traditional?Season=2020-21&SeasonType=Regular%20Season&TeamID=1610612741
2021,2020–21,201152,Thaddeus Young,0022000117,2021-01-06,CHI @ SAC,SAC,L,20.75,8,4,5,0,1,0,0,0,2,2,0,0,0,3,2,-2,2.8999999999999995,80.0,https://www.nba.com/stats/players/boxscores-traditional?Season=2020-21&SeasonType=Regular%20Season&TeamID=1610612741
2021,2020–21,1629655,Daniel Gafford,0022000117,2021-01-06,CHI @ SAC,SAC,L,10.9,4,2,2,0,0,0,0,0,0,0,0,0,1,0,3,-1,2.8999999999999995,100.0,https://www.nba.com/stats/players/boxscores-traditional?Season=2020-21&SeasonType=Regular%20Season&TeamID=1610612741
2021,2020–21,1629632,Coby White,0022000106,2021-01-05,CHI @ POR,POR,W,38.65,21,8,19,2,7,3,4,2,8,10,5,0,0,2,2,-1,15.0,50.57803468208092,https://www.nba.com/stats/players/boxscores-traditional?Season=2020-21&SeasonType=Regular%20Season&TeamID=1610612741
2021,2020–21,203897,Zach LaVine,0022000106,2021-01-05,CHI @ POR,POR,W,42.65,18,6,18,3,10,3,3,0,4,4,9,0,2,4,2,1,11.899999999999995,46.58385093167702,https://www.nba.com/stats/players/boxscores-traditional?Season=2020-21&SeasonType=Regular%20Season&TeamID=1610612741
2021,2020–21,203490,Otto Porter Jr.,0022000106,2021-01-05,CHI @ POR,POR,W,28.233333333333334,19,7,14,4,7,1,2,2,11,13,1,0,0,0,2,4,16.2,63.844086021505376,https://www.nba.com/stats/players/boxscores-traditional?Season=2020-21&SeasonType=Regular%20Season&TeamID=1610612741
2021,2020–21,202066,Garrett Temple,0022000106,2021-01-05,CHI @ POR,POR,W,28.423333333333332,14,5,10,4,9,0,0,0,1,1,0,3,1,2,1,5,10.6,70.0,https://www.nba.com/stats/players/boxscores-traditional?Season=2020-21&SeasonType=Regular%20Season&TeamID=1610612741
2021,2020–21,1628976,Wendell Carter Jr.,0022000106,2021-01-05,CHI @ POR,POR,W,25.233333333333334,13,4,9,0,2,5,6,2,1,3,5,1,1,1,5,1,11.8,55.84192439862543,https://www.nba.com/stats/players/boxscores-traditional?Season=2020-21&SeasonType=Regular%20Season&TeamID=1610612741
2021,2020–21,201152,Thaddeus Young,0022000106,2021-01-05,CHI @ POR,POR,W,23.2,10,4,8,1,2,1,1,2,6,8,4,0,0,3,4,2,7.4,59.241706161137444,https://www.nba.com/stats/players/boxscores-traditional?Season=2020-21&SeasonType=Regular%20Season&TeamID=1610612741
2021,2020–21,1630172,Patrick Williams,0022000106,2021-01-05,CHI @ POR,POR,W,24.883333333333333,14,5,8,2,2,2,2,1,2,3,1,0,0,2,2,-4,9.599999999999998,78.82882882882882,https://www.nba.com/stats/players/boxscores-traditional?Season=2020-21&SeasonType=Regular%20Season&TeamID=1610612741
2021,2020–21,1627756,Denzel Valentine,0022000106,2021-01-05,CHI @ POR,POR,W,19.19333333333333,0,0,3,0,2,0,0,0,8,8,2,1,0,1,0,10,1.7000000000000002,0.0,https://www.nba.com/stats/players/boxscores-traditional?Season=2020-21&SeasonType=Regular%20Season&TeamID=1610612741
2021,2020–21,1629655,Daniel Gafford,0022000106,2021-01-05,CHI @ POR,POR,W,9.533333333333333,2,1,2,0,0,0,0,2,0,2,0,0,1,0,1,-3,2.6999999999999997,50.0,https://www.nba.com/stats/players/boxscores-traditional?Season=2020-21&SeasonType=Regular%20Season&TeamID=1610612741
2021,2020–21,203897,Zach LaVine,0022000090,2021-01-03,CHI vs. DAL,DAL,W,38.666666666666664,39,14,25,3,9,8,9,0,6,6,5,3,0,4,4,6,29.4,67.3342541436464,https://www.nba.com/stats/players/boxscores-traditional?Season=2020-21&SeasonType=Regular%20Season&TeamID=1610612741
2021,2020–21,1629632,Coby White,0022000090,2021-01-03,CHI vs. DAL,DAL,W,32.833333333333336,23,7,14,4,9,5,5,1,6,7,4,0,0,4,5,7,15.3,70.98765432098766,https://www.nba.com/stats/players/boxscores-traditional?Season=2020-21&SeasonType=Regular%20Season&TeamID=1610612741
2021,2020–21,203490,Otto Porter Jr.,0022000090,2021-01-03,CHI vs. DAL,DAL,W,28.633333333333333,15,4,11,2,6,5,5,1,6,7,2,2,0,2,3,-4,11.600000000000001,56.81818181818182,https://www.nba.com/stats/players/boxscores-traditional?Season=2020-21&SeasonType=Regular%20Season&TeamID=1610612741
2021,2020–21,1630172,Patrick Williams,0022000090,2021-01-03,CHI vs. DAL,DAL,W,28.4,6,3,8,0,1,0,0,0,5,5,1,3,2,0,1,6,7.800000000000001,37.5,https://www.nba.com/stats/players/boxscores-traditional?Season=2020-21&SeasonType=Regular%20Season&TeamID=1610612741
2021,2020–21,1628976,Wendell Carter Jr.,0022000090,2021-01-03,CHI vs. DAL,DAL,W,22.833333333333332,7,2,8,0,1,3,5,2,5,7,1,1,0,1,3,-2,3.8,34.31372549019608,https://www.nba.com/stats/players/boxscores-traditional?Season=2020-21&SeasonType=Regular%20Season&TeamID=1610612741
2021,2020–21,1629655,Daniel Gafford,0022000090,2021-01-03,CHI vs. DAL,DAL,W,19.083333333333332,12,3,3,0,0,6,6,2,1,3,1,0,0,1,3,12,11.3,106.38297872340425,https://www.nba.com/stats/players/boxscores-traditional?Season=2020-21&SeasonType=Regular%20Season&TeamID=1610612741
2021,2020–21,1627756,Denzel Valentine,0022000090,2021-01-03,CHI vs. DAL,DAL,W,15.783333333333333,6,2,4,2,4,0,0,0,4,4,1,1,0,0,0,4,6.9,75.0,https://www.nba.com/stats/players/boxscores-traditional?Season=2020-21&SeasonType=Regular%20Season&TeamID=1610612741
2021,2020–21,201152,Thaddeus Young,0022000090,2021-01-03,CHI vs. DAL,DAL,W,28.433333333333334,7,3,6,1,2,0,0,3,1,4,1,1,0,3,3,13,3.8999999999999995,58.333333333333336,https://www.nba.com/stats/players/boxscores-traditional?Season=2020-21&SeasonType=Regular%20Season&TeamID=1610612741
2021,2020–21,202066,Garrett Temple,0022000090,2021-01-03,CHI vs. DAL,DAL,W,25.333333333333332,3,1,6,1,5,0,0,2,3,5,0,0,0,1,2,8,-0.2999999999999996,25.0,https://www.nba.com/stats/players/boxscores-traditional?Season=2020-21&SeasonType=Regular%20Season&TeamID=1610612741
2021,2020–21,203897,Zach LaVine,0022000073,2021-01-01,CHI @ MIL,MIL,L,27.183333333333334,16,7,16,1,4,1,1,0,6,6,2,1,1,5,0,-25,7.500000000000002,48.661800486618,https://www.nba.com/stats/players/boxscores-traditional?Season=2020-21&SeasonType=Regular%20Season&TeamID=1610612741
2021,2020–21,1627756,Denzel Valentine,0022000073,2021-01-01,CHI @ MIL,MIL,L,20.533333333333335,14,5,8,2,3,2,2,1,4,5,0,2,0,1,0,-3,13.299999999999999,78.82882882882882,https://www.nba.com/stats/players/boxscores-traditional?Season=2020-21&SeasonType=Regular%20Season&TeamID=1610612741
2021,2020–21,1628976,Wendell Carter Jr.,0022000073,2021-01-01,CHI @ MIL,MIL,L,25.133333333333333,12,5,7,1,2,1,2,1,4,5,3,0,1,1,4,-16,10.799999999999999,76.14213197969544,https://www.nba.com/stats/players/boxscores-traditional?Season=2020-21&SeasonType=Regular%20Season&TeamID=1610612741
2021,2020–21,1629632,Coby White,0022000073,2021-01-01,CHI @ MIL,MIL,L,28.85,12,4,13,1,5,3,4,0,4,4,3,0,0,4,2,-21,2.5999999999999996,40.65040650406504,https://www.nba.com/stats/players/boxscores-traditional?Season=2020-21&SeasonType=Regular%20Season&TeamID=1610612741
2021,2020–21,203490,Otto Porter Jr.,0022000073,2021-01-01,CHI @ MIL,MIL,L,22.116666666666667,9,3,11,1,3,2,2,1,3,4,2,1,0,0,2,-25,5.7,37.878787878787875,https://www.nba.com/stats/players/boxscores-traditional?Season=2020-21&SeasonType=Regular%20Season&TeamID=1610612741
2021,2020–21,1630172,Patrick Williams,0022000073,2021-01-01,CHI @ MIL,MIL,L,25.433333333333334,8,4,11,0,2,0,1,0,6,6,0,0,1,3,4,-11,-0.6000000000000001,34.96503496503497,https://www.nba.com/stats/players/boxscores-traditional?Season=2020-21&SeasonType=Regular%20Season&TeamID=1610612741
2021,2020–21,1629655,Daniel Gafford,0022000073,2021-01-01,CHI @ MIL,MIL,L,15.616666666666667,5,2,2,0,0,1,2,1,2,3,1,2,1,0,1,-14,8.299999999999999,86.80555555555556,https://www.nba.com/stats/players/boxscores-traditional?Season=2020-21&SeasonType=Regular%20Season&TeamID=1610612741
2021,2020–21,201152,Thaddeus Young,0022000073,2021-01-01,CHI @ MIL,MIL,L,22.566666666666666,6,2,5,0,2,2,2,0,1,1,2,1,2,4,2,-19,2.6000000000000005,51.02040816326531,https://www.nba.com/stats/players/boxscores-traditional?Season=2020-21&SeasonType=Regular%20Season&TeamID=1610612741
2021,2020–21,202066,Garrett Temple,0022000073,2021-01-01,CHI @ MIL,MIL,L,19.533333333333335,4,2,3,0,1,0,0,0,2,2,2,1,0,1,3,-10,3.500000000000001,66.66666666666666,https://www.nba.com/stats/players/boxscores-traditional?Season=2020-21&SeasonType=Regular%20Season&TeamID=1610612741
2021,2020–21,1629690,Adam Mokoka,0022000073,2021-01-01,CHI @ MIL,MIL,L,9.95,4,2,4,0,2,0,0,0,1,1,1,1,0,0,2,-2,3.2,50.0,https://www.nba.com/stats/players/boxscores-traditional?Season=2020-21&SeasonType=Regular%20Season&TeamID=1610612741
2021,2020–21,1626245,Cristiano Felicio,0022000073,2021-01-01,CHI @ MIL,MIL,L,6.3,0,0,1,0,0,0,2,2,1,3,2,0,0,0,0,-2,1.5999999999999999,0.0,https://www.nba.com/stats/players/boxscores-traditional?Season=2020-21&SeasonType=Regular%20Season&TeamID=1610612741
2021,2020–21,1628436,Luke Kornet,0022000073,2021-01-01,CHI @ MIL,MIL,L,7.25,2,0,2,0,2,2,2,0,1,1,0,1,0,1,0,0,0.9000000000000001,34.72222222222222,https://www.nba.com/stats/players/boxscores-traditional?Season=2020-21&SeasonType=Regular%20Season&TeamID=1610612741
2021,2020–21,1629653,Devon Dotson,0022000073,2021-01-01,CHI @ MIL,MIL,L,9.533333333333333,4,2,4,0,0,0,0,0,1,1,0,0,0,0,1,-2,1.9,50.0,https://www.nba.com/stats/players/boxscores-traditional?Season=2020-21&SeasonType=Regular%20Season&TeamID=1610612741
2021,2020–21,203490,Otto Porter Jr.,0022000063,2020-12-31,CHI @ WAS,WAS,W,30.908333333333335,28,10,14,5,9,3,3,1,11,12,3,3,0,0,0,0,31.300000000000004,91.38381201044386,https://www.nba.com/stats/players/boxscores-traditional?Season=2020-21&SeasonType=Regular%20Season&TeamID=1610612741
2021,2020–21,203897,Zach LaVine,0022000063,2020-12-31,CHI @ WAS,WAS,W,34.88333333333333,22,6,17,1,7,9,10,0,6,6,7,0,1,3,4,-3,14.899999999999995,51.40186915887851,https://www.nba.com/stats/players/boxscores-traditional?Season=2020-21&SeasonType=Regular%20Season&TeamID=1610612741
2021,2020–21,1629632,Coby White,0022000063,2020-12-31,CHI @ WAS,WAS,W,40.166666666666664,16,5,16,3,9,3,5,1,5,6,10,0,0,3,4,14,10.600000000000001,43.956043956043956,https://www.nba.com/stats/players/boxscores-traditional?Season=2020-21&SeasonType=Regular%20Season&TeamID=1610612741
2021,2020–21,201152,Thaddeus Young,0022000063,2020-12-31,CHI @ WAS,WAS,W,27.033333333333335,15,7,12,1,2,0,0,1,2,3,6,2,0,2,2,19,14.099999999999998,62.5,https://www.nba.com/stats/players/boxscores-traditional?Season=2020-21&SeasonType=Regular%20Season&TeamID=1610612741
2021,2020–21,1629655,Daniel Gafford,0022000063,2020-12-31,CHI @ WAS,WAS,W,22.266666666666666,15,7,8,0,0,1,2,3,2,5,2,2,1,1,3,23,16.4,84.45945945945945,https://www.nba.com/stats/players/boxscores-traditional?Season=2020-21&SeasonType=Regular%20Season&TeamID=1610612741
2021,2020–21,1628976,Wendell Carter Jr.,0022000063,2020-12-31,CHI @ WAS,WAS,W,22.966666666666665,16,7,11,1,1,1,2,1,4,5,1,1,1,2,5,-24,10.999999999999998,67.34006734006734,https://www.nba.com/stats/players/boxscores-traditional?Season=2020-21&SeasonType=Regular%20Season&TeamID=1610612741
2021,2020–21,202066,Garrett Temple,0022000063,2020-12-31,CHI @ WAS,WAS,W,28.391666666666666,8,3,6,1,4,1,1,1,1,2,4,0,0,2,3,-3,5.6000000000000005,62.11180124223602,https://www.nba.com/stats/players/boxscores-traditional?Season=2020-21&SeasonType=Regular%20Season&TeamID=1610612741
2021,2020–21,1630172,Patrick Williams,0022000063,2020-12-31,CHI @ WAS,WAS,W,18.4,10,4,5,1,2,1,2,0,1,1,0,0,0,2,4,-15,4.399999999999999,85.03401360544218,https://www.nba.com/stats/players/boxscores-traditional?Season=2020-21&SeasonType=Regular%20Season&TeamID=1610612741
2021,2020–21,1627756,Denzel Valentine,0022000063,2020-12-31,CHI @ WAS,WAS,W,14.983333333333333,3,1,3,1,2,0,0,1,3,4,1,1,0,0,2,4,3.8,50.0,https://www.nba.com/stats/players/boxscores-traditional?Season=2020-21&SeasonType=Regular%20Season&TeamID=1610612741
2021,2020–21,203897,Zach LaVine,0022000050,2020-12-29,CHI @ WAS,WAS,W,38.28333333333333,23,6,15,3,7,8,9,2,3,5,6,4,0,3,2,11,21.199999999999996,60.654008438818565,https://www.nba.com/stats/players/boxscores-traditional?Season=2020-21&SeasonType=Regular%20Season&TeamID=1610612741
2021,2020–21,1629632,Coby White,0022000050,2020-12-29,CHI @ WAS,WAS,W,36.95666666666666,18,6,14,2,5,4,4,0,5,5,6,0,0,2,0,10,14.299999999999997,57.10659898477157,https://www.nba.com/stats/players/boxscores-traditional?Season=2020-21&SeasonType=Regular%20Season&TeamID=1610612741
2021,2020–21,1628976,Wendell Carter Jr.,0022000050,2020-12-29,CHI @ WAS,WAS,W,34.18333333333333,10,5,8,0,1,0,2,0,12,12,3,0,0,2,5,14,7.299999999999999,56.3063063063063,https://www.nba.com/stats/players/boxscores-traditional?Season=2020-21&SeasonType=Regular%20Season&TeamID=1610612741
2021,2020–21,203107,Tomas Satoransky,0022000050,2020-12-29,CHI @ WAS,WAS,W,20.1,10,4,7,2,4,0,0,0,2,2,6,2,0,2,0,-2,11.5,71.42857142857143,https://www.nba.com/stats/players/boxscores-traditional?Season=2020-21&SeasonType=Regular%20Season&TeamID=1610612741
2021,2020–21,203490,Otto Porter Jr.,0022000050,2020-12-29,CHI @ WAS,WAS,W,29.35,16,4,10,3,7,5,6,1,2,3,1,0,0,2,4,-3,8.6,63.291139240506325,https://www.nba.com/stats/players/boxscores-traditional?Season=2020-21&SeasonType=Regular%20Season&TeamID=1610612741
2021,2020–21,202066,Garrett Temple,0022000050,2020-12-29,CHI @ WAS,WAS,W,28.6,12,4,10,2,6,2,4,0,1,1,2,1,0,0,3,14,7.3,51.02040816326531,https://www.nba.com/stats/players/boxscores-traditional?Season=2020-21&SeasonType=Regular%20Season&TeamID=1610612741
2021,2020–21,1630172,Patrick Williams,0022000050,2020-12-29,CHI @ WAS,WAS,W,20.35,12,5,10,2,3,0,0,1,0,1,2,0,0,1,3,1,6.8999999999999995,60.0,https://www.nba.com/stats/players/boxscores-traditional?Season=2020-21&SeasonType=Regular%20Season&TeamID=1610612741
2021,2020–21,1628374,Lauri Markkanen,0022000050,2020-12-29,CHI @ WAS,WAS,W,19.25,9,3,8,1,2,2,3,1,3,4,0,0,0,1,2,-2,3.999999999999999,48.283261802575105,https://www.nba.com/stats/players/boxscores-traditional?Season=2020-21&SeasonType=Regular%20Season&TeamID=1610612741
2021,2020–21,1629655,Daniel Gafford,0022000050,2020-12-29,CHI @ WAS,WAS,W,6.51,3,0,1,0,0,3,4,0,1,1,0,0,1,0,3,-1,1.6999999999999993,54.34782608695653,https://www.nba.com/stats/players/boxscores-traditional?Season=2020-21&SeasonType=Regular%20Season&TeamID=1610612741
2021,2020–21,1628990,Chandler Hutchison,0022000050,2020-12-29,CHI @ WAS,WAS,W,6.416666666666667,2,1,4,0,1,0,0,0,3,3,0,0,0,1,1,-2,-0.9,25.0,https://www.nba.com/stats/players/boxscores-traditional?Season=2020-21&SeasonType=Regular%20Season&TeamID=1610612741
2021,2020–21,203897,Zach LaVine,0022000038,2020-12-27,CHI vs. GSW,GSW,L,34.8,33,11,23,4,12,7,9,0,7,7,3,2,2,7,3,-5,19.900000000000002,61.201780415430264,https://www.nba.com/stats/players/boxscores-traditional?Season=2020-21&SeasonType=Regular%20Season&TeamID=1610612741
2021,2020–21,1628976,Wendell Carter Jr.,0022000038,2020-12-27,CHI vs. GSW,GSW,L,31.466666666666665,22,8,9,1,2,5,8,4,9,13,4,0,0,3,3,-4,21.8,87.8594249201278,https://www.nba.com/stats/players/boxscores-traditional?Season=2020-21&SeasonType=Regular%20Season&TeamID=1610612741
2021,2020–21,1628374,Lauri Markkanen,0022000038,2020-12-27,CHI vs. GSW,GSW,L,29.25,23,7,13,4,7,5,7,0,7,7,1,1,1,2,1,13,18.000000000000004,71.51741293532339,https://www.nba.com/stats/players/boxscores-traditional?Season=2020-21&SeasonType=Regular%20Season&TeamID=1610612741
2021,2020–21,1629632,Coby White,0022000038,2020-12-27,CHI vs. GSW,GSW,L,35.63333333333333,20,8,19,4,9,0,0,0,7,7,5,0,0,3,1,-7,12.1,52.63157894736842,https://www.nba.com/stats/players/boxscores-traditional?Season=2020-21&SeasonType=Regular%20Season&TeamID=1610612741
2021,2020–21,203490,Otto Porter Jr.,0022000038,2020-12-27,CHI vs. GSW,GSW,L,20.75,12,3,4,3,4,3,4,2,4,6,3,0,0,3,2,-2,10.899999999999997,104.16666666666667,https://www.nba.com/stats/players/boxscores-traditional?Season=2020-21&SeasonType=Regular%20Season&TeamID=1610612741
2021,2020–21,1628990,Chandler Hutchison,0022000038,2020-12-27,CHI vs. GSW,GSW,L,19.45,7,3,5,1,2,0,0,0,8,8,4,1,0,1,2,4,9.099999999999998,70.0,https://www.nba.com/stats/players/boxscores-traditional?Season=2020-21&SeasonType=Regular%20Season&TeamID=1610612741
2021,2020–21,1630172,Patrick Williams,0022000038,2020-12-27,CHI vs. GSW,GSW,L,26.35,6,2,5,0,1,2,2,1,3,4,2,0,3,2,1,6,6.0,51.02040816326531,https://www.nba.com/stats/players/boxscores-traditional?Season=2020-21&SeasonType=Regular%20Season&TeamID=1610612741
2021,2020–21,203107,Tomas Satoransky,0022000038,2020-12-27,CHI vs. GSW,GSW,L,22.833333333333332,3,1,3,0,1,1,1,0,1,1,3,0,0,3,2,-3,-0.09999999999999964,43.604651162790695,https://www.nba.com/stats/players/boxscores-traditional?Season=2020-21&SeasonType=Regular%20Season&TeamID=1610612741
2021,2020–21,202066,Garrett Temple,0022000038,2020-12-27,CHI vs. GSW,GSW,L,19.466666666666665,2,1,5,0,3,0,0,0,1,1,2,0,0,0,6,-7,-1.8000000000000005,20.0,https://www.nba.com/stats/players/boxscores-traditional?Season=2020-21&SeasonType=Regular%20Season&TeamID=1610612741
2021,2020–21,1628374,Lauri Markkanen,0022000026,2020-12-26,CHI vs. IND,IND,L,27.15,16,6,14,2,8,2,3,2,7,9,0,0,0,2,2,-15,8.899999999999999,52.21932114882506,https://www.nba.com/stats/players/boxscores-traditional?Season=2020-21&SeasonType=Regular%20Season&TeamID=1610612741
2021,2020–21,203107,Tomas Satoransky,0022000026,2020-12-26,CHI vs. IND,IND,L,24.9,6,2,5,0,1,2,2,2,2,4,9,2,1,3,0,-1,11.299999999999997,51.02040816326531,https://www.nba.com/stats/players/boxscores-traditional?Season=2020-21&SeasonType=Regular%20Season&TeamID=1610612741
2021,2020–21,203897,Zach LaVine,0022000026,2020-12-26,CHI vs. IND,IND,L,28.833333333333332,17,6,13,3,6,2,2,0,1,1,2,1,0,3,4,-20,8.4,61.23919308357348,https://www.nba.com/stats/players/boxscores-traditional?Season=2020-21&SeasonType=Regular%20Season&TeamID=1610612741
2021,2020–21,1629632,Coby White,0022000026,2020-12-26,CHI vs. IND,IND,L,24.95,12,4,10,4,7,0,0,1,1,2,3,0,1,4,2,-16,5.599999999999998,60.0,https://www.nba.com/stats/players/boxscores-traditional?Season=2020-21&SeasonType=Regular%20Season&TeamID=1610612741
2021,2020–21,1628976,Wendell Carter Jr.,0022000026,2020-12-26,CHI vs. IND,IND,L,27.35,9,2,10,0,1,5,6,3,3,6,2,0,2,1,3,-20,6.000000000000001,35.60126582278481,https://www.nba.com/stats/players/boxscores-traditional?Season=2020-21&SeasonType=Regular%20Season&TeamID=1610612741
2021,2020–21,203490,Otto Porter Jr.,0022000026,2020-12-26,CHI vs. IND,IND,L,19.116666666666667,10,4,12,1,5,1,1,1,5,6,2,0,0,2,1,-6,4.4,40.19292604501608,https://www.nba.com/stats/players/boxscores-traditional?Season=2020-21&SeasonType=Regular%20Season&TeamID=1610612741
2021,2020–21,1627756,Denzel Valentine,0022000026,2020-12-26,CHI vs. IND,IND,L,12.9,11,4,6,3,4,0,0,0,1,1,0,1,1,0,0,-10,10.4,91.66666666666666,https://www.nba.com/stats/players/boxscores-traditional?Season=2020-21&SeasonType=Regular%20Season&TeamID=1610612741
2021,2020–21,202066,Garrett Temple,0022000026,2020-12-26,CHI vs. IND,IND,L,19.85,6,2,7,2,4,0,0,1,1,2,2,2,0,0,1,7,5.9,42.857142857142854,https://www.nba.com/stats/players/boxscores-traditional?Season=2020-21&SeasonType=Regular%20Season&TeamID=1610612741
2021,2020–21,1630172,Patrick Williams,0022000026,2020-12-26,CHI vs. IND,IND,L,22.066666666666666,9,2,6,1,1,4,4,1,1,2,1,0,1,4,0,-14,4.000000000000002,57.98969072164949,https://www.nba.com/stats/players/boxscores-traditional?Season=2020-21&SeasonType=Regular%20Season&TeamID=1610612741
2021,2020–21,1627853,Ryan Arcidiacono,0022000026,2020-12-26,CHI vs. IND,IND,L,8.433333333333334,5,1,3,0,1,3,3,0,3,3,2,1,0,0,0,3,6.600000000000001,57.870370370370374,https://www.nba.com/stats/players/boxscores-traditional?Season=2020-21&SeasonType=Regular%20Season&TeamID=1610612741
2021,2020–21,1629655,Daniel Gafford,0022000026,2020-12-26,CHI vs. IND,IND,L,11.95,3,1,3,0,0,1,2,2,2,4,0,0,1,0,0,-3,3.6000000000000005,38.659793814432994,https://www.nba.com/stats/players/boxscores-traditional?Season=2020-21&SeasonType=Regular%20Season&TeamID=1610612741
2021,2020–21,1628990,Chandler Hutchison,0022000026,2020-12-26,CHI vs. IND,IND,L,7.516666666666667,2,0,1,0,0,2,2,0,1,1,0,0,0,0,1,2,1.2000000000000002,53.191489361702125,https://www.nba.com/stats/players/boxscores-traditional?Season=2020-21&SeasonType=Regular%20Season&TeamID=1610612741
2021,2020–21,1629690,Adam Mokoka,0022000026,2020-12-26,CHI vs. IND,IND,L,4.983333333333333,0,0,1,0,1,0,0,0,0,0,0,0,0,1,2,-2,-2.5,0.0,https://www.nba.com/stats/players/boxscores-traditional?Season=2020-21&SeasonType=Regular%20Season&TeamID=1610612741
2021,2020–21,1628374,Lauri Markkanen,0022000015,2020-12-23,CHI vs. ATL,ATL,L,30.2,21,6,9,4,6,5,5,1,6,7,4,2,0,2,1,-34,22.0,93.75000000000001,https://www.nba.com/stats/players/boxscores-traditional?Season=2020-21&SeasonType=Regular%20Season&TeamID=1610612741
2021,2020–21,203897,Zach LaVine,0022000015,2020-12-23,CHI vs. ATL,ATL,L,25.30666666666667,22,9,19,1,8,3,3,1,1,2,1,1,0,5,5,-26,8.000000000000002,54.13385826771654,https://www.nba.com/stats/players/boxscores-traditional?Season=2020-21&SeasonType=Regular%20Season&TeamID=1610612741
2021,2020–21,1630172,Patrick Williams,0022000015,2020-12-23,CHI vs. ATL,ATL,L,33.04333333333334,16,5,11,1,3,5,6,0,4,4,1,1,1,0,2,-23,12.699999999999998,58.65102639296187,https://www.nba.com/stats/players/boxscores-traditional?Season=2020-21&SeasonType=Regular%20Season&TeamID=1610612741
2021,2020–21,203490,Otto Porter Jr.,0022000015,2020-12-23,CHI vs. ATL,ATL,L,23.366666666666667,14,5,10,0,2,4,4,3,2,5,1,2,0,1,2,-9,12.599999999999998,59.523809523809526,https://www.nba.com/stats/players/boxscores-traditional?Season=2020-21&SeasonType=Regular%20Season&TeamID=1610612741
2021,2020–21,1629632,Coby White,0022000015,2020-12-23,CHI vs. ATL,ATL,L,30.466666666666665,9,2,11,1,7,4,4,0,2,2,7,2,0,3,2,-13,5.800000000000001,35.26645768025078,https://www.nba.com/stats/players/boxscores-traditional?Season=2020-21&SeasonType=Regular%20Season&TeamID=1610612741
2021,2020–21,1628976,Wendell Carter Jr.,0022000015,2020-12-23,CHI vs. ATL,ATL,L,25.766666666666666,6,2,5,0,2,2,2,1,5,6,2,0,0,3,3,-13,2.7,51.02040816326531,https://www.nba.com/stats/players/boxscores-traditional?Season=2020-21&SeasonType=Regular%20Season&TeamID=1610612741
2021,2020–21,1627853,Ryan Arcidiacono,0022000015,2020-12-23,CHI vs. ATL,ATL,L,19.583333333333332,5,2,6,1,4,0,0,0,3,3,2,1,0,0,2,6,4.1000000000000005,41.66666666666667,https://www.nba.com/stats/players/boxscores-traditional?Season=2020-21&SeasonType=Regular%20Season&TeamID=1610612741
2021,2020–21,1629690,Adam Mokoka,0022000015,2020-12-23,CHI vs. ATL,ATL,L,16.783333333333335,4,2,6,0,3,0,0,1,1,2,2,1,1,0,1,6,4.3,33.33333333333333,https://www.nba.com/stats/players/boxscores-traditional?Season=2020-21&SeasonType=Regular%20Season&TeamID=1610612741
2021,2020–21,1629655,Daniel Gafford,0022000015,2020-12-23,CHI vs. ATL,ATL,L,16.9,5,2,4,0,0,1,4,0,1,1,0,0,1,0,1,2,2.4,43.40277777777778,https://www.nba.com/stats/players/boxscores-traditional?Season=2020-21&SeasonType=Regular%20Season&TeamID=1610612741
2021,2020–21,1628990,Chandler Hutchison,0022000015,2020-12-23,CHI vs. ATL,ATL,L,18.583333333333332,2,1,6,0,0,0,0,1,4,5,0,0,0,1,3,4,-2.0999999999999996,16.666666666666664,https://www.nba.com/stats/players/boxscores-traditional?Season=2020-21&SeasonType=Regular%20Season&TeamID=1610612741
