PLAYER_ID,PLAYER_NAME,TEAM_ID,GAME_ID,ACTION_TYPE,SHOT_ATTEMPTED_FLAG,SHOT_MADE_FLAG,SHOT_ZONE_BASIC
202710,Jimmy Butler III,1610612741,0021300002,Jump Shot,1,0,Mid-Range
201565,Derrick Rose,1610612741,0021300002,Driving Layup Shot,1,1,Restricted Area
202710,Jimmy Butler III,1610612741,0021300002,Jump Shot,1,1,Right Corner 3
201565,Derrick Rose,1610612741,0021300002,Jump Shot,1,0,Above the Break 3
201565,Derrick Rose,1610612741,0021300002,Driving Layup Shot,1,1,Restricted Area
201565,Derrick Rose,1610612741,0021300002,Jump Shot,1,0,Above the Break 3
201565,Derrick Rose,1610612741,0021300002,Reverse Layup Shot,1,0,Restricted Area
2430,Carlos Boozer,1610612741,0021300002,Layup Shot,1,1,Restricted Area
2430,Carlos Boozer,1610612741,0021300002,Layup Shot,1,0,Restricted Area
201959,Taj Gibson,1610612741,0021300002,Tip Shot,1,0,Restricted Area
2736,Luol Deng,1610612741,0021300002,Jump Shot,1,0,Above the Break 3
2430,Carlos Boozer,1610612741,0021300002,Jump Shot,1,1,In The Paint (Non-RA)
2430,Carlos Boozer,1610612741,0021300002,Jump Shot,1,1,Mid-Range
201959,Taj Gibson,1610612741,0021300002,Jump Shot,1,0,Mid-Range
2430,Carlos Boozer,1610612741,0021300002,Jump Shot,1,0,Mid-Range
2399,Mike Dunleavy,1610612741,0021300002,Jump Shot,1,0,Above the Break 3
2736,Luol Deng,1610612741,0021300002,Jump Shot,1,0,Left Corner 3
2430,Carlos Boozer,1610612741,0021300002,Driving Layup Shot,1,0,Restricted Area
2399,Mike Dunleavy,1610612741,0021300002,Driving Layup Shot,1,0,Restricted Area
2399,Mike Dunleavy,1610612741,0021300002,Jump Shot,1,0,Mid-Range
2399,Mike Dunleavy,1610612741,0021300002,Jump Shot,1,0,Mid-Range
202710,Jimmy Butler III,1610612741,0021300002,Jump Shot,1,0,Mid-Range
201959,Taj Gibson,1610612741,0021300002,Jump Shot,1,0,Mid-Range
2550,Kirk Hinrich,1610612741,0021300002,Jump Shot,1,1,Above the Break 3
201565,Derrick Rose,1610612741,0021300002,Jump Shot,1,0,Above the Break 3
2399,Mike Dunleavy,1610612741,0021300002,Jump Shot,1,0,Mid-Range
2550,Kirk Hinrich,1610612741,0021300002,Jump Shot,1,0,Above the Break 3
201565,Derrick Rose,1610612741,0021300002,Jump Shot,1,0,In The Paint (Non-RA)
203503,Tony Snell,1610612741,0021300002,Jump Shot,1,0,Mid-Range
201565,Derrick Rose,1610612741,0021300002,Layup Shot,1,0,Restricted Area
2430,Carlos Boozer,1610612741,0021300002,Hook Shot,1,0,In The Paint (Non-RA)
203503,Tony Snell,1610612741,0021300002,Jump Shot,1,0,Above the Break 3
203503,Tony Snell,1610612741,0021300002,Jump Shot,1,0,Above the Break 3
2430,Carlos Boozer,1610612741,0021300002,Driving Layup Shot,1,1,Restricted Area
2430,Carlos Boozer,1610612741,0021300002,Layup Shot,1,1,Restricted Area
2430,Carlos Boozer,1610612741,0021300002,Layup Shot,1,1,Restricted Area
2550,Kirk Hinrich,1610612741,0021300002,Jump Shot,1,0,Mid-Range
201565,Derrick Rose,1610612741,0021300002,Driving Finger Roll Layup Shot,1,1,Restricted Area
2430,Carlos Boozer,1610612741,0021300002,Reverse Layup Shot,1,1,Restricted Area
201149,Joakim Noah,1610612741,0021300002,Jump Shot,1,0,In The Paint (Non-RA)
201565,Derrick Rose,1610612741,0021300002,Jump Shot,1,0,Above the Break 3
202710,Jimmy Butler III,1610612741,0021300002,Jump Shot,1,0,Above the Break 3
201565,Derrick Rose,1610612741,0021300002,Jump Shot,1,0,Above the Break 3
202710,Jimmy Butler III,1610612741,0021300002,Driving Layup Shot,1,1,Restricted Area
2430,Carlos Boozer,1610612741,0021300002,Jump Shot,1,1,Mid-Range
2736,Luol Deng,1610612741,0021300002,Layup Shot,1,1,Restricted Area
201149,Joakim Noah,1610612741,0021300002,Driving Layup Shot,1,0,Restricted Area
202710,Jimmy Butler III,1610612741,0021300002,Running Dunk Shot,1,1,Restricted Area
201149,Joakim Noah,1610612741,0021300002,Dunk Shot,1,0,Restricted Area
201149,Joakim Noah,1610612741,0021300002,Running Dunk Shot,1,1,Restricted Area
2430,Carlos Boozer,1610612741,0021300002,Layup Shot,1,1,Restricted Area
2430,Carlos Boozer,1610612741,0021300002,Layup Shot,1,1,Restricted Area
202710,Jimmy Butler III,1610612741,0021300002,Driving Layup Shot,1,1,Restricted Area
201959,Taj Gibson,1610612741,0021300002,Layup Shot,1,1,Restricted Area
201565,Derrick Rose,1610612741,0021300002,Jump Shot,1,1,Above the Break 3
2430,Carlos Boozer,1610612741,0021300002,Driving Layup Shot,1,1,Restricted Area
201959,Taj Gibson,1610612741,0021300002,Dunk Shot,1,0,Restricted Area
2430,Carlos Boozer,1610612741,0021300002,Jump Shot,1,0,Mid-Range
2550,Kirk Hinrich,1610612741,0021300002,Jump Shot,1,0,Above the Break 3
202710,Jimmy Butler III,1610612741,0021300002,Jump Shot,1,0,Above the Break 3
2736,Luol Deng,1610612741,0021300002,Jump Shot,1,0,Above the Break 3
202710,Jimmy Butler III,1610612741,0021300002,Jump Shot,1,0,Mid-Range
201959,Taj Gibson,1610612741,0021300002,Dunk Shot,1,1,Restricted Area
2736,Luol Deng,1610612741,0021300002,Jump Shot,1,0,Mid-Range
2399,Mike Dunleavy,1610612741,0021300002,Jump Shot,1,1,Above the Break 3
202710,Jimmy Butler III,1610612741,0021300002,Jump Shot,1,1,Left Corner 3
2399,Mike Dunleavy,1610612741,0021300002,Jump Shot,1,1,Right Corner 3
2399,Mike Dunleavy,1610612741,0021300002,Running Layup Shot,1,1,Restricted Area
2399,Mike Dunleavy,1610612741,0021300002,Jump Shot,1,0,Above the Break 3
2550,Kirk Hinrich,1610612741,0021300002,Driving Finger Roll Layup Shot,1,0,Restricted Area
201959,Taj Gibson,1610612741,0021300002,Dunk Shot,1,1,Restricted Area
202710,Jimmy Butler III,1610612741,0021300002,Driving Layup Shot,1,1,Restricted Area
2550,Kirk Hinrich,1610612741,0021300002,Jump Shot,1,1,Above the Break 3
2736,Luol Deng,1610612741,0021300002,Jump Shot,1,0,Above the Break 3
201565,Derrick Rose,1610612741,0021300002,Driving Reverse Layup Shot,1,0,Restricted Area
2430,Carlos Boozer,1610612741,0021300002,Driving Layup Shot,1,1,Restricted Area
202710,Jimmy Butler III,1610612741,0021300002,Running Bank shot,1,0,In The Paint (Non-RA)
201565,Derrick Rose,1610612741,0021300002,Driving Layup Shot,1,0,Restricted Area
201565,Derrick Rose,1610612741,0021300002,Jump Shot,1,0,Above the Break 3
2736,Luol Deng,1610612741,0021300002,Layup Shot,1,1,Restricted Area
201959,Taj Gibson,1610612741,0021300002,Jump Shot,1,1,Mid-Range
2430,Carlos Boozer,1610612741,0021300002,Driving Layup Shot,1,1,Restricted Area
2736,Luol Deng,1610612741,0021300002,Jump Shot,1,0,Above the Break 3
2736,Luol Deng,1610612741,0021300018,Jump Shot,1,0,In The Paint (Non-RA)
201565,Derrick Rose,1610612741,0021300018,Jump Shot,1,0,Above the Break 3
201565,Derrick Rose,1610612741,0021300018,Layup Shot,1,0,Restricted Area
2430,Carlos Boozer,1610612741,0021300018,Jump Shot,1,1,Mid-Range
2736,Luol Deng,1610612741,0021300018,Driving Layup Shot,1,1,Restricted Area
2736,Luol Deng,1610612741,0021300018,Reverse Layup Shot,1,1,Restricted Area
201565,Derrick Rose,1610612741,0021300018,Jump Shot,1,0,In The Paint (Non-RA)
2736,Luol Deng,1610612741,0021300018,Running Bank shot,1,1,In The Paint (Non-RA)
201565,Derrick Rose,1610612741,0021300018,Jump Shot,1,0,Restricted Area
202710,Jimmy Butler III,1610612741,0021300018,Driving Layup Shot,1,1,Restricted Area
201565,Derrick Rose,1610612741,0021300018,Driving Layup Shot,1,1,Restricted Area
201565,Derrick Rose,1610612741,0021300018,Driving Layup Shot,1,1,Restricted Area
201565,Derrick Rose,1610612741,0021300018,Layup Shot,1,0,Restricted Area
201149,Joakim Noah,1610612741,0021300018,Layup Shot,1,0,Restricted Area
201565,Derrick Rose,1610612741,0021300018,Layup Shot,1,0,Restricted Area
2736,Luol Deng,1610612741,0021300018,Jump Shot,1,0,Above the Break 3
2430,Carlos Boozer,1610612741,0021300018,Jump Shot,1,0,Mid-Range
202710,Jimmy Butler III,1610612741,0021300018,Jump Shot,1,0,Right Corner 3
201565,Derrick Rose,1610612741,0021300018,Jump Shot,1,0,Mid-Range
2550,Kirk Hinrich,1610612741,0021300018,Reverse Layup Shot,1,1,Restricted Area
2430,Carlos Boozer,1610612741,0021300018,Jump Shot,1,1,Mid-Range
2430,Carlos Boozer,1610612741,0021300018,Layup Shot,1,1,Restricted Area
2736,Luol Deng,1610612741,0021300018,Running Hook Shot,1,1,In The Paint (Non-RA)
2430,Carlos Boozer,1610612741,0021300018,Fadeaway Jump Shot,1,1,Mid-Range
2550,Kirk Hinrich,1610612741,0021300018,Jump Shot,1,0,Mid-Range
201959,Taj Gibson,1610612741,0021300018,Jump Shot,1,1,In The Paint (Non-RA)
2736,Luol Deng,1610612741,0021300018,Jump Shot,1,0,Mid-Range
2550,Kirk Hinrich,1610612741,0021300018,Jump Shot,1,0,Above the Break 3
2550,Kirk Hinrich,1610612741,0021300018,Layup Shot,1,0,Restricted Area
201959,Taj Gibson,1610612741,0021300018,Reverse Layup Shot,1,1,Restricted Area
2399,Mike Dunleavy,1610612741,0021300018,Jump Shot,1,0,Above the Break 3
2550,Kirk Hinrich,1610612741,0021300018,Reverse Layup Shot,1,1,Restricted Area
201959,Taj Gibson,1610612741,0021300018,Slam Dunk Shot,1,1,Restricted Area
201959,Taj Gibson,1610612741,0021300018,Layup Shot,1,0,Restricted Area
202710,Jimmy Butler III,1610612741,0021300018,Slam Dunk Shot,1,1,Restricted Area
201149,Joakim Noah,1610612741,0021300018,Jump Shot,1,0,Mid-Range
2736,Luol Deng,1610612741,0021300018,Layup Shot,1,1,Restricted Area
201149,Joakim Noah,1610612741,0021300018,Layup Shot,1,0,Restricted Area
2736,Luol Deng,1610612741,0021300018,Jump Shot,1,0,Left Corner 3
201149,Joakim Noah,1610612741,0021300018,Layup Shot,1,1,Restricted Area
201565,Derrick Rose,1610612741,0021300018,Jump Shot,1,0,Mid-Range
2736,Luol Deng,1610612741,0021300018,Jump Shot,1,0,Restricted Area
2736,Luol Deng,1610612741,0021300018,Layup Shot,1,1,Restricted Area
201565,Derrick Rose,1610612741,0021300018,Jump Shot,1,0,Restricted Area
201565,Derrick Rose,1610612741,0021300018,Jump Shot,1,0,In The Paint (Non-RA)
201565,Derrick Rose,1610612741,0021300018,Jump Shot,1,1,Above the Break 3
201565,Derrick Rose,1610612741,0021300018,Jump Shot,1,1,Above the Break 3
2430,Carlos Boozer,1610612741,0021300018,Jump Shot,1,1,Mid-Range
201565,Derrick Rose,1610612741,0021300018,Jump Shot,1,0,Above the Break 3
202710,Jimmy Butler III,1610612741,0021300018,Jump Shot,1,0,Restricted Area
201149,Joakim Noah,1610612741,0021300018,Slam Dunk Shot,1,1,Restricted Area
201565,Derrick Rose,1610612741,0021300018,Layup Shot,1,0,Restricted Area
202710,Jimmy Butler III,1610612741,0021300018,Jump Shot,1,0,Above the Break 3
202710,Jimmy Butler III,1610612741,0021300018,Layup Shot,1,1,Restricted Area
201565,Derrick Rose,1610612741,0021300018,Driving Layup Shot,1,1,Restricted Area
2736,Luol Deng,1610612741,0021300018,Jump Shot,1,1,Above the Break 3
2736,Luol Deng,1610612741,0021300018,Layup Shot,1,1,Restricted Area
201565,Derrick Rose,1610612741,0021300018,Jump Shot,1,0,Mid-Range
2736,Luol Deng,1610612741,0021300018,Jump Shot,1,0,Above the Break 3
201959,Taj Gibson,1610612741,0021300018,Jump Shot,1,0,Mid-Range
2550,Kirk Hinrich,1610612741,0021300018,Jump Shot,1,1,In The Paint (Non-RA)
2736,Luol Deng,1610612741,0021300018,Jump Shot,1,0,Mid-Range
202710,Jimmy Butler III,1610612741,0021300018,Jump Shot,1,0,Right Corner 3
202710,Jimmy Butler III,1610612741,0021300018,Jump Shot,1,0,In The Paint (Non-RA)
201565,Derrick Rose,1610612741,0021300018,Jump Shot,1,0,Above the Break 3
201565,Derrick Rose,1610612741,0021300018,Driving Layup Shot,1,1,Restricted Area
2399,Mike Dunleavy,1610612741,0021300018,Jump Shot,1,0,Above the Break 3
201149,Joakim Noah,1610612741,0021300018,Tip Shot,1,0,Restricted Area
202710,Jimmy Butler III,1610612741,0021300018,Jump Shot,1,0,Mid-Range
202710,Jimmy Butler III,1610612741,0021300018,Jump Shot,1,0,Above the Break 3
2430,Carlos Boozer,1610612741,0021300018,Jump Shot,1,0,In The Paint (Non-RA)
201565,Derrick Rose,1610612741,0021300018,Layup Shot,1,0,Restricted Area
202710,Jimmy Butler III,1610612741,0021300018,Jump Shot,1,0,Mid-Range
201565,Derrick Rose,1610612741,0021300018,Layup Shot,1,0,Restricted Area
201149,Joakim Noah,1610612741,0021300018,Tip Shot,1,0,Restricted Area
201565,Derrick Rose,1610612741,0021300018,Jump Shot,1,1,Mid-Range
2430,Carlos Boozer,1610612741,0021300034,Jump Shot,1,0,Restricted Area
201565,Derrick Rose,1610612741,0021300034,Reverse Layup Shot,1,1,Restricted Area
2430,Carlos Boozer,1610612741,0021300034,Jump Shot,1,0,In The Paint (Non-RA)
201149,Joakim Noah,1610612741,0021300034,Tip Shot,1,1,Restricted Area
202710,Jimmy Butler III,1610612741,0021300034,Layup Shot,1,1,Restricted Area
201565,Derrick Rose,1610612741,0021300034,Floating Jump shot,1,1,In The Paint (Non-RA)
2430,Carlos Boozer,1610612741,0021300034,Layup Shot,1,0,Restricted Area
2430,Carlos Boozer,1610612741,0021300034,Layup Shot,1,1,Restricted Area
2430,Carlos Boozer,1610612741,0021300034,Jump Shot,1,0,Mid-Range
201565,Derrick Rose,1610612741,0021300034,Jump Shot,1,0,Left Corner 3
201149,Joakim Noah,1610612741,0021300034,Jump Shot,1,1,Mid-Range
2736,Luol Deng,1610612741,0021300034,Jump Shot,1,1,Mid-Range
202710,Jimmy Butler III,1610612741,0021300034,Slam Dunk Shot,1,1,Restricted Area
2736,Luol Deng,1610612741,0021300034,Jump Shot,1,0,Above the Break 3
201565,Derrick Rose,1610612741,0021300034,Jump Shot,1,0,Above the Break 3
201959,Taj Gibson,1610612741,0021300034,Jump Shot,1,1,Mid-Range
2736,Luol Deng,1610612741,0021300034,Layup Shot,1,1,Restricted Area
2430,Carlos Boozer,1610612741,0021300034,Driving Layup Shot,1,1,Restricted Area
201565,Derrick Rose,1610612741,0021300034,Jump Shot,1,0,Mid-Range
201959,Taj Gibson,1610612741,0021300034,Jump Shot,1,1,In The Paint (Non-RA)
201959,Taj Gibson,1610612741,0021300034,Jump Shot,1,1,Mid-Range
2736,Luol Deng,1610612741,0021300034,Jump Shot,1,0,Mid-Range
2399,Mike Dunleavy,1610612741,0021300034,Jump Shot,1,0,Mid-Range
2430,Carlos Boozer,1610612741,0021300034,Reverse Layup Shot,1,1,Restricted Area
2736,Luol Deng,1610612741,0021300034,Layup Shot,1,1,Restricted Area
2736,Luol Deng,1610612741,0021300034,Layup Shot,1,1,Restricted Area
2550,Kirk Hinrich,1610612741,0021300034,Jump Shot,1,0,Above the Break 3
2550,Kirk Hinrich,1610612741,0021300034,Jump Shot,1,1,Mid-Range
202710,Jimmy Butler III,1610612741,0021300034,Driving Layup Shot,1,1,Restricted Area
2550,Kirk Hinrich,1610612741,0021300034,Jump Shot,1,1,Right Corner 3
2550,Kirk Hinrich,1610612741,0021300034,Jump Shot,1,0,Mid-Range
201959,Taj Gibson,1610612741,0021300034,Putback Dunk Shot,1,1,Restricted Area
2399,Mike Dunleavy,1610612741,0021300034,Jump Shot,1,0,Right Corner 3
2550,Kirk Hinrich,1610612741,0021300034,Floating Jump shot,1,1,In The Paint (Non-RA)
2399,Mike Dunleavy,1610612741,0021300034,Jump Shot,1,1,Above the Break 3
201959,Taj Gibson,1610612741,0021300034,Jump Shot,1,1,Mid-Range
2399,Mike Dunleavy,1610612741,0021300034,Jump Shot,1,0,Above the Break 3
2736,Luol Deng,1610612741,0021300034,Jump Shot,1,0,Mid-Range
201565,Derrick Rose,1610612741,0021300034,Jump Shot,1,0,Mid-Range
2736,Luol Deng,1610612741,0021300034,Jump Shot,1,0,Mid-Range
201149,Joakim Noah,1610612741,0021300034,Jump Shot,1,1,Mid-Range
2430,Carlos Boozer,1610612741,0021300034,Layup Shot,1,1,Restricted Area
201565,Derrick Rose,1610612741,0021300034,Driving Layup Shot,1,1,Restricted Area
2430,Carlos Boozer,1610612741,0021300034,Jump Shot,1,1,In The Paint (Non-RA)
201565,Derrick Rose,1610612741,0021300034,Jump Shot,1,0,Restricted Area
2430,Carlos Boozer,1610612741,0021300034,Jump Shot,1,0,Mid-Range
201149,Joakim Noah,1610612741,0021300034,Jump Shot,1,0,Mid-Range
2430,Carlos Boozer,1610612741,0021300034,Layup Shot,1,1,Restricted Area
201565,Derrick Rose,1610612741,0021300034,Jump Shot,1,0,Mid-Range
202710,Jimmy Butler III,1610612741,0021300034,Jump Shot,1,0,In The Paint (Non-RA)
2736,Luol Deng,1610612741,0021300034,Jump Shot,1,0,In The Paint (Non-RA)
201149,Joakim Noah,1610612741,0021300034,Jump Shot,1,0,Mid-Range
2736,Luol Deng,1610612741,0021300034,Layup Shot,1,0,Restricted Area
2736,Luol Deng,1610612741,0021300034,Layup Shot,1,0,Restricted Area
2736,Luol Deng,1610612741,0021300034,Layup Shot,1,0,Restricted Area
2430,Carlos Boozer,1610612741,0021300034,Layup Shot,1,0,Restricted Area
2736,Luol Deng,1610612741,0021300034,Layup Shot,1,1,Restricted Area
2430,Carlos Boozer,1610612741,0021300034,Driving Layup Shot,1,1,Restricted Area
201149,Joakim Noah,1610612741,0021300034,Jump Shot,1,0,Mid-Range
2430,Carlos Boozer,1610612741,0021300034,Jump Bank Shot,1,1,Restricted Area
201565,Derrick Rose,1610612741,0021300034,Layup Shot,1,0,Restricted Area
2736,Luol Deng,1610612741,0021300034,Layup Shot,1,1,Restricted Area
2430,Carlos Boozer,1610612741,0021300034,Dunk Shot,1,1,Restricted Area
201565,Derrick Rose,1610612741,0021300034,Jump Shot,1,0,Restricted Area
2736,Luol Deng,1610612741,0021300034,Jump Shot,1,0,Mid-Range
201149,Joakim Noah,1610612741,0021300034,Jump Shot,1,0,Mid-Range
201959,Taj Gibson,1610612741,0021300034,Jump Shot,1,0,Mid-Range
201959,Taj Gibson,1610612741,0021300034,Layup Shot,1,0,Restricted Area
2430,Carlos Boozer,1610612741,0021300034,Jump Shot,1,0,Mid-Range
202710,Jimmy Butler III,1610612741,0021300034,Jump Shot,1,1,Mid-Range
2550,Kirk Hinrich,1610612741,0021300034,Jump Shot,1,0,Mid-Range
201959,Taj Gibson,1610612741,0021300034,Jump Shot,1,0,Mid-Range
2550,Kirk Hinrich,1610612741,0021300034,Jump Shot,1,0,Above the Break 3
2736,Luol Deng,1610612741,0021300034,Layup Shot,1,0,Restricted Area
1737,Nazr Mohammed,1610612741,0021300034,Layup Shot,1,1,Restricted Area
2399,Mike Dunleavy,1610612741,0021300034,Jump Shot,1,0,Mid-Range
2399,Mike Dunleavy,1610612741,0021300034,Jump Shot,1,1,Mid-Range
201959,Taj Gibson,1610612741,0021300034,Slam Dunk Shot,1,1,Restricted Area
2550,Kirk Hinrich,1610612741,0021300034,Jump Shot,1,0,Above the Break 3
201149,Joakim Noah,1610612741,0021300034,Layup Shot,1,0,Restricted Area
201149,Joakim Noah,1610612741,0021300034,Layup Shot,1,1,Restricted Area
2399,Mike Dunleavy,1610612741,0021300034,Pullup Jump shot,1,1,Mid-Range
201149,Joakim Noah,1610612741,0021300034,Layup Shot,1,0,Restricted Area
2736,Luol Deng,1610612741,0021300034,Layup Shot,1,1,Restricted Area
202710,Jimmy Butler III,1610612741,0021300034,Jump Shot,1,0,Right Corner 3
2736,Luol Deng,1610612741,0021300034,Jump Shot,1,1,Mid-Range
2736,Luol Deng,1610612741,0021300034,Jump Shot,1,0,Mid-Range
201149,Joakim Noah,1610612741,0021300034,Turnaround Hook Shot,1,0,In The Paint (Non-RA)
201565,Derrick Rose,1610612741,0021300034,Jump Shot,1,0,In The Paint (Non-RA)
201565,Derrick Rose,1610612741,0021300034,Jump Shot,1,1,Left Corner 3
201565,Derrick Rose,1610612741,0021300034,Layup Shot,1,0,Restricted Area
2736,Luol Deng,1610612741,0021300034,Jump Shot,1,0,Above the Break 3
2736,Luol Deng,1610612741,0021300034,Jump Shot,1,0,Above the Break 3
202710,Jimmy Butler III,1610612741,0021300061,Jump Shot,1,0,Mid-Range
2736,Luol Deng,1610612741,0021300061,Jump Shot,1,1,Mid-Range
201565,Derrick Rose,1610612741,0021300061,Jump Shot,1,1,Mid-Range
201565,Derrick Rose,1610612741,0021300061,Jump Shot,1,1,Above the Break 3
201565,Derrick Rose,1610612741,0021300061,Running Jump Shot,1,1,In The Paint (Non-RA)
201565,Derrick Rose,1610612741,0021300061,Jump Shot,1,0,Mid-Range
2430,Carlos Boozer,1610612741,0021300061,Layup Shot,1,0,Restricted Area
2430,Carlos Boozer,1610612741,0021300061,Jump Shot,1,0,Mid-Range
2430,Carlos Boozer,1610612741,0021300061,Layup Shot,1,0,Restricted Area
202710,Jimmy Butler III,1610612741,0021300061,Jump Shot,1,0,Above the Break 3
2430,Carlos Boozer,1610612741,0021300061,Jump Shot,1,1,Mid-Range
201565,Derrick Rose,1610612741,0021300061,Jump Shot,1,0,Above the Break 3
2399,Mike Dunleavy,1610612741,0021300061,Pullup Jump shot,1,1,Mid-Range
2736,Luol Deng,1610612741,0021300061,Running Jump Shot,1,1,Mid-Range
201149,Joakim Noah,1610612741,0021300061,Jump Shot,1,0,Mid-Range
2399,Mike Dunleavy,1610612741,0021300061,Jump Shot,1,0,Mid-Range
2736,Luol Deng,1610612741,0021300061,Jump Shot,1,0,Mid-Range
201959,Taj Gibson,1610612741,0021300061,Jump Hook Shot,1,1,In The Paint (Non-RA)
2550,Kirk Hinrich,1610612741,0021300061,Jump Shot,1,1,Mid-Range
2736,Luol Deng,1610612741,0021300061,Jump Shot,1,1,Mid-Range
201959,Taj Gibson,1610612741,0021300061,Layup Shot,1,1,Restricted Area
2550,Kirk Hinrich,1610612741,0021300061,Jump Shot,1,0,Mid-Range
2736,Luol Deng,1610612741,0021300061,Jump Shot,1,0,Mid-Range
201959,Taj Gibson,1610612741,0021300061,Jump Shot,1,0,Mid-Range
201959,Taj Gibson,1610612741,0021300061,Jump Shot,1,1,Mid-Range
1737,Nazr Mohammed,1610612741,0021300061,Layup Shot,1,0,Restricted Area
201565,Derrick Rose,1610612741,0021300061,Pullup Jump shot,1,1,Mid-Range
201565,Derrick Rose,1610612741,0021300061,Layup Shot,1,0,Restricted Area
2736,Luol Deng,1610612741,0021300061,Layup Shot,1,0,Restricted Area
2430,Carlos Boozer,1610612741,0021300061,Fadeaway Jump Shot,1,1,Mid-Range
2430,Carlos Boozer,1610612741,0021300061,Jump Shot,1,0,Mid-Range
2736,Luol Deng,1610612741,0021300061,Jump Shot,1,0,Left Corner 3
2736,Luol Deng,1610612741,0021300061,Jump Shot,1,0,Mid-Range
201149,Joakim Noah,1610612741,0021300061,Tip Shot,1,0,Restricted Area
201565,Derrick Rose,1610612741,0021300061,Driving Finger Roll Layup Shot,1,1,Restricted Area
201565,Derrick Rose,1610612741,0021300061,Jump Shot,1,0,Above the Break 3
201565,Derrick Rose,1610612741,0021300061,Jump Shot,1,0,Mid-Range
2430,Carlos Boozer,1610612741,0021300061,Jump Shot,1,0,Mid-Range
202710,Jimmy Butler III,1610612741,0021300061,Jump Shot,1,0,Above the Break 3
2736,Luol Deng,1610612741,0021300061,Jump Shot,1,0,Mid-Range
2736,Luol Deng,1610612741,0021300061,Jump Shot,1,0,Mid-Range
202710,Jimmy Butler III,1610612741,0021300061,Layup Shot,1,0,Restricted Area
201565,Derrick Rose,1610612741,0021300061,Layup Shot,1,0,Restricted Area
201565,Derrick Rose,1610612741,0021300061,Layup Shot,1,1,Restricted Area
202710,Jimmy Butler III,1610612741,0021300061,Pullup Jump shot,1,1,Mid-Range
2550,Kirk Hinrich,1610612741,0021300061,Jump Shot,1,0,Mid-Range
201565,Derrick Rose,1610612741,0021300061,Jump Shot,1,0,Above the Break 3
2430,Carlos Boozer,1610612741,0021300061,Layup Shot,1,0,Restricted Area
2430,Carlos Boozer,1610612741,0021300061,Layup Shot,1,1,Restricted Area
2399,Mike Dunleavy,1610612741,0021300061,Jump Shot,1,0,Above the Break 3
2736,Luol Deng,1610612741,0021300061,Jump Shot,1,0,Mid-Range
201959,Taj Gibson,1610612741,0021300061,Layup Shot,1,0,Restricted Area
201959,Taj Gibson,1610612741,0021300061,Jump Shot,1,0,Mid-Range
2399,Mike Dunleavy,1610612741,0021300061,Jump Shot,1,0,Mid-Range
2550,Kirk Hinrich,1610612741,0021300061,Jump Shot,1,1,Above the Break 3
2736,Luol Deng,1610612741,0021300061,Jump Shot,1,1,In The Paint (Non-RA)
2736,Luol Deng,1610612741,0021300061,Jump Shot,1,0,Right Corner 3
201959,Taj Gibson,1610612741,0021300061,Jump Shot,1,0,Mid-Range
2399,Mike Dunleavy,1610612741,0021300061,Jump Shot,1,0,In The Paint (Non-RA)
2399,Mike Dunleavy,1610612741,0021300061,Jump Shot,1,1,Above the Break 3
201959,Taj Gibson,1610612741,0021300061,Jump Shot,1,0,Mid-Range
2736,Luol Deng,1610612741,0021300061,Jump Shot,1,1,Mid-Range
2736,Luol Deng,1610612741,0021300061,Layup Shot,1,0,Restricted Area
2736,Luol Deng,1610612741,0021300061,Jump Shot,1,1,Mid-Range
2736,Luol Deng,1610612741,0021300061,Jump Shot,1,0,In The Paint (Non-RA)
202710,Jimmy Butler III,1610612741,0021300061,Jump Shot,1,1,Right Corner 3
201565,Derrick Rose,1610612741,0021300061,Jump Shot,1,0,Mid-Range
2430,Carlos Boozer,1610612741,0021300061,Jump Shot,1,0,In The Paint (Non-RA)
2550,Kirk Hinrich,1610612741,0021300061,Jump Shot,1,1,Left Corner 3
201565,Derrick Rose,1610612741,0021300061,Jump Shot,1,0,Above the Break 3
2736,Luol Deng,1610612741,0021300061,Jump Shot,1,0,Left Corner 3
203104,Marquis Teague,1610612741,0021300061,Jump Shot,1,0,In The Paint (Non-RA)
1737,Nazr Mohammed,1610612741,0021300061,Fadeaway Jump Shot,1,1,Mid-Range
201149,Joakim Noah,1610612741,0021300079,Slam Dunk Shot,1,1,Restricted Area
201565,Derrick Rose,1610612741,0021300079,Jump Shot,1,1,Left Corner 3
201565,Derrick Rose,1610612741,0021300079,Running Layup Shot,1,1,Restricted Area
2736,Luol Deng,1610612741,0021300079,Jump Shot,1,1,Mid-Range
202710,Jimmy Butler III,1610612741,0021300079,Jump Shot,1,0,Above the Break 3
201565,Derrick Rose,1610612741,0021300079,Jump Shot,1,0,Above the Break 3
201149,Joakim Noah,1610612741,0021300079,Layup Shot,1,1,Restricted Area
202710,Jimmy Butler III,1610612741,0021300079,Jump Shot,1,1,Above the Break 3
201565,Derrick Rose,1610612741,0021300079,Dunk Shot,1,1,Restricted Area
2736,Luol Deng,1610612741,0021300079,Reverse Layup Shot,1,1,Restricted Area
2430,Carlos Boozer,1610612741,0021300079,Jump Shot,1,1,Mid-Range
2736,Luol Deng,1610612741,0021300079,Jump Shot,1,0,Mid-Range
202710,Jimmy Butler III,1610612741,0021300079,Jump Shot,1,0,Above the Break 3
201149,Joakim Noah,1610612741,0021300079,Jump Shot,1,1,Mid-Range
201149,Joakim Noah,1610612741,0021300079,Hook Shot,1,0,In The Paint (Non-RA)
2430,Carlos Boozer,1610612741,0021300079,Layup Shot,1,1,Restricted Area
2430,Carlos Boozer,1610612741,0021300079,Layup Shot,1,1,Restricted Area
2736,Luol Deng,1610612741,0021300079,Layup Shot,1,1,Restricted Area
201959,Taj Gibson,1610612741,0021300079,Layup Shot,1,1,Restricted Area
201959,Taj Gibson,1610612741,0021300079,Layup Shot,1,1,Restricted Area
201959,Taj Gibson,1610612741,0021300079,Layup Shot,1,0,Restricted Area
201959,Taj Gibson,1610612741,0021300079,Layup Shot,1,0,Restricted Area
1737,Nazr Mohammed,1610612741,0021300079,Putback Layup Shot,1,1,Restricted Area
201959,Taj Gibson,1610612741,0021300079,Jump Shot,1,0,Mid-Range
2399,Mike Dunleavy,1610612741,0021300079,Jump Shot,1,0,Mid-Range
2736,Luol Deng,1610612741,0021300079,Running Layup Shot,1,1,Restricted Area
201959,Taj Gibson,1610612741,0021300079,Jump Shot,1,0,In The Paint (Non-RA)
201565,Derrick Rose,1610612741,0021300079,Layup Shot,1,0,Restricted Area
201149,Joakim Noah,1610612741,0021300079,Layup Shot,1,0,Restricted Area
201149,Joakim Noah,1610612741,0021300079,Layup Shot,1,1,Restricted Area
2736,Luol Deng,1610612741,0021300079,Jump Shot,1,1,Mid-Range
201959,Taj Gibson,1610612741,0021300079,Jump Shot,1,0,Mid-Range
201149,Joakim Noah,1610612741,0021300079,Slam Dunk Shot,1,1,Restricted Area
201149,Joakim Noah,1610612741,0021300079,Layup Shot,1,1,Restricted Area
2430,Carlos Boozer,1610612741,0021300079,Turnaround Jump Shot,1,1,Mid-Range
201565,Derrick Rose,1610612741,0021300079,Driving Layup Shot,1,0,Restricted Area
2736,Luol Deng,1610612741,0021300079,Jump Shot,1,0,Mid-Range
2430,Carlos Boozer,1610612741,0021300079,Layup Shot,1,1,Restricted Area
2430,Carlos Boozer,1610612741,0021300079,Hook Shot,1,0,In The Paint (Non-RA)
2736,Luol Deng,1610612741,0021300079,Driving Layup Shot,1,1,Restricted Area
201149,Joakim Noah,1610612741,0021300079,Layup Shot,1,0,Restricted Area
2430,Carlos Boozer,1610612741,0021300079,Finger Roll Layup Shot,1,1,Restricted Area
2430,Carlos Boozer,1610612741,0021300079,Turnaround Jump Shot,1,0,Mid-Range
201565,Derrick Rose,1610612741,0021300079,Layup Shot,1,0,Restricted Area
202710,Jimmy Butler III,1610612741,0021300079,Layup Shot,1,1,Restricted Area
202710,Jimmy Butler III,1610612741,0021300079,Jump Shot,1,0,Right Corner 3
201959,Taj Gibson,1610612741,0021300079,Jump Shot,1,0,In The Paint (Non-RA)
201959,Taj Gibson,1610612741,0021300079,Jump Shot,1,0,In The Paint (Non-RA)
2736,Luol Deng,1610612741,0021300079,Running Dunk Shot,1,1,Restricted Area
2430,Carlos Boozer,1610612741,0021300079,Jump Shot,1,1,Mid-Range
201565,Derrick Rose,1610612741,0021300079,Layup Shot,1,0,Restricted Area
2430,Carlos Boozer,1610612741,0021300079,Layup Shot,1,0,Restricted Area
2430,Carlos Boozer,1610612741,0021300079,Jump Shot,1,0,In The Paint (Non-RA)
2399,Mike Dunleavy,1610612741,0021300079,Driving Layup Shot,1,1,Restricted Area
201959,Taj Gibson,1610612741,0021300079,Slam Dunk Shot,1,1,Restricted Area
2550,Kirk Hinrich,1610612741,0021300079,Running Layup Shot,1,1,Restricted Area
2399,Mike Dunleavy,1610612741,0021300079,Jump Shot,1,1,Left Corner 3
2399,Mike Dunleavy,1610612741,0021300079,Layup Shot,1,0,Restricted Area
1737,Nazr Mohammed,1610612741,0021300079,Putback Dunk Shot,1,1,Restricted Area
201959,Taj Gibson,1610612741,0021300079,Layup Shot,1,0,Restricted Area
2399,Mike Dunleavy,1610612741,0021300079,Layup Shot,1,1,Restricted Area
2550,Kirk Hinrich,1610612741,0021300079,Jump Shot,1,0,Above the Break 3
1737,Nazr Mohammed,1610612741,0021300079,Jump Shot,1,0,In The Paint (Non-RA)
1737,Nazr Mohammed,1610612741,0021300079,Reverse Layup Shot,1,0,Restricted Area
2399,Mike Dunleavy,1610612741,0021300079,Running Jump Shot,1,0,In The Paint (Non-RA)
1737,Nazr Mohammed,1610612741,0021300079,Layup Shot,1,1,Restricted Area
201959,Taj Gibson,1610612741,0021300079,Putback Layup Shot,1,1,Restricted Area
1737,Nazr Mohammed,1610612741,0021300079,Jump Shot,1,0,Mid-Range
203503,Tony Snell,1610612741,0021300079,Running Jump Shot,1,0,In The Paint (Non-RA)
201959,Taj Gibson,1610612741,0021300079,Pullup Jump shot,1,1,In The Paint (Non-RA)
2399,Mike Dunleavy,1610612741,0021300079,Jump Shot,1,1,Mid-Range
203513,Erik Murphy,1610612741,0021300079,Jump Shot,1,0,Mid-Range
2736,Luol Deng,1610612741,0021300102,Jump Shot,1,0,Mid-Range
202710,Jimmy Butler III,1610612741,0021300102,Jump Shot,1,0,Above the Break 3
201565,Derrick Rose,1610612741,0021300102,Jump Shot,1,0,Above the Break 3
2736,Luol Deng,1610612741,0021300102,Jump Shot,1,0,Mid-Range
201565,Derrick Rose,1610612741,0021300102,Driving Jump shot,1,0,In The Paint (Non-RA)
201565,Derrick Rose,1610612741,0021300102,Driving Layup Shot,1,1,Restricted Area
2430,Carlos Boozer,1610612741,0021300102,Turnaround Fadeaway shot,1,1,In The Paint (Non-RA)
202710,Jimmy Butler III,1610612741,0021300102,Jump Shot,1,1,Mid-Range
201565,Derrick Rose,1610612741,0021300102,Jump Bank Shot,1,1,Mid-Range
201149,Joakim Noah,1610612741,0021300102,Dunk Shot,1,1,Restricted Area
202710,Jimmy Butler III,1610612741,0021300102,Running Jump Shot,1,0,Mid-Range
201565,Derrick Rose,1610612741,0021300102,Jump Shot,1,0,Mid-Range
2430,Carlos Boozer,1610612741,0021300102,Jump Shot,1,1,Mid-Range
201149,Joakim Noah,1610612741,0021300102,Layup Shot,1,1,Restricted Area
2736,Luol Deng,1610612741,0021300102,Driving Layup Shot,1,0,Restricted Area
201565,Derrick Rose,1610612741,0021300102,Jump Shot,1,0,Mid-Range
2736,Luol Deng,1610612741,0021300102,Jump Shot,1,0,Restricted Area
201959,Taj Gibson,1610612741,0021300102,Layup Shot,1,0,Restricted Area
2736,Luol Deng,1610612741,0021300102,Dunk Shot,1,1,Restricted Area
2550,Kirk Hinrich,1610612741,0021300102,Jump Shot,1,0,Above the Break 3
2550,Kirk Hinrich,1610612741,0021300102,Jump Shot,1,0,Left Corner 3
2550,Kirk Hinrich,1610612741,0021300102,Jump Shot,1,0,Mid-Range
201959,Taj Gibson,1610612741,0021300102,Jump Shot,1,1,Mid-Range
2736,Luol Deng,1610612741,0021300102,Jump Shot,1,0,Above the Break 3
2399,Mike Dunleavy,1610612741,0021300102,Jump Shot,1,1,Above the Break 3
201959,Taj Gibson,1610612741,0021300102,Layup Shot,1,1,Restricted Area
2550,Kirk Hinrich,1610612741,0021300102,Floating Jump shot,1,0,In The Paint (Non-RA)
2399,Mike Dunleavy,1610612741,0021300102,Jump Shot,1,0,Mid-Range
201565,Derrick Rose,1610612741,0021300102,Jump Shot,1,0,In The Paint (Non-RA)
202710,Jimmy Butler III,1610612741,0021300102,Pullup Jump shot,1,0,Mid-Range
1737,Nazr Mohammed,1610612741,0021300102,Layup Shot,1,0,Restricted Area
1737,Nazr Mohammed,1610612741,0021300102,Tip Shot,1,0,Restricted Area
202710,Jimmy Butler III,1610612741,0021300102,Jump Shot,1,1,Right Corner 3
2430,Carlos Boozer,1610612741,0021300102,Floating Jump shot,1,1,Mid-Range
202710,Jimmy Butler III,1610612741,0021300102,Jump Shot,1,0,Mid-Range
202710,Jimmy Butler III,1610612741,0021300102,Jump Shot,1,0,Right Corner 3
201565,Derrick Rose,1610612741,0021300102,Driving Layup Shot,1,1,Restricted Area
2550,Kirk Hinrich,1610612741,0021300102,Jump Shot,1,1,Right Corner 3
201149,Joakim Noah,1610612741,0021300102,Driving Layup Shot,1,1,Restricted Area
2430,Carlos Boozer,1610612741,0021300102,Jump Shot,1,0,Mid-Range
201565,Derrick Rose,1610612741,0021300102,Layup Shot,1,0,Restricted Area
202710,Jimmy Butler III,1610612741,0021300102,Driving Layup Shot,1,1,Restricted Area
201565,Derrick Rose,1610612741,0021300102,Jump Shot,1,0,Mid-Range
201149,Joakim Noah,1610612741,0021300102,Layup Shot,1,0,Restricted Area
202710,Jimmy Butler III,1610612741,0021300102,Putback Layup Shot,1,1,Restricted Area
202710,Jimmy Butler III,1610612741,0021300102,Jump Shot,1,0,Above the Break 3
2736,Luol Deng,1610612741,0021300102,Jump Shot,1,0,Mid-Range
2430,Carlos Boozer,1610612741,0021300102,Turnaround Fadeaway shot,1,1,In The Paint (Non-RA)
2430,Carlos Boozer,1610612741,0021300102,Jump Shot,1,0,Mid-Range
202710,Jimmy Butler III,1610612741,0021300102,Running Layup Shot,1,0,Restricted Area
201149,Joakim Noah,1610612741,0021300102,Putback Layup Shot,1,1,Restricted Area
2430,Carlos Boozer,1610612741,0021300102,Fadeaway Jump Shot,1,1,Mid-Range
2430,Carlos Boozer,1610612741,0021300102,Hook Shot,1,0,Restricted Area
2736,Luol Deng,1610612741,0021300102,Jump Shot,1,0,Above the Break 3
202710,Jimmy Butler III,1610612741,0021300102,Running Layup Shot,1,0,Restricted Area
202710,Jimmy Butler III,1610612741,0021300102,Jump Shot,1,0,Mid-Range
201565,Derrick Rose,1610612741,0021300102,Jump Bank Shot,1,1,In The Paint (Non-RA)
201565,Derrick Rose,1610612741,0021300102,Jump Shot,1,1,Mid-Range
2399,Mike Dunleavy,1610612741,0021300102,Jump Shot,1,1,Mid-Range
201565,Derrick Rose,1610612741,0021300102,Jump Shot,1,0,Mid-Range
201565,Derrick Rose,1610612741,0021300102,Jump Shot,1,0,In The Paint (Non-RA)
2736,Luol Deng,1610612741,0021300102,Jump Shot,1,0,Mid-Range
201565,Derrick Rose,1610612741,0021300102,Jump Shot,1,1,In The Paint (Non-RA)
201565,Derrick Rose,1610612741,0021300102,Layup Shot,1,0,Restricted Area
201565,Derrick Rose,1610612741,0021300102,Layup Shot,1,0,Restricted Area
201959,Taj Gibson,1610612741,0021300102,Tip Shot,1,0,Restricted Area
201959,Taj Gibson,1610612741,0021300102,Layup Shot,1,0,Restricted Area
2550,Kirk Hinrich,1610612741,0021300102,Jump Shot,1,0,Above the Break 3
201959,Taj Gibson,1610612741,0021300102,Jump Shot,1,0,Mid-Range
201565,Derrick Rose,1610612741,0021300102,Jump Shot,1,0,Above the Break 3
2430,Carlos Boozer,1610612741,0021300102,Jump Shot,1,0,Mid-Range
2430,Carlos Boozer,1610612741,0021300102,Jump Shot,1,1,Mid-Range
2399,Mike Dunleavy,1610612741,0021300102,Jump Shot,1,0,Left Corner 3
201565,Derrick Rose,1610612741,0021300102,Layup Shot,1,1,Restricted Area
2399,Mike Dunleavy,1610612741,0021300102,Jump Shot,1,1,Above the Break 3
201565,Derrick Rose,1610612741,0021300102,Jump Shot,1,0,In The Paint (Non-RA)
201565,Derrick Rose,1610612741,0021300102,Driving Layup Shot,1,1,Restricted Area
2736,Luol Deng,1610612741,0021300102,Jump Shot,1,0,Above the Break 3
2399,Mike Dunleavy,1610612741,0021300102,Jump Shot,1,1,Mid-Range
2736,Luol Deng,1610612741,0021300102,Floating Jump shot,1,1,In The Paint (Non-RA)
2736,Luol Deng,1610612741,0021300102,Running Dunk Shot,1,1,Restricted Area
2430,Carlos Boozer,1610612741,0021300102,Layup Shot,1,1,Restricted Area
201959,Taj Gibson,1610612741,0021300102,Jump Shot,1,1,Mid-Range
2736,Luol Deng,1610612741,0021300126,Jump Shot,1,1,Mid-Range
2430,Carlos Boozer,1610612741,0021300126,Turnaround Fadeaway shot,1,0,In The Paint (Non-RA)
201149,Joakim Noah,1610612741,0021300126,Turnaround Bank Hook Shot,1,1,In The Paint (Non-RA)
2550,Kirk Hinrich,1610612741,0021300126,Jump Shot,1,0,Mid-Range
2550,Kirk Hinrich,1610612741,0021300126,Jump Shot,1,0,Above the Break 3
2430,Carlos Boozer,1610612741,0021300126,Layup Shot,1,0,Restricted Area
2736,Luol Deng,1610612741,0021300126,Running Jump Shot,1,1,Restricted Area
2736,Luol Deng,1610612741,0021300126,Jump Shot,1,0,Mid-Range
201149,Joakim Noah,1610612741,0021300126,Tip Shot,1,1,Restricted Area
202710,Jimmy Butler III,1610612741,0021300126,Jump Shot,1,1,Mid-Range
2430,Carlos Boozer,1610612741,0021300126,Layup Shot,1,1,Restricted Area
2430,Carlos Boozer,1610612741,0021300126,Fadeaway Jump Shot,1,0,Mid-Range
201149,Joakim Noah,1610612741,0021300126,Driving Reverse Layup Shot,1,1,Restricted Area
2430,Carlos Boozer,1610612741,0021300126,Jump Shot,1,1,Mid-Range
2736,Luol Deng,1610612741,0021300126,Jump Shot,1,0,Left Corner 3
2736,Luol Deng,1610612741,0021300126,Pullup Jump shot,1,1,In The Paint (Non-RA)
2430,Carlos Boozer,1610612741,0021300126,Layup Shot,1,1,Restricted Area
2430,Carlos Boozer,1610612741,0021300126,Turnaround Hook Shot,1,1,In The Paint (Non-RA)
2736,Luol Deng,1610612741,0021300126,Jump Shot,1,1,Mid-Range
2550,Kirk Hinrich,1610612741,0021300126,Jump Shot,1,0,Above the Break 3
2550,Kirk Hinrich,1610612741,0021300126,Driving Layup Shot,1,0,In The Paint (Non-RA)
2736,Luol Deng,1610612741,0021300126,Jump Shot,1,0,Mid-Range
203104,Marquis Teague,1610612741,0021300126,Jump Shot,1,0,Mid-Range
203104,Marquis Teague,1610612741,0021300126,Jump Shot,1,1,Mid-Range
2399,Mike Dunleavy,1610612741,0021300126,Jump Shot,1,0,Mid-Range
203104,Marquis Teague,1610612741,0021300126,Driving Jump shot,1,1,Restricted Area
203104,Marquis Teague,1610612741,0021300126,Driving Layup Shot,1,0,In The Paint (Non-RA)
1737,Nazr Mohammed,1610612741,0021300126,Tip Shot,1,1,Restricted Area
201959,Taj Gibson,1610612741,0021300126,Layup Shot,1,0,Restricted Area
1737,Nazr Mohammed,1610612741,0021300126,Jump Hook Shot,1,0,In The Paint (Non-RA)
201959,Taj Gibson,1610612741,0021300126,Putback Dunk Shot,1,1,Restricted Area
201959,Taj Gibson,1610612741,0021300126,Pullup Jump shot,1,1,In The Paint (Non-RA)
201959,Taj Gibson,1610612741,0021300126,Turnaround Bank shot,1,0,Mid-Range
203104,Marquis Teague,1610612741,0021300126,Driving Layup Shot,1,0,Restricted Area
201959,Taj Gibson,1610612741,0021300126,Jump Shot,1,1,Mid-Range
202710,Jimmy Butler III,1610612741,0021300126,Jump Shot,1,0,Mid-Range
2399,Mike Dunleavy,1610612741,0021300126,Jump Shot,1,0,Mid-Range
202710,Jimmy Butler III,1610612741,0021300126,Driving Layup Shot,1,0,Restricted Area
2430,Carlos Boozer,1610612741,0021300126,Fadeaway Jump Shot,1,0,Mid-Range
202710,Jimmy Butler III,1610612741,0021300126,Jump Shot,1,0,Above the Break 3
201149,Joakim Noah,1610612741,0021300126,Tip Shot,1,1,Restricted Area
2736,Luol Deng,1610612741,0021300126,Pullup Jump shot,1,0,Mid-Range
2430,Carlos Boozer,1610612741,0021300126,Driving Hook Shot,1,0,Restricted Area
2430,Carlos Boozer,1610612741,0021300126,Reverse Layup Shot,1,1,Restricted Area
201149,Joakim Noah,1610612741,0021300126,Running Layup Shot,1,1,Restricted Area
2550,Kirk Hinrich,1610612741,0021300126,Jump Shot,1,0,Above the Break 3
201149,Joakim Noah,1610612741,0021300126,Jump Shot,1,0,Mid-Range
2550,Kirk Hinrich,1610612741,0021300126,Jump Shot,1,1,Above the Break 3
2736,Luol Deng,1610612741,0021300126,Jump Shot,1,1,Above the Break 3
2736,Luol Deng,1610612741,0021300126,Jump Shot,1,0,Mid-Range
2430,Carlos Boozer,1610612741,0021300126,Jump Shot,1,0,Mid-Range
202710,Jimmy Butler III,1610612741,0021300126,Jump Shot,1,1,Left Corner 3
2430,Carlos Boozer,1610612741,0021300126,Turnaround Fadeaway shot,1,1,Mid-Range
2550,Kirk Hinrich,1610612741,0021300126,Pullup Jump shot,1,0,Above the Break 3
2736,Luol Deng,1610612741,0021300126,Layup Shot,1,1,Restricted Area
2430,Carlos Boozer,1610612741,0021300126,Jump Shot,1,1,Mid-Range
2430,Carlos Boozer,1610612741,0021300126,Jump Shot,1,0,Mid-Range
2736,Luol Deng,1610612741,0021300126,Driving Finger Roll Layup Shot,1,1,Restricted Area
2430,Carlos Boozer,1610612741,0021300126,Driving Jump shot,1,0,In The Paint (Non-RA)
2550,Kirk Hinrich,1610612741,0021300126,Driving Hook Shot,1,1,In The Paint (Non-RA)
2430,Carlos Boozer,1610612741,0021300126,Jump Shot,1,0,Mid-Range
2550,Kirk Hinrich,1610612741,0021300126,Jump Shot,1,1,Mid-Range
201959,Taj Gibson,1610612741,0021300126,Turnaround Jump Shot,1,0,Mid-Range
2550,Kirk Hinrich,1610612741,0021300126,Jump Shot,1,1,Above the Break 3
2550,Kirk Hinrich,1610612741,0021300126,Jump Shot,1,0,Left Corner 3
2736,Luol Deng,1610612741,0021300126,Jump Shot,1,0,Above the Break 3
2399,Mike Dunleavy,1610612741,0021300126,Jump Shot,1,1,Above the Break 3
201149,Joakim Noah,1610612741,0021300126,Driving Hook Shot,1,1,In The Paint (Non-RA)
201959,Taj Gibson,1610612741,0021300126,Jump Shot,1,0,Mid-Range
201959,Taj Gibson,1610612741,0021300126,Jump Hook Shot,1,0,Restricted Area
201149,Joakim Noah,1610612741,0021300126,Layup Shot,1,0,Restricted Area
202710,Jimmy Butler III,1610612741,0021300126,Tip Shot,1,0,Restricted Area
2399,Mike Dunleavy,1610612741,0021300126,Jump Shot,1,0,Above the Break 3
2399,Mike Dunleavy,1610612741,0021300126,Jump Shot,1,0,In The Paint (Non-RA)
201149,Joakim Noah,1610612741,0021300126,Jump Hook Shot,1,1,In The Paint (Non-RA)
2736,Luol Deng,1610612741,0021300126,Jump Shot,1,0,Mid-Range
201149,Joakim Noah,1610612741,0021300126,Alley Oop Layup shot,1,0,Restricted Area
202710,Jimmy Butler III,1610612741,0021300126,Jump Shot,1,1,Left Corner 3
2736,Luol Deng,1610612741,0021300126,Jump Shot,1,1,Left Corner 3
2399,Mike Dunleavy,1610612741,0021300126,Driving Reverse Layup Shot,1,0,Restricted Area
201565,Derrick Rose,1610612741,0021300140,Jump Shot,1,0,In The Paint (Non-RA)
201565,Derrick Rose,1610612741,0021300140,Jump Shot,1,0,Left Corner 3
2736,Luol Deng,1610612741,0021300140,Jump Shot,1,0,Mid-Range
2430,Carlos Boozer,1610612741,0021300140,Jump Shot,1,0,Mid-Range
2430,Carlos Boozer,1610612741,0021300140,Layup Shot,1,1,Restricted Area
201565,Derrick Rose,1610612741,0021300140,Floating Jump shot,1,1,In The Paint (Non-RA)
201565,Derrick Rose,1610612741,0021300140,Jump Shot,1,1,Above the Break 3
2736,Luol Deng,1610612741,0021300140,Driving Layup Shot,1,1,Restricted Area
202710,Jimmy Butler III,1610612741,0021300140,Jump Shot,1,1,Mid-Range
2736,Luol Deng,1610612741,0021300140,Fadeaway Jump Shot,1,1,In The Paint (Non-RA)
2430,Carlos Boozer,1610612741,0021300140,Jump Shot,1,1,In The Paint (Non-RA)
201149,Joakim Noah,1610612741,0021300140,Jump Shot,1,0,In The Paint (Non-RA)
202710,Jimmy Butler III,1610612741,0021300140,Jump Shot,1,0,Mid-Range
2430,Carlos Boozer,1610612741,0021300140,Jump Shot,1,0,Mid-Range
2736,Luol Deng,1610612741,0021300140,Jump Shot,1,1,Mid-Range
2430,Carlos Boozer,1610612741,0021300140,Jump Shot,1,0,Mid-Range
2736,Luol Deng,1610612741,0021300140,Driving Jump shot,1,1,In The Paint (Non-RA)
2736,Luol Deng,1610612741,0021300140,Floating Jump shot,1,0,In The Paint (Non-RA)
2736,Luol Deng,1610612741,0021300140,Putback Layup Shot,1,1,Restricted Area
201149,Joakim Noah,1610612741,0021300140,Jump Shot,1,0,Mid-Range
201959,Taj Gibson,1610612741,0021300140,Jump Shot,1,0,Mid-Range
201959,Taj Gibson,1610612741,0021300140,Layup Shot,1,0,Restricted Area
201959,Taj Gibson,1610612741,0021300140,Layup Shot,1,1,Restricted Area
201149,Joakim Noah,1610612741,0021300140,Jump Shot,1,0,Restricted Area
201959,Taj Gibson,1610612741,0021300140,Layup Shot,1,1,Restricted Area
201959,Taj Gibson,1610612741,0021300140,Jump Shot,1,0,Mid-Range
2550,Kirk Hinrich,1610612741,0021300140,Jump Shot,1,1,Mid-Range
2736,Luol Deng,1610612741,0021300140,Jump Shot,1,1,In The Paint (Non-RA)
2399,Mike Dunleavy,1610612741,0021300140,Jump Shot,1,1,Above the Break 3
201565,Derrick Rose,1610612741,0021300140,Floating Jump shot,1,0,In The Paint (Non-RA)
201959,Taj Gibson,1610612741,0021300140,Jump Shot,1,0,Mid-Range
201565,Derrick Rose,1610612741,0021300140,Layup Shot,1,0,Restricted Area
201959,Taj Gibson,1610612741,0021300140,Tip Shot,1,1,Restricted Area
1737,Nazr Mohammed,1610612741,0021300140,Turnaround Hook Shot,1,1,In The Paint (Non-RA)
2550,Kirk Hinrich,1610612741,0021300140,Jump Shot,1,1,Above the Break 3
201565,Derrick Rose,1610612741,0021300140,Jump Shot,1,1,Above the Break 3
201565,Derrick Rose,1610612741,0021300140,Jump Shot,1,1,Above the Break 3
2430,Carlos Boozer,1610612741,0021300140,Dunk Shot,1,1,Restricted Area
2550,Kirk Hinrich,1610612741,0021300140,Layup Shot,1,1,Restricted Area
201149,Joakim Noah,1610612741,0021300140,Jump Shot,1,0,Mid-Range
201565,Derrick Rose,1610612741,0021300140,Jump Shot,1,1,Above the Break 3
2550,Kirk Hinrich,1610612741,0021300140,Jump Shot,1,0,Mid-Range
201565,Derrick Rose,1610612741,0021300140,Jump Shot,1,0,Above the Break 3
201565,Derrick Rose,1610612741,0021300140,Reverse Layup Shot,1,0,Restricted Area
2430,Carlos Boozer,1610612741,0021300140,Layup Shot,1,0,Restricted Area
2430,Carlos Boozer,1610612741,0021300140,Jump Shot,1,1,Mid-Range
2736,Luol Deng,1610612741,0021300140,Layup Shot,1,0,Restricted Area
201565,Derrick Rose,1610612741,0021300140,Jump Shot,1,1,Above the Break 3
2736,Luol Deng,1610612741,0021300140,Jump Shot,1,1,Above the Break 3
2736,Luol Deng,1610612741,0021300140,Reverse Layup Shot,1,1,Restricted Area
202710,Jimmy Butler III,1610612741,0021300140,Jump Shot,1,1,Right Corner 3
2736,Luol Deng,1610612741,0021300140,Jump Shot,1,0,Mid-Range
2550,Kirk Hinrich,1610612741,0021300140,Jump Shot,1,0,Above the Break 3
2550,Kirk Hinrich,1610612741,0021300140,Jump Shot,1,0,Mid-Range
2399,Mike Dunleavy,1610612741,0021300140,Jump Shot,1,1,Mid-Range
2550,Kirk Hinrich,1610612741,0021300140,Jump Shot,1,0,Above the Break 3
2399,Mike Dunleavy,1610612741,0021300140,Dunk Shot,1,1,Restricted Area
201959,Taj Gibson,1610612741,0021300140,Turnaround Jump Shot,1,1,Restricted Area
201959,Taj Gibson,1610612741,0021300140,Layup Shot,1,0,Restricted Area
2736,Luol Deng,1610612741,0021300140,Jump Shot,1,0,Above the Break 3
201959,Taj Gibson,1610612741,0021300140,Layup Shot,1,0,Restricted Area
2736,Luol Deng,1610612741,0021300140,Layup Shot,1,0,Restricted Area
201959,Taj Gibson,1610612741,0021300140,Dunk Shot,1,1,Restricted Area
201959,Taj Gibson,1610612741,0021300140,Turnaround Jump Shot,1,1,In The Paint (Non-RA)
2550,Kirk Hinrich,1610612741,0021300140,Layup Shot,1,0,Restricted Area
201149,Joakim Noah,1610612741,0021300140,Jump Shot,1,0,Mid-Range
2399,Mike Dunleavy,1610612741,0021300140,Jump Shot,1,1,Above the Break 3
201149,Joakim Noah,1610612741,0021300140,Layup Shot,1,1,Restricted Area
2399,Mike Dunleavy,1610612741,0021300140,Jump Shot,1,0,In The Paint (Non-RA)
201959,Taj Gibson,1610612741,0021300140,Turnaround Bank shot,1,1,In The Paint (Non-RA)
201565,Derrick Rose,1610612741,0021300140,Jump Shot,1,1,Above the Break 3
2430,Carlos Boozer,1610612741,0021300140,Jump Shot,1,1,Mid-Range
201565,Derrick Rose,1610612741,0021300140,Jump Shot,1,0,Left Corner 3
2430,Carlos Boozer,1610612741,0021300140,Jump Shot,1,0,Mid-Range
2550,Kirk Hinrich,1610612741,0021300140,Layup Shot,1,0,Restricted Area
201565,Derrick Rose,1610612741,0021300140,Jump Shot,1,0,Above the Break 3
2550,Kirk Hinrich,1610612741,0021300140,Layup Shot,1,1,Restricted Area
2430,Carlos Boozer,1610612741,0021300140,Driving Layup Shot,1,1,Restricted Area
201565,Derrick Rose,1610612741,0021300140,Jump Shot,1,0,Left Corner 3
202710,Jimmy Butler III,1610612741,0021300151,Turnaround Jump Shot,1,1,In The Paint (Non-RA)
201149,Joakim Noah,1610612741,0021300151,Turnaround Jump Shot,1,0,In The Paint (Non-RA)
202710,Jimmy Butler III,1610612741,0021300151,Running Layup Shot,1,1,Restricted Area
2430,Carlos Boozer,1610612741,0021300151,Layup Shot,1,0,Restricted Area
2430,Carlos Boozer,1610612741,0021300151,Layup Shot,1,0,Restricted Area
2430,Carlos Boozer,1610612741,0021300151,Fadeaway Jump Shot,1,0,Mid-Range
201565,Derrick Rose,1610612741,0021300151,Jump Shot,1,1,Above the Break 3
2430,Carlos Boozer,1610612741,0021300151,Jump Shot,1,0,In The Paint (Non-RA)
202710,Jimmy Butler III,1610612741,0021300151,Jump Shot,1,1,Right Corner 3
2430,Carlos Boozer,1610612741,0021300151,Jump Shot,1,0,Mid-Range
201149,Joakim Noah,1610612741,0021300151,Tip Shot,1,0,Restricted Area
202710,Jimmy Butler III,1610612741,0021300151,Jump Shot,1,1,Above the Break 3
201565,Derrick Rose,1610612741,0021300151,Jump Shot,1,0,Above the Break 3
2430,Carlos Boozer,1610612741,0021300151,Jump Shot,1,0,In The Paint (Non-RA)
2736,Luol Deng,1610612741,0021300151,Putback Dunk Shot,1,1,Restricted Area
201959,Taj Gibson,1610612741,0021300151,Jump Shot,1,0,Mid-Range
2430,Carlos Boozer,1610612741,0021300151,Jump Shot,1,1,Mid-Range
201959,Taj Gibson,1610612741,0021300151,Jump Shot,1,0,Mid-Range
2550,Kirk Hinrich,1610612741,0021300151,Layup Shot,1,0,Restricted Area
2736,Luol Deng,1610612741,0021300151,Jump Shot,1,1,Mid-Range
201959,Taj Gibson,1610612741,0021300151,Reverse Layup Shot,1,1,Restricted Area
2550,Kirk Hinrich,1610612741,0021300151,Jump Shot,1,1,Mid-Range
2399,Mike Dunleavy,1610612741,0021300151,Jump Shot,1,1,Above the Break 3
201959,Taj Gibson,1610612741,0021300151,Turnaround Jump Shot,1,0,In The Paint (Non-RA)
2736,Luol Deng,1610612741,0021300151,Layup Shot,1,0,Restricted Area
1737,Nazr Mohammed,1610612741,0021300151,Tip Shot,1,0,Restricted Area
2399,Mike Dunleavy,1610612741,0021300151,Jump Shot,1,1,Above the Break 3
2550,Kirk Hinrich,1610612741,0021300151,Layup Shot,1,0,Restricted Area
2399,Mike Dunleavy,1610612741,0021300151,Jump Shot,1,0,Above the Break 3
201565,Derrick Rose,1610612741,0021300151,Jump Shot,1,1,Mid-Range
201565,Derrick Rose,1610612741,0021300151,Jump Shot,1,0,Mid-Range
2430,Carlos Boozer,1610612741,0021300151,Jump Shot,1,0,Mid-Range
201149,Joakim Noah,1610612741,0021300151,Driving Layup Shot,1,1,Restricted Area
201149,Joakim Noah,1610612741,0021300151,Jump Shot,1,0,Mid-Range
2430,Carlos Boozer,1610612741,0021300151,Layup Shot,1,0,Restricted Area
201149,Joakim Noah,1610612741,0021300151,Putback Layup Shot,1,0,Restricted Area
202710,Jimmy Butler III,1610612741,0021300151,Putback Layup Shot,1,0,Restricted Area
201565,Derrick Rose,1610612741,0021300151,Jump Shot,1,0,Mid-Range
201565,Derrick Rose,1610612741,0021300151,Jump Shot,1,0,Above the Break 3
2736,Luol Deng,1610612741,0021300151,Jump Shot,1,0,Mid-Range
2736,Luol Deng,1610612741,0021300151,Jump Shot,1,1,Mid-Range
2430,Carlos Boozer,1610612741,0021300151,Layup Shot,1,1,Restricted Area
202710,Jimmy Butler III,1610612741,0021300151,Jump Shot,1,0,Mid-Range
201565,Derrick Rose,1610612741,0021300151,Reverse Layup Shot,1,0,Restricted Area
201149,Joakim Noah,1610612741,0021300151,Tip Shot,1,1,Restricted Area
201565,Derrick Rose,1610612741,0021300151,Jump Shot,1,0,In The Paint (Non-RA)
2430,Carlos Boozer,1610612741,0021300151,Jump Shot,1,1,Mid-Range
201565,Derrick Rose,1610612741,0021300151,Jump Shot,1,0,In The Paint (Non-RA)
2430,Carlos Boozer,1610612741,0021300151,Jump Shot,1,0,In The Paint (Non-RA)
2430,Carlos Boozer,1610612741,0021300151,Jump Shot,1,0,Mid-Range
2736,Luol Deng,1610612741,0021300151,Jump Shot,1,0,In The Paint (Non-RA)
201565,Derrick Rose,1610612741,0021300151,Jump Shot,1,0,Above the Break 3
2399,Mike Dunleavy,1610612741,0021300151,Jump Shot,1,0,Mid-Range
201959,Taj Gibson,1610612741,0021300151,Driving Layup Shot,1,0,Restricted Area
2399,Mike Dunleavy,1610612741,0021300151,Jump Shot,1,0,Mid-Range
2736,Luol Deng,1610612741,0021300151,Jump Shot,1,0,Above the Break 3
201149,Joakim Noah,1610612741,0021300151,Jump Shot,1,0,In The Paint (Non-RA)
2399,Mike Dunleavy,1610612741,0021300151,Jump Shot,1,0,Mid-Range
201149,Joakim Noah,1610612741,0021300151,Jump Shot,1,0,In The Paint (Non-RA)
2736,Luol Deng,1610612741,0021300151,Jump Shot,1,0,Restricted Area
2550,Kirk Hinrich,1610612741,0021300151,Jump Shot,1,0,Mid-Range
201149,Joakim Noah,1610612741,0021300151,Jump Shot,1,1,Mid-Range
2550,Kirk Hinrich,1610612741,0021300151,Jump Shot,1,0,Mid-Range
201959,Taj Gibson,1610612741,0021300151,Hook Shot,1,1,In The Paint (Non-RA)
2736,Luol Deng,1610612741,0021300151,Layup Shot,1,1,Restricted Area
2430,Carlos Boozer,1610612741,0021300151,Jump Shot,1,0,Mid-Range
2430,Carlos Boozer,1610612741,0021300151,Jump Shot,1,0,Mid-Range
201149,Joakim Noah,1610612741,0021300151,Layup Shot,1,0,Restricted Area
2430,Carlos Boozer,1610612741,0021300151,Tip Shot,1,1,Restricted Area
201565,Derrick Rose,1610612741,0021300151,Jump Shot,1,0,Above the Break 3
201149,Joakim Noah,1610612741,0021300151,Layup Shot,1,1,Restricted Area
2430,Carlos Boozer,1610612741,0021300151,Reverse Layup Shot,1,1,Restricted Area
201565,Derrick Rose,1610612741,0021300151,Jump Bank Shot,1,1,In The Paint (Non-RA)
201565,Derrick Rose,1610612741,0021300151,Driving Layup Shot,1,1,Restricted Area
2736,Luol Deng,1610612741,0021300151,Jump Shot,1,1,Above the Break 3
2736,Luol Deng,1610612741,0021300175,Jump Shot,1,1,Mid-Range
2399,Mike Dunleavy,1610612741,0021300175,Jump Shot,1,0,Right Corner 3
2430,Carlos Boozer,1610612741,0021300175,Putback Layup Shot,1,0,Restricted Area
201149,Joakim Noah,1610612741,0021300175,Tip Shot,1,0,Restricted Area
2430,Carlos Boozer,1610612741,0021300175,Fadeaway Jump Shot,1,0,Mid-Range
201565,Derrick Rose,1610612741,0021300175,Driving Layup Shot,1,1,Restricted Area
201149,Joakim Noah,1610612741,0021300175,Tip Shot,1,1,Restricted Area
2736,Luol Deng,1610612741,0021300175,Hook Shot,1,0,In The Paint (Non-RA)
2399,Mike Dunleavy,1610612741,0021300175,Layup Shot,1,0,Restricted Area
2430,Carlos Boozer,1610612741,0021300175,Jump Shot,1,0,Mid-Range
2399,Mike Dunleavy,1610612741,0021300175,Jump Shot,1,1,Mid-Range
2430,Carlos Boozer,1610612741,0021300175,Jump Shot,1,1,Mid-Range
201565,Derrick Rose,1610612741,0021300175,Layup Shot,1,1,Restricted Area
2736,Luol Deng,1610612741,0021300175,Jump Shot,1,0,Mid-Range
2430,Carlos Boozer,1610612741,0021300175,Jump Shot,1,0,In The Paint (Non-RA)
2736,Luol Deng,1610612741,0021300175,Tip Shot,1,0,Restricted Area
201149,Joakim Noah,1610612741,0021300175,Tip Shot,1,1,Restricted Area
2430,Carlos Boozer,1610612741,0021300175,Turnaround Jump Shot,1,1,In The Paint (Non-RA)
2430,Carlos Boozer,1610612741,0021300175,Dunk Shot,1,1,Restricted Area
201565,Derrick Rose,1610612741,0021300175,Step Back Jump shot,1,0,Mid-Range
201565,Derrick Rose,1610612741,0021300175,Driving Layup Shot,1,1,Restricted Area
2736,Luol Deng,1610612741,0021300175,Jump Shot,1,0,Mid-Range
2430,Carlos Boozer,1610612741,0021300175,Jump Shot,1,0,Mid-Range
201959,Taj Gibson,1610612741,0021300175,Turnaround Jump Shot,1,1,Mid-Range
2430,Carlos Boozer,1610612741,0021300175,Jump Shot,1,1,Mid-Range
203104,Marquis Teague,1610612741,0021300175,Jump Shot,1,0,In The Paint (Non-RA)
201959,Taj Gibson,1610612741,0021300175,Jump Shot,1,0,Mid-Range
203104,Marquis Teague,1610612741,0021300175,Layup Shot,1,0,Restricted Area
2736,Luol Deng,1610612741,0021300175,Layup Shot,1,0,Restricted Area
201565,Derrick Rose,1610612741,0021300175,Jump Shot,1,0,In The Paint (Non-RA)
201565,Derrick Rose,1610612741,0021300175,Putback Layup Shot,1,1,Restricted Area
201565,Derrick Rose,1610612741,0021300175,Floating Jump shot,1,1,Mid-Range
201565,Derrick Rose,1610612741,0021300175,Jump Shot,1,1,Above the Break 3
201149,Joakim Noah,1610612741,0021300175,Hook Shot,1,0,Mid-Range
201565,Derrick Rose,1610612741,0021300175,Jump Bank Shot,1,0,Mid-Range
201565,Derrick Rose,1610612741,0021300175,Jump Bank Shot,1,1,Mid-Range
2399,Mike Dunleavy,1610612741,0021300175,Layup Shot,1,0,Restricted Area
2430,Carlos Boozer,1610612741,0021300175,Jump Shot,1,0,In The Paint (Non-RA)
2430,Carlos Boozer,1610612741,0021300175,Layup Shot,1,1,Restricted Area
2399,Mike Dunleavy,1610612741,0021300175,Layup Shot,1,1,Restricted Area
201149,Joakim Noah,1610612741,0021300175,Driving Layup Shot,1,1,Restricted Area
2430,Carlos Boozer,1610612741,0021300175,Jump Shot,1,0,Mid-Range
2550,Kirk Hinrich,1610612741,0021300175,Jump Shot,1,0,Above the Break 3
201565,Derrick Rose,1610612741,0021300175,Jump Shot,1,0,Mid-Range
201149,Joakim Noah,1610612741,0021300175,Layup Shot,1,0,Restricted Area
2430,Carlos Boozer,1610612741,0021300175,Tip Shot,1,1,Restricted Area
2736,Luol Deng,1610612741,0021300175,Jump Shot,1,0,Restricted Area
2736,Luol Deng,1610612741,0021300175,Putback Layup Shot,1,1,Restricted Area
201565,Derrick Rose,1610612741,0021300175,Jump Shot,1,0,Mid-Range
2430,Carlos Boozer,1610612741,0021300175,Layup Shot,1,0,Restricted Area
201149,Joakim Noah,1610612741,0021300175,Tip Shot,1,1,Restricted Area
201565,Derrick Rose,1610612741,0021300175,Driving Finger Roll Layup Shot,1,1,Restricted Area
2430,Carlos Boozer,1610612741,0021300175,Fadeaway Jump Shot,1,0,Mid-Range
201149,Joakim Noah,1610612741,0021300175,Layup Shot,1,0,Restricted Area
2736,Luol Deng,1610612741,0021300175,Jump Shot,1,0,Mid-Range
201565,Derrick Rose,1610612741,0021300175,Jump Shot,1,0,Mid-Range
2430,Carlos Boozer,1610612741,0021300175,Jump Shot,1,0,In The Paint (Non-RA)
201565,Derrick Rose,1610612741,0021300175,Jump Shot,1,0,In The Paint (Non-RA)
2736,Luol Deng,1610612741,0021300175,Turnaround Jump Shot,1,0,In The Paint (Non-RA)
2736,Luol Deng,1610612741,0021300175,Layup Shot,1,1,Restricted Area
201565,Derrick Rose,1610612741,0021300175,Driving Layup Shot,1,1,Restricted Area
2736,Luol Deng,1610612741,0021300175,Jump Shot,1,0,In The Paint (Non-RA)
201565,Derrick Rose,1610612741,0021300175,Jump Shot,1,0,Mid-Range
2430,Carlos Boozer,1610612741,0021300175,Jump Shot,1,0,Mid-Range
2430,Carlos Boozer,1610612741,0021300175,Driving Layup Shot,1,1,Restricted Area
2736,Luol Deng,1610612741,0021300175,Jump Shot,1,0,Mid-Range
201959,Taj Gibson,1610612741,0021300175,Jump Shot,1,1,Mid-Range
201959,Taj Gibson,1610612741,0021300175,Jump Shot,1,0,Mid-Range
2736,Luol Deng,1610612741,0021300175,Putback Layup Shot,1,0,Restricted Area
201959,Taj Gibson,1610612741,0021300175,Putback Dunk Shot,1,1,Restricted Area
203104,Marquis Teague,1610612741,0021300175,Layup Shot,1,0,Restricted Area
2736,Luol Deng,1610612741,0021300175,Jump Shot,1,0,In The Paint (Non-RA)
2736,Luol Deng,1610612741,0021300175,Jump Shot,1,0,In The Paint (Non-RA)
201959,Taj Gibson,1610612741,0021300175,Turnaround Jump Shot,1,0,Mid-Range
201565,Derrick Rose,1610612741,0021300175,Jump Shot,1,0,Restricted Area
2736,Luol Deng,1610612741,0021300175,Jump Shot,1,0,Above the Break 3
201959,Taj Gibson,1610612741,0021300175,Tip Shot,1,0,Restricted Area
201959,Taj Gibson,1610612741,0021300175,Layup Shot,1,0,Restricted Area
201565,Derrick Rose,1610612741,0021300175,Jump Shot,1,0,Mid-Range
2736,Luol Deng,1610612741,0021300175,Layup Shot,1,0,Restricted Area
2550,Kirk Hinrich,1610612741,0021300175,Floating Jump shot,1,1,In The Paint (Non-RA)
201565,Derrick Rose,1610612741,0021300175,Jump Shot,1,0,Above the Break 3
2550,Kirk Hinrich,1610612741,0021300175,Jump Shot,1,0,Above the Break 3
2399,Mike Dunleavy,1610612741,0021300175,Jump Shot,1,1,Above the Break 3
2550,Kirk Hinrich,1610612741,0021300175,Driving Layup Shot,1,1,Restricted Area
201149,Joakim Noah,1610612741,0021300175,Jump Shot,1,0,Mid-Range
2399,Mike Dunleavy,1610612741,0021300175,Jump Shot,1,0,Above the Break 3
203104,Marquis Teague,1610612741,0021300175,Layup Shot,1,1,Restricted Area
2399,Mike Dunleavy,1610612741,0021300175,Jump Shot,1,1,Mid-Range
2399,Mike Dunleavy,1610612741,0021300175,Layup Shot,1,1,Restricted Area
2399,Mike Dunleavy,1610612741,0021300175,Jump Shot,1,1,Above the Break 3
201149,Joakim Noah,1610612741,0021300175,Layup Shot,1,0,Restricted Area
201959,Taj Gibson,1610612741,0021300175,Layup Shot,1,1,Restricted Area
2399,Mike Dunleavy,1610612741,0021300175,Jump Shot,1,0,Above the Break 3
2550,Kirk Hinrich,1610612741,0021300175,Jump Shot,1,1,Mid-Range
203104,Marquis Teague,1610612741,0021300175,Driving Layup Shot,1,0,In The Paint (Non-RA)
1737,Nazr Mohammed,1610612741,0021300175,Jump Shot,1,0,Mid-Range
203503,Tony Snell,1610612741,0021300175,Driving Layup Shot,1,1,Restricted Area
2430,Carlos Boozer,1610612741,0021300185,Jump Shot,1,1,Mid-Range
2430,Carlos Boozer,1610612741,0021300185,Jump Shot,1,0,Mid-Range
201565,Derrick Rose,1610612741,0021300185,Jump Shot,1,0,In The Paint (Non-RA)
2430,Carlos Boozer,1610612741,0021300185,Jump Bank Shot,1,1,In The Paint (Non-RA)
2430,Carlos Boozer,1610612741,0021300185,Jump Shot,1,0,In The Paint (Non-RA)
201565,Derrick Rose,1610612741,0021300185,Jump Shot,1,0,Mid-Range
201149,Joakim Noah,1610612741,0021300185,Hook Shot,1,1,In The Paint (Non-RA)
201565,Derrick Rose,1610612741,0021300185,Driving Layup Shot,1,1,Restricted Area
201565,Derrick Rose,1610612741,0021300185,Layup Shot,1,1,Restricted Area
2399,Mike Dunleavy,1610612741,0021300185,Jump Shot,1,1,Above the Break 3
201565,Derrick Rose,1610612741,0021300185,Jump Shot,1,0,In The Paint (Non-RA)
2399,Mike Dunleavy,1610612741,0021300185,Jump Shot,1,0,Restricted Area
2736,Luol Deng,1610612741,0021300185,Layup Shot,1,1,Restricted Area
201149,Joakim Noah,1610612741,0021300185,Hook Shot,1,1,In The Paint (Non-RA)
201565,Derrick Rose,1610612741,0021300185,Jump Shot,1,0,In The Paint (Non-RA)
2736,Luol Deng,1610612741,0021300185,Putback Layup Shot,1,1,Restricted Area
201565,Derrick Rose,1610612741,0021300185,Layup Shot,1,0,Restricted Area
2736,Luol Deng,1610612741,0021300185,Layup Shot,1,1,Restricted Area
2430,Carlos Boozer,1610612741,0021300185,Jump Shot,1,0,Mid-Range
201565,Derrick Rose,1610612741,0021300185,Jump Shot,1,0,In The Paint (Non-RA)
201565,Derrick Rose,1610612741,0021300185,Jump Shot,1,0,In The Paint (Non-RA)
2736,Luol Deng,1610612741,0021300185,Jump Shot,1,0,Mid-Range
2736,Luol Deng,1610612741,0021300185,Layup Shot,1,1,Restricted Area
2550,Kirk Hinrich,1610612741,0021300185,Jump Shot,1,0,Above the Break 3
201959,Taj Gibson,1610612741,0021300185,Dunk Shot,1,1,Restricted Area
2550,Kirk Hinrich,1610612741,0021300185,Jump Shot,1,1,Mid-Range
201959,Taj Gibson,1610612741,0021300185,Layup Shot,1,0,Restricted Area
203104,Marquis Teague,1610612741,0021300185,Driving Layup Shot,1,1,Restricted Area
203104,Marquis Teague,1610612741,0021300185,Jump Shot,1,0,Mid-Range
201959,Taj Gibson,1610612741,0021300185,Jump Shot,1,0,In The Paint (Non-RA)
2736,Luol Deng,1610612741,0021300185,Layup Shot,1,1,Restricted Area
201565,Derrick Rose,1610612741,0021300185,Layup Shot,1,1,Restricted Area
201565,Derrick Rose,1610612741,0021300185,Layup Shot,1,1,Restricted Area
201959,Taj Gibson,1610612741,0021300185,Jump Shot,1,0,Mid-Range
201565,Derrick Rose,1610612741,0021300185,Jump Shot,1,1,Above the Break 3
201565,Derrick Rose,1610612741,0021300185,Jump Shot,1,0,Above the Break 3
201565,Derrick Rose,1610612741,0021300185,Jump Shot,1,0,Mid-Range
2430,Carlos Boozer,1610612741,0021300185,Jump Shot,1,0,Mid-Range
2430,Carlos Boozer,1610612741,0021300185,Running Jump Shot,1,1,Restricted Area
2550,Kirk Hinrich,1610612741,0021300185,Running Jump Shot,1,0,In The Paint (Non-RA)
2550,Kirk Hinrich,1610612741,0021300185,Jump Shot,1,0,Mid-Range
201565,Derrick Rose,1610612741,0021300185,Layup Shot,1,0,Restricted Area
2430,Carlos Boozer,1610612741,0021300185,Putback Layup Shot,1,1,Restricted Area
2736,Luol Deng,1610612741,0021300185,Layup Shot,1,0,Restricted Area
2736,Luol Deng,1610612741,0021300185,Layup Shot,1,0,Restricted Area
2430,Carlos Boozer,1610612741,0021300185,Putback Layup Shot,1,1,Restricted Area
201565,Derrick Rose,1610612741,0021300185,Jump Shot,1,0,Above the Break 3
201149,Joakim Noah,1610612741,0021300185,Layup Shot,1,0,Restricted Area
201149,Joakim Noah,1610612741,0021300185,Layup Shot,1,1,Restricted Area
201565,Derrick Rose,1610612741,0021300185,Jump Shot,1,1,Above the Break 3
201149,Joakim Noah,1610612741,0021300185,Layup Shot,1,0,Restricted Area
2430,Carlos Boozer,1610612741,0021300185,Jump Shot,1,1,Mid-Range
201565,Derrick Rose,1610612741,0021300185,Layup Shot,1,0,Restricted Area
2736,Luol Deng,1610612741,0021300185,Jump Shot,1,0,In The Paint (Non-RA)
2550,Kirk Hinrich,1610612741,0021300185,Running Jump Shot,1,1,In The Paint (Non-RA)
201565,Derrick Rose,1610612741,0021300185,Jump Shot,1,0,Above the Break 3
2736,Luol Deng,1610612741,0021300185,Jump Shot,1,0,Restricted Area
201149,Joakim Noah,1610612741,0021300185,Layup Shot,1,0,Restricted Area
2550,Kirk Hinrich,1610612741,0021300185,Jump Shot,1,0,Mid-Range
201959,Taj Gibson,1610612741,0021300185,Hook Shot,1,1,In The Paint (Non-RA)
201959,Taj Gibson,1610612741,0021300185,Jump Shot,1,0,Mid-Range
2736,Luol Deng,1610612741,0021300185,Layup Shot,1,0,Restricted Area
201959,Taj Gibson,1610612741,0021300185,Jump Shot,1,0,Mid-Range
2399,Mike Dunleavy,1610612741,0021300185,Jump Shot,1,1,Right Corner 3
201959,Taj Gibson,1610612741,0021300185,Jump Shot,1,0,Mid-Range
2736,Luol Deng,1610612741,0021300185,Jump Shot,1,0,In The Paint (Non-RA)
2399,Mike Dunleavy,1610612741,0021300185,Jump Shot,1,0,Above the Break 3
2550,Kirk Hinrich,1610612741,0021300185,Jump Shot,1,0,Mid-Range
2550,Kirk Hinrich,1610612741,0021300185,Layup Shot,1,0,Restricted Area
2736,Luol Deng,1610612741,0021300185,Jump Shot,1,0,Above the Break 3
2399,Mike Dunleavy,1610612741,0021300185,Jump Shot,1,1,Mid-Range
2736,Luol Deng,1610612741,0021300185,Jump Shot,1,0,In The Paint (Non-RA)
1737,Nazr Mohammed,1610612741,0021300185,Layup Shot,1,0,Restricted Area
2736,Luol Deng,1610612741,0021300185,Putback Layup Shot,1,1,Restricted Area
201959,Taj Gibson,1610612741,0021300185,Jump Shot,1,1,Mid-Range
2550,Kirk Hinrich,1610612741,0021300185,Jump Shot,1,1,Above the Break 3
2550,Kirk Hinrich,1610612741,0021300185,Layup Shot,1,1,Restricted Area
2736,Luol Deng,1610612741,0021300185,Jump Shot,1,0,Mid-Range
201959,Taj Gibson,1610612741,0021300185,Jump Shot,1,0,Mid-Range
2550,Kirk Hinrich,1610612741,0021300185,Jump Shot,1,0,Above the Break 3
2550,Kirk Hinrich,1610612741,0021300185,Layup Shot,1,0,Restricted Area
2399,Mike Dunleavy,1610612741,0021300185,Jump Shot,1,0,Above the Break 3
2736,Luol Deng,1610612741,0021300185,Jump Shot,1,0,Above the Break 3
201149,Joakim Noah,1610612741,0021300198,Jump Shot,1,1,Restricted Area
2430,Carlos Boozer,1610612741,0021300198,Jump Shot,1,0,Mid-Range
2550,Kirk Hinrich,1610612741,0021300198,Floating Jump shot,1,0,In The Paint (Non-RA)
201149,Joakim Noah,1610612741,0021300198,Jump Shot,1,1,Mid-Range
2736,Luol Deng,1610612741,0021300198,Jump Shot,1,0,Mid-Range
2399,Mike Dunleavy,1610612741,0021300198,Layup Shot,1,1,Restricted Area
2430,Carlos Boozer,1610612741,0021300198,Jump Shot,1,1,Mid-Range
2430,Carlos Boozer,1610612741,0021300198,Jump Shot,1,1,Mid-Range
2399,Mike Dunleavy,1610612741,0021300198,Jump Shot,1,1,Above the Break 3
2399,Mike Dunleavy,1610612741,0021300198,Jump Shot,1,0,Right Corner 3
2430,Carlos Boozer,1610612741,0021300198,Layup Shot,1,0,Restricted Area
2550,Kirk Hinrich,1610612741,0021300198,Jump Shot,1,1,Mid-Range
2430,Carlos Boozer,1610612741,0021300198,Jump Shot,1,1,Mid-Range
2550,Kirk Hinrich,1610612741,0021300198,Jump Shot,1,0,Above the Break 3
2736,Luol Deng,1610612741,0021300198,Jump Shot,1,0,Above the Break 3
2736,Luol Deng,1610612741,0021300198,Driving Layup Shot,1,1,Restricted Area
2430,Carlos Boozer,1610612741,0021300198,Jump Shot,1,1,Mid-Range
2736,Luol Deng,1610612741,0021300198,Driving Layup Shot,1,1,Restricted Area
201959,Taj Gibson,1610612741,0021300198,Layup Shot,1,0,Restricted Area
2430,Carlos Boozer,1610612741,0021300198,Turnaround Jump Shot,1,0,Mid-Range
201959,Taj Gibson,1610612741,0021300198,Tip Shot,1,0,Restricted Area
2736,Luol Deng,1610612741,0021300198,Pullup Jump shot,1,0,In The Paint (Non-RA)
2430,Carlos Boozer,1610612741,0021300198,Tip Shot,1,0,Restricted Area
201959,Taj Gibson,1610612741,0021300198,Reverse Layup Shot,1,1,Restricted Area
2736,Luol Deng,1610612741,0021300198,Turnaround Jump Shot,1,1,Mid-Range
201959,Taj Gibson,1610612741,0021300198,Jump Shot,1,0,In The Paint (Non-RA)
201959,Taj Gibson,1610612741,0021300198,Reverse Layup Shot,1,1,Restricted Area
203104,Marquis Teague,1610612741,0021300198,Jump Shot,1,0,Mid-Range
201959,Taj Gibson,1610612741,0021300198,Jump Shot,1,1,Mid-Range
201149,Joakim Noah,1610612741,0021300198,Turnaround Bank shot,1,1,In The Paint (Non-RA)
203503,Tony Snell,1610612741,0021300198,Jump Shot,1,0,Above the Break 3
2550,Kirk Hinrich,1610612741,0021300198,Jump Shot,1,0,In The Paint (Non-RA)
2399,Mike Dunleavy,1610612741,0021300198,Jump Shot,1,1,Above the Break 3
2550,Kirk Hinrich,1610612741,0021300198,Jump Shot,1,1,Mid-Range
2399,Mike Dunleavy,1610612741,0021300198,Turnaround Jump Shot,1,0,Mid-Range
201149,Joakim Noah,1610612741,0021300198,Hook Shot,1,0,In The Paint (Non-RA)
2430,Carlos Boozer,1610612741,0021300198,Hook Shot,1,0,In The Paint (Non-RA)
2430,Carlos Boozer,1610612741,0021300198,Jump Shot,1,0,Mid-Range
2550,Kirk Hinrich,1610612741,0021300198,Jump Shot,1,1,Right Corner 3
2430,Carlos Boozer,1610612741,0021300198,Layup Shot,1,0,Restricted Area
201149,Joakim Noah,1610612741,0021300198,Hook Shot,1,0,In The Paint (Non-RA)
2736,Luol Deng,1610612741,0021300198,Step Back Jump shot,1,1,Mid-Range
2399,Mike Dunleavy,1610612741,0021300198,Jump Shot,1,1,Mid-Range
2430,Carlos Boozer,1610612741,0021300198,Jump Shot,1,1,Mid-Range
2736,Luol Deng,1610612741,0021300198,Jump Shot,1,1,Right Corner 3
2430,Carlos Boozer,1610612741,0021300198,Slam Dunk Shot,1,1,Restricted Area
2736,Luol Deng,1610612741,0021300198,Running Hook Shot,1,1,In The Paint (Non-RA)
201149,Joakim Noah,1610612741,0021300198,Running Bank Hook Shot,1,1,In The Paint (Non-RA)
2736,Luol Deng,1610612741,0021300198,Jump Shot,1,0,Restricted Area
2399,Mike Dunleavy,1610612741,0021300198,Jump Shot,1,1,In The Paint (Non-RA)
201959,Taj Gibson,1610612741,0021300198,Jump Shot,1,0,Mid-Range
201959,Taj Gibson,1610612741,0021300198,Jump Shot,1,0,Restricted Area
2550,Kirk Hinrich,1610612741,0021300198,Jump Shot,1,0,Above the Break 3
2736,Luol Deng,1610612741,0021300198,Turnaround Jump Shot,1,0,In The Paint (Non-RA)
201959,Taj Gibson,1610612741,0021300198,Layup Shot,1,0,Restricted Area
1737,Nazr Mohammed,1610612741,0021300198,Tip Shot,1,1,Restricted Area
201959,Taj Gibson,1610612741,0021300198,Jump Shot,1,0,Mid-Range
1737,Nazr Mohammed,1610612741,0021300198,Jump Shot,1,0,Mid-Range
2399,Mike Dunleavy,1610612741,0021300198,Jump Shot,1,0,Above the Break 3
201959,Taj Gibson,1610612741,0021300198,Jump Shot,1,0,Mid-Range
2399,Mike Dunleavy,1610612741,0021300198,Jump Shot,1,1,Mid-Range
203104,Marquis Teague,1610612741,0021300198,Jump Shot,1,0,In The Paint (Non-RA)
203104,Marquis Teague,1610612741,0021300198,Running Layup Shot,1,0,In The Paint (Non-RA)
201959,Taj Gibson,1610612741,0021300198,Jump Shot,1,0,Mid-Range
201959,Taj Gibson,1610612741,0021300198,Jump Shot,1,0,Mid-Range
203104,Marquis Teague,1610612741,0021300198,Jump Shot,1,0,Above the Break 3
1737,Nazr Mohammed,1610612741,0021300198,Step Back Jump shot,1,0,In The Paint (Non-RA)
2229,Mike James,1610612741,0021300198,Jump Shot,1,0,In The Paint (Non-RA)
1737,Nazr Mohammed,1610612741,0021300198,Dunk Shot,1,0,Restricted Area
203513,Erik Murphy,1610612741,0021300198,Jump Bank Shot,1,0,In The Paint (Non-RA)
203104,Marquis Teague,1610612741,0021300198,Putback Dunk Shot,1,0,Restricted Area
203503,Tony Snell,1610612741,0021300198,Driving Layup Shot,1,1,Restricted Area
203104,Marquis Teague,1610612741,0021300198,Layup Shot,1,0,Restricted Area
1737,Nazr Mohammed,1610612741,0021300198,Layup Shot,1,0,Restricted Area
203503,Tony Snell,1610612741,0021300198,Layup Shot,1,0,Restricted Area
203104,Marquis Teague,1610612741,0021300198,Jump Shot,1,0,Mid-Range
1737,Nazr Mohammed,1610612741,0021300198,Reverse Layup Shot,1,1,Restricted Area
2229,Mike James,1610612741,0021300198,Jump Shot,1,0,Above the Break 3
203513,Erik Murphy,1610612741,0021300198,Jump Shot,1,0,Mid-Range
2229,Mike James,1610612741,0021300198,Jump Shot,1,0,Mid-Range
203503,Tony Snell,1610612741,0021300198,Running Jump Shot,1,1,In The Paint (Non-RA)
2736,Luol Deng,1610612741,0021300209,Jump Shot,1,0,Restricted Area
201149,Joakim Noah,1610612741,0021300209,Tip Shot,1,0,Restricted Area
2430,Carlos Boozer,1610612741,0021300209,Turnaround Jump Shot,1,1,Restricted Area
2430,Carlos Boozer,1610612741,0021300209,Jump Shot,1,0,In The Paint (Non-RA)
2736,Luol Deng,1610612741,0021300209,Running Jump Shot,1,1,Restricted Area
203503,Tony Snell,1610612741,0021300209,Jump Shot,1,0,Above the Break 3
203503,Tony Snell,1610612741,0021300209,Driving Layup Shot,1,1,Restricted Area
2736,Luol Deng,1610612741,0021300209,Fadeaway Jump Shot,1,1,In The Paint (Non-RA)
2550,Kirk Hinrich,1610612741,0021300209,Jump Shot,1,0,Mid-Range
203503,Tony Snell,1610612741,0021300209,Jump Shot,1,0,Above the Break 3
2550,Kirk Hinrich,1610612741,0021300209,Layup Shot,1,0,Restricted Area
201149,Joakim Noah,1610612741,0021300209,Tip Shot,1,0,Restricted Area
201149,Joakim Noah,1610612741,0021300209,Tip Shot,1,1,Restricted Area
203503,Tony Snell,1610612741,0021300209,Running Jump Shot,1,1,In The Paint (Non-RA)
2430,Carlos Boozer,1610612741,0021300209,Layup Shot,1,0,Restricted Area
201149,Joakim Noah,1610612741,0021300209,Layup Shot,1,0,Restricted Area
2430,Carlos Boozer,1610612741,0021300209,Layup Shot,1,0,Restricted Area
2430,Carlos Boozer,1610612741,0021300209,Slam Dunk Shot,1,1,Restricted Area
2430,Carlos Boozer,1610612741,0021300209,Jump Shot,1,1,In The Paint (Non-RA)
2430,Carlos Boozer,1610612741,0021300209,Jump Shot,1,1,In The Paint (Non-RA)
2430,Carlos Boozer,1610612741,0021300209,Jump Shot,1,0,Mid-Range
201959,Taj Gibson,1610612741,0021300209,Running Jump Shot,1,0,In The Paint (Non-RA)
2736,Luol Deng,1610612741,0021300209,Jump Shot,1,1,Mid-Range
2399,Mike Dunleavy,1610612741,0021300209,Jump Shot,1,0,Mid-Range
203104,Marquis Teague,1610612741,0021300209,Jump Shot,1,0,Above the Break 3
2736,Luol Deng,1610612741,0021300209,Jump Shot,1,0,Above the Break 3
2399,Mike Dunleavy,1610612741,0021300209,Layup Shot,1,1,Restricted Area
201959,Taj Gibson,1610612741,0021300209,Reverse Layup Shot,1,0,Restricted Area
2399,Mike Dunleavy,1610612741,0021300209,Jump Shot,1,0,Mid-Range
201959,Taj Gibson,1610612741,0021300209,Jump Shot,1,0,Mid-Range
201149,Joakim Noah,1610612741,0021300209,Jump Shot,1,1,In The Paint (Non-RA)
2430,Carlos Boozer,1610612741,0021300209,Turnaround Fadeaway shot,1,0,Mid-Range
2430,Carlos Boozer,1610612741,0021300209,Jump Hook Shot,1,0,In The Paint (Non-RA)
2399,Mike Dunleavy,1610612741,0021300209,Jump Shot,1,0,Mid-Range
2399,Mike Dunleavy,1610612741,0021300209,Jump Shot,1,0,In The Paint (Non-RA)
201959,Taj Gibson,1610612741,0021300209,Layup Shot,1,1,Restricted Area
2430,Carlos Boozer,1610612741,0021300209,Layup Shot,1,1,Restricted Area
2229,Mike James,1610612741,0021300209,Driving Layup Shot,1,1,In The Paint (Non-RA)
2229,Mike James,1610612741,0021300209,Jump Shot,1,0,Mid-Range
2736,Luol Deng,1610612741,0021300209,Jump Shot,1,0,In The Paint (Non-RA)
201149,Joakim Noah,1610612741,0021300209,Running Jump Shot,1,1,Restricted Area
2736,Luol Deng,1610612741,0021300209,Jump Shot,1,1,Mid-Range
2736,Luol Deng,1610612741,0021300209,Jump Shot,1,0,Mid-Range
203503,Tony Snell,1610612741,0021300209,Jump Shot,1,1,Above the Break 3
2430,Carlos Boozer,1610612741,0021300209,Jump Shot,1,1,Mid-Range
203503,Tony Snell,1610612741,0021300209,Jump Shot,1,0,Above the Break 3
201149,Joakim Noah,1610612741,0021300209,Jump Hook Shot,1,0,In The Paint (Non-RA)
2430,Carlos Boozer,1610612741,0021300209,Jump Shot,1,0,In The Paint (Non-RA)
2430,Carlos Boozer,1610612741,0021300209,Jump Shot,1,0,In The Paint (Non-RA)
201149,Joakim Noah,1610612741,0021300209,Layup Shot,1,1,Restricted Area
2430,Carlos Boozer,1610612741,0021300209,Fadeaway Jump Shot,1,1,Mid-Range
2550,Kirk Hinrich,1610612741,0021300209,Jump Shot,1,0,Mid-Range
2430,Carlos Boozer,1610612741,0021300209,Layup Shot,1,1,Restricted Area
2399,Mike Dunleavy,1610612741,0021300209,Jump Shot,1,0,Above the Break 3
201959,Taj Gibson,1610612741,0021300209,Jump Bank Shot,1,0,In The Paint (Non-RA)
2430,Carlos Boozer,1610612741,0021300209,Layup Shot,1,1,Restricted Area
2736,Luol Deng,1610612741,0021300209,Jump Shot,1,0,Above the Break 3
201959,Taj Gibson,1610612741,0021300209,Jump Shot,1,0,In The Paint (Non-RA)
2736,Luol Deng,1610612741,0021300209,Fadeaway Jump Shot,1,1,In The Paint (Non-RA)
2736,Luol Deng,1610612741,0021300209,Jump Shot,1,1,In The Paint (Non-RA)
201959,Taj Gibson,1610612741,0021300209,Tip Shot,1,1,Restricted Area
2736,Luol Deng,1610612741,0021300209,Jump Shot,1,0,In The Paint (Non-RA)
201959,Taj Gibson,1610612741,0021300209,Slam Dunk Shot,1,1,Restricted Area
2736,Luol Deng,1610612741,0021300209,Turnaround Jump Shot,1,0,Mid-Range
2399,Mike Dunleavy,1610612741,0021300209,Jump Shot,1,0,Above the Break 3
2430,Carlos Boozer,1610612741,0021300209,Jump Shot,1,1,Mid-Range
2430,Carlos Boozer,1610612741,0021300209,Jump Shot,1,0,Mid-Range
203503,Tony Snell,1610612741,0021300209,Jump Shot,1,0,Above the Break 3
2550,Kirk Hinrich,1610612741,0021300209,Driving Layup Shot,1,0,In The Paint (Non-RA)
2736,Luol Deng,1610612741,0021300209,Jump Shot,1,1,Mid-Range
2736,Luol Deng,1610612741,0021300209,Jump Shot,1,0,Mid-Range
2736,Luol Deng,1610612741,0021300209,Jump Shot,1,0,In The Paint (Non-RA)
2430,Carlos Boozer,1610612741,0021300209,Jump Shot,1,0,In The Paint (Non-RA)
2736,Luol Deng,1610612741,0021300209,Jump Shot,1,0,Above the Break 3
2736,Luol Deng,1610612741,0021300209,Jump Shot,1,0,Left Corner 3
2430,Carlos Boozer,1610612741,0021300209,Turnaround Fadeaway shot,1,0,Mid-Range
2430,Carlos Boozer,1610612741,0021300209,Driving Slam Dunk Shot,1,1,Restricted Area
2399,Mike Dunleavy,1610612741,0021300209,Jump Shot,1,0,Above the Break 3
2430,Carlos Boozer,1610612741,0021300209,Jump Shot,1,1,Mid-Range
2430,Carlos Boozer,1610612741,0021300220,Turnaround Jump Shot,1,0,Mid-Range
2430,Carlos Boozer,1610612741,0021300220,Layup Shot,1,0,Restricted Area
201149,Joakim Noah,1610612741,0021300220,Jump Shot,1,0,In The Paint (Non-RA)
2736,Luol Deng,1610612741,0021300220,Layup Shot,1,1,Restricted Area
2736,Luol Deng,1610612741,0021300220,Jump Shot,1,1,Mid-Range
2430,Carlos Boozer,1610612741,0021300220,Jump Shot,1,1,Mid-Range
2550,Kirk Hinrich,1610612741,0021300220,Jump Shot,1,0,Above the Break 3
2736,Luol Deng,1610612741,0021300220,Jump Shot,1,1,Mid-Range
2550,Kirk Hinrich,1610612741,0021300220,Jump Shot,1,0,Above the Break 3
2736,Luol Deng,1610612741,0021300220,Running Jump Shot,1,0,In The Paint (Non-RA)
2550,Kirk Hinrich,1610612741,0021300220,Jump Shot,1,0,In The Paint (Non-RA)
203503,Tony Snell,1610612741,0021300220,Jump Shot,1,1,Mid-Range
203503,Tony Snell,1610612741,0021300220,Jump Shot,1,1,Above the Break 3
203503,Tony Snell,1610612741,0021300220,Jump Shot,1,0,Above the Break 3
201959,Taj Gibson,1610612741,0021300220,Jump Shot,1,1,Mid-Range
2550,Kirk Hinrich,1610612741,0021300220,Jump Shot,1,1,Above the Break 3
201959,Taj Gibson,1610612741,0021300220,Jump Shot,1,1,In The Paint (Non-RA)
203503,Tony Snell,1610612741,0021300220,Jump Shot,1,1,Above the Break 3
2430,Carlos Boozer,1610612741,0021300220,Layup Shot,1,0,Restricted Area
2736,Luol Deng,1610612741,0021300220,Layup Shot,1,1,Restricted Area
2430,Carlos Boozer,1610612741,0021300220,Jump Shot,1,0,In The Paint (Non-RA)
203104,Marquis Teague,1610612741,0021300220,Reverse Layup Shot,1,0,Restricted Area
201959,Taj Gibson,1610612741,0021300220,Reverse Layup Shot,1,1,Restricted Area
2399,Mike Dunleavy,1610612741,0021300220,Driving Layup Shot,1,1,Restricted Area
2736,Luol Deng,1610612741,0021300220,Jump Shot,1,1,In The Paint (Non-RA)
2399,Mike Dunleavy,1610612741,0021300220,Jump Shot,1,0,Right Corner 3
2736,Luol Deng,1610612741,0021300220,Jump Shot,1,0,Mid-Range
201959,Taj Gibson,1610612741,0021300220,Jump Shot,1,1,Mid-Range
203104,Marquis Teague,1610612741,0021300220,Jump Shot,1,0,In The Paint (Non-RA)
201959,Taj Gibson,1610612741,0021300220,Jump Shot,1,1,In The Paint (Non-RA)
201959,Taj Gibson,1610612741,0021300220,Reverse Layup Shot,1,1,Restricted Area
201959,Taj Gibson,1610612741,0021300220,Jump Shot,1,1,Mid-Range
203503,Tony Snell,1610612741,0021300220,Jump Shot,1,1,Mid-Range
2430,Carlos Boozer,1610612741,0021300220,Jump Shot,1,0,Mid-Range
2550,Kirk Hinrich,1610612741,0021300220,Jump Shot,1,0,Above the Break 3
201149,Joakim Noah,1610612741,0021300220,Hook Shot,1,0,In The Paint (Non-RA)
203503,Tony Snell,1610612741,0021300220,Jump Shot,1,0,In The Paint (Non-RA)
2736,Luol Deng,1610612741,0021300220,Running Jump Shot,1,0,In The Paint (Non-RA)
2736,Luol Deng,1610612741,0021300220,Jump Shot,1,1,Above the Break 3
2736,Luol Deng,1610612741,0021300220,Driving Layup Shot,1,1,Restricted Area
2550,Kirk Hinrich,1610612741,0021300220,Jump Shot,1,1,Above the Break 3
201959,Taj Gibson,1610612741,0021300220,Jump Shot,1,0,Backcourt
2736,Luol Deng,1610612741,0021300220,Jump Shot,1,1,Mid-Range
2430,Carlos Boozer,1610612741,0021300220,Jump Shot,1,0,Mid-Range
2736,Luol Deng,1610612741,0021300220,Jump Shot,1,0,In The Paint (Non-RA)
201149,Joakim Noah,1610612741,0021300220,Tip Shot,1,0,Restricted Area
201149,Joakim Noah,1610612741,0021300220,Dunk Shot,1,1,Restricted Area
2736,Luol Deng,1610612741,0021300220,Driving Layup Shot,1,1,Restricted Area
201149,Joakim Noah,1610612741,0021300220,Layup Shot,1,1,Restricted Area
203503,Tony Snell,1610612741,0021300220,Layup Shot,1,0,Restricted Area
2736,Luol Deng,1610612741,0021300220,Jump Shot,1,0,Above the Break 3
2430,Carlos Boozer,1610612741,0021300220,Driving Layup Shot,1,1,Restricted Area
2430,Carlos Boozer,1610612741,0021300220,Layup Shot,1,1,Restricted Area
2736,Luol Deng,1610612741,0021300220,Jump Shot,1,0,In The Paint (Non-RA)
2430,Carlos Boozer,1610612741,0021300220,Layup Shot,1,0,Restricted Area
201149,Joakim Noah,1610612741,0021300220,Layup Shot,1,1,Restricted Area
2550,Kirk Hinrich,1610612741,0021300220,Jump Shot,1,1,Mid-Range
2430,Carlos Boozer,1610612741,0021300220,Jump Shot,1,0,In The Paint (Non-RA)
2550,Kirk Hinrich,1610612741,0021300220,Jump Shot,1,0,Above the Break 3
203104,Marquis Teague,1610612741,0021300220,Jump Shot,1,0,Mid-Range
201959,Taj Gibson,1610612741,0021300220,Jump Shot,1,1,Mid-Range
203503,Tony Snell,1610612741,0021300220,Jump Shot,1,1,Above the Break 3
2399,Mike Dunleavy,1610612741,0021300220,Layup Shot,1,0,Restricted Area
2736,Luol Deng,1610612741,0021300220,Pullup Jump shot,1,1,Mid-Range
2550,Kirk Hinrich,1610612741,0021300220,Jump Shot,1,0,Above the Break 3
201149,Joakim Noah,1610612741,0021300220,Hook Shot,1,0,In The Paint (Non-RA)
201959,Taj Gibson,1610612741,0021300220,Hook Shot,1,1,Restricted Area
2399,Mike Dunleavy,1610612741,0021300220,Jump Shot,1,0,Above the Break 3
2736,Luol Deng,1610612741,0021300220,Floating Jump shot,1,1,In The Paint (Non-RA)
201149,Joakim Noah,1610612741,0021300220,Reverse Layup Shot,1,1,Restricted Area
203503,Tony Snell,1610612741,0021300220,Jump Shot,1,0,Left Corner 3
2550,Kirk Hinrich,1610612741,0021300220,Jump Shot,1,1,Mid-Range
201149,Joakim Noah,1610612741,0021300220,Jump Shot,1,0,In The Paint (Non-RA)
201959,Taj Gibson,1610612741,0021300220,Jump Shot,1,0,In The Paint (Non-RA)
201149,Joakim Noah,1610612741,0021300220,Tip Shot,1,1,Restricted Area
201959,Taj Gibson,1610612741,0021300220,Layup Shot,1,1,Restricted Area
201959,Taj Gibson,1610612741,0021300220,Jump Shot,1,1,Mid-Range
201149,Joakim Noah,1610612741,0021300220,Hook Shot,1,1,Mid-Range
1737,Nazr Mohammed,1610612741,0021300220,Hook Shot,1,1,In The Paint (Non-RA)
2736,Luol Deng,1610612741,0021300242,Jump Shot,1,0,Mid-Range
2430,Carlos Boozer,1610612741,0021300242,Jump Shot,1,0,Mid-Range
2550,Kirk Hinrich,1610612741,0021300242,Floating Jump shot,1,0,In The Paint (Non-RA)
2430,Carlos Boozer,1610612741,0021300242,Fadeaway Jump Shot,1,1,Mid-Range
2736,Luol Deng,1610612741,0021300242,Jump Shot,1,0,Above the Break 3
201149,Joakim Noah,1610612741,0021300242,Driving Layup Shot,1,1,Restricted Area
2430,Carlos Boozer,1610612741,0021300242,Layup Shot,1,1,Restricted Area
2430,Carlos Boozer,1610612741,0021300242,Fadeaway Jump Shot,1,0,Mid-Range
2430,Carlos Boozer,1610612741,0021300242,Fadeaway Jump Shot,1,0,Mid-Range
2550,Kirk Hinrich,1610612741,0021300242,Jump Shot,1,1,Mid-Range
201149,Joakim Noah,1610612741,0021300242,Layup Shot,1,0,Restricted Area
201149,Joakim Noah,1610612741,0021300242,Layup Shot,1,0,Restricted Area
201149,Joakim Noah,1610612741,0021300242,Layup Shot,1,1,Restricted Area
2550,Kirk Hinrich,1610612741,0021300242,Jump Shot,1,1,Mid-Range
2550,Kirk Hinrich,1610612741,0021300242,Jump Shot,1,1,Right Corner 3
201959,Taj Gibson,1610612741,0021300242,Layup Shot,1,1,Restricted Area
2399,Mike Dunleavy,1610612741,0021300242,Jump Shot,1,0,Above the Break 3
2430,Carlos Boozer,1610612741,0021300242,Finger Roll Layup Shot,1,1,Restricted Area
2736,Luol Deng,1610612741,0021300242,Jump Shot,1,1,Left Corner 3
201959,Taj Gibson,1610612741,0021300242,Jump Shot,1,1,Mid-Range
201959,Taj Gibson,1610612741,0021300242,Jump Shot,1,1,Mid-Range
201959,Taj Gibson,1610612741,0021300242,Fadeaway Jump Shot,1,0,In The Paint (Non-RA)
2736,Luol Deng,1610612741,0021300242,Finger Roll Layup Shot,1,1,Restricted Area
2399,Mike Dunleavy,1610612741,0021300242,Jump Shot,1,0,Above the Break 3
2736,Luol Deng,1610612741,0021300242,Step Back Jump shot,1,1,Mid-Range
2736,Luol Deng,1610612741,0021300242,Pullup Jump shot,1,1,Mid-Range
2736,Luol Deng,1610612741,0021300242,Dunk Shot,1,1,Restricted Area
201149,Joakim Noah,1610612741,0021300242,Reverse Layup Shot,1,0,Restricted Area
201959,Taj Gibson,1610612741,0021300242,Layup Shot,1,0,Restricted Area
203503,Tony Snell,1610612741,0021300242,Jump Shot,1,1,Above the Break 3
2399,Mike Dunleavy,1610612741,0021300242,Pullup Jump shot,1,0,Mid-Range
203503,Tony Snell,1610612741,0021300242,Jump Shot,1,0,Above the Break 3
2550,Kirk Hinrich,1610612741,0021300242,Driving Layup Shot,1,1,Restricted Area
2430,Carlos Boozer,1610612741,0021300242,Jump Shot,1,1,Mid-Range
2550,Kirk Hinrich,1610612741,0021300242,Jump Shot,1,0,Mid-Range
203503,Tony Snell,1610612741,0021300242,Reverse Layup Shot,1,1,Restricted Area
203503,Tony Snell,1610612741,0021300242,Pullup Jump shot,1,0,Mid-Range
203503,Tony Snell,1610612741,0021300242,Floating Jump shot,1,0,In The Paint (Non-RA)
201149,Joakim Noah,1610612741,0021300242,Layup Shot,1,0,Restricted Area
2736,Luol Deng,1610612741,0021300242,Floating Jump shot,1,1,In The Paint (Non-RA)
203503,Tony Snell,1610612741,0021300242,Jump Shot,1,0,Above the Break 3
2430,Carlos Boozer,1610612741,0021300242,Layup Shot,1,0,Restricted Area
2550,Kirk Hinrich,1610612741,0021300242,Floating Jump shot,1,0,In The Paint (Non-RA)
2550,Kirk Hinrich,1610612741,0021300242,Jump Shot,1,1,Mid-Range
2736,Luol Deng,1610612741,0021300242,Jump Shot,1,0,Above the Break 3
2550,Kirk Hinrich,1610612741,0021300242,Driving Layup Shot,1,0,Restricted Area
201149,Joakim Noah,1610612741,0021300242,Layup Shot,1,0,Restricted Area
2736,Luol Deng,1610612741,0021300242,Pullup Jump shot,1,1,Mid-Range
201149,Joakim Noah,1610612741,0021300242,Hook Shot,1,0,In The Paint (Non-RA)
2430,Carlos Boozer,1610612741,0021300242,Jump Shot,1,0,Mid-Range
2736,Luol Deng,1610612741,0021300242,Jump Shot,1,0,Mid-Range
2736,Luol Deng,1610612741,0021300242,Reverse Layup Shot,1,1,Restricted Area
2430,Carlos Boozer,1610612741,0021300242,Fadeaway Jump Shot,1,0,Mid-Range
203503,Tony Snell,1610612741,0021300242,Jump Shot,1,1,Left Corner 3
203503,Tony Snell,1610612741,0021300242,Jump Shot,1,1,In The Paint (Non-RA)
2430,Carlos Boozer,1610612741,0021300242,Jump Bank Shot,1,0,Mid-Range
2736,Luol Deng,1610612741,0021300242,Fadeaway Jump Shot,1,1,Mid-Range
2399,Mike Dunleavy,1610612741,0021300242,Jump Shot,1,0,Above the Break 3
2550,Kirk Hinrich,1610612741,0021300242,Fadeaway Jump Shot,1,0,Mid-Range
2736,Luol Deng,1610612741,0021300242,Jump Shot,1,0,Above the Break 3
2736,Luol Deng,1610612741,0021300242,Jump Shot,1,1,Mid-Range
2229,Mike James,1610612741,0021300242,Jump Shot,1,0,Above the Break 3
2399,Mike Dunleavy,1610612741,0021300242,Fadeaway Jump Shot,1,1,Mid-Range
201959,Taj Gibson,1610612741,0021300242,Jump Shot,1,1,Mid-Range
2399,Mike Dunleavy,1610612741,0021300242,Running Hook Shot,1,0,In The Paint (Non-RA)
2736,Luol Deng,1610612741,0021300242,Jump Shot,1,1,Mid-Range
203503,Tony Snell,1610612741,0021300242,Jump Shot,1,1,Above the Break 3
203503,Tony Snell,1610612741,0021300242,Jump Shot,1,0,In The Paint (Non-RA)
203503,Tony Snell,1610612741,0021300242,Putback Layup Shot,1,1,Restricted Area
201959,Taj Gibson,1610612741,0021300242,Layup Shot,1,1,Restricted Area
2736,Luol Deng,1610612741,0021300242,Jump Shot,1,0,Mid-Range
201959,Taj Gibson,1610612741,0021300242,Layup Shot,1,1,Restricted Area
201959,Taj Gibson,1610612741,0021300242,Layup Shot,1,1,Restricted Area
203503,Tony Snell,1610612741,0021300242,Driving Finger Roll Layup Shot,1,1,Restricted Area
2736,Luol Deng,1610612741,0021300242,Step Back Jump shot,1,0,In The Paint (Non-RA)
201959,Taj Gibson,1610612741,0021300242,Layup Shot,1,0,Restricted Area
2736,Luol Deng,1610612741,0021300242,Jump Shot,1,1,Left Corner 3
2430,Carlos Boozer,1610612741,0021300242,Layup Shot,1,1,Restricted Area
2736,Luol Deng,1610612741,0021300242,Jump Shot,1,0,In The Paint (Non-RA)
201149,Joakim Noah,1610612741,0021300242,Layup Shot,1,0,Restricted Area
201149,Joakim Noah,1610612741,0021300242,Layup Shot,1,0,Restricted Area
2430,Carlos Boozer,1610612741,0021300242,Layup Shot,1,0,Restricted Area
2550,Kirk Hinrich,1610612741,0021300257,Jump Shot,1,1,Mid-Range
2430,Carlos Boozer,1610612741,0021300257,Jump Shot,1,0,Mid-Range
2736,Luol Deng,1610612741,0021300257,Running Layup Shot,1,1,Restricted Area
2736,Luol Deng,1610612741,0021300257,Jump Shot,1,0,Mid-Range
2430,Carlos Boozer,1610612741,0021300257,Jump Shot,1,0,In The Paint (Non-RA)
2550,Kirk Hinrich,1610612741,0021300257,Jump Shot,1,0,Left Corner 3
2430,Carlos Boozer,1610612741,0021300257,Jump Shot,1,1,Mid-Range
2550,Kirk Hinrich,1610612741,0021300257,Jump Shot,1,1,Mid-Range
203503,Tony Snell,1610612741,0021300257,Jump Shot,1,0,Left Corner 3
2550,Kirk Hinrich,1610612741,0021300257,Jump Shot,1,0,Above the Break 3
201149,Joakim Noah,1610612741,0021300257,Hook Shot,1,1,Restricted Area
2550,Kirk Hinrich,1610612741,0021300257,Jump Shot,1,0,Mid-Range
2736,Luol Deng,1610612741,0021300257,Jump Shot,1,1,Mid-Range
2736,Luol Deng,1610612741,0021300257,Layup Shot,1,1,Restricted Area
2550,Kirk Hinrich,1610612741,0021300257,Jump Shot,1,0,Above the Break 3
2550,Kirk Hinrich,1610612741,0021300257,Jump Shot,1,0,Above the Break 3
201959,Taj Gibson,1610612741,0021300257,Dunk Shot,1,1,Restricted Area
2736,Luol Deng,1610612741,0021300257,Running Layup Shot,1,1,Restricted Area
2399,Mike Dunleavy,1610612741,0021300257,Jump Shot,1,1,Above the Break 3
2430,Carlos Boozer,1610612741,0021300257,Jump Shot,1,0,Mid-Range
201959,Taj Gibson,1610612741,0021300257,Tip Shot,1,0,Restricted Area
2399,Mike Dunleavy,1610612741,0021300257,Pullup Jump shot,1,0,Mid-Range
201959,Taj Gibson,1610612741,0021300257,Driving Layup Shot,1,1,Restricted Area
201959,Taj Gibson,1610612741,0021300257,Layup Shot,1,0,Restricted Area
2229,Mike James,1610612741,0021300257,Floating Jump shot,1,0,In The Paint (Non-RA)
2736,Luol Deng,1610612741,0021300257,Turnaround Jump Shot,1,1,Mid-Range
1737,Nazr Mohammed,1610612741,0021300257,Tip Shot,1,0,Restricted Area
2399,Mike Dunleavy,1610612741,0021300257,Jump Shot,1,1,In The Paint (Non-RA)
201959,Taj Gibson,1610612741,0021300257,Driving Layup Shot,1,1,Restricted Area
201959,Taj Gibson,1610612741,0021300257,Driving Layup Shot,1,1,Restricted Area
201959,Taj Gibson,1610612741,0021300257,Hook Shot,1,1,Mid-Range
203503,Tony Snell,1610612741,0021300257,Jump Shot,1,1,Above the Break 3
201959,Taj Gibson,1610612741,0021300257,Slam Dunk Shot,1,1,Restricted Area
201959,Taj Gibson,1610612741,0021300257,Jump Shot,1,1,Mid-Range
201959,Taj Gibson,1610612741,0021300257,Jump Shot,1,0,Mid-Range
201149,Joakim Noah,1610612741,0021300257,Driving Layup Shot,1,1,Restricted Area
2550,Kirk Hinrich,1610612741,0021300257,Pullup Jump shot,1,1,Mid-Range
203503,Tony Snell,1610612741,0021300257,Jump Shot,1,1,Above the Break 3
2399,Mike Dunleavy,1610612741,0021300257,Jump Shot,1,1,Above the Break 3
2430,Carlos Boozer,1610612741,0021300257,Jump Shot,1,1,In The Paint (Non-RA)
2736,Luol Deng,1610612741,0021300257,Jump Shot,1,1,In The Paint (Non-RA)
2550,Kirk Hinrich,1610612741,0021300257,Jump Shot,1,0,Above the Break 3
2736,Luol Deng,1610612741,0021300257,Reverse Layup Shot,1,1,Restricted Area
201149,Joakim Noah,1610612741,0021300257,Jump Shot,1,0,Restricted Area
203503,Tony Snell,1610612741,0021300257,Jump Shot,1,0,Above the Break 3
2736,Luol Deng,1610612741,0021300257,Layup Shot,1,0,Restricted Area
2399,Mike Dunleavy,1610612741,0021300257,Jump Shot,1,0,Above the Break 3
2736,Luol Deng,1610612741,0021300257,Jump Shot,1,1,Mid-Range
2430,Carlos Boozer,1610612741,0021300257,Jump Shot,1,0,Mid-Range
2736,Luol Deng,1610612741,0021300257,Jump Shot,1,1,Mid-Range
2736,Luol Deng,1610612741,0021300257,Jump Shot,1,1,Mid-Range
2399,Mike Dunleavy,1610612741,0021300257,Jump Shot,1,1,Above the Break 3
201959,Taj Gibson,1610612741,0021300257,Jump Shot,1,1,Mid-Range
2399,Mike Dunleavy,1610612741,0021300257,Jump Shot,1,1,Right Corner 3
201959,Taj Gibson,1610612741,0021300257,Jump Shot,1,0,Mid-Range
2229,Mike James,1610612741,0021300257,Jump Shot,1,0,Mid-Range
201959,Taj Gibson,1610612741,0021300257,Jump Shot,1,0,Mid-Range
2399,Mike Dunleavy,1610612741,0021300257,Jump Shot,1,0,Mid-Range
2229,Mike James,1610612741,0021300257,Jump Shot,1,0,Mid-Range
2736,Luol Deng,1610612741,0021300257,Jump Shot,1,0,Mid-Range
2399,Mike Dunleavy,1610612741,0021300257,Jump Shot,1,1,Above the Break 3
2736,Luol Deng,1610612741,0021300257,Jump Shot,1,0,Mid-Range
201149,Joakim Noah,1610612741,0021300257,Putback Layup Shot,1,0,Restricted Area
2399,Mike Dunleavy,1610612741,0021300257,Jump Shot,1,0,Above the Break 3
201149,Joakim Noah,1610612741,0021300257,Tip Shot,1,1,Restricted Area
2550,Kirk Hinrich,1610612741,0021300257,Driving Layup Shot,1,0,Restricted Area
201959,Taj Gibson,1610612741,0021300257,Dunk Shot,1,1,Restricted Area
2736,Luol Deng,1610612741,0021300257,Jump Shot,1,1,Mid-Range
201149,Joakim Noah,1610612741,0021300257,Layup Shot,1,0,Restricted Area
201959,Taj Gibson,1610612741,0021300257,Putback Layup Shot,1,0,Restricted Area
2736,Luol Deng,1610612741,0021300257,Tip Shot,1,0,Restricted Area
2736,Luol Deng,1610612741,0021300257,Jump Shot,1,0,Mid-Range
2736,Luol Deng,1610612741,0021300257,Jump Shot,1,0,Mid-Range
2550,Kirk Hinrich,1610612741,0021300257,Jump Shot,1,0,Above the Break 3
2736,Luol Deng,1610612741,0021300257,Driving Layup Shot,1,1,Restricted Area
2550,Kirk Hinrich,1610612741,0021300257,Jump Shot,1,1,Mid-Range
201149,Joakim Noah,1610612741,0021300257,Dunk Shot,1,1,Restricted Area
2550,Kirk Hinrich,1610612741,0021300257,Jump Shot,1,0,Above the Break 3
2736,Luol Deng,1610612741,0021300257,Jump Shot,1,0,In The Paint (Non-RA)
201149,Joakim Noah,1610612741,0021300257,Layup Shot,1,1,Restricted Area
201959,Taj Gibson,1610612741,0021300257,Jump Shot,1,0,Mid-Range
2736,Luol Deng,1610612741,0021300257,Driving Layup Shot,1,1,Restricted Area
2736,Luol Deng,1610612741,0021300257,Jump Shot,1,0,Mid-Range
2736,Luol Deng,1610612741,0021300257,Jump Shot,1,0,Mid-Range
2550,Kirk Hinrich,1610612741,0021300257,Jump Shot,1,0,Mid-Range
201149,Joakim Noah,1610612741,0021300257,Jump Shot,1,1,Mid-Range
2399,Mike Dunleavy,1610612741,0021300257,Jump Shot,1,0,Above the Break 3
201959,Taj Gibson,1610612741,0021300257,Layup Shot,1,1,Restricted Area
2736,Luol Deng,1610612741,0021300257,Jump Shot,1,0,Above the Break 3
2736,Luol Deng,1610612741,0021300257,Layup Shot,1,1,Restricted Area
2399,Mike Dunleavy,1610612741,0021300257,Jump Shot,1,1,Above the Break 3
2550,Kirk Hinrich,1610612741,0021300257,Jump Shot,1,0,Above the Break 3
2736,Luol Deng,1610612741,0021300257,Layup Shot,1,1,Restricted Area
201959,Taj Gibson,1610612741,0021300257,Layup Shot,1,0,Restricted Area
201149,Joakim Noah,1610612741,0021300257,Dunk Shot,1,1,Restricted Area
2736,Luol Deng,1610612741,0021300257,Jump Shot,1,0,In The Paint (Non-RA)
2399,Mike Dunleavy,1610612741,0021300257,Jump Shot,1,0,Mid-Range
201149,Joakim Noah,1610612741,0021300257,Jump Shot,1,0,Restricted Area
201959,Taj Gibson,1610612741,0021300257,Layup Shot,1,0,Restricted Area
201149,Joakim Noah,1610612741,0021300257,Jump Shot,1,1,Mid-Range
2399,Mike Dunleavy,1610612741,0021300257,Jump Shot,1,0,Above the Break 3
2736,Luol Deng,1610612741,0021300279,Jump Shot,1,0,Mid-Range
2430,Carlos Boozer,1610612741,0021300279,Jump Shot,1,0,Mid-Range
2550,Kirk Hinrich,1610612741,0021300279,Jump Shot,1,1,Right Corner 3
2430,Carlos Boozer,1610612741,0021300279,Jump Shot,1,0,In The Paint (Non-RA)
2550,Kirk Hinrich,1610612741,0021300279,Jump Shot,1,1,Above the Break 3
2430,Carlos Boozer,1610612741,0021300279,Layup Shot,1,1,Restricted Area
2430,Carlos Boozer,1610612741,0021300279,Jump Shot,1,0,Mid-Range
2430,Carlos Boozer,1610612741,0021300279,Layup Shot,1,0,Restricted Area
201149,Joakim Noah,1610612741,0021300279,Tip Shot,1,1,Restricted Area
2550,Kirk Hinrich,1610612741,0021300279,Jump Shot,1,1,Mid-Range
2430,Carlos Boozer,1610612741,0021300279,Jump Shot,1,0,In The Paint (Non-RA)
2430,Carlos Boozer,1610612741,0021300279,Putback Layup Shot,1,1,Restricted Area
203503,Tony Snell,1610612741,0021300279,Jump Shot,1,0,Mid-Range
2430,Carlos Boozer,1610612741,0021300279,Jump Shot,1,1,In The Paint (Non-RA)
203503,Tony Snell,1610612741,0021300279,Jump Shot,1,1,Above the Break 3
2430,Carlos Boozer,1610612741,0021300279,Layup Shot,1,1,Restricted Area
201959,Taj Gibson,1610612741,0021300279,Dunk Shot,1,1,Restricted Area
2736,Luol Deng,1610612741,0021300279,Jump Shot,1,1,Above the Break 3
201959,Taj Gibson,1610612741,0021300279,Layup Shot,1,1,Restricted Area
201959,Taj Gibson,1610612741,0021300279,Hook Shot,1,0,Restricted Area
201959,Taj Gibson,1610612741,0021300279,Putback Layup Shot,1,1,Restricted Area
2736,Luol Deng,1610612741,0021300279,Jump Shot,1,1,Left Corner 3
1737,Nazr Mohammed,1610612741,0021300279,Layup Shot,1,0,Restricted Area
203104,Marquis Teague,1610612741,0021300279,Layup Shot,1,0,Restricted Area
1737,Nazr Mohammed,1610612741,0021300279,Layup Shot,1,0,Restricted Area
201959,Taj Gibson,1610612741,0021300279,Reverse Layup Shot,1,1,Restricted Area
2399,Mike Dunleavy,1610612741,0021300279,Jump Shot,1,1,Left Corner 3
201149,Joakim Noah,1610612741,0021300279,Slam Dunk Shot,1,1,Restricted Area
203503,Tony Snell,1610612741,0021300279,Jump Shot,1,0,Above the Break 3
2430,Carlos Boozer,1610612741,0021300279,Layup Shot,1,1,Restricted Area
2430,Carlos Boozer,1610612741,0021300279,Layup Shot,1,1,Restricted Area
2399,Mike Dunleavy,1610612741,0021300279,Jump Shot,1,0,Above the Break 3
2430,Carlos Boozer,1610612741,0021300279,Jump Shot,1,1,Mid-Range
2550,Kirk Hinrich,1610612741,0021300279,Jump Shot,1,0,Above the Break 3
2736,Luol Deng,1610612741,0021300279,Jump Shot,1,0,Above the Break 3
2736,Luol Deng,1610612741,0021300279,Jump Shot,1,0,Mid-Range
201149,Joakim Noah,1610612741,0021300279,Turnaround Hook Shot,1,1,In The Paint (Non-RA)
2550,Kirk Hinrich,1610612741,0021300279,Jump Shot,1,1,Above the Break 3
2550,Kirk Hinrich,1610612741,0021300279,Layup Shot,1,0,Restricted Area
2430,Carlos Boozer,1610612741,0021300279,Putback Layup Shot,1,1,Restricted Area
203503,Tony Snell,1610612741,0021300279,Jump Shot,1,0,Above the Break 3
2550,Kirk Hinrich,1610612741,0021300279,Jump Shot,1,0,Mid-Range
203503,Tony Snell,1610612741,0021300279,Jump Shot,1,1,Left Corner 3
2736,Luol Deng,1610612741,0021300279,Putback Layup Shot,1,1,Restricted Area
2736,Luol Deng,1610612741,0021300279,Layup Shot,1,0,Restricted Area
2430,Carlos Boozer,1610612741,0021300279,Jump Shot,1,0,Mid-Range
203503,Tony Snell,1610612741,0021300279,Driving Layup Shot,1,1,Restricted Area
203104,Marquis Teague,1610612741,0021300279,Jump Shot,1,0,Above the Break 3
2736,Luol Deng,1610612741,0021300279,Jump Shot,1,0,Above the Break 3
201149,Joakim Noah,1610612741,0021300279,Hook Shot,1,1,In The Paint (Non-RA)
201149,Joakim Noah,1610612741,0021300279,Jump Shot,1,0,In The Paint (Non-RA)
2430,Carlos Boozer,1610612741,0021300279,Jump Shot,1,0,Restricted Area
201959,Taj Gibson,1610612741,0021300279,Jump Shot,1,0,Mid-Range
201959,Taj Gibson,1610612741,0021300279,Jump Shot,1,1,In The Paint (Non-RA)
201959,Taj Gibson,1610612741,0021300279,Driving Layup Shot,1,1,Restricted Area
203104,Marquis Teague,1610612741,0021300279,Layup Shot,1,0,Restricted Area
201959,Taj Gibson,1610612741,0021300279,Jump Shot,1,1,Mid-Range
2736,Luol Deng,1610612741,0021300279,Jump Shot,1,0,Right Corner 3
201149,Joakim Noah,1610612741,0021300279,Jump Shot,1,1,In The Paint (Non-RA)
203503,Tony Snell,1610612741,0021300279,Running Bank shot,1,0,Restricted Area
201149,Joakim Noah,1610612741,0021300279,Jump Shot,1,0,Restricted Area
2736,Luol Deng,1610612741,0021300279,Jump Shot,1,0,Mid-Range
201959,Taj Gibson,1610612741,0021300279,Jump Shot,1,0,Mid-Range
201149,Joakim Noah,1610612741,0021300279,Tip Shot,1,1,Restricted Area
2399,Mike Dunleavy,1610612741,0021300279,Jump Shot,1,0,Above the Break 3
201959,Taj Gibson,1610612741,0021300279,Jump Shot,1,1,Mid-Range
201149,Joakim Noah,1610612741,0021300279,Jump Shot,1,0,Mid-Range
2736,Luol Deng,1610612741,0021300279,Jump Shot,1,1,Above the Break 3
201959,Taj Gibson,1610612741,0021300279,Jump Shot,1,0,Mid-Range
2736,Luol Deng,1610612741,0021300279,Jump Shot,1,1,Above the Break 3
2430,Carlos Boozer,1610612741,0021300279,Jump Bank Shot,1,1,Mid-Range
2430,Carlos Boozer,1610612741,0021300279,Putback Layup Shot,1,1,Restricted Area
2399,Mike Dunleavy,1610612741,0021300279,Jump Shot,1,0,Mid-Range
203513,Erik Murphy,1610612741,0021300279,Hook Shot,1,0,In The Paint (Non-RA)
201959,Taj Gibson,1610612741,0021300292,Turnaround Jump Shot,1,1,Mid-Range
201959,Taj Gibson,1610612741,0021300292,Jump Shot,1,1,In The Paint (Non-RA)
2550,Kirk Hinrich,1610612741,0021300292,Floating Jump shot,1,0,In The Paint (Non-RA)
2430,Carlos Boozer,1610612741,0021300292,Fadeaway Jump Shot,1,1,In The Paint (Non-RA)
201959,Taj Gibson,1610612741,0021300292,Jump Shot,1,0,Mid-Range
2430,Carlos Boozer,1610612741,0021300292,Jump Shot,1,0,Restricted Area
2430,Carlos Boozer,1610612741,0021300292,Finger Roll Layup Shot,1,1,Restricted Area
201959,Taj Gibson,1610612741,0021300292,Jump Shot,1,0,Mid-Range
201959,Taj Gibson,1610612741,0021300292,Layup Shot,1,1,Restricted Area
2430,Carlos Boozer,1610612741,0021300292,Jump Shot,1,1,Mid-Range
2430,Carlos Boozer,1610612741,0021300292,Jump Shot,1,0,Mid-Range
201959,Taj Gibson,1610612741,0021300292,Hook Shot,1,0,In The Paint (Non-RA)
201149,Joakim Noah,1610612741,0021300292,Jump Shot,1,0,Mid-Range
2399,Mike Dunleavy,1610612741,0021300292,Jump Shot,1,1,Above the Break 3
203503,Tony Snell,1610612741,0021300292,Jump Shot,1,1,Mid-Range
201959,Taj Gibson,1610612741,0021300292,Layup Shot,1,0,Restricted Area
203503,Tony Snell,1610612741,0021300292,Layup Shot,1,0,Restricted Area
2430,Carlos Boozer,1610612741,0021300292,Jump Shot,1,0,Mid-Range
2550,Kirk Hinrich,1610612741,0021300292,Jump Shot,1,0,Right Corner 3
2430,Carlos Boozer,1610612741,0021300292,Jump Shot,1,0,Mid-Range
201959,Taj Gibson,1610612741,0021300292,Jump Shot,1,0,Mid-Range
201959,Taj Gibson,1610612741,0021300292,Jump Shot,1,0,In The Paint (Non-RA)
2430,Carlos Boozer,1610612741,0021300292,Tip Shot,1,0,Restricted Area
2399,Mike Dunleavy,1610612741,0021300292,Floating Jump shot,1,1,Mid-Range
1737,Nazr Mohammed,1610612741,0021300292,Jump Shot,1,0,In The Paint (Non-RA)
203104,Marquis Teague,1610612741,0021300292,Driving Layup Shot,1,1,Restricted Area
201959,Taj Gibson,1610612741,0021300292,Layup Shot,1,0,Restricted Area
1737,Nazr Mohammed,1610612741,0021300292,Tip Shot,1,1,Restricted Area
2399,Mike Dunleavy,1610612741,0021300292,Jump Shot,1,1,Mid-Range
203104,Marquis Teague,1610612741,0021300292,Layup Shot,1,0,Restricted Area
203503,Tony Snell,1610612741,0021300292,Jump Shot,1,0,Above the Break 3
201959,Taj Gibson,1610612741,0021300292,Layup Shot,1,1,Restricted Area
2399,Mike Dunleavy,1610612741,0021300292,Jump Shot,1,1,Above the Break 3
203503,Tony Snell,1610612741,0021300292,Jump Shot,1,0,Right Corner 3
201959,Taj Gibson,1610612741,0021300292,Jump Shot,1,0,Mid-Range
201959,Taj Gibson,1610612741,0021300292,Slam Dunk Shot,1,1,Restricted Area
2399,Mike Dunleavy,1610612741,0021300292,Jump Shot,1,0,Mid-Range
203104,Marquis Teague,1610612741,0021300292,Driving Layup Shot,1,1,Restricted Area
2399,Mike Dunleavy,1610612741,0021300292,Jump Shot,1,1,Mid-Range
2399,Mike Dunleavy,1610612741,0021300292,Jump Shot,1,0,Above the Break 3
203104,Marquis Teague,1610612741,0021300292,Jump Shot,1,0,Mid-Range
2430,Carlos Boozer,1610612741,0021300292,Layup Shot,1,0,Restricted Area
2430,Carlos Boozer,1610612741,0021300292,Layup Shot,1,0,Restricted Area
203104,Marquis Teague,1610612741,0021300292,Jump Shot,1,1,In The Paint (Non-RA)
201149,Joakim Noah,1610612741,0021300292,Driving Layup Shot,1,0,Restricted Area
2430,Carlos Boozer,1610612741,0021300292,Layup Shot,1,0,Restricted Area
203104,Marquis Teague,1610612741,0021300292,Jump Shot,1,0,In The Paint (Non-RA)
2550,Kirk Hinrich,1610612741,0021300292,Jump Shot,1,0,Left Corner 3
201149,Joakim Noah,1610612741,0021300292,Running Jump Shot,1,0,Restricted Area
203503,Tony Snell,1610612741,0021300292,Driving Layup Shot,1,0,Restricted Area
2430,Carlos Boozer,1610612741,0021300292,Jump Shot,1,0,Mid-Range
2430,Carlos Boozer,1610612741,0021300292,Layup Shot,1,0,Restricted Area
203503,Tony Snell,1610612741,0021300292,Jump Shot,1,0,In The Paint (Non-RA)
201149,Joakim Noah,1610612741,0021300292,Jump Shot,1,0,Mid-Range
201959,Taj Gibson,1610612741,0021300292,Running Dunk Shot,1,1,Restricted Area
2550,Kirk Hinrich,1610612741,0021300292,Jump Shot,1,0,Above the Break 3
2550,Kirk Hinrich,1610612741,0021300292,Jump Shot,1,0,Above the Break 3
203503,Tony Snell,1610612741,0021300292,Jump Shot,1,1,Mid-Range
2550,Kirk Hinrich,1610612741,0021300292,Driving Layup Shot,1,0,Restricted Area
203503,Tony Snell,1610612741,0021300292,Jump Shot,1,0,Mid-Range
2550,Kirk Hinrich,1610612741,0021300292,Jump Shot,1,0,Above the Break 3
2399,Mike Dunleavy,1610612741,0021300292,Jump Shot,1,0,Above the Break 3
2399,Mike Dunleavy,1610612741,0021300292,Jump Shot,1,0,Left Corner 3
201959,Taj Gibson,1610612741,0021300292,Driving Layup Shot,1,1,Restricted Area
203503,Tony Snell,1610612741,0021300292,Driving Jump shot,1,0,Mid-Range
203503,Tony Snell,1610612741,0021300292,Jump Shot,1,1,Mid-Range
203104,Marquis Teague,1610612741,0021300292,Jump Shot,1,0,Mid-Range
201959,Taj Gibson,1610612741,0021300292,Layup Shot,1,0,Restricted Area
2399,Mike Dunleavy,1610612741,0021300292,Jump Shot,1,1,Mid-Range
203104,Marquis Teague,1610612741,0021300292,Driving Layup Shot,1,1,Restricted Area
201149,Joakim Noah,1610612741,0021300292,Layup Shot,1,1,Restricted Area
2399,Mike Dunleavy,1610612741,0021300292,Jump Shot,1,0,Above the Break 3
2399,Mike Dunleavy,1610612741,0021300292,Jump Shot,1,0,Mid-Range
201959,Taj Gibson,1610612741,0021300292,Layup Shot,1,0,Restricted Area
2399,Mike Dunleavy,1610612741,0021300292,Jump Shot,1,0,Above the Break 3
203503,Tony Snell,1610612741,0021300292,Jump Shot,1,0,Above the Break 3
201149,Joakim Noah,1610612741,0021300292,Jump Shot,1,0,Mid-Range
201959,Taj Gibson,1610612741,0021300292,Layup Shot,1,0,Restricted Area
201149,Joakim Noah,1610612741,0021300292,Tip Shot,1,0,Restricted Area
2399,Mike Dunleavy,1610612741,0021300292,Jump Shot,1,1,Mid-Range
203503,Tony Snell,1610612741,0021300292,Driving Layup Shot,1,0,Restricted Area
201959,Taj Gibson,1610612741,0021300292,Tip Shot,1,1,Restricted Area
201959,Taj Gibson,1610612741,0021300292,Layup Shot,1,1,Restricted Area
2430,Carlos Boozer,1610612741,0021300292,Jump Shot,1,0,Mid-Range
2550,Kirk Hinrich,1610612741,0021300292,Jump Shot,1,1,Above the Break 3
2430,Carlos Boozer,1610612741,0021300292,Jump Shot,1,0,Mid-Range
2399,Mike Dunleavy,1610612741,0021300292,Jump Shot,1,0,Above the Break 3
2550,Kirk Hinrich,1610612741,0021300292,Jump Shot,1,0,Above the Break 3
2430,Carlos Boozer,1610612741,0021300292,Jump Shot,1,1,Mid-Range
2550,Kirk Hinrich,1610612741,0021300292,Jump Shot,1,0,Mid-Range
203503,Tony Snell,1610612741,0021300316,Jump Shot,1,0,Above the Break 3
2550,Kirk Hinrich,1610612741,0021300316,Jump Shot,1,0,Mid-Range
203503,Tony Snell,1610612741,0021300316,Driving Layup Shot,1,1,Restricted Area
2430,Carlos Boozer,1610612741,0021300316,Jump Shot,1,0,In The Paint (Non-RA)
1737,Nazr Mohammed,1610612741,0021300316,Jump Shot,1,0,Mid-Range
2550,Kirk Hinrich,1610612741,0021300316,Jump Shot,1,0,Mid-Range
2430,Carlos Boozer,1610612741,0021300316,Jump Shot,1,0,In The Paint (Non-RA)
2399,Mike Dunleavy,1610612741,0021300316,Floating Jump shot,1,0,In The Paint (Non-RA)
2430,Carlos Boozer,1610612741,0021300316,Jump Shot,1,1,Mid-Range
201959,Taj Gibson,1610612741,0021300316,Layup Shot,1,1,Restricted Area
2399,Mike Dunleavy,1610612741,0021300316,Running Jump Shot,1,0,Mid-Range
203513,Erik Murphy,1610612741,0021300316,Jump Shot,1,1,Mid-Range
2550,Kirk Hinrich,1610612741,0021300316,Jump Shot,1,0,Right Corner 3
203503,Tony Snell,1610612741,0021300316,Jump Shot,1,0,Mid-Range
201959,Taj Gibson,1610612741,0021300316,Jump Shot,1,0,Restricted Area
2399,Mike Dunleavy,1610612741,0021300316,Layup Shot,1,0,Restricted Area
203503,Tony Snell,1610612741,0021300316,Jump Shot,1,1,Above the Break 3
203503,Tony Snell,1610612741,0021300316,Driving Layup Shot,1,1,Restricted Area
203104,Marquis Teague,1610612741,0021300316,Layup Shot,1,0,Restricted Area
203513,Erik Murphy,1610612741,0021300316,Jump Shot,1,0,Above the Break 3
203513,Erik Murphy,1610612741,0021300316,Jump Shot,1,0,Mid-Range
203503,Tony Snell,1610612741,0021300316,Driving Layup Shot,1,0,Restricted Area
2550,Kirk Hinrich,1610612741,0021300316,Jump Shot,1,0,Left Corner 3
203104,Marquis Teague,1610612741,0021300316,Layup Shot,1,0,Restricted Area
201959,Taj Gibson,1610612741,0021300316,Putback Layup Shot,1,0,Restricted Area
203503,Tony Snell,1610612741,0021300316,Jump Shot,1,0,In The Paint (Non-RA)
2399,Mike Dunleavy,1610612741,0021300316,Jump Shot,1,1,Mid-Range
2399,Mike Dunleavy,1610612741,0021300316,Jump Shot,1,1,Mid-Range
2399,Mike Dunleavy,1610612741,0021300316,Jump Shot,1,1,Mid-Range
201959,Taj Gibson,1610612741,0021300316,Jump Shot,1,0,Mid-Range
203503,Tony Snell,1610612741,0021300316,Dunk Shot,1,1,Restricted Area
2430,Carlos Boozer,1610612741,0021300316,Jump Shot,1,0,Mid-Range
2399,Mike Dunleavy,1610612741,0021300316,Jump Shot,1,1,Mid-Range
2430,Carlos Boozer,1610612741,0021300316,Running Layup Shot,1,1,Restricted Area
2430,Carlos Boozer,1610612741,0021300316,Layup Shot,1,0,Restricted Area
203503,Tony Snell,1610612741,0021300316,Jump Shot,1,0,Right Corner 3
203104,Marquis Teague,1610612741,0021300316,Running Layup Shot,1,0,Restricted Area
2430,Carlos Boozer,1610612741,0021300316,Jump Shot,1,1,Mid-Range
2550,Kirk Hinrich,1610612741,0021300316,Jump Shot,1,0,Right Corner 3
201959,Taj Gibson,1610612741,0021300316,Jump Bank Shot,1,1,In The Paint (Non-RA)
2399,Mike Dunleavy,1610612741,0021300316,Jump Shot,1,1,Above the Break 3
2399,Mike Dunleavy,1610612741,0021300316,Jump Shot,1,1,Mid-Range
2399,Mike Dunleavy,1610612741,0021300316,Driving Layup Shot,1,1,Restricted Area
201959,Taj Gibson,1610612741,0021300316,Jump Shot,1,0,In The Paint (Non-RA)
2550,Kirk Hinrich,1610612741,0021300316,Layup Shot,1,0,Restricted Area
2430,Carlos Boozer,1610612741,0021300316,Running Layup Shot,1,1,Restricted Area
2430,Carlos Boozer,1610612741,0021300316,Driving Layup Shot,1,1,Restricted Area
2399,Mike Dunleavy,1610612741,0021300316,Jump Shot,1,0,Mid-Range
203503,Tony Snell,1610612741,0021300316,Jump Shot,1,1,Mid-Range
2430,Carlos Boozer,1610612741,0021300316,Jump Shot,1,1,Mid-Range
1737,Nazr Mohammed,1610612741,0021300316,Jump Shot,1,0,Mid-Range
2430,Carlos Boozer,1610612741,0021300316,Turnaround Fadeaway shot,1,0,Mid-Range
2399,Mike Dunleavy,1610612741,0021300316,Jump Shot,1,0,Above the Break 3
2430,Carlos Boozer,1610612741,0021300316,Hook Shot,1,1,In The Paint (Non-RA)
2550,Kirk Hinrich,1610612741,0021300316,Jump Shot,1,0,Mid-Range
203503,Tony Snell,1610612741,0021300316,Jump Bank Shot,1,1,In The Paint (Non-RA)
2430,Carlos Boozer,1610612741,0021300316,Jump Shot,1,0,Mid-Range
2430,Carlos Boozer,1610612741,0021300316,Jump Shot,1,0,In The Paint (Non-RA)
201959,Taj Gibson,1610612741,0021300316,Dunk Shot,1,1,Restricted Area
203503,Tony Snell,1610612741,0021300316,Jump Shot,1,0,Above the Break 3
2550,Kirk Hinrich,1610612741,0021300316,Jump Shot,1,0,Above the Break 3
201959,Taj Gibson,1610612741,0021300316,Layup Shot,1,1,Restricted Area
2430,Carlos Boozer,1610612741,0021300316,Jump Shot,1,0,Mid-Range
203104,Marquis Teague,1610612741,0021300316,Driving Layup Shot,1,1,Restricted Area
203104,Marquis Teague,1610612741,0021300316,Jump Shot,1,0,Mid-Range
2430,Carlos Boozer,1610612741,0021300316,Layup Shot,1,0,Restricted Area
2430,Carlos Boozer,1610612741,0021300316,Running Layup Shot,1,0,Restricted Area
201959,Taj Gibson,1610612741,0021300316,Putback Layup Shot,1,1,Restricted Area
2399,Mike Dunleavy,1610612741,0021300316,Jump Shot,1,0,Above the Break 3
2399,Mike Dunleavy,1610612741,0021300316,Driving Layup Shot,1,1,Restricted Area
203104,Marquis Teague,1610612741,0021300316,Layup Shot,1,0,Restricted Area
203104,Marquis Teague,1610612741,0021300316,Jump Shot,1,0,Above the Break 3
2430,Carlos Boozer,1610612741,0021300316,Driving Jump shot,1,0,In The Paint (Non-RA)
2550,Kirk Hinrich,1610612741,0021300316,Floating Jump shot,1,0,In The Paint (Non-RA)
2430,Carlos Boozer,1610612741,0021300316,Putback Layup Shot,1,1,Restricted Area
2550,Kirk Hinrich,1610612741,0021300316,Jump Shot,1,0,Mid-Range
2399,Mike Dunleavy,1610612741,0021300316,Jump Shot,1,1,Above the Break 3
203503,Tony Snell,1610612741,0021300316,Jump Shot,1,0,Above the Break 3
203503,Tony Snell,1610612741,0021300316,Driving Layup Shot,1,0,Restricted Area
2430,Carlos Boozer,1610612741,0021300316,Tip Shot,1,0,Restricted Area
2430,Carlos Boozer,1610612741,0021300316,Jump Shot,1,0,In The Paint (Non-RA)
2430,Carlos Boozer,1610612741,0021300316,Layup Shot,1,0,Restricted Area
2430,Carlos Boozer,1610612741,0021300316,Putback Layup Shot,1,1,Restricted Area
203503,Tony Snell,1610612741,0021300324,Jump Shot,1,0,Mid-Range
2399,Mike Dunleavy,1610612741,0021300324,Driving Hook Shot,1,1,Restricted Area
2430,Carlos Boozer,1610612741,0021300324,Jump Shot,1,0,Mid-Range
2399,Mike Dunleavy,1610612741,0021300324,Jump Shot,1,0,Above the Break 3
2430,Carlos Boozer,1610612741,0021300324,Layup Shot,1,1,Restricted Area
2399,Mike Dunleavy,1610612741,0021300324,Layup Shot,1,0,Restricted Area
2399,Mike Dunleavy,1610612741,0021300324,Layup Shot,1,1,Restricted Area
2399,Mike Dunleavy,1610612741,0021300324,Jump Shot,1,0,Above the Break 3
2399,Mike Dunleavy,1610612741,0021300324,Jump Shot,1,1,Above the Break 3
201149,Joakim Noah,1610612741,0021300324,Slam Dunk Shot,1,1,Restricted Area
2399,Mike Dunleavy,1610612741,0021300324,Jump Shot,1,1,Mid-Range
201959,Taj Gibson,1610612741,0021300324,Jump Shot,1,0,In The Paint (Non-RA)
2430,Carlos Boozer,1610612741,0021300324,Hook Shot,1,1,In The Paint (Non-RA)
203104,Marquis Teague,1610612741,0021300324,Pullup Jump shot,1,0,Mid-Range
2399,Mike Dunleavy,1610612741,0021300324,Jump Shot,1,0,Mid-Range
201959,Taj Gibson,1610612741,0021300324,Jump Shot,1,0,Mid-Range
203104,Marquis Teague,1610612741,0021300324,Layup Shot,1,0,Restricted Area
1737,Nazr Mohammed,1610612741,0021300324,Tip Shot,1,0,Restricted Area
1737,Nazr Mohammed,1610612741,0021300324,Tip Shot,1,0,Restricted Area
203503,Tony Snell,1610612741,0021300324,Jump Shot,1,0,Above the Break 3
203503,Tony Snell,1610612741,0021300324,Jump Shot,1,0,Above the Break 3
201959,Taj Gibson,1610612741,0021300324,Jump Shot,1,0,Mid-Range
201149,Joakim Noah,1610612741,0021300324,Hook Shot,1,0,In The Paint (Non-RA)
2550,Kirk Hinrich,1610612741,0021300324,Driving Jump shot,1,0,In The Paint (Non-RA)
2399,Mike Dunleavy,1610612741,0021300324,Jump Shot,1,0,Mid-Range
2550,Kirk Hinrich,1610612741,0021300324,Jump Shot,1,0,Mid-Range
2399,Mike Dunleavy,1610612741,0021300324,Jump Shot,1,1,Above the Break 3
2399,Mike Dunleavy,1610612741,0021300324,Jump Shot,1,0,Above the Break 3
2550,Kirk Hinrich,1610612741,0021300324,Jump Shot,1,0,Left Corner 3
2550,Kirk Hinrich,1610612741,0021300324,Jump Shot,1,0,In The Paint (Non-RA)
2430,Carlos Boozer,1610612741,0021300324,Layup Shot,1,0,Restricted Area
201149,Joakim Noah,1610612741,0021300324,Jump Shot,1,0,In The Paint (Non-RA)
201149,Joakim Noah,1610612741,0021300324,Running Hook Shot,1,1,In The Paint (Non-RA)
2430,Carlos Boozer,1610612741,0021300324,Jump Shot,1,1,In The Paint (Non-RA)
203503,Tony Snell,1610612741,0021300324,Driving Layup Shot,1,0,Restricted Area
2399,Mike Dunleavy,1610612741,0021300324,Jump Shot,1,0,Mid-Range
2399,Mike Dunleavy,1610612741,0021300324,Layup Shot,1,0,Restricted Area
2550,Kirk Hinrich,1610612741,0021300324,Jump Shot,1,1,Above the Break 3
2430,Carlos Boozer,1610612741,0021300324,Turnaround Jump Shot,1,1,Mid-Range
2399,Mike Dunleavy,1610612741,0021300324,Jump Shot,1,0,Mid-Range
2550,Kirk Hinrich,1610612741,0021300324,Jump Shot,1,0,Mid-Range
2399,Mike Dunleavy,1610612741,0021300324,Jump Shot,1,0,Mid-Range
2430,Carlos Boozer,1610612741,0021300324,Fadeaway Bank shot,1,1,Mid-Range
2550,Kirk Hinrich,1610612741,0021300324,Jump Shot,1,0,Above the Break 3
2399,Mike Dunleavy,1610612741,0021300324,Jump Shot,1,0,Mid-Range
2399,Mike Dunleavy,1610612741,0021300324,Jump Shot,1,0,Above the Break 3
2430,Carlos Boozer,1610612741,0021300324,Layup Shot,1,1,Restricted Area
203503,Tony Snell,1610612741,0021300324,Jump Shot,1,1,Above the Break 3
2430,Carlos Boozer,1610612741,0021300324,Jump Shot,1,0,Mid-Range
2430,Carlos Boozer,1610612741,0021300324,Jump Shot,1,0,In The Paint (Non-RA)
203503,Tony Snell,1610612741,0021300324,Jump Shot,1,0,Right Corner 3
2399,Mike Dunleavy,1610612741,0021300324,Jump Shot,1,0,Above the Break 3
2550,Kirk Hinrich,1610612741,0021300324,Jump Shot,1,0,Above the Break 3
201959,Taj Gibson,1610612741,0021300324,Slam Dunk Shot,1,1,Restricted Area
2399,Mike Dunleavy,1610612741,0021300324,Driving Layup Shot,1,1,Restricted Area
2550,Kirk Hinrich,1610612741,0021300324,Layup Shot,1,1,Restricted Area
203503,Tony Snell,1610612741,0021300324,Driving Jump shot,1,0,In The Paint (Non-RA)
203104,Marquis Teague,1610612741,0021300324,Jump Shot,1,0,Above the Break 3
2550,Kirk Hinrich,1610612741,0021300324,Jump Shot,1,1,Above the Break 3
2399,Mike Dunleavy,1610612741,0021300324,Driving Layup Shot,1,0,Restricted Area
2399,Mike Dunleavy,1610612741,0021300324,Jump Shot,1,1,Left Corner 3
201959,Taj Gibson,1610612741,0021300324,Alley Oop Dunk Shot,1,1,Restricted Area
2399,Mike Dunleavy,1610612741,0021300324,Jump Shot,1,0,Above the Break 3
203104,Marquis Teague,1610612741,0021300324,Driving Layup Shot,1,1,Restricted Area
2550,Kirk Hinrich,1610612741,0021300324,Driving Layup Shot,1,0,Restricted Area
201959,Taj Gibson,1610612741,0021300324,Layup Shot,1,0,Restricted Area
203104,Marquis Teague,1610612741,0021300324,Layup Shot,1,0,Restricted Area
201149,Joakim Noah,1610612741,0021300324,Tip Shot,1,1,Restricted Area
2399,Mike Dunleavy,1610612741,0021300324,Jump Shot,1,0,Above the Break 3
203104,Marquis Teague,1610612741,0021300324,Driving Reverse Layup Shot,1,0,Restricted Area
2399,Mike Dunleavy,1610612741,0021300324,Jump Shot,1,0,Above the Break 3
203104,Marquis Teague,1610612741,0021300324,Driving Layup Shot,1,1,Restricted Area
201149,Joakim Noah,1610612741,0021300337,Jump Shot,1,0,Mid-Range
201149,Joakim Noah,1610612741,0021300337,Layup Shot,1,1,Restricted Area
2399,Mike Dunleavy,1610612741,0021300337,Jump Shot,1,1,Mid-Range
2399,Mike Dunleavy,1610612741,0021300337,Running Layup Shot,1,1,Restricted Area
202710,Jimmy Butler III,1610612741,0021300337,Jump Shot,1,0,Above the Break 3
201149,Joakim Noah,1610612741,0021300337,Hook Shot,1,0,Restricted Area
202710,Jimmy Butler III,1610612741,0021300337,Layup Shot,1,1,Restricted Area
202710,Jimmy Butler III,1610612741,0021300337,Jump Shot,1,0,Mid-Range
2399,Mike Dunleavy,1610612741,0021300337,Jump Shot,1,1,Mid-Range
2550,Kirk Hinrich,1610612741,0021300337,Jump Shot,1,0,Above the Break 3
2430,Carlos Boozer,1610612741,0021300337,Layup Shot,1,0,Restricted Area
2430,Carlos Boozer,1610612741,0021300337,Layup Shot,1,1,Restricted Area
2550,Kirk Hinrich,1610612741,0021300337,Jump Shot,1,1,Mid-Range
2430,Carlos Boozer,1610612741,0021300337,Jump Shot,1,1,Mid-Range
2399,Mike Dunleavy,1610612741,0021300337,Jump Shot,1,0,Mid-Range
2550,Kirk Hinrich,1610612741,0021300337,Jump Shot,1,1,Left Corner 3
201959,Taj Gibson,1610612741,0021300337,Dunk Shot,1,1,Restricted Area
202710,Jimmy Butler III,1610612741,0021300337,Jump Shot,1,1,Above the Break 3
2430,Carlos Boozer,1610612741,0021300337,Jump Shot,1,0,Mid-Range
2399,Mike Dunleavy,1610612741,0021300337,Jump Shot,1,0,Above the Break 3
201571,D.J. Augustin,1610612741,0021300337,Jump Shot,1,0,Above the Break 3
1737,Nazr Mohammed,1610612741,0021300337,Dunk Shot,1,1,Restricted Area
201959,Taj Gibson,1610612741,0021300337,Jump Shot,1,0,Mid-Range
201959,Taj Gibson,1610612741,0021300337,Layup Shot,1,0,Restricted Area
201149,Joakim Noah,1610612741,0021300337,Tip Shot,1,1,Restricted Area
202710,Jimmy Butler III,1610612741,0021300337,Jump Shot,1,0,Above the Break 3
202710,Jimmy Butler III,1610612741,0021300337,Jump Shot,1,0,Right Corner 3
202710,Jimmy Butler III,1610612741,0021300337,Dunk Shot,1,1,Restricted Area
2550,Kirk Hinrich,1610612741,0021300337,Jump Shot,1,0,Above the Break 3
2430,Carlos Boozer,1610612741,0021300337,Layup Shot,1,0,Restricted Area
203503,Tony Snell,1610612741,0021300337,Jump Shot,1,0,Above the Break 3
202710,Jimmy Butler III,1610612741,0021300337,Layup Shot,1,0,Restricted Area
202710,Jimmy Butler III,1610612741,0021300337,Jump Shot,1,0,In The Paint (Non-RA)
2430,Carlos Boozer,1610612741,0021300337,Layup Shot,1,0,Restricted Area
2430,Carlos Boozer,1610612741,0021300337,Layup Shot,1,0,Restricted Area
201149,Joakim Noah,1610612741,0021300337,Layup Shot,1,1,Restricted Area
201149,Joakim Noah,1610612741,0021300337,Hook Shot,1,1,In The Paint (Non-RA)
2550,Kirk Hinrich,1610612741,0021300337,Jump Shot,1,1,Above the Break 3
201149,Joakim Noah,1610612741,0021300337,Jump Shot,1,0,In The Paint (Non-RA)
2550,Kirk Hinrich,1610612741,0021300337,Jump Shot,1,1,Above the Break 3
2430,Carlos Boozer,1610612741,0021300337,Layup Shot,1,1,Restricted Area
2550,Kirk Hinrich,1610612741,0021300337,Jump Shot,1,0,Mid-Range
201149,Joakim Noah,1610612741,0021300337,Running Hook Shot,1,1,Restricted Area
2430,Carlos Boozer,1610612741,0021300337,Jump Shot,1,0,In The Paint (Non-RA)
2399,Mike Dunleavy,1610612741,0021300337,Jump Shot,1,0,Mid-Range
2550,Kirk Hinrich,1610612741,0021300337,Jump Shot,1,1,Mid-Range
2550,Kirk Hinrich,1610612741,0021300337,Jump Shot,1,0,Left Corner 3
202710,Jimmy Butler III,1610612741,0021300337,Layup Shot,1,0,Restricted Area
2430,Carlos Boozer,1610612741,0021300337,Jump Shot,1,0,Mid-Range
2430,Carlos Boozer,1610612741,0021300337,Layup Shot,1,1,Restricted Area
2430,Carlos Boozer,1610612741,0021300337,Jump Shot,1,0,In The Paint (Non-RA)
201149,Joakim Noah,1610612741,0021300337,Jump Shot,1,0,Mid-Range
2430,Carlos Boozer,1610612741,0021300337,Jump Shot,1,0,Mid-Range
203503,Tony Snell,1610612741,0021300337,Jump Shot,1,1,Above the Break 3
2550,Kirk Hinrich,1610612741,0021300337,Jump Shot,1,0,Above the Break 3
2399,Mike Dunleavy,1610612741,0021300337,Jump Shot,1,0,Above the Break 3
203503,Tony Snell,1610612741,0021300337,Jump Shot,1,0,Above the Break 3
201959,Taj Gibson,1610612741,0021300337,Layup Shot,1,0,Restricted Area
201959,Taj Gibson,1610612741,0021300337,Layup Shot,1,0,Restricted Area
203503,Tony Snell,1610612741,0021300337,Jump Shot,1,0,Right Corner 3
201959,Taj Gibson,1610612741,0021300337,Layup Shot,1,1,Restricted Area
201959,Taj Gibson,1610612741,0021300337,Jump Shot,1,0,In The Paint (Non-RA)
201149,Joakim Noah,1610612741,0021300337,Tip Shot,1,1,Restricted Area
201571,D.J. Augustin,1610612741,0021300337,Layup Shot,1,0,Restricted Area
201149,Joakim Noah,1610612741,0021300337,Dunk Shot,1,1,Restricted Area
203503,Tony Snell,1610612741,0021300337,Jump Shot,1,0,Left Corner 3
201959,Taj Gibson,1610612741,0021300337,Tip Shot,1,1,Restricted Area
201571,D.J. Augustin,1610612741,0021300337,Jump Shot,1,0,Left Corner 3
203503,Tony Snell,1610612741,0021300337,Jump Shot,1,1,Right Corner 3
201149,Joakim Noah,1610612741,0021300337,Layup Shot,1,1,Restricted Area
202710,Jimmy Butler III,1610612741,0021300337,Layup Shot,1,1,Restricted Area
2550,Kirk Hinrich,1610612741,0021300337,Jump Shot,1,0,Left Corner 3
201149,Joakim Noah,1610612741,0021300337,Layup Shot,1,1,Restricted Area
2430,Carlos Boozer,1610612741,0021300337,Jump Shot,1,0,Mid-Range
201149,Joakim Noah,1610612741,0021300337,Tip Shot,1,0,Restricted Area
201149,Joakim Noah,1610612741,0021300337,Tip Shot,1,1,Restricted Area
202710,Jimmy Butler III,1610612741,0021300337,Jump Shot,1,0,Mid-Range
2430,Carlos Boozer,1610612741,0021300337,Jump Shot,1,0,In The Paint (Non-RA)
2550,Kirk Hinrich,1610612741,0021300337,Jump Shot,1,0,Above the Break 3
2430,Carlos Boozer,1610612741,0021300337,Jump Shot,1,1,Mid-Range
2399,Mike Dunleavy,1610612741,0021300337,Jump Bank Shot,1,1,Above the Break 3
2430,Carlos Boozer,1610612741,0021300346,Layup Shot,1,0,Restricted Area
2736,Luol Deng,1610612741,0021300346,Driving Layup Shot,1,1,Restricted Area
201149,Joakim Noah,1610612741,0021300346,Layup Shot,1,0,Restricted Area
2430,Carlos Boozer,1610612741,0021300346,Jump Shot,1,1,In The Paint (Non-RA)
2430,Carlos Boozer,1610612741,0021300346,Jump Shot,1,0,Mid-Range
2736,Luol Deng,1610612741,0021300346,Jump Shot,1,0,Mid-Range
2430,Carlos Boozer,1610612741,0021300346,Floating Jump shot,1,0,Mid-Range
201149,Joakim Noah,1610612741,0021300346,Layup Shot,1,0,Restricted Area
203104,Marquis Teague,1610612741,0021300346,Driving Layup Shot,1,0,Restricted Area
201149,Joakim Noah,1610612741,0021300346,Tip Shot,1,1,Restricted Area
2430,Carlos Boozer,1610612741,0021300346,Layup Shot,1,0,Restricted Area
2736,Luol Deng,1610612741,0021300346,Driving Layup Shot,1,1,Restricted Area
203104,Marquis Teague,1610612741,0021300346,Running Layup Shot,1,1,Restricted Area
201149,Joakim Noah,1610612741,0021300346,Layup Shot,1,0,Restricted Area
2430,Carlos Boozer,1610612741,0021300346,Jump Shot,1,1,Mid-Range
2736,Luol Deng,1610612741,0021300346,Floating Jump shot,1,0,Mid-Range
2430,Carlos Boozer,1610612741,0021300346,Putback Layup Shot,1,1,Restricted Area
2430,Carlos Boozer,1610612741,0021300346,Jump Shot,1,0,Mid-Range
2736,Luol Deng,1610612741,0021300346,Dunk Shot,1,1,Restricted Area
201959,Taj Gibson,1610612741,0021300346,Jump Shot,1,0,Mid-Range
2736,Luol Deng,1610612741,0021300346,Jump Shot,1,1,Left Corner 3
201959,Taj Gibson,1610612741,0021300346,Layup Shot,1,0,Restricted Area
2736,Luol Deng,1610612741,0021300346,Jump Shot,1,0,In The Paint (Non-RA)
203104,Marquis Teague,1610612741,0021300346,Driving Layup Shot,1,1,Restricted Area
2430,Carlos Boozer,1610612741,0021300346,Driving Layup Shot,1,0,Restricted Area
2430,Carlos Boozer,1610612741,0021300346,Turnaround Fadeaway shot,1,0,In The Paint (Non-RA)
2399,Mike Dunleavy,1610612741,0021300346,Jump Shot,1,0,Mid-Range
2736,Luol Deng,1610612741,0021300346,Jump Shot,1,1,Mid-Range
201571,D.J. Augustin,1610612741,0021300346,Jump Shot,1,0,Above the Break 3
2399,Mike Dunleavy,1610612741,0021300346,Jump Shot,1,0,Above the Break 3
2399,Mike Dunleavy,1610612741,0021300346,Jump Shot,1,1,Mid-Range
202710,Jimmy Butler III,1610612741,0021300346,Jump Shot,1,0,Mid-Range
201149,Joakim Noah,1610612741,0021300346,Putback Layup Shot,1,0,Restricted Area
201571,D.J. Augustin,1610612741,0021300346,Jump Shot,1,0,Right Corner 3
2399,Mike Dunleavy,1610612741,0021300346,Jump Shot,1,1,Mid-Range
201571,D.J. Augustin,1610612741,0021300346,Jump Shot,1,0,Above the Break 3
201959,Taj Gibson,1610612741,0021300346,Dunk Shot,1,1,Restricted Area
2399,Mike Dunleavy,1610612741,0021300346,Jump Shot,1,0,Above the Break 3
2399,Mike Dunleavy,1610612741,0021300346,Jump Shot,1,0,Above the Break 3
2399,Mike Dunleavy,1610612741,0021300346,Jump Shot,1,1,Mid-Range
2399,Mike Dunleavy,1610612741,0021300346,Running Layup Shot,1,0,Restricted Area
201959,Taj Gibson,1610612741,0021300346,Putback Layup Shot,1,0,Restricted Area
2736,Luol Deng,1610612741,0021300346,Layup Shot,1,1,Restricted Area
2430,Carlos Boozer,1610612741,0021300346,Jump Shot,1,0,Mid-Range
202710,Jimmy Butler III,1610612741,0021300346,Driving Layup Shot,1,1,Restricted Area
2430,Carlos Boozer,1610612741,0021300346,Jump Shot,1,0,In The Paint (Non-RA)
2736,Luol Deng,1610612741,0021300346,Running Layup Shot,1,1,Restricted Area
202710,Jimmy Butler III,1610612741,0021300346,Jump Shot,1,0,Above the Break 3
201571,D.J. Augustin,1610612741,0021300346,Jump Shot,1,0,Backcourt
2736,Luol Deng,1610612741,0021300346,Jump Shot,1,0,Mid-Range
2430,Carlos Boozer,1610612741,0021300346,Jump Shot,1,0,Mid-Range
2736,Luol Deng,1610612741,0021300346,Jump Shot,1,0,Mid-Range
203104,Marquis Teague,1610612741,0021300346,Jump Shot,1,0,Above the Break 3
202710,Jimmy Butler III,1610612741,0021300346,Jump Shot,1,1,Above the Break 3
201149,Joakim Noah,1610612741,0021300346,Reverse Layup Shot,1,1,Restricted Area
201149,Joakim Noah,1610612741,0021300346,Jump Shot,1,1,In The Paint (Non-RA)
201149,Joakim Noah,1610612741,0021300346,Tip Shot,1,0,Restricted Area
203104,Marquis Teague,1610612741,0021300346,Layup Shot,1,0,Restricted Area
2736,Luol Deng,1610612741,0021300346,Jump Shot,1,1,In The Paint (Non-RA)
202710,Jimmy Butler III,1610612741,0021300346,Layup Shot,1,1,Restricted Area
2736,Luol Deng,1610612741,0021300346,Jump Shot,1,0,Mid-Range
2430,Carlos Boozer,1610612741,0021300346,Layup Shot,1,0,Restricted Area
201149,Joakim Noah,1610612741,0021300346,Layup Shot,1,1,Restricted Area
2399,Mike Dunleavy,1610612741,0021300346,Jump Shot,1,0,Above the Break 3
2399,Mike Dunleavy,1610612741,0021300346,Jump Shot,1,1,Mid-Range
202710,Jimmy Butler III,1610612741,0021300346,Jump Shot,1,1,Above the Break 3
203104,Marquis Teague,1610612741,0021300346,Jump Bank Shot,1,1,Above the Break 3
201571,D.J. Augustin,1610612741,0021300346,Jump Shot,1,1,Above the Break 3
201959,Taj Gibson,1610612741,0021300346,Layup Shot,1,0,Restricted Area
2736,Luol Deng,1610612741,0021300346,Jump Shot,1,0,Mid-Range
201571,D.J. Augustin,1610612741,0021300346,Running Bank shot,1,0,Mid-Range
201959,Taj Gibson,1610612741,0021300346,Layup Shot,1,1,Restricted Area
2736,Luol Deng,1610612741,0021300346,Jump Shot,1,0,Restricted Area
2736,Luol Deng,1610612741,0021300346,Driving Jump shot,1,0,In The Paint (Non-RA)
201571,D.J. Augustin,1610612741,0021300346,Jump Shot,1,0,Mid-Range
201959,Taj Gibson,1610612741,0021300346,Layup Shot,1,0,Restricted Area
2430,Carlos Boozer,1610612741,0021300346,Jump Shot,1,0,Mid-Range
2399,Mike Dunleavy,1610612741,0021300346,Jump Shot,1,1,Above the Break 3
2430,Carlos Boozer,1610612741,0021300346,Jump Shot,1,0,Mid-Range
2430,Carlos Boozer,1610612741,0021300346,Jump Shot,1,1,Mid-Range
2430,Carlos Boozer,1610612741,0021300346,Floating Jump shot,1,0,In The Paint (Non-RA)
2736,Luol Deng,1610612741,0021300346,Jump Shot,1,0,In The Paint (Non-RA)
2399,Mike Dunleavy,1610612741,0021300346,Jump Shot,1,0,Right Corner 3
2736,Luol Deng,1610612741,0021300346,Jump Shot,1,0,Right Corner 3
201149,Joakim Noah,1610612741,0021300346,Layup Shot,1,0,Restricted Area
2229,Mike James,1610612741,0021300346,Jump Shot,1,0,Mid-Range
2430,Carlos Boozer,1610612741,0021300362,Layup Shot,1,1,Restricted Area
2736,Luol Deng,1610612741,0021300362,Jump Shot,1,1,Mid-Range
202710,Jimmy Butler III,1610612741,0021300362,Jump Shot,1,0,Mid-Range
202710,Jimmy Butler III,1610612741,0021300362,Jump Shot,1,0,In The Paint (Non-RA)
202710,Jimmy Butler III,1610612741,0021300362,Jump Shot,1,0,In The Paint (Non-RA)
2430,Carlos Boozer,1610612741,0021300362,Jump Shot,1,1,In The Paint (Non-RA)
2736,Luol Deng,1610612741,0021300362,Jump Shot,1,0,Mid-Range
203104,Marquis Teague,1610612741,0021300362,Layup Shot,1,0,Restricted Area
2430,Carlos Boozer,1610612741,0021300362,Jump Shot,1,0,Mid-Range
201149,Joakim Noah,1610612741,0021300362,Jump Shot,1,0,Mid-Range
203104,Marquis Teague,1610612741,0021300362,Jump Shot,1,0,Mid-Range
2736,Luol Deng,1610612741,0021300362,Layup Shot,1,0,Restricted Area
2430,Carlos Boozer,1610612741,0021300362,Jump Shot,1,0,Mid-Range
203104,Marquis Teague,1610612741,0021300362,Layup Shot,1,0,Restricted Area
2736,Luol Deng,1610612741,0021300362,Jump Bank Shot,1,1,Mid-Range
201571,D.J. Augustin,1610612741,0021300362,Jump Shot,1,0,Above the Break 3
2430,Carlos Boozer,1610612741,0021300362,Jump Shot,1,0,Mid-Range
2736,Luol Deng,1610612741,0021300362,Jump Shot,1,0,Mid-Range
2399,Mike Dunleavy,1610612741,0021300362,Jump Shot,1,1,Mid-Range
201959,Taj Gibson,1610612741,0021300362,Jump Shot,1,0,In The Paint (Non-RA)
2430,Carlos Boozer,1610612741,0021300362,Layup Shot,1,0,Restricted Area
201571,D.J. Augustin,1610612741,0021300362,Jump Shot,1,0,Above the Break 3
201959,Taj Gibson,1610612741,0021300362,Layup Shot,1,0,Restricted Area
2399,Mike Dunleavy,1610612741,0021300362,Layup Shot,1,1,Restricted Area
201571,D.J. Augustin,1610612741,0021300362,Jump Shot,1,0,Mid-Range
201571,D.J. Augustin,1610612741,0021300362,Jump Shot,1,0,Above the Break 3
2736,Luol Deng,1610612741,0021300362,Layup Shot,1,1,Restricted Area
203503,Tony Snell,1610612741,0021300362,Jump Shot,1,1,Mid-Range
2399,Mike Dunleavy,1610612741,0021300362,Jump Shot,1,0,Above the Break 3
2736,Luol Deng,1610612741,0021300362,Driving Layup Shot,1,1,Restricted Area
2399,Mike Dunleavy,1610612741,0021300362,Jump Shot,1,0,Right Corner 3
202710,Jimmy Butler III,1610612741,0021300362,Jump Shot,1,0,Right Corner 3
202710,Jimmy Butler III,1610612741,0021300362,Jump Shot,1,0,Above the Break 3
201571,D.J. Augustin,1610612741,0021300362,Jump Shot,1,0,Mid-Range
201959,Taj Gibson,1610612741,0021300362,Jump Shot,1,0,In The Paint (Non-RA)
201571,D.J. Augustin,1610612741,0021300362,Jump Shot,1,1,Mid-Range
202710,Jimmy Butler III,1610612741,0021300362,Jump Shot,1,0,In The Paint (Non-RA)
201571,D.J. Augustin,1610612741,0021300362,Jump Shot,1,1,Mid-Range
201149,Joakim Noah,1610612741,0021300362,Layup Shot,1,1,Restricted Area
2736,Luol Deng,1610612741,0021300362,Floating Jump shot,1,1,Mid-Range
201959,Taj Gibson,1610612741,0021300362,Layup Shot,1,0,Restricted Area
201149,Joakim Noah,1610612741,0021300362,Tip Shot,1,0,Restricted Area
201571,D.J. Augustin,1610612741,0021300362,Layup Shot,1,0,Restricted Area
2430,Carlos Boozer,1610612741,0021300362,Jump Shot,1,0,Mid-Range
202710,Jimmy Butler III,1610612741,0021300362,Jump Shot,1,1,In The Paint (Non-RA)
202710,Jimmy Butler III,1610612741,0021300362,Jump Shot,1,0,Above the Break 3
201149,Joakim Noah,1610612741,0021300362,Jump Shot,1,1,Mid-Range
201571,D.J. Augustin,1610612741,0021300362,Jump Shot,1,0,Above the Break 3
2430,Carlos Boozer,1610612741,0021300362,Jump Shot,1,0,Mid-Range
2736,Luol Deng,1610612741,0021300362,Jump Shot,1,0,Mid-Range
2430,Carlos Boozer,1610612741,0021300362,Jump Shot,1,1,Mid-Range
2736,Luol Deng,1610612741,0021300362,Jump Shot,1,1,In The Paint (Non-RA)
2736,Luol Deng,1610612741,0021300362,Jump Shot,1,1,Mid-Range
2430,Carlos Boozer,1610612741,0021300362,Jump Shot,1,0,Mid-Range
201149,Joakim Noah,1610612741,0021300362,Layup Shot,1,0,Restricted Area
201149,Joakim Noah,1610612741,0021300362,Layup Shot,1,0,Restricted Area
201571,D.J. Augustin,1610612741,0021300362,Jump Shot,1,1,Above the Break 3
202710,Jimmy Butler III,1610612741,0021300362,Jump Shot,1,0,Mid-Range
2736,Luol Deng,1610612741,0021300362,Jump Shot,1,1,Above the Break 3
2399,Mike Dunleavy,1610612741,0021300362,Jump Shot,1,1,Above the Break 3
201571,D.J. Augustin,1610612741,0021300362,Driving Layup Shot,1,1,Restricted Area
201959,Taj Gibson,1610612741,0021300362,Driving Slam Dunk Shot,1,1,Restricted Area
201571,D.J. Augustin,1610612741,0021300362,Jump Shot,1,0,Above the Break 3
201959,Taj Gibson,1610612741,0021300362,Dunk Shot,1,0,Restricted Area
2399,Mike Dunleavy,1610612741,0021300362,Jump Shot,1,1,Mid-Range
2399,Mike Dunleavy,1610612741,0021300362,Jump Shot,1,0,Above the Break 3
2736,Luol Deng,1610612741,0021300362,Jump Shot,1,0,Above the Break 3
202710,Jimmy Butler III,1610612741,0021300362,Jump Shot,1,0,Above the Break 3
2399,Mike Dunleavy,1610612741,0021300362,Jump Shot,1,0,Mid-Range
201959,Taj Gibson,1610612741,0021300362,Dunk Shot,1,0,Restricted Area
202710,Jimmy Butler III,1610612741,0021300362,Jump Shot,1,0,Mid-Range
201149,Joakim Noah,1610612741,0021300362,Hook Shot,1,0,In The Paint (Non-RA)
2736,Luol Deng,1610612741,0021300362,Layup Shot,1,0,Restricted Area
201149,Joakim Noah,1610612741,0021300362,Driving Layup Shot,1,1,Restricted Area
201571,D.J. Augustin,1610612741,0021300362,Jump Shot,1,0,Restricted Area
2736,Luol Deng,1610612741,0021300362,Jump Shot,1,0,Mid-Range
201571,D.J. Augustin,1610612741,0021300362,Layup Shot,1,0,Restricted Area
201571,D.J. Augustin,1610612741,0021300362,Jump Shot,1,1,Above the Break 3
201149,Joakim Noah,1610612741,0021300362,Driving Layup Shot,1,1,Restricted Area
2736,Luol Deng,1610612741,0021300362,Layup Shot,1,0,Restricted Area
2399,Mike Dunleavy,1610612741,0021300362,Jump Shot,1,1,Backcourt
2430,Carlos Boozer,1610612741,0021300379,Jump Shot,1,0,Mid-Range
201149,Joakim Noah,1610612741,0021300379,Tip Shot,1,0,Restricted Area
2736,Luol Deng,1610612741,0021300379,Pullup Jump shot,1,0,Mid-Range
202710,Jimmy Butler III,1610612741,0021300379,Jump Shot,1,1,Mid-Range
2430,Carlos Boozer,1610612741,0021300379,Jump Shot,1,0,Mid-Range
201149,Joakim Noah,1610612741,0021300379,Tip Shot,1,1,Restricted Area
2430,Carlos Boozer,1610612741,0021300379,Dunk Shot,1,1,Restricted Area
2736,Luol Deng,1610612741,0021300379,Jump Shot,1,0,Mid-Range
202710,Jimmy Butler III,1610612741,0021300379,Layup Shot,1,0,Restricted Area
201571,D.J. Augustin,1610612741,0021300379,Pullup Jump shot,1,0,Mid-Range
201149,Joakim Noah,1610612741,0021300379,Hook Shot,1,0,Restricted Area
2430,Carlos Boozer,1610612741,0021300379,Putback Layup Shot,1,1,Restricted Area
202710,Jimmy Butler III,1610612741,0021300379,Jump Shot,1,0,Restricted Area
201959,Taj Gibson,1610612741,0021300379,Turnaround Jump Shot,1,0,In The Paint (Non-RA)
201149,Joakim Noah,1610612741,0021300379,Hook Shot,1,1,Restricted Area
2736,Luol Deng,1610612741,0021300379,Jump Shot,1,0,Above the Break 3
202710,Jimmy Butler III,1610612741,0021300379,Alley Oop Layup shot,1,0,Restricted Area
201149,Joakim Noah,1610612741,0021300379,Jump Shot,1,0,Mid-Range
201959,Taj Gibson,1610612741,0021300379,Jump Shot,1,0,In The Paint (Non-RA)
2430,Carlos Boozer,1610612741,0021300379,Jump Shot,1,0,Mid-Range
2736,Luol Deng,1610612741,0021300379,Driving Layup Shot,1,1,Restricted Area
2399,Mike Dunleavy,1610612741,0021300379,Running Jump Shot,1,1,In The Paint (Non-RA)
2736,Luol Deng,1610612741,0021300379,Layup Shot,1,1,Restricted Area
2430,Carlos Boozer,1610612741,0021300379,Jump Shot,1,1,Mid-Range
2430,Carlos Boozer,1610612741,0021300379,Layup Shot,1,0,Restricted Area
2736,Luol Deng,1610612741,0021300379,Jump Shot,1,0,Mid-Range
201959,Taj Gibson,1610612741,0021300379,Putback Dunk Shot,1,1,Restricted Area
2736,Luol Deng,1610612741,0021300379,Layup Shot,1,1,Restricted Area
2399,Mike Dunleavy,1610612741,0021300379,Jump Shot,1,0,Above the Break 3
201959,Taj Gibson,1610612741,0021300379,Turnaround Bank shot,1,1,In The Paint (Non-RA)
2430,Carlos Boozer,1610612741,0021300379,Jump Shot,1,1,Mid-Range
2399,Mike Dunleavy,1610612741,0021300379,Jump Shot,1,1,Mid-Range
201571,D.J. Augustin,1610612741,0021300379,Pullup Jump shot,1,1,Above the Break 3
202710,Jimmy Butler III,1610612741,0021300379,Step Back Jump shot,1,0,Mid-Range
201571,D.J. Augustin,1610612741,0021300379,Pullup Jump shot,1,0,Above the Break 3
2736,Luol Deng,1610612741,0021300379,Layup Shot,1,0,Restricted Area
202710,Jimmy Butler III,1610612741,0021300379,Jump Shot,1,0,Mid-Range
2736,Luol Deng,1610612741,0021300379,Hook Shot,1,1,In The Paint (Non-RA)
2736,Luol Deng,1610612741,0021300379,Jump Shot,1,0,Mid-Range
202710,Jimmy Butler III,1610612741,0021300379,Reverse Layup Shot,1,1,Restricted Area
202710,Jimmy Butler III,1610612741,0021300379,Alley Oop Layup shot,1,0,Restricted Area
202710,Jimmy Butler III,1610612741,0021300379,Jump Shot,1,1,Mid-Range
2736,Luol Deng,1610612741,0021300379,Jump Shot,1,1,Above the Break 3
2430,Carlos Boozer,1610612741,0021300379,Jump Shot,1,0,In The Paint (Non-RA)
202710,Jimmy Butler III,1610612741,0021300379,Driving Layup Shot,1,0,Restricted Area
2430,Carlos Boozer,1610612741,0021300379,Turnaround Fadeaway shot,1,1,Mid-Range
2736,Luol Deng,1610612741,0021300379,Jump Shot,1,0,Mid-Range
2430,Carlos Boozer,1610612741,0021300379,Putback Layup Shot,1,1,Restricted Area
202710,Jimmy Butler III,1610612741,0021300379,Reverse Layup Shot,1,1,Restricted Area
2430,Carlos Boozer,1610612741,0021300379,Jump Shot,1,1,Mid-Range
2736,Luol Deng,1610612741,0021300379,Jump Shot,1,0,Right Corner 3
201571,D.J. Augustin,1610612741,0021300379,Pullup Jump shot,1,1,Above the Break 3
202710,Jimmy Butler III,1610612741,0021300379,Jump Shot,1,1,Left Corner 3
2736,Luol Deng,1610612741,0021300379,Driving Layup Shot,1,1,Restricted Area
2430,Carlos Boozer,1610612741,0021300379,Jump Shot,1,0,In The Paint (Non-RA)
2430,Carlos Boozer,1610612741,0021300379,Jump Shot,1,0,In The Paint (Non-RA)
201571,D.J. Augustin,1610612741,0021300379,Jump Shot,1,0,Mid-Range
2430,Carlos Boozer,1610612741,0021300379,Jump Shot,1,0,Mid-Range
2399,Mike Dunleavy,1610612741,0021300379,Jump Shot,1,0,Mid-Range
201571,D.J. Augustin,1610612741,0021300379,Jump Shot,1,0,Above the Break 3
2736,Luol Deng,1610612741,0021300379,Pullup Jump shot,1,1,Mid-Range
201959,Taj Gibson,1610612741,0021300379,Hook Shot,1,0,In The Paint (Non-RA)
201149,Joakim Noah,1610612741,0021300379,Jump Shot,1,1,Mid-Range
203104,Marquis Teague,1610612741,0021300379,Jump Shot,1,0,Above the Break 3
201149,Joakim Noah,1610612741,0021300379,Jump Shot,1,0,In The Paint (Non-RA)
2399,Mike Dunleavy,1610612741,0021300379,Jump Shot,1,0,Above the Break 3
201149,Joakim Noah,1610612741,0021300379,Jump Shot,1,0,Mid-Range
203104,Marquis Teague,1610612741,0021300379,Jump Shot,1,0,Restricted Area
2399,Mike Dunleavy,1610612741,0021300379,Jump Shot,1,1,Right Corner 3
2399,Mike Dunleavy,1610612741,0021300379,Pullup Jump shot,1,1,Mid-Range
202710,Jimmy Butler III,1610612741,0021300379,Alley Oop Dunk Shot,1,1,Restricted Area
2399,Mike Dunleavy,1610612741,0021300379,Layup Shot,1,0,Restricted Area
202710,Jimmy Butler III,1610612741,0021300379,Jump Shot,1,1,Mid-Range
202710,Jimmy Butler III,1610612741,0021300379,Alley Oop Layup shot,1,1,Restricted Area
203104,Marquis Teague,1610612741,0021300379,Layup Shot,1,1,Restricted Area
201959,Taj Gibson,1610612741,0021300379,Driving Reverse Layup Shot,1,1,Restricted Area
201959,Taj Gibson,1610612741,0021300379,Layup Shot,1,1,Restricted Area
201959,Taj Gibson,1610612741,0021300379,Jump Shot,1,1,Mid-Range
201959,Taj Gibson,1610612741,0021300379,Jump Shot,1,1,Mid-Range
201571,D.J. Augustin,1610612741,0021300381,Jump Shot,1,0,Above the Break 3
2430,Carlos Boozer,1610612741,0021300381,Layup Shot,1,1,Restricted Area
2399,Mike Dunleavy,1610612741,0021300381,Jump Shot,1,0,Right Corner 3
201571,D.J. Augustin,1610612741,0021300381,Driving Layup Shot,1,1,Restricted Area
2430,Carlos Boozer,1610612741,0021300381,Turnaround Fadeaway shot,1,0,In The Paint (Non-RA)
201149,Joakim Noah,1610612741,0021300381,Layup Shot,1,1,Restricted Area
202710,Jimmy Butler III,1610612741,0021300381,Jump Shot,1,0,Right Corner 3
201149,Joakim Noah,1610612741,0021300381,Layup Shot,1,1,Restricted Area
201149,Joakim Noah,1610612741,0021300381,Running Jump Shot,1,0,Restricted Area
201149,Joakim Noah,1610612741,0021300381,Jump Shot,1,1,Mid-Range
2399,Mike Dunleavy,1610612741,0021300381,Jump Shot,1,0,Right Corner 3
203503,Tony Snell,1610612741,0021300381,Jump Shot,1,0,Above the Break 3
201571,D.J. Augustin,1610612741,0021300381,Jump Shot,1,0,Above the Break 3
201571,D.J. Augustin,1610612741,0021300381,Reverse Layup Shot,1,0,Restricted Area
203503,Tony Snell,1610612741,0021300381,Jump Shot,1,0,Right Corner 3
201959,Taj Gibson,1610612741,0021300381,Turnaround Jump Shot,1,1,Restricted Area
2430,Carlos Boozer,1610612741,0021300381,Jump Shot,1,0,Mid-Range
203503,Tony Snell,1610612741,0021300381,Floating Jump shot,1,1,In The Paint (Non-RA)
201959,Taj Gibson,1610612741,0021300381,Jump Shot,1,0,Mid-Range
203104,Marquis Teague,1610612741,0021300381,Running Jump Shot,1,0,Above the Break 3
201959,Taj Gibson,1610612741,0021300381,Jump Shot,1,0,Mid-Range
203104,Marquis Teague,1610612741,0021300381,Layup Shot,1,0,Restricted Area
201959,Taj Gibson,1610612741,0021300381,Jump Shot,1,0,Mid-Range
202710,Jimmy Butler III,1610612741,0021300381,Jump Shot,1,0,Above the Break 3
203503,Tony Snell,1610612741,0021300381,Jump Shot,1,1,Above the Break 3
201959,Taj Gibson,1610612741,0021300381,Layup Shot,1,1,Restricted Area
201959,Taj Gibson,1610612741,0021300381,Reverse Layup Shot,1,1,Restricted Area
203503,Tony Snell,1610612741,0021300381,Jump Shot,1,0,Above the Break 3
203503,Tony Snell,1610612741,0021300381,Jump Shot,1,0,Restricted Area
203503,Tony Snell,1610612741,0021300381,Jump Shot,1,0,Left Corner 3
203503,Tony Snell,1610612741,0021300381,Jump Shot,1,1,Above the Break 3
201571,D.J. Augustin,1610612741,0021300381,Jump Shot,1,1,Above the Break 3
2399,Mike Dunleavy,1610612741,0021300381,Jump Shot,1,0,Above the Break 3
201149,Joakim Noah,1610612741,0021300381,Layup Shot,1,0,Restricted Area
201149,Joakim Noah,1610612741,0021300381,Layup Shot,1,0,Restricted Area
201149,Joakim Noah,1610612741,0021300381,Layup Shot,1,1,Restricted Area
2399,Mike Dunleavy,1610612741,0021300381,Jump Shot,1,0,Mid-Range
201149,Joakim Noah,1610612741,0021300381,Jump Bank Shot,1,0,Restricted Area
203503,Tony Snell,1610612741,0021300381,Jump Shot,1,0,Above the Break 3
2399,Mike Dunleavy,1610612741,0021300381,Jump Shot,1,1,Above the Break 3
2399,Mike Dunleavy,1610612741,0021300381,Jump Shot,1,1,Above the Break 3
201571,D.J. Augustin,1610612741,0021300381,Jump Shot,1,0,Above the Break 3
2399,Mike Dunleavy,1610612741,0021300381,Running Jump Shot,1,0,Mid-Range
2399,Mike Dunleavy,1610612741,0021300381,Layup Shot,1,0,Restricted Area
201149,Joakim Noah,1610612741,0021300381,Jump Shot,1,0,Mid-Range
2430,Carlos Boozer,1610612741,0021300381,Jump Shot,1,0,In The Paint (Non-RA)
201571,D.J. Augustin,1610612741,0021300381,Jump Shot,1,1,Above the Break 3
203503,Tony Snell,1610612741,0021300381,Jump Shot,1,1,Mid-Range
201149,Joakim Noah,1610612741,0021300381,Turnaround Jump Shot,1,1,Restricted Area
201149,Joakim Noah,1610612741,0021300381,Jump Shot,1,0,Mid-Range
2430,Carlos Boozer,1610612741,0021300381,Turnaround Fadeaway shot,1,0,In The Paint (Non-RA)
201149,Joakim Noah,1610612741,0021300381,Jump Shot,1,0,Mid-Range
201959,Taj Gibson,1610612741,0021300381,Turnaround Jump Shot,1,1,Mid-Range
2430,Carlos Boozer,1610612741,0021300381,Layup Shot,1,1,Restricted Area
201959,Taj Gibson,1610612741,0021300381,Dunk Shot,1,1,Restricted Area
203503,Tony Snell,1610612741,0021300381,Running Jump Shot,1,0,In The Paint (Non-RA)
2430,Carlos Boozer,1610612741,0021300381,Driving Layup Shot,1,0,Restricted Area
2399,Mike Dunleavy,1610612741,0021300381,Jump Shot,1,1,Above the Break 3
2399,Mike Dunleavy,1610612741,0021300381,Step Back Jump shot,1,0,Left Corner 3
201571,D.J. Augustin,1610612741,0021300381,Driving Layup Shot,1,1,Restricted Area
201149,Joakim Noah,1610612741,0021300381,Dunk Shot,1,1,Restricted Area
201571,D.J. Augustin,1610612741,0021300381,Jump Shot,1,1,Above the Break 3
2399,Mike Dunleavy,1610612741,0021300381,Driving Layup Shot,1,0,Restricted Area
201149,Joakim Noah,1610612741,0021300381,Running Jump Shot,1,0,In The Paint (Non-RA)
201149,Joakim Noah,1610612741,0021300381,Jump Shot,1,0,In The Paint (Non-RA)
203503,Tony Snell,1610612741,0021300381,Jump Shot,1,0,Right Corner 3
203503,Tony Snell,1610612741,0021300381,Step Back Jump shot,1,0,Above the Break 3
201149,Joakim Noah,1610612741,0021300381,Turnaround Jump Shot,1,1,Restricted Area
201149,Joakim Noah,1610612741,0021300381,Layup Shot,1,1,Restricted Area
203503,Tony Snell,1610612741,0021300381,Driving Jump shot,1,0,Above the Break 3
203503,Tony Snell,1610612741,0021300381,Jump Shot,1,0,Right Corner 3
201571,D.J. Augustin,1610612741,0021300381,Jump Shot,1,0,Above the Break 3
1737,Nazr Mohammed,1610612741,0021300381,Layup Shot,1,0,Restricted Area
2399,Mike Dunleavy,1610612741,0021300381,Layup Shot,1,1,Restricted Area
1737,Nazr Mohammed,1610612741,0021300381,Step Back Jump shot,1,1,Mid-Range
201959,Taj Gibson,1610612741,0021300381,Jump Shot,1,0,Above the Break 3
1737,Nazr Mohammed,1610612741,0021300381,Turnaround Bank shot,1,0,In The Paint (Non-RA)
2430,Carlos Boozer,1610612741,0021300397,Fadeaway Jump Shot,1,1,Mid-Range
201149,Joakim Noah,1610612741,0021300397,Jump Shot,1,0,Mid-Range
2399,Mike Dunleavy,1610612741,0021300397,Hook Shot,1,0,Restricted Area
201149,Joakim Noah,1610612741,0021300397,Tip Shot,1,0,Restricted Area
203503,Tony Snell,1610612741,0021300397,Jump Shot,1,1,Above the Break 3
2430,Carlos Boozer,1610612741,0021300397,Jump Shot,1,1,Mid-Range
201149,Joakim Noah,1610612741,0021300397,Running Bank shot,1,1,In The Paint (Non-RA)
201149,Joakim Noah,1610612741,0021300397,Driving Layup Shot,1,1,Restricted Area
201571,D.J. Augustin,1610612741,0021300397,Driving Layup Shot,1,1,Restricted Area
2430,Carlos Boozer,1610612741,0021300397,Jump Shot,1,0,Mid-Range
2430,Carlos Boozer,1610612741,0021300397,Driving Layup Shot,1,0,Restricted Area
201571,D.J. Augustin,1610612741,0021300397,Jump Shot,1,0,Right Corner 3
2430,Carlos Boozer,1610612741,0021300397,Layup Shot,1,1,Restricted Area
201571,D.J. Augustin,1610612741,0021300397,Jump Shot,1,1,Mid-Range
201571,D.J. Augustin,1610612741,0021300397,Jump Shot,1,1,Left Corner 3
2430,Carlos Boozer,1610612741,0021300397,Hook Shot,1,1,In The Paint (Non-RA)
201959,Taj Gibson,1610612741,0021300397,Jump Shot,1,1,Mid-Range
203503,Tony Snell,1610612741,0021300397,Jump Shot,1,0,Above the Break 3
201959,Taj Gibson,1610612741,0021300397,Layup Shot,1,1,Restricted Area
1737,Nazr Mohammed,1610612741,0021300397,Jump Shot,1,1,Mid-Range
201571,D.J. Augustin,1610612741,0021300397,Layup Shot,1,0,Restricted Area
1737,Nazr Mohammed,1610612741,0021300397,Tip Shot,1,1,Restricted Area
1737,Nazr Mohammed,1610612741,0021300397,Jump Shot,1,0,Mid-Range
201959,Taj Gibson,1610612741,0021300397,Jump Shot,1,0,Mid-Range
201571,D.J. Augustin,1610612741,0021300397,Driving Layup Shot,1,1,Restricted Area
203104,Marquis Teague,1610612741,0021300397,Driving Layup Shot,1,0,Restricted Area
201571,D.J. Augustin,1610612741,0021300397,Jump Shot,1,1,Above the Break 3
2399,Mike Dunleavy,1610612741,0021300397,Running Layup Shot,1,1,Restricted Area
201149,Joakim Noah,1610612741,0021300397,Layup Shot,1,0,Restricted Area
2430,Carlos Boozer,1610612741,0021300397,Jump Shot,1,1,Mid-Range
203104,Marquis Teague,1610612741,0021300397,Jump Shot,1,1,Above the Break 3
201149,Joakim Noah,1610612741,0021300397,Hook Shot,1,1,In The Paint (Non-RA)
201149,Joakim Noah,1610612741,0021300397,Layup Shot,1,0,Restricted Area
2430,Carlos Boozer,1610612741,0021300397,Putback Layup Shot,1,1,Restricted Area
203503,Tony Snell,1610612741,0021300397,Jump Shot,1,0,Above the Break 3
201149,Joakim Noah,1610612741,0021300397,Jump Shot,1,0,In The Paint (Non-RA)
201149,Joakim Noah,1610612741,0021300397,Slam Dunk Shot,1,1,Restricted Area
201571,D.J. Augustin,1610612741,0021300397,Driving Layup Shot,1,0,Restricted Area
201149,Joakim Noah,1610612741,0021300397,Jump Shot,1,0,Mid-Range
2399,Mike Dunleavy,1610612741,0021300397,Driving Dunk Shot,1,1,Restricted Area
201149,Joakim Noah,1610612741,0021300397,Running Layup Shot,1,0,Restricted Area
2430,Carlos Boozer,1610612741,0021300397,Jump Shot,1,0,Mid-Range
2430,Carlos Boozer,1610612741,0021300397,Jump Shot,1,1,Mid-Range
203503,Tony Snell,1610612741,0021300397,Floating Jump shot,1,0,Mid-Range
2430,Carlos Boozer,1610612741,0021300397,Layup Shot,1,1,Restricted Area
203503,Tony Snell,1610612741,0021300397,Jump Shot,1,0,Mid-Range
2430,Carlos Boozer,1610612741,0021300397,Jump Shot,1,0,Mid-Range
2430,Carlos Boozer,1610612741,0021300397,Jump Shot,1,0,In The Paint (Non-RA)
201571,D.J. Augustin,1610612741,0021300397,Jump Shot,1,1,Above the Break 3
2399,Mike Dunleavy,1610612741,0021300397,Jump Shot,1,0,Mid-Range
2399,Mike Dunleavy,1610612741,0021300397,Dunk Shot,1,1,Restricted Area
201959,Taj Gibson,1610612741,0021300397,Floating Jump shot,1,1,In The Paint (Non-RA)
203503,Tony Snell,1610612741,0021300397,Jump Shot,1,0,Mid-Range
203503,Tony Snell,1610612741,0021300397,Jump Shot,1,1,Above the Break 3
203503,Tony Snell,1610612741,0021300397,Jump Shot,1,1,Above the Break 3
203503,Tony Snell,1610612741,0021300397,Jump Shot,1,0,Right Corner 3
201571,D.J. Augustin,1610612741,0021300397,Jump Shot,1,0,Above the Break 3
201959,Taj Gibson,1610612741,0021300397,Jump Shot,1,1,Mid-Range
201571,D.J. Augustin,1610612741,0021300397,Driving Layup Shot,1,0,Restricted Area
201959,Taj Gibson,1610612741,0021300397,Jump Shot,1,0,In The Paint (Non-RA)
2399,Mike Dunleavy,1610612741,0021300397,Jump Shot,1,1,Mid-Range
201571,D.J. Augustin,1610612741,0021300397,Jump Shot,1,1,Above the Break 3
203503,Tony Snell,1610612741,0021300397,Jump Shot,1,1,Above the Break 3
2430,Carlos Boozer,1610612741,0021300397,Jump Shot,1,0,Mid-Range
2399,Mike Dunleavy,1610612741,0021300397,Jump Shot,1,1,Mid-Range
201959,Taj Gibson,1610612741,0021300397,Jump Shot,1,1,Mid-Range
203503,Tony Snell,1610612741,0021300397,Jump Shot,1,1,Right Corner 3
201959,Taj Gibson,1610612741,0021300397,Jump Shot,1,0,Mid-Range
1737,Nazr Mohammed,1610612741,0021300397,Jump Shot,1,0,Mid-Range
202710,Jimmy Butler III,1610612741,0021300418,Jump Shot,1,0,Mid-Range
2430,Carlos Boozer,1610612741,0021300418,Jump Shot,1,1,Mid-Range
201149,Joakim Noah,1610612741,0021300418,Running Bank shot,1,0,In The Paint (Non-RA)
202710,Jimmy Butler III,1610612741,0021300418,Jump Shot,1,0,Above the Break 3
202710,Jimmy Butler III,1610612741,0021300418,Jump Shot,1,0,Right Corner 3
201149,Joakim Noah,1610612741,0021300418,Jump Shot,1,1,Mid-Range
2550,Kirk Hinrich,1610612741,0021300418,Jump Shot,1,0,Right Corner 3
2430,Carlos Boozer,1610612741,0021300418,Layup Shot,1,1,Restricted Area
2430,Carlos Boozer,1610612741,0021300418,Jump Shot,1,0,Mid-Range
202710,Jimmy Butler III,1610612741,0021300418,Jump Shot,1,1,Above the Break 3
201959,Taj Gibson,1610612741,0021300418,Layup Shot,1,1,Restricted Area
201959,Taj Gibson,1610612741,0021300418,Turnaround Jump Shot,1,1,Mid-Range
2430,Carlos Boozer,1610612741,0021300418,Layup Shot,1,1,Restricted Area
201959,Taj Gibson,1610612741,0021300418,Jump Shot,1,0,Mid-Range
2430,Carlos Boozer,1610612741,0021300418,Jump Shot,1,0,Mid-Range
201571,D.J. Augustin,1610612741,0021300418,Jump Shot,1,0,Above the Break 3
201571,D.J. Augustin,1610612741,0021300418,Layup Shot,1,1,Restricted Area
201959,Taj Gibson,1610612741,0021300418,Jump Shot,1,1,Mid-Range
201571,D.J. Augustin,1610612741,0021300418,Jump Bank Shot,1,0,Mid-Range
203503,Tony Snell,1610612741,0021300418,Jump Shot,1,0,Right Corner 3
1737,Nazr Mohammed,1610612741,0021300418,Turnaround Jump Shot,1,0,In The Paint (Non-RA)
2399,Mike Dunleavy,1610612741,0021300418,Jump Shot,1,0,Above the Break 3
201959,Taj Gibson,1610612741,0021300418,Jump Shot,1,0,Mid-Range
2399,Mike Dunleavy,1610612741,0021300418,Floating Jump shot,1,0,In The Paint (Non-RA)
201959,Taj Gibson,1610612741,0021300418,Alley Oop Dunk Shot,1,1,Restricted Area
2399,Mike Dunleavy,1610612741,0021300418,Driving Finger Roll Layup Shot,1,1,Restricted Area
201959,Taj Gibson,1610612741,0021300418,Layup Shot,1,0,Restricted Area
2550,Kirk Hinrich,1610612741,0021300418,Jump Shot,1,1,Mid-Range
201571,D.J. Augustin,1610612741,0021300418,Layup Shot,1,1,Restricted Area
201959,Taj Gibson,1610612741,0021300418,Jump Shot,1,1,In The Paint (Non-RA)
2550,Kirk Hinrich,1610612741,0021300418,Jump Shot,1,1,Mid-Range
201149,Joakim Noah,1610612741,0021300418,Jump Shot,1,0,Mid-Range
2399,Mike Dunleavy,1610612741,0021300418,Jump Shot,1,0,Above the Break 3
2430,Carlos Boozer,1610612741,0021300418,Jump Shot,1,0,In The Paint (Non-RA)
2399,Mike Dunleavy,1610612741,0021300418,Tip Shot,1,1,Restricted Area
2399,Mike Dunleavy,1610612741,0021300418,Jump Shot,1,0,Mid-Range
202710,Jimmy Butler III,1610612741,0021300418,Jump Shot,1,0,Mid-Range
201149,Joakim Noah,1610612741,0021300418,Layup Shot,1,0,Restricted Area
201149,Joakim Noah,1610612741,0021300418,Jump Bank Shot,1,1,In The Paint (Non-RA)
2550,Kirk Hinrich,1610612741,0021300418,Jump Shot,1,0,Mid-Range
202710,Jimmy Butler III,1610612741,0021300418,Jump Shot,1,0,Mid-Range
2550,Kirk Hinrich,1610612741,0021300418,Jump Shot,1,1,Mid-Range
201149,Joakim Noah,1610612741,0021300418,Jump Bank Shot,1,1,In The Paint (Non-RA)
202710,Jimmy Butler III,1610612741,0021300418,Jump Shot,1,1,Left Corner 3
2430,Carlos Boozer,1610612741,0021300418,Driving Layup Shot,1,1,Restricted Area
2430,Carlos Boozer,1610612741,0021300418,Layup Shot,1,0,Restricted Area
202710,Jimmy Butler III,1610612741,0021300418,Layup Shot,1,1,Restricted Area
2399,Mike Dunleavy,1610612741,0021300418,Layup Shot,1,1,Restricted Area
2399,Mike Dunleavy,1610612741,0021300418,Layup Shot,1,1,Restricted Area
2430,Carlos Boozer,1610612741,0021300418,Layup Shot,1,1,Restricted Area
2430,Carlos Boozer,1610612741,0021300418,Jump Shot,1,0,In The Paint (Non-RA)
202710,Jimmy Butler III,1610612741,0021300418,Layup Shot,1,1,Restricted Area
2430,Carlos Boozer,1610612741,0021300418,Layup Shot,1,1,Restricted Area
201571,D.J. Augustin,1610612741,0021300418,Jump Shot,1,1,Above the Break 3
203503,Tony Snell,1610612741,0021300418,Jump Shot,1,0,Left Corner 3
203503,Tony Snell,1610612741,0021300418,Jump Shot,1,1,In The Paint (Non-RA)
201959,Taj Gibson,1610612741,0021300418,Layup Shot,1,0,Restricted Area
201959,Taj Gibson,1610612741,0021300418,Jump Shot,1,0,In The Paint (Non-RA)
2399,Mike Dunleavy,1610612741,0021300418,Jump Shot,1,0,Right Corner 3
2399,Mike Dunleavy,1610612741,0021300418,Jump Shot,1,1,Above the Break 3
201959,Taj Gibson,1610612741,0021300418,Layup Shot,1,1,Restricted Area
201959,Taj Gibson,1610612741,0021300418,Jump Shot,1,1,Mid-Range
201149,Joakim Noah,1610612741,0021300418,Hook Shot,1,0,In The Paint (Non-RA)
201959,Taj Gibson,1610612741,0021300418,Jump Shot,1,1,Mid-Range
201571,D.J. Augustin,1610612741,0021300418,Jump Shot,1,1,Above the Break 3
203503,Tony Snell,1610612741,0021300418,Driving Layup Shot,1,1,Restricted Area
201959,Taj Gibson,1610612741,0021300418,Jump Shot,1,0,Mid-Range
202710,Jimmy Butler III,1610612741,0021300418,Jump Bank Shot,1,0,Restricted Area
201959,Taj Gibson,1610612741,0021300418,Putback Dunk Shot,1,1,Restricted Area
201149,Joakim Noah,1610612741,0021300418,Jump Shot,1,0,Mid-Range
201571,D.J. Augustin,1610612741,0021300418,Jump Shot,1,0,Above the Break 3
203104,Marquis Teague,1610612741,0021300418,Layup Shot,1,0,Restricted Area
203503,Tony Snell,1610612741,0021300418,Jump Shot,1,0,Above the Break 3
203503,Tony Snell,1610612741,0021300418,Jump Shot,1,0,Above the Break 3
201149,Joakim Noah,1610612741,0021300441,Jump Shot,1,0,Restricted Area
2430,Carlos Boozer,1610612741,0021300441,Jump Shot,1,0,In The Paint (Non-RA)
2399,Mike Dunleavy,1610612741,0021300441,Jump Shot,1,1,Mid-Range
201149,Joakim Noah,1610612741,0021300441,Hook Shot,1,0,In The Paint (Non-RA)
2550,Kirk Hinrich,1610612741,0021300441,Jump Shot,1,1,Mid-Range
2399,Mike Dunleavy,1610612741,0021300441,Jump Shot,1,0,Above the Break 3
2430,Carlos Boozer,1610612741,0021300441,Layup Shot,1,0,Restricted Area
2399,Mike Dunleavy,1610612741,0021300441,Tip Shot,1,0,Restricted Area
201149,Joakim Noah,1610612741,0021300441,Layup Shot,1,1,Restricted Area
201149,Joakim Noah,1610612741,0021300441,Layup Shot,1,1,Restricted Area
2430,Carlos Boozer,1610612741,0021300441,Jump Shot,1,1,In The Paint (Non-RA)
201149,Joakim Noah,1610612741,0021300441,Slam Dunk Shot,1,1,Restricted Area
202710,Jimmy Butler III,1610612741,0021300441,Layup Shot,1,1,Restricted Area
201959,Taj Gibson,1610612741,0021300441,Layup Shot,1,0,Restricted Area
201571,D.J. Augustin,1610612741,0021300441,Driving Layup Shot,1,1,Restricted Area
2430,Carlos Boozer,1610612741,0021300441,Hook Shot,1,0,In The Paint (Non-RA)
203503,Tony Snell,1610612741,0021300441,Jump Shot,1,0,Above the Break 3
201571,D.J. Augustin,1610612741,0021300441,Reverse Layup Shot,1,0,Restricted Area
201959,Taj Gibson,1610612741,0021300441,Jump Shot,1,0,Backcourt
203503,Tony Snell,1610612741,0021300441,Layup Shot,1,0,Restricted Area
201959,Taj Gibson,1610612741,0021300441,Slam Dunk Shot,1,1,Restricted Area
1737,Nazr Mohammed,1610612741,0021300441,Jump Shot,1,0,In The Paint (Non-RA)
201149,Joakim Noah,1610612741,0021300441,Layup Shot,1,1,Restricted Area
201571,D.J. Augustin,1610612741,0021300441,Layup Shot,1,1,Restricted Area
201571,D.J. Augustin,1610612741,0021300441,Jump Shot,1,1,Above the Break 3
202710,Jimmy Butler III,1610612741,0021300441,Jump Shot,1,0,Left Corner 3
201571,D.J. Augustin,1610612741,0021300441,Floating Jump shot,1,0,In The Paint (Non-RA)
2430,Carlos Boozer,1610612741,0021300441,Turnaround Jump Shot,1,0,In The Paint (Non-RA)
202710,Jimmy Butler III,1610612741,0021300441,Jump Shot,1,0,Mid-Range
202710,Jimmy Butler III,1610612741,0021300441,Jump Shot,1,0,Above the Break 3
2430,Carlos Boozer,1610612741,0021300441,Jump Shot,1,0,In The Paint (Non-RA)
2550,Kirk Hinrich,1610612741,0021300441,Jump Shot,1,0,Mid-Range
201571,D.J. Augustin,1610612741,0021300441,Jump Shot,1,0,Mid-Range
2430,Carlos Boozer,1610612741,0021300441,Jump Shot,1,1,Mid-Range
2430,Carlos Boozer,1610612741,0021300441,Jump Shot,1,0,Mid-Range
2430,Carlos Boozer,1610612741,0021300441,Hook Shot,1,1,In The Paint (Non-RA)
2430,Carlos Boozer,1610612741,0021300441,Jump Shot,1,1,Mid-Range
202710,Jimmy Butler III,1610612741,0021300441,Jump Shot,1,0,Mid-Range
2430,Carlos Boozer,1610612741,0021300441,Reverse Layup Shot,1,0,Restricted Area
2430,Carlos Boozer,1610612741,0021300441,Fadeaway Jump Shot,1,1,Mid-Range
2430,Carlos Boozer,1610612741,0021300441,Jump Shot,1,0,In The Paint (Non-RA)
2399,Mike Dunleavy,1610612741,0021300441,Driving Layup Shot,1,1,Restricted Area
2430,Carlos Boozer,1610612741,0021300441,Jump Shot,1,1,Mid-Range
2399,Mike Dunleavy,1610612741,0021300441,Jump Shot,1,0,In The Paint (Non-RA)
2399,Mike Dunleavy,1610612741,0021300441,Jump Shot,1,0,Above the Break 3
2399,Mike Dunleavy,1610612741,0021300441,Reverse Layup Shot,1,1,Restricted Area
2550,Kirk Hinrich,1610612741,0021300441,Jump Shot,1,1,Above the Break 3
2550,Kirk Hinrich,1610612741,0021300441,Jump Shot,1,0,Mid-Range
2399,Mike Dunleavy,1610612741,0021300441,Jump Shot,1,0,Mid-Range
2399,Mike Dunleavy,1610612741,0021300441,Layup Shot,1,0,Restricted Area
202710,Jimmy Butler III,1610612741,0021300441,Jump Shot,1,0,Above the Break 3
202710,Jimmy Butler III,1610612741,0021300441,Jump Shot,1,1,Left Corner 3
2430,Carlos Boozer,1610612741,0021300441,Jump Shot,1,0,Mid-Range
203503,Tony Snell,1610612741,0021300441,Jump Shot,1,0,Restricted Area
203503,Tony Snell,1610612741,0021300441,Jump Shot,1,0,Above the Break 3
202710,Jimmy Butler III,1610612741,0021300441,Jump Shot,1,0,Above the Break 3
201959,Taj Gibson,1610612741,0021300441,Jump Shot,1,1,Mid-Range
201571,D.J. Augustin,1610612741,0021300441,Reverse Layup Shot,1,1,Restricted Area
201149,Joakim Noah,1610612741,0021300441,Layup Shot,1,1,Restricted Area
202710,Jimmy Butler III,1610612741,0021300441,Jump Shot,1,0,Above the Break 3
203503,Tony Snell,1610612741,0021300441,Jump Shot,1,0,Above the Break 3
201959,Taj Gibson,1610612741,0021300441,Slam Dunk Shot,1,1,Restricted Area
201959,Taj Gibson,1610612741,0021300441,Jump Shot,1,1,Mid-Range
201149,Joakim Noah,1610612741,0021300441,Alley Oop Layup shot,1,1,Restricted Area
202710,Jimmy Butler III,1610612741,0021300441,Jump Shot,1,0,Left Corner 3
201571,D.J. Augustin,1610612741,0021300441,Driving Layup Shot,1,1,Restricted Area
203503,Tony Snell,1610612741,0021300441,Jump Shot,1,0,Above the Break 3
201149,Joakim Noah,1610612741,0021300441,Slam Dunk Shot,1,1,Restricted Area
201149,Joakim Noah,1610612741,0021300441,Driving Layup Shot,1,1,Restricted Area
201959,Taj Gibson,1610612741,0021300441,Layup Shot,1,1,Restricted Area
201149,Joakim Noah,1610612741,0021300441,Hook Shot,1,0,In The Paint (Non-RA)
203503,Tony Snell,1610612741,0021300441,Jump Shot,1,0,Above the Break 3
203503,Tony Snell,1610612741,0021300441,Jump Shot,1,0,Mid-Range
203513,Erik Murphy,1610612741,0021300441,Reverse Layup Shot,1,1,Restricted Area
202710,Jimmy Butler III,1610612741,0021300454,Jump Shot,1,0,Mid-Range
2550,Kirk Hinrich,1610612741,0021300454,Jump Shot,1,0,Mid-Range
2430,Carlos Boozer,1610612741,0021300454,Jump Shot,1,0,Mid-Range
2430,Carlos Boozer,1610612741,0021300454,Jump Shot,1,0,Mid-Range
201149,Joakim Noah,1610612741,0021300454,Hook Shot,1,0,Restricted Area
2430,Carlos Boozer,1610612741,0021300454,Tip Shot,1,1,Restricted Area
2430,Carlos Boozer,1610612741,0021300454,Turnaround Fadeaway shot,1,0,In The Paint (Non-RA)
201149,Joakim Noah,1610612741,0021300454,Tip Shot,1,0,Restricted Area
2550,Kirk Hinrich,1610612741,0021300454,Tip Shot,1,0,Restricted Area
201149,Joakim Noah,1610612741,0021300454,Tip Shot,1,1,Restricted Area
2430,Carlos Boozer,1610612741,0021300454,Running Bank shot,1,1,Mid-Range
202710,Jimmy Butler III,1610612741,0021300454,Driving Layup Shot,1,1,Restricted Area
2430,Carlos Boozer,1610612741,0021300454,Turnaround Fadeaway shot,1,0,In The Paint (Non-RA)
202710,Jimmy Butler III,1610612741,0021300454,Layup Shot,1,1,Restricted Area
2430,Carlos Boozer,1610612741,0021300454,Layup Shot,1,1,Restricted Area
2399,Mike Dunleavy,1610612741,0021300454,Driving Layup Shot,1,0,Restricted Area
203503,Tony Snell,1610612741,0021300454,Jump Shot,1,1,Mid-Range
202710,Jimmy Butler III,1610612741,0021300454,Jump Shot,1,0,Right Corner 3
201571,D.J. Augustin,1610612741,0021300454,Jump Shot,1,0,Above the Break 3
201959,Taj Gibson,1610612741,0021300454,Turnaround Hook Shot,1,0,In The Paint (Non-RA)
201959,Taj Gibson,1610612741,0021300454,Jump Shot,1,0,Mid-Range
203503,Tony Snell,1610612741,0021300454,Reverse Layup Shot,1,1,Restricted Area
201959,Taj Gibson,1610612741,0021300454,Reverse Layup Shot,1,0,Restricted Area
201959,Taj Gibson,1610612741,0021300454,Slam Dunk Shot,1,1,Restricted Area
201571,D.J. Augustin,1610612741,0021300454,Jump Shot,1,0,Above the Break 3
1737,Nazr Mohammed,1610612741,0021300454,Hook Shot,1,0,Restricted Area
1737,Nazr Mohammed,1610612741,0021300454,Jump Shot,1,0,Mid-Range
2399,Mike Dunleavy,1610612741,0021300454,Jump Shot,1,1,Mid-Range
203503,Tony Snell,1610612741,0021300454,Step Back Jump shot,1,1,Above the Break 3
201959,Taj Gibson,1610612741,0021300454,Reverse Layup Shot,1,1,Restricted Area
201959,Taj Gibson,1610612741,0021300454,Slam Dunk Shot,1,1,Restricted Area
201149,Joakim Noah,1610612741,0021300454,Running Layup Shot,1,1,Restricted Area
2430,Carlos Boozer,1610612741,0021300454,Turnaround Jump Shot,1,0,In The Paint (Non-RA)
2430,Carlos Boozer,1610612741,0021300454,Jump Shot,1,1,Mid-Range
2430,Carlos Boozer,1610612741,0021300454,Driving Layup Shot,1,1,Restricted Area
201149,Joakim Noah,1610612741,0021300454,Driving Layup Shot,1,0,Restricted Area
202710,Jimmy Butler III,1610612741,0021300454,Dunk Shot,1,1,Restricted Area
202710,Jimmy Butler III,1610612741,0021300454,Layup Shot,1,0,Restricted Area
2399,Mike Dunleavy,1610612741,0021300454,Step Back Jump shot,1,0,Right Corner 3
201149,Joakim Noah,1610612741,0021300454,Running Jump Shot,1,0,In The Paint (Non-RA)
202710,Jimmy Butler III,1610612741,0021300454,Layup Shot,1,0,Restricted Area
2399,Mike Dunleavy,1610612741,0021300454,Tip Shot,1,1,Restricted Area
2430,Carlos Boozer,1610612741,0021300454,Turnaround Fadeaway shot,1,1,In The Paint (Non-RA)
2430,Carlos Boozer,1610612741,0021300454,Jump Shot,1,1,Mid-Range
202710,Jimmy Butler III,1610612741,0021300454,Jump Shot,1,1,Left Corner 3
202710,Jimmy Butler III,1610612741,0021300454,Jump Shot,1,1,Above the Break 3
201959,Taj Gibson,1610612741,0021300454,Jump Shot,1,0,Mid-Range
202710,Jimmy Butler III,1610612741,0021300454,Alley Oop Dunk Shot,1,1,Restricted Area
2399,Mike Dunleavy,1610612741,0021300454,Jump Shot,1,0,Above the Break 3
2430,Carlos Boozer,1610612741,0021300454,Running Jump Shot,1,1,In The Paint (Non-RA)
203503,Tony Snell,1610612741,0021300454,Jump Shot,1,0,Above the Break 3
2430,Carlos Boozer,1610612741,0021300454,Jump Shot,1,0,Mid-Range
201571,D.J. Augustin,1610612741,0021300454,Layup Shot,1,0,Restricted Area
201571,D.J. Augustin,1610612741,0021300454,Jump Shot,1,0,Above the Break 3
203503,Tony Snell,1610612741,0021300454,Jump Shot,1,0,Restricted Area
201571,D.J. Augustin,1610612741,0021300454,Jump Shot,1,0,Left Corner 3
201571,D.J. Augustin,1610612741,0021300454,Jump Shot,1,1,Above the Break 3
201571,D.J. Augustin,1610612741,0021300454,Jump Shot,1,0,Right Corner 3
201571,D.J. Augustin,1610612741,0021300454,Jump Shot,1,1,Above the Break 3
2550,Kirk Hinrich,1610612741,0021300454,Jump Shot,1,1,Right Corner 3
201149,Joakim Noah,1610612741,0021300454,Jump Shot,1,0,In The Paint (Non-RA)
2430,Carlos Boozer,1610612741,0021300454,Layup Shot,1,1,Restricted Area
2430,Carlos Boozer,1610612741,0021300454,Jump Shot,1,0,Mid-Range
201149,Joakim Noah,1610612741,0021300454,Jump Shot,1,0,Mid-Range
201149,Joakim Noah,1610612741,0021300454,Reverse Layup Shot,1,0,Restricted Area
2430,Carlos Boozer,1610612741,0021300463,Jump Shot,1,0,Mid-Range
2430,Carlos Boozer,1610612741,0021300463,Layup Shot,1,0,Restricted Area
2736,Luol Deng,1610612741,0021300463,Jump Shot,1,1,Mid-Range
2736,Luol Deng,1610612741,0021300463,Jump Shot,1,0,In The Paint (Non-RA)
201149,Joakim Noah,1610612741,0021300463,Layup Shot,1,0,Restricted Area
2430,Carlos Boozer,1610612741,0021300463,Jump Shot,1,0,Mid-Range
2430,Carlos Boozer,1610612741,0021300463,Layup Shot,1,0,Restricted Area
201149,Joakim Noah,1610612741,0021300463,Tip Shot,1,0,Restricted Area
2736,Luol Deng,1610612741,0021300463,Jump Shot,1,0,Mid-Range
2550,Kirk Hinrich,1610612741,0021300463,Jump Shot,1,0,Above the Break 3
2736,Luol Deng,1610612741,0021300463,Running Finger Roll Layup Shot,1,1,Restricted Area
2399,Mike Dunleavy,1610612741,0021300463,Jump Shot,1,1,Above the Break 3
2430,Carlos Boozer,1610612741,0021300463,Layup Shot,1,0,Restricted Area
2550,Kirk Hinrich,1610612741,0021300463,Jump Shot,1,0,Above the Break 3
202710,Jimmy Butler III,1610612741,0021300463,Fadeaway Jump Shot,1,1,Mid-Range
202710,Jimmy Butler III,1610612741,0021300463,Jump Shot,1,1,Mid-Range
2430,Carlos Boozer,1610612741,0021300463,Layup Shot,1,0,Restricted Area
2399,Mike Dunleavy,1610612741,0021300463,Jump Shot,1,1,Mid-Range
202710,Jimmy Butler III,1610612741,0021300463,Jump Shot,1,0,Backcourt
201959,Taj Gibson,1610612741,0021300463,Jump Shot,1,0,Mid-Range
201959,Taj Gibson,1610612741,0021300463,Layup Shot,1,1,Restricted Area
202710,Jimmy Butler III,1610612741,0021300463,Layup Shot,1,0,Restricted Area
1737,Nazr Mohammed,1610612741,0021300463,Tip Shot,1,1,Restricted Area
201571,D.J. Augustin,1610612741,0021300463,Driving Layup Shot,1,1,Restricted Area
1737,Nazr Mohammed,1610612741,0021300463,Jump Shot,1,0,In The Paint (Non-RA)
201959,Taj Gibson,1610612741,0021300463,Slam Dunk Shot,1,1,Restricted Area
201959,Taj Gibson,1610612741,0021300463,Turnaround Hook Shot,1,1,In The Paint (Non-RA)
2736,Luol Deng,1610612741,0021300463,Jump Shot,1,0,In The Paint (Non-RA)
2399,Mike Dunleavy,1610612741,0021300463,Jump Shot,1,0,Mid-Range
201149,Joakim Noah,1610612741,0021300463,Putback Layup Shot,1,1,Restricted Area
2399,Mike Dunleavy,1610612741,0021300463,Driving Layup Shot,1,1,Restricted Area
201959,Taj Gibson,1610612741,0021300463,Jump Shot,1,1,Mid-Range
201959,Taj Gibson,1610612741,0021300463,Layup Shot,1,1,Restricted Area
201959,Taj Gibson,1610612741,0021300463,Jump Shot,1,0,Mid-Range
2736,Luol Deng,1610612741,0021300463,Jump Shot,1,1,Mid-Range
2399,Mike Dunleavy,1610612741,0021300463,Alley Oop Layup shot,1,1,Restricted Area
2736,Luol Deng,1610612741,0021300463,Jump Shot,1,0,In The Paint (Non-RA)
201959,Taj Gibson,1610612741,0021300463,Jump Shot,1,0,Mid-Range
201571,D.J. Augustin,1610612741,0021300463,Jump Shot,1,1,Mid-Range
201571,D.J. Augustin,1610612741,0021300463,Jump Shot,1,0,In The Paint (Non-RA)
202710,Jimmy Butler III,1610612741,0021300463,Jump Shot,1,0,Mid-Range
202710,Jimmy Butler III,1610612741,0021300463,Running Bank shot,1,1,In The Paint (Non-RA)
202710,Jimmy Butler III,1610612741,0021300463,Jump Shot,1,0,Mid-Range
202710,Jimmy Butler III,1610612741,0021300463,Driving Layup Shot,1,0,Restricted Area
2430,Carlos Boozer,1610612741,0021300463,Jump Shot,1,0,Mid-Range
2736,Luol Deng,1610612741,0021300463,Driving Jump shot,1,1,Restricted Area
201149,Joakim Noah,1610612741,0021300463,Jump Shot,1,0,In The Paint (Non-RA)
2550,Kirk Hinrich,1610612741,0021300463,Jump Shot,1,0,Mid-Range
2430,Carlos Boozer,1610612741,0021300463,Layup Shot,1,1,Restricted Area
2550,Kirk Hinrich,1610612741,0021300463,Jump Shot,1,1,Mid-Range
202710,Jimmy Butler III,1610612741,0021300463,Jump Shot,1,1,Right Corner 3
201149,Joakim Noah,1610612741,0021300463,Hook Shot,1,1,In The Paint (Non-RA)
2550,Kirk Hinrich,1610612741,0021300463,Layup Shot,1,0,Restricted Area
201959,Taj Gibson,1610612741,0021300463,Jump Shot,1,0,In The Paint (Non-RA)
2550,Kirk Hinrich,1610612741,0021300463,Jump Shot,1,0,Above the Break 3
201959,Taj Gibson,1610612741,0021300463,Jump Shot,1,1,Mid-Range
202710,Jimmy Butler III,1610612741,0021300463,Running Layup Shot,1,0,Restricted Area
201571,D.J. Augustin,1610612741,0021300463,Driving Layup Shot,1,1,Restricted Area
2399,Mike Dunleavy,1610612741,0021300463,Jump Shot,1,0,Mid-Range
2399,Mike Dunleavy,1610612741,0021300463,Jump Shot,1,1,Mid-Range
201959,Taj Gibson,1610612741,0021300463,Jump Shot,1,0,Mid-Range
201959,Taj Gibson,1610612741,0021300463,Jump Shot,1,0,In The Paint (Non-RA)
2736,Luol Deng,1610612741,0021300463,Layup Shot,1,1,Restricted Area
2736,Luol Deng,1610612741,0021300463,Jump Shot,1,0,Mid-Range
2399,Mike Dunleavy,1610612741,0021300463,Jump Shot,1,0,Mid-Range
2736,Luol Deng,1610612741,0021300463,Jump Shot,1,0,Above the Break 3
2550,Kirk Hinrich,1610612741,0021300463,Jump Shot,1,0,Mid-Range
201149,Joakim Noah,1610612741,0021300463,Hook Shot,1,0,In The Paint (Non-RA)
2550,Kirk Hinrich,1610612741,0021300463,Jump Shot,1,0,Above the Break 3
202710,Jimmy Butler III,1610612741,0021300463,Driving Layup Shot,1,0,Restricted Area
201149,Joakim Noah,1610612741,0021300463,Tip Shot,1,0,Restricted Area
201149,Joakim Noah,1610612741,0021300463,Tip Shot,1,0,Restricted Area
2736,Luol Deng,1610612741,0021300463,Running Layup Shot,1,1,Restricted Area
2736,Luol Deng,1610612741,0021300463,Jump Shot,1,0,Mid-Range
201149,Joakim Noah,1610612741,0021300463,Driving Layup Shot,1,0,Restricted Area
201959,Taj Gibson,1610612741,0021300463,Layup Shot,1,0,Restricted Area
201149,Joakim Noah,1610612741,0021300463,Tip Shot,1,0,Restricted Area
202710,Jimmy Butler III,1610612741,0021300463,Layup Shot,1,1,Restricted Area
202710,Jimmy Butler III,1610612741,0021300463,Jump Shot,1,0,Mid-Range
2736,Luol Deng,1610612741,0021300463,Jump Shot,1,0,Restricted Area
2550,Kirk Hinrich,1610612741,0021300463,Driving Layup Shot,1,0,Restricted Area
2736,Luol Deng,1610612741,0021300463,Jump Shot,1,0,Above the Break 3
2430,Carlos Boozer,1610612741,0021300475,Jump Shot,1,0,In The Paint (Non-RA)
2736,Luol Deng,1610612741,0021300475,Jump Shot,1,1,Mid-Range
2430,Carlos Boozer,1610612741,0021300475,Fadeaway Jump Shot,1,1,Mid-Range
2430,Carlos Boozer,1610612741,0021300475,Layup Shot,1,0,Restricted Area
2430,Carlos Boozer,1610612741,0021300475,Jump Shot,1,1,In The Paint (Non-RA)
201149,Joakim Noah,1610612741,0021300475,Running Bank shot,1,0,In The Paint (Non-RA)
2550,Kirk Hinrich,1610612741,0021300475,Jump Shot,1,1,Mid-Range
2430,Carlos Boozer,1610612741,0021300475,Jump Shot,1,0,Mid-Range
201149,Joakim Noah,1610612741,0021300475,Jump Shot,1,0,Mid-Range
201149,Joakim Noah,1610612741,0021300475,Layup Shot,1,1,Restricted Area
2736,Luol Deng,1610612741,0021300475,Jump Shot,1,0,Above the Break 3
202710,Jimmy Butler III,1610612741,0021300475,Jump Shot,1,0,Above the Break 3
2430,Carlos Boozer,1610612741,0021300475,Layup Shot,1,1,Restricted Area
202710,Jimmy Butler III,1610612741,0021300475,Jump Shot,1,0,Mid-Range
2550,Kirk Hinrich,1610612741,0021300475,Driving Layup Shot,1,1,Restricted Area
201959,Taj Gibson,1610612741,0021300475,Jump Shot,1,0,Mid-Range
2399,Mike Dunleavy,1610612741,0021300475,Layup Shot,1,0,Restricted Area
201571,D.J. Augustin,1610612741,0021300475,Jump Shot,1,0,Restricted Area
201959,Taj Gibson,1610612741,0021300475,Jump Shot,1,0,Mid-Range
201959,Taj Gibson,1610612741,0021300475,Slam Dunk Shot,1,1,Restricted Area
2430,Carlos Boozer,1610612741,0021300475,Driving Layup Shot,1,1,Restricted Area
201959,Taj Gibson,1610612741,0021300475,Jump Bank Shot,1,1,In The Paint (Non-RA)
201959,Taj Gibson,1610612741,0021300475,Jump Shot,1,0,Mid-Range
203503,Tony Snell,1610612741,0021300475,Jump Shot,1,0,Right Corner 3
2399,Mike Dunleavy,1610612741,0021300475,Jump Shot,1,0,Mid-Range
203503,Tony Snell,1610612741,0021300475,Jump Shot,1,0,Above the Break 3
201959,Taj Gibson,1610612741,0021300475,Jump Shot,1,0,In The Paint (Non-RA)
1737,Nazr Mohammed,1610612741,0021300475,Tip Shot,1,1,Restricted Area
2399,Mike Dunleavy,1610612741,0021300475,Jump Shot,1,1,Above the Break 3
201959,Taj Gibson,1610612741,0021300475,Dunk Shot,1,1,Restricted Area
2736,Luol Deng,1610612741,0021300475,Jump Shot,1,0,Mid-Range
201571,D.J. Augustin,1610612741,0021300475,Layup Shot,1,1,Restricted Area
2736,Luol Deng,1610612741,0021300475,Jump Shot,1,1,Mid-Range
2430,Carlos Boozer,1610612741,0021300475,Jump Shot,1,1,Mid-Range
2430,Carlos Boozer,1610612741,0021300475,Jump Shot,1,1,Mid-Range
2430,Carlos Boozer,1610612741,0021300475,Jump Shot,1,1,Mid-Range
2550,Kirk Hinrich,1610612741,0021300475,Layup Shot,1,0,Restricted Area
2550,Kirk Hinrich,1610612741,0021300475,Jump Shot,1,0,Above the Break 3
201149,Joakim Noah,1610612741,0021300475,Jump Shot,1,0,Backcourt
201149,Joakim Noah,1610612741,0021300475,Layup Shot,1,1,Restricted Area
2736,Luol Deng,1610612741,0021300475,Jump Shot,1,1,Mid-Range
2736,Luol Deng,1610612741,0021300475,Jump Shot,1,0,Above the Break 3
2736,Luol Deng,1610612741,0021300475,Reverse Layup Shot,1,1,Restricted Area
2736,Luol Deng,1610612741,0021300475,Layup Shot,1,1,Restricted Area
2430,Carlos Boozer,1610612741,0021300475,Jump Shot,1,0,Mid-Range
201149,Joakim Noah,1610612741,0021300475,Tip Shot,1,1,Restricted Area
202710,Jimmy Butler III,1610612741,0021300475,Layup Shot,1,0,Restricted Area
201149,Joakim Noah,1610612741,0021300475,Layup Shot,1,0,Restricted Area
201149,Joakim Noah,1610612741,0021300475,Layup Shot,1,1,Restricted Area
2430,Carlos Boozer,1610612741,0021300475,Jump Shot,1,0,Mid-Range
2736,Luol Deng,1610612741,0021300475,Layup Shot,1,0,Restricted Area
2399,Mike Dunleavy,1610612741,0021300475,Layup Shot,1,0,Restricted Area
2550,Kirk Hinrich,1610612741,0021300475,Jump Shot,1,0,Above the Break 3
202710,Jimmy Butler III,1610612741,0021300475,Layup Shot,1,0,Restricted Area
201959,Taj Gibson,1610612741,0021300475,Jump Shot,1,0,Mid-Range
201959,Taj Gibson,1610612741,0021300475,Dunk Shot,1,1,Restricted Area
201571,D.J. Augustin,1610612741,0021300475,Jump Shot,1,0,Above the Break 3
202710,Jimmy Butler III,1610612741,0021300475,Dunk Shot,1,1,Restricted Area
2430,Carlos Boozer,1610612741,0021300475,Layup Shot,1,0,Restricted Area
2399,Mike Dunleavy,1610612741,0021300475,Jump Shot,1,1,In The Paint (Non-RA)
201149,Joakim Noah,1610612741,0021300475,Layup Shot,1,1,Restricted Area
201571,D.J. Augustin,1610612741,0021300475,Jump Shot,1,0,Above the Break 3
2399,Mike Dunleavy,1610612741,0021300475,Layup Shot,1,1,Restricted Area
2399,Mike Dunleavy,1610612741,0021300475,Jump Shot,1,1,Above the Break 3
201571,D.J. Augustin,1610612741,0021300475,Jump Shot,1,0,Above the Break 3
201149,Joakim Noah,1610612741,0021300475,Tip Shot,1,1,Restricted Area
201149,Joakim Noah,1610612741,0021300475,Jump Shot,1,0,Mid-Range
201959,Taj Gibson,1610612741,0021300475,Jump Shot,1,0,In The Paint (Non-RA)
201959,Taj Gibson,1610612741,0021300475,Jump Shot,1,0,Mid-Range
2550,Kirk Hinrich,1610612741,0021300475,Jump Shot,1,0,Above the Break 3
201959,Taj Gibson,1610612741,0021300475,Jump Shot,1,0,Mid-Range
201959,Taj Gibson,1610612741,0021300475,Layup Shot,1,1,Restricted Area
2736,Luol Deng,1610612741,0021300475,Jump Shot,1,0,Mid-Range
2736,Luol Deng,1610612741,0021300475,Driving Bank shot,1,1,Restricted Area
201149,Joakim Noah,1610612741,0021300475,Layup Shot,1,0,Restricted Area
201149,Joakim Noah,1610612741,0021300475,Jump Shot,1,0,Mid-Range
201571,D.J. Augustin,1610612741,0021300475,Layup Shot,1,0,Restricted Area
2430,Carlos Boozer,1610612741,0021300475,Layup Shot,1,0,Restricted Area
2736,Luol Deng,1610612741,0021300475,Layup Shot,1,0,Restricted Area
202710,Jimmy Butler III,1610612741,0021300475,Jump Shot,1,1,Mid-Range
2430,Carlos Boozer,1610612741,0021300475,Layup Shot,1,1,Restricted Area
2550,Kirk Hinrich,1610612741,0021300475,Layup Shot,1,0,Restricted Area
2430,Carlos Boozer,1610612741,0021300475,Layup Shot,1,0,Restricted Area
202710,Jimmy Butler III,1610612741,0021300475,Jump Shot,1,0,Right Corner 3
201959,Taj Gibson,1610612741,0021300492,Jump Shot,1,0,Mid-Range
2736,Luol Deng,1610612741,0021300492,Layup Shot,1,0,Restricted Area
2736,Luol Deng,1610612741,0021300492,Layup Shot,1,0,Restricted Area
201959,Taj Gibson,1610612741,0021300492,Dunk Shot,1,1,Restricted Area
2736,Luol Deng,1610612741,0021300492,Jump Shot,1,0,Mid-Range
2736,Luol Deng,1610612741,0021300492,Layup Shot,1,1,Restricted Area
201959,Taj Gibson,1610612741,0021300492,Layup Shot,1,0,Restricted Area
2736,Luol Deng,1610612741,0021300492,Jump Shot,1,0,Mid-Range
2550,Kirk Hinrich,1610612741,0021300492,Jump Shot,1,1,Above the Break 3
2736,Luol Deng,1610612741,0021300492,Layup Shot,1,1,Restricted Area
2550,Kirk Hinrich,1610612741,0021300492,Jump Shot,1,0,Right Corner 3
201959,Taj Gibson,1610612741,0021300492,Layup Shot,1,0,Restricted Area
202710,Jimmy Butler III,1610612741,0021300492,Jump Shot,1,0,Mid-Range
2399,Mike Dunleavy,1610612741,0021300492,Layup Shot,1,1,Restricted Area
202710,Jimmy Butler III,1610612741,0021300492,Jump Shot,1,1,Mid-Range
2399,Mike Dunleavy,1610612741,0021300492,Jump Shot,1,0,Above the Break 3
1737,Nazr Mohammed,1610612741,0021300492,Jump Shot,1,1,Mid-Range
201959,Taj Gibson,1610612741,0021300492,Jump Shot,1,1,Mid-Range
201571,D.J. Augustin,1610612741,0021300492,Layup Shot,1,0,Restricted Area
2399,Mike Dunleavy,1610612741,0021300492,Jump Shot,1,0,Mid-Range
1737,Nazr Mohammed,1610612741,0021300492,Tip Shot,1,0,Restricted Area
1737,Nazr Mohammed,1610612741,0021300492,Tip Shot,1,1,Restricted Area
2399,Mike Dunleavy,1610612741,0021300492,Layup Shot,1,0,Restricted Area
1737,Nazr Mohammed,1610612741,0021300492,Jump Shot,1,0,In The Paint (Non-RA)
201571,D.J. Augustin,1610612741,0021300492,Jump Shot,1,0,Above the Break 3
202710,Jimmy Butler III,1610612741,0021300492,Jump Shot,1,1,Above the Break 3
202710,Jimmy Butler III,1610612741,0021300492,Jump Shot,1,0,Above the Break 3
2399,Mike Dunleavy,1610612741,0021300492,Jump Shot,1,1,Mid-Range
201571,D.J. Augustin,1610612741,0021300492,Jump Shot,1,1,Above the Break 3
201571,D.J. Augustin,1610612741,0021300492,Layup Shot,1,0,Restricted Area
201149,Joakim Noah,1610612741,0021300492,Layup Shot,1,0,Restricted Area
201571,D.J. Augustin,1610612741,0021300492,Layup Shot,1,1,Restricted Area
2736,Luol Deng,1610612741,0021300492,Jump Shot,1,0,Mid-Range
2399,Mike Dunleavy,1610612741,0021300492,Jump Shot,1,1,Above the Break 3
201571,D.J. Augustin,1610612741,0021300492,Driving Layup Shot,1,1,Restricted Area
2399,Mike Dunleavy,1610612741,0021300492,Jump Shot,1,1,Mid-Range
2736,Luol Deng,1610612741,0021300492,Layup Shot,1,0,Restricted Area
2736,Luol Deng,1610612741,0021300492,Tip Shot,1,1,Restricted Area
2736,Luol Deng,1610612741,0021300492,Jump Shot,1,1,Backcourt
201959,Taj Gibson,1610612741,0021300492,Jump Shot,1,0,In The Paint (Non-RA)
2736,Luol Deng,1610612741,0021300492,Jump Shot,1,0,Mid-Range
201959,Taj Gibson,1610612741,0021300492,Layup Shot,1,0,Restricted Area
201149,Joakim Noah,1610612741,0021300492,Tip Shot,1,0,Restricted Area
202710,Jimmy Butler III,1610612741,0021300492,Jump Shot,1,0,Above the Break 3
201149,Joakim Noah,1610612741,0021300492,Layup Shot,1,1,Restricted Area
2550,Kirk Hinrich,1610612741,0021300492,Jump Shot,1,1,Mid-Range
201959,Taj Gibson,1610612741,0021300492,Jump Shot,1,0,Mid-Range
201959,Taj Gibson,1610612741,0021300492,Jump Shot,1,0,In The Paint (Non-RA)
2736,Luol Deng,1610612741,0021300492,Tip Shot,1,1,Restricted Area
2736,Luol Deng,1610612741,0021300492,Jump Shot,1,0,In The Paint (Non-RA)
202710,Jimmy Butler III,1610612741,0021300492,Jump Shot,1,0,Above the Break 3
2736,Luol Deng,1610612741,0021300492,Tip Shot,1,0,Restricted Area
201149,Joakim Noah,1610612741,0021300492,Layup Shot,1,0,Restricted Area
201959,Taj Gibson,1610612741,0021300492,Jump Shot,1,0,Restricted Area
201571,D.J. Augustin,1610612741,0021300492,Jump Shot,1,0,In The Paint (Non-RA)
202710,Jimmy Butler III,1610612741,0021300492,Jump Shot,1,0,Mid-Range
201571,D.J. Augustin,1610612741,0021300492,Layup Shot,1,1,Restricted Area
2399,Mike Dunleavy,1610612741,0021300492,Jump Shot,1,0,Mid-Range
1737,Nazr Mohammed,1610612741,0021300492,Layup Shot,1,0,Restricted Area
1737,Nazr Mohammed,1610612741,0021300492,Tip Shot,1,0,Restricted Area
202710,Jimmy Butler III,1610612741,0021300492,Tip Shot,1,1,Restricted Area
2399,Mike Dunleavy,1610612741,0021300492,Jump Shot,1,1,Above the Break 3
201571,D.J. Augustin,1610612741,0021300492,Fadeaway Jump Shot,1,0,In The Paint (Non-RA)
201149,Joakim Noah,1610612741,0021300492,Tip Shot,1,1,Restricted Area
201571,D.J. Augustin,1610612741,0021300492,Jump Shot,1,0,Left Corner 3
201571,D.J. Augustin,1610612741,0021300492,Jump Shot,1,0,Above the Break 3
202710,Jimmy Butler III,1610612741,0021300492,Jump Shot,1,0,Left Corner 3
202710,Jimmy Butler III,1610612741,0021300492,Layup Shot,1,1,Restricted Area
201149,Joakim Noah,1610612741,0021300492,Hook Shot,1,1,In The Paint (Non-RA)
2399,Mike Dunleavy,1610612741,0021300492,Layup Shot,1,1,Restricted Area
2399,Mike Dunleavy,1610612741,0021300492,Jump Shot,1,1,In The Paint (Non-RA)
201571,D.J. Augustin,1610612741,0021300492,Jump Shot,1,0,Above the Break 3
2399,Mike Dunleavy,1610612741,0021300492,Jump Shot,1,1,Mid-Range
201959,Taj Gibson,1610612741,0021300492,Slam Dunk Shot,1,1,Restricted Area
201149,Joakim Noah,1610612741,0021300492,Running Bank shot,1,0,In The Paint (Non-RA)
2399,Mike Dunleavy,1610612741,0021300492,Tip Shot,1,1,Restricted Area
201959,Taj Gibson,1610612741,0021300492,Alley Oop Dunk Shot,1,1,Restricted Area
201571,D.J. Augustin,1610612741,0021300492,Jump Shot,1,0,Above the Break 3
2399,Mike Dunleavy,1610612741,0021300492,Jump Shot,1,0,Mid-Range
2736,Luol Deng,1610612741,0021300492,Jump Shot,1,0,Mid-Range
202710,Jimmy Butler III,1610612741,0021300492,Jump Shot,1,0,Mid-Range
201149,Joakim Noah,1610612741,0021300513,Finger Roll Layup Shot,1,1,Restricted Area
201959,Taj Gibson,1610612741,0021300513,Turnaround Fadeaway shot,1,1,Mid-Range
202710,Jimmy Butler III,1610612741,0021300513,Layup Shot,1,0,Restricted Area
201959,Taj Gibson,1610612741,0021300513,Jump Shot,1,1,Mid-Range
2399,Mike Dunleavy,1610612741,0021300513,Jump Shot,1,0,In The Paint (Non-RA)
2399,Mike Dunleavy,1610612741,0021300513,Putback Layup Shot,1,1,Restricted Area
201149,Joakim Noah,1610612741,0021300513,Jump Shot,1,0,Restricted Area
2399,Mike Dunleavy,1610612741,0021300513,Jump Shot,1,1,Mid-Range
201149,Joakim Noah,1610612741,0021300513,Running Jump Shot,1,0,In The Paint (Non-RA)
2399,Mike Dunleavy,1610612741,0021300513,Jump Shot,1,0,Mid-Range
201149,Joakim Noah,1610612741,0021300513,Tip Shot,1,0,Restricted Area
201149,Joakim Noah,1610612741,0021300513,Layup Shot,1,1,Restricted Area
202710,Jimmy Butler III,1610612741,0021300513,Layup Shot,1,1,Restricted Area
202710,Jimmy Butler III,1610612741,0021300513,Layup Shot,1,1,Restricted Area
201959,Taj Gibson,1610612741,0021300513,Pullup Jump shot,1,1,Mid-Range
202710,Jimmy Butler III,1610612741,0021300513,Jump Shot,1,1,Mid-Range
201959,Taj Gibson,1610612741,0021300513,Jump Shot,1,0,Mid-Range
201959,Taj Gibson,1610612741,0021300513,Jump Shot,1,0,Restricted Area
201959,Taj Gibson,1610612741,0021300513,Jump Shot,1,0,Mid-Range
1737,Nazr Mohammed,1610612741,0021300513,Jump Shot,1,0,In The Paint (Non-RA)
201571,D.J. Augustin,1610612741,0021300513,Floating Jump shot,1,0,In The Paint (Non-RA)
201959,Taj Gibson,1610612741,0021300513,Turnaround Jump Shot,1,1,Mid-Range
2399,Mike Dunleavy,1610612741,0021300513,Jump Shot,1,0,Above the Break 3
202710,Jimmy Butler III,1610612741,0021300513,Driving Reverse Layup Shot,1,0,Restricted Area
1737,Nazr Mohammed,1610612741,0021300513,Tip Shot,1,1,Restricted Area
203503,Tony Snell,1610612741,0021300513,Jump Shot,1,0,Mid-Range
201959,Taj Gibson,1610612741,0021300513,Jump Shot,1,1,Mid-Range
201571,D.J. Augustin,1610612741,0021300513,Running Reverse Layup Shot,1,1,Restricted Area
202710,Jimmy Butler III,1610612741,0021300513,Jump Shot,1,0,Mid-Range
202710,Jimmy Butler III,1610612741,0021300513,Driving Layup Shot,1,0,Restricted Area
201571,D.J. Augustin,1610612741,0021300513,Jump Shot,1,1,Left Corner 3
203503,Tony Snell,1610612741,0021300513,Dunk Shot,1,1,Restricted Area
201149,Joakim Noah,1610612741,0021300513,Layup Shot,1,0,Restricted Area
201571,D.J. Augustin,1610612741,0021300513,Jump Shot,1,1,Above the Break 3
201149,Joakim Noah,1610612741,0021300513,Jump Shot,1,0,In The Paint (Non-RA)
201959,Taj Gibson,1610612741,0021300513,Driving Layup Shot,1,0,Restricted Area
201149,Joakim Noah,1610612741,0021300513,Tip Shot,1,0,Restricted Area
202710,Jimmy Butler III,1610612741,0021300513,Jump Shot,1,0,Mid-Range
202710,Jimmy Butler III,1610612741,0021300513,Layup Shot,1,1,Restricted Area
201149,Joakim Noah,1610612741,0021300513,Layup Shot,1,1,Restricted Area
2550,Kirk Hinrich,1610612741,0021300513,Jump Shot,1,1,Left Corner 3
202710,Jimmy Butler III,1610612741,0021300513,Driving Layup Shot,1,0,Restricted Area
201959,Taj Gibson,1610612741,0021300513,Jump Shot,1,0,In The Paint (Non-RA)
202710,Jimmy Butler III,1610612741,0021300513,Jump Shot,1,0,In The Paint (Non-RA)
2399,Mike Dunleavy,1610612741,0021300513,Layup Shot,1,1,Restricted Area
201149,Joakim Noah,1610612741,0021300513,Jump Shot,1,0,Mid-Range
201959,Taj Gibson,1610612741,0021300513,Jump Bank Shot,1,1,Mid-Range
2399,Mike Dunleavy,1610612741,0021300513,Layup Shot,1,0,Restricted Area
201959,Taj Gibson,1610612741,0021300513,Putback Layup Shot,1,0,Restricted Area
203503,Tony Snell,1610612741,0021300513,Jump Shot,1,1,Mid-Range
2550,Kirk Hinrich,1610612741,0021300513,Jump Shot,1,1,Mid-Range
201959,Taj Gibson,1610612741,0021300513,Jump Shot,1,1,Mid-Range
201149,Joakim Noah,1610612741,0021300513,Layup Shot,1,1,Restricted Area
202710,Jimmy Butler III,1610612741,0021300513,Jump Shot,1,0,Mid-Range
201959,Taj Gibson,1610612741,0021300513,Jump Shot,1,0,In The Paint (Non-RA)
2550,Kirk Hinrich,1610612741,0021300513,Jump Shot,1,0,Mid-Range
203503,Tony Snell,1610612741,0021300513,Jump Shot,1,1,Mid-Range
202710,Jimmy Butler III,1610612741,0021300513,Jump Shot,1,0,Mid-Range
202710,Jimmy Butler III,1610612741,0021300513,Jump Shot,1,0,Mid-Range
201959,Taj Gibson,1610612741,0021300513,Jump Shot,1,1,Mid-Range
201571,D.J. Augustin,1610612741,0021300513,Jump Shot,1,0,Above the Break 3
1737,Nazr Mohammed,1610612741,0021300513,Layup Shot,1,1,Restricted Area
202710,Jimmy Butler III,1610612741,0021300513,Jump Shot,1,0,Above the Break 3
202710,Jimmy Butler III,1610612741,0021300513,Jump Shot,1,0,Left Corner 3
203503,Tony Snell,1610612741,0021300513,Jump Shot,1,1,Above the Break 3
203503,Tony Snell,1610612741,0021300513,Jump Shot,1,1,Above the Break 3
201149,Joakim Noah,1610612741,0021300513,Jump Bank Shot,1,1,In The Paint (Non-RA)
203503,Tony Snell,1610612741,0021300513,Jump Shot,1,0,Above the Break 3
2399,Mike Dunleavy,1610612741,0021300513,Jump Shot,1,0,Mid-Range
201149,Joakim Noah,1610612741,0021300513,Tip Shot,1,0,Restricted Area
201571,D.J. Augustin,1610612741,0021300513,Reverse Layup Shot,1,1,Restricted Area
2399,Mike Dunleavy,1610612741,0021300513,Layup Shot,1,1,Restricted Area
201571,D.J. Augustin,1610612741,0021300513,Running Layup Shot,1,0,Restricted Area
201959,Taj Gibson,1610612741,0021300513,Putback Layup Shot,1,1,Restricted Area
201149,Joakim Noah,1610612741,0021300513,Running Layup Shot,1,0,Restricted Area
201149,Joakim Noah,1610612741,0021300513,Jump Shot,1,0,In The Paint (Non-RA)
2550,Kirk Hinrich,1610612741,0021300513,Jump Shot,1,0,In The Paint (Non-RA)
202710,Jimmy Butler III,1610612741,0021300513,Jump Shot,1,0,Above the Break 3
201571,D.J. Augustin,1610612741,0021300513,Jump Shot,1,0,Above the Break 3
2550,Kirk Hinrich,1610612741,0021300513,Jump Shot,1,1,Above the Break 3
202710,Jimmy Butler III,1610612741,0021300513,Jump Shot,1,0,Above the Break 3
201571,D.J. Augustin,1610612741,0021300513,Jump Shot,1,0,In The Paint (Non-RA)
2399,Mike Dunleavy,1610612741,0021300538,Jump Shot,1,0,In The Paint (Non-RA)
2430,Carlos Boozer,1610612741,0021300538,Layup Shot,1,0,Restricted Area
2399,Mike Dunleavy,1610612741,0021300538,Jump Shot,1,0,Mid-Range
2399,Mike Dunleavy,1610612741,0021300538,Layup Shot,1,0,Restricted Area
2399,Mike Dunleavy,1610612741,0021300538,Jump Shot,1,1,Mid-Range
202710,Jimmy Butler III,1610612741,0021300538,Layup Shot,1,0,Restricted Area
201149,Joakim Noah,1610612741,0021300538,Jump Shot,1,0,Mid-Range
2430,Carlos Boozer,1610612741,0021300538,Layup Shot,1,1,Restricted Area
2430,Carlos Boozer,1610612741,0021300538,Jump Shot,1,1,Mid-Range
2550,Kirk Hinrich,1610612741,0021300538,Jump Shot,1,0,Above the Break 3
2430,Carlos Boozer,1610612741,0021300538,Jump Shot,1,1,Mid-Range
201959,Taj Gibson,1610612741,0021300538,Dunk Shot,1,1,Restricted Area
201149,Joakim Noah,1610612741,0021300538,Jump Shot,1,0,Restricted Area
201959,Taj Gibson,1610612741,0021300538,Layup Shot,1,0,Restricted Area
202710,Jimmy Butler III,1610612741,0021300538,Driving Layup Shot,1,1,Restricted Area
203503,Tony Snell,1610612741,0021300538,Jump Shot,1,0,Mid-Range
203503,Tony Snell,1610612741,0021300538,Jump Shot,1,0,Above the Break 3
203503,Tony Snell,1610612741,0021300538,Layup Shot,1,1,Restricted Area
202710,Jimmy Butler III,1610612741,0021300538,Jump Shot,1,0,Mid-Range
2399,Mike Dunleavy,1610612741,0021300538,Jump Shot,1,1,Above the Break 3
2399,Mike Dunleavy,1610612741,0021300538,Jump Shot,1,1,Above the Break 3
201571,D.J. Augustin,1610612741,0021300538,Layup Shot,1,0,Restricted Area
201571,D.J. Augustin,1610612741,0021300538,Jump Shot,1,0,Above the Break 3
2430,Carlos Boozer,1610612741,0021300538,Jump Shot,1,0,Mid-Range
2430,Carlos Boozer,1610612741,0021300538,Fadeaway Jump Shot,1,1,Mid-Range
2550,Kirk Hinrich,1610612741,0021300538,Jump Shot,1,0,Above the Break 3
2399,Mike Dunleavy,1610612741,0021300538,Jump Shot,1,1,Left Corner 3
2430,Carlos Boozer,1610612741,0021300538,Hook Shot,1,0,Restricted Area
202710,Jimmy Butler III,1610612741,0021300538,Jump Shot,1,1,Mid-Range
2550,Kirk Hinrich,1610612741,0021300538,Jump Shot,1,1,Mid-Range
2430,Carlos Boozer,1610612741,0021300538,Layup Shot,1,1,Restricted Area
201149,Joakim Noah,1610612741,0021300538,Dunk Shot,1,1,Restricted Area
202710,Jimmy Butler III,1610612741,0021300538,Jump Shot,1,0,Above the Break 3
202710,Jimmy Butler III,1610612741,0021300538,Jump Shot,1,1,Above the Break 3
2550,Kirk Hinrich,1610612741,0021300538,Jump Shot,1,0,Mid-Range
2430,Carlos Boozer,1610612741,0021300538,Jump Shot,1,0,Mid-Range
2550,Kirk Hinrich,1610612741,0021300538,Layup Shot,1,0,Restricted Area
201571,D.J. Augustin,1610612741,0021300538,Jump Shot,1,1,Above the Break 3
201959,Taj Gibson,1610612741,0021300538,Jump Shot,1,0,Mid-Range
2430,Carlos Boozer,1610612741,0021300538,Jump Shot,1,1,Mid-Range
201959,Taj Gibson,1610612741,0021300538,Layup Shot,1,1,Restricted Area
2430,Carlos Boozer,1610612741,0021300538,Jump Shot,1,0,Mid-Range
201571,D.J. Augustin,1610612741,0021300538,Jump Shot,1,1,Above the Break 3
201959,Taj Gibson,1610612741,0021300538,Jump Shot,1,0,Mid-Range
201571,D.J. Augustin,1610612741,0021300538,Layup Shot,1,0,Restricted Area
201571,D.J. Augustin,1610612741,0021300538,Jump Shot,1,0,Above the Break 3
201959,Taj Gibson,1610612741,0021300538,Jump Shot,1,0,Restricted Area
201571,D.J. Augustin,1610612741,0021300538,Jump Shot,1,0,Above the Break 3
202710,Jimmy Butler III,1610612741,0021300538,Jump Shot,1,0,Mid-Range
201959,Taj Gibson,1610612741,0021300538,Jump Shot,1,0,Mid-Range
201149,Joakim Noah,1610612741,0021300538,Jump Shot,1,1,Mid-Range
201571,D.J. Augustin,1610612741,0021300538,Jump Shot,1,0,Above the Break 3
201149,Joakim Noah,1610612741,0021300538,Hook Shot,1,0,Mid-Range
202710,Jimmy Butler III,1610612741,0021300538,Jump Shot,1,0,Mid-Range
2550,Kirk Hinrich,1610612741,0021300538,Jump Shot,1,0,Mid-Range
2399,Mike Dunleavy,1610612741,0021300538,Jump Shot,1,1,Mid-Range
2550,Kirk Hinrich,1610612741,0021300538,Jump Shot,1,0,Above the Break 3
2430,Carlos Boozer,1610612741,0021300538,Jump Shot,1,0,Mid-Range
2399,Mike Dunleavy,1610612741,0021300538,Layup Shot,1,1,Restricted Area
2399,Mike Dunleavy,1610612741,0021300538,Jump Shot,1,0,Mid-Range
2550,Kirk Hinrich,1610612741,0021300538,Jump Shot,1,0,Above the Break 3
2550,Kirk Hinrich,1610612741,0021300538,Jump Shot,1,1,Mid-Range
201149,Joakim Noah,1610612741,0021300547,Hook Shot,1,0,In The Paint (Non-RA)
2430,Carlos Boozer,1610612741,0021300547,Driving Layup Shot,1,1,Restricted Area
2430,Carlos Boozer,1610612741,0021300547,Running Layup Shot,1,1,Restricted Area
2399,Mike Dunleavy,1610612741,0021300547,Jump Shot,1,0,Mid-Range
2430,Carlos Boozer,1610612741,0021300547,Turnaround Fadeaway shot,1,0,Mid-Range
2550,Kirk Hinrich,1610612741,0021300547,Jump Shot,1,1,Above the Break 3
2399,Mike Dunleavy,1610612741,0021300547,Jump Shot,1,1,Above the Break 3
2399,Mike Dunleavy,1610612741,0021300547,Pullup Jump shot,1,1,In The Paint (Non-RA)
2550,Kirk Hinrich,1610612741,0021300547,Jump Shot,1,0,Mid-Range
2399,Mike Dunleavy,1610612741,0021300547,Floating Jump shot,1,0,Mid-Range
201571,D.J. Augustin,1610612741,0021300547,Jump Shot,1,0,Above the Break 3
201959,Taj Gibson,1610612741,0021300547,Turnaround Jump Shot,1,1,Mid-Range
201959,Taj Gibson,1610612741,0021300547,Jump Shot,1,0,Mid-Range
2430,Carlos Boozer,1610612741,0021300547,Jump Shot,1,0,In The Paint (Non-RA)
201571,D.J. Augustin,1610612741,0021300547,Driving Jump shot,1,1,In The Paint (Non-RA)
201959,Taj Gibson,1610612741,0021300547,Jump Shot,1,0,Mid-Range
2430,Carlos Boozer,1610612741,0021300547,Layup Shot,1,1,Restricted Area
2399,Mike Dunleavy,1610612741,0021300547,Layup Shot,1,1,Restricted Area
201571,D.J. Augustin,1610612741,0021300547,Jump Shot,1,1,Mid-Range
2399,Mike Dunleavy,1610612741,0021300547,Jump Shot,1,0,Mid-Range
2430,Carlos Boozer,1610612741,0021300547,Putback Layup Shot,1,1,Restricted Area
201571,D.J. Augustin,1610612741,0021300547,Jump Shot,1,0,Above the Break 3
201959,Taj Gibson,1610612741,0021300547,Driving Dunk Shot,1,1,Restricted Area
201858,Cartier Martin,1610612741,0021300547,Jump Shot,1,1,Mid-Range
2550,Kirk Hinrich,1610612741,0021300547,Jump Shot,1,0,Mid-Range
201858,Cartier Martin,1610612741,0021300547,Jump Shot,1,1,Left Corner 3
201959,Taj Gibson,1610612741,0021300547,Driving Layup Shot,1,1,Restricted Area
201571,D.J. Augustin,1610612741,0021300547,Running Jump Shot,1,0,In The Paint (Non-RA)
201149,Joakim Noah,1610612741,0021300547,Jump Shot,1,1,In The Paint (Non-RA)
201149,Joakim Noah,1610612741,0021300547,Jump Shot,1,0,Mid-Range
201571,D.J. Augustin,1610612741,0021300547,Jump Shot,1,0,Mid-Range
2399,Mike Dunleavy,1610612741,0021300547,Jump Shot,1,1,In The Paint (Non-RA)
2430,Carlos Boozer,1610612741,0021300547,Jump Shot,1,0,Mid-Range
2430,Carlos Boozer,1610612741,0021300547,Jump Shot,1,0,Mid-Range
2430,Carlos Boozer,1610612741,0021300547,Reverse Layup Shot,1,0,Restricted Area
201149,Joakim Noah,1610612741,0021300547,Tip Shot,1,1,Restricted Area
2399,Mike Dunleavy,1610612741,0021300547,Jump Shot,1,1,Mid-Range
201149,Joakim Noah,1610612741,0021300547,Layup Shot,1,0,Restricted Area
2399,Mike Dunleavy,1610612741,0021300547,Jump Shot,1,1,Mid-Range
201571,D.J. Augustin,1610612741,0021300547,Running Layup Shot,1,1,Restricted Area
203503,Tony Snell,1610612741,0021300547,Jump Shot,1,0,Mid-Range
2399,Mike Dunleavy,1610612741,0021300547,Jump Shot,1,0,Mid-Range
2550,Kirk Hinrich,1610612741,0021300547,Jump Shot,1,0,Above the Break 3
2550,Kirk Hinrich,1610612741,0021300547,Jump Shot,1,1,Left Corner 3
2430,Carlos Boozer,1610612741,0021300547,Turnaround Jump Shot,1,0,In The Paint (Non-RA)
2550,Kirk Hinrich,1610612741,0021300547,Driving Layup Shot,1,1,Restricted Area
2399,Mike Dunleavy,1610612741,0021300547,Jump Shot,1,0,Above the Break 3
203503,Tony Snell,1610612741,0021300547,Jump Shot,1,0,Above the Break 3
2399,Mike Dunleavy,1610612741,0021300547,Jump Shot,1,1,Mid-Range
2430,Carlos Boozer,1610612741,0021300547,Driving Layup Shot,1,1,Restricted Area
2430,Carlos Boozer,1610612741,0021300547,Jump Shot,1,0,Restricted Area
201149,Joakim Noah,1610612741,0021300547,Jump Bank Shot,1,1,Restricted Area
2430,Carlos Boozer,1610612741,0021300547,Turnaround Jump Shot,1,0,Mid-Range
2399,Mike Dunleavy,1610612741,0021300547,Jump Shot,1,0,Mid-Range
2430,Carlos Boozer,1610612741,0021300547,Jump Shot,1,0,In The Paint (Non-RA)
201571,D.J. Augustin,1610612741,0021300547,Jump Shot,1,0,Mid-Range
201858,Cartier Martin,1610612741,0021300547,Jump Shot,1,1,Left Corner 3
2430,Carlos Boozer,1610612741,0021300547,Driving Layup Shot,1,1,Restricted Area
2430,Carlos Boozer,1610612741,0021300547,Layup Shot,1,0,Restricted Area
2399,Mike Dunleavy,1610612741,0021300547,Jump Shot,1,1,Mid-Range
201959,Taj Gibson,1610612741,0021300547,Jump Shot,1,0,In The Paint (Non-RA)
2399,Mike Dunleavy,1610612741,0021300547,Jump Shot,1,0,Above the Break 3
2399,Mike Dunleavy,1610612741,0021300547,Jump Shot,1,0,In The Paint (Non-RA)
2430,Carlos Boozer,1610612741,0021300547,Layup Shot,1,0,Restricted Area
2399,Mike Dunleavy,1610612741,0021300547,Putback Layup Shot,1,0,Restricted Area
201959,Taj Gibson,1610612741,0021300547,Layup Shot,1,1,Restricted Area
201149,Joakim Noah,1610612741,0021300547,Driving Layup Shot,1,0,Restricted Area
201149,Joakim Noah,1610612741,0021300547,Slam Dunk Shot,1,1,Restricted Area
201571,D.J. Augustin,1610612741,0021300547,Jump Shot,1,0,Mid-Range
201149,Joakim Noah,1610612741,0021300547,Layup Shot,1,1,Restricted Area
201858,Cartier Martin,1610612741,0021300547,Jump Shot,1,0,Mid-Range
2550,Kirk Hinrich,1610612741,0021300547,Jump Shot,1,0,Above the Break 3
201149,Joakim Noah,1610612741,0021300547,Layup Shot,1,1,Restricted Area
201149,Joakim Noah,1610612741,0021300547,Layup Shot,1,0,Restricted Area
201858,Cartier Martin,1610612741,0021300547,Jump Shot,1,1,Mid-Range
201571,D.J. Augustin,1610612741,0021300547,Driving Layup Shot,1,0,Restricted Area
2550,Kirk Hinrich,1610612741,0021300547,Jump Shot,1,0,Left Corner 3
201571,D.J. Augustin,1610612741,0021300547,Driving Layup Shot,1,1,Restricted Area
201149,Joakim Noah,1610612741,0021300547,Jump Shot,1,1,Mid-Range
201571,D.J. Augustin,1610612741,0021300547,Jump Shot,1,1,Right Corner 3
201571,D.J. Augustin,1610612741,0021300547,Running Reverse Layup Shot,1,1,Restricted Area
2430,Carlos Boozer,1610612741,0021300558,Jump Shot,1,0,In The Paint (Non-RA)
2399,Mike Dunleavy,1610612741,0021300558,Jump Shot,1,0,Mid-Range
2550,Kirk Hinrich,1610612741,0021300558,Jump Shot,1,1,Mid-Range
2430,Carlos Boozer,1610612741,0021300558,Jump Shot,1,1,Mid-Range
202710,Jimmy Butler III,1610612741,0021300558,Jump Shot,1,1,Right Corner 3
2550,Kirk Hinrich,1610612741,0021300558,Jump Shot,1,0,Mid-Range
2399,Mike Dunleavy,1610612741,0021300558,Jump Shot,1,0,Mid-Range
2399,Mike Dunleavy,1610612741,0021300558,Jump Shot,1,0,Above the Break 3
2550,Kirk Hinrich,1610612741,0021300558,Layup Shot,1,1,Restricted Area
2430,Carlos Boozer,1610612741,0021300558,Finger Roll Layup Shot,1,1,Restricted Area
202710,Jimmy Butler III,1610612741,0021300558,Layup Shot,1,0,Restricted Area
203503,Tony Snell,1610612741,0021300558,Driving Layup Shot,1,1,Restricted Area
203503,Tony Snell,1610612741,0021300558,Jump Shot,1,0,Mid-Range
2550,Kirk Hinrich,1610612741,0021300558,Jump Shot,1,0,Mid-Range
203503,Tony Snell,1610612741,0021300558,Driving Layup Shot,1,1,Restricted Area
203503,Tony Snell,1610612741,0021300558,Jump Shot,1,1,Above the Break 3
2430,Carlos Boozer,1610612741,0021300558,Layup Shot,1,0,Restricted Area
202710,Jimmy Butler III,1610612741,0021300558,Jump Shot,1,0,Left Corner 3
201959,Taj Gibson,1610612741,0021300558,Layup Shot,1,1,Restricted Area
203503,Tony Snell,1610612741,0021300558,Jump Shot,1,0,Right Corner 3
201858,Cartier Martin,1610612741,0021300558,Jump Shot,1,0,Left Corner 3
201858,Cartier Martin,1610612741,0021300558,Jump Shot,1,1,Right Corner 3
201571,D.J. Augustin,1610612741,0021300558,Driving Layup Shot,1,0,Restricted Area
201959,Taj Gibson,1610612741,0021300558,Tip Shot,1,1,Restricted Area
2399,Mike Dunleavy,1610612741,0021300558,Jump Shot,1,1,Right Corner 3
2430,Carlos Boozer,1610612741,0021300558,Jump Shot,1,1,Mid-Range
2430,Carlos Boozer,1610612741,0021300558,Jump Shot,1,0,Mid-Range
201149,Joakim Noah,1610612741,0021300558,Jump Shot,1,0,In The Paint (Non-RA)
2430,Carlos Boozer,1610612741,0021300558,Layup Shot,1,1,Restricted Area
201858,Cartier Martin,1610612741,0021300558,Jump Shot,1,0,Right Corner 3
201571,D.J. Augustin,1610612741,0021300558,Jump Shot,1,0,Above the Break 3
201571,D.J. Augustin,1610612741,0021300558,Running Layup Shot,1,1,Restricted Area
201149,Joakim Noah,1610612741,0021300558,Jump Shot,1,1,Mid-Range
202710,Jimmy Butler III,1610612741,0021300558,Jump Shot,1,0,Above the Break 3
2430,Carlos Boozer,1610612741,0021300558,Putback Layup Shot,1,1,Restricted Area
201571,D.J. Augustin,1610612741,0021300558,Jump Shot,1,0,Above the Break 3
201959,Taj Gibson,1610612741,0021300558,Jump Shot,1,0,Mid-Range
202710,Jimmy Butler III,1610612741,0021300558,Jump Shot,1,1,Mid-Range
2550,Kirk Hinrich,1610612741,0021300558,Jump Shot,1,1,Mid-Range
2399,Mike Dunleavy,1610612741,0021300558,Jump Shot,1,0,Mid-Range
2430,Carlos Boozer,1610612741,0021300558,Jump Shot,1,1,Mid-Range
2550,Kirk Hinrich,1610612741,0021300558,Jump Shot,1,0,Mid-Range
2430,Carlos Boozer,1610612741,0021300558,Layup Shot,1,1,Restricted Area
2430,Carlos Boozer,1610612741,0021300558,Jump Shot,1,0,Mid-Range
2430,Carlos Boozer,1610612741,0021300558,Jump Shot,1,1,Mid-Range
202710,Jimmy Butler III,1610612741,0021300558,Jump Shot,1,1,Above the Break 3
202710,Jimmy Butler III,1610612741,0021300558,Driving Layup Shot,1,0,Restricted Area
2550,Kirk Hinrich,1610612741,0021300558,Jump Shot,1,0,Mid-Range
201149,Joakim Noah,1610612741,0021300558,Tip Shot,1,0,Restricted Area
202710,Jimmy Butler III,1610612741,0021300558,Putback Slam Dunk Shot,1,1,Restricted Area
201959,Taj Gibson,1610612741,0021300558,Floating Jump shot,1,1,In The Paint (Non-RA)
2430,Carlos Boozer,1610612741,0021300558,Layup Shot,1,0,Restricted Area
2399,Mike Dunleavy,1610612741,0021300558,Jump Shot,1,0,Mid-Range
2430,Carlos Boozer,1610612741,0021300558,Jump Shot,1,1,Mid-Range
2399,Mike Dunleavy,1610612741,0021300558,Jump Shot,1,1,Left Corner 3
2430,Carlos Boozer,1610612741,0021300558,Jump Shot,1,0,In The Paint (Non-RA)
203503,Tony Snell,1610612741,0021300558,Jump Shot,1,0,Mid-Range
201959,Taj Gibson,1610612741,0021300558,Putback Layup Shot,1,1,Restricted Area
201959,Taj Gibson,1610612741,0021300558,Layup Shot,1,0,Restricted Area
203503,Tony Snell,1610612741,0021300558,Jump Shot,1,1,Above the Break 3
202710,Jimmy Butler III,1610612741,0021300558,Driving Layup Shot,1,1,Restricted Area
201571,D.J. Augustin,1610612741,0021300558,Jump Shot,1,0,Above the Break 3
201571,D.J. Augustin,1610612741,0021300558,Running Layup Shot,1,0,Restricted Area
203503,Tony Snell,1610612741,0021300558,Floating Jump shot,1,1,In The Paint (Non-RA)
201571,D.J. Augustin,1610612741,0021300558,Driving Layup Shot,1,0,Restricted Area
201149,Joakim Noah,1610612741,0021300558,Layup Shot,1,1,Restricted Area
203503,Tony Snell,1610612741,0021300558,Jump Shot,1,0,Above the Break 3
201571,D.J. Augustin,1610612741,0021300558,Jump Shot,1,1,Above the Break 3
201571,D.J. Augustin,1610612741,0021300558,Running Jump Shot,1,0,Mid-Range
201571,D.J. Augustin,1610612741,0021300558,Jump Shot,1,0,Mid-Range
202710,Jimmy Butler III,1610612741,0021300558,Layup Shot,1,0,Restricted Area
201571,D.J. Augustin,1610612741,0021300558,Jump Shot,1,0,Above the Break 3
201149,Joakim Noah,1610612741,0021300558,Jump Shot,1,0,Mid-Range
2550,Kirk Hinrich,1610612741,0021300558,Layup Shot,1,0,Restricted Area
2550,Kirk Hinrich,1610612741,0021300558,Jump Shot,1,0,Mid-Range
2399,Mike Dunleavy,1610612741,0021300558,Jump Shot,1,1,Above the Break 3
2550,Kirk Hinrich,1610612741,0021300558,Running Jump Shot,1,0,In The Paint (Non-RA)
201959,Taj Gibson,1610612741,0021300558,Layup Shot,1,0,Restricted Area
2399,Mike Dunleavy,1610612741,0021300558,Jump Shot,1,0,Right Corner 3
202710,Jimmy Butler III,1610612741,0021300566,Jump Shot,1,1,Mid-Range
2430,Carlos Boozer,1610612741,0021300566,Hook Shot,1,1,In The Paint (Non-RA)
2399,Mike Dunleavy,1610612741,0021300566,Jump Shot,1,0,Above the Break 3
202710,Jimmy Butler III,1610612741,0021300566,Layup Shot,1,1,Restricted Area
2430,Carlos Boozer,1610612741,0021300566,Layup Shot,1,0,Restricted Area
2550,Kirk Hinrich,1610612741,0021300566,Jump Shot,1,0,Mid-Range
2399,Mike Dunleavy,1610612741,0021300566,Jump Shot,1,0,In The Paint (Non-RA)
201149,Joakim Noah,1610612741,0021300566,Tip Shot,1,1,Restricted Area
2430,Carlos Boozer,1610612741,0021300566,Jump Shot,1,1,Mid-Range
2399,Mike Dunleavy,1610612741,0021300566,Layup Shot,1,0,Restricted Area
202710,Jimmy Butler III,1610612741,0021300566,Jump Shot,1,0,Above the Break 3
201149,Joakim Noah,1610612741,0021300566,Layup Shot,1,1,Restricted Area
202710,Jimmy Butler III,1610612741,0021300566,Layup Shot,1,0,Restricted Area
2550,Kirk Hinrich,1610612741,0021300566,Jump Shot,1,0,Right Corner 3
2430,Carlos Boozer,1610612741,0021300566,Fadeaway Jump Shot,1,1,Mid-Range
2430,Carlos Boozer,1610612741,0021300566,Turnaround Jump Shot,1,0,Mid-Range
2430,Carlos Boozer,1610612741,0021300566,Layup Shot,1,1,Restricted Area
202710,Jimmy Butler III,1610612741,0021300566,Jump Shot,1,0,Above the Break 3
2550,Kirk Hinrich,1610612741,0021300566,Step Back Jump shot,1,0,Mid-Range
2550,Kirk Hinrich,1610612741,0021300566,Layup Shot,1,0,Restricted Area
202710,Jimmy Butler III,1610612741,0021300566,Layup Shot,1,1,Restricted Area
2430,Carlos Boozer,1610612741,0021300566,Fadeaway Jump Shot,1,1,Mid-Range
2430,Carlos Boozer,1610612741,0021300566,Jump Shot,1,1,Mid-Range
2430,Carlos Boozer,1610612741,0021300566,Jump Shot,1,0,Mid-Range
201571,D.J. Augustin,1610612741,0021300566,Jump Shot,1,0,Above the Break 3
201571,D.J. Augustin,1610612741,0021300566,Jump Shot,1,0,Above the Break 3
201959,Taj Gibson,1610612741,0021300566,Jump Shot,1,0,Mid-Range
202710,Jimmy Butler III,1610612741,0021300566,Jump Shot,1,0,Above the Break 3
203503,Tony Snell,1610612741,0021300566,Jump Shot,1,0,Mid-Range
202710,Jimmy Butler III,1610612741,0021300566,Jump Shot,1,0,Left Corner 3
1737,Nazr Mohammed,1610612741,0021300566,Jump Shot,1,0,Mid-Range
201571,D.J. Augustin,1610612741,0021300566,Layup Shot,1,1,Restricted Area
201571,D.J. Augustin,1610612741,0021300566,Pullup Jump shot,1,0,Above the Break 3
201571,D.J. Augustin,1610612741,0021300566,Driving Layup Shot,1,1,Restricted Area
201959,Taj Gibson,1610612741,0021300566,Jump Shot,1,1,Mid-Range
2399,Mike Dunleavy,1610612741,0021300566,Jump Shot,1,0,Above the Break 3
201149,Joakim Noah,1610612741,0021300566,Slam Dunk Shot,1,1,Restricted Area
2550,Kirk Hinrich,1610612741,0021300566,Pullup Jump shot,1,0,Mid-Range
2399,Mike Dunleavy,1610612741,0021300566,Jump Shot,1,0,Mid-Range
2399,Mike Dunleavy,1610612741,0021300566,Jump Shot,1,1,Above the Break 3
2550,Kirk Hinrich,1610612741,0021300566,Pullup Jump shot,1,1,Mid-Range
2550,Kirk Hinrich,1610612741,0021300566,Pullup Jump shot,1,0,Mid-Range
201149,Joakim Noah,1610612741,0021300566,Hook Shot,1,0,In The Paint (Non-RA)
2550,Kirk Hinrich,1610612741,0021300566,Driving Layup Shot,1,1,Restricted Area
202710,Jimmy Butler III,1610612741,0021300566,Jump Shot,1,0,Above the Break 3
2430,Carlos Boozer,1610612741,0021300566,Fadeaway Bank shot,1,1,Mid-Range
2550,Kirk Hinrich,1610612741,0021300566,Jump Shot,1,0,Mid-Range
202710,Jimmy Butler III,1610612741,0021300566,Dunk Shot,1,1,Restricted Area
2430,Carlos Boozer,1610612741,0021300566,Jump Shot,1,0,Mid-Range
2399,Mike Dunleavy,1610612741,0021300566,Layup Shot,1,0,Restricted Area
201149,Joakim Noah,1610612741,0021300566,Jump Shot,1,1,Mid-Range
2430,Carlos Boozer,1610612741,0021300566,Jump Shot,1,0,Mid-Range
2430,Carlos Boozer,1610612741,0021300566,Layup Shot,1,1,Restricted Area
201149,Joakim Noah,1610612741,0021300566,Jump Shot,1,0,In The Paint (Non-RA)
202710,Jimmy Butler III,1610612741,0021300566,Jump Shot,1,0,Mid-Range
2399,Mike Dunleavy,1610612741,0021300566,Jump Shot,1,0,Above the Break 3
2550,Kirk Hinrich,1610612741,0021300566,Jump Shot,1,1,Above the Break 3
2550,Kirk Hinrich,1610612741,0021300566,Hook Shot,1,0,In The Paint (Non-RA)
2430,Carlos Boozer,1610612741,0021300566,Jump Shot,1,0,Mid-Range
2430,Carlos Boozer,1610612741,0021300566,Jump Shot,1,1,Mid-Range
2430,Carlos Boozer,1610612741,0021300566,Jump Shot,1,1,Mid-Range
2399,Mike Dunleavy,1610612741,0021300566,Jump Shot,1,1,Above the Break 3
202710,Jimmy Butler III,1610612741,0021300566,Jump Shot,1,1,Above the Break 3
2430,Carlos Boozer,1610612741,0021300566,Pullup Jump shot,1,1,Mid-Range
201571,D.J. Augustin,1610612741,0021300566,Jump Shot,1,1,Above the Break 3
202710,Jimmy Butler III,1610612741,0021300566,Jump Shot,1,0,Mid-Range
201571,D.J. Augustin,1610612741,0021300566,Driving Layup Shot,1,0,Restricted Area
201149,Joakim Noah,1610612741,0021300566,Tip Shot,1,0,Restricted Area
201149,Joakim Noah,1610612741,0021300566,Layup Shot,1,1,Restricted Area
203503,Tony Snell,1610612741,0021300566,Jump Shot,1,1,Above the Break 3
201959,Taj Gibson,1610612741,0021300566,Jump Shot,1,0,In The Paint (Non-RA)
201571,D.J. Augustin,1610612741,0021300566,Jump Shot,1,1,Left Corner 3
201571,D.J. Augustin,1610612741,0021300566,Jump Shot,1,0,Mid-Range
203503,Tony Snell,1610612741,0021300566,Jump Shot,1,0,In The Paint (Non-RA)
201149,Joakim Noah,1610612741,0021300566,Layup Shot,1,1,Restricted Area
201149,Joakim Noah,1610612741,0021300566,Layup Shot,1,1,Restricted Area
201571,D.J. Augustin,1610612741,0021300566,Floating Jump shot,1,0,In The Paint (Non-RA)
201959,Taj Gibson,1610612741,0021300566,Layup Shot,1,0,Restricted Area
203503,Tony Snell,1610612741,0021300566,Jump Shot,1,1,Left Corner 3
201571,D.J. Augustin,1610612741,0021300566,Jump Shot,1,0,Above the Break 3
203503,Tony Snell,1610612741,0021300566,Floating Jump shot,1,1,In The Paint (Non-RA)
201571,D.J. Augustin,1610612741,0021300566,Layup Shot,1,0,Restricted Area
201959,Taj Gibson,1610612741,0021300566,Putback Dunk Shot,1,1,Restricted Area
201959,Taj Gibson,1610612741,0021300566,Reverse Layup Shot,1,0,Restricted Area
203503,Tony Snell,1610612741,0021300566,Jump Shot,1,0,Above the Break 3
202710,Jimmy Butler III,1610612741,0021300566,Running Jump Shot,1,0,In The Paint (Non-RA)
201959,Taj Gibson,1610612741,0021300566,Jump Shot,1,0,Mid-Range
201571,D.J. Augustin,1610612741,0021300566,Jump Shot,1,1,Above the Break 3
201149,Joakim Noah,1610612741,0021300566,Layup Shot,1,0,Restricted Area
202710,Jimmy Butler III,1610612741,0021300566,Jump Shot,1,1,Above the Break 3
202710,Jimmy Butler III,1610612741,0021300566,Jump Shot,1,0,Above the Break 3
201571,D.J. Augustin,1610612741,0021300566,Jump Shot,1,0,Right Corner 3
201571,D.J. Augustin,1610612741,0021300566,Jump Shot,1,1,Mid-Range
202710,Jimmy Butler III,1610612741,0021300566,Jump Shot,1,0,Left Corner 3
203503,Tony Snell,1610612741,0021300566,Jump Shot,1,0,Right Corner 3
2399,Mike Dunleavy,1610612741,0021300566,Jump Shot,1,1,Above the Break 3
203503,Tony Snell,1610612741,0021300566,Driving Slam Dunk Shot,1,1,Restricted Area
201571,D.J. Augustin,1610612741,0021300566,Jump Shot,1,0,Mid-Range
201959,Taj Gibson,1610612741,0021300566,Jump Shot,1,1,Mid-Range
201571,D.J. Augustin,1610612741,0021300566,Jump Bank Shot,1,1,In The Paint (Non-RA)
201149,Joakim Noah,1610612741,0021300566,Hook Shot,1,0,Restricted Area
203503,Tony Snell,1610612741,0021300566,Jump Shot,1,0,Above the Break 3
201149,Joakim Noah,1610612741,0021300566,Tip Shot,1,1,Restricted Area
201959,Taj Gibson,1610612741,0021300566,Jump Shot,1,0,Mid-Range
201149,Joakim Noah,1610612741,0021300566,Jump Shot,1,0,Mid-Range
2399,Mike Dunleavy,1610612741,0021300566,Jump Shot,1,0,Left Corner 3
203503,Tony Snell,1610612741,0021300566,Jump Shot,1,1,Left Corner 3
203503,Tony Snell,1610612741,0021300566,Jump Shot,1,0,Above the Break 3
201959,Taj Gibson,1610612741,0021300566,Tip Shot,1,0,Restricted Area
201149,Joakim Noah,1610612741,0021300566,Hook Shot,1,0,In The Paint (Non-RA)
201149,Joakim Noah,1610612741,0021300566,Layup Shot,1,1,Restricted Area
203503,Tony Snell,1610612741,0021300566,Pullup Jump shot,1,1,Mid-Range
201571,D.J. Augustin,1610612741,0021300566,Layup Shot,1,0,Restricted Area
2550,Kirk Hinrich,1610612741,0021300585,Jump Shot,1,0,Above the Break 3
2399,Mike Dunleavy,1610612741,0021300585,Jump Shot,1,0,Mid-Range
2430,Carlos Boozer,1610612741,0021300585,Jump Shot,1,0,Mid-Range
2399,Mike Dunleavy,1610612741,0021300585,Jump Shot,1,0,Mid-Range
201149,Joakim Noah,1610612741,0021300585,Dunk Shot,1,1,Restricted Area
202710,Jimmy Butler III,1610612741,0021300585,Jump Shot,1,1,Above the Break 3
202710,Jimmy Butler III,1610612741,0021300585,Jump Shot,1,0,Mid-Range
2550,Kirk Hinrich,1610612741,0021300585,Jump Shot,1,1,Above the Break 3
2399,Mike Dunleavy,1610612741,0021300585,Jump Shot,1,1,Mid-Range
2550,Kirk Hinrich,1610612741,0021300585,Layup Shot,1,1,Restricted Area
202710,Jimmy Butler III,1610612741,0021300585,Jump Shot,1,0,Mid-Range
2550,Kirk Hinrich,1610612741,0021300585,Jump Shot,1,0,Mid-Range
201959,Taj Gibson,1610612741,0021300585,Jump Shot,1,1,Mid-Range
2399,Mike Dunleavy,1610612741,0021300585,Floating Jump shot,1,1,In The Paint (Non-RA)
2430,Carlos Boozer,1610612741,0021300585,Jump Shot,1,1,Mid-Range
201959,Taj Gibson,1610612741,0021300585,Layup Shot,1,0,Restricted Area
201571,D.J. Augustin,1610612741,0021300585,Jump Shot,1,1,Left Corner 3
201959,Taj Gibson,1610612741,0021300585,Layup Shot,1,0,Restricted Area
201959,Taj Gibson,1610612741,0021300585,Tip Shot,1,1,Restricted Area
203503,Tony Snell,1610612741,0021300585,Jump Shot,1,0,Right Corner 3
201959,Taj Gibson,1610612741,0021300585,Jump Shot,1,1,In The Paint (Non-RA)
201571,D.J. Augustin,1610612741,0021300585,Jump Shot,1,0,Above the Break 3
201959,Taj Gibson,1610612741,0021300585,Jump Shot,1,1,Mid-Range
203503,Tony Snell,1610612741,0021300585,Jump Shot,1,1,Mid-Range
201571,D.J. Augustin,1610612741,0021300585,Jump Shot,1,1,Above the Break 3
202710,Jimmy Butler III,1610612741,0021300585,Jump Shot,1,0,Above the Break 3
203503,Tony Snell,1610612741,0021300585,Jump Shot,1,0,Above the Break 3
201959,Taj Gibson,1610612741,0021300585,Jump Shot,1,0,Mid-Range
1737,Nazr Mohammed,1610612741,0021300585,Floating Jump shot,1,1,In The Paint (Non-RA)
203503,Tony Snell,1610612741,0021300585,Jump Shot,1,0,Above the Break 3
203503,Tony Snell,1610612741,0021300585,Jump Shot,1,0,Mid-Range
201571,D.J. Augustin,1610612741,0021300585,Fadeaway Jump Shot,1,1,Mid-Range
201571,D.J. Augustin,1610612741,0021300585,Jump Shot,1,1,Above the Break 3
2550,Kirk Hinrich,1610612741,0021300585,Driving Bank shot,1,1,Mid-Range
2399,Mike Dunleavy,1610612741,0021300585,Jump Shot,1,0,Mid-Range
201149,Joakim Noah,1610612741,0021300585,Layup Shot,1,0,Restricted Area
2399,Mike Dunleavy,1610612741,0021300585,Jump Shot,1,0,Above the Break 3
2430,Carlos Boozer,1610612741,0021300585,Layup Shot,1,1,Restricted Area
2550,Kirk Hinrich,1610612741,0021300585,Jump Shot,1,0,Restricted Area
2550,Kirk Hinrich,1610612741,0021300585,Jump Shot,1,0,Backcourt
2399,Mike Dunleavy,1610612741,0021300585,Jump Shot,1,0,Right Corner 3
2550,Kirk Hinrich,1610612741,0021300585,Floating Jump shot,1,1,In The Paint (Non-RA)
2550,Kirk Hinrich,1610612741,0021300585,Driving Layup Shot,1,1,Restricted Area
2550,Kirk Hinrich,1610612741,0021300585,Jump Shot,1,0,Above the Break 3
202710,Jimmy Butler III,1610612741,0021300585,Layup Shot,1,0,Restricted Area
2430,Carlos Boozer,1610612741,0021300585,Layup Shot,1,1,Restricted Area
2430,Carlos Boozer,1610612741,0021300585,Driving Layup Shot,1,1,Restricted Area
2550,Kirk Hinrich,1610612741,0021300585,Jump Shot,1,1,Above the Break 3
2399,Mike Dunleavy,1610612741,0021300585,Jump Shot,1,1,Above the Break 3
2430,Carlos Boozer,1610612741,0021300585,Reverse Layup Shot,1,1,Restricted Area
2399,Mike Dunleavy,1610612741,0021300585,Jump Shot,1,0,In The Paint (Non-RA)
2430,Carlos Boozer,1610612741,0021300585,Jump Shot,1,0,In The Paint (Non-RA)
2430,Carlos Boozer,1610612741,0021300585,Jump Shot,1,0,In The Paint (Non-RA)
203503,Tony Snell,1610612741,0021300585,Jump Shot,1,1,Mid-Range
201571,D.J. Augustin,1610612741,0021300585,Layup Shot,1,0,Restricted Area
201571,D.J. Augustin,1610612741,0021300585,Jump Shot,1,0,Above the Break 3
203503,Tony Snell,1610612741,0021300585,Jump Shot,1,1,Above the Break 3
201959,Taj Gibson,1610612741,0021300585,Jump Shot,1,1,Mid-Range
201571,D.J. Augustin,1610612741,0021300585,Jump Shot,1,0,In The Paint (Non-RA)
201149,Joakim Noah,1610612741,0021300585,Layup Shot,1,1,Restricted Area
201149,Joakim Noah,1610612741,0021300585,Jump Shot,1,0,In The Paint (Non-RA)
201959,Taj Gibson,1610612741,0021300585,Layup Shot,1,1,Restricted Area
203503,Tony Snell,1610612741,0021300585,Jump Shot,1,0,Mid-Range
201571,D.J. Augustin,1610612741,0021300585,Jump Shot,1,1,Above the Break 3
201571,D.J. Augustin,1610612741,0021300585,Jump Shot,1,0,Mid-Range
202710,Jimmy Butler III,1610612741,0021300585,Layup Shot,1,1,Restricted Area
2550,Kirk Hinrich,1610612741,0021300585,Jump Shot,1,1,Mid-Range
201149,Joakim Noah,1610612741,0021300585,Jump Shot,1,0,In The Paint (Non-RA)
2430,Carlos Boozer,1610612741,0021300585,Jump Shot,1,0,Mid-Range
2550,Kirk Hinrich,1610612741,0021300585,Jump Shot,1,0,Above the Break 3
2550,Kirk Hinrich,1610612741,0021300585,Jump Shot,1,0,Mid-Range
2550,Kirk Hinrich,1610612741,0021300585,Fadeaway Jump Shot,1,1,Mid-Range
202710,Jimmy Butler III,1610612741,0021300585,Jump Shot,1,0,Above the Break 3
202710,Jimmy Butler III,1610612741,0021300585,Jump Shot,1,0,Above the Break 3
201959,Taj Gibson,1610612741,0021300585,Jump Shot,1,0,Mid-Range
202710,Jimmy Butler III,1610612741,0021300585,Jump Shot,1,0,Above the Break 3
2550,Kirk Hinrich,1610612741,0021300596,Jump Shot,1,0,Right Corner 3
2399,Mike Dunleavy,1610612741,0021300596,Jump Shot,1,0,Mid-Range
2399,Mike Dunleavy,1610612741,0021300596,Jump Shot,1,0,Mid-Range
202710,Jimmy Butler III,1610612741,0021300596,Jump Shot,1,0,Mid-Range
201149,Joakim Noah,1610612741,0021300596,Driving Layup Shot,1,0,Restricted Area
2430,Carlos Boozer,1610612741,0021300596,Reverse Layup Shot,1,0,Restricted Area
2430,Carlos Boozer,1610612741,0021300596,Jump Shot,1,1,Mid-Range
201149,Joakim Noah,1610612741,0021300596,Hook Shot,1,0,In The Paint (Non-RA)
2430,Carlos Boozer,1610612741,0021300596,Tip Shot,1,1,Restricted Area
2399,Mike Dunleavy,1610612741,0021300596,Jump Shot,1,1,Mid-Range
202710,Jimmy Butler III,1610612741,0021300596,Floating Jump shot,1,1,In The Paint (Non-RA)
2430,Carlos Boozer,1610612741,0021300596,Jump Shot,1,1,Mid-Range
2399,Mike Dunleavy,1610612741,0021300596,Jump Shot,1,0,Left Corner 3
2550,Kirk Hinrich,1610612741,0021300596,Jump Shot,1,0,Above the Break 3
2399,Mike Dunleavy,1610612741,0021300596,Floating Jump shot,1,1,In The Paint (Non-RA)
2550,Kirk Hinrich,1610612741,0021300596,Jump Shot,1,1,Mid-Range
201959,Taj Gibson,1610612741,0021300596,Layup Shot,1,1,Restricted Area
2430,Carlos Boozer,1610612741,0021300596,Layup Shot,1,0,Restricted Area
202710,Jimmy Butler III,1610612741,0021300596,Putback Layup Shot,1,1,Restricted Area
201959,Taj Gibson,1610612741,0021300596,Jump Shot,1,1,In The Paint (Non-RA)
201571,D.J. Augustin,1610612741,0021300596,Jump Shot,1,1,Mid-Range
203503,Tony Snell,1610612741,0021300596,Jump Shot,1,0,Above the Break 3
202710,Jimmy Butler III,1610612741,0021300596,Jump Shot,1,0,Above the Break 3
201959,Taj Gibson,1610612741,0021300596,Jump Shot,1,1,Mid-Range
202710,Jimmy Butler III,1610612741,0021300596,Slam Dunk Shot,1,1,Restricted Area
1737,Nazr Mohammed,1610612741,0021300596,Jump Shot,1,0,In The Paint (Non-RA)
203503,Tony Snell,1610612741,0021300596,Jump Shot,1,1,Above the Break 3
202710,Jimmy Butler III,1610612741,0021300596,Jump Shot,1,0,Above the Break 3
202710,Jimmy Butler III,1610612741,0021300596,Jump Shot,1,0,Above the Break 3
201571,D.J. Augustin,1610612741,0021300596,Jump Shot,1,1,Mid-Range
202710,Jimmy Butler III,1610612741,0021300596,Layup Shot,1,0,Restricted Area
201571,D.J. Augustin,1610612741,0021300596,Jump Shot,1,1,Above the Break 3
203503,Tony Snell,1610612741,0021300596,Jump Shot,1,0,Above the Break 3
201571,D.J. Augustin,1610612741,0021300596,Jump Shot,1,0,Left Corner 3
201149,Joakim Noah,1610612741,0021300596,Jump Shot,1,1,Mid-Range
203503,Tony Snell,1610612741,0021300596,Jump Shot,1,0,Above the Break 3
203503,Tony Snell,1610612741,0021300596,Jump Shot,1,1,Above the Break 3
201149,Joakim Noah,1610612741,0021300596,Driving Layup Shot,1,1,Restricted Area
201149,Joakim Noah,1610612741,0021300596,Slam Dunk Shot,1,1,Restricted Area
201571,D.J. Augustin,1610612741,0021300596,Running Jump Shot,1,1,In The Paint (Non-RA)
201149,Joakim Noah,1610612741,0021300596,Slam Dunk Shot,1,0,Restricted Area
201149,Joakim Noah,1610612741,0021300596,Slam Dunk Shot,1,1,Restricted Area
203503,Tony Snell,1610612741,0021300596,Jump Shot,1,0,Mid-Range
201571,D.J. Augustin,1610612741,0021300596,Jump Shot,1,1,Mid-Range
2550,Kirk Hinrich,1610612741,0021300596,Layup Shot,1,0,Restricted Area
201149,Joakim Noah,1610612741,0021300596,Layup Shot,1,0,Restricted Area
202710,Jimmy Butler III,1610612741,0021300596,Layup Shot,1,0,Restricted Area
201149,Joakim Noah,1610612741,0021300596,Putback Layup Shot,1,0,Restricted Area
2399,Mike Dunleavy,1610612741,0021300596,Jump Shot,1,0,Above the Break 3
2430,Carlos Boozer,1610612741,0021300596,Jump Shot,1,1,In The Paint (Non-RA)
2399,Mike Dunleavy,1610612741,0021300596,Jump Shot,1,1,Above the Break 3
201149,Joakim Noah,1610612741,0021300596,Slam Dunk Shot,1,1,Restricted Area
201149,Joakim Noah,1610612741,0021300596,Layup Shot,1,1,Restricted Area
2550,Kirk Hinrich,1610612741,0021300596,Layup Shot,1,0,Restricted Area
201149,Joakim Noah,1610612741,0021300596,Slam Dunk Shot,1,1,Restricted Area
202710,Jimmy Butler III,1610612741,0021300596,Slam Dunk Shot,1,1,Restricted Area
201149,Joakim Noah,1610612741,0021300596,Jump Shot,1,1,Mid-Range
2550,Kirk Hinrich,1610612741,0021300596,Layup Shot,1,1,Restricted Area
2430,Carlos Boozer,1610612741,0021300596,Fadeaway Jump Shot,1,1,Mid-Range
2399,Mike Dunleavy,1610612741,0021300596,Jump Shot,1,0,Mid-Range
2430,Carlos Boozer,1610612741,0021300596,Jump Shot,1,0,In The Paint (Non-RA)
202710,Jimmy Butler III,1610612741,0021300596,Jump Shot,1,0,Left Corner 3
201959,Taj Gibson,1610612741,0021300596,Jump Shot,1,0,In The Paint (Non-RA)
203503,Tony Snell,1610612741,0021300596,Jump Shot,1,0,Mid-Range
201959,Taj Gibson,1610612741,0021300596,Jump Shot,1,0,Mid-Range
201571,D.J. Augustin,1610612741,0021300596,Jump Shot,1,0,Mid-Range
203503,Tony Snell,1610612741,0021300596,Jump Shot,1,0,In The Paint (Non-RA)
203503,Tony Snell,1610612741,0021300596,Jump Shot,1,1,Above the Break 3
201959,Taj Gibson,1610612741,0021300596,Layup Shot,1,1,Restricted Area
201571,D.J. Augustin,1610612741,0021300596,Jump Shot,1,1,Above the Break 3
203503,Tony Snell,1610612741,0021300596,Jump Shot,1,1,Mid-Range
201959,Taj Gibson,1610612741,0021300596,Jump Shot,1,0,Mid-Range
201149,Joakim Noah,1610612741,0021300596,Tip Shot,1,1,Restricted Area
203503,Tony Snell,1610612741,0021300596,Jump Shot,1,0,Left Corner 3
203503,Tony Snell,1610612741,0021300596,Jump Shot,1,0,Mid-Range
203513,Erik Murphy,1610612741,0021300596,Jump Shot,1,0,Mid-Range
1737,Nazr Mohammed,1610612741,0021300596,Jump Shot,1,0,Mid-Range
1737,Nazr Mohammed,1610612741,0021300596,Slam Dunk Shot,1,1,Restricted Area
201571,D.J. Augustin,1610612741,0021300596,Jump Shot,1,1,Mid-Range
1737,Nazr Mohammed,1610612741,0021300596,Layup Shot,1,0,Restricted Area
1737,Nazr Mohammed,1610612741,0021300596,Slam Dunk Shot,1,1,Restricted Area
201571,D.J. Augustin,1610612741,0021300596,Jump Shot,1,0,Above the Break 3
202710,Jimmy Butler III,1610612741,0021300613,Jump Shot,1,0,Right Corner 3
202710,Jimmy Butler III,1610612741,0021300613,Layup Shot,1,0,Restricted Area
202710,Jimmy Butler III,1610612741,0021300613,Jump Shot,1,0,In The Paint (Non-RA)
2430,Carlos Boozer,1610612741,0021300613,Jump Shot,1,0,Mid-Range
201149,Joakim Noah,1610612741,0021300613,Driving Layup Shot,1,0,Restricted Area
2430,Carlos Boozer,1610612741,0021300613,Putback Layup Shot,1,0,Restricted Area
202710,Jimmy Butler III,1610612741,0021300613,Jump Shot,1,0,Mid-Range
2430,Carlos Boozer,1610612741,0021300613,Layup Shot,1,0,Restricted Area
2430,Carlos Boozer,1610612741,0021300613,Putback Layup Shot,1,1,Restricted Area
201149,Joakim Noah,1610612741,0021300613,Jump Shot,1,0,Mid-Range
2430,Carlos Boozer,1610612741,0021300613,Layup Shot,1,1,Restricted Area
201149,Joakim Noah,1610612741,0021300613,Slam Dunk Shot,1,1,Restricted Area
2399,Mike Dunleavy,1610612741,0021300613,Alley Oop Layup shot,1,1,Restricted Area
202710,Jimmy Butler III,1610612741,0021300613,Layup Shot,1,1,Restricted Area
2430,Carlos Boozer,1610612741,0021300613,Jump Shot,1,0,Mid-Range
201149,Joakim Noah,1610612741,0021300613,Running Layup Shot,1,1,Restricted Area
2550,Kirk Hinrich,1610612741,0021300613,Jump Shot,1,1,Mid-Range
2430,Carlos Boozer,1610612741,0021300613,Jump Shot,1,0,In The Paint (Non-RA)
201149,Joakim Noah,1610612741,0021300613,Putback Layup Shot,1,1,Restricted Area
2399,Mike Dunleavy,1610612741,0021300613,Running Layup Shot,1,1,Restricted Area
2430,Carlos Boozer,1610612741,0021300613,Layup Shot,1,1,Restricted Area
201571,D.J. Augustin,1610612741,0021300613,Layup Shot,1,1,Restricted Area
2399,Mike Dunleavy,1610612741,0021300613,Jump Shot,1,0,Left Corner 3
2430,Carlos Boozer,1610612741,0021300613,Jump Shot,1,0,Mid-Range
201959,Taj Gibson,1610612741,0021300613,Layup Shot,1,1,Restricted Area
201959,Taj Gibson,1610612741,0021300613,Layup Shot,1,1,Restricted Area
203503,Tony Snell,1610612741,0021300613,Jump Shot,1,1,Left Corner 3
202710,Jimmy Butler III,1610612741,0021300613,Jump Shot,1,0,Mid-Range
202710,Jimmy Butler III,1610612741,0021300613,Jump Shot,1,0,Right Corner 3
201959,Taj Gibson,1610612741,0021300613,Jump Shot,1,0,Mid-Range
202710,Jimmy Butler III,1610612741,0021300613,Layup Shot,1,1,Restricted Area
1737,Nazr Mohammed,1610612741,0021300613,Jump Shot,1,0,Mid-Range
201959,Taj Gibson,1610612741,0021300613,Dunk Shot,1,0,Restricted Area
203503,Tony Snell,1610612741,0021300613,Jump Shot,1,0,Above the Break 3
201571,D.J. Augustin,1610612741,0021300613,Jump Shot,1,1,Left Corner 3
203503,Tony Snell,1610612741,0021300613,Jump Shot,1,1,Right Corner 3
201959,Taj Gibson,1610612741,0021300613,Jump Shot,1,0,Mid-Range
201571,D.J. Augustin,1610612741,0021300613,Layup Shot,1,0,Restricted Area
201571,D.J. Augustin,1610612741,0021300613,Layup Shot,1,0,Restricted Area
201959,Taj Gibson,1610612741,0021300613,Tip Shot,1,0,Restricted Area
2430,Carlos Boozer,1610612741,0021300613,Jump Shot,1,0,Mid-Range
2399,Mike Dunleavy,1610612741,0021300613,Jump Shot,1,1,Mid-Range
201149,Joakim Noah,1610612741,0021300613,Jump Shot,1,0,Mid-Range
2430,Carlos Boozer,1610612741,0021300613,Jump Shot,1,0,Mid-Range
201149,Joakim Noah,1610612741,0021300613,Putback Dunk Shot,1,1,Restricted Area
202710,Jimmy Butler III,1610612741,0021300613,Jump Shot,1,0,Right Corner 3
2430,Carlos Boozer,1610612741,0021300613,Hook Shot,1,0,In The Paint (Non-RA)
202710,Jimmy Butler III,1610612741,0021300613,Jump Shot,1,0,Mid-Range
2550,Kirk Hinrich,1610612741,0021300613,Jump Shot,1,0,Mid-Range
2399,Mike Dunleavy,1610612741,0021300613,Running Layup Shot,1,1,Restricted Area
2399,Mike Dunleavy,1610612741,0021300613,Jump Shot,1,0,Mid-Range
202710,Jimmy Butler III,1610612741,0021300613,Driving Jump shot,1,0,In The Paint (Non-RA)
2550,Kirk Hinrich,1610612741,0021300613,Running Jump Shot,1,1,Mid-Range
2399,Mike Dunleavy,1610612741,0021300613,Jump Shot,1,1,Mid-Range
2430,Carlos Boozer,1610612741,0021300613,Jump Shot,1,0,Mid-Range
2550,Kirk Hinrich,1610612741,0021300613,Jump Shot,1,0,Above the Break 3
2399,Mike Dunleavy,1610612741,0021300613,Jump Shot,1,0,Left Corner 3
201149,Joakim Noah,1610612741,0021300613,Putback Layup Shot,1,0,Restricted Area
201149,Joakim Noah,1610612741,0021300613,Jump Shot,1,1,In The Paint (Non-RA)
2399,Mike Dunleavy,1610612741,0021300613,Jump Shot,1,1,Mid-Range
2399,Mike Dunleavy,1610612741,0021300613,Jump Shot,1,0,Above the Break 3
2430,Carlos Boozer,1610612741,0021300613,Turnaround Fadeaway shot,1,0,In The Paint (Non-RA)
2430,Carlos Boozer,1610612741,0021300613,Running Layup Shot,1,1,Restricted Area
201571,D.J. Augustin,1610612741,0021300613,Jump Shot,1,0,Above the Break 3
201571,D.J. Augustin,1610612741,0021300613,Running Layup Shot,1,1,Restricted Area
2430,Carlos Boozer,1610612741,0021300613,Jump Shot,1,0,Mid-Range
2399,Mike Dunleavy,1610612741,0021300613,Running Layup Shot,1,0,Restricted Area
201571,D.J. Augustin,1610612741,0021300613,Jump Shot,1,1,Mid-Range
202710,Jimmy Butler III,1610612741,0021300613,Jump Shot,1,0,Mid-Range
202710,Jimmy Butler III,1610612741,0021300613,Layup Shot,1,1,Restricted Area
203503,Tony Snell,1610612741,0021300613,Jump Shot,1,0,Mid-Range
202710,Jimmy Butler III,1610612741,0021300613,Jump Shot,1,0,Above the Break 3
201571,D.J. Augustin,1610612741,0021300613,Jump Shot,1,0,Mid-Range
201571,D.J. Augustin,1610612741,0021300613,Jump Shot,1,0,Mid-Range
202710,Jimmy Butler III,1610612741,0021300613,Jump Shot,1,1,Mid-Range
201149,Joakim Noah,1610612741,0021300613,Jump Shot,1,0,In The Paint (Non-RA)
201571,D.J. Augustin,1610612741,0021300613,Running Layup Shot,1,1,Restricted Area
201959,Taj Gibson,1610612741,0021300613,Jump Shot,1,0,Mid-Range
201571,D.J. Augustin,1610612741,0021300613,Jump Shot,1,1,Above the Break 3
202710,Jimmy Butler III,1610612741,0021300613,Driving Layup Shot,1,1,Restricted Area
201571,D.J. Augustin,1610612741,0021300613,Jump Shot,1,0,Above the Break 3
203503,Tony Snell,1610612741,0021300613,Jump Shot,1,0,Above the Break 3
201149,Joakim Noah,1610612741,0021300613,Jump Shot,1,0,In The Paint (Non-RA)
201149,Joakim Noah,1610612741,0021300613,Layup Shot,1,1,Restricted Area
202710,Jimmy Butler III,1610612741,0021300613,Jump Shot,1,0,Mid-Range
201571,D.J. Augustin,1610612741,0021300613,Jump Shot,1,1,Above the Break 3
201959,Taj Gibson,1610612741,0021300613,Layup Shot,1,0,Restricted Area
201149,Joakim Noah,1610612741,0021300613,Jump Shot,1,0,Mid-Range
201959,Taj Gibson,1610612741,0021300613,Jump Shot,1,0,Mid-Range
202710,Jimmy Butler III,1610612741,0021300613,Jump Shot,1,0,Mid-Range
201149,Joakim Noah,1610612741,0021300613,Jump Shot,1,0,In The Paint (Non-RA)
201571,D.J. Augustin,1610612741,0021300613,Jump Shot,1,1,Above the Break 3
202710,Jimmy Butler III,1610612741,0021300613,Reverse Layup Shot,1,1,Restricted Area
201149,Joakim Noah,1610612741,0021300613,Jump Shot,1,0,In The Paint (Non-RA)
2399,Mike Dunleavy,1610612741,0021300613,Jump Shot,1,0,In The Paint (Non-RA)
201149,Joakim Noah,1610612741,0021300613,Jump Shot,1,0,Mid-Range
201571,D.J. Augustin,1610612741,0021300613,Jump Shot,1,1,Above the Break 3
203503,Tony Snell,1610612741,0021300613,Jump Shot,1,0,Above the Break 3
201959,Taj Gibson,1610612741,0021300613,Tip Shot,1,0,Restricted Area
201571,D.J. Augustin,1610612741,0021300613,Driving Layup Shot,1,1,Restricted Area
203503,Tony Snell,1610612741,0021300613,Jump Shot,1,0,Left Corner 3
201959,Taj Gibson,1610612741,0021300613,Layup Shot,1,1,Restricted Area
202710,Jimmy Butler III,1610612741,0021300622,Jump Shot,1,0,Above the Break 3
2399,Mike Dunleavy,1610612741,0021300622,Jump Shot,1,0,In The Paint (Non-RA)
2399,Mike Dunleavy,1610612741,0021300622,Layup Shot,1,1,Restricted Area
2399,Mike Dunleavy,1610612741,0021300622,Jump Shot,1,0,Above the Break 3
201959,Taj Gibson,1610612741,0021300622,Layup Shot,1,1,Restricted Area
201571,D.J. Augustin,1610612741,0021300622,Jump Shot,1,1,Above the Break 3
201571,D.J. Augustin,1610612741,0021300622,Floating Jump shot,1,0,In The Paint (Non-RA)
201959,Taj Gibson,1610612741,0021300622,Tip Shot,1,0,Restricted Area
202710,Jimmy Butler III,1610612741,0021300622,Driving Layup Shot,1,0,Restricted Area
201149,Joakim Noah,1610612741,0021300622,Jump Shot,1,0,Mid-Range
201571,D.J. Augustin,1610612741,0021300622,Jump Shot,1,1,Above the Break 3
2399,Mike Dunleavy,1610612741,0021300622,Jump Shot,1,0,Mid-Range
201571,D.J. Augustin,1610612741,0021300622,Finger Roll Layup Shot,1,1,Restricted Area
201959,Taj Gibson,1610612741,0021300622,Slam Dunk Shot,1,1,Restricted Area
202710,Jimmy Butler III,1610612741,0021300622,Layup Shot,1,1,Restricted Area
2399,Mike Dunleavy,1610612741,0021300622,Jump Shot,1,1,Mid-Range
2399,Mike Dunleavy,1610612741,0021300622,Jump Shot,1,1,Mid-Range
1737,Nazr Mohammed,1610612741,0021300622,Jump Shot,1,1,Mid-Range
1737,Nazr Mohammed,1610612741,0021300622,Turnaround Jump Shot,1,0,In The Paint (Non-RA)
201959,Taj Gibson,1610612741,0021300622,Turnaround Jump Shot,1,0,In The Paint (Non-RA)
1737,Nazr Mohammed,1610612741,0021300622,Jump Hook Shot,1,0,Restricted Area
201571,D.J. Augustin,1610612741,0021300622,Jump Shot,1,0,Backcourt
201959,Taj Gibson,1610612741,0021300622,Jump Shot,1,1,Mid-Range
201959,Taj Gibson,1610612741,0021300622,Jump Shot,1,0,Mid-Range
2399,Mike Dunleavy,1610612741,0021300622,Jump Shot,1,1,Above the Break 3
201959,Taj Gibson,1610612741,0021300622,Jump Hook Shot,1,1,In The Paint (Non-RA)
2229,Mike James,1610612741,0021300622,Driving Layup Shot,1,0,Restricted Area
201959,Taj Gibson,1610612741,0021300622,Jump Shot,1,1,Mid-Range
201959,Taj Gibson,1610612741,0021300622,Jump Shot,1,0,Mid-Range
201149,Joakim Noah,1610612741,0021300622,Jump Hook Shot,1,0,Mid-Range
203503,Tony Snell,1610612741,0021300622,Jump Shot,1,0,Above the Break 3
202710,Jimmy Butler III,1610612741,0021300622,Jump Shot,1,0,Above the Break 3
202710,Jimmy Butler III,1610612741,0021300622,Jump Shot,1,0,Above the Break 3
201571,D.J. Augustin,1610612741,0021300622,Running Jump Shot,1,0,Mid-Range
201149,Joakim Noah,1610612741,0021300622,Running Bank Hook Shot,1,0,In The Paint (Non-RA)
202710,Jimmy Butler III,1610612741,0021300622,Jump Shot,1,1,Right Corner 3
2399,Mike Dunleavy,1610612741,0021300622,Jump Shot,1,1,Mid-Range
202710,Jimmy Butler III,1610612741,0021300622,Jump Shot,1,0,Above the Break 3
201149,Joakim Noah,1610612741,0021300622,Putback Dunk Shot,1,1,Restricted Area
201959,Taj Gibson,1610612741,0021300622,Jump Shot,1,1,Mid-Range
201959,Taj Gibson,1610612741,0021300622,Jump Shot,1,1,Mid-Range
201959,Taj Gibson,1610612741,0021300622,Turnaround Jump Shot,1,1,Mid-Range
201571,D.J. Augustin,1610612741,0021300622,Jump Shot,1,0,Above the Break 3
201571,D.J. Augustin,1610612741,0021300622,Running Jump Shot,1,1,In The Paint (Non-RA)
2399,Mike Dunleavy,1610612741,0021300622,Jump Shot,1,1,Above the Break 3
201571,D.J. Augustin,1610612741,0021300622,Jump Shot,1,1,Above the Break 3
201959,Taj Gibson,1610612741,0021300622,Jump Shot,1,1,Mid-Range
201959,Taj Gibson,1610612741,0021300622,Jump Shot,1,1,Mid-Range
201571,D.J. Augustin,1610612741,0021300622,Driving Layup Shot,1,1,Restricted Area
202710,Jimmy Butler III,1610612741,0021300622,Jump Shot,1,0,Above the Break 3
1737,Nazr Mohammed,1610612741,0021300622,Jump Shot,1,0,Mid-Range
2399,Mike Dunleavy,1610612741,0021300622,Jump Shot,1,0,Mid-Range
1737,Nazr Mohammed,1610612741,0021300622,Jump Shot,1,0,Mid-Range
201571,D.J. Augustin,1610612741,0021300622,Jump Shot,1,0,Above the Break 3
201959,Taj Gibson,1610612741,0021300622,Layup Shot,1,1,Restricted Area
202710,Jimmy Butler III,1610612741,0021300622,Layup Shot,1,1,Restricted Area
2399,Mike Dunleavy,1610612741,0021300622,Jump Shot,1,1,Above the Break 3
202710,Jimmy Butler III,1610612741,0021300622,Jump Shot,1,0,Mid-Range
2229,Mike James,1610612741,0021300622,Running Jump Shot,1,1,In The Paint (Non-RA)
201149,Joakim Noah,1610612741,0021300622,Jump Hook Shot,1,0,In The Paint (Non-RA)
202710,Jimmy Butler III,1610612741,0021300622,Jump Shot,1,0,Above the Break 3
202710,Jimmy Butler III,1610612741,0021300622,Jump Shot,1,1,Mid-Range
201149,Joakim Noah,1610612741,0021300622,Dunk Shot,1,1,Restricted Area
201571,D.J. Augustin,1610612741,0021300622,Jump Shot,1,1,Above the Break 3
2399,Mike Dunleavy,1610612741,0021300622,Running Bank Hook Shot,1,1,In The Paint (Non-RA)
201149,Joakim Noah,1610612741,0021300622,Layup Shot,1,1,Restricted Area
201571,D.J. Augustin,1610612741,0021300622,Jump Shot,1,1,Above the Break 3
2399,Mike Dunleavy,1610612741,0021300622,Jump Shot,1,0,Mid-Range
201571,D.J. Augustin,1610612741,0021300622,Fadeaway Jump Shot,1,0,Mid-Range
2399,Mike Dunleavy,1610612741,0021300622,Jump Shot,1,1,Above the Break 3
2430,Carlos Boozer,1610612741,0021300641,Turnaround Fadeaway shot,1,1,In The Paint (Non-RA)
202710,Jimmy Butler III,1610612741,0021300641,Running Layup Shot,1,0,Restricted Area
201149,Joakim Noah,1610612741,0021300641,Putback Layup Shot,1,1,Restricted Area
2399,Mike Dunleavy,1610612741,0021300641,Layup Shot,1,1,Restricted Area
2399,Mike Dunleavy,1610612741,0021300641,Jump Shot,1,0,Above the Break 3
202710,Jimmy Butler III,1610612741,0021300641,Jump Shot,1,0,Above the Break 3
2430,Carlos Boozer,1610612741,0021300641,Hook Shot,1,1,In The Paint (Non-RA)
201149,Joakim Noah,1610612741,0021300641,Layup Shot,1,1,Restricted Area
201149,Joakim Noah,1610612741,0021300641,Jump Shot,1,0,Mid-Range
2430,Carlos Boozer,1610612741,0021300641,Jump Shot,1,0,Mid-Range
2399,Mike Dunleavy,1610612741,0021300641,Tip Shot,1,0,Restricted Area
2430,Carlos Boozer,1610612741,0021300641,Jump Shot,1,0,Mid-Range
2430,Carlos Boozer,1610612741,0021300641,Driving Slam Dunk Shot,1,1,Restricted Area
2430,Carlos Boozer,1610612741,0021300641,Driving Layup Shot,1,1,Restricted Area
201571,D.J. Augustin,1610612741,0021300641,Jump Shot,1,0,Mid-Range
201149,Joakim Noah,1610612741,0021300641,Tip Shot,1,1,Restricted Area
2399,Mike Dunleavy,1610612741,0021300641,Jump Shot,1,0,Right Corner 3
201571,D.J. Augustin,1610612741,0021300641,Driving Layup Shot,1,1,Restricted Area
2430,Carlos Boozer,1610612741,0021300641,Jump Shot,1,1,Mid-Range
2430,Carlos Boozer,1610612741,0021300641,Jump Shot,1,1,Mid-Range
201959,Taj Gibson,1610612741,0021300641,Jump Shot,1,0,Mid-Range
2430,Carlos Boozer,1610612741,0021300641,Jump Shot,1,1,In The Paint (Non-RA)
201959,Taj Gibson,1610612741,0021300641,Jump Shot,1,0,In The Paint (Non-RA)
202710,Jimmy Butler III,1610612741,0021300641,Jump Shot,1,0,Mid-Range
201959,Taj Gibson,1610612741,0021300641,Layup Shot,1,0,Restricted Area
201959,Taj Gibson,1610612741,0021300641,Jump Shot,1,0,Mid-Range
1737,Nazr Mohammed,1610612741,0021300641,Putback Layup Shot,1,0,Restricted Area
203503,Tony Snell,1610612741,0021300641,Jump Shot,1,0,Right Corner 3
201959,Taj Gibson,1610612741,0021300641,Jump Shot,1,1,Mid-Range
202710,Jimmy Butler III,1610612741,0021300641,Jump Shot,1,1,Mid-Range
2229,Mike James,1610612741,0021300641,Jump Shot,1,0,Above the Break 3
203503,Tony Snell,1610612741,0021300641,Jump Shot,1,1,Above the Break 3
201959,Taj Gibson,1610612741,0021300641,Jump Shot,1,1,In The Paint (Non-RA)
203503,Tony Snell,1610612741,0021300641,Jump Shot,1,0,Above the Break 3
201959,Taj Gibson,1610612741,0021300641,Driving Layup Shot,1,1,Restricted Area
201959,Taj Gibson,1610612741,0021300641,Jump Shot,1,0,Mid-Range
201149,Joakim Noah,1610612741,0021300641,Tip Shot,1,0,Restricted Area
2430,Carlos Boozer,1610612741,0021300641,Jump Shot,1,0,Mid-Range
202710,Jimmy Butler III,1610612741,0021300641,Jump Shot,1,0,Above the Break 3
202710,Jimmy Butler III,1610612741,0021300641,Running Layup Shot,1,1,Restricted Area
2430,Carlos Boozer,1610612741,0021300641,Jump Shot,1,0,In The Paint (Non-RA)
2399,Mike Dunleavy,1610612741,0021300641,Putback Layup Shot,1,1,Restricted Area
2399,Mike Dunleavy,1610612741,0021300641,Jump Bank Shot,1,1,In The Paint (Non-RA)
2430,Carlos Boozer,1610612741,0021300641,Jump Shot,1,0,Mid-Range
201571,D.J. Augustin,1610612741,0021300641,Floating Jump shot,1,0,In The Paint (Non-RA)
201149,Joakim Noah,1610612741,0021300641,Tip Shot,1,1,Restricted Area
202710,Jimmy Butler III,1610612741,0021300641,Jump Shot,1,1,Above the Break 3
201571,D.J. Augustin,1610612741,0021300641,Jump Shot,1,1,Mid-Range
2399,Mike Dunleavy,1610612741,0021300641,Jump Shot,1,0,Right Corner 3
2430,Carlos Boozer,1610612741,0021300641,Jump Shot,1,1,Mid-Range
201571,D.J. Augustin,1610612741,0021300641,Jump Shot,1,0,In The Paint (Non-RA)
2430,Carlos Boozer,1610612741,0021300641,Layup Shot,1,1,Restricted Area
202710,Jimmy Butler III,1610612741,0021300641,Jump Shot,1,0,Above the Break 3
202710,Jimmy Butler III,1610612741,0021300641,Running Layup Shot,1,0,Restricted Area
201571,D.J. Augustin,1610612741,0021300641,Fadeaway Jump Shot,1,0,Mid-Range
2399,Mike Dunleavy,1610612741,0021300641,Pullup Jump shot,1,0,Mid-Range
201149,Joakim Noah,1610612741,0021300641,Tip Shot,1,0,Restricted Area
2430,Carlos Boozer,1610612741,0021300641,Jump Shot,1,0,In The Paint (Non-RA)
2399,Mike Dunleavy,1610612741,0021300641,Jump Shot,1,1,Above the Break 3
2399,Mike Dunleavy,1610612741,0021300641,Jump Shot,1,1,Above the Break 3
202710,Jimmy Butler III,1610612741,0021300641,Layup Shot,1,0,Restricted Area
202710,Jimmy Butler III,1610612741,0021300641,Tip Shot,1,0,Restricted Area
202710,Jimmy Butler III,1610612741,0021300641,Jump Shot,1,0,Right Corner 3
201149,Joakim Noah,1610612741,0021300641,Tip Shot,1,1,Restricted Area
2399,Mike Dunleavy,1610612741,0021300641,Running Hook Shot,1,0,In The Paint (Non-RA)
202710,Jimmy Butler III,1610612741,0021300641,Running Layup Shot,1,0,Restricted Area
201571,D.J. Augustin,1610612741,0021300641,Jump Shot,1,1,Above the Break 3
201959,Taj Gibson,1610612741,0021300641,Jump Shot,1,1,Mid-Range
2399,Mike Dunleavy,1610612741,0021300641,Jump Shot,1,0,Right Corner 3
2430,Carlos Boozer,1610612741,0021300641,Jump Shot,1,1,In The Paint (Non-RA)
2430,Carlos Boozer,1610612741,0021300641,Jump Shot,1,0,Mid-Range
202710,Jimmy Butler III,1610612741,0021300641,Running Layup Shot,1,0,Restricted Area
2399,Mike Dunleavy,1610612741,0021300641,Jump Shot,1,1,Mid-Range
201959,Taj Gibson,1610612741,0021300641,Jump Shot,1,1,Mid-Range
201571,D.J. Augustin,1610612741,0021300641,Jump Shot,1,0,Above the Break 3
201959,Taj Gibson,1610612741,0021300641,Jump Shot,1,0,Mid-Range
201959,Taj Gibson,1610612741,0021300641,Layup Shot,1,0,Restricted Area
2399,Mike Dunleavy,1610612741,0021300641,Jump Shot,1,0,Mid-Range
201959,Taj Gibson,1610612741,0021300641,Jump Shot,1,1,Mid-Range
2229,Mike James,1610612741,0021300641,Jump Shot,1,1,Mid-Range
201959,Taj Gibson,1610612741,0021300641,Layup Shot,1,0,Restricted Area
203503,Tony Snell,1610612741,0021300641,Driving Layup Shot,1,0,Restricted Area
203503,Tony Snell,1610612741,0021300641,Putback Layup Shot,1,1,Restricted Area
201149,Joakim Noah,1610612741,0021300641,Finger Roll Layup Shot,1,1,Restricted Area
2229,Mike James,1610612741,0021300641,Jump Shot,1,1,Above the Break 3
201959,Taj Gibson,1610612741,0021300641,Reverse Layup Shot,1,1,Restricted Area
201959,Taj Gibson,1610612741,0021300641,Jump Shot,1,0,Mid-Range
202710,Jimmy Butler III,1610612741,0021300641,Tip Shot,1,0,Restricted Area
2229,Mike James,1610612741,0021300641,Running Layup Shot,1,0,Restricted Area
201959,Taj Gibson,1610612741,0021300641,Jump Shot,1,0,Mid-Range
201959,Taj Gibson,1610612741,0021300641,Layup Shot,1,1,Restricted Area
1737,Nazr Mohammed,1610612741,0021300641,Jump Shot,1,0,Mid-Range
2229,Mike James,1610612741,0021300641,Jump Shot,1,0,Above the Break 3
201571,D.J. Augustin,1610612741,0021300646,Jump Shot,1,1,Mid-Range
2399,Mike Dunleavy,1610612741,0021300646,Jump Shot,1,1,Mid-Range
2430,Carlos Boozer,1610612741,0021300646,Jump Shot,1,0,Mid-Range
201149,Joakim Noah,1610612741,0021300646,Jump Shot,1,0,In The Paint (Non-RA)
201571,D.J. Augustin,1610612741,0021300646,Jump Shot,1,0,Right Corner 3
2399,Mike Dunleavy,1610612741,0021300646,Jump Shot,1,1,Above the Break 3
201149,Joakim Noah,1610612741,0021300646,Running Layup Shot,1,1,Restricted Area
201571,D.J. Augustin,1610612741,0021300646,Jump Shot,1,0,Right Corner 3
2399,Mike Dunleavy,1610612741,0021300646,Jump Shot,1,0,Mid-Range
2399,Mike Dunleavy,1610612741,0021300646,Jump Shot,1,0,Mid-Range
201149,Joakim Noah,1610612741,0021300646,Jump Shot,1,1,Mid-Range
2430,Carlos Boozer,1610612741,0021300646,Jump Shot,1,0,Mid-Range
2399,Mike Dunleavy,1610612741,0021300646,Jump Shot,1,0,Above the Break 3
2430,Carlos Boozer,1610612741,0021300646,Fadeaway Jump Shot,1,1,In The Paint (Non-RA)
201571,D.J. Augustin,1610612741,0021300646,Jump Shot,1,1,Above the Break 3
201959,Taj Gibson,1610612741,0021300646,Jump Shot,1,0,Mid-Range
202710,Jimmy Butler III,1610612741,0021300646,Layup Shot,1,0,Restricted Area
2430,Carlos Boozer,1610612741,0021300646,Layup Shot,1,1,Restricted Area
201959,Taj Gibson,1610612741,0021300646,Hook Shot,1,1,In The Paint (Non-RA)
201959,Taj Gibson,1610612741,0021300646,Jump Shot,1,0,Mid-Range
202710,Jimmy Butler III,1610612741,0021300646,Driving Layup Shot,1,0,Restricted Area
203503,Tony Snell,1610612741,0021300646,Jump Shot,1,0,Mid-Range
203503,Tony Snell,1610612741,0021300646,Jump Shot,1,1,Above the Break 3
2229,Mike James,1610612741,0021300646,Jump Shot,1,1,In The Paint (Non-RA)
201959,Taj Gibson,1610612741,0021300646,Dunk Shot,1,1,Restricted Area
201959,Taj Gibson,1610612741,0021300646,Jump Shot,1,1,In The Paint (Non-RA)
201959,Taj Gibson,1610612741,0021300646,Layup Shot,1,0,Restricted Area
201571,D.J. Augustin,1610612741,0021300646,Jump Shot,1,0,Above the Break 3
202710,Jimmy Butler III,1610612741,0021300646,Jump Shot,1,0,Above the Break 3
203503,Tony Snell,1610612741,0021300646,Driving Layup Shot,1,0,Restricted Area
203503,Tony Snell,1610612741,0021300646,Jump Shot,1,0,Mid-Range
201571,D.J. Augustin,1610612741,0021300646,Jump Shot,1,1,Above the Break 3
201571,D.J. Augustin,1610612741,0021300646,Fadeaway Jump Shot,1,0,Mid-Range
2399,Mike Dunleavy,1610612741,0021300646,Layup Shot,1,1,Restricted Area
2399,Mike Dunleavy,1610612741,0021300646,Jump Shot,1,0,Mid-Range
2430,Carlos Boozer,1610612741,0021300646,Jump Shot,1,0,Mid-Range
201571,D.J. Augustin,1610612741,0021300646,Jump Shot,1,0,Above the Break 3
201149,Joakim Noah,1610612741,0021300646,Jump Shot,1,0,Restricted Area
2430,Carlos Boozer,1610612741,0021300646,Jump Shot,1,0,Mid-Range
201571,D.J. Augustin,1610612741,0021300646,Jump Shot,1,1,Above the Break 3
201149,Joakim Noah,1610612741,0021300646,Layup Shot,1,0,Restricted Area
201149,Joakim Noah,1610612741,0021300646,Jump Shot,1,0,Mid-Range
202710,Jimmy Butler III,1610612741,0021300646,Jump Shot,1,0,Mid-Range
201571,D.J. Augustin,1610612741,0021300646,Jump Shot,1,1,Mid-Range
2430,Carlos Boozer,1610612741,0021300646,Jump Shot,1,1,Mid-Range
201571,D.J. Augustin,1610612741,0021300646,Layup Shot,1,0,Restricted Area
201149,Joakim Noah,1610612741,0021300646,Dunk Shot,1,1,Restricted Area
2430,Carlos Boozer,1610612741,0021300646,Reverse Layup Shot,1,1,Restricted Area
201571,D.J. Augustin,1610612741,0021300646,Jump Shot,1,0,Mid-Range
2399,Mike Dunleavy,1610612741,0021300646,Jump Shot,1,1,Above the Break 3
201149,Joakim Noah,1610612741,0021300646,Layup Shot,1,0,Restricted Area
201149,Joakim Noah,1610612741,0021300646,Jump Shot,1,1,Mid-Range
2399,Mike Dunleavy,1610612741,0021300646,Jump Shot,1,0,Above the Break 3
201571,D.J. Augustin,1610612741,0021300646,Jump Shot,1,0,Mid-Range
201571,D.J. Augustin,1610612741,0021300646,Jump Shot,1,0,Above the Break 3
201149,Joakim Noah,1610612741,0021300646,Running Jump Shot,1,0,In The Paint (Non-RA)
201149,Joakim Noah,1610612741,0021300646,Driving Dunk Shot,1,0,Restricted Area
202710,Jimmy Butler III,1610612741,0021300646,Driving Layup Shot,1,1,Restricted Area
201959,Taj Gibson,1610612741,0021300646,Jump Shot,1,0,Mid-Range
202710,Jimmy Butler III,1610612741,0021300646,Jump Shot,1,0,Above the Break 3
203503,Tony Snell,1610612741,0021300646,Jump Shot,1,1,Above the Break 3
201149,Joakim Noah,1610612741,0021300646,Jump Shot,1,0,Mid-Range
202710,Jimmy Butler III,1610612741,0021300646,Dunk Shot,1,1,Restricted Area
201149,Joakim Noah,1610612741,0021300646,Jump Shot,1,0,In The Paint (Non-RA)
201959,Taj Gibson,1610612741,0021300646,Jump Shot,1,1,Mid-Range
201571,D.J. Augustin,1610612741,0021300646,Jump Shot,1,1,Above the Break 3
201571,D.J. Augustin,1610612741,0021300646,Jump Shot,1,0,Above the Break 3
201571,D.J. Augustin,1610612741,0021300646,Layup Shot,1,1,Restricted Area
203503,Tony Snell,1610612741,0021300646,Jump Shot,1,0,Above the Break 3
201571,D.J. Augustin,1610612741,0021300646,Jump Shot,1,1,Above the Break 3
203503,Tony Snell,1610612741,0021300646,Jump Shot,1,1,Above the Break 3
203503,Tony Snell,1610612741,0021300646,Jump Shot,1,0,Left Corner 3
201149,Joakim Noah,1610612741,0021300646,Jump Shot,1,0,Mid-Range
201571,D.J. Augustin,1610612741,0021300646,Jump Shot,1,1,Above the Break 3
2399,Mike Dunleavy,1610612741,0021300646,Jump Shot,1,0,Mid-Range
201959,Taj Gibson,1610612741,0021300646,Jump Shot,1,0,Mid-Range
2399,Mike Dunleavy,1610612741,0021300646,Jump Shot,1,0,Mid-Range
2430,Carlos Boozer,1610612741,0021300664,Fadeaway Jump Shot,1,1,In The Paint (Non-RA)
2430,Carlos Boozer,1610612741,0021300664,Jump Shot,1,0,Mid-Range
202710,Jimmy Butler III,1610612741,0021300664,Jump Shot,1,0,Above the Break 3
2430,Carlos Boozer,1610612741,0021300664,Jump Shot,1,0,Mid-Range
201959,Taj Gibson,1610612741,0021300664,Jump Shot,1,0,In The Paint (Non-RA)
2430,Carlos Boozer,1610612741,0021300664,Jump Shot,1,0,Mid-Range
202710,Jimmy Butler III,1610612741,0021300664,Tip Shot,1,0,Restricted Area
201959,Taj Gibson,1610612741,0021300664,Putback Layup Shot,1,1,Restricted Area
2399,Mike Dunleavy,1610612741,0021300664,Jump Shot,1,0,Right Corner 3
2430,Carlos Boozer,1610612741,0021300664,Jump Shot,1,0,Mid-Range
202710,Jimmy Butler III,1610612741,0021300664,Tip Shot,1,1,Restricted Area
2430,Carlos Boozer,1610612741,0021300664,Layup Shot,1,0,Restricted Area
2430,Carlos Boozer,1610612741,0021300664,Driving Layup Shot,1,0,Restricted Area
2430,Carlos Boozer,1610612741,0021300664,Jump Shot,1,0,Mid-Range
202710,Jimmy Butler III,1610612741,0021300664,Jump Shot,1,1,Above the Break 3
201959,Taj Gibson,1610612741,0021300664,Jump Shot,1,1,Mid-Range
202710,Jimmy Butler III,1610612741,0021300664,Jump Shot,1,1,Mid-Range
203503,Tony Snell,1610612741,0021300664,Jump Shot,1,0,Mid-Range
201571,D.J. Augustin,1610612741,0021300664,Jump Shot,1,1,Above the Break 3
201571,D.J. Augustin,1610612741,0021300664,Jump Shot,1,0,Above the Break 3
201571,D.J. Augustin,1610612741,0021300664,Layup Shot,1,1,Restricted Area
201959,Taj Gibson,1610612741,0021300664,Layup Shot,1,0,Restricted Area
201959,Taj Gibson,1610612741,0021300664,Jump Shot,1,0,Mid-Range
203503,Tony Snell,1610612741,0021300664,Jump Shot,1,0,Above the Break 3
201959,Taj Gibson,1610612741,0021300664,Jump Shot,1,0,Mid-Range
201959,Taj Gibson,1610612741,0021300664,Driving Finger Roll Layup Shot,1,1,Restricted Area
2229,Mike James,1610612741,0021300664,Running Jump Shot,1,0,Restricted Area
2399,Mike Dunleavy,1610612741,0021300664,Jump Shot,1,0,Mid-Range
2399,Mike Dunleavy,1610612741,0021300664,Jump Shot,1,1,Above the Break 3
2399,Mike Dunleavy,1610612741,0021300664,Jump Shot,1,0,In The Paint (Non-RA)
1737,Nazr Mohammed,1610612741,0021300664,Layup Shot,1,1,Restricted Area
2430,Carlos Boozer,1610612741,0021300664,Jump Shot,1,0,In The Paint (Non-RA)
2430,Carlos Boozer,1610612741,0021300664,Jump Shot,1,1,In The Paint (Non-RA)
2399,Mike Dunleavy,1610612741,0021300664,Floating Jump shot,1,1,In The Paint (Non-RA)
203503,Tony Snell,1610612741,0021300664,Running Layup Shot,1,1,Restricted Area
1737,Nazr Mohammed,1610612741,0021300664,Driving Layup Shot,1,1,Restricted Area
2229,Mike James,1610612741,0021300664,Floating Jump shot,1,0,In The Paint (Non-RA)
201571,D.J. Augustin,1610612741,0021300664,Jump Shot,1,1,Mid-Range
2430,Carlos Boozer,1610612741,0021300664,Layup Shot,1,1,Restricted Area
2430,Carlos Boozer,1610612741,0021300664,Jump Shot,1,0,In The Paint (Non-RA)
201571,D.J. Augustin,1610612741,0021300664,Jump Shot,1,0,Mid-Range
202710,Jimmy Butler III,1610612741,0021300664,Jump Shot,1,1,Mid-Range
2399,Mike Dunleavy,1610612741,0021300664,Jump Shot,1,0,Above the Break 3
202710,Jimmy Butler III,1610612741,0021300664,Jump Shot,1,0,In The Paint (Non-RA)
201571,D.J. Augustin,1610612741,0021300664,Jump Shot,1,0,Mid-Range
201571,D.J. Augustin,1610612741,0021300664,Jump Shot,1,0,Above the Break 3
2430,Carlos Boozer,1610612741,0021300664,Jump Shot,1,1,Mid-Range
201571,D.J. Augustin,1610612741,0021300664,Jump Shot,1,1,Above the Break 3
2430,Carlos Boozer,1610612741,0021300664,Driving Layup Shot,1,1,Restricted Area
2430,Carlos Boozer,1610612741,0021300664,Jump Shot,1,0,In The Paint (Non-RA)
2399,Mike Dunleavy,1610612741,0021300664,Jump Shot,1,0,Above the Break 3
2399,Mike Dunleavy,1610612741,0021300664,Layup Shot,1,1,Restricted Area
2430,Carlos Boozer,1610612741,0021300664,Jump Shot,1,1,In The Paint (Non-RA)
1737,Nazr Mohammed,1610612741,0021300664,Jump Bank Shot,1,1,In The Paint (Non-RA)
2430,Carlos Boozer,1610612741,0021300664,Jump Shot,1,0,Mid-Range
2399,Mike Dunleavy,1610612741,0021300664,Jump Shot,1,0,Mid-Range
2430,Carlos Boozer,1610612741,0021300664,Jump Shot,1,0,In The Paint (Non-RA)
203503,Tony Snell,1610612741,0021300664,Jump Shot,1,0,Above the Break 3
203503,Tony Snell,1610612741,0021300664,Jump Shot,1,0,Above the Break 3
202710,Jimmy Butler III,1610612741,0021300664,Jump Shot,1,0,Mid-Range
1737,Nazr Mohammed,1610612741,0021300664,Driving Reverse Layup Shot,1,0,Restricted Area
1737,Nazr Mohammed,1610612741,0021300664,Jump Shot,1,0,Mid-Range
2229,Mike James,1610612741,0021300664,Jump Shot,1,0,Mid-Range
2399,Mike Dunleavy,1610612741,0021300664,Jump Shot,1,0,Above the Break 3
2430,Carlos Boozer,1610612741,0021300664,Jump Shot,1,0,Mid-Range
201571,D.J. Augustin,1610612741,0021300664,Jump Shot,1,0,Above the Break 3
201571,D.J. Augustin,1610612741,0021300664,Layup Shot,1,0,Restricted Area
201571,D.J. Augustin,1610612741,0021300664,Jump Shot,1,1,Above the Break 3
203503,Tony Snell,1610612741,0021300664,Jump Shot,1,0,Above the Break 3
201571,D.J. Augustin,1610612741,0021300664,Jump Shot,1,0,Mid-Range
2430,Carlos Boozer,1610612741,0021300664,Jump Shot,1,0,Mid-Range
202710,Jimmy Butler III,1610612741,0021300664,Jump Shot,1,1,Left Corner 3
2430,Carlos Boozer,1610612741,0021300664,Running Layup Shot,1,1,Restricted Area
203503,Tony Snell,1610612741,0021300664,Jump Shot,1,0,Right Corner 3
202710,Jimmy Butler III,1610612741,0021300664,Jump Shot,1,0,Mid-Range
202710,Jimmy Butler III,1610612741,0021300664,Jump Shot,1,0,Left Corner 3
201959,Taj Gibson,1610612741,0021300664,Putback Layup Shot,1,1,Restricted Area
2430,Carlos Boozer,1610612741,0021300664,Jump Shot,1,0,Mid-Range
201571,D.J. Augustin,1610612741,0021300664,Jump Shot,1,1,Above the Break 3
202710,Jimmy Butler III,1610612741,0021300664,Jump Shot,1,0,In The Paint (Non-RA)
2399,Mike Dunleavy,1610612741,0021300664,Jump Shot,1,1,Above the Break 3
201571,D.J. Augustin,1610612741,0021300664,Jump Shot,1,0,Above the Break 3
2430,Carlos Boozer,1610612741,0021300664,Running Layup Shot,1,1,Restricted Area
2430,Carlos Boozer,1610612741,0021300664,Jump Shot,1,1,Mid-Range
201571,D.J. Augustin,1610612741,0021300664,Jump Shot,1,0,Above the Break 3
2430,Carlos Boozer,1610612741,0021300683,Layup Shot,1,1,Restricted Area
201149,Joakim Noah,1610612741,0021300683,Layup Shot,1,0,Restricted Area
202710,Jimmy Butler III,1610612741,0021300683,Pullup Jump shot,1,1,Mid-Range
2430,Carlos Boozer,1610612741,0021300683,Jump Shot,1,0,Mid-Range
201571,D.J. Augustin,1610612741,0021300683,Jump Shot,1,1,Above the Break 3
201149,Joakim Noah,1610612741,0021300683,Layup Shot,1,1,Restricted Area
201571,D.J. Augustin,1610612741,0021300683,Jump Shot,1,0,In The Paint (Non-RA)
2399,Mike Dunleavy,1610612741,0021300683,Pullup Jump shot,1,1,Mid-Range
2399,Mike Dunleavy,1610612741,0021300683,Jump Shot,1,0,Mid-Range
201571,D.J. Augustin,1610612741,0021300683,Reverse Layup Shot,1,0,Restricted Area
202710,Jimmy Butler III,1610612741,0021300683,Putback Dunk Shot,1,1,Restricted Area
2399,Mike Dunleavy,1610612741,0021300683,Jump Shot,1,0,Right Corner 3
2430,Carlos Boozer,1610612741,0021300683,Layup Shot,1,1,Restricted Area
2430,Carlos Boozer,1610612741,0021300683,Turnaround Jump Shot,1,0,In The Paint (Non-RA)
201571,D.J. Augustin,1610612741,0021300683,Jump Shot,1,0,Mid-Range
201149,Joakim Noah,1610612741,0021300683,Layup Shot,1,0,Restricted Area
2430,Carlos Boozer,1610612741,0021300683,Tip Shot,1,1,Restricted Area
2399,Mike Dunleavy,1610612741,0021300683,Pullup Jump shot,1,1,Mid-Range
201571,D.J. Augustin,1610612741,0021300683,Layup Shot,1,0,Restricted Area
2430,Carlos Boozer,1610612741,0021300683,Jump Bank Shot,1,0,Mid-Range
201571,D.J. Augustin,1610612741,0021300683,Running Jump Shot,1,0,Mid-Range
202710,Jimmy Butler III,1610612741,0021300683,Jump Shot,1,0,Mid-Range
202710,Jimmy Butler III,1610612741,0021300683,Jump Shot,1,0,Mid-Range
201959,Taj Gibson,1610612741,0021300683,Jump Shot,1,0,Mid-Range
2550,Kirk Hinrich,1610612741,0021300683,Running Jump Shot,1,0,Mid-Range
201959,Taj Gibson,1610612741,0021300683,Dunk Shot,1,1,Restricted Area
2399,Mike Dunleavy,1610612741,0021300683,Jump Shot,1,0,Mid-Range
2550,Kirk Hinrich,1610612741,0021300683,Jump Shot,1,0,Mid-Range
201959,Taj Gibson,1610612741,0021300683,Jump Shot,1,0,Mid-Range
2550,Kirk Hinrich,1610612741,0021300683,Jump Shot,1,0,Mid-Range
203503,Tony Snell,1610612741,0021300683,Jump Shot,1,0,In The Paint (Non-RA)
201959,Taj Gibson,1610612741,0021300683,Layup Shot,1,1,Restricted Area
201571,D.J. Augustin,1610612741,0021300683,Jump Shot,1,0,Right Corner 3
201149,Joakim Noah,1610612741,0021300683,Running Jump Shot,1,0,Restricted Area
201571,D.J. Augustin,1610612741,0021300683,Driving Layup Shot,1,1,Restricted Area
201959,Taj Gibson,1610612741,0021300683,Jump Shot,1,1,In The Paint (Non-RA)
201571,D.J. Augustin,1610612741,0021300683,Layup Shot,1,0,Restricted Area
201149,Joakim Noah,1610612741,0021300683,Putback Dunk Shot,1,1,Restricted Area
201959,Taj Gibson,1610612741,0021300683,Layup Shot,1,0,Restricted Area
202710,Jimmy Butler III,1610612741,0021300683,Layup Shot,1,1,Restricted Area
201571,D.J. Augustin,1610612741,0021300683,Layup Shot,1,1,Restricted Area
2399,Mike Dunleavy,1610612741,0021300683,Layup Shot,1,1,Restricted Area
2430,Carlos Boozer,1610612741,0021300683,Jump Bank Shot,1,1,Mid-Range
2430,Carlos Boozer,1610612741,0021300683,Turnaround Fadeaway shot,1,0,Mid-Range
201149,Joakim Noah,1610612741,0021300683,Layup Shot,1,0,Restricted Area
201571,D.J. Augustin,1610612741,0021300683,Jump Shot,1,0,In The Paint (Non-RA)
202710,Jimmy Butler III,1610612741,0021300683,Jump Shot,1,0,Above the Break 3
2399,Mike Dunleavy,1610612741,0021300683,Jump Shot,1,0,Above the Break 3
202710,Jimmy Butler III,1610612741,0021300683,Layup Shot,1,1,Restricted Area
2430,Carlos Boozer,1610612741,0021300683,Jump Shot,1,0,Mid-Range
201149,Joakim Noah,1610612741,0021300683,Jump Shot,1,1,Mid-Range
201571,D.J. Augustin,1610612741,0021300683,Layup Shot,1,1,Restricted Area
201571,D.J. Augustin,1610612741,0021300683,Jump Bank Shot,1,0,Mid-Range
2399,Mike Dunleavy,1610612741,0021300683,Jump Shot,1,0,Mid-Range
2430,Carlos Boozer,1610612741,0021300683,Jump Shot,1,1,In The Paint (Non-RA)
201149,Joakim Noah,1610612741,0021300683,Layup Shot,1,0,Restricted Area
2399,Mike Dunleavy,1610612741,0021300683,Running Layup Shot,1,0,Restricted Area
2430,Carlos Boozer,1610612741,0021300683,Dunk Shot,1,1,Restricted Area
202710,Jimmy Butler III,1610612741,0021300683,Jump Shot,1,1,Left Corner 3
201149,Joakim Noah,1610612741,0021300683,Jump Shot,1,1,In The Paint (Non-RA)
2399,Mike Dunleavy,1610612741,0021300683,Jump Shot,1,0,Above the Break 3
202710,Jimmy Butler III,1610612741,0021300683,Layup Shot,1,1,Restricted Area
2430,Carlos Boozer,1610612741,0021300683,Layup Shot,1,0,Restricted Area
201571,D.J. Augustin,1610612741,0021300683,Jump Shot,1,0,Above the Break 3
201571,D.J. Augustin,1610612741,0021300683,Jump Shot,1,0,Backcourt
201959,Taj Gibson,1610612741,0021300683,Layup Shot,1,1,Restricted Area
201959,Taj Gibson,1610612741,0021300683,Jump Shot,1,1,In The Paint (Non-RA)
201149,Joakim Noah,1610612741,0021300683,Driving Layup Shot,1,1,Restricted Area
2550,Kirk Hinrich,1610612741,0021300683,Jump Shot,1,1,Mid-Range
201959,Taj Gibson,1610612741,0021300683,Jump Shot,1,1,Mid-Range
201149,Joakim Noah,1610612741,0021300683,Jump Shot,1,0,Mid-Range
2399,Mike Dunleavy,1610612741,0021300683,Jump Shot,1,0,Above the Break 3
2550,Kirk Hinrich,1610612741,0021300683,Jump Shot,1,0,Mid-Range
203503,Tony Snell,1610612741,0021300683,Jump Shot,1,0,Mid-Range
2550,Kirk Hinrich,1610612741,0021300683,Floating Jump shot,1,1,In The Paint (Non-RA)
202710,Jimmy Butler III,1610612741,0021300683,Jump Shot,1,0,Mid-Range
2550,Kirk Hinrich,1610612741,0021300683,Jump Shot,1,1,Above the Break 3
2550,Kirk Hinrich,1610612741,0021300683,Running Jump Shot,1,1,In The Paint (Non-RA)
202710,Jimmy Butler III,1610612741,0021300683,Jump Shot,1,1,In The Paint (Non-RA)
201571,D.J. Augustin,1610612741,0021300683,Floating Jump shot,1,1,In The Paint (Non-RA)
201959,Taj Gibson,1610612741,0021300683,Jump Shot,1,0,Mid-Range
201571,D.J. Augustin,1610612741,0021300683,Jump Shot,1,1,Above the Break 3
201149,Joakim Noah,1610612741,0021300683,Jump Shot,1,0,In The Paint (Non-RA)
202710,Jimmy Butler III,1610612741,0021300703,Layup Shot,1,0,Restricted Area
2399,Mike Dunleavy,1610612741,0021300703,Jump Shot,1,0,Above the Break 3
2430,Carlos Boozer,1610612741,0021300703,Layup Shot,1,0,Restricted Area
201149,Joakim Noah,1610612741,0021300703,Jump Shot,1,0,Restricted Area
202710,Jimmy Butler III,1610612741,0021300703,Jump Shot,1,0,Mid-Range
201149,Joakim Noah,1610612741,0021300703,Hook Shot,1,1,In The Paint (Non-RA)
2430,Carlos Boozer,1610612741,0021300703,Jump Shot,1,1,Mid-Range
201149,Joakim Noah,1610612741,0021300703,Jump Shot,1,0,Restricted Area
201571,D.J. Augustin,1610612741,0021300703,Pullup Jump shot,1,1,Mid-Range
2430,Carlos Boozer,1610612741,0021300703,Driving Jump shot,1,0,In The Paint (Non-RA)
201571,D.J. Augustin,1610612741,0021300703,Jump Shot,1,1,Left Corner 3
2399,Mike Dunleavy,1610612741,0021300703,Jump Shot,1,1,Above the Break 3
201571,D.J. Augustin,1610612741,0021300703,Driving Layup Shot,1,1,Restricted Area
201959,Taj Gibson,1610612741,0021300703,Jump Shot,1,0,Mid-Range
201149,Joakim Noah,1610612741,0021300703,Layup Shot,1,1,Restricted Area
201149,Joakim Noah,1610612741,0021300703,Running Jump Shot,1,1,In The Paint (Non-RA)
201959,Taj Gibson,1610612741,0021300703,Jump Shot,1,0,Mid-Range
2399,Mike Dunleavy,1610612741,0021300703,Jump Shot,1,0,Backcourt
201959,Taj Gibson,1610612741,0021300703,Layup Shot,1,0,Restricted Area
203503,Tony Snell,1610612741,0021300703,Jump Shot,1,0,Above the Break 3
2550,Kirk Hinrich,1610612741,0021300703,Jump Shot,1,0,Mid-Range
201959,Taj Gibson,1610612741,0021300703,Jump Shot,1,0,In The Paint (Non-RA)
201571,D.J. Augustin,1610612741,0021300703,Jump Shot,1,0,Mid-Range
2550,Kirk Hinrich,1610612741,0021300703,Jump Shot,1,0,Above the Break 3
201571,D.J. Augustin,1610612741,0021300703,Pullup Jump shot,1,1,Mid-Range
202710,Jimmy Butler III,1610612741,0021300703,Jump Shot,1,1,Mid-Range
201571,D.J. Augustin,1610612741,0021300703,Layup Shot,1,0,Restricted Area
201959,Taj Gibson,1610612741,0021300703,Layup Shot,1,1,Restricted Area
201571,D.J. Augustin,1610612741,0021300703,Jump Shot,1,0,Above the Break 3
201571,D.J. Augustin,1610612741,0021300703,Layup Shot,1,1,Restricted Area
2399,Mike Dunleavy,1610612741,0021300703,Jump Shot,1,0,Mid-Range
2430,Carlos Boozer,1610612741,0021300703,Running Jump Shot,1,0,In The Paint (Non-RA)
201149,Joakim Noah,1610612741,0021300703,Layup Shot,1,1,Restricted Area
201149,Joakim Noah,1610612741,0021300703,Jump Shot,1,0,Mid-Range
201149,Joakim Noah,1610612741,0021300703,Layup Shot,1,0,Restricted Area
201149,Joakim Noah,1610612741,0021300703,Layup Shot,1,1,Restricted Area
2430,Carlos Boozer,1610612741,0021300703,Jump Shot,1,0,Mid-Range
201571,D.J. Augustin,1610612741,0021300703,Pullup Jump shot,1,1,Mid-Range
202710,Jimmy Butler III,1610612741,0021300703,Jump Shot,1,1,Above the Break 3
202710,Jimmy Butler III,1610612741,0021300703,Jump Shot,1,0,Mid-Range
2430,Carlos Boozer,1610612741,0021300703,Jump Shot,1,0,Restricted Area
2430,Carlos Boozer,1610612741,0021300703,Layup Shot,1,1,Restricted Area
2399,Mike Dunleavy,1610612741,0021300703,Jump Shot,1,0,Mid-Range
2430,Carlos Boozer,1610612741,0021300703,Jump Shot,1,0,Mid-Range
202710,Jimmy Butler III,1610612741,0021300703,Jump Shot,1,0,Above the Break 3
2550,Kirk Hinrich,1610612741,0021300703,Driving Layup Shot,1,1,Restricted Area
202710,Jimmy Butler III,1610612741,0021300703,Jump Shot,1,0,Above the Break 3
2399,Mike Dunleavy,1610612741,0021300703,Jump Shot,1,0,Above the Break 3
201959,Taj Gibson,1610612741,0021300703,Dunk Shot,1,1,Restricted Area
201571,D.J. Augustin,1610612741,0021300703,Jump Shot,1,0,Above the Break 3
201959,Taj Gibson,1610612741,0021300703,Layup Shot,1,1,Restricted Area
202710,Jimmy Butler III,1610612741,0021300703,Jump Shot,1,0,Above the Break 3
201959,Taj Gibson,1610612741,0021300703,Layup Shot,1,0,Restricted Area
201959,Taj Gibson,1610612741,0021300703,Hook Shot,1,1,In The Paint (Non-RA)
201571,D.J. Augustin,1610612741,0021300703,Layup Shot,1,1,Restricted Area
201571,D.J. Augustin,1610612741,0021300703,Layup Shot,1,0,Restricted Area
2550,Kirk Hinrich,1610612741,0021300703,Jump Shot,1,1,Mid-Range
201571,D.J. Augustin,1610612741,0021300703,Jump Shot,1,0,In The Paint (Non-RA)
202710,Jimmy Butler III,1610612741,0021300703,Jump Shot,1,0,Right Corner 3
201571,D.J. Augustin,1610612741,0021300703,Jump Shot,1,0,Above the Break 3
201959,Taj Gibson,1610612741,0021300703,Layup Shot,1,0,Restricted Area
201571,D.J. Augustin,1610612741,0021300703,Running Jump Shot,1,0,Mid-Range
2550,Kirk Hinrich,1610612741,0021300703,Running Jump Shot,1,0,In The Paint (Non-RA)
201959,Taj Gibson,1610612741,0021300703,Layup Shot,1,0,Restricted Area
201571,D.J. Augustin,1610612741,0021300703,Driving Layup Shot,1,1,Restricted Area
201959,Taj Gibson,1610612741,0021300703,Jump Shot,1,1,Mid-Range
201959,Taj Gibson,1610612741,0021300703,Layup Shot,1,1,Restricted Area
201959,Taj Gibson,1610612741,0021300703,Layup Shot,1,1,Restricted Area
201571,D.J. Augustin,1610612741,0021300703,Jump Shot,1,0,Above the Break 3
1737,Nazr Mohammed,1610612741,0021300703,Jump Shot,1,0,Mid-Range
2430,Carlos Boozer,1610612741,0021300720,Jump Shot,1,1,Mid-Range
202710,Jimmy Butler III,1610612741,0021300720,Jump Shot,1,0,Mid-Range
201149,Joakim Noah,1610612741,0021300720,Hook Shot,1,0,In The Paint (Non-RA)
2430,Carlos Boozer,1610612741,0021300720,Jump Shot,1,0,Mid-Range
201149,Joakim Noah,1610612741,0021300720,Jump Shot,1,0,In The Paint (Non-RA)
2430,Carlos Boozer,1610612741,0021300720,Jump Shot,1,0,Mid-Range
2399,Mike Dunleavy,1610612741,0021300720,Jump Shot,1,0,Mid-Range
201149,Joakim Noah,1610612741,0021300720,Jump Shot,1,0,Mid-Range
201149,Joakim Noah,1610612741,0021300720,Dunk Shot,1,1,Restricted Area
202710,Jimmy Butler III,1610612741,0021300720,Jump Shot,1,0,Above the Break 3
2550,Kirk Hinrich,1610612741,0021300720,Jump Shot,1,0,Above the Break 3
2430,Carlos Boozer,1610612741,0021300720,Jump Shot,1,0,Restricted Area
202710,Jimmy Butler III,1610612741,0021300720,Jump Shot,1,1,Mid-Range
2550,Kirk Hinrich,1610612741,0021300720,Jump Shot,1,0,Above the Break 3
203503,Tony Snell,1610612741,0021300720,Running Jump Shot,1,1,Mid-Range
201959,Taj Gibson,1610612741,0021300720,Jump Shot,1,0,Mid-Range
203503,Tony Snell,1610612741,0021300720,Jump Shot,1,0,Mid-Range
201571,D.J. Augustin,1610612741,0021300720,Jump Shot,1,0,Above the Break 3
2430,Carlos Boozer,1610612741,0021300720,Jump Shot,1,0,Mid-Range
201959,Taj Gibson,1610612741,0021300720,Jump Shot,1,0,In The Paint (Non-RA)
1737,Nazr Mohammed,1610612741,0021300720,Tip Shot,1,0,Restricted Area
202710,Jimmy Butler III,1610612741,0021300720,Jump Shot,1,1,Left Corner 3
201571,D.J. Augustin,1610612741,0021300720,Jump Shot,1,0,Restricted Area
201571,D.J. Augustin,1610612741,0021300720,Jump Shot,1,0,Left Corner 3
201959,Taj Gibson,1610612741,0021300720,Dunk Shot,1,1,Restricted Area
201959,Taj Gibson,1610612741,0021300720,Jump Hook Shot,1,1,In The Paint (Non-RA)
201959,Taj Gibson,1610612741,0021300720,Jump Shot,1,0,Mid-Range
1737,Nazr Mohammed,1610612741,0021300720,Jump Hook Shot,1,0,In The Paint (Non-RA)
201959,Taj Gibson,1610612741,0021300720,Alley Oop Dunk Shot,1,1,Restricted Area
203503,Tony Snell,1610612741,0021300720,Jump Shot,1,1,Left Corner 3
202710,Jimmy Butler III,1610612741,0021300720,Jump Shot,1,0,Above the Break 3
201149,Joakim Noah,1610612741,0021300720,Hook Shot,1,0,In The Paint (Non-RA)
201571,D.J. Augustin,1610612741,0021300720,Jump Shot,1,0,Mid-Range
2550,Kirk Hinrich,1610612741,0021300720,Jump Shot,1,0,Left Corner 3
2550,Kirk Hinrich,1610612741,0021300720,Jump Shot,1,0,Left Corner 3
2430,Carlos Boozer,1610612741,0021300720,Jump Shot,1,0,Mid-Range
2430,Carlos Boozer,1610612741,0021300720,Jump Shot,1,1,Mid-Range
2550,Kirk Hinrich,1610612741,0021300720,Jump Shot,1,0,Above the Break 3
2430,Carlos Boozer,1610612741,0021300720,Jump Shot,1,0,Mid-Range
202710,Jimmy Butler III,1610612741,0021300720,Layup Shot,1,0,Restricted Area
203503,Tony Snell,1610612741,0021300720,Jump Shot,1,0,Right Corner 3
2430,Carlos Boozer,1610612741,0021300720,Jump Shot,1,0,Mid-Range
2399,Mike Dunleavy,1610612741,0021300720,Jump Shot,1,0,Above the Break 3
2550,Kirk Hinrich,1610612741,0021300720,Jump Shot,1,0,Right Corner 3
201149,Joakim Noah,1610612741,0021300720,Jump Shot,1,0,Restricted Area
202710,Jimmy Butler III,1610612741,0021300720,Driving Layup Shot,1,1,Restricted Area
2399,Mike Dunleavy,1610612741,0021300720,Jump Shot,1,1,Mid-Range
2550,Kirk Hinrich,1610612741,0021300720,Jump Shot,1,0,In The Paint (Non-RA)
202710,Jimmy Butler III,1610612741,0021300720,Tip Shot,1,0,Restricted Area
2550,Kirk Hinrich,1610612741,0021300720,Running Jump Shot,1,1,In The Paint (Non-RA)
2430,Carlos Boozer,1610612741,0021300720,Jump Shot,1,1,Mid-Range
2399,Mike Dunleavy,1610612741,0021300720,Jump Shot,1,1,Above the Break 3
202710,Jimmy Butler III,1610612741,0021300720,Jump Shot,1,0,In The Paint (Non-RA)
2399,Mike Dunleavy,1610612741,0021300720,Jump Shot,1,0,Left Corner 3
201959,Taj Gibson,1610612741,0021300720,Jump Shot,1,1,Mid-Range
201959,Taj Gibson,1610612741,0021300720,Jump Shot,1,0,Mid-Range
201959,Taj Gibson,1610612741,0021300720,Jump Shot,1,0,In The Paint (Non-RA)
2430,Carlos Boozer,1610612741,0021300720,Layup Shot,1,1,In The Paint (Non-RA)
202710,Jimmy Butler III,1610612741,0021300720,Jump Shot,1,1,Mid-Range
201571,D.J. Augustin,1610612741,0021300720,Jump Shot,1,0,Above the Break 3
2430,Carlos Boozer,1610612741,0021300720,Jump Shot,1,0,Mid-Range
202710,Jimmy Butler III,1610612741,0021300720,Jump Shot,1,0,Mid-Range
201959,Taj Gibson,1610612741,0021300720,Turnaround Jump Shot,1,0,Mid-Range
201959,Taj Gibson,1610612741,0021300720,Jump Shot,1,0,Mid-Range
201571,D.J. Augustin,1610612741,0021300720,Jump Shot,1,0,Mid-Range
201571,D.J. Augustin,1610612741,0021300720,Driving Layup Shot,1,0,Restricted Area
203503,Tony Snell,1610612741,0021300720,Jump Shot,1,1,Mid-Range
2430,Carlos Boozer,1610612741,0021300720,Layup Shot,1,0,Restricted Area
201571,D.J. Augustin,1610612741,0021300720,Jump Shot,1,0,Mid-Range
201571,D.J. Augustin,1610612741,0021300720,Jump Shot,1,1,Above the Break 3
203503,Tony Snell,1610612741,0021300720,Jump Shot,1,0,Restricted Area
201571,D.J. Augustin,1610612741,0021300720,Jump Shot,1,0,Left Corner 3
2430,Carlos Boozer,1610612741,0021300720,Jump Shot,1,0,Mid-Range
201571,D.J. Augustin,1610612741,0021300720,Fadeaway Jump Shot,1,1,Mid-Range
2430,Carlos Boozer,1610612741,0021300720,Jump Shot,1,0,In The Paint (Non-RA)
203503,Tony Snell,1610612741,0021300720,Jump Shot,1,1,Mid-Range
203503,Tony Snell,1610612741,0021300720,Dunk Shot,1,0,Restricted Area
203503,Tony Snell,1610612741,0021300720,Jump Shot,1,0,Above the Break 3
2430,Carlos Boozer,1610612741,0021300723,Turnaround Fadeaway shot,1,0,In The Paint (Non-RA)
202710,Jimmy Butler III,1610612741,0021300723,Jump Shot,1,0,Mid-Range
201149,Joakim Noah,1610612741,0021300723,Running Bank shot,1,1,In The Paint (Non-RA)
202710,Jimmy Butler III,1610612741,0021300723,Jump Shot,1,1,Mid-Range
2430,Carlos Boozer,1610612741,0021300723,Jump Shot,1,1,Mid-Range
2430,Carlos Boozer,1610612741,0021300723,Turnaround Fadeaway shot,1,0,In The Paint (Non-RA)
201149,Joakim Noah,1610612741,0021300723,Dunk Shot,1,1,Restricted Area
2430,Carlos Boozer,1610612741,0021300723,Jump Shot,1,0,Mid-Range
2399,Mike Dunleavy,1610612741,0021300723,Jump Shot,1,0,Right Corner 3
201149,Joakim Noah,1610612741,0021300723,Jump Bank Shot,1,1,In The Paint (Non-RA)
2399,Mike Dunleavy,1610612741,0021300723,Jump Shot,1,0,Mid-Range
2550,Kirk Hinrich,1610612741,0021300723,Running Bank shot,1,1,In The Paint (Non-RA)
2430,Carlos Boozer,1610612741,0021300723,Layup Shot,1,1,Restricted Area
2430,Carlos Boozer,1610612741,0021300723,Jump Shot,1,0,Mid-Range
202710,Jimmy Butler III,1610612741,0021300723,Jump Shot,1,0,Restricted Area
2430,Carlos Boozer,1610612741,0021300723,Layup Shot,1,1,Restricted Area
2399,Mike Dunleavy,1610612741,0021300723,Jump Shot,1,0,Above the Break 3
201149,Joakim Noah,1610612741,0021300723,Reverse Layup Shot,1,0,Restricted Area
2430,Carlos Boozer,1610612741,0021300723,Jump Shot,1,0,In The Paint (Non-RA)
201959,Taj Gibson,1610612741,0021300723,Jump Shot,1,0,Left Corner 3
201571,D.J. Augustin,1610612741,0021300723,Jump Shot,1,0,Above the Break 3
201959,Taj Gibson,1610612741,0021300723,Jump Shot,1,0,Mid-Range
2430,Carlos Boozer,1610612741,0021300723,Jump Shot,1,1,Mid-Range
201959,Taj Gibson,1610612741,0021300723,Jump Shot,1,1,In The Paint (Non-RA)
2399,Mike Dunleavy,1610612741,0021300723,Running Bank shot,1,0,In The Paint (Non-RA)
201571,D.J. Augustin,1610612741,0021300723,Pullup Jump shot,1,0,In The Paint (Non-RA)
202710,Jimmy Butler III,1610612741,0021300723,Jump Shot,1,1,Restricted Area
203503,Tony Snell,1610612741,0021300723,Jump Shot,1,1,Above the Break 3
203503,Tony Snell,1610612741,0021300723,Jump Shot,1,1,In The Paint (Non-RA)
201571,D.J. Augustin,1610612741,0021300723,Floating Jump shot,1,1,In The Paint (Non-RA)
201571,D.J. Augustin,1610612741,0021300723,Layup Shot,1,1,Restricted Area
2430,Carlos Boozer,1610612741,0021300723,Jump Bank Shot,1,0,Mid-Range
2399,Mike Dunleavy,1610612741,0021300723,Jump Shot,1,0,Above the Break 3
2399,Mike Dunleavy,1610612741,0021300723,Jump Shot,1,1,Mid-Range
2430,Carlos Boozer,1610612741,0021300723,Jump Shot,1,0,Mid-Range
2430,Carlos Boozer,1610612741,0021300723,Driving Layup Shot,1,1,Restricted Area
2399,Mike Dunleavy,1610612741,0021300723,Jump Shot,1,0,Above the Break 3
2550,Kirk Hinrich,1610612741,0021300723,Jump Shot,1,1,Mid-Range
2550,Kirk Hinrich,1610612741,0021300723,Jump Shot,1,0,Mid-Range
202710,Jimmy Butler III,1610612741,0021300723,Jump Shot,1,0,In The Paint (Non-RA)
2430,Carlos Boozer,1610612741,0021300723,Tip Shot,1,0,Restricted Area
202710,Jimmy Butler III,1610612741,0021300723,Putback Layup Shot,1,0,Restricted Area
2430,Carlos Boozer,1610612741,0021300723,Hook Shot,1,1,Restricted Area
2430,Carlos Boozer,1610612741,0021300723,Layup Shot,1,0,Restricted Area
201149,Joakim Noah,1610612741,0021300723,Putback Layup Shot,1,1,Restricted Area
2550,Kirk Hinrich,1610612741,0021300723,Running Jump Shot,1,0,In The Paint (Non-RA)
2430,Carlos Boozer,1610612741,0021300723,Jump Shot,1,0,In The Paint (Non-RA)
2550,Kirk Hinrich,1610612741,0021300723,Jump Shot,1,0,In The Paint (Non-RA)
202710,Jimmy Butler III,1610612741,0021300723,Jump Shot,1,0,Above the Break 3
2399,Mike Dunleavy,1610612741,0021300723,Jump Shot,1,1,Above the Break 3
201149,Joakim Noah,1610612741,0021300723,Running Hook Shot,1,0,In The Paint (Non-RA)
2399,Mike Dunleavy,1610612741,0021300723,Jump Shot,1,1,Mid-Range
202710,Jimmy Butler III,1610612741,0021300723,Driving Reverse Layup Shot,1,0,Restricted Area
201149,Joakim Noah,1610612741,0021300723,Layup Shot,1,0,Restricted Area
2430,Carlos Boozer,1610612741,0021300723,Hook Shot,1,1,Restricted Area
2430,Carlos Boozer,1610612741,0021300723,Jump Shot,1,0,Mid-Range
201571,D.J. Augustin,1610612741,0021300723,Step Back Jump shot,1,0,Above the Break 3
2430,Carlos Boozer,1610612741,0021300723,Jump Shot,1,0,Mid-Range
202710,Jimmy Butler III,1610612741,0021300723,Jump Shot,1,1,Mid-Range
202710,Jimmy Butler III,1610612741,0021300723,Jump Shot,1,0,Mid-Range
2430,Carlos Boozer,1610612741,0021300723,Driving Layup Shot,1,1,Restricted Area
201571,D.J. Augustin,1610612741,0021300723,Step Back Jump shot,1,1,Above the Break 3
201571,D.J. Augustin,1610612741,0021300723,Jump Shot,1,1,Above the Break 3
201959,Taj Gibson,1610612741,0021300723,Jump Shot,1,1,Mid-Range
201571,D.J. Augustin,1610612741,0021300723,Jump Shot,1,1,Above the Break 3
202710,Jimmy Butler III,1610612741,0021300723,Jump Shot,1,0,Above the Break 3
201149,Joakim Noah,1610612741,0021300723,Layup Shot,1,1,Restricted Area
201959,Taj Gibson,1610612741,0021300723,Jump Shot,1,0,Mid-Range
201149,Joakim Noah,1610612741,0021300723,Jump Shot,1,1,Mid-Range
202710,Jimmy Butler III,1610612741,0021300723,Jump Shot,1,1,Above the Break 3
202710,Jimmy Butler III,1610612741,0021300723,Jump Shot,1,0,Left Corner 3
202710,Jimmy Butler III,1610612741,0021300723,Driving Layup Shot,1,1,Restricted Area
201149,Joakim Noah,1610612741,0021300723,Running Bank shot,1,1,In The Paint (Non-RA)
201571,D.J. Augustin,1610612741,0021300723,Jump Shot,1,0,Mid-Range
2550,Kirk Hinrich,1610612741,0021300723,Jump Shot,1,0,In The Paint (Non-RA)
2430,Carlos Boozer,1610612741,0021300723,Driving Layup Shot,1,1,Restricted Area
2550,Kirk Hinrich,1610612741,0021300723,Jump Shot,1,0,Above the Break 3
201571,D.J. Augustin,1610612741,0021300723,Jump Shot,1,0,Above the Break 3
201959,Taj Gibson,1610612741,0021300738,Turnaround Jump Shot,1,0,Mid-Range
2550,Kirk Hinrich,1610612741,0021300738,Pullup Jump shot,1,1,Left Corner 3
201959,Taj Gibson,1610612741,0021300738,Step Back Jump shot,1,1,Mid-Range
201149,Joakim Noah,1610612741,0021300738,Jump Shot,1,1,Mid-Range
2550,Kirk Hinrich,1610612741,0021300738,Driving Layup Shot,1,1,Restricted Area
201959,Taj Gibson,1610612741,0021300738,Layup Shot,1,0,Restricted Area
2550,Kirk Hinrich,1610612741,0021300738,Pullup Jump shot,1,1,Mid-Range
201959,Taj Gibson,1610612741,0021300738,Layup Shot,1,0,Restricted Area
202710,Jimmy Butler III,1610612741,0021300738,Putback Layup Shot,1,1,Restricted Area
201959,Taj Gibson,1610612741,0021300738,Reverse Layup Shot,1,1,Restricted Area
201959,Taj Gibson,1610612741,0021300738,Turnaround Jump Shot,1,1,In The Paint (Non-RA)
2550,Kirk Hinrich,1610612741,0021300738,Driving Finger Roll Layup Shot,1,1,Restricted Area
201149,Joakim Noah,1610612741,0021300738,Running Jump Shot,1,0,Mid-Range
201149,Joakim Noah,1610612741,0021300738,Jump Shot,1,0,Mid-Range
201959,Taj Gibson,1610612741,0021300738,Layup Shot,1,0,Restricted Area
201959,Taj Gibson,1610612741,0021300738,Pullup Jump shot,1,0,Mid-Range
201571,D.J. Augustin,1610612741,0021300738,Driving Layup Shot,1,1,Restricted Area
201571,D.J. Augustin,1610612741,0021300738,Pullup Jump shot,1,1,Mid-Range
201571,D.J. Augustin,1610612741,0021300738,Driving Layup Shot,1,1,Restricted Area
201959,Taj Gibson,1610612741,0021300738,Pullup Jump shot,1,0,Mid-Range
203503,Tony Snell,1610612741,0021300738,Pullup Jump shot,1,1,Above the Break 3
201571,D.J. Augustin,1610612741,0021300738,Driving Layup Shot,1,1,Restricted Area
201959,Taj Gibson,1610612741,0021300738,Jump Shot,1,0,Mid-Range
201571,D.J. Augustin,1610612741,0021300738,Jump Shot,1,0,Restricted Area
201571,D.J. Augustin,1610612741,0021300738,Driving Layup Shot,1,1,Restricted Area
1737,Nazr Mohammed,1610612741,0021300738,Jump Shot,1,0,Mid-Range
201571,D.J. Augustin,1610612741,0021300738,Layup Shot,1,0,Restricted Area
201959,Taj Gibson,1610612741,0021300738,Pullup Jump shot,1,1,In The Paint (Non-RA)
201571,D.J. Augustin,1610612741,0021300738,Jump Shot,1,0,Above the Break 3
203503,Tony Snell,1610612741,0021300738,Running Hook Shot,1,1,In The Paint (Non-RA)
201149,Joakim Noah,1610612741,0021300738,Jump Shot,1,0,In The Paint (Non-RA)
201959,Taj Gibson,1610612741,0021300738,Turnaround Jump Shot,1,1,In The Paint (Non-RA)
2550,Kirk Hinrich,1610612741,0021300738,Pullup Jump shot,1,0,Mid-Range
202710,Jimmy Butler III,1610612741,0021300738,Jump Shot,1,0,In The Paint (Non-RA)
2399,Mike Dunleavy,1610612741,0021300738,Pullup Jump shot,1,1,Mid-Range
202710,Jimmy Butler III,1610612741,0021300738,Pullup Jump shot,1,0,Mid-Range
2399,Mike Dunleavy,1610612741,0021300738,Jump Shot,1,0,Above the Break 3
2550,Kirk Hinrich,1610612741,0021300738,Pullup Jump shot,1,1,Mid-Range
2550,Kirk Hinrich,1610612741,0021300738,Running Jump Shot,1,1,In The Paint (Non-RA)
201959,Taj Gibson,1610612741,0021300738,Driving Layup Shot,1,1,Restricted Area
201959,Taj Gibson,1610612741,0021300738,Jump Shot,1,0,Mid-Range
2550,Kirk Hinrich,1610612741,0021300738,Jump Shot,1,0,In The Paint (Non-RA)
201149,Joakim Noah,1610612741,0021300738,Tip Shot,1,1,Restricted Area
2550,Kirk Hinrich,1610612741,0021300738,Jump Shot,1,1,Mid-Range
2550,Kirk Hinrich,1610612741,0021300738,Jump Shot,1,0,Mid-Range
201959,Taj Gibson,1610612741,0021300738,Layup Shot,1,0,Restricted Area
201959,Taj Gibson,1610612741,0021300738,Pullup Jump shot,1,0,Mid-Range
2399,Mike Dunleavy,1610612741,0021300738,Jump Shot,1,0,Mid-Range
201149,Joakim Noah,1610612741,0021300738,Tip Shot,1,1,Restricted Area
201149,Joakim Noah,1610612741,0021300738,Jump Shot,1,0,In The Paint (Non-RA)
201149,Joakim Noah,1610612741,0021300738,Layup Shot,1,0,Restricted Area
2399,Mike Dunleavy,1610612741,0021300738,Jump Shot,1,0,Mid-Range
202710,Jimmy Butler III,1610612741,0021300738,Tip Shot,1,0,Restricted Area
201571,D.J. Augustin,1610612741,0021300738,Jump Shot,1,0,Mid-Range
201571,D.J. Augustin,1610612741,0021300738,Pullup Jump shot,1,0,Above the Break 3
201959,Taj Gibson,1610612741,0021300738,Pullup Jump shot,1,0,Mid-Range
201571,D.J. Augustin,1610612741,0021300738,Jump Shot,1,0,In The Paint (Non-RA)
202710,Jimmy Butler III,1610612741,0021300738,Floating Jump shot,1,0,Above the Break 3
2399,Mike Dunleavy,1610612741,0021300738,Jump Shot,1,0,Above the Break 3
201959,Taj Gibson,1610612741,0021300738,Putback Slam Dunk Shot,1,1,Restricted Area
201959,Taj Gibson,1610612741,0021300738,Driving Reverse Layup Shot,1,0,Restricted Area
2399,Mike Dunleavy,1610612741,0021300738,Jump Shot,1,0,Above the Break 3
201959,Taj Gibson,1610612741,0021300738,Driving Layup Shot,1,1,Restricted Area
201959,Taj Gibson,1610612741,0021300738,Reverse Layup Shot,1,1,Restricted Area
202710,Jimmy Butler III,1610612741,0021300738,Turnaround Jump Shot,1,1,Mid-Range
201959,Taj Gibson,1610612741,0021300738,Jump Shot,1,0,In The Paint (Non-RA)
201571,D.J. Augustin,1610612741,0021300738,Jump Shot,1,0,Mid-Range
203503,Tony Snell,1610612741,0021300738,Jump Shot,1,0,Above the Break 3
2550,Kirk Hinrich,1610612741,0021300738,Jump Shot,1,0,Mid-Range
203503,Tony Snell,1610612741,0021300738,Pullup Jump shot,1,1,Above the Break 3
202710,Jimmy Butler III,1610612741,0021300738,Jump Shot,1,1,Above the Break 3
203503,Tony Snell,1610612741,0021300738,Jump Shot,1,0,Above the Break 3
202710,Jimmy Butler III,1610612741,0021300738,Putback Layup Shot,1,1,Restricted Area
203503,Tony Snell,1610612741,0021300738,Jump Shot,1,0,Left Corner 3
201959,Taj Gibson,1610612741,0021300738,Layup Shot,1,0,Restricted Area
201149,Joakim Noah,1610612741,0021300738,Turnaround Hook Shot,1,0,In The Paint (Non-RA)
202710,Jimmy Butler III,1610612741,0021300738,Jump Shot,1,0,Above the Break 3
201959,Taj Gibson,1610612741,0021300757,Jump Shot,1,0,Mid-Range
202710,Jimmy Butler III,1610612741,0021300757,Jump Shot,1,0,Mid-Range
2550,Kirk Hinrich,1610612741,0021300757,Jump Shot,1,0,Right Corner 3
2550,Kirk Hinrich,1610612741,0021300757,Layup Shot,1,0,Restricted Area
201959,Taj Gibson,1610612741,0021300757,Hook Shot,1,1,Restricted Area
201149,Joakim Noah,1610612741,0021300757,Jump Shot,1,1,Mid-Range
2399,Mike Dunleavy,1610612741,0021300757,Jump Shot,1,1,Mid-Range
201959,Taj Gibson,1610612741,0021300757,Jump Shot,1,1,Mid-Range
2550,Kirk Hinrich,1610612741,0021300757,Running Jump Shot,1,1,Mid-Range
201959,Taj Gibson,1610612741,0021300757,Jump Shot,1,1,Mid-Range
2550,Kirk Hinrich,1610612741,0021300757,Jump Shot,1,1,Above the Break 3
202710,Jimmy Butler III,1610612741,0021300757,Jump Shot,1,0,Above the Break 3
201959,Taj Gibson,1610612741,0021300757,Layup Shot,1,1,Restricted Area
2550,Kirk Hinrich,1610612741,0021300757,Driving Layup Shot,1,1,Restricted Area
201959,Taj Gibson,1610612741,0021300757,Reverse Layup Shot,1,1,Restricted Area
201959,Taj Gibson,1610612741,0021300757,Layup Shot,1,0,Restricted Area
201149,Joakim Noah,1610612741,0021300757,Layup Shot,1,1,Restricted Area
2399,Mike Dunleavy,1610612741,0021300757,Jump Shot,1,1,Mid-Range
202710,Jimmy Butler III,1610612741,0021300757,Jump Shot,1,0,Above the Break 3
201959,Taj Gibson,1610612741,0021300757,Jump Shot,1,0,Mid-Range
202710,Jimmy Butler III,1610612741,0021300757,Jump Shot,1,1,Right Corner 3
2399,Mike Dunleavy,1610612741,0021300757,Jump Shot,1,1,Mid-Range
201149,Joakim Noah,1610612741,0021300757,Driving Layup Shot,1,0,Restricted Area
201571,D.J. Augustin,1610612741,0021300757,Layup Shot,1,0,Restricted Area
203503,Tony Snell,1610612741,0021300757,Turnaround Jump Shot,1,1,In The Paint (Non-RA)
201959,Taj Gibson,1610612741,0021300757,Hook Shot,1,0,In The Paint (Non-RA)
201571,D.J. Augustin,1610612741,0021300757,Pullup Jump shot,1,1,Mid-Range
203503,Tony Snell,1610612741,0021300757,Jump Shot,1,1,Mid-Range
201959,Taj Gibson,1610612741,0021300757,Driving Reverse Layup Shot,1,1,Restricted Area
203503,Tony Snell,1610612741,0021300757,Jump Shot,1,0,Right Corner 3
202710,Jimmy Butler III,1610612741,0021300757,Jump Shot,1,0,Above the Break 3
201959,Taj Gibson,1610612741,0021300757,Hook Shot,1,0,Restricted Area
202710,Jimmy Butler III,1610612741,0021300757,Jump Shot,1,0,Mid-Range
201571,D.J. Augustin,1610612741,0021300757,Jump Shot,1,0,In The Paint (Non-RA)
201149,Joakim Noah,1610612741,0021300757,Tip Shot,1,0,Restricted Area
203503,Tony Snell,1610612741,0021300757,Jump Shot,1,0,Above the Break 3
202710,Jimmy Butler III,1610612741,0021300757,Layup Shot,1,1,Restricted Area
201959,Taj Gibson,1610612741,0021300757,Layup Shot,1,1,Restricted Area
201959,Taj Gibson,1610612741,0021300757,Jump Shot,1,0,Restricted Area
201571,D.J. Augustin,1610612741,0021300757,Jump Shot,1,1,Mid-Range
201571,D.J. Augustin,1610612741,0021300757,Jump Shot,1,0,Mid-Range
201959,Taj Gibson,1610612741,0021300757,Layup Shot,1,0,Restricted Area
201571,D.J. Augustin,1610612741,0021300757,Jump Shot,1,1,Right Corner 3
201571,D.J. Augustin,1610612741,0021300757,Jump Shot,1,0,Mid-Range
201959,Taj Gibson,1610612741,0021300757,Jump Shot,1,0,Backcourt
201959,Taj Gibson,1610612741,0021300757,Jump Shot,1,0,Mid-Range
2399,Mike Dunleavy,1610612741,0021300757,Jump Shot,1,1,Above the Break 3
202710,Jimmy Butler III,1610612741,0021300757,Layup Shot,1,1,Restricted Area
202710,Jimmy Butler III,1610612741,0021300757,Jump Shot,1,0,Above the Break 3
2550,Kirk Hinrich,1610612741,0021300757,Jump Shot,1,0,Mid-Range
2550,Kirk Hinrich,1610612741,0021300757,Driving Layup Shot,1,1,Restricted Area
2550,Kirk Hinrich,1610612741,0021300757,Layup Shot,1,1,Restricted Area
202710,Jimmy Butler III,1610612741,0021300757,Jump Shot,1,0,Restricted Area
201959,Taj Gibson,1610612741,0021300757,Tip Shot,1,0,Restricted Area
2550,Kirk Hinrich,1610612741,0021300757,Jump Shot,1,0,Above the Break 3
201149,Joakim Noah,1610612741,0021300757,Tip Shot,1,1,Restricted Area
201149,Joakim Noah,1610612741,0021300757,Layup Shot,1,1,Restricted Area
2399,Mike Dunleavy,1610612741,0021300757,Jump Shot,1,0,Mid-Range
202710,Jimmy Butler III,1610612741,0021300757,Layup Shot,1,0,Restricted Area
2399,Mike Dunleavy,1610612741,0021300757,Jump Shot,1,0,Above the Break 3
2550,Kirk Hinrich,1610612741,0021300757,Jump Shot,1,1,Above the Break 3
201959,Taj Gibson,1610612741,0021300757,Jump Shot,1,0,In The Paint (Non-RA)
201571,D.J. Augustin,1610612741,0021300757,Layup Shot,1,0,Restricted Area
203503,Tony Snell,1610612741,0021300757,Jump Shot,1,0,Mid-Range
201571,D.J. Augustin,1610612741,0021300757,Jump Shot,1,1,Above the Break 3
203503,Tony Snell,1610612741,0021300757,Jump Shot,1,0,Above the Break 3
2399,Mike Dunleavy,1610612741,0021300757,Jump Shot,1,0,Above the Break 3
201571,D.J. Augustin,1610612741,0021300757,Floating Jump shot,1,0,In The Paint (Non-RA)
201571,D.J. Augustin,1610612741,0021300757,Jump Shot,1,0,Mid-Range
202710,Jimmy Butler III,1610612741,0021300757,Jump Shot,1,0,Mid-Range
201149,Joakim Noah,1610612741,0021300757,Jump Shot,1,1,In The Paint (Non-RA)
2550,Kirk Hinrich,1610612741,0021300757,Jump Shot,1,1,Above the Break 3
201149,Joakim Noah,1610612741,0021300757,Driving Dunk Shot,1,1,Restricted Area
2550,Kirk Hinrich,1610612741,0021300757,Jump Shot,1,0,Above the Break 3
201571,D.J. Augustin,1610612741,0021300757,Jump Shot,1,0,Above the Break 3
202710,Jimmy Butler III,1610612741,0021300757,Layup Shot,1,1,Restricted Area
201149,Joakim Noah,1610612741,0021300757,Jump Shot,1,0,Mid-Range
201149,Joakim Noah,1610612741,0021300757,Jump Shot,1,0,In The Paint (Non-RA)
2550,Kirk Hinrich,1610612741,0021300757,Jump Shot,1,0,Right Corner 3
201571,D.J. Augustin,1610612741,0021300757,Jump Shot,1,0,Mid-Range
2399,Mike Dunleavy,1610612741,0021300772,Jump Shot,1,1,Above the Break 3
201959,Taj Gibson,1610612741,0021300772,Jump Shot,1,1,Mid-Range
2399,Mike Dunleavy,1610612741,0021300772,Layup Shot,1,0,Restricted Area
201149,Joakim Noah,1610612741,0021300772,Running Layup Shot,1,0,Restricted Area
2550,Kirk Hinrich,1610612741,0021300772,Jump Shot,1,0,Above the Break 3
2399,Mike Dunleavy,1610612741,0021300772,Jump Shot,1,0,Mid-Range
201149,Joakim Noah,1610612741,0021300772,Layup Shot,1,0,Restricted Area
201149,Joakim Noah,1610612741,0021300772,Layup Shot,1,0,Restricted Area
202710,Jimmy Butler III,1610612741,0021300772,Layup Shot,1,1,Restricted Area
201959,Taj Gibson,1610612741,0021300772,Jump Shot,1,1,Mid-Range
201959,Taj Gibson,1610612741,0021300772,Jump Shot,1,1,Mid-Range
2550,Kirk Hinrich,1610612741,0021300772,Jump Shot,1,0,Above the Break 3
201149,Joakim Noah,1610612741,0021300772,Jump Shot,1,1,In The Paint (Non-RA)
2399,Mike Dunleavy,1610612741,0021300772,Layup Shot,1,1,Restricted Area
202710,Jimmy Butler III,1610612741,0021300772,Jump Shot,1,1,Mid-Range
201959,Taj Gibson,1610612741,0021300772,Turnaround Jump Shot,1,1,In The Paint (Non-RA)
201149,Joakim Noah,1610612741,0021300772,Jump Shot,1,1,Mid-Range
2399,Mike Dunleavy,1610612741,0021300772,Fadeaway Jump Shot,1,1,Mid-Range
2399,Mike Dunleavy,1610612741,0021300772,Jump Shot,1,0,Above the Break 3
201571,D.J. Augustin,1610612741,0021300772,Jump Shot,1,0,Above the Break 3
201959,Taj Gibson,1610612741,0021300772,Jump Shot,1,0,Mid-Range
201149,Joakim Noah,1610612741,0021300772,Slam Dunk Shot,1,1,Restricted Area
202710,Jimmy Butler III,1610612741,0021300772,Jump Shot,1,0,Mid-Range
2399,Mike Dunleavy,1610612741,0021300772,Putback Layup Shot,1,1,Restricted Area
202710,Jimmy Butler III,1610612741,0021300772,Running Layup Shot,1,1,Restricted Area
201571,D.J. Augustin,1610612741,0021300772,Jump Shot,1,1,Above the Break 3
202710,Jimmy Butler III,1610612741,0021300772,Driving Layup Shot,1,1,Restricted Area
201571,D.J. Augustin,1610612741,0021300772,Jump Shot,1,0,In The Paint (Non-RA)
1737,Nazr Mohammed,1610612741,0021300772,Putback Layup Shot,1,1,Restricted Area
201959,Taj Gibson,1610612741,0021300772,Jump Shot,1,1,Mid-Range
201571,D.J. Augustin,1610612741,0021300772,Jump Shot,1,1,Above the Break 3
201571,D.J. Augustin,1610612741,0021300772,Running Jump Shot,1,0,In The Paint (Non-RA)
201959,Taj Gibson,1610612741,0021300772,Jump Shot,1,0,In The Paint (Non-RA)
201149,Joakim Noah,1610612741,0021300772,Jump Shot,1,0,In The Paint (Non-RA)
2550,Kirk Hinrich,1610612741,0021300772,Jump Shot,1,1,Above the Break 3
201959,Taj Gibson,1610612741,0021300772,Jump Shot,1,0,Mid-Range
201959,Taj Gibson,1610612741,0021300772,Layup Shot,1,1,Restricted Area
201571,D.J. Augustin,1610612741,0021300772,Jump Shot,1,1,Above the Break 3
201571,D.J. Augustin,1610612741,0021300772,Driving Jump shot,1,0,In The Paint (Non-RA)
201571,D.J. Augustin,1610612741,0021300772,Jump Shot,1,1,Left Corner 3
2550,Kirk Hinrich,1610612741,0021300772,Jump Shot,1,0,Right Corner 3
201149,Joakim Noah,1610612741,0021300772,Jump Shot,1,0,Mid-Range
2399,Mike Dunleavy,1610612741,0021300772,Running Reverse Layup Shot,1,1,Restricted Area
201571,D.J. Augustin,1610612741,0021300772,Running Reverse Layup Shot,1,0,Restricted Area
201571,D.J. Augustin,1610612741,0021300772,Jump Shot,1,0,Above the Break 3
201959,Taj Gibson,1610612741,0021300772,Layup Shot,1,0,Restricted Area
201959,Taj Gibson,1610612741,0021300772,Putback Layup Shot,1,1,Restricted Area
2550,Kirk Hinrich,1610612741,0021300772,Jump Shot,1,1,Mid-Range
201149,Joakim Noah,1610612741,0021300772,Slam Dunk Shot,1,1,Restricted Area
201959,Taj Gibson,1610612741,0021300772,Layup Shot,1,0,Restricted Area
201149,Joakim Noah,1610612741,0021300772,Jump Shot,1,1,Mid-Range
201149,Joakim Noah,1610612741,0021300772,Jump Shot,1,1,In The Paint (Non-RA)
201959,Taj Gibson,1610612741,0021300772,Jump Shot,1,1,Mid-Range
2550,Kirk Hinrich,1610612741,0021300772,Jump Shot,1,0,Above the Break 3
202710,Jimmy Butler III,1610612741,0021300772,Layup Shot,1,0,Restricted Area
201149,Joakim Noah,1610612741,0021300772,Hook Bank Shot,1,1,Restricted Area
2550,Kirk Hinrich,1610612741,0021300772,Driving Layup Shot,1,0,Restricted Area
201149,Joakim Noah,1610612741,0021300772,Tip Shot,1,0,Restricted Area
202710,Jimmy Butler III,1610612741,0021300772,Layup Shot,1,1,Restricted Area
2399,Mike Dunleavy,1610612741,0021300772,Jump Shot,1,1,Mid-Range
2399,Mike Dunleavy,1610612741,0021300772,Jump Shot,1,0,Above the Break 3
2399,Mike Dunleavy,1610612741,0021300772,Jump Shot,1,0,Above the Break 3
203503,Tony Snell,1610612741,0021300772,Floating Jump shot,1,1,In The Paint (Non-RA)
202710,Jimmy Butler III,1610612741,0021300772,Jump Shot,1,0,In The Paint (Non-RA)
201959,Taj Gibson,1610612741,0021300772,Jump Shot,1,0,Mid-Range
201959,Taj Gibson,1610612741,0021300772,Jump Shot,1,0,Mid-Range
201959,Taj Gibson,1610612741,0021300772,Turnaround Jump Shot,1,1,Mid-Range
201149,Joakim Noah,1610612741,0021300772,Jump Shot,1,1,In The Paint (Non-RA)
203503,Tony Snell,1610612741,0021300772,Jump Shot,1,0,Mid-Range
203503,Tony Snell,1610612741,0021300772,Jump Shot,1,1,Right Corner 3
201959,Taj Gibson,1610612741,0021300772,Jump Shot,1,1,Mid-Range
203503,Tony Snell,1610612741,0021300772,Jump Shot,1,0,Right Corner 3
202710,Jimmy Butler III,1610612741,0021300772,Turnaround Jump Shot,1,0,Restricted Area
2550,Kirk Hinrich,1610612741,0021300772,Jump Shot,1,0,Mid-Range
201959,Taj Gibson,1610612741,0021300772,Turnaround Jump Shot,1,1,Mid-Range
2399,Mike Dunleavy,1610612741,0021300772,Jump Shot,1,1,Mid-Range
201959,Taj Gibson,1610612741,0021300772,Layup Shot,1,1,Restricted Area
2399,Mike Dunleavy,1610612741,0021300772,Running Layup Shot,1,0,Restricted Area
2550,Kirk Hinrich,1610612741,0021300772,Jump Shot,1,0,Right Corner 3
201571,D.J. Augustin,1610612741,0021300772,Jump Shot,1,0,Mid-Range
2550,Kirk Hinrich,1610612741,0021300772,Floating Jump shot,1,0,In The Paint (Non-RA)
2399,Mike Dunleavy,1610612741,0021300772,Jump Shot,1,0,Left Corner 3
2550,Kirk Hinrich,1610612741,0021300772,Driving Layup Shot,1,1,Restricted Area
2550,Kirk Hinrich,1610612741,0021300772,Jump Shot,1,1,Above the Break 3
201149,Joakim Noah,1610612741,0021300772,Jump Shot,1,0,Mid-Range
2399,Mike Dunleavy,1610612741,0021300790,Jump Shot,1,0,Right Corner 3
2399,Mike Dunleavy,1610612741,0021300790,Driving Layup Shot,1,0,Restricted Area
2550,Kirk Hinrich,1610612741,0021300790,Jump Shot,1,0,Mid-Range
202710,Jimmy Butler III,1610612741,0021300790,Jump Shot,1,1,Mid-Range
2399,Mike Dunleavy,1610612741,0021300790,Jump Shot,1,1,Left Corner 3
2399,Mike Dunleavy,1610612741,0021300790,Jump Shot,1,0,Right Corner 3
2550,Kirk Hinrich,1610612741,0021300790,Jump Shot,1,0,Above the Break 3
2550,Kirk Hinrich,1610612741,0021300790,Jump Shot,1,1,Mid-Range
2399,Mike Dunleavy,1610612741,0021300790,Layup Shot,1,0,Restricted Area
201149,Joakim Noah,1610612741,0021300790,Putback Layup Shot,1,1,Restricted Area
2430,Carlos Boozer,1610612741,0021300790,Layup Shot,1,1,Restricted Area
2430,Carlos Boozer,1610612741,0021300790,Jump Shot,1,1,Mid-Range
201149,Joakim Noah,1610612741,0021300790,Dunk Shot,1,1,Restricted Area
2430,Carlos Boozer,1610612741,0021300790,Jump Shot,1,0,In The Paint (Non-RA)
2430,Carlos Boozer,1610612741,0021300790,Jump Shot,1,0,In The Paint (Non-RA)
2430,Carlos Boozer,1610612741,0021300790,Tip Shot,1,0,Restricted Area
2399,Mike Dunleavy,1610612741,0021300790,Tip Shot,1,0,Restricted Area
201959,Taj Gibson,1610612741,0021300790,Jump Shot,1,0,In The Paint (Non-RA)
201959,Taj Gibson,1610612741,0021300790,Turnaround Fadeaway shot,1,1,Mid-Range
201959,Taj Gibson,1610612741,0021300790,Turnaround Fadeaway shot,1,1,Mid-Range
2430,Carlos Boozer,1610612741,0021300790,Layup Shot,1,1,Restricted Area
201959,Taj Gibson,1610612741,0021300790,Running Slam Dunk Shot,1,1,Restricted Area
202710,Jimmy Butler III,1610612741,0021300790,Driving Reverse Layup Shot,1,1,Restricted Area
1737,Nazr Mohammed,1610612741,0021300790,Jump Shot,1,1,In The Paint (Non-RA)
201571,D.J. Augustin,1610612741,0021300790,Layup Shot,1,0,Restricted Area
201959,Taj Gibson,1610612741,0021300790,Jump Shot,1,0,Mid-Range
201149,Joakim Noah,1610612741,0021300790,Jump Shot,1,0,Mid-Range
201959,Taj Gibson,1610612741,0021300790,Jump Shot,1,1,Mid-Range
203503,Tony Snell,1610612741,0021300790,Jump Shot,1,0,Above the Break 3
201149,Joakim Noah,1610612741,0021300790,Driving Layup Shot,1,0,Restricted Area
2399,Mike Dunleavy,1610612741,0021300790,Jump Shot,1,1,Above the Break 3
201959,Taj Gibson,1610612741,0021300790,Jump Shot,1,1,Restricted Area
2399,Mike Dunleavy,1610612741,0021300790,Jump Shot,1,1,Above the Break 3
201959,Taj Gibson,1610612741,0021300790,Slam Dunk Shot,1,0,Restricted Area
2550,Kirk Hinrich,1610612741,0021300790,Layup Shot,1,1,Restricted Area
201959,Taj Gibson,1610612741,0021300790,Jump Shot,1,0,Mid-Range
2430,Carlos Boozer,1610612741,0021300790,Jump Shot,1,0,Mid-Range
2550,Kirk Hinrich,1610612741,0021300790,Jump Shot,1,0,Mid-Range
2430,Carlos Boozer,1610612741,0021300790,Jump Shot,1,1,Mid-Range
201149,Joakim Noah,1610612741,0021300790,Jump Shot,1,0,In The Paint (Non-RA)
2399,Mike Dunleavy,1610612741,0021300790,Jump Shot,1,1,Mid-Range
2550,Kirk Hinrich,1610612741,0021300790,Jump Shot,1,1,Mid-Range
2550,Kirk Hinrich,1610612741,0021300790,Jump Shot,1,0,Above the Break 3
201149,Joakim Noah,1610612741,0021300790,Running Layup Shot,1,0,Restricted Area
201149,Joakim Noah,1610612741,0021300790,Driving Jump shot,1,1,Restricted Area
2430,Carlos Boozer,1610612741,0021300790,Driving Layup Shot,1,1,Restricted Area
2430,Carlos Boozer,1610612741,0021300790,Running Jump Shot,1,0,In The Paint (Non-RA)
2430,Carlos Boozer,1610612741,0021300790,Jump Shot,1,1,Mid-Range
2399,Mike Dunleavy,1610612741,0021300790,Jump Shot,1,0,Right Corner 3
2430,Carlos Boozer,1610612741,0021300790,Layup Shot,1,1,Restricted Area
2430,Carlos Boozer,1610612741,0021300790,Jump Shot,1,0,Mid-Range
202710,Jimmy Butler III,1610612741,0021300790,Jump Shot,1,0,Mid-Range
201959,Taj Gibson,1610612741,0021300790,Jump Shot,1,1,Mid-Range
2399,Mike Dunleavy,1610612741,0021300790,Jump Shot,1,0,Above the Break 3
201149,Joakim Noah,1610612741,0021300790,Finger Roll Layup Shot,1,1,In The Paint (Non-RA)
2550,Kirk Hinrich,1610612741,0021300790,Jump Shot,1,0,Mid-Range
202710,Jimmy Butler III,1610612741,0021300790,Jump Shot,1,0,Mid-Range
202710,Jimmy Butler III,1610612741,0021300790,Jump Shot,1,1,Mid-Range
201959,Taj Gibson,1610612741,0021300790,Jump Shot,1,0,Restricted Area
201959,Taj Gibson,1610612741,0021300790,Jump Shot,1,0,Mid-Range
201571,D.J. Augustin,1610612741,0021300790,Jump Shot,1,1,Above the Break 3
201571,D.J. Augustin,1610612741,0021300790,Jump Shot,1,0,Left Corner 3
202710,Jimmy Butler III,1610612741,0021300790,Layup Shot,1,1,Restricted Area
201149,Joakim Noah,1610612741,0021300790,Hook Shot,1,1,In The Paint (Non-RA)
201959,Taj Gibson,1610612741,0021300790,Jump Shot,1,1,Mid-Range
202710,Jimmy Butler III,1610612741,0021300790,Jump Shot,1,1,Mid-Range
202710,Jimmy Butler III,1610612741,0021300790,Driving Layup Shot,1,1,Restricted Area
201959,Taj Gibson,1610612741,0021300790,Jump Shot,1,0,Right Corner 3
201149,Joakim Noah,1610612741,0021300790,Jump Shot,1,1,Mid-Range
201571,D.J. Augustin,1610612741,0021300790,Jump Shot,1,0,Above the Break 3
2399,Mike Dunleavy,1610612741,0021300803,Jump Shot,1,0,Mid-Range
202710,Jimmy Butler III,1610612741,0021300803,Driving Layup Shot,1,0,Restricted Area
2550,Kirk Hinrich,1610612741,0021300803,Jump Shot,1,1,Above the Break 3
2430,Carlos Boozer,1610612741,0021300803,Jump Shot,1,0,Mid-Range
202710,Jimmy Butler III,1610612741,0021300803,Layup Shot,1,1,Restricted Area
2430,Carlos Boozer,1610612741,0021300803,Finger Roll Layup Shot,1,1,Restricted Area
2399,Mike Dunleavy,1610612741,0021300803,Layup Shot,1,1,Restricted Area
201149,Joakim Noah,1610612741,0021300803,Running Dunk Shot,1,1,Restricted Area
2430,Carlos Boozer,1610612741,0021300803,Layup Shot,1,1,Restricted Area
201149,Joakim Noah,1610612741,0021300803,Dunk Shot,1,1,Restricted Area
202710,Jimmy Butler III,1610612741,0021300803,Jump Shot,1,1,Mid-Range
2430,Carlos Boozer,1610612741,0021300803,Driving Jump shot,1,0,In The Paint (Non-RA)
2550,Kirk Hinrich,1610612741,0021300803,Pullup Jump shot,1,1,Mid-Range
201149,Joakim Noah,1610612741,0021300803,Jump Shot,1,0,Mid-Range
2430,Carlos Boozer,1610612741,0021300803,Driving Layup Shot,1,1,In The Paint (Non-RA)
201959,Taj Gibson,1610612741,0021300803,Turnaround Jump Shot,1,1,Mid-Range
201959,Taj Gibson,1610612741,0021300803,Finger Roll Layup Shot,1,0,In The Paint (Non-RA)
201571,D.J. Augustin,1610612741,0021300803,Driving Reverse Layup Shot,1,0,Restricted Area
2399,Mike Dunleavy,1610612741,0021300803,Tip Shot,1,0,Restricted Area
2430,Carlos Boozer,1610612741,0021300803,Tip Shot,1,0,Restricted Area
202710,Jimmy Butler III,1610612741,0021300803,Layup Shot,1,1,Restricted Area
2430,Carlos Boozer,1610612741,0021300803,Jump Shot,1,0,Mid-Range
201571,D.J. Augustin,1610612741,0021300803,Jump Shot,1,0,Mid-Range
203503,Tony Snell,1610612741,0021300803,Jump Shot,1,0,Above the Break 3
201959,Taj Gibson,1610612741,0021300803,Turnaround Jump Shot,1,1,In The Paint (Non-RA)
202710,Jimmy Butler III,1610612741,0021300803,Pullup Jump shot,1,1,In The Paint (Non-RA)
202710,Jimmy Butler III,1610612741,0021300803,Driving Layup Shot,1,0,Restricted Area
202710,Jimmy Butler III,1610612741,0021300803,Running Reverse Layup Shot,1,0,Restricted Area
201959,Taj Gibson,1610612741,0021300803,Turnaround Fadeaway shot,1,0,In The Paint (Non-RA)
201959,Taj Gibson,1610612741,0021300803,Jump Shot,1,1,Mid-Range
201571,D.J. Augustin,1610612741,0021300803,Jump Shot,1,1,Above the Break 3
201959,Taj Gibson,1610612741,0021300803,Jump Shot,1,0,Mid-Range
201959,Taj Gibson,1610612741,0021300803,Jump Shot,1,0,Mid-Range
201149,Joakim Noah,1610612741,0021300803,Jump Shot,1,0,In The Paint (Non-RA)
201571,D.J. Augustin,1610612741,0021300803,Pullup Jump shot,1,0,Mid-Range
201571,D.J. Augustin,1610612741,0021300803,Jump Shot,1,0,Mid-Range
201571,D.J. Augustin,1610612741,0021300803,Jump Shot,1,0,Left Corner 3
2430,Carlos Boozer,1610612741,0021300803,Jump Shot,1,1,Mid-Range
2399,Mike Dunleavy,1610612741,0021300803,Jump Shot,1,0,Mid-Range
2550,Kirk Hinrich,1610612741,0021300803,Jump Shot,1,1,Left Corner 3
201149,Joakim Noah,1610612741,0021300803,Jump Shot,1,0,Mid-Range
2550,Kirk Hinrich,1610612741,0021300803,Driving Layup Shot,1,1,In The Paint (Non-RA)
2550,Kirk Hinrich,1610612741,0021300803,Jump Shot,1,1,Mid-Range
2430,Carlos Boozer,1610612741,0021300803,Layup Shot,1,1,Restricted Area
2399,Mike Dunleavy,1610612741,0021300803,Jump Shot,1,0,Above the Break 3
2430,Carlos Boozer,1610612741,0021300803,Jump Shot,1,1,Mid-Range
2550,Kirk Hinrich,1610612741,0021300803,Step Back Jump shot,1,0,Mid-Range
2550,Kirk Hinrich,1610612741,0021300803,Running Jump Shot,1,0,In The Paint (Non-RA)
2430,Carlos Boozer,1610612741,0021300803,Hook Shot,1,1,In The Paint (Non-RA)
202710,Jimmy Butler III,1610612741,0021300803,Pullup Jump shot,1,1,Mid-Range
2550,Kirk Hinrich,1610612741,0021300803,Jump Shot,1,0,Mid-Range
2550,Kirk Hinrich,1610612741,0021300803,Jump Shot,1,1,Right Corner 3
2430,Carlos Boozer,1610612741,0021300803,Jump Shot,1,0,Mid-Range
202710,Jimmy Butler III,1610612741,0021300803,Running Layup Shot,1,1,Restricted Area
2430,Carlos Boozer,1610612741,0021300803,Driving Layup Shot,1,0,In The Paint (Non-RA)
201571,D.J. Augustin,1610612741,0021300803,Jump Shot,1,0,In The Paint (Non-RA)
201571,D.J. Augustin,1610612741,0021300803,Fadeaway Jump Shot,1,1,Mid-Range
201571,D.J. Augustin,1610612741,0021300803,Driving Layup Shot,1,0,Restricted Area
202710,Jimmy Butler III,1610612741,0021300803,Jump Shot,1,0,Above the Break 3
201571,D.J. Augustin,1610612741,0021300803,Jump Shot,1,1,Left Corner 3
201571,D.J. Augustin,1610612741,0021300803,Jump Shot,1,1,Above the Break 3
201149,Joakim Noah,1610612741,0021300803,Running Layup Shot,1,1,In The Paint (Non-RA)
201571,D.J. Augustin,1610612741,0021300803,Fadeaway Jump Shot,1,1,Mid-Range
2399,Mike Dunleavy,1610612741,0021300803,Jump Shot,1,0,Above the Break 3
201571,D.J. Augustin,1610612741,0021300803,Driving Jump shot,1,0,Mid-Range
2550,Kirk Hinrich,1610612741,0021300803,Running Jump Shot,1,1,In The Paint (Non-RA)
201571,D.J. Augustin,1610612741,0021300803,Driving Layup Shot,1,1,Restricted Area
201571,D.J. Augustin,1610612741,0021300803,Step Back Jump shot,1,1,Above the Break 3
201959,Taj Gibson,1610612741,0021300803,Jump Shot,1,1,Mid-Range
201149,Joakim Noah,1610612741,0021300803,Jump Shot,1,0,Mid-Range
202710,Jimmy Butler III,1610612741,0021300803,Jump Shot,1,0,Mid-Range
2550,Kirk Hinrich,1610612741,0021300803,Jump Shot,1,1,Mid-Range
2430,Carlos Boozer,1610612741,0021300820,Layup Shot,1,0,Restricted Area
2430,Carlos Boozer,1610612741,0021300820,Layup Shot,1,0,Restricted Area
202710,Jimmy Butler III,1610612741,0021300820,Jump Shot,1,0,Above the Break 3
2550,Kirk Hinrich,1610612741,0021300820,Jump Shot,1,0,Mid-Range
201149,Joakim Noah,1610612741,0021300820,Slam Dunk Shot,1,1,Restricted Area
201149,Joakim Noah,1610612741,0021300820,Layup Shot,1,1,Restricted Area
201149,Joakim Noah,1610612741,0021300820,Layup Shot,1,0,Restricted Area
2550,Kirk Hinrich,1610612741,0021300820,Driving Layup Shot,1,1,Restricted Area
2430,Carlos Boozer,1610612741,0021300820,Fadeaway Jump Shot,1,0,Mid-Range
202710,Jimmy Butler III,1610612741,0021300820,Pullup Jump shot,1,1,Mid-Range
2430,Carlos Boozer,1610612741,0021300820,Layup Shot,1,0,Restricted Area
2550,Kirk Hinrich,1610612741,0021300820,Driving Layup Shot,1,1,Restricted Area
2430,Carlos Boozer,1610612741,0021300820,Fadeaway Jump Shot,1,1,Mid-Range
2550,Kirk Hinrich,1610612741,0021300820,Layup Shot,1,1,Restricted Area
2430,Carlos Boozer,1610612741,0021300820,Layup Shot,1,0,Restricted Area
201571,D.J. Augustin,1610612741,0021300820,Jump Shot,1,1,Above the Break 3
2399,Mike Dunleavy,1610612741,0021300820,Jump Shot,1,1,Mid-Range
201571,D.J. Augustin,1610612741,0021300820,Jump Shot,1,1,Above the Break 3
2430,Carlos Boozer,1610612741,0021300820,Layup Shot,1,1,Restricted Area
201959,Taj Gibson,1610612741,0021300820,Turnaround Fadeaway shot,1,0,Mid-Range
2430,Carlos Boozer,1610612741,0021300820,Jump Shot,1,0,Mid-Range
202710,Jimmy Butler III,1610612741,0021300820,Layup Shot,1,1,Restricted Area
202710,Jimmy Butler III,1610612741,0021300820,Jump Shot,1,1,Right Corner 3
201959,Taj Gibson,1610612741,0021300820,Driving Layup Shot,1,0,Restricted Area
201571,D.J. Augustin,1610612741,0021300820,Jump Shot,1,0,In The Paint (Non-RA)
201959,Taj Gibson,1610612741,0021300820,Jump Shot,1,0,In The Paint (Non-RA)
201571,D.J. Augustin,1610612741,0021300820,Jump Shot,1,0,Above the Break 3
201959,Taj Gibson,1610612741,0021300820,Hook Shot,1,0,In The Paint (Non-RA)
1737,Nazr Mohammed,1610612741,0021300820,Fadeaway Jump Shot,1,1,Mid-Range
2399,Mike Dunleavy,1610612741,0021300820,Jump Shot,1,1,Above the Break 3
201959,Taj Gibson,1610612741,0021300820,Layup Shot,1,1,Restricted Area
201959,Taj Gibson,1610612741,0021300820,Jump Shot,1,0,Mid-Range
201959,Taj Gibson,1610612741,0021300820,Jump Shot,1,0,In The Paint (Non-RA)
1737,Nazr Mohammed,1610612741,0021300820,Tip Shot,1,1,Restricted Area
2399,Mike Dunleavy,1610612741,0021300820,Jump Shot,1,0,Above the Break 3
203503,Tony Snell,1610612741,0021300820,Driving Layup Shot,1,0,Restricted Area
203503,Tony Snell,1610612741,0021300820,Floating Jump shot,1,1,Restricted Area
201571,D.J. Augustin,1610612741,0021300820,Jump Shot,1,1,Above the Break 3
201959,Taj Gibson,1610612741,0021300820,Jump Shot,1,1,Mid-Range
201959,Taj Gibson,1610612741,0021300820,Alley Oop Dunk Shot,1,1,Restricted Area
201959,Taj Gibson,1610612741,0021300820,Layup Shot,1,0,Restricted Area
203503,Tony Snell,1610612741,0021300820,Jump Shot,1,1,Mid-Range
201149,Joakim Noah,1610612741,0021300820,Alley Oop Layup shot,1,1,Restricted Area
203503,Tony Snell,1610612741,0021300820,Jump Shot,1,1,In The Paint (Non-RA)
203503,Tony Snell,1610612741,0021300820,Jump Shot,1,1,Left Corner 3
201571,D.J. Augustin,1610612741,0021300820,Jump Shot,1,0,Above the Break 3
2550,Kirk Hinrich,1610612741,0021300820,Jump Shot,1,1,Mid-Range
2550,Kirk Hinrich,1610612741,0021300820,Jump Shot,1,0,Mid-Range
2430,Carlos Boozer,1610612741,0021300820,Layup Shot,1,0,Restricted Area
203503,Tony Snell,1610612741,0021300820,Layup Shot,1,0,Restricted Area
201149,Joakim Noah,1610612741,0021300820,Layup Shot,1,1,Restricted Area
203503,Tony Snell,1610612741,0021300820,Jump Shot,1,1,Mid-Range
2430,Carlos Boozer,1610612741,0021300820,Jump Shot,1,1,Mid-Range
2430,Carlos Boozer,1610612741,0021300820,Jump Shot,1,0,Mid-Range
2550,Kirk Hinrich,1610612741,0021300820,Layup Shot,1,0,Restricted Area
201149,Joakim Noah,1610612741,0021300820,Tip Shot,1,0,Restricted Area
2399,Mike Dunleavy,1610612741,0021300820,Layup Shot,1,0,Restricted Area
2550,Kirk Hinrich,1610612741,0021300820,Layup Shot,1,1,Restricted Area
203503,Tony Snell,1610612741,0021300820,Jump Shot,1,0,Above the Break 3
203503,Tony Snell,1610612741,0021300820,Jump Shot,1,0,Mid-Range
2430,Carlos Boozer,1610612741,0021300820,Jump Shot,1,0,Mid-Range
2399,Mike Dunleavy,1610612741,0021300820,Jump Shot,1,1,Mid-Range
2399,Mike Dunleavy,1610612741,0021300820,Jump Shot,1,0,Mid-Range
203503,Tony Snell,1610612741,0021300820,Layup Shot,1,0,Restricted Area
201571,D.J. Augustin,1610612741,0021300820,Jump Shot,1,1,Above the Break 3
203503,Tony Snell,1610612741,0021300820,Jump Shot,1,1,Right Corner 3
2430,Carlos Boozer,1610612741,0021300820,Layup Shot,1,1,Restricted Area
2430,Carlos Boozer,1610612741,0021300820,Jump Shot,1,0,Above the Break 3
201959,Taj Gibson,1610612741,0021300820,Jump Shot,1,1,In The Paint (Non-RA)
201959,Taj Gibson,1610612741,0021300820,Jump Shot,1,1,Mid-Range
203503,Tony Snell,1610612741,0021300820,Jump Shot,1,1,Above the Break 3
201959,Taj Gibson,1610612741,0021300820,Jump Shot,1,1,Mid-Range
2399,Mike Dunleavy,1610612741,0021300820,Jump Shot,1,0,Above the Break 3
1737,Nazr Mohammed,1610612741,0021300820,Jump Shot,1,0,Mid-Range
201959,Taj Gibson,1610612741,0021300820,Jump Shot,1,1,Mid-Range
201571,D.J. Augustin,1610612741,0021300820,Jump Shot,1,1,Above the Break 3
201571,D.J. Augustin,1610612741,0021300820,Jump Shot,1,0,Mid-Range
203503,Tony Snell,1610612741,0021300820,Driving Layup Shot,1,0,Restricted Area
201571,D.J. Augustin,1610612741,0021300820,Driving Layup Shot,1,0,Restricted Area
1737,Nazr Mohammed,1610612741,0021300820,Layup Shot,1,1,Restricted Area
203503,Tony Snell,1610612741,0021300820,Jump Shot,1,0,Restricted Area
1737,Nazr Mohammed,1610612741,0021300820,Jump Shot,1,0,In The Paint (Non-RA)
203129,Tornike Shengelia,1610612741,0021300820,Driving Layup Shot,1,1,Restricted Area
1737,Nazr Mohammed,1610612741,0021300820,Jump Shot,1,0,Mid-Range
2399,Mike Dunleavy,1610612741,0021300834,Jump Shot,1,1,Mid-Range
2430,Carlos Boozer,1610612741,0021300834,Jump Shot,1,0,Mid-Range
2399,Mike Dunleavy,1610612741,0021300834,Jump Shot,1,0,Above the Break 3
2430,Carlos Boozer,1610612741,0021300834,Jump Shot,1,1,Mid-Range
2399,Mike Dunleavy,1610612741,0021300834,Jump Shot,1,0,Left Corner 3
2550,Kirk Hinrich,1610612741,0021300834,Jump Shot,1,1,Above the Break 3
203503,Tony Snell,1610612741,0021300834,Jump Shot,1,0,Right Corner 3
2430,Carlos Boozer,1610612741,0021300834,Jump Shot,1,0,Mid-Range
2430,Carlos Boozer,1610612741,0021300834,Jump Shot,1,1,In The Paint (Non-RA)
2550,Kirk Hinrich,1610612741,0021300834,Jump Shot,1,0,In The Paint (Non-RA)
2550,Kirk Hinrich,1610612741,0021300834,Jump Shot,1,0,In The Paint (Non-RA)
201149,Joakim Noah,1610612741,0021300834,Tip Shot,1,1,Restricted Area
203503,Tony Snell,1610612741,0021300834,Jump Shot,1,0,Mid-Range
2550,Kirk Hinrich,1610612741,0021300834,Running Layup Shot,1,1,Restricted Area
201149,Joakim Noah,1610612741,0021300834,Driving Layup Shot,1,0,Restricted Area
2399,Mike Dunleavy,1610612741,0021300834,Tip Shot,1,1,Restricted Area
201149,Joakim Noah,1610612741,0021300834,Driving Layup Shot,1,1,Restricted Area
2399,Mike Dunleavy,1610612741,0021300834,Jump Shot,1,0,Mid-Range
203503,Tony Snell,1610612741,0021300834,Jump Shot,1,1,Right Corner 3
2430,Carlos Boozer,1610612741,0021300834,Jump Shot,1,0,Mid-Range
201571,D.J. Augustin,1610612741,0021300834,Jump Shot,1,0,Above the Break 3
2399,Mike Dunleavy,1610612741,0021300834,Jump Shot,1,1,Above the Break 3
201571,D.J. Augustin,1610612741,0021300834,Jump Shot,1,0,Mid-Range
201959,Taj Gibson,1610612741,0021300834,Turnaround Jump Shot,1,0,Mid-Range
203503,Tony Snell,1610612741,0021300834,Jump Shot,1,0,Above the Break 3
201959,Taj Gibson,1610612741,0021300834,Jump Shot,1,0,Mid-Range
1737,Nazr Mohammed,1610612741,0021300834,Jump Shot,1,0,Mid-Range
1737,Nazr Mohammed,1610612741,0021300834,Layup Shot,1,0,Restricted Area
201571,D.J. Augustin,1610612741,0021300834,Layup Shot,1,0,Restricted Area
201959,Taj Gibson,1610612741,0021300834,Jump Shot,1,0,Mid-Range
201571,D.J. Augustin,1610612741,0021300834,Jump Shot,1,0,In The Paint (Non-RA)
201571,D.J. Augustin,1610612741,0021300834,Jump Shot,1,0,Above the Break 3
201959,Taj Gibson,1610612741,0021300834,Dunk Shot,1,1,Restricted Area
203503,Tony Snell,1610612741,0021300834,Jump Shot,1,1,Above the Break 3
201959,Taj Gibson,1610612741,0021300834,Jump Shot,1,1,In The Paint (Non-RA)
2550,Kirk Hinrich,1610612741,0021300834,Floating Jump shot,1,0,In The Paint (Non-RA)
201959,Taj Gibson,1610612741,0021300834,Dunk Shot,1,1,Restricted Area
201959,Taj Gibson,1610612741,0021300834,Driving Layup Shot,1,0,Restricted Area
201149,Joakim Noah,1610612741,0021300834,Layup Shot,1,1,Restricted Area
203503,Tony Snell,1610612741,0021300834,Jump Shot,1,0,Above the Break 3
201959,Taj Gibson,1610612741,0021300834,Jump Bank Shot,1,1,Mid-Range
203503,Tony Snell,1610612741,0021300834,Layup Shot,1,0,Restricted Area
2550,Kirk Hinrich,1610612741,0021300834,Driving Layup Shot,1,0,Restricted Area
201959,Taj Gibson,1610612741,0021300834,Tip Shot,1,1,Restricted Area
203503,Tony Snell,1610612741,0021300834,Jump Shot,1,0,Mid-Range
201149,Joakim Noah,1610612741,0021300834,Jump Shot,1,0,Restricted Area
201149,Joakim Noah,1610612741,0021300834,Jump Shot,1,1,Mid-Range
2399,Mike Dunleavy,1610612741,0021300834,Jump Shot,1,1,Mid-Range
2550,Kirk Hinrich,1610612741,0021300834,Step Back Jump shot,1,1,Mid-Range
2399,Mike Dunleavy,1610612741,0021300834,Jump Shot,1,0,Above the Break 3
201571,D.J. Augustin,1610612741,0021300834,Driving Layup Shot,1,0,Restricted Area
2399,Mike Dunleavy,1610612741,0021300834,Tip Shot,1,0,Restricted Area
201149,Joakim Noah,1610612741,0021300834,Running Hook Shot,1,0,In The Paint (Non-RA)
201571,D.J. Augustin,1610612741,0021300834,Jump Shot,1,0,Above the Break 3
201149,Joakim Noah,1610612741,0021300834,Layup Shot,1,1,Restricted Area
2430,Carlos Boozer,1610612741,0021300834,Jump Shot,1,0,Mid-Range
2550,Kirk Hinrich,1610612741,0021300834,Driving Finger Roll Layup Shot,1,0,Restricted Area
2399,Mike Dunleavy,1610612741,0021300834,Jump Shot,1,0,Left Corner 3
201571,D.J. Augustin,1610612741,0021300834,Jump Shot,1,0,Right Corner 3
2430,Carlos Boozer,1610612741,0021300834,Driving Layup Shot,1,1,Restricted Area
201571,D.J. Augustin,1610612741,0021300834,Driving Finger Roll Layup Shot,1,0,Restricted Area
2430,Carlos Boozer,1610612741,0021300834,Jump Shot,1,0,In The Paint (Non-RA)
203503,Tony Snell,1610612741,0021300834,Jump Shot,1,0,Above the Break 3
201959,Taj Gibson,1610612741,0021300834,Turnaround Jump Shot,1,0,Mid-Range
201571,D.J. Augustin,1610612741,0021300834,Jump Shot,1,0,Backcourt
201959,Taj Gibson,1610612741,0021300834,Jump Shot,1,0,Mid-Range
2399,Mike Dunleavy,1610612741,0021300834,Jump Shot,1,0,Above the Break 3
201959,Taj Gibson,1610612741,0021300834,Dunk Shot,1,1,Restricted Area
201959,Taj Gibson,1610612741,0021300834,Driving Layup Shot,1,0,Restricted Area
203503,Tony Snell,1610612741,0021300834,Jump Shot,1,0,Above the Break 3
201959,Taj Gibson,1610612741,0021300834,Layup Shot,1,0,Restricted Area
201149,Joakim Noah,1610612741,0021300834,Layup Shot,1,1,Restricted Area
2550,Kirk Hinrich,1610612741,0021300834,Jump Shot,1,1,Above the Break 3
201959,Taj Gibson,1610612741,0021300834,Driving Finger Roll Layup Shot,1,1,Restricted Area
201149,Joakim Noah,1610612741,0021300834,Hook Shot,1,1,In The Paint (Non-RA)
2550,Kirk Hinrich,1610612741,0021300834,Jump Shot,1,0,Mid-Range
201959,Taj Gibson,1610612741,0021300834,Jump Shot,1,0,Mid-Range
201959,Taj Gibson,1610612741,0021300834,Fadeaway Jump Shot,1,0,Mid-Range
201149,Joakim Noah,1610612741,0021300834,Layup Shot,1,0,Restricted Area
2399,Mike Dunleavy,1610612741,0021300834,Jump Shot,1,1,Above the Break 3
201959,Taj Gibson,1610612741,0021300834,Jump Shot,1,1,Mid-Range
2550,Kirk Hinrich,1610612741,0021300849,Floating Jump shot,1,0,In The Paint (Non-RA)
2550,Kirk Hinrich,1610612741,0021300849,Tip Shot,1,0,Restricted Area
2430,Carlos Boozer,1610612741,0021300849,Reverse Layup Shot,1,1,Restricted Area
2399,Mike Dunleavy,1610612741,0021300849,Jump Shot,1,0,Above the Break 3
203503,Tony Snell,1610612741,0021300849,Jump Shot,1,0,Mid-Range
2430,Carlos Boozer,1610612741,0021300849,Jump Shot,1,1,Mid-Range
201149,Joakim Noah,1610612741,0021300849,Jump Shot,1,0,Mid-Range
201149,Joakim Noah,1610612741,0021300849,Turnaround Hook Shot,1,0,In The Paint (Non-RA)
201149,Joakim Noah,1610612741,0021300849,Driving Layup Shot,1,0,Restricted Area
2430,Carlos Boozer,1610612741,0021300849,Layup Shot,1,0,Restricted Area
201149,Joakim Noah,1610612741,0021300849,Tip Shot,1,1,Restricted Area
203503,Tony Snell,1610612741,0021300849,Jump Shot,1,0,Above the Break 3
2550,Kirk Hinrich,1610612741,0021300849,Jump Shot,1,0,Above the Break 3
2430,Carlos Boozer,1610612741,0021300849,Driving Layup Shot,1,1,Restricted Area
201149,Joakim Noah,1610612741,0021300849,Jump Shot,1,1,Mid-Range
2550,Kirk Hinrich,1610612741,0021300849,Jump Shot,1,0,Above the Break 3
2399,Mike Dunleavy,1610612741,0021300849,Driving Hook Shot,1,0,In The Paint (Non-RA)
2430,Carlos Boozer,1610612741,0021300849,Tip Shot,1,0,Restricted Area
2430,Carlos Boozer,1610612741,0021300849,Jump Shot,1,0,Mid-Range
201959,Taj Gibson,1610612741,0021300849,Jump Shot,1,0,Mid-Range
2399,Mike Dunleavy,1610612741,0021300849,Jump Shot,1,1,Above the Break 3
2430,Carlos Boozer,1610612741,0021300849,Hook Shot,1,1,In The Paint (Non-RA)
201571,D.J. Augustin,1610612741,0021300849,Jump Shot,1,0,Mid-Range
2399,Mike Dunleavy,1610612741,0021300849,Tip Shot,1,0,Restricted Area
201959,Taj Gibson,1610612741,0021300849,Tip Shot,1,1,Restricted Area
201571,D.J. Augustin,1610612741,0021300849,Running Jump Shot,1,0,Above the Break 3
2399,Mike Dunleavy,1610612741,0021300849,Jump Shot,1,1,Above the Break 3
2399,Mike Dunleavy,1610612741,0021300849,Jump Shot,1,0,Above the Break 3
201959,Taj Gibson,1610612741,0021300849,Turnaround Jump Shot,1,0,Mid-Range
201959,Taj Gibson,1610612741,0021300849,Layup Shot,1,1,Restricted Area
203503,Tony Snell,1610612741,0021300849,Jump Shot,1,1,Left Corner 3
201959,Taj Gibson,1610612741,0021300849,Driving Layup Shot,1,0,Restricted Area
201959,Taj Gibson,1610612741,0021300849,Driving Layup Shot,1,1,Restricted Area
201959,Taj Gibson,1610612741,0021300849,Jump Shot,1,1,Mid-Range
201959,Taj Gibson,1610612741,0021300849,Jump Shot,1,0,Mid-Range
2399,Mike Dunleavy,1610612741,0021300849,Jump Shot,1,1,Above the Break 3
2550,Kirk Hinrich,1610612741,0021300849,Jump Shot,1,0,Mid-Range
201571,D.J. Augustin,1610612741,0021300849,Jump Shot,1,0,Right Corner 3
2430,Carlos Boozer,1610612741,0021300849,Jump Shot,1,1,Mid-Range
201571,D.J. Augustin,1610612741,0021300849,Jump Shot,1,0,Above the Break 3
2399,Mike Dunleavy,1610612741,0021300849,Jump Shot,1,1,Mid-Range
2550,Kirk Hinrich,1610612741,0021300849,Jump Shot,1,1,Above the Break 3
2550,Kirk Hinrich,1610612741,0021300849,Jump Shot,1,0,Mid-Range
201149,Joakim Noah,1610612741,0021300849,Tip Shot,1,1,Restricted Area
201149,Joakim Noah,1610612741,0021300849,Layup Shot,1,1,Restricted Area
2550,Kirk Hinrich,1610612741,0021300849,Jump Shot,1,0,Above the Break 3
2430,Carlos Boozer,1610612741,0021300849,Jump Shot,1,1,Mid-Range
2399,Mike Dunleavy,1610612741,0021300849,Jump Shot,1,0,Above the Break 3
2399,Mike Dunleavy,1610612741,0021300849,Jump Shot,1,0,Right Corner 3
2550,Kirk Hinrich,1610612741,0021300849,Floating Jump shot,1,1,In The Paint (Non-RA)
2430,Carlos Boozer,1610612741,0021300849,Jump Shot,1,0,Mid-Range
2399,Mike Dunleavy,1610612741,0021300849,Reverse Layup Shot,1,0,Restricted Area
2550,Kirk Hinrich,1610612741,0021300849,Driving Jump shot,1,0,In The Paint (Non-RA)
201149,Joakim Noah,1610612741,0021300849,Tip Shot,1,1,Restricted Area
2550,Kirk Hinrich,1610612741,0021300849,Driving Jump shot,1,0,In The Paint (Non-RA)
2430,Carlos Boozer,1610612741,0021300849,Layup Shot,1,1,Restricted Area
203503,Tony Snell,1610612741,0021300849,Driving Layup Shot,1,1,Restricted Area
2399,Mike Dunleavy,1610612741,0021300849,Jump Shot,1,0,Above the Break 3
201149,Joakim Noah,1610612741,0021300849,Driving Jump shot,1,1,In The Paint (Non-RA)
203503,Tony Snell,1610612741,0021300849,Running Dunk Shot,1,1,Restricted Area
2430,Carlos Boozer,1610612741,0021300849,Reverse Layup Shot,1,0,Restricted Area
2430,Carlos Boozer,1610612741,0021300849,Driving Layup Shot,1,1,Restricted Area
203503,Tony Snell,1610612741,0021300849,Jump Shot,1,1,Mid-Range
201959,Taj Gibson,1610612741,0021300849,Dunk Shot,1,1,Restricted Area
2430,Carlos Boozer,1610612741,0021300849,Jump Shot,1,0,Mid-Range
201571,D.J. Augustin,1610612741,0021300849,Running Layup Shot,1,1,Restricted Area
201571,D.J. Augustin,1610612741,0021300849,Jump Shot,1,0,Above the Break 3
2399,Mike Dunleavy,1610612741,0021300849,Driving Layup Shot,1,0,Restricted Area
203503,Tony Snell,1610612741,0021300849,Tip Shot,1,0,Restricted Area
201571,D.J. Augustin,1610612741,0021300849,Jump Shot,1,1,Backcourt
201149,Joakim Noah,1610612741,0021300849,Driving Jump shot,1,1,In The Paint (Non-RA)
201571,D.J. Augustin,1610612741,0021300849,Jump Shot,1,0,Above the Break 3
201149,Joakim Noah,1610612741,0021300849,Driving Jump shot,1,0,Restricted Area
201571,D.J. Augustin,1610612741,0021300849,Driving Jump shot,1,0,In The Paint (Non-RA)
201149,Joakim Noah,1610612741,0021300849,Tip Shot,1,1,Restricted Area
2399,Mike Dunleavy,1610612741,0021300849,Jump Shot,1,1,Above the Break 3
201149,Joakim Noah,1610612741,0021300849,Jump Shot,1,1,Mid-Range
201571,D.J. Augustin,1610612741,0021300849,Jump Shot,1,0,Mid-Range
2550,Kirk Hinrich,1610612741,0021300849,Jump Shot,1,1,Above the Break 3
201571,D.J. Augustin,1610612741,0021300849,Jump Shot,1,0,Above the Break 3
201959,Taj Gibson,1610612741,0021300849,Tip Shot,1,0,Restricted Area
201571,D.J. Augustin,1610612741,0021300849,Running Layup Shot,1,0,Restricted Area
201571,D.J. Augustin,1610612741,0021300849,Jump Shot,1,0,In The Paint (Non-RA)
201571,D.J. Augustin,1610612741,0021300849,Jump Shot,1,0,Above the Break 3
201959,Taj Gibson,1610612741,0021300849,Tip Shot,1,0,Restricted Area
203503,Tony Snell,1610612741,0021300849,Driving Jump shot,1,0,In The Paint (Non-RA)
201959,Taj Gibson,1610612741,0021300849,Fadeaway Jump Shot,1,0,In The Paint (Non-RA)
2399,Mike Dunleavy,1610612741,0021300849,Driving Layup Shot,1,1,Restricted Area
2550,Kirk Hinrich,1610612741,0021300855,Jump Shot,1,1,Mid-Range
202710,Jimmy Butler III,1610612741,0021300855,Jump Shot,1,0,Mid-Range
2430,Carlos Boozer,1610612741,0021300855,Jump Shot,1,1,Mid-Range
2430,Carlos Boozer,1610612741,0021300855,Jump Shot,1,0,Mid-Range
202710,Jimmy Butler III,1610612741,0021300855,Jump Shot,1,0,Mid-Range
201149,Joakim Noah,1610612741,0021300855,Jump Shot,1,0,Mid-Range
2550,Kirk Hinrich,1610612741,0021300855,Jump Shot,1,0,Above the Break 3
2399,Mike Dunleavy,1610612741,0021300855,Jump Shot,1,0,Mid-Range
201149,Joakim Noah,1610612741,0021300855,Jump Shot,1,0,Restricted Area
2430,Carlos Boozer,1610612741,0021300855,Jump Shot,1,0,In The Paint (Non-RA)
202710,Jimmy Butler III,1610612741,0021300855,Layup Shot,1,1,Restricted Area
2550,Kirk Hinrich,1610612741,0021300855,Jump Shot,1,0,Above the Break 3
2550,Kirk Hinrich,1610612741,0021300855,Layup Shot,1,1,Restricted Area
203503,Tony Snell,1610612741,0021300855,Jump Shot,1,0,Mid-Range
2430,Carlos Boozer,1610612741,0021300855,Driving Layup Shot,1,0,Restricted Area
202710,Jimmy Butler III,1610612741,0021300855,Running Layup Shot,1,0,Restricted Area
201959,Taj Gibson,1610612741,0021300855,Jump Shot,1,0,In The Paint (Non-RA)
203503,Tony Snell,1610612741,0021300855,Jump Shot,1,0,Above the Break 3
203503,Tony Snell,1610612741,0021300855,Jump Shot,1,1,Above the Break 3
201571,D.J. Augustin,1610612741,0021300855,Jump Shot,1,0,Above the Break 3
201959,Taj Gibson,1610612741,0021300855,Jump Shot,1,1,Mid-Range
2399,Mike Dunleavy,1610612741,0021300855,Jump Shot,1,1,Above the Break 3
1737,Nazr Mohammed,1610612741,0021300855,Jump Shot,1,0,In The Paint (Non-RA)
201959,Taj Gibson,1610612741,0021300855,Jump Shot,1,0,In The Paint (Non-RA)
201959,Taj Gibson,1610612741,0021300855,Tip Shot,1,1,Restricted Area
201571,D.J. Augustin,1610612741,0021300855,Jump Shot,1,0,Mid-Range
1737,Nazr Mohammed,1610612741,0021300855,Driving Layup Shot,1,1,Restricted Area
2399,Mike Dunleavy,1610612741,0021300855,Driving Layup Shot,1,1,Restricted Area
201959,Taj Gibson,1610612741,0021300855,Jump Shot,1,0,In The Paint (Non-RA)
201149,Joakim Noah,1610612741,0021300855,Jump Shot,1,1,Mid-Range
203503,Tony Snell,1610612741,0021300855,Layup Shot,1,1,Restricted Area
201149,Joakim Noah,1610612741,0021300855,Running Jump Shot,1,0,In The Paint (Non-RA)
201959,Taj Gibson,1610612741,0021300855,Jump Shot,1,0,Mid-Range
2399,Mike Dunleavy,1610612741,0021300855,Jump Shot,1,0,Above the Break 3
2550,Kirk Hinrich,1610612741,0021300855,Jump Shot,1,0,Mid-Range
202710,Jimmy Butler III,1610612741,0021300855,Jump Shot,1,1,Above the Break 3
202710,Jimmy Butler III,1610612741,0021300855,Running Slam Dunk Shot,1,1,Restricted Area
2399,Mike Dunleavy,1610612741,0021300855,Jump Shot,1,0,Mid-Range
2399,Mike Dunleavy,1610612741,0021300855,Finger Roll Layup Shot,1,1,Restricted Area
201959,Taj Gibson,1610612741,0021300855,Jump Shot,1,0,Mid-Range
202710,Jimmy Butler III,1610612741,0021300855,Jump Shot,1,1,Mid-Range
201959,Taj Gibson,1610612741,0021300855,Running Layup Shot,1,1,Restricted Area
2399,Mike Dunleavy,1610612741,0021300855,Jump Shot,1,1,Left Corner 3
2430,Carlos Boozer,1610612741,0021300855,Jump Shot,1,1,Mid-Range
2430,Carlos Boozer,1610612741,0021300855,Jump Shot,1,0,Mid-Range
2430,Carlos Boozer,1610612741,0021300855,Jump Shot,1,0,Mid-Range
202710,Jimmy Butler III,1610612741,0021300855,Jump Shot,1,0,In The Paint (Non-RA)
2399,Mike Dunleavy,1610612741,0021300855,Jump Shot,1,0,Mid-Range
201149,Joakim Noah,1610612741,0021300855,Running Hook Shot,1,0,Restricted Area
2399,Mike Dunleavy,1610612741,0021300855,Jump Shot,1,0,Above the Break 3
2550,Kirk Hinrich,1610612741,0021300855,Jump Shot,1,0,Mid-Range
2550,Kirk Hinrich,1610612741,0021300855,Driving Layup Shot,1,1,Restricted Area
2430,Carlos Boozer,1610612741,0021300855,Running Layup Shot,1,1,Restricted Area
201149,Joakim Noah,1610612741,0021300855,Driving Layup Shot,1,0,Restricted Area
201149,Joakim Noah,1610612741,0021300855,Jump Shot,1,0,Mid-Range
202710,Jimmy Butler III,1610612741,0021300855,Putback Layup Shot,1,1,Restricted Area
201149,Joakim Noah,1610612741,0021300855,Driving Layup Shot,1,0,Restricted Area
2430,Carlos Boozer,1610612741,0021300855,Jump Shot,1,1,Mid-Range
2430,Carlos Boozer,1610612741,0021300855,Jump Shot,1,1,In The Paint (Non-RA)
2430,Carlos Boozer,1610612741,0021300855,Jump Bank Shot,1,1,Mid-Range
2550,Kirk Hinrich,1610612741,0021300855,Jump Shot,1,0,In The Paint (Non-RA)
201149,Joakim Noah,1610612741,0021300855,Layup Shot,1,1,Restricted Area
201959,Taj Gibson,1610612741,0021300855,Jump Shot,1,1,Mid-Range
201959,Taj Gibson,1610612741,0021300855,Jump Shot,1,0,In The Paint (Non-RA)
201571,D.J. Augustin,1610612741,0021300855,Jump Shot,1,0,Left Corner 3
201959,Taj Gibson,1610612741,0021300855,Slam Dunk Shot,1,1,Restricted Area
2399,Mike Dunleavy,1610612741,0021300855,Jump Shot,1,1,Above the Break 3
201571,D.J. Augustin,1610612741,0021300855,Layup Shot,1,1,Restricted Area
2399,Mike Dunleavy,1610612741,0021300855,Jump Shot,1,0,Above the Break 3
201959,Taj Gibson,1610612741,0021300855,Layup Shot,1,1,Restricted Area
201571,D.J. Augustin,1610612741,0021300855,Fadeaway Bank shot,1,1,In The Paint (Non-RA)
202710,Jimmy Butler III,1610612741,0021300855,Jump Shot,1,0,Mid-Range
201149,Joakim Noah,1610612741,0021300855,Jump Shot,1,1,Mid-Range
1737,Nazr Mohammed,1610612741,0021300855,Layup Shot,1,1,Restricted Area
201571,D.J. Augustin,1610612741,0021300855,Jump Shot,1,0,Above the Break 3
203503,Tony Snell,1610612741,0021300855,Jump Shot,1,0,Mid-Range
201959,Taj Gibson,1610612741,0021300855,Jump Shot,1,1,In The Paint (Non-RA)
1737,Nazr Mohammed,1610612741,0021300855,Layup Shot,1,1,Restricted Area
203513,Erik Murphy,1610612741,0021300855,Jump Shot,1,0,In The Paint (Non-RA)
1737,Nazr Mohammed,1610612741,0021300855,Tip Shot,1,0,Restricted Area
203129,Tornike Shengelia,1610612741,0021300855,Driving Jump shot,1,0,In The Paint (Non-RA)
1737,Nazr Mohammed,1610612741,0021300855,Hook Shot,1,0,In The Paint (Non-RA)
1737,Nazr Mohammed,1610612741,0021300855,Jump Shot,1,1,Mid-Range
2550,Kirk Hinrich,1610612741,0021300870,Pullup Jump shot,1,1,Mid-Range
2430,Carlos Boozer,1610612741,0021300870,Jump Shot,1,1,Mid-Range
202710,Jimmy Butler III,1610612741,0021300870,Step Back Jump shot,1,1,In The Paint (Non-RA)
2430,Carlos Boozer,1610612741,0021300870,Turnaround Fadeaway shot,1,0,Mid-Range
2399,Mike Dunleavy,1610612741,0021300870,Driving Reverse Layup Shot,1,1,Restricted Area
201149,Joakim Noah,1610612741,0021300870,Layup Shot,1,0,Restricted Area
202710,Jimmy Butler III,1610612741,0021300870,Jump Shot,1,0,Mid-Range
2399,Mike Dunleavy,1610612741,0021300870,Jump Shot,1,0,Above the Break 3
202710,Jimmy Butler III,1610612741,0021300870,Jump Shot,1,0,Above the Break 3
202710,Jimmy Butler III,1610612741,0021300870,Reverse Layup Shot,1,0,Restricted Area
2430,Carlos Boozer,1610612741,0021300870,Turnaround Fadeaway shot,1,0,Mid-Range
201959,Taj Gibson,1610612741,0021300870,Turnaround Jump Shot,1,0,Mid-Range
201571,D.J. Augustin,1610612741,0021300870,Jump Shot,1,1,Left Corner 3
2430,Carlos Boozer,1610612741,0021300870,Driving Bank shot,1,0,In The Paint (Non-RA)
201959,Taj Gibson,1610612741,0021300870,Tip Shot,1,1,Restricted Area
201959,Taj Gibson,1610612741,0021300870,Jump Bank Shot,1,1,Restricted Area
2399,Mike Dunleavy,1610612741,0021300870,Jump Shot,1,0,Above the Break 3
201959,Taj Gibson,1610612741,0021300870,Putback Layup Shot,1,1,Restricted Area
201959,Taj Gibson,1610612741,0021300870,Layup Shot,1,0,Restricted Area
203503,Tony Snell,1610612741,0021300870,Turnaround Jump Shot,1,0,Mid-Range
201959,Taj Gibson,1610612741,0021300870,Putback Dunk Shot,1,1,Restricted Area
202710,Jimmy Butler III,1610612741,0021300870,Jump Shot,1,0,Mid-Range
201959,Taj Gibson,1610612741,0021300870,Jump Shot,1,0,Mid-Range
201959,Taj Gibson,1610612741,0021300870,Jump Shot,1,0,In The Paint (Non-RA)
202710,Jimmy Butler III,1610612741,0021300870,Jump Shot,1,0,Above the Break 3
201571,D.J. Augustin,1610612741,0021300870,Driving Layup Shot,1,1,Restricted Area
202710,Jimmy Butler III,1610612741,0021300870,Driving Reverse Layup Shot,1,1,Restricted Area
202710,Jimmy Butler III,1610612741,0021300870,Slam Dunk Shot,1,1,Restricted Area
201959,Taj Gibson,1610612741,0021300870,Step Back Jump shot,1,1,In The Paint (Non-RA)
2399,Mike Dunleavy,1610612741,0021300870,Jump Shot,1,1,Right Corner 3
201149,Joakim Noah,1610612741,0021300870,Jump Shot,1,0,In The Paint (Non-RA)
2399,Mike Dunleavy,1610612741,0021300870,Tip Shot,1,0,Restricted Area
201959,Taj Gibson,1610612741,0021300870,Turnaround Jump Shot,1,0,In The Paint (Non-RA)
2399,Mike Dunleavy,1610612741,0021300870,Jump Shot,1,1,Left Corner 3
201571,D.J. Augustin,1610612741,0021300870,Jump Shot,1,0,Right Corner 3
201149,Joakim Noah,1610612741,0021300870,Driving Layup Shot,1,1,Restricted Area
2550,Kirk Hinrich,1610612741,0021300870,Jump Shot,1,1,Right Corner 3
202710,Jimmy Butler III,1610612741,0021300870,Jump Shot,1,1,Right Corner 3
201149,Joakim Noah,1610612741,0021300870,Jump Shot,1,0,Mid-Range
2430,Carlos Boozer,1610612741,0021300870,Jump Shot,1,1,Mid-Range
202710,Jimmy Butler III,1610612741,0021300870,Jump Shot,1,0,Left Corner 3
202710,Jimmy Butler III,1610612741,0021300870,Driving Reverse Layup Shot,1,0,Restricted Area
2430,Carlos Boozer,1610612741,0021300870,Layup Shot,1,0,Restricted Area
2430,Carlos Boozer,1610612741,0021300870,Fadeaway Jump Shot,1,1,In The Paint (Non-RA)
2399,Mike Dunleavy,1610612741,0021300870,Jump Shot,1,1,Right Corner 3
201149,Joakim Noah,1610612741,0021300870,Slam Dunk Shot,1,1,Restricted Area
2550,Kirk Hinrich,1610612741,0021300870,Jump Shot,1,0,Mid-Range
2550,Kirk Hinrich,1610612741,0021300870,Running Layup Shot,1,1,Restricted Area
2550,Kirk Hinrich,1610612741,0021300870,Pullup Jump shot,1,1,Mid-Range
201149,Joakim Noah,1610612741,0021300870,Running Layup Shot,1,1,Restricted Area
2550,Kirk Hinrich,1610612741,0021300870,Jump Shot,1,1,Mid-Range
2430,Carlos Boozer,1610612741,0021300870,Jump Hook Shot,1,0,Restricted Area
202710,Jimmy Butler III,1610612741,0021300870,Putback Dunk Shot,1,1,Restricted Area
2430,Carlos Boozer,1610612741,0021300870,Driving Reverse Layup Shot,1,1,Restricted Area
201959,Taj Gibson,1610612741,0021300870,Jump Shot,1,0,Mid-Range
201959,Taj Gibson,1610612741,0021300870,Jump Shot,1,0,Mid-Range
201571,D.J. Augustin,1610612741,0021300870,Jump Shot,1,0,Above the Break 3
201959,Taj Gibson,1610612741,0021300870,Jump Shot,1,1,Mid-Range
201571,D.J. Augustin,1610612741,0021300870,Jump Shot,1,1,Above the Break 3
201149,Joakim Noah,1610612741,0021300870,Jump Shot,1,0,Mid-Range
2550,Kirk Hinrich,1610612741,0021300870,Jump Shot,1,1,Above the Break 3
201959,Taj Gibson,1610612741,0021300870,Jump Shot,1,0,Mid-Range
201571,D.J. Augustin,1610612741,0021300870,Jump Shot,1,0,Left Corner 3
2399,Mike Dunleavy,1610612741,0021300870,Jump Shot,1,0,Above the Break 3
2399,Mike Dunleavy,1610612741,0021300870,Jump Shot,1,1,Above the Break 3
2399,Mike Dunleavy,1610612741,0021300870,Jump Shot,1,0,Mid-Range
201571,D.J. Augustin,1610612741,0021300870,Jump Shot,1,0,Left Corner 3
201959,Taj Gibson,1610612741,0021300870,Slam Dunk Shot,1,1,Restricted Area
202710,Jimmy Butler III,1610612741,0021300870,Turnaround Jump Shot,1,1,In The Paint (Non-RA)
2550,Kirk Hinrich,1610612741,0021300870,Floating Jump shot,1,1,Mid-Range
201149,Joakim Noah,1610612741,0021300870,Layup Shot,1,1,Restricted Area
2399,Mike Dunleavy,1610612741,0021300883,Jump Shot,1,1,Mid-Range
2430,Carlos Boozer,1610612741,0021300883,Jump Shot,1,0,Mid-Range
202710,Jimmy Butler III,1610612741,0021300883,Jump Shot,1,1,Mid-Range
2399,Mike Dunleavy,1610612741,0021300883,Jump Shot,1,1,Mid-Range
201149,Joakim Noah,1610612741,0021300883,Jump Shot,1,1,Mid-Range
2399,Mike Dunleavy,1610612741,0021300883,Layup Shot,1,1,Restricted Area
2550,Kirk Hinrich,1610612741,0021300883,Jump Shot,1,0,Mid-Range
201149,Joakim Noah,1610612741,0021300883,Hook Shot,1,0,Mid-Range
201149,Joakim Noah,1610612741,0021300883,Driving Layup Shot,1,1,Restricted Area
202710,Jimmy Butler III,1610612741,0021300883,Floating Jump shot,1,0,Mid-Range
2430,Carlos Boozer,1610612741,0021300883,Jump Shot,1,0,Mid-Range
201149,Joakim Noah,1610612741,0021300883,Tip Shot,1,1,Restricted Area
2550,Kirk Hinrich,1610612741,0021300883,Jump Bank Shot,1,1,Above the Break 3
2430,Carlos Boozer,1610612741,0021300883,Jump Shot,1,1,In The Paint (Non-RA)
2430,Carlos Boozer,1610612741,0021300883,Jump Shot,1,0,Mid-Range
202710,Jimmy Butler III,1610612741,0021300883,Jump Shot,1,0,Above the Break 3
2430,Carlos Boozer,1610612741,0021300883,Layup Shot,1,0,Restricted Area
2399,Mike Dunleavy,1610612741,0021300883,Layup Shot,1,0,Restricted Area
2430,Carlos Boozer,1610612741,0021300883,Layup Shot,1,0,Restricted Area
2430,Carlos Boozer,1610612741,0021300883,Putback Layup Shot,1,1,Restricted Area
2399,Mike Dunleavy,1610612741,0021300883,Jump Shot,1,0,Above the Break 3
201959,Taj Gibson,1610612741,0021300883,Slam Dunk Shot,1,1,Restricted Area
2399,Mike Dunleavy,1610612741,0021300883,Jump Shot,1,0,Above the Break 3
2430,Carlos Boozer,1610612741,0021300883,Dunk Shot,1,1,Restricted Area
202710,Jimmy Butler III,1610612741,0021300883,Driving Layup Shot,1,1,Restricted Area
201571,D.J. Augustin,1610612741,0021300883,Layup Shot,1,0,Restricted Area
201959,Taj Gibson,1610612741,0021300883,Fadeaway Jump Shot,1,1,Mid-Range
202710,Jimmy Butler III,1610612741,0021300883,Layup Shot,1,1,Restricted Area
202710,Jimmy Butler III,1610612741,0021300883,Jump Shot,1,0,Above the Break 3
201959,Taj Gibson,1610612741,0021300883,Layup Shot,1,0,Restricted Area
203503,Tony Snell,1610612741,0021300883,Driving Layup Shot,1,1,Restricted Area
201959,Taj Gibson,1610612741,0021300883,Jump Shot,1,0,In The Paint (Non-RA)
202710,Jimmy Butler III,1610612741,0021300883,Driving Layup Shot,1,1,Restricted Area
201149,Joakim Noah,1610612741,0021300883,Tip Shot,1,0,Restricted Area
203503,Tony Snell,1610612741,0021300883,Layup Shot,1,1,Restricted Area
203503,Tony Snell,1610612741,0021300883,Jump Shot,1,0,Above the Break 3
202710,Jimmy Butler III,1610612741,0021300883,Jump Shot,1,0,Left Corner 3
201149,Joakim Noah,1610612741,0021300883,Jump Shot,1,0,Mid-Range
201959,Taj Gibson,1610612741,0021300883,Jump Shot,1,0,Mid-Range
201149,Joakim Noah,1610612741,0021300883,Jump Shot,1,1,Mid-Range
201959,Taj Gibson,1610612741,0021300883,Reverse Layup Shot,1,1,Restricted Area
201959,Taj Gibson,1610612741,0021300883,Slam Dunk Shot,1,1,Restricted Area
201959,Taj Gibson,1610612741,0021300883,Jump Shot,1,0,In The Paint (Non-RA)
201959,Taj Gibson,1610612741,0021300883,Layup Shot,1,0,Restricted Area
202710,Jimmy Butler III,1610612741,0021300883,Jump Shot,1,1,Restricted Area
202710,Jimmy Butler III,1610612741,0021300883,Jump Shot,1,0,In The Paint (Non-RA)
2430,Carlos Boozer,1610612741,0021300883,Layup Shot,1,1,Restricted Area
201149,Joakim Noah,1610612741,0021300883,Jump Shot,1,0,Mid-Range
2430,Carlos Boozer,1610612741,0021300883,Layup Shot,1,1,Restricted Area
201149,Joakim Noah,1610612741,0021300883,Jump Shot,1,0,Mid-Range
2430,Carlos Boozer,1610612741,0021300883,Layup Shot,1,0,Restricted Area
2550,Kirk Hinrich,1610612741,0021300883,Jump Shot,1,1,Above the Break 3
2430,Carlos Boozer,1610612741,0021300883,Layup Shot,1,1,Restricted Area
2399,Mike Dunleavy,1610612741,0021300883,Jump Shot,1,1,Above the Break 3
202710,Jimmy Butler III,1610612741,0021300883,Jump Shot,1,0,Mid-Range
2550,Kirk Hinrich,1610612741,0021300883,Jump Shot,1,1,Above the Break 3
2399,Mike Dunleavy,1610612741,0021300883,Jump Shot,1,0,Mid-Range
201959,Taj Gibson,1610612741,0021300883,Jump Shot,1,0,Mid-Range
2399,Mike Dunleavy,1610612741,0021300883,Jump Shot,1,0,Mid-Range
201959,Taj Gibson,1610612741,0021300883,Jump Shot,1,0,In The Paint (Non-RA)
201959,Taj Gibson,1610612741,0021300883,Jump Shot,1,0,Mid-Range
201959,Taj Gibson,1610612741,0021300883,Slam Dunk Shot,1,1,Restricted Area
2430,Carlos Boozer,1610612741,0021300883,Jump Shot,1,0,Above the Break 3
201959,Taj Gibson,1610612741,0021300883,Layup Shot,1,1,Restricted Area
201571,D.J. Augustin,1610612741,0021300883,Driving Layup Shot,1,1,Restricted Area
201571,D.J. Augustin,1610612741,0021300883,Jump Shot,1,1,Above the Break 3
201571,D.J. Augustin,1610612741,0021300883,Layup Shot,1,1,Restricted Area
202710,Jimmy Butler III,1610612741,0021300883,Jump Shot,1,0,Mid-Range
201959,Taj Gibson,1610612741,0021300883,Jump Shot,1,0,Mid-Range
202710,Jimmy Butler III,1610612741,0021300883,Jump Shot,1,0,Above the Break 3
2550,Kirk Hinrich,1610612741,0021300883,Jump Shot,1,0,Above the Break 3
201571,D.J. Augustin,1610612741,0021300883,Jump Shot,1,0,Above the Break 3
201571,D.J. Augustin,1610612741,0021300883,Layup Shot,1,0,Restricted Area
201149,Joakim Noah,1610612741,0021300883,Jump Shot,1,0,Mid-Range
201571,D.J. Augustin,1610612741,0021300883,Jump Shot,1,1,Above the Break 3
201571,D.J. Augustin,1610612741,0021300883,Layup Shot,1,1,Restricted Area
201571,D.J. Augustin,1610612741,0021300883,Jump Shot,1,1,Above the Break 3
2550,Kirk Hinrich,1610612741,0021300883,Finger Roll Layup Shot,1,1,Restricted Area
203503,Tony Snell,1610612741,0021300883,Jump Shot,1,0,Above the Break 3
203513,Erik Murphy,1610612741,0021300883,Jump Shot,1,0,Above the Break 3
201571,D.J. Augustin,1610612741,0021300883,Jump Shot,1,1,Above the Break 3
202690,Jimmer Fredette,1610612741,0021300883,Jump Shot,1,1,Mid-Range
203513,Erik Murphy,1610612741,0021300883,Jump Shot,1,0,Right Corner 3
202690,Jimmer Fredette,1610612741,0021300883,Jump Shot,1,0,Above the Break 3
2399,Mike Dunleavy,1610612741,0021300891,Jump Shot,1,0,Above the Break 3
2550,Kirk Hinrich,1610612741,0021300891,Driving Layup Shot,1,0,Restricted Area
2550,Kirk Hinrich,1610612741,0021300891,Jump Shot,1,0,Mid-Range
202710,Jimmy Butler III,1610612741,0021300891,Jump Shot,1,1,Mid-Range
2399,Mike Dunleavy,1610612741,0021300891,Running Hook Shot,1,0,In The Paint (Non-RA)
2399,Mike Dunleavy,1610612741,0021300891,Jump Shot,1,0,Mid-Range
202710,Jimmy Butler III,1610612741,0021300891,Jump Shot,1,0,Above the Break 3
2550,Kirk Hinrich,1610612741,0021300891,Jump Shot,1,1,Mid-Range
2430,Carlos Boozer,1610612741,0021300891,Layup Shot,1,1,Restricted Area
2430,Carlos Boozer,1610612741,0021300891,Turnaround Fadeaway shot,1,0,Mid-Range
201149,Joakim Noah,1610612741,0021300891,Tip Shot,1,1,Restricted Area
2430,Carlos Boozer,1610612741,0021300891,Layup Shot,1,0,Restricted Area
2430,Carlos Boozer,1610612741,0021300891,Layup Shot,1,0,Restricted Area
201959,Taj Gibson,1610612741,0021300891,Jump Shot,1,1,Mid-Range
203503,Tony Snell,1610612741,0021300891,Driving Layup Shot,1,1,Restricted Area
201571,D.J. Augustin,1610612741,0021300891,Jump Shot,1,1,Mid-Range
202710,Jimmy Butler III,1610612741,0021300891,Floating Jump shot,1,0,In The Paint (Non-RA)
2430,Carlos Boozer,1610612741,0021300891,Tip Shot,1,1,Restricted Area
201959,Taj Gibson,1610612741,0021300891,Reverse Layup Shot,1,1,Restricted Area
202710,Jimmy Butler III,1610612741,0021300891,Driving Layup Shot,1,1,Restricted Area
1737,Nazr Mohammed,1610612741,0021300891,Layup Shot,1,1,Restricted Area
201149,Joakim Noah,1610612741,0021300891,Jump Shot,1,1,Mid-Range
2399,Mike Dunleavy,1610612741,0021300891,Jump Shot,1,1,Above the Break 3
202710,Jimmy Butler III,1610612741,0021300891,Layup Shot,1,0,Restricted Area
201571,D.J. Augustin,1610612741,0021300891,Jump Shot,1,0,Above the Break 3
202710,Jimmy Butler III,1610612741,0021300891,Jump Shot,1,0,Mid-Range
201149,Joakim Noah,1610612741,0021300891,Hook Shot,1,1,In The Paint (Non-RA)
202710,Jimmy Butler III,1610612741,0021300891,Jump Shot,1,0,Above the Break 3
2430,Carlos Boozer,1610612741,0021300891,Layup Shot,1,1,Restricted Area
201149,Joakim Noah,1610612741,0021300891,Layup Shot,1,0,Restricted Area
2399,Mike Dunleavy,1610612741,0021300891,Jump Shot,1,0,Mid-Range
201149,Joakim Noah,1610612741,0021300891,Driving Layup Shot,1,0,Restricted Area
202710,Jimmy Butler III,1610612741,0021300891,Jump Shot,1,0,Mid-Range
201149,Joakim Noah,1610612741,0021300891,Jump Shot,1,1,Mid-Range
2430,Carlos Boozer,1610612741,0021300891,Jump Shot,1,0,Mid-Range
2399,Mike Dunleavy,1610612741,0021300891,Running Jump Shot,1,0,Mid-Range
2550,Kirk Hinrich,1610612741,0021300891,Jump Shot,1,0,Mid-Range
2550,Kirk Hinrich,1610612741,0021300891,Jump Shot,1,0,Mid-Range
2430,Carlos Boozer,1610612741,0021300891,Putback Layup Shot,1,1,Restricted Area
201149,Joakim Noah,1610612741,0021300891,Hook Shot,1,1,In The Paint (Non-RA)
2399,Mike Dunleavy,1610612741,0021300891,Jump Shot,1,1,Above the Break 3
2430,Carlos Boozer,1610612741,0021300891,Jump Shot,1,0,Mid-Range
2399,Mike Dunleavy,1610612741,0021300891,Tip Shot,1,1,Restricted Area
2430,Carlos Boozer,1610612741,0021300891,Jump Shot,1,0,Mid-Range
201959,Taj Gibson,1610612741,0021300891,Jump Shot,1,0,Mid-Range
201571,D.J. Augustin,1610612741,0021300891,Jump Shot,1,1,In The Paint (Non-RA)
2399,Mike Dunleavy,1610612741,0021300891,Driving Layup Shot,1,0,Restricted Area
201571,D.J. Augustin,1610612741,0021300891,Jump Shot,1,0,Above the Break 3
201571,D.J. Augustin,1610612741,0021300891,Pullup Jump shot,1,1,Mid-Range
2550,Kirk Hinrich,1610612741,0021300891,Jump Shot,1,1,Above the Break 3
202710,Jimmy Butler III,1610612741,0021300891,Jump Shot,1,0,Above the Break 3
201571,D.J. Augustin,1610612741,0021300891,Driving Layup Shot,1,0,Restricted Area
201959,Taj Gibson,1610612741,0021300891,Tip Shot,1,1,Restricted Area
202710,Jimmy Butler III,1610612741,0021300891,Driving Layup Shot,1,1,Restricted Area
2550,Kirk Hinrich,1610612741,0021300891,Jump Shot,1,0,Above the Break 3
201571,D.J. Augustin,1610612741,0021300891,Jump Shot,1,1,Left Corner 3
201149,Joakim Noah,1610612741,0021300891,Driving Hook Shot,1,0,In The Paint (Non-RA)
201571,D.J. Augustin,1610612741,0021300891,Jump Shot,1,0,Above the Break 3
202710,Jimmy Butler III,1610612741,0021300891,Jump Shot,1,1,Mid-Range
201959,Taj Gibson,1610612741,0021300891,Driving Layup Shot,1,1,Restricted Area
201959,Taj Gibson,1610612741,0021300891,Driving Layup Shot,1,1,Restricted Area
201571,D.J. Augustin,1610612741,0021300891,Jump Shot,1,0,Above the Break 3
202690,Jimmer Fredette,1610612741,0021300891,Jump Shot,1,0,In The Paint (Non-RA)
203503,Tony Snell,1610612741,0021300891,Reverse Layup Shot,1,0,Restricted Area
202690,Jimmer Fredette,1610612741,0021300891,Driving Layup Shot,1,1,Restricted Area
2399,Mike Dunleavy,1610612741,0021300909,Jump Shot,1,0,Above the Break 3
2430,Carlos Boozer,1610612741,0021300909,Jump Shot,1,1,Mid-Range
202710,Jimmy Butler III,1610612741,0021300909,Jump Shot,1,0,In The Paint (Non-RA)
2430,Carlos Boozer,1610612741,0021300909,Jump Shot,1,0,Mid-Range
2399,Mike Dunleavy,1610612741,0021300909,Jump Shot,1,1,Above the Break 3
202710,Jimmy Butler III,1610612741,0021300909,Layup Shot,1,1,Restricted Area
201149,Joakim Noah,1610612741,0021300909,Jump Shot,1,0,Mid-Range
2550,Kirk Hinrich,1610612741,0021300909,Jump Shot,1,1,Above the Break 3
2550,Kirk Hinrich,1610612741,0021300909,Jump Shot,1,0,Above the Break 3
2430,Carlos Boozer,1610612741,0021300909,Jump Shot,1,1,Mid-Range
2430,Carlos Boozer,1610612741,0021300909,Layup Shot,1,1,Restricted Area
2550,Kirk Hinrich,1610612741,0021300909,Driving Layup Shot,1,0,Restricted Area
202710,Jimmy Butler III,1610612741,0021300909,Jump Shot,1,0,Above the Break 3
2430,Carlos Boozer,1610612741,0021300909,Jump Shot,1,0,Mid-Range
201149,Joakim Noah,1610612741,0021300909,Jump Shot,1,0,Mid-Range
201959,Taj Gibson,1610612741,0021300909,Jump Shot,1,1,Mid-Range
201959,Taj Gibson,1610612741,0021300909,Jump Shot,1,0,Mid-Range
202710,Jimmy Butler III,1610612741,0021300909,Tip Shot,1,0,Restricted Area
201959,Taj Gibson,1610612741,0021300909,Layup Shot,1,0,Restricted Area
201571,D.J. Augustin,1610612741,0021300909,Jump Shot,1,1,In The Paint (Non-RA)
202710,Jimmy Butler III,1610612741,0021300909,Layup Shot,1,0,Restricted Area
2399,Mike Dunleavy,1610612741,0021300909,Jump Shot,1,0,Above the Break 3
202710,Jimmy Butler III,1610612741,0021300909,Driving Layup Shot,1,0,Restricted Area
201571,D.J. Augustin,1610612741,0021300909,Jump Shot,1,0,Above the Break 3
201571,D.J. Augustin,1610612741,0021300909,Jump Shot,1,0,Above the Break 3
202710,Jimmy Butler III,1610612741,0021300909,Driving Layup Shot,1,1,Restricted Area
201959,Taj Gibson,1610612741,0021300909,Jump Shot,1,1,In The Paint (Non-RA)
201959,Taj Gibson,1610612741,0021300909,Layup Shot,1,0,Restricted Area
201571,D.J. Augustin,1610612741,0021300909,Jump Shot,1,1,Above the Break 3
201959,Taj Gibson,1610612741,0021300909,Layup Shot,1,1,Restricted Area
201571,D.J. Augustin,1610612741,0021300909,Jump Shot,1,0,In The Paint (Non-RA)
201959,Taj Gibson,1610612741,0021300909,Putback Dunk Shot,1,1,Restricted Area
201959,Taj Gibson,1610612741,0021300909,Jump Shot,1,1,Mid-Range
1737,Nazr Mohammed,1610612741,0021300909,Jump Shot,1,1,Mid-Range
1737,Nazr Mohammed,1610612741,0021300909,Jump Shot,1,0,Mid-Range
201959,Taj Gibson,1610612741,0021300909,Layup Shot,1,0,Restricted Area
202710,Jimmy Butler III,1610612741,0021300909,Alley Oop Dunk Shot,1,1,Restricted Area
201959,Taj Gibson,1610612741,0021300909,Hook Shot,1,1,In The Paint (Non-RA)
201959,Taj Gibson,1610612741,0021300909,Jump Shot,1,1,Mid-Range
2550,Kirk Hinrich,1610612741,0021300909,Jump Shot,1,1,Mid-Range
201571,D.J. Augustin,1610612741,0021300909,Driving Layup Shot,1,1,Restricted Area
201959,Taj Gibson,1610612741,0021300909,Jump Shot,1,1,Mid-Range
2430,Carlos Boozer,1610612741,0021300909,Hook Shot,1,0,In The Paint (Non-RA)
201149,Joakim Noah,1610612741,0021300909,Driving Layup Shot,1,1,Restricted Area
202710,Jimmy Butler III,1610612741,0021300909,Jump Shot,1,1,Mid-Range
2550,Kirk Hinrich,1610612741,0021300909,Running Bank shot,1,1,In The Paint (Non-RA)
2399,Mike Dunleavy,1610612741,0021300909,Jump Shot,1,1,Mid-Range
2550,Kirk Hinrich,1610612741,0021300909,Jump Shot,1,0,Left Corner 3
2430,Carlos Boozer,1610612741,0021300909,Jump Shot,1,0,Mid-Range
202710,Jimmy Butler III,1610612741,0021300909,Jump Shot,1,0,Mid-Range
2550,Kirk Hinrich,1610612741,0021300909,Jump Shot,1,0,Above the Break 3
2430,Carlos Boozer,1610612741,0021300909,Layup Shot,1,1,Restricted Area
202710,Jimmy Butler III,1610612741,0021300909,Driving Layup Shot,1,1,Restricted Area
2550,Kirk Hinrich,1610612741,0021300909,Jump Shot,1,1,Left Corner 3
2430,Carlos Boozer,1610612741,0021300909,Jump Shot,1,1,Mid-Range
201571,D.J. Augustin,1610612741,0021300909,Jump Shot,1,0,In The Paint (Non-RA)
2399,Mike Dunleavy,1610612741,0021300909,Jump Shot,1,0,Above the Break 3
2430,Carlos Boozer,1610612741,0021300909,Jump Shot,1,0,Mid-Range
201571,D.J. Augustin,1610612741,0021300909,Jump Shot,1,0,Mid-Range
201571,D.J. Augustin,1610612741,0021300909,Jump Shot,1,0,Above the Break 3
201571,D.J. Augustin,1610612741,0021300909,Layup Shot,1,1,Restricted Area
201571,D.J. Augustin,1610612741,0021300909,Jump Bank Shot,1,1,Mid-Range
202710,Jimmy Butler III,1610612741,0021300909,Jump Shot,1,0,Above the Break 3
201571,D.J. Augustin,1610612741,0021300909,Layup Shot,1,0,Restricted Area
201149,Joakim Noah,1610612741,0021300909,Tip Shot,1,1,Restricted Area
202710,Jimmy Butler III,1610612741,0021300909,Dunk Shot,1,1,Restricted Area
2399,Mike Dunleavy,1610612741,0021300909,Running Hook Shot,1,1,In The Paint (Non-RA)
202710,Jimmy Butler III,1610612741,0021300909,Dunk Shot,1,1,Restricted Area
201571,D.J. Augustin,1610612741,0021300909,Jump Shot,1,1,Above the Break 3
201149,Joakim Noah,1610612741,0021300909,Driving Dunk Shot,1,1,Restricted Area
201959,Taj Gibson,1610612741,0021300909,Jump Shot,1,0,In The Paint (Non-RA)
201149,Joakim Noah,1610612741,0021300909,Layup Shot,1,1,Restricted Area
201149,Joakim Noah,1610612741,0021300909,Jump Shot,1,1,Mid-Range
202710,Jimmy Butler III,1610612741,0021300909,Jump Shot,1,0,Left Corner 3
2399,Mike Dunleavy,1610612741,0021300909,Jump Shot,1,0,Above the Break 3
201959,Taj Gibson,1610612741,0021300909,Jump Shot,1,1,Mid-Range
201571,D.J. Augustin,1610612741,0021300909,Driving Layup Shot,1,1,Restricted Area
201959,Taj Gibson,1610612741,0021300909,Jump Shot,1,1,Mid-Range
201959,Taj Gibson,1610612741,0021300909,Jump Shot,1,1,Mid-Range
2399,Mike Dunleavy,1610612741,0021300909,Jump Shot,1,0,Above the Break 3
2430,Carlos Boozer,1610612741,0021300917,Jump Shot,1,0,Mid-Range
202710,Jimmy Butler III,1610612741,0021300917,Jump Shot,1,0,Mid-Range
2399,Mike Dunleavy,1610612741,0021300917,Jump Shot,1,0,Above the Break 3
201149,Joakim Noah,1610612741,0021300917,Jump Shot,1,0,In The Paint (Non-RA)
2550,Kirk Hinrich,1610612741,0021300917,Jump Shot,1,0,Mid-Range
2550,Kirk Hinrich,1610612741,0021300917,Jump Shot,1,0,Right Corner 3
2399,Mike Dunleavy,1610612741,0021300917,Jump Shot,1,0,Above the Break 3
202710,Jimmy Butler III,1610612741,0021300917,Layup Shot,1,1,Restricted Area
2399,Mike Dunleavy,1610612741,0021300917,Jump Shot,1,0,Mid-Range
201149,Joakim Noah,1610612741,0021300917,Layup Shot,1,1,Restricted Area
2550,Kirk Hinrich,1610612741,0021300917,Layup Shot,1,1,Restricted Area
2399,Mike Dunleavy,1610612741,0021300917,Layup Shot,1,0,Restricted Area
2550,Kirk Hinrich,1610612741,0021300917,Jump Shot,1,0,Above the Break 3
2550,Kirk Hinrich,1610612741,0021300917,Jump Shot,1,1,Mid-Range
2399,Mike Dunleavy,1610612741,0021300917,Jump Shot,1,0,Mid-Range
2430,Carlos Boozer,1610612741,0021300917,Layup Shot,1,0,Restricted Area
2430,Carlos Boozer,1610612741,0021300917,Jump Shot,1,1,Mid-Range
2550,Kirk Hinrich,1610612741,0021300917,Jump Shot,1,0,Above the Break 3
2430,Carlos Boozer,1610612741,0021300917,Driving Layup Shot,1,0,Restricted Area
201959,Taj Gibson,1610612741,0021300917,Jump Shot,1,0,Mid-Range
201571,D.J. Augustin,1610612741,0021300917,Jump Shot,1,0,Above the Break 3
2399,Mike Dunleavy,1610612741,0021300917,Jump Shot,1,0,Mid-Range
201959,Taj Gibson,1610612741,0021300917,Jump Shot,1,0,Mid-Range
201959,Taj Gibson,1610612741,0021300917,Jump Shot,1,1,Mid-Range
203503,Tony Snell,1610612741,0021300917,Driving Jump shot,1,0,In The Paint (Non-RA)
201571,D.J. Augustin,1610612741,0021300917,Jump Shot,1,0,In The Paint (Non-RA)
201571,D.J. Augustin,1610612741,0021300917,Layup Shot,1,1,Restricted Area
201959,Taj Gibson,1610612741,0021300917,Slam Dunk Shot,1,1,Restricted Area
201571,D.J. Augustin,1610612741,0021300917,Jump Shot,1,1,Above the Break 3
201959,Taj Gibson,1610612741,0021300917,Jump Shot,1,0,In The Paint (Non-RA)
201571,D.J. Augustin,1610612741,0021300917,Reverse Layup Shot,1,1,Restricted Area
201959,Taj Gibson,1610612741,0021300917,Jump Shot,1,1,Mid-Range
201571,D.J. Augustin,1610612741,0021300917,Jump Shot,1,1,Mid-Range
201149,Joakim Noah,1610612741,0021300917,Jump Shot,1,1,In The Paint (Non-RA)
201149,Joakim Noah,1610612741,0021300917,Layup Shot,1,1,Restricted Area
201959,Taj Gibson,1610612741,0021300917,Jump Shot,1,1,Mid-Range
201149,Joakim Noah,1610612741,0021300917,Running Layup Shot,1,1,Restricted Area
201571,D.J. Augustin,1610612741,0021300917,Layup Shot,1,0,Restricted Area
2430,Carlos Boozer,1610612741,0021300917,Fadeaway Bank shot,1,0,Mid-Range
2430,Carlos Boozer,1610612741,0021300917,Layup Shot,1,1,Restricted Area
201149,Joakim Noah,1610612741,0021300917,Jump Shot,1,1,Mid-Range
2430,Carlos Boozer,1610612741,0021300917,Jump Shot,1,1,Mid-Range
2430,Carlos Boozer,1610612741,0021300917,Jump Shot,1,0,Mid-Range
2399,Mike Dunleavy,1610612741,0021300917,Layup Shot,1,1,Restricted Area
2550,Kirk Hinrich,1610612741,0021300917,Jump Shot,1,0,Left Corner 3
2550,Kirk Hinrich,1610612741,0021300917,Jump Shot,1,1,Above the Break 3
202710,Jimmy Butler III,1610612741,0021300917,Layup Shot,1,0,Restricted Area
2430,Carlos Boozer,1610612741,0021300917,Layup Shot,1,0,Restricted Area
2399,Mike Dunleavy,1610612741,0021300917,Reverse Layup Shot,1,1,Restricted Area
2550,Kirk Hinrich,1610612741,0021300917,Jump Shot,1,1,Mid-Range
201149,Joakim Noah,1610612741,0021300917,Hook Shot,1,1,In The Paint (Non-RA)
201149,Joakim Noah,1610612741,0021300917,Jump Shot,1,0,Mid-Range
2430,Carlos Boozer,1610612741,0021300917,Layup Shot,1,0,Restricted Area
2399,Mike Dunleavy,1610612741,0021300917,Jump Shot,1,0,Mid-Range
2430,Carlos Boozer,1610612741,0021300917,Jump Shot,1,0,Mid-Range
201571,D.J. Augustin,1610612741,0021300917,Jump Shot,1,0,In The Paint (Non-RA)
2399,Mike Dunleavy,1610612741,0021300917,Jump Shot,1,0,Above the Break 3
2430,Carlos Boozer,1610612741,0021300917,Dunk Shot,1,1,Restricted Area
201571,D.J. Augustin,1610612741,0021300917,Jump Shot,1,0,Backcourt
201959,Taj Gibson,1610612741,0021300917,Jump Shot,1,0,Mid-Range
201959,Taj Gibson,1610612741,0021300917,Jump Shot,1,1,Mid-Range
201149,Joakim Noah,1610612741,0021300917,Jump Shot,1,0,Mid-Range
201959,Taj Gibson,1610612741,0021300917,Slam Dunk Shot,1,1,Restricted Area
201571,D.J. Augustin,1610612741,0021300917,Jump Bank Shot,1,1,Mid-Range
201959,Taj Gibson,1610612741,0021300917,Layup Shot,1,1,Restricted Area
201959,Taj Gibson,1610612741,0021300917,Jump Shot,1,1,Mid-Range
201571,D.J. Augustin,1610612741,0021300917,Jump Shot,1,0,Above the Break 3
201959,Taj Gibson,1610612741,0021300917,Jump Shot,1,0,Mid-Range
201571,D.J. Augustin,1610612741,0021300917,Floating Jump shot,1,0,Mid-Range
201959,Taj Gibson,1610612741,0021300917,Putback Layup Shot,1,1,Restricted Area
201571,D.J. Augustin,1610612741,0021300917,Jump Shot,1,0,Above the Break 3
2550,Kirk Hinrich,1610612741,0021300917,Jump Shot,1,0,Restricted Area
201571,D.J. Augustin,1610612741,0021300917,Layup Shot,1,0,Restricted Area
201959,Taj Gibson,1610612741,0021300917,Jump Bank Shot,1,0,Mid-Range
201959,Taj Gibson,1610612741,0021300917,Jump Shot,1,0,Mid-Range
2399,Mike Dunleavy,1610612741,0021300934,Jump Shot,1,0,Above the Break 3
202710,Jimmy Butler III,1610612741,0021300934,Jump Shot,1,0,In The Paint (Non-RA)
201149,Joakim Noah,1610612741,0021300934,Layup Shot,1,0,Restricted Area
2430,Carlos Boozer,1610612741,0021300934,Turnaround Fadeaway shot,1,0,Mid-Range
201149,Joakim Noah,1610612741,0021300934,Layup Shot,1,0,Restricted Area
201149,Joakim Noah,1610612741,0021300934,Putback Layup Shot,1,1,Restricted Area
2550,Kirk Hinrich,1610612741,0021300934,Jump Shot,1,1,Mid-Range
201149,Joakim Noah,1610612741,0021300934,Jump Shot,1,1,Mid-Range
202710,Jimmy Butler III,1610612741,0021300934,Jump Shot,1,0,Above the Break 3
2550,Kirk Hinrich,1610612741,0021300934,Jump Shot,1,1,Mid-Range
2430,Carlos Boozer,1610612741,0021300934,Layup Shot,1,1,Restricted Area
201149,Joakim Noah,1610612741,0021300934,Hook Shot,1,0,In The Paint (Non-RA)
2430,Carlos Boozer,1610612741,0021300934,Layup Shot,1,0,Restricted Area
2550,Kirk Hinrich,1610612741,0021300934,Jump Shot,1,0,Right Corner 3
203503,Tony Snell,1610612741,0021300934,Jump Shot,1,0,Above the Break 3
2550,Kirk Hinrich,1610612741,0021300934,Jump Shot,1,1,Above the Break 3
2430,Carlos Boozer,1610612741,0021300934,Jump Shot,1,1,Mid-Range
201959,Taj Gibson,1610612741,0021300934,Layup Shot,1,0,Restricted Area
2430,Carlos Boozer,1610612741,0021300934,Jump Shot,1,0,Mid-Range
2430,Carlos Boozer,1610612741,0021300934,Jump Shot,1,1,Mid-Range
201571,D.J. Augustin,1610612741,0021300934,Layup Shot,1,1,Restricted Area
201571,D.J. Augustin,1610612741,0021300934,Fadeaway Jump Shot,1,1,Mid-Range
201959,Taj Gibson,1610612741,0021300934,Jump Shot,1,0,Mid-Range
2399,Mike Dunleavy,1610612741,0021300934,Jump Shot,1,1,Mid-Range
201571,D.J. Augustin,1610612741,0021300934,Layup Shot,1,0,Restricted Area
1737,Nazr Mohammed,1610612741,0021300934,Putback Layup Shot,1,1,Restricted Area
201959,Taj Gibson,1610612741,0021300934,Turnaround Jump Shot,1,0,Mid-Range
201571,D.J. Augustin,1610612741,0021300934,Driving Layup Shot,1,1,Restricted Area
2399,Mike Dunleavy,1610612741,0021300934,Jump Shot,1,1,In The Paint (Non-RA)
201571,D.J. Augustin,1610612741,0021300934,Jump Shot,1,1,Above the Break 3
202710,Jimmy Butler III,1610612741,0021300934,Jump Shot,1,0,Right Corner 3
202710,Jimmy Butler III,1610612741,0021300934,Running Layup Shot,1,0,Restricted Area
2399,Mike Dunleavy,1610612741,0021300934,Jump Shot,1,0,Right Corner 3
2399,Mike Dunleavy,1610612741,0021300934,Jump Shot,1,0,Mid-Range
202710,Jimmy Butler III,1610612741,0021300934,Jump Shot,1,0,Mid-Range
2430,Carlos Boozer,1610612741,0021300934,Jump Shot,1,0,Mid-Range
201571,D.J. Augustin,1610612741,0021300934,Jump Shot,1,0,Above the Break 3
2550,Kirk Hinrich,1610612741,0021300934,Jump Shot,1,0,Mid-Range
2430,Carlos Boozer,1610612741,0021300934,Jump Shot,1,0,Mid-Range
202710,Jimmy Butler III,1610612741,0021300934,Layup Shot,1,0,Restricted Area
201149,Joakim Noah,1610612741,0021300934,Hook Shot,1,1,Restricted Area
2430,Carlos Boozer,1610612741,0021300934,Jump Shot,1,0,In The Paint (Non-RA)
202710,Jimmy Butler III,1610612741,0021300934,Jump Shot,1,0,Mid-Range
2430,Carlos Boozer,1610612741,0021300934,Hook Shot,1,0,In The Paint (Non-RA)
201149,Joakim Noah,1610612741,0021300934,Hook Shot,1,0,In The Paint (Non-RA)
201149,Joakim Noah,1610612741,0021300934,Hook Shot,1,1,In The Paint (Non-RA)
2399,Mike Dunleavy,1610612741,0021300934,Jump Shot,1,0,Above the Break 3
202710,Jimmy Butler III,1610612741,0021300934,Jump Shot,1,1,Above the Break 3
2550,Kirk Hinrich,1610612741,0021300934,Jump Shot,1,0,Mid-Range
2550,Kirk Hinrich,1610612741,0021300934,Jump Shot,1,1,Mid-Range
202710,Jimmy Butler III,1610612741,0021300934,Layup Shot,1,0,Restricted Area
2430,Carlos Boozer,1610612741,0021300934,Jump Shot,1,1,Mid-Range
2430,Carlos Boozer,1610612741,0021300934,Layup Shot,1,0,Restricted Area
2430,Carlos Boozer,1610612741,0021300934,Jump Shot,1,0,Mid-Range
2399,Mike Dunleavy,1610612741,0021300934,Pullup Jump shot,1,1,Mid-Range
201959,Taj Gibson,1610612741,0021300934,Jump Shot,1,0,Mid-Range
2399,Mike Dunleavy,1610612741,0021300934,Layup Shot,1,1,Restricted Area
202710,Jimmy Butler III,1610612741,0021300934,Layup Shot,1,1,Restricted Area
2430,Carlos Boozer,1610612741,0021300934,Layup Shot,1,0,Restricted Area
202710,Jimmy Butler III,1610612741,0021300934,Jump Shot,1,1,Above the Break 3
201571,D.J. Augustin,1610612741,0021300934,Driving Layup Shot,1,1,Restricted Area
201959,Taj Gibson,1610612741,0021300934,Fadeaway Jump Shot,1,0,Mid-Range
201571,D.J. Augustin,1610612741,0021300934,Jump Shot,1,1,Above the Break 3
201149,Joakim Noah,1610612741,0021300934,Driving Layup Shot,1,1,Restricted Area
202710,Jimmy Butler III,1610612741,0021300934,Reverse Layup Shot,1,0,Restricted Area
201959,Taj Gibson,1610612741,0021300934,Putback Dunk Shot,1,1,Restricted Area
201959,Taj Gibson,1610612741,0021300934,Jump Shot,1,1,Mid-Range
2550,Kirk Hinrich,1610612741,0021300934,Fadeaway Jump Shot,1,0,Mid-Range
201571,D.J. Augustin,1610612741,0021300934,Jump Shot,1,1,Right Corner 3
201571,D.J. Augustin,1610612741,0021300934,Jump Shot,1,0,Left Corner 3
201959,Taj Gibson,1610612741,0021300934,Jump Shot,1,0,Mid-Range
201149,Joakim Noah,1610612741,0021300934,Jump Shot,1,1,In The Paint (Non-RA)
201149,Joakim Noah,1610612741,0021300934,Hook Shot,1,1,In The Paint (Non-RA)
201149,Joakim Noah,1610612741,0021300934,Layup Shot,1,0,Restricted Area
201571,D.J. Augustin,1610612741,0021300934,Jump Shot,1,0,Mid-Range
201571,D.J. Augustin,1610612741,0021300934,Layup Shot,1,0,Restricted Area
201149,Joakim Noah,1610612741,0021300934,Jump Shot,1,0,Restricted Area
201149,Joakim Noah,1610612741,0021300934,Jump Shot,1,1,In The Paint (Non-RA)
201959,Taj Gibson,1610612741,0021300934,Slam Dunk Shot,1,1,Restricted Area
2550,Kirk Hinrich,1610612741,0021300934,Jump Shot,1,0,Mid-Range
2550,Kirk Hinrich,1610612741,0021300934,Layup Shot,1,1,Restricted Area
202710,Jimmy Butler III,1610612741,0021300934,Jump Shot,1,0,Above the Break 3
201571,D.J. Augustin,1610612741,0021300934,Jump Shot,1,1,Left Corner 3
201149,Joakim Noah,1610612741,0021300934,Jump Shot,1,0,Mid-Range
201959,Taj Gibson,1610612741,0021300934,Jump Shot,1,0,Mid-Range
202710,Jimmy Butler III,1610612741,0021300934,Jump Shot,1,1,Mid-Range
201959,Taj Gibson,1610612741,0021300934,Jump Shot,1,0,Mid-Range
201149,Joakim Noah,1610612741,0021300934,Layup Shot,1,1,Restricted Area
202710,Jimmy Butler III,1610612741,0021300934,Jump Shot,1,0,Left Corner 3
2550,Kirk Hinrich,1610612741,0021300934,Jump Shot,1,0,Above the Break 3
2430,Carlos Boozer,1610612741,0021300952,Turnaround Fadeaway shot,1,0,Mid-Range
201149,Joakim Noah,1610612741,0021300952,Jump Shot,1,0,Mid-Range
2430,Carlos Boozer,1610612741,0021300952,Jump Shot,1,0,Mid-Range
2550,Kirk Hinrich,1610612741,0021300952,Jump Shot,1,1,Above the Break 3
2550,Kirk Hinrich,1610612741,0021300952,Jump Shot,1,0,In The Paint (Non-RA)
202710,Jimmy Butler III,1610612741,0021300952,Driving Layup Shot,1,1,Restricted Area
2550,Kirk Hinrich,1610612741,0021300952,Jump Shot,1,0,Above the Break 3
2550,Kirk Hinrich,1610612741,0021300952,Jump Shot,1,0,Mid-Range
2430,Carlos Boozer,1610612741,0021300952,Fadeaway Jump Shot,1,0,Mid-Range
202710,Jimmy Butler III,1610612741,0021300952,Jump Shot,1,0,Mid-Range
2550,Kirk Hinrich,1610612741,0021300952,Jump Shot,1,0,Right Corner 3
2550,Kirk Hinrich,1610612741,0021300952,Jump Shot,1,0,Above the Break 3
201149,Joakim Noah,1610612741,0021300952,Layup Shot,1,1,Restricted Area
202710,Jimmy Butler III,1610612741,0021300952,Jump Shot,1,1,Above the Break 3
2399,Mike Dunleavy,1610612741,0021300952,Jump Shot,1,0,Mid-Range
201571,D.J. Augustin,1610612741,0021300952,Layup Shot,1,0,Restricted Area
202710,Jimmy Butler III,1610612741,0021300952,Jump Shot,1,1,Right Corner 3
201959,Taj Gibson,1610612741,0021300952,Jump Shot,1,0,Mid-Range
2430,Carlos Boozer,1610612741,0021300952,Jump Shot,1,0,Mid-Range
203503,Tony Snell,1610612741,0021300952,Jump Shot,1,1,Above the Break 3
1737,Nazr Mohammed,1610612741,0021300952,Floating Jump shot,1,1,In The Paint (Non-RA)
201571,D.J. Augustin,1610612741,0021300952,Jump Shot,1,0,Above the Break 3
201959,Taj Gibson,1610612741,0021300952,Turnaround Fadeaway shot,1,0,Mid-Range
202710,Jimmy Butler III,1610612741,0021300952,Jump Shot,1,0,Above the Break 3
1737,Nazr Mohammed,1610612741,0021300952,Jump Shot,1,0,Mid-Range
201959,Taj Gibson,1610612741,0021300952,Layup Shot,1,0,Restricted Area
201571,D.J. Augustin,1610612741,0021300952,Layup Shot,1,1,Restricted Area
201149,Joakim Noah,1610612741,0021300952,Hook Shot,1,0,In The Paint (Non-RA)
201149,Joakim Noah,1610612741,0021300952,Jump Shot,1,0,Mid-Range
201959,Taj Gibson,1610612741,0021300952,Slam Dunk Shot,1,0,Restricted Area
201149,Joakim Noah,1610612741,0021300952,Hook Shot,1,1,Restricted Area
201571,D.J. Augustin,1610612741,0021300952,Jump Shot,1,1,Mid-Range
2430,Carlos Boozer,1610612741,0021300952,Hook Shot,1,0,In The Paint (Non-RA)
2430,Carlos Boozer,1610612741,0021300952,Jump Shot,1,1,Mid-Range
2550,Kirk Hinrich,1610612741,0021300952,Jump Shot,1,0,Mid-Range
2399,Mike Dunleavy,1610612741,0021300952,Jump Shot,1,0,Mid-Range
202710,Jimmy Butler III,1610612741,0021300952,Jump Shot,1,0,Mid-Range
202710,Jimmy Butler III,1610612741,0021300952,Jump Shot,1,1,Right Corner 3
2399,Mike Dunleavy,1610612741,0021300952,Layup Shot,1,1,Restricted Area
202710,Jimmy Butler III,1610612741,0021300952,Layup Shot,1,0,Restricted Area
2399,Mike Dunleavy,1610612741,0021300952,Hook Shot,1,0,In The Paint (Non-RA)
2399,Mike Dunleavy,1610612741,0021300952,Layup Shot,1,1,Restricted Area
201149,Joakim Noah,1610612741,0021300952,Jump Shot,1,1,Mid-Range
201149,Joakim Noah,1610612741,0021300952,Jump Shot,1,0,Mid-Range
2399,Mike Dunleavy,1610612741,0021300952,Layup Shot,1,1,Restricted Area
2430,Carlos Boozer,1610612741,0021300952,Hook Shot,1,1,Restricted Area
201149,Joakim Noah,1610612741,0021300952,Hook Shot,1,0,Restricted Area
2430,Carlos Boozer,1610612741,0021300952,Jump Shot,1,1,Mid-Range
2550,Kirk Hinrich,1610612741,0021300952,Jump Shot,1,0,Above the Break 3
2399,Mike Dunleavy,1610612741,0021300952,Jump Shot,1,0,Above the Break 3
202710,Jimmy Butler III,1610612741,0021300952,Jump Shot,1,0,In The Paint (Non-RA)
202710,Jimmy Butler III,1610612741,0021300952,Jump Bank Shot,1,1,Mid-Range
202710,Jimmy Butler III,1610612741,0021300952,Layup Shot,1,1,Restricted Area
202710,Jimmy Butler III,1610612741,0021300952,Layup Shot,1,1,Restricted Area
2430,Carlos Boozer,1610612741,0021300952,Layup Shot,1,1,Restricted Area
201571,D.J. Augustin,1610612741,0021300952,Jump Shot,1,1,Right Corner 3
2399,Mike Dunleavy,1610612741,0021300952,Jump Shot,1,0,Above the Break 3
202710,Jimmy Butler III,1610612741,0021300952,Jump Shot,1,0,Left Corner 3
201149,Joakim Noah,1610612741,0021300952,Slam Dunk Shot,1,1,Restricted Area
201959,Taj Gibson,1610612741,0021300952,Layup Shot,1,0,Restricted Area
2550,Kirk Hinrich,1610612741,0021300952,Jump Shot,1,0,Mid-Range
201571,D.J. Augustin,1610612741,0021300952,Jump Shot,1,0,Above the Break 3
202710,Jimmy Butler III,1610612741,0021300952,Layup Shot,1,0,Restricted Area
1737,Nazr Mohammed,1610612741,0021300952,Jump Shot,1,0,Mid-Range
201571,D.J. Augustin,1610612741,0021300952,Jump Shot,1,1,In The Paint (Non-RA)
202690,Jimmer Fredette,1610612741,0021300952,Jump Shot,1,0,Mid-Range
201571,D.J. Augustin,1610612741,0021300952,Jump Shot,1,1,In The Paint (Non-RA)
1737,Nazr Mohammed,1610612741,0021300952,Jump Shot,1,1,In The Paint (Non-RA)
201571,D.J. Augustin,1610612741,0021300952,Jump Shot,1,1,Above the Break 3
202690,Jimmer Fredette,1610612741,0021300952,Jump Shot,1,1,Above the Break 3
201571,D.J. Augustin,1610612741,0021300952,Jump Shot,1,1,In The Paint (Non-RA)
203503,Tony Snell,1610612741,0021300952,Layup Shot,1,0,Restricted Area
202690,Jimmer Fredette,1610612741,0021300952,Layup Shot,1,1,Restricted Area
202690,Jimmer Fredette,1610612741,0021300952,Jump Shot,1,0,Mid-Range
1737,Nazr Mohammed,1610612741,0021300952,Layup Shot,1,1,Restricted Area
2550,Kirk Hinrich,1610612741,0021300968,Jump Shot,1,1,Mid-Range
202710,Jimmy Butler III,1610612741,0021300968,Jump Shot,1,0,Mid-Range
2430,Carlos Boozer,1610612741,0021300968,Jump Shot,1,1,Restricted Area
2430,Carlos Boozer,1610612741,0021300968,Jump Shot,1,1,Mid-Range
2399,Mike Dunleavy,1610612741,0021300968,Running Layup Shot,1,0,Restricted Area
201149,Joakim Noah,1610612741,0021300968,Tip Shot,1,0,Restricted Area
2430,Carlos Boozer,1610612741,0021300968,Layup Shot,1,0,Restricted Area
2430,Carlos Boozer,1610612741,0021300968,Driving Layup Shot,1,1,Restricted Area
2550,Kirk Hinrich,1610612741,0021300968,Jump Shot,1,0,Mid-Range
2430,Carlos Boozer,1610612741,0021300968,Jump Shot,1,1,Mid-Range
2430,Carlos Boozer,1610612741,0021300968,Driving Layup Shot,1,1,Restricted Area
2550,Kirk Hinrich,1610612741,0021300968,Jump Shot,1,0,In The Paint (Non-RA)
2430,Carlos Boozer,1610612741,0021300968,Layup Shot,1,0,Restricted Area
202710,Jimmy Butler III,1610612741,0021300968,Jump Shot,1,1,Left Corner 3
2430,Carlos Boozer,1610612741,0021300968,Jump Shot,1,0,Mid-Range
201149,Joakim Noah,1610612741,0021300968,Layup Shot,1,1,Restricted Area
2430,Carlos Boozer,1610612741,0021300968,Jump Shot,1,0,Mid-Range
2399,Mike Dunleavy,1610612741,0021300968,Jump Shot,1,0,Restricted Area
202710,Jimmy Butler III,1610612741,0021300968,Jump Shot,1,1,Mid-Range
201959,Taj Gibson,1610612741,0021300968,Jump Shot,1,0,In The Paint (Non-RA)
202710,Jimmy Butler III,1610612741,0021300968,Driving Layup Shot,1,1,Restricted Area
201959,Taj Gibson,1610612741,0021300968,Jump Shot,1,1,Mid-Range
201571,D.J. Augustin,1610612741,0021300968,Pullup Jump shot,1,1,Mid-Range
203503,Tony Snell,1610612741,0021300968,Jump Shot,1,0,Above the Break 3
201959,Taj Gibson,1610612741,0021300968,Jump Shot,1,0,Mid-Range
2430,Carlos Boozer,1610612741,0021300968,Fadeaway Jump Shot,1,0,Mid-Range
2430,Carlos Boozer,1610612741,0021300968,Jump Shot,1,0,In The Paint (Non-RA)
203503,Tony Snell,1610612741,0021300968,Running Jump Shot,1,1,In The Paint (Non-RA)
2430,Carlos Boozer,1610612741,0021300968,Jump Shot,1,1,Mid-Range
2430,Carlos Boozer,1610612741,0021300968,Jump Shot,1,1,Mid-Range
201571,D.J. Augustin,1610612741,0021300968,Jump Shot,1,1,Above the Break 3
201571,D.J. Augustin,1610612741,0021300968,Jump Shot,1,1,Above the Break 3
2550,Kirk Hinrich,1610612741,0021300968,Running Jump Shot,1,1,Restricted Area
2430,Carlos Boozer,1610612741,0021300968,Jump Shot,1,0,Mid-Range
2430,Carlos Boozer,1610612741,0021300968,Jump Shot,1,0,Mid-Range
203503,Tony Snell,1610612741,0021300968,Jump Shot,1,0,In The Paint (Non-RA)
201571,D.J. Augustin,1610612741,0021300968,Running Layup Shot,1,1,Restricted Area
2550,Kirk Hinrich,1610612741,0021300968,Jump Shot,1,1,Left Corner 3
2399,Mike Dunleavy,1610612741,0021300968,Driving Jump shot,1,0,Restricted Area
2399,Mike Dunleavy,1610612741,0021300968,Layup Shot,1,1,Restricted Area
2430,Carlos Boozer,1610612741,0021300968,Jump Shot,1,1,Mid-Range
2550,Kirk Hinrich,1610612741,0021300968,Jump Shot,1,1,Above the Break 3
2399,Mike Dunleavy,1610612741,0021300968,Jump Shot,1,1,Above the Break 3
201149,Joakim Noah,1610612741,0021300968,Jump Shot,1,0,Mid-Range
202710,Jimmy Butler III,1610612741,0021300968,Jump Shot,1,0,Mid-Range
2550,Kirk Hinrich,1610612741,0021300968,Jump Shot,1,1,Left Corner 3
2399,Mike Dunleavy,1610612741,0021300968,Jump Shot,1,1,Above the Break 3
2399,Mike Dunleavy,1610612741,0021300968,Jump Shot,1,1,Mid-Range
202710,Jimmy Butler III,1610612741,0021300968,Reverse Layup Shot,1,1,Restricted Area
2399,Mike Dunleavy,1610612741,0021300968,Jump Shot,1,0,Above the Break 3
2550,Kirk Hinrich,1610612741,0021300968,Running Jump Shot,1,0,Restricted Area
2399,Mike Dunleavy,1610612741,0021300968,Jump Shot,1,0,Mid-Range
202710,Jimmy Butler III,1610612741,0021300968,Fadeaway Jump Shot,1,0,Mid-Range
2430,Carlos Boozer,1610612741,0021300968,Jump Shot,1,1,Mid-Range
2430,Carlos Boozer,1610612741,0021300968,Fadeaway Jump Shot,1,0,Mid-Range
201571,D.J. Augustin,1610612741,0021300968,Jump Shot,1,1,Right Corner 3
2399,Mike Dunleavy,1610612741,0021300968,Layup Shot,1,1,Restricted Area
202710,Jimmy Butler III,1610612741,0021300968,Layup Shot,1,0,Restricted Area
2399,Mike Dunleavy,1610612741,0021300968,Jump Shot,1,1,Above the Break 3
2430,Carlos Boozer,1610612741,0021300968,Jump Shot,1,0,Mid-Range
2399,Mike Dunleavy,1610612741,0021300968,Layup Shot,1,1,Restricted Area
2399,Mike Dunleavy,1610612741,0021300968,Layup Shot,1,0,Restricted Area
201571,D.J. Augustin,1610612741,0021300968,Jump Shot,1,0,Backcourt
203503,Tony Snell,1610612741,0021300968,Jump Shot,1,0,Left Corner 3
201959,Taj Gibson,1610612741,0021300968,Fadeaway Jump Shot,1,0,Mid-Range
201149,Joakim Noah,1610612741,0021300968,Jump Shot,1,1,Mid-Range
2550,Kirk Hinrich,1610612741,0021300968,Jump Shot,1,0,Mid-Range
2550,Kirk Hinrich,1610612741,0021300968,Jump Shot,1,1,Left Corner 3
201149,Joakim Noah,1610612741,0021300968,Jump Shot,1,1,Mid-Range
201959,Taj Gibson,1610612741,0021300968,Slam Dunk Shot,1,1,Restricted Area
2399,Mike Dunleavy,1610612741,0021300968,Jump Shot,1,1,Above the Break 3
201959,Taj Gibson,1610612741,0021300968,Jump Shot,1,0,Mid-Range
201571,D.J. Augustin,1610612741,0021300968,Jump Shot,1,0,Above the Break 3
201149,Joakim Noah,1610612741,0021300968,Jump Shot,1,0,Mid-Range
2550,Kirk Hinrich,1610612741,0021300968,Jump Shot,1,1,Above the Break 3
201571,D.J. Augustin,1610612741,0021300968,Jump Shot,1,0,Above the Break 3
2550,Kirk Hinrich,1610612741,0021300968,Jump Shot,1,0,Above the Break 3
201959,Taj Gibson,1610612741,0021300968,Jump Shot,1,0,Mid-Range
2399,Mike Dunleavy,1610612741,0021300968,Jump Shot,1,0,Above the Break 3
201571,D.J. Augustin,1610612741,0021300968,Jump Shot,1,0,Above the Break 3
202690,Jimmer Fredette,1610612741,0021300968,Jump Shot,1,1,Above the Break 3
1737,Nazr Mohammed,1610612741,0021300968,Jump Shot,1,1,Mid-Range
202690,Jimmer Fredette,1610612741,0021300968,Jump Shot,1,0,In The Paint (Non-RA)
203513,Erik Murphy,1610612741,0021300968,Hook Shot,1,1,In The Paint (Non-RA)
202690,Jimmer Fredette,1610612741,0021300968,Jump Shot,1,0,Above the Break 3
203503,Tony Snell,1610612741,0021300968,Slam Dunk Shot,1,1,Restricted Area
2550,Kirk Hinrich,1610612741,0021300986,Jump Shot,1,0,Mid-Range
2430,Carlos Boozer,1610612741,0021300986,Jump Shot,1,0,Mid-Range
2550,Kirk Hinrich,1610612741,0021300986,Jump Shot,1,1,Above the Break 3
202710,Jimmy Butler III,1610612741,0021300986,Step Back Jump shot,1,0,Above the Break 3
2550,Kirk Hinrich,1610612741,0021300986,Jump Shot,1,0,Mid-Range
2430,Carlos Boozer,1610612741,0021300986,Jump Shot,1,0,Mid-Range
201149,Joakim Noah,1610612741,0021300986,Jump Shot,1,1,Mid-Range
201149,Joakim Noah,1610612741,0021300986,Layup Shot,1,1,Restricted Area
201149,Joakim Noah,1610612741,0021300986,Jump Shot,1,1,Mid-Range
201149,Joakim Noah,1610612741,0021300986,Slam Dunk Shot,1,1,Restricted Area
2399,Mike Dunleavy,1610612741,0021300986,Running Layup Shot,1,0,Restricted Area
2550,Kirk Hinrich,1610612741,0021300986,Jump Shot,1,1,Mid-Range
202710,Jimmy Butler III,1610612741,0021300986,Jump Shot,1,0,Above the Break 3
2430,Carlos Boozer,1610612741,0021300986,Driving Layup Shot,1,1,Restricted Area
201149,Joakim Noah,1610612741,0021300986,Running Dunk Shot,1,1,Restricted Area
2399,Mike Dunleavy,1610612741,0021300986,Jump Shot,1,1,Left Corner 3
2399,Mike Dunleavy,1610612741,0021300986,Jump Shot,1,0,Above the Break 3
2430,Carlos Boozer,1610612741,0021300986,Jump Shot,1,0,Mid-Range
201149,Joakim Noah,1610612741,0021300986,Jump Shot,1,0,In The Paint (Non-RA)
2430,Carlos Boozer,1610612741,0021300986,Jump Shot,1,0,Mid-Range
2430,Carlos Boozer,1610612741,0021300986,Layup Shot,1,0,Restricted Area
202710,Jimmy Butler III,1610612741,0021300986,Layup Shot,1,0,Restricted Area
201959,Taj Gibson,1610612741,0021300986,Running Layup Shot,1,0,Restricted Area
201959,Taj Gibson,1610612741,0021300986,Jump Shot,1,0,Mid-Range
203503,Tony Snell,1610612741,0021300986,Jump Shot,1,0,Above the Break 3
201571,D.J. Augustin,1610612741,0021300986,Running Layup Shot,1,0,In The Paint (Non-RA)
2399,Mike Dunleavy,1610612741,0021300986,Jump Shot,1,1,Right Corner 3
2399,Mike Dunleavy,1610612741,0021300986,Jump Shot,1,0,Above the Break 3
201959,Taj Gibson,1610612741,0021300986,Putback Dunk Shot,1,1,Restricted Area
201571,D.J. Augustin,1610612741,0021300986,Jump Shot,1,0,Mid-Range
201149,Joakim Noah,1610612741,0021300986,Layup Shot,1,1,Restricted Area
202710,Jimmy Butler III,1610612741,0021300986,Jump Shot,1,0,Above the Break 3
201571,D.J. Augustin,1610612741,0021300986,Jump Shot,1,1,Above the Break 3
201571,D.J. Augustin,1610612741,0021300986,Jump Shot,1,0,Above the Break 3
201959,Taj Gibson,1610612741,0021300986,Running Layup Shot,1,1,Restricted Area
201959,Taj Gibson,1610612741,0021300986,Jump Shot,1,1,In The Paint (Non-RA)
201149,Joakim Noah,1610612741,0021300986,Layup Shot,1,1,Restricted Area
201571,D.J. Augustin,1610612741,0021300986,Jump Shot,1,0,Mid-Range
2550,Kirk Hinrich,1610612741,0021300986,Jump Shot,1,0,Mid-Range
202710,Jimmy Butler III,1610612741,0021300986,Jump Shot,1,0,Mid-Range
201959,Taj Gibson,1610612741,0021300986,Putback Layup Shot,1,1,Restricted Area
2430,Carlos Boozer,1610612741,0021300986,Jump Shot,1,1,In The Paint (Non-RA)
2550,Kirk Hinrich,1610612741,0021300986,Jump Shot,1,0,Above the Break 3
2430,Carlos Boozer,1610612741,0021300986,Jump Shot,1,0,Mid-Range
2550,Kirk Hinrich,1610612741,0021300986,Running Layup Shot,1,1,Restricted Area
202710,Jimmy Butler III,1610612741,0021300986,Jump Shot,1,0,Mid-Range
201149,Joakim Noah,1610612741,0021300986,Jump Shot,1,0,Mid-Range
201149,Joakim Noah,1610612741,0021300986,Jump Shot,1,0,Mid-Range
2399,Mike Dunleavy,1610612741,0021300986,Layup Shot,1,1,Restricted Area
2430,Carlos Boozer,1610612741,0021300986,Turnaround Fadeaway shot,1,1,Mid-Range
201149,Joakim Noah,1610612741,0021300986,Jump Shot,1,1,Mid-Range
202710,Jimmy Butler III,1610612741,0021300986,Jump Shot,1,0,Mid-Range
201571,D.J. Augustin,1610612741,0021300986,Jump Shot,1,1,Above the Break 3
2430,Carlos Boozer,1610612741,0021300986,Jump Shot,1,1,Mid-Range
2399,Mike Dunleavy,1610612741,0021300986,Driving Reverse Layup Shot,1,0,Restricted Area
202710,Jimmy Butler III,1610612741,0021300986,Jump Shot,1,0,Above the Break 3
202710,Jimmy Butler III,1610612741,0021300986,Running Layup Shot,1,0,Restricted Area
201571,D.J. Augustin,1610612741,0021300986,Jump Shot,1,0,Above the Break 3
2399,Mike Dunleavy,1610612741,0021300986,Layup Shot,1,0,Restricted Area
2550,Kirk Hinrich,1610612741,0021300986,Jump Shot,1,1,Mid-Range
2550,Kirk Hinrich,1610612741,0021300986,Jump Shot,1,0,Left Corner 3
201959,Taj Gibson,1610612741,0021300986,Putback Layup Shot,1,0,Restricted Area
201571,D.J. Augustin,1610612741,0021300986,Jump Shot,1,0,Above the Break 3
201571,D.J. Augustin,1610612741,0021300986,Driving Layup Shot,1,0,Restricted Area
201571,D.J. Augustin,1610612741,0021300986,Floating Jump shot,1,1,Mid-Range
2399,Mike Dunleavy,1610612741,0021300986,Jump Shot,1,0,Above the Break 3
2399,Mike Dunleavy,1610612741,0021300986,Jump Shot,1,1,Above the Break 3
201149,Joakim Noah,1610612741,0021300986,Driving Layup Shot,1,1,Restricted Area
202710,Jimmy Butler III,1610612741,0021300986,Dunk Shot,1,0,Restricted Area
201149,Joakim Noah,1610612741,0021300986,Layup Shot,1,0,Restricted Area
202710,Jimmy Butler III,1610612741,0021300986,Layup Shot,1,1,Restricted Area
2550,Kirk Hinrich,1610612741,0021300986,Jump Shot,1,0,Mid-Range
201149,Joakim Noah,1610612741,0021300986,Driving Layup Shot,1,0,Restricted Area
201149,Joakim Noah,1610612741,0021300986,Tip Shot,1,0,Restricted Area
201959,Taj Gibson,1610612741,0021300986,Running Layup Shot,1,1,Restricted Area
2399,Mike Dunleavy,1610612741,0021300986,Jump Shot,1,0,In The Paint (Non-RA)
2550,Kirk Hinrich,1610612741,0021300986,Jump Shot,1,0,Right Corner 3
201959,Taj Gibson,1610612741,0021300986,Jump Shot,1,1,Mid-Range
2399,Mike Dunleavy,1610612741,0021300999,Jump Shot,1,0,Above the Break 3
2430,Carlos Boozer,1610612741,0021300999,Step Back Jump shot,1,1,Mid-Range
201149,Joakim Noah,1610612741,0021300999,Layup Shot,1,1,Restricted Area
201149,Joakim Noah,1610612741,0021300999,Jump Shot,1,0,Mid-Range
202710,Jimmy Butler III,1610612741,0021300999,Jump Shot,1,0,Mid-Range
2550,Kirk Hinrich,1610612741,0021300999,Layup Shot,1,0,Restricted Area
2399,Mike Dunleavy,1610612741,0021300999,Floating Jump shot,1,1,In The Paint (Non-RA)
2430,Carlos Boozer,1610612741,0021300999,Jump Shot,1,0,Mid-Range
202710,Jimmy Butler III,1610612741,0021300999,Reverse Layup Shot,1,1,Restricted Area
2550,Kirk Hinrich,1610612741,0021300999,Layup Shot,1,0,Restricted Area
2399,Mike Dunleavy,1610612741,0021300999,Jump Shot,1,0,Mid-Range
2399,Mike Dunleavy,1610612741,0021300999,Jump Shot,1,0,Above the Break 3
2430,Carlos Boozer,1610612741,0021300999,Layup Shot,1,0,Restricted Area
2399,Mike Dunleavy,1610612741,0021300999,Jump Shot,1,1,Above the Break 3
2430,Carlos Boozer,1610612741,0021300999,Jump Shot,1,1,In The Paint (Non-RA)
2430,Carlos Boozer,1610612741,0021300999,Jump Shot,1,0,Mid-Range
2399,Mike Dunleavy,1610612741,0021300999,Jump Shot,1,0,Mid-Range
2430,Carlos Boozer,1610612741,0021300999,Slam Dunk Shot,1,1,Restricted Area
2430,Carlos Boozer,1610612741,0021300999,Jump Shot,1,0,Mid-Range
202710,Jimmy Butler III,1610612741,0021300999,Jump Shot,1,0,Mid-Range
201959,Taj Gibson,1610612741,0021300999,Driving Layup Shot,1,1,Restricted Area
202710,Jimmy Butler III,1610612741,0021300999,Jump Shot,1,0,Backcourt
201571,D.J. Augustin,1610612741,0021300999,Layup Shot,1,1,Restricted Area
201959,Taj Gibson,1610612741,0021300999,Jump Shot,1,1,Mid-Range
203503,Tony Snell,1610612741,0021300999,Jump Shot,1,1,Mid-Range
201571,D.J. Augustin,1610612741,0021300999,Jump Shot,1,0,Right Corner 3
1737,Nazr Mohammed,1610612741,0021300999,Jump Shot,1,0,Mid-Range
202710,Jimmy Butler III,1610612741,0021300999,Jump Shot,1,0,Right Corner 3
1737,Nazr Mohammed,1610612741,0021300999,Tip Shot,1,0,Restricted Area
1737,Nazr Mohammed,1610612741,0021300999,Layup Shot,1,1,Restricted Area
201959,Taj Gibson,1610612741,0021300999,Jump Shot,1,0,Mid-Range
201571,D.J. Augustin,1610612741,0021300999,Jump Shot,1,0,In The Paint (Non-RA)
201149,Joakim Noah,1610612741,0021300999,Layup Shot,1,0,Restricted Area
201959,Taj Gibson,1610612741,0021300999,Jump Shot,1,0,In The Paint (Non-RA)
201571,D.J. Augustin,1610612741,0021300999,Jump Shot,1,0,Above the Break 3
201959,Taj Gibson,1610612741,0021300999,Jump Shot,1,0,In The Paint (Non-RA)
201571,D.J. Augustin,1610612741,0021300999,Jump Shot,1,0,Left Corner 3
202710,Jimmy Butler III,1610612741,0021300999,Jump Shot,1,1,Left Corner 3
201959,Taj Gibson,1610612741,0021300999,Fadeaway Jump Shot,1,0,Mid-Range
2550,Kirk Hinrich,1610612741,0021300999,Jump Shot,1,1,Left Corner 3
2430,Carlos Boozer,1610612741,0021300999,Jump Shot,1,0,Restricted Area
2550,Kirk Hinrich,1610612741,0021300999,Jump Shot,1,1,Right Corner 3
202710,Jimmy Butler III,1610612741,0021300999,Jump Shot,1,1,Mid-Range
201149,Joakim Noah,1610612741,0021300999,Layup Shot,1,0,Restricted Area
2430,Carlos Boozer,1610612741,0021300999,Jump Shot,1,1,Mid-Range
2550,Kirk Hinrich,1610612741,0021300999,Jump Shot,1,1,Mid-Range
202710,Jimmy Butler III,1610612741,0021300999,Jump Shot,1,0,Above the Break 3
2399,Mike Dunleavy,1610612741,0021300999,Jump Shot,1,0,Above the Break 3
2430,Carlos Boozer,1610612741,0021300999,Jump Shot,1,0,Mid-Range
2399,Mike Dunleavy,1610612741,0021300999,Jump Shot,1,1,Mid-Range
2550,Kirk Hinrich,1610612741,0021300999,Jump Shot,1,0,Above the Break 3
202710,Jimmy Butler III,1610612741,0021300999,Layup Shot,1,0,Restricted Area
2550,Kirk Hinrich,1610612741,0021300999,Jump Shot,1,0,Mid-Range
2550,Kirk Hinrich,1610612741,0021300999,Jump Shot,1,0,Mid-Range
2399,Mike Dunleavy,1610612741,0021300999,Jump Shot,1,0,Mid-Range
2550,Kirk Hinrich,1610612741,0021300999,Jump Shot,1,0,Mid-Range
2399,Mike Dunleavy,1610612741,0021300999,Jump Shot,1,1,Above the Break 3
2430,Carlos Boozer,1610612741,0021300999,Jump Shot,1,0,Mid-Range
201571,D.J. Augustin,1610612741,0021300999,Running Bank shot,1,1,In The Paint (Non-RA)
201571,D.J. Augustin,1610612741,0021300999,Jump Shot,1,0,Above the Break 3
2430,Carlos Boozer,1610612741,0021300999,Driving Layup Shot,1,1,Restricted Area
2430,Carlos Boozer,1610612741,0021300999,Running Reverse Layup Shot,1,0,Restricted Area
201571,D.J. Augustin,1610612741,0021300999,Layup Shot,1,0,Restricted Area
201571,D.J. Augustin,1610612741,0021300999,Jump Shot,1,1,Mid-Range
202710,Jimmy Butler III,1610612741,0021300999,Slam Dunk Shot,1,1,Restricted Area
201959,Taj Gibson,1610612741,0021300999,Jump Shot,1,1,Mid-Range
201959,Taj Gibson,1610612741,0021300999,Layup Shot,1,0,Restricted Area
201959,Taj Gibson,1610612741,0021300999,Turnaround Fadeaway shot,1,1,In The Paint (Non-RA)
201959,Taj Gibson,1610612741,0021300999,Layup Shot,1,0,Restricted Area
202710,Jimmy Butler III,1610612741,0021300999,Jump Shot,1,0,Above the Break 3
201571,D.J. Augustin,1610612741,0021300999,Jump Shot,1,0,Above the Break 3
2550,Kirk Hinrich,1610612741,0021300999,Layup Shot,1,0,Restricted Area
201149,Joakim Noah,1610612741,0021300999,Running Layup Shot,1,0,Restricted Area
201149,Joakim Noah,1610612741,0021300999,Layup Shot,1,0,Restricted Area
201959,Taj Gibson,1610612741,0021300999,Running Jump Shot,1,0,In The Paint (Non-RA)
202710,Jimmy Butler III,1610612741,0021300999,Jump Shot,1,0,Above the Break 3
2550,Kirk Hinrich,1610612741,0021300999,Jump Shot,1,0,Above the Break 3
201149,Joakim Noah,1610612741,0021300999,Jump Shot,1,0,In The Paint (Non-RA)
201571,D.J. Augustin,1610612741,0021300999,Jump Shot,1,0,Left Corner 3
201959,Taj Gibson,1610612741,0021300999,Slam Dunk Shot,1,1,Restricted Area
201959,Taj Gibson,1610612741,0021300999,Jump Shot,1,0,Mid-Range
201149,Joakim Noah,1610612741,0021300999,Driving Layup Shot,1,1,Restricted Area
201959,Taj Gibson,1610612741,0021300999,Hook Shot,1,1,Restricted Area
2550,Kirk Hinrich,1610612741,0021300999,Jump Shot,1,0,Above the Break 3
2430,Carlos Boozer,1610612741,0021301008,Jump Shot,1,0,Mid-Range
2399,Mike Dunleavy,1610612741,0021301008,Reverse Layup Shot,1,1,Restricted Area
2399,Mike Dunleavy,1610612741,0021301008,Pullup Jump shot,1,1,Mid-Range
2430,Carlos Boozer,1610612741,0021301008,Jump Shot,1,0,Mid-Range
2399,Mike Dunleavy,1610612741,0021301008,Jump Shot,1,1,Above the Break 3
202710,Jimmy Butler III,1610612741,0021301008,Driving Layup Shot,1,1,Restricted Area
2550,Kirk Hinrich,1610612741,0021301008,Jump Shot,1,0,Mid-Range
2399,Mike Dunleavy,1610612741,0021301008,Jump Shot,1,0,Above the Break 3
201571,D.J. Augustin,1610612741,0021301008,Jump Shot,1,1,Above the Break 3
2430,Carlos Boozer,1610612741,0021301008,Jump Shot,1,1,Mid-Range
201571,D.J. Augustin,1610612741,0021301008,Layup Shot,1,0,Restricted Area
2399,Mike Dunleavy,1610612741,0021301008,Jump Shot,1,0,Mid-Range
201149,Joakim Noah,1610612741,0021301008,Running Hook Shot,1,1,In The Paint (Non-RA)
201571,D.J. Augustin,1610612741,0021301008,Jump Shot,1,1,Right Corner 3
202710,Jimmy Butler III,1610612741,0021301008,Step Back Jump shot,1,1,Mid-Range
2399,Mike Dunleavy,1610612741,0021301008,Driving Finger Roll Layup Shot,1,1,Restricted Area
201959,Taj Gibson,1610612741,0021301008,Jump Shot,1,0,In The Paint (Non-RA)
201571,D.J. Augustin,1610612741,0021301008,Jump Shot,1,0,In The Paint (Non-RA)
201959,Taj Gibson,1610612741,0021301008,Dunk Shot,1,0,Restricted Area
1737,Nazr Mohammed,1610612741,0021301008,Jump Shot,1,0,Mid-Range
201571,D.J. Augustin,1610612741,0021301008,Jump Shot,1,0,In The Paint (Non-RA)
203503,Tony Snell,1610612741,0021301008,Jump Shot,1,1,Above the Break 3
201571,D.J. Augustin,1610612741,0021301008,Layup Shot,1,1,Restricted Area
202710,Jimmy Butler III,1610612741,0021301008,Fadeaway Bank shot,1,1,Mid-Range
201959,Taj Gibson,1610612741,0021301008,Jump Shot,1,0,Mid-Range
1737,Nazr Mohammed,1610612741,0021301008,Jump Shot,1,0,Mid-Range
201571,D.J. Augustin,1610612741,0021301008,Jump Shot,1,0,Above the Break 3
201959,Taj Gibson,1610612741,0021301008,Layup Shot,1,1,Restricted Area
201959,Taj Gibson,1610612741,0021301008,Jump Shot,1,0,In The Paint (Non-RA)
201149,Joakim Noah,1610612741,0021301008,Dunk Shot,1,1,Restricted Area
203503,Tony Snell,1610612741,0021301008,Jump Shot,1,0,Above the Break 3
203503,Tony Snell,1610612741,0021301008,Layup Shot,1,0,Restricted Area
201959,Taj Gibson,1610612741,0021301008,Slam Dunk Shot,1,1,Restricted Area
201959,Taj Gibson,1610612741,0021301008,Layup Shot,1,0,Restricted Area
201149,Joakim Noah,1610612741,0021301008,Jump Shot,1,0,In The Paint (Non-RA)
201959,Taj Gibson,1610612741,0021301008,Jump Shot,1,0,Mid-Range
202710,Jimmy Butler III,1610612741,0021301008,Layup Shot,1,0,Restricted Area
201959,Taj Gibson,1610612741,0021301008,Pullup Jump shot,1,1,Mid-Range
2399,Mike Dunleavy,1610612741,0021301008,Jump Shot,1,0,Restricted Area
201571,D.J. Augustin,1610612741,0021301008,Jump Shot,1,0,Above the Break 3
201149,Joakim Noah,1610612741,0021301008,Running Layup Shot,1,1,Restricted Area
202710,Jimmy Butler III,1610612741,0021301008,Jump Shot,1,0,Above the Break 3
2550,Kirk Hinrich,1610612741,0021301008,Jump Shot,1,0,Mid-Range
2550,Kirk Hinrich,1610612741,0021301008,Jump Shot,1,0,Mid-Range
201149,Joakim Noah,1610612741,0021301008,Putback Layup Shot,1,1,Restricted Area
2399,Mike Dunleavy,1610612741,0021301008,Jump Shot,1,0,Mid-Range
2430,Carlos Boozer,1610612741,0021301008,Layup Shot,1,1,Restricted Area
2430,Carlos Boozer,1610612741,0021301008,Step Back Jump shot,1,1,Mid-Range
2399,Mike Dunleavy,1610612741,0021301008,Jump Shot,1,1,Mid-Range
2430,Carlos Boozer,1610612741,0021301008,Jump Shot,1,0,In The Paint (Non-RA)
2550,Kirk Hinrich,1610612741,0021301008,Jump Shot,1,1,Above the Break 3
201149,Joakim Noah,1610612741,0021301008,Jump Shot,1,0,Mid-Range
2399,Mike Dunleavy,1610612741,0021301008,Jump Shot,1,0,Above the Break 3
201149,Joakim Noah,1610612741,0021301008,Jump Shot,1,1,Mid-Range
201149,Joakim Noah,1610612741,0021301008,Driving Layup Shot,1,1,Restricted Area
2399,Mike Dunleavy,1610612741,0021301008,Jump Shot,1,0,Mid-Range
2550,Kirk Hinrich,1610612741,0021301008,Jump Shot,1,0,Restricted Area
2430,Carlos Boozer,1610612741,0021301008,Jump Shot,1,1,Restricted Area
2430,Carlos Boozer,1610612741,0021301008,Jump Shot,1,0,Mid-Range
2430,Carlos Boozer,1610612741,0021301008,Layup Shot,1,1,Restricted Area
201959,Taj Gibson,1610612741,0021301008,Jump Shot,1,0,Mid-Range
2399,Mike Dunleavy,1610612741,0021301008,Jump Shot,1,0,Above the Break 3
201959,Taj Gibson,1610612741,0021301008,Jump Shot,1,1,Mid-Range
201959,Taj Gibson,1610612741,0021301008,Jump Shot,1,0,Mid-Range
202710,Jimmy Butler III,1610612741,0021301008,Dunk Shot,1,1,Restricted Area
201959,Taj Gibson,1610612741,0021301008,Jump Shot,1,0,In The Paint (Non-RA)
201571,D.J. Augustin,1610612741,0021301008,Driving Reverse Layup Shot,1,1,Restricted Area
201571,D.J. Augustin,1610612741,0021301008,Layup Shot,1,0,Restricted Area
201959,Taj Gibson,1610612741,0021301008,Putback Dunk Shot,1,1,Restricted Area
201149,Joakim Noah,1610612741,0021301008,Layup Shot,1,0,Restricted Area
202710,Jimmy Butler III,1610612741,0021301008,Jump Shot,1,1,Above the Break 3
201571,D.J. Augustin,1610612741,0021301008,Jump Shot,1,1,Left Corner 3
201149,Joakim Noah,1610612741,0021301008,Layup Shot,1,0,Restricted Area
202710,Jimmy Butler III,1610612741,0021301008,Layup Shot,1,0,Restricted Area
201571,D.J. Augustin,1610612741,0021301008,Layup Shot,1,0,Restricted Area
201149,Joakim Noah,1610612741,0021301008,Tip Shot,1,0,Restricted Area
201959,Taj Gibson,1610612741,0021301008,Tip Shot,1,1,Restricted Area
201149,Joakim Noah,1610612741,0021301008,Layup Shot,1,0,Restricted Area
201571,D.J. Augustin,1610612741,0021301008,Jump Shot,1,1,Above the Break 3
201959,Taj Gibson,1610612741,0021301008,Slam Dunk Shot,1,1,Restricted Area
201571,D.J. Augustin,1610612741,0021301008,Jump Shot,1,0,Mid-Range
201571,D.J. Augustin,1610612741,0021301008,Jump Shot,1,0,Mid-Range
201959,Taj Gibson,1610612741,0021301008,Jump Shot,1,0,Mid-Range
2430,Carlos Boozer,1610612741,0021301022,Jump Shot,1,1,Mid-Range
201149,Joakim Noah,1610612741,0021301022,Layup Shot,1,1,Restricted Area
201149,Joakim Noah,1610612741,0021301022,Layup Shot,1,0,Restricted Area
201149,Joakim Noah,1610612741,0021301022,Tip Shot,1,0,Restricted Area
2399,Mike Dunleavy,1610612741,0021301022,Jump Shot,1,0,Mid-Range
201149,Joakim Noah,1610612741,0021301022,Jump Shot,1,0,In The Paint (Non-RA)
202710,Jimmy Butler III,1610612741,0021301022,Jump Shot,1,0,Above the Break 3
2430,Carlos Boozer,1610612741,0021301022,Layup Shot,1,0,Restricted Area
202710,Jimmy Butler III,1610612741,0021301022,Layup Shot,1,0,Restricted Area
2430,Carlos Boozer,1610612741,0021301022,Jump Shot,1,0,Mid-Range
201149,Joakim Noah,1610612741,0021301022,Jump Bank Shot,1,1,In The Paint (Non-RA)
2550,Kirk Hinrich,1610612741,0021301022,Layup Shot,1,1,Restricted Area
2430,Carlos Boozer,1610612741,0021301022,Layup Shot,1,1,Restricted Area
2399,Mike Dunleavy,1610612741,0021301022,Layup Shot,1,1,Restricted Area
2550,Kirk Hinrich,1610612741,0021301022,Jump Shot,1,1,Mid-Range
2430,Carlos Boozer,1610612741,0021301022,Jump Shot,1,0,Mid-Range
201149,Joakim Noah,1610612741,0021301022,Tip Shot,1,0,Restricted Area
201571,D.J. Augustin,1610612741,0021301022,Pullup Jump shot,1,1,Mid-Range
201959,Taj Gibson,1610612741,0021301022,Jump Shot,1,0,Mid-Range
202710,Jimmy Butler III,1610612741,0021301022,Jump Shot,1,1,Above the Break 3
201571,D.J. Augustin,1610612741,0021301022,Jump Shot,1,0,Mid-Range
203503,Tony Snell,1610612741,0021301022,Layup Shot,1,0,Restricted Area
203503,Tony Snell,1610612741,0021301022,Jump Shot,1,0,Above the Break 3
201571,D.J. Augustin,1610612741,0021301022,Jump Shot,1,0,In The Paint (Non-RA)
201571,D.J. Augustin,1610612741,0021301022,Layup Shot,1,0,Restricted Area
201959,Taj Gibson,1610612741,0021301022,Layup Shot,1,0,Restricted Area
202710,Jimmy Butler III,1610612741,0021301022,Jump Shot,1,0,Mid-Range
2399,Mike Dunleavy,1610612741,0021301022,Jump Shot,1,0,In The Paint (Non-RA)
201571,D.J. Augustin,1610612741,0021301022,Pullup Jump shot,1,1,Mid-Range
202710,Jimmy Butler III,1610612741,0021301022,Layup Shot,1,0,Restricted Area
202710,Jimmy Butler III,1610612741,0021301022,Jump Shot,1,1,Right Corner 3
202710,Jimmy Butler III,1610612741,0021301022,Jump Shot,1,0,Above the Break 3
201959,Taj Gibson,1610612741,0021301022,Jump Shot,1,0,In The Paint (Non-RA)
201149,Joakim Noah,1610612741,0021301022,Layup Shot,1,1,Restricted Area
201149,Joakim Noah,1610612741,0021301022,Jump Shot,1,0,In The Paint (Non-RA)
201571,D.J. Augustin,1610612741,0021301022,Jump Shot,1,0,Mid-Range
201959,Taj Gibson,1610612741,0021301022,Layup Shot,1,1,Restricted Area
2550,Kirk Hinrich,1610612741,0021301022,Jump Shot,1,0,Above the Break 3
201149,Joakim Noah,1610612741,0021301022,Tip Shot,1,0,Restricted Area
201571,D.J. Augustin,1610612741,0021301022,Layup Shot,1,1,Restricted Area
201571,D.J. Augustin,1610612741,0021301022,Running Bank shot,1,1,Mid-Range
201959,Taj Gibson,1610612741,0021301022,Layup Shot,1,0,Restricted Area
2430,Carlos Boozer,1610612741,0021301022,Jump Bank Shot,1,1,Mid-Range
2399,Mike Dunleavy,1610612741,0021301022,Jump Shot,1,0,Restricted Area
2430,Carlos Boozer,1610612741,0021301022,Layup Shot,1,0,Restricted Area
2399,Mike Dunleavy,1610612741,0021301022,Jump Shot,1,0,Mid-Range
2550,Kirk Hinrich,1610612741,0021301022,Jump Shot,1,0,Mid-Range
201149,Joakim Noah,1610612741,0021301022,Jump Shot,1,0,In The Paint (Non-RA)
2550,Kirk Hinrich,1610612741,0021301022,Jump Shot,1,0,Mid-Range
202710,Jimmy Butler III,1610612741,0021301022,Jump Shot,1,0,Mid-Range
2399,Mike Dunleavy,1610612741,0021301022,Driving Finger Roll Layup Shot,1,1,Restricted Area
201149,Joakim Noah,1610612741,0021301022,Layup Shot,1,1,Restricted Area
2399,Mike Dunleavy,1610612741,0021301022,Layup Shot,1,0,Restricted Area
202710,Jimmy Butler III,1610612741,0021301022,Jump Shot,1,1,Above the Break 3
2430,Carlos Boozer,1610612741,0021301022,Layup Shot,1,0,Restricted Area
2430,Carlos Boozer,1610612741,0021301022,Jump Shot,1,1,Mid-Range
201571,D.J. Augustin,1610612741,0021301022,Driving Bank shot,1,1,In The Paint (Non-RA)
2399,Mike Dunleavy,1610612741,0021301022,Jump Shot,1,0,Above the Break 3
202710,Jimmy Butler III,1610612741,0021301022,Layup Shot,1,1,Restricted Area
2430,Carlos Boozer,1610612741,0021301022,Layup Shot,1,1,Restricted Area
201571,D.J. Augustin,1610612741,0021301022,Jump Shot,1,0,Mid-Range
201149,Joakim Noah,1610612741,0021301022,Layup Shot,1,1,Restricted Area
201959,Taj Gibson,1610612741,0021301022,Jump Shot,1,0,In The Paint (Non-RA)
2399,Mike Dunleavy,1610612741,0021301022,Jump Shot,1,1,Mid-Range
201149,Joakim Noah,1610612741,0021301022,Layup Shot,1,0,Restricted Area
201571,D.J. Augustin,1610612741,0021301022,Layup Shot,1,1,Restricted Area
201571,D.J. Augustin,1610612741,0021301022,Layup Shot,1,0,Restricted Area
2430,Carlos Boozer,1610612741,0021301022,Jump Shot,1,0,Mid-Range
201149,Joakim Noah,1610612741,0021301022,Jump Shot,1,0,Mid-Range
2430,Carlos Boozer,1610612741,0021301022,Tip Shot,1,0,Restricted Area
201571,D.J. Augustin,1610612741,0021301022,Jump Shot,1,0,Mid-Range
2430,Carlos Boozer,1610612741,0021301022,Jump Shot,1,0,Mid-Range
2430,Carlos Boozer,1610612741,0021301022,Jump Shot,1,0,Mid-Range
201571,D.J. Augustin,1610612741,0021301022,Jump Shot,1,0,Above the Break 3
202710,Jimmy Butler III,1610612741,0021301022,Jump Shot,1,1,Left Corner 3
201149,Joakim Noah,1610612741,0021301022,Jump Shot,1,0,In The Paint (Non-RA)
2550,Kirk Hinrich,1610612741,0021301022,Jump Shot,1,1,Above the Break 3
2430,Carlos Boozer,1610612741,0021301034,Jump Shot,1,0,Mid-Range
202710,Jimmy Butler III,1610612741,0021301034,Layup Shot,1,0,Restricted Area
201149,Joakim Noah,1610612741,0021301034,Layup Shot,1,0,Restricted Area
2430,Carlos Boozer,1610612741,0021301034,Layup Shot,1,1,Restricted Area
2550,Kirk Hinrich,1610612741,0021301034,Jump Shot,1,0,Mid-Range
2399,Mike Dunleavy,1610612741,0021301034,Layup Shot,1,0,Restricted Area
202710,Jimmy Butler III,1610612741,0021301034,Jump Shot,1,0,Above the Break 3
201149,Joakim Noah,1610612741,0021301034,Layup Shot,1,1,Restricted Area
2550,Kirk Hinrich,1610612741,0021301034,Jump Shot,1,0,Above the Break 3
2550,Kirk Hinrich,1610612741,0021301034,Running Layup Shot,1,0,Restricted Area
2399,Mike Dunleavy,1610612741,0021301034,Jump Shot,1,0,Above the Break 3
2550,Kirk Hinrich,1610612741,0021301034,Running Layup Shot,1,0,Restricted Area
202710,Jimmy Butler III,1610612741,0021301034,Jump Shot,1,1,Right Corner 3
201571,D.J. Augustin,1610612741,0021301034,Jump Shot,1,1,Right Corner 3
2430,Carlos Boozer,1610612741,0021301034,Jump Shot,1,0,Mid-Range
201959,Taj Gibson,1610612741,0021301034,Layup Shot,1,0,Restricted Area
201959,Taj Gibson,1610612741,0021301034,Layup Shot,1,0,Restricted Area
201959,Taj Gibson,1610612741,0021301034,Layup Shot,1,0,Restricted Area
201959,Taj Gibson,1610612741,0021301034,Layup Shot,1,0,Restricted Area
201959,Taj Gibson,1610612741,0021301034,Jump Shot,1,1,Mid-Range
201571,D.J. Augustin,1610612741,0021301034,Jump Shot,1,1,In The Paint (Non-RA)
201959,Taj Gibson,1610612741,0021301034,Jump Shot,1,1,Mid-Range
201959,Taj Gibson,1610612741,0021301034,Jump Shot,1,0,Mid-Range
2399,Mike Dunleavy,1610612741,0021301034,Jump Shot,1,0,Above the Break 3
201959,Taj Gibson,1610612741,0021301034,Jump Shot,1,1,Mid-Range
201571,D.J. Augustin,1610612741,0021301034,Layup Shot,1,0,Restricted Area
2550,Kirk Hinrich,1610612741,0021301034,Jump Shot,1,0,Above the Break 3
201571,D.J. Augustin,1610612741,0021301034,Jump Shot,1,0,Mid-Range
203503,Tony Snell,1610612741,0021301034,Jump Shot,1,0,Above the Break 3
201149,Joakim Noah,1610612741,0021301034,Layup Shot,1,0,Restricted Area
201149,Joakim Noah,1610612741,0021301034,Jump Hook Shot,1,1,Restricted Area
202710,Jimmy Butler III,1610612741,0021301034,Slam Dunk Shot,1,1,Restricted Area
201571,D.J. Augustin,1610612741,0021301034,Jump Shot,1,0,Above the Break 3
201571,D.J. Augustin,1610612741,0021301034,Jump Shot,1,1,Above the Break 3
201149,Joakim Noah,1610612741,0021301034,Layup Shot,1,0,Restricted Area
201959,Taj Gibson,1610612741,0021301034,Jump Shot,1,1,Mid-Range
201571,D.J. Augustin,1610612741,0021301034,Jump Shot,1,0,Mid-Range
2399,Mike Dunleavy,1610612741,0021301034,Jump Shot,1,1,Mid-Range
2430,Carlos Boozer,1610612741,0021301034,Jump Shot,1,1,Mid-Range
2430,Carlos Boozer,1610612741,0021301034,Jump Shot,1,0,Mid-Range
2550,Kirk Hinrich,1610612741,0021301034,Jump Shot,1,0,Mid-Range
202710,Jimmy Butler III,1610612741,0021301034,Putback Layup Shot,1,1,Restricted Area
2430,Carlos Boozer,1610612741,0021301034,Jump Shot,1,1,Mid-Range
2550,Kirk Hinrich,1610612741,0021301034,Jump Shot,1,1,Mid-Range
201149,Joakim Noah,1610612741,0021301034,Layup Shot,1,0,Restricted Area
2399,Mike Dunleavy,1610612741,0021301034,Layup Shot,1,0,Restricted Area
2399,Mike Dunleavy,1610612741,0021301034,Jump Shot,1,0,Right Corner 3
202710,Jimmy Butler III,1610612741,0021301034,Alley Oop Dunk Shot,1,1,Restricted Area
2550,Kirk Hinrich,1610612741,0021301034,Pullup Jump shot,1,1,In The Paint (Non-RA)
2399,Mike Dunleavy,1610612741,0021301034,Jump Shot,1,0,Mid-Range
201149,Joakim Noah,1610612741,0021301034,Jump Shot,1,1,Mid-Range
202710,Jimmy Butler III,1610612741,0021301034,Layup Shot,1,0,Restricted Area
201149,Joakim Noah,1610612741,0021301034,Jump Shot,1,1,Mid-Range
202710,Jimmy Butler III,1610612741,0021301034,Jump Shot,1,0,Above the Break 3
2430,Carlos Boozer,1610612741,0021301034,Layup Shot,1,0,Restricted Area
2399,Mike Dunleavy,1610612741,0021301034,Driving Dunk Shot,1,1,Restricted Area
201959,Taj Gibson,1610612741,0021301034,Jump Shot,1,0,Mid-Range
201571,D.J. Augustin,1610612741,0021301034,Driving Layup Shot,1,1,Restricted Area
201149,Joakim Noah,1610612741,0021301034,Layup Shot,1,1,Restricted Area
2550,Kirk Hinrich,1610612741,0021301034,Jump Shot,1,1,Above the Break 3
201959,Taj Gibson,1610612741,0021301034,Slam Dunk Shot,1,1,Restricted Area
201959,Taj Gibson,1610612741,0021301034,Jump Shot,1,0,Mid-Range
201959,Taj Gibson,1610612741,0021301034,Jump Shot,1,0,Restricted Area
201959,Taj Gibson,1610612741,0021301034,Jump Shot,1,1,In The Paint (Non-RA)
201959,Taj Gibson,1610612741,0021301034,Jump Shot,1,1,Mid-Range
201149,Joakim Noah,1610612741,0021301034,Jump Shot,1,1,Mid-Range
201571,D.J. Augustin,1610612741,0021301034,Layup Shot,1,0,Restricted Area
201959,Taj Gibson,1610612741,0021301034,Jump Shot,1,1,Mid-Range
201571,D.J. Augustin,1610612741,0021301034,Jump Shot,1,1,Above the Break 3
201571,D.J. Augustin,1610612741,0021301034,Layup Shot,1,0,Restricted Area
2430,Carlos Boozer,1610612741,0021301050,Pullup Jump shot,1,0,In The Paint (Non-RA)
202710,Jimmy Butler III,1610612741,0021301050,Jump Shot,1,0,In The Paint (Non-RA)
2550,Kirk Hinrich,1610612741,0021301050,Jump Shot,1,0,Above the Break 3
2399,Mike Dunleavy,1610612741,0021301050,Jump Shot,1,0,Mid-Range
2430,Carlos Boozer,1610612741,0021301050,Jump Shot,1,0,Mid-Range
201149,Joakim Noah,1610612741,0021301050,Driving Jump shot,1,0,In The Paint (Non-RA)
2550,Kirk Hinrich,1610612741,0021301050,Jump Shot,1,0,Above the Break 3
201149,Joakim Noah,1610612741,0021301050,Jump Shot,1,1,Mid-Range
202710,Jimmy Butler III,1610612741,0021301050,Jump Shot,1,1,Above the Break 3
2550,Kirk Hinrich,1610612741,0021301050,Jump Shot,1,1,Mid-Range
202710,Jimmy Butler III,1610612741,0021301050,Jump Shot,1,0,Above the Break 3
203503,Tony Snell,1610612741,0021301050,Jump Shot,1,0,Mid-Range
2430,Carlos Boozer,1610612741,0021301050,Layup Shot,1,0,Restricted Area
2430,Carlos Boozer,1610612741,0021301050,Jump Shot,1,1,Mid-Range
203503,Tony Snell,1610612741,0021301050,Jump Shot,1,0,In The Paint (Non-RA)
2399,Mike Dunleavy,1610612741,0021301050,Layup Shot,1,1,Restricted Area
2430,Carlos Boozer,1610612741,0021301050,Turnaround Jump Shot,1,0,Mid-Range
203503,Tony Snell,1610612741,0021301050,Jump Shot,1,0,Right Corner 3
201571,D.J. Augustin,1610612741,0021301050,Jump Shot,1,0,In The Paint (Non-RA)
201959,Taj Gibson,1610612741,0021301050,Jump Shot,1,0,Mid-Range
203503,Tony Snell,1610612741,0021301050,Driving Layup Shot,1,0,Restricted Area
201959,Taj Gibson,1610612741,0021301050,Putback Slam Dunk Shot,1,1,Restricted Area
201959,Taj Gibson,1610612741,0021301050,Jump Shot,1,0,Mid-Range
203503,Tony Snell,1610612741,0021301050,Jump Shot,1,0,Left Corner 3
202710,Jimmy Butler III,1610612741,0021301050,Jump Shot,1,0,Above the Break 3
201571,D.J. Augustin,1610612741,0021301050,Driving Jump shot,1,1,Mid-Range
201959,Taj Gibson,1610612741,0021301050,Jump Shot,1,0,In The Paint (Non-RA)
201959,Taj Gibson,1610612741,0021301050,Jump Shot,1,1,Mid-Range
2399,Mike Dunleavy,1610612741,0021301050,Driving Layup Shot,1,0,Restricted Area
2399,Mike Dunleavy,1610612741,0021301050,Jump Shot,1,0,Above the Break 3
201959,Taj Gibson,1610612741,0021301050,Jump Shot,1,1,Mid-Range
2399,Mike Dunleavy,1610612741,0021301050,Jump Shot,1,1,Mid-Range
201959,Taj Gibson,1610612741,0021301050,Jump Shot,1,0,Mid-Range
201959,Taj Gibson,1610612741,0021301050,Jump Shot,1,1,Mid-Range
201149,Joakim Noah,1610612741,0021301050,Jump Shot,1,0,Mid-Range
201149,Joakim Noah,1610612741,0021301050,Jump Shot,1,0,In The Paint (Non-RA)
201571,D.J. Augustin,1610612741,0021301050,Jump Shot,1,1,Mid-Range
201571,D.J. Augustin,1610612741,0021301050,Driving Layup Shot,1,0,Restricted Area
2399,Mike Dunleavy,1610612741,0021301050,Jump Shot,1,0,Mid-Range
2399,Mike Dunleavy,1610612741,0021301050,Jump Shot,1,1,Mid-Range
203503,Tony Snell,1610612741,0021301050,Jump Shot,1,0,Above the Break 3
201149,Joakim Noah,1610612741,0021301050,Jump Shot,1,0,Mid-Range
201149,Joakim Noah,1610612741,0021301050,Driving Layup Shot,1,1,Restricted Area
201959,Taj Gibson,1610612741,0021301050,Jump Shot,1,0,Backcourt
2399,Mike Dunleavy,1610612741,0021301050,Jump Shot,1,1,Mid-Range
2430,Carlos Boozer,1610612741,0021301050,Jump Shot,1,1,Mid-Range
2430,Carlos Boozer,1610612741,0021301050,Layup Shot,1,1,Restricted Area
202710,Jimmy Butler III,1610612741,0021301050,Jump Shot,1,1,Mid-Range
2550,Kirk Hinrich,1610612741,0021301050,Jump Shot,1,0,Mid-Range
2399,Mike Dunleavy,1610612741,0021301050,Jump Shot,1,1,Above the Break 3
2399,Mike Dunleavy,1610612741,0021301050,Jump Shot,1,1,Mid-Range
201149,Joakim Noah,1610612741,0021301050,Jump Shot,1,1,Mid-Range
2550,Kirk Hinrich,1610612741,0021301050,Jump Shot,1,0,Mid-Range
202710,Jimmy Butler III,1610612741,0021301050,Jump Shot,1,1,Mid-Range
2550,Kirk Hinrich,1610612741,0021301050,Jump Shot,1,1,Above the Break 3
2399,Mike Dunleavy,1610612741,0021301050,Jump Shot,1,0,Mid-Range
202710,Jimmy Butler III,1610612741,0021301050,Running Layup Shot,1,0,Restricted Area
201959,Taj Gibson,1610612741,0021301050,Running Slam Dunk Shot,1,1,Restricted Area
2550,Kirk Hinrich,1610612741,0021301050,Jump Shot,1,1,Mid-Range
2550,Kirk Hinrich,1610612741,0021301050,Jump Shot,1,1,Mid-Range
202710,Jimmy Butler III,1610612741,0021301050,Jump Shot,1,0,Mid-Range
2430,Carlos Boozer,1610612741,0021301050,Jump Shot,1,0,Mid-Range
2430,Carlos Boozer,1610612741,0021301050,Jump Shot,1,0,In The Paint (Non-RA)
201571,D.J. Augustin,1610612741,0021301050,Jump Shot,1,0,Mid-Range
2430,Carlos Boozer,1610612741,0021301050,Driving Layup Shot,1,0,Restricted Area
201959,Taj Gibson,1610612741,0021301050,Jump Shot,1,1,In The Paint (Non-RA)
201959,Taj Gibson,1610612741,0021301050,Jump Shot,1,1,Mid-Range
2399,Mike Dunleavy,1610612741,0021301050,Running Layup Shot,1,0,Restricted Area
201959,Taj Gibson,1610612741,0021301050,Alley Oop Layup shot,1,1,Restricted Area
201571,D.J. Augustin,1610612741,0021301050,Jump Shot,1,0,Mid-Range
201149,Joakim Noah,1610612741,0021301050,Driving Hook Shot,1,0,Restricted Area
2550,Kirk Hinrich,1610612741,0021301050,Jump Shot,1,1,Above the Break 3
201149,Joakim Noah,1610612741,0021301050,Driving Layup Shot,1,1,Restricted Area
2550,Kirk Hinrich,1610612741,0021301050,Jump Shot,1,0,Mid-Range
2550,Kirk Hinrich,1610612741,0021301050,Jump Shot,1,0,In The Paint (Non-RA)
201571,D.J. Augustin,1610612741,0021301050,Jump Shot,1,0,Left Corner 3
202710,Jimmy Butler III,1610612741,0021301050,Layup Shot,1,0,Restricted Area
202710,Jimmy Butler III,1610612741,0021301050,Jump Shot,1,0,Above the Break 3
201149,Joakim Noah,1610612741,0021301050,Jump Shot,1,1,Mid-Range
2550,Kirk Hinrich,1610612741,0021301050,Driving Jump shot,1,1,In The Paint (Non-RA)
201571,D.J. Augustin,1610612741,0021301050,Jump Shot,1,0,Mid-Range
201959,Taj Gibson,1610612741,0021301050,Jump Shot,1,1,Mid-Range
2550,Kirk Hinrich,1610612741,0021301050,Driving Layup Shot,1,1,Restricted Area
201959,Taj Gibson,1610612741,0021301050,Jump Shot,1,0,Mid-Range
2430,Carlos Boozer,1610612741,0021301080,Jump Shot,1,1,Mid-Range
201149,Joakim Noah,1610612741,0021301080,Jump Shot,1,0,Mid-Range
2430,Carlos Boozer,1610612741,0021301080,Jump Shot,1,1,Mid-Range
202710,Jimmy Butler III,1610612741,0021301080,Jump Shot,1,0,Mid-Range
202710,Jimmy Butler III,1610612741,0021301080,Layup Shot,1,1,Restricted Area
2430,Carlos Boozer,1610612741,0021301080,Jump Shot,1,0,In The Paint (Non-RA)
2550,Kirk Hinrich,1610612741,0021301080,Jump Shot,1,0,Above the Break 3
2399,Mike Dunleavy,1610612741,0021301080,Jump Shot,1,0,Right Corner 3
2430,Carlos Boozer,1610612741,0021301080,Jump Shot,1,0,Mid-Range
2399,Mike Dunleavy,1610612741,0021301080,Jump Shot,1,0,Mid-Range
2430,Carlos Boozer,1610612741,0021301080,Putback Layup Shot,1,0,Restricted Area
202710,Jimmy Butler III,1610612741,0021301080,Layup Shot,1,0,Restricted Area
2399,Mike Dunleavy,1610612741,0021301080,Reverse Layup Shot,1,1,Restricted Area
201571,D.J. Augustin,1610612741,0021301080,Jump Shot,1,1,In The Paint (Non-RA)
2399,Mike Dunleavy,1610612741,0021301080,Jump Shot,1,0,Mid-Range
2430,Carlos Boozer,1610612741,0021301080,Finger Roll Layup Shot,1,1,Restricted Area
2430,Carlos Boozer,1610612741,0021301080,Jump Shot,1,1,Mid-Range
201571,D.J. Augustin,1610612741,0021301080,Jump Shot,1,0,Mid-Range
2430,Carlos Boozer,1610612741,0021301080,Jump Shot,1,1,Mid-Range
2430,Carlos Boozer,1610612741,0021301080,Layup Shot,1,0,Restricted Area
201571,D.J. Augustin,1610612741,0021301080,Jump Shot,1,0,Right Corner 3
2430,Carlos Boozer,1610612741,0021301080,Layup Shot,1,0,Restricted Area
201959,Taj Gibson,1610612741,0021301080,Jump Shot,1,0,Mid-Range
2399,Mike Dunleavy,1610612741,0021301080,Jump Shot,1,0,Above the Break 3
201959,Taj Gibson,1610612741,0021301080,Putback Layup Shot,1,1,Restricted Area
201571,D.J. Augustin,1610612741,0021301080,Jump Shot,1,1,Mid-Range
201959,Taj Gibson,1610612741,0021301080,Slam Dunk Shot,1,1,Restricted Area
201571,D.J. Augustin,1610612741,0021301080,Jump Shot,1,0,Left Corner 3
201959,Taj Gibson,1610612741,0021301080,Jump Shot,1,0,Mid-Range
201571,D.J. Augustin,1610612741,0021301080,Jump Shot,1,0,Above the Break 3
203503,Tony Snell,1610612741,0021301080,Driving Layup Shot,1,1,Restricted Area
1737,Nazr Mohammed,1610612741,0021301080,Jump Shot,1,0,In The Paint (Non-RA)
201571,D.J. Augustin,1610612741,0021301080,Jump Shot,1,1,Left Corner 3
201571,D.J. Augustin,1610612741,0021301080,Jump Shot,1,0,Above the Break 3
201149,Joakim Noah,1610612741,0021301080,Tip Shot,1,0,Restricted Area
201149,Joakim Noah,1610612741,0021301080,Hook Shot,1,0,In The Paint (Non-RA)
201149,Joakim Noah,1610612741,0021301080,Layup Shot,1,0,Restricted Area
201149,Joakim Noah,1610612741,0021301080,Tip Shot,1,1,Restricted Area
201959,Taj Gibson,1610612741,0021301080,Layup Shot,1,1,Restricted Area
201149,Joakim Noah,1610612741,0021301080,Jump Shot,1,0,Mid-Range
202710,Jimmy Butler III,1610612741,0021301080,Tip Shot,1,0,Restricted Area
2399,Mike Dunleavy,1610612741,0021301080,Jump Shot,1,0,Mid-Range
201571,D.J. Augustin,1610612741,0021301080,Driving Layup Shot,1,1,Restricted Area
201959,Taj Gibson,1610612741,0021301080,Jump Shot,1,0,Mid-Range
2430,Carlos Boozer,1610612741,0021301080,Jump Shot,1,0,Mid-Range
202710,Jimmy Butler III,1610612741,0021301080,Jump Shot,1,1,Mid-Range
2550,Kirk Hinrich,1610612741,0021301080,Jump Shot,1,0,Mid-Range
2550,Kirk Hinrich,1610612741,0021301080,Jump Shot,1,0,Mid-Range
2399,Mike Dunleavy,1610612741,0021301080,Layup Shot,1,0,Restricted Area
2550,Kirk Hinrich,1610612741,0021301080,Jump Shot,1,0,In The Paint (Non-RA)
202710,Jimmy Butler III,1610612741,0021301080,Jump Shot,1,1,Above the Break 3
201149,Joakim Noah,1610612741,0021301080,Slam Dunk Shot,1,1,Restricted Area
2430,Carlos Boozer,1610612741,0021301080,Driving Layup Shot,1,0,Restricted Area
2550,Kirk Hinrich,1610612741,0021301080,Jump Shot,1,0,Mid-Range
201149,Joakim Noah,1610612741,0021301080,Jump Shot,1,1,Mid-Range
2550,Kirk Hinrich,1610612741,0021301080,Jump Shot,1,0,Mid-Range
2399,Mike Dunleavy,1610612741,0021301080,Jump Shot,1,0,Mid-Range
201149,Joakim Noah,1610612741,0021301080,Jump Shot,1,1,Mid-Range
2399,Mike Dunleavy,1610612741,0021301080,Jump Shot,1,0,Above the Break 3
202710,Jimmy Butler III,1610612741,0021301080,Jump Shot,1,0,Above the Break 3
2430,Carlos Boozer,1610612741,0021301080,Driving Layup Shot,1,1,Restricted Area
2430,Carlos Boozer,1610612741,0021301080,Jump Shot,1,1,Mid-Range
201959,Taj Gibson,1610612741,0021301080,Slam Dunk Shot,1,1,Restricted Area
2430,Carlos Boozer,1610612741,0021301080,Driving Layup Shot,1,1,Restricted Area
201571,D.J. Augustin,1610612741,0021301080,Jump Shot,1,1,Mid-Range
202710,Jimmy Butler III,1610612741,0021301080,Jump Shot,1,0,Backcourt
201571,D.J. Augustin,1610612741,0021301080,Jump Shot,1,0,Mid-Range
201571,D.J. Augustin,1610612741,0021301080,Layup Shot,1,0,Restricted Area
201959,Taj Gibson,1610612741,0021301080,Jump Shot,1,0,Restricted Area
201571,D.J. Augustin,1610612741,0021301080,Jump Shot,1,0,Right Corner 3
201149,Joakim Noah,1610612741,0021301080,Layup Shot,1,0,Restricted Area
201959,Taj Gibson,1610612741,0021301080,Jump Shot,1,1,Mid-Range
202710,Jimmy Butler III,1610612741,0021301080,Jump Shot,1,0,Above the Break 3
201571,D.J. Augustin,1610612741,0021301080,Layup Shot,1,1,Restricted Area
201149,Joakim Noah,1610612741,0021301080,Jump Shot,1,1,Mid-Range
203503,Tony Snell,1610612741,0021301080,Jump Shot,1,1,Mid-Range
201149,Joakim Noah,1610612741,0021301080,Jump Shot,1,0,Mid-Range
201571,D.J. Augustin,1610612741,0021301080,Layup Shot,1,0,Restricted Area
201571,D.J. Augustin,1610612741,0021301080,Running Layup Shot,1,1,Restricted Area
202690,Jimmer Fredette,1610612741,0021301080,Jump Shot,1,0,In The Paint (Non-RA)
201571,D.J. Augustin,1610612741,0021301080,Jump Shot,1,0,Above the Break 3
202690,Jimmer Fredette,1610612741,0021301080,Jump Shot,1,1,Above the Break 3
202690,Jimmer Fredette,1610612741,0021301080,Jump Shot,1,0,Above the Break 3
201959,Taj Gibson,1610612741,0021301080,Layup Shot,1,1,Restricted Area
2430,Carlos Boozer,1610612741,0021301097,Fadeaway Jump Shot,1,1,Mid-Range
2399,Mike Dunleavy,1610612741,0021301097,Layup Shot,1,0,Restricted Area
2550,Kirk Hinrich,1610612741,0021301097,Jump Shot,1,0,Mid-Range
2399,Mike Dunleavy,1610612741,0021301097,Jump Shot,1,0,Above the Break 3
202710,Jimmy Butler III,1610612741,0021301097,Dunk Shot,1,1,Restricted Area
2430,Carlos Boozer,1610612741,0021301097,Turnaround Fadeaway shot,1,0,Mid-Range
2399,Mike Dunleavy,1610612741,0021301097,Jump Shot,1,0,Mid-Range
201149,Joakim Noah,1610612741,0021301097,Driving Slam Dunk Shot,1,1,Restricted Area
2399,Mike Dunleavy,1610612741,0021301097,Jump Shot,1,0,Above the Break 3
2550,Kirk Hinrich,1610612741,0021301097,Jump Shot,1,1,Left Corner 3
2550,Kirk Hinrich,1610612741,0021301097,Jump Shot,1,1,Mid-Range
2399,Mike Dunleavy,1610612741,0021301097,Jump Shot,1,1,Mid-Range
2430,Carlos Boozer,1610612741,0021301097,Layup Shot,1,1,Restricted Area
2550,Kirk Hinrich,1610612741,0021301097,Jump Shot,1,0,Above the Break 3
2550,Kirk Hinrich,1610612741,0021301097,Pullup Jump shot,1,0,Mid-Range
2399,Mike Dunleavy,1610612741,0021301097,Jump Shot,1,1,Mid-Range
2430,Carlos Boozer,1610612741,0021301097,Hook Shot,1,0,In The Paint (Non-RA)
202710,Jimmy Butler III,1610612741,0021301097,Jump Shot,1,1,Above the Break 3
201571,D.J. Augustin,1610612741,0021301097,Jump Shot,1,0,Mid-Range
202710,Jimmy Butler III,1610612741,0021301097,Dunk Shot,1,1,Restricted Area
2430,Carlos Boozer,1610612741,0021301097,Jump Shot,1,1,Mid-Range
201959,Taj Gibson,1610612741,0021301097,Jump Shot,1,0,In The Paint (Non-RA)
202710,Jimmy Butler III,1610612741,0021301097,Jump Shot,1,0,Above the Break 3
201571,D.J. Augustin,1610612741,0021301097,Layup Shot,1,0,Restricted Area
202710,Jimmy Butler III,1610612741,0021301097,Jump Shot,1,0,Right Corner 3
1737,Nazr Mohammed,1610612741,0021301097,Turnaround Bank shot,1,1,In The Paint (Non-RA)
2399,Mike Dunleavy,1610612741,0021301097,Jump Shot,1,0,Mid-Range
2399,Mike Dunleavy,1610612741,0021301097,Jump Shot,1,1,Mid-Range
201959,Taj Gibson,1610612741,0021301097,Jump Shot,1,1,Mid-Range
202710,Jimmy Butler III,1610612741,0021301097,Jump Shot,1,0,Mid-Range
201571,D.J. Augustin,1610612741,0021301097,Jump Shot,1,1,Above the Break 3
201571,D.J. Augustin,1610612741,0021301097,Driving Reverse Layup Shot,1,1,Restricted Area
201959,Taj Gibson,1610612741,0021301097,Dunk Shot,1,1,Restricted Area
203503,Tony Snell,1610612741,0021301097,Jump Shot,1,1,In The Paint (Non-RA)
201959,Taj Gibson,1610612741,0021301097,Jump Shot,1,0,Mid-Range
201571,D.J. Augustin,1610612741,0021301097,Jump Shot,1,1,Above the Break 3
202710,Jimmy Butler III,1610612741,0021301097,Jump Shot,1,1,Above the Break 3
201571,D.J. Augustin,1610612741,0021301097,Floating Jump shot,1,1,In The Paint (Non-RA)
2550,Kirk Hinrich,1610612741,0021301097,Jump Shot,1,0,Mid-Range
201149,Joakim Noah,1610612741,0021301097,Jump Shot,1,0,Mid-Range
2550,Kirk Hinrich,1610612741,0021301097,Driving Layup Shot,1,1,Restricted Area
2430,Carlos Boozer,1610612741,0021301097,Driving Slam Dunk Shot,1,1,Restricted Area
2399,Mike Dunleavy,1610612741,0021301097,Jump Shot,1,0,Mid-Range
202710,Jimmy Butler III,1610612741,0021301097,Jump Shot,1,1,Above the Break 3
202710,Jimmy Butler III,1610612741,0021301097,Jump Shot,1,0,Mid-Range
2550,Kirk Hinrich,1610612741,0021301097,Reverse Layup Shot,1,0,Restricted Area
2430,Carlos Boozer,1610612741,0021301097,Dunk Shot,1,1,Restricted Area
2430,Carlos Boozer,1610612741,0021301097,Finger Roll Layup Shot,1,1,Restricted Area
2430,Carlos Boozer,1610612741,0021301097,Jump Shot,1,0,Mid-Range
201571,D.J. Augustin,1610612741,0021301097,Fadeaway Jump Shot,1,1,In The Paint (Non-RA)
2430,Carlos Boozer,1610612741,0021301097,Running Jump Shot,1,1,In The Paint (Non-RA)
202710,Jimmy Butler III,1610612741,0021301097,Jump Shot,1,0,Above the Break 3
201571,D.J. Augustin,1610612741,0021301097,Driving Layup Shot,1,1,Restricted Area
202710,Jimmy Butler III,1610612741,0021301097,Jump Shot,1,0,Backcourt
201149,Joakim Noah,1610612741,0021301097,Turnaround Fadeaway shot,1,1,In The Paint (Non-RA)
201149,Joakim Noah,1610612741,0021301097,Turnaround Hook Shot,1,0,In The Paint (Non-RA)
201571,D.J. Augustin,1610612741,0021301097,Fadeaway Jump Shot,1,1,Mid-Range
2399,Mike Dunleavy,1610612741,0021301097,Layup Shot,1,0,Restricted Area
201149,Joakim Noah,1610612741,0021301097,Putback Layup Shot,1,1,Restricted Area
2399,Mike Dunleavy,1610612741,0021301097,Jump Shot,1,0,Mid-Range
201571,D.J. Augustin,1610612741,0021301097,Jump Shot,1,1,Mid-Range
201959,Taj Gibson,1610612741,0021301097,Jump Shot,1,0,Mid-Range
2550,Kirk Hinrich,1610612741,0021301097,Jump Shot,1,1,Left Corner 3
201571,D.J. Augustin,1610612741,0021301097,Jump Shot,1,0,Above the Break 3
201571,D.J. Augustin,1610612741,0021301097,Driving Reverse Layup Shot,1,1,Restricted Area
201149,Joakim Noah,1610612741,0021301097,Jump Shot,1,0,Mid-Range
201959,Taj Gibson,1610612741,0021301097,Slam Dunk Shot,1,1,Restricted Area
201571,D.J. Augustin,1610612741,0021301097,Layup Shot,1,0,Restricted Area
201571,D.J. Augustin,1610612741,0021301097,Jump Shot,1,1,Above the Break 3
202710,Jimmy Butler III,1610612741,0021301097,Jump Shot,1,0,Mid-Range
202710,Jimmy Butler III,1610612741,0021301106,Jump Shot,1,1,Mid-Range
202710,Jimmy Butler III,1610612741,0021301106,Jump Shot,1,1,Mid-Range
201149,Joakim Noah,1610612741,0021301106,Driving Layup Shot,1,1,Restricted Area
202710,Jimmy Butler III,1610612741,0021301106,Pullup Jump shot,1,1,Mid-Range
201149,Joakim Noah,1610612741,0021301106,Running Layup Shot,1,0,Restricted Area
2430,Carlos Boozer,1610612741,0021301106,Driving Jump shot,1,0,Restricted Area
2430,Carlos Boozer,1610612741,0021301106,Fadeaway Jump Shot,1,1,Mid-Range
201149,Joakim Noah,1610612741,0021301106,Jump Shot,1,0,In The Paint (Non-RA)
2399,Mike Dunleavy,1610612741,0021301106,Dunk Shot,1,1,Restricted Area
2430,Carlos Boozer,1610612741,0021301106,Layup Shot,1,0,Restricted Area
2430,Carlos Boozer,1610612741,0021301106,Layup Shot,1,1,Restricted Area
2550,Kirk Hinrich,1610612741,0021301106,Jump Shot,1,0,Mid-Range
201149,Joakim Noah,1610612741,0021301106,Jump Shot,1,0,In The Paint (Non-RA)
202710,Jimmy Butler III,1610612741,0021301106,Jump Shot,1,0,Left Corner 3
2430,Carlos Boozer,1610612741,0021301106,Driving Layup Shot,1,1,Restricted Area
2550,Kirk Hinrich,1610612741,0021301106,Layup Shot,1,0,Restricted Area
201571,D.J. Augustin,1610612741,0021301106,Jump Shot,1,0,Left Corner 3
201959,Taj Gibson,1610612741,0021301106,Layup Shot,1,1,Restricted Area
201571,D.J. Augustin,1610612741,0021301106,Layup Shot,1,0,Restricted Area
201959,Taj Gibson,1610612741,0021301106,Jump Shot,1,0,Mid-Range
2399,Mike Dunleavy,1610612741,0021301106,Jump Shot,1,0,Mid-Range
201571,D.J. Augustin,1610612741,0021301106,Jump Shot,1,0,In The Paint (Non-RA)
201959,Taj Gibson,1610612741,0021301106,Dunk Shot,1,1,Restricted Area
202710,Jimmy Butler III,1610612741,0021301106,Jump Shot,1,1,Mid-Range
201571,D.J. Augustin,1610612741,0021301106,Layup Shot,1,1,Restricted Area
201149,Joakim Noah,1610612741,0021301106,Running Layup Shot,1,0,Restricted Area
201571,D.J. Augustin,1610612741,0021301106,Running Layup Shot,1,0,Restricted Area
201959,Taj Gibson,1610612741,0021301106,Putback Slam Dunk Shot,1,1,Restricted Area
201959,Taj Gibson,1610612741,0021301106,Jump Shot,1,1,Mid-Range
2399,Mike Dunleavy,1610612741,0021301106,Jump Shot,1,0,Above the Break 3
2399,Mike Dunleavy,1610612741,0021301106,Layup Shot,1,1,Restricted Area
201571,D.J. Augustin,1610612741,0021301106,Jump Shot,1,0,Mid-Range
201149,Joakim Noah,1610612741,0021301106,Hook Shot,1,1,In The Paint (Non-RA)
2399,Mike Dunleavy,1610612741,0021301106,Jump Shot,1,1,Above the Break 3
201149,Joakim Noah,1610612741,0021301106,Layup Shot,1,1,Restricted Area
201571,D.J. Augustin,1610612741,0021301106,Running Layup Shot,1,0,Restricted Area
2399,Mike Dunleavy,1610612741,0021301106,Jump Shot,1,0,Above the Break 3
2550,Kirk Hinrich,1610612741,0021301106,Jump Shot,1,0,Above the Break 3
202710,Jimmy Butler III,1610612741,0021301106,Putback Layup Shot,1,1,Restricted Area
201149,Joakim Noah,1610612741,0021301106,Jump Shot,1,0,In The Paint (Non-RA)
2430,Carlos Boozer,1610612741,0021301106,Layup Shot,1,1,Restricted Area
202710,Jimmy Butler III,1610612741,0021301106,Layup Shot,1,0,Restricted Area
201149,Joakim Noah,1610612741,0021301106,Jump Shot,1,0,Mid-Range
202710,Jimmy Butler III,1610612741,0021301106,Layup Shot,1,1,Restricted Area
2430,Carlos Boozer,1610612741,0021301106,Reverse Layup Shot,1,0,Restricted Area
202710,Jimmy Butler III,1610612741,0021301106,Jump Shot,1,0,Mid-Range
202710,Jimmy Butler III,1610612741,0021301106,Jump Shot,1,0,Above the Break 3
2430,Carlos Boozer,1610612741,0021301106,Layup Shot,1,0,Restricted Area
2399,Mike Dunleavy,1610612741,0021301106,Layup Shot,1,1,Restricted Area
2430,Carlos Boozer,1610612741,0021301106,Jump Shot,1,1,Mid-Range
201149,Joakim Noah,1610612741,0021301106,Layup Shot,1,1,Restricted Area
201149,Joakim Noah,1610612741,0021301106,Jump Shot,1,0,In The Paint (Non-RA)
2399,Mike Dunleavy,1610612741,0021301106,Jump Shot,1,0,In The Paint (Non-RA)
2550,Kirk Hinrich,1610612741,0021301106,Layup Shot,1,0,Restricted Area
201149,Joakim Noah,1610612741,0021301106,Layup Shot,1,0,Restricted Area
2399,Mike Dunleavy,1610612741,0021301106,Jump Shot,1,1,Above the Break 3
2550,Kirk Hinrich,1610612741,0021301106,Jump Shot,1,0,Above the Break 3
202710,Jimmy Butler III,1610612741,0021301106,Jump Shot,1,1,Mid-Range
2399,Mike Dunleavy,1610612741,0021301106,Layup Shot,1,1,Restricted Area
2430,Carlos Boozer,1610612741,0021301106,Layup Shot,1,1,Restricted Area
2430,Carlos Boozer,1610612741,0021301106,Layup Shot,1,1,Restricted Area
2430,Carlos Boozer,1610612741,0021301106,Jump Shot,1,0,Mid-Range
201149,Joakim Noah,1610612741,0021301106,Jump Shot,1,1,Restricted Area
2399,Mike Dunleavy,1610612741,0021301106,Jump Shot,1,1,Right Corner 3
201959,Taj Gibson,1610612741,0021301106,Jump Shot,1,0,Mid-Range
201149,Joakim Noah,1610612741,0021301106,Jump Shot,1,1,Mid-Range
201959,Taj Gibson,1610612741,0021301106,Slam Dunk Shot,1,1,Restricted Area
201149,Joakim Noah,1610612741,0021301106,Driving Layup Shot,1,1,Restricted Area
201959,Taj Gibson,1610612741,0021301106,Jump Shot,1,1,Mid-Range
202710,Jimmy Butler III,1610612741,0021301106,Jump Shot,1,1,Mid-Range
201571,D.J. Augustin,1610612741,0021301106,Jump Shot,1,0,Above the Break 3
201959,Taj Gibson,1610612741,0021301106,Jump Shot,1,0,Mid-Range
2399,Mike Dunleavy,1610612741,0021301106,Jump Shot,1,0,Above the Break 3
201571,D.J. Augustin,1610612741,0021301106,Jump Shot,1,0,Left Corner 3
202710,Jimmy Butler III,1610612741,0021301106,Jump Shot,1,0,Above the Break 3
201149,Joakim Noah,1610612741,0021301106,Driving Layup Shot,1,1,Restricted Area
201149,Joakim Noah,1610612741,0021301106,Jump Shot,1,1,In The Paint (Non-RA)
201149,Joakim Noah,1610612741,0021301106,Turnaround Hook Shot,1,0,In The Paint (Non-RA)
2550,Kirk Hinrich,1610612741,0021301106,Jump Shot,1,0,Left Corner 3
201149,Joakim Noah,1610612741,0021301106,Jump Shot,1,0,Left Corner 3
2430,Carlos Boozer,1610612741,0021301120,Layup Shot,1,0,Restricted Area
2550,Kirk Hinrich,1610612741,0021301120,Running Layup Shot,1,1,Restricted Area
202710,Jimmy Butler III,1610612741,0021301120,Jump Shot,1,0,Left Corner 3
2550,Kirk Hinrich,1610612741,0021301120,Jump Shot,1,0,Above the Break 3
201149,Joakim Noah,1610612741,0021301120,Turnaround Hook Shot,1,1,In The Paint (Non-RA)
2430,Carlos Boozer,1610612741,0021301120,Jump Shot,1,1,Mid-Range
2550,Kirk Hinrich,1610612741,0021301120,Jump Shot,1,0,Above the Break 3
2430,Carlos Boozer,1610612741,0021301120,Layup Shot,1,1,Restricted Area
2550,Kirk Hinrich,1610612741,0021301120,Jump Shot,1,1,Mid-Range
2550,Kirk Hinrich,1610612741,0021301120,Floating Jump shot,1,0,In The Paint (Non-RA)
203503,Tony Snell,1610612741,0021301120,Jump Shot,1,1,Above the Break 3
2550,Kirk Hinrich,1610612741,0021301120,Jump Shot,1,1,Above the Break 3
2430,Carlos Boozer,1610612741,0021301120,Driving Layup Shot,1,0,Restricted Area
201149,Joakim Noah,1610612741,0021301120,Jump Shot,1,1,Mid-Range
201959,Taj Gibson,1610612741,0021301120,Jump Shot,1,1,Mid-Range
203503,Tony Snell,1610612741,0021301120,Jump Shot,1,1,Above the Break 3
201571,D.J. Augustin,1610612741,0021301120,Driving Layup Shot,1,0,Restricted Area
2430,Carlos Boozer,1610612741,0021301120,Layup Shot,1,1,Restricted Area
201571,D.J. Augustin,1610612741,0021301120,Jump Shot,1,1,Mid-Range
201571,D.J. Augustin,1610612741,0021301120,Jump Shot,1,1,Left Corner 3
203503,Tony Snell,1610612741,0021301120,Jump Shot,1,0,Above the Break 3
201571,D.J. Augustin,1610612741,0021301120,Jump Shot,1,0,Above the Break 3
1737,Nazr Mohammed,1610612741,0021301120,Layup Shot,1,1,Restricted Area
201959,Taj Gibson,1610612741,0021301120,Driving Jump shot,1,0,In The Paint (Non-RA)
202710,Jimmy Butler III,1610612741,0021301120,Jump Shot,1,0,Above the Break 3
202710,Jimmy Butler III,1610612741,0021301120,Jump Shot,1,1,Above the Break 3
201571,D.J. Augustin,1610612741,0021301120,Driving Layup Shot,1,1,Restricted Area
201149,Joakim Noah,1610612741,0021301120,Layup Shot,1,0,Restricted Area
2399,Mike Dunleavy,1610612741,0021301120,Jump Shot,1,1,Left Corner 3
201571,D.J. Augustin,1610612741,0021301120,Jump Shot,1,0,Mid-Range
201959,Taj Gibson,1610612741,0021301120,Dunk Shot,1,1,Restricted Area
201571,D.J. Augustin,1610612741,0021301120,Driving Layup Shot,1,1,Restricted Area
201571,D.J. Augustin,1610612741,0021301120,Driving Jump shot,1,0,Mid-Range
201149,Joakim Noah,1610612741,0021301120,Floating Jump shot,1,0,Mid-Range
202710,Jimmy Butler III,1610612741,0021301120,Jump Shot,1,0,Above the Break 3
2550,Kirk Hinrich,1610612741,0021301120,Jump Shot,1,0,Above the Break 3
201571,D.J. Augustin,1610612741,0021301120,Jump Shot,1,1,Right Corner 3
202710,Jimmy Butler III,1610612741,0021301120,Jump Shot,1,0,Mid-Range
202710,Jimmy Butler III,1610612741,0021301120,Jump Shot,1,1,Above the Break 3
202710,Jimmy Butler III,1610612741,0021301120,Driving Layup Shot,1,0,Restricted Area
202710,Jimmy Butler III,1610612741,0021301120,Jump Shot,1,0,Above the Break 3
2399,Mike Dunleavy,1610612741,0021301120,Jump Shot,1,0,Mid-Range
2430,Carlos Boozer,1610612741,0021301120,Driving Layup Shot,1,1,Restricted Area
2550,Kirk Hinrich,1610612741,0021301120,Running Layup Shot,1,1,Restricted Area
2550,Kirk Hinrich,1610612741,0021301120,Jump Shot,1,1,Mid-Range
202710,Jimmy Butler III,1610612741,0021301120,Turnaround Fadeaway shot,1,0,In The Paint (Non-RA)
2550,Kirk Hinrich,1610612741,0021301120,Fadeaway Jump Shot,1,0,Mid-Range
201149,Joakim Noah,1610612741,0021301120,Driving Hook Shot,1,0,In The Paint (Non-RA)
202710,Jimmy Butler III,1610612741,0021301120,Jump Shot,1,0,Mid-Range
201149,Joakim Noah,1610612741,0021301120,Jump Shot,1,1,Mid-Range
202710,Jimmy Butler III,1610612741,0021301120,Running Dunk Shot,1,1,Restricted Area
2430,Carlos Boozer,1610612741,0021301120,Jump Shot,1,0,Mid-Range
201571,D.J. Augustin,1610612741,0021301120,Jump Shot,1,0,Above the Break 3
2399,Mike Dunleavy,1610612741,0021301120,Jump Shot,1,1,Above the Break 3
201959,Taj Gibson,1610612741,0021301120,Jump Shot,1,0,Mid-Range
201571,D.J. Augustin,1610612741,0021301120,Driving Layup Shot,1,1,Restricted Area
2430,Carlos Boozer,1610612741,0021301120,Dunk Shot,1,1,Restricted Area
201149,Joakim Noah,1610612741,0021301120,Layup Shot,1,0,Restricted Area
202710,Jimmy Butler III,1610612741,0021301120,Dunk Shot,1,1,Restricted Area
201571,D.J. Augustin,1610612741,0021301120,Jump Shot,1,1,Above the Break 3
202710,Jimmy Butler III,1610612741,0021301120,Layup Shot,1,0,Restricted Area
201149,Joakim Noah,1610612741,0021301120,Layup Shot,1,1,Restricted Area
201571,D.J. Augustin,1610612741,0021301120,Jump Shot,1,0,Above the Break 3
201149,Joakim Noah,1610612741,0021301120,Tip Shot,1,1,Restricted Area
201571,D.J. Augustin,1610612741,0021301120,Jump Shot,1,0,Right Corner 3
201149,Joakim Noah,1610612741,0021301120,Jump Shot,1,0,Mid-Range
202710,Jimmy Butler III,1610612741,0021301120,Jump Shot,1,0,Above the Break 3
201959,Taj Gibson,1610612741,0021301120,Jump Shot,1,1,Mid-Range
2550,Kirk Hinrich,1610612741,0021301120,Jump Shot,1,1,Mid-Range
2550,Kirk Hinrich,1610612741,0021301120,Jump Shot,1,0,Mid-Range
201959,Taj Gibson,1610612741,0021301120,Jump Shot,1,0,Mid-Range
202710,Jimmy Butler III,1610612741,0021301120,Driving Reverse Layup Shot,1,1,Restricted Area
201959,Taj Gibson,1610612741,0021301120,Jump Shot,1,0,Restricted Area
201571,D.J. Augustin,1610612741,0021301120,Jump Shot,1,1,Above the Break 3
201959,Taj Gibson,1610612741,0021301120,Layup Shot,1,1,Restricted Area
201959,Taj Gibson,1610612741,0021301120,Jump Shot,1,0,Mid-Range
202710,Jimmy Butler III,1610612741,0021301120,Jump Shot,1,1,Above the Break 3
2550,Kirk Hinrich,1610612741,0021301120,Floating Jump shot,1,1,In The Paint (Non-RA)
202710,Jimmy Butler III,1610612741,0021301137,Jump Shot,1,0,Above the Break 3
201149,Joakim Noah,1610612741,0021301137,Dunk Shot,1,0,Restricted Area
2430,Carlos Boozer,1610612741,0021301137,Tip Shot,1,0,Restricted Area
2550,Kirk Hinrich,1610612741,0021301137,Pullup Jump shot,1,1,Mid-Range
2430,Carlos Boozer,1610612741,0021301137,Jump Shot,1,1,Mid-Range
2550,Kirk Hinrich,1610612741,0021301137,Jump Shot,1,1,Above the Break 3
2430,Carlos Boozer,1610612741,0021301137,Jump Shot,1,1,Mid-Range
201149,Joakim Noah,1610612741,0021301137,Driving Layup Shot,1,0,Restricted Area
201149,Joakim Noah,1610612741,0021301137,Tip Shot,1,0,Restricted Area
201149,Joakim Noah,1610612741,0021301137,Jump Shot,1,0,Mid-Range
2430,Carlos Boozer,1610612741,0021301137,Turnaround Jump Shot,1,0,Mid-Range
2430,Carlos Boozer,1610612741,0021301137,Layup Shot,1,1,Restricted Area
2550,Kirk Hinrich,1610612741,0021301137,Jump Shot,1,0,Left Corner 3
202710,Jimmy Butler III,1610612741,0021301137,Tip Shot,1,1,Restricted Area
2399,Mike Dunleavy,1610612741,0021301137,Layup Shot,1,1,Restricted Area
2550,Kirk Hinrich,1610612741,0021301137,Jump Shot,1,0,Above the Break 3
2399,Mike Dunleavy,1610612741,0021301137,Jump Shot,1,1,Above the Break 3
202710,Jimmy Butler III,1610612741,0021301137,Layup Shot,1,1,Restricted Area
201149,Joakim Noah,1610612741,0021301137,Layup Shot,1,1,Restricted Area
201149,Joakim Noah,1610612741,0021301137,Layup Shot,1,0,Restricted Area
201571,D.J. Augustin,1610612741,0021301137,Jump Shot,1,1,Above the Break 3
202710,Jimmy Butler III,1610612741,0021301137,Jump Shot,1,0,Above the Break 3
2430,Carlos Boozer,1610612741,0021301137,Jump Shot,1,0,Mid-Range
202710,Jimmy Butler III,1610612741,0021301137,Jump Shot,1,1,Mid-Range
2399,Mike Dunleavy,1610612741,0021301137,Jump Shot,1,0,Left Corner 3
201959,Taj Gibson,1610612741,0021301137,Jump Shot,1,1,Mid-Range
201571,D.J. Augustin,1610612741,0021301137,Jump Shot,1,1,Mid-Range
1737,Nazr Mohammed,1610612741,0021301137,Turnaround Fadeaway shot,1,1,Mid-Range
203503,Tony Snell,1610612741,0021301137,Jump Shot,1,0,Above the Break 3
201959,Taj Gibson,1610612741,0021301137,Running Slam Dunk Shot,1,1,Restricted Area
2550,Kirk Hinrich,1610612741,0021301137,Running Layup Shot,1,0,Restricted Area
201959,Taj Gibson,1610612741,0021301137,Putback Layup Shot,1,0,Restricted Area
201149,Joakim Noah,1610612741,0021301137,Layup Shot,1,1,Restricted Area
203503,Tony Snell,1610612741,0021301137,Running Dunk Shot,1,1,Restricted Area
2550,Kirk Hinrich,1610612741,0021301137,Running Layup Shot,1,0,Restricted Area
201571,D.J. Augustin,1610612741,0021301137,Jump Shot,1,0,Left Corner 3
203503,Tony Snell,1610612741,0021301137,Jump Shot,1,0,Mid-Range
2550,Kirk Hinrich,1610612741,0021301137,Jump Shot,1,0,Mid-Range
203503,Tony Snell,1610612741,0021301137,Jump Shot,1,0,Above the Break 3
203503,Tony Snell,1610612741,0021301137,Running Layup Shot,1,0,Restricted Area
2430,Carlos Boozer,1610612741,0021301137,Jump Shot,1,0,Mid-Range
2430,Carlos Boozer,1610612741,0021301137,Jump Shot,1,0,Mid-Range
2550,Kirk Hinrich,1610612741,0021301137,Jump Shot,1,1,Mid-Range
2399,Mike Dunleavy,1610612741,0021301137,Jump Shot,1,0,Above the Break 3
202710,Jimmy Butler III,1610612741,0021301137,Layup Shot,1,1,Restricted Area
2430,Carlos Boozer,1610612741,0021301137,Layup Shot,1,0,Restricted Area
2550,Kirk Hinrich,1610612741,0021301137,Jump Shot,1,0,Mid-Range
202710,Jimmy Butler III,1610612741,0021301137,Jump Shot,1,1,Left Corner 3
2430,Carlos Boozer,1610612741,0021301137,Jump Shot,1,0,Mid-Range
2430,Carlos Boozer,1610612741,0021301137,Driving Layup Shot,1,1,Restricted Area
201149,Joakim Noah,1610612741,0021301137,Driving Layup Shot,1,0,In The Paint (Non-RA)
2399,Mike Dunleavy,1610612741,0021301137,Pullup Jump shot,1,1,Mid-Range
2430,Carlos Boozer,1610612741,0021301137,Turnaround Fadeaway shot,1,0,Mid-Range
2430,Carlos Boozer,1610612741,0021301137,Jump Shot,1,1,In The Paint (Non-RA)
2550,Kirk Hinrich,1610612741,0021301137,Jump Shot,1,0,Mid-Range
201149,Joakim Noah,1610612741,0021301137,Tip Shot,1,0,Restricted Area
2430,Carlos Boozer,1610612741,0021301137,Tip Shot,1,0,Restricted Area
2430,Carlos Boozer,1610612741,0021301137,Layup Shot,1,0,Restricted Area
2399,Mike Dunleavy,1610612741,0021301137,Layup Shot,1,0,Restricted Area
202710,Jimmy Butler III,1610612741,0021301137,Jump Shot,1,0,Left Corner 3
2430,Carlos Boozer,1610612741,0021301137,Driving Layup Shot,1,1,Restricted Area
201571,D.J. Augustin,1610612741,0021301137,Jump Shot,1,1,Above the Break 3
2399,Mike Dunleavy,1610612741,0021301137,Jump Shot,1,1,Left Corner 3
201571,D.J. Augustin,1610612741,0021301137,Running Layup Shot,1,0,Restricted Area
2399,Mike Dunleavy,1610612741,0021301137,Putback Layup Shot,1,1,Restricted Area
202710,Jimmy Butler III,1610612741,0021301137,Jump Shot,1,0,Above the Break 3
201149,Joakim Noah,1610612741,0021301137,Jump Shot,1,0,In The Paint (Non-RA)
201959,Taj Gibson,1610612741,0021301137,Layup Shot,1,0,Restricted Area
201571,D.J. Augustin,1610612741,0021301137,Driving Layup Shot,1,0,Restricted Area
201571,D.J. Augustin,1610612741,0021301137,Jump Shot,1,0,Above the Break 3
201959,Taj Gibson,1610612741,0021301137,Jump Shot,1,0,Mid-Range
202710,Jimmy Butler III,1610612741,0021301137,Driving Layup Shot,1,0,Restricted Area
201149,Joakim Noah,1610612741,0021301137,Jump Shot,1,0,In The Paint (Non-RA)
2550,Kirk Hinrich,1610612741,0021301137,Jump Shot,1,0,Above the Break 3
201959,Taj Gibson,1610612741,0021301137,Jump Shot,1,0,Mid-Range
201959,Taj Gibson,1610612741,0021301137,Layup Shot,1,0,Restricted Area
201571,D.J. Augustin,1610612741,0021301137,Jump Shot,1,0,Left Corner 3
2550,Kirk Hinrich,1610612741,0021301137,Jump Shot,1,1,Above the Break 3
201959,Taj Gibson,1610612741,0021301137,Jump Shot,1,1,In The Paint (Non-RA)
201149,Joakim Noah,1610612741,0021301137,Jump Shot,1,0,In The Paint (Non-RA)
201149,Joakim Noah,1610612741,0021301137,Putback Layup Shot,1,0,Restricted Area
201959,Taj Gibson,1610612741,0021301137,Tip Shot,1,1,Restricted Area
202710,Jimmy Butler III,1610612741,0021301137,Jump Shot,1,0,Above the Break 3
201149,Joakim Noah,1610612741,0021301137,Layup Shot,1,0,Restricted Area
2430,Carlos Boozer,1610612741,0021301144,Jump Shot,1,0,In The Paint (Non-RA)
201149,Joakim Noah,1610612741,0021301144,Jump Shot,1,0,Mid-Range
2550,Kirk Hinrich,1610612741,0021301144,Jump Shot,1,1,Left Corner 3
2399,Mike Dunleavy,1610612741,0021301144,Jump Shot,1,0,Mid-Range
2430,Carlos Boozer,1610612741,0021301144,Layup Shot,1,1,Restricted Area
2430,Carlos Boozer,1610612741,0021301144,Turnaround Jump Shot,1,1,In The Paint (Non-RA)
202710,Jimmy Butler III,1610612741,0021301144,Layup Shot,1,0,Restricted Area
202710,Jimmy Butler III,1610612741,0021301144,Jump Shot,1,0,Above the Break 3
2430,Carlos Boozer,1610612741,0021301144,Layup Shot,1,0,Restricted Area
2550,Kirk Hinrich,1610612741,0021301144,Driving Layup Shot,1,1,Restricted Area
201149,Joakim Noah,1610612741,0021301144,Jump Shot,1,1,Mid-Range
2399,Mike Dunleavy,1610612741,0021301144,Layup Shot,1,1,Restricted Area
201149,Joakim Noah,1610612741,0021301144,Dunk Shot,1,1,Restricted Area
2550,Kirk Hinrich,1610612741,0021301144,Jump Shot,1,0,Mid-Range
201571,D.J. Augustin,1610612741,0021301144,Jump Shot,1,1,Above the Break 3
201959,Taj Gibson,1610612741,0021301144,Turnaround Hook Shot,1,1,Restricted Area
2430,Carlos Boozer,1610612741,0021301144,Jump Shot,1,1,Mid-Range
2430,Carlos Boozer,1610612741,0021301144,Jump Shot,1,0,Mid-Range
201571,D.J. Augustin,1610612741,0021301144,Jump Shot,1,0,Mid-Range
201571,D.J. Augustin,1610612741,0021301144,Jump Shot,1,0,In The Paint (Non-RA)
201571,D.J. Augustin,1610612741,0021301144,Layup Shot,1,0,Restricted Area
201959,Taj Gibson,1610612741,0021301144,Tip Shot,1,1,Restricted Area
2399,Mike Dunleavy,1610612741,0021301144,Jump Shot,1,0,Mid-Range
201959,Taj Gibson,1610612741,0021301144,Jump Shot,1,0,Mid-Range
201571,D.J. Augustin,1610612741,0021301144,Step Back Jump shot,1,1,Above the Break 3
201571,D.J. Augustin,1610612741,0021301144,Pullup Jump shot,1,1,Above the Break 3
201959,Taj Gibson,1610612741,0021301144,Jump Shot,1,0,Mid-Range
201149,Joakim Noah,1610612741,0021301144,Tip Shot,1,1,Restricted Area
201571,D.J. Augustin,1610612741,0021301144,Jump Shot,1,0,Left Corner 3
201571,D.J. Augustin,1610612741,0021301144,Layup Shot,1,0,Restricted Area
201571,D.J. Augustin,1610612741,0021301144,Layup Shot,1,1,Restricted Area
2550,Kirk Hinrich,1610612741,0021301144,Jump Shot,1,0,Above the Break 3
201571,D.J. Augustin,1610612741,0021301144,Jump Shot,1,0,Above the Break 3
203503,Tony Snell,1610612741,0021301144,Jump Shot,1,0,Above the Break 3
201149,Joakim Noah,1610612741,0021301144,Jump Shot,1,0,Mid-Range
202710,Jimmy Butler III,1610612741,0021301144,Turnaround Fadeaway shot,1,1,Mid-Range
201149,Joakim Noah,1610612741,0021301144,Driving Bank shot,1,1,In The Paint (Non-RA)
201571,D.J. Augustin,1610612741,0021301144,Jump Shot,1,1,Above the Break 3
2430,Carlos Boozer,1610612741,0021301144,Jump Shot,1,0,In The Paint (Non-RA)
2430,Carlos Boozer,1610612741,0021301144,Layup Shot,1,0,Restricted Area
2399,Mike Dunleavy,1610612741,0021301144,Jump Shot,1,1,Mid-Range
2399,Mike Dunleavy,1610612741,0021301144,Jump Shot,1,0,Above the Break 3
202710,Jimmy Butler III,1610612741,0021301144,Jump Shot,1,0,Right Corner 3
201149,Joakim Noah,1610612741,0021301144,Layup Shot,1,1,Restricted Area
201149,Joakim Noah,1610612741,0021301144,Dunk Shot,1,1,Restricted Area
202710,Jimmy Butler III,1610612741,0021301144,Jump Shot,1,0,Mid-Range
2430,Carlos Boozer,1610612741,0021301144,Layup Shot,1,1,Restricted Area
2550,Kirk Hinrich,1610612741,0021301144,Jump Shot,1,1,Above the Break 3
202710,Jimmy Butler III,1610612741,0021301144,Jump Shot,1,0,Above the Break 3
2430,Carlos Boozer,1610612741,0021301144,Jump Shot,1,0,In The Paint (Non-RA)
2430,Carlos Boozer,1610612741,0021301144,Hook Shot,1,1,In The Paint (Non-RA)
201149,Joakim Noah,1610612741,0021301144,Jump Shot,1,1,Mid-Range
2550,Kirk Hinrich,1610612741,0021301144,Jump Shot,1,1,Above the Break 3
201149,Joakim Noah,1610612741,0021301144,Jump Shot,1,0,Mid-Range
2399,Mike Dunleavy,1610612741,0021301144,Jump Shot,1,1,Mid-Range
2399,Mike Dunleavy,1610612741,0021301144,Jump Shot,1,0,Above the Break 3
2430,Carlos Boozer,1610612741,0021301144,Jump Shot,1,1,Mid-Range
201571,D.J. Augustin,1610612741,0021301144,Floating Jump shot,1,1,In The Paint (Non-RA)
2399,Mike Dunleavy,1610612741,0021301144,Jump Shot,1,0,Above the Break 3
201571,D.J. Augustin,1610612741,0021301144,Jump Shot,1,0,Mid-Range
201959,Taj Gibson,1610612741,0021301144,Jump Shot,1,0,Mid-Range
201149,Joakim Noah,1610612741,0021301144,Layup Shot,1,1,Restricted Area
201571,D.J. Augustin,1610612741,0021301144,Jump Shot,1,0,Above the Break 3
201149,Joakim Noah,1610612741,0021301144,Running Bank Hook Shot,1,1,In The Paint (Non-RA)
201959,Taj Gibson,1610612741,0021301144,Jump Shot,1,0,Mid-Range
201571,D.J. Augustin,1610612741,0021301144,Jump Shot,1,0,Above the Break 3
202710,Jimmy Butler III,1610612741,0021301144,Jump Shot,1,0,Mid-Range
201571,D.J. Augustin,1610612741,0021301144,Pullup Jump shot,1,1,Above the Break 3
201571,D.J. Augustin,1610612741,0021301144,Jump Shot,1,0,In The Paint (Non-RA)
201571,D.J. Augustin,1610612741,0021301144,Jump Shot,1,1,Above the Break 3
202710,Jimmy Butler III,1610612741,0021301144,Jump Shot,1,0,Above the Break 3
202710,Jimmy Butler III,1610612741,0021301144,Jump Shot,1,0,In The Paint (Non-RA)
201959,Taj Gibson,1610612741,0021301144,Jump Shot,1,1,In The Paint (Non-RA)
201959,Taj Gibson,1610612741,0021301144,Jump Shot,1,0,In The Paint (Non-RA)
201149,Joakim Noah,1610612741,0021301144,Layup Shot,1,0,Restricted Area
201571,D.J. Augustin,1610612741,0021301144,Jump Shot,1,0,Above the Break 3
203129,Tornike Shengelia,1610612741,0021301144,Layup Shot,1,0,Restricted Area
203129,Tornike Shengelia,1610612741,0021301144,Alley Oop Dunk Shot,1,1,Restricted Area
202690,Jimmer Fredette,1610612741,0021301144,Jump Shot,1,0,Mid-Range
202710,Jimmy Butler III,1610612741,0021301169,Pullup Jump shot,1,0,Mid-Range
2430,Carlos Boozer,1610612741,0021301169,Jump Shot,1,0,Mid-Range
2430,Carlos Boozer,1610612741,0021301169,Turnaround Jump Shot,1,0,Mid-Range
202710,Jimmy Butler III,1610612741,0021301169,Jump Shot,1,1,Above the Break 3
2399,Mike Dunleavy,1610612741,0021301169,Jump Shot,1,1,Above the Break 3
2430,Carlos Boozer,1610612741,0021301169,Jump Shot,1,0,In The Paint (Non-RA)
2550,Kirk Hinrich,1610612741,0021301169,Jump Shot,1,0,Above the Break 3
202710,Jimmy Butler III,1610612741,0021301169,Layup Shot,1,0,Restricted Area
2430,Carlos Boozer,1610612741,0021301169,Layup Shot,1,1,Restricted Area
2399,Mike Dunleavy,1610612741,0021301169,Driving Jump shot,1,1,In The Paint (Non-RA)
2399,Mike Dunleavy,1610612741,0021301169,Jump Hook Shot,1,0,In The Paint (Non-RA)
201149,Joakim Noah,1610612741,0021301169,Jump Shot,1,1,Mid-Range
2550,Kirk Hinrich,1610612741,0021301169,Jump Shot,1,1,Mid-Range
2430,Carlos Boozer,1610612741,0021301169,Jump Shot,1,0,In The Paint (Non-RA)
202710,Jimmy Butler III,1610612741,0021301169,Jump Shot,1,0,Above the Break 3
201571,D.J. Augustin,1610612741,0021301169,Driving Reverse Layup Shot,1,1,Restricted Area
201571,D.J. Augustin,1610612741,0021301169,Jump Shot,1,1,Left Corner 3
2430,Carlos Boozer,1610612741,0021301169,Jump Hook Shot,1,1,In The Paint (Non-RA)
202710,Jimmy Butler III,1610612741,0021301169,Jump Shot,1,1,Right Corner 3
201959,Taj Gibson,1610612741,0021301169,Jump Bank Shot,1,1,Mid-Range
202710,Jimmy Butler III,1610612741,0021301169,Jump Shot,1,0,Mid-Range
201571,D.J. Augustin,1610612741,0021301169,Jump Shot,1,0,Right Corner 3
201959,Taj Gibson,1610612741,0021301169,Jump Shot,1,0,Mid-Range
2399,Mike Dunleavy,1610612741,0021301169,Jump Shot,1,0,Above the Break 3
201571,D.J. Augustin,1610612741,0021301169,Step Back Jump shot,1,0,Mid-Range
1737,Nazr Mohammed,1610612741,0021301169,Jump Hook Shot,1,1,In The Paint (Non-RA)
201571,D.J. Augustin,1610612741,0021301169,Driving Layup Shot,1,1,Restricted Area
201571,D.J. Augustin,1610612741,0021301169,Layup Shot,1,1,Restricted Area
201959,Taj Gibson,1610612741,0021301169,Jump Shot,1,0,In The Paint (Non-RA)
201149,Joakim Noah,1610612741,0021301169,Turnaround Jump Shot,1,0,In The Paint (Non-RA)
201149,Joakim Noah,1610612741,0021301169,Turnaround Jump Shot,1,0,In The Paint (Non-RA)
201959,Taj Gibson,1610612741,0021301169,Dunk Shot,1,0,Restricted Area
201959,Taj Gibson,1610612741,0021301169,Layup Shot,1,0,Restricted Area
201959,Taj Gibson,1610612741,0021301169,Running Jump Shot,1,0,In The Paint (Non-RA)
201571,D.J. Augustin,1610612741,0021301169,Jump Shot,1,1,Above the Break 3
201571,D.J. Augustin,1610612741,0021301169,Driving Reverse Layup Shot,1,0,Restricted Area
2550,Kirk Hinrich,1610612741,0021301169,Pullup Jump shot,1,1,Above the Break 3
201959,Taj Gibson,1610612741,0021301169,Turnaround Jump Shot,1,1,In The Paint (Non-RA)
2550,Kirk Hinrich,1610612741,0021301169,Layup Shot,1,1,Restricted Area
2550,Kirk Hinrich,1610612741,0021301169,Jump Shot,1,0,Above the Break 3
201149,Joakim Noah,1610612741,0021301169,Layup Shot,1,1,Restricted Area
201571,D.J. Augustin,1610612741,0021301169,Driving Layup Shot,1,1,Restricted Area
2430,Carlos Boozer,1610612741,0021301169,Layup Shot,1,1,Restricted Area
2550,Kirk Hinrich,1610612741,0021301169,Running Reverse Layup Shot,1,1,Restricted Area
2430,Carlos Boozer,1610612741,0021301169,Jump Shot,1,0,Mid-Range
2430,Carlos Boozer,1610612741,0021301169,Jump Shot,1,0,Restricted Area
201149,Joakim Noah,1610612741,0021301169,Tip Shot,1,0,Restricted Area
201149,Joakim Noah,1610612741,0021301169,Dunk Shot,1,1,Restricted Area
2550,Kirk Hinrich,1610612741,0021301169,Jump Shot,1,1,Left Corner 3
2430,Carlos Boozer,1610612741,0021301169,Layup Shot,1,0,Restricted Area
202710,Jimmy Butler III,1610612741,0021301169,Jump Shot,1,0,Above the Break 3
201149,Joakim Noah,1610612741,0021301169,Layup Shot,1,1,Restricted Area
2430,Carlos Boozer,1610612741,0021301169,Layup Shot,1,0,Restricted Area
2550,Kirk Hinrich,1610612741,0021301169,Jump Shot,1,1,Mid-Range
201149,Joakim Noah,1610612741,0021301169,Jump Shot,1,0,Mid-Range
2550,Kirk Hinrich,1610612741,0021301169,Jump Shot,1,1,Mid-Range
2399,Mike Dunleavy,1610612741,0021301169,Jump Shot,1,1,Right Corner 3
2399,Mike Dunleavy,1610612741,0021301169,Jump Shot,1,1,Mid-Range
201149,Joakim Noah,1610612741,0021301169,Driving Layup Shot,1,1,Restricted Area
2430,Carlos Boozer,1610612741,0021301169,Jump Shot,1,0,Mid-Range
201149,Joakim Noah,1610612741,0021301169,Layup Shot,1,0,Restricted Area
201959,Taj Gibson,1610612741,0021301169,Jump Shot,1,1,Mid-Range
201571,D.J. Augustin,1610612741,0021301169,Jump Shot,1,0,Mid-Range
2430,Carlos Boozer,1610612741,0021301169,Layup Shot,1,0,Restricted Area
202710,Jimmy Butler III,1610612741,0021301169,Jump Shot,1,1,Mid-Range
201959,Taj Gibson,1610612741,0021301169,Dunk Shot,1,0,Restricted Area
202710,Jimmy Butler III,1610612741,0021301169,Driving Layup Shot,1,1,Restricted Area
201959,Taj Gibson,1610612741,0021301169,Jump Shot,1,1,In The Paint (Non-RA)
201959,Taj Gibson,1610612741,0021301169,Layup Shot,1,1,Restricted Area
201571,D.J. Augustin,1610612741,0021301169,Jump Shot,1,1,Above the Break 3
201959,Taj Gibson,1610612741,0021301169,Jump Shot,1,0,In The Paint (Non-RA)
201571,D.J. Augustin,1610612741,0021301169,Jump Shot,1,1,Above the Break 3
201571,D.J. Augustin,1610612741,0021301169,Jump Shot,1,0,Above the Break 3
2399,Mike Dunleavy,1610612741,0021301169,Jump Shot,1,0,Above the Break 3
201959,Taj Gibson,1610612741,0021301169,Jump Shot,1,1,In The Paint (Non-RA)
201959,Taj Gibson,1610612741,0021301169,Jump Shot,1,0,Mid-Range
201149,Joakim Noah,1610612741,0021301169,Tip Shot,1,0,Restricted Area
202710,Jimmy Butler III,1610612741,0021301169,Jump Shot,1,0,Right Corner 3
201149,Joakim Noah,1610612741,0021301169,Jump Shot,1,1,Mid-Range
201571,D.J. Augustin,1610612741,0021301169,Jump Shot,1,0,Above the Break 3
202710,Jimmy Butler III,1610612741,0021301169,Jump Shot,1,1,Left Corner 3
201149,Joakim Noah,1610612741,0021301169,Jump Shot,1,1,Mid-Range
201149,Joakim Noah,1610612741,0021301181,Jump Shot,1,0,Mid-Range
2430,Carlos Boozer,1610612741,0021301181,Layup Shot,1,1,Restricted Area
201149,Joakim Noah,1610612741,0021301181,Driving Layup Shot,1,0,Restricted Area
202710,Jimmy Butler III,1610612741,0021301181,Jump Shot,1,0,Above the Break 3
2550,Kirk Hinrich,1610612741,0021301181,Jump Shot,1,0,Above the Break 3
202710,Jimmy Butler III,1610612741,0021301181,Layup Shot,1,0,Restricted Area
2430,Carlos Boozer,1610612741,0021301181,Turnaround Hook Shot,1,1,In The Paint (Non-RA)
201149,Joakim Noah,1610612741,0021301181,Jump Shot,1,0,Mid-Range
201149,Joakim Noah,1610612741,0021301181,Dunk Shot,1,1,Restricted Area
2550,Kirk Hinrich,1610612741,0021301181,Jump Shot,1,0,Mid-Range
202710,Jimmy Butler III,1610612741,0021301181,Jump Shot,1,0,Above the Break 3
201149,Joakim Noah,1610612741,0021301181,Jump Shot,1,0,Mid-Range
2430,Carlos Boozer,1610612741,0021301181,Dunk Shot,1,1,Restricted Area
202710,Jimmy Butler III,1610612741,0021301181,Jump Shot,1,1,Above the Break 3
2430,Carlos Boozer,1610612741,0021301181,Jump Shot,1,0,Mid-Range
202710,Jimmy Butler III,1610612741,0021301181,Jump Shot,1,0,Right Corner 3
201571,D.J. Augustin,1610612741,0021301181,Jump Shot,1,0,Above the Break 3
201571,D.J. Augustin,1610612741,0021301181,Jump Shot,1,0,Above the Break 3
201571,D.J. Augustin,1610612741,0021301181,Running Layup Shot,1,0,Restricted Area
201571,D.J. Augustin,1610612741,0021301181,Jump Shot,1,1,Above the Break 3
201571,D.J. Augustin,1610612741,0021301181,Driving Layup Shot,1,0,Restricted Area
201959,Taj Gibson,1610612741,0021301181,Turnaround Jump Shot,1,0,Mid-Range
2399,Mike Dunleavy,1610612741,0021301181,Jump Shot,1,0,Above the Break 3
1737,Nazr Mohammed,1610612741,0021301181,Jump Shot,1,1,Mid-Range
1737,Nazr Mohammed,1610612741,0021301181,Jump Shot,1,1,In The Paint (Non-RA)
201959,Taj Gibson,1610612741,0021301181,Layup Shot,1,1,Restricted Area
201571,D.J. Augustin,1610612741,0021301181,Jump Shot,1,0,Above the Break 3
201959,Taj Gibson,1610612741,0021301181,Layup Shot,1,1,Restricted Area
2399,Mike Dunleavy,1610612741,0021301181,Jump Shot,1,0,Mid-Range
201959,Taj Gibson,1610612741,0021301181,Slam Dunk Shot,1,1,Restricted Area
201149,Joakim Noah,1610612741,0021301181,Layup Shot,1,1,Restricted Area
202710,Jimmy Butler III,1610612741,0021301181,Jump Shot,1,0,Left Corner 3
201571,D.J. Augustin,1610612741,0021301181,Jump Shot,1,1,Mid-Range
201571,D.J. Augustin,1610612741,0021301181,Jump Shot,1,1,Mid-Range
201571,D.J. Augustin,1610612741,0021301181,Driving Layup Shot,1,1,Restricted Area
201149,Joakim Noah,1610612741,0021301181,Layup Shot,1,0,Restricted Area
201959,Taj Gibson,1610612741,0021301181,Jump Shot,1,0,Mid-Range
201959,Taj Gibson,1610612741,0021301181,Jump Shot,1,0,Mid-Range
202710,Jimmy Butler III,1610612741,0021301181,Jump Shot,1,0,Above the Break 3
2550,Kirk Hinrich,1610612741,0021301181,Floating Jump shot,1,1,Restricted Area
2550,Kirk Hinrich,1610612741,0021301181,Pullup Jump shot,1,0,Mid-Range
201149,Joakim Noah,1610612741,0021301181,Jump Shot,1,0,Mid-Range
2430,Carlos Boozer,1610612741,0021301181,Turnaround Jump Shot,1,1,Mid-Range
2399,Mike Dunleavy,1610612741,0021301181,Jump Shot,1,1,Above the Break 3
2550,Kirk Hinrich,1610612741,0021301181,Jump Shot,1,0,Mid-Range
2550,Kirk Hinrich,1610612741,0021301181,Jump Bank Shot,1,1,In The Paint (Non-RA)
2430,Carlos Boozer,1610612741,0021301181,Driving Layup Shot,1,1,Restricted Area
202710,Jimmy Butler III,1610612741,0021301181,Jump Shot,1,0,Above the Break 3
2399,Mike Dunleavy,1610612741,0021301181,Jump Shot,1,0,Above the Break 3
2550,Kirk Hinrich,1610612741,0021301181,Jump Shot,1,0,Above the Break 3
2430,Carlos Boozer,1610612741,0021301181,Layup Shot,1,1,Restricted Area
2550,Kirk Hinrich,1610612741,0021301181,Floating Jump shot,1,0,In The Paint (Non-RA)
2430,Carlos Boozer,1610612741,0021301181,Layup Shot,1,1,Restricted Area
2399,Mike Dunleavy,1610612741,0021301181,Running Hook Shot,1,1,Mid-Range
2550,Kirk Hinrich,1610612741,0021301181,Running Bank shot,1,1,In The Paint (Non-RA)
2399,Mike Dunleavy,1610612741,0021301181,Driving Layup Shot,1,0,Restricted Area
2399,Mike Dunleavy,1610612741,0021301181,Jump Shot,1,1,Above the Break 3
2550,Kirk Hinrich,1610612741,0021301181,Running Layup Shot,1,1,Restricted Area
2399,Mike Dunleavy,1610612741,0021301181,Jump Shot,1,1,Mid-Range
2399,Mike Dunleavy,1610612741,0021301181,Jump Shot,1,0,Mid-Range
2550,Kirk Hinrich,1610612741,0021301181,Jump Shot,1,0,Above the Break 3
2550,Kirk Hinrich,1610612741,0021301181,Jump Shot,1,1,Mid-Range
2550,Kirk Hinrich,1610612741,0021301181,Running Layup Shot,1,0,Restricted Area
202710,Jimmy Butler III,1610612741,0021301181,Jump Shot,1,1,Mid-Range
202710,Jimmy Butler III,1610612741,0021301181,Jump Shot,1,1,Mid-Range
201571,D.J. Augustin,1610612741,0021301181,Layup Shot,1,0,Restricted Area
2399,Mike Dunleavy,1610612741,0021301181,Jump Shot,1,1,Above the Break 3
2399,Mike Dunleavy,1610612741,0021301181,Jump Shot,1,0,Mid-Range
201571,D.J. Augustin,1610612741,0021301181,Jump Shot,1,1,Mid-Range
201571,D.J. Augustin,1610612741,0021301181,Jump Shot,1,1,Mid-Range
202710,Jimmy Butler III,1610612741,0021301181,Layup Shot,1,1,Restricted Area
201959,Taj Gibson,1610612741,0021301181,Layup Shot,1,1,Restricted Area
202710,Jimmy Butler III,1610612741,0021301181,Jump Shot,1,0,Mid-Range
201149,Joakim Noah,1610612741,0021301181,Driving Layup Shot,1,0,Restricted Area
201149,Joakim Noah,1610612741,0021301181,Jump Shot,1,0,Mid-Range
201959,Taj Gibson,1610612741,0021301181,Slam Dunk Shot,1,1,Restricted Area
201571,D.J. Augustin,1610612741,0021301181,Driving Reverse Layup Shot,1,1,Restricted Area
202710,Jimmy Butler III,1610612741,0021301181,Jump Shot,1,1,Mid-Range
201571,D.J. Augustin,1610612741,0021301181,Jump Shot,1,0,In The Paint (Non-RA)
201959,Taj Gibson,1610612741,0021301181,Slam Dunk Shot,1,1,Restricted Area
201959,Taj Gibson,1610612741,0021301181,Jump Shot,1,1,Mid-Range
2430,Carlos Boozer,1610612741,0021301197,Jump Shot,1,1,In The Paint (Non-RA)
2399,Mike Dunleavy,1610612741,0021301197,Driving Hook Shot,1,1,Restricted Area
2399,Mike Dunleavy,1610612741,0021301197,Driving Layup Shot,1,1,Restricted Area
2430,Carlos Boozer,1610612741,0021301197,Layup Shot,1,1,Restricted Area
2550,Kirk Hinrich,1610612741,0021301197,Jump Shot,1,0,Mid-Range
2430,Carlos Boozer,1610612741,0021301197,Jump Shot,1,0,Mid-Range
2550,Kirk Hinrich,1610612741,0021301197,Driving Layup Shot,1,0,Restricted Area
201149,Joakim Noah,1610612741,0021301197,Tip Shot,1,0,Restricted Area
202710,Jimmy Butler III,1610612741,0021301197,Jump Shot,1,0,Above the Break 3
2550,Kirk Hinrich,1610612741,0021301197,Jump Shot,1,1,Mid-Range
2399,Mike Dunleavy,1610612741,0021301197,Layup Shot,1,0,Restricted Area
2399,Mike Dunleavy,1610612741,0021301197,Jump Shot,1,0,Above the Break 3
2399,Mike Dunleavy,1610612741,0021301197,Layup Shot,1,0,Restricted Area
2430,Carlos Boozer,1610612741,0021301197,Jump Shot,1,0,In The Paint (Non-RA)
201149,Joakim Noah,1610612741,0021301197,Tip Shot,1,0,Restricted Area
2550,Kirk Hinrich,1610612741,0021301197,Jump Shot,1,0,Above the Break 3
202710,Jimmy Butler III,1610612741,0021301197,Jump Shot,1,1,Above the Break 3
202710,Jimmy Butler III,1610612741,0021301197,Jump Shot,1,0,In The Paint (Non-RA)
2430,Carlos Boozer,1610612741,0021301197,Layup Shot,1,0,Restricted Area
201959,Taj Gibson,1610612741,0021301197,Turnaround Jump Shot,1,0,In The Paint (Non-RA)
201959,Taj Gibson,1610612741,0021301197,Jump Shot,1,0,In The Paint (Non-RA)
201959,Taj Gibson,1610612741,0021301197,Jump Shot,1,1,Mid-Range
2430,Carlos Boozer,1610612741,0021301197,Layup Shot,1,1,Restricted Area
201959,Taj Gibson,1610612741,0021301197,Layup Shot,1,0,Restricted Area
201959,Taj Gibson,1610612741,0021301197,Jump Shot,1,0,In The Paint (Non-RA)
1737,Nazr Mohammed,1610612741,0021301197,Putback Layup Shot,1,1,Restricted Area
2399,Mike Dunleavy,1610612741,0021301197,Jump Shot,1,1,Above the Break 3
201959,Taj Gibson,1610612741,0021301197,Layup Shot,1,1,Restricted Area
201571,D.J. Augustin,1610612741,0021301197,Jump Shot,1,0,Above the Break 3
201571,D.J. Augustin,1610612741,0021301197,Jump Shot,1,1,Mid-Range
201959,Taj Gibson,1610612741,0021301197,Jump Shot,1,0,Mid-Range
201571,D.J. Augustin,1610612741,0021301197,Jump Shot,1,1,Above the Break 3
201959,Taj Gibson,1610612741,0021301197,Layup Shot,1,1,Restricted Area
202710,Jimmy Butler III,1610612741,0021301197,Slam Dunk Shot,1,1,Restricted Area
2550,Kirk Hinrich,1610612741,0021301197,Jump Shot,1,0,Mid-Range
201959,Taj Gibson,1610612741,0021301197,Jump Shot,1,0,Mid-Range
201571,D.J. Augustin,1610612741,0021301197,Jump Shot,1,0,Mid-Range
2550,Kirk Hinrich,1610612741,0021301197,Floating Jump shot,1,0,Restricted Area
2550,Kirk Hinrich,1610612741,0021301197,Jump Shot,1,1,Above the Break 3
202710,Jimmy Butler III,1610612741,0021301197,Jump Shot,1,1,Mid-Range
2399,Mike Dunleavy,1610612741,0021301197,Jump Shot,1,1,Mid-Range
2399,Mike Dunleavy,1610612741,0021301197,Jump Shot,1,0,Above the Break 3
2550,Kirk Hinrich,1610612741,0021301197,Jump Shot,1,0,Above the Break 3
2399,Mike Dunleavy,1610612741,0021301197,Jump Shot,1,0,Above the Break 3
2430,Carlos Boozer,1610612741,0021301197,Jump Shot,1,0,Mid-Range
201149,Joakim Noah,1610612741,0021301197,Tip Shot,1,0,Restricted Area
2550,Kirk Hinrich,1610612741,0021301197,Jump Shot,1,0,Above the Break 3
202710,Jimmy Butler III,1610612741,0021301197,Jump Shot,1,1,Mid-Range
202710,Jimmy Butler III,1610612741,0021301197,Jump Shot,1,0,Mid-Range
2550,Kirk Hinrich,1610612741,0021301197,Floating Jump shot,1,1,In The Paint (Non-RA)
2550,Kirk Hinrich,1610612741,0021301197,Layup Shot,1,1,Restricted Area
202710,Jimmy Butler III,1610612741,0021301197,Jump Shot,1,0,Mid-Range
202710,Jimmy Butler III,1610612741,0021301197,Jump Shot,1,1,Above the Break 3
2430,Carlos Boozer,1610612741,0021301197,Jump Shot,1,1,Mid-Range
201149,Joakim Noah,1610612741,0021301197,Driving Layup Shot,1,1,Restricted Area
2430,Carlos Boozer,1610612741,0021301197,Jump Shot,1,0,Mid-Range
201571,D.J. Augustin,1610612741,0021301197,Jump Shot,1,0,Mid-Range
201571,D.J. Augustin,1610612741,0021301197,Jump Shot,1,0,Right Corner 3
201959,Taj Gibson,1610612741,0021301197,Slam Dunk Shot,1,1,Restricted Area
202710,Jimmy Butler III,1610612741,0021301197,Jump Shot,1,0,Above the Break 3
201571,D.J. Augustin,1610612741,0021301197,Jump Shot,1,0,Above the Break 3
201959,Taj Gibson,1610612741,0021301197,Layup Shot,1,0,Restricted Area
201149,Joakim Noah,1610612741,0021301197,Jump Shot,1,1,Mid-Range
201571,D.J. Augustin,1610612741,0021301197,Jump Shot,1,0,Above the Break 3
201571,D.J. Augustin,1610612741,0021301197,Jump Shot,1,1,Above the Break 3
2550,Kirk Hinrich,1610612741,0021301197,Jump Shot,1,0,Left Corner 3
202710,Jimmy Butler III,1610612741,0021301197,Jump Shot,1,1,Mid-Range
201571,D.J. Augustin,1610612741,0021301197,Jump Shot,1,0,Above the Break 3
201571,D.J. Augustin,1610612741,0021301197,Jump Shot,1,0,Mid-Range
201959,Taj Gibson,1610612741,0021301197,Slam Dunk Shot,1,1,Restricted Area
201571,D.J. Augustin,1610612741,0021301197,Jump Shot,1,0,Mid-Range
201571,D.J. Augustin,1610612741,0021301197,Jump Shot,1,0,Right Corner 3
2550,Kirk Hinrich,1610612741,0021301197,Jump Shot,1,0,Above the Break 3
201959,Taj Gibson,1610612741,0021301197,Jump Shot,1,0,In The Paint (Non-RA)
2430,Carlos Boozer,1610612741,0021301208,Jump Shot,1,0,Mid-Range
2430,Carlos Boozer,1610612741,0021301208,Layup Shot,1,0,Restricted Area
201149,Joakim Noah,1610612741,0021301208,Jump Shot,1,0,Mid-Range
2430,Carlos Boozer,1610612741,0021301208,Jump Shot,1,1,Mid-Range
2399,Mike Dunleavy,1610612741,0021301208,Layup Shot,1,1,Restricted Area
2399,Mike Dunleavy,1610612741,0021301208,Jump Shot,1,0,Above the Break 3
2430,Carlos Boozer,1610612741,0021301208,Jump Shot,1,1,Mid-Range
2399,Mike Dunleavy,1610612741,0021301208,Layup Shot,1,1,Restricted Area
2399,Mike Dunleavy,1610612741,0021301208,Jump Shot,1,1,Mid-Range
2430,Carlos Boozer,1610612741,0021301208,Layup Shot,1,1,Restricted Area
201149,Joakim Noah,1610612741,0021301208,Driving Layup Shot,1,1,Restricted Area
201149,Joakim Noah,1610612741,0021301208,Dunk Shot,1,1,Restricted Area
2550,Kirk Hinrich,1610612741,0021301208,Jump Shot,1,0,Mid-Range
201149,Joakim Noah,1610612741,0021301208,Layup Shot,1,0,Restricted Area
201149,Joakim Noah,1610612741,0021301208,Layup Shot,1,0,Restricted Area
202710,Jimmy Butler III,1610612741,0021301208,Jump Shot,1,0,Mid-Range
202690,Jimmer Fredette,1610612741,0021301208,Jump Shot,1,0,In The Paint (Non-RA)
2430,Carlos Boozer,1610612741,0021301208,Jump Shot,1,1,Mid-Range
2430,Carlos Boozer,1610612741,0021301208,Jump Shot,1,1,Mid-Range
201959,Taj Gibson,1610612741,0021301208,Hook Shot,1,0,Restricted Area
2430,Carlos Boozer,1610612741,0021301208,Layup Shot,1,0,Restricted Area
202690,Jimmer Fredette,1610612741,0021301208,Jump Shot,1,0,Mid-Range
2399,Mike Dunleavy,1610612741,0021301208,Jump Shot,1,1,Above the Break 3
1737,Nazr Mohammed,1610612741,0021301208,Jump Shot,1,1,Mid-Range
1737,Nazr Mohammed,1610612741,0021301208,Jump Shot,1,0,In The Paint (Non-RA)
202690,Jimmer Fredette,1610612741,0021301208,Floating Jump shot,1,1,Mid-Range
201959,Taj Gibson,1610612741,0021301208,Layup Shot,1,0,Restricted Area
202690,Jimmer Fredette,1610612741,0021301208,Jump Shot,1,0,Above the Break 3
202710,Jimmy Butler III,1610612741,0021301208,Jump Shot,1,1,Mid-Range
202690,Jimmer Fredette,1610612741,0021301208,Finger Roll Layup Shot,1,1,Restricted Area
203503,Tony Snell,1610612741,0021301208,Layup Shot,1,0,Restricted Area
2430,Carlos Boozer,1610612741,0021301208,Jump Shot,1,0,Mid-Range
202690,Jimmer Fredette,1610612741,0021301208,Jump Shot,1,0,Above the Break 3
203503,Tony Snell,1610612741,0021301208,Jump Shot,1,1,Mid-Range
203503,Tony Snell,1610612741,0021301208,Jump Shot,1,1,Above the Break 3
203503,Tony Snell,1610612741,0021301208,Layup Shot,1,1,Restricted Area
202690,Jimmer Fredette,1610612741,0021301208,Jump Shot,1,0,Mid-Range
201149,Joakim Noah,1610612741,0021301208,Tip Shot,1,1,Restricted Area
2430,Carlos Boozer,1610612741,0021301208,Jump Shot,1,0,In The Paint (Non-RA)
201149,Joakim Noah,1610612741,0021301208,Layup Shot,1,1,Restricted Area
2550,Kirk Hinrich,1610612741,0021301208,Jump Shot,1,0,Mid-Range
203503,Tony Snell,1610612741,0021301208,Fadeaway Jump Shot,1,1,Mid-Range
2399,Mike Dunleavy,1610612741,0021301208,Jump Shot,1,0,Mid-Range
2550,Kirk Hinrich,1610612741,0021301208,Jump Shot,1,1,Mid-Range
2550,Kirk Hinrich,1610612741,0021301208,Jump Shot,1,0,Above the Break 3
2550,Kirk Hinrich,1610612741,0021301208,Jump Shot,1,0,Above the Break 3
201149,Joakim Noah,1610612741,0021301208,Jump Shot,1,0,Mid-Range
202710,Jimmy Butler III,1610612741,0021301208,Jump Shot,1,0,Mid-Range
202710,Jimmy Butler III,1610612741,0021301208,Layup Shot,1,1,Restricted Area
201149,Joakim Noah,1610612741,0021301208,Jump Shot,1,0,Mid-Range
201149,Joakim Noah,1610612741,0021301208,Jump Shot,1,0,Mid-Range
2399,Mike Dunleavy,1610612741,0021301208,Jump Shot,1,0,In The Paint (Non-RA)
2399,Mike Dunleavy,1610612741,0021301208,Jump Shot,1,1,Right Corner 3
201149,Joakim Noah,1610612741,0021301208,Jump Shot,1,0,Mid-Range
2399,Mike Dunleavy,1610612741,0021301208,Jump Shot,1,1,Above the Break 3
2430,Carlos Boozer,1610612741,0021301208,Jump Shot,1,1,Mid-Range
202710,Jimmy Butler III,1610612741,0021301208,Alley Oop Layup shot,1,1,Restricted Area
202690,Jimmer Fredette,1610612741,0021301208,Jump Shot,1,1,Mid-Range
202690,Jimmer Fredette,1610612741,0021301208,Jump Shot,1,0,Above the Break 3
201149,Joakim Noah,1610612741,0021301208,Putback Layup Shot,1,1,Restricted Area
2399,Mike Dunleavy,1610612741,0021301208,Dunk Shot,1,1,Restricted Area
203503,Tony Snell,1610612741,0021301208,Jump Shot,1,0,Above the Break 3
202690,Jimmer Fredette,1610612741,0021301208,Jump Shot,1,1,Above the Break 3
202690,Jimmer Fredette,1610612741,0021301208,Jump Shot,1,0,Above the Break 3
2399,Mike Dunleavy,1610612741,0021301208,Jump Shot,1,1,Mid-Range
201959,Taj Gibson,1610612741,0021301208,Jump Shot,1,0,In The Paint (Non-RA)
201149,Joakim Noah,1610612741,0021301208,Jump Shot,1,1,Mid-Range
201149,Joakim Noah,1610612741,0021301208,Jump Shot,1,0,Mid-Range
201149,Joakim Noah,1610612741,0021301208,Jump Shot,1,0,In The Paint (Non-RA)
203503,Tony Snell,1610612741,0021301208,Jump Shot,1,0,In The Paint (Non-RA)
201959,Taj Gibson,1610612741,0021301208,Jump Shot,1,0,Mid-Range
201149,Joakim Noah,1610612741,0021301208,Tip Shot,1,1,Restricted Area
202690,Jimmer Fredette,1610612741,0021301208,Layup Shot,1,1,Restricted Area
202690,Jimmer Fredette,1610612741,0021301208,Jump Shot,1,1,Mid-Range
201959,Taj Gibson,1610612741,0021301208,Jump Shot,1,1,In The Paint (Non-RA)
202690,Jimmer Fredette,1610612741,0021301208,Jump Shot,1,1,In The Paint (Non-RA)
203503,Tony Snell,1610612741,0021301208,Jump Shot,1,1,Mid-Range
2430,Carlos Boozer,1610612741,0021301223,Layup Shot,1,1,Restricted Area
201149,Joakim Noah,1610612741,0021301223,Layup Shot,1,1,Restricted Area
2399,Mike Dunleavy,1610612741,0021301223,Jump Shot,1,0,Above the Break 3
2430,Carlos Boozer,1610612741,0021301223,Layup Shot,1,1,Restricted Area
2399,Mike Dunleavy,1610612741,0021301223,Driving Layup Shot,1,1,Restricted Area
2550,Kirk Hinrich,1610612741,0021301223,Running Jump Shot,1,0,In The Paint (Non-RA)
2399,Mike Dunleavy,1610612741,0021301223,Jump Shot,1,0,Mid-Range
202710,Jimmy Butler III,1610612741,0021301223,Pullup Jump shot,1,1,In The Paint (Non-RA)
2430,Carlos Boozer,1610612741,0021301223,Jump Shot,1,1,Mid-Range
2399,Mike Dunleavy,1610612741,0021301223,Reverse Layup Shot,1,1,Restricted Area
2430,Carlos Boozer,1610612741,0021301223,Jump Shot,1,0,In The Paint (Non-RA)
2550,Kirk Hinrich,1610612741,0021301223,Jump Shot,1,0,Left Corner 3
2430,Carlos Boozer,1610612741,0021301223,Jump Shot,1,1,In The Paint (Non-RA)
201149,Joakim Noah,1610612741,0021301223,Driving Layup Shot,1,1,Restricted Area
2399,Mike Dunleavy,1610612741,0021301223,Jump Shot,1,0,Mid-Range
201959,Taj Gibson,1610612741,0021301223,Layup Shot,1,0,Restricted Area
201571,D.J. Augustin,1610612741,0021301223,Jump Bank Shot,1,1,Mid-Range
201959,Taj Gibson,1610612741,0021301223,Layup Shot,1,0,Restricted Area
2430,Carlos Boozer,1610612741,0021301223,Layup Shot,1,0,Restricted Area
201571,D.J. Augustin,1610612741,0021301223,Jump Shot,1,1,Above the Break 3
202710,Jimmy Butler III,1610612741,0021301223,Jump Shot,1,1,Mid-Range
1737,Nazr Mohammed,1610612741,0021301223,Jump Shot,1,0,Mid-Range
2399,Mike Dunleavy,1610612741,0021301223,Jump Shot,1,1,Above the Break 3
201959,Taj Gibson,1610612741,0021301223,Jump Shot,1,0,Mid-Range
1737,Nazr Mohammed,1610612741,0021301223,Jump Shot,1,0,Mid-Range
1737,Nazr Mohammed,1610612741,0021301223,Layup Shot,1,1,Restricted Area
202710,Jimmy Butler III,1610612741,0021301223,Jump Shot,1,0,Above the Break 3
201571,D.J. Augustin,1610612741,0021301223,Jump Shot,1,1,In The Paint (Non-RA)
203503,Tony Snell,1610612741,0021301223,Jump Shot,1,0,Left Corner 3
201149,Joakim Noah,1610612741,0021301223,Jump Shot,1,1,Mid-Range
201571,D.J. Augustin,1610612741,0021301223,Jump Shot,1,0,Above the Break 3
201149,Joakim Noah,1610612741,0021301223,Jump Shot,1,0,Mid-Range
201571,D.J. Augustin,1610612741,0021301223,Jump Shot,1,0,Mid-Range
2550,Kirk Hinrich,1610612741,0021301223,Jump Shot,1,0,Left Corner 3
2399,Mike Dunleavy,1610612741,0021301223,Jump Shot,1,0,Mid-Range
201149,Joakim Noah,1610612741,0021301223,Jump Bank Shot,1,1,Mid-Range
201959,Taj Gibson,1610612741,0021301223,Dunk Shot,1,1,Restricted Area
2399,Mike Dunleavy,1610612741,0021301223,Jump Shot,1,0,Above the Break 3
2430,Carlos Boozer,1610612741,0021301223,Jump Shot,1,0,Mid-Range
201149,Joakim Noah,1610612741,0021301223,Dunk Shot,1,1,Restricted Area
2430,Carlos Boozer,1610612741,0021301223,Jump Shot,1,1,Mid-Range
202710,Jimmy Butler III,1610612741,0021301223,Jump Shot,1,1,Mid-Range
2430,Carlos Boozer,1610612741,0021301223,Jump Shot,1,1,Mid-Range
2550,Kirk Hinrich,1610612741,0021301223,Jump Shot,1,0,Mid-Range
2550,Kirk Hinrich,1610612741,0021301223,Jump Shot,1,1,Above the Break 3
201149,Joakim Noah,1610612741,0021301223,Jump Shot,1,0,Mid-Range
202710,Jimmy Butler III,1610612741,0021301223,Jump Shot,1,0,In The Paint (Non-RA)
2550,Kirk Hinrich,1610612741,0021301223,Jump Shot,1,1,Mid-Range
202710,Jimmy Butler III,1610612741,0021301223,Jump Shot,1,0,Restricted Area
2430,Carlos Boozer,1610612741,0021301223,Jump Shot,1,0,Mid-Range
2430,Carlos Boozer,1610612741,0021301223,Layup Shot,1,0,Restricted Area
201149,Joakim Noah,1610612741,0021301223,Layup Shot,1,0,Restricted Area
2399,Mike Dunleavy,1610612741,0021301223,Jump Shot,1,0,Right Corner 3
2430,Carlos Boozer,1610612741,0021301223,Layup Shot,1,1,Restricted Area
201959,Taj Gibson,1610612741,0021301223,Layup Shot,1,0,Restricted Area
202710,Jimmy Butler III,1610612741,0021301223,Jump Shot,1,0,Mid-Range
202710,Jimmy Butler III,1610612741,0021301223,Layup Shot,1,0,Restricted Area
2399,Mike Dunleavy,1610612741,0021301223,Jump Shot,1,1,Above the Break 3
201959,Taj Gibson,1610612741,0021301223,Layup Shot,1,0,Restricted Area
201959,Taj Gibson,1610612741,0021301223,Layup Shot,1,1,Restricted Area
201571,D.J. Augustin,1610612741,0021301223,Jump Shot,1,0,Above the Break 3
201149,Joakim Noah,1610612741,0021301223,Layup Shot,1,0,Restricted Area
201959,Taj Gibson,1610612741,0021301223,Layup Shot,1,0,Restricted Area
2550,Kirk Hinrich,1610612741,0021301223,Jump Shot,1,1,Left Corner 3
201149,Joakim Noah,1610612741,0021301223,Jump Shot,1,1,Mid-Range
201571,D.J. Augustin,1610612741,0021301223,Jump Shot,1,0,Above the Break 3
201571,D.J. Augustin,1610612741,0021301223,Layup Shot,1,0,Restricted Area
201571,D.J. Augustin,1610612741,0021301223,Jump Shot,1,0,Right Corner 3
201571,D.J. Augustin,1610612741,0021301223,Jump Shot,1,1,Above the Break 3
201149,Joakim Noah,1610612741,0021301223,Layup Shot,1,0,Restricted Area
201149,Joakim Noah,1610612741,0021301223,Jump Shot,1,0,Restricted Area
2550,Kirk Hinrich,1610612741,0021301223,Jump Shot,1,1,Left Corner 3
201571,D.J. Augustin,1610612741,0021301223,Pullup Jump shot,1,1,Mid-Range
201149,Joakim Noah,1610612741,0021301223,Driving Layup Shot,1,0,Restricted Area
201571,D.J. Augustin,1610612741,0021301223,Jump Shot,1,0,Left Corner 3
201959,Taj Gibson,1610612741,0021301223,Jump Shot,1,0,Mid-Range
201571,D.J. Augustin,1610612741,0021301223,Jump Shot,1,0,Mid-Range
201571,D.J. Augustin,1610612741,0021301223,Jump Shot,1,0,Mid-Range
201149,Joakim Noah,1610612741,0021301223,Driving Layup Shot,1,0,Restricted Area
201959,Taj Gibson,1610612741,0021301223,Layup Shot,1,0,Restricted Area
2399,Mike Dunleavy,1610612741,0021301223,Jump Shot,1,0,Mid-Range
2399,Mike Dunleavy,1610612741,0021301223,Jump Shot,1,0,Left Corner 3
201149,Joakim Noah,1610612741,0021301223,Layup Shot,1,0,Restricted Area
201571,D.J. Augustin,1610612741,0021301223,Jump Shot,1,0,Above the Break 3
201149,Joakim Noah,1610612741,0021301223,Jump Shot,1,1,Mid-Range
201571,D.J. Augustin,1610612741,0021301223,Jump Shot,1,1,Above the Break 3
