PLAYER_ID,PLAYER_NAME,TEAM_ID,GAME_ID,ACTION_TYPE,SHOT_ATTEMPTED_FLAG,SHOT_MADE_FLAG,SHOT_ZONE_BASIC
201565,Derrick Rose,1610612741,0021400010,Jump Shot,1,0,Above the Break 3
201149,Joakim Noah,1610612741,0021400010,Layup Shot,1,1,Restricted Area
2550,Kirk Hinrich,1610612741,0021400010,Layup Shot,1,1,Restricted Area
2200,Pau Gasol,1610612741,0021400010,Jump Shot,1,0,In The Paint (Non-RA)
201149,Joakim Noah,1610612741,0021400010,Reverse Layup Shot,1,0,Restricted Area
2550,Kirk Hinrich,1610612741,0021400010,Jump Shot,1,0,Above the Break 3
2550,Kirk Hinrich,1610612741,0021400010,Jump Shot,1,0,Above the Break 3
2200,Pau Gasol,1610612741,0021400010,Layup Shot,1,0,Restricted Area
2200,Pau Gasol,1610612741,0021400010,Jump Shot,1,1,Restricted Area
2550,Kirk Hinrich,1610612741,0021400010,Jump Shot,1,0,Left Corner 3
201959,Taj Gibson,1610612741,0021400010,Jump Shot,1,1,In The Paint (Non-RA)
201166,Aaron Brooks,1610612741,0021400010,Driving Layup Shot,1,1,Restricted Area
201166,Aaron Brooks,1610612741,0021400010,Jump Shot,1,1,Above the Break 3
201959,Taj Gibson,1610612741,0021400010,Layup Shot,1,0,Restricted Area
2200,Pau Gasol,1610612741,0021400010,Layup Shot,1,1,Restricted Area
201959,Taj Gibson,1610612741,0021400010,Jump Shot,1,1,Mid-Range
203926,Doug McDermott,1610612741,0021400010,Driving Layup Shot,1,1,Restricted Area
203926,Doug McDermott,1610612741,0021400010,Jump Shot,1,0,Above the Break 3
201166,Aaron Brooks,1610612741,0021400010,Jump Bank Shot,1,1,In The Paint (Non-RA)
202703,Nikola Mirotic,1610612741,0021400010,Jump Shot,1,1,Above the Break 3
201166,Aaron Brooks,1610612741,0021400010,Jump Shot,1,0,In The Paint (Non-RA)
201959,Taj Gibson,1610612741,0021400010,Putback Slam Dunk Shot,1,1,Restricted Area
201166,Aaron Brooks,1610612741,0021400010,Driving Layup Shot,1,1,Restricted Area
201959,Taj Gibson,1610612741,0021400010,Driving Layup Shot,1,1,Restricted Area
203926,Doug McDermott,1610612741,0021400010,Jump Shot,1,1,Above the Break 3
201959,Taj Gibson,1610612741,0021400010,Jump Shot,1,1,In The Paint (Non-RA)
2399,Mike Dunleavy,1610612741,0021400010,Jump Shot,1,0,Above the Break 3
201565,Derrick Rose,1610612741,0021400010,Driving Layup Shot,1,1,Restricted Area
201565,Derrick Rose,1610612741,0021400010,Jump Shot,1,0,Right Corner 3
201959,Taj Gibson,1610612741,0021400010,Jump Shot,1,1,Mid-Range
2550,Kirk Hinrich,1610612741,0021400010,Jump Shot,1,0,Left Corner 3
201959,Taj Gibson,1610612741,0021400010,Jump Shot,1,0,In The Paint (Non-RA)
201565,Derrick Rose,1610612741,0021400010,Jump Shot,1,0,Above the Break 3
201149,Joakim Noah,1610612741,0021400010,Layup Shot,1,0,Restricted Area
2399,Mike Dunleavy,1610612741,0021400010,Jump Shot,1,0,Above the Break 3
201565,Derrick Rose,1610612741,0021400010,Driving Layup Shot,1,0,Restricted Area
2200,Pau Gasol,1610612741,0021400010,Floating Jump shot,1,0,In The Paint (Non-RA)
2550,Kirk Hinrich,1610612741,0021400010,Jump Shot,1,0,Restricted Area
201149,Joakim Noah,1610612741,0021400010,Tip Shot,1,0,Restricted Area
2200,Pau Gasol,1610612741,0021400010,Jump Shot,1,1,Mid-Range
2550,Kirk Hinrich,1610612741,0021400010,Jump Shot,1,1,Left Corner 3
2399,Mike Dunleavy,1610612741,0021400010,Jump Shot,1,0,Right Corner 3
2550,Kirk Hinrich,1610612741,0021400010,Jump Shot,1,0,Mid-Range
2200,Pau Gasol,1610612741,0021400010,Jump Shot,1,1,Mid-Range
201565,Derrick Rose,1610612741,0021400010,Jump Shot,1,1,Mid-Range
201565,Derrick Rose,1610612741,0021400010,Pullup Jump shot,1,1,In The Paint (Non-RA)
2399,Mike Dunleavy,1610612741,0021400010,Layup Shot,1,0,Restricted Area
2200,Pau Gasol,1610612741,0021400010,Hook Shot,1,1,Restricted Area
2550,Kirk Hinrich,1610612741,0021400010,Jump Shot,1,1,Above the Break 3
2200,Pau Gasol,1610612741,0021400010,Slam Dunk Shot,1,1,Restricted Area
201959,Taj Gibson,1610612741,0021400010,Slam Dunk Shot,1,1,Restricted Area
201959,Taj Gibson,1610612741,0021400010,Jump Shot,1,1,Mid-Range
2550,Kirk Hinrich,1610612741,0021400010,Jump Shot,1,1,Above the Break 3
2399,Mike Dunleavy,1610612741,0021400010,Jump Shot,1,0,Above the Break 3
203926,Doug McDermott,1610612741,0021400010,Jump Shot,1,0,Left Corner 3
2200,Pau Gasol,1610612741,0021400010,Turnaround Jump Shot,1,1,Restricted Area
203503,Tony Snell,1610612741,0021400010,Driving Layup Shot,1,0,Restricted Area
2200,Pau Gasol,1610612741,0021400010,Fadeaway Jump Shot,1,0,Mid-Range
201959,Taj Gibson,1610612741,0021400010,Jump Shot,1,1,Mid-Range
203503,Tony Snell,1610612741,0021400010,Jump Shot,1,0,Above the Break 3
203503,Tony Snell,1610612741,0021400010,Driving Layup Shot,1,1,Restricted Area
203926,Doug McDermott,1610612741,0021400010,Driving Dunk Shot,1,1,Restricted Area
201959,Taj Gibson,1610612741,0021400010,Hook Shot,1,1,In The Paint (Non-RA)
203926,Doug McDermott,1610612741,0021400010,Jump Shot,1,1,Left Corner 3
202703,Nikola Mirotic,1610612741,0021400010,Jump Shot,1,0,Above the Break 3
203926,Doug McDermott,1610612741,0021400010,Jump Shot,1,0,Left Corner 3
203503,Tony Snell,1610612741,0021400010,Jump Shot,1,0,Mid-Range
203926,Doug McDermott,1610612741,0021400010,Jump Shot,1,1,Mid-Range
203946,Cameron Bairstow,1610612741,0021400010,Turnaround Jump Shot,1,0,In The Paint (Non-RA)
203926,Doug McDermott,1610612741,0021400010,Jump Shot,1,0,Mid-Range
202734,E'Twaun Moore,1610612741,0021400010,Jump Shot,1,0,Left Corner 3
201565,Derrick Rose,1610612741,0021400022,Floating Jump shot,1,0,Mid-Range
201565,Derrick Rose,1610612741,0021400022,Running Layup Shot,1,1,Restricted Area
2550,Kirk Hinrich,1610612741,0021400022,Jump Shot,1,0,Above the Break 3
201149,Joakim Noah,1610612741,0021400022,Dunk Shot,1,1,Restricted Area
2200,Pau Gasol,1610612741,0021400022,Hook Shot,1,0,In The Paint (Non-RA)
2399,Mike Dunleavy,1610612741,0021400022,Jump Shot,1,1,Mid-Range
2200,Pau Gasol,1610612741,0021400022,Layup Shot,1,1,Restricted Area
201565,Derrick Rose,1610612741,0021400022,Jump Shot,1,0,Mid-Range
2399,Mike Dunleavy,1610612741,0021400022,Pullup Jump shot,1,1,Above the Break 3
2200,Pau Gasol,1610612741,0021400022,Layup Shot,1,0,Restricted Area
201565,Derrick Rose,1610612741,0021400022,Putback Layup Shot,1,1,Restricted Area
201565,Derrick Rose,1610612741,0021400022,Driving Layup Shot,1,1,Restricted Area
2200,Pau Gasol,1610612741,0021400022,Alley Oop Dunk Shot,1,1,Restricted Area
201565,Derrick Rose,1610612741,0021400022,Jump Shot,1,1,Above the Break 3
2200,Pau Gasol,1610612741,0021400022,Layup Shot,1,1,Restricted Area
201959,Taj Gibson,1610612741,0021400022,Jump Shot,1,0,Mid-Range
201959,Taj Gibson,1610612741,0021400022,Jump Shot,1,1,In The Paint (Non-RA)
203926,Doug McDermott,1610612741,0021400022,Jump Shot,1,0,Above the Break 3
203926,Doug McDermott,1610612741,0021400022,Jump Shot,1,0,Above the Break 3
203926,Doug McDermott,1610612741,0021400022,Jump Shot,1,0,Above the Break 3
203503,Tony Snell,1610612741,0021400022,Jump Shot,1,0,Above the Break 3
201959,Taj Gibson,1610612741,0021400022,Putback Layup Shot,1,1,Restricted Area
201166,Aaron Brooks,1610612741,0021400022,Floating Jump shot,1,1,In The Paint (Non-RA)
203503,Tony Snell,1610612741,0021400022,Driving Jump shot,1,1,In The Paint (Non-RA)
201166,Aaron Brooks,1610612741,0021400022,Jump Shot,1,0,Above the Break 3
201959,Taj Gibson,1610612741,0021400022,Jump Shot,1,0,In The Paint (Non-RA)
201565,Derrick Rose,1610612741,0021400022,Jump Shot,1,0,Mid-Range
201149,Joakim Noah,1610612741,0021400022,Jump Shot,1,0,Mid-Range
2399,Mike Dunleavy,1610612741,0021400022,Jump Shot,1,1,Above the Break 3
2399,Mike Dunleavy,1610612741,0021400022,Jump Shot,1,0,Right Corner 3
201565,Derrick Rose,1610612741,0021400022,Driving Layup Shot,1,1,Restricted Area
201565,Derrick Rose,1610612741,0021400022,Jump Shot,1,0,Mid-Range
201565,Derrick Rose,1610612741,0021400022,Putback Layup Shot,1,1,Restricted Area
2399,Mike Dunleavy,1610612741,0021400022,Jump Shot,1,0,Above the Break 3
2200,Pau Gasol,1610612741,0021400022,Jump Shot,1,1,Mid-Range
2550,Kirk Hinrich,1610612741,0021400022,Jump Shot,1,1,Above the Break 3
2200,Pau Gasol,1610612741,0021400022,Layup Shot,1,0,Restricted Area
201149,Joakim Noah,1610612741,0021400022,Putback Layup Shot,1,0,Restricted Area
201565,Derrick Rose,1610612741,0021400022,Jump Shot,1,1,Above the Break 3
201565,Derrick Rose,1610612741,0021400022,Jump Shot,1,0,Above the Break 3
2550,Kirk Hinrich,1610612741,0021400022,Jump Shot,1,1,In The Paint (Non-RA)
2399,Mike Dunleavy,1610612741,0021400022,Jump Shot,1,0,Above the Break 3
201149,Joakim Noah,1610612741,0021400022,Jump Bank Shot,1,1,In The Paint (Non-RA)
201565,Derrick Rose,1610612741,0021400022,Jump Shot,1,0,Above the Break 3
2200,Pau Gasol,1610612741,0021400022,Hook Shot,1,0,In The Paint (Non-RA)
201565,Derrick Rose,1610612741,0021400022,Jump Shot,1,0,Above the Break 3
2550,Kirk Hinrich,1610612741,0021400022,Jump Shot,1,1,Mid-Range
2550,Kirk Hinrich,1610612741,0021400022,Jump Shot,1,0,In The Paint (Non-RA)
201149,Joakim Noah,1610612741,0021400022,Jump Shot,1,0,In The Paint (Non-RA)
2399,Mike Dunleavy,1610612741,0021400022,Jump Shot,1,0,Mid-Range
2200,Pau Gasol,1610612741,0021400022,Jump Shot,1,0,Mid-Range
2200,Pau Gasol,1610612741,0021400022,Hook Shot,1,0,Restricted Area
201565,Derrick Rose,1610612741,0021400022,Jump Shot,1,1,Mid-Range
201149,Joakim Noah,1610612741,0021400022,Jump Shot,1,1,In The Paint (Non-RA)
2399,Mike Dunleavy,1610612741,0021400022,Jump Shot,1,1,Above the Break 3
203503,Tony Snell,1610612741,0021400022,Jump Shot,1,1,Right Corner 3
201565,Derrick Rose,1610612741,0021400022,Jump Shot,1,0,Above the Break 3
201959,Taj Gibson,1610612741,0021400022,Jump Shot,1,0,Mid-Range
2200,Pau Gasol,1610612741,0021400022,Hook Shot,1,0,Restricted Area
2200,Pau Gasol,1610612741,0021400022,Putback Layup Shot,1,0,Restricted Area
203503,Tony Snell,1610612741,0021400022,Putback Layup Shot,1,0,Restricted Area
201166,Aaron Brooks,1610612741,0021400022,Jump Shot,1,0,Above the Break 3
203503,Tony Snell,1610612741,0021400022,Layup Shot,1,0,Restricted Area
201959,Taj Gibson,1610612741,0021400022,Putback Dunk Shot,1,1,Restricted Area
201166,Aaron Brooks,1610612741,0021400022,Jump Shot,1,1,Above the Break 3
201149,Joakim Noah,1610612741,0021400022,Tip Shot,1,0,Restricted Area
201166,Aaron Brooks,1610612741,0021400022,Running Layup Shot,1,0,Restricted Area
2200,Pau Gasol,1610612741,0021400022,Jump Shot,1,0,In The Paint (Non-RA)
203503,Tony Snell,1610612741,0021400022,Jump Shot,1,1,Above the Break 3
2200,Pau Gasol,1610612741,0021400022,Hook Shot,1,1,Restricted Area
201166,Aaron Brooks,1610612741,0021400022,Jump Shot,1,1,Above the Break 3
2200,Pau Gasol,1610612741,0021400022,Jump Shot,1,0,In The Paint (Non-RA)
201166,Aaron Brooks,1610612741,0021400022,Running Layup Shot,1,1,Restricted Area
2200,Pau Gasol,1610612741,0021400022,Jump Shot,1,0,Mid-Range
2550,Kirk Hinrich,1610612741,0021400022,Jump Shot,1,1,Mid-Range
203503,Tony Snell,1610612741,0021400022,Jump Shot,1,0,Left Corner 3
201959,Taj Gibson,1610612741,0021400022,Dunk Shot,1,1,Restricted Area
203503,Tony Snell,1610612741,0021400022,Jump Shot,1,0,Above the Break 3
2399,Mike Dunleavy,1610612741,0021400022,Running Layup Shot,1,0,Restricted Area
2550,Kirk Hinrich,1610612741,0021400022,Layup Shot,1,0,Restricted Area
2550,Kirk Hinrich,1610612741,0021400022,Jump Shot,1,1,Left Corner 3
2550,Kirk Hinrich,1610612741,0021400022,Jump Shot,1,1,Above the Break 3
2550,Kirk Hinrich,1610612741,0021400022,Jump Shot,1,1,Mid-Range
201959,Taj Gibson,1610612741,0021400022,Jump Shot,1,0,Mid-Range
2550,Kirk Hinrich,1610612741,0021400022,Jump Shot,1,0,Above the Break 3
2200,Pau Gasol,1610612741,0021400022,Jump Shot,1,0,Mid-Range
2399,Mike Dunleavy,1610612741,0021400022,Jump Shot,1,1,Above the Break 3
201959,Taj Gibson,1610612741,0021400022,Layup Shot,1,1,Restricted Area
2200,Pau Gasol,1610612741,0021400022,Jump Shot,1,1,In The Paint (Non-RA)
201166,Aaron Brooks,1610612741,0021400022,Jump Shot,1,0,Above the Break 3
2200,Pau Gasol,1610612741,0021400035,Layup Shot,1,0,Restricted Area
2399,Mike Dunleavy,1610612741,0021400035,Jump Shot,1,0,Above the Break 3
202710,Jimmy Butler III,1610612741,0021400035,Layup Shot,1,1,Restricted Area
2550,Kirk Hinrich,1610612741,0021400035,Pullup Jump shot,1,1,In The Paint (Non-RA)
202710,Jimmy Butler III,1610612741,0021400035,Turnaround Jump Shot,1,1,Mid-Range
2550,Kirk Hinrich,1610612741,0021400035,Jump Shot,1,0,Left Corner 3
201149,Joakim Noah,1610612741,0021400035,Driving Layup Shot,1,0,Restricted Area
2550,Kirk Hinrich,1610612741,0021400035,Running Jump Shot,1,0,In The Paint (Non-RA)
2200,Pau Gasol,1610612741,0021400035,Dunk Shot,1,0,Restricted Area
201149,Joakim Noah,1610612741,0021400035,Layup Shot,1,1,Restricted Area
2399,Mike Dunleavy,1610612741,0021400035,Jump Shot,1,1,Right Corner 3
2399,Mike Dunleavy,1610612741,0021400035,Jump Shot,1,0,Above the Break 3
2399,Mike Dunleavy,1610612741,0021400035,Jump Shot,1,1,Above the Break 3
201149,Joakim Noah,1610612741,0021400035,Jump Hook Shot,1,0,In The Paint (Non-RA)
2200,Pau Gasol,1610612741,0021400035,Jump Shot,1,0,Mid-Range
2200,Pau Gasol,1610612741,0021400035,Running Jump Shot,1,1,In The Paint (Non-RA)
202710,Jimmy Butler III,1610612741,0021400035,Jump Shot,1,0,Above the Break 3
2200,Pau Gasol,1610612741,0021400035,Layup Shot,1,1,Restricted Area
2399,Mike Dunleavy,1610612741,0021400035,Driving Layup Shot,1,0,Restricted Area
202710,Jimmy Butler III,1610612741,0021400035,Putback Dunk Shot,1,1,Restricted Area
201166,Aaron Brooks,1610612741,0021400035,Pullup Jump shot,1,1,Above the Break 3
201149,Joakim Noah,1610612741,0021400035,Layup Shot,1,1,Restricted Area
201166,Aaron Brooks,1610612741,0021400035,Layup Shot,1,1,Restricted Area
203503,Tony Snell,1610612741,0021400035,Jump Shot,1,0,Mid-Range
203926,Doug McDermott,1610612741,0021400035,Jump Shot,1,0,Left Corner 3
202703,Nikola Mirotic,1610612741,0021400035,Jump Shot,1,1,Above the Break 3
201166,Aaron Brooks,1610612741,0021400035,Jump Shot,1,1,Above the Break 3
201166,Aaron Brooks,1610612741,0021400035,Step Back Jump shot,1,1,Mid-Range
202703,Nikola Mirotic,1610612741,0021400035,Jump Shot,1,0,Left Corner 3
202703,Nikola Mirotic,1610612741,0021400035,Turnaround Hook Shot,1,1,Mid-Range
201166,Aaron Brooks,1610612741,0021400035,Jump Shot,1,0,In The Paint (Non-RA)
201149,Joakim Noah,1610612741,0021400035,Jump Shot,1,1,Mid-Range
201166,Aaron Brooks,1610612741,0021400035,Turnaround Jump Shot,1,1,Right Corner 3
201166,Aaron Brooks,1610612741,0021400035,Step Back Jump shot,1,0,Mid-Range
202703,Nikola Mirotic,1610612741,0021400035,Jump Shot,1,0,Above the Break 3
2200,Pau Gasol,1610612741,0021400035,Jump Shot,1,1,In The Paint (Non-RA)
202710,Jimmy Butler III,1610612741,0021400035,Alley Oop Layup shot,1,1,Restricted Area
202710,Jimmy Butler III,1610612741,0021400035,Driving Layup Shot,1,1,Restricted Area
2200,Pau Gasol,1610612741,0021400035,Jump Shot,1,1,Mid-Range
202703,Nikola Mirotic,1610612741,0021400035,Jump Shot,1,1,Above the Break 3
2550,Kirk Hinrich,1610612741,0021400035,Jump Shot,1,1,Mid-Range
2399,Mike Dunleavy,1610612741,0021400035,Jump Shot,1,0,Above the Break 3
2200,Pau Gasol,1610612741,0021400035,Jump Bank Shot,1,1,In The Paint (Non-RA)
2399,Mike Dunleavy,1610612741,0021400035,Jump Shot,1,0,Above the Break 3
2550,Kirk Hinrich,1610612741,0021400035,Jump Shot,1,0,Mid-Range
201149,Joakim Noah,1610612741,0021400035,Reverse Layup Shot,1,0,Restricted Area
2550,Kirk Hinrich,1610612741,0021400035,Step Back Jump shot,1,0,Mid-Range
2550,Kirk Hinrich,1610612741,0021400035,Driving Reverse Layup Shot,1,1,Restricted Area
2200,Pau Gasol,1610612741,0021400035,Jump Shot,1,0,Mid-Range
202710,Jimmy Butler III,1610612741,0021400035,Jump Shot,1,1,Above the Break 3
201166,Aaron Brooks,1610612741,0021400035,Driving Layup Shot,1,1,Restricted Area
201166,Aaron Brooks,1610612741,0021400035,Running Jump Shot,1,0,In The Paint (Non-RA)
201166,Aaron Brooks,1610612741,0021400035,Driving Layup Shot,1,0,Restricted Area
201149,Joakim Noah,1610612741,0021400035,Driving Layup Shot,1,1,Restricted Area
203926,Doug McDermott,1610612741,0021400035,Driving Layup Shot,1,1,Restricted Area
203926,Doug McDermott,1610612741,0021400035,Jump Shot,1,0,Above the Break 3
201166,Aaron Brooks,1610612741,0021400035,Jump Shot,1,0,Above the Break 3
203926,Doug McDermott,1610612741,0021400035,Driving Layup Shot,1,0,Restricted Area
202703,Nikola Mirotic,1610612741,0021400035,Jump Shot,1,0,Above the Break 3
202710,Jimmy Butler III,1610612741,0021400035,Jump Shot,1,0,Mid-Range
2399,Mike Dunleavy,1610612741,0021400035,Jump Shot,1,1,Above the Break 3
202710,Jimmy Butler III,1610612741,0021400035,Alley Oop Dunk Shot,1,0,Restricted Area
2200,Pau Gasol,1610612741,0021400035,Jump Shot,1,1,Mid-Range
2550,Kirk Hinrich,1610612741,0021400035,Pullup Jump shot,1,0,Above the Break 3
202710,Jimmy Butler III,1610612741,0021400035,Jump Shot,1,0,Above the Break 3
202710,Jimmy Butler III,1610612741,0021400035,Layup Shot,1,0,Restricted Area
2200,Pau Gasol,1610612741,0021400035,Running Hook Shot,1,1,In The Paint (Non-RA)
202710,Jimmy Butler III,1610612741,0021400035,Layup Shot,1,0,Restricted Area
2200,Pau Gasol,1610612741,0021400035,Jump Shot,1,0,Mid-Range
2399,Mike Dunleavy,1610612741,0021400053,Jump Shot,1,0,Mid-Range
202710,Jimmy Butler III,1610612741,0021400053,Jump Shot,1,1,Mid-Range
2200,Pau Gasol,1610612741,0021400053,Pullup Jump shot,1,0,In The Paint (Non-RA)
201959,Taj Gibson,1610612741,0021400053,Jump Shot,1,1,Mid-Range
201959,Taj Gibson,1610612741,0021400053,Reverse Layup Shot,1,1,Restricted Area
201959,Taj Gibson,1610612741,0021400053,Driving Layup Shot,1,0,Restricted Area
202710,Jimmy Butler III,1610612741,0021400053,Jump Shot,1,0,Above the Break 3
2550,Kirk Hinrich,1610612741,0021400053,Jump Shot,1,0,In The Paint (Non-RA)
202710,Jimmy Butler III,1610612741,0021400053,Jump Shot,1,0,Mid-Range
202710,Jimmy Butler III,1610612741,0021400053,Layup Shot,1,0,Restricted Area
2550,Kirk Hinrich,1610612741,0021400053,Jump Shot,1,0,Left Corner 3
201959,Taj Gibson,1610612741,0021400053,Layup Shot,1,0,Restricted Area
2200,Pau Gasol,1610612741,0021400053,Putback Layup Shot,1,1,Restricted Area
202710,Jimmy Butler III,1610612741,0021400053,Turnaround Fadeaway shot,1,1,In The Paint (Non-RA)
2200,Pau Gasol,1610612741,0021400053,Driving Jump shot,1,0,In The Paint (Non-RA)
201959,Taj Gibson,1610612741,0021400053,Putback Layup Shot,1,1,Restricted Area
2200,Pau Gasol,1610612741,0021400053,Jump Shot,1,1,Mid-Range
2399,Mike Dunleavy,1610612741,0021400053,Jump Shot,1,1,Above the Break 3
201166,Aaron Brooks,1610612741,0021400053,Jump Shot,1,0,In The Paint (Non-RA)
202710,Jimmy Butler III,1610612741,0021400053,Layup Shot,1,1,Restricted Area
2200,Pau Gasol,1610612741,0021400053,Layup Shot,1,1,Restricted Area
2200,Pau Gasol,1610612741,0021400053,Jump Shot,1,0,Mid-Range
201959,Taj Gibson,1610612741,0021400053,Putback Layup Shot,1,1,Restricted Area
201959,Taj Gibson,1610612741,0021400053,Jump Shot,1,0,Mid-Range
201166,Aaron Brooks,1610612741,0021400053,Jump Shot,1,1,Mid-Range
203926,Doug McDermott,1610612741,0021400053,Jump Shot,1,1,Above the Break 3
203926,Doug McDermott,1610612741,0021400053,Jump Shot,1,0,Above the Break 3
202703,Nikola Mirotic,1610612741,0021400053,Jump Shot,1,0,Above the Break 3
203926,Doug McDermott,1610612741,0021400053,Driving Jump shot,1,1,In The Paint (Non-RA)
2200,Pau Gasol,1610612741,0021400053,Reverse Layup Shot,1,1,Restricted Area
201166,Aaron Brooks,1610612741,0021400053,Floating Jump shot,1,1,Restricted Area
2200,Pau Gasol,1610612741,0021400053,Alley Oop Dunk Shot,1,1,Restricted Area
201166,Aaron Brooks,1610612741,0021400053,Running Reverse Layup Shot,1,0,Restricted Area
202703,Nikola Mirotic,1610612741,0021400053,Layup Shot,1,0,Restricted Area
203926,Doug McDermott,1610612741,0021400053,Slam Dunk Shot,1,1,Restricted Area
2200,Pau Gasol,1610612741,0021400053,Turnaround Jump Shot,1,0,Mid-Range
203926,Doug McDermott,1610612741,0021400053,Driving Layup Shot,1,0,Restricted Area
203926,Doug McDermott,1610612741,0021400053,Layup Shot,1,1,Restricted Area
2200,Pau Gasol,1610612741,0021400053,Layup Shot,1,0,Restricted Area
202710,Jimmy Butler III,1610612741,0021400053,Layup Shot,1,1,Restricted Area
202710,Jimmy Butler III,1610612741,0021400053,Driving Layup Shot,1,1,Restricted Area
2200,Pau Gasol,1610612741,0021400053,Layup Shot,1,1,Restricted Area
202710,Jimmy Butler III,1610612741,0021400053,Jump Shot,1,1,Mid-Range
202710,Jimmy Butler III,1610612741,0021400053,Layup Shot,1,0,Restricted Area
201959,Taj Gibson,1610612741,0021400053,Jump Shot,1,0,Mid-Range
2200,Pau Gasol,1610612741,0021400053,Jump Shot,1,0,Mid-Range
2200,Pau Gasol,1610612741,0021400053,Jump Shot,1,0,In The Paint (Non-RA)
2550,Kirk Hinrich,1610612741,0021400053,Jump Shot,1,0,Mid-Range
201959,Taj Gibson,1610612741,0021400053,Driving Layup Shot,1,0,Restricted Area
2200,Pau Gasol,1610612741,0021400053,Jump Shot,1,0,Mid-Range
202710,Jimmy Butler III,1610612741,0021400053,Jump Shot,1,0,In The Paint (Non-RA)
201959,Taj Gibson,1610612741,0021400053,Driving Layup Shot,1,1,Restricted Area
2399,Mike Dunleavy,1610612741,0021400053,Jump Shot,1,0,Above the Break 3
2550,Kirk Hinrich,1610612741,0021400053,Jump Shot,1,1,Above the Break 3
201959,Taj Gibson,1610612741,0021400053,Driving Layup Shot,1,0,Restricted Area
201166,Aaron Brooks,1610612741,0021400053,Jump Shot,1,0,Restricted Area
2200,Pau Gasol,1610612741,0021400053,Layup Shot,1,0,Restricted Area
2200,Pau Gasol,1610612741,0021400053,Dunk Shot,1,1,Restricted Area
201166,Aaron Brooks,1610612741,0021400053,Jump Shot,1,1,Above the Break 3
201166,Aaron Brooks,1610612741,0021400053,Running Layup Shot,1,0,Restricted Area
202710,Jimmy Butler III,1610612741,0021400053,Layup Shot,1,0,Restricted Area
201959,Taj Gibson,1610612741,0021400053,Reverse Layup Shot,1,1,Restricted Area
201166,Aaron Brooks,1610612741,0021400053,Floating Jump shot,1,0,In The Paint (Non-RA)
2550,Kirk Hinrich,1610612741,0021400053,Jump Shot,1,0,Above the Break 3
203503,Tony Snell,1610612741,0021400053,Finger Roll Layup Shot,1,1,Restricted Area
2550,Kirk Hinrich,1610612741,0021400053,Running Layup Shot,1,1,Restricted Area
202703,Nikola Mirotic,1610612741,0021400053,Jump Shot,1,1,Above the Break 3
201166,Aaron Brooks,1610612741,0021400053,Layup Shot,1,0,Restricted Area
202703,Nikola Mirotic,1610612741,0021400053,Jump Shot,1,1,Above the Break 3
202703,Nikola Mirotic,1610612741,0021400053,Jump Shot,1,0,Above the Break 3
202710,Jimmy Butler III,1610612741,0021400053,Jump Shot,1,0,Mid-Range
202710,Jimmy Butler III,1610612741,0021400053,Jump Shot,1,0,Left Corner 3
201166,Aaron Brooks,1610612741,0021400053,Jump Shot,1,1,Above the Break 3
202710,Jimmy Butler III,1610612741,0021400053,Alley Oop Layup shot,1,1,Restricted Area
201166,Aaron Brooks,1610612741,0021400053,Driving Layup Shot,1,1,Restricted Area
2200,Pau Gasol,1610612741,0021400062,Jump Shot,1,1,Mid-Range
202710,Jimmy Butler III,1610612741,0021400062,Jump Shot,1,1,Mid-Range
201565,Derrick Rose,1610612741,0021400062,Jump Shot,1,0,Above the Break 3
2200,Pau Gasol,1610612741,0021400062,Jump Shot,1,1,Mid-Range
201565,Derrick Rose,1610612741,0021400062,Jump Shot,1,0,Mid-Range
2399,Mike Dunleavy,1610612741,0021400062,Jump Shot,1,0,Above the Break 3
201565,Derrick Rose,1610612741,0021400062,Jump Shot,1,0,Above the Break 3
2200,Pau Gasol,1610612741,0021400062,Jump Shot,1,0,In The Paint (Non-RA)
2399,Mike Dunleavy,1610612741,0021400062,Jump Shot,1,1,Mid-Range
201565,Derrick Rose,1610612741,0021400062,Jump Shot,1,1,Above the Break 3
202710,Jimmy Butler III,1610612741,0021400062,Jump Shot,1,1,Mid-Range
2200,Pau Gasol,1610612741,0021400062,Jump Shot,1,0,Mid-Range
201959,Taj Gibson,1610612741,0021400062,Jump Shot,1,1,In The Paint (Non-RA)
201959,Taj Gibson,1610612741,0021400062,Jump Shot,1,0,Mid-Range
2550,Kirk Hinrich,1610612741,0021400062,Jump Shot,1,0,Above the Break 3
202703,Nikola Mirotic,1610612741,0021400062,Jump Shot,1,0,Mid-Range
201959,Taj Gibson,1610612741,0021400062,Jump Shot,1,1,In The Paint (Non-RA)
202710,Jimmy Butler III,1610612741,0021400062,Jump Shot,1,0,Mid-Range
201166,Aaron Brooks,1610612741,0021400062,Floating Jump shot,1,1,In The Paint (Non-RA)
202703,Nikola Mirotic,1610612741,0021400062,Layup Shot,1,0,Restricted Area
201959,Taj Gibson,1610612741,0021400062,Jump Shot,1,1,Mid-Range
201166,Aaron Brooks,1610612741,0021400062,Layup Shot,1,0,Restricted Area
201166,Aaron Brooks,1610612741,0021400062,Tip Shot,1,0,Restricted Area
201166,Aaron Brooks,1610612741,0021400062,Jump Shot,1,0,Above the Break 3
201959,Taj Gibson,1610612741,0021400062,Jump Shot,1,1,Mid-Range
202703,Nikola Mirotic,1610612741,0021400062,Jump Shot,1,0,In The Paint (Non-RA)
202703,Nikola Mirotic,1610612741,0021400062,Layup Shot,1,1,Restricted Area
2550,Kirk Hinrich,1610612741,0021400062,Jump Shot,1,0,Above the Break 3
202703,Nikola Mirotic,1610612741,0021400062,Jump Shot,1,0,Mid-Range
2200,Pau Gasol,1610612741,0021400062,Layup Shot,1,1,Restricted Area
201959,Taj Gibson,1610612741,0021400062,Dunk Shot,1,1,Restricted Area
201565,Derrick Rose,1610612741,0021400062,Jump Shot,1,1,Left Corner 3
201959,Taj Gibson,1610612741,0021400062,Jump Shot,1,0,Mid-Range
2399,Mike Dunleavy,1610612741,0021400062,Jump Shot,1,0,Left Corner 3
201959,Taj Gibson,1610612741,0021400062,Layup Shot,1,0,Restricted Area
201565,Derrick Rose,1610612741,0021400062,Floating Jump shot,1,1,In The Paint (Non-RA)
201959,Taj Gibson,1610612741,0021400062,Jump Shot,1,0,In The Paint (Non-RA)
201959,Taj Gibson,1610612741,0021400062,Layup Shot,1,1,Restricted Area
202710,Jimmy Butler III,1610612741,0021400062,Jump Shot,1,0,Mid-Range
2200,Pau Gasol,1610612741,0021400062,Dunk Shot,1,1,Restricted Area
2399,Mike Dunleavy,1610612741,0021400062,Jump Shot,1,1,Right Corner 3
201565,Derrick Rose,1610612741,0021400062,Jump Shot,1,1,In The Paint (Non-RA)
2200,Pau Gasol,1610612741,0021400062,Hook Shot,1,1,In The Paint (Non-RA)
201959,Taj Gibson,1610612741,0021400062,Layup Shot,1,0,Restricted Area
201959,Taj Gibson,1610612741,0021400062,Tip Shot,1,1,Restricted Area
2399,Mike Dunleavy,1610612741,0021400062,Jump Shot,1,1,Mid-Range
2200,Pau Gasol,1610612741,0021400062,Jump Shot,1,0,Mid-Range
2200,Pau Gasol,1610612741,0021400062,Jump Shot,1,0,In The Paint (Non-RA)
202710,Jimmy Butler III,1610612741,0021400062,Dunk Shot,1,1,Restricted Area
2399,Mike Dunleavy,1610612741,0021400062,Layup Shot,1,1,Restricted Area
201959,Taj Gibson,1610612741,0021400062,Layup Shot,1,0,Restricted Area
201565,Derrick Rose,1610612741,0021400062,Jump Shot,1,0,Left Corner 3
201565,Derrick Rose,1610612741,0021400062,Jump Shot,1,0,Mid-Range
201959,Taj Gibson,1610612741,0021400062,Layup Shot,1,1,Restricted Area
201959,Taj Gibson,1610612741,0021400062,Jump Shot,1,0,In The Paint (Non-RA)
2200,Pau Gasol,1610612741,0021400062,Hook Shot,1,0,In The Paint (Non-RA)
2200,Pau Gasol,1610612741,0021400062,Dunk Shot,1,1,Restricted Area
2399,Mike Dunleavy,1610612741,0021400062,Jump Shot,1,0,Above the Break 3
2200,Pau Gasol,1610612741,0021400062,Layup Shot,1,1,Restricted Area
201166,Aaron Brooks,1610612741,0021400062,Jump Shot,1,0,Mid-Range
202710,Jimmy Butler III,1610612741,0021400062,Layup Shot,1,0,Restricted Area
201959,Taj Gibson,1610612741,0021400062,Dunk Shot,1,1,Restricted Area
2550,Kirk Hinrich,1610612741,0021400062,Jump Shot,1,1,Above the Break 3
2550,Kirk Hinrich,1610612741,0021400062,Jump Shot,1,0,Above the Break 3
202703,Nikola Mirotic,1610612741,0021400062,Jump Shot,1,0,Mid-Range
2200,Pau Gasol,1610612741,0021400062,Jump Shot,1,0,Mid-Range
201565,Derrick Rose,1610612741,0021400062,Jump Shot,1,0,In The Paint (Non-RA)
201959,Taj Gibson,1610612741,0021400062,Jump Shot,1,0,In The Paint (Non-RA)
2200,Pau Gasol,1610612741,0021400062,Jump Shot,1,1,Mid-Range
202710,Jimmy Butler III,1610612741,0021400062,Reverse Layup Shot,1,1,Restricted Area
202710,Jimmy Butler III,1610612741,0021400062,Jump Shot,1,1,Mid-Range
2550,Kirk Hinrich,1610612741,0021400062,Jump Shot,1,0,Above the Break 3
2550,Kirk Hinrich,1610612741,0021400062,Jump Shot,1,1,Right Corner 3
2200,Pau Gasol,1610612741,0021400073,Jump Shot,1,0,Mid-Range
202710,Jimmy Butler III,1610612741,0021400073,Running Jump Shot,1,1,In The Paint (Non-RA)
202710,Jimmy Butler III,1610612741,0021400073,Jump Shot,1,0,Mid-Range
202710,Jimmy Butler III,1610612741,0021400073,Reverse Layup Shot,1,1,Restricted Area
2399,Mike Dunleavy,1610612741,0021400073,Jump Shot,1,1,Left Corner 3
202710,Jimmy Butler III,1610612741,0021400073,Jump Bank Shot,1,1,Mid-Range
2200,Pau Gasol,1610612741,0021400073,Layup Shot,1,1,Restricted Area
2550,Kirk Hinrich,1610612741,0021400073,Jump Shot,1,0,Above the Break 3
2399,Mike Dunleavy,1610612741,0021400073,Step Back Jump shot,1,1,Mid-Range
2550,Kirk Hinrich,1610612741,0021400073,Jump Shot,1,0,Mid-Range
2399,Mike Dunleavy,1610612741,0021400073,Jump Shot,1,0,Above the Break 3
2200,Pau Gasol,1610612741,0021400073,Turnaround Bank Hook Shot,1,1,In The Paint (Non-RA)
202710,Jimmy Butler III,1610612741,0021400073,Driving Layup Shot,1,1,Restricted Area
201959,Taj Gibson,1610612741,0021400073,Dunk Shot,1,1,Restricted Area
2200,Pau Gasol,1610612741,0021400073,Jump Shot,1,0,Mid-Range
203926,Doug McDermott,1610612741,0021400073,Jump Shot,1,1,Above the Break 3
201959,Taj Gibson,1610612741,0021400073,Jump Shot,1,1,Mid-Range
202710,Jimmy Butler III,1610612741,0021400073,Jump Shot,1,0,Above the Break 3
2200,Pau Gasol,1610612741,0021400073,Jump Shot,1,0,Mid-Range
202710,Jimmy Butler III,1610612741,0021400073,Jump Shot,1,0,Restricted Area
202710,Jimmy Butler III,1610612741,0021400073,Jump Shot,1,1,Above the Break 3
203926,Doug McDermott,1610612741,0021400073,Jump Shot,1,0,Above the Break 3
201166,Aaron Brooks,1610612741,0021400073,Jump Shot,1,0,Above the Break 3
203926,Doug McDermott,1610612741,0021400073,Driving Layup Shot,1,1,Restricted Area
202703,Nikola Mirotic,1610612741,0021400073,Jump Shot,1,0,Restricted Area
202703,Nikola Mirotic,1610612741,0021400073,Jump Shot,1,0,Right Corner 3
201166,Aaron Brooks,1610612741,0021400073,Step Back Jump shot,1,1,Mid-Range
201166,Aaron Brooks,1610612741,0021400073,Floating Jump shot,1,0,In The Paint (Non-RA)
201959,Taj Gibson,1610612741,0021400073,Jump Shot,1,0,Restricted Area
202710,Jimmy Butler III,1610612741,0021400073,Jump Shot,1,0,In The Paint (Non-RA)
2550,Kirk Hinrich,1610612741,0021400073,Jump Shot,1,0,Mid-Range
2550,Kirk Hinrich,1610612741,0021400073,Jump Shot,1,1,Mid-Range
2550,Kirk Hinrich,1610612741,0021400073,Jump Shot,1,0,In The Paint (Non-RA)
202710,Jimmy Butler III,1610612741,0021400073,Jump Shot,1,0,Above the Break 3
202710,Jimmy Butler III,1610612741,0021400073,Layup Shot,1,1,Restricted Area
2399,Mike Dunleavy,1610612741,0021400073,Jump Shot,1,1,Above the Break 3
2399,Mike Dunleavy,1610612741,0021400073,Jump Shot,1,0,Above the Break 3
2200,Pau Gasol,1610612741,0021400073,Dunk Shot,1,1,Restricted Area
201149,Joakim Noah,1610612741,0021400073,Jump Shot,1,0,Mid-Range
2399,Mike Dunleavy,1610612741,0021400073,Pullup Jump shot,1,1,Mid-Range
2550,Kirk Hinrich,1610612741,0021400073,Jump Shot,1,0,In The Paint (Non-RA)
2550,Kirk Hinrich,1610612741,0021400073,Jump Shot,1,1,Above the Break 3
2399,Mike Dunleavy,1610612741,0021400073,Jump Shot,1,1,Above the Break 3
2550,Kirk Hinrich,1610612741,0021400073,Jump Shot,1,0,Above the Break 3
2200,Pau Gasol,1610612741,0021400073,Floating Jump shot,1,1,In The Paint (Non-RA)
2399,Mike Dunleavy,1610612741,0021400073,Jump Shot,1,0,Above the Break 3
201149,Joakim Noah,1610612741,0021400073,Layup Shot,1,1,Restricted Area
202710,Jimmy Butler III,1610612741,0021400073,Tip Shot,1,0,Restricted Area
2399,Mike Dunleavy,1610612741,0021400073,Jump Shot,1,1,Above the Break 3
201149,Joakim Noah,1610612741,0021400073,Layup Shot,1,0,Restricted Area
2399,Mike Dunleavy,1610612741,0021400073,Driving Layup Shot,1,1,Restricted Area
2399,Mike Dunleavy,1610612741,0021400073,Jump Shot,1,1,Left Corner 3
2550,Kirk Hinrich,1610612741,0021400073,Jump Shot,1,0,Above the Break 3
202710,Jimmy Butler III,1610612741,0021400073,Layup Shot,1,0,Restricted Area
202710,Jimmy Butler III,1610612741,0021400073,Putback Layup Shot,1,1,Restricted Area
2200,Pau Gasol,1610612741,0021400073,Jump Shot,1,0,Mid-Range
2200,Pau Gasol,1610612741,0021400073,Finger Roll Layup Shot,1,1,Restricted Area
2200,Pau Gasol,1610612741,0021400073,Hook Shot,1,0,In The Paint (Non-RA)
202710,Jimmy Butler III,1610612741,0021400073,Running Layup Shot,1,1,Restricted Area
201959,Taj Gibson,1610612741,0021400073,Layup Shot,1,1,Restricted Area
201166,Aaron Brooks,1610612741,0021400073,Jump Shot,1,1,Above the Break 3
2399,Mike Dunleavy,1610612741,0021400073,Jump Shot,1,0,Mid-Range
201959,Taj Gibson,1610612741,0021400073,Tip Shot,1,1,Restricted Area
201166,Aaron Brooks,1610612741,0021400073,Jump Shot,1,0,Above the Break 3
201166,Aaron Brooks,1610612741,0021400073,Jump Shot,1,0,Mid-Range
201166,Aaron Brooks,1610612741,0021400073,Hook Shot,1,1,Mid-Range
201959,Taj Gibson,1610612741,0021400073,Jump Shot,1,1,In The Paint (Non-RA)
201166,Aaron Brooks,1610612741,0021400073,Pullup Jump shot,1,1,Above the Break 3
203503,Tony Snell,1610612741,0021400073,Jump Shot,1,1,Left Corner 3
203926,Doug McDermott,1610612741,0021400073,Jump Shot,1,1,Above the Break 3
2550,Kirk Hinrich,1610612741,0021400073,Driving Finger Roll Layup Shot,1,1,Restricted Area
201149,Joakim Noah,1610612741,0021400073,Jump Shot,1,0,In The Paint (Non-RA)
2399,Mike Dunleavy,1610612741,0021400073,Jump Shot,1,0,Mid-Range
2550,Kirk Hinrich,1610612741,0021400073,Jump Shot,1,0,Mid-Range
2550,Kirk Hinrich,1610612741,0021400073,Jump Shot,1,0,Mid-Range
2200,Pau Gasol,1610612741,0021400073,Jump Shot,1,1,Mid-Range
2399,Mike Dunleavy,1610612741,0021400073,Pullup Jump shot,1,1,Mid-Range
2399,Mike Dunleavy,1610612741,0021400073,Jump Shot,1,0,Mid-Range
202710,Jimmy Butler III,1610612741,0021400086,Jump Shot,1,0,Above the Break 3
2200,Pau Gasol,1610612741,0021400086,Jump Shot,1,0,In The Paint (Non-RA)
2399,Mike Dunleavy,1610612741,0021400086,Jump Shot,1,0,Above the Break 3
201149,Joakim Noah,1610612741,0021400086,Jump Shot,1,0,Mid-Range
201149,Joakim Noah,1610612741,0021400086,Jump Shot,1,0,Mid-Range
201149,Joakim Noah,1610612741,0021400086,Jump Shot,1,0,In The Paint (Non-RA)
2200,Pau Gasol,1610612741,0021400086,Finger Roll Layup Shot,1,0,Restricted Area
2200,Pau Gasol,1610612741,0021400086,Jump Shot,1,1,Mid-Range
2399,Mike Dunleavy,1610612741,0021400086,Jump Shot,1,0,Restricted Area
202710,Jimmy Butler III,1610612741,0021400086,Jump Shot,1,0,Mid-Range
2550,Kirk Hinrich,1610612741,0021400086,Jump Shot,1,0,Mid-Range
2200,Pau Gasol,1610612741,0021400086,Hook Shot,1,1,Mid-Range
2399,Mike Dunleavy,1610612741,0021400086,Jump Shot,1,1,Above the Break 3
201149,Joakim Noah,1610612741,0021400086,Reverse Layup Shot,1,1,Restricted Area
2200,Pau Gasol,1610612741,0021400086,Layup Shot,1,1,Restricted Area
2200,Pau Gasol,1610612741,0021400086,Hook Shot,1,0,In The Paint (Non-RA)
202710,Jimmy Butler III,1610612741,0021400086,Alley Oop Layup shot,1,1,Restricted Area
201166,Aaron Brooks,1610612741,0021400086,Fadeaway Jump Shot,1,1,Mid-Range
2399,Mike Dunleavy,1610612741,0021400086,Jump Shot,1,1,Left Corner 3
2399,Mike Dunleavy,1610612741,0021400086,Jump Shot,1,0,Above the Break 3
202710,Jimmy Butler III,1610612741,0021400086,Step Back Jump shot,1,1,In The Paint (Non-RA)
201166,Aaron Brooks,1610612741,0021400086,Jump Shot,1,0,In The Paint (Non-RA)
202710,Jimmy Butler III,1610612741,0021400086,Reverse Layup Shot,1,1,Restricted Area
2399,Mike Dunleavy,1610612741,0021400086,Jump Shot,1,1,Above the Break 3
201959,Taj Gibson,1610612741,0021400086,Turnaround Jump Shot,1,0,Mid-Range
203926,Doug McDermott,1610612741,0021400086,Layup Shot,1,1,Restricted Area
201959,Taj Gibson,1610612741,0021400086,Slam Dunk Shot,1,1,Restricted Area
203503,Tony Snell,1610612741,0021400086,Jump Shot,1,0,In The Paint (Non-RA)
201166,Aaron Brooks,1610612741,0021400086,Jump Shot,1,0,Above the Break 3
201959,Taj Gibson,1610612741,0021400086,Dunk Shot,1,0,Restricted Area
203926,Doug McDermott,1610612741,0021400086,Reverse Layup Shot,1,0,Restricted Area
201959,Taj Gibson,1610612741,0021400086,Slam Dunk Shot,1,1,Restricted Area
203926,Doug McDermott,1610612741,0021400086,Driving Layup Shot,1,1,Restricted Area
201959,Taj Gibson,1610612741,0021400086,Jump Shot,1,0,Mid-Range
201149,Joakim Noah,1610612741,0021400086,Jump Shot,1,0,Mid-Range
2399,Mike Dunleavy,1610612741,0021400086,Layup Shot,1,1,Restricted Area
2200,Pau Gasol,1610612741,0021400086,Jump Shot,1,0,In The Paint (Non-RA)
2550,Kirk Hinrich,1610612741,0021400086,Jump Shot,1,0,Mid-Range
2550,Kirk Hinrich,1610612741,0021400086,Jump Shot,1,0,In The Paint (Non-RA)
202710,Jimmy Butler III,1610612741,0021400086,Pullup Jump shot,1,1,Mid-Range
202710,Jimmy Butler III,1610612741,0021400086,Layup Shot,1,0,Restricted Area
2200,Pau Gasol,1610612741,0021400086,Jump Shot,1,1,Mid-Range
2200,Pau Gasol,1610612741,0021400086,Layup Shot,1,0,Restricted Area
2200,Pau Gasol,1610612741,0021400086,Hook Shot,1,0,In The Paint (Non-RA)
202710,Jimmy Butler III,1610612741,0021400086,Jump Shot,1,0,Above the Break 3
2200,Pau Gasol,1610612741,0021400086,Layup Shot,1,1,Restricted Area
202710,Jimmy Butler III,1610612741,0021400086,Layup Shot,1,1,Restricted Area
2550,Kirk Hinrich,1610612741,0021400086,Jump Shot,1,0,Mid-Range
2550,Kirk Hinrich,1610612741,0021400086,Jump Shot,1,0,Mid-Range
2200,Pau Gasol,1610612741,0021400086,Hook Shot,1,1,In The Paint (Non-RA)
2200,Pau Gasol,1610612741,0021400086,Jump Shot,1,0,Mid-Range
2550,Kirk Hinrich,1610612741,0021400086,Jump Shot,1,0,Mid-Range
2399,Mike Dunleavy,1610612741,0021400086,Jump Shot,1,0,Above the Break 3
201149,Joakim Noah,1610612741,0021400086,Jump Shot,1,1,Mid-Range
2550,Kirk Hinrich,1610612741,0021400086,Driving Layup Shot,1,0,Restricted Area
2200,Pau Gasol,1610612741,0021400086,Layup Shot,1,0,Restricted Area
201149,Joakim Noah,1610612741,0021400086,Layup Shot,1,0,Restricted Area
201149,Joakim Noah,1610612741,0021400086,Layup Shot,1,0,Restricted Area
201149,Joakim Noah,1610612741,0021400086,Layup Shot,1,1,Restricted Area
2200,Pau Gasol,1610612741,0021400086,Jump Shot,1,1,Mid-Range
201166,Aaron Brooks,1610612741,0021400086,Jump Shot,1,1,Above the Break 3
2200,Pau Gasol,1610612741,0021400086,Jump Shot,1,0,Right Corner 3
2399,Mike Dunleavy,1610612741,0021400086,Putback Layup Shot,1,1,Restricted Area
2399,Mike Dunleavy,1610612741,0021400086,Jump Shot,1,0,Above the Break 3
202710,Jimmy Butler III,1610612741,0021400086,Jump Shot,1,0,In The Paint (Non-RA)
203926,Doug McDermott,1610612741,0021400086,Layup Shot,1,1,Restricted Area
202710,Jimmy Butler III,1610612741,0021400086,Jump Shot,1,1,Above the Break 3
201166,Aaron Brooks,1610612741,0021400086,Floating Jump shot,1,0,In The Paint (Non-RA)
201166,Aaron Brooks,1610612741,0021400086,Driving Layup Shot,1,1,Restricted Area
201959,Taj Gibson,1610612741,0021400086,Layup Shot,1,0,Restricted Area
202710,Jimmy Butler III,1610612741,0021400086,Jump Shot,1,0,Mid-Range
201959,Taj Gibson,1610612741,0021400086,Slam Dunk Shot,1,1,Restricted Area
201959,Taj Gibson,1610612741,0021400086,Slam Dunk Shot,1,1,Restricted Area
201166,Aaron Brooks,1610612741,0021400086,Jump Shot,1,1,Above the Break 3
201149,Joakim Noah,1610612741,0021400086,Driving Layup Shot,1,1,Restricted Area
201166,Aaron Brooks,1610612741,0021400086,Jump Shot,1,0,Above the Break 3
201166,Aaron Brooks,1610612741,0021400086,Layup Shot,1,1,Restricted Area
202710,Jimmy Butler III,1610612741,0021400086,Alley Oop Layup shot,1,1,Restricted Area
202710,Jimmy Butler III,1610612741,0021400086,Jump Shot,1,0,In The Paint (Non-RA)
201166,Aaron Brooks,1610612741,0021400086,Jump Shot,1,1,Mid-Range
202710,Jimmy Butler III,1610612741,0021400086,Layup Shot,1,0,Restricted Area
201149,Joakim Noah,1610612741,0021400086,Layup Shot,1,0,Restricted Area
201149,Joakim Noah,1610612741,0021400086,Tip Shot,1,1,Restricted Area
201166,Aaron Brooks,1610612741,0021400086,Jump Shot,1,0,In The Paint (Non-RA)
201149,Joakim Noah,1610612741,0021400086,Layup Shot,1,1,Restricted Area
201166,Aaron Brooks,1610612741,0021400086,Jump Shot,1,0,Above the Break 3
201166,Aaron Brooks,1610612741,0021400086,Jump Shot,1,1,Above the Break 3
201166,Aaron Brooks,1610612741,0021400086,Jump Shot,1,1,Above the Break 3
201166,Aaron Brooks,1610612741,0021400086,Jump Shot,1,1,In The Paint (Non-RA)
202710,Jimmy Butler III,1610612741,0021400086,Jump Shot,1,0,Mid-Range
201959,Taj Gibson,1610612741,0021400086,Jump Shot,1,0,In The Paint (Non-RA)
2200,Pau Gasol,1610612741,0021400086,Putback Layup Shot,1,1,Restricted Area
202710,Jimmy Butler III,1610612741,0021400101,Jump Shot,1,0,Mid-Range
2399,Mike Dunleavy,1610612741,0021400101,Jump Shot,1,1,In The Paint (Non-RA)
2399,Mike Dunleavy,1610612741,0021400101,Jump Shot,1,0,Above the Break 3
201565,Derrick Rose,1610612741,0021400101,Jump Shot,1,1,In The Paint (Non-RA)
201565,Derrick Rose,1610612741,0021400101,Jump Shot,1,0,Mid-Range
2200,Pau Gasol,1610612741,0021400101,Jump Shot,1,0,Mid-Range
201149,Joakim Noah,1610612741,0021400101,Reverse Layup Shot,1,0,Restricted Area
2200,Pau Gasol,1610612741,0021400101,Jump Shot,1,0,Mid-Range
201565,Derrick Rose,1610612741,0021400101,Jump Shot,1,1,Above the Break 3
2399,Mike Dunleavy,1610612741,0021400101,Jump Shot,1,0,Above the Break 3
2200,Pau Gasol,1610612741,0021400101,Putback Dunk Shot,1,1,Restricted Area
201565,Derrick Rose,1610612741,0021400101,Layup Shot,1,0,Restricted Area
201149,Joakim Noah,1610612741,0021400101,Jump Shot,1,1,Mid-Range
201565,Derrick Rose,1610612741,0021400101,Driving Layup Shot,1,1,Restricted Area
201149,Joakim Noah,1610612741,0021400101,Jump Shot,1,1,Mid-Range
202710,Jimmy Butler III,1610612741,0021400101,Jump Shot,1,0,Mid-Range
201149,Joakim Noah,1610612741,0021400101,Hook Shot,1,1,Restricted Area
201565,Derrick Rose,1610612741,0021400101,Layup Shot,1,0,Restricted Area
201149,Joakim Noah,1610612741,0021400101,Layup Shot,1,0,Restricted Area
201565,Derrick Rose,1610612741,0021400101,Jump Shot,1,0,Above the Break 3
2200,Pau Gasol,1610612741,0021400101,Hook Shot,1,1,In The Paint (Non-RA)
202710,Jimmy Butler III,1610612741,0021400101,Jump Shot,1,1,Above the Break 3
2200,Pau Gasol,1610612741,0021400101,Jump Shot,1,1,Mid-Range
201959,Taj Gibson,1610612741,0021400101,Layup Shot,1,1,Restricted Area
201959,Taj Gibson,1610612741,0021400101,Jump Shot,1,0,Mid-Range
2200,Pau Gasol,1610612741,0021400101,Layup Shot,1,0,Restricted Area
2200,Pau Gasol,1610612741,0021400101,Jump Shot,1,0,Left Corner 3
201166,Aaron Brooks,1610612741,0021400101,Running Reverse Layup Shot,1,1,Restricted Area
201166,Aaron Brooks,1610612741,0021400101,Jump Shot,1,1,Above the Break 3
201959,Taj Gibson,1610612741,0021400101,Hook Shot,1,0,In The Paint (Non-RA)
201959,Taj Gibson,1610612741,0021400101,Driving Dunk Shot,1,1,Restricted Area
203926,Doug McDermott,1610612741,0021400101,Jump Shot,1,0,Above the Break 3
201166,Aaron Brooks,1610612741,0021400101,Jump Shot,1,0,In The Paint (Non-RA)
201959,Taj Gibson,1610612741,0021400101,Putback Layup Shot,1,1,Restricted Area
201166,Aaron Brooks,1610612741,0021400101,Layup Shot,1,1,Restricted Area
201166,Aaron Brooks,1610612741,0021400101,Jump Shot,1,0,Mid-Range
2550,Kirk Hinrich,1610612741,0021400101,Layup Shot,1,1,Restricted Area
2399,Mike Dunleavy,1610612741,0021400101,Jump Shot,1,0,Mid-Range
201959,Taj Gibson,1610612741,0021400101,Putback Layup Shot,1,1,Restricted Area
201149,Joakim Noah,1610612741,0021400101,Hook Shot,1,0,Restricted Area
202710,Jimmy Butler III,1610612741,0021400101,Jump Shot,1,1,Right Corner 3
2200,Pau Gasol,1610612741,0021400101,Jump Shot,1,0,Mid-Range
2399,Mike Dunleavy,1610612741,0021400101,Reverse Layup Shot,1,1,Restricted Area
201565,Derrick Rose,1610612741,0021400101,Jump Shot,1,1,In The Paint (Non-RA)
2200,Pau Gasol,1610612741,0021400101,Driving Dunk Shot,1,1,Restricted Area
2200,Pau Gasol,1610612741,0021400101,Jump Shot,1,1,In The Paint (Non-RA)
201565,Derrick Rose,1610612741,0021400101,Layup Shot,1,0,Restricted Area
2200,Pau Gasol,1610612741,0021400101,Jump Shot,1,1,Mid-Range
201565,Derrick Rose,1610612741,0021400101,Jump Shot,1,1,Above the Break 3
201149,Joakim Noah,1610612741,0021400101,Running Jump Shot,1,0,In The Paint (Non-RA)
201149,Joakim Noah,1610612741,0021400101,Layup Shot,1,1,Restricted Area
202710,Jimmy Butler III,1610612741,0021400101,Jump Shot,1,0,Above the Break 3
201565,Derrick Rose,1610612741,0021400101,Running Layup Shot,1,1,Restricted Area
2200,Pau Gasol,1610612741,0021400101,Jump Shot,1,0,In The Paint (Non-RA)
202710,Jimmy Butler III,1610612741,0021400101,Jump Shot,1,0,Left Corner 3
201565,Derrick Rose,1610612741,0021400101,Jump Shot,1,0,Above the Break 3
201149,Joakim Noah,1610612741,0021400101,Putback Layup Shot,1,1,Restricted Area
201565,Derrick Rose,1610612741,0021400101,Jump Shot,1,0,Mid-Range
2200,Pau Gasol,1610612741,0021400101,Layup Shot,1,0,Restricted Area
201149,Joakim Noah,1610612741,0021400101,Jump Shot,1,0,Mid-Range
202710,Jimmy Butler III,1610612741,0021400101,Jump Shot,1,1,Left Corner 3
2550,Kirk Hinrich,1610612741,0021400101,Driving Layup Shot,1,0,Restricted Area
202710,Jimmy Butler III,1610612741,0021400101,Jump Shot,1,1,Mid-Range
2200,Pau Gasol,1610612741,0021400101,Hook Shot,1,1,In The Paint (Non-RA)
2200,Pau Gasol,1610612741,0021400101,Jump Shot,1,0,In The Paint (Non-RA)
2200,Pau Gasol,1610612741,0021400101,Jump Shot,1,0,In The Paint (Non-RA)
202710,Jimmy Butler III,1610612741,0021400101,Jump Shot,1,0,Above the Break 3
2550,Kirk Hinrich,1610612741,0021400101,Jump Shot,1,1,Mid-Range
201166,Aaron Brooks,1610612741,0021400101,Jump Shot,1,0,Above the Break 3
201149,Joakim Noah,1610612741,0021400101,Layup Shot,1,0,Restricted Area
201149,Joakim Noah,1610612741,0021400101,Jump Shot,1,0,Mid-Range
2550,Kirk Hinrich,1610612741,0021400101,Jump Shot,1,0,In The Paint (Non-RA)
201959,Taj Gibson,1610612741,0021400101,Jump Shot,1,0,Mid-Range
201565,Derrick Rose,1610612741,0021400101,Jump Shot,1,0,Mid-Range
2550,Kirk Hinrich,1610612741,0021400101,Jump Shot,1,0,Above the Break 3
202710,Jimmy Butler III,1610612741,0021400101,Jump Shot,1,0,Mid-Range
201565,Derrick Rose,1610612741,0021400101,Driving Layup Shot,1,1,Restricted Area
2399,Mike Dunleavy,1610612741,0021400101,Jump Shot,1,0,Above the Break 3
201149,Joakim Noah,1610612741,0021400101,Hook Shot,1,0,In The Paint (Non-RA)
201565,Derrick Rose,1610612741,0021400101,Driving Layup Shot,1,1,Restricted Area
201565,Derrick Rose,1610612741,0021400101,Layup Shot,1,0,Restricted Area
202710,Jimmy Butler III,1610612741,0021400101,Driving Layup Shot,1,1,Restricted Area
201565,Derrick Rose,1610612741,0021400101,Jump Shot,1,0,In The Paint (Non-RA)
2399,Mike Dunleavy,1610612741,0021400101,Jump Shot,1,0,Mid-Range
201565,Derrick Rose,1610612741,0021400101,Jump Shot,1,0,Above the Break 3
2200,Pau Gasol,1610612741,0021400101,Jump Shot,1,1,Mid-Range
202710,Jimmy Butler III,1610612741,0021400101,Jump Shot,1,1,Above the Break 3
201565,Derrick Rose,1610612741,0021400101,Jump Shot,1,1,In The Paint (Non-RA)
2200,Pau Gasol,1610612741,0021400119,Turnaround Hook Shot,1,0,In The Paint (Non-RA)
2200,Pau Gasol,1610612741,0021400119,Running Hook Shot,1,1,Restricted Area
202710,Jimmy Butler III,1610612741,0021400119,Jump Shot,1,1,In The Paint (Non-RA)
201565,Derrick Rose,1610612741,0021400119,Jump Shot,1,0,Above the Break 3
2399,Mike Dunleavy,1610612741,0021400119,Jump Shot,1,1,Mid-Range
2200,Pau Gasol,1610612741,0021400119,Jump Shot,1,0,Mid-Range
201565,Derrick Rose,1610612741,0021400119,Jump Shot,1,0,Mid-Range
2200,Pau Gasol,1610612741,0021400119,Driving Hook Shot,1,1,In The Paint (Non-RA)
2200,Pau Gasol,1610612741,0021400119,Reverse Layup Shot,1,0,Restricted Area
201565,Derrick Rose,1610612741,0021400119,Layup Shot,1,0,Restricted Area
2399,Mike Dunleavy,1610612741,0021400119,Jump Shot,1,0,Above the Break 3
202710,Jimmy Butler III,1610612741,0021400119,Dunk Shot,1,1,Restricted Area
201149,Joakim Noah,1610612741,0021400119,Slam Dunk Shot,1,1,Restricted Area
2200,Pau Gasol,1610612741,0021400119,Jump Shot,1,0,Mid-Range
202710,Jimmy Butler III,1610612741,0021400119,Pullup Jump shot,1,1,Mid-Range
201959,Taj Gibson,1610612741,0021400119,Jump Shot,1,0,Mid-Range
2399,Mike Dunleavy,1610612741,0021400119,Jump Shot,1,1,Mid-Range
202710,Jimmy Butler III,1610612741,0021400119,Jump Shot,1,0,Mid-Range
2200,Pau Gasol,1610612741,0021400119,Turnaround Hook Shot,1,1,In The Paint (Non-RA)
201959,Taj Gibson,1610612741,0021400119,Driving Reverse Layup Shot,1,1,Restricted Area
201166,Aaron Brooks,1610612741,0021400119,Driving Layup Shot,1,0,Restricted Area
201959,Taj Gibson,1610612741,0021400119,Tip Shot,1,0,Restricted Area
201959,Taj Gibson,1610612741,0021400119,Layup Shot,1,0,Restricted Area
201959,Taj Gibson,1610612741,0021400119,Layup Shot,1,1,Restricted Area
201166,Aaron Brooks,1610612741,0021400119,Jump Shot,1,0,Above the Break 3
202703,Nikola Mirotic,1610612741,0021400119,Driving Layup Shot,1,0,Restricted Area
203926,Doug McDermott,1610612741,0021400119,Jump Shot,1,0,Above the Break 3
201166,Aaron Brooks,1610612741,0021400119,Step Back Jump shot,1,0,Mid-Range
201565,Derrick Rose,1610612741,0021400119,Jump Shot,1,1,Mid-Range
201565,Derrick Rose,1610612741,0021400119,Driving Layup Shot,1,1,In The Paint (Non-RA)
202710,Jimmy Butler III,1610612741,0021400119,Jump Shot,1,1,Right Corner 3
201565,Derrick Rose,1610612741,0021400119,Driving Layup Shot,1,0,Restricted Area
201565,Derrick Rose,1610612741,0021400119,Turnaround Jump Shot,1,0,In The Paint (Non-RA)
201565,Derrick Rose,1610612741,0021400119,Pullup Jump shot,1,0,Mid-Range
2200,Pau Gasol,1610612741,0021400119,Driving Layup Shot,1,0,Restricted Area
2200,Pau Gasol,1610612741,0021400119,Turnaround Hook Shot,1,1,Restricted Area
2200,Pau Gasol,1610612741,0021400119,Dunk Shot,1,1,Restricted Area
2200,Pau Gasol,1610612741,0021400119,Turnaround Fadeaway shot,1,1,Mid-Range
2200,Pau Gasol,1610612741,0021400119,Driving Layup Shot,1,1,Restricted Area
2200,Pau Gasol,1610612741,0021400119,Jump Shot,1,1,Mid-Range
2200,Pau Gasol,1610612741,0021400119,Driving Hook Shot,1,1,Restricted Area
2200,Pau Gasol,1610612741,0021400119,Jump Shot,1,0,Mid-Range
2200,Pau Gasol,1610612741,0021400119,Jump Shot,1,1,Mid-Range
201565,Derrick Rose,1610612741,0021400119,Jump Shot,1,0,Above the Break 3
2200,Pau Gasol,1610612741,0021400119,Turnaround Hook Shot,1,1,In The Paint (Non-RA)
202710,Jimmy Butler III,1610612741,0021400119,Jump Shot,1,0,Right Corner 3
2399,Mike Dunleavy,1610612741,0021400119,Jump Shot,1,1,Above the Break 3
2399,Mike Dunleavy,1610612741,0021400119,Jump Shot,1,0,Mid-Range
201565,Derrick Rose,1610612741,0021400119,Jump Shot,1,1,Left Corner 3
201565,Derrick Rose,1610612741,0021400119,Jump Shot,1,0,Above the Break 3
2399,Mike Dunleavy,1610612741,0021400119,Jump Shot,1,0,Above the Break 3
2200,Pau Gasol,1610612741,0021400119,Driving Hook Shot,1,1,In The Paint (Non-RA)
202710,Jimmy Butler III,1610612741,0021400119,Alley Oop Dunk Shot,1,1,Restricted Area
2399,Mike Dunleavy,1610612741,0021400119,Jump Shot,1,1,Right Corner 3
201959,Taj Gibson,1610612741,0021400119,Layup Shot,1,1,Restricted Area
202710,Jimmy Butler III,1610612741,0021400119,Pullup Jump shot,1,1,In The Paint (Non-RA)
201959,Taj Gibson,1610612741,0021400119,Running Dunk Shot,1,1,Restricted Area
2399,Mike Dunleavy,1610612741,0021400119,Driving Layup Shot,1,1,Restricted Area
201959,Taj Gibson,1610612741,0021400119,Layup Shot,1,0,In The Paint (Non-RA)
201149,Joakim Noah,1610612741,0021400119,Tip Shot,1,0,Restricted Area
201149,Joakim Noah,1610612741,0021400119,Hook Shot,1,1,In The Paint (Non-RA)
201166,Aaron Brooks,1610612741,0021400119,Jump Shot,1,0,Mid-Range
201959,Taj Gibson,1610612741,0021400119,Slam Dunk Shot,1,1,Restricted Area
2550,Kirk Hinrich,1610612741,0021400119,Floating Jump shot,1,0,In The Paint (Non-RA)
201959,Taj Gibson,1610612741,0021400119,Turnaround Hook Shot,1,0,In The Paint (Non-RA)
2399,Mike Dunleavy,1610612741,0021400119,Jump Shot,1,0,Above the Break 3
201959,Taj Gibson,1610612741,0021400119,Jump Shot,1,0,Mid-Range
2399,Mike Dunleavy,1610612741,0021400119,Jump Shot,1,0,Mid-Range
201565,Derrick Rose,1610612741,0021400119,Turnaround Jump Shot,1,1,In The Paint (Non-RA)
201565,Derrick Rose,1610612741,0021400119,Jump Shot,1,0,Above the Break 3
201149,Joakim Noah,1610612741,0021400119,Reverse Layup Shot,1,1,Restricted Area
201565,Derrick Rose,1610612741,0021400119,Driving Layup Shot,1,1,Restricted Area
202710,Jimmy Butler III,1610612741,0021400119,Jump Shot,1,0,Left Corner 3
2550,Kirk Hinrich,1610612741,0021400119,Running Jump Shot,1,0,Mid-Range
201149,Joakim Noah,1610612741,0021400119,Running Finger Roll Layup Shot,1,0,Restricted Area
2200,Pau Gasol,1610612741,0021400119,Layup Shot,1,0,Restricted Area
202710,Jimmy Butler III,1610612741,0021400119,Pullup Jump shot,1,1,Mid-Range
2200,Pau Gasol,1610612741,0021400135,Jump Shot,1,0,In The Paint (Non-RA)
2399,Mike Dunleavy,1610612741,0021400135,Jump Shot,1,1,Mid-Range
2550,Kirk Hinrich,1610612741,0021400135,Jump Shot,1,0,Above the Break 3
2200,Pau Gasol,1610612741,0021400135,Jump Shot,1,0,Restricted Area
201149,Joakim Noah,1610612741,0021400135,Hook Shot,1,1,Restricted Area
202710,Jimmy Butler III,1610612741,0021400135,Jump Shot,1,1,Mid-Range
2200,Pau Gasol,1610612741,0021400135,Hook Shot,1,1,In The Paint (Non-RA)
2550,Kirk Hinrich,1610612741,0021400135,Running Layup Shot,1,1,Restricted Area
202710,Jimmy Butler III,1610612741,0021400135,Jump Shot,1,0,Mid-Range
2550,Kirk Hinrich,1610612741,0021400135,Jump Shot,1,0,Mid-Range
202710,Jimmy Butler III,1610612741,0021400135,Jump Shot,1,1,Mid-Range
2200,Pau Gasol,1610612741,0021400135,Jump Shot,1,0,In The Paint (Non-RA)
2399,Mike Dunleavy,1610612741,0021400135,Jump Shot,1,0,Above the Break 3
2200,Pau Gasol,1610612741,0021400135,Jump Shot,1,0,Mid-Range
2550,Kirk Hinrich,1610612741,0021400135,Jump Shot,1,0,Mid-Range
201166,Aaron Brooks,1610612741,0021400135,Jump Shot,1,0,Mid-Range
202710,Jimmy Butler III,1610612741,0021400135,Running Layup Shot,1,0,Restricted Area
2200,Pau Gasol,1610612741,0021400135,Jump Shot,1,0,Mid-Range
2200,Pau Gasol,1610612741,0021400135,Layup Shot,1,0,Restricted Area
2200,Pau Gasol,1610612741,0021400135,Putback Layup Shot,1,1,Restricted Area
201959,Taj Gibson,1610612741,0021400135,Jump Shot,1,1,In The Paint (Non-RA)
2399,Mike Dunleavy,1610612741,0021400135,Jump Shot,1,0,Mid-Range
201166,Aaron Brooks,1610612741,0021400135,Jump Shot,1,1,Mid-Range
202703,Nikola Mirotic,1610612741,0021400135,Driving Layup Shot,1,1,Restricted Area
202710,Jimmy Butler III,1610612741,0021400135,Driving Layup Shot,1,1,Restricted Area
201959,Taj Gibson,1610612741,0021400135,Jump Shot,1,0,Mid-Range
202703,Nikola Mirotic,1610612741,0021400135,Jump Shot,1,0,Above the Break 3
201959,Taj Gibson,1610612741,0021400135,Jump Shot,1,0,Mid-Range
202703,Nikola Mirotic,1610612741,0021400135,Jump Shot,1,0,Above the Break 3
203926,Doug McDermott,1610612741,0021400135,Jump Shot,1,1,Above the Break 3
203503,Tony Snell,1610612741,0021400135,Jump Shot,1,0,Mid-Range
203926,Doug McDermott,1610612741,0021400135,Driving Layup Shot,1,1,Restricted Area
202710,Jimmy Butler III,1610612741,0021400135,Jump Shot,1,0,Mid-Range
2550,Kirk Hinrich,1610612741,0021400135,Pullup Jump shot,1,1,Mid-Range
2550,Kirk Hinrich,1610612741,0021400135,Jump Shot,1,0,Above the Break 3
201149,Joakim Noah,1610612741,0021400135,Jump Shot,1,1,Mid-Range
2550,Kirk Hinrich,1610612741,0021400135,Jump Shot,1,1,Mid-Range
202710,Jimmy Butler III,1610612741,0021400135,Jump Shot,1,1,Mid-Range
2550,Kirk Hinrich,1610612741,0021400135,Jump Shot,1,1,Mid-Range
2550,Kirk Hinrich,1610612741,0021400135,Jump Shot,1,0,Mid-Range
2550,Kirk Hinrich,1610612741,0021400135,Layup Shot,1,0,Restricted Area
2200,Pau Gasol,1610612741,0021400135,Jump Shot,1,0,Mid-Range
2399,Mike Dunleavy,1610612741,0021400135,Jump Shot,1,1,Mid-Range
2200,Pau Gasol,1610612741,0021400135,Jump Shot,1,0,Restricted Area
2399,Mike Dunleavy,1610612741,0021400135,Jump Shot,1,0,Left Corner 3
202710,Jimmy Butler III,1610612741,0021400135,Jump Shot,1,0,Above the Break 3
2550,Kirk Hinrich,1610612741,0021400135,Running Jump Shot,1,1,Mid-Range
201149,Joakim Noah,1610612741,0021400135,Running Layup Shot,1,1,Restricted Area
2550,Kirk Hinrich,1610612741,0021400135,Jump Shot,1,0,Mid-Range
202710,Jimmy Butler III,1610612741,0021400135,Layup Shot,1,0,Restricted Area
2200,Pau Gasol,1610612741,0021400135,Dunk Shot,1,1,Restricted Area
202710,Jimmy Butler III,1610612741,0021400135,Running Layup Shot,1,1,Restricted Area
202710,Jimmy Butler III,1610612741,0021400135,Running Reverse Layup Shot,1,1,Restricted Area
2200,Pau Gasol,1610612741,0021400135,Jump Shot,1,0,In The Paint (Non-RA)
2399,Mike Dunleavy,1610612741,0021400135,Jump Shot,1,0,Above the Break 3
2399,Mike Dunleavy,1610612741,0021400135,Jump Shot,1,0,In The Paint (Non-RA)
202710,Jimmy Butler III,1610612741,0021400135,Running Reverse Layup Shot,1,1,Restricted Area
201166,Aaron Brooks,1610612741,0021400135,Jump Shot,1,0,Above the Break 3
201166,Aaron Brooks,1610612741,0021400135,Running Layup Shot,1,1,Restricted Area
2200,Pau Gasol,1610612741,0021400135,Running Layup Shot,1,0,Restricted Area
202710,Jimmy Butler III,1610612741,0021400135,Running Slam Dunk Shot,1,1,Restricted Area
201959,Taj Gibson,1610612741,0021400135,Layup Shot,1,0,Restricted Area
201166,Aaron Brooks,1610612741,0021400135,Jump Shot,1,0,Above the Break 3
203926,Doug McDermott,1610612741,0021400135,Layup Shot,1,1,Restricted Area
201166,Aaron Brooks,1610612741,0021400135,Jump Shot,1,1,In The Paint (Non-RA)
203926,Doug McDermott,1610612741,0021400135,Running Layup Shot,1,0,Restricted Area
201959,Taj Gibson,1610612741,0021400135,Tip Shot,1,0,Restricted Area
201959,Taj Gibson,1610612741,0021400135,Jump Shot,1,0,In The Paint (Non-RA)
2550,Kirk Hinrich,1610612741,0021400135,Jump Shot,1,0,Mid-Range
203503,Tony Snell,1610612741,0021400135,Jump Shot,1,0,Above the Break 3
202710,Jimmy Butler III,1610612741,0021400135,Jump Shot,1,1,Above the Break 3
202710,Jimmy Butler III,1610612741,0021400135,Jump Shot,1,1,Mid-Range
2550,Kirk Hinrich,1610612741,0021400135,Jump Shot,1,1,Left Corner 3
202710,Jimmy Butler III,1610612741,0021400135,Jump Shot,1,0,In The Paint (Non-RA)
2550,Kirk Hinrich,1610612741,0021400135,Jump Shot,1,0,Above the Break 3
2550,Kirk Hinrich,1610612741,0021400135,Running Layup Shot,1,1,Restricted Area
202710,Jimmy Butler III,1610612741,0021400135,Running Reverse Layup Shot,1,0,Restricted Area
2200,Pau Gasol,1610612741,0021400135,Tip Shot,1,1,Restricted Area
203503,Tony Snell,1610612741,0021400135,Jump Shot,1,0,Right Corner 3
2550,Kirk Hinrich,1610612741,0021400135,Layup Shot,1,0,Restricted Area
201149,Joakim Noah,1610612741,0021400135,Tip Shot,1,0,Restricted Area
2200,Pau Gasol,1610612741,0021400135,Tip Shot,1,0,Restricted Area
203503,Tony Snell,1610612741,0021400135,Jump Shot,1,1,Left Corner 3
201149,Joakim Noah,1610612741,0021400154,Jump Shot,1,0,In The Paint (Non-RA)
201959,Taj Gibson,1610612741,0021400154,Jump Shot,1,1,Mid-Range
202710,Jimmy Butler III,1610612741,0021400154,Jump Shot,1,1,Mid-Range
202710,Jimmy Butler III,1610612741,0021400154,Fadeaway Jump Shot,1,0,Mid-Range
2399,Mike Dunleavy,1610612741,0021400154,Jump Shot,1,1,Above the Break 3
2399,Mike Dunleavy,1610612741,0021400154,Jump Shot,1,0,Above the Break 3
201959,Taj Gibson,1610612741,0021400154,Jump Shot,1,0,Mid-Range
2550,Kirk Hinrich,1610612741,0021400154,Jump Shot,1,0,Mid-Range
2550,Kirk Hinrich,1610612741,0021400154,Jump Shot,1,0,Above the Break 3
202710,Jimmy Butler III,1610612741,0021400154,Jump Shot,1,0,Above the Break 3
2550,Kirk Hinrich,1610612741,0021400154,Reverse Layup Shot,1,1,Restricted Area
202710,Jimmy Butler III,1610612741,0021400154,Running Jump Shot,1,0,In The Paint (Non-RA)
2550,Kirk Hinrich,1610612741,0021400154,Jump Shot,1,0,Mid-Range
2550,Kirk Hinrich,1610612741,0021400154,Jump Shot,1,1,Right Corner 3
201959,Taj Gibson,1610612741,0021400154,Jump Shot,1,0,Mid-Range
201166,Aaron Brooks,1610612741,0021400154,Floating Jump shot,1,1,Mid-Range
202703,Nikola Mirotic,1610612741,0021400154,Jump Shot,1,1,Above the Break 3
201166,Aaron Brooks,1610612741,0021400154,Running Hook Shot,1,0,Mid-Range
202703,Nikola Mirotic,1610612741,0021400154,Jump Shot,1,0,Above the Break 3
201166,Aaron Brooks,1610612741,0021400154,Jump Shot,1,0,Above the Break 3
202710,Jimmy Butler III,1610612741,0021400154,Layup Shot,1,0,Restricted Area
202703,Nikola Mirotic,1610612741,0021400154,Jump Shot,1,1,Mid-Range
202703,Nikola Mirotic,1610612741,0021400154,Running Layup Shot,1,1,Restricted Area
203926,Doug McDermott,1610612741,0021400154,Jump Shot,1,0,Above the Break 3
202703,Nikola Mirotic,1610612741,0021400154,Jump Shot,1,0,Above the Break 3
201166,Aaron Brooks,1610612741,0021400154,Fadeaway Jump Shot,1,0,Mid-Range
202703,Nikola Mirotic,1610612741,0021400154,Jump Shot,1,0,Left Corner 3
201149,Joakim Noah,1610612741,0021400154,Layup Shot,1,1,Restricted Area
202703,Nikola Mirotic,1610612741,0021400154,Jump Shot,1,0,In The Paint (Non-RA)
203926,Doug McDermott,1610612741,0021400154,Jump Shot,1,0,Above the Break 3
201959,Taj Gibson,1610612741,0021400154,Jump Shot,1,1,In The Paint (Non-RA)
201166,Aaron Brooks,1610612741,0021400154,Jump Shot,1,0,Above the Break 3
202710,Jimmy Butler III,1610612741,0021400154,Jump Shot,1,0,In The Paint (Non-RA)
202710,Jimmy Butler III,1610612741,0021400154,Jump Shot,1,0,Above the Break 3
2399,Mike Dunleavy,1610612741,0021400154,Jump Shot,1,1,Mid-Range
202710,Jimmy Butler III,1610612741,0021400154,Jump Shot,1,1,Above the Break 3
201149,Joakim Noah,1610612741,0021400154,Layup Shot,1,1,In The Paint (Non-RA)
201149,Joakim Noah,1610612741,0021400154,Reverse Layup Shot,1,0,Restricted Area
201959,Taj Gibson,1610612741,0021400154,Tip Shot,1,1,Restricted Area
201959,Taj Gibson,1610612741,0021400154,Jump Hook Shot,1,1,Restricted Area
2550,Kirk Hinrich,1610612741,0021400154,Jump Shot,1,0,Mid-Range
2550,Kirk Hinrich,1610612741,0021400154,Jump Shot,1,0,In The Paint (Non-RA)
202710,Jimmy Butler III,1610612741,0021400154,Jump Shot,1,1,Mid-Range
202710,Jimmy Butler III,1610612741,0021400154,Step Back Jump shot,1,0,Mid-Range
2550,Kirk Hinrich,1610612741,0021400154,Jump Shot,1,1,Above the Break 3
201149,Joakim Noah,1610612741,0021400154,Jump Shot,1,1,Mid-Range
202710,Jimmy Butler III,1610612741,0021400154,Jump Shot,1,0,Above the Break 3
201149,Joakim Noah,1610612741,0021400154,Jump Shot,1,0,In The Paint (Non-RA)
2550,Kirk Hinrich,1610612741,0021400154,Jump Shot,1,1,Above the Break 3
202710,Jimmy Butler III,1610612741,0021400154,Alley Oop Dunk Shot,1,1,Restricted Area
2399,Mike Dunleavy,1610612741,0021400154,Jump Shot,1,0,Above the Break 3
2399,Mike Dunleavy,1610612741,0021400154,Driving Layup Shot,1,1,Restricted Area
201959,Taj Gibson,1610612741,0021400154,Jump Shot,1,0,Mid-Range
2550,Kirk Hinrich,1610612741,0021400154,Jump Shot,1,1,Left Corner 3
202710,Jimmy Butler III,1610612741,0021400154,Jump Shot,1,0,In The Paint (Non-RA)
201959,Taj Gibson,1610612741,0021400154,Layup Shot,1,1,Restricted Area
201959,Taj Gibson,1610612741,0021400154,Layup Shot,1,1,Restricted Area
2550,Kirk Hinrich,1610612741,0021400154,Layup Shot,1,0,Restricted Area
2399,Mike Dunleavy,1610612741,0021400154,Jump Shot,1,0,Above the Break 3
202710,Jimmy Butler III,1610612741,0021400154,Driving Layup Shot,1,1,Restricted Area
202703,Nikola Mirotic,1610612741,0021400154,Layup Shot,1,1,Restricted Area
201959,Taj Gibson,1610612741,0021400154,Dunk Shot,1,1,Restricted Area
2399,Mike Dunleavy,1610612741,0021400154,Jump Shot,1,1,Above the Break 3
201166,Aaron Brooks,1610612741,0021400154,Jump Shot,1,0,Above the Break 3
201149,Joakim Noah,1610612741,0021400154,Jump Shot,1,1,Mid-Range
202703,Nikola Mirotic,1610612741,0021400154,Jump Shot,1,1,Mid-Range
201166,Aaron Brooks,1610612741,0021400154,Jump Shot,1,1,Mid-Range
201166,Aaron Brooks,1610612741,0021400154,Floating Jump shot,1,1,In The Paint (Non-RA)
201149,Joakim Noah,1610612741,0021400154,Layup Shot,1,1,Restricted Area
2550,Kirk Hinrich,1610612741,0021400154,Jump Shot,1,0,Above the Break 3
2399,Mike Dunleavy,1610612741,0021400154,Jump Shot,1,0,Mid-Range
202710,Jimmy Butler III,1610612741,0021400154,Jump Shot,1,0,Mid-Range
202703,Nikola Mirotic,1610612741,0021400154,Jump Shot,1,0,Mid-Range
201959,Taj Gibson,1610612741,0021400154,Slam Dunk Shot,1,1,Restricted Area
201959,Taj Gibson,1610612741,0021400154,Jump Shot,1,0,In The Paint (Non-RA)
202710,Jimmy Butler III,1610612741,0021400154,Layup Shot,1,1,Restricted Area
2399,Mike Dunleavy,1610612741,0021400154,Jump Shot,1,1,Above the Break 3
2399,Mike Dunleavy,1610612741,0021400154,Jump Shot,1,1,Above the Break 3
201959,Taj Gibson,1610612741,0021400154,Jump Shot,1,1,Mid-Range
202710,Jimmy Butler III,1610612741,0021400154,Jump Shot,1,0,Mid-Range
202710,Jimmy Butler III,1610612741,0021400171,Jump Shot,1,0,Above the Break 3
201149,Joakim Noah,1610612741,0021400171,Jump Hook Shot,1,0,In The Paint (Non-RA)
2550,Kirk Hinrich,1610612741,0021400171,Jump Shot,1,0,Right Corner 3
201959,Taj Gibson,1610612741,0021400171,Jump Shot,1,0,Mid-Range
2399,Mike Dunleavy,1610612741,0021400171,Jump Shot,1,1,Above the Break 3
2550,Kirk Hinrich,1610612741,0021400171,Floating Jump shot,1,1,In The Paint (Non-RA)
2550,Kirk Hinrich,1610612741,0021400171,Jump Shot,1,0,Above the Break 3
2399,Mike Dunleavy,1610612741,0021400171,Jump Shot,1,0,Mid-Range
201149,Joakim Noah,1610612741,0021400171,Jump Shot,1,0,Mid-Range
202710,Jimmy Butler III,1610612741,0021400171,Turnaround Jump Shot,1,1,Mid-Range
2550,Kirk Hinrich,1610612741,0021400171,Jump Shot,1,0,Right Corner 3
2399,Mike Dunleavy,1610612741,0021400171,Jump Shot,1,1,Above the Break 3
2399,Mike Dunleavy,1610612741,0021400171,Jump Shot,1,0,Mid-Range
2550,Kirk Hinrich,1610612741,0021400171,Jump Shot,1,1,Above the Break 3
201166,Aaron Brooks,1610612741,0021400171,Jump Shot,1,1,Above the Break 3
201166,Aaron Brooks,1610612741,0021400171,Driving Layup Shot,1,1,Restricted Area
202703,Nikola Mirotic,1610612741,0021400171,Step Back Jump shot,1,1,Mid-Range
201166,Aaron Brooks,1610612741,0021400171,Driving Layup Shot,1,0,Restricted Area
201959,Taj Gibson,1610612741,0021400171,Tip Shot,1,1,Restricted Area
202710,Jimmy Butler III,1610612741,0021400171,Layup Shot,1,1,Restricted Area
201959,Taj Gibson,1610612741,0021400171,Jump Hook Shot,1,1,In The Paint (Non-RA)
202703,Nikola Mirotic,1610612741,0021400171,Jump Shot,1,1,Above the Break 3
202703,Nikola Mirotic,1610612741,0021400171,Jump Shot,1,0,Above the Break 3
201166,Aaron Brooks,1610612741,0021400171,Jump Shot,1,0,Above the Break 3
201149,Joakim Noah,1610612741,0021400171,Jump Hook Shot,1,1,Restricted Area
201149,Joakim Noah,1610612741,0021400171,Dunk Shot,1,1,Restricted Area
202703,Nikola Mirotic,1610612741,0021400171,Fadeaway Jump Shot,1,0,Mid-Range
203503,Tony Snell,1610612741,0021400171,Jump Shot,1,0,Above the Break 3
201959,Taj Gibson,1610612741,0021400171,Jump Hook Shot,1,1,In The Paint (Non-RA)
201166,Aaron Brooks,1610612741,0021400171,Running Bank shot,1,1,Mid-Range
201959,Taj Gibson,1610612741,0021400171,Jump Shot,1,0,Mid-Range
201166,Aaron Brooks,1610612741,0021400171,Jump Shot,1,0,Mid-Range
2399,Mike Dunleavy,1610612741,0021400171,Jump Shot,1,0,Above the Break 3
201149,Joakim Noah,1610612741,0021400171,Jump Shot,1,0,Mid-Range
202710,Jimmy Butler III,1610612741,0021400171,Jump Shot,1,0,In The Paint (Non-RA)
202710,Jimmy Butler III,1610612741,0021400171,Pullup Jump shot,1,1,Mid-Range
2399,Mike Dunleavy,1610612741,0021400171,Jump Shot,1,1,Mid-Range
202710,Jimmy Butler III,1610612741,0021400171,Jump Shot,1,0,In The Paint (Non-RA)
201149,Joakim Noah,1610612741,0021400171,Tip Shot,1,0,Restricted Area
202710,Jimmy Butler III,1610612741,0021400171,Jump Shot,1,0,Mid-Range
2399,Mike Dunleavy,1610612741,0021400171,Jump Shot,1,0,Above the Break 3
2550,Kirk Hinrich,1610612741,0021400171,Jump Shot,1,0,In The Paint (Non-RA)
202710,Jimmy Butler III,1610612741,0021400171,Driving Layup Shot,1,1,Restricted Area
202710,Jimmy Butler III,1610612741,0021400171,Dunk Shot,1,1,Restricted Area
202710,Jimmy Butler III,1610612741,0021400171,Jump Shot,1,0,Mid-Range
202710,Jimmy Butler III,1610612741,0021400171,Driving Layup Shot,1,1,Restricted Area
202710,Jimmy Butler III,1610612741,0021400171,Jump Shot,1,0,Mid-Range
2399,Mike Dunleavy,1610612741,0021400171,Jump Shot,1,0,Mid-Range
201959,Taj Gibson,1610612741,0021400171,Layup Shot,1,0,Restricted Area
2399,Mike Dunleavy,1610612741,0021400171,Jump Shot,1,0,In The Paint (Non-RA)
201149,Joakim Noah,1610612741,0021400171,Tip Shot,1,1,Restricted Area
202710,Jimmy Butler III,1610612741,0021400171,Layup Shot,1,1,Restricted Area
202710,Jimmy Butler III,1610612741,0021400171,Driving Layup Shot,1,1,Restricted Area
2399,Mike Dunleavy,1610612741,0021400171,Jump Shot,1,0,Above the Break 3
2399,Mike Dunleavy,1610612741,0021400171,Running Hook Shot,1,1,In The Paint (Non-RA)
2550,Kirk Hinrich,1610612741,0021400171,Jump Shot,1,0,Mid-Range
201959,Taj Gibson,1610612741,0021400171,Tip Shot,1,0,Restricted Area
2550,Kirk Hinrich,1610612741,0021400171,Jump Shot,1,1,Mid-Range
202710,Jimmy Butler III,1610612741,0021400171,Jump Shot,1,0,In The Paint (Non-RA)
2399,Mike Dunleavy,1610612741,0021400171,Jump Shot,1,0,Above the Break 3
203926,Doug McDermott,1610612741,0021400171,Jump Shot,1,0,Above the Break 3
201166,Aaron Brooks,1610612741,0021400171,Driving Layup Shot,1,1,In The Paint (Non-RA)
201166,Aaron Brooks,1610612741,0021400171,Driving Layup Shot,1,1,In The Paint (Non-RA)
202703,Nikola Mirotic,1610612741,0021400171,Jump Shot,1,0,Above the Break 3
201149,Joakim Noah,1610612741,0021400171,Jump Shot,1,0,Restricted Area
201149,Joakim Noah,1610612741,0021400171,Layup Shot,1,0,Restricted Area
202703,Nikola Mirotic,1610612741,0021400171,Layup Shot,1,1,Restricted Area
2550,Kirk Hinrich,1610612741,0021400171,Jump Shot,1,0,In The Paint (Non-RA)
201149,Joakim Noah,1610612741,0021400171,Jump Shot,1,1,Restricted Area
201166,Aaron Brooks,1610612741,0021400171,Jump Shot,1,0,Mid-Range
201149,Joakim Noah,1610612741,0021400171,Layup Shot,1,1,Restricted Area
201149,Joakim Noah,1610612741,0021400171,Jump Shot,1,0,Mid-Range
202710,Jimmy Butler III,1610612741,0021400171,Tip Shot,1,1,Restricted Area
201149,Joakim Noah,1610612741,0021400171,Running Hook Shot,1,0,In The Paint (Non-RA)
2550,Kirk Hinrich,1610612741,0021400171,Layup Shot,1,0,Restricted Area
2550,Kirk Hinrich,1610612741,0021400171,Jump Shot,1,0,Mid-Range
202710,Jimmy Butler III,1610612741,0021400171,Driving Layup Shot,1,1,Restricted Area
202710,Jimmy Butler III,1610612741,0021400171,Turnaround Jump Shot,1,1,Mid-Range
201959,Taj Gibson,1610612741,0021400171,Jump Shot,1,0,In The Paint (Non-RA)
201959,Taj Gibson,1610612741,0021400171,Dunk Shot,1,1,Restricted Area
201166,Aaron Brooks,1610612741,0021400171,Jump Shot,1,0,Mid-Range
2399,Mike Dunleavy,1610612741,0021400171,Jump Shot,1,0,Above the Break 3
203503,Tony Snell,1610612741,0021400171,Floating Jump shot,1,1,In The Paint (Non-RA)
202734,E'Twaun Moore,1610612741,0021400171,Jump Shot,1,0,Mid-Range
201149,Joakim Noah,1610612741,0021400183,Running Hook Shot,1,0,In The Paint (Non-RA)
202710,Jimmy Butler III,1610612741,0021400183,Jump Shot,1,0,Above the Break 3
201149,Joakim Noah,1610612741,0021400183,Jump Shot,1,0,Mid-Range
201166,Aaron Brooks,1610612741,0021400183,Jump Shot,1,0,Above the Break 3
201166,Aaron Brooks,1610612741,0021400183,Jump Shot,1,1,Above the Break 3
202710,Jimmy Butler III,1610612741,0021400183,Jump Shot,1,0,Mid-Range
201959,Taj Gibson,1610612741,0021400183,Jump Shot,1,0,In The Paint (Non-RA)
202710,Jimmy Butler III,1610612741,0021400183,Running Jump Shot,1,0,In The Paint (Non-RA)
201166,Aaron Brooks,1610612741,0021400183,Jump Shot,1,0,Mid-Range
2399,Mike Dunleavy,1610612741,0021400183,Jump Shot,1,0,Above the Break 3
201959,Taj Gibson,1610612741,0021400183,Jump Shot,1,0,Mid-Range
2399,Mike Dunleavy,1610612741,0021400183,Driving Reverse Layup Shot,1,0,Restricted Area
201166,Aaron Brooks,1610612741,0021400183,Pullup Jump shot,1,1,Mid-Range
201959,Taj Gibson,1610612741,0021400183,Jump Shot,1,0,In The Paint (Non-RA)
201166,Aaron Brooks,1610612741,0021400183,Fadeaway Jump Shot,1,0,Mid-Range
201959,Taj Gibson,1610612741,0021400183,Jump Shot,1,1,Mid-Range
202710,Jimmy Butler III,1610612741,0021400183,Jump Shot,1,0,In The Paint (Non-RA)
201959,Taj Gibson,1610612741,0021400183,Putback Layup Shot,1,1,Restricted Area
202703,Nikola Mirotic,1610612741,0021400183,Jump Shot,1,0,In The Paint (Non-RA)
202703,Nikola Mirotic,1610612741,0021400183,Layup Shot,1,1,Restricted Area
202703,Nikola Mirotic,1610612741,0021400183,Jump Shot,1,1,Above the Break 3
203926,Doug McDermott,1610612741,0021400183,Jump Shot,1,0,Mid-Range
202734,E'Twaun Moore,1610612741,0021400183,Pullup Jump shot,1,1,Mid-Range
203926,Doug McDermott,1610612741,0021400183,Driving Layup Shot,1,1,Restricted Area
202703,Nikola Mirotic,1610612741,0021400183,Jump Shot,1,0,Above the Break 3
203926,Doug McDermott,1610612741,0021400183,Jump Shot,1,0,Above the Break 3
203926,Doug McDermott,1610612741,0021400183,Jump Shot,1,1,Mid-Range
203503,Tony Snell,1610612741,0021400183,Pullup Jump shot,1,1,Above the Break 3
202734,E'Twaun Moore,1610612741,0021400183,Jump Shot,1,0,In The Paint (Non-RA)
1737,Nazr Mohammed,1610612741,0021400183,Layup Shot,1,0,Restricted Area
202734,E'Twaun Moore,1610612741,0021400183,Jump Shot,1,1,Right Corner 3
1737,Nazr Mohammed,1610612741,0021400183,Jump Shot,1,0,Mid-Range
202703,Nikola Mirotic,1610612741,0021400183,Driving Layup Shot,1,1,Restricted Area
202734,E'Twaun Moore,1610612741,0021400183,Jump Shot,1,0,Mid-Range
203926,Doug McDermott,1610612741,0021400183,Jump Shot,1,0,Right Corner 3
202734,E'Twaun Moore,1610612741,0021400183,Running Bank shot,1,1,In The Paint (Non-RA)
202703,Nikola Mirotic,1610612741,0021400183,Driving Layup Shot,1,0,Restricted Area
202734,E'Twaun Moore,1610612741,0021400183,Running Jump Shot,1,0,Restricted Area
201149,Joakim Noah,1610612741,0021400183,Tip Shot,1,0,Restricted Area
202703,Nikola Mirotic,1610612741,0021400183,Jump Shot,1,0,Above the Break 3
202703,Nikola Mirotic,1610612741,0021400183,Driving Reverse Layup Shot,1,0,Restricted Area
202710,Jimmy Butler III,1610612741,0021400183,Jump Shot,1,0,Mid-Range
202710,Jimmy Butler III,1610612741,0021400183,Running Jump Shot,1,0,Mid-Range
201149,Joakim Noah,1610612741,0021400183,Tip Shot,1,1,Restricted Area
201166,Aaron Brooks,1610612741,0021400183,Jump Shot,1,0,Above the Break 3
202710,Jimmy Butler III,1610612741,0021400183,Reverse Layup Shot,1,0,Restricted Area
202703,Nikola Mirotic,1610612741,0021400183,Layup Shot,1,1,Restricted Area
201959,Taj Gibson,1610612741,0021400183,Jump Shot,1,0,Mid-Range
201149,Joakim Noah,1610612741,0021400183,Layup Shot,1,1,Restricted Area
201166,Aaron Brooks,1610612741,0021400183,Hook Shot,1,0,Mid-Range
201166,Aaron Brooks,1610612741,0021400183,Layup Shot,1,0,Restricted Area
202710,Jimmy Butler III,1610612741,0021400183,Driving Reverse Layup Shot,1,1,Restricted Area
201959,Taj Gibson,1610612741,0021400183,Layup Shot,1,1,Restricted Area
202710,Jimmy Butler III,1610612741,0021400183,Jump Shot,1,0,Left Corner 3
202710,Jimmy Butler III,1610612741,0021400183,Jump Shot,1,0,Mid-Range
201149,Joakim Noah,1610612741,0021400183,Jump Shot,1,0,Mid-Range
201959,Taj Gibson,1610612741,0021400183,Jump Shot,1,0,In The Paint (Non-RA)
202710,Jimmy Butler III,1610612741,0021400183,Tip Shot,1,1,Restricted Area
201166,Aaron Brooks,1610612741,0021400183,Jump Shot,1,0,Mid-Range
201166,Aaron Brooks,1610612741,0021400183,Jump Shot,1,1,Left Corner 3
201149,Joakim Noah,1610612741,0021400183,Jump Shot,1,1,Mid-Range
201166,Aaron Brooks,1610612741,0021400183,Running Jump Shot,1,1,In The Paint (Non-RA)
201149,Joakim Noah,1610612741,0021400183,Hook Shot,1,0,In The Paint (Non-RA)
201166,Aaron Brooks,1610612741,0021400183,Jump Shot,1,0,Above the Break 3
201149,Joakim Noah,1610612741,0021400183,Layup Shot,1,0,Restricted Area
202710,Jimmy Butler III,1610612741,0021400183,Jump Shot,1,1,Mid-Range
202703,Nikola Mirotic,1610612741,0021400183,Jump Shot,1,1,Above the Break 3
202710,Jimmy Butler III,1610612741,0021400183,Jump Shot,1,0,Mid-Range
202703,Nikola Mirotic,1610612741,0021400183,Jump Shot,1,1,Above the Break 3
203503,Tony Snell,1610612741,0021400183,Jump Shot,1,0,Above the Break 3
202703,Nikola Mirotic,1610612741,0021400183,Layup Shot,1,0,Restricted Area
1737,Nazr Mohammed,1610612741,0021400183,Jump Shot,1,0,Mid-Range
203926,Doug McDermott,1610612741,0021400183,Jump Shot,1,0,Above the Break 3
203926,Doug McDermott,1610612741,0021400183,Driving Layup Shot,1,0,Restricted Area
202734,E'Twaun Moore,1610612741,0021400183,Running Jump Shot,1,1,In The Paint (Non-RA)
203503,Tony Snell,1610612741,0021400183,Running Jump Shot,1,1,Mid-Range
203926,Doug McDermott,1610612741,0021400183,Layup Shot,1,0,Restricted Area
203503,Tony Snell,1610612741,0021400183,Jump Shot,1,1,Mid-Range
202703,Nikola Mirotic,1610612741,0021400183,Jump Shot,1,1,Above the Break 3
203926,Doug McDermott,1610612741,0021400183,Driving Layup Shot,1,1,Restricted Area
202703,Nikola Mirotic,1610612741,0021400183,Jump Shot,1,0,Above the Break 3
202734,E'Twaun Moore,1610612741,0021400183,Running Jump Shot,1,0,In The Paint (Non-RA)
203926,Doug McDermott,1610612741,0021400183,Jump Shot,1,0,Above the Break 3
202710,Jimmy Butler III,1610612741,0021400204,Slam Dunk Shot,1,1,Restricted Area
202710,Jimmy Butler III,1610612741,0021400204,Dunk Shot,1,0,Restricted Area
2200,Pau Gasol,1610612741,0021400204,Jump Shot,1,0,In The Paint (Non-RA)
2200,Pau Gasol,1610612741,0021400204,Layup Shot,1,1,Restricted Area
201565,Derrick Rose,1610612741,0021400204,Jump Shot,1,1,Above the Break 3
201565,Derrick Rose,1610612741,0021400204,Jump Shot,1,1,Mid-Range
201565,Derrick Rose,1610612741,0021400204,Jump Shot,1,1,Above the Break 3
202710,Jimmy Butler III,1610612741,0021400204,Reverse Layup Shot,1,1,Restricted Area
201565,Derrick Rose,1610612741,0021400204,Jump Shot,1,0,Above the Break 3
2200,Pau Gasol,1610612741,0021400204,Driving Layup Shot,1,1,Restricted Area
2200,Pau Gasol,1610612741,0021400204,Running Hook Shot,1,0,In The Paint (Non-RA)
2399,Mike Dunleavy,1610612741,0021400204,Jump Shot,1,0,Above the Break 3
202710,Jimmy Butler III,1610612741,0021400204,Jump Shot,1,1,Mid-Range
202703,Nikola Mirotic,1610612741,0021400204,Jump Shot,1,1,Above the Break 3
202710,Jimmy Butler III,1610612741,0021400204,Jump Shot,1,0,Restricted Area
202703,Nikola Mirotic,1610612741,0021400204,Jump Shot,1,0,In The Paint (Non-RA)
2200,Pau Gasol,1610612741,0021400204,Hook Shot,1,1,In The Paint (Non-RA)
201166,Aaron Brooks,1610612741,0021400204,Running Jump Shot,1,0,Restricted Area
2200,Pau Gasol,1610612741,0021400204,Tip Shot,1,1,Restricted Area
202710,Jimmy Butler III,1610612741,0021400204,Jump Shot,1,0,Mid-Range
202710,Jimmy Butler III,1610612741,0021400204,Slam Dunk Shot,1,1,Restricted Area
202703,Nikola Mirotic,1610612741,0021400204,Jump Shot,1,1,Above the Break 3
201149,Joakim Noah,1610612741,0021400204,Layup Shot,1,0,Restricted Area
201166,Aaron Brooks,1610612741,0021400204,Jump Shot,1,1,Above the Break 3
203503,Tony Snell,1610612741,0021400204,Jump Shot,1,1,Above the Break 3
203503,Tony Snell,1610612741,0021400204,Layup Shot,1,1,Restricted Area
203926,Doug McDermott,1610612741,0021400204,Jump Shot,1,0,Above the Break 3
2200,Pau Gasol,1610612741,0021400204,Turnaround Jump Shot,1,0,Mid-Range
201565,Derrick Rose,1610612741,0021400204,Jump Shot,1,0,Above the Break 3
202703,Nikola Mirotic,1610612741,0021400204,Layup Shot,1,1,Restricted Area
202703,Nikola Mirotic,1610612741,0021400204,Jump Shot,1,0,Restricted Area
202710,Jimmy Butler III,1610612741,0021400204,Jump Shot,1,1,Above the Break 3
201565,Derrick Rose,1610612741,0021400204,Jump Shot,1,1,Above the Break 3
2200,Pau Gasol,1610612741,0021400204,Fadeaway Jump Shot,1,1,In The Paint (Non-RA)
2200,Pau Gasol,1610612741,0021400204,Hook Shot,1,1,In The Paint (Non-RA)
2200,Pau Gasol,1610612741,0021400204,Jump Shot,1,1,Mid-Range
202710,Jimmy Butler III,1610612741,0021400204,Running Jump Shot,1,0,In The Paint (Non-RA)
2200,Pau Gasol,1610612741,0021400204,Turnaround Hook Shot,1,0,In The Paint (Non-RA)
2200,Pau Gasol,1610612741,0021400204,Jump Shot,1,0,Mid-Range
201565,Derrick Rose,1610612741,0021400204,Jump Shot,1,0,Mid-Range
2399,Mike Dunleavy,1610612741,0021400204,Jump Shot,1,0,Above the Break 3
201149,Joakim Noah,1610612741,0021400204,Running Bank shot,1,1,Restricted Area
2200,Pau Gasol,1610612741,0021400204,Running Hook Shot,1,1,In The Paint (Non-RA)
2200,Pau Gasol,1610612741,0021400204,Jump Shot,1,0,Mid-Range
2200,Pau Gasol,1610612741,0021400204,Hook Bank Shot,1,1,In The Paint (Non-RA)
2200,Pau Gasol,1610612741,0021400204,Layup Shot,1,1,Restricted Area
2200,Pau Gasol,1610612741,0021400204,Hook Shot,1,0,In The Paint (Non-RA)
202703,Nikola Mirotic,1610612741,0021400204,Jump Shot,1,0,Right Corner 3
201166,Aaron Brooks,1610612741,0021400204,Jump Shot,1,0,In The Paint (Non-RA)
202710,Jimmy Butler III,1610612741,0021400204,Jump Shot,1,1,Mid-Range
202703,Nikola Mirotic,1610612741,0021400204,Jump Shot,1,1,Mid-Range
201166,Aaron Brooks,1610612741,0021400204,Jump Shot,1,0,Backcourt
202710,Jimmy Butler III,1610612741,0021400204,Jump Shot,1,0,In The Paint (Non-RA)
201166,Aaron Brooks,1610612741,0021400204,Jump Shot,1,0,Above the Break 3
201166,Aaron Brooks,1610612741,0021400204,Reverse Layup Shot,1,1,Restricted Area
201166,Aaron Brooks,1610612741,0021400204,Running Jump Shot,1,1,In The Paint (Non-RA)
203503,Tony Snell,1610612741,0021400204,Jump Shot,1,0,Above the Break 3
202703,Nikola Mirotic,1610612741,0021400204,Jump Shot,1,0,Above the Break 3
202710,Jimmy Butler III,1610612741,0021400204,Driving Layup Shot,1,1,Restricted Area
202710,Jimmy Butler III,1610612741,0021400204,Jump Shot,1,0,Mid-Range
2200,Pau Gasol,1610612741,0021400204,Turnaround Fadeaway shot,1,0,In The Paint (Non-RA)
201166,Aaron Brooks,1610612741,0021400204,Jump Shot,1,1,Above the Break 3
2200,Pau Gasol,1610612741,0021400204,Hook Shot,1,0,Mid-Range
202703,Nikola Mirotic,1610612741,0021400204,Jump Shot,1,0,In The Paint (Non-RA)
201565,Derrick Rose,1610612741,0021400204,Driving Layup Shot,1,0,Restricted Area
202710,Jimmy Butler III,1610612741,0021400204,Jump Shot,1,1,Mid-Range
2200,Pau Gasol,1610612741,0021400204,Jump Shot,1,1,In The Paint (Non-RA)
201565,Derrick Rose,1610612741,0021400204,Jump Bank Shot,1,1,Restricted Area
202710,Jimmy Butler III,1610612741,0021400204,Jump Shot,1,0,Above the Break 3
201565,Derrick Rose,1610612741,0021400204,Jump Shot,1,0,Mid-Range
202710,Jimmy Butler III,1610612741,0021400204,Layup Shot,1,0,Restricted Area
2399,Mike Dunleavy,1610612741,0021400204,Layup Shot,1,1,Restricted Area
2200,Pau Gasol,1610612741,0021400209,Hook Shot,1,1,In The Paint (Non-RA)
201565,Derrick Rose,1610612741,0021400209,Jump Shot,1,0,Above the Break 3
2200,Pau Gasol,1610612741,0021400209,Jump Shot,1,0,Mid-Range
202710,Jimmy Butler III,1610612741,0021400209,Jump Shot,1,1,Mid-Range
202710,Jimmy Butler III,1610612741,0021400209,Turnaround Jump Shot,1,1,Mid-Range
2200,Pau Gasol,1610612741,0021400209,Turnaround Jump Shot,1,1,In The Paint (Non-RA)
201565,Derrick Rose,1610612741,0021400209,Jump Shot,1,0,Above the Break 3
2200,Pau Gasol,1610612741,0021400209,Turnaround Jump Shot,1,0,Mid-Range
2399,Mike Dunleavy,1610612741,0021400209,Jump Shot,1,0,Above the Break 3
201565,Derrick Rose,1610612741,0021400209,Running Jump Shot,1,1,In The Paint (Non-RA)
2200,Pau Gasol,1610612741,0021400209,Layup Shot,1,1,Restricted Area
2399,Mike Dunleavy,1610612741,0021400209,Layup Shot,1,1,Restricted Area
203946,Cameron Bairstow,1610612741,0021400209,Jump Shot,1,0,Mid-Range
2550,Kirk Hinrich,1610612741,0021400209,Jump Shot,1,0,Above the Break 3
202710,Jimmy Butler III,1610612741,0021400209,Jump Shot,1,0,Mid-Range
202710,Jimmy Butler III,1610612741,0021400209,Jump Shot,1,0,Mid-Range
2550,Kirk Hinrich,1610612741,0021400209,Running Jump Shot,1,0,In The Paint (Non-RA)
2550,Kirk Hinrich,1610612741,0021400209,Jump Shot,1,0,Mid-Range
202710,Jimmy Butler III,1610612741,0021400209,Layup Shot,1,0,Restricted Area
202710,Jimmy Butler III,1610612741,0021400209,Layup Shot,1,1,Restricted Area
202703,Nikola Mirotic,1610612741,0021400209,Running Jump Shot,1,0,Backcourt
1737,Nazr Mohammed,1610612741,0021400209,Jump Shot,1,1,Mid-Range
201166,Aaron Brooks,1610612741,0021400209,Fadeaway Jump Shot,1,1,Mid-Range
202703,Nikola Mirotic,1610612741,0021400209,Running Layup Shot,1,1,Restricted Area
2550,Kirk Hinrich,1610612741,0021400209,Driving Finger Roll Layup Shot,1,0,Restricted Area
201166,Aaron Brooks,1610612741,0021400209,Jump Shot,1,1,Above the Break 3
203926,Doug McDermott,1610612741,0021400209,Driving Finger Roll Layup Shot,1,0,Restricted Area
2200,Pau Gasol,1610612741,0021400209,Turnaround Jump Shot,1,0,Mid-Range
2200,Pau Gasol,1610612741,0021400209,Jump Shot,1,0,Mid-Range
201565,Derrick Rose,1610612741,0021400209,Jump Shot,1,0,Above the Break 3
202710,Jimmy Butler III,1610612741,0021400209,Layup Shot,1,1,Restricted Area
2399,Mike Dunleavy,1610612741,0021400209,Jump Shot,1,0,Above the Break 3
2399,Mike Dunleavy,1610612741,0021400209,Jump Shot,1,1,Left Corner 3
2200,Pau Gasol,1610612741,0021400209,Hook Shot,1,1,In The Paint (Non-RA)
2200,Pau Gasol,1610612741,0021400209,Reverse Layup Shot,1,0,Restricted Area
201166,Aaron Brooks,1610612741,0021400209,Fadeaway Jump Shot,1,0,Mid-Range
2200,Pau Gasol,1610612741,0021400209,Jump Shot,1,0,In The Paint (Non-RA)
2550,Kirk Hinrich,1610612741,0021400209,Jump Shot,1,1,Mid-Range
2550,Kirk Hinrich,1610612741,0021400209,Jump Shot,1,0,Mid-Range
203946,Cameron Bairstow,1610612741,0021400209,Layup Shot,1,0,Restricted Area
2550,Kirk Hinrich,1610612741,0021400209,Driving Reverse Layup Shot,1,0,Restricted Area
203946,Cameron Bairstow,1610612741,0021400209,Jump Shot,1,1,Mid-Range
2399,Mike Dunleavy,1610612741,0021400209,Jump Shot,1,0,Above the Break 3
2399,Mike Dunleavy,1610612741,0021400209,Jump Shot,1,1,Above the Break 3
2550,Kirk Hinrich,1610612741,0021400209,Jump Shot,1,1,Above the Break 3
2399,Mike Dunleavy,1610612741,0021400209,Driving Finger Roll Layup Shot,1,1,Restricted Area
2200,Pau Gasol,1610612741,0021400209,Layup Shot,1,1,Restricted Area
202710,Jimmy Butler III,1610612741,0021400209,Jump Shot,1,0,Mid-Range
203946,Cameron Bairstow,1610612741,0021400209,Jump Shot,1,0,Mid-Range
2550,Kirk Hinrich,1610612741,0021400209,Jump Shot,1,1,Mid-Range
2200,Pau Gasol,1610612741,0021400209,Jump Shot,1,1,Mid-Range
2399,Mike Dunleavy,1610612741,0021400209,Jump Shot,1,1,Above the Break 3
202710,Jimmy Butler III,1610612741,0021400209,Running Jump Shot,1,0,Mid-Range
2200,Pau Gasol,1610612741,0021400209,Layup Shot,1,1,Restricted Area
201166,Aaron Brooks,1610612741,0021400209,Driving Layup Shot,1,0,Restricted Area
202710,Jimmy Butler III,1610612741,0021400209,Jump Shot,1,0,Above the Break 3
201166,Aaron Brooks,1610612741,0021400209,Driving Finger Roll Layup Shot,1,0,Restricted Area
1737,Nazr Mohammed,1610612741,0021400209,Jump Bank Shot,1,0,Mid-Range
201166,Aaron Brooks,1610612741,0021400209,Finger Roll Layup Shot,1,1,Restricted Area
201166,Aaron Brooks,1610612741,0021400209,Jump Shot,1,0,Mid-Range
1737,Nazr Mohammed,1610612741,0021400209,Layup Shot,1,0,Restricted Area
1737,Nazr Mohammed,1610612741,0021400209,Jump Shot,1,1,Mid-Range
202703,Nikola Mirotic,1610612741,0021400209,Jump Shot,1,0,Above the Break 3
202703,Nikola Mirotic,1610612741,0021400209,Layup Shot,1,0,Restricted Area
202703,Nikola Mirotic,1610612741,0021400209,Layup Shot,1,0,Restricted Area
2200,Pau Gasol,1610612741,0021400209,Jump Shot,1,0,Mid-Range
2550,Kirk Hinrich,1610612741,0021400209,Jump Shot,1,1,Right Corner 3
201166,Aaron Brooks,1610612741,0021400209,Jump Shot,1,0,Above the Break 3
2399,Mike Dunleavy,1610612741,0021400209,Jump Shot,1,0,Above the Break 3
2200,Pau Gasol,1610612741,0021400209,Hook Shot,1,0,In The Paint (Non-RA)
2200,Pau Gasol,1610612741,0021400209,Layup Shot,1,0,Restricted Area
202710,Jimmy Butler III,1610612741,0021400209,Driving Layup Shot,1,1,Restricted Area
2200,Pau Gasol,1610612741,0021400209,Jump Shot,1,1,In The Paint (Non-RA)
2200,Pau Gasol,1610612741,0021400209,Hook Shot,1,0,Restricted Area
2200,Pau Gasol,1610612741,0021400209,Tip Shot,1,1,Restricted Area
201166,Aaron Brooks,1610612741,0021400209,Jump Shot,1,0,Above the Break 3
2200,Pau Gasol,1610612741,0021400209,Jump Shot,1,1,In The Paint (Non-RA)
201166,Aaron Brooks,1610612741,0021400209,Jump Shot,1,1,Above the Break 3
202710,Jimmy Butler III,1610612741,0021400209,Layup Shot,1,1,Restricted Area
201166,Aaron Brooks,1610612741,0021400209,Jump Shot,1,0,Left Corner 3
202710,Jimmy Butler III,1610612741,0021400209,Reverse Layup Shot,1,1,Restricted Area
201166,Aaron Brooks,1610612741,0021400209,Jump Shot,1,0,Mid-Range
2399,Mike Dunleavy,1610612741,0021400223,Jump Shot,1,0,Above the Break 3
2200,Pau Gasol,1610612741,0021400223,Turnaround Hook Shot,1,0,Restricted Area
2399,Mike Dunleavy,1610612741,0021400223,Jump Shot,1,0,Mid-Range
2200,Pau Gasol,1610612741,0021400223,Jump Shot,1,1,In The Paint (Non-RA)
201149,Joakim Noah,1610612741,0021400223,Layup Shot,1,0,Restricted Area
201565,Derrick Rose,1610612741,0021400223,Layup Shot,1,0,Restricted Area
201149,Joakim Noah,1610612741,0021400223,Layup Shot,1,1,Restricted Area
201149,Joakim Noah,1610612741,0021400223,Layup Shot,1,0,Restricted Area
201565,Derrick Rose,1610612741,0021400223,Driving Layup Shot,1,1,Restricted Area
201565,Derrick Rose,1610612741,0021400223,Layup Shot,1,1,Restricted Area
202710,Jimmy Butler III,1610612741,0021400223,Jump Shot,1,0,Mid-Range
2399,Mike Dunleavy,1610612741,0021400223,Tip Shot,1,1,Restricted Area
2200,Pau Gasol,1610612741,0021400223,Jump Shot,1,1,Mid-Range
2200,Pau Gasol,1610612741,0021400223,Hook Shot,1,0,In The Paint (Non-RA)
2200,Pau Gasol,1610612741,0021400223,Hook Shot,1,0,In The Paint (Non-RA)
2200,Pau Gasol,1610612741,0021400223,Jump Shot,1,1,In The Paint (Non-RA)
2200,Pau Gasol,1610612741,0021400223,Running Hook Shot,1,0,In The Paint (Non-RA)
201166,Aaron Brooks,1610612741,0021400223,Jump Shot,1,1,Restricted Area
201166,Aaron Brooks,1610612741,0021400223,Running Bank shot,1,1,In The Paint (Non-RA)
2200,Pau Gasol,1610612741,0021400223,Layup Shot,1,0,Restricted Area
2200,Pau Gasol,1610612741,0021400223,Tip Shot,1,0,Restricted Area
201166,Aaron Brooks,1610612741,0021400223,Jump Shot,1,1,Above the Break 3
202703,Nikola Mirotic,1610612741,0021400223,Layup Shot,1,1,Restricted Area
201166,Aaron Brooks,1610612741,0021400223,Pullup Jump shot,1,0,Above the Break 3
201149,Joakim Noah,1610612741,0021400223,Layup Shot,1,0,Restricted Area
202710,Jimmy Butler III,1610612741,0021400223,Layup Shot,1,0,Restricted Area
202703,Nikola Mirotic,1610612741,0021400223,Layup Shot,1,1,Restricted Area
201149,Joakim Noah,1610612741,0021400223,Hook Bank Shot,1,1,Restricted Area
201565,Derrick Rose,1610612741,0021400223,Jump Shot,1,0,In The Paint (Non-RA)
2200,Pau Gasol,1610612741,0021400223,Jump Shot,1,0,Mid-Range
2200,Pau Gasol,1610612741,0021400223,Layup Shot,1,1,Restricted Area
202710,Jimmy Butler III,1610612741,0021400223,Layup Shot,1,1,Restricted Area
202703,Nikola Mirotic,1610612741,0021400223,Running Layup Shot,1,0,Restricted Area
2200,Pau Gasol,1610612741,0021400223,Jump Shot,1,0,In The Paint (Non-RA)
202703,Nikola Mirotic,1610612741,0021400223,Jump Shot,1,1,Above the Break 3
202710,Jimmy Butler III,1610612741,0021400223,Layup Shot,1,1,Restricted Area
202710,Jimmy Butler III,1610612741,0021400223,Jump Shot,1,0,Right Corner 3
2399,Mike Dunleavy,1610612741,0021400223,Jump Shot,1,0,Mid-Range
201149,Joakim Noah,1610612741,0021400223,Tip Shot,1,0,Restricted Area
2200,Pau Gasol,1610612741,0021400223,Dunk Shot,1,1,Restricted Area
201565,Derrick Rose,1610612741,0021400223,Driving Layup Shot,1,1,Restricted Area
201565,Derrick Rose,1610612741,0021400223,Jump Shot,1,0,Above the Break 3
201565,Derrick Rose,1610612741,0021400223,Jump Shot,1,0,In The Paint (Non-RA)
201565,Derrick Rose,1610612741,0021400223,Jump Shot,1,1,Above the Break 3
201565,Derrick Rose,1610612741,0021400223,Jump Shot,1,0,Above the Break 3
2200,Pau Gasol,1610612741,0021400223,Jump Shot,1,0,In The Paint (Non-RA)
201565,Derrick Rose,1610612741,0021400223,Floating Jump shot,1,1,In The Paint (Non-RA)
202710,Jimmy Butler III,1610612741,0021400223,Layup Shot,1,0,Restricted Area
201565,Derrick Rose,1610612741,0021400223,Putback Layup Shot,1,1,Restricted Area
201565,Derrick Rose,1610612741,0021400223,Driving Layup Shot,1,1,Restricted Area
202710,Jimmy Butler III,1610612741,0021400223,Jump Shot,1,0,Left Corner 3
2200,Pau Gasol,1610612741,0021400223,Layup Shot,1,0,Restricted Area
201149,Joakim Noah,1610612741,0021400223,Running Jump Shot,1,0,Mid-Range
202710,Jimmy Butler III,1610612741,0021400223,Pullup Jump shot,1,1,In The Paint (Non-RA)
201565,Derrick Rose,1610612741,0021400223,Pullup Jump shot,1,1,Above the Break 3
2399,Mike Dunleavy,1610612741,0021400223,Jump Shot,1,0,Above the Break 3
202710,Jimmy Butler III,1610612741,0021400223,Pullup Jump shot,1,1,Mid-Range
2200,Pau Gasol,1610612741,0021400223,Jump Shot,1,0,In The Paint (Non-RA)
2200,Pau Gasol,1610612741,0021400223,Running Hook Shot,1,0,In The Paint (Non-RA)
202710,Jimmy Butler III,1610612741,0021400223,Turnaround Fadeaway shot,1,1,Mid-Range
201149,Joakim Noah,1610612741,0021400223,Jump Shot,1,0,Mid-Range
202710,Jimmy Butler III,1610612741,0021400223,Jump Shot,1,0,In The Paint (Non-RA)
202703,Nikola Mirotic,1610612741,0021400223,Turnaround Jump Shot,1,0,In The Paint (Non-RA)
2550,Kirk Hinrich,1610612741,0021400223,Jump Shot,1,1,Left Corner 3
201166,Aaron Brooks,1610612741,0021400223,Running Jump Shot,1,1,In The Paint (Non-RA)
201166,Aaron Brooks,1610612741,0021400223,Jump Shot,1,0,Right Corner 3
2200,Pau Gasol,1610612741,0021400223,Layup Shot,1,0,Restricted Area
2200,Pau Gasol,1610612741,0021400223,Finger Roll Layup Shot,1,1,Restricted Area
201166,Aaron Brooks,1610612741,0021400223,Running Hook Shot,1,0,In The Paint (Non-RA)
203503,Tony Snell,1610612741,0021400223,Jump Shot,1,0,Mid-Range
201166,Aaron Brooks,1610612741,0021400223,Pullup Jump shot,1,0,Above the Break 3
202703,Nikola Mirotic,1610612741,0021400223,Layup Shot,1,1,Restricted Area
201149,Joakim Noah,1610612741,0021400223,Jump Shot,1,1,Mid-Range
203503,Tony Snell,1610612741,0021400223,Jump Shot,1,0,In The Paint (Non-RA)
201166,Aaron Brooks,1610612741,0021400223,Running Layup Shot,1,1,Restricted Area
201166,Aaron Brooks,1610612741,0021400223,Jump Shot,1,0,In The Paint (Non-RA)
201166,Aaron Brooks,1610612741,0021400223,Pullup Jump shot,1,1,Mid-Range
201166,Aaron Brooks,1610612741,0021400223,Running Jump Shot,1,0,In The Paint (Non-RA)
201149,Joakim Noah,1610612741,0021400223,Dunk Shot,1,0,Restricted Area
201565,Derrick Rose,1610612741,0021400223,Running Jump Shot,1,1,Mid-Range
201565,Derrick Rose,1610612741,0021400223,Running Jump Shot,1,0,In The Paint (Non-RA)
202710,Jimmy Butler III,1610612741,0021400223,Jump Shot,1,0,Mid-Range
202710,Jimmy Butler III,1610612741,0021400223,Jump Shot,1,0,Above the Break 3
201565,Derrick Rose,1610612741,0021400223,Jump Shot,1,0,In The Paint (Non-RA)
201149,Joakim Noah,1610612741,0021400223,Layup Shot,1,0,Restricted Area
202710,Jimmy Butler III,1610612741,0021400223,Jump Shot,1,0,Mid-Range
202710,Jimmy Butler III,1610612741,0021400223,Running Jump Shot,1,1,In The Paint (Non-RA)
201565,Derrick Rose,1610612741,0021400223,Jump Shot,1,0,Above the Break 3
201565,Derrick Rose,1610612741,0021400223,Jump Shot,1,0,Above the Break 3
201149,Joakim Noah,1610612741,0021400223,Jump Shot,1,1,Mid-Range
2399,Mike Dunleavy,1610612741,0021400242,Reverse Layup Shot,1,1,Restricted Area
201565,Derrick Rose,1610612741,0021400242,Jump Shot,1,0,Above the Break 3
2399,Mike Dunleavy,1610612741,0021400242,Driving Layup Shot,1,1,Restricted Area
2200,Pau Gasol,1610612741,0021400242,Jump Shot,1,1,Mid-Range
202710,Jimmy Butler III,1610612741,0021400242,Jump Shot,1,0,Mid-Range
2200,Pau Gasol,1610612741,0021400242,Jump Shot,1,0,Mid-Range
201565,Derrick Rose,1610612741,0021400242,Jump Shot,1,0,Above the Break 3
2399,Mike Dunleavy,1610612741,0021400242,Jump Shot,1,0,Mid-Range
2399,Mike Dunleavy,1610612741,0021400242,Jump Shot,1,0,Mid-Range
201565,Derrick Rose,1610612741,0021400242,Driving Reverse Layup Shot,1,1,Restricted Area
2399,Mike Dunleavy,1610612741,0021400242,Jump Shot,1,0,Above the Break 3
2200,Pau Gasol,1610612741,0021400242,Running Hook Shot,1,1,In The Paint (Non-RA)
202710,Jimmy Butler III,1610612741,0021400242,Jump Shot,1,1,Above the Break 3
2550,Kirk Hinrich,1610612741,0021400242,Jump Shot,1,0,Mid-Range
2550,Kirk Hinrich,1610612741,0021400242,Jump Shot,1,1,Above the Break 3
201166,Aaron Brooks,1610612741,0021400242,Driving Layup Shot,1,1,Restricted Area
202710,Jimmy Butler III,1610612741,0021400242,Dunk Shot,1,1,Restricted Area
201166,Aaron Brooks,1610612741,0021400242,Driving Layup Shot,1,0,Restricted Area
201166,Aaron Brooks,1610612741,0021400242,Floating Jump shot,1,0,In The Paint (Non-RA)
202703,Nikola Mirotic,1610612741,0021400242,Layup Shot,1,1,Restricted Area
201149,Joakim Noah,1610612741,0021400242,Jump Shot,1,0,In The Paint (Non-RA)
201149,Joakim Noah,1610612741,0021400242,Jump Shot,1,1,Mid-Range
2550,Kirk Hinrich,1610612741,0021400242,Driving Layup Shot,1,1,Restricted Area
201166,Aaron Brooks,1610612741,0021400242,Jump Shot,1,0,Above the Break 3
202710,Jimmy Butler III,1610612741,0021400242,Alley Oop Layup shot,1,1,Restricted Area
201166,Aaron Brooks,1610612741,0021400242,Jump Shot,1,0,Above the Break 3
202710,Jimmy Butler III,1610612741,0021400242,Step Back Jump shot,1,0,Mid-Range
2200,Pau Gasol,1610612741,0021400242,Driving Bank Hook Shot,1,1,In The Paint (Non-RA)
201565,Derrick Rose,1610612741,0021400242,Driving Layup Shot,1,1,Restricted Area
2200,Pau Gasol,1610612741,0021400242,Hook Shot,1,1,In The Paint (Non-RA)
201565,Derrick Rose,1610612741,0021400242,Jump Shot,1,0,Mid-Range
201565,Derrick Rose,1610612741,0021400242,Jump Shot,1,0,Above the Break 3
201149,Joakim Noah,1610612741,0021400242,Jump Shot,1,0,Backcourt
2200,Pau Gasol,1610612741,0021400242,Jump Shot,1,0,Mid-Range
202710,Jimmy Butler III,1610612741,0021400242,Jump Shot,1,0,Above the Break 3
2200,Pau Gasol,1610612741,0021400242,Hook Shot,1,1,In The Paint (Non-RA)
2200,Pau Gasol,1610612741,0021400242,Jump Shot,1,1,Mid-Range
2399,Mike Dunleavy,1610612741,0021400242,Jump Shot,1,0,Above the Break 3
202710,Jimmy Butler III,1610612741,0021400242,Driving Layup Shot,1,1,Restricted Area
2200,Pau Gasol,1610612741,0021400242,Turnaround Jump Shot,1,1,In The Paint (Non-RA)
2200,Pau Gasol,1610612741,0021400242,Hook Shot,1,0,In The Paint (Non-RA)
202710,Jimmy Butler III,1610612741,0021400242,Layup Shot,1,0,Restricted Area
202710,Jimmy Butler III,1610612741,0021400242,Slam Dunk Shot,1,1,Restricted Area
202710,Jimmy Butler III,1610612741,0021400242,Turnaround Jump Shot,1,1,Mid-Range
201565,Derrick Rose,1610612741,0021400242,Jump Shot,1,1,Above the Break 3
201565,Derrick Rose,1610612741,0021400242,Driving Layup Shot,1,0,Restricted Area
202710,Jimmy Butler III,1610612741,0021400242,Jump Shot,1,0,Right Corner 3
2200,Pau Gasol,1610612741,0021400242,Putback Layup Shot,1,1,Restricted Area
201565,Derrick Rose,1610612741,0021400242,Jump Shot,1,1,In The Paint (Non-RA)
201565,Derrick Rose,1610612741,0021400242,Jump Shot,1,0,Above the Break 3
2399,Mike Dunleavy,1610612741,0021400242,Jump Shot,1,0,Above the Break 3
201166,Aaron Brooks,1610612741,0021400242,Hook Shot,1,0,In The Paint (Non-RA)
2550,Kirk Hinrich,1610612741,0021400242,Jump Shot,1,0,Above the Break 3
202703,Nikola Mirotic,1610612741,0021400242,Jump Shot,1,0,Above the Break 3
201166,Aaron Brooks,1610612741,0021400242,Jump Shot,1,0,Above the Break 3
201166,Aaron Brooks,1610612741,0021400242,Jump Shot,1,1,Above the Break 3
201166,Aaron Brooks,1610612741,0021400242,Driving Layup Shot,1,1,Restricted Area
202703,Nikola Mirotic,1610612741,0021400242,Jump Shot,1,1,Right Corner 3
201166,Aaron Brooks,1610612741,0021400242,Jump Shot,1,1,Above the Break 3
202710,Jimmy Butler III,1610612741,0021400242,Jump Shot,1,1,In The Paint (Non-RA)
2200,Pau Gasol,1610612741,0021400242,Jump Shot,1,1,Mid-Range
201565,Derrick Rose,1610612741,0021400242,Jump Shot,1,0,Above the Break 3
202703,Nikola Mirotic,1610612741,0021400242,Layup Shot,1,1,Restricted Area
201565,Derrick Rose,1610612741,0021400242,Jump Shot,1,1,Above the Break 3
201166,Aaron Brooks,1610612741,0021400242,Jump Shot,1,0,Mid-Range
1737,Nazr Mohammed,1610612741,0021400242,Layup Shot,1,1,Restricted Area
202703,Nikola Mirotic,1610612741,0021400242,Jump Shot,1,0,Above the Break 3
1737,Nazr Mohammed,1610612741,0021400242,Hook Shot,1,0,In The Paint (Non-RA)
203926,Doug McDermott,1610612741,0021400242,Hook Shot,1,0,In The Paint (Non-RA)
201565,Derrick Rose,1610612741,0021400257,Jump Shot,1,0,Above the Break 3
201565,Derrick Rose,1610612741,0021400257,Floating Jump shot,1,0,Mid-Range
202710,Jimmy Butler III,1610612741,0021400257,Driving Layup Shot,1,1,Restricted Area
2399,Mike Dunleavy,1610612741,0021400257,Jump Shot,1,1,Above the Break 3
201149,Joakim Noah,1610612741,0021400257,Jump Shot,1,0,Restricted Area
202710,Jimmy Butler III,1610612741,0021400257,Pullup Jump shot,1,0,Mid-Range
2399,Mike Dunleavy,1610612741,0021400257,Jump Shot,1,0,Above the Break 3
201565,Derrick Rose,1610612741,0021400257,Jump Shot,1,0,In The Paint (Non-RA)
2200,Pau Gasol,1610612741,0021400257,Jump Shot,1,0,Mid-Range
2200,Pau Gasol,1610612741,0021400257,Layup Shot,1,1,Restricted Area
201149,Joakim Noah,1610612741,0021400257,Jump Shot,1,1,Mid-Range
202710,Jimmy Butler III,1610612741,0021400257,Jump Shot,1,0,Above the Break 3
202710,Jimmy Butler III,1610612741,0021400257,Jump Shot,1,1,Restricted Area
2399,Mike Dunleavy,1610612741,0021400257,Driving Layup Shot,1,0,Restricted Area
2399,Mike Dunleavy,1610612741,0021400257,Layup Shot,1,0,Restricted Area
201565,Derrick Rose,1610612741,0021400257,Layup Shot,1,1,Restricted Area
2200,Pau Gasol,1610612741,0021400257,Hook Shot,1,0,In The Paint (Non-RA)
2399,Mike Dunleavy,1610612741,0021400257,Jump Shot,1,1,Above the Break 3
202703,Nikola Mirotic,1610612741,0021400257,Layup Shot,1,1,Restricted Area
2200,Pau Gasol,1610612741,0021400257,Jump Shot,1,0,In The Paint (Non-RA)
2200,Pau Gasol,1610612741,0021400257,Hook Shot,1,1,In The Paint (Non-RA)
2200,Pau Gasol,1610612741,0021400257,Fadeaway Jump Shot,1,1,Mid-Range
201166,Aaron Brooks,1610612741,0021400257,Driving Layup Shot,1,0,Restricted Area
2200,Pau Gasol,1610612741,0021400257,Jump Shot,1,0,Mid-Range
202703,Nikola Mirotic,1610612741,0021400257,Jump Shot,1,0,Above the Break 3
202710,Jimmy Butler III,1610612741,0021400257,Driving Layup Shot,1,1,Restricted Area
202703,Nikola Mirotic,1610612741,0021400257,Layup Shot,1,0,Restricted Area
202710,Jimmy Butler III,1610612741,0021400257,Turnaround Jump Shot,1,0,Mid-Range
201565,Derrick Rose,1610612741,0021400257,Layup Shot,1,0,Restricted Area
2200,Pau Gasol,1610612741,0021400257,Putback Dunk Shot,1,0,Restricted Area
201565,Derrick Rose,1610612741,0021400257,Layup Shot,1,1,Restricted Area
202710,Jimmy Butler III,1610612741,0021400257,Jump Shot,1,0,Above the Break 3
202710,Jimmy Butler III,1610612741,0021400257,Layup Shot,1,0,Restricted Area
2200,Pau Gasol,1610612741,0021400257,Hook Shot,1,0,In The Paint (Non-RA)
2399,Mike Dunleavy,1610612741,0021400257,Jump Shot,1,0,Above the Break 3
201565,Derrick Rose,1610612741,0021400257,Jump Shot,1,0,Above the Break 3
202710,Jimmy Butler III,1610612741,0021400257,Jump Shot,1,1,Mid-Range
201565,Derrick Rose,1610612741,0021400257,Jump Shot,1,0,In The Paint (Non-RA)
2200,Pau Gasol,1610612741,0021400257,Reverse Layup Shot,1,1,Restricted Area
202710,Jimmy Butler III,1610612741,0021400257,Jump Shot,1,1,In The Paint (Non-RA)
202710,Jimmy Butler III,1610612741,0021400257,Jump Shot,1,0,In The Paint (Non-RA)
2200,Pau Gasol,1610612741,0021400257,Layup Shot,1,0,Restricted Area
201565,Derrick Rose,1610612741,0021400257,Jump Shot,1,0,Above the Break 3
2399,Mike Dunleavy,1610612741,0021400257,Jump Shot,1,1,Mid-Range
2200,Pau Gasol,1610612741,0021400257,Turnaround Jump Shot,1,1,Mid-Range
202710,Jimmy Butler III,1610612741,0021400257,Layup Shot,1,0,Restricted Area
202710,Jimmy Butler III,1610612741,0021400257,Layup Shot,1,1,Restricted Area
201565,Derrick Rose,1610612741,0021400257,Jump Shot,1,1,Above the Break 3
2399,Mike Dunleavy,1610612741,0021400257,Jump Shot,1,0,Above the Break 3
2399,Mike Dunleavy,1610612741,0021400257,Jump Shot,1,0,Above the Break 3
201565,Derrick Rose,1610612741,0021400257,Jump Shot,1,1,Above the Break 3
2399,Mike Dunleavy,1610612741,0021400257,Reverse Layup Shot,1,1,Restricted Area
202710,Jimmy Butler III,1610612741,0021400257,Reverse Layup Shot,1,1,Restricted Area
2399,Mike Dunleavy,1610612741,0021400257,Floating Jump shot,1,1,Mid-Range
201565,Derrick Rose,1610612741,0021400257,Jump Shot,1,0,Above the Break 3
2200,Pau Gasol,1610612741,0021400257,Jump Shot,1,0,Mid-Range
202710,Jimmy Butler III,1610612741,0021400257,Jump Shot,1,0,Above the Break 3
2200,Pau Gasol,1610612741,0021400257,Jump Shot,1,1,In The Paint (Non-RA)
2550,Kirk Hinrich,1610612741,0021400257,Jump Shot,1,0,Restricted Area
202710,Jimmy Butler III,1610612741,0021400257,Jump Shot,1,0,Mid-Range
2399,Mike Dunleavy,1610612741,0021400257,Jump Shot,1,1,Mid-Range
2399,Mike Dunleavy,1610612741,0021400257,Pullup Jump shot,1,1,Mid-Range
202710,Jimmy Butler III,1610612741,0021400257,Turnaround Jump Shot,1,0,Mid-Range
2550,Kirk Hinrich,1610612741,0021400257,Jump Shot,1,0,Mid-Range
202703,Nikola Mirotic,1610612741,0021400257,Jump Shot,1,0,Left Corner 3
202703,Nikola Mirotic,1610612741,0021400257,Finger Roll Layup Shot,1,1,Restricted Area
202703,Nikola Mirotic,1610612741,0021400257,Layup Shot,1,0,Restricted Area
201149,Joakim Noah,1610612741,0021400257,Putback Layup Shot,1,1,Restricted Area
202703,Nikola Mirotic,1610612741,0021400257,Layup Shot,1,1,Restricted Area
2550,Kirk Hinrich,1610612741,0021400257,Jump Shot,1,1,Right Corner 3
2399,Mike Dunleavy,1610612741,0021400257,Jump Shot,1,0,Above the Break 3
201166,Aaron Brooks,1610612741,0021400257,Fadeaway Jump Shot,1,1,Mid-Range
2550,Kirk Hinrich,1610612741,0021400257,Jump Shot,1,1,Right Corner 3
202703,Nikola Mirotic,1610612741,0021400257,Layup Shot,1,1,Restricted Area
2399,Mike Dunleavy,1610612741,0021400257,Floating Jump shot,1,1,In The Paint (Non-RA)
201166,Aaron Brooks,1610612741,0021400257,Layup Shot,1,1,Restricted Area
202710,Jimmy Butler III,1610612741,0021400257,Layup Shot,1,0,Restricted Area
202710,Jimmy Butler III,1610612741,0021400257,Tip Shot,1,0,Restricted Area
201565,Derrick Rose,1610612741,0021400257,Jump Shot,1,0,Mid-Range
2200,Pau Gasol,1610612741,0021400257,Jump Shot,1,1,In The Paint (Non-RA)
2200,Pau Gasol,1610612741,0021400257,Jump Shot,1,1,Mid-Range
201565,Derrick Rose,1610612741,0021400257,Jump Shot,1,1,Above the Break 3
2200,Pau Gasol,1610612741,0021400257,Jump Shot,1,0,Right Corner 3
201149,Joakim Noah,1610612741,0021400257,Layup Shot,1,0,Restricted Area
201565,Derrick Rose,1610612741,0021400257,Jump Shot,1,0,Above the Break 3
202710,Jimmy Butler III,1610612741,0021400257,Jump Shot,1,1,Mid-Range
201565,Derrick Rose,1610612741,0021400257,Jump Shot,1,0,In The Paint (Non-RA)
202710,Jimmy Butler III,1610612741,0021400257,Putback Layup Shot,1,1,Restricted Area
2200,Pau Gasol,1610612741,0021400257,Hook Shot,1,0,Restricted Area
2200,Pau Gasol,1610612741,0021400257,Jump Shot,1,0,Mid-Range
201565,Derrick Rose,1610612741,0021400257,Jump Shot,1,0,Above the Break 3
201149,Joakim Noah,1610612741,0021400257,Jump Shot,1,0,Restricted Area
2200,Pau Gasol,1610612741,0021400257,Jump Shot,1,1,Mid-Range
201149,Joakim Noah,1610612741,0021400257,Slam Dunk Shot,1,1,Restricted Area
2200,Pau Gasol,1610612741,0021400257,Layup Shot,1,0,Restricted Area
201565,Derrick Rose,1610612741,0021400257,Jump Shot,1,1,Above the Break 3
2200,Pau Gasol,1610612741,0021400257,Jump Shot,1,0,Mid-Range
2200,Pau Gasol,1610612741,0021400257,Jump Shot,1,1,Mid-Range
2200,Pau Gasol,1610612741,0021400257,Hook Shot,1,1,In The Paint (Non-RA)
2200,Pau Gasol,1610612741,0021400257,Jump Shot,1,1,Mid-Range
201149,Joakim Noah,1610612741,0021400257,Slam Dunk Shot,1,1,Restricted Area
201565,Derrick Rose,1610612741,0021400257,Jump Shot,1,0,In The Paint (Non-RA)
201565,Derrick Rose,1610612741,0021400257,Jump Shot,1,0,Above the Break 3
2399,Mike Dunleavy,1610612741,0021400263,Jump Shot,1,1,Above the Break 3
2200,Pau Gasol,1610612741,0021400263,Layup Shot,1,1,Restricted Area
201149,Joakim Noah,1610612741,0021400263,Jump Shot,1,1,Mid-Range
201565,Derrick Rose,1610612741,0021400263,Jump Shot,1,0,Above the Break 3
2200,Pau Gasol,1610612741,0021400263,Layup Shot,1,1,Restricted Area
2200,Pau Gasol,1610612741,0021400263,Jump Shot,1,0,Mid-Range
201565,Derrick Rose,1610612741,0021400263,Layup Shot,1,0,Restricted Area
2200,Pau Gasol,1610612741,0021400263,Layup Shot,1,1,Restricted Area
201149,Joakim Noah,1610612741,0021400263,Layup Shot,1,0,Restricted Area
2200,Pau Gasol,1610612741,0021400263,Jump Shot,1,0,Mid-Range
2399,Mike Dunleavy,1610612741,0021400263,Jump Shot,1,1,Above the Break 3
2399,Mike Dunleavy,1610612741,0021400263,Jump Shot,1,1,Above the Break 3
201565,Derrick Rose,1610612741,0021400263,Jump Shot,1,1,Above the Break 3
2200,Pau Gasol,1610612741,0021400263,Turnaround Fadeaway shot,1,0,Mid-Range
2550,Kirk Hinrich,1610612741,0021400263,Jump Shot,1,0,Mid-Range
2200,Pau Gasol,1610612741,0021400263,Layup Shot,1,0,Restricted Area
2550,Kirk Hinrich,1610612741,0021400263,Jump Shot,1,1,Above the Break 3
2399,Mike Dunleavy,1610612741,0021400263,Jump Shot,1,0,Left Corner 3
2550,Kirk Hinrich,1610612741,0021400263,Layup Shot,1,0,Restricted Area
201166,Aaron Brooks,1610612741,0021400263,Driving Hook Shot,1,1,In The Paint (Non-RA)
202703,Nikola Mirotic,1610612741,0021400263,Jump Shot,1,0,Above the Break 3
201149,Joakim Noah,1610612741,0021400263,Alley Oop Layup shot,1,1,Restricted Area
202703,Nikola Mirotic,1610612741,0021400263,Jump Shot,1,0,Mid-Range
201166,Aaron Brooks,1610612741,0021400263,Layup Shot,1,0,Restricted Area
201166,Aaron Brooks,1610612741,0021400263,Running Hook Shot,1,1,In The Paint (Non-RA)
201149,Joakim Noah,1610612741,0021400263,Layup Shot,1,1,Restricted Area
201166,Aaron Brooks,1610612741,0021400263,Jump Shot,1,0,Above the Break 3
201149,Joakim Noah,1610612741,0021400263,Jump Shot,1,0,Mid-Range
201149,Joakim Noah,1610612741,0021400263,Jump Shot,1,1,Mid-Range
202703,Nikola Mirotic,1610612741,0021400263,Jump Shot,1,1,Mid-Range
202710,Jimmy Butler III,1610612741,0021400263,Jump Shot,1,0,Mid-Range
202710,Jimmy Butler III,1610612741,0021400263,Alley Oop Layup shot,1,0,Restricted Area
202703,Nikola Mirotic,1610612741,0021400263,Jump Shot,1,0,Mid-Range
202710,Jimmy Butler III,1610612741,0021400263,Jump Shot,1,0,Right Corner 3
202703,Nikola Mirotic,1610612741,0021400263,Jump Shot,1,0,Right Corner 3
2200,Pau Gasol,1610612741,0021400263,Turnaround Jump Shot,1,1,In The Paint (Non-RA)
2200,Pau Gasol,1610612741,0021400263,Jump Shot,1,1,Mid-Range
2200,Pau Gasol,1610612741,0021400263,Turnaround Jump Shot,1,0,In The Paint (Non-RA)
201565,Derrick Rose,1610612741,0021400263,Jump Shot,1,0,Above the Break 3
201565,Derrick Rose,1610612741,0021400263,Jump Shot,1,1,Above the Break 3
202710,Jimmy Butler III,1610612741,0021400263,Jump Shot,1,1,Above the Break 3
2200,Pau Gasol,1610612741,0021400263,Jump Shot,1,0,Restricted Area
201565,Derrick Rose,1610612741,0021400263,Driving Layup Shot,1,1,Restricted Area
201565,Derrick Rose,1610612741,0021400263,Jump Shot,1,0,Above the Break 3
201565,Derrick Rose,1610612741,0021400263,Driving Jump shot,1,1,In The Paint (Non-RA)
201565,Derrick Rose,1610612741,0021400263,Jump Shot,1,0,Above the Break 3
2200,Pau Gasol,1610612741,0021400263,Jump Shot,1,0,Mid-Range
202710,Jimmy Butler III,1610612741,0021400263,Driving Layup Shot,1,0,Restricted Area
2200,Pau Gasol,1610612741,0021400263,Running Hook Shot,1,0,In The Paint (Non-RA)
2399,Mike Dunleavy,1610612741,0021400263,Jump Shot,1,0,Left Corner 3
2200,Pau Gasol,1610612741,0021400263,Jump Shot,1,0,Mid-Range
201565,Derrick Rose,1610612741,0021400263,Floating Jump shot,1,1,In The Paint (Non-RA)
201149,Joakim Noah,1610612741,0021400263,Jump Shot,1,1,Mid-Range
2200,Pau Gasol,1610612741,0021400263,Turnaround Jump Shot,1,0,In The Paint (Non-RA)
2550,Kirk Hinrich,1610612741,0021400263,Running Hook Shot,1,1,In The Paint (Non-RA)
2550,Kirk Hinrich,1610612741,0021400263,Jump Shot,1,0,Left Corner 3
202710,Jimmy Butler III,1610612741,0021400263,Putback Layup Shot,1,1,Restricted Area
202710,Jimmy Butler III,1610612741,0021400263,Driving Dunk Shot,1,1,Restricted Area
2200,Pau Gasol,1610612741,0021400263,Hook Shot,1,0,Restricted Area
2550,Kirk Hinrich,1610612741,0021400263,Jump Shot,1,0,Above the Break 3
2200,Pau Gasol,1610612741,0021400263,Layup Shot,1,1,Restricted Area
202710,Jimmy Butler III,1610612741,0021400263,Jump Shot,1,0,Above the Break 3
201166,Aaron Brooks,1610612741,0021400263,Floating Jump shot,1,0,Mid-Range
201149,Joakim Noah,1610612741,0021400263,Layup Shot,1,1,Restricted Area
202703,Nikola Mirotic,1610612741,0021400263,Jump Shot,1,1,Above the Break 3
202710,Jimmy Butler III,1610612741,0021400263,Step Back Jump shot,1,1,Mid-Range
202703,Nikola Mirotic,1610612741,0021400263,Layup Shot,1,1,Restricted Area
201149,Joakim Noah,1610612741,0021400263,Jump Shot,1,0,Mid-Range
2550,Kirk Hinrich,1610612741,0021400263,Jump Shot,1,0,Right Corner 3
201166,Aaron Brooks,1610612741,0021400263,Jump Shot,1,1,Above the Break 3
201166,Aaron Brooks,1610612741,0021400263,Jump Shot,1,0,Mid-Range
202710,Jimmy Butler III,1610612741,0021400263,Layup Shot,1,1,Restricted Area
201565,Derrick Rose,1610612741,0021400263,Jump Shot,1,0,Above the Break 3
202703,Nikola Mirotic,1610612741,0021400263,Jump Shot,1,1,Right Corner 3
2200,Pau Gasol,1610612741,0021400263,Jump Shot,1,1,Mid-Range
2550,Kirk Hinrich,1610612741,0021400263,Jump Shot,1,1,Left Corner 3
201565,Derrick Rose,1610612741,0021400263,Driving Layup Shot,1,0,Restricted Area
2550,Kirk Hinrich,1610612741,0021400263,Jump Shot,1,1,Right Corner 3
2200,Pau Gasol,1610612741,0021400263,Layup Shot,1,0,Restricted Area
202710,Jimmy Butler III,1610612741,0021400263,Jump Shot,1,0,Above the Break 3
2200,Pau Gasol,1610612741,0021400289,Jump Shot,1,0,Mid-Range
201565,Derrick Rose,1610612741,0021400289,Jump Shot,1,0,Above the Break 3
2399,Mike Dunleavy,1610612741,0021400289,Jump Shot,1,0,Mid-Range
2399,Mike Dunleavy,1610612741,0021400289,Jump Shot,1,0,Mid-Range
2200,Pau Gasol,1610612741,0021400289,Dunk Shot,1,1,Restricted Area
2200,Pau Gasol,1610612741,0021400289,Jump Shot,1,0,Mid-Range
2200,Pau Gasol,1610612741,0021400289,Jump Shot,1,0,Mid-Range
2399,Mike Dunleavy,1610612741,0021400289,Pullup Jump shot,1,1,Mid-Range
202710,Jimmy Butler III,1610612741,0021400289,Jump Shot,1,1,Mid-Range
201565,Derrick Rose,1610612741,0021400289,Driving Layup Shot,1,0,Restricted Area
201565,Derrick Rose,1610612741,0021400289,Pullup Jump shot,1,1,Mid-Range
201565,Derrick Rose,1610612741,0021400289,Jump Shot,1,1,Above the Break 3
2399,Mike Dunleavy,1610612741,0021400289,Jump Shot,1,0,Above the Break 3
201959,Taj Gibson,1610612741,0021400289,Layup Shot,1,0,Restricted Area
2200,Pau Gasol,1610612741,0021400289,Layup Shot,1,1,Restricted Area
2200,Pau Gasol,1610612741,0021400289,Jump Bank Shot,1,1,In The Paint (Non-RA)
201959,Taj Gibson,1610612741,0021400289,Layup Shot,1,0,Restricted Area
2200,Pau Gasol,1610612741,0021400289,Jump Shot,1,1,Mid-Range
2550,Kirk Hinrich,1610612741,0021400289,Jump Shot,1,0,Mid-Range
2200,Pau Gasol,1610612741,0021400289,Tip Shot,1,0,Restricted Area
202710,Jimmy Butler III,1610612741,0021400289,Jump Shot,1,1,In The Paint (Non-RA)
201959,Taj Gibson,1610612741,0021400289,Layup Shot,1,1,Restricted Area
201166,Aaron Brooks,1610612741,0021400289,Running Jump Shot,1,1,Above the Break 3
201166,Aaron Brooks,1610612741,0021400289,Layup Shot,1,0,Restricted Area
202710,Jimmy Butler III,1610612741,0021400289,Jump Shot,1,0,Mid-Range
201959,Taj Gibson,1610612741,0021400289,Tip Shot,1,1,Restricted Area
201959,Taj Gibson,1610612741,0021400289,Layup Shot,1,1,Restricted Area
201166,Aaron Brooks,1610612741,0021400289,Floating Jump shot,1,0,In The Paint (Non-RA)
201166,Aaron Brooks,1610612741,0021400289,Jump Shot,1,0,Above the Break 3
201166,Aaron Brooks,1610612741,0021400289,Jump Shot,1,0,Mid-Range
201565,Derrick Rose,1610612741,0021400289,Driving Layup Shot,1,0,Restricted Area
202710,Jimmy Butler III,1610612741,0021400289,Jump Shot,1,0,Mid-Range
201149,Joakim Noah,1610612741,0021400289,Dunk Shot,1,1,Restricted Area
202710,Jimmy Butler III,1610612741,0021400289,Jump Shot,1,1,Above the Break 3
201149,Joakim Noah,1610612741,0021400289,Jump Shot,1,0,Mid-Range
201565,Derrick Rose,1610612741,0021400289,Jump Shot,1,0,Above the Break 3
202710,Jimmy Butler III,1610612741,0021400289,Driving Layup Shot,1,1,Restricted Area
2200,Pau Gasol,1610612741,0021400289,Jump Shot,1,0,Mid-Range
201149,Joakim Noah,1610612741,0021400289,Layup Shot,1,1,Restricted Area
202710,Jimmy Butler III,1610612741,0021400289,Jump Shot,1,0,Above the Break 3
2200,Pau Gasol,1610612741,0021400289,Running Layup Shot,1,0,Restricted Area
202710,Jimmy Butler III,1610612741,0021400289,Tip Shot,1,0,Restricted Area
202710,Jimmy Butler III,1610612741,0021400289,Jump Shot,1,1,Mid-Range
2399,Mike Dunleavy,1610612741,0021400289,Running Layup Shot,1,0,Restricted Area
201149,Joakim Noah,1610612741,0021400289,Tip Shot,1,1,Restricted Area
201149,Joakim Noah,1610612741,0021400289,Layup Shot,1,1,Restricted Area
2200,Pau Gasol,1610612741,0021400289,Jump Shot,1,1,Mid-Range
201565,Derrick Rose,1610612741,0021400289,Running Jump Shot,1,0,Above the Break 3
2399,Mike Dunleavy,1610612741,0021400289,Jump Shot,1,1,Left Corner 3
202710,Jimmy Butler III,1610612741,0021400289,Running Layup Shot,1,1,Restricted Area
202710,Jimmy Butler III,1610612741,0021400289,Jump Shot,1,1,Right Corner 3
2200,Pau Gasol,1610612741,0021400289,Alley Oop Layup shot,1,1,Restricted Area
201149,Joakim Noah,1610612741,0021400289,Jump Shot,1,1,Mid-Range
202710,Jimmy Butler III,1610612741,0021400289,Jump Shot,1,0,Mid-Range
2200,Pau Gasol,1610612741,0021400289,Jump Shot,1,1,In The Paint (Non-RA)
2200,Pau Gasol,1610612741,0021400289,Jump Shot,1,1,Mid-Range
201565,Derrick Rose,1610612741,0021400289,Jump Shot,1,0,Above the Break 3
2550,Kirk Hinrich,1610612741,0021400289,Jump Shot,1,0,Above the Break 3
2200,Pau Gasol,1610612741,0021400289,Driving Hook Shot,1,1,Restricted Area
2550,Kirk Hinrich,1610612741,0021400289,Jump Shot,1,0,Mid-Range
201166,Aaron Brooks,1610612741,0021400289,Floating Jump shot,1,0,In The Paint (Non-RA)
201959,Taj Gibson,1610612741,0021400289,Tip Shot,1,0,Restricted Area
2550,Kirk Hinrich,1610612741,0021400289,Jump Shot,1,1,Above the Break 3
201166,Aaron Brooks,1610612741,0021400289,Running Layup Shot,1,0,Restricted Area
201959,Taj Gibson,1610612741,0021400289,Putback Layup Shot,1,0,Restricted Area
2550,Kirk Hinrich,1610612741,0021400289,Jump Shot,1,0,Above the Break 3
201565,Derrick Rose,1610612741,0021400289,Jump Shot,1,0,Above the Break 3
2200,Pau Gasol,1610612741,0021400289,Layup Shot,1,0,Restricted Area
201565,Derrick Rose,1610612741,0021400289,Jump Shot,1,0,Above the Break 3
202710,Jimmy Butler III,1610612741,0021400289,Jump Shot,1,0,Mid-Range
202710,Jimmy Butler III,1610612741,0021400289,Jump Shot,1,1,Left Corner 3
2200,Pau Gasol,1610612741,0021400289,Jump Shot,1,0,Mid-Range
2550,Kirk Hinrich,1610612741,0021400289,Jump Shot,1,1,In The Paint (Non-RA)
2550,Kirk Hinrich,1610612741,0021400289,Jump Shot,1,0,Left Corner 3
201149,Joakim Noah,1610612741,0021400289,Tip Shot,1,1,Restricted Area
2200,Pau Gasol,1610612741,0021400289,Layup Shot,1,0,Restricted Area
201565,Derrick Rose,1610612741,0021400289,Driving Layup Shot,1,0,Restricted Area
201149,Joakim Noah,1610612741,0021400289,Driving Layup Shot,1,1,Restricted Area
2200,Pau Gasol,1610612741,0021400289,Tip Shot,1,1,Restricted Area
202710,Jimmy Butler III,1610612741,0021400289,Running Jump Shot,1,0,Mid-Range
202710,Jimmy Butler III,1610612741,0021400289,Jump Shot,1,0,Above the Break 3
202710,Jimmy Butler III,1610612741,0021400289,Jump Shot,1,0,Above the Break 3
2550,Kirk Hinrich,1610612741,0021400289,Running Layup Shot,1,1,Restricted Area
201565,Derrick Rose,1610612741,0021400320,Jump Shot,1,0,Above the Break 3
2200,Pau Gasol,1610612741,0021400320,Jump Shot,1,0,Mid-Range
201959,Taj Gibson,1610612741,0021400320,Layup Shot,1,0,Restricted Area
2399,Mike Dunleavy,1610612741,0021400320,Jump Shot,1,1,Above the Break 3
201959,Taj Gibson,1610612741,0021400320,Layup Shot,1,1,Restricted Area
2399,Mike Dunleavy,1610612741,0021400320,Jump Shot,1,0,Mid-Range
201565,Derrick Rose,1610612741,0021400320,Driving Layup Shot,1,1,Restricted Area
2550,Kirk Hinrich,1610612741,0021400320,Jump Shot,1,0,Left Corner 3
202710,Jimmy Butler III,1610612741,0021400320,Jump Shot,1,0,Mid-Range
2200,Pau Gasol,1610612741,0021400320,Layup Shot,1,0,Restricted Area
202703,Nikola Mirotic,1610612741,0021400320,Putback Layup Shot,1,1,Restricted Area
202710,Jimmy Butler III,1610612741,0021400320,Jump Shot,1,1,Mid-Range
202703,Nikola Mirotic,1610612741,0021400320,Jump Shot,1,0,Above the Break 3
202710,Jimmy Butler III,1610612741,0021400320,Jump Shot,1,0,In The Paint (Non-RA)
2200,Pau Gasol,1610612741,0021400320,Hook Shot,1,1,Restricted Area
2200,Pau Gasol,1610612741,0021400320,Jump Shot,1,0,Mid-Range
201166,Aaron Brooks,1610612741,0021400320,Jump Shot,1,1,Mid-Range
2550,Kirk Hinrich,1610612741,0021400320,Jump Shot,1,0,Left Corner 3
202703,Nikola Mirotic,1610612741,0021400320,Driving Layup Shot,1,0,Restricted Area
202710,Jimmy Butler III,1610612741,0021400320,Running Tip Shot,1,1,Restricted Area
201959,Taj Gibson,1610612741,0021400320,Layup Shot,1,1,Restricted Area
2550,Kirk Hinrich,1610612741,0021400320,Jump Shot,1,0,Above the Break 3
2399,Mike Dunleavy,1610612741,0021400320,Jump Shot,1,1,Left Corner 3
2399,Mike Dunleavy,1610612741,0021400320,Jump Shot,1,1,Above the Break 3
201166,Aaron Brooks,1610612741,0021400320,Jump Shot,1,0,Above the Break 3
202703,Nikola Mirotic,1610612741,0021400320,Driving Layup Shot,1,0,Restricted Area
201166,Aaron Brooks,1610612741,0021400320,Driving Reverse Layup Shot,1,0,Restricted Area
2550,Kirk Hinrich,1610612741,0021400320,Jump Shot,1,1,Mid-Range
2399,Mike Dunleavy,1610612741,0021400320,Jump Shot,1,0,Mid-Range
203946,Cameron Bairstow,1610612741,0021400320,Putback Layup Shot,1,0,Restricted Area
2200,Pau Gasol,1610612741,0021400320,Tip Shot,1,1,Restricted Area
201565,Derrick Rose,1610612741,0021400320,Running Jump Shot,1,1,Restricted Area
201565,Derrick Rose,1610612741,0021400320,Driving Layup Shot,1,1,Restricted Area
201565,Derrick Rose,1610612741,0021400320,Jump Shot,1,1,In The Paint (Non-RA)
201565,Derrick Rose,1610612741,0021400320,Jump Shot,1,0,Mid-Range
2550,Kirk Hinrich,1610612741,0021400320,Jump Shot,1,1,Mid-Range
2399,Mike Dunleavy,1610612741,0021400320,Jump Shot,1,0,Above the Break 3
2200,Pau Gasol,1610612741,0021400320,Putback Layup Shot,1,1,Restricted Area
201565,Derrick Rose,1610612741,0021400320,Jump Shot,1,0,Above the Break 3
202710,Jimmy Butler III,1610612741,0021400320,Reverse Layup Shot,1,1,Restricted Area
203946,Cameron Bairstow,1610612741,0021400320,Layup Shot,1,0,Restricted Area
201565,Derrick Rose,1610612741,0021400320,Layup Shot,1,0,Restricted Area
201565,Derrick Rose,1610612741,0021400320,Jump Shot,1,1,In The Paint (Non-RA)
203946,Cameron Bairstow,1610612741,0021400320,Jump Shot,1,0,Mid-Range
202710,Jimmy Butler III,1610612741,0021400320,Jump Shot,1,0,Above the Break 3
201959,Taj Gibson,1610612741,0021400320,Jump Shot,1,1,In The Paint (Non-RA)
201565,Derrick Rose,1610612741,0021400320,Jump Shot,1,0,Above the Break 3
2200,Pau Gasol,1610612741,0021400320,Layup Shot,1,0,Restricted Area
2399,Mike Dunleavy,1610612741,0021400320,Jump Shot,1,1,Above the Break 3
2399,Mike Dunleavy,1610612741,0021400320,Driving Layup Shot,1,1,Restricted Area
201959,Taj Gibson,1610612741,0021400320,Layup Shot,1,0,Restricted Area
201565,Derrick Rose,1610612741,0021400320,Jump Shot,1,0,Mid-Range
201959,Taj Gibson,1610612741,0021400320,Jump Shot,1,0,Mid-Range
201565,Derrick Rose,1610612741,0021400320,Jump Shot,1,1,Above the Break 3
201959,Taj Gibson,1610612741,0021400320,Dunk Shot,1,1,Restricted Area
2399,Mike Dunleavy,1610612741,0021400320,Jump Shot,1,0,Left Corner 3
2200,Pau Gasol,1610612741,0021400320,Layup Shot,1,1,Restricted Area
2200,Pau Gasol,1610612741,0021400320,Jump Shot,1,1,Mid-Range
2550,Kirk Hinrich,1610612741,0021400320,Jump Shot,1,1,In The Paint (Non-RA)
202710,Jimmy Butler III,1610612741,0021400320,Driving Layup Shot,1,1,Restricted Area
202710,Jimmy Butler III,1610612741,0021400320,Jump Shot,1,0,Mid-Range
202703,Nikola Mirotic,1610612741,0021400320,Jump Shot,1,0,Above the Break 3
201959,Taj Gibson,1610612741,0021400320,Jump Shot,1,1,Mid-Range
201166,Aaron Brooks,1610612741,0021400320,Fadeaway Jump Shot,1,1,In The Paint (Non-RA)
202703,Nikola Mirotic,1610612741,0021400320,Jump Shot,1,1,Above the Break 3
201959,Taj Gibson,1610612741,0021400320,Layup Shot,1,0,Restricted Area
2399,Mike Dunleavy,1610612741,0021400320,Tip Shot,1,0,Restricted Area
201565,Derrick Rose,1610612741,0021400320,Jump Shot,1,1,Above the Break 3
202710,Jimmy Butler III,1610612741,0021400320,Jump Shot,1,1,Mid-Range
201565,Derrick Rose,1610612741,0021400320,Jump Shot,1,0,Above the Break 3
201565,Derrick Rose,1610612741,0021400320,Jump Shot,1,1,Above the Break 3
202710,Jimmy Butler III,1610612741,0021400320,Jump Shot,1,1,Mid-Range
203503,Tony Snell,1610612741,0021400320,Jump Shot,1,0,Mid-Range
202734,E'Twaun Moore,1610612741,0021400320,Layup Shot,1,0,Restricted Area
202734,E'Twaun Moore,1610612741,0021400320,Jump Shot,1,0,In The Paint (Non-RA)
202703,Nikola Mirotic,1610612741,0021400320,Jump Shot,1,0,Above the Break 3
202703,Nikola Mirotic,1610612741,0021400320,Running Reverse Layup Shot,1,1,Restricted Area
202703,Nikola Mirotic,1610612741,0021400320,Alley Oop Layup shot,1,0,Restricted Area
1737,Nazr Mohammed,1610612741,0021400320,Jump Shot,1,0,Mid-Range
2200,Pau Gasol,1610612741,0021400328,Jump Shot,1,0,Mid-Range
202710,Jimmy Butler III,1610612741,0021400328,Jump Shot,1,0,Mid-Range
2200,Pau Gasol,1610612741,0021400328,Running Hook Shot,1,1,In The Paint (Non-RA)
2200,Pau Gasol,1610612741,0021400328,Jump Shot,1,0,In The Paint (Non-RA)
201565,Derrick Rose,1610612741,0021400328,Floating Jump shot,1,1,In The Paint (Non-RA)
201565,Derrick Rose,1610612741,0021400328,Driving Layup Shot,1,1,Restricted Area
201565,Derrick Rose,1610612741,0021400328,Jump Bank Shot,1,1,Mid-Range
201565,Derrick Rose,1610612741,0021400328,Floating Jump shot,1,1,In The Paint (Non-RA)
201565,Derrick Rose,1610612741,0021400328,Jump Shot,1,0,Mid-Range
201565,Derrick Rose,1610612741,0021400328,Floating Jump shot,1,0,Mid-Range
2200,Pau Gasol,1610612741,0021400328,Putback Layup Shot,1,1,Restricted Area
2200,Pau Gasol,1610612741,0021400328,Jump Shot,1,0,Mid-Range
2200,Pau Gasol,1610612741,0021400328,Jump Shot,1,0,Mid-Range
2399,Mike Dunleavy,1610612741,0021400328,Jump Shot,1,1,Left Corner 3
2200,Pau Gasol,1610612741,0021400328,Jump Shot,1,0,Mid-Range
2550,Kirk Hinrich,1610612741,0021400328,Running Layup Shot,1,1,Restricted Area
202710,Jimmy Butler III,1610612741,0021400328,Jump Shot,1,0,Mid-Range
2550,Kirk Hinrich,1610612741,0021400328,Jump Shot,1,0,Above the Break 3
2399,Mike Dunleavy,1610612741,0021400328,Jump Shot,1,0,Above the Break 3
202703,Nikola Mirotic,1610612741,0021400328,Jump Shot,1,0,Above the Break 3
2200,Pau Gasol,1610612741,0021400328,Driving Layup Shot,1,0,Restricted Area
2550,Kirk Hinrich,1610612741,0021400328,Jump Shot,1,1,Above the Break 3
201959,Taj Gibson,1610612741,0021400328,Jump Shot,1,0,In The Paint (Non-RA)
2550,Kirk Hinrich,1610612741,0021400328,Pullup Jump shot,1,0,Mid-Range
202703,Nikola Mirotic,1610612741,0021400328,Layup Shot,1,0,Restricted Area
201959,Taj Gibson,1610612741,0021400328,Tip Shot,1,0,Restricted Area
201959,Taj Gibson,1610612741,0021400328,Jump Shot,1,1,Mid-Range
201166,Aaron Brooks,1610612741,0021400328,Floating Jump shot,1,1,In The Paint (Non-RA)
202703,Nikola Mirotic,1610612741,0021400328,Jump Shot,1,0,Above the Break 3
202703,Nikola Mirotic,1610612741,0021400328,Layup Shot,1,1,Restricted Area
201166,Aaron Brooks,1610612741,0021400328,Jump Shot,1,1,Above the Break 3
202703,Nikola Mirotic,1610612741,0021400328,Layup Shot,1,0,Restricted Area
201959,Taj Gibson,1610612741,0021400328,Layup Shot,1,0,Restricted Area
201959,Taj Gibson,1610612741,0021400328,Tip Shot,1,0,Restricted Area
202703,Nikola Mirotic,1610612741,0021400328,Layup Shot,1,0,Restricted Area
202703,Nikola Mirotic,1610612741,0021400328,Jump Shot,1,1,Above the Break 3
2550,Kirk Hinrich,1610612741,0021400328,Jump Shot,1,1,Mid-Range
201959,Taj Gibson,1610612741,0021400328,Layup Shot,1,0,Restricted Area
201565,Derrick Rose,1610612741,0021400328,Jump Shot,1,0,Mid-Range
202703,Nikola Mirotic,1610612741,0021400328,Running Layup Shot,1,1,Restricted Area
201565,Derrick Rose,1610612741,0021400328,Driving Layup Shot,1,1,Restricted Area
202710,Jimmy Butler III,1610612741,0021400328,Jump Shot,1,0,Mid-Range
202710,Jimmy Butler III,1610612741,0021400328,Running Layup Shot,1,1,Restricted Area
201565,Derrick Rose,1610612741,0021400328,Jump Shot,1,0,Above the Break 3
201565,Derrick Rose,1610612741,0021400328,Jump Shot,1,0,In The Paint (Non-RA)
201565,Derrick Rose,1610612741,0021400328,Driving Jump shot,1,1,In The Paint (Non-RA)
202710,Jimmy Butler III,1610612741,0021400328,Jump Shot,1,1,In The Paint (Non-RA)
2200,Pau Gasol,1610612741,0021400328,Jump Shot,1,1,In The Paint (Non-RA)
202710,Jimmy Butler III,1610612741,0021400328,Jump Shot,1,1,In The Paint (Non-RA)
201565,Derrick Rose,1610612741,0021400328,Jump Shot,1,1,Mid-Range
201565,Derrick Rose,1610612741,0021400328,Driving Layup Shot,1,1,Restricted Area
2200,Pau Gasol,1610612741,0021400328,Jump Shot,1,1,Mid-Range
202710,Jimmy Butler III,1610612741,0021400328,Driving Jump shot,1,0,In The Paint (Non-RA)
201565,Derrick Rose,1610612741,0021400328,Floating Jump shot,1,0,In The Paint (Non-RA)
201565,Derrick Rose,1610612741,0021400328,Running Layup Shot,1,0,Restricted Area
2399,Mike Dunleavy,1610612741,0021400328,Jump Shot,1,0,Right Corner 3
201959,Taj Gibson,1610612741,0021400328,Jump Shot,1,0,In The Paint (Non-RA)
202710,Jimmy Butler III,1610612741,0021400328,Jump Shot,1,0,Mid-Range
2399,Mike Dunleavy,1610612741,0021400328,Jump Shot,1,1,Mid-Range
201565,Derrick Rose,1610612741,0021400328,Layup Shot,1,0,Restricted Area
201565,Derrick Rose,1610612741,0021400328,Layup Shot,1,1,Restricted Area
2399,Mike Dunleavy,1610612741,0021400328,Running Jump Shot,1,1,Above the Break 3
2200,Pau Gasol,1610612741,0021400328,Jump Shot,1,1,Mid-Range
2550,Kirk Hinrich,1610612741,0021400328,Jump Shot,1,0,Mid-Range
202710,Jimmy Butler III,1610612741,0021400328,Tip Shot,1,1,Restricted Area
201959,Taj Gibson,1610612741,0021400328,Jump Shot,1,0,In The Paint (Non-RA)
2200,Pau Gasol,1610612741,0021400328,Layup Shot,1,1,Restricted Area
201166,Aaron Brooks,1610612741,0021400328,Tip Shot,1,0,Restricted Area
202710,Jimmy Butler III,1610612741,0021400328,Driving Layup Shot,1,0,Restricted Area
201166,Aaron Brooks,1610612741,0021400328,Driving Layup Shot,1,1,Restricted Area
201166,Aaron Brooks,1610612741,0021400328,Jump Shot,1,0,Left Corner 3
202703,Nikola Mirotic,1610612741,0021400328,Layup Shot,1,1,Restricted Area
201959,Taj Gibson,1610612741,0021400328,Layup Shot,1,1,Restricted Area
2550,Kirk Hinrich,1610612741,0021400328,Jump Shot,1,0,Above the Break 3
201166,Aaron Brooks,1610612741,0021400328,Driving Layup Shot,1,1,Restricted Area
201166,Aaron Brooks,1610612741,0021400328,Driving Layup Shot,1,1,Restricted Area
201565,Derrick Rose,1610612741,0021400328,Jump Shot,1,1,In The Paint (Non-RA)
201565,Derrick Rose,1610612741,0021400328,Jump Shot,1,0,In The Paint (Non-RA)
201166,Aaron Brooks,1610612741,0021400328,Floating Jump shot,1,1,Mid-Range
201166,Aaron Brooks,1610612741,0021400328,Running Jump Shot,1,1,In The Paint (Non-RA)
202710,Jimmy Butler III,1610612741,0021400328,Jump Shot,1,0,Left Corner 3
201565,Derrick Rose,1610612741,0021400328,Driving Jump shot,1,1,In The Paint (Non-RA)
201565,Derrick Rose,1610612741,0021400328,Driving Layup Shot,1,1,Restricted Area
201565,Derrick Rose,1610612741,0021400328,Driving Jump shot,1,1,In The Paint (Non-RA)
201166,Aaron Brooks,1610612741,0021400328,Driving Layup Shot,1,1,Restricted Area
201565,Derrick Rose,1610612741,0021400328,Jump Shot,1,0,Above the Break 3
201959,Taj Gibson,1610612741,0021400328,Driving Layup Shot,1,0,Restricted Area
201565,Derrick Rose,1610612741,0021400328,Jump Shot,1,1,Mid-Range
201959,Taj Gibson,1610612741,0021400349,Dunk Shot,1,1,Restricted Area
202710,Jimmy Butler III,1610612741,0021400349,Jump Shot,1,0,Above the Break 3
201959,Taj Gibson,1610612741,0021400349,Dunk Shot,1,1,Restricted Area
202710,Jimmy Butler III,1610612741,0021400349,Jump Shot,1,0,Mid-Range
201959,Taj Gibson,1610612741,0021400349,Jump Shot,1,0,Mid-Range
2200,Pau Gasol,1610612741,0021400349,Layup Shot,1,1,Restricted Area
201565,Derrick Rose,1610612741,0021400349,Jump Shot,1,0,In The Paint (Non-RA)
2200,Pau Gasol,1610612741,0021400349,Jump Shot,1,0,In The Paint (Non-RA)
2200,Pau Gasol,1610612741,0021400349,Layup Shot,1,1,Restricted Area
2200,Pau Gasol,1610612741,0021400349,Jump Shot,1,0,Mid-Range
201565,Derrick Rose,1610612741,0021400349,Jump Shot,1,0,In The Paint (Non-RA)
2399,Mike Dunleavy,1610612741,0021400349,Jump Shot,1,0,In The Paint (Non-RA)
2399,Mike Dunleavy,1610612741,0021400349,Jump Shot,1,0,Above the Break 3
202703,Nikola Mirotic,1610612741,0021400349,Driving Layup Shot,1,0,Restricted Area
202703,Nikola Mirotic,1610612741,0021400349,Jump Shot,1,0,Left Corner 3
202703,Nikola Mirotic,1610612741,0021400349,Dunk Shot,1,1,Restricted Area
201166,Aaron Brooks,1610612741,0021400349,Jump Shot,1,1,Above the Break 3
201166,Aaron Brooks,1610612741,0021400349,Jump Shot,1,1,Above the Break 3
201166,Aaron Brooks,1610612741,0021400349,Jump Shot,1,1,Mid-Range
203503,Tony Snell,1610612741,0021400349,Driving Layup Shot,1,0,Restricted Area
201959,Taj Gibson,1610612741,0021400349,Jump Shot,1,1,In The Paint (Non-RA)
202703,Nikola Mirotic,1610612741,0021400349,Jump Shot,1,1,Right Corner 3
202710,Jimmy Butler III,1610612741,0021400349,Jump Shot,1,0,Mid-Range
202710,Jimmy Butler III,1610612741,0021400349,Jump Shot,1,0,Mid-Range
201565,Derrick Rose,1610612741,0021400349,Jump Shot,1,0,Mid-Range
201565,Derrick Rose,1610612741,0021400349,Jump Shot,1,0,Mid-Range
201959,Taj Gibson,1610612741,0021400349,Layup Shot,1,0,Restricted Area
202710,Jimmy Butler III,1610612741,0021400349,Layup Shot,1,0,Restricted Area
201565,Derrick Rose,1610612741,0021400349,Driving Layup Shot,1,0,Restricted Area
202710,Jimmy Butler III,1610612741,0021400349,Tip Shot,1,1,Restricted Area
201565,Derrick Rose,1610612741,0021400349,Driving Layup Shot,1,1,Restricted Area
2200,Pau Gasol,1610612741,0021400349,Jump Shot,1,0,Mid-Range
2200,Pau Gasol,1610612741,0021400349,Layup Shot,1,1,Restricted Area
2200,Pau Gasol,1610612741,0021400349,Hook Shot,1,1,Mid-Range
2200,Pau Gasol,1610612741,0021400349,Jump Shot,1,0,Mid-Range
202710,Jimmy Butler III,1610612741,0021400349,Step Back Jump shot,1,1,Mid-Range
201565,Derrick Rose,1610612741,0021400349,Jump Shot,1,0,Above the Break 3
2399,Mike Dunleavy,1610612741,0021400349,Jump Shot,1,1,Mid-Range
2399,Mike Dunleavy,1610612741,0021400349,Driving Layup Shot,1,1,Restricted Area
201959,Taj Gibson,1610612741,0021400349,Layup Shot,1,1,Restricted Area
2399,Mike Dunleavy,1610612741,0021400349,Jump Shot,1,1,Mid-Range
2399,Mike Dunleavy,1610612741,0021400349,Jump Shot,1,1,Mid-Range
201959,Taj Gibson,1610612741,0021400349,Jump Shot,1,1,Mid-Range
2200,Pau Gasol,1610612741,0021400349,Hook Shot,1,0,In The Paint (Non-RA)
2200,Pau Gasol,1610612741,0021400349,Jump Shot,1,0,Mid-Range
202710,Jimmy Butler III,1610612741,0021400349,Alley Oop Layup shot,1,1,Restricted Area
2200,Pau Gasol,1610612741,0021400349,Jump Shot,1,0,In The Paint (Non-RA)
2399,Mike Dunleavy,1610612741,0021400349,Jump Shot,1,1,Above the Break 3
2399,Mike Dunleavy,1610612741,0021400349,Jump Shot,1,0,Mid-Range
2399,Mike Dunleavy,1610612741,0021400349,Jump Shot,1,1,Left Corner 3
202710,Jimmy Butler III,1610612741,0021400349,Driving Dunk Shot,1,1,Restricted Area
202703,Nikola Mirotic,1610612741,0021400349,Jump Shot,1,0,Right Corner 3
2399,Mike Dunleavy,1610612741,0021400349,Jump Shot,1,1,Above the Break 3
201166,Aaron Brooks,1610612741,0021400349,Driving Layup Shot,1,0,Restricted Area
2399,Mike Dunleavy,1610612741,0021400349,Jump Shot,1,1,Above the Break 3
201166,Aaron Brooks,1610612741,0021400349,Jump Shot,1,0,Above the Break 3
202703,Nikola Mirotic,1610612741,0021400349,Jump Shot,1,0,Above the Break 3
202703,Nikola Mirotic,1610612741,0021400349,Jump Shot,1,0,Above the Break 3
201166,Aaron Brooks,1610612741,0021400349,Driving Layup Shot,1,0,Restricted Area
201565,Derrick Rose,1610612741,0021400349,Jump Shot,1,1,Mid-Range
201565,Derrick Rose,1610612741,0021400349,Jump Shot,1,1,Above the Break 3
201959,Taj Gibson,1610612741,0021400349,Hook Shot,1,0,In The Paint (Non-RA)
201565,Derrick Rose,1610612741,0021400349,Jump Shot,1,0,Above the Break 3
201565,Derrick Rose,1610612741,0021400349,Driving Layup Shot,1,0,Restricted Area
201565,Derrick Rose,1610612741,0021400349,Layup Shot,1,1,Restricted Area
202710,Jimmy Butler III,1610612741,0021400349,Driving Reverse Layup Shot,1,0,Restricted Area
201565,Derrick Rose,1610612741,0021400349,Reverse Layup Shot,1,1,Restricted Area
2200,Pau Gasol,1610612741,0021400349,Running Hook Shot,1,0,In The Paint (Non-RA)
201565,Derrick Rose,1610612741,0021400349,Jump Shot,1,1,Mid-Range
2200,Pau Gasol,1610612741,0021400349,Layup Shot,1,0,Restricted Area
202734,E'Twaun Moore,1610612741,0021400349,Jump Shot,1,1,Above the Break 3
201565,Derrick Rose,1610612741,0021400358,Jump Shot,1,0,Above the Break 3
201565,Derrick Rose,1610612741,0021400358,Jump Shot,1,0,In The Paint (Non-RA)
202710,Jimmy Butler III,1610612741,0021400358,Jump Shot,1,1,Left Corner 3
2200,Pau Gasol,1610612741,0021400358,Fadeaway Jump Shot,1,1,In The Paint (Non-RA)
201565,Derrick Rose,1610612741,0021400358,Jump Shot,1,0,Mid-Range
2399,Mike Dunleavy,1610612741,0021400358,Layup Shot,1,1,Restricted Area
201959,Taj Gibson,1610612741,0021400358,Reverse Layup Shot,1,1,Restricted Area
201565,Derrick Rose,1610612741,0021400358,Jump Shot,1,0,Above the Break 3
2200,Pau Gasol,1610612741,0021400358,Turnaround Jump Shot,1,0,Mid-Range
202710,Jimmy Butler III,1610612741,0021400358,Running Jump Shot,1,0,In The Paint (Non-RA)
2200,Pau Gasol,1610612741,0021400358,Driving Jump shot,1,0,In The Paint (Non-RA)
2399,Mike Dunleavy,1610612741,0021400358,Jump Shot,1,1,Above the Break 3
202710,Jimmy Butler III,1610612741,0021400358,Jump Shot,1,1,Mid-Range
201565,Derrick Rose,1610612741,0021400358,Jump Shot,1,0,Mid-Range
2399,Mike Dunleavy,1610612741,0021400358,Jump Shot,1,0,Above the Break 3
202710,Jimmy Butler III,1610612741,0021400358,Jump Shot,1,0,Above the Break 3
2550,Kirk Hinrich,1610612741,0021400358,Jump Shot,1,0,Mid-Range
2200,Pau Gasol,1610612741,0021400358,Jump Shot,1,0,In The Paint (Non-RA)
202703,Nikola Mirotic,1610612741,0021400358,Jump Shot,1,0,Above the Break 3
2550,Kirk Hinrich,1610612741,0021400358,Jump Shot,1,0,Above the Break 3
202710,Jimmy Butler III,1610612741,0021400358,Jump Shot,1,1,Mid-Range
201166,Aaron Brooks,1610612741,0021400358,Fadeaway Jump Shot,1,1,Mid-Range
2200,Pau Gasol,1610612741,0021400358,Dunk Shot,1,1,Restricted Area
202703,Nikola Mirotic,1610612741,0021400358,Jump Shot,1,0,Above the Break 3
201166,Aaron Brooks,1610612741,0021400358,Driving Layup Shot,1,1,Restricted Area
201959,Taj Gibson,1610612741,0021400358,Dunk Shot,1,1,Restricted Area
202703,Nikola Mirotic,1610612741,0021400358,Jump Shot,1,0,Above the Break 3
202703,Nikola Mirotic,1610612741,0021400358,Driving Layup Shot,1,0,Restricted Area
201959,Taj Gibson,1610612741,0021400358,Tip Shot,1,1,Restricted Area
2550,Kirk Hinrich,1610612741,0021400358,Jump Shot,1,0,Left Corner 3
201959,Taj Gibson,1610612741,0021400358,Jump Shot,1,0,Mid-Range
201565,Derrick Rose,1610612741,0021400358,Driving Layup Shot,1,1,Restricted Area
202710,Jimmy Butler III,1610612741,0021400358,Layup Shot,1,0,Restricted Area
201959,Taj Gibson,1610612741,0021400358,Putback Layup Shot,1,0,Restricted Area
201565,Derrick Rose,1610612741,0021400358,Jump Shot,1,0,Above the Break 3
201565,Derrick Rose,1610612741,0021400358,Turnaround Jump Shot,1,1,Mid-Range
201959,Taj Gibson,1610612741,0021400358,Layup Shot,1,1,Restricted Area
201565,Derrick Rose,1610612741,0021400358,Running Layup Shot,1,0,Restricted Area
201565,Derrick Rose,1610612741,0021400358,Jump Shot,1,0,Mid-Range
201565,Derrick Rose,1610612741,0021400358,Driving Bank shot,1,1,Mid-Range
202710,Jimmy Butler III,1610612741,0021400358,Pullup Jump shot,1,1,Above the Break 3
201959,Taj Gibson,1610612741,0021400358,Layup Shot,1,0,Restricted Area
201959,Taj Gibson,1610612741,0021400358,Jump Shot,1,0,In The Paint (Non-RA)
201565,Derrick Rose,1610612741,0021400358,Turnaround Hook Shot,1,0,In The Paint (Non-RA)
202710,Jimmy Butler III,1610612741,0021400358,Jump Shot,1,1,Mid-Range
201565,Derrick Rose,1610612741,0021400358,Jump Shot,1,0,Above the Break 3
202710,Jimmy Butler III,1610612741,0021400358,Driving Layup Shot,1,0,Restricted Area
201959,Taj Gibson,1610612741,0021400358,Layup Shot,1,1,Restricted Area
2200,Pau Gasol,1610612741,0021400358,Jump Shot,1,0,In The Paint (Non-RA)
2399,Mike Dunleavy,1610612741,0021400358,Jump Shot,1,0,Above the Break 3
201565,Derrick Rose,1610612741,0021400358,Pullup Jump shot,1,1,Mid-Range
201565,Derrick Rose,1610612741,0021400358,Jump Shot,1,0,In The Paint (Non-RA)
202710,Jimmy Butler III,1610612741,0021400358,Putback Layup Shot,1,0,Restricted Area
2200,Pau Gasol,1610612741,0021400358,Layup Shot,1,0,Restricted Area
2200,Pau Gasol,1610612741,0021400358,Putback Layup Shot,1,1,Restricted Area
202710,Jimmy Butler III,1610612741,0021400358,Jump Shot,1,0,Mid-Range
202710,Jimmy Butler III,1610612741,0021400358,Layup Shot,1,1,Restricted Area
2200,Pau Gasol,1610612741,0021400358,Layup Shot,1,0,Restricted Area
2399,Mike Dunleavy,1610612741,0021400358,Jump Shot,1,0,Mid-Range
202710,Jimmy Butler III,1610612741,0021400358,Driving Layup Shot,1,1,Restricted Area
201565,Derrick Rose,1610612741,0021400358,Pullup Jump shot,1,1,In The Paint (Non-RA)
202710,Jimmy Butler III,1610612741,0021400358,Jump Shot,1,0,Mid-Range
201959,Taj Gibson,1610612741,0021400358,Putback Layup Shot,1,1,Restricted Area
2200,Pau Gasol,1610612741,0021400358,Layup Shot,1,0,Restricted Area
202710,Jimmy Butler III,1610612741,0021400358,Fadeaway Jump Shot,1,0,Mid-Range
2200,Pau Gasol,1610612741,0021400358,Layup Shot,1,0,Restricted Area
2200,Pau Gasol,1610612741,0021400358,Tip Shot,1,1,Restricted Area
2550,Kirk Hinrich,1610612741,0021400358,Jump Shot,1,0,Above the Break 3
2550,Kirk Hinrich,1610612741,0021400358,Jump Shot,1,0,Mid-Range
202710,Jimmy Butler III,1610612741,0021400358,Jump Shot,1,0,Right Corner 3
201166,Aaron Brooks,1610612741,0021400358,Jump Shot,1,0,Above the Break 3
202703,Nikola Mirotic,1610612741,0021400358,Driving Layup Shot,1,1,Restricted Area
2550,Kirk Hinrich,1610612741,0021400358,Jump Shot,1,0,Mid-Range
2399,Mike Dunleavy,1610612741,0021400358,Driving Layup Shot,1,1,Restricted Area
201166,Aaron Brooks,1610612741,0021400358,Jump Shot,1,1,Above the Break 3
2399,Mike Dunleavy,1610612741,0021400358,Jump Shot,1,0,Right Corner 3
202703,Nikola Mirotic,1610612741,0021400358,Pullup Jump shot,1,0,Mid-Range
2399,Mike Dunleavy,1610612741,0021400358,Jump Shot,1,1,Left Corner 3
202703,Nikola Mirotic,1610612741,0021400358,Jump Shot,1,0,Right Corner 3
2399,Mike Dunleavy,1610612741,0021400358,Tip Shot,1,0,Restricted Area
201565,Derrick Rose,1610612741,0021400358,Layup Shot,1,0,Restricted Area
201166,Aaron Brooks,1610612741,0021400358,Jump Shot,1,0,Above the Break 3
201166,Aaron Brooks,1610612741,0021400358,Jump Shot,1,0,Above the Break 3
2200,Pau Gasol,1610612741,0021400358,Jump Shot,1,1,Mid-Range
201565,Derrick Rose,1610612741,0021400358,Driving Jump shot,1,1,In The Paint (Non-RA)
202710,Jimmy Butler III,1610612741,0021400358,Jump Shot,1,1,Above the Break 3
2550,Kirk Hinrich,1610612741,0021400358,Jump Shot,1,0,Left Corner 3
201565,Derrick Rose,1610612741,0021400358,Jump Shot,1,0,Above the Break 3
201959,Taj Gibson,1610612741,0021400358,Dunk Shot,1,1,Restricted Area
2200,Pau Gasol,1610612741,0021400358,Layup Shot,1,0,Restricted Area
2200,Pau Gasol,1610612741,0021400358,Tip Shot,1,1,Restricted Area
201565,Derrick Rose,1610612741,0021400358,Jump Shot,1,0,Right Corner 3
201565,Derrick Rose,1610612741,0021400358,Pullup Jump shot,1,0,Above the Break 3
2200,Pau Gasol,1610612741,0021400379,Dunk Shot,1,1,Restricted Area
201149,Joakim Noah,1610612741,0021400379,Running Layup Shot,1,0,Restricted Area
2200,Pau Gasol,1610612741,0021400379,Layup Shot,1,0,Restricted Area
201149,Joakim Noah,1610612741,0021400379,Hook Shot,1,0,Restricted Area
2550,Kirk Hinrich,1610612741,0021400379,Jump Shot,1,0,Above the Break 3
2200,Pau Gasol,1610612741,0021400379,Hook Shot,1,1,In The Paint (Non-RA)
202710,Jimmy Butler III,1610612741,0021400379,Jump Shot,1,1,Above the Break 3
202710,Jimmy Butler III,1610612741,0021400379,Jump Shot,1,1,Mid-Range
2399,Mike Dunleavy,1610612741,0021400379,Jump Shot,1,0,In The Paint (Non-RA)
2200,Pau Gasol,1610612741,0021400379,Jump Shot,1,1,Mid-Range
2550,Kirk Hinrich,1610612741,0021400379,Layup Shot,1,0,Restricted Area
2200,Pau Gasol,1610612741,0021400379,Running Hook Shot,1,1,Restricted Area
2200,Pau Gasol,1610612741,0021400379,Jump Shot,1,0,Mid-Range
2399,Mike Dunleavy,1610612741,0021400379,Finger Roll Layup Shot,1,1,Restricted Area
2399,Mike Dunleavy,1610612741,0021400379,Jump Shot,1,1,Right Corner 3
202710,Jimmy Butler III,1610612741,0021400379,Jump Shot,1,1,Right Corner 3
201166,Aaron Brooks,1610612741,0021400379,Jump Shot,1,1,Above the Break 3
202703,Nikola Mirotic,1610612741,0021400379,Jump Shot,1,1,Mid-Range
202710,Jimmy Butler III,1610612741,0021400379,Jump Shot,1,1,Mid-Range
201149,Joakim Noah,1610612741,0021400379,Running Layup Shot,1,0,Restricted Area
202710,Jimmy Butler III,1610612741,0021400379,Jump Shot,1,1,Above the Break 3
201166,Aaron Brooks,1610612741,0021400379,Jump Shot,1,1,Mid-Range
202703,Nikola Mirotic,1610612741,0021400379,Jump Shot,1,0,Right Corner 3
202703,Nikola Mirotic,1610612741,0021400379,Jump Shot,1,0,Above the Break 3
201166,Aaron Brooks,1610612741,0021400379,Jump Shot,1,0,In The Paint (Non-RA)
203503,Tony Snell,1610612741,0021400379,Running Layup Shot,1,0,Restricted Area
201149,Joakim Noah,1610612741,0021400379,Tip Shot,1,1,Restricted Area
201166,Aaron Brooks,1610612741,0021400379,Driving Reverse Layup Shot,1,1,Restricted Area
2399,Mike Dunleavy,1610612741,0021400379,Jump Shot,1,0,Above the Break 3
201166,Aaron Brooks,1610612741,0021400379,Jump Shot,1,0,Above the Break 3
2399,Mike Dunleavy,1610612741,0021400379,Jump Shot,1,0,Left Corner 3
2200,Pau Gasol,1610612741,0021400379,Jump Shot,1,0,In The Paint (Non-RA)
2200,Pau Gasol,1610612741,0021400379,Jump Shot,1,0,Mid-Range
202710,Jimmy Butler III,1610612741,0021400379,Jump Shot,1,0,In The Paint (Non-RA)
2550,Kirk Hinrich,1610612741,0021400379,Layup Shot,1,1,Restricted Area
2550,Kirk Hinrich,1610612741,0021400379,Jump Shot,1,1,Left Corner 3
202703,Nikola Mirotic,1610612741,0021400379,Jump Shot,1,1,Left Corner 3
2200,Pau Gasol,1610612741,0021400379,Hook Shot,1,0,In The Paint (Non-RA)
202703,Nikola Mirotic,1610612741,0021400379,Layup Shot,1,0,Restricted Area
202710,Jimmy Butler III,1610612741,0021400379,Layup Shot,1,1,Restricted Area
202710,Jimmy Butler III,1610612741,0021400379,Driving Reverse Layup Shot,1,0,Restricted Area
202710,Jimmy Butler III,1610612741,0021400379,Jump Shot,1,0,Mid-Range
2550,Kirk Hinrich,1610612741,0021400379,Jump Shot,1,0,Mid-Range
2399,Mike Dunleavy,1610612741,0021400379,Jump Shot,1,0,Mid-Range
202710,Jimmy Butler III,1610612741,0021400379,Jump Shot,1,0,Mid-Range
2399,Mike Dunleavy,1610612741,0021400379,Jump Shot,1,0,Mid-Range
2200,Pau Gasol,1610612741,0021400379,Jump Shot,1,0,Mid-Range
201149,Joakim Noah,1610612741,0021400379,Layup Shot,1,0,Restricted Area
202710,Jimmy Butler III,1610612741,0021400379,Jump Shot,1,1,In The Paint (Non-RA)
201149,Joakim Noah,1610612741,0021400379,Jump Shot,1,0,Mid-Range
202710,Jimmy Butler III,1610612741,0021400379,Alley Oop Dunk Shot,1,0,Restricted Area
2200,Pau Gasol,1610612741,0021400379,Jump Shot,1,0,In The Paint (Non-RA)
2200,Pau Gasol,1610612741,0021400379,Tip Shot,1,1,Restricted Area
201149,Joakim Noah,1610612741,0021400379,Tip Shot,1,0,Restricted Area
2200,Pau Gasol,1610612741,0021400379,Jump Shot,1,1,Mid-Range
202710,Jimmy Butler III,1610612741,0021400379,Jump Shot,1,1,Mid-Range
202710,Jimmy Butler III,1610612741,0021400379,Jump Shot,1,1,Mid-Range
2200,Pau Gasol,1610612741,0021400379,Driving Layup Shot,1,1,Restricted Area
202710,Jimmy Butler III,1610612741,0021400379,Jump Shot,1,0,Above the Break 3
201166,Aaron Brooks,1610612741,0021400379,Jump Shot,1,0,In The Paint (Non-RA)
202710,Jimmy Butler III,1610612741,0021400379,Jump Shot,1,0,Above the Break 3
201166,Aaron Brooks,1610612741,0021400379,Jump Shot,1,1,Above the Break 3
202703,Nikola Mirotic,1610612741,0021400379,Layup Shot,1,1,Restricted Area
202710,Jimmy Butler III,1610612741,0021400379,Dunk Shot,1,1,Restricted Area
202703,Nikola Mirotic,1610612741,0021400379,Jump Shot,1,1,Above the Break 3
201149,Joakim Noah,1610612741,0021400379,Hook Shot,1,0,In The Paint (Non-RA)
202710,Jimmy Butler III,1610612741,0021400379,Jump Shot,1,0,Mid-Range
2550,Kirk Hinrich,1610612741,0021400379,Jump Shot,1,1,Above the Break 3
201166,Aaron Brooks,1610612741,0021400379,Jump Shot,1,0,Above the Break 3
2550,Kirk Hinrich,1610612741,0021400379,Jump Shot,1,0,Above the Break 3
201166,Aaron Brooks,1610612741,0021400379,Jump Shot,1,1,Above the Break 3
202710,Jimmy Butler III,1610612741,0021400379,Jump Shot,1,1,Left Corner 3
202710,Jimmy Butler III,1610612741,0021400379,Jump Shot,1,0,Above the Break 3
2200,Pau Gasol,1610612741,0021400379,Layup Shot,1,1,Restricted Area
202710,Jimmy Butler III,1610612741,0021400379,Jump Shot,1,0,Mid-Range
2550,Kirk Hinrich,1610612741,0021400389,Jump Shot,1,1,Mid-Range
201149,Joakim Noah,1610612741,0021400389,Jump Shot,1,1,Mid-Range
2200,Pau Gasol,1610612741,0021400389,Jump Shot,1,0,Mid-Range
201149,Joakim Noah,1610612741,0021400389,Jump Shot,1,1,Mid-Range
202710,Jimmy Butler III,1610612741,0021400389,Jump Shot,1,0,Above the Break 3
2550,Kirk Hinrich,1610612741,0021400389,Pullup Jump shot,1,0,Mid-Range
2200,Pau Gasol,1610612741,0021400389,Layup Shot,1,1,Restricted Area
2200,Pau Gasol,1610612741,0021400389,Hook Shot,1,1,In The Paint (Non-RA)
2550,Kirk Hinrich,1610612741,0021400389,Jump Shot,1,0,In The Paint (Non-RA)
202710,Jimmy Butler III,1610612741,0021400389,Driving Reverse Layup Shot,1,0,Restricted Area
202710,Jimmy Butler III,1610612741,0021400389,Reverse Layup Shot,1,1,Restricted Area
2550,Kirk Hinrich,1610612741,0021400389,Step Back Jump shot,1,0,Mid-Range
2550,Kirk Hinrich,1610612741,0021400389,Jump Shot,1,0,Left Corner 3
202710,Jimmy Butler III,1610612741,0021400389,Jump Shot,1,0,Mid-Range
201149,Joakim Noah,1610612741,0021400389,Jump Shot,1,0,Mid-Range
2399,Mike Dunleavy,1610612741,0021400389,Jump Shot,1,1,Above the Break 3
2200,Pau Gasol,1610612741,0021400389,Layup Shot,1,0,Restricted Area
202710,Jimmy Butler III,1610612741,0021400389,Layup Shot,1,1,Restricted Area
202703,Nikola Mirotic,1610612741,0021400389,Jump Bank Shot,1,0,Mid-Range
202703,Nikola Mirotic,1610612741,0021400389,Layup Shot,1,1,Restricted Area
2399,Mike Dunleavy,1610612741,0021400389,Jump Shot,1,0,Above the Break 3
203503,Tony Snell,1610612741,0021400389,Jump Shot,1,0,Above the Break 3
202710,Jimmy Butler III,1610612741,0021400389,Jump Shot,1,1,Mid-Range
201166,Aaron Brooks,1610612741,0021400389,Running Jump Shot,1,1,In The Paint (Non-RA)
203503,Tony Snell,1610612741,0021400389,Jump Shot,1,0,Mid-Range
203503,Tony Snell,1610612741,0021400389,Jump Shot,1,0,Above the Break 3
2550,Kirk Hinrich,1610612741,0021400389,Layup Shot,1,0,Restricted Area
202703,Nikola Mirotic,1610612741,0021400389,Jump Shot,1,1,Above the Break 3
203503,Tony Snell,1610612741,0021400389,Jump Shot,1,0,Above the Break 3
201166,Aaron Brooks,1610612741,0021400389,Jump Shot,1,0,Above the Break 3
201166,Aaron Brooks,1610612741,0021400389,Jump Shot,1,1,Above the Break 3
202703,Nikola Mirotic,1610612741,0021400389,Jump Shot,1,1,Above the Break 3
202703,Nikola Mirotic,1610612741,0021400389,Jump Shot,1,1,Above the Break 3
202710,Jimmy Butler III,1610612741,0021400389,Pullup Jump shot,1,0,Mid-Range
201166,Aaron Brooks,1610612741,0021400389,Running Jump Shot,1,1,In The Paint (Non-RA)
202703,Nikola Mirotic,1610612741,0021400389,Jump Shot,1,0,Mid-Range
201166,Aaron Brooks,1610612741,0021400389,Floating Jump shot,1,1,Mid-Range
202710,Jimmy Butler III,1610612741,0021400389,Driving Layup Shot,1,1,Restricted Area
2200,Pau Gasol,1610612741,0021400389,Jump Shot,1,0,In The Paint (Non-RA)
202703,Nikola Mirotic,1610612741,0021400389,Jump Shot,1,1,Above the Break 3
2550,Kirk Hinrich,1610612741,0021400389,Jump Shot,1,0,Above the Break 3
2200,Pau Gasol,1610612741,0021400389,Jump Shot,1,0,Mid-Range
2550,Kirk Hinrich,1610612741,0021400389,Running Layup Shot,1,1,Restricted Area
2399,Mike Dunleavy,1610612741,0021400389,Jump Shot,1,0,Above the Break 3
202710,Jimmy Butler III,1610612741,0021400389,Alley Oop Layup shot,1,0,Restricted Area
2550,Kirk Hinrich,1610612741,0021400389,Jump Shot,1,0,Above the Break 3
202710,Jimmy Butler III,1610612741,0021400389,Pullup Bank shot,1,1,Mid-Range
202710,Jimmy Butler III,1610612741,0021400389,Layup Shot,1,1,Restricted Area
202710,Jimmy Butler III,1610612741,0021400389,Jump Shot,1,0,Above the Break 3
202710,Jimmy Butler III,1610612741,0021400389,Driving Layup Shot,1,0,Restricted Area
202710,Jimmy Butler III,1610612741,0021400389,Pullup Jump shot,1,1,Mid-Range
2399,Mike Dunleavy,1610612741,0021400389,Layup Shot,1,1,Restricted Area
2200,Pau Gasol,1610612741,0021400389,Fadeaway Jump Shot,1,0,In The Paint (Non-RA)
202703,Nikola Mirotic,1610612741,0021400389,Jump Shot,1,0,In The Paint (Non-RA)
201166,Aaron Brooks,1610612741,0021400389,Pullup Jump shot,1,1,Above the Break 3
201166,Aaron Brooks,1610612741,0021400389,Pullup Jump shot,1,1,Above the Break 3
202710,Jimmy Butler III,1610612741,0021400389,Running Jump Shot,1,1,Mid-Range
202710,Jimmy Butler III,1610612741,0021400389,Jump Shot,1,1,Mid-Range
2399,Mike Dunleavy,1610612741,0021400389,Jump Shot,1,0,Left Corner 3
201166,Aaron Brooks,1610612741,0021400389,Jump Shot,1,0,Above the Break 3
202703,Nikola Mirotic,1610612741,0021400389,Jump Shot,1,1,Above the Break 3
202710,Jimmy Butler III,1610612741,0021400389,Layup Shot,1,0,Restricted Area
2399,Mike Dunleavy,1610612741,0021400389,Jump Shot,1,0,Above the Break 3
201166,Aaron Brooks,1610612741,0021400389,Floating Jump shot,1,0,In The Paint (Non-RA)
202710,Jimmy Butler III,1610612741,0021400389,Pullup Jump shot,1,0,Mid-Range
201166,Aaron Brooks,1610612741,0021400389,Jump Shot,1,0,Above the Break 3
202710,Jimmy Butler III,1610612741,0021400389,Running Bank shot,1,1,Mid-Range
201166,Aaron Brooks,1610612741,0021400389,Jump Shot,1,0,Above the Break 3
202703,Nikola Mirotic,1610612741,0021400389,Jump Shot,1,1,Right Corner 3
201166,Aaron Brooks,1610612741,0021400389,Jump Bank Shot,1,0,Mid-Range
201166,Aaron Brooks,1610612741,0021400389,Layup Shot,1,0,Restricted Area
202710,Jimmy Butler III,1610612741,0021400389,Step Back Jump shot,1,1,Mid-Range
202710,Jimmy Butler III,1610612741,0021400389,Layup Shot,1,0,Restricted Area
201565,Derrick Rose,1610612741,0021400410,Jump Shot,1,1,Mid-Range
202710,Jimmy Butler III,1610612741,0021400410,Fadeaway Jump Shot,1,1,In The Paint (Non-RA)
202710,Jimmy Butler III,1610612741,0021400410,Jump Shot,1,1,Above the Break 3
201565,Derrick Rose,1610612741,0021400410,Driving Layup Shot,1,0,Restricted Area
201565,Derrick Rose,1610612741,0021400410,Jump Shot,1,1,Mid-Range
2200,Pau Gasol,1610612741,0021400410,Layup Shot,1,0,Restricted Area
201565,Derrick Rose,1610612741,0021400410,Jump Shot,1,0,Above the Break 3
202710,Jimmy Butler III,1610612741,0021400410,Jump Shot,1,0,Mid-Range
2200,Pau Gasol,1610612741,0021400410,Layup Shot,1,1,Restricted Area
2399,Mike Dunleavy,1610612741,0021400410,Jump Shot,1,1,Above the Break 3
201565,Derrick Rose,1610612741,0021400410,Running Layup Shot,1,1,Restricted Area
201959,Taj Gibson,1610612741,0021400410,Layup Shot,1,1,Restricted Area
201959,Taj Gibson,1610612741,0021400410,Driving Layup Shot,1,0,Restricted Area
202710,Jimmy Butler III,1610612741,0021400410,Pullup Jump shot,1,1,Mid-Range
2200,Pau Gasol,1610612741,0021400410,Layup Shot,1,0,Restricted Area
2200,Pau Gasol,1610612741,0021400410,Tip Shot,1,0,Restricted Area
201959,Taj Gibson,1610612741,0021400410,Putback Layup Shot,1,1,Restricted Area
2200,Pau Gasol,1610612741,0021400410,Tip Shot,1,0,Restricted Area
201166,Aaron Brooks,1610612741,0021400410,Layup Shot,1,1,Restricted Area
202710,Jimmy Butler III,1610612741,0021400410,Running Layup Shot,1,0,Restricted Area
202710,Jimmy Butler III,1610612741,0021400410,Driving Layup Shot,1,0,Restricted Area
201959,Taj Gibson,1610612741,0021400410,Fadeaway Jump Shot,1,0,Mid-Range
201959,Taj Gibson,1610612741,0021400410,Layup Shot,1,0,Restricted Area
201166,Aaron Brooks,1610612741,0021400410,Driving Layup Shot,1,1,Restricted Area
201959,Taj Gibson,1610612741,0021400410,Driving Hook Shot,1,1,Restricted Area
2550,Kirk Hinrich,1610612741,0021400410,Jump Shot,1,0,Right Corner 3
202703,Nikola Mirotic,1610612741,0021400410,Putback Layup Shot,1,1,Restricted Area
2550,Kirk Hinrich,1610612741,0021400410,Jump Shot,1,1,Left Corner 3
201565,Derrick Rose,1610612741,0021400410,Jump Shot,1,0,Above the Break 3
201565,Derrick Rose,1610612741,0021400410,Layup Shot,1,1,Restricted Area
202710,Jimmy Butler III,1610612741,0021400410,Pullup Jump shot,1,0,Mid-Range
201565,Derrick Rose,1610612741,0021400410,Running Layup Shot,1,0,Restricted Area
202710,Jimmy Butler III,1610612741,0021400410,Putback Layup Shot,1,1,Restricted Area
201565,Derrick Rose,1610612741,0021400410,Driving Layup Shot,1,0,Restricted Area
2200,Pau Gasol,1610612741,0021400410,Jump Shot,1,1,In The Paint (Non-RA)
202710,Jimmy Butler III,1610612741,0021400410,Layup Shot,1,0,Restricted Area
201565,Derrick Rose,1610612741,0021400410,Layup Shot,1,1,Restricted Area
201565,Derrick Rose,1610612741,0021400410,Jump Shot,1,0,Mid-Range
202710,Jimmy Butler III,1610612741,0021400410,Jump Shot,1,1,Above the Break 3
2399,Mike Dunleavy,1610612741,0021400410,Layup Shot,1,0,Restricted Area
2200,Pau Gasol,1610612741,0021400410,Jump Shot,1,0,Mid-Range
2399,Mike Dunleavy,1610612741,0021400410,Jump Shot,1,0,Mid-Range
201149,Joakim Noah,1610612741,0021400410,Layup Shot,1,1,Restricted Area
201565,Derrick Rose,1610612741,0021400410,Jump Shot,1,0,Above the Break 3
201149,Joakim Noah,1610612741,0021400410,Driving Layup Shot,1,1,Restricted Area
202710,Jimmy Butler III,1610612741,0021400410,Driving Layup Shot,1,1,Restricted Area
201565,Derrick Rose,1610612741,0021400410,Layup Shot,1,1,Restricted Area
202710,Jimmy Butler III,1610612741,0021400410,Jump Shot,1,0,Right Corner 3
2399,Mike Dunleavy,1610612741,0021400410,Jump Shot,1,0,Mid-Range
202710,Jimmy Butler III,1610612741,0021400410,Driving Jump shot,1,0,In The Paint (Non-RA)
201166,Aaron Brooks,1610612741,0021400410,Driving Layup Shot,1,0,Restricted Area
201166,Aaron Brooks,1610612741,0021400410,Driving Bank shot,1,1,Mid-Range
201959,Taj Gibson,1610612741,0021400410,Alley Oop Dunk Shot,1,1,Restricted Area
201166,Aaron Brooks,1610612741,0021400410,Jump Shot,1,0,Above the Break 3
202710,Jimmy Butler III,1610612741,0021400410,Fadeaway Jump Shot,1,0,Mid-Range
201959,Taj Gibson,1610612741,0021400410,Tip Shot,1,0,Restricted Area
201959,Taj Gibson,1610612741,0021400410,Tip Shot,1,0,Restricted Area
201959,Taj Gibson,1610612741,0021400410,Putback Layup Shot,1,1,Restricted Area
201166,Aaron Brooks,1610612741,0021400410,Jump Shot,1,1,Above the Break 3
201166,Aaron Brooks,1610612741,0021400410,Floating Jump shot,1,1,In The Paint (Non-RA)
201166,Aaron Brooks,1610612741,0021400410,Running Layup Shot,1,1,Restricted Area
202710,Jimmy Butler III,1610612741,0021400410,Driving Layup Shot,1,0,Restricted Area
201166,Aaron Brooks,1610612741,0021400410,Running Tip Shot,1,0,Restricted Area
202703,Nikola Mirotic,1610612741,0021400410,Jump Shot,1,1,Left Corner 3
201166,Aaron Brooks,1610612741,0021400410,Layup Shot,1,0,Restricted Area
201565,Derrick Rose,1610612741,0021400410,Jump Shot,1,1,Mid-Range
201565,Derrick Rose,1610612741,0021400410,Jump Shot,1,1,In The Paint (Non-RA)
201565,Derrick Rose,1610612741,0021400410,Jump Shot,1,1,Mid-Range
201565,Derrick Rose,1610612741,0021400410,Jump Shot,1,1,Mid-Range
202710,Jimmy Butler III,1610612741,0021400410,Jump Bank Shot,1,1,Mid-Range
201149,Joakim Noah,1610612741,0021400410,Dunk Shot,1,1,Restricted Area
201565,Derrick Rose,1610612741,0021400410,Layup Shot,1,1,Restricted Area
201565,Derrick Rose,1610612741,0021400410,Jump Shot,1,1,Mid-Range
201149,Joakim Noah,1610612741,0021400410,Layup Shot,1,1,Restricted Area
2200,Pau Gasol,1610612741,0021400419,Fadeaway Jump Shot,1,1,In The Paint (Non-RA)
2399,Mike Dunleavy,1610612741,0021400419,Jump Shot,1,0,Above the Break 3
202710,Jimmy Butler III,1610612741,0021400419,Jump Shot,1,0,Above the Break 3
201565,Derrick Rose,1610612741,0021400419,Driving Reverse Layup Shot,1,1,Restricted Area
202710,Jimmy Butler III,1610612741,0021400419,Pullup Jump shot,1,1,Mid-Range
201149,Joakim Noah,1610612741,0021400419,Running Jump Shot,1,1,In The Paint (Non-RA)
202710,Jimmy Butler III,1610612741,0021400419,Jump Shot,1,1,Above the Break 3
2200,Pau Gasol,1610612741,0021400419,Dunk Shot,1,1,Restricted Area
201565,Derrick Rose,1610612741,0021400419,Jump Shot,1,0,Mid-Range
2200,Pau Gasol,1610612741,0021400419,Jump Shot,1,0,Mid-Range
201149,Joakim Noah,1610612741,0021400419,Jump Shot,1,0,In The Paint (Non-RA)
201565,Derrick Rose,1610612741,0021400419,Jump Shot,1,0,In The Paint (Non-RA)
201149,Joakim Noah,1610612741,0021400419,Layup Shot,1,0,Restricted Area
2200,Pau Gasol,1610612741,0021400419,Jump Shot,1,0,Mid-Range
202710,Jimmy Butler III,1610612741,0021400419,Jump Shot,1,0,Mid-Range
202710,Jimmy Butler III,1610612741,0021400419,Jump Shot,1,0,Mid-Range
201166,Aaron Brooks,1610612741,0021400419,Layup Shot,1,0,Restricted Area
201166,Aaron Brooks,1610612741,0021400419,Running Hook Shot,1,1,In The Paint (Non-RA)
201166,Aaron Brooks,1610612741,0021400419,Jump Shot,1,0,In The Paint (Non-RA)
202710,Jimmy Butler III,1610612741,0021400419,Layup Shot,1,0,Restricted Area
2200,Pau Gasol,1610612741,0021400419,Jump Shot,1,1,Left Corner 3
202703,Nikola Mirotic,1610612741,0021400419,Jump Shot,1,0,Mid-Range
201166,Aaron Brooks,1610612741,0021400419,Reverse Layup Shot,1,1,Restricted Area
201166,Aaron Brooks,1610612741,0021400419,Jump Shot,1,0,Above the Break 3
202734,E'Twaun Moore,1610612741,0021400419,Jump Shot,1,0,Mid-Range
203503,Tony Snell,1610612741,0021400419,Jump Shot,1,0,Mid-Range
202734,E'Twaun Moore,1610612741,0021400419,Jump Shot,1,1,Above the Break 3
202703,Nikola Mirotic,1610612741,0021400419,Jump Shot,1,0,Right Corner 3
201959,Taj Gibson,1610612741,0021400419,Hook Shot,1,1,In The Paint (Non-RA)
202703,Nikola Mirotic,1610612741,0021400419,Jump Shot,1,0,Above the Break 3
201166,Aaron Brooks,1610612741,0021400419,Driving Layup Shot,1,1,Restricted Area
202710,Jimmy Butler III,1610612741,0021400419,Jump Shot,1,0,In The Paint (Non-RA)
201149,Joakim Noah,1610612741,0021400419,Jump Shot,1,0,In The Paint (Non-RA)
2200,Pau Gasol,1610612741,0021400419,Turnaround Fadeaway shot,1,1,Mid-Range
202710,Jimmy Butler III,1610612741,0021400419,Running Layup Shot,1,1,Restricted Area
2200,Pau Gasol,1610612741,0021400419,Jump Shot,1,0,In The Paint (Non-RA)
202710,Jimmy Butler III,1610612741,0021400419,Jump Shot,1,0,Above the Break 3
2200,Pau Gasol,1610612741,0021400419,Jump Shot,1,0,Mid-Range
201149,Joakim Noah,1610612741,0021400419,Running Dunk Shot,1,1,Restricted Area
201149,Joakim Noah,1610612741,0021400419,Dunk Shot,1,1,Restricted Area
201565,Derrick Rose,1610612741,0021400419,Jump Shot,1,0,Mid-Range
201565,Derrick Rose,1610612741,0021400419,Fadeaway Jump Shot,1,1,Above the Break 3
2200,Pau Gasol,1610612741,0021400419,Jump Shot,1,0,Mid-Range
2200,Pau Gasol,1610612741,0021400419,Reverse Layup Shot,1,1,Restricted Area
202710,Jimmy Butler III,1610612741,0021400419,Jump Shot,1,0,Mid-Range
202710,Jimmy Butler III,1610612741,0021400419,Layup Shot,1,0,Restricted Area
201149,Joakim Noah,1610612741,0021400419,Jump Shot,1,0,Mid-Range
201565,Derrick Rose,1610612741,0021400419,Layup Shot,1,0,Restricted Area
201565,Derrick Rose,1610612741,0021400419,Floating Jump shot,1,1,In The Paint (Non-RA)
2200,Pau Gasol,1610612741,0021400419,Jump Shot,1,1,Mid-Range
201565,Derrick Rose,1610612741,0021400419,Running Jump Shot,1,1,Mid-Range
201149,Joakim Noah,1610612741,0021400419,Jump Shot,1,0,Mid-Range
2200,Pau Gasol,1610612741,0021400419,Jump Shot,1,0,Mid-Range
201565,Derrick Rose,1610612741,0021400419,Driving Finger Roll Layup Shot,1,1,Restricted Area
2399,Mike Dunleavy,1610612741,0021400419,Jump Shot,1,0,Above the Break 3
2200,Pau Gasol,1610612741,0021400419,Jump Shot,1,1,Mid-Range
201149,Joakim Noah,1610612741,0021400419,Dunk Shot,1,1,Restricted Area
201565,Derrick Rose,1610612741,0021400419,Jump Shot,1,0,Above the Break 3
202710,Jimmy Butler III,1610612741,0021400419,Turnaround Fadeaway shot,1,1,In The Paint (Non-RA)
201565,Derrick Rose,1610612741,0021400419,Running Jump Shot,1,1,In The Paint (Non-RA)
201959,Taj Gibson,1610612741,0021400419,Jump Bank Shot,1,1,Mid-Range
201166,Aaron Brooks,1610612741,0021400419,Running Reverse Layup Shot,1,1,Restricted Area
202710,Jimmy Butler III,1610612741,0021400419,Jump Shot,1,0,Above the Break 3
201959,Taj Gibson,1610612741,0021400419,Slam Dunk Shot,1,1,Restricted Area
201166,Aaron Brooks,1610612741,0021400419,Jump Shot,1,0,Above the Break 3
201166,Aaron Brooks,1610612741,0021400419,Jump Shot,1,0,Mid-Range
202703,Nikola Mirotic,1610612741,0021400419,Jump Shot,1,1,Right Corner 3
201166,Aaron Brooks,1610612741,0021400419,Running Layup Shot,1,1,Restricted Area
201959,Taj Gibson,1610612741,0021400419,Dunk Shot,1,1,Restricted Area
201166,Aaron Brooks,1610612741,0021400419,Jump Shot,1,0,In The Paint (Non-RA)
201959,Taj Gibson,1610612741,0021400419,Driving Layup Shot,1,1,Restricted Area
202703,Nikola Mirotic,1610612741,0021400419,Jump Bank Shot,1,1,Mid-Range
202734,E'Twaun Moore,1610612741,0021400419,Layup Shot,1,0,Restricted Area
201166,Aaron Brooks,1610612741,0021400419,Jump Shot,1,0,Mid-Range
202734,E'Twaun Moore,1610612741,0021400419,Pullup Jump shot,1,1,In The Paint (Non-RA)
201565,Derrick Rose,1610612741,0021400419,Running Jump Shot,1,1,In The Paint (Non-RA)
201565,Derrick Rose,1610612741,0021400419,Jump Shot,1,0,Mid-Range
201149,Joakim Noah,1610612741,0021400419,Jump Shot,1,0,In The Paint (Non-RA)
201149,Joakim Noah,1610612741,0021400419,Layup Shot,1,0,Restricted Area
201565,Derrick Rose,1610612741,0021400419,Jump Shot,1,0,Above the Break 3
201565,Derrick Rose,1610612741,0021400419,Floating Jump shot,1,1,Mid-Range
201565,Derrick Rose,1610612741,0021400419,Step Back Jump shot,1,1,Mid-Range
201565,Derrick Rose,1610612741,0021400419,Tip Shot,1,1,Restricted Area
201149,Joakim Noah,1610612741,0021400419,Layup Shot,1,0,Restricted Area
201166,Aaron Brooks,1610612741,0021400419,Jump Shot,1,0,Right Corner 3
2399,Mike Dunleavy,1610612741,0021400430,Jump Shot,1,0,Above the Break 3
201565,Derrick Rose,1610612741,0021400430,Pullup Jump shot,1,1,Mid-Range
201565,Derrick Rose,1610612741,0021400430,Floating Jump shot,1,1,In The Paint (Non-RA)
202710,Jimmy Butler III,1610612741,0021400430,Jump Bank Shot,1,0,In The Paint (Non-RA)
201565,Derrick Rose,1610612741,0021400430,Jump Shot,1,1,Above the Break 3
2200,Pau Gasol,1610612741,0021400430,Jump Shot,1,0,Mid-Range
201565,Derrick Rose,1610612741,0021400430,Driving Jump shot,1,0,Mid-Range
2200,Pau Gasol,1610612741,0021400430,Hook Shot,1,0,Mid-Range
201149,Joakim Noah,1610612741,0021400430,Putback Layup Shot,1,1,Restricted Area
2399,Mike Dunleavy,1610612741,0021400430,Running Layup Shot,1,0,Restricted Area
202710,Jimmy Butler III,1610612741,0021400430,Jump Shot,1,0,Above the Break 3
201565,Derrick Rose,1610612741,0021400430,Jump Shot,1,0,Mid-Range
201149,Joakim Noah,1610612741,0021400430,Jump Shot,1,0,Mid-Range
202710,Jimmy Butler III,1610612741,0021400430,Tip Shot,1,1,Restricted Area
202710,Jimmy Butler III,1610612741,0021400430,Jump Shot,1,1,Above the Break 3
202710,Jimmy Butler III,1610612741,0021400430,Layup Shot,1,1,Restricted Area
201166,Aaron Brooks,1610612741,0021400430,Jump Shot,1,0,Mid-Range
2200,Pau Gasol,1610612741,0021400430,Reverse Layup Shot,1,1,Restricted Area
2399,Mike Dunleavy,1610612741,0021400430,Jump Shot,1,1,Above the Break 3
2200,Pau Gasol,1610612741,0021400430,Jump Shot,1,1,Right Corner 3
201166,Aaron Brooks,1610612741,0021400430,Driving Layup Shot,1,1,Restricted Area
201166,Aaron Brooks,1610612741,0021400430,Jump Shot,1,0,Above the Break 3
201166,Aaron Brooks,1610612741,0021400430,Running Layup Shot,1,0,Restricted Area
201959,Taj Gibson,1610612741,0021400430,Dunk Shot,1,1,Restricted Area
202703,Nikola Mirotic,1610612741,0021400430,Jump Shot,1,0,Above the Break 3
201166,Aaron Brooks,1610612741,0021400430,Driving Finger Roll Layup Shot,1,1,Restricted Area
202703,Nikola Mirotic,1610612741,0021400430,Jump Shot,1,1,Above the Break 3
201166,Aaron Brooks,1610612741,0021400430,Layup Shot,1,0,Restricted Area
202734,E'Twaun Moore,1610612741,0021400430,Floating Jump shot,1,1,In The Paint (Non-RA)
201959,Taj Gibson,1610612741,0021400430,Jump Shot,1,1,In The Paint (Non-RA)
202734,E'Twaun Moore,1610612741,0021400430,Jump Shot,1,0,Mid-Range
201959,Taj Gibson,1610612741,0021400430,Putback Layup Shot,1,0,Restricted Area
202703,Nikola Mirotic,1610612741,0021400430,Jump Shot,1,1,Above the Break 3
202703,Nikola Mirotic,1610612741,0021400430,Jump Shot,1,0,Above the Break 3
201959,Taj Gibson,1610612741,0021400430,Layup Shot,1,1,Restricted Area
201565,Derrick Rose,1610612741,0021400430,Jump Bank Shot,1,1,Mid-Range
203503,Tony Snell,1610612741,0021400430,Jump Shot,1,0,Above the Break 3
201149,Joakim Noah,1610612741,0021400430,Layup Shot,1,0,Restricted Area
201149,Joakim Noah,1610612741,0021400430,Dunk Shot,1,1,Restricted Area
2200,Pau Gasol,1610612741,0021400430,Layup Shot,1,1,Restricted Area
2200,Pau Gasol,1610612741,0021400430,Layup Shot,1,1,Restricted Area
202710,Jimmy Butler III,1610612741,0021400430,Jump Shot,1,0,Above the Break 3
201565,Derrick Rose,1610612741,0021400430,Floating Jump shot,1,1,Mid-Range
202710,Jimmy Butler III,1610612741,0021400430,Turnaround Fadeaway shot,1,1,Mid-Range
2200,Pau Gasol,1610612741,0021400430,Turnaround Jump Shot,1,0,Mid-Range
202710,Jimmy Butler III,1610612741,0021400430,Turnaround Jump Shot,1,1,In The Paint (Non-RA)
201565,Derrick Rose,1610612741,0021400430,Jump Shot,1,0,Above the Break 3
2200,Pau Gasol,1610612741,0021400430,Jump Shot,1,1,Mid-Range
202710,Jimmy Butler III,1610612741,0021400430,Layup Shot,1,0,Restricted Area
2200,Pau Gasol,1610612741,0021400430,Layup Shot,1,1,Restricted Area
201149,Joakim Noah,1610612741,0021400430,Tip Shot,1,0,Restricted Area
202710,Jimmy Butler III,1610612741,0021400430,Layup Shot,1,1,Restricted Area
2399,Mike Dunleavy,1610612741,0021400430,Jump Shot,1,0,Above the Break 3
2399,Mike Dunleavy,1610612741,0021400430,Jump Shot,1,1,Above the Break 3
201149,Joakim Noah,1610612741,0021400430,Layup Shot,1,0,Restricted Area
2200,Pau Gasol,1610612741,0021400430,Jump Shot,1,0,Restricted Area
2200,Pau Gasol,1610612741,0021400430,Jump Shot,1,1,Mid-Range
201149,Joakim Noah,1610612741,0021400430,Layup Shot,1,0,Restricted Area
201565,Derrick Rose,1610612741,0021400430,Layup Shot,1,0,Restricted Area
2200,Pau Gasol,1610612741,0021400430,Tip Shot,1,0,Restricted Area
201149,Joakim Noah,1610612741,0021400430,Tip Shot,1,0,Restricted Area
2200,Pau Gasol,1610612741,0021400430,Tip Shot,1,1,Restricted Area
202734,E'Twaun Moore,1610612741,0021400430,Layup Shot,1,1,Restricted Area
202710,Jimmy Butler III,1610612741,0021400430,Jump Shot,1,0,In The Paint (Non-RA)
2200,Pau Gasol,1610612741,0021400430,Driving Layup Shot,1,1,Restricted Area
202703,Nikola Mirotic,1610612741,0021400430,Jump Shot,1,0,Right Corner 3
201166,Aaron Brooks,1610612741,0021400430,Step Back Jump shot,1,1,Mid-Range
202710,Jimmy Butler III,1610612741,0021400430,Running Bank shot,1,1,In The Paint (Non-RA)
201166,Aaron Brooks,1610612741,0021400430,Step Back Jump shot,1,1,Mid-Range
202703,Nikola Mirotic,1610612741,0021400430,Layup Shot,1,1,Restricted Area
201166,Aaron Brooks,1610612741,0021400430,Running Bank shot,1,0,In The Paint (Non-RA)
202703,Nikola Mirotic,1610612741,0021400430,Jump Shot,1,0,Left Corner 3
202703,Nikola Mirotic,1610612741,0021400430,Layup Shot,1,0,Restricted Area
202734,E'Twaun Moore,1610612741,0021400430,Jump Shot,1,0,In The Paint (Non-RA)
201959,Taj Gibson,1610612741,0021400430,Tip Shot,1,0,Restricted Area
201565,Derrick Rose,1610612741,0021400430,Jump Shot,1,0,Above the Break 3
202703,Nikola Mirotic,1610612741,0021400430,Jump Shot,1,1,Above the Break 3
201565,Derrick Rose,1610612741,0021400430,Jump Shot,1,0,Above the Break 3
201166,Aaron Brooks,1610612741,0021400430,Layup Shot,1,0,Restricted Area
201166,Aaron Brooks,1610612741,0021400430,Jump Shot,1,1,Above the Break 3
201166,Aaron Brooks,1610612741,0021400430,Driving Layup Shot,1,1,Restricted Area
201565,Derrick Rose,1610612741,0021400430,Layup Shot,1,1,Restricted Area
201565,Derrick Rose,1610612741,0021400430,Jump Shot,1,1,Above the Break 3
201565,Derrick Rose,1610612741,0021400430,Jump Shot,1,0,Above the Break 3
201166,Aaron Brooks,1610612741,0021400430,Jump Shot,1,0,Mid-Range
203503,Tony Snell,1610612741,0021400430,Layup Shot,1,0,Restricted Area
202710,Jimmy Butler III,1610612741,0021400447,Jump Shot,1,1,In The Paint (Non-RA)
201565,Derrick Rose,1610612741,0021400447,Jump Shot,1,0,Above the Break 3
201565,Derrick Rose,1610612741,0021400447,Jump Shot,1,1,Above the Break 3
201565,Derrick Rose,1610612741,0021400447,Floating Jump shot,1,1,In The Paint (Non-RA)
201565,Derrick Rose,1610612741,0021400447,Jump Shot,1,0,Above the Break 3
202710,Jimmy Butler III,1610612741,0021400447,Running Finger Roll Layup Shot,1,1,Restricted Area
202710,Jimmy Butler III,1610612741,0021400447,Jump Shot,1,1,In The Paint (Non-RA)
2399,Mike Dunleavy,1610612741,0021400447,Jump Shot,1,1,Above the Break 3
202710,Jimmy Butler III,1610612741,0021400447,Running Layup Shot,1,0,Restricted Area
2200,Pau Gasol,1610612741,0021400447,Putback Layup Shot,1,1,Restricted Area
2200,Pau Gasol,1610612741,0021400447,Driving Hook Shot,1,0,In The Paint (Non-RA)
2200,Pau Gasol,1610612741,0021400447,Driving Layup Shot,1,0,Restricted Area
201149,Joakim Noah,1610612741,0021400447,Tip Shot,1,1,Restricted Area
202710,Jimmy Butler III,1610612741,0021400447,Jump Shot,1,0,Above the Break 3
2399,Mike Dunleavy,1610612741,0021400447,Jump Shot,1,0,Above the Break 3
2200,Pau Gasol,1610612741,0021400447,Jump Shot,1,0,In The Paint (Non-RA)
201959,Taj Gibson,1610612741,0021400447,Jump Shot,1,1,Mid-Range
2200,Pau Gasol,1610612741,0021400447,Layup Shot,1,0,Restricted Area
201166,Aaron Brooks,1610612741,0021400447,Jump Shot,1,0,In The Paint (Non-RA)
201959,Taj Gibson,1610612741,0021400447,Jump Shot,1,0,In The Paint (Non-RA)
202710,Jimmy Butler III,1610612741,0021400447,Layup Shot,1,0,Restricted Area
201166,Aaron Brooks,1610612741,0021400447,Jump Shot,1,0,Above the Break 3
201166,Aaron Brooks,1610612741,0021400447,Driving Layup Shot,1,0,Restricted Area
201959,Taj Gibson,1610612741,0021400447,Tip Shot,1,0,Restricted Area
202734,E'Twaun Moore,1610612741,0021400447,Jump Shot,1,0,Left Corner 3
202710,Jimmy Butler III,1610612741,0021400447,Jump Shot,1,0,Above the Break 3
202710,Jimmy Butler III,1610612741,0021400447,Jump Shot,1,0,Right Corner 3
202703,Nikola Mirotic,1610612741,0021400447,Jump Bank Shot,1,1,Above the Break 3
201166,Aaron Brooks,1610612741,0021400447,Running Layup Shot,1,0,Restricted Area
201959,Taj Gibson,1610612741,0021400447,Running Tip Shot,1,0,Restricted Area
201959,Taj Gibson,1610612741,0021400447,Tip Shot,1,1,Restricted Area
202703,Nikola Mirotic,1610612741,0021400447,Jump Shot,1,0,Above the Break 3
203503,Tony Snell,1610612741,0021400447,Running Layup Shot,1,0,Restricted Area
202703,Nikola Mirotic,1610612741,0021400447,Running Layup Shot,1,0,Restricted Area
201959,Taj Gibson,1610612741,0021400447,Jump Shot,1,1,Mid-Range
202703,Nikola Mirotic,1610612741,0021400447,Driving Layup Shot,1,0,Restricted Area
201565,Derrick Rose,1610612741,0021400447,Running Layup Shot,1,1,Restricted Area
201565,Derrick Rose,1610612741,0021400447,Jump Shot,1,1,Mid-Range
201565,Derrick Rose,1610612741,0021400447,Jump Shot,1,1,Above the Break 3
201565,Derrick Rose,1610612741,0021400447,Running Layup Shot,1,0,Restricted Area
201166,Aaron Brooks,1610612741,0021400447,Jump Shot,1,0,Mid-Range
202710,Jimmy Butler III,1610612741,0021400447,Driving Layup Shot,1,1,Restricted Area
201166,Aaron Brooks,1610612741,0021400447,Jump Shot,1,0,Above the Break 3
201166,Aaron Brooks,1610612741,0021400447,Driving Layup Shot,1,1,Restricted Area
201565,Derrick Rose,1610612741,0021400447,Pullup Jump shot,1,0,In The Paint (Non-RA)
201149,Joakim Noah,1610612741,0021400447,Layup Shot,1,0,Restricted Area
2399,Mike Dunleavy,1610612741,0021400447,Jump Shot,1,0,Mid-Range
202710,Jimmy Butler III,1610612741,0021400447,Jump Shot,1,1,Mid-Range
2200,Pau Gasol,1610612741,0021400447,Jump Shot,1,0,Mid-Range
201565,Derrick Rose,1610612741,0021400447,Jump Shot,1,0,Mid-Range
201565,Derrick Rose,1610612741,0021400447,Driving Jump shot,1,0,In The Paint (Non-RA)
2200,Pau Gasol,1610612741,0021400447,Driving Hook Shot,1,1,Restricted Area
2200,Pau Gasol,1610612741,0021400447,Jump Shot,1,0,Mid-Range
201565,Derrick Rose,1610612741,0021400447,Jump Shot,1,0,In The Paint (Non-RA)
2200,Pau Gasol,1610612741,0021400447,Layup Shot,1,1,Restricted Area
202710,Jimmy Butler III,1610612741,0021400447,Jump Shot,1,0,Mid-Range
201149,Joakim Noah,1610612741,0021400447,Tip Shot,1,1,Restricted Area
201166,Aaron Brooks,1610612741,0021400447,Jump Shot,1,1,Above the Break 3
202710,Jimmy Butler III,1610612741,0021400447,Layup Shot,1,1,Restricted Area
201166,Aaron Brooks,1610612741,0021400447,Jump Shot,1,0,Above the Break 3
201149,Joakim Noah,1610612741,0021400447,Tip Shot,1,0,Restricted Area
201149,Joakim Noah,1610612741,0021400447,Tip Shot,1,0,Restricted Area
201166,Aaron Brooks,1610612741,0021400447,Jump Shot,1,0,Above the Break 3
201149,Joakim Noah,1610612741,0021400447,Putback Layup Shot,1,1,Restricted Area
202710,Jimmy Butler III,1610612741,0021400447,Layup Shot,1,1,Restricted Area
202710,Jimmy Butler III,1610612741,0021400447,Jump Shot,1,1,Mid-Range
201959,Taj Gibson,1610612741,0021400447,Turnaround Hook Shot,1,1,In The Paint (Non-RA)
201166,Aaron Brooks,1610612741,0021400447,Running Jump Shot,1,1,In The Paint (Non-RA)
201959,Taj Gibson,1610612741,0021400447,Jump Shot,1,1,Mid-Range
201959,Taj Gibson,1610612741,0021400447,Jump Shot,1,0,In The Paint (Non-RA)
201166,Aaron Brooks,1610612741,0021400447,Layup Shot,1,1,Restricted Area
201166,Aaron Brooks,1610612741,0021400447,Running Reverse Layup Shot,1,1,Restricted Area
202703,Nikola Mirotic,1610612741,0021400447,Running Dunk Shot,1,1,Restricted Area
202734,E'Twaun Moore,1610612741,0021400447,Floating Jump shot,1,1,In The Paint (Non-RA)
202703,Nikola Mirotic,1610612741,0021400447,Fadeaway Jump Shot,1,0,Mid-Range
201166,Aaron Brooks,1610612741,0021400447,Jump Shot,1,0,Mid-Range
202703,Nikola Mirotic,1610612741,0021400447,Jump Shot,1,1,Above the Break 3
2399,Mike Dunleavy,1610612741,0021400447,Jump Shot,1,0,Mid-Range
201565,Derrick Rose,1610612741,0021400447,Jump Shot,1,1,Mid-Range
202710,Jimmy Butler III,1610612741,0021400447,Layup Shot,1,1,Restricted Area
202703,Nikola Mirotic,1610612741,0021400447,Jump Shot,1,0,Above the Break 3
202710,Jimmy Butler III,1610612741,0021400447,Driving Layup Shot,1,1,Restricted Area
201565,Derrick Rose,1610612741,0021400447,Driving Layup Shot,1,1,Restricted Area
201565,Derrick Rose,1610612741,0021400447,Jump Shot,1,0,Mid-Range
201565,Derrick Rose,1610612741,0021400447,Driving Slam Dunk Shot,1,1,Restricted Area
202710,Jimmy Butler III,1610612741,0021400447,Jump Shot,1,1,In The Paint (Non-RA)
202710,Jimmy Butler III,1610612741,0021400447,Turnaround Fadeaway shot,1,1,Mid-Range
201565,Derrick Rose,1610612741,0021400447,Jump Shot,1,0,Above the Break 3
201565,Derrick Rose,1610612741,0021400447,Jump Shot,1,0,Mid-Range
2200,Pau Gasol,1610612741,0021400460,Jump Shot,1,1,Mid-Range
2200,Pau Gasol,1610612741,0021400460,Jump Shot,1,0,Mid-Range
201565,Derrick Rose,1610612741,0021400460,Jump Shot,1,0,Above the Break 3
202710,Jimmy Butler III,1610612741,0021400460,Jump Shot,1,0,In The Paint (Non-RA)
2200,Pau Gasol,1610612741,0021400460,Jump Shot,1,1,Mid-Range
2399,Mike Dunleavy,1610612741,0021400460,Jump Shot,1,0,Mid-Range
2200,Pau Gasol,1610612741,0021400460,Jump Shot,1,0,In The Paint (Non-RA)
201149,Joakim Noah,1610612741,0021400460,Layup Shot,1,1,Restricted Area
202710,Jimmy Butler III,1610612741,0021400460,Turnaround Jump Shot,1,1,Mid-Range
2399,Mike Dunleavy,1610612741,0021400460,Jump Shot,1,0,Above the Break 3
202710,Jimmy Butler III,1610612741,0021400460,Jump Shot,1,0,Mid-Range
201565,Derrick Rose,1610612741,0021400460,Floating Jump shot,1,1,Mid-Range
2200,Pau Gasol,1610612741,0021400460,Jump Shot,1,1,Mid-Range
201565,Derrick Rose,1610612741,0021400460,Jump Shot,1,0,Above the Break 3
201565,Derrick Rose,1610612741,0021400460,Jump Shot,1,0,Above the Break 3
201959,Taj Gibson,1610612741,0021400460,Layup Shot,1,0,Restricted Area
202710,Jimmy Butler III,1610612741,0021400460,Layup Shot,1,1,Restricted Area
201959,Taj Gibson,1610612741,0021400460,Jump Shot,1,1,Mid-Range
201959,Taj Gibson,1610612741,0021400460,Layup Shot,1,0,Restricted Area
201959,Taj Gibson,1610612741,0021400460,Layup Shot,1,1,Restricted Area
201166,Aaron Brooks,1610612741,0021400460,Jump Shot,1,0,Restricted Area
202734,E'Twaun Moore,1610612741,0021400460,Jump Shot,1,0,In The Paint (Non-RA)
202703,Nikola Mirotic,1610612741,0021400460,Jump Shot,1,0,In The Paint (Non-RA)
202703,Nikola Mirotic,1610612741,0021400460,Layup Shot,1,0,Restricted Area
202703,Nikola Mirotic,1610612741,0021400460,Jump Shot,1,1,Above the Break 3
202734,E'Twaun Moore,1610612741,0021400460,Jump Shot,1,0,Mid-Range
202710,Jimmy Butler III,1610612741,0021400460,Layup Shot,1,0,Restricted Area
202703,Nikola Mirotic,1610612741,0021400460,Tip Shot,1,1,Restricted Area
201565,Derrick Rose,1610612741,0021400460,Driving Layup Shot,1,1,Restricted Area
202710,Jimmy Butler III,1610612741,0021400460,Jump Shot,1,1,Above the Break 3
201565,Derrick Rose,1610612741,0021400460,Jump Shot,1,0,Above the Break 3
201149,Joakim Noah,1610612741,0021400460,Jump Shot,1,1,In The Paint (Non-RA)
201565,Derrick Rose,1610612741,0021400460,Jump Shot,1,1,Above the Break 3
202710,Jimmy Butler III,1610612741,0021400460,Jump Shot,1,0,Mid-Range
201565,Derrick Rose,1610612741,0021400460,Jump Shot,1,0,In The Paint (Non-RA)
2200,Pau Gasol,1610612741,0021400460,Layup Shot,1,0,Restricted Area
2200,Pau Gasol,1610612741,0021400460,Tip Shot,1,0,Restricted Area
201149,Joakim Noah,1610612741,0021400460,Tip Shot,1,0,Restricted Area
2200,Pau Gasol,1610612741,0021400460,Tip Shot,1,1,Restricted Area
202710,Jimmy Butler III,1610612741,0021400460,Jump Shot,1,0,Restricted Area
202710,Jimmy Butler III,1610612741,0021400460,Driving Slam Dunk Shot,1,1,Restricted Area
201565,Derrick Rose,1610612741,0021400460,Pullup Jump shot,1,1,Mid-Range
202710,Jimmy Butler III,1610612741,0021400460,Jump Shot,1,1,Mid-Range
2200,Pau Gasol,1610612741,0021400460,Jump Shot,1,0,Mid-Range
201565,Derrick Rose,1610612741,0021400460,Jump Shot,1,0,Mid-Range
202710,Jimmy Butler III,1610612741,0021400460,Putback Dunk Shot,1,1,Restricted Area
201565,Derrick Rose,1610612741,0021400460,Layup Shot,1,1,Restricted Area
201149,Joakim Noah,1610612741,0021400460,Layup Shot,1,0,Restricted Area
202710,Jimmy Butler III,1610612741,0021400460,Layup Shot,1,0,Restricted Area
201565,Derrick Rose,1610612741,0021400460,Jump Shot,1,0,Mid-Range
202710,Jimmy Butler III,1610612741,0021400460,Putback Dunk Shot,1,1,Restricted Area
2200,Pau Gasol,1610612741,0021400460,Jump Shot,1,1,Mid-Range
201565,Derrick Rose,1610612741,0021400460,Jump Shot,1,0,Mid-Range
2399,Mike Dunleavy,1610612741,0021400460,Pullup Jump shot,1,1,Mid-Range
2399,Mike Dunleavy,1610612741,0021400460,Jump Shot,1,1,Above the Break 3
201565,Derrick Rose,1610612741,0021400460,Jump Shot,1,0,In The Paint (Non-RA)
2200,Pau Gasol,1610612741,0021400460,Jump Shot,1,0,Mid-Range
2200,Pau Gasol,1610612741,0021400460,Jump Shot,1,1,Mid-Range
2399,Mike Dunleavy,1610612741,0021400460,Layup Shot,1,1,Restricted Area
202710,Jimmy Butler III,1610612741,0021400460,Jump Shot,1,0,In The Paint (Non-RA)
202710,Jimmy Butler III,1610612741,0021400460,Jump Shot,1,0,Mid-Range
201959,Taj Gibson,1610612741,0021400460,Layup Shot,1,0,Restricted Area
202734,E'Twaun Moore,1610612741,0021400460,Jump Shot,1,0,Left Corner 3
201959,Taj Gibson,1610612741,0021400460,Jump Shot,1,0,Mid-Range
202710,Jimmy Butler III,1610612741,0021400460,Jump Shot,1,0,Mid-Range
201166,Aaron Brooks,1610612741,0021400460,Layup Shot,1,0,Restricted Area
201166,Aaron Brooks,1610612741,0021400460,Jump Shot,1,0,Mid-Range
202710,Jimmy Butler III,1610612741,0021400460,Tip Shot,1,0,Restricted Area
202734,E'Twaun Moore,1610612741,0021400460,Jump Shot,1,0,Mid-Range
202710,Jimmy Butler III,1610612741,0021400460,Jump Shot,1,0,Mid-Range
201565,Derrick Rose,1610612741,0021400460,Jump Shot,1,0,Above the Break 3
201565,Derrick Rose,1610612741,0021400460,Jump Shot,1,0,Mid-Range
201149,Joakim Noah,1610612741,0021400460,Layup Shot,1,0,Restricted Area
2200,Pau Gasol,1610612741,0021400460,Jump Shot,1,0,Mid-Range
201565,Derrick Rose,1610612741,0021400460,Jump Shot,1,0,Mid-Range
201166,Aaron Brooks,1610612741,0021400460,Layup Shot,1,0,Restricted Area
2200,Pau Gasol,1610612741,0021400460,Turnaround Jump Shot,1,1,In The Paint (Non-RA)
201565,Derrick Rose,1610612741,0021400460,Layup Shot,1,0,Restricted Area
201149,Joakim Noah,1610612741,0021400460,Tip Shot,1,0,Restricted Area
201565,Derrick Rose,1610612741,0021400460,Jump Shot,1,0,Left Corner 3
202710,Jimmy Butler III,1610612741,0021400460,Jump Shot,1,1,Above the Break 3
202710,Jimmy Butler III,1610612741,0021400460,Jump Shot,1,0,Mid-Range
201565,Derrick Rose,1610612741,0021400460,Jump Shot,1,0,Mid-Range
201149,Joakim Noah,1610612741,0021400460,Tip Shot,1,0,Restricted Area
2200,Pau Gasol,1610612741,0021400467,Hook Shot,1,0,Mid-Range
202710,Jimmy Butler III,1610612741,0021400467,Jump Shot,1,0,Above the Break 3
201565,Derrick Rose,1610612741,0021400467,Jump Shot,1,0,Above the Break 3
2399,Mike Dunleavy,1610612741,0021400467,Jump Shot,1,1,Mid-Range
201149,Joakim Noah,1610612741,0021400467,Layup Shot,1,1,Restricted Area
2399,Mike Dunleavy,1610612741,0021400467,Jump Shot,1,1,Above the Break 3
2200,Pau Gasol,1610612741,0021400467,Slam Dunk Shot,1,1,Restricted Area
2399,Mike Dunleavy,1610612741,0021400467,Jump Shot,1,0,Above the Break 3
202710,Jimmy Butler III,1610612741,0021400467,Jump Shot,1,1,Mid-Range
201565,Derrick Rose,1610612741,0021400467,Running Jump Shot,1,0,Mid-Range
2399,Mike Dunleavy,1610612741,0021400467,Jump Shot,1,0,Above the Break 3
2200,Pau Gasol,1610612741,0021400467,Layup Shot,1,1,Restricted Area
2200,Pau Gasol,1610612741,0021400467,Jump Shot,1,0,In The Paint (Non-RA)
201565,Derrick Rose,1610612741,0021400467,Jump Shot,1,1,Mid-Range
2399,Mike Dunleavy,1610612741,0021400467,Layup Shot,1,1,Restricted Area
2399,Mike Dunleavy,1610612741,0021400467,Jump Shot,1,1,Mid-Range
2399,Mike Dunleavy,1610612741,0021400467,Jump Shot,1,1,Above the Break 3
201959,Taj Gibson,1610612741,0021400467,Jump Shot,1,0,Mid-Range
201959,Taj Gibson,1610612741,0021400467,Layup Shot,1,1,Restricted Area
201166,Aaron Brooks,1610612741,0021400467,Driving Layup Shot,1,1,Restricted Area
201166,Aaron Brooks,1610612741,0021400467,Running Jump Shot,1,0,Mid-Range
202703,Nikola Mirotic,1610612741,0021400467,Jump Shot,1,0,Above the Break 3
201959,Taj Gibson,1610612741,0021400467,Layup Shot,1,0,Restricted Area
202703,Nikola Mirotic,1610612741,0021400467,Hook Shot,1,0,Restricted Area
202734,E'Twaun Moore,1610612741,0021400467,Jump Shot,1,0,Above the Break 3
202710,Jimmy Butler III,1610612741,0021400467,Driving Layup Shot,1,0,Restricted Area
201959,Taj Gibson,1610612741,0021400467,Putback Layup Shot,1,1,Restricted Area
201565,Derrick Rose,1610612741,0021400467,Jump Shot,1,0,Above the Break 3
202710,Jimmy Butler III,1610612741,0021400467,Driving Layup Shot,1,1,Restricted Area
201565,Derrick Rose,1610612741,0021400467,Jump Shot,1,0,Mid-Range
202710,Jimmy Butler III,1610612741,0021400467,Layup Shot,1,0,Restricted Area
2399,Mike Dunleavy,1610612741,0021400467,Jump Shot,1,0,Mid-Range
2200,Pau Gasol,1610612741,0021400467,Jump Shot,1,0,Mid-Range
201565,Derrick Rose,1610612741,0021400467,Jump Shot,1,0,Mid-Range
2200,Pau Gasol,1610612741,0021400467,Jump Shot,1,0,Mid-Range
203503,Tony Snell,1610612741,0021400467,Jump Shot,1,1,Right Corner 3
202710,Jimmy Butler III,1610612741,0021400467,Jump Shot,1,0,In The Paint (Non-RA)
202710,Jimmy Butler III,1610612741,0021400467,Jump Shot,1,0,Mid-Range
2200,Pau Gasol,1610612741,0021400467,Putback Layup Shot,1,1,Restricted Area
201565,Derrick Rose,1610612741,0021400467,Driving Layup Shot,1,0,Restricted Area
2200,Pau Gasol,1610612741,0021400467,Jump Shot,1,0,Right Corner 3
201565,Derrick Rose,1610612741,0021400467,Jump Shot,1,0,Mid-Range
201149,Joakim Noah,1610612741,0021400467,Tip Shot,1,1,Restricted Area
201565,Derrick Rose,1610612741,0021400467,Finger Roll Layup Shot,1,0,Restricted Area
201149,Joakim Noah,1610612741,0021400467,Tip Shot,1,0,Restricted Area
203503,Tony Snell,1610612741,0021400467,Jump Shot,1,1,Above the Break 3
2200,Pau Gasol,1610612741,0021400467,Jump Shot,1,0,In The Paint (Non-RA)
201565,Derrick Rose,1610612741,0021400467,Jump Shot,1,0,Above the Break 3
201149,Joakim Noah,1610612741,0021400467,Running Hook Shot,1,1,In The Paint (Non-RA)
2399,Mike Dunleavy,1610612741,0021400467,Jump Shot,1,1,Above the Break 3
202710,Jimmy Butler III,1610612741,0021400467,Turnaround Jump Shot,1,0,Mid-Range
2399,Mike Dunleavy,1610612741,0021400467,Jump Shot,1,1,Above the Break 3
201149,Joakim Noah,1610612741,0021400467,Layup Shot,1,1,Restricted Area
201565,Derrick Rose,1610612741,0021400467,Jump Shot,1,0,Above the Break 3
2399,Mike Dunleavy,1610612741,0021400467,Jump Shot,1,0,Above the Break 3
201149,Joakim Noah,1610612741,0021400467,Running Dunk Shot,1,1,Restricted Area
201149,Joakim Noah,1610612741,0021400467,Jump Shot,1,0,Mid-Range
2399,Mike Dunleavy,1610612741,0021400467,Jump Shot,1,0,Mid-Range
201565,Derrick Rose,1610612741,0021400467,Jump Shot,1,0,Above the Break 3
201149,Joakim Noah,1610612741,0021400467,Running Layup Shot,1,1,Restricted Area
201565,Derrick Rose,1610612741,0021400467,Jump Shot,1,0,In The Paint (Non-RA)
2200,Pau Gasol,1610612741,0021400467,Jump Shot,1,0,In The Paint (Non-RA)
201149,Joakim Noah,1610612741,0021400467,Tip Shot,1,0,Restricted Area
201565,Derrick Rose,1610612741,0021400467,Jump Bank Shot,1,1,Mid-Range
202710,Jimmy Butler III,1610612741,0021400467,Jump Shot,1,0,Above the Break 3
201565,Derrick Rose,1610612741,0021400467,Jump Shot,1,0,Mid-Range
2399,Mike Dunleavy,1610612741,0021400467,Jump Shot,1,1,Above the Break 3
2200,Pau Gasol,1610612741,0021400467,Jump Shot,1,1,Mid-Range
2200,Pau Gasol,1610612741,0021400467,Jump Shot,1,0,In The Paint (Non-RA)
202710,Jimmy Butler III,1610612741,0021400467,Jump Shot,1,0,Mid-Range
2399,Mike Dunleavy,1610612741,0021400467,Turnaround Jump Shot,1,1,Mid-Range
2399,Mike Dunleavy,1610612741,0021400467,Jump Shot,1,0,Above the Break 3
202703,Nikola Mirotic,1610612741,0021400467,Jump Shot,1,0,Left Corner 3
202734,E'Twaun Moore,1610612741,0021400467,Jump Shot,1,0,Mid-Range
201959,Taj Gibson,1610612741,0021400467,Layup Shot,1,1,Restricted Area
202734,E'Twaun Moore,1610612741,0021400467,Jump Shot,1,0,In The Paint (Non-RA)
201149,Joakim Noah,1610612741,0021400467,Jump Shot,1,0,Mid-Range
202710,Jimmy Butler III,1610612741,0021400467,Jump Shot,1,0,Above the Break 3
201959,Taj Gibson,1610612741,0021400467,Jump Shot,1,0,Mid-Range
202710,Jimmy Butler III,1610612741,0021400467,Running Layup Shot,1,1,Restricted Area
1737,Nazr Mohammed,1610612741,0021400467,Jump Shot,1,0,In The Paint (Non-RA)
203503,Tony Snell,1610612741,0021400467,Jump Bank Shot,1,1,Above the Break 3
202703,Nikola Mirotic,1610612741,0021400467,Jump Shot,1,0,Above the Break 3
201959,Taj Gibson,1610612741,0021400467,Layup Shot,1,0,Restricted Area
1737,Nazr Mohammed,1610612741,0021400467,Layup Shot,1,1,Restricted Area
202703,Nikola Mirotic,1610612741,0021400467,Dunk Shot,1,1,Restricted Area
201565,Derrick Rose,1610612741,0021400482,Layup Shot,1,0,Restricted Area
2399,Mike Dunleavy,1610612741,0021400482,Jump Shot,1,0,Mid-Range
202710,Jimmy Butler III,1610612741,0021400482,Driving Layup Shot,1,0,Restricted Area
201149,Joakim Noah,1610612741,0021400482,Tip Shot,1,1,Restricted Area
2200,Pau Gasol,1610612741,0021400482,Layup Shot,1,0,Restricted Area
2399,Mike Dunleavy,1610612741,0021400482,Jump Shot,1,0,Left Corner 3
2200,Pau Gasol,1610612741,0021400482,Jump Shot,1,1,Mid-Range
2399,Mike Dunleavy,1610612741,0021400482,Jump Shot,1,1,Above the Break 3
2399,Mike Dunleavy,1610612741,0021400482,Jump Shot,1,0,Mid-Range
201149,Joakim Noah,1610612741,0021400482,Jump Shot,1,0,Mid-Range
2200,Pau Gasol,1610612741,0021400482,Driving Layup Shot,1,0,Restricted Area
201565,Derrick Rose,1610612741,0021400482,Pullup Jump shot,1,0,Mid-Range
202710,Jimmy Butler III,1610612741,0021400482,Running Slam Dunk Shot,1,1,Restricted Area
201565,Derrick Rose,1610612741,0021400482,Pullup Jump shot,1,0,Mid-Range
2200,Pau Gasol,1610612741,0021400482,Layup Shot,1,1,Restricted Area
2399,Mike Dunleavy,1610612741,0021400482,Jump Shot,1,1,Above the Break 3
2550,Kirk Hinrich,1610612741,0021400482,Jump Shot,1,1,Above the Break 3
202710,Jimmy Butler III,1610612741,0021400482,Driving Layup Shot,1,0,Restricted Area
2200,Pau Gasol,1610612741,0021400482,Putback Dunk Shot,1,1,Restricted Area
201959,Taj Gibson,1610612741,0021400482,Driving Jump shot,1,0,In The Paint (Non-RA)
2200,Pau Gasol,1610612741,0021400482,Tip Shot,1,0,Restricted Area
2200,Pau Gasol,1610612741,0021400482,Tip Shot,1,0,Restricted Area
2200,Pau Gasol,1610612741,0021400482,Layup Shot,1,0,Restricted Area
2200,Pau Gasol,1610612741,0021400482,Tip Shot,1,0,Restricted Area
201166,Aaron Brooks,1610612741,0021400482,Running Layup Shot,1,0,Restricted Area
201959,Taj Gibson,1610612741,0021400482,Jump Shot,1,0,In The Paint (Non-RA)
201166,Aaron Brooks,1610612741,0021400482,Fadeaway Jump Shot,1,0,Mid-Range
201959,Taj Gibson,1610612741,0021400482,Layup Shot,1,0,Restricted Area
201959,Taj Gibson,1610612741,0021400482,Layup Shot,1,0,Restricted Area
201166,Aaron Brooks,1610612741,0021400482,Jump Shot,1,1,Above the Break 3
201959,Taj Gibson,1610612741,0021400482,Jump Shot,1,0,Mid-Range
201166,Aaron Brooks,1610612741,0021400482,Jump Shot,1,0,Above the Break 3
201166,Aaron Brooks,1610612741,0021400482,Jump Shot,1,1,Above the Break 3
201565,Derrick Rose,1610612741,0021400482,Jump Shot,1,0,Mid-Range
202710,Jimmy Butler III,1610612741,0021400482,Jump Shot,1,0,Above the Break 3
2200,Pau Gasol,1610612741,0021400482,Jump Shot,1,1,Mid-Range
202710,Jimmy Butler III,1610612741,0021400482,Jump Shot,1,0,Mid-Range
201166,Aaron Brooks,1610612741,0021400482,Running Finger Roll Layup Shot,1,1,Restricted Area
201166,Aaron Brooks,1610612741,0021400482,Jump Shot,1,0,Above the Break 3
2399,Mike Dunleavy,1610612741,0021400482,Jump Shot,1,0,In The Paint (Non-RA)
201565,Derrick Rose,1610612741,0021400482,Floating Jump shot,1,0,Mid-Range
2200,Pau Gasol,1610612741,0021400482,Hook Shot,1,0,In The Paint (Non-RA)
201149,Joakim Noah,1610612741,0021400482,Tip Shot,1,1,Restricted Area
202710,Jimmy Butler III,1610612741,0021400482,Jump Shot,1,1,Mid-Range
202710,Jimmy Butler III,1610612741,0021400482,Driving Layup Shot,1,1,Restricted Area
201565,Derrick Rose,1610612741,0021400482,Jump Shot,1,0,Mid-Range
201565,Derrick Rose,1610612741,0021400482,Layup Shot,1,0,Restricted Area
201565,Derrick Rose,1610612741,0021400482,Jump Shot,1,0,Mid-Range
202710,Jimmy Butler III,1610612741,0021400482,Layup Shot,1,1,Restricted Area
201565,Derrick Rose,1610612741,0021400482,Driving Layup Shot,1,1,Restricted Area
201565,Derrick Rose,1610612741,0021400482,Running Reverse Layup Shot,1,1,Restricted Area
201565,Derrick Rose,1610612741,0021400482,Jump Shot,1,0,Mid-Range
2200,Pau Gasol,1610612741,0021400482,Layup Shot,1,0,Restricted Area
202710,Jimmy Butler III,1610612741,0021400482,Jump Shot,1,1,Above the Break 3
202710,Jimmy Butler III,1610612741,0021400482,Jump Shot,1,1,Mid-Range
201565,Derrick Rose,1610612741,0021400482,Jump Shot,1,0,Left Corner 3
202710,Jimmy Butler III,1610612741,0021400482,Layup Shot,1,1,Restricted Area
201565,Derrick Rose,1610612741,0021400482,Running Layup Shot,1,0,Restricted Area
2200,Pau Gasol,1610612741,0021400482,Tip Shot,1,1,Restricted Area
201565,Derrick Rose,1610612741,0021400482,Layup Shot,1,0,Restricted Area
2550,Kirk Hinrich,1610612741,0021400482,Driving Layup Shot,1,1,Restricted Area
2200,Pau Gasol,1610612741,0021400482,Hook Shot,1,0,Restricted Area
201959,Taj Gibson,1610612741,0021400482,Layup Shot,1,1,Restricted Area
2200,Pau Gasol,1610612741,0021400482,Jump Shot,1,1,Mid-Range
2200,Pau Gasol,1610612741,0021400482,Driving Hook Shot,1,0,In The Paint (Non-RA)
2550,Kirk Hinrich,1610612741,0021400482,Jump Shot,1,1,Left Corner 3
2200,Pau Gasol,1610612741,0021400482,Driving Hook Shot,1,1,Restricted Area
202703,Nikola Mirotic,1610612741,0021400482,Jump Shot,1,0,Above the Break 3
201166,Aaron Brooks,1610612741,0021400482,Running Layup Shot,1,0,Restricted Area
2550,Kirk Hinrich,1610612741,0021400482,Jump Shot,1,1,Mid-Range
202710,Jimmy Butler III,1610612741,0021400482,Jump Shot,1,0,Mid-Range
202710,Jimmy Butler III,1610612741,0021400482,Layup Shot,1,0,Restricted Area
202703,Nikola Mirotic,1610612741,0021400482,Hook Shot,1,1,Restricted Area
201565,Derrick Rose,1610612741,0021400482,Running Layup Shot,1,0,Restricted Area
201149,Joakim Noah,1610612741,0021400482,Jump Shot,1,0,Mid-Range
201565,Derrick Rose,1610612741,0021400482,Jump Shot,1,0,Above the Break 3
201149,Joakim Noah,1610612741,0021400482,Putback Layup Shot,1,1,Restricted Area
201565,Derrick Rose,1610612741,0021400482,Floating Jump shot,1,1,In The Paint (Non-RA)
201565,Derrick Rose,1610612741,0021400482,Floating Jump shot,1,1,In The Paint (Non-RA)
201565,Derrick Rose,1610612741,0021400482,Layup Shot,1,0,Restricted Area
201959,Taj Gibson,1610612741,0021400482,Putback Layup Shot,1,1,Restricted Area
201565,Derrick Rose,1610612741,0021400482,Jump Shot,1,0,Restricted Area
201166,Aaron Brooks,1610612741,0021400482,Jump Shot,1,0,In The Paint (Non-RA)
201565,Derrick Rose,1610612741,0021400482,Jump Shot,1,1,Above the Break 3
202710,Jimmy Butler III,1610612741,0021400482,Alley Oop Dunk Shot,1,1,Restricted Area
201565,Derrick Rose,1610612741,0021400482,Jump Shot,1,0,Mid-Range
201565,Derrick Rose,1610612741,0021400482,Jump Shot,1,1,In The Paint (Non-RA)
201565,Derrick Rose,1610612741,0021400482,Layup Shot,1,0,Restricted Area
201959,Taj Gibson,1610612741,0021400482,Putback Slam Dunk Shot,1,1,Restricted Area
201149,Joakim Noah,1610612741,0021400482,Driving Jump shot,1,0,In The Paint (Non-RA)
201565,Derrick Rose,1610612741,0021400482,Jump Shot,1,1,Mid-Range
201565,Derrick Rose,1610612741,0021400496,Floating Jump shot,1,1,In The Paint (Non-RA)
2200,Pau Gasol,1610612741,0021400496,Jump Shot,1,0,Mid-Range
201149,Joakim Noah,1610612741,0021400496,Jump Shot,1,0,In The Paint (Non-RA)
201565,Derrick Rose,1610612741,0021400496,Jump Shot,1,0,Above the Break 3
201149,Joakim Noah,1610612741,0021400496,Jump Shot,1,0,Mid-Range
202703,Nikola Mirotic,1610612741,0021400496,Jump Shot,1,0,Above the Break 3
2550,Kirk Hinrich,1610612741,0021400496,Jump Shot,1,0,Left Corner 3
2550,Kirk Hinrich,1610612741,0021400496,Jump Shot,1,0,Left Corner 3
201565,Derrick Rose,1610612741,0021400496,Pullup Jump shot,1,0,Mid-Range
2550,Kirk Hinrich,1610612741,0021400496,Jump Shot,1,1,Mid-Range
202703,Nikola Mirotic,1610612741,0021400496,Driving Layup Shot,1,0,In The Paint (Non-RA)
201565,Derrick Rose,1610612741,0021400496,Jump Shot,1,0,Mid-Range
201149,Joakim Noah,1610612741,0021400496,Layup Shot,1,1,Restricted Area
2550,Kirk Hinrich,1610612741,0021400496,Jump Shot,1,1,Mid-Range
202703,Nikola Mirotic,1610612741,0021400496,Jump Shot,1,0,Right Corner 3
201565,Derrick Rose,1610612741,0021400496,Running Layup Shot,1,0,Restricted Area
201149,Joakim Noah,1610612741,0021400496,Tip Shot,1,1,Restricted Area
201166,Aaron Brooks,1610612741,0021400496,Jump Shot,1,0,Above the Break 3
2200,Pau Gasol,1610612741,0021400496,Tip Shot,1,0,Restricted Area
201166,Aaron Brooks,1610612741,0021400496,Running Layup Shot,1,0,Restricted Area
2200,Pau Gasol,1610612741,0021400496,Tip Shot,1,1,Restricted Area
203503,Tony Snell,1610612741,0021400496,Jump Shot,1,0,Left Corner 3
201166,Aaron Brooks,1610612741,0021400496,Layup Shot,1,0,Restricted Area
201959,Taj Gibson,1610612741,0021400496,Putback Layup Shot,1,0,Restricted Area
201959,Taj Gibson,1610612741,0021400496,Putback Layup Shot,1,0,Restricted Area
203503,Tony Snell,1610612741,0021400496,Jump Shot,1,0,Left Corner 3
201166,Aaron Brooks,1610612741,0021400496,Jump Shot,1,0,Above the Break 3
201959,Taj Gibson,1610612741,0021400496,Jump Shot,1,0,In The Paint (Non-RA)
202734,E'Twaun Moore,1610612741,0021400496,Jump Shot,1,0,Above the Break 3
201959,Taj Gibson,1610612741,0021400496,Alley Oop Dunk Shot,1,1,Restricted Area
201149,Joakim Noah,1610612741,0021400496,Layup Shot,1,0,Restricted Area
201166,Aaron Brooks,1610612741,0021400496,Jump Shot,1,1,Left Corner 3
202734,E'Twaun Moore,1610612741,0021400496,Running Layup Shot,1,0,Restricted Area
202734,E'Twaun Moore,1610612741,0021400496,Tip Shot,1,1,Restricted Area
201166,Aaron Brooks,1610612741,0021400496,Fadeaway Jump Shot,1,1,Mid-Range
201959,Taj Gibson,1610612741,0021400496,Driving Layup Shot,1,1,Restricted Area
201166,Aaron Brooks,1610612741,0021400496,Jump Shot,1,0,Left Corner 3
203503,Tony Snell,1610612741,0021400496,Jump Shot,1,0,Restricted Area
201565,Derrick Rose,1610612741,0021400496,Jump Shot,1,0,Mid-Range
201149,Joakim Noah,1610612741,0021400496,Tip Shot,1,0,Restricted Area
202734,E'Twaun Moore,1610612741,0021400496,Tip Shot,1,0,Restricted Area
2200,Pau Gasol,1610612741,0021400496,Layup Shot,1,1,Restricted Area
201565,Derrick Rose,1610612741,0021400496,Driving Layup Shot,1,0,Restricted Area
2200,Pau Gasol,1610612741,0021400496,Hook Shot,1,1,In The Paint (Non-RA)
2200,Pau Gasol,1610612741,0021400496,Jump Shot,1,1,Mid-Range
2550,Kirk Hinrich,1610612741,0021400496,Jump Shot,1,0,Above the Break 3
201565,Derrick Rose,1610612741,0021400496,Jump Shot,1,1,Above the Break 3
201565,Derrick Rose,1610612741,0021400496,Jump Shot,1,0,Above the Break 3
201959,Taj Gibson,1610612741,0021400496,Layup Shot,1,1,Restricted Area
201149,Joakim Noah,1610612741,0021400496,Putback Layup Shot,1,0,Restricted Area
2550,Kirk Hinrich,1610612741,0021400496,Jump Shot,1,1,Mid-Range
2200,Pau Gasol,1610612741,0021400496,Jump Shot,1,1,Right Corner 3
201565,Derrick Rose,1610612741,0021400496,Jump Shot,1,0,Mid-Range
2200,Pau Gasol,1610612741,0021400496,Jump Shot,1,0,Mid-Range
202703,Nikola Mirotic,1610612741,0021400496,Jump Shot,1,1,Above the Break 3
2200,Pau Gasol,1610612741,0021400496,Turnaround Jump Shot,1,1,In The Paint (Non-RA)
202703,Nikola Mirotic,1610612741,0021400496,Jump Shot,1,0,Right Corner 3
201565,Derrick Rose,1610612741,0021400496,Jump Shot,1,0,In The Paint (Non-RA)
2200,Pau Gasol,1610612741,0021400496,Hook Shot,1,0,In The Paint (Non-RA)
2200,Pau Gasol,1610612741,0021400496,Jump Shot,1,0,Mid-Range
201959,Taj Gibson,1610612741,0021400496,Jump Shot,1,0,In The Paint (Non-RA)
201166,Aaron Brooks,1610612741,0021400496,Jump Bank Shot,1,1,Above the Break 3
201166,Aaron Brooks,1610612741,0021400496,Jump Shot,1,1,Mid-Range
202734,E'Twaun Moore,1610612741,0021400496,Jump Bank Shot,1,1,Mid-Range
201166,Aaron Brooks,1610612741,0021400496,Jump Shot,1,0,Above the Break 3
202703,Nikola Mirotic,1610612741,0021400496,Layup Shot,1,1,Restricted Area
202703,Nikola Mirotic,1610612741,0021400496,Jump Shot,1,0,Above the Break 3
201149,Joakim Noah,1610612741,0021400496,Running Layup Shot,1,1,Restricted Area
202734,E'Twaun Moore,1610612741,0021400496,Running Jump Shot,1,0,In The Paint (Non-RA)
201166,Aaron Brooks,1610612741,0021400496,Floating Jump shot,1,1,In The Paint (Non-RA)
203503,Tony Snell,1610612741,0021400496,Driving Layup Shot,1,1,Restricted Area
202734,E'Twaun Moore,1610612741,0021400496,Jump Shot,1,1,Mid-Range
201166,Aaron Brooks,1610612741,0021400496,Running Layup Shot,1,0,Restricted Area
201166,Aaron Brooks,1610612741,0021400496,Jump Shot,1,1,Right Corner 3
201149,Joakim Noah,1610612741,0021400496,Jump Shot,1,0,Mid-Range
201959,Taj Gibson,1610612741,0021400496,Layup Shot,1,1,Restricted Area
201149,Joakim Noah,1610612741,0021400496,Layup Shot,1,0,Restricted Area
201959,Taj Gibson,1610612741,0021400496,Tip Shot,1,0,Restricted Area
201166,Aaron Brooks,1610612741,0021400496,Running Layup Shot,1,0,Restricted Area
2550,Kirk Hinrich,1610612741,0021400496,Jump Shot,1,0,Above the Break 3
2550,Kirk Hinrich,1610612741,0021400496,Jump Shot,1,0,Above the Break 3
2200,Pau Gasol,1610612741,0021400496,Tip Shot,1,1,Restricted Area
201565,Derrick Rose,1610612741,0021400496,Running Jump Shot,1,1,In The Paint (Non-RA)
202703,Nikola Mirotic,1610612741,0021400496,Jump Bank Shot,1,0,In The Paint (Non-RA)
201959,Taj Gibson,1610612741,0021400496,Tip Shot,1,0,Restricted Area
201565,Derrick Rose,1610612741,0021400496,Driving Layup Shot,1,1,Restricted Area
2200,Pau Gasol,1610612741,0021400496,Jump Shot,1,1,In The Paint (Non-RA)
201565,Derrick Rose,1610612741,0021400496,Layup Shot,1,0,Restricted Area
2550,Kirk Hinrich,1610612741,0021400496,Jump Shot,1,0,Above the Break 3
2200,Pau Gasol,1610612741,0021400496,Layup Shot,1,0,Restricted Area
201166,Aaron Brooks,1610612741,0021400496,Jump Shot,1,0,Left Corner 3
2200,Pau Gasol,1610612741,0021400496,Jump Shot,1,0,Mid-Range
201565,Derrick Rose,1610612741,0021400496,Driving Jump shot,1,0,Restricted Area
202703,Nikola Mirotic,1610612741,0021400496,Running Layup Shot,1,0,Restricted Area
2550,Kirk Hinrich,1610612741,0021400496,Putback Layup Shot,1,1,Restricted Area
202703,Nikola Mirotic,1610612741,0021400496,Jump Shot,1,0,Above the Break 3
201565,Derrick Rose,1610612741,0021400496,Jump Shot,1,0,Above the Break 3
2200,Pau Gasol,1610612741,0021400496,Layup Shot,1,1,Restricted Area
201565,Derrick Rose,1610612741,0021400496,Floating Jump shot,1,0,Mid-Range
201565,Derrick Rose,1610612741,0021400496,Driving Layup Shot,1,1,Restricted Area
2200,Pau Gasol,1610612741,0021400512,Hook Shot,1,1,In The Paint (Non-RA)
202710,Jimmy Butler III,1610612741,0021400512,Jump Shot,1,0,Mid-Range
201565,Derrick Rose,1610612741,0021400512,Pullup Jump shot,1,0,Mid-Range
2550,Kirk Hinrich,1610612741,0021400512,Driving Jump shot,1,1,Mid-Range
2200,Pau Gasol,1610612741,0021400512,Jump Shot,1,1,Mid-Range
2200,Pau Gasol,1610612741,0021400512,Jump Shot,1,1,Mid-Range
2200,Pau Gasol,1610612741,0021400512,Jump Shot,1,1,Mid-Range
201565,Derrick Rose,1610612741,0021400512,Driving Layup Shot,1,0,Restricted Area
201149,Joakim Noah,1610612741,0021400512,Putback Layup Shot,1,0,Restricted Area
201149,Joakim Noah,1610612741,0021400512,Tip Shot,1,1,Restricted Area
201565,Derrick Rose,1610612741,0021400512,Layup Shot,1,0,Restricted Area
202710,Jimmy Butler III,1610612741,0021400512,Jump Shot,1,0,Mid-Range
2200,Pau Gasol,1610612741,0021400512,Driving Hook Shot,1,0,In The Paint (Non-RA)
2200,Pau Gasol,1610612741,0021400512,Driving Layup Shot,1,1,Restricted Area
2200,Pau Gasol,1610612741,0021400512,Alley Oop Dunk Shot,1,1,Restricted Area
2200,Pau Gasol,1610612741,0021400512,Turnaround Hook Shot,1,1,In The Paint (Non-RA)
202703,Nikola Mirotic,1610612741,0021400512,Jump Shot,1,0,Mid-Range
201959,Taj Gibson,1610612741,0021400512,Floating Jump shot,1,1,In The Paint (Non-RA)
202710,Jimmy Butler III,1610612741,0021400512,Turnaround Fadeaway shot,1,1,Mid-Range
201959,Taj Gibson,1610612741,0021400512,Tip Shot,1,1,Restricted Area
201959,Taj Gibson,1610612741,0021400512,Layup Shot,1,0,Restricted Area
201166,Aaron Brooks,1610612741,0021400512,Running Layup Shot,1,0,Restricted Area
2200,Pau Gasol,1610612741,0021400512,Putback Layup Shot,1,1,Restricted Area
2200,Pau Gasol,1610612741,0021400512,Tip Shot,1,0,Restricted Area
202710,Jimmy Butler III,1610612741,0021400512,Alley Oop Dunk Shot,1,1,Restricted Area
201149,Joakim Noah,1610612741,0021400512,Layup Shot,1,0,Restricted Area
201149,Joakim Noah,1610612741,0021400512,Layup Shot,1,1,Restricted Area
201166,Aaron Brooks,1610612741,0021400512,Jump Shot,1,1,Mid-Range
202734,E'Twaun Moore,1610612741,0021400512,Jump Shot,1,0,Left Corner 3
201959,Taj Gibson,1610612741,0021400512,Jump Shot,1,0,Mid-Range
201565,Derrick Rose,1610612741,0021400512,Running Layup Shot,1,1,Restricted Area
201565,Derrick Rose,1610612741,0021400512,Running Reverse Layup Shot,1,1,Restricted Area
201565,Derrick Rose,1610612741,0021400512,Running Layup Shot,1,1,Restricted Area
202703,Nikola Mirotic,1610612741,0021400512,Running Layup Shot,1,1,Restricted Area
201565,Derrick Rose,1610612741,0021400512,Running Jump Shot,1,1,Mid-Range
201565,Derrick Rose,1610612741,0021400512,Jump Shot,1,0,Above the Break 3
202703,Nikola Mirotic,1610612741,0021400512,Layup Shot,1,1,Restricted Area
202703,Nikola Mirotic,1610612741,0021400512,Jump Shot,1,0,Above the Break 3
202703,Nikola Mirotic,1610612741,0021400512,Driving Layup Shot,1,1,Restricted Area
202703,Nikola Mirotic,1610612741,0021400512,Jump Shot,1,1,Mid-Range
201565,Derrick Rose,1610612741,0021400512,Driving Layup Shot,1,0,Restricted Area
202710,Jimmy Butler III,1610612741,0021400512,Driving Layup Shot,1,0,Restricted Area
201959,Taj Gibson,1610612741,0021400512,Putback Slam Dunk Shot,1,1,Restricted Area
201959,Taj Gibson,1610612741,0021400512,Jump Shot,1,0,In The Paint (Non-RA)
2200,Pau Gasol,1610612741,0021400512,Jump Shot,1,1,Mid-Range
202710,Jimmy Butler III,1610612741,0021400512,Jump Shot,1,0,In The Paint (Non-RA)
2200,Pau Gasol,1610612741,0021400512,Jump Shot,1,0,Mid-Range
2550,Kirk Hinrich,1610612741,0021400512,Jump Shot,1,0,Left Corner 3
202710,Jimmy Butler III,1610612741,0021400512,Jump Shot,1,0,Mid-Range
202710,Jimmy Butler III,1610612741,0021400512,Jump Shot,1,1,Mid-Range
2550,Kirk Hinrich,1610612741,0021400512,Jump Shot,1,1,Mid-Range
2200,Pau Gasol,1610612741,0021400512,Layup Shot,1,0,Restricted Area
2550,Kirk Hinrich,1610612741,0021400512,Jump Shot,1,0,Right Corner 3
201565,Derrick Rose,1610612741,0021400512,Jump Shot,1,0,Above the Break 3
202710,Jimmy Butler III,1610612741,0021400512,Jump Shot,1,0,In The Paint (Non-RA)
202710,Jimmy Butler III,1610612741,0021400512,Jump Shot,1,1,Left Corner 3
2550,Kirk Hinrich,1610612741,0021400512,Driving Layup Shot,1,1,Restricted Area
2200,Pau Gasol,1610612741,0021400512,Jump Shot,1,0,In The Paint (Non-RA)
201565,Derrick Rose,1610612741,0021400512,Jump Shot,1,0,Above the Break 3
201565,Derrick Rose,1610612741,0021400512,Jump Shot,1,1,Above the Break 3
202710,Jimmy Butler III,1610612741,0021400512,Jump Shot,1,1,Mid-Range
2200,Pau Gasol,1610612741,0021400512,Layup Shot,1,0,Restricted Area
201166,Aaron Brooks,1610612741,0021400512,Jump Shot,1,0,Above the Break 3
202710,Jimmy Butler III,1610612741,0021400512,Jump Shot,1,0,Above the Break 3
202703,Nikola Mirotic,1610612741,0021400512,Jump Shot,1,0,Mid-Range
202703,Nikola Mirotic,1610612741,0021400512,Putback Slam Dunk Shot,1,1,Restricted Area
202710,Jimmy Butler III,1610612741,0021400512,Fadeaway Jump Shot,1,0,Mid-Range
202703,Nikola Mirotic,1610612741,0021400512,Jump Shot,1,0,Left Corner 3
201565,Derrick Rose,1610612741,0021400512,Floating Jump shot,1,1,Mid-Range
201149,Joakim Noah,1610612741,0021400512,Layup Shot,1,0,Restricted Area
202703,Nikola Mirotic,1610612741,0021400512,Putback Dunk Shot,1,1,Restricted Area
2550,Kirk Hinrich,1610612741,0021400512,Jump Shot,1,1,Left Corner 3
201565,Derrick Rose,1610612741,0021400512,Jump Shot,1,0,Mid-Range
201565,Derrick Rose,1610612741,0021400512,Layup Shot,1,0,Restricted Area
202710,Jimmy Butler III,1610612741,0021400512,Jump Shot,1,0,Right Corner 3
202703,Nikola Mirotic,1610612741,0021400512,Jump Shot,1,0,Above the Break 3
201565,Derrick Rose,1610612741,0021400512,Running Layup Shot,1,0,Restricted Area
201565,Derrick Rose,1610612741,0021400512,Running Layup Shot,1,0,Restricted Area
202710,Jimmy Butler III,1610612741,0021400512,Putback Layup Shot,1,0,Restricted Area
201149,Joakim Noah,1610612741,0021400512,Tip Shot,1,0,Restricted Area
2200,Pau Gasol,1610612741,0021400512,Putback Layup Shot,1,1,Restricted Area
202710,Jimmy Butler III,1610612741,0021400512,Jump Shot,1,1,Mid-Range
202710,Jimmy Butler III,1610612741,0021400512,Jump Shot,1,1,Above the Break 3
202703,Nikola Mirotic,1610612741,0021400512,Jump Shot,1,1,Right Corner 3
201149,Joakim Noah,1610612741,0021400512,Running Layup Shot,1,1,Restricted Area
201565,Derrick Rose,1610612741,0021400528,Jump Shot,1,0,Mid-Range
2550,Kirk Hinrich,1610612741,0021400528,Jump Shot,1,0,Above the Break 3
2550,Kirk Hinrich,1610612741,0021400528,Jump Shot,1,0,Above the Break 3
202710,Jimmy Butler III,1610612741,0021400528,Layup Shot,1,1,Restricted Area
2200,Pau Gasol,1610612741,0021400528,Jump Shot,1,1,Mid-Range
202710,Jimmy Butler III,1610612741,0021400528,Reverse Layup Shot,1,0,Restricted Area
201565,Derrick Rose,1610612741,0021400528,Jump Shot,1,0,Above the Break 3
2200,Pau Gasol,1610612741,0021400528,Turnaround Hook Shot,1,0,Restricted Area
2200,Pau Gasol,1610612741,0021400528,Tip Shot,1,1,Restricted Area
201149,Joakim Noah,1610612741,0021400528,Layup Shot,1,0,Restricted Area
201565,Derrick Rose,1610612741,0021400528,Floating Jump shot,1,0,Mid-Range
201149,Joakim Noah,1610612741,0021400528,Jump Shot,1,0,Mid-Range
201565,Derrick Rose,1610612741,0021400528,Jump Shot,1,0,Mid-Range
201565,Derrick Rose,1610612741,0021400528,Layup Shot,1,0,Restricted Area
202710,Jimmy Butler III,1610612741,0021400528,Jump Shot,1,0,Mid-Range
202710,Jimmy Butler III,1610612741,0021400528,Running Layup Shot,1,1,Restricted Area
2550,Kirk Hinrich,1610612741,0021400528,Running Layup Shot,1,0,Restricted Area
201959,Taj Gibson,1610612741,0021400528,Tip Shot,1,1,Restricted Area
2200,Pau Gasol,1610612741,0021400528,Jump Shot,1,0,In The Paint (Non-RA)
202710,Jimmy Butler III,1610612741,0021400528,Running Layup Shot,1,0,Restricted Area
2200,Pau Gasol,1610612741,0021400528,Layup Shot,1,0,Restricted Area
201959,Taj Gibson,1610612741,0021400528,Layup Shot,1,1,Restricted Area
201166,Aaron Brooks,1610612741,0021400528,Running Layup Shot,1,0,Restricted Area
201959,Taj Gibson,1610612741,0021400528,Jump Shot,1,0,Mid-Range
201166,Aaron Brooks,1610612741,0021400528,Floating Jump shot,1,0,In The Paint (Non-RA)
203503,Tony Snell,1610612741,0021400528,Running Layup Shot,1,0,Restricted Area
202703,Nikola Mirotic,1610612741,0021400528,Jump Shot,1,1,Mid-Range
201959,Taj Gibson,1610612741,0021400528,Jump Shot,1,1,Restricted Area
201166,Aaron Brooks,1610612741,0021400528,Running Layup Shot,1,1,Restricted Area
202703,Nikola Mirotic,1610612741,0021400528,Driving Layup Shot,1,0,Restricted Area
201959,Taj Gibson,1610612741,0021400528,Jump Shot,1,0,Mid-Range
201166,Aaron Brooks,1610612741,0021400528,Jump Shot,1,0,Above the Break 3
202703,Nikola Mirotic,1610612741,0021400528,Turnaround Fadeaway shot,1,0,In The Paint (Non-RA)
201959,Taj Gibson,1610612741,0021400528,Jump Shot,1,1,Mid-Range
202703,Nikola Mirotic,1610612741,0021400528,Jump Shot,1,0,Above the Break 3
201565,Derrick Rose,1610612741,0021400528,Running Jump Shot,1,0,Restricted Area
201565,Derrick Rose,1610612741,0021400528,Finger Roll Layup Shot,1,0,Restricted Area
201565,Derrick Rose,1610612741,0021400528,Jump Shot,1,0,Mid-Range
2200,Pau Gasol,1610612741,0021400528,Layup Shot,1,1,Restricted Area
2550,Kirk Hinrich,1610612741,0021400528,Jump Shot,1,0,Mid-Range
202710,Jimmy Butler III,1610612741,0021400528,Jump Shot,1,1,Above the Break 3
2200,Pau Gasol,1610612741,0021400528,Jump Shot,1,0,Mid-Range
201959,Taj Gibson,1610612741,0021400528,Jump Shot,1,1,In The Paint (Non-RA)
2200,Pau Gasol,1610612741,0021400528,Running Hook Shot,1,0,Restricted Area
202710,Jimmy Butler III,1610612741,0021400528,Jump Shot,1,0,Mid-Range
201565,Derrick Rose,1610612741,0021400528,Layup Shot,1,0,Restricted Area
2200,Pau Gasol,1610612741,0021400528,Slam Dunk Shot,1,1,Restricted Area
202710,Jimmy Butler III,1610612741,0021400528,Fadeaway Jump Shot,1,0,Mid-Range
2200,Pau Gasol,1610612741,0021400528,Jump Shot,1,0,In The Paint (Non-RA)
201565,Derrick Rose,1610612741,0021400528,Floating Jump shot,1,0,Mid-Range
201565,Derrick Rose,1610612741,0021400528,Driving Layup Shot,1,1,Restricted Area
2200,Pau Gasol,1610612741,0021400528,Layup Shot,1,0,Restricted Area
2200,Pau Gasol,1610612741,0021400528,Jump Shot,1,1,Left Corner 3
201565,Derrick Rose,1610612741,0021400528,Driving Layup Shot,1,1,Restricted Area
201565,Derrick Rose,1610612741,0021400528,Driving Layup Shot,1,1,Restricted Area
202710,Jimmy Butler III,1610612741,0021400528,Slam Dunk Shot,1,1,Restricted Area
2200,Pau Gasol,1610612741,0021400528,Jump Shot,1,0,Mid-Range
2550,Kirk Hinrich,1610612741,0021400528,Jump Shot,1,0,Right Corner 3
201959,Taj Gibson,1610612741,0021400528,Putback Slam Dunk Shot,1,1,Restricted Area
201565,Derrick Rose,1610612741,0021400528,Finger Roll Layup Shot,1,0,Restricted Area
201959,Taj Gibson,1610612741,0021400528,Tip Shot,1,0,Restricted Area
201959,Taj Gibson,1610612741,0021400528,Jump Shot,1,0,In The Paint (Non-RA)
201166,Aaron Brooks,1610612741,0021400528,Running Jump Shot,1,0,Mid-Range
202703,Nikola Mirotic,1610612741,0021400528,Jump Shot,1,0,Left Corner 3
202710,Jimmy Butler III,1610612741,0021400528,Putback Layup Shot,1,0,Restricted Area
203503,Tony Snell,1610612741,0021400528,Driving Layup Shot,1,1,Restricted Area
202703,Nikola Mirotic,1610612741,0021400528,Jump Shot,1,0,Right Corner 3
202710,Jimmy Butler III,1610612741,0021400528,Jump Shot,1,0,Backcourt
202703,Nikola Mirotic,1610612741,0021400528,Jump Shot,1,0,Right Corner 3
201166,Aaron Brooks,1610612741,0021400528,Running Layup Shot,1,0,Restricted Area
201166,Aaron Brooks,1610612741,0021400528,Jump Shot,1,1,Above the Break 3
201565,Derrick Rose,1610612741,0021400528,Jump Shot,1,0,Mid-Range
201166,Aaron Brooks,1610612741,0021400528,Jump Shot,1,1,Above the Break 3
201166,Aaron Brooks,1610612741,0021400528,Jump Shot,1,0,Left Corner 3
201149,Joakim Noah,1610612741,0021400528,Layup Shot,1,0,Restricted Area
202710,Jimmy Butler III,1610612741,0021400528,Jump Shot,1,1,Above the Break 3
202710,Jimmy Butler III,1610612741,0021400528,Jump Shot,1,0,Above the Break 3
201166,Aaron Brooks,1610612741,0021400528,Running Layup Shot,1,0,Restricted Area
203946,Cameron Bairstow,1610612741,0021400528,Jump Shot,1,1,Mid-Range
202734,E'Twaun Moore,1610612741,0021400528,Jump Shot,1,0,Above the Break 3
201166,Aaron Brooks,1610612741,0021400528,Jump Shot,1,0,Above the Break 3
203503,Tony Snell,1610612741,0021400528,Jump Shot,1,1,Left Corner 3
1737,Nazr Mohammed,1610612741,0021400528,Jump Shot,1,1,Restricted Area
202734,E'Twaun Moore,1610612741,0021400528,Jump Shot,1,1,In The Paint (Non-RA)
201565,Derrick Rose,1610612741,0021400543,Jump Shot,1,0,In The Paint (Non-RA)
201565,Derrick Rose,1610612741,0021400543,Layup Shot,1,1,Restricted Area
201565,Derrick Rose,1610612741,0021400543,Jump Shot,1,0,Above the Break 3
202710,Jimmy Butler III,1610612741,0021400543,Jump Shot,1,0,In The Paint (Non-RA)
202710,Jimmy Butler III,1610612741,0021400543,Jump Shot,1,0,Above the Break 3
202710,Jimmy Butler III,1610612741,0021400543,Jump Shot,1,0,Mid-Range
2200,Pau Gasol,1610612741,0021400543,Jump Shot,1,0,Mid-Range
202710,Jimmy Butler III,1610612741,0021400543,Jump Shot,1,0,Right Corner 3
201149,Joakim Noah,1610612741,0021400543,Jump Shot,1,0,In The Paint (Non-RA)
201565,Derrick Rose,1610612741,0021400543,Pullup Jump shot,1,1,Mid-Range
2550,Kirk Hinrich,1610612741,0021400543,Jump Shot,1,0,Above the Break 3
2200,Pau Gasol,1610612741,0021400543,Jump Shot,1,1,Restricted Area
201565,Derrick Rose,1610612741,0021400543,Jump Shot,1,0,In The Paint (Non-RA)
2550,Kirk Hinrich,1610612741,0021400543,Jump Shot,1,0,In The Paint (Non-RA)
2200,Pau Gasol,1610612741,0021400543,Layup Shot,1,0,Restricted Area
201565,Derrick Rose,1610612741,0021400543,Driving Finger Roll Layup Shot,1,1,Restricted Area
201959,Taj Gibson,1610612741,0021400543,Jump Shot,1,0,Mid-Range
2200,Pau Gasol,1610612741,0021400543,Layup Shot,1,0,Restricted Area
201166,Aaron Brooks,1610612741,0021400543,Layup Shot,1,0,Restricted Area
201959,Taj Gibson,1610612741,0021400543,Jump Shot,1,0,In The Paint (Non-RA)
201166,Aaron Brooks,1610612741,0021400543,Jump Shot,1,0,Mid-Range
203503,Tony Snell,1610612741,0021400543,Jump Shot,1,0,Above the Break 3
202710,Jimmy Butler III,1610612741,0021400543,Jump Shot,1,0,Restricted Area
203503,Tony Snell,1610612741,0021400543,Jump Shot,1,0,Mid-Range
203503,Tony Snell,1610612741,0021400543,Jump Shot,1,1,Above the Break 3
202703,Nikola Mirotic,1610612741,0021400543,Layup Shot,1,1,Restricted Area
201959,Taj Gibson,1610612741,0021400543,Layup Shot,1,0,Restricted Area
201166,Aaron Brooks,1610612741,0021400543,Jump Shot,1,0,Above the Break 3
201166,Aaron Brooks,1610612741,0021400543,Jump Shot,1,0,Left Corner 3
201166,Aaron Brooks,1610612741,0021400543,Layup Shot,1,1,Restricted Area
202734,E'Twaun Moore,1610612741,0021400543,Layup Shot,1,1,Restricted Area
202734,E'Twaun Moore,1610612741,0021400543,Floating Jump shot,1,1,In The Paint (Non-RA)
202734,E'Twaun Moore,1610612741,0021400543,Jump Shot,1,0,In The Paint (Non-RA)
201959,Taj Gibson,1610612741,0021400543,Jump Shot,1,1,In The Paint (Non-RA)
201166,Aaron Brooks,1610612741,0021400543,Driving Finger Roll Layup Shot,1,1,Restricted Area
202734,E'Twaun Moore,1610612741,0021400543,Pullup Jump shot,1,1,Mid-Range
203503,Tony Snell,1610612741,0021400543,Driving Layup Shot,1,1,Restricted Area
201166,Aaron Brooks,1610612741,0021400543,Jump Shot,1,1,Above the Break 3
203503,Tony Snell,1610612741,0021400543,Jump Shot,1,0,Above the Break 3
201565,Derrick Rose,1610612741,0021400543,Jump Shot,1,1,Above the Break 3
201565,Derrick Rose,1610612741,0021400543,Driving Layup Shot,1,1,Restricted Area
201565,Derrick Rose,1610612741,0021400543,Jump Shot,1,0,Above the Break 3
2200,Pau Gasol,1610612741,0021400543,Running Hook Shot,1,1,Mid-Range
202710,Jimmy Butler III,1610612741,0021400543,Jump Shot,1,0,Above the Break 3
201565,Derrick Rose,1610612741,0021400543,Driving Layup Shot,1,1,Restricted Area
2200,Pau Gasol,1610612741,0021400543,Jump Shot,1,0,Mid-Range
2200,Pau Gasol,1610612741,0021400543,Fadeaway Jump Shot,1,1,In The Paint (Non-RA)
201565,Derrick Rose,1610612741,0021400543,Jump Shot,1,0,Above the Break 3
201565,Derrick Rose,1610612741,0021400543,Jump Shot,1,0,Restricted Area
202710,Jimmy Butler III,1610612741,0021400543,Jump Shot,1,0,Right Corner 3
2550,Kirk Hinrich,1610612741,0021400543,Jump Shot,1,1,Above the Break 3
2550,Kirk Hinrich,1610612741,0021400543,Jump Shot,1,0,In The Paint (Non-RA)
201565,Derrick Rose,1610612741,0021400543,Layup Shot,1,0,Restricted Area
2200,Pau Gasol,1610612741,0021400543,Jump Shot,1,0,In The Paint (Non-RA)
201149,Joakim Noah,1610612741,0021400543,Layup Shot,1,0,Restricted Area
202710,Jimmy Butler III,1610612741,0021400543,Jump Shot,1,1,Mid-Range
202710,Jimmy Butler III,1610612741,0021400543,Jump Shot,1,0,Mid-Range
201149,Joakim Noah,1610612741,0021400543,Tip Shot,1,1,Restricted Area
2200,Pau Gasol,1610612741,0021400543,Jump Shot,1,0,In The Paint (Non-RA)
202710,Jimmy Butler III,1610612741,0021400543,Jump Shot,1,1,Right Corner 3
201565,Derrick Rose,1610612741,0021400543,Finger Roll Layup Shot,1,1,Restricted Area
202710,Jimmy Butler III,1610612741,0021400543,Jump Shot,1,0,Restricted Area
201565,Derrick Rose,1610612741,0021400543,Layup Shot,1,1,Restricted Area
201565,Derrick Rose,1610612741,0021400543,Jump Shot,1,0,Above the Break 3
2200,Pau Gasol,1610612741,0021400543,Tip Shot,1,1,Restricted Area
201959,Taj Gibson,1610612741,0021400543,Layup Shot,1,0,Restricted Area
202703,Nikola Mirotic,1610612741,0021400543,Jump Shot,1,0,In The Paint (Non-RA)
202703,Nikola Mirotic,1610612741,0021400543,Layup Shot,1,0,Restricted Area
202710,Jimmy Butler III,1610612741,0021400543,Layup Shot,1,0,Restricted Area
201166,Aaron Brooks,1610612741,0021400543,Jump Shot,1,0,Restricted Area
202703,Nikola Mirotic,1610612741,0021400543,Step Back Jump shot,1,1,Above the Break 3
201166,Aaron Brooks,1610612741,0021400543,Pullup Jump shot,1,1,Above the Break 3
201166,Aaron Brooks,1610612741,0021400543,Jump Shot,1,1,Above the Break 3
201166,Aaron Brooks,1610612741,0021400543,Jump Shot,1,0,Above the Break 3
201565,Derrick Rose,1610612741,0021400543,Jump Shot,1,0,Above the Break 3
201166,Aaron Brooks,1610612741,0021400543,Jump Shot,1,1,Above the Break 3
201149,Joakim Noah,1610612741,0021400543,Layup Shot,1,0,Restricted Area
201565,Derrick Rose,1610612741,0021400543,Jump Shot,1,0,Above the Break 3
201565,Derrick Rose,1610612741,0021400543,Layup Shot,1,0,Restricted Area
2200,Pau Gasol,1610612741,0021400543,Jump Shot,1,1,Mid-Range
203503,Tony Snell,1610612741,0021400543,Jump Shot,1,1,Above the Break 3
201149,Joakim Noah,1610612741,0021400543,Jump Shot,1,0,In The Paint (Non-RA)
201166,Aaron Brooks,1610612741,0021400543,Jump Shot,1,0,Restricted Area
2200,Pau Gasol,1610612741,0021400554,Layup Shot,1,1,Restricted Area
2200,Pau Gasol,1610612741,0021400554,Jump Shot,1,1,Mid-Range
2200,Pau Gasol,1610612741,0021400554,Turnaround Hook Shot,1,1,Mid-Range
2200,Pau Gasol,1610612741,0021400554,Jump Shot,1,0,Mid-Range
203503,Tony Snell,1610612741,0021400554,Jump Shot,1,0,Above the Break 3
203503,Tony Snell,1610612741,0021400554,Jump Shot,1,0,In The Paint (Non-RA)
2550,Kirk Hinrich,1610612741,0021400554,Jump Shot,1,1,Above the Break 3
2200,Pau Gasol,1610612741,0021400554,Running Layup Shot,1,0,Restricted Area
2550,Kirk Hinrich,1610612741,0021400554,Jump Shot,1,0,Mid-Range
2200,Pau Gasol,1610612741,0021400554,Jump Shot,1,1,Mid-Range
2200,Pau Gasol,1610612741,0021400554,Jump Shot,1,1,Mid-Range
2550,Kirk Hinrich,1610612741,0021400554,Jump Shot,1,0,Right Corner 3
2550,Kirk Hinrich,1610612741,0021400554,Jump Shot,1,1,Above the Break 3
2550,Kirk Hinrich,1610612741,0021400554,Jump Shot,1,0,Mid-Range
203503,Tony Snell,1610612741,0021400554,Jump Shot,1,0,Mid-Range
2200,Pau Gasol,1610612741,0021400554,Jump Shot,1,1,Mid-Range
201959,Taj Gibson,1610612741,0021400554,Alley Oop Dunk Shot,1,0,Restricted Area
201166,Aaron Brooks,1610612741,0021400554,Running Layup Shot,1,0,Restricted Area
2200,Pau Gasol,1610612741,0021400554,Putback Layup Shot,1,0,Restricted Area
201959,Taj Gibson,1610612741,0021400554,Layup Shot,1,0,Restricted Area
201959,Taj Gibson,1610612741,0021400554,Tip Shot,1,0,Restricted Area
2200,Pau Gasol,1610612741,0021400554,Jump Shot,1,1,In The Paint (Non-RA)
203503,Tony Snell,1610612741,0021400554,Jump Shot,1,0,Left Corner 3
202710,Jimmy Butler III,1610612741,0021400554,Jump Shot,1,0,In The Paint (Non-RA)
201959,Taj Gibson,1610612741,0021400554,Jump Shot,1,0,Mid-Range
201166,Aaron Brooks,1610612741,0021400554,Jump Shot,1,1,Above the Break 3
201959,Taj Gibson,1610612741,0021400554,Running Jump Shot,1,1,In The Paint (Non-RA)
201166,Aaron Brooks,1610612741,0021400554,Running Reverse Layup Shot,1,0,Restricted Area
201166,Aaron Brooks,1610612741,0021400554,Running Layup Shot,1,0,Restricted Area
202703,Nikola Mirotic,1610612741,0021400554,Jump Shot,1,0,Above the Break 3
2200,Pau Gasol,1610612741,0021400554,Jump Shot,1,0,Mid-Range
202710,Jimmy Butler III,1610612741,0021400554,Running Slam Dunk Shot,1,1,Restricted Area
2200,Pau Gasol,1610612741,0021400554,Fadeaway Jump Shot,1,0,In The Paint (Non-RA)
2200,Pau Gasol,1610612741,0021400554,Jump Shot,1,1,Mid-Range
202703,Nikola Mirotic,1610612741,0021400554,Jump Shot,1,0,Left Corner 3
2200,Pau Gasol,1610612741,0021400554,Jump Shot,1,0,Restricted Area
2200,Pau Gasol,1610612741,0021400554,Putback Layup Shot,1,1,Restricted Area
2200,Pau Gasol,1610612741,0021400554,Layup Shot,1,0,Restricted Area
2200,Pau Gasol,1610612741,0021400554,Tip Shot,1,1,Restricted Area
2200,Pau Gasol,1610612741,0021400554,Jump Shot,1,1,Mid-Range
201149,Joakim Noah,1610612741,0021400554,Driving Layup Shot,1,1,Restricted Area
2550,Kirk Hinrich,1610612741,0021400554,Jump Shot,1,0,Above the Break 3
2550,Kirk Hinrich,1610612741,0021400554,Jump Shot,1,1,Mid-Range
2200,Pau Gasol,1610612741,0021400554,Running Hook Shot,1,0,In The Paint (Non-RA)
201149,Joakim Noah,1610612741,0021400554,Tip Shot,1,0,Restricted Area
203503,Tony Snell,1610612741,0021400554,Jump Shot,1,0,Above the Break 3
2200,Pau Gasol,1610612741,0021400554,Turnaround Hook Shot,1,1,Restricted Area
2550,Kirk Hinrich,1610612741,0021400554,Jump Shot,1,1,Mid-Range
2550,Kirk Hinrich,1610612741,0021400554,Jump Shot,1,0,Mid-Range
202710,Jimmy Butler III,1610612741,0021400554,Jump Shot,1,0,Above the Break 3
2550,Kirk Hinrich,1610612741,0021400554,Jump Shot,1,1,In The Paint (Non-RA)
2200,Pau Gasol,1610612741,0021400554,Jump Shot,1,0,In The Paint (Non-RA)
203503,Tony Snell,1610612741,0021400554,Jump Shot,1,0,Left Corner 3
2200,Pau Gasol,1610612741,0021400554,Jump Shot,1,1,In The Paint (Non-RA)
202710,Jimmy Butler III,1610612741,0021400554,Layup Shot,1,0,Restricted Area
201959,Taj Gibson,1610612741,0021400554,Dunk Shot,1,0,Restricted Area
201959,Taj Gibson,1610612741,0021400554,Putback Layup Shot,1,0,Restricted Area
202710,Jimmy Butler III,1610612741,0021400554,Jump Shot,1,0,Above the Break 3
201959,Taj Gibson,1610612741,0021400554,Layup Shot,1,0,Restricted Area
2200,Pau Gasol,1610612741,0021400554,Layup Shot,1,0,Restricted Area
2200,Pau Gasol,1610612741,0021400554,Layup Shot,1,1,Restricted Area
2550,Kirk Hinrich,1610612741,0021400554,Jump Shot,1,0,Above the Break 3
2200,Pau Gasol,1610612741,0021400554,Layup Shot,1,0,Restricted Area
201959,Taj Gibson,1610612741,0021400554,Hook Shot,1,0,Restricted Area
2200,Pau Gasol,1610612741,0021400554,Tip Shot,1,1,Restricted Area
2200,Pau Gasol,1610612741,0021400554,Driving Layup Shot,1,1,Restricted Area
201166,Aaron Brooks,1610612741,0021400554,Layup Shot,1,0,Restricted Area
201959,Taj Gibson,1610612741,0021400554,Putback Layup Shot,1,0,Restricted Area
202710,Jimmy Butler III,1610612741,0021400554,Putback Layup Shot,1,0,Restricted Area
202703,Nikola Mirotic,1610612741,0021400554,Jump Shot,1,0,Mid-Range
203503,Tony Snell,1610612741,0021400554,Running Layup Shot,1,1,Restricted Area
202703,Nikola Mirotic,1610612741,0021400554,Jump Shot,1,0,Above the Break 3
202703,Nikola Mirotic,1610612741,0021400554,Jump Shot,1,1,Left Corner 3
202734,E'Twaun Moore,1610612741,0021400554,Layup Shot,1,1,Restricted Area
202703,Nikola Mirotic,1610612741,0021400554,Jump Shot,1,1,Mid-Range
202734,E'Twaun Moore,1610612741,0021400554,Jump Shot,1,0,Mid-Range
201166,Aaron Brooks,1610612741,0021400554,Running Layup Shot,1,0,Restricted Area
201959,Taj Gibson,1610612741,0021400554,Jump Bank Shot,1,1,In The Paint (Non-RA)
202710,Jimmy Butler III,1610612741,0021400554,Jump Shot,1,0,Above the Break 3
2550,Kirk Hinrich,1610612741,0021400554,Putback Layup Shot,1,1,Restricted Area
2550,Kirk Hinrich,1610612741,0021400554,Jump Shot,1,1,Mid-Range
2200,Pau Gasol,1610612741,0021400554,Jump Shot,1,0,Mid-Range
2200,Pau Gasol,1610612741,0021400554,Driving Layup Shot,1,1,Restricted Area
201959,Taj Gibson,1610612741,0021400554,Running Layup Shot,1,1,Restricted Area
201166,Aaron Brooks,1610612741,0021400554,Floating Jump shot,1,0,In The Paint (Non-RA)
202710,Jimmy Butler III,1610612741,0021400554,Putback Layup Shot,1,0,Restricted Area
202710,Jimmy Butler III,1610612741,0021400554,Jump Shot,1,1,Mid-Range
2200,Pau Gasol,1610612741,0021400554,Turnaround Jump Shot,1,0,In The Paint (Non-RA)
2200,Pau Gasol,1610612741,0021400566,Jump Shot,1,0,Mid-Range
201565,Derrick Rose,1610612741,0021400566,Running Jump Shot,1,1,Mid-Range
201565,Derrick Rose,1610612741,0021400566,Jump Shot,1,0,Above the Break 3
2200,Pau Gasol,1610612741,0021400566,Jump Shot,1,0,Left Corner 3
202710,Jimmy Butler III,1610612741,0021400566,Jump Shot,1,1,Right Corner 3
201565,Derrick Rose,1610612741,0021400566,Floating Jump shot,1,1,In The Paint (Non-RA)
203503,Tony Snell,1610612741,0021400566,Jump Shot,1,1,Mid-Range
202710,Jimmy Butler III,1610612741,0021400566,Jump Shot,1,0,Mid-Range
2200,Pau Gasol,1610612741,0021400566,Driving Hook Shot,1,0,In The Paint (Non-RA)
201565,Derrick Rose,1610612741,0021400566,Driving Jump shot,1,1,In The Paint (Non-RA)
201149,Joakim Noah,1610612741,0021400566,Jump Shot,1,1,Mid-Range
201565,Derrick Rose,1610612741,0021400566,Jump Shot,1,0,Mid-Range
2200,Pau Gasol,1610612741,0021400566,Jump Shot,1,1,Mid-Range
201149,Joakim Noah,1610612741,0021400566,Driving Layup Shot,1,0,Restricted Area
202710,Jimmy Butler III,1610612741,0021400566,Jump Shot,1,0,Mid-Range
202710,Jimmy Butler III,1610612741,0021400566,Running Layup Shot,1,0,Restricted Area
201959,Taj Gibson,1610612741,0021400566,Putback Layup Shot,1,0,Restricted Area
2550,Kirk Hinrich,1610612741,0021400566,Jump Shot,1,0,Above the Break 3
2550,Kirk Hinrich,1610612741,0021400566,Jump Shot,1,0,Mid-Range
2200,Pau Gasol,1610612741,0021400566,Layup Shot,1,1,Restricted Area
201166,Aaron Brooks,1610612741,0021400566,Jump Shot,1,0,Above the Break 3
201166,Aaron Brooks,1610612741,0021400566,Layup Shot,1,1,Restricted Area
201959,Taj Gibson,1610612741,0021400566,Jump Shot,1,0,Mid-Range
2550,Kirk Hinrich,1610612741,0021400566,Jump Shot,1,1,In The Paint (Non-RA)
202710,Jimmy Butler III,1610612741,0021400566,Jump Shot,1,0,Mid-Range
201149,Joakim Noah,1610612741,0021400566,Running Jump Shot,1,1,Mid-Range
201959,Taj Gibson,1610612741,0021400566,Dunk Shot,1,1,Restricted Area
201166,Aaron Brooks,1610612741,0021400566,Jump Shot,1,0,Above the Break 3
201959,Taj Gibson,1610612741,0021400566,Jump Shot,1,1,Mid-Range
201166,Aaron Brooks,1610612741,0021400566,Jump Shot,1,1,Above the Break 3
201565,Derrick Rose,1610612741,0021400566,Floating Jump shot,1,1,In The Paint (Non-RA)
2200,Pau Gasol,1610612741,0021400566,Driving Layup Shot,1,1,Restricted Area
201565,Derrick Rose,1610612741,0021400566,Jump Shot,1,1,Above the Break 3
202710,Jimmy Butler III,1610612741,0021400566,Layup Shot,1,1,Restricted Area
201565,Derrick Rose,1610612741,0021400566,Jump Shot,1,0,Above the Break 3
203503,Tony Snell,1610612741,0021400566,Jump Shot,1,1,Above the Break 3
202710,Jimmy Butler III,1610612741,0021400566,Jump Shot,1,0,In The Paint (Non-RA)
201149,Joakim Noah,1610612741,0021400566,Jump Shot,1,0,Mid-Range
2200,Pau Gasol,1610612741,0021400566,Jump Shot,1,1,Mid-Range
2200,Pau Gasol,1610612741,0021400566,Jump Shot,1,0,Mid-Range
2200,Pau Gasol,1610612741,0021400566,Driving Layup Shot,1,1,Restricted Area
2200,Pau Gasol,1610612741,0021400566,Hook Shot,1,1,Mid-Range
2550,Kirk Hinrich,1610612741,0021400566,Pullup Jump shot,1,1,Mid-Range
2200,Pau Gasol,1610612741,0021400566,Jump Shot,1,1,Mid-Range
2200,Pau Gasol,1610612741,0021400566,Jump Shot,1,1,Mid-Range
202710,Jimmy Butler III,1610612741,0021400566,Jump Shot,1,0,Above the Break 3
202710,Jimmy Butler III,1610612741,0021400566,Jump Shot,1,1,Mid-Range
2550,Kirk Hinrich,1610612741,0021400566,Step Back Jump shot,1,0,Mid-Range
2550,Kirk Hinrich,1610612741,0021400566,Running Bank shot,1,1,In The Paint (Non-RA)
201565,Derrick Rose,1610612741,0021400566,Driving Layup Shot,1,1,Restricted Area
201149,Joakim Noah,1610612741,0021400566,Jump Shot,1,0,In The Paint (Non-RA)
201565,Derrick Rose,1610612741,0021400566,Pullup Jump shot,1,0,Mid-Range
201149,Joakim Noah,1610612741,0021400566,Jump Shot,1,1,Mid-Range
2200,Pau Gasol,1610612741,0021400566,Jump Shot,1,0,Mid-Range
202710,Jimmy Butler III,1610612741,0021400566,Jump Shot,1,0,Above the Break 3
201565,Derrick Rose,1610612741,0021400566,Jump Shot,1,0,Above the Break 3
2200,Pau Gasol,1610612741,0021400566,Jump Shot,1,1,In The Paint (Non-RA)
2550,Kirk Hinrich,1610612741,0021400566,Jump Shot,1,0,Right Corner 3
2200,Pau Gasol,1610612741,0021400566,Jump Shot,1,0,In The Paint (Non-RA)
201166,Aaron Brooks,1610612741,0021400566,Layup Shot,1,0,Restricted Area
202703,Nikola Mirotic,1610612741,0021400566,Jump Shot,1,0,Right Corner 3
202703,Nikola Mirotic,1610612741,0021400566,Jump Shot,1,0,Left Corner 3
201959,Taj Gibson,1610612741,0021400566,Layup Shot,1,1,Restricted Area
201959,Taj Gibson,1610612741,0021400566,Layup Shot,1,0,Restricted Area
202710,Jimmy Butler III,1610612741,0021400566,Jump Shot,1,1,Above the Break 3
203503,Tony Snell,1610612741,0021400566,Jump Shot,1,0,Above the Break 3
201166,Aaron Brooks,1610612741,0021400566,Jump Shot,1,0,Above the Break 3
202703,Nikola Mirotic,1610612741,0021400566,Layup Shot,1,0,Restricted Area
201959,Taj Gibson,1610612741,0021400566,Driving Slam Dunk Shot,1,1,Restricted Area
202703,Nikola Mirotic,1610612741,0021400566,Jump Shot,1,0,Left Corner 3
202703,Nikola Mirotic,1610612741,0021400566,Jump Shot,1,1,Left Corner 3
202703,Nikola Mirotic,1610612741,0021400566,Driving Layup Shot,1,1,Restricted Area
201166,Aaron Brooks,1610612741,0021400566,Jump Shot,1,0,Left Corner 3
201565,Derrick Rose,1610612741,0021400566,Driving Layup Shot,1,1,Restricted Area
201565,Derrick Rose,1610612741,0021400566,Floating Jump shot,1,1,In The Paint (Non-RA)
201565,Derrick Rose,1610612741,0021400566,Layup Shot,1,0,Restricted Area
201166,Aaron Brooks,1610612741,0021400566,Jump Shot,1,0,Above the Break 3
201565,Derrick Rose,1610612741,0021400566,Jump Shot,1,0,Above the Break 3
201166,Aaron Brooks,1610612741,0021400566,Driving Layup Shot,1,1,Restricted Area
201166,Aaron Brooks,1610612741,0021400566,Jump Shot,1,1,Left Corner 3
202710,Jimmy Butler III,1610612741,0021400566,Jump Shot,1,1,Above the Break 3
2200,Pau Gasol,1610612741,0021400566,Layup Shot,1,1,Restricted Area
202710,Jimmy Butler III,1610612741,0021400566,Jump Shot,1,0,Above the Break 3
202703,Nikola Mirotic,1610612741,0021400566,Layup Shot,1,0,Restricted Area
2200,Pau Gasol,1610612741,0021400579,Jump Shot,1,0,Mid-Range
201565,Derrick Rose,1610612741,0021400579,Running Layup Shot,1,0,Restricted Area
201149,Joakim Noah,1610612741,0021400579,Tip Shot,1,1,Restricted Area
202710,Jimmy Butler III,1610612741,0021400579,Jump Shot,1,0,In The Paint (Non-RA)
202710,Jimmy Butler III,1610612741,0021400579,Jump Shot,1,1,Above the Break 3
203503,Tony Snell,1610612741,0021400579,Layup Shot,1,1,Restricted Area
201565,Derrick Rose,1610612741,0021400579,Jump Shot,1,1,Above the Break 3
203503,Tony Snell,1610612741,0021400579,Jump Shot,1,0,Mid-Range
201565,Derrick Rose,1610612741,0021400579,Driving Layup Shot,1,1,Restricted Area
203503,Tony Snell,1610612741,0021400579,Jump Shot,1,1,Right Corner 3
2200,Pau Gasol,1610612741,0021400579,Turnaround Fadeaway shot,1,0,Mid-Range
202710,Jimmy Butler III,1610612741,0021400579,Jump Shot,1,0,Mid-Range
201565,Derrick Rose,1610612741,0021400579,Jump Shot,1,1,Above the Break 3
201565,Derrick Rose,1610612741,0021400579,Driving Layup Shot,1,1,Restricted Area
201565,Derrick Rose,1610612741,0021400579,Jump Shot,1,1,Mid-Range
201959,Taj Gibson,1610612741,0021400579,Jump Shot,1,1,In The Paint (Non-RA)
201565,Derrick Rose,1610612741,0021400579,Jump Shot,1,0,Above the Break 3
203503,Tony Snell,1610612741,0021400579,Jump Shot,1,0,Above the Break 3
2200,Pau Gasol,1610612741,0021400579,Layup Shot,1,0,Restricted Area
2200,Pau Gasol,1610612741,0021400579,Layup Shot,1,1,Restricted Area
2200,Pau Gasol,1610612741,0021400579,Running Layup Shot,1,0,Restricted Area
201565,Derrick Rose,1610612741,0021400579,Floating Jump shot,1,1,In The Paint (Non-RA)
201565,Derrick Rose,1610612741,0021400579,Jump Shot,1,1,Backcourt
203503,Tony Snell,1610612741,0021400579,Driving Layup Shot,1,1,Restricted Area
201959,Taj Gibson,1610612741,0021400579,Reverse Layup Shot,1,1,Restricted Area
2550,Kirk Hinrich,1610612741,0021400579,Jump Shot,1,0,Left Corner 3
201166,Aaron Brooks,1610612741,0021400579,Jump Shot,1,0,In The Paint (Non-RA)
201959,Taj Gibson,1610612741,0021400579,Tip Shot,1,0,Restricted Area
202703,Nikola Mirotic,1610612741,0021400579,Jump Shot,1,0,Mid-Range
201959,Taj Gibson,1610612741,0021400579,Layup Shot,1,1,Restricted Area
2550,Kirk Hinrich,1610612741,0021400579,Jump Shot,1,0,Mid-Range
201959,Taj Gibson,1610612741,0021400579,Jump Shot,1,0,In The Paint (Non-RA)
202703,Nikola Mirotic,1610612741,0021400579,Jump Shot,1,1,Left Corner 3
202703,Nikola Mirotic,1610612741,0021400579,Layup Shot,1,0,Restricted Area
202710,Jimmy Butler III,1610612741,0021400579,Jump Shot,1,0,Above the Break 3
202703,Nikola Mirotic,1610612741,0021400579,Jump Shot,1,0,Above the Break 3
2200,Pau Gasol,1610612741,0021400579,Jump Shot,1,0,Mid-Range
201565,Derrick Rose,1610612741,0021400579,Jump Shot,1,1,Above the Break 3
201565,Derrick Rose,1610612741,0021400579,Jump Shot,1,0,Above the Break 3
201565,Derrick Rose,1610612741,0021400579,Running Jump Shot,1,0,In The Paint (Non-RA)
2200,Pau Gasol,1610612741,0021400579,Hook Shot,1,0,Mid-Range
2200,Pau Gasol,1610612741,0021400579,Jump Shot,1,1,In The Paint (Non-RA)
202710,Jimmy Butler III,1610612741,0021400579,Jump Shot,1,0,Mid-Range
201565,Derrick Rose,1610612741,0021400579,Jump Shot,1,1,Above the Break 3
2200,Pau Gasol,1610612741,0021400579,Jump Shot,1,0,In The Paint (Non-RA)
203503,Tony Snell,1610612741,0021400579,Jump Shot,1,0,Above the Break 3
201959,Taj Gibson,1610612741,0021400579,Layup Shot,1,0,Restricted Area
202710,Jimmy Butler III,1610612741,0021400579,Jump Shot,1,0,Mid-Range
201565,Derrick Rose,1610612741,0021400579,Fadeaway Jump Shot,1,0,In The Paint (Non-RA)
202710,Jimmy Butler III,1610612741,0021400579,Jump Shot,1,1,Mid-Range
201565,Derrick Rose,1610612741,0021400579,Driving Layup Shot,1,1,Restricted Area
201565,Derrick Rose,1610612741,0021400579,Jump Shot,1,0,Mid-Range
201565,Derrick Rose,1610612741,0021400579,Jump Shot,1,0,Mid-Range
201959,Taj Gibson,1610612741,0021400579,Layup Shot,1,1,Restricted Area
202710,Jimmy Butler III,1610612741,0021400579,Jump Shot,1,0,Above the Break 3
203503,Tony Snell,1610612741,0021400579,Dunk Shot,1,0,Restricted Area
201565,Derrick Rose,1610612741,0021400579,Driving Jump shot,1,1,In The Paint (Non-RA)
2200,Pau Gasol,1610612741,0021400579,Jump Shot,1,1,Mid-Range
201565,Derrick Rose,1610612741,0021400579,Jump Shot,1,0,Mid-Range
202710,Jimmy Butler III,1610612741,0021400579,Jump Shot,1,0,Mid-Range
2200,Pau Gasol,1610612741,0021400579,Finger Roll Layup Shot,1,1,Restricted Area
203503,Tony Snell,1610612741,0021400579,Jump Shot,1,0,Above the Break 3
202703,Nikola Mirotic,1610612741,0021400579,Jump Shot,1,0,Mid-Range
201959,Taj Gibson,1610612741,0021400579,Hook Shot,1,1,In The Paint (Non-RA)
203503,Tony Snell,1610612741,0021400579,Jump Shot,1,0,Above the Break 3
201166,Aaron Brooks,1610612741,0021400579,Jump Shot,1,0,Above the Break 3
202703,Nikola Mirotic,1610612741,0021400579,Jump Shot,1,1,Above the Break 3
202703,Nikola Mirotic,1610612741,0021400579,Running Layup Shot,1,0,Restricted Area
201166,Aaron Brooks,1610612741,0021400579,Jump Shot,1,1,Above the Break 3
201166,Aaron Brooks,1610612741,0021400579,Driving Layup Shot,1,1,Restricted Area
201166,Aaron Brooks,1610612741,0021400579,Jump Shot,1,0,Above the Break 3
201959,Taj Gibson,1610612741,0021400579,Dunk Shot,1,1,Restricted Area
201565,Derrick Rose,1610612741,0021400579,Jump Shot,1,0,Above the Break 3
202703,Nikola Mirotic,1610612741,0021400579,Jump Shot,1,0,Above the Break 3
201166,Aaron Brooks,1610612741,0021400579,Running Layup Shot,1,0,Restricted Area
201565,Derrick Rose,1610612741,0021400579,Jump Shot,1,1,Above the Break 3
201166,Aaron Brooks,1610612741,0021400579,Jump Shot,1,1,Above the Break 3
202710,Jimmy Butler III,1610612741,0021400579,Jump Shot,1,1,Above the Break 3
201565,Derrick Rose,1610612741,0021400579,Running Jump Shot,1,0,In The Paint (Non-RA)
201565,Derrick Rose,1610612741,0021400591,Floating Jump shot,1,0,Mid-Range
202710,Jimmy Butler III,1610612741,0021400591,Jump Shot,1,0,Above the Break 3
201565,Derrick Rose,1610612741,0021400591,Layup Shot,1,1,Restricted Area
201565,Derrick Rose,1610612741,0021400591,Jump Shot,1,1,Above the Break 3
2200,Pau Gasol,1610612741,0021400591,Turnaround Hook Shot,1,0,In The Paint (Non-RA)
201959,Taj Gibson,1610612741,0021400591,Jump Shot,1,0,In The Paint (Non-RA)
2200,Pau Gasol,1610612741,0021400591,Putback Layup Shot,1,1,Restricted Area
201565,Derrick Rose,1610612741,0021400591,Layup Shot,1,1,Restricted Area
2550,Kirk Hinrich,1610612741,0021400591,Layup Shot,1,0,Restricted Area
202710,Jimmy Butler III,1610612741,0021400591,Jump Shot,1,0,Mid-Range
202710,Jimmy Butler III,1610612741,0021400591,Layup Shot,1,1,Restricted Area
201166,Aaron Brooks,1610612741,0021400591,Driving Finger Roll Layup Shot,1,1,Restricted Area
2200,Pau Gasol,1610612741,0021400591,Jump Shot,1,0,Mid-Range
2550,Kirk Hinrich,1610612741,0021400591,Jump Shot,1,0,Mid-Range
201166,Aaron Brooks,1610612741,0021400591,Jump Shot,1,0,Above the Break 3
201166,Aaron Brooks,1610612741,0021400591,Layup Shot,1,1,Restricted Area
2200,Pau Gasol,1610612741,0021400591,Jump Shot,1,0,In The Paint (Non-RA)
202710,Jimmy Butler III,1610612741,0021400591,Running Jump Shot,1,0,Mid-Range
201959,Taj Gibson,1610612741,0021400591,Dunk Shot,1,1,Restricted Area
201565,Derrick Rose,1610612741,0021400591,Jump Shot,1,0,Above the Break 3
201565,Derrick Rose,1610612741,0021400591,Jump Shot,1,0,In The Paint (Non-RA)
2200,Pau Gasol,1610612741,0021400591,Jump Shot,1,1,Mid-Range
201959,Taj Gibson,1610612741,0021400591,Layup Shot,1,1,Restricted Area
201166,Aaron Brooks,1610612741,0021400591,Jump Shot,1,0,Above the Break 3
202710,Jimmy Butler III,1610612741,0021400591,Jump Shot,1,0,Mid-Range
202703,Nikola Mirotic,1610612741,0021400591,Jump Shot,1,0,Right Corner 3
201166,Aaron Brooks,1610612741,0021400591,Driving Layup Shot,1,1,Restricted Area
201959,Taj Gibson,1610612741,0021400591,Jump Shot,1,0,In The Paint (Non-RA)
202703,Nikola Mirotic,1610612741,0021400591,Jump Shot,1,1,Mid-Range
202710,Jimmy Butler III,1610612741,0021400591,Turnaround Jump Shot,1,0,Mid-Range
201166,Aaron Brooks,1610612741,0021400591,Jump Shot,1,1,Right Corner 3
202734,E'Twaun Moore,1610612741,0021400591,Jump Shot,1,1,Left Corner 3
202703,Nikola Mirotic,1610612741,0021400591,Jump Shot,1,0,Above the Break 3
202734,E'Twaun Moore,1610612741,0021400591,Jump Shot,1,0,Above the Break 3
201959,Taj Gibson,1610612741,0021400591,Dunk Shot,1,1,Restricted Area
201959,Taj Gibson,1610612741,0021400591,Jump Shot,1,0,Mid-Range
201565,Derrick Rose,1610612741,0021400591,Jump Shot,1,0,Mid-Range
2550,Kirk Hinrich,1610612741,0021400591,Jump Shot,1,1,Right Corner 3
201959,Taj Gibson,1610612741,0021400591,Layup Shot,1,0,Restricted Area
201565,Derrick Rose,1610612741,0021400591,Jump Shot,1,0,Restricted Area
202710,Jimmy Butler III,1610612741,0021400591,Jump Shot,1,1,Mid-Range
201565,Derrick Rose,1610612741,0021400591,Floating Jump shot,1,0,Mid-Range
201565,Derrick Rose,1610612741,0021400591,Layup Shot,1,1,Restricted Area
202703,Nikola Mirotic,1610612741,0021400591,Jump Shot,1,0,Right Corner 3
2200,Pau Gasol,1610612741,0021400591,Jump Shot,1,1,Mid-Range
201565,Derrick Rose,1610612741,0021400591,Jump Shot,1,0,Above the Break 3
202710,Jimmy Butler III,1610612741,0021400591,Layup Shot,1,1,Restricted Area
2550,Kirk Hinrich,1610612741,0021400591,Jump Shot,1,1,Above the Break 3
2200,Pau Gasol,1610612741,0021400591,Dunk Shot,1,1,Restricted Area
202710,Jimmy Butler III,1610612741,0021400591,Jump Shot,1,1,Mid-Range
202710,Jimmy Butler III,1610612741,0021400591,Running Reverse Layup Shot,1,0,Restricted Area
202710,Jimmy Butler III,1610612741,0021400591,Layup Shot,1,1,Restricted Area
2200,Pau Gasol,1610612741,0021400591,Jump Shot,1,1,Mid-Range
2200,Pau Gasol,1610612741,0021400591,Running Jump Shot,1,1,In The Paint (Non-RA)
201959,Taj Gibson,1610612741,0021400591,Jump Bank Shot,1,0,Mid-Range
2200,Pau Gasol,1610612741,0021400591,Jump Shot,1,1,Mid-Range
2200,Pau Gasol,1610612741,0021400591,Jump Shot,1,0,Mid-Range
201565,Derrick Rose,1610612741,0021400591,Driving Jump shot,1,1,In The Paint (Non-RA)
202710,Jimmy Butler III,1610612741,0021400591,Dunk Shot,1,1,Restricted Area
201959,Taj Gibson,1610612741,0021400591,Jump Shot,1,0,In The Paint (Non-RA)
2200,Pau Gasol,1610612741,0021400591,Jump Shot,1,1,Mid-Range
202710,Jimmy Butler III,1610612741,0021400591,Layup Shot,1,1,Restricted Area
201565,Derrick Rose,1610612741,0021400591,Jump Shot,1,1,Above the Break 3
201565,Derrick Rose,1610612741,0021400591,Driving Jump shot,1,1,In The Paint (Non-RA)
2200,Pau Gasol,1610612741,0021400591,Jump Shot,1,0,Mid-Range
201565,Derrick Rose,1610612741,0021400591,Jump Shot,1,0,Above the Break 3
202710,Jimmy Butler III,1610612741,0021400591,Layup Shot,1,1,Restricted Area
202710,Jimmy Butler III,1610612741,0021400591,Driving Jump shot,1,0,In The Paint (Non-RA)
2200,Pau Gasol,1610612741,0021400591,Jump Shot,1,1,Mid-Range
201565,Derrick Rose,1610612741,0021400591,Driving Finger Roll Layup Shot,1,1,Restricted Area
2200,Pau Gasol,1610612741,0021400591,Turnaround Jump Shot,1,0,In The Paint (Non-RA)
202734,E'Twaun Moore,1610612741,0021400591,Jump Shot,1,1,Above the Break 3
202710,Jimmy Butler III,1610612741,0021400591,Turnaround Jump Shot,1,1,Mid-Range
202734,E'Twaun Moore,1610612741,0021400591,Jump Shot,1,1,Above the Break 3
202710,Jimmy Butler III,1610612741,0021400591,Jump Shot,1,0,Mid-Range
201166,Aaron Brooks,1610612741,0021400591,Jump Shot,1,1,Above the Break 3
201959,Taj Gibson,1610612741,0021400591,Turnaround Fadeaway shot,1,1,Mid-Range
201166,Aaron Brooks,1610612741,0021400591,Jump Shot,1,0,In The Paint (Non-RA)
202710,Jimmy Butler III,1610612741,0021400591,Dunk Shot,1,1,Restricted Area
201565,Derrick Rose,1610612741,0021400591,Turnaround Jump Shot,1,1,In The Paint (Non-RA)
202703,Nikola Mirotic,1610612741,0021400591,Jump Shot,1,0,Above the Break 3
201166,Aaron Brooks,1610612741,0021400591,Jump Shot,1,1,Right Corner 3
201565,Derrick Rose,1610612741,0021400591,Jump Shot,1,1,Left Corner 3
201166,Aaron Brooks,1610612741,0021400591,Layup Shot,1,0,Restricted Area
2200,Pau Gasol,1610612741,0021400591,Jump Shot,1,0,Mid-Range
201959,Taj Gibson,1610612741,0021400591,Dunk Shot,1,1,Restricted Area
201565,Derrick Rose,1610612741,0021400591,Jump Shot,1,1,Above the Break 3
201565,Derrick Rose,1610612741,0021400591,Jump Shot,1,1,Above the Break 3
202710,Jimmy Butler III,1610612741,0021400591,Jump Shot,1,0,Above the Break 3
201565,Derrick Rose,1610612741,0021400602,Jump Shot,1,0,Mid-Range
202710,Jimmy Butler III,1610612741,0021400602,Jump Shot,1,1,Mid-Range
2550,Kirk Hinrich,1610612741,0021400602,Jump Shot,1,1,Above the Break 3
2200,Pau Gasol,1610612741,0021400602,Jump Shot,1,1,Mid-Range
201565,Derrick Rose,1610612741,0021400602,Jump Shot,1,0,Above the Break 3
201959,Taj Gibson,1610612741,0021400602,Jump Shot,1,0,Mid-Range
202710,Jimmy Butler III,1610612741,0021400602,Jump Shot,1,0,Mid-Range
2550,Kirk Hinrich,1610612741,0021400602,Jump Shot,1,0,Above the Break 3
201565,Derrick Rose,1610612741,0021400602,Jump Shot,1,0,In The Paint (Non-RA)
2200,Pau Gasol,1610612741,0021400602,Finger Roll Layup Shot,1,1,Restricted Area
202710,Jimmy Butler III,1610612741,0021400602,Jump Shot,1,0,In The Paint (Non-RA)
2200,Pau Gasol,1610612741,0021400602,Jump Shot,1,0,Mid-Range
201959,Taj Gibson,1610612741,0021400602,Hook Shot,1,0,In The Paint (Non-RA)
2200,Pau Gasol,1610612741,0021400602,Tip Shot,1,0,Restricted Area
202734,E'Twaun Moore,1610612741,0021400602,Floating Jump shot,1,1,In The Paint (Non-RA)
201565,Derrick Rose,1610612741,0021400602,Jump Shot,1,0,Mid-Range
202710,Jimmy Butler III,1610612741,0021400602,Jump Shot,1,0,Above the Break 3
201959,Taj Gibson,1610612741,0021400602,Jump Shot,1,0,In The Paint (Non-RA)
201166,Aaron Brooks,1610612741,0021400602,Floating Jump shot,1,0,In The Paint (Non-RA)
202703,Nikola Mirotic,1610612741,0021400602,Jump Shot,1,0,Above the Break 3
201959,Taj Gibson,1610612741,0021400602,Layup Shot,1,0,Restricted Area
202710,Jimmy Butler III,1610612741,0021400602,Slam Dunk Shot,1,1,Restricted Area
201166,Aaron Brooks,1610612741,0021400602,Floating Jump shot,1,1,In The Paint (Non-RA)
202703,Nikola Mirotic,1610612741,0021400602,Jump Shot,1,0,Above the Break 3
201166,Aaron Brooks,1610612741,0021400602,Driving Layup Shot,1,1,Restricted Area
202703,Nikola Mirotic,1610612741,0021400602,Jump Shot,1,1,Above the Break 3
201959,Taj Gibson,1610612741,0021400602,Slam Dunk Shot,1,1,Restricted Area
202703,Nikola Mirotic,1610612741,0021400602,Jump Shot,1,0,Above the Break 3
201166,Aaron Brooks,1610612741,0021400602,Jump Shot,1,1,Above the Break 3
201565,Derrick Rose,1610612741,0021400602,Jump Shot,1,0,In The Paint (Non-RA)
2200,Pau Gasol,1610612741,0021400602,Jump Shot,1,0,Mid-Range
201565,Derrick Rose,1610612741,0021400602,Jump Shot,1,1,In The Paint (Non-RA)
2200,Pau Gasol,1610612741,0021400602,Layup Shot,1,1,Restricted Area
202710,Jimmy Butler III,1610612741,0021400602,Jump Shot,1,0,Above the Break 3
202710,Jimmy Butler III,1610612741,0021400602,Alley Oop Layup shot,1,1,Restricted Area
2200,Pau Gasol,1610612741,0021400602,Driving Layup Shot,1,1,Restricted Area
2200,Pau Gasol,1610612741,0021400602,Jump Shot,1,0,In The Paint (Non-RA)
201565,Derrick Rose,1610612741,0021400602,Jump Shot,1,0,Above the Break 3
2200,Pau Gasol,1610612741,0021400602,Layup Shot,1,1,Restricted Area
201565,Derrick Rose,1610612741,0021400602,Jump Shot,1,1,Above the Break 3
201565,Derrick Rose,1610612741,0021400602,Jump Shot,1,1,Above the Break 3
2550,Kirk Hinrich,1610612741,0021400602,Jump Shot,1,0,Above the Break 3
201565,Derrick Rose,1610612741,0021400602,Running Layup Shot,1,0,Restricted Area
202710,Jimmy Butler III,1610612741,0021400602,Jump Shot,1,1,Mid-Range
202710,Jimmy Butler III,1610612741,0021400602,Layup Shot,1,0,Restricted Area
202710,Jimmy Butler III,1610612741,0021400602,Running Layup Shot,1,1,Restricted Area
201959,Taj Gibson,1610612741,0021400602,Running Layup Shot,1,1,Restricted Area
201565,Derrick Rose,1610612741,0021400602,Running Layup Shot,1,0,Restricted Area
2200,Pau Gasol,1610612741,0021400602,Jump Shot,1,0,Mid-Range
2200,Pau Gasol,1610612741,0021400602,Jump Shot,1,0,Mid-Range
2550,Kirk Hinrich,1610612741,0021400602,Running Layup Shot,1,1,Restricted Area
201565,Derrick Rose,1610612741,0021400602,Jump Shot,1,1,Above the Break 3
201565,Derrick Rose,1610612741,0021400602,Running Bank shot,1,1,Mid-Range
201565,Derrick Rose,1610612741,0021400602,Jump Shot,1,1,Above the Break 3
201565,Derrick Rose,1610612741,0021400602,Pullup Jump shot,1,0,Above the Break 3
202734,E'Twaun Moore,1610612741,0021400602,Jump Shot,1,0,Mid-Range
201959,Taj Gibson,1610612741,0021400602,Slam Dunk Shot,1,1,Restricted Area
202734,E'Twaun Moore,1610612741,0021400602,Jump Shot,1,0,Left Corner 3
201166,Aaron Brooks,1610612741,0021400602,Jump Shot,1,0,Left Corner 3
202734,E'Twaun Moore,1610612741,0021400602,Jump Shot,1,1,In The Paint (Non-RA)
202710,Jimmy Butler III,1610612741,0021400602,Jump Shot,1,1,Above the Break 3
201166,Aaron Brooks,1610612741,0021400602,Running Bank shot,1,1,Mid-Range
201166,Aaron Brooks,1610612741,0021400602,Jump Shot,1,0,Above the Break 3
2200,Pau Gasol,1610612741,0021400602,Alley Oop Layup shot,1,1,Restricted Area
2200,Pau Gasol,1610612741,0021400602,Jump Shot,1,0,Mid-Range
2550,Kirk Hinrich,1610612741,0021400602,Jump Shot,1,1,Left Corner 3
201565,Derrick Rose,1610612741,0021400602,Driving Layup Shot,1,1,Restricted Area
201565,Derrick Rose,1610612741,0021400602,Jump Shot,1,0,Above the Break 3
2550,Kirk Hinrich,1610612741,0021400602,Jump Shot,1,0,Above the Break 3
201565,Derrick Rose,1610612741,0021400602,Driving Reverse Layup Shot,1,1,Restricted Area
2200,Pau Gasol,1610612741,0021400602,Jump Shot,1,0,Mid-Range
201565,Derrick Rose,1610612741,0021400602,Driving Jump shot,1,0,Mid-Range
2200,Pau Gasol,1610612741,0021400602,Driving Layup Shot,1,1,Restricted Area
2200,Pau Gasol,1610612741,0021400602,Jump Shot,1,1,Mid-Range
2200,Pau Gasol,1610612741,0021400602,Jump Shot,1,1,Mid-Range
201565,Derrick Rose,1610612741,0021400602,Running Layup Shot,1,0,Restricted Area
2200,Pau Gasol,1610612741,0021400602,Layup Shot,1,0,Restricted Area
201565,Derrick Rose,1610612741,0021400602,Jump Shot,1,0,Above the Break 3
201166,Aaron Brooks,1610612741,0021400602,Running Layup Shot,1,1,Restricted Area
201565,Derrick Rose,1610612741,0021400602,Jump Shot,1,0,Backcourt
202710,Jimmy Butler III,1610612741,0021400620,Jump Shot,1,0,Mid-Range
202710,Jimmy Butler III,1610612741,0021400620,Jump Shot,1,0,Right Corner 3
201959,Taj Gibson,1610612741,0021400620,Turnaround Bank shot,1,1,Mid-Range
201959,Taj Gibson,1610612741,0021400620,Turnaround Jump Shot,1,0,Mid-Range
201565,Derrick Rose,1610612741,0021400620,Floating Jump shot,1,0,In The Paint (Non-RA)
201565,Derrick Rose,1610612741,0021400620,Layup Shot,1,0,Restricted Area
202710,Jimmy Butler III,1610612741,0021400620,Jump Shot,1,0,Left Corner 3
2200,Pau Gasol,1610612741,0021400620,Layup Shot,1,0,Restricted Area
2200,Pau Gasol,1610612741,0021400620,Putback Layup Shot,1,0,Restricted Area
2550,Kirk Hinrich,1610612741,0021400620,Jump Shot,1,0,Mid-Range
2200,Pau Gasol,1610612741,0021400620,Step Back Jump shot,1,0,Mid-Range
2200,Pau Gasol,1610612741,0021400620,Jump Shot,1,1,Mid-Range
201959,Taj Gibson,1610612741,0021400620,Jump Shot,1,0,Mid-Range
2550,Kirk Hinrich,1610612741,0021400620,Jump Shot,1,0,Right Corner 3
202710,Jimmy Butler III,1610612741,0021400620,Jump Shot,1,1,Mid-Range
202710,Jimmy Butler III,1610612741,0021400620,Driving Layup Shot,1,0,Restricted Area
2550,Kirk Hinrich,1610612741,0021400620,Jump Shot,1,0,Mid-Range
203503,Tony Snell,1610612741,0021400620,Jump Shot,1,1,Left Corner 3
2200,Pau Gasol,1610612741,0021400620,Layup Shot,1,0,Restricted Area
201959,Taj Gibson,1610612741,0021400620,Layup Shot,1,1,Restricted Area
201959,Taj Gibson,1610612741,0021400620,Jump Shot,1,1,Restricted Area
201565,Derrick Rose,1610612741,0021400620,Jump Shot,1,0,Mid-Range
203503,Tony Snell,1610612741,0021400620,Jump Shot,1,0,Above the Break 3
203503,Tony Snell,1610612741,0021400620,Driving Layup Shot,1,1,Restricted Area
201565,Derrick Rose,1610612741,0021400620,Jump Shot,1,0,Above the Break 3
203503,Tony Snell,1610612741,0021400620,Jump Shot,1,1,Left Corner 3
201166,Aaron Brooks,1610612741,0021400620,Driving Layup Shot,1,1,Restricted Area
2200,Pau Gasol,1610612741,0021400620,Jump Shot,1,0,Mid-Range
203503,Tony Snell,1610612741,0021400620,Jump Bank Shot,1,0,In The Paint (Non-RA)
201959,Taj Gibson,1610612741,0021400620,Tip Shot,1,0,Restricted Area
2200,Pau Gasol,1610612741,0021400620,Layup Shot,1,0,Restricted Area
201166,Aaron Brooks,1610612741,0021400620,Layup Shot,1,0,Restricted Area
201166,Aaron Brooks,1610612741,0021400620,Jump Shot,1,1,Right Corner 3
2200,Pau Gasol,1610612741,0021400620,Jump Shot,1,1,In The Paint (Non-RA)
2200,Pau Gasol,1610612741,0021400620,Turnaround Hook Shot,1,0,In The Paint (Non-RA)
201565,Derrick Rose,1610612741,0021400620,Jump Shot,1,0,Mid-Range
201565,Derrick Rose,1610612741,0021400620,Layup Shot,1,0,Restricted Area
201959,Taj Gibson,1610612741,0021400620,Layup Shot,1,1,Restricted Area
202710,Jimmy Butler III,1610612741,0021400620,Jump Shot,1,0,Mid-Range
202710,Jimmy Butler III,1610612741,0021400620,Jump Shot,1,0,Mid-Range
201565,Derrick Rose,1610612741,0021400620,Layup Shot,1,0,Restricted Area
2550,Kirk Hinrich,1610612741,0021400620,Jump Shot,1,0,Mid-Range
2200,Pau Gasol,1610612741,0021400620,Tip Shot,1,0,Restricted Area
2200,Pau Gasol,1610612741,0021400620,Layup Shot,1,0,Restricted Area
201565,Derrick Rose,1610612741,0021400620,Layup Shot,1,1,Restricted Area
202710,Jimmy Butler III,1610612741,0021400620,Jump Bank Shot,1,1,Mid-Range
201565,Derrick Rose,1610612741,0021400620,Step Back Jump shot,1,0,Mid-Range
201565,Derrick Rose,1610612741,0021400620,Running Jump Shot,1,1,In The Paint (Non-RA)
201959,Taj Gibson,1610612741,0021400620,Turnaround Jump Shot,1,0,Mid-Range
202710,Jimmy Butler III,1610612741,0021400620,Jump Shot,1,0,Mid-Range
201959,Taj Gibson,1610612741,0021400620,Jump Shot,1,0,In The Paint (Non-RA)
201959,Taj Gibson,1610612741,0021400620,Layup Shot,1,0,Restricted Area
201565,Derrick Rose,1610612741,0021400620,Jump Shot,1,1,Above the Break 3
201565,Derrick Rose,1610612741,0021400620,Jump Shot,1,1,Above the Break 3
2200,Pau Gasol,1610612741,0021400620,Jump Shot,1,0,Mid-Range
202710,Jimmy Butler III,1610612741,0021400620,Jump Shot,1,0,In The Paint (Non-RA)
2200,Pau Gasol,1610612741,0021400620,Dunk Shot,1,1,Restricted Area
201565,Derrick Rose,1610612741,0021400620,Jump Shot,1,1,Above the Break 3
201565,Derrick Rose,1610612741,0021400620,Jump Shot,1,0,Above the Break 3
202710,Jimmy Butler III,1610612741,0021400620,Driving Dunk Shot,1,1,Restricted Area
202710,Jimmy Butler III,1610612741,0021400620,Jump Shot,1,0,Mid-Range
202734,E'Twaun Moore,1610612741,0021400620,Layup Shot,1,0,Restricted Area
201166,Aaron Brooks,1610612741,0021400620,Jump Shot,1,1,In The Paint (Non-RA)
201166,Aaron Brooks,1610612741,0021400620,Floating Jump shot,1,1,In The Paint (Non-RA)
202734,E'Twaun Moore,1610612741,0021400620,Running Jump Shot,1,1,Mid-Range
202734,E'Twaun Moore,1610612741,0021400620,Turnaround Jump Shot,1,0,In The Paint (Non-RA)
203503,Tony Snell,1610612741,0021400620,Dunk Shot,1,1,Restricted Area
202710,Jimmy Butler III,1610612741,0021400620,Running Bank shot,1,1,In The Paint (Non-RA)
202710,Jimmy Butler III,1610612741,0021400620,Jump Shot,1,1,Left Corner 3
203503,Tony Snell,1610612741,0021400620,Jump Shot,1,0,Left Corner 3
201166,Aaron Brooks,1610612741,0021400620,Step Back Jump shot,1,0,In The Paint (Non-RA)
202703,Nikola Mirotic,1610612741,0021400620,Jump Shot,1,0,Mid-Range
201166,Aaron Brooks,1610612741,0021400620,Driving Layup Shot,1,0,Restricted Area
202710,Jimmy Butler III,1610612741,0021400620,Jump Shot,1,0,Mid-Range
201166,Aaron Brooks,1610612741,0021400620,Jump Shot,1,0,Right Corner 3
202710,Jimmy Butler III,1610612741,0021400620,Driving Layup Shot,1,1,Restricted Area
2200,Pau Gasol,1610612741,0021400620,Turnaround Jump Shot,1,1,Mid-Range
201166,Aaron Brooks,1610612741,0021400620,Jump Shot,1,1,Above the Break 3
203503,Tony Snell,1610612741,0021400620,Jump Shot,1,1,Mid-Range
203946,Cameron Bairstow,1610612741,0021400620,Jump Shot,1,0,Mid-Range
201565,Derrick Rose,1610612741,0021400637,Jump Shot,1,0,Above the Break 3
203503,Tony Snell,1610612741,0021400637,Jump Shot,1,0,Above the Break 3
2200,Pau Gasol,1610612741,0021400637,Jump Shot,1,1,Mid-Range
202710,Jimmy Butler III,1610612741,0021400637,Jump Shot,1,0,Mid-Range
201959,Taj Gibson,1610612741,0021400637,Jump Shot,1,0,In The Paint (Non-RA)
201565,Derrick Rose,1610612741,0021400637,Putback Layup Shot,1,1,Restricted Area
201565,Derrick Rose,1610612741,0021400637,Driving Layup Shot,1,1,Restricted Area
2200,Pau Gasol,1610612741,0021400637,Hook Shot,1,0,In The Paint (Non-RA)
201565,Derrick Rose,1610612741,0021400637,Driving Jump shot,1,1,In The Paint (Non-RA)
201565,Derrick Rose,1610612741,0021400637,Layup Shot,1,0,Restricted Area
2550,Kirk Hinrich,1610612741,0021400637,Jump Shot,1,0,Above the Break 3
2550,Kirk Hinrich,1610612741,0021400637,Jump Shot,1,0,Mid-Range
201959,Taj Gibson,1610612741,0021400637,Jump Shot,1,1,In The Paint (Non-RA)
2200,Pau Gasol,1610612741,0021400637,Jump Shot,1,1,Mid-Range
203503,Tony Snell,1610612741,0021400637,Jump Shot,1,0,Above the Break 3
201959,Taj Gibson,1610612741,0021400637,Jump Shot,1,0,In The Paint (Non-RA)
2550,Kirk Hinrich,1610612741,0021400637,Jump Shot,1,0,Left Corner 3
201166,Aaron Brooks,1610612741,0021400637,Jump Shot,1,1,Above the Break 3
202710,Jimmy Butler III,1610612741,0021400637,Layup Shot,1,0,Restricted Area
202710,Jimmy Butler III,1610612741,0021400637,Jump Shot,1,1,Above the Break 3
201565,Derrick Rose,1610612741,0021400637,Running Jump Shot,1,0,Restricted Area
202703,Nikola Mirotic,1610612741,0021400637,Jump Shot,1,0,Mid-Range
201166,Aaron Brooks,1610612741,0021400637,Jump Shot,1,1,Above the Break 3
201565,Derrick Rose,1610612741,0021400637,Finger Roll Layup Shot,1,1,Restricted Area
202710,Jimmy Butler III,1610612741,0021400637,Jump Shot,1,0,Mid-Range
201166,Aaron Brooks,1610612741,0021400637,Jump Shot,1,0,Above the Break 3
201565,Derrick Rose,1610612741,0021400637,Layup Shot,1,1,Restricted Area
202703,Nikola Mirotic,1610612741,0021400637,Jump Shot,1,0,Left Corner 3
2200,Pau Gasol,1610612741,0021400637,Jump Shot,1,1,Mid-Range
201565,Derrick Rose,1610612741,0021400637,Jump Shot,1,1,Above the Break 3
201565,Derrick Rose,1610612741,0021400637,Running Layup Shot,1,0,Restricted Area
203503,Tony Snell,1610612741,0021400637,Jump Shot,1,0,In The Paint (Non-RA)
201959,Taj Gibson,1610612741,0021400637,Jump Shot,1,1,Mid-Range
2550,Kirk Hinrich,1610612741,0021400637,Layup Shot,1,0,Restricted Area
203503,Tony Snell,1610612741,0021400637,Layup Shot,1,1,Restricted Area
201565,Derrick Rose,1610612741,0021400637,Floating Jump shot,1,1,In The Paint (Non-RA)
201959,Taj Gibson,1610612741,0021400637,Layup Shot,1,0,Restricted Area
203503,Tony Snell,1610612741,0021400637,Jump Shot,1,0,Above the Break 3
203503,Tony Snell,1610612741,0021400637,Layup Shot,1,1,Restricted Area
202710,Jimmy Butler III,1610612741,0021400637,Jump Shot,1,1,Above the Break 3
201959,Taj Gibson,1610612741,0021400637,Reverse Layup Shot,1,0,Restricted Area
2200,Pau Gasol,1610612741,0021400637,Jump Shot,1,1,Mid-Range
203503,Tony Snell,1610612741,0021400637,Layup Shot,1,1,Restricted Area
201565,Derrick Rose,1610612741,0021400637,Jump Shot,1,0,Above the Break 3
203503,Tony Snell,1610612741,0021400637,Jump Shot,1,0,Left Corner 3
2200,Pau Gasol,1610612741,0021400637,Turnaround Jump Shot,1,1,In The Paint (Non-RA)
201565,Derrick Rose,1610612741,0021400637,Reverse Layup Shot,1,1,Restricted Area
201565,Derrick Rose,1610612741,0021400637,Driving Layup Shot,1,0,Restricted Area
201959,Taj Gibson,1610612741,0021400637,Tip Shot,1,0,Restricted Area
201959,Taj Gibson,1610612741,0021400637,Layup Shot,1,1,Restricted Area
201959,Taj Gibson,1610612741,0021400637,Fadeaway Bank shot,1,1,Mid-Range
203503,Tony Snell,1610612741,0021400637,Layup Shot,1,1,Restricted Area
201565,Derrick Rose,1610612741,0021400637,Jump Shot,1,1,Above the Break 3
201166,Aaron Brooks,1610612741,0021400637,Layup Shot,1,0,Restricted Area
201166,Aaron Brooks,1610612741,0021400637,Jump Shot,1,1,Mid-Range
203503,Tony Snell,1610612741,0021400637,Jump Shot,1,0,Above the Break 3
201959,Taj Gibson,1610612741,0021400637,Turnaround Fadeaway shot,1,0,Mid-Range
201959,Taj Gibson,1610612741,0021400637,Jump Shot,1,0,In The Paint (Non-RA)
203503,Tony Snell,1610612741,0021400637,Jump Shot,1,0,Backcourt
201166,Aaron Brooks,1610612741,0021400637,Layup Shot,1,0,Restricted Area
201959,Taj Gibson,1610612741,0021400637,Dunk Shot,1,1,Restricted Area
202703,Nikola Mirotic,1610612741,0021400637,Turnaround Jump Shot,1,1,Mid-Range
202703,Nikola Mirotic,1610612741,0021400637,Jump Shot,1,0,Right Corner 3
201565,Derrick Rose,1610612741,0021400637,Jump Shot,1,0,Mid-Range
202710,Jimmy Butler III,1610612741,0021400637,Driving Jump shot,1,1,Restricted Area
202710,Jimmy Butler III,1610612741,0021400637,Jump Shot,1,1,Mid-Range
2550,Kirk Hinrich,1610612741,0021400637,Floating Jump shot,1,1,In The Paint (Non-RA)
202710,Jimmy Butler III,1610612741,0021400637,Jump Shot,1,0,Mid-Range
201166,Aaron Brooks,1610612741,0021400637,Driving Layup Shot,1,1,Restricted Area
202710,Jimmy Butler III,1610612741,0021400637,Jump Shot,1,0,In The Paint (Non-RA)
202703,Nikola Mirotic,1610612741,0021400637,Layup Shot,1,1,Restricted Area
201959,Taj Gibson,1610612741,0021400637,Jump Shot,1,0,Mid-Range
203946,Cameron Bairstow,1610612741,0021400637,Layup Shot,1,0,Restricted Area
202703,Nikola Mirotic,1610612741,0021400637,Dunk Shot,1,1,Restricted Area
202734,E'Twaun Moore,1610612741,0021400637,Jump Shot,1,0,Mid-Range
203946,Cameron Bairstow,1610612741,0021400637,Putback Layup Shot,1,1,Restricted Area
203503,Tony Snell,1610612741,0021400646,Turnaround Fadeaway shot,1,0,In The Paint (Non-RA)
203503,Tony Snell,1610612741,0021400646,Jump Shot,1,1,Above the Break 3
202710,Jimmy Butler III,1610612741,0021400646,Step Back Jump shot,1,0,Mid-Range
202710,Jimmy Butler III,1610612741,0021400646,Turnaround Jump Shot,1,0,Mid-Range
201149,Joakim Noah,1610612741,0021400646,Driving Layup Shot,1,1,Restricted Area
201565,Derrick Rose,1610612741,0021400646,Jump Shot,1,1,Above the Break 3
2200,Pau Gasol,1610612741,0021400646,Slam Dunk Shot,1,1,Restricted Area
202710,Jimmy Butler III,1610612741,0021400646,Step Back Jump shot,1,1,Mid-Range
201565,Derrick Rose,1610612741,0021400646,Floating Jump shot,1,1,Mid-Range
201149,Joakim Noah,1610612741,0021400646,Jump Shot,1,0,In The Paint (Non-RA)
202710,Jimmy Butler III,1610612741,0021400646,Layup Shot,1,0,Restricted Area
201565,Derrick Rose,1610612741,0021400646,Jump Shot,1,1,Above the Break 3
201565,Derrick Rose,1610612741,0021400646,Jump Shot,1,1,Above the Break 3
201565,Derrick Rose,1610612741,0021400646,Layup Shot,1,0,Restricted Area
201565,Derrick Rose,1610612741,0021400646,Jump Shot,1,1,Restricted Area
203503,Tony Snell,1610612741,0021400646,Jump Shot,1,0,Above the Break 3
202710,Jimmy Butler III,1610612741,0021400646,Step Back Jump shot,1,1,Mid-Range
203503,Tony Snell,1610612741,0021400646,Driving Dunk Shot,1,1,Restricted Area
201959,Taj Gibson,1610612741,0021400646,Turnaround Jump Shot,1,1,Mid-Range
202710,Jimmy Butler III,1610612741,0021400646,Jump Shot,1,0,Mid-Range
201166,Aaron Brooks,1610612741,0021400646,Jump Shot,1,0,Above the Break 3
2550,Kirk Hinrich,1610612741,0021400646,Jump Shot,1,0,In The Paint (Non-RA)
201959,Taj Gibson,1610612741,0021400646,Layup Shot,1,0,Restricted Area
202734,E'Twaun Moore,1610612741,0021400646,Jump Shot,1,1,Above the Break 3
202703,Nikola Mirotic,1610612741,0021400646,Jump Shot,1,1,Left Corner 3
201166,Aaron Brooks,1610612741,0021400646,Driving Jump shot,1,0,In The Paint (Non-RA)
201959,Taj Gibson,1610612741,0021400646,Jump Shot,1,1,Mid-Range
2550,Kirk Hinrich,1610612741,0021400646,Jump Shot,1,1,Left Corner 3
2200,Pau Gasol,1610612741,0021400646,Jump Shot,1,0,Mid-Range
203503,Tony Snell,1610612741,0021400646,Jump Shot,1,0,Above the Break 3
201959,Taj Gibson,1610612741,0021400646,Jump Hook Shot,1,1,Restricted Area
2200,Pau Gasol,1610612741,0021400646,Running Hook Shot,1,0,In The Paint (Non-RA)
201565,Derrick Rose,1610612741,0021400646,Fadeaway Bank shot,1,1,Mid-Range
201565,Derrick Rose,1610612741,0021400646,Driving Reverse Layup Shot,1,0,Restricted Area
2200,Pau Gasol,1610612741,0021400646,Tip Shot,1,1,Restricted Area
201149,Joakim Noah,1610612741,0021400646,Layup Shot,1,0,Restricted Area
202710,Jimmy Butler III,1610612741,0021400646,Jump Shot,1,0,Mid-Range
201565,Derrick Rose,1610612741,0021400646,Jump Shot,1,0,Mid-Range
203503,Tony Snell,1610612741,0021400646,Jump Shot,1,1,Mid-Range
201149,Joakim Noah,1610612741,0021400646,Driving Jump shot,1,0,In The Paint (Non-RA)
202710,Jimmy Butler III,1610612741,0021400646,Jump Shot,1,0,In The Paint (Non-RA)
203503,Tony Snell,1610612741,0021400646,Jump Shot,1,1,Left Corner 3
202710,Jimmy Butler III,1610612741,0021400646,Jump Shot,1,0,Above the Break 3
201149,Joakim Noah,1610612741,0021400646,Driving Layup Shot,1,1,Restricted Area
202710,Jimmy Butler III,1610612741,0021400646,Jump Shot,1,1,Mid-Range
201565,Derrick Rose,1610612741,0021400646,Jump Shot,1,0,Mid-Range
201149,Joakim Noah,1610612741,0021400646,Tip Shot,1,0,Restricted Area
2200,Pau Gasol,1610612741,0021400646,Jump Shot,1,0,Mid-Range
201565,Derrick Rose,1610612741,0021400646,Jump Shot,1,0,Above the Break 3
202710,Jimmy Butler III,1610612741,0021400646,Jump Shot,1,1,Mid-Range
202710,Jimmy Butler III,1610612741,0021400646,Turnaround Bank shot,1,1,Mid-Range
201959,Taj Gibson,1610612741,0021400646,Turnaround Hook Shot,1,0,Restricted Area
2200,Pau Gasol,1610612741,0021400646,Tip Shot,1,1,Restricted Area
2200,Pau Gasol,1610612741,0021400646,Jump Shot,1,0,Mid-Range
202710,Jimmy Butler III,1610612741,0021400646,Driving Jump shot,1,0,In The Paint (Non-RA)
2550,Kirk Hinrich,1610612741,0021400646,Jump Shot,1,1,Above the Break 3
202710,Jimmy Butler III,1610612741,0021400646,Layup Shot,1,1,Restricted Area
2200,Pau Gasol,1610612741,0021400646,Jump Shot,1,1,Mid-Range
202710,Jimmy Butler III,1610612741,0021400646,Running Jump Shot,1,0,Mid-Range
202710,Jimmy Butler III,1610612741,0021400646,Jump Bank Shot,1,1,In The Paint (Non-RA)
201959,Taj Gibson,1610612741,0021400646,Jump Shot,1,0,Restricted Area
202710,Jimmy Butler III,1610612741,0021400646,Running Jump Shot,1,0,Backcourt
201149,Joakim Noah,1610612741,0021400646,Dunk Shot,1,1,Restricted Area
201149,Joakim Noah,1610612741,0021400646,Jump Shot,1,0,Mid-Range
201959,Taj Gibson,1610612741,0021400646,Layup Shot,1,1,Restricted Area
201565,Derrick Rose,1610612741,0021400646,Jump Shot,1,0,Mid-Range
201565,Derrick Rose,1610612741,0021400646,Driving Layup Shot,1,0,Restricted Area
201166,Aaron Brooks,1610612741,0021400646,Driving Jump shot,1,1,Restricted Area
201959,Taj Gibson,1610612741,0021400646,Driving Layup Shot,1,1,Restricted Area
201565,Derrick Rose,1610612741,0021400646,Driving Jump shot,1,0,In The Paint (Non-RA)
201565,Derrick Rose,1610612741,0021400646,Driving Reverse Layup Shot,1,1,Restricted Area
201959,Taj Gibson,1610612741,0021400646,Layup Shot,1,1,Restricted Area
201565,Derrick Rose,1610612741,0021400646,Jump Shot,1,0,Above the Break 3
2200,Pau Gasol,1610612741,0021400646,Tip Shot,1,0,Restricted Area
2200,Pau Gasol,1610612741,0021400646,Jump Shot,1,1,Mid-Range
202710,Jimmy Butler III,1610612741,0021400646,Turnaround Jump Shot,1,1,In The Paint (Non-RA)
201959,Taj Gibson,1610612741,0021400646,Step Back Jump shot,1,0,In The Paint (Non-RA)
201565,Derrick Rose,1610612741,0021400646,Layup Shot,1,0,Restricted Area
201565,Derrick Rose,1610612741,0021400657,Jump Shot,1,0,In The Paint (Non-RA)
2200,Pau Gasol,1610612741,0021400657,Layup Shot,1,1,Restricted Area
203503,Tony Snell,1610612741,0021400657,Running Layup Shot,1,1,Restricted Area
201565,Derrick Rose,1610612741,0021400657,Running Layup Shot,1,1,Restricted Area
202710,Jimmy Butler III,1610612741,0021400657,Running Layup Shot,1,0,Restricted Area
201565,Derrick Rose,1610612741,0021400657,Jump Shot,1,0,Above the Break 3
2200,Pau Gasol,1610612741,0021400657,Jump Shot,1,0,Mid-Range
202710,Jimmy Butler III,1610612741,0021400657,Jump Shot,1,0,Mid-Range
203503,Tony Snell,1610612741,0021400657,Jump Shot,1,0,Above the Break 3
201565,Derrick Rose,1610612741,0021400657,Running Layup Shot,1,0,Restricted Area
203503,Tony Snell,1610612741,0021400657,Jump Shot,1,1,Above the Break 3
201149,Joakim Noah,1610612741,0021400657,Layup Shot,1,0,Restricted Area
201565,Derrick Rose,1610612741,0021400657,Layup Shot,1,1,Restricted Area
201149,Joakim Noah,1610612741,0021400657,Jump Shot,1,0,Mid-Range
201565,Derrick Rose,1610612741,0021400657,Driving Layup Shot,1,0,Restricted Area
201959,Taj Gibson,1610612741,0021400657,Layup Shot,1,0,Restricted Area
202710,Jimmy Butler III,1610612741,0021400657,Layup Shot,1,1,Restricted Area
2200,Pau Gasol,1610612741,0021400657,Jump Shot,1,1,Mid-Range
2200,Pau Gasol,1610612741,0021400657,Jump Shot,1,1,In The Paint (Non-RA)
2550,Kirk Hinrich,1610612741,0021400657,Running Layup Shot,1,1,Restricted Area
201959,Taj Gibson,1610612741,0021400657,Layup Shot,1,0,Restricted Area
201166,Aaron Brooks,1610612741,0021400657,Layup Shot,1,0,Restricted Area
2200,Pau Gasol,1610612741,0021400657,Jump Shot,1,0,Left Corner 3
202703,Nikola Mirotic,1610612741,0021400657,Jump Shot,1,0,Above the Break 3
202710,Jimmy Butler III,1610612741,0021400657,Jump Shot,1,0,In The Paint (Non-RA)
202703,Nikola Mirotic,1610612741,0021400657,Dunk Shot,1,0,Restricted Area
201959,Taj Gibson,1610612741,0021400657,Layup Shot,1,0,Restricted Area
201166,Aaron Brooks,1610612741,0021400657,Jump Shot,1,1,Above the Break 3
202703,Nikola Mirotic,1610612741,0021400657,Jump Shot,1,0,Mid-Range
202703,Nikola Mirotic,1610612741,0021400657,Jump Shot,1,0,Mid-Range
202703,Nikola Mirotic,1610612741,0021400657,Jump Shot,1,1,Right Corner 3
201565,Derrick Rose,1610612741,0021400657,Jump Shot,1,1,Mid-Range
201166,Aaron Brooks,1610612741,0021400657,Jump Shot,1,1,Above the Break 3
203503,Tony Snell,1610612741,0021400657,Jump Shot,1,0,In The Paint (Non-RA)
2200,Pau Gasol,1610612741,0021400657,Running Hook Shot,1,0,In The Paint (Non-RA)
202710,Jimmy Butler III,1610612741,0021400657,Jump Shot,1,0,Above the Break 3
201149,Joakim Noah,1610612741,0021400657,Putback Layup Shot,1,0,Restricted Area
201149,Joakim Noah,1610612741,0021400657,Tip Shot,1,0,Restricted Area
2200,Pau Gasol,1610612741,0021400657,Tip Shot,1,0,Restricted Area
201565,Derrick Rose,1610612741,0021400657,Running Layup Shot,1,0,Restricted Area
2200,Pau Gasol,1610612741,0021400657,Putback Layup Shot,1,1,Restricted Area
2550,Kirk Hinrich,1610612741,0021400657,Jump Shot,1,0,Right Corner 3
201565,Derrick Rose,1610612741,0021400657,Jump Shot,1,0,Above the Break 3
2550,Kirk Hinrich,1610612741,0021400657,Jump Shot,1,0,In The Paint (Non-RA)
2550,Kirk Hinrich,1610612741,0021400657,Jump Shot,1,0,Mid-Range
2200,Pau Gasol,1610612741,0021400657,Jump Shot,1,0,Mid-Range
202710,Jimmy Butler III,1610612741,0021400657,Jump Shot,1,0,Above the Break 3
203503,Tony Snell,1610612741,0021400657,Floating Jump shot,1,1,In The Paint (Non-RA)
201565,Derrick Rose,1610612741,0021400657,Jump Shot,1,0,Above the Break 3
203503,Tony Snell,1610612741,0021400657,Jump Shot,1,0,Above the Break 3
201149,Joakim Noah,1610612741,0021400657,Layup Shot,1,1,Restricted Area
201565,Derrick Rose,1610612741,0021400657,Driving Layup Shot,1,1,In The Paint (Non-RA)
201565,Derrick Rose,1610612741,0021400657,Running Layup Shot,1,1,Restricted Area
203503,Tony Snell,1610612741,0021400657,Jump Shot,1,0,Above the Break 3
201565,Derrick Rose,1610612741,0021400657,Jump Shot,1,0,Above the Break 3
2200,Pau Gasol,1610612741,0021400657,Floating Jump shot,1,1,In The Paint (Non-RA)
2200,Pau Gasol,1610612741,0021400657,Jump Shot,1,0,Mid-Range
201565,Derrick Rose,1610612741,0021400657,Jump Shot,1,0,Right Corner 3
2550,Kirk Hinrich,1610612741,0021400657,Jump Shot,1,0,Left Corner 3
202710,Jimmy Butler III,1610612741,0021400657,Running Layup Shot,1,0,Restricted Area
2200,Pau Gasol,1610612741,0021400657,Layup Shot,1,1,Restricted Area
201959,Taj Gibson,1610612741,0021400657,Driving Hook Shot,1,1,Restricted Area
201959,Taj Gibson,1610612741,0021400657,Layup Shot,1,0,Restricted Area
201565,Derrick Rose,1610612741,0021400657,Jump Shot,1,1,Mid-Range
202710,Jimmy Butler III,1610612741,0021400657,Jump Shot,1,1,Mid-Range
201959,Taj Gibson,1610612741,0021400657,Layup Shot,1,0,Restricted Area
202703,Nikola Mirotic,1610612741,0021400657,Jump Shot,1,0,Above the Break 3
201166,Aaron Brooks,1610612741,0021400657,Jump Shot,1,1,Above the Break 3
201166,Aaron Brooks,1610612741,0021400657,Jump Shot,1,0,Above the Break 3
201166,Aaron Brooks,1610612741,0021400657,Driving Layup Shot,1,1,Restricted Area
202703,Nikola Mirotic,1610612741,0021400657,Jump Shot,1,1,Right Corner 3
2550,Kirk Hinrich,1610612741,0021400657,Jump Shot,1,0,Mid-Range
201166,Aaron Brooks,1610612741,0021400657,Jump Shot,1,0,Mid-Range
201959,Taj Gibson,1610612741,0021400657,Jump Shot,1,0,In The Paint (Non-RA)
201166,Aaron Brooks,1610612741,0021400657,Jump Shot,1,1,Above the Break 3
2200,Pau Gasol,1610612741,0021400657,Jump Shot,1,0,Mid-Range
201959,Taj Gibson,1610612741,0021400657,Driving Layup Shot,1,1,Restricted Area
201565,Derrick Rose,1610612741,0021400657,Driving Layup Shot,1,1,Restricted Area
201166,Aaron Brooks,1610612741,0021400657,Running Jump Shot,1,0,In The Paint (Non-RA)
201166,Aaron Brooks,1610612741,0021400657,Running Jump Shot,1,1,In The Paint (Non-RA)
201565,Derrick Rose,1610612741,0021400657,Jump Shot,1,0,Above the Break 3
201959,Taj Gibson,1610612741,0021400657,Tip Shot,1,1,Restricted Area
2200,Pau Gasol,1610612741,0021400657,Layup Shot,1,0,Restricted Area
201166,Aaron Brooks,1610612741,0021400657,Running Layup Shot,1,0,Restricted Area
2200,Pau Gasol,1610612741,0021400657,Layup Shot,1,0,Restricted Area
201959,Taj Gibson,1610612741,0021400657,Jump Shot,1,0,Restricted Area
2200,Pau Gasol,1610612741,0021400657,Layup Shot,1,0,Restricted Area
203503,Tony Snell,1610612741,0021400679,Pullup Jump shot,1,1,Mid-Range
201565,Derrick Rose,1610612741,0021400679,Pullup Jump shot,1,1,Above the Break 3
201565,Derrick Rose,1610612741,0021400679,Pullup Jump shot,1,1,Above the Break 3
201149,Joakim Noah,1610612741,0021400679,Jump Shot,1,0,In The Paint (Non-RA)
201565,Derrick Rose,1610612741,0021400679,Running Jump Shot,1,0,Mid-Range
201565,Derrick Rose,1610612741,0021400679,Driving Reverse Layup Shot,1,1,Restricted Area
2550,Kirk Hinrich,1610612741,0021400679,Jump Shot,1,0,Above the Break 3
201565,Derrick Rose,1610612741,0021400679,Pullup Jump shot,1,0,Above the Break 3
2200,Pau Gasol,1610612741,0021400679,Jump Shot,1,0,Mid-Range
201565,Derrick Rose,1610612741,0021400679,Jump Shot,1,0,Restricted Area
2550,Kirk Hinrich,1610612741,0021400679,Pullup Jump shot,1,1,Mid-Range
201565,Derrick Rose,1610612741,0021400679,Driving Layup Shot,1,1,Restricted Area
203503,Tony Snell,1610612741,0021400679,Jump Shot,1,0,Above the Break 3
201565,Derrick Rose,1610612741,0021400679,Jump Shot,1,0,Mid-Range
2200,Pau Gasol,1610612741,0021400679,Jump Hook Shot,1,0,Restricted Area
2200,Pau Gasol,1610612741,0021400679,Jump Bank Shot,1,0,Restricted Area
201959,Taj Gibson,1610612741,0021400679,Driving Layup Shot,1,0,Restricted Area
201565,Derrick Rose,1610612741,0021400679,Jump Shot,1,0,Mid-Range
2200,Pau Gasol,1610612741,0021400679,Putback Layup Shot,1,1,Restricted Area
201565,Derrick Rose,1610612741,0021400679,Layup Shot,1,0,Restricted Area
203503,Tony Snell,1610612741,0021400679,Jump Shot,1,0,Mid-Range
203503,Tony Snell,1610612741,0021400679,Driving Reverse Layup Shot,1,0,Restricted Area
2200,Pau Gasol,1610612741,0021400679,Tip Shot,1,1,Restricted Area
201959,Taj Gibson,1610612741,0021400679,Running Jump Shot,1,1,Mid-Range
201166,Aaron Brooks,1610612741,0021400679,Pullup Jump shot,1,1,Above the Break 3
201166,Aaron Brooks,1610612741,0021400679,Running Jump Shot,1,0,Mid-Range
202734,E'Twaun Moore,1610612741,0021400679,Step Back Jump shot,1,1,In The Paint (Non-RA)
202734,E'Twaun Moore,1610612741,0021400679,Pullup Jump shot,1,0,Above the Break 3
201166,Aaron Brooks,1610612741,0021400679,Pullup Jump shot,1,0,Mid-Range
201166,Aaron Brooks,1610612741,0021400679,Jump Shot,1,0,Above the Break 3
201959,Taj Gibson,1610612741,0021400679,Jump Shot,1,0,In The Paint (Non-RA)
201149,Joakim Noah,1610612741,0021400679,Driving Layup Shot,1,1,Restricted Area
201166,Aaron Brooks,1610612741,0021400679,Running Bank shot,1,1,Mid-Range
202703,Nikola Mirotic,1610612741,0021400679,Jump Shot,1,0,Mid-Range
201959,Taj Gibson,1610612741,0021400679,Reverse Layup Shot,1,1,Restricted Area
202703,Nikola Mirotic,1610612741,0021400679,Pullup Jump shot,1,0,Above the Break 3
202703,Nikola Mirotic,1610612741,0021400679,Pullup Jump shot,1,1,Above the Break 3
201565,Derrick Rose,1610612741,0021400679,Driving Finger Roll Layup Shot,1,1,Restricted Area
2200,Pau Gasol,1610612741,0021400679,Jump Hook Shot,1,1,In The Paint (Non-RA)
201565,Derrick Rose,1610612741,0021400679,Pullup Jump shot,1,0,Above the Break 3
202703,Nikola Mirotic,1610612741,0021400679,Running Jump Shot,1,1,Mid-Range
201959,Taj Gibson,1610612741,0021400679,Pullup Jump shot,1,0,Mid-Range
201565,Derrick Rose,1610612741,0021400679,Floating Jump shot,1,0,In The Paint (Non-RA)
202703,Nikola Mirotic,1610612741,0021400679,Pullup Jump shot,1,0,Above the Break 3
201959,Taj Gibson,1610612741,0021400679,Reverse Layup Shot,1,0,Restricted Area
201959,Taj Gibson,1610612741,0021400679,Tip Shot,1,0,Restricted Area
201959,Taj Gibson,1610612741,0021400679,Layup Shot,1,1,Restricted Area
2550,Kirk Hinrich,1610612741,0021400679,Jump Shot,1,0,Left Corner 3
201565,Derrick Rose,1610612741,0021400679,Jump Shot,1,0,Mid-Range
203503,Tony Snell,1610612741,0021400679,Jump Shot,1,0,Above the Break 3
2550,Kirk Hinrich,1610612741,0021400679,Jump Shot,1,0,Left Corner 3
2550,Kirk Hinrich,1610612741,0021400679,Jump Shot,1,0,Left Corner 3
201149,Joakim Noah,1610612741,0021400679,Jump Shot,1,0,Mid-Range
201149,Joakim Noah,1610612741,0021400679,Layup Shot,1,0,Restricted Area
201565,Derrick Rose,1610612741,0021400679,Pullup Jump shot,1,1,Above the Break 3
201149,Joakim Noah,1610612741,0021400679,Pullup Jump shot,1,1,Mid-Range
201565,Derrick Rose,1610612741,0021400679,Driving Reverse Layup Shot,1,1,Restricted Area
2200,Pau Gasol,1610612741,0021400679,Driving Layup Shot,1,1,Restricted Area
2200,Pau Gasol,1610612741,0021400679,Jump Shot,1,0,Above the Break 3
201149,Joakim Noah,1610612741,0021400679,Reverse Layup Shot,1,1,Restricted Area
203503,Tony Snell,1610612741,0021400679,Driving Layup Shot,1,1,Restricted Area
201565,Derrick Rose,1610612741,0021400679,Pullup Jump shot,1,1,Above the Break 3
2200,Pau Gasol,1610612741,0021400679,Turnaround Fadeaway shot,1,1,Mid-Range
203503,Tony Snell,1610612741,0021400679,Driving Layup Shot,1,1,Restricted Area
201565,Derrick Rose,1610612741,0021400679,Driving Layup Shot,1,1,Restricted Area
201149,Joakim Noah,1610612741,0021400679,Running Jump Shot,1,0,In The Paint (Non-RA)
203503,Tony Snell,1610612741,0021400679,Jump Shot,1,0,Left Corner 3
201166,Aaron Brooks,1610612741,0021400679,Driving Reverse Layup Shot,1,1,Restricted Area
201166,Aaron Brooks,1610612741,0021400679,Turnaround Jump Shot,1,0,Mid-Range
201166,Aaron Brooks,1610612741,0021400679,Floating Jump shot,1,0,In The Paint (Non-RA)
201565,Derrick Rose,1610612741,0021400679,Pullup Jump shot,1,0,Above the Break 3
201565,Derrick Rose,1610612741,0021400679,Jump Hook Shot,1,0,Mid-Range
202703,Nikola Mirotic,1610612741,0021400679,Jump Shot,1,1,Above the Break 3
201565,Derrick Rose,1610612741,0021400679,Jump Shot,1,0,In The Paint (Non-RA)
201149,Joakim Noah,1610612741,0021400679,Tip Shot,1,1,Restricted Area
201565,Derrick Rose,1610612741,0021400679,Driving Finger Roll Layup Shot,1,1,Restricted Area
201959,Taj Gibson,1610612741,0021400679,Jump Shot,1,0,In The Paint (Non-RA)
201565,Derrick Rose,1610612741,0021400679,Running Jump Shot,1,1,In The Paint (Non-RA)
201565,Derrick Rose,1610612741,0021400679,Running Jump Shot,1,1,In The Paint (Non-RA)
2200,Pau Gasol,1610612741,0021400679,Turnaround Fadeaway shot,1,1,In The Paint (Non-RA)
201565,Derrick Rose,1610612741,0021400679,Fadeaway Jump Shot,1,0,In The Paint (Non-RA)
201149,Joakim Noah,1610612741,0021400679,Slam Dunk Shot,1,1,Restricted Area
2200,Pau Gasol,1610612741,0021400679,Pullup Jump shot,1,0,Mid-Range
201565,Derrick Rose,1610612741,0021400679,Jump Shot,1,0,Above the Break 3
201149,Joakim Noah,1610612741,0021400679,Layup Shot,1,1,Restricted Area
201565,Derrick Rose,1610612741,0021400679,Jump Shot,1,0,Above the Break 3
201565,Derrick Rose,1610612741,0021400679,Floating Jump shot,1,0,Mid-Range
201149,Joakim Noah,1610612741,0021400679,Fadeaway Jump Shot,1,0,In The Paint (Non-RA)
2550,Kirk Hinrich,1610612741,0021400679,Jump Shot,1,1,Above the Break 3
201565,Derrick Rose,1610612741,0021400679,Jump Shot,1,0,Above the Break 3
2200,Pau Gasol,1610612741,0021400679,Jump Hook Shot,1,1,In The Paint (Non-RA)
201565,Derrick Rose,1610612741,0021400679,Jump Shot,1,0,Above the Break 3
201565,Derrick Rose,1610612741,0021400679,Layup Shot,1,0,Restricted Area
201565,Derrick Rose,1610612741,0021400679,Pullup Jump shot,1,0,Above the Break 3
2550,Kirk Hinrich,1610612741,0021400679,Pullup Jump shot,1,0,Mid-Range
201149,Joakim Noah,1610612741,0021400679,Tip Shot,1,1,Restricted Area
2550,Kirk Hinrich,1610612741,0021400679,Pullup Jump shot,1,0,Above the Break 3
201565,Derrick Rose,1610612741,0021400679,Pullup Jump shot,1,1,Mid-Range
2200,Pau Gasol,1610612741,0021400695,Layup Shot,1,0,Restricted Area
201565,Derrick Rose,1610612741,0021400695,Jump Shot,1,0,Above the Break 3
2200,Pau Gasol,1610612741,0021400695,Jump Shot,1,1,In The Paint (Non-RA)
201565,Derrick Rose,1610612741,0021400695,Jump Shot,1,0,Restricted Area
202710,Jimmy Butler III,1610612741,0021400695,Jump Shot,1,1,Mid-Range
202710,Jimmy Butler III,1610612741,0021400695,Layup Shot,1,0,Restricted Area
202710,Jimmy Butler III,1610612741,0021400695,Jump Shot,1,0,Above the Break 3
2200,Pau Gasol,1610612741,0021400695,Hook Shot,1,0,In The Paint (Non-RA)
201149,Joakim Noah,1610612741,0021400695,Jump Bank Shot,1,1,Mid-Range
201565,Derrick Rose,1610612741,0021400695,Jump Shot,1,0,Restricted Area
201565,Derrick Rose,1610612741,0021400695,Layup Shot,1,1,Restricted Area
202703,Nikola Mirotic,1610612741,0021400695,Jump Shot,1,0,Above the Break 3
201565,Derrick Rose,1610612741,0021400695,Jump Shot,1,1,Mid-Range
2200,Pau Gasol,1610612741,0021400695,Jump Shot,1,1,In The Paint (Non-RA)
2200,Pau Gasol,1610612741,0021400695,Jump Shot,1,0,Mid-Range
201565,Derrick Rose,1610612741,0021400695,Driving Layup Shot,1,1,Restricted Area
203503,Tony Snell,1610612741,0021400695,Jump Shot,1,0,Above the Break 3
203503,Tony Snell,1610612741,0021400695,Jump Shot,1,0,In The Paint (Non-RA)
201166,Aaron Brooks,1610612741,0021400695,Jump Shot,1,0,In The Paint (Non-RA)
203503,Tony Snell,1610612741,0021400695,Jump Shot,1,1,Right Corner 3
201959,Taj Gibson,1610612741,0021400695,Layup Shot,1,1,Restricted Area
201166,Aaron Brooks,1610612741,0021400695,Driving Layup Shot,1,1,Restricted Area
2550,Kirk Hinrich,1610612741,0021400695,Floating Jump shot,1,0,In The Paint (Non-RA)
201959,Taj Gibson,1610612741,0021400695,Layup Shot,1,1,Restricted Area
201166,Aaron Brooks,1610612741,0021400695,Driving Layup Shot,1,1,Restricted Area
2550,Kirk Hinrich,1610612741,0021400695,Jump Shot,1,1,Mid-Range
202703,Nikola Mirotic,1610612741,0021400695,Dunk Shot,1,0,Restricted Area
201959,Taj Gibson,1610612741,0021400695,Layup Shot,1,0,Restricted Area
201959,Taj Gibson,1610612741,0021400695,Layup Shot,1,1,Restricted Area
203503,Tony Snell,1610612741,0021400695,Jump Shot,1,0,Above the Break 3
2550,Kirk Hinrich,1610612741,0021400695,Jump Shot,1,0,Right Corner 3
201565,Derrick Rose,1610612741,0021400695,Floating Jump shot,1,1,In The Paint (Non-RA)
201565,Derrick Rose,1610612741,0021400695,Jump Shot,1,0,Mid-Range
202710,Jimmy Butler III,1610612741,0021400695,Layup Shot,1,1,Restricted Area
201565,Derrick Rose,1610612741,0021400695,Jump Shot,1,0,Mid-Range
201149,Joakim Noah,1610612741,0021400695,Layup Shot,1,0,Restricted Area
2200,Pau Gasol,1610612741,0021400695,Floating Jump shot,1,0,In The Paint (Non-RA)
2200,Pau Gasol,1610612741,0021400695,Hook Shot,1,1,In The Paint (Non-RA)
203503,Tony Snell,1610612741,0021400695,Dunk Shot,1,1,Restricted Area
201565,Derrick Rose,1610612741,0021400695,Jump Shot,1,0,Above the Break 3
203503,Tony Snell,1610612741,0021400695,Layup Shot,1,0,Restricted Area
201565,Derrick Rose,1610612741,0021400695,Jump Shot,1,0,Above the Break 3
202710,Jimmy Butler III,1610612741,0021400695,Jump Shot,1,0,In The Paint (Non-RA)
201149,Joakim Noah,1610612741,0021400695,Tip Shot,1,0,Restricted Area
201149,Joakim Noah,1610612741,0021400695,Tip Shot,1,1,Restricted Area
203503,Tony Snell,1610612741,0021400695,Jump Shot,1,0,Above the Break 3
203503,Tony Snell,1610612741,0021400695,Running Layup Shot,1,1,Restricted Area
202710,Jimmy Butler III,1610612741,0021400695,Layup Shot,1,1,Restricted Area
203503,Tony Snell,1610612741,0021400695,Jump Shot,1,0,Restricted Area
202710,Jimmy Butler III,1610612741,0021400695,Alley Oop Layup shot,1,0,Restricted Area
202710,Jimmy Butler III,1610612741,0021400695,Running Jump Shot,1,1,In The Paint (Non-RA)
201565,Derrick Rose,1610612741,0021400695,Floating Jump shot,1,0,In The Paint (Non-RA)
203503,Tony Snell,1610612741,0021400695,Layup Shot,1,0,Restricted Area
201149,Joakim Noah,1610612741,0021400695,Jump Shot,1,1,Mid-Range
201565,Derrick Rose,1610612741,0021400695,Driving Layup Shot,1,1,Restricted Area
201166,Aaron Brooks,1610612741,0021400695,Jump Shot,1,1,Above the Break 3
202710,Jimmy Butler III,1610612741,0021400695,Jump Shot,1,1,Mid-Range
201166,Aaron Brooks,1610612741,0021400695,Jump Shot,1,1,Above the Break 3
2200,Pau Gasol,1610612741,0021400695,Layup Shot,1,0,Restricted Area
202710,Jimmy Butler III,1610612741,0021400695,Jump Shot,1,0,Above the Break 3
202710,Jimmy Butler III,1610612741,0021400695,Jump Shot,1,0,Mid-Range
201166,Aaron Brooks,1610612741,0021400695,Jump Shot,1,0,Mid-Range
201166,Aaron Brooks,1610612741,0021400695,Running Layup Shot,1,1,Restricted Area
201166,Aaron Brooks,1610612741,0021400695,Layup Shot,1,0,Restricted Area
201166,Aaron Brooks,1610612741,0021400695,Jump Shot,1,0,In The Paint (Non-RA)
201149,Joakim Noah,1610612741,0021400695,Layup Shot,1,1,Restricted Area
202710,Jimmy Butler III,1610612741,0021400695,Running Dunk Shot,1,1,Restricted Area
2550,Kirk Hinrich,1610612741,0021400695,Jump Shot,1,0,Right Corner 3
201959,Taj Gibson,1610612741,0021400695,Jump Shot,1,0,Mid-Range
201565,Derrick Rose,1610612741,0021400695,Layup Shot,1,0,Restricted Area
201565,Derrick Rose,1610612741,0021400695,Layup Shot,1,0,Restricted Area
2200,Pau Gasol,1610612741,0021400695,Jump Shot,1,1,Mid-Range
2200,Pau Gasol,1610612741,0021400695,Jump Shot,1,0,Mid-Range
201565,Derrick Rose,1610612741,0021400695,Running Bank shot,1,1,Mid-Range
201565,Derrick Rose,1610612741,0021400695,Jump Shot,1,0,Above the Break 3
202710,Jimmy Butler III,1610612741,0021400695,Jump Shot,1,0,Above the Break 3
201959,Taj Gibson,1610612741,0021400695,Layup Shot,1,0,Restricted Area
201565,Derrick Rose,1610612741,0021400695,Layup Shot,1,0,Restricted Area
201166,Aaron Brooks,1610612741,0021400695,Jump Shot,1,0,In The Paint (Non-RA)
202710,Jimmy Butler III,1610612741,0021400695,Running Jump Shot,1,1,In The Paint (Non-RA)
202710,Jimmy Butler III,1610612741,0021400695,Jump Shot,1,1,Above the Break 3
202710,Jimmy Butler III,1610612741,0021400695,Driving Dunk Shot,1,1,Restricted Area
2200,Pau Gasol,1610612741,0021400695,Tip Shot,1,1,Restricted Area
201565,Derrick Rose,1610612741,0021400695,Layup Shot,1,0,Restricted Area
201565,Derrick Rose,1610612741,0021400695,Jump Shot,1,1,Above the Break 3
201565,Derrick Rose,1610612741,0021400695,Jump Shot,1,0,Above the Break 3
2200,Pau Gasol,1610612741,0021400695,Jump Shot,1,1,Mid-Range
201166,Aaron Brooks,1610612741,0021400695,Jump Shot,1,0,Above the Break 3
2200,Pau Gasol,1610612741,0021400695,Layup Shot,1,1,Restricted Area
201565,Derrick Rose,1610612741,0021400695,Jump Shot,1,0,Mid-Range
201149,Joakim Noah,1610612741,0021400695,Jump Shot,1,0,Mid-Range
201166,Aaron Brooks,1610612741,0021400695,Floating Jump shot,1,0,Mid-Range
201565,Derrick Rose,1610612741,0021400695,Jump Shot,1,0,Mid-Range
201166,Aaron Brooks,1610612741,0021400695,Layup Shot,1,0,Restricted Area
202710,Jimmy Butler III,1610612741,0021400695,Jump Shot,1,0,Right Corner 3
2200,Pau Gasol,1610612741,0021400695,Layup Shot,1,1,Restricted Area
201565,Derrick Rose,1610612741,0021400695,Jump Shot,1,0,Above the Break 3
201565,Derrick Rose,1610612741,0021400695,Layup Shot,1,0,Restricted Area
201565,Derrick Rose,1610612741,0021400695,Jump Shot,1,0,In The Paint (Non-RA)
201166,Aaron Brooks,1610612741,0021400695,Jump Shot,1,0,Above the Break 3
203503,Tony Snell,1610612741,0021400695,Jump Shot,1,0,Above the Break 3
201166,Aaron Brooks,1610612741,0021400695,Jump Shot,1,1,Above the Break 3
203503,Tony Snell,1610612741,0021400695,Layup Shot,1,1,Restricted Area
202734,E'Twaun Moore,1610612741,0021400695,Jump Shot,1,1,In The Paint (Non-RA)
202710,Jimmy Butler III,1610612741,0021400704,Jump Shot,1,0,Above the Break 3
201565,Derrick Rose,1610612741,0021400704,Jump Shot,1,0,Above the Break 3
201565,Derrick Rose,1610612741,0021400704,Jump Shot,1,0,Above the Break 3
202710,Jimmy Butler III,1610612741,0021400704,Jump Shot,1,1,Above the Break 3
202710,Jimmy Butler III,1610612741,0021400704,Layup Shot,1,0,Restricted Area
2200,Pau Gasol,1610612741,0021400704,Layup Shot,1,1,Restricted Area
203503,Tony Snell,1610612741,0021400704,Layup Shot,1,1,Restricted Area
201565,Derrick Rose,1610612741,0021400704,Driving Reverse Layup Shot,1,1,Restricted Area
203503,Tony Snell,1610612741,0021400704,Jump Shot,1,0,Restricted Area
202710,Jimmy Butler III,1610612741,0021400704,Jump Shot,1,0,Mid-Range
2200,Pau Gasol,1610612741,0021400704,Jump Shot,1,1,In The Paint (Non-RA)
201565,Derrick Rose,1610612741,0021400704,Jump Shot,1,0,Mid-Range
2200,Pau Gasol,1610612741,0021400704,Jump Shot,1,0,Mid-Range
2200,Pau Gasol,1610612741,0021400704,Running Hook Shot,1,1,In The Paint (Non-RA)
201565,Derrick Rose,1610612741,0021400704,Layup Shot,1,1,Restricted Area
201565,Derrick Rose,1610612741,0021400704,Layup Shot,1,0,Restricted Area
202710,Jimmy Butler III,1610612741,0021400704,Pullup Jump shot,1,0,Mid-Range
2200,Pau Gasol,1610612741,0021400704,Jump Shot,1,0,Mid-Range
201166,Aaron Brooks,1610612741,0021400704,Running Layup Shot,1,1,Restricted Area
202710,Jimmy Butler III,1610612741,0021400704,Driving Reverse Layup Shot,1,1,Restricted Area
202710,Jimmy Butler III,1610612741,0021400704,Layup Shot,1,1,Restricted Area
201166,Aaron Brooks,1610612741,0021400704,Driving Layup Shot,1,1,Restricted Area
201166,Aaron Brooks,1610612741,0021400704,Driving Reverse Layup Shot,1,0,Restricted Area
201166,Aaron Brooks,1610612741,0021400704,Driving Layup Shot,1,1,Restricted Area
201959,Taj Gibson,1610612741,0021400704,Layup Shot,1,0,Restricted Area
202703,Nikola Mirotic,1610612741,0021400704,Jump Shot,1,0,Left Corner 3
2550,Kirk Hinrich,1610612741,0021400704,Jump Shot,1,0,In The Paint (Non-RA)
202710,Jimmy Butler III,1610612741,0021400704,Driving Reverse Layup Shot,1,0,Restricted Area
201565,Derrick Rose,1610612741,0021400704,Jump Shot,1,0,Above the Break 3
201959,Taj Gibson,1610612741,0021400704,Layup Shot,1,0,Restricted Area
201166,Aaron Brooks,1610612741,0021400704,Driving Layup Shot,1,1,Restricted Area
202710,Jimmy Butler III,1610612741,0021400704,Dunk Shot,1,1,Restricted Area
201565,Derrick Rose,1610612741,0021400704,Dunk Shot,1,1,Restricted Area
201149,Joakim Noah,1610612741,0021400704,Jump Shot,1,0,Mid-Range
201565,Derrick Rose,1610612741,0021400704,Jump Shot,1,1,In The Paint (Non-RA)
201565,Derrick Rose,1610612741,0021400704,Layup Shot,1,0,Restricted Area
2200,Pau Gasol,1610612741,0021400704,Jump Shot,1,0,Restricted Area
201565,Derrick Rose,1610612741,0021400704,Driving Layup Shot,1,0,Restricted Area
202710,Jimmy Butler III,1610612741,0021400704,Dunk Shot,1,1,Restricted Area
201166,Aaron Brooks,1610612741,0021400704,Jump Shot,1,0,Above the Break 3
201149,Joakim Noah,1610612741,0021400704,Jump Shot,1,0,Mid-Range
201565,Derrick Rose,1610612741,0021400704,Layup Shot,1,0,Restricted Area
201149,Joakim Noah,1610612741,0021400704,Dunk Shot,1,1,Restricted Area
202710,Jimmy Butler III,1610612741,0021400704,Jump Shot,1,0,Above the Break 3
201149,Joakim Noah,1610612741,0021400704,Layup Shot,1,1,Restricted Area
201565,Derrick Rose,1610612741,0021400704,Jump Shot,1,0,Above the Break 3
202710,Jimmy Butler III,1610612741,0021400704,Jump Shot,1,1,Mid-Range
2200,Pau Gasol,1610612741,0021400704,Turnaround Jump Shot,1,0,In The Paint (Non-RA)
201565,Derrick Rose,1610612741,0021400704,Jump Shot,1,0,Restricted Area
2200,Pau Gasol,1610612741,0021400704,Layup Shot,1,0,Restricted Area
201565,Derrick Rose,1610612741,0021400704,Jump Shot,1,1,Restricted Area
202710,Jimmy Butler III,1610612741,0021400704,Dunk Shot,1,1,Restricted Area
201149,Joakim Noah,1610612741,0021400704,Jump Shot,1,0,Mid-Range
201149,Joakim Noah,1610612741,0021400704,Jump Shot,1,1,Mid-Range
202710,Jimmy Butler III,1610612741,0021400704,Jump Shot,1,0,Above the Break 3
201166,Aaron Brooks,1610612741,0021400704,Jump Shot,1,1,Left Corner 3
2200,Pau Gasol,1610612741,0021400704,Tip Shot,1,0,Restricted Area
201565,Derrick Rose,1610612741,0021400704,Jump Shot,1,0,Above the Break 3
201166,Aaron Brooks,1610612741,0021400704,Floating Jump shot,1,0,In The Paint (Non-RA)
2200,Pau Gasol,1610612741,0021400704,Dunk Shot,1,1,Restricted Area
202710,Jimmy Butler III,1610612741,0021400704,Jump Shot,1,0,Above the Break 3
201166,Aaron Brooks,1610612741,0021400704,Layup Shot,1,0,Restricted Area
2550,Kirk Hinrich,1610612741,0021400704,Jump Shot,1,1,Restricted Area
201166,Aaron Brooks,1610612741,0021400704,Jump Shot,1,0,Above the Break 3
2550,Kirk Hinrich,1610612741,0021400704,Jump Shot,1,0,Mid-Range
201959,Taj Gibson,1610612741,0021400704,Jump Shot,1,1,Mid-Range
2550,Kirk Hinrich,1610612741,0021400704,Jump Shot,1,0,Restricted Area
201959,Taj Gibson,1610612741,0021400704,Jump Shot,1,1,Mid-Range
201565,Derrick Rose,1610612741,0021400704,Jump Shot,1,0,Mid-Range
201149,Joakim Noah,1610612741,0021400704,Layup Shot,1,0,Restricted Area
2200,Pau Gasol,1610612741,0021400704,Turnaround Hook Shot,1,0,In The Paint (Non-RA)
201565,Derrick Rose,1610612741,0021400704,Driving Layup Shot,1,1,Restricted Area
2200,Pau Gasol,1610612741,0021400704,Jump Shot,1,1,Mid-Range
201565,Derrick Rose,1610612741,0021400704,Driving Reverse Layup Shot,1,0,Restricted Area
201149,Joakim Noah,1610612741,0021400704,Layup Shot,1,0,Restricted Area
201565,Derrick Rose,1610612741,0021400704,Pullup Jump shot,1,1,Mid-Range
201166,Aaron Brooks,1610612741,0021400704,Jump Shot,1,1,Above the Break 3
2200,Pau Gasol,1610612741,0021400704,Jump Shot,1,0,Mid-Range
201565,Derrick Rose,1610612741,0021400704,Jump Bank Shot,1,1,In The Paint (Non-RA)
202710,Jimmy Butler III,1610612741,0021400704,Jump Shot,1,0,Left Corner 3
202710,Jimmy Butler III,1610612741,0021400704,Layup Shot,1,1,Restricted Area
201166,Aaron Brooks,1610612741,0021400704,Jump Shot,1,1,Above the Break 3
201565,Derrick Rose,1610612741,0021400704,Layup Shot,1,0,Restricted Area
2200,Pau Gasol,1610612741,0021400704,Layup Shot,1,0,Restricted Area
201166,Aaron Brooks,1610612741,0021400704,Layup Shot,1,1,Restricted Area
202710,Jimmy Butler III,1610612741,0021400704,Layup Shot,1,0,Restricted Area
201565,Derrick Rose,1610612741,0021400704,Jump Shot,1,0,Backcourt
202710,Jimmy Butler III,1610612741,0021400735,Jump Shot,1,0,Above the Break 3
2200,Pau Gasol,1610612741,0021400735,Jump Shot,1,1,In The Paint (Non-RA)
2550,Kirk Hinrich,1610612741,0021400735,Pullup Jump shot,1,1,Above the Break 3
202710,Jimmy Butler III,1610612741,0021400735,Jump Shot,1,0,Above the Break 3
201149,Joakim Noah,1610612741,0021400735,Jump Shot,1,0,Mid-Range
201565,Derrick Rose,1610612741,0021400735,Driving Layup Shot,1,0,Restricted Area
202710,Jimmy Butler III,1610612741,0021400735,Jump Shot,1,1,Left Corner 3
202710,Jimmy Butler III,1610612741,0021400735,Pullup Jump shot,1,0,Mid-Range
201565,Derrick Rose,1610612741,0021400735,Dunk Shot,1,1,Restricted Area
202710,Jimmy Butler III,1610612741,0021400735,Dunk Shot,1,1,Restricted Area
201565,Derrick Rose,1610612741,0021400735,Jump Shot,1,0,Above the Break 3
201565,Derrick Rose,1610612741,0021400735,Pullup Jump shot,1,1,Mid-Range
201959,Taj Gibson,1610612741,0021400735,Jump Shot,1,0,In The Paint (Non-RA)
201565,Derrick Rose,1610612741,0021400735,Jump Shot,1,1,Above the Break 3
2550,Kirk Hinrich,1610612741,0021400735,Pullup Jump shot,1,0,Mid-Range
202710,Jimmy Butler III,1610612741,0021400735,Driving Layup Shot,1,1,Restricted Area
202710,Jimmy Butler III,1610612741,0021400735,Step Back Jump shot,1,0,Mid-Range
2200,Pau Gasol,1610612741,0021400735,Turnaround Jump Shot,1,0,In The Paint (Non-RA)
202703,Nikola Mirotic,1610612741,0021400735,Jump Shot,1,0,Right Corner 3
201166,Aaron Brooks,1610612741,0021400735,Jump Shot,1,0,Mid-Range
202703,Nikola Mirotic,1610612741,0021400735,Jump Shot,1,1,Above the Break 3
201959,Taj Gibson,1610612741,0021400735,Jump Shot,1,1,In The Paint (Non-RA)
201959,Taj Gibson,1610612741,0021400735,Jump Shot,1,0,In The Paint (Non-RA)
201149,Joakim Noah,1610612741,0021400735,Tip Shot,1,0,Restricted Area
202703,Nikola Mirotic,1610612741,0021400735,Jump Shot,1,0,Mid-Range
201959,Taj Gibson,1610612741,0021400735,Jump Bank Shot,1,1,In The Paint (Non-RA)
201149,Joakim Noah,1610612741,0021400735,Jump Shot,1,0,Mid-Range
202703,Nikola Mirotic,1610612741,0021400735,Jump Shot,1,0,In The Paint (Non-RA)
201565,Derrick Rose,1610612741,0021400735,Jump Shot,1,1,Above the Break 3
202703,Nikola Mirotic,1610612741,0021400735,Jump Shot,1,0,In The Paint (Non-RA)
202703,Nikola Mirotic,1610612741,0021400735,Layup Shot,1,0,Restricted Area
201565,Derrick Rose,1610612741,0021400735,Pullup Jump shot,1,0,Above the Break 3
2550,Kirk Hinrich,1610612741,0021400735,Jump Shot,1,0,Left Corner 3
201959,Taj Gibson,1610612741,0021400735,Jump Shot,1,1,Mid-Range
201959,Taj Gibson,1610612741,0021400735,Jump Shot,1,0,Mid-Range
201565,Derrick Rose,1610612741,0021400735,Running Jump Shot,1,0,In The Paint (Non-RA)
202710,Jimmy Butler III,1610612741,0021400735,Step Back Jump shot,1,1,Mid-Range
2200,Pau Gasol,1610612741,0021400735,Jump Shot,1,0,Mid-Range
2200,Pau Gasol,1610612741,0021400735,Running Jump Shot,1,1,In The Paint (Non-RA)
201565,Derrick Rose,1610612741,0021400735,Pullup Jump shot,1,1,Mid-Range
201565,Derrick Rose,1610612741,0021400735,Pullup Jump shot,1,1,Mid-Range
201149,Joakim Noah,1610612741,0021400735,Jump Shot,1,0,Backcourt
201565,Derrick Rose,1610612741,0021400735,Jump Shot,1,0,Above the Break 3
2200,Pau Gasol,1610612741,0021400735,Jump Shot,1,0,Mid-Range
2200,Pau Gasol,1610612741,0021400735,Jump Shot,1,0,Mid-Range
2550,Kirk Hinrich,1610612741,0021400735,Jump Shot,1,0,Above the Break 3
202710,Jimmy Butler III,1610612741,0021400735,Jump Shot,1,0,Mid-Range
201149,Joakim Noah,1610612741,0021400735,Jump Shot,1,0,Mid-Range
202710,Jimmy Butler III,1610612741,0021400735,Layup Shot,1,0,Restricted Area
201565,Derrick Rose,1610612741,0021400735,Jump Shot,1,0,Left Corner 3
201565,Derrick Rose,1610612741,0021400735,Jump Shot,1,0,Restricted Area
2200,Pau Gasol,1610612741,0021400735,Jump Shot,1,0,Mid-Range
201149,Joakim Noah,1610612741,0021400735,Layup Shot,1,0,Restricted Area
201565,Derrick Rose,1610612741,0021400735,Pullup Jump shot,1,1,Mid-Range
201565,Derrick Rose,1610612741,0021400735,Jump Shot,1,0,Above the Break 3
202710,Jimmy Butler III,1610612741,0021400735,Jump Shot,1,1,Right Corner 3
201565,Derrick Rose,1610612741,0021400735,Jump Shot,1,0,In The Paint (Non-RA)
202710,Jimmy Butler III,1610612741,0021400735,Jump Shot,1,1,Mid-Range
201149,Joakim Noah,1610612741,0021400735,Layup Shot,1,0,Restricted Area
202710,Jimmy Butler III,1610612741,0021400735,Jump Shot,1,0,In The Paint (Non-RA)
2200,Pau Gasol,1610612741,0021400735,Putback Layup Shot,1,1,Restricted Area
201565,Derrick Rose,1610612741,0021400735,Pullup Jump shot,1,1,Mid-Range
202710,Jimmy Butler III,1610612741,0021400735,Jump Shot,1,1,Above the Break 3
201565,Derrick Rose,1610612741,0021400735,Jump Shot,1,0,Above the Break 3
2550,Kirk Hinrich,1610612741,0021400735,Jump Shot,1,0,Right Corner 3
201166,Aaron Brooks,1610612741,0021400735,Driving Layup Shot,1,1,Restricted Area
201959,Taj Gibson,1610612741,0021400735,Layup Shot,1,1,Restricted Area
202734,E'Twaun Moore,1610612741,0021400735,Jump Shot,1,0,Mid-Range
201959,Taj Gibson,1610612741,0021400735,Jump Shot,1,0,Mid-Range
201166,Aaron Brooks,1610612741,0021400735,Jump Shot,1,0,Mid-Range
202703,Nikola Mirotic,1610612741,0021400735,Jump Shot,1,0,Mid-Range
202703,Nikola Mirotic,1610612741,0021400735,Jump Shot,1,0,Restricted Area
201149,Joakim Noah,1610612741,0021400735,Jump Shot,1,0,Restricted Area
201565,Derrick Rose,1610612741,0021400735,Jump Shot,1,0,Above the Break 3
201565,Derrick Rose,1610612741,0021400735,Jump Shot,1,0,Mid-Range
201959,Taj Gibson,1610612741,0021400735,Jump Shot,1,0,In The Paint (Non-RA)
202710,Jimmy Butler III,1610612741,0021400735,Driving Bank shot,1,1,Restricted Area
201565,Derrick Rose,1610612741,0021400735,Jump Shot,1,1,Mid-Range
2550,Kirk Hinrich,1610612741,0021400735,Jump Shot,1,0,Above the Break 3
202710,Jimmy Butler III,1610612741,0021400735,Jump Shot,1,0,In The Paint (Non-RA)
201166,Aaron Brooks,1610612741,0021400735,Jump Shot,1,0,Mid-Range
201565,Derrick Rose,1610612741,0021400735,Step Back Jump shot,1,0,Mid-Range
201166,Aaron Brooks,1610612741,0021400735,Pullup Jump shot,1,1,Above the Break 3
202710,Jimmy Butler III,1610612741,0021400735,Driving Reverse Layup Shot,1,0,Restricted Area
2200,Pau Gasol,1610612741,0021400735,Putback Layup Shot,1,1,Restricted Area
202710,Jimmy Butler III,1610612741,0021400735,Driving Layup Shot,1,1,Restricted Area
201166,Aaron Brooks,1610612741,0021400735,Jump Shot,1,0,Above the Break 3
201166,Aaron Brooks,1610612741,0021400735,Jump Shot,1,0,Above the Break 3
2200,Pau Gasol,1610612741,0021400735,Turnaround Bank Hook Shot,1,1,In The Paint (Non-RA)
2200,Pau Gasol,1610612741,0021400758,Jump Shot,1,0,Mid-Range
202710,Jimmy Butler III,1610612741,0021400758,Jump Shot,1,0,Mid-Range
202710,Jimmy Butler III,1610612741,0021400758,Jump Shot,1,0,Right Corner 3
201565,Derrick Rose,1610612741,0021400758,Jump Shot,1,1,Above the Break 3
201565,Derrick Rose,1610612741,0021400758,Driving Layup Shot,1,1,Restricted Area
2200,Pau Gasol,1610612741,0021400758,Jump Shot,1,0,In The Paint (Non-RA)
202710,Jimmy Butler III,1610612741,0021400758,Layup Shot,1,0,Restricted Area
201149,Joakim Noah,1610612741,0021400758,Jump Shot,1,0,Mid-Range
201565,Derrick Rose,1610612741,0021400758,Jump Shot,1,0,Mid-Range
2550,Kirk Hinrich,1610612741,0021400758,Jump Shot,1,0,Above the Break 3
2200,Pau Gasol,1610612741,0021400758,Layup Shot,1,1,Restricted Area
202710,Jimmy Butler III,1610612741,0021400758,Jump Shot,1,0,Above the Break 3
2200,Pau Gasol,1610612741,0021400758,Layup Shot,1,0,Restricted Area
202710,Jimmy Butler III,1610612741,0021400758,Jump Shot,1,0,In The Paint (Non-RA)
2200,Pau Gasol,1610612741,0021400758,Jump Shot,1,0,Mid-Range
201565,Derrick Rose,1610612741,0021400758,Jump Shot,1,1,Mid-Range
2550,Kirk Hinrich,1610612741,0021400758,Jump Shot,1,1,Right Corner 3
2550,Kirk Hinrich,1610612741,0021400758,Layup Shot,1,0,Restricted Area
201565,Derrick Rose,1610612741,0021400758,Jump Shot,1,0,Mid-Range
2200,Pau Gasol,1610612741,0021400758,Jump Shot,1,0,In The Paint (Non-RA)
2200,Pau Gasol,1610612741,0021400758,Layup Shot,1,1,Restricted Area
2200,Pau Gasol,1610612741,0021400758,Hook Shot,1,1,In The Paint (Non-RA)
201166,Aaron Brooks,1610612741,0021400758,Jump Shot,1,0,Mid-Range
201166,Aaron Brooks,1610612741,0021400758,Jump Shot,1,0,Above the Break 3
203503,Tony Snell,1610612741,0021400758,Jump Shot,1,1,Above the Break 3
202710,Jimmy Butler III,1610612741,0021400758,Layup Shot,1,0,Restricted Area
203503,Tony Snell,1610612741,0021400758,Jump Shot,1,1,Left Corner 3
201959,Taj Gibson,1610612741,0021400758,Jump Shot,1,1,Mid-Range
201565,Derrick Rose,1610612741,0021400758,Jump Shot,1,1,Mid-Range
201565,Derrick Rose,1610612741,0021400758,Jump Shot,1,0,Mid-Range
201166,Aaron Brooks,1610612741,0021400758,Jump Bank Shot,1,1,In The Paint (Non-RA)
203503,Tony Snell,1610612741,0021400758,Jump Shot,1,0,Mid-Range
201166,Aaron Brooks,1610612741,0021400758,Jump Shot,1,1,Above the Break 3
201959,Taj Gibson,1610612741,0021400758,Tip Shot,1,0,Restricted Area
201565,Derrick Rose,1610612741,0021400758,Layup Shot,1,1,Restricted Area
2550,Kirk Hinrich,1610612741,0021400758,Jump Shot,1,0,Mid-Range
2200,Pau Gasol,1610612741,0021400758,Jump Shot,1,1,Mid-Range
201565,Derrick Rose,1610612741,0021400758,Jump Shot,1,1,Above the Break 3
2200,Pau Gasol,1610612741,0021400758,Jump Shot,1,1,Mid-Range
201565,Derrick Rose,1610612741,0021400758,Layup Shot,1,0,Restricted Area
201959,Taj Gibson,1610612741,0021400758,Putback Dunk Shot,1,1,Restricted Area
201565,Derrick Rose,1610612741,0021400758,Jump Shot,1,0,Backcourt
202710,Jimmy Butler III,1610612741,0021400758,Reverse Layup Shot,1,1,Restricted Area
201565,Derrick Rose,1610612741,0021400758,Jump Shot,1,0,Above the Break 3
203503,Tony Snell,1610612741,0021400758,Jump Shot,1,1,Above the Break 3
2200,Pau Gasol,1610612741,0021400758,Turnaround Jump Shot,1,1,In The Paint (Non-RA)
203503,Tony Snell,1610612741,0021400758,Jump Shot,1,1,Right Corner 3
2200,Pau Gasol,1610612741,0021400758,Jump Shot,1,1,Mid-Range
203503,Tony Snell,1610612741,0021400758,Driving Layup Shot,1,1,Restricted Area
202710,Jimmy Butler III,1610612741,0021400758,Layup Shot,1,1,Restricted Area
202710,Jimmy Butler III,1610612741,0021400758,Jump Shot,1,0,Mid-Range
201565,Derrick Rose,1610612741,0021400758,Step Back Jump shot,1,1,Mid-Range
201149,Joakim Noah,1610612741,0021400758,Layup Shot,1,1,Restricted Area
2200,Pau Gasol,1610612741,0021400758,Jump Shot,1,1,Left Corner 3
201565,Derrick Rose,1610612741,0021400758,Jump Shot,1,1,Mid-Range
202710,Jimmy Butler III,1610612741,0021400758,Dunk Shot,1,1,Restricted Area
201565,Derrick Rose,1610612741,0021400758,Jump Shot,1,0,Above the Break 3
203503,Tony Snell,1610612741,0021400758,Jump Shot,1,0,In The Paint (Non-RA)
202710,Jimmy Butler III,1610612741,0021400758,Layup Shot,1,0,Restricted Area
2200,Pau Gasol,1610612741,0021400758,Hook Shot,1,1,Restricted Area
201166,Aaron Brooks,1610612741,0021400758,Jump Shot,1,0,Restricted Area
202710,Jimmy Butler III,1610612741,0021400758,Driving Layup Shot,1,1,Restricted Area
202710,Jimmy Butler III,1610612741,0021400758,Jump Shot,1,1,Mid-Range
201959,Taj Gibson,1610612741,0021400758,Jump Shot,1,0,In The Paint (Non-RA)
202710,Jimmy Butler III,1610612741,0021400758,Dunk Shot,1,1,Restricted Area
203503,Tony Snell,1610612741,0021400758,Jump Shot,1,0,Above the Break 3
201166,Aaron Brooks,1610612741,0021400758,Jump Shot,1,0,Above the Break 3
201959,Taj Gibson,1610612741,0021400758,Jump Shot,1,0,In The Paint (Non-RA)
202703,Nikola Mirotic,1610612741,0021400758,Jump Shot,1,0,Above the Break 3
203503,Tony Snell,1610612741,0021400758,Driving Layup Shot,1,1,Restricted Area
202734,E'Twaun Moore,1610612741,0021400758,Jump Shot,1,0,Left Corner 3
201959,Taj Gibson,1610612741,0021400758,Dunk Shot,1,0,Restricted Area
203503,Tony Snell,1610612741,0021400758,Jump Shot,1,1,Above the Break 3
201166,Aaron Brooks,1610612741,0021400758,Jump Shot,1,1,In The Paint (Non-RA)
201166,Aaron Brooks,1610612741,0021400758,Layup Shot,1,0,Restricted Area
202703,Nikola Mirotic,1610612741,0021400758,Layup Shot,1,1,Restricted Area
201166,Aaron Brooks,1610612741,0021400758,Jump Shot,1,0,Right Corner 3
203926,Doug McDermott,1610612741,0021400758,Layup Shot,1,1,Restricted Area
202703,Nikola Mirotic,1610612741,0021400758,Driving Layup Shot,1,1,Restricted Area
202734,E'Twaun Moore,1610612741,0021400758,Alley Oop Dunk Shot,1,1,Restricted Area
202734,E'Twaun Moore,1610612741,0021400758,Layup Shot,1,0,Restricted Area
203946,Cameron Bairstow,1610612741,0021400758,Jump Shot,1,0,Mid-Range
203926,Doug McDermott,1610612741,0021400758,Jump Shot,1,1,Above the Break 3
203926,Doug McDermott,1610612741,0021400758,Layup Shot,1,1,Restricted Area
201565,Derrick Rose,1610612741,0021400770,Jump Shot,1,0,Mid-Range
2200,Pau Gasol,1610612741,0021400770,Jump Shot,1,0,Mid-Range
202710,Jimmy Butler III,1610612741,0021400770,Driving Dunk Shot,1,1,Restricted Area
201565,Derrick Rose,1610612741,0021400770,Jump Shot,1,0,Mid-Range
2200,Pau Gasol,1610612741,0021400770,Jump Shot,1,0,Mid-Range
203503,Tony Snell,1610612741,0021400770,Jump Shot,1,0,Above the Break 3
201149,Joakim Noah,1610612741,0021400770,Layup Shot,1,0,Restricted Area
201149,Joakim Noah,1610612741,0021400770,Layup Shot,1,1,Restricted Area
202710,Jimmy Butler III,1610612741,0021400770,Alley Oop Dunk Shot,1,1,Restricted Area
201565,Derrick Rose,1610612741,0021400770,Jump Shot,1,0,Above the Break 3
201565,Derrick Rose,1610612741,0021400770,Jump Bank Shot,1,0,Mid-Range
203503,Tony Snell,1610612741,0021400770,Jump Shot,1,1,Above the Break 3
2200,Pau Gasol,1610612741,0021400770,Turnaround Bank shot,1,1,Mid-Range
2200,Pau Gasol,1610612741,0021400770,Layup Shot,1,1,Restricted Area
202710,Jimmy Butler III,1610612741,0021400770,Pullup Jump shot,1,1,Mid-Range
201149,Joakim Noah,1610612741,0021400770,Layup Shot,1,1,Restricted Area
2200,Pau Gasol,1610612741,0021400770,Dunk Shot,1,1,Restricted Area
202710,Jimmy Butler III,1610612741,0021400770,Step Back Jump shot,1,0,Mid-Range
202710,Jimmy Butler III,1610612741,0021400770,Layup Shot,1,0,Restricted Area
2200,Pau Gasol,1610612741,0021400770,Jump Shot,1,1,Mid-Range
201959,Taj Gibson,1610612741,0021400770,Driving Reverse Layup Shot,1,1,Restricted Area
202710,Jimmy Butler III,1610612741,0021400770,Jump Shot,1,1,Above the Break 3
202710,Jimmy Butler III,1610612741,0021400770,Jump Shot,1,1,In The Paint (Non-RA)
201149,Joakim Noah,1610612741,0021400770,Hook Shot,1,0,In The Paint (Non-RA)
201149,Joakim Noah,1610612741,0021400770,Putback Layup Shot,1,1,Restricted Area
202734,E'Twaun Moore,1610612741,0021400770,Jump Shot,1,0,Above the Break 3
202734,E'Twaun Moore,1610612741,0021400770,Driving Layup Shot,1,1,Restricted Area
201565,Derrick Rose,1610612741,0021400770,Floating Jump shot,1,0,Mid-Range
201959,Taj Gibson,1610612741,0021400770,Tip Shot,1,0,Restricted Area
201565,Derrick Rose,1610612741,0021400770,Jump Shot,1,1,Mid-Range
202710,Jimmy Butler III,1610612741,0021400770,Jump Shot,1,0,Left Corner 3
202710,Jimmy Butler III,1610612741,0021400770,Turnaround Fadeaway shot,1,1,Mid-Range
202710,Jimmy Butler III,1610612741,0021400770,Layup Shot,1,0,Restricted Area
2200,Pau Gasol,1610612741,0021400770,Jump Shot,1,1,Mid-Range
203503,Tony Snell,1610612741,0021400770,Driving Layup Shot,1,1,Restricted Area
202710,Jimmy Butler III,1610612741,0021400770,Jump Shot,1,0,Mid-Range
202710,Jimmy Butler III,1610612741,0021400770,Driving Layup Shot,1,0,Restricted Area
201565,Derrick Rose,1610612741,0021400770,Floating Jump shot,1,1,In The Paint (Non-RA)
201565,Derrick Rose,1610612741,0021400770,Jump Shot,1,0,Backcourt
201149,Joakim Noah,1610612741,0021400770,Hook Shot,1,1,In The Paint (Non-RA)
202710,Jimmy Butler III,1610612741,0021400770,Driving Reverse Layup Shot,1,0,Restricted Area
201565,Derrick Rose,1610612741,0021400770,Jump Shot,1,0,Above the Break 3
2200,Pau Gasol,1610612741,0021400770,Layup Shot,1,0,Restricted Area
201149,Joakim Noah,1610612741,0021400770,Layup Shot,1,0,Restricted Area
2200,Pau Gasol,1610612741,0021400770,Putback Dunk Shot,1,1,Restricted Area
2200,Pau Gasol,1610612741,0021400770,Jump Shot,1,1,Mid-Range
203503,Tony Snell,1610612741,0021400770,Jump Shot,1,0,Left Corner 3
202710,Jimmy Butler III,1610612741,0021400770,Jump Shot,1,1,Above the Break 3
203503,Tony Snell,1610612741,0021400770,Jump Shot,1,0,Mid-Range
2200,Pau Gasol,1610612741,0021400770,Jump Shot,1,1,Mid-Range
202710,Jimmy Butler III,1610612741,0021400770,Jump Shot,1,1,Above the Break 3
201149,Joakim Noah,1610612741,0021400770,Hook Bank Shot,1,1,In The Paint (Non-RA)
2200,Pau Gasol,1610612741,0021400770,Jump Shot,1,1,Mid-Range
201565,Derrick Rose,1610612741,0021400770,Jump Shot,1,1,Mid-Range
201565,Derrick Rose,1610612741,0021400770,Jump Shot,1,0,Mid-Range
2200,Pau Gasol,1610612741,0021400770,Turnaround Fadeaway shot,1,0,Mid-Range
202710,Jimmy Butler III,1610612741,0021400770,Slam Dunk Shot,1,1,Restricted Area
202734,E'Twaun Moore,1610612741,0021400770,Jump Shot,1,0,Left Corner 3
2200,Pau Gasol,1610612741,0021400770,Jump Shot,1,0,Mid-Range
201166,Aaron Brooks,1610612741,0021400770,Jump Shot,1,0,Above the Break 3
201959,Taj Gibson,1610612741,0021400770,Jump Shot,1,0,Mid-Range
201166,Aaron Brooks,1610612741,0021400770,Jump Shot,1,0,Mid-Range
201166,Aaron Brooks,1610612741,0021400770,Jump Shot,1,1,Above the Break 3
201166,Aaron Brooks,1610612741,0021400770,Jump Shot,1,0,Above the Break 3
201166,Aaron Brooks,1610612741,0021400770,Jump Shot,1,0,Left Corner 3
201565,Derrick Rose,1610612741,0021400770,Step Back Jump shot,1,0,Mid-Range
201149,Joakim Noah,1610612741,0021400770,Jump Shot,1,1,Mid-Range
203503,Tony Snell,1610612741,0021400770,Jump Shot,1,1,Above the Break 3
202734,E'Twaun Moore,1610612741,0021400770,Jump Shot,1,1,Above the Break 3
203503,Tony Snell,1610612741,0021400770,Jump Shot,1,0,Right Corner 3
201149,Joakim Noah,1610612741,0021400770,Layup Shot,1,1,Restricted Area
2200,Pau Gasol,1610612741,0021400770,Jump Shot,1,0,Mid-Range
203503,Tony Snell,1610612741,0021400770,Jump Shot,1,0,Above the Break 3
203503,Tony Snell,1610612741,0021400770,Jump Shot,1,0,Right Corner 3
201565,Derrick Rose,1610612741,0021400770,Jump Shot,1,1,Above the Break 3
201565,Derrick Rose,1610612741,0021400770,Floating Jump shot,1,0,In The Paint (Non-RA)
2200,Pau Gasol,1610612741,0021400770,Putback Dunk Shot,1,1,Restricted Area
201565,Derrick Rose,1610612741,0021400785,Jump Shot,1,0,Mid-Range
201565,Derrick Rose,1610612741,0021400785,Running Layup Shot,1,1,Restricted Area
202710,Jimmy Butler III,1610612741,0021400785,Jump Shot,1,0,Mid-Range
2200,Pau Gasol,1610612741,0021400785,Jump Shot,1,1,Mid-Range
201149,Joakim Noah,1610612741,0021400785,Layup Shot,1,0,Restricted Area
2399,Mike Dunleavy,1610612741,0021400785,Jump Shot,1,1,Above the Break 3
202710,Jimmy Butler III,1610612741,0021400785,Jump Shot,1,0,Left Corner 3
201565,Derrick Rose,1610612741,0021400785,Reverse Layup Shot,1,1,Restricted Area
2200,Pau Gasol,1610612741,0021400785,Jump Shot,1,1,Mid-Range
2399,Mike Dunleavy,1610612741,0021400785,Jump Shot,1,0,Left Corner 3
201149,Joakim Noah,1610612741,0021400785,Jump Shot,1,0,Mid-Range
201565,Derrick Rose,1610612741,0021400785,Driving Jump shot,1,1,Restricted Area
201565,Derrick Rose,1610612741,0021400785,Jump Bank Shot,1,1,Mid-Range
2200,Pau Gasol,1610612741,0021400785,Jump Shot,1,1,Mid-Range
2200,Pau Gasol,1610612741,0021400785,Pullup Jump shot,1,1,In The Paint (Non-RA)
202710,Jimmy Butler III,1610612741,0021400785,Jump Shot,1,0,Mid-Range
203503,Tony Snell,1610612741,0021400785,Jump Shot,1,1,Above the Break 3
202710,Jimmy Butler III,1610612741,0021400785,Alley Oop Layup shot,1,1,Restricted Area
203503,Tony Snell,1610612741,0021400785,Jump Shot,1,1,Above the Break 3
202710,Jimmy Butler III,1610612741,0021400785,Step Back Jump shot,1,0,Mid-Range
2200,Pau Gasol,1610612741,0021400785,Slam Dunk Shot,1,1,Restricted Area
202710,Jimmy Butler III,1610612741,0021400785,Finger Roll Layup Shot,1,0,Restricted Area
2200,Pau Gasol,1610612741,0021400785,Jump Shot,1,0,Restricted Area
202710,Jimmy Butler III,1610612741,0021400785,Jump Shot,1,1,In The Paint (Non-RA)
203503,Tony Snell,1610612741,0021400785,Jump Shot,1,1,Mid-Range
201166,Aaron Brooks,1610612741,0021400785,Layup Shot,1,0,Restricted Area
203503,Tony Snell,1610612741,0021400785,Jump Shot,1,1,Right Corner 3
201166,Aaron Brooks,1610612741,0021400785,Jump Shot,1,0,Above the Break 3
201959,Taj Gibson,1610612741,0021400785,Slam Dunk Shot,1,1,Restricted Area
201149,Joakim Noah,1610612741,0021400785,Running Dunk Shot,1,1,Restricted Area
202703,Nikola Mirotic,1610612741,0021400785,Jump Shot,1,1,Above the Break 3
201149,Joakim Noah,1610612741,0021400785,Jump Shot,1,0,Mid-Range
202710,Jimmy Butler III,1610612741,0021400785,Fadeaway Jump Shot,1,0,Mid-Range
201565,Derrick Rose,1610612741,0021400785,Jump Shot,1,0,Above the Break 3
201565,Derrick Rose,1610612741,0021400785,Jump Shot,1,0,Mid-Range
203503,Tony Snell,1610612741,0021400785,Jump Bank Shot,1,1,Mid-Range
2200,Pau Gasol,1610612741,0021400785,Jump Shot,1,0,Mid-Range
201565,Derrick Rose,1610612741,0021400785,Running Reverse Layup Shot,1,1,Restricted Area
201565,Derrick Rose,1610612741,0021400785,Jump Shot,1,1,Above the Break 3
201565,Derrick Rose,1610612741,0021400785,Jump Shot,1,1,Mid-Range
203503,Tony Snell,1610612741,0021400785,Jump Shot,1,1,Above the Break 3
201565,Derrick Rose,1610612741,0021400785,Jump Shot,1,0,In The Paint (Non-RA)
203503,Tony Snell,1610612741,0021400785,Jump Shot,1,0,Above the Break 3
203503,Tony Snell,1610612741,0021400785,Driving Dunk Shot,1,1,Restricted Area
2200,Pau Gasol,1610612741,0021400785,Fadeaway Jump Shot,1,1,Mid-Range
2200,Pau Gasol,1610612741,0021400785,Jump Shot,1,1,Mid-Range
2200,Pau Gasol,1610612741,0021400785,Fadeaway Jump Shot,1,1,Mid-Range
201959,Taj Gibson,1610612741,0021400785,Jump Shot,1,0,Restricted Area
201959,Taj Gibson,1610612741,0021400785,Layup Shot,1,0,Restricted Area
201565,Derrick Rose,1610612741,0021400785,Jump Shot,1,0,Above the Break 3
2200,Pau Gasol,1610612741,0021400785,Jump Shot,1,1,Mid-Range
201565,Derrick Rose,1610612741,0021400785,Running Bank shot,1,1,In The Paint (Non-RA)
2200,Pau Gasol,1610612741,0021400785,Jump Shot,1,1,Mid-Range
201959,Taj Gibson,1610612741,0021400785,Jump Shot,1,0,Mid-Range
2200,Pau Gasol,1610612741,0021400785,Jump Shot,1,1,Mid-Range
201565,Derrick Rose,1610612741,0021400785,Jump Shot,1,1,Mid-Range
2200,Pau Gasol,1610612741,0021400785,Jump Shot,1,0,Mid-Range
202703,Nikola Mirotic,1610612741,0021400785,Jump Shot,1,0,Above the Break 3
201166,Aaron Brooks,1610612741,0021400785,Jump Shot,1,1,Mid-Range
202703,Nikola Mirotic,1610612741,0021400785,Jump Shot,1,0,Above the Break 3
202703,Nikola Mirotic,1610612741,0021400785,Jump Shot,1,0,Above the Break 3
202703,Nikola Mirotic,1610612741,0021400785,Jump Shot,1,0,Above the Break 3
201959,Taj Gibson,1610612741,0021400785,Jump Shot,1,0,In The Paint (Non-RA)
201166,Aaron Brooks,1610612741,0021400785,Running Bank shot,1,1,Mid-Range
203503,Tony Snell,1610612741,0021400785,Layup Shot,1,1,Restricted Area
2399,Mike Dunleavy,1610612741,0021400785,Jump Shot,1,0,In The Paint (Non-RA)
2399,Mike Dunleavy,1610612741,0021400785,Jump Shot,1,1,Mid-Range
201959,Taj Gibson,1610612741,0021400785,Dunk Shot,1,0,Restricted Area
201959,Taj Gibson,1610612741,0021400785,Slam Dunk Shot,1,1,Restricted Area
201565,Derrick Rose,1610612741,0021400785,Jump Shot,1,0,Above the Break 3
201565,Derrick Rose,1610612741,0021400785,Reverse Layup Shot,1,1,Restricted Area
201565,Derrick Rose,1610612741,0021400785,Jump Shot,1,0,Mid-Range
2399,Mike Dunleavy,1610612741,0021400785,Jump Shot,1,0,Above the Break 3
201959,Taj Gibson,1610612741,0021400785,Slam Dunk Shot,1,1,Restricted Area
203503,Tony Snell,1610612741,0021400785,Jump Shot,1,0,Above the Break 3
203503,Tony Snell,1610612741,0021400785,Slam Dunk Shot,1,1,Restricted Area
2200,Pau Gasol,1610612741,0021400785,Jump Shot,1,0,In The Paint (Non-RA)
203946,Cameron Bairstow,1610612741,0021400785,Jump Shot,1,0,Mid-Range
203926,Doug McDermott,1610612741,0021400785,Layup Shot,1,1,Restricted Area
203926,Doug McDermott,1610612741,0021400785,Layup Shot,1,0,Restricted Area
2200,Pau Gasol,1610612741,0021400800,Jump Shot,1,0,Mid-Range
2399,Mike Dunleavy,1610612741,0021400800,Layup Shot,1,0,Restricted Area
203503,Tony Snell,1610612741,0021400800,Jump Shot,1,0,Above the Break 3
201565,Derrick Rose,1610612741,0021400800,Jump Shot,1,0,In The Paint (Non-RA)
2200,Pau Gasol,1610612741,0021400800,Driving Layup Shot,1,0,Restricted Area
2200,Pau Gasol,1610612741,0021400800,Running Layup Shot,1,1,Restricted Area
2399,Mike Dunleavy,1610612741,0021400800,Running Jump Shot,1,0,In The Paint (Non-RA)
201565,Derrick Rose,1610612741,0021400800,Running Dunk Shot,1,1,Restricted Area
2399,Mike Dunleavy,1610612741,0021400800,Jump Shot,1,0,Above the Break 3
201565,Derrick Rose,1610612741,0021400800,Floating Jump shot,1,1,In The Paint (Non-RA)
2200,Pau Gasol,1610612741,0021400800,Jump Shot,1,1,Above the Break 3
2200,Pau Gasol,1610612741,0021400800,Driving Hook Shot,1,0,In The Paint (Non-RA)
203503,Tony Snell,1610612741,0021400800,Running Slam Dunk Shot,1,1,Restricted Area
203503,Tony Snell,1610612741,0021400800,Slam Dunk Shot,1,1,Restricted Area
2200,Pau Gasol,1610612741,0021400800,Jump Shot,1,1,Mid-Range
201149,Joakim Noah,1610612741,0021400800,Layup Shot,1,0,Restricted Area
2200,Pau Gasol,1610612741,0021400800,Layup Shot,1,1,Restricted Area
201149,Joakim Noah,1610612741,0021400800,Jump Shot,1,0,Mid-Range
201565,Derrick Rose,1610612741,0021400800,Layup Shot,1,1,Restricted Area
201565,Derrick Rose,1610612741,0021400800,Running Layup Shot,1,1,Restricted Area
2200,Pau Gasol,1610612741,0021400800,Jump Shot,1,1,Mid-Range
2399,Mike Dunleavy,1610612741,0021400800,Jump Shot,1,0,Above the Break 3
202703,Nikola Mirotic,1610612741,0021400800,Jump Shot,1,0,Above the Break 3
202703,Nikola Mirotic,1610612741,0021400800,Jump Shot,1,0,Left Corner 3
203503,Tony Snell,1610612741,0021400800,Jump Shot,1,1,Right Corner 3
201166,Aaron Brooks,1610612741,0021400800,Jump Shot,1,1,Above the Break 3
201166,Aaron Brooks,1610612741,0021400800,Running Layup Shot,1,0,Restricted Area
202703,Nikola Mirotic,1610612741,0021400800,Tip Shot,1,1,Restricted Area
201959,Taj Gibson,1610612741,0021400800,Layup Shot,1,1,Restricted Area
201166,Aaron Brooks,1610612741,0021400800,Jump Shot,1,0,Above the Break 3
202703,Nikola Mirotic,1610612741,0021400800,Jump Shot,1,0,Mid-Range
201166,Aaron Brooks,1610612741,0021400800,Running Jump Shot,1,1,In The Paint (Non-RA)
201166,Aaron Brooks,1610612741,0021400800,Running Jump Shot,1,0,Mid-Range
203503,Tony Snell,1610612741,0021400800,Jump Shot,1,1,Mid-Range
201959,Taj Gibson,1610612741,0021400800,Layup Shot,1,1,Restricted Area
201565,Derrick Rose,1610612741,0021400800,Pullup Jump shot,1,0,Mid-Range
201565,Derrick Rose,1610612741,0021400800,Jump Shot,1,1,Mid-Range
201959,Taj Gibson,1610612741,0021400800,Layup Shot,1,1,Restricted Area
201565,Derrick Rose,1610612741,0021400800,Jump Shot,1,0,Above the Break 3
201959,Taj Gibson,1610612741,0021400800,Jump Shot,1,0,Restricted Area
201149,Joakim Noah,1610612741,0021400800,Tip Shot,1,0,Restricted Area
201149,Joakim Noah,1610612741,0021400800,Layup Shot,1,1,Restricted Area
201959,Taj Gibson,1610612741,0021400800,Turnaround Hook Shot,1,1,Restricted Area
2200,Pau Gasol,1610612741,0021400800,Jump Shot,1,0,Mid-Range
2399,Mike Dunleavy,1610612741,0021400800,Jump Shot,1,0,Above the Break 3
201565,Derrick Rose,1610612741,0021400800,Jump Shot,1,0,Above the Break 3
201166,Aaron Brooks,1610612741,0021400800,Layup Shot,1,0,Restricted Area
201959,Taj Gibson,1610612741,0021400800,Jump Shot,1,0,In The Paint (Non-RA)
201565,Derrick Rose,1610612741,0021400800,Jump Shot,1,0,Mid-Range
2399,Mike Dunleavy,1610612741,0021400800,Running Reverse Layup Shot,1,1,Restricted Area
201149,Joakim Noah,1610612741,0021400800,Layup Shot,1,1,Restricted Area
201565,Derrick Rose,1610612741,0021400800,Running Layup Shot,1,0,Restricted Area
201565,Derrick Rose,1610612741,0021400800,Driving Layup Shot,1,1,Restricted Area
203503,Tony Snell,1610612741,0021400800,Jump Shot,1,1,Above the Break 3
201149,Joakim Noah,1610612741,0021400800,Running Jump Shot,1,0,In The Paint (Non-RA)
201565,Derrick Rose,1610612741,0021400800,Reverse Layup Shot,1,1,Restricted Area
203503,Tony Snell,1610612741,0021400800,Floating Jump shot,1,1,In The Paint (Non-RA)
2200,Pau Gasol,1610612741,0021400800,Jump Shot,1,0,Mid-Range
2200,Pau Gasol,1610612741,0021400800,Jump Shot,1,0,Mid-Range
2399,Mike Dunleavy,1610612741,0021400800,Jump Shot,1,1,Above the Break 3
201565,Derrick Rose,1610612741,0021400800,Layup Shot,1,0,Restricted Area
201565,Derrick Rose,1610612741,0021400800,Jump Shot,1,1,Mid-Range
2200,Pau Gasol,1610612741,0021400800,Jump Shot,1,1,Mid-Range
201565,Derrick Rose,1610612741,0021400800,Floating Jump shot,1,1,In The Paint (Non-RA)
201565,Derrick Rose,1610612741,0021400800,Jump Shot,1,0,Mid-Range
2200,Pau Gasol,1610612741,0021400800,Jump Shot,1,0,Mid-Range
2200,Pau Gasol,1610612741,0021400800,Jump Shot,1,0,Mid-Range
201565,Derrick Rose,1610612741,0021400800,Layup Shot,1,0,Restricted Area
201959,Taj Gibson,1610612741,0021400800,Driving Layup Shot,1,0,Restricted Area
201565,Derrick Rose,1610612741,0021400800,Running Reverse Layup Shot,1,1,Restricted Area
201166,Aaron Brooks,1610612741,0021400800,Floating Jump shot,1,0,In The Paint (Non-RA)
201166,Aaron Brooks,1610612741,0021400800,Running Layup Shot,1,0,Restricted Area
201166,Aaron Brooks,1610612741,0021400800,Jump Shot,1,0,Left Corner 3
201565,Derrick Rose,1610612741,0021400800,Jump Shot,1,1,In The Paint (Non-RA)
201166,Aaron Brooks,1610612741,0021400800,Jump Shot,1,0,Above the Break 3
202703,Nikola Mirotic,1610612741,0021400800,Tip Shot,1,1,Restricted Area
201565,Derrick Rose,1610612741,0021400800,Jump Shot,1,0,Mid-Range
201166,Aaron Brooks,1610612741,0021400800,Layup Shot,1,0,Restricted Area
202703,Nikola Mirotic,1610612741,0021400800,Jump Shot,1,0,Above the Break 3
202703,Nikola Mirotic,1610612741,0021400800,Jump Shot,1,1,Above the Break 3
203503,Tony Snell,1610612741,0021400800,Jump Shot,1,0,Above the Break 3
203503,Tony Snell,1610612741,0021400800,Jump Shot,1,1,Above the Break 3
201959,Taj Gibson,1610612741,0021400800,Jump Shot,1,1,Mid-Range
201565,Derrick Rose,1610612741,0021400800,Pullup Jump shot,1,1,Mid-Range
201565,Derrick Rose,1610612741,0021400800,Floating Jump shot,1,0,In The Paint (Non-RA)
203503,Tony Snell,1610612741,0021400800,Jump Shot,1,1,Above the Break 3
2200,Pau Gasol,1610612741,0021400800,Jump Shot,1,0,Mid-Range
2200,Pau Gasol,1610612741,0021400800,Jump Shot,1,0,In The Paint (Non-RA)
203503,Tony Snell,1610612741,0021400800,Floating Jump shot,1,1,In The Paint (Non-RA)
202703,Nikola Mirotic,1610612741,0021400800,Jump Shot,1,0,Above the Break 3
201565,Derrick Rose,1610612741,0021400800,Jump Shot,1,0,Mid-Range
201166,Aaron Brooks,1610612741,0021400800,Jump Shot,1,1,Above the Break 3
2399,Mike Dunleavy,1610612741,0021400806,Layup Shot,1,0,Restricted Area
201149,Joakim Noah,1610612741,0021400806,Tip Shot,1,1,Restricted Area
202710,Jimmy Butler III,1610612741,0021400806,Jump Shot,1,1,Mid-Range
201149,Joakim Noah,1610612741,0021400806,Layup Shot,1,0,Restricted Area
201149,Joakim Noah,1610612741,0021400806,Layup Shot,1,1,Restricted Area
201565,Derrick Rose,1610612741,0021400806,Driving Layup Shot,1,1,Restricted Area
2399,Mike Dunleavy,1610612741,0021400806,Jump Shot,1,0,Mid-Range
201565,Derrick Rose,1610612741,0021400806,Jump Shot,1,1,Mid-Range
2200,Pau Gasol,1610612741,0021400806,Hook Shot,1,0,In The Paint (Non-RA)
202710,Jimmy Butler III,1610612741,0021400806,Jump Shot,1,1,Above the Break 3
202710,Jimmy Butler III,1610612741,0021400806,Jump Shot,1,0,Mid-Range
201565,Derrick Rose,1610612741,0021400806,Layup Shot,1,0,Restricted Area
2200,Pau Gasol,1610612741,0021400806,Layup Shot,1,0,Restricted Area
202710,Jimmy Butler III,1610612741,0021400806,Jump Shot,1,1,Above the Break 3
2200,Pau Gasol,1610612741,0021400806,Layup Shot,1,1,Restricted Area
201959,Taj Gibson,1610612741,0021400806,Jump Shot,1,0,In The Paint (Non-RA)
2550,Kirk Hinrich,1610612741,0021400806,Jump Shot,1,1,Right Corner 3
2200,Pau Gasol,1610612741,0021400806,Jump Shot,1,0,Mid-Range
201959,Taj Gibson,1610612741,0021400806,Layup Shot,1,0,Restricted Area
201959,Taj Gibson,1610612741,0021400806,Jump Shot,1,0,Mid-Range
201959,Taj Gibson,1610612741,0021400806,Layup Shot,1,1,Restricted Area
203503,Tony Snell,1610612741,0021400806,Jump Shot,1,0,Above the Break 3
201166,Aaron Brooks,1610612741,0021400806,Jump Shot,1,0,Above the Break 3
201166,Aaron Brooks,1610612741,0021400806,Jump Shot,1,0,Above the Break 3
201149,Joakim Noah,1610612741,0021400806,Layup Shot,1,0,Restricted Area
202710,Jimmy Butler III,1610612741,0021400806,Driving Layup Shot,1,1,Restricted Area
201149,Joakim Noah,1610612741,0021400806,Layup Shot,1,0,Restricted Area
201959,Taj Gibson,1610612741,0021400806,Layup Shot,1,0,Restricted Area
201959,Taj Gibson,1610612741,0021400806,Putback Dunk Shot,1,1,Restricted Area
201959,Taj Gibson,1610612741,0021400806,Layup Shot,1,1,Restricted Area
202703,Nikola Mirotic,1610612741,0021400806,Jump Shot,1,1,Left Corner 3
201959,Taj Gibson,1610612741,0021400806,Jump Shot,1,1,Mid-Range
201959,Taj Gibson,1610612741,0021400806,Jump Shot,1,0,Mid-Range
201149,Joakim Noah,1610612741,0021400806,Jump Shot,1,1,Mid-Range
202710,Jimmy Butler III,1610612741,0021400806,Jump Shot,1,0,Mid-Range
201959,Taj Gibson,1610612741,0021400806,Dunk Shot,1,1,Restricted Area
2200,Pau Gasol,1610612741,0021400806,Jump Shot,1,1,In The Paint (Non-RA)
201959,Taj Gibson,1610612741,0021400806,Dunk Shot,1,1,Restricted Area
202710,Jimmy Butler III,1610612741,0021400806,Fadeaway Jump Shot,1,0,Mid-Range
2200,Pau Gasol,1610612741,0021400806,Jump Shot,1,0,Mid-Range
2399,Mike Dunleavy,1610612741,0021400806,Jump Shot,1,0,Above the Break 3
2200,Pau Gasol,1610612741,0021400806,Layup Shot,1,0,Restricted Area
202710,Jimmy Butler III,1610612741,0021400806,Jump Shot,1,0,Above the Break 3
201149,Joakim Noah,1610612741,0021400806,Layup Shot,1,1,Restricted Area
202710,Jimmy Butler III,1610612741,0021400806,Layup Shot,1,1,Restricted Area
201565,Derrick Rose,1610612741,0021400806,Jump Shot,1,0,Mid-Range
201565,Derrick Rose,1610612741,0021400806,Layup Shot,1,0,Restricted Area
202710,Jimmy Butler III,1610612741,0021400806,Layup Shot,1,1,Restricted Area
2399,Mike Dunleavy,1610612741,0021400806,Jump Shot,1,0,Right Corner 3
201149,Joakim Noah,1610612741,0021400806,Layup Shot,1,0,Restricted Area
2399,Mike Dunleavy,1610612741,0021400806,Jump Shot,1,0,Mid-Range
202710,Jimmy Butler III,1610612741,0021400806,Jump Shot,1,0,Above the Break 3
202710,Jimmy Butler III,1610612741,0021400806,Jump Shot,1,0,Mid-Range
2200,Pau Gasol,1610612741,0021400806,Layup Shot,1,1,Restricted Area
2200,Pau Gasol,1610612741,0021400806,Layup Shot,1,1,Restricted Area
201166,Aaron Brooks,1610612741,0021400806,Layup Shot,1,0,Restricted Area
201959,Taj Gibson,1610612741,0021400806,Layup Shot,1,1,Restricted Area
202703,Nikola Mirotic,1610612741,0021400806,Layup Shot,1,0,Restricted Area
201166,Aaron Brooks,1610612741,0021400806,Driving Layup Shot,1,1,Restricted Area
203503,Tony Snell,1610612741,0021400806,Jump Shot,1,0,Above the Break 3
2550,Kirk Hinrich,1610612741,0021400806,Jump Shot,1,1,Mid-Range
201166,Aaron Brooks,1610612741,0021400806,Floating Jump shot,1,0,In The Paint (Non-RA)
201166,Aaron Brooks,1610612741,0021400806,Driving Layup Shot,1,1,Restricted Area
202710,Jimmy Butler III,1610612741,0021400806,Jump Shot,1,0,Mid-Range
2550,Kirk Hinrich,1610612741,0021400806,Jump Shot,1,0,Mid-Range
202710,Jimmy Butler III,1610612741,0021400806,Jump Shot,1,0,Mid-Range
2550,Kirk Hinrich,1610612741,0021400806,Driving Layup Shot,1,1,Restricted Area
201565,Derrick Rose,1610612741,0021400806,Jump Shot,1,0,Above the Break 3
202710,Jimmy Butler III,1610612741,0021400806,Jump Shot,1,0,In The Paint (Non-RA)
202710,Jimmy Butler III,1610612741,0021400806,Jump Bank Shot,1,1,In The Paint (Non-RA)
202710,Jimmy Butler III,1610612741,0021400806,Driving Dunk Shot,1,1,Restricted Area
201959,Taj Gibson,1610612741,0021400806,Layup Shot,1,0,Restricted Area
203503,Tony Snell,1610612741,0021400806,Driving Layup Shot,1,1,Restricted Area
2200,Pau Gasol,1610612741,0021400806,Jump Shot,1,0,Mid-Range
201565,Derrick Rose,1610612741,0021400806,Jump Shot,1,0,Above the Break 3
202710,Jimmy Butler III,1610612741,0021400806,Jump Shot,1,1,Above the Break 3
201565,Derrick Rose,1610612741,0021400806,Jump Shot,1,0,Above the Break 3
201565,Derrick Rose,1610612741,0021400806,Jump Bank Shot,1,0,In The Paint (Non-RA)
2200,Pau Gasol,1610612741,0021400818,Jump Shot,1,1,Mid-Range
202710,Jimmy Butler III,1610612741,0021400818,Jump Shot,1,1,Above the Break 3
2200,Pau Gasol,1610612741,0021400818,Jump Shot,1,0,Mid-Range
202710,Jimmy Butler III,1610612741,0021400818,Turnaround Jump Shot,1,0,Mid-Range
2200,Pau Gasol,1610612741,0021400818,Driving Jump shot,1,0,Mid-Range
201149,Joakim Noah,1610612741,0021400818,Tip Shot,1,0,Restricted Area
201565,Derrick Rose,1610612741,0021400818,Jump Shot,1,0,Above the Break 3
201149,Joakim Noah,1610612741,0021400818,Running Layup Shot,1,1,Restricted Area
2200,Pau Gasol,1610612741,0021400818,Driving Layup Shot,1,1,Restricted Area
2399,Mike Dunleavy,1610612741,0021400818,Jump Shot,1,1,Above the Break 3
2399,Mike Dunleavy,1610612741,0021400818,Running Layup Shot,1,0,Restricted Area
2399,Mike Dunleavy,1610612741,0021400818,Putback Layup Shot,1,1,Restricted Area
201565,Derrick Rose,1610612741,0021400818,Jump Shot,1,1,Above the Break 3
2399,Mike Dunleavy,1610612741,0021400818,Jump Shot,1,1,Above the Break 3
2200,Pau Gasol,1610612741,0021400818,Jump Shot,1,1,Mid-Range
202710,Jimmy Butler III,1610612741,0021400818,Fadeaway Jump Shot,1,0,Mid-Range
201959,Taj Gibson,1610612741,0021400818,Layup Shot,1,0,Restricted Area
201166,Aaron Brooks,1610612741,0021400818,Jump Shot,1,0,Mid-Range
2200,Pau Gasol,1610612741,0021400818,Jump Shot,1,1,Mid-Range
2399,Mike Dunleavy,1610612741,0021400818,Jump Shot,1,0,Mid-Range
2399,Mike Dunleavy,1610612741,0021400818,Running Layup Shot,1,1,Restricted Area
202710,Jimmy Butler III,1610612741,0021400818,Reverse Layup Shot,1,1,Restricted Area
202710,Jimmy Butler III,1610612741,0021400818,Running Slam Dunk Shot,1,1,Restricted Area
203503,Tony Snell,1610612741,0021400818,Dunk Shot,1,1,Restricted Area
203503,Tony Snell,1610612741,0021400818,Jump Shot,1,0,Above the Break 3
202703,Nikola Mirotic,1610612741,0021400818,Jump Shot,1,0,Above the Break 3
201149,Joakim Noah,1610612741,0021400818,Tip Shot,1,0,Restricted Area
201166,Aaron Brooks,1610612741,0021400818,Jump Shot,1,1,Above the Break 3
202703,Nikola Mirotic,1610612741,0021400818,Jump Shot,1,1,Above the Break 3
201959,Taj Gibson,1610612741,0021400818,Hook Shot,1,0,In The Paint (Non-RA)
201166,Aaron Brooks,1610612741,0021400818,Floating Jump shot,1,0,Mid-Range
202703,Nikola Mirotic,1610612741,0021400818,Jump Shot,1,1,Above the Break 3
202703,Nikola Mirotic,1610612741,0021400818,Driving Layup Shot,1,1,Restricted Area
201565,Derrick Rose,1610612741,0021400818,Jump Shot,1,0,In The Paint (Non-RA)
202703,Nikola Mirotic,1610612741,0021400818,Jump Shot,1,0,Above the Break 3
201565,Derrick Rose,1610612741,0021400818,Driving Layup Shot,1,1,Restricted Area
201166,Aaron Brooks,1610612741,0021400818,Pullup Jump shot,1,0,Mid-Range
202710,Jimmy Butler III,1610612741,0021400818,Jump Shot,1,0,Mid-Range
2200,Pau Gasol,1610612741,0021400818,Jump Shot,1,0,In The Paint (Non-RA)
202710,Jimmy Butler III,1610612741,0021400818,Jump Shot,1,1,In The Paint (Non-RA)
201166,Aaron Brooks,1610612741,0021400818,Jump Shot,1,0,Mid-Range
2399,Mike Dunleavy,1610612741,0021400818,Layup Shot,1,0,Restricted Area
201166,Aaron Brooks,1610612741,0021400818,Jump Shot,1,0,Above the Break 3
202710,Jimmy Butler III,1610612741,0021400818,Jump Shot,1,0,Mid-Range
2200,Pau Gasol,1610612741,0021400818,Hook Shot,1,1,In The Paint (Non-RA)
201565,Derrick Rose,1610612741,0021400818,Jump Shot,1,0,Above the Break 3
2399,Mike Dunleavy,1610612741,0021400818,Jump Shot,1,0,Above the Break 3
2200,Pau Gasol,1610612741,0021400818,Jump Shot,1,1,Mid-Range
202710,Jimmy Butler III,1610612741,0021400818,Alley Oop Dunk Shot,1,1,Restricted Area
202710,Jimmy Butler III,1610612741,0021400818,Jump Shot,1,0,Mid-Range
201565,Derrick Rose,1610612741,0021400818,Running Layup Shot,1,0,Restricted Area
202710,Jimmy Butler III,1610612741,0021400818,Layup Shot,1,1,Restricted Area
2399,Mike Dunleavy,1610612741,0021400818,Running Layup Shot,1,1,Restricted Area
201149,Joakim Noah,1610612741,0021400818,Jump Shot,1,0,Mid-Range
202710,Jimmy Butler III,1610612741,0021400818,Jump Shot,1,0,Mid-Range
202710,Jimmy Butler III,1610612741,0021400818,Layup Shot,1,1,Restricted Area
201565,Derrick Rose,1610612741,0021400818,Jump Shot,1,0,In The Paint (Non-RA)
201565,Derrick Rose,1610612741,0021400818,Driving Layup Shot,1,1,Restricted Area
202710,Jimmy Butler III,1610612741,0021400818,Running Layup Shot,1,0,Restricted Area
201959,Taj Gibson,1610612741,0021400818,Tip Shot,1,1,Restricted Area
201565,Derrick Rose,1610612741,0021400818,Running Layup Shot,1,0,Restricted Area
201166,Aaron Brooks,1610612741,0021400818,Jump Shot,1,0,Left Corner 3
201959,Taj Gibson,1610612741,0021400818,Putback Layup Shot,1,0,Restricted Area
2200,Pau Gasol,1610612741,0021400818,Tip Shot,1,0,Restricted Area
2200,Pau Gasol,1610612741,0021400818,Jump Shot,1,1,Mid-Range
2399,Mike Dunleavy,1610612741,0021400818,Jump Shot,1,1,Above the Break 3
201166,Aaron Brooks,1610612741,0021400818,Jump Shot,1,0,Right Corner 3
2200,Pau Gasol,1610612741,0021400818,Jump Shot,1,1,Left Corner 3
2399,Mike Dunleavy,1610612741,0021400818,Jump Shot,1,0,Backcourt
201959,Taj Gibson,1610612741,0021400818,Jump Shot,1,1,Mid-Range
201959,Taj Gibson,1610612741,0021400818,Alley Oop Dunk Shot,1,1,Restricted Area
202703,Nikola Mirotic,1610612741,0021400818,Jump Shot,1,0,Left Corner 3
202703,Nikola Mirotic,1610612741,0021400818,Jump Shot,1,0,Mid-Range
201166,Aaron Brooks,1610612741,0021400818,Jump Shot,1,1,Above the Break 3
201166,Aaron Brooks,1610612741,0021400818,Jump Shot,1,1,Above the Break 3
201959,Taj Gibson,1610612741,0021400818,Jump Shot,1,1,In The Paint (Non-RA)
203503,Tony Snell,1610612741,0021400818,Jump Shot,1,1,Above the Break 3
202703,Nikola Mirotic,1610612741,0021400818,Jump Shot,1,0,Above the Break 3
201166,Aaron Brooks,1610612741,0021400818,Driving Layup Shot,1,1,Restricted Area
201959,Taj Gibson,1610612741,0021400818,Jump Shot,1,1,Mid-Range
201565,Derrick Rose,1610612741,0021400818,Running Layup Shot,1,1,Restricted Area
201565,Derrick Rose,1610612741,0021400818,Jump Shot,1,0,Mid-Range
201149,Joakim Noah,1610612741,0021400818,Putback Layup Shot,1,0,Restricted Area
202710,Jimmy Butler III,1610612741,0021400818,Layup Shot,1,0,Restricted Area
201959,Taj Gibson,1610612741,0021400818,Putback Layup Shot,1,1,Restricted Area
202710,Jimmy Butler III,1610612741,0021400818,Jump Shot,1,0,Mid-Range
203503,Tony Snell,1610612741,0021400818,Jump Shot,1,0,Mid-Range
201565,Derrick Rose,1610612741,0021400818,Layup Shot,1,1,Restricted Area
2200,Pau Gasol,1610612741,0021400818,Driving Hook Shot,1,1,In The Paint (Non-RA)
2200,Pau Gasol,1610612741,0021400831,Jump Shot,1,1,Mid-Range
2399,Mike Dunleavy,1610612741,0021400831,Jump Shot,1,0,Above the Break 3
201565,Derrick Rose,1610612741,0021400831,Layup Shot,1,0,Restricted Area
2200,Pau Gasol,1610612741,0021400831,Jump Shot,1,0,Right Corner 3
201565,Derrick Rose,1610612741,0021400831,Jump Shot,1,1,Above the Break 3
2200,Pau Gasol,1610612741,0021400831,Jump Shot,1,1,Mid-Range
201565,Derrick Rose,1610612741,0021400831,Jump Shot,1,0,Above the Break 3
2399,Mike Dunleavy,1610612741,0021400831,Running Layup Shot,1,1,Restricted Area
202710,Jimmy Butler III,1610612741,0021400831,Running Layup Shot,1,0,Restricted Area
202710,Jimmy Butler III,1610612741,0021400831,Running Layup Shot,1,0,Restricted Area
201565,Derrick Rose,1610612741,0021400831,Jump Shot,1,0,In The Paint (Non-RA)
201565,Derrick Rose,1610612741,0021400831,Jump Shot,1,0,In The Paint (Non-RA)
201565,Derrick Rose,1610612741,0021400831,Jump Shot,1,0,Above the Break 3
202703,Nikola Mirotic,1610612741,0021400831,Jump Shot,1,0,Above the Break 3
203503,Tony Snell,1610612741,0021400831,Jump Shot,1,1,Above the Break 3
2200,Pau Gasol,1610612741,0021400831,Jump Shot,1,1,Mid-Range
203503,Tony Snell,1610612741,0021400831,Layup Shot,1,1,Restricted Area
201565,Derrick Rose,1610612741,0021400831,Jump Shot,1,0,Backcourt
203503,Tony Snell,1610612741,0021400831,Jump Shot,1,0,In The Paint (Non-RA)
201166,Aaron Brooks,1610612741,0021400831,Jump Shot,1,0,Mid-Range
201149,Joakim Noah,1610612741,0021400831,Tip Shot,1,0,Restricted Area
201166,Aaron Brooks,1610612741,0021400831,Jump Shot,1,0,Above the Break 3
201166,Aaron Brooks,1610612741,0021400831,Running Layup Shot,1,1,Restricted Area
203503,Tony Snell,1610612741,0021400831,Jump Shot,1,0,Right Corner 3
202703,Nikola Mirotic,1610612741,0021400831,Turnaround Fadeaway shot,1,1,Mid-Range
203503,Tony Snell,1610612741,0021400831,Driving Finger Roll Layup Shot,1,1,Restricted Area
202703,Nikola Mirotic,1610612741,0021400831,Jump Shot,1,1,Right Corner 3
201166,Aaron Brooks,1610612741,0021400831,Layup Shot,1,0,Restricted Area
201149,Joakim Noah,1610612741,0021400831,Layup Shot,1,0,Restricted Area
202710,Jimmy Butler III,1610612741,0021400831,Jump Shot,1,1,Mid-Range
202703,Nikola Mirotic,1610612741,0021400831,Pullup Jump shot,1,0,Above the Break 3
202710,Jimmy Butler III,1610612741,0021400831,Floating Jump shot,1,1,Mid-Range
201166,Aaron Brooks,1610612741,0021400831,Jump Shot,1,0,Above the Break 3
201149,Joakim Noah,1610612741,0021400831,Tip Shot,1,0,Restricted Area
202710,Jimmy Butler III,1610612741,0021400831,Layup Shot,1,0,Restricted Area
203503,Tony Snell,1610612741,0021400831,Jump Shot,1,1,Above the Break 3
203503,Tony Snell,1610612741,0021400831,Running Dunk Shot,1,1,Restricted Area
203503,Tony Snell,1610612741,0021400831,Running Layup Shot,1,0,Restricted Area
202710,Jimmy Butler III,1610612741,0021400831,Tip Shot,1,0,Restricted Area
203503,Tony Snell,1610612741,0021400831,Jump Shot,1,1,Right Corner 3
2200,Pau Gasol,1610612741,0021400831,Jump Shot,1,0,Mid-Range
201565,Derrick Rose,1610612741,0021400831,Pullup Jump shot,1,0,Above the Break 3
202703,Nikola Mirotic,1610612741,0021400831,Fadeaway Jump Shot,1,0,Mid-Range
2200,Pau Gasol,1610612741,0021400831,Jump Shot,1,1,Restricted Area
203503,Tony Snell,1610612741,0021400831,Jump Shot,1,1,Above the Break 3
2200,Pau Gasol,1610612741,0021400831,Layup Shot,1,0,Restricted Area
2200,Pau Gasol,1610612741,0021400831,Jump Shot,1,1,In The Paint (Non-RA)
202710,Jimmy Butler III,1610612741,0021400831,Jump Shot,1,0,Above the Break 3
201149,Joakim Noah,1610612741,0021400831,Jump Shot,1,1,Mid-Range
201565,Derrick Rose,1610612741,0021400831,Running Layup Shot,1,0,Restricted Area
201149,Joakim Noah,1610612741,0021400831,Tip Shot,1,0,Restricted Area
201149,Joakim Noah,1610612741,0021400831,Driving Bank shot,1,1,In The Paint (Non-RA)
2399,Mike Dunleavy,1610612741,0021400831,Jump Shot,1,0,Mid-Range
201565,Derrick Rose,1610612741,0021400831,Jump Shot,1,0,Above the Break 3
202703,Nikola Mirotic,1610612741,0021400831,Jump Shot,1,0,Above the Break 3
202703,Nikola Mirotic,1610612741,0021400831,Jump Shot,1,0,Above the Break 3
201565,Derrick Rose,1610612741,0021400831,Jump Shot,1,0,Mid-Range
2200,Pau Gasol,1610612741,0021400831,Turnaround Fadeaway shot,1,0,In The Paint (Non-RA)
201565,Derrick Rose,1610612741,0021400831,Layup Shot,1,0,Restricted Area
203503,Tony Snell,1610612741,0021400831,Jump Shot,1,0,Right Corner 3
202710,Jimmy Butler III,1610612741,0021400831,Jump Shot,1,1,Right Corner 3
202710,Jimmy Butler III,1610612741,0021400831,Jump Shot,1,0,Mid-Range
201166,Aaron Brooks,1610612741,0021400831,Layup Shot,1,1,Restricted Area
201166,Aaron Brooks,1610612741,0021400831,Jump Shot,1,0,Mid-Range
202703,Nikola Mirotic,1610612741,0021400831,Running Layup Shot,1,0,Restricted Area
201166,Aaron Brooks,1610612741,0021400831,Running Layup Shot,1,0,Restricted Area
202710,Jimmy Butler III,1610612741,0021400831,Putback Slam Dunk Shot,1,1,Restricted Area
202703,Nikola Mirotic,1610612741,0021400831,Jump Shot,1,0,Mid-Range
201149,Joakim Noah,1610612741,0021400831,Running Layup Shot,1,0,Restricted Area
201149,Joakim Noah,1610612741,0021400831,Running Dunk Shot,1,1,Restricted Area
202703,Nikola Mirotic,1610612741,0021400831,Jump Shot,1,1,Right Corner 3
201166,Aaron Brooks,1610612741,0021400831,Jump Shot,1,0,Above the Break 3
201149,Joakim Noah,1610612741,0021400831,Jump Shot,1,0,Mid-Range
201565,Derrick Rose,1610612741,0021400831,Jump Shot,1,0,Above the Break 3
202703,Nikola Mirotic,1610612741,0021400831,Running Layup Shot,1,1,Restricted Area
203926,Doug McDermott,1610612741,0021400831,Running Layup Shot,1,0,Restricted Area
2200,Pau Gasol,1610612741,0021400845,Layup Shot,1,1,Restricted Area
2200,Pau Gasol,1610612741,0021400845,Jump Shot,1,1,Mid-Range
201166,Aaron Brooks,1610612741,0021400845,Jump Shot,1,1,Above the Break 3
2200,Pau Gasol,1610612741,0021400845,Jump Shot,1,0,Mid-Range
202710,Jimmy Butler III,1610612741,0021400845,Jump Shot,1,0,Above the Break 3
2200,Pau Gasol,1610612741,0021400845,Jump Shot,1,0,Mid-Range
201166,Aaron Brooks,1610612741,0021400845,Driving Layup Shot,1,1,Restricted Area
201166,Aaron Brooks,1610612741,0021400845,Running Layup Shot,1,1,Restricted Area
2200,Pau Gasol,1610612741,0021400845,Driving Layup Shot,1,1,Restricted Area
202710,Jimmy Butler III,1610612741,0021400845,Jump Shot,1,1,Mid-Range
201959,Taj Gibson,1610612741,0021400845,Layup Shot,1,0,Restricted Area
2200,Pau Gasol,1610612741,0021400845,Fadeaway Jump Shot,1,0,Mid-Range
201166,Aaron Brooks,1610612741,0021400845,Jump Shot,1,0,Above the Break 3
203503,Tony Snell,1610612741,0021400845,Driving Layup Shot,1,0,Restricted Area
201959,Taj Gibson,1610612741,0021400845,Jump Shot,1,0,In The Paint (Non-RA)
2200,Pau Gasol,1610612741,0021400845,Jump Shot,1,0,Mid-Range
202710,Jimmy Butler III,1610612741,0021400845,Tip Shot,1,1,Restricted Area
202710,Jimmy Butler III,1610612741,0021400845,Jump Shot,1,0,Mid-Range
202703,Nikola Mirotic,1610612741,0021400845,Jump Shot,1,1,Mid-Range
203503,Tony Snell,1610612741,0021400845,Jump Shot,1,0,Above the Break 3
2550,Kirk Hinrich,1610612741,0021400845,Jump Shot,1,0,Above the Break 3
201149,Joakim Noah,1610612741,0021400845,Jump Shot,1,0,Mid-Range
203503,Tony Snell,1610612741,0021400845,Jump Shot,1,0,Mid-Range
203503,Tony Snell,1610612741,0021400845,Slam Dunk Shot,1,1,Restricted Area
202703,Nikola Mirotic,1610612741,0021400845,Layup Shot,1,1,Restricted Area
201959,Taj Gibson,1610612741,0021400845,Driving Layup Shot,1,0,Restricted Area
201959,Taj Gibson,1610612741,0021400845,Tip Shot,1,0,Restricted Area
203503,Tony Snell,1610612741,0021400845,Jump Shot,1,1,Above the Break 3
203503,Tony Snell,1610612741,0021400845,Running Layup Shot,1,1,Restricted Area
2550,Kirk Hinrich,1610612741,0021400845,Running Bank shot,1,1,Mid-Range
202703,Nikola Mirotic,1610612741,0021400845,Jump Shot,1,1,Mid-Range
2200,Pau Gasol,1610612741,0021400845,Layup Shot,1,1,Restricted Area
201166,Aaron Brooks,1610612741,0021400845,Jump Shot,1,0,Mid-Range
203503,Tony Snell,1610612741,0021400845,Jump Shot,1,1,Above the Break 3
2200,Pau Gasol,1610612741,0021400845,Jump Shot,1,0,Mid-Range
202710,Jimmy Butler III,1610612741,0021400845,Running Layup Shot,1,0,Restricted Area
2200,Pau Gasol,1610612741,0021400845,Jump Shot,1,1,Mid-Range
202710,Jimmy Butler III,1610612741,0021400845,Driving Layup Shot,1,1,Restricted Area
202710,Jimmy Butler III,1610612741,0021400845,Jump Shot,1,0,Above the Break 3
201166,Aaron Brooks,1610612741,0021400845,Floating Jump shot,1,0,In The Paint (Non-RA)
2200,Pau Gasol,1610612741,0021400845,Jump Shot,1,1,Mid-Range
201166,Aaron Brooks,1610612741,0021400845,Jump Shot,1,0,Mid-Range
201149,Joakim Noah,1610612741,0021400845,Jump Shot,1,1,Mid-Range
2399,Mike Dunleavy,1610612741,0021400845,Jump Shot,1,0,Mid-Range
2200,Pau Gasol,1610612741,0021400845,Jump Shot,1,1,Mid-Range
2200,Pau Gasol,1610612741,0021400845,Layup Shot,1,0,Restricted Area
201149,Joakim Noah,1610612741,0021400845,Tip Shot,1,0,Restricted Area
2200,Pau Gasol,1610612741,0021400845,Layup Shot,1,0,Restricted Area
2200,Pau Gasol,1610612741,0021400845,Jump Shot,1,1,Mid-Range
2200,Pau Gasol,1610612741,0021400845,Layup Shot,1,0,Restricted Area
2200,Pau Gasol,1610612741,0021400845,Tip Shot,1,1,Restricted Area
201166,Aaron Brooks,1610612741,0021400845,Running Layup Shot,1,0,Restricted Area
2200,Pau Gasol,1610612741,0021400845,Jump Shot,1,0,Mid-Range
201959,Taj Gibson,1610612741,0021400845,Alley Oop Layup shot,1,1,Restricted Area
203503,Tony Snell,1610612741,0021400845,Jump Shot,1,0,Above the Break 3
2550,Kirk Hinrich,1610612741,0021400845,Jump Shot,1,1,Mid-Range
2550,Kirk Hinrich,1610612741,0021400845,Jump Shot,1,0,Above the Break 3
201959,Taj Gibson,1610612741,0021400845,Slam Dunk Shot,1,1,Restricted Area
2550,Kirk Hinrich,1610612741,0021400845,Jump Shot,1,1,In The Paint (Non-RA)
202703,Nikola Mirotic,1610612741,0021400845,Jump Shot,1,0,Above the Break 3
2550,Kirk Hinrich,1610612741,0021400845,Running Layup Shot,1,0,Restricted Area
2550,Kirk Hinrich,1610612741,0021400845,Layup Shot,1,0,Restricted Area
2550,Kirk Hinrich,1610612741,0021400845,Jump Shot,1,1,Mid-Range
2550,Kirk Hinrich,1610612741,0021400845,Jump Shot,1,0,Left Corner 3
201166,Aaron Brooks,1610612741,0021400845,Jump Shot,1,0,Above the Break 3
202710,Jimmy Butler III,1610612741,0021400845,Running Layup Shot,1,1,Restricted Area
202710,Jimmy Butler III,1610612741,0021400845,Driving Layup Shot,1,1,Restricted Area
201166,Aaron Brooks,1610612741,0021400845,Jump Shot,1,0,Above the Break 3
202710,Jimmy Butler III,1610612741,0021400845,Jump Shot,1,0,Mid-Range
2399,Mike Dunleavy,1610612741,0021400845,Jump Shot,1,0,Above the Break 3
201149,Joakim Noah,1610612741,0021400845,Putback Layup Shot,1,0,Restricted Area
2399,Mike Dunleavy,1610612741,0021400845,Jump Shot,1,0,Mid-Range
201166,Aaron Brooks,1610612741,0021400845,Layup Shot,1,1,Restricted Area
2200,Pau Gasol,1610612741,0021400845,Driving Hook Shot,1,1,In The Paint (Non-RA)
202710,Jimmy Butler III,1610612741,0021400845,Jump Shot,1,0,Above the Break 3
201166,Aaron Brooks,1610612741,0021400845,Jump Shot,1,0,Above the Break 3
2200,Pau Gasol,1610612741,0021400845,Layup Shot,1,1,Restricted Area
2399,Mike Dunleavy,1610612741,0021400862,Running Layup Shot,1,1,Restricted Area
202710,Jimmy Butler III,1610612741,0021400862,Jump Shot,1,0,Mid-Range
201959,Taj Gibson,1610612741,0021400862,Running Layup Shot,1,1,Restricted Area
201959,Taj Gibson,1610612741,0021400862,Alley Oop Dunk Shot,1,1,Restricted Area
201149,Joakim Noah,1610612741,0021400862,Dunk Shot,1,1,Restricted Area
201166,Aaron Brooks,1610612741,0021400862,Jump Shot,1,0,Above the Break 3
2399,Mike Dunleavy,1610612741,0021400862,Tip Shot,1,0,Restricted Area
2399,Mike Dunleavy,1610612741,0021400862,Jump Shot,1,0,Above the Break 3
201959,Taj Gibson,1610612741,0021400862,Jump Shot,1,0,Mid-Range
201166,Aaron Brooks,1610612741,0021400862,Jump Shot,1,1,Above the Break 3
202710,Jimmy Butler III,1610612741,0021400862,Jump Shot,1,1,Mid-Range
202710,Jimmy Butler III,1610612741,0021400862,Alley Oop Layup shot,1,1,Restricted Area
201959,Taj Gibson,1610612741,0021400862,Jump Shot,1,0,In The Paint (Non-RA)
201166,Aaron Brooks,1610612741,0021400862,Jump Shot,1,0,Right Corner 3
203503,Tony Snell,1610612741,0021400862,Running Jump Shot,1,1,In The Paint (Non-RA)
201166,Aaron Brooks,1610612741,0021400862,Running Layup Shot,1,0,Restricted Area
201959,Taj Gibson,1610612741,0021400862,Hook Shot,1,0,In The Paint (Non-RA)
201149,Joakim Noah,1610612741,0021400862,Running Layup Shot,1,1,Restricted Area
202710,Jimmy Butler III,1610612741,0021400862,Running Layup Shot,1,0,Restricted Area
201166,Aaron Brooks,1610612741,0021400862,Jump Shot,1,0,Mid-Range
1737,Nazr Mohammed,1610612741,0021400862,Layup Shot,1,1,Restricted Area
202710,Jimmy Butler III,1610612741,0021400862,Jump Shot,1,0,Above the Break 3
202703,Nikola Mirotic,1610612741,0021400862,Putback Layup Shot,1,1,Restricted Area
202703,Nikola Mirotic,1610612741,0021400862,Jump Shot,1,0,Mid-Range
202710,Jimmy Butler III,1610612741,0021400862,Turnaround Fadeaway shot,1,1,Mid-Range
2550,Kirk Hinrich,1610612741,0021400862,Jump Shot,1,0,Backcourt
202703,Nikola Mirotic,1610612741,0021400862,Jump Shot,1,0,Mid-Range
203503,Tony Snell,1610612741,0021400862,Jump Shot,1,0,Above the Break 3
2550,Kirk Hinrich,1610612741,0021400862,Jump Shot,1,0,Above the Break 3
202710,Jimmy Butler III,1610612741,0021400862,Layup Shot,1,1,Restricted Area
202703,Nikola Mirotic,1610612741,0021400862,Jump Shot,1,0,In The Paint (Non-RA)
203503,Tony Snell,1610612741,0021400862,Jump Shot,1,1,Above the Break 3
1737,Nazr Mohammed,1610612741,0021400862,Jump Shot,1,0,In The Paint (Non-RA)
203503,Tony Snell,1610612741,0021400862,Jump Shot,1,0,Mid-Range
203503,Tony Snell,1610612741,0021400862,Layup Shot,1,0,Restricted Area
202703,Nikola Mirotic,1610612741,0021400862,Jump Shot,1,0,Above the Break 3
202734,E'Twaun Moore,1610612741,0021400862,Jump Shot,1,0,Above the Break 3
201166,Aaron Brooks,1610612741,0021400862,Jump Shot,1,0,In The Paint (Non-RA)
202710,Jimmy Butler III,1610612741,0021400862,Jump Shot,1,1,Mid-Range
2399,Mike Dunleavy,1610612741,0021400862,Jump Shot,1,1,Above the Break 3
201149,Joakim Noah,1610612741,0021400862,Running Layup Shot,1,1,Restricted Area
2399,Mike Dunleavy,1610612741,0021400862,Layup Shot,1,0,Restricted Area
2399,Mike Dunleavy,1610612741,0021400862,Jump Shot,1,1,Right Corner 3
201166,Aaron Brooks,1610612741,0021400862,Layup Shot,1,0,Restricted Area
202710,Jimmy Butler III,1610612741,0021400862,Layup Shot,1,0,Restricted Area
2399,Mike Dunleavy,1610612741,0021400862,Jump Shot,1,1,Above the Break 3
201149,Joakim Noah,1610612741,0021400862,Layup Shot,1,0,Restricted Area
201166,Aaron Brooks,1610612741,0021400862,Layup Shot,1,0,Restricted Area
202710,Jimmy Butler III,1610612741,0021400862,Jump Shot,1,1,Restricted Area
2399,Mike Dunleavy,1610612741,0021400862,Layup Shot,1,0,Restricted Area
2399,Mike Dunleavy,1610612741,0021400862,Layup Shot,1,1,Restricted Area
201166,Aaron Brooks,1610612741,0021400862,Jump Shot,1,0,Above the Break 3
201149,Joakim Noah,1610612741,0021400862,Jump Shot,1,0,Restricted Area
201166,Aaron Brooks,1610612741,0021400862,Running Reverse Layup Shot,1,0,Restricted Area
201166,Aaron Brooks,1610612741,0021400862,Jump Shot,1,0,Above the Break 3
202710,Jimmy Butler III,1610612741,0021400862,Jump Shot,1,0,Mid-Range
2399,Mike Dunleavy,1610612741,0021400862,Jump Shot,1,0,Mid-Range
202703,Nikola Mirotic,1610612741,0021400862,Jump Shot,1,0,Above the Break 3
2399,Mike Dunleavy,1610612741,0021400862,Running Jump Shot,1,0,Mid-Range
202710,Jimmy Butler III,1610612741,0021400862,Tip Shot,1,0,Restricted Area
201166,Aaron Brooks,1610612741,0021400862,Jump Shot,1,0,Above the Break 3
2399,Mike Dunleavy,1610612741,0021400862,Jump Shot,1,0,In The Paint (Non-RA)
2399,Mike Dunleavy,1610612741,0021400862,Jump Shot,1,0,Right Corner 3
202703,Nikola Mirotic,1610612741,0021400862,Layup Shot,1,0,Restricted Area
201149,Joakim Noah,1610612741,0021400862,Tip Shot,1,1,Restricted Area
202710,Jimmy Butler III,1610612741,0021400862,Alley Oop Layup shot,1,1,Restricted Area
202703,Nikola Mirotic,1610612741,0021400862,Jump Shot,1,0,Above the Break 3
2399,Mike Dunleavy,1610612741,0021400862,Putback Layup Shot,1,1,Restricted Area
202710,Jimmy Butler III,1610612741,0021400862,Running Layup Shot,1,1,Restricted Area
2399,Mike Dunleavy,1610612741,0021400862,Jump Shot,1,1,Above the Break 3
203503,Tony Snell,1610612741,0021400862,Jump Shot,1,1,Right Corner 3
203503,Tony Snell,1610612741,0021400862,Layup Shot,1,0,Restricted Area
2550,Kirk Hinrich,1610612741,0021400862,Jump Shot,1,0,Above the Break 3
203503,Tony Snell,1610612741,0021400862,Jump Shot,1,0,Above the Break 3
1737,Nazr Mohammed,1610612741,0021400862,Putback Layup Shot,1,0,Restricted Area
202710,Jimmy Butler III,1610612741,0021400862,Driving Layup Shot,1,1,Restricted Area
202710,Jimmy Butler III,1610612741,0021400862,Jump Shot,1,0,Mid-Range
203503,Tony Snell,1610612741,0021400862,Jump Shot,1,0,Above the Break 3
201149,Joakim Noah,1610612741,0021400862,Running Layup Shot,1,0,Restricted Area
202710,Jimmy Butler III,1610612741,0021400862,Running Layup Shot,1,1,Restricted Area
201166,Aaron Brooks,1610612741,0021400862,Jump Shot,1,0,Left Corner 3
203503,Tony Snell,1610612741,0021400862,Driving Slam Dunk Shot,1,1,Restricted Area
201166,Aaron Brooks,1610612741,0021400862,Layup Shot,1,0,Restricted Area
202703,Nikola Mirotic,1610612741,0021400862,Driving Layup Shot,1,1,Restricted Area
201166,Aaron Brooks,1610612741,0021400862,Jump Shot,1,1,Above the Break 3
203503,Tony Snell,1610612741,0021400862,Jump Shot,1,0,Above the Break 3
203503,Tony Snell,1610612741,0021400862,Jump Shot,1,0,Above the Break 3
2550,Kirk Hinrich,1610612741,0021400862,Running Layup Shot,1,1,Restricted Area
2550,Kirk Hinrich,1610612741,0021400862,Running Layup Shot,1,0,Restricted Area
202710,Jimmy Butler III,1610612741,0021400862,Jump Shot,1,0,Mid-Range
2399,Mike Dunleavy,1610612741,0021400862,Jump Shot,1,1,Left Corner 3
2399,Mike Dunleavy,1610612741,0021400862,Jump Shot,1,0,Above the Break 3
2399,Mike Dunleavy,1610612741,0021400862,Driving Layup Shot,1,0,Restricted Area
2550,Kirk Hinrich,1610612741,0021400862,Running Layup Shot,1,1,Restricted Area
202710,Jimmy Butler III,1610612741,0021400862,Running Bank shot,1,1,Mid-Range
201149,Joakim Noah,1610612741,0021400862,Driving Layup Shot,1,1,Restricted Area
2200,Pau Gasol,1610612741,0021400877,Jump Shot,1,0,Mid-Range
2200,Pau Gasol,1610612741,0021400877,Jump Shot,1,0,Mid-Range
202710,Jimmy Butler III,1610612741,0021400877,Pullup Jump shot,1,1,Above the Break 3
202710,Jimmy Butler III,1610612741,0021400877,Jump Shot,1,0,Restricted Area
201166,Aaron Brooks,1610612741,0021400877,Jump Shot,1,0,Above the Break 3
2399,Mike Dunleavy,1610612741,0021400877,Jump Shot,1,1,Above the Break 3
202710,Jimmy Butler III,1610612741,0021400877,Jump Shot,1,0,Above the Break 3
202710,Jimmy Butler III,1610612741,0021400877,Fadeaway Jump Shot,1,0,Mid-Range
2399,Mike Dunleavy,1610612741,0021400877,Reverse Layup Shot,1,0,Restricted Area
201166,Aaron Brooks,1610612741,0021400877,Driving Layup Shot,1,0,Restricted Area
201149,Joakim Noah,1610612741,0021400877,Tip Shot,1,1,Restricted Area
2200,Pau Gasol,1610612741,0021400877,Jump Shot,1,0,Mid-Range
201166,Aaron Brooks,1610612741,0021400877,Running Layup Shot,1,0,Restricted Area
202703,Nikola Mirotic,1610612741,0021400877,Fadeaway Jump Shot,1,1,Mid-Range
202710,Jimmy Butler III,1610612741,0021400877,Turnaround Jump Shot,1,0,In The Paint (Non-RA)
2200,Pau Gasol,1610612741,0021400877,Jump Shot,1,1,Mid-Range
203503,Tony Snell,1610612741,0021400877,Jump Shot,1,1,Right Corner 3
2550,Kirk Hinrich,1610612741,0021400877,Jump Shot,1,0,Mid-Range
2550,Kirk Hinrich,1610612741,0021400877,Jump Shot,1,0,Above the Break 3
202703,Nikola Mirotic,1610612741,0021400877,Jump Shot,1,1,Above the Break 3
202710,Jimmy Butler III,1610612741,0021400877,Jump Shot,1,0,Mid-Range
203503,Tony Snell,1610612741,0021400877,Jump Shot,1,0,Above the Break 3
202703,Nikola Mirotic,1610612741,0021400877,Slam Dunk Shot,1,1,Restricted Area
202710,Jimmy Butler III,1610612741,0021400877,Slam Dunk Shot,1,1,Restricted Area
202703,Nikola Mirotic,1610612741,0021400877,Fadeaway Jump Shot,1,1,Mid-Range
201149,Joakim Noah,1610612741,0021400877,Jump Shot,1,0,Mid-Range
202703,Nikola Mirotic,1610612741,0021400877,Reverse Layup Shot,1,0,Restricted Area
2550,Kirk Hinrich,1610612741,0021400877,Jump Shot,1,0,Above the Break 3
202703,Nikola Mirotic,1610612741,0021400877,Reverse Layup Shot,1,1,Restricted Area
202703,Nikola Mirotic,1610612741,0021400877,Hook Shot,1,0,Restricted Area
2550,Kirk Hinrich,1610612741,0021400877,Step Back Jump shot,1,0,In The Paint (Non-RA)
201149,Joakim Noah,1610612741,0021400877,Driving Layup Shot,1,0,Restricted Area
202703,Nikola Mirotic,1610612741,0021400877,Jump Shot,1,0,Restricted Area
2550,Kirk Hinrich,1610612741,0021400877,Floating Jump shot,1,0,In The Paint (Non-RA)
2399,Mike Dunleavy,1610612741,0021400877,Driving Layup Shot,1,0,Restricted Area
2200,Pau Gasol,1610612741,0021400877,Layup Shot,1,0,Restricted Area
2200,Pau Gasol,1610612741,0021400877,Layup Shot,1,1,Restricted Area
201166,Aaron Brooks,1610612741,0021400877,Driving Layup Shot,1,1,Restricted Area
202710,Jimmy Butler III,1610612741,0021400877,Jump Shot,1,0,Above the Break 3
201166,Aaron Brooks,1610612741,0021400877,Reverse Layup Shot,1,1,Restricted Area
202703,Nikola Mirotic,1610612741,0021400877,Fadeaway Jump Shot,1,0,In The Paint (Non-RA)
2200,Pau Gasol,1610612741,0021400877,Jump Shot,1,0,Mid-Range
202710,Jimmy Butler III,1610612741,0021400877,Pullup Jump shot,1,1,Above the Break 3
201149,Joakim Noah,1610612741,0021400877,Slam Dunk Shot,1,1,Restricted Area
201166,Aaron Brooks,1610612741,0021400877,Jump Shot,1,1,Above the Break 3
201166,Aaron Brooks,1610612741,0021400877,Floating Jump shot,1,1,In The Paint (Non-RA)
201166,Aaron Brooks,1610612741,0021400877,Jump Shot,1,0,Mid-Range
2200,Pau Gasol,1610612741,0021400877,Tip Shot,1,0,Restricted Area
203503,Tony Snell,1610612741,0021400877,Putback Layup Shot,1,0,Restricted Area
203503,Tony Snell,1610612741,0021400877,Jump Shot,1,1,Above the Break 3
2200,Pau Gasol,1610612741,0021400877,Jump Shot,1,0,Mid-Range
201166,Aaron Brooks,1610612741,0021400877,Layup Shot,1,0,Restricted Area
2200,Pau Gasol,1610612741,0021400877,Jump Shot,1,0,Mid-Range
201166,Aaron Brooks,1610612741,0021400877,Jump Shot,1,0,Above the Break 3
201149,Joakim Noah,1610612741,0021400877,Layup Shot,1,0,Restricted Area
2200,Pau Gasol,1610612741,0021400877,Layup Shot,1,0,Restricted Area
201149,Joakim Noah,1610612741,0021400877,Layup Shot,1,0,Restricted Area
201166,Aaron Brooks,1610612741,0021400877,Pullup Jump shot,1,1,Above the Break 3
203503,Tony Snell,1610612741,0021400877,Jump Shot,1,1,Right Corner 3
203503,Tony Snell,1610612741,0021400877,Jump Shot,1,0,Mid-Range
2200,Pau Gasol,1610612741,0021400877,Jump Shot,1,0,In The Paint (Non-RA)
202703,Nikola Mirotic,1610612741,0021400877,Jump Shot,1,0,Above the Break 3
202703,Nikola Mirotic,1610612741,0021400877,Jump Shot,1,0,Above the Break 3
201166,Aaron Brooks,1610612741,0021400877,Jump Shot,1,0,Above the Break 3
202703,Nikola Mirotic,1610612741,0021400877,Jump Shot,1,0,Above the Break 3
2550,Kirk Hinrich,1610612741,0021400877,Jump Shot,1,0,Mid-Range
201166,Aaron Brooks,1610612741,0021400877,Driving Layup Shot,1,0,In The Paint (Non-RA)
202703,Nikola Mirotic,1610612741,0021400877,Alley Oop Dunk Shot,1,1,Restricted Area
202703,Nikola Mirotic,1610612741,0021400877,Fadeaway Jump Shot,1,1,Mid-Range
202703,Nikola Mirotic,1610612741,0021400877,Reverse Layup Shot,1,1,Restricted Area
201166,Aaron Brooks,1610612741,0021400877,Reverse Layup Shot,1,0,Restricted Area
201149,Joakim Noah,1610612741,0021400877,Tip Shot,1,0,Restricted Area
201166,Aaron Brooks,1610612741,0021400877,Jump Shot,1,0,Restricted Area
202703,Nikola Mirotic,1610612741,0021400877,Jump Shot,1,0,Mid-Range
202703,Nikola Mirotic,1610612741,0021400877,Jump Shot,1,0,Right Corner 3
202703,Nikola Mirotic,1610612741,0021400877,Floating Jump shot,1,1,In The Paint (Non-RA)
2200,Pau Gasol,1610612741,0021400877,Jump Shot,1,0,In The Paint (Non-RA)
2550,Kirk Hinrich,1610612741,0021400877,Jump Shot,1,0,Above the Break 3
202703,Nikola Mirotic,1610612741,0021400877,Finger Roll Layup Shot,1,1,Restricted Area
202703,Nikola Mirotic,1610612741,0021400877,Jump Shot,1,0,Above the Break 3
201166,Aaron Brooks,1610612741,0021400877,Jump Shot,1,0,Above the Break 3
203503,Tony Snell,1610612741,0021400877,Jump Shot,1,0,Above the Break 3
201149,Joakim Noah,1610612741,0021400877,Tip Shot,1,0,Restricted Area
202703,Nikola Mirotic,1610612741,0021400877,Layup Shot,1,0,Restricted Area
201166,Aaron Brooks,1610612741,0021400877,Jump Shot,1,0,In The Paint (Non-RA)
202703,Nikola Mirotic,1610612741,0021400877,Jump Shot,1,1,Left Corner 3
202703,Nikola Mirotic,1610612741,0021400877,Fadeaway Jump Shot,1,0,Mid-Range
2200,Pau Gasol,1610612741,0021400893,Driving Layup Shot,1,0,Restricted Area
203503,Tony Snell,1610612741,0021400893,Jump Shot,1,0,Above the Break 3
2200,Pau Gasol,1610612741,0021400893,Jump Shot,1,1,In The Paint (Non-RA)
201149,Joakim Noah,1610612741,0021400893,Running Layup Shot,1,1,Restricted Area
203503,Tony Snell,1610612741,0021400893,Jump Shot,1,1,Above the Break 3
201149,Joakim Noah,1610612741,0021400893,Running Hook Shot,1,0,Mid-Range
201166,Aaron Brooks,1610612741,0021400893,Jump Shot,1,0,In The Paint (Non-RA)
201166,Aaron Brooks,1610612741,0021400893,Jump Shot,1,0,Above the Break 3
2399,Mike Dunleavy,1610612741,0021400893,Running Reverse Layup Shot,1,1,Restricted Area
201166,Aaron Brooks,1610612741,0021400893,Floating Jump shot,1,0,Mid-Range
201166,Aaron Brooks,1610612741,0021400893,Jump Shot,1,0,Above the Break 3
2399,Mike Dunleavy,1610612741,0021400893,Layup Shot,1,0,Restricted Area
201149,Joakim Noah,1610612741,0021400893,Reverse Slam Dunk Shot,1,1,Restricted Area
2200,Pau Gasol,1610612741,0021400893,Jump Shot,1,1,In The Paint (Non-RA)
2200,Pau Gasol,1610612741,0021400893,Jump Shot,1,1,Mid-Range
203503,Tony Snell,1610612741,0021400893,Jump Shot,1,0,In The Paint (Non-RA)
2200,Pau Gasol,1610612741,0021400893,Jump Shot,1,1,Mid-Range
203503,Tony Snell,1610612741,0021400893,Jump Shot,1,1,Above the Break 3
202703,Nikola Mirotic,1610612741,0021400893,Jump Shot,1,0,Above the Break 3
2550,Kirk Hinrich,1610612741,0021400893,Jump Shot,1,0,Above the Break 3
202703,Nikola Mirotic,1610612741,0021400893,Jump Shot,1,0,Above the Break 3
203503,Tony Snell,1610612741,0021400893,Jump Shot,1,0,Above the Break 3
203926,Doug McDermott,1610612741,0021400893,Running Layup Shot,1,0,Restricted Area
201149,Joakim Noah,1610612741,0021400893,Layup Shot,1,1,Restricted Area
203926,Doug McDermott,1610612741,0021400893,Jump Shot,1,0,Above the Break 3
202703,Nikola Mirotic,1610612741,0021400893,Layup Shot,1,0,Restricted Area
202703,Nikola Mirotic,1610612741,0021400893,Jump Shot,1,0,Above the Break 3
201149,Joakim Noah,1610612741,0021400893,Tip Shot,1,1,Restricted Area
201166,Aaron Brooks,1610612741,0021400893,Running Reverse Layup Shot,1,1,Restricted Area
201166,Aaron Brooks,1610612741,0021400893,Running Layup Shot,1,1,Restricted Area
201166,Aaron Brooks,1610612741,0021400893,Jump Shot,1,1,Above the Break 3
2200,Pau Gasol,1610612741,0021400893,Floating Jump shot,1,0,In The Paint (Non-RA)
202703,Nikola Mirotic,1610612741,0021400893,Jump Shot,1,1,Right Corner 3
202703,Nikola Mirotic,1610612741,0021400893,Running Slam Dunk Shot,1,1,Restricted Area
201166,Aaron Brooks,1610612741,0021400893,Jump Shot,1,0,Above the Break 3
202734,E'Twaun Moore,1610612741,0021400893,Jump Shot,1,1,Mid-Range
202703,Nikola Mirotic,1610612741,0021400893,Jump Shot,1,0,Above the Break 3
2200,Pau Gasol,1610612741,0021400893,Dunk Shot,1,1,Restricted Area
2200,Pau Gasol,1610612741,0021400893,Jump Shot,1,1,Mid-Range
201166,Aaron Brooks,1610612741,0021400893,Jump Shot,1,0,Above the Break 3
203503,Tony Snell,1610612741,0021400893,Layup Shot,1,1,Restricted Area
203503,Tony Snell,1610612741,0021400893,Jump Shot,1,0,Mid-Range
2200,Pau Gasol,1610612741,0021400893,Jump Shot,1,0,Left Corner 3
201166,Aaron Brooks,1610612741,0021400893,Jump Shot,1,0,Above the Break 3
2200,Pau Gasol,1610612741,0021400893,Jump Shot,1,1,Mid-Range
201166,Aaron Brooks,1610612741,0021400893,Running Reverse Layup Shot,1,1,Restricted Area
2200,Pau Gasol,1610612741,0021400893,Jump Shot,1,1,Mid-Range
201166,Aaron Brooks,1610612741,0021400893,Driving Layup Shot,1,1,Restricted Area
2399,Mike Dunleavy,1610612741,0021400893,Jump Shot,1,1,Above the Break 3
201166,Aaron Brooks,1610612741,0021400893,Layup Shot,1,0,Restricted Area
203503,Tony Snell,1610612741,0021400893,Layup Shot,1,0,Restricted Area
2399,Mike Dunleavy,1610612741,0021400893,Jump Shot,1,0,Right Corner 3
202703,Nikola Mirotic,1610612741,0021400893,Jump Shot,1,1,Left Corner 3
201166,Aaron Brooks,1610612741,0021400893,Jump Shot,1,0,Mid-Range
203503,Tony Snell,1610612741,0021400893,Running Layup Shot,1,0,Restricted Area
202703,Nikola Mirotic,1610612741,0021400893,Jump Shot,1,1,Above the Break 3
203926,Doug McDermott,1610612741,0021400893,Running Layup Shot,1,0,Restricted Area
203926,Doug McDermott,1610612741,0021400893,Layup Shot,1,0,Restricted Area
202703,Nikola Mirotic,1610612741,0021400893,Running Layup Shot,1,1,Restricted Area
203926,Doug McDermott,1610612741,0021400893,Running Layup Shot,1,0,Restricted Area
2550,Kirk Hinrich,1610612741,0021400893,Jump Shot,1,0,Mid-Range
203503,Tony Snell,1610612741,0021400893,Jump Shot,1,0,Above the Break 3
201166,Aaron Brooks,1610612741,0021400893,Running Layup Shot,1,0,Restricted Area
201166,Aaron Brooks,1610612741,0021400893,Running Layup Shot,1,0,Restricted Area
202703,Nikola Mirotic,1610612741,0021400893,Alley Oop Layup shot,1,1,Restricted Area
201166,Aaron Brooks,1610612741,0021400893,Running Layup Shot,1,1,Restricted Area
2399,Mike Dunleavy,1610612741,0021400893,Jump Shot,1,0,Left Corner 3
2399,Mike Dunleavy,1610612741,0021400893,Jump Shot,1,0,Left Corner 3
203503,Tony Snell,1610612741,0021400893,Jump Shot,1,1,Above the Break 3
202703,Nikola Mirotic,1610612741,0021400893,Jump Shot,1,0,Mid-Range
201166,Aaron Brooks,1610612741,0021400893,Jump Shot,1,1,Above the Break 3
201166,Aaron Brooks,1610612741,0021400893,Floating Jump shot,1,0,In The Paint (Non-RA)
201166,Aaron Brooks,1610612741,0021400893,Running Bank shot,1,1,Mid-Range
201166,Aaron Brooks,1610612741,0021400893,Jump Shot,1,0,Above the Break 3
201166,Aaron Brooks,1610612741,0021400893,Running Jump Shot,1,0,Restricted Area
202703,Nikola Mirotic,1610612741,0021400893,Jump Shot,1,0,In The Paint (Non-RA)
201166,Aaron Brooks,1610612741,0021400893,Layup Shot,1,0,Restricted Area
203503,Tony Snell,1610612741,0021400893,Jump Shot,1,0,Right Corner 3
2200,Pau Gasol,1610612741,0021400909,Jump Shot,1,0,Mid-Range
2399,Mike Dunleavy,1610612741,0021400909,Pullup Jump shot,1,1,In The Paint (Non-RA)
203503,Tony Snell,1610612741,0021400909,Driving Layup Shot,1,1,Restricted Area
2200,Pau Gasol,1610612741,0021400909,Jump Shot,1,1,Mid-Range
2200,Pau Gasol,1610612741,0021400909,Jump Shot,1,0,In The Paint (Non-RA)
201149,Joakim Noah,1610612741,0021400909,Layup Shot,1,0,Restricted Area
2399,Mike Dunleavy,1610612741,0021400909,Pullup Jump shot,1,0,Mid-Range
201149,Joakim Noah,1610612741,0021400909,Alley Oop Layup shot,1,0,Restricted Area
2200,Pau Gasol,1610612741,0021400909,Jump Shot,1,1,Mid-Range
2399,Mike Dunleavy,1610612741,0021400909,Layup Shot,1,1,Restricted Area
2200,Pau Gasol,1610612741,0021400909,Jump Shot,1,0,In The Paint (Non-RA)
2399,Mike Dunleavy,1610612741,0021400909,Hook Shot,1,0,Restricted Area
2200,Pau Gasol,1610612741,0021400909,Hook Shot,1,1,In The Paint (Non-RA)
202703,Nikola Mirotic,1610612741,0021400909,Finger Roll Layup Shot,1,0,Restricted Area
201166,Aaron Brooks,1610612741,0021400909,Pullup Jump shot,1,0,Above the Break 3
2200,Pau Gasol,1610612741,0021400909,Slam Dunk Shot,1,1,Restricted Area
203503,Tony Snell,1610612741,0021400909,Jump Shot,1,0,Mid-Range
203926,Doug McDermott,1610612741,0021400909,Jump Shot,1,0,Above the Break 3
2200,Pau Gasol,1610612741,0021400909,Fadeaway Jump Shot,1,0,Mid-Range
202703,Nikola Mirotic,1610612741,0021400909,Jump Shot,1,0,Above the Break 3
203926,Doug McDermott,1610612741,0021400909,Dunk Shot,1,0,Restricted Area
203503,Tony Snell,1610612741,0021400909,Jump Shot,1,0,Mid-Range
202703,Nikola Mirotic,1610612741,0021400909,Jump Shot,1,0,Left Corner 3
203503,Tony Snell,1610612741,0021400909,Layup Shot,1,0,Restricted Area
2550,Kirk Hinrich,1610612741,0021400909,Jump Shot,1,1,Right Corner 3
202703,Nikola Mirotic,1610612741,0021400909,Jump Shot,1,0,In The Paint (Non-RA)
203926,Doug McDermott,1610612741,0021400909,Jump Shot,1,0,Right Corner 3
203503,Tony Snell,1610612741,0021400909,Layup Shot,1,1,Restricted Area
202703,Nikola Mirotic,1610612741,0021400909,Driving Layup Shot,1,1,Restricted Area
2399,Mike Dunleavy,1610612741,0021400909,Layup Shot,1,1,Restricted Area
202734,E'Twaun Moore,1610612741,0021400909,Jump Shot,1,0,Above the Break 3
202734,E'Twaun Moore,1610612741,0021400909,Reverse Layup Shot,1,1,Restricted Area
202703,Nikola Mirotic,1610612741,0021400909,Layup Shot,1,1,Restricted Area
202734,E'Twaun Moore,1610612741,0021400909,Driving Layup Shot,1,1,Restricted Area
2399,Mike Dunleavy,1610612741,0021400909,Jump Shot,1,0,Mid-Range
202703,Nikola Mirotic,1610612741,0021400909,Layup Shot,1,0,Restricted Area
202703,Nikola Mirotic,1610612741,0021400909,Jump Shot,1,0,Above the Break 3
201166,Aaron Brooks,1610612741,0021400909,Layup Shot,1,1,Restricted Area
202734,E'Twaun Moore,1610612741,0021400909,Jump Shot,1,1,In The Paint (Non-RA)
2399,Mike Dunleavy,1610612741,0021400909,Slam Dunk Shot,1,0,Restricted Area
2200,Pau Gasol,1610612741,0021400909,Jump Shot,1,0,Mid-Range
2200,Pau Gasol,1610612741,0021400909,Jump Shot,1,1,Mid-Range
2399,Mike Dunleavy,1610612741,0021400909,Jump Shot,1,0,Left Corner 3
2200,Pau Gasol,1610612741,0021400909,Layup Shot,1,0,Restricted Area
2200,Pau Gasol,1610612741,0021400909,Layup Shot,1,0,Restricted Area
201166,Aaron Brooks,1610612741,0021400909,Layup Shot,1,0,Restricted Area
2200,Pau Gasol,1610612741,0021400909,Tip Shot,1,0,Restricted Area
2200,Pau Gasol,1610612741,0021400909,Tip Shot,1,1,Restricted Area
2399,Mike Dunleavy,1610612741,0021400909,Jump Shot,1,1,Left Corner 3
2200,Pau Gasol,1610612741,0021400909,Jump Shot,1,0,Mid-Range
2399,Mike Dunleavy,1610612741,0021400909,Layup Shot,1,0,Restricted Area
201166,Aaron Brooks,1610612741,0021400909,Layup Shot,1,0,Restricted Area
201149,Joakim Noah,1610612741,0021400909,Finger Roll Layup Shot,1,1,Restricted Area
203503,Tony Snell,1610612741,0021400909,Jump Shot,1,0,Left Corner 3
2399,Mike Dunleavy,1610612741,0021400909,Jump Shot,1,0,Above the Break 3
2200,Pau Gasol,1610612741,0021400909,Jump Shot,1,1,In The Paint (Non-RA)
201166,Aaron Brooks,1610612741,0021400909,Jump Shot,1,0,Left Corner 3
2399,Mike Dunleavy,1610612741,0021400909,Driving Layup Shot,1,1,Restricted Area
2399,Mike Dunleavy,1610612741,0021400909,Jump Shot,1,1,Above the Break 3
2200,Pau Gasol,1610612741,0021400909,Finger Roll Layup Shot,1,1,In The Paint (Non-RA)
201166,Aaron Brooks,1610612741,0021400909,Reverse Layup Shot,1,1,Restricted Area
202703,Nikola Mirotic,1610612741,0021400909,Jump Shot,1,0,Above the Break 3
2399,Mike Dunleavy,1610612741,0021400909,Jump Shot,1,0,Above the Break 3
2200,Pau Gasol,1610612741,0021400909,Tip Shot,1,1,Restricted Area
201166,Aaron Brooks,1610612741,0021400909,Floating Jump shot,1,0,In The Paint (Non-RA)
202703,Nikola Mirotic,1610612741,0021400909,Jump Shot,1,0,Above the Break 3
203503,Tony Snell,1610612741,0021400909,Jump Shot,1,0,Above the Break 3
202703,Nikola Mirotic,1610612741,0021400909,Driving Layup Shot,1,1,Restricted Area
202703,Nikola Mirotic,1610612741,0021400909,Jump Shot,1,0,Above the Break 3
202703,Nikola Mirotic,1610612741,0021400909,Jump Shot,1,0,Right Corner 3
2550,Kirk Hinrich,1610612741,0021400909,Floating Jump shot,1,1,In The Paint (Non-RA)
202734,E'Twaun Moore,1610612741,0021400909,Pullup Jump shot,1,1,Mid-Range
202703,Nikola Mirotic,1610612741,0021400909,Jump Shot,1,1,Left Corner 3
2550,Kirk Hinrich,1610612741,0021400909,Jump Shot,1,0,Above the Break 3
202734,E'Twaun Moore,1610612741,0021400909,Putback Layup Shot,1,1,Restricted Area
2550,Kirk Hinrich,1610612741,0021400909,Jump Shot,1,1,Mid-Range
201149,Joakim Noah,1610612741,0021400909,Slam Dunk Shot,1,1,Restricted Area
202734,E'Twaun Moore,1610612741,0021400909,Floating Jump shot,1,1,In The Paint (Non-RA)
202734,E'Twaun Moore,1610612741,0021400909,Jump Shot,1,1,Mid-Range
2399,Mike Dunleavy,1610612741,0021400909,Layup Shot,1,1,Restricted Area
202734,E'Twaun Moore,1610612741,0021400909,Jump Bank Shot,1,1,In The Paint (Non-RA)
2399,Mike Dunleavy,1610612741,0021400909,Jump Shot,1,1,Above the Break 3
2399,Mike Dunleavy,1610612741,0021400909,Jump Shot,1,0,Mid-Range
2200,Pau Gasol,1610612741,0021400909,Jump Shot,1,0,Mid-Range
201166,Aaron Brooks,1610612741,0021400909,Layup Shot,1,0,Restricted Area
202703,Nikola Mirotic,1610612741,0021400909,Jump Shot,1,1,Above the Break 3
202734,E'Twaun Moore,1610612741,0021400909,Jump Shot,1,1,Left Corner 3
201166,Aaron Brooks,1610612741,0021400912,Jump Shot,1,0,Above the Break 3
2200,Pau Gasol,1610612741,0021400912,Jump Shot,1,1,Mid-Range
2399,Mike Dunleavy,1610612741,0021400912,Jump Shot,1,0,Mid-Range
203503,Tony Snell,1610612741,0021400912,Jump Shot,1,0,In The Paint (Non-RA)
201149,Joakim Noah,1610612741,0021400912,Jump Shot,1,0,Mid-Range
2200,Pau Gasol,1610612741,0021400912,Turnaround Fadeaway shot,1,1,Mid-Range
2200,Pau Gasol,1610612741,0021400912,Layup Shot,1,0,Restricted Area
203503,Tony Snell,1610612741,0021400912,Jump Shot,1,0,In The Paint (Non-RA)
2200,Pau Gasol,1610612741,0021400912,Jump Shot,1,1,Mid-Range
2200,Pau Gasol,1610612741,0021400912,Jump Shot,1,0,Mid-Range
2200,Pau Gasol,1610612741,0021400912,Layup Shot,1,0,Restricted Area
2399,Mike Dunleavy,1610612741,0021400912,Jump Shot,1,0,Above the Break 3
2200,Pau Gasol,1610612741,0021400912,Jump Shot,1,0,Restricted Area
2200,Pau Gasol,1610612741,0021400912,Tip Shot,1,0,Restricted Area
2200,Pau Gasol,1610612741,0021400912,Tip Shot,1,0,Restricted Area
203503,Tony Snell,1610612741,0021400912,Jump Shot,1,1,Above the Break 3
202703,Nikola Mirotic,1610612741,0021400912,Jump Shot,1,0,Above the Break 3
202734,E'Twaun Moore,1610612741,0021400912,Turnaround Jump Shot,1,1,In The Paint (Non-RA)
2200,Pau Gasol,1610612741,0021400912,Jump Shot,1,0,Mid-Range
202734,E'Twaun Moore,1610612741,0021400912,Jump Shot,1,0,In The Paint (Non-RA)
202703,Nikola Mirotic,1610612741,0021400912,Layup Shot,1,1,Restricted Area
202703,Nikola Mirotic,1610612741,0021400912,Jump Shot,1,0,In The Paint (Non-RA)
2399,Mike Dunleavy,1610612741,0021400912,Tip Shot,1,1,Restricted Area
202703,Nikola Mirotic,1610612741,0021400912,Jump Shot,1,0,Above the Break 3
202703,Nikola Mirotic,1610612741,0021400912,Jump Shot,1,0,Mid-Range
2399,Mike Dunleavy,1610612741,0021400912,Tip Shot,1,1,Restricted Area
203926,Doug McDermott,1610612741,0021400912,Jump Shot,1,0,In The Paint (Non-RA)
203926,Doug McDermott,1610612741,0021400912,Layup Shot,1,1,Restricted Area
2550,Kirk Hinrich,1610612741,0021400912,Jump Shot,1,0,Right Corner 3
203926,Doug McDermott,1610612741,0021400912,Jump Shot,1,1,Mid-Range
2550,Kirk Hinrich,1610612741,0021400912,Jump Shot,1,1,Mid-Range
203926,Doug McDermott,1610612741,0021400912,Layup Shot,1,1,Restricted Area
203926,Doug McDermott,1610612741,0021400912,Layup Shot,1,1,Restricted Area
203926,Doug McDermott,1610612741,0021400912,Jump Shot,1,0,Mid-Range
203926,Doug McDermott,1610612741,0021400912,Layup Shot,1,0,Restricted Area
203926,Doug McDermott,1610612741,0021400912,Layup Shot,1,1,Restricted Area
201149,Joakim Noah,1610612741,0021400912,Jump Shot,1,1,Mid-Range
202703,Nikola Mirotic,1610612741,0021400912,Layup Shot,1,0,Restricted Area
203926,Doug McDermott,1610612741,0021400912,Jump Shot,1,1,Mid-Range
203926,Doug McDermott,1610612741,0021400912,Jump Shot,1,0,Mid-Range
201166,Aaron Brooks,1610612741,0021400912,Driving Layup Shot,1,1,Restricted Area
201166,Aaron Brooks,1610612741,0021400912,Jump Shot,1,0,Mid-Range
202703,Nikola Mirotic,1610612741,0021400912,Jump Shot,1,0,Above the Break 3
2399,Mike Dunleavy,1610612741,0021400912,Jump Shot,1,0,Above the Break 3
2200,Pau Gasol,1610612741,0021400912,Hook Shot,1,1,Mid-Range
2200,Pau Gasol,1610612741,0021400912,Jump Shot,1,0,Backcourt
2200,Pau Gasol,1610612741,0021400912,Jump Shot,1,0,In The Paint (Non-RA)
201166,Aaron Brooks,1610612741,0021400912,Jump Shot,1,0,Mid-Range
201166,Aaron Brooks,1610612741,0021400912,Jump Shot,1,0,Mid-Range
201166,Aaron Brooks,1610612741,0021400912,Jump Shot,1,0,Mid-Range
203503,Tony Snell,1610612741,0021400912,Jump Shot,1,0,Above the Break 3
201166,Aaron Brooks,1610612741,0021400912,Layup Shot,1,0,Restricted Area
201166,Aaron Brooks,1610612741,0021400912,Floating Jump shot,1,1,In The Paint (Non-RA)
2399,Mike Dunleavy,1610612741,0021400912,Jump Shot,1,1,Right Corner 3
2200,Pau Gasol,1610612741,0021400912,Jump Shot,1,1,Mid-Range
2399,Mike Dunleavy,1610612741,0021400912,Jump Shot,1,1,Above the Break 3
201166,Aaron Brooks,1610612741,0021400912,Jump Shot,1,0,Mid-Range
2200,Pau Gasol,1610612741,0021400912,Jump Shot,1,0,Mid-Range
2399,Mike Dunleavy,1610612741,0021400912,Jump Shot,1,0,Above the Break 3
2200,Pau Gasol,1610612741,0021400912,Slam Dunk Shot,1,1,Restricted Area
201166,Aaron Brooks,1610612741,0021400912,Jump Shot,1,0,Above the Break 3
203503,Tony Snell,1610612741,0021400912,Jump Shot,1,1,Right Corner 3
202703,Nikola Mirotic,1610612741,0021400912,Jump Shot,1,0,Mid-Range
2550,Kirk Hinrich,1610612741,0021400912,Jump Shot,1,1,Right Corner 3
202703,Nikola Mirotic,1610612741,0021400912,Jump Shot,1,0,Above the Break 3
203926,Doug McDermott,1610612741,0021400912,Jump Shot,1,0,In The Paint (Non-RA)
202703,Nikola Mirotic,1610612741,0021400912,Layup Shot,1,1,Restricted Area
202734,E'Twaun Moore,1610612741,0021400912,Jump Shot,1,0,In The Paint (Non-RA)
203926,Doug McDermott,1610612741,0021400912,Tip Shot,1,1,Restricted Area
203926,Doug McDermott,1610612741,0021400912,Jump Shot,1,0,In The Paint (Non-RA)
203926,Doug McDermott,1610612741,0021400912,Jump Shot,1,0,Above the Break 3
201149,Joakim Noah,1610612741,0021400912,Jump Shot,1,0,Mid-Range
203926,Doug McDermott,1610612741,0021400912,Jump Shot,1,0,In The Paint (Non-RA)
201149,Joakim Noah,1610612741,0021400912,Tip Shot,1,0,Restricted Area
203926,Doug McDermott,1610612741,0021400912,Jump Shot,1,0,Restricted Area
2550,Kirk Hinrich,1610612741,0021400912,Jump Shot,1,0,In The Paint (Non-RA)
201149,Joakim Noah,1610612741,0021400912,Tip Shot,1,1,Restricted Area
202703,Nikola Mirotic,1610612741,0021400912,Layup Shot,1,1,Restricted Area
203926,Doug McDermott,1610612741,0021400912,Jump Shot,1,1,Mid-Range
202703,Nikola Mirotic,1610612741,0021400912,Jump Shot,1,0,Above the Break 3
202734,E'Twaun Moore,1610612741,0021400912,Jump Shot,1,0,Above the Break 3
2550,Kirk Hinrich,1610612741,0021400912,Jump Shot,1,0,Above the Break 3
2399,Mike Dunleavy,1610612741,0021400912,Jump Shot,1,0,Above the Break 3
201166,Aaron Brooks,1610612741,0021400912,Jump Shot,1,0,Mid-Range
2200,Pau Gasol,1610612741,0021400912,Jump Shot,1,1,Mid-Range
202703,Nikola Mirotic,1610612741,0021400912,Jump Shot,1,0,Above the Break 3
2200,Pau Gasol,1610612741,0021400931,Dunk Shot,1,1,Restricted Area
203503,Tony Snell,1610612741,0021400931,Layup Shot,1,0,Restricted Area
201149,Joakim Noah,1610612741,0021400931,Layup Shot,1,1,Restricted Area
2399,Mike Dunleavy,1610612741,0021400931,Jump Shot,1,0,Above the Break 3
201166,Aaron Brooks,1610612741,0021400931,Jump Shot,1,0,In The Paint (Non-RA)
201166,Aaron Brooks,1610612741,0021400931,Floating Jump shot,1,0,Mid-Range
203503,Tony Snell,1610612741,0021400931,Jump Shot,1,0,Above the Break 3
2200,Pau Gasol,1610612741,0021400931,Turnaround Jump Shot,1,0,Mid-Range
2200,Pau Gasol,1610612741,0021400931,Jump Shot,1,0,Mid-Range
201149,Joakim Noah,1610612741,0021400931,Jump Shot,1,0,Mid-Range
201166,Aaron Brooks,1610612741,0021400931,Running Bank shot,1,1,Mid-Range
201166,Aaron Brooks,1610612741,0021400931,Driving Layup Shot,1,1,Restricted Area
201166,Aaron Brooks,1610612741,0021400931,Jump Shot,1,1,In The Paint (Non-RA)
203503,Tony Snell,1610612741,0021400931,Jump Shot,1,0,Restricted Area
2200,Pau Gasol,1610612741,0021400931,Turnaround Jump Shot,1,1,In The Paint (Non-RA)
2200,Pau Gasol,1610612741,0021400931,Running Hook Shot,1,1,In The Paint (Non-RA)
2550,Kirk Hinrich,1610612741,0021400931,Jump Shot,1,0,Left Corner 3
2550,Kirk Hinrich,1610612741,0021400931,Jump Shot,1,0,Mid-Range
2399,Mike Dunleavy,1610612741,0021400931,Jump Shot,1,0,Above the Break 3
2200,Pau Gasol,1610612741,0021400931,Layup Shot,1,1,Restricted Area
2200,Pau Gasol,1610612741,0021400931,Turnaround Bank shot,1,0,In The Paint (Non-RA)
2550,Kirk Hinrich,1610612741,0021400931,Jump Shot,1,0,Mid-Range
202703,Nikola Mirotic,1610612741,0021400931,Layup Shot,1,1,Restricted Area
202734,E'Twaun Moore,1610612741,0021400931,Layup Shot,1,1,Restricted Area
202703,Nikola Mirotic,1610612741,0021400931,Jump Shot,1,0,Right Corner 3
203926,Doug McDermott,1610612741,0021400931,Jump Shot,1,0,Mid-Range
202734,E'Twaun Moore,1610612741,0021400931,Layup Shot,1,1,Restricted Area
202703,Nikola Mirotic,1610612741,0021400931,Turnaround Bank shot,1,0,In The Paint (Non-RA)
203926,Doug McDermott,1610612741,0021400931,Jump Shot,1,1,Above the Break 3
202734,E'Twaun Moore,1610612741,0021400931,Running Bank shot,1,1,Mid-Range
203926,Doug McDermott,1610612741,0021400931,Jump Shot,1,0,Mid-Range
2200,Pau Gasol,1610612741,0021400931,Jump Shot,1,0,In The Paint (Non-RA)
2200,Pau Gasol,1610612741,0021400931,Tip Shot,1,1,Restricted Area
2200,Pau Gasol,1610612741,0021400931,Jump Shot,1,0,Mid-Range
201166,Aaron Brooks,1610612741,0021400931,Layup Shot,1,1,Restricted Area
2200,Pau Gasol,1610612741,0021400931,Jump Shot,1,0,Mid-Range
202703,Nikola Mirotic,1610612741,0021400931,Jump Shot,1,0,Mid-Range
202734,E'Twaun Moore,1610612741,0021400931,Running Jump Shot,1,0,Mid-Range
202703,Nikola Mirotic,1610612741,0021400931,Jump Shot,1,0,Right Corner 3
202703,Nikola Mirotic,1610612741,0021400931,Turnaround Jump Shot,1,1,Mid-Range
203503,Tony Snell,1610612741,0021400931,Jump Shot,1,0,Right Corner 3
2200,Pau Gasol,1610612741,0021400931,Dunk Shot,1,1,Restricted Area
2399,Mike Dunleavy,1610612741,0021400931,Jump Shot,1,1,Above the Break 3
203503,Tony Snell,1610612741,0021400931,Jump Shot,1,0,Mid-Range
201166,Aaron Brooks,1610612741,0021400931,Jump Shot,1,1,Above the Break 3
201149,Joakim Noah,1610612741,0021400931,Tip Shot,1,1,Restricted Area
203503,Tony Snell,1610612741,0021400931,Jump Shot,1,0,Above the Break 3
201166,Aaron Brooks,1610612741,0021400931,Jump Bank Shot,1,0,Above the Break 3
2399,Mike Dunleavy,1610612741,0021400931,Pullup Jump shot,1,1,Mid-Range
2399,Mike Dunleavy,1610612741,0021400931,Jump Shot,1,1,Above the Break 3
2200,Pau Gasol,1610612741,0021400931,Dunk Shot,1,1,Restricted Area
1737,Nazr Mohammed,1610612741,0021400931,Running Layup Shot,1,1,Restricted Area
1737,Nazr Mohammed,1610612741,0021400931,Jump Shot,1,1,In The Paint (Non-RA)
2200,Pau Gasol,1610612741,0021400931,Dunk Shot,1,1,Restricted Area
1737,Nazr Mohammed,1610612741,0021400931,Alley Oop Dunk Shot,1,1,Restricted Area
2200,Pau Gasol,1610612741,0021400931,Jump Shot,1,0,In The Paint (Non-RA)
1737,Nazr Mohammed,1610612741,0021400931,Layup Shot,1,1,Restricted Area
202734,E'Twaun Moore,1610612741,0021400931,Jump Shot,1,0,Mid-Range
2550,Kirk Hinrich,1610612741,0021400931,Pullup Jump shot,1,1,Mid-Range
202703,Nikola Mirotic,1610612741,0021400931,Layup Shot,1,1,Restricted Area
203926,Doug McDermott,1610612741,0021400931,Jump Shot,1,0,Mid-Range
203926,Doug McDermott,1610612741,0021400931,Jump Shot,1,0,In The Paint (Non-RA)
2550,Kirk Hinrich,1610612741,0021400931,Jump Shot,1,1,Above the Break 3
2550,Kirk Hinrich,1610612741,0021400931,Jump Shot,1,0,Mid-Range
202703,Nikola Mirotic,1610612741,0021400931,Layup Shot,1,1,Restricted Area
2200,Pau Gasol,1610612741,0021400931,Layup Shot,1,1,Restricted Area
201166,Aaron Brooks,1610612741,0021400931,Running Bank shot,1,1,Mid-Range
202703,Nikola Mirotic,1610612741,0021400931,Layup Shot,1,1,Restricted Area
201166,Aaron Brooks,1610612741,0021400931,Layup Shot,1,0,Restricted Area
201166,Aaron Brooks,1610612741,0021400931,Jump Shot,1,0,Above the Break 3
201166,Aaron Brooks,1610612741,0021400931,Driving Layup Shot,1,1,Restricted Area
202703,Nikola Mirotic,1610612741,0021400931,Layup Shot,1,0,Restricted Area
202734,E'Twaun Moore,1610612741,0021400931,Layup Shot,1,1,Restricted Area
2399,Mike Dunleavy,1610612741,0021400941,Jump Shot,1,0,Above the Break 3
201166,Aaron Brooks,1610612741,0021400941,Floating Jump shot,1,0,In The Paint (Non-RA)
201149,Joakim Noah,1610612741,0021400941,Tip Shot,1,0,Restricted Area
201149,Joakim Noah,1610612741,0021400941,Tip Shot,1,0,Restricted Area
2200,Pau Gasol,1610612741,0021400941,Jump Shot,1,0,Mid-Range
2200,Pau Gasol,1610612741,0021400941,Jump Shot,1,0,In The Paint (Non-RA)
201166,Aaron Brooks,1610612741,0021400941,Jump Shot,1,1,Restricted Area
2399,Mike Dunleavy,1610612741,0021400941,Jump Shot,1,0,Above the Break 3
201166,Aaron Brooks,1610612741,0021400941,Jump Shot,1,1,In The Paint (Non-RA)
201166,Aaron Brooks,1610612741,0021400941,Jump Shot,1,0,Above the Break 3
2200,Pau Gasol,1610612741,0021400941,Jump Shot,1,1,Mid-Range
203503,Tony Snell,1610612741,0021400941,Jump Shot,1,1,In The Paint (Non-RA)
201166,Aaron Brooks,1610612741,0021400941,Driving Layup Shot,1,1,Restricted Area
201149,Joakim Noah,1610612741,0021400941,Dunk Shot,1,1,Restricted Area
2399,Mike Dunleavy,1610612741,0021400941,Jump Shot,1,0,Right Corner 3
2200,Pau Gasol,1610612741,0021400941,Turnaround Hook Shot,1,1,In The Paint (Non-RA)
203503,Tony Snell,1610612741,0021400941,Jump Shot,1,0,Above the Break 3
202703,Nikola Mirotic,1610612741,0021400941,Jump Shot,1,1,Mid-Range
2200,Pau Gasol,1610612741,0021400941,Running Jump Shot,1,1,In The Paint (Non-RA)
202703,Nikola Mirotic,1610612741,0021400941,Jump Shot,1,0,Mid-Range
2550,Kirk Hinrich,1610612741,0021400941,Layup Shot,1,0,Restricted Area
1737,Nazr Mohammed,1610612741,0021400941,Jump Shot,1,0,Mid-Range
203503,Tony Snell,1610612741,0021400941,Jump Shot,1,0,In The Paint (Non-RA)
1737,Nazr Mohammed,1610612741,0021400941,Putback Layup Shot,1,1,Restricted Area
2550,Kirk Hinrich,1610612741,0021400941,Jump Shot,1,1,Mid-Range
202703,Nikola Mirotic,1610612741,0021400941,Jump Shot,1,0,In The Paint (Non-RA)
203926,Doug McDermott,1610612741,0021400941,Driving Layup Shot,1,0,Restricted Area
203926,Doug McDermott,1610612741,0021400941,Putback Layup Shot,1,0,Restricted Area
2550,Kirk Hinrich,1610612741,0021400941,Floating Jump shot,1,0,In The Paint (Non-RA)
202703,Nikola Mirotic,1610612741,0021400941,Jump Shot,1,1,Right Corner 3
2399,Mike Dunleavy,1610612741,0021400941,Jump Shot,1,0,Above the Break 3
202734,E'Twaun Moore,1610612741,0021400941,Jump Shot,1,1,Left Corner 3
202703,Nikola Mirotic,1610612741,0021400941,Driving Layup Shot,1,0,Restricted Area
201166,Aaron Brooks,1610612741,0021400941,Jump Shot,1,0,Mid-Range
202703,Nikola Mirotic,1610612741,0021400941,Jump Shot,1,0,Above the Break 3
2200,Pau Gasol,1610612741,0021400941,Turnaround Jump Shot,1,0,Mid-Range
202734,E'Twaun Moore,1610612741,0021400941,Floating Jump shot,1,1,In The Paint (Non-RA)
2200,Pau Gasol,1610612741,0021400941,Jump Shot,1,0,Mid-Range
2399,Mike Dunleavy,1610612741,0021400941,Reverse Layup Shot,1,1,Restricted Area
201166,Aaron Brooks,1610612741,0021400941,Driving Layup Shot,1,0,Restricted Area
2200,Pau Gasol,1610612741,0021400941,Dunk Shot,1,1,Restricted Area
201166,Aaron Brooks,1610612741,0021400941,Driving Layup Shot,1,0,Restricted Area
201166,Aaron Brooks,1610612741,0021400941,Running Bank shot,1,1,Mid-Range
201166,Aaron Brooks,1610612741,0021400941,Running Reverse Layup Shot,1,0,Restricted Area
2200,Pau Gasol,1610612741,0021400941,Jump Shot,1,1,Mid-Range
203503,Tony Snell,1610612741,0021400941,Jump Shot,1,0,Mid-Range
201166,Aaron Brooks,1610612741,0021400941,Fadeaway Jump Shot,1,0,Mid-Range
2399,Mike Dunleavy,1610612741,0021400941,Jump Shot,1,0,Above the Break 3
2200,Pau Gasol,1610612741,0021400941,Running Jump Shot,1,0,In The Paint (Non-RA)
201166,Aaron Brooks,1610612741,0021400941,Driving Layup Shot,1,1,Restricted Area
2399,Mike Dunleavy,1610612741,0021400941,Jump Shot,1,1,Above the Break 3
201166,Aaron Brooks,1610612741,0021400941,Jump Shot,1,1,Above the Break 3
203503,Tony Snell,1610612741,0021400941,Dunk Shot,1,1,Restricted Area
2200,Pau Gasol,1610612741,0021400941,Driving Reverse Layup Shot,1,0,Restricted Area
2200,Pau Gasol,1610612741,0021400941,Driving Finger Roll Layup Shot,1,0,Restricted Area
203503,Tony Snell,1610612741,0021400941,Jump Shot,1,1,Above the Break 3
202734,E'Twaun Moore,1610612741,0021400941,Layup Shot,1,0,Restricted Area
203503,Tony Snell,1610612741,0021400941,Layup Shot,1,0,Restricted Area
2200,Pau Gasol,1610612741,0021400941,Tip Shot,1,1,Restricted Area
202734,E'Twaun Moore,1610612741,0021400941,Step Back Jump shot,1,1,Mid-Range
202734,E'Twaun Moore,1610612741,0021400941,Jump Shot,1,0,Mid-Range
202734,E'Twaun Moore,1610612741,0021400941,Jump Shot,1,0,Above the Break 3
202703,Nikola Mirotic,1610612741,0021400941,Jump Shot,1,0,Mid-Range
202703,Nikola Mirotic,1610612741,0021400941,Driving Layup Shot,1,1,Restricted Area
2550,Kirk Hinrich,1610612741,0021400941,Driving Layup Shot,1,1,Restricted Area
202703,Nikola Mirotic,1610612741,0021400941,Driving Finger Roll Layup Shot,1,1,Restricted Area
203503,Tony Snell,1610612741,0021400941,Step Back Jump shot,1,1,Above the Break 3
203503,Tony Snell,1610612741,0021400941,Jump Shot,1,1,Above the Break 3
202703,Nikola Mirotic,1610612741,0021400941,Driving Layup Shot,1,1,Restricted Area
203503,Tony Snell,1610612741,0021400941,Dunk Shot,1,1,Restricted Area
2550,Kirk Hinrich,1610612741,0021400941,Jump Shot,1,1,Above the Break 3
203503,Tony Snell,1610612741,0021400941,Jump Shot,1,1,Above the Break 3
201149,Joakim Noah,1610612741,0021400941,Driving Layup Shot,1,0,Restricted Area
201166,Aaron Brooks,1610612741,0021400941,Jump Shot,1,0,Above the Break 3
203503,Tony Snell,1610612741,0021400941,Jump Shot,1,0,Left Corner 3
2200,Pau Gasol,1610612741,0021400941,Turnaround Jump Shot,1,0,Mid-Range
202703,Nikola Mirotic,1610612741,0021400941,Jump Shot,1,1,Above the Break 3
202703,Nikola Mirotic,1610612741,0021400941,Running Hook Shot,1,0,In The Paint (Non-RA)
202703,Nikola Mirotic,1610612741,0021400941,Jump Shot,1,0,Mid-Range
203503,Tony Snell,1610612741,0021400941,Jump Shot,1,0,Above the Break 3
202703,Nikola Mirotic,1610612741,0021400953,Jump Shot,1,0,Right Corner 3
2200,Pau Gasol,1610612741,0021400953,Jump Shot,1,0,In The Paint (Non-RA)
2200,Pau Gasol,1610612741,0021400953,Tip Shot,1,1,Restricted Area
201166,Aaron Brooks,1610612741,0021400953,Step Back Jump shot,1,1,Right Corner 3
2200,Pau Gasol,1610612741,0021400953,Running Dunk Shot,1,1,Restricted Area
203503,Tony Snell,1610612741,0021400953,Jump Shot,1,1,Above the Break 3
201166,Aaron Brooks,1610612741,0021400953,Jump Shot,1,0,Above the Break 3
2200,Pau Gasol,1610612741,0021400953,Alley Oop Dunk Shot,1,1,Restricted Area
201166,Aaron Brooks,1610612741,0021400953,Jump Shot,1,0,Mid-Range
2200,Pau Gasol,1610612741,0021400953,Jump Hook Shot,1,1,In The Paint (Non-RA)
2200,Pau Gasol,1610612741,0021400953,Layup Shot,1,0,Restricted Area
202703,Nikola Mirotic,1610612741,0021400953,Layup Shot,1,0,Restricted Area
202703,Nikola Mirotic,1610612741,0021400953,Layup Shot,1,0,Restricted Area
2200,Pau Gasol,1610612741,0021400953,Jump Shot,1,0,In The Paint (Non-RA)
2200,Pau Gasol,1610612741,0021400953,Layup Shot,1,0,Restricted Area
2200,Pau Gasol,1610612741,0021400953,Tip Shot,1,1,Restricted Area
2200,Pau Gasol,1610612741,0021400953,Hook Shot,1,0,Restricted Area
201166,Aaron Brooks,1610612741,0021400953,Jump Shot,1,0,Above the Break 3
2550,Kirk Hinrich,1610612741,0021400953,Jump Shot,1,0,Mid-Range
2200,Pau Gasol,1610612741,0021400953,Step Back Jump shot,1,1,Mid-Range
2200,Pau Gasol,1610612741,0021400953,Jump Shot,1,0,Restricted Area
1737,Nazr Mohammed,1610612741,0021400953,Jump Shot,1,0,Mid-Range
2200,Pau Gasol,1610612741,0021400953,Turnaround Bank shot,1,1,Mid-Range
203926,Doug McDermott,1610612741,0021400953,Jump Shot,1,0,Above the Break 3
202703,Nikola Mirotic,1610612741,0021400953,Jump Shot,1,1,Right Corner 3
203926,Doug McDermott,1610612741,0021400953,Layup Shot,1,1,Restricted Area
203926,Doug McDermott,1610612741,0021400953,Driving Layup Shot,1,1,Restricted Area
2550,Kirk Hinrich,1610612741,0021400953,Jump Shot,1,0,Mid-Range
2550,Kirk Hinrich,1610612741,0021400953,Jump Shot,1,0,Above the Break 3
202703,Nikola Mirotic,1610612741,0021400953,Pullup Jump shot,1,1,Mid-Range
1737,Nazr Mohammed,1610612741,0021400953,Jump Shot,1,0,In The Paint (Non-RA)
202703,Nikola Mirotic,1610612741,0021400953,Layup Shot,1,1,Restricted Area
2200,Pau Gasol,1610612741,0021400953,Reverse Layup Shot,1,1,Restricted Area
202734,E'Twaun Moore,1610612741,0021400953,Jump Shot,1,0,Mid-Range
2399,Mike Dunleavy,1610612741,0021400953,Jump Shot,1,1,Right Corner 3
202703,Nikola Mirotic,1610612741,0021400953,Jump Shot,1,1,Above the Break 3
2200,Pau Gasol,1610612741,0021400953,Tip Shot,1,1,Restricted Area
201166,Aaron Brooks,1610612741,0021400953,Driving Layup Shot,1,1,Restricted Area
202703,Nikola Mirotic,1610612741,0021400953,Jump Shot,1,0,Above the Break 3
203503,Tony Snell,1610612741,0021400953,Jump Shot,1,0,Above the Break 3
201166,Aaron Brooks,1610612741,0021400953,Jump Shot,1,0,Above the Break 3
2200,Pau Gasol,1610612741,0021400953,Jump Shot,1,0,In The Paint (Non-RA)
203503,Tony Snell,1610612741,0021400953,Driving Layup Shot,1,1,Restricted Area
201166,Aaron Brooks,1610612741,0021400953,Driving Layup Shot,1,1,Restricted Area
203503,Tony Snell,1610612741,0021400953,Layup Shot,1,0,Restricted Area
201166,Aaron Brooks,1610612741,0021400953,Jump Shot,1,1,In The Paint (Non-RA)
201166,Aaron Brooks,1610612741,0021400953,Jump Shot,1,0,Above the Break 3
2200,Pau Gasol,1610612741,0021400953,Jump Shot,1,0,Mid-Range
2399,Mike Dunleavy,1610612741,0021400953,Jump Shot,1,0,Above the Break 3
202703,Nikola Mirotic,1610612741,0021400953,Layup Shot,1,0,Restricted Area
203503,Tony Snell,1610612741,0021400953,Layup Shot,1,0,Restricted Area
2200,Pau Gasol,1610612741,0021400953,Layup Shot,1,1,Restricted Area
2200,Pau Gasol,1610612741,0021400953,Layup Shot,1,1,Restricted Area
1737,Nazr Mohammed,1610612741,0021400953,Jump Shot,1,0,Restricted Area
2550,Kirk Hinrich,1610612741,0021400953,Jump Shot,1,0,Left Corner 3
203503,Tony Snell,1610612741,0021400953,Jump Shot,1,0,Above the Break 3
203926,Doug McDermott,1610612741,0021400953,Jump Shot,1,1,Above the Break 3
2200,Pau Gasol,1610612741,0021400953,Jump Shot,1,0,Mid-Range
2399,Mike Dunleavy,1610612741,0021400953,Jump Bank Shot,1,1,Backcourt
202734,E'Twaun Moore,1610612741,0021400953,Running Jump Shot,1,1,Restricted Area
2550,Kirk Hinrich,1610612741,0021400953,Driving Layup Shot,1,1,Restricted Area
2550,Kirk Hinrich,1610612741,0021400953,Jump Shot,1,1,Above the Break 3
202703,Nikola Mirotic,1610612741,0021400953,Jump Shot,1,0,Above the Break 3
202703,Nikola Mirotic,1610612741,0021400953,Layup Shot,1,0,Restricted Area
201166,Aaron Brooks,1610612741,0021400953,Jump Shot,1,0,Mid-Range
2200,Pau Gasol,1610612741,0021400953,Jump Shot,1,0,In The Paint (Non-RA)
201166,Aaron Brooks,1610612741,0021400953,Jump Shot,1,0,Mid-Range
203503,Tony Snell,1610612741,0021400953,Jump Shot,1,0,Above the Break 3
203503,Tony Snell,1610612741,0021400953,Jump Shot,1,0,In The Paint (Non-RA)
201166,Aaron Brooks,1610612741,0021400953,Driving Layup Shot,1,1,Restricted Area
201166,Aaron Brooks,1610612741,0021400953,Jump Bank Shot,1,1,In The Paint (Non-RA)
201166,Aaron Brooks,1610612741,0021400953,Reverse Layup Shot,1,1,Restricted Area
202703,Nikola Mirotic,1610612741,0021400953,Layup Shot,1,1,Restricted Area
202703,Nikola Mirotic,1610612741,0021400953,Layup Shot,1,0,Restricted Area
201166,Aaron Brooks,1610612741,0021400953,Pullup Jump shot,1,1,Mid-Range
2200,Pau Gasol,1610612741,0021400953,Jump Shot,1,0,In The Paint (Non-RA)
2200,Pau Gasol,1610612741,0021400953,Jump Shot,1,0,Restricted Area
203503,Tony Snell,1610612741,0021400953,Layup Shot,1,0,Restricted Area
201166,Aaron Brooks,1610612741,0021400953,Jump Shot,1,1,Above the Break 3
2399,Mike Dunleavy,1610612741,0021400953,Jump Shot,1,0,Mid-Range
201166,Aaron Brooks,1610612741,0021400953,Driving Layup Shot,1,1,Restricted Area
201166,Aaron Brooks,1610612741,0021400953,Jump Shot,1,0,In The Paint (Non-RA)
2200,Pau Gasol,1610612741,0021400953,Jump Shot,1,1,Mid-Range
2200,Pau Gasol,1610612741,0021400953,Layup Shot,1,1,Restricted Area
201166,Aaron Brooks,1610612741,0021400953,Layup Shot,1,1,Restricted Area
2399,Mike Dunleavy,1610612741,0021400953,Jump Shot,1,0,In The Paint (Non-RA)
201166,Aaron Brooks,1610612741,0021400953,Jump Shot,1,1,Above the Break 3
2200,Pau Gasol,1610612741,0021400967,Jump Shot,1,0,Mid-Range
203503,Tony Snell,1610612741,0021400967,Running Jump Shot,1,0,In The Paint (Non-RA)
203503,Tony Snell,1610612741,0021400967,Jump Shot,1,1,Above the Break 3
201166,Aaron Brooks,1610612741,0021400967,Floating Jump shot,1,0,In The Paint (Non-RA)
203503,Tony Snell,1610612741,0021400967,Jump Shot,1,1,Above the Break 3
201166,Aaron Brooks,1610612741,0021400967,Running Bank shot,1,1,In The Paint (Non-RA)
2200,Pau Gasol,1610612741,0021400967,Jump Shot,1,1,Mid-Range
2200,Pau Gasol,1610612741,0021400967,Jump Shot,1,1,In The Paint (Non-RA)
201166,Aaron Brooks,1610612741,0021400967,Jump Shot,1,1,Above the Break 3
2399,Mike Dunleavy,1610612741,0021400967,Jump Shot,1,1,Above the Break 3
201166,Aaron Brooks,1610612741,0021400967,Jump Shot,1,1,In The Paint (Non-RA)
2200,Pau Gasol,1610612741,0021400967,Jump Shot,1,0,Mid-Range
201166,Aaron Brooks,1610612741,0021400967,Driving Jump shot,1,1,Mid-Range
203503,Tony Snell,1610612741,0021400967,Jump Shot,1,1,Left Corner 3
202703,Nikola Mirotic,1610612741,0021400967,Layup Shot,1,0,Restricted Area
2200,Pau Gasol,1610612741,0021400967,Jump Shot,1,1,Mid-Range
202703,Nikola Mirotic,1610612741,0021400967,Jump Shot,1,0,Above the Break 3
201166,Aaron Brooks,1610612741,0021400967,Jump Shot,1,1,Above the Break 3
202703,Nikola Mirotic,1610612741,0021400967,Jump Shot,1,1,Above the Break 3
203926,Doug McDermott,1610612741,0021400967,Layup Shot,1,1,Restricted Area
203926,Doug McDermott,1610612741,0021400967,Jump Shot,1,1,Above the Break 3
201149,Joakim Noah,1610612741,0021400967,Running Bank shot,1,0,In The Paint (Non-RA)
2550,Kirk Hinrich,1610612741,0021400967,Step Back Jump shot,1,0,Mid-Range
203926,Doug McDermott,1610612741,0021400967,Jump Shot,1,1,Right Corner 3
201149,Joakim Noah,1610612741,0021400967,Jump Shot,1,0,In The Paint (Non-RA)
203503,Tony Snell,1610612741,0021400967,Jump Shot,1,0,Mid-Range
201149,Joakim Noah,1610612741,0021400967,Layup Shot,1,0,Restricted Area
202734,E'Twaun Moore,1610612741,0021400967,Jump Shot,1,0,In The Paint (Non-RA)
202703,Nikola Mirotic,1610612741,0021400967,Jump Shot,1,0,Restricted Area
202703,Nikola Mirotic,1610612741,0021400967,Layup Shot,1,1,Restricted Area
202734,E'Twaun Moore,1610612741,0021400967,Jump Shot,1,0,Left Corner 3
201166,Aaron Brooks,1610612741,0021400967,Jump Shot,1,0,Mid-Range
202734,E'Twaun Moore,1610612741,0021400967,Driving Jump shot,1,0,In The Paint (Non-RA)
2200,Pau Gasol,1610612741,0021400967,Jump Shot,1,1,Right Corner 3
202703,Nikola Mirotic,1610612741,0021400967,Fadeaway Jump Shot,1,0,In The Paint (Non-RA)
2200,Pau Gasol,1610612741,0021400967,Jump Shot,1,0,Mid-Range
201166,Aaron Brooks,1610612741,0021400967,Jump Shot,1,0,Restricted Area
203503,Tony Snell,1610612741,0021400967,Jump Shot,1,1,Left Corner 3
2399,Mike Dunleavy,1610612741,0021400967,Layup Shot,1,0,Restricted Area
2200,Pau Gasol,1610612741,0021400967,Running Hook Shot,1,1,In The Paint (Non-RA)
201166,Aaron Brooks,1610612741,0021400967,Jump Shot,1,0,Above the Break 3
2200,Pau Gasol,1610612741,0021400967,Hook Shot,1,0,In The Paint (Non-RA)
201166,Aaron Brooks,1610612741,0021400967,Driving Layup Shot,1,1,Restricted Area
2200,Pau Gasol,1610612741,0021400967,Turnaround Fadeaway shot,1,0,Mid-Range
201166,Aaron Brooks,1610612741,0021400967,Jump Shot,1,0,Above the Break 3
203503,Tony Snell,1610612741,0021400967,Jump Shot,1,0,Above the Break 3
201166,Aaron Brooks,1610612741,0021400967,Jump Shot,1,0,Above the Break 3
203503,Tony Snell,1610612741,0021400967,Jump Shot,1,0,Above the Break 3
2399,Mike Dunleavy,1610612741,0021400967,Jump Shot,1,0,Mid-Range
2200,Pau Gasol,1610612741,0021400967,Fadeaway Jump Shot,1,1,In The Paint (Non-RA)
2399,Mike Dunleavy,1610612741,0021400967,Jump Shot,1,0,Above the Break 3
203503,Tony Snell,1610612741,0021400967,Jump Shot,1,0,Above the Break 3
203926,Doug McDermott,1610612741,0021400967,Layup Shot,1,0,Restricted Area
203503,Tony Snell,1610612741,0021400967,Jump Shot,1,0,Right Corner 3
2200,Pau Gasol,1610612741,0021400967,Turnaround Jump Shot,1,0,Mid-Range
2550,Kirk Hinrich,1610612741,0021400967,Turnaround Fadeaway shot,1,0,In The Paint (Non-RA)
2550,Kirk Hinrich,1610612741,0021400967,Jump Shot,1,0,Mid-Range
202703,Nikola Mirotic,1610612741,0021400967,Putback Layup Shot,1,1,Restricted Area
2550,Kirk Hinrich,1610612741,0021400967,Layup Shot,1,0,Restricted Area
203503,Tony Snell,1610612741,0021400967,Jump Shot,1,1,Above the Break 3
203926,Doug McDermott,1610612741,0021400967,Jump Shot,1,1,Above the Break 3
203503,Tony Snell,1610612741,0021400967,Jump Shot,1,0,Mid-Range
202703,Nikola Mirotic,1610612741,0021400967,Jump Shot,1,0,Above the Break 3
202703,Nikola Mirotic,1610612741,0021400967,Jump Shot,1,0,Above the Break 3
2550,Kirk Hinrich,1610612741,0021400967,Jump Shot,1,0,Mid-Range
203926,Doug McDermott,1610612741,0021400967,Jump Shot,1,0,Above the Break 3
202703,Nikola Mirotic,1610612741,0021400967,Jump Shot,1,0,Left Corner 3
202734,E'Twaun Moore,1610612741,0021400967,Jump Shot,1,0,In The Paint (Non-RA)
201166,Aaron Brooks,1610612741,0021400967,Floating Jump shot,1,1,In The Paint (Non-RA)
2200,Pau Gasol,1610612741,0021400967,Hook Shot,1,0,In The Paint (Non-RA)
201166,Aaron Brooks,1610612741,0021400967,Jump Shot,1,1,Above the Break 3
201166,Aaron Brooks,1610612741,0021400967,Jump Shot,1,0,Above the Break 3
2200,Pau Gasol,1610612741,0021400967,Layup Shot,1,1,Restricted Area
202734,E'Twaun Moore,1610612741,0021400967,Layup Shot,1,0,Restricted Area
201166,Aaron Brooks,1610612741,0021400967,Driving Layup Shot,1,1,Restricted Area
202703,Nikola Mirotic,1610612741,0021400967,Jump Shot,1,1,Above the Break 3
201166,Aaron Brooks,1610612741,0021400967,Driving Reverse Layup Shot,1,0,Restricted Area
202703,Nikola Mirotic,1610612741,0021400967,Jump Shot,1,0,Mid-Range
2200,Pau Gasol,1610612741,0021400967,Jump Shot,1,0,Mid-Range
202703,Nikola Mirotic,1610612741,0021400967,Layup Shot,1,1,Restricted Area
202703,Nikola Mirotic,1610612741,0021400967,Jump Shot,1,0,Above the Break 3
202703,Nikola Mirotic,1610612741,0021400967,Jump Shot,1,0,Above the Break 3
2399,Mike Dunleavy,1610612741,0021400982,Jump Shot,1,0,Above the Break 3
2200,Pau Gasol,1610612741,0021400982,Jump Shot,1,0,Mid-Range
2200,Pau Gasol,1610612741,0021400982,Hook Shot,1,1,In The Paint (Non-RA)
203503,Tony Snell,1610612741,0021400982,Jump Shot,1,0,Above the Break 3
2200,Pau Gasol,1610612741,0021400982,Jump Shot,1,1,Mid-Range
203503,Tony Snell,1610612741,0021400982,Floating Jump shot,1,0,In The Paint (Non-RA)
201149,Joakim Noah,1610612741,0021400982,Running Bank shot,1,1,In The Paint (Non-RA)
203503,Tony Snell,1610612741,0021400982,Jump Shot,1,0,Left Corner 3
201166,Aaron Brooks,1610612741,0021400982,Running Jump Shot,1,0,Restricted Area
2200,Pau Gasol,1610612741,0021400982,Jump Shot,1,0,Mid-Range
2200,Pau Gasol,1610612741,0021400982,Running Bank Hook Shot,1,1,In The Paint (Non-RA)
2200,Pau Gasol,1610612741,0021400982,Turnaround Fadeaway shot,1,1,Mid-Range
201166,Aaron Brooks,1610612741,0021400982,Jump Shot,1,0,Above the Break 3
2399,Mike Dunleavy,1610612741,0021400982,Jump Shot,1,0,Left Corner 3
203503,Tony Snell,1610612741,0021400982,Jump Shot,1,0,Above the Break 3
201166,Aaron Brooks,1610612741,0021400982,Jump Shot,1,0,Above the Break 3
2399,Mike Dunleavy,1610612741,0021400982,Putback Layup Shot,1,0,Restricted Area
2200,Pau Gasol,1610612741,0021400982,Running Jump Shot,1,0,In The Paint (Non-RA)
2200,Pau Gasol,1610612741,0021400982,Driving Layup Shot,1,0,Restricted Area
203503,Tony Snell,1610612741,0021400982,Jump Shot,1,0,Mid-Range
202703,Nikola Mirotic,1610612741,0021400982,Jump Shot,1,0,Left Corner 3
2200,Pau Gasol,1610612741,0021400982,Putback Dunk Shot,1,1,Restricted Area
2550,Kirk Hinrich,1610612741,0021400982,Running Jump Shot,1,0,In The Paint (Non-RA)
2200,Pau Gasol,1610612741,0021400982,Jump Shot,1,1,Mid-Range
202703,Nikola Mirotic,1610612741,0021400982,Jump Shot,1,0,Right Corner 3
201149,Joakim Noah,1610612741,0021400982,Jump Shot,1,0,Mid-Range
202734,E'Twaun Moore,1610612741,0021400982,Running Jump Shot,1,1,Mid-Range
202703,Nikola Mirotic,1610612741,0021400982,Dunk Shot,1,1,Restricted Area
203926,Doug McDermott,1610612741,0021400982,Turnaround Jump Shot,1,0,In The Paint (Non-RA)
202703,Nikola Mirotic,1610612741,0021400982,Jump Shot,1,0,Mid-Range
2399,Mike Dunleavy,1610612741,0021400982,Jump Shot,1,1,Above the Break 3
201149,Joakim Noah,1610612741,0021400982,Layup Shot,1,1,Restricted Area
201149,Joakim Noah,1610612741,0021400982,Layup Shot,1,1,Restricted Area
202703,Nikola Mirotic,1610612741,0021400982,Jump Shot,1,0,Above the Break 3
2550,Kirk Hinrich,1610612741,0021400982,Jump Shot,1,1,Above the Break 3
202703,Nikola Mirotic,1610612741,0021400982,Layup Shot,1,1,Restricted Area
202703,Nikola Mirotic,1610612741,0021400982,Jump Shot,1,1,Mid-Range
202734,E'Twaun Moore,1610612741,0021400982,Jump Shot,1,0,Left Corner 3
201166,Aaron Brooks,1610612741,0021400982,Jump Shot,1,0,Above the Break 3
202703,Nikola Mirotic,1610612741,0021400982,Jump Shot,1,1,In The Paint (Non-RA)
202703,Nikola Mirotic,1610612741,0021400982,Running Jump Shot,1,1,In The Paint (Non-RA)
201166,Aaron Brooks,1610612741,0021400982,Floating Jump shot,1,1,Mid-Range
201166,Aaron Brooks,1610612741,0021400982,Layup Shot,1,1,Restricted Area
201166,Aaron Brooks,1610612741,0021400982,Layup Shot,1,1,Restricted Area
202734,E'Twaun Moore,1610612741,0021400982,Jump Shot,1,1,Above the Break 3
202734,E'Twaun Moore,1610612741,0021400982,Running Jump Shot,1,0,Mid-Range
201166,Aaron Brooks,1610612741,0021400982,Running Jump Shot,1,1,Restricted Area
2399,Mike Dunleavy,1610612741,0021400982,Finger Roll Layup Shot,1,0,Restricted Area
201166,Aaron Brooks,1610612741,0021400982,Jump Shot,1,0,Above the Break 3
2200,Pau Gasol,1610612741,0021400982,Jump Shot,1,0,Mid-Range
203503,Tony Snell,1610612741,0021400982,Jump Shot,1,0,Mid-Range
203503,Tony Snell,1610612741,0021400982,Jump Shot,1,1,Left Corner 3
203503,Tony Snell,1610612741,0021400982,Jump Shot,1,0,Above the Break 3
201166,Aaron Brooks,1610612741,0021400982,Driving Layup Shot,1,0,Restricted Area
2200,Pau Gasol,1610612741,0021400982,Jump Shot,1,0,Mid-Range
201149,Joakim Noah,1610612741,0021400982,Layup Shot,1,1,Restricted Area
2200,Pau Gasol,1610612741,0021400982,Jump Shot,1,1,Right Corner 3
2200,Pau Gasol,1610612741,0021400982,Reverse Layup Shot,1,0,Restricted Area
202734,E'Twaun Moore,1610612741,0021400982,Jump Shot,1,0,Above the Break 3
201166,Aaron Brooks,1610612741,0021400982,Running Bank shot,1,1,Mid-Range
201166,Aaron Brooks,1610612741,0021400982,Jump Shot,1,0,Above the Break 3
202734,E'Twaun Moore,1610612741,0021400982,Jump Shot,1,1,Left Corner 3
203503,Tony Snell,1610612741,0021400982,Jump Shot,1,1,Above the Break 3
202703,Nikola Mirotic,1610612741,0021400982,Step Back Jump shot,1,0,Mid-Range
2200,Pau Gasol,1610612741,0021400982,Running Jump Shot,1,1,In The Paint (Non-RA)
203503,Tony Snell,1610612741,0021400982,Driving Slam Dunk Shot,1,1,Restricted Area
202703,Nikola Mirotic,1610612741,0021400982,Jump Shot,1,1,Above the Break 3
201149,Joakim Noah,1610612741,0021400982,Layup Shot,1,1,Restricted Area
201149,Joakim Noah,1610612741,0021400982,Driving Layup Shot,1,1,Restricted Area
202703,Nikola Mirotic,1610612741,0021400982,Jump Shot,1,0,Above the Break 3
2550,Kirk Hinrich,1610612741,0021400982,Running Jump Shot,1,0,In The Paint (Non-RA)
202703,Nikola Mirotic,1610612741,0021400982,Jump Shot,1,0,Above the Break 3
202734,E'Twaun Moore,1610612741,0021400982,Floating Jump shot,1,1,In The Paint (Non-RA)
2200,Pau Gasol,1610612741,0021400982,Turnaround Jump Shot,1,0,In The Paint (Non-RA)
202703,Nikola Mirotic,1610612741,0021400982,Jump Shot,1,1,Above the Break 3
202703,Nikola Mirotic,1610612741,0021400982,Running Bank shot,1,0,Restricted Area
201166,Aaron Brooks,1610612741,0021400982,Jump Shot,1,0,Above the Break 3
202703,Nikola Mirotic,1610612741,0021400982,Jump Shot,1,0,Right Corner 3
202703,Nikola Mirotic,1610612741,0021400982,Finger Roll Layup Shot,1,0,Restricted Area
202734,E'Twaun Moore,1610612741,0021400982,Jump Shot,1,0,Mid-Range
202703,Nikola Mirotic,1610612741,0021400982,Driving Layup Shot,1,1,Restricted Area
2200,Pau Gasol,1610612741,0021400982,Turnaround Jump Shot,1,1,In The Paint (Non-RA)
201166,Aaron Brooks,1610612741,0021400982,Layup Shot,1,0,Restricted Area
203503,Tony Snell,1610612741,0021401009,Running Jump Shot,1,0,In The Paint (Non-RA)
203503,Tony Snell,1610612741,0021401009,Jump Shot,1,0,Above the Break 3
201166,Aaron Brooks,1610612741,0021401009,Jump Shot,1,0,Above the Break 3
203503,Tony Snell,1610612741,0021401009,Jump Shot,1,0,Mid-Range
203503,Tony Snell,1610612741,0021401009,Jump Shot,1,1,Above the Break 3
2399,Mike Dunleavy,1610612741,0021401009,Jump Shot,1,1,Right Corner 3
2399,Mike Dunleavy,1610612741,0021401009,Jump Shot,1,1,Above the Break 3
201149,Joakim Noah,1610612741,0021401009,Layup Shot,1,0,Restricted Area
203503,Tony Snell,1610612741,0021401009,Jump Shot,1,0,Right Corner 3
2200,Pau Gasol,1610612741,0021401009,Jump Shot,1,1,Mid-Range
2200,Pau Gasol,1610612741,0021401009,Jump Shot,1,0,Mid-Range
201149,Joakim Noah,1610612741,0021401009,Putback Layup Shot,1,0,Restricted Area
2399,Mike Dunleavy,1610612741,0021401009,Floating Jump shot,1,0,Mid-Range
201166,Aaron Brooks,1610612741,0021401009,Jump Shot,1,0,In The Paint (Non-RA)
201166,Aaron Brooks,1610612741,0021401009,Running Reverse Layup Shot,1,1,Restricted Area
201166,Aaron Brooks,1610612741,0021401009,Jump Shot,1,1,In The Paint (Non-RA)
2200,Pau Gasol,1610612741,0021401009,Jump Shot,1,0,In The Paint (Non-RA)
2399,Mike Dunleavy,1610612741,0021401009,Jump Shot,1,1,Above the Break 3
201166,Aaron Brooks,1610612741,0021401009,Jump Shot,1,0,Mid-Range
201166,Aaron Brooks,1610612741,0021401009,Jump Shot,1,0,Above the Break 3
2200,Pau Gasol,1610612741,0021401009,Putback Slam Dunk Shot,1,1,Restricted Area
1737,Nazr Mohammed,1610612741,0021401009,Fadeaway Jump Shot,1,0,Mid-Range
2399,Mike Dunleavy,1610612741,0021401009,Jump Shot,1,0,Above the Break 3
2200,Pau Gasol,1610612741,0021401009,Hook Shot,1,0,In The Paint (Non-RA)
2200,Pau Gasol,1610612741,0021401009,Turnaround Hook Shot,1,1,Restricted Area
203503,Tony Snell,1610612741,0021401009,Layup Shot,1,1,Restricted Area
2550,Kirk Hinrich,1610612741,0021401009,Jump Shot,1,1,In The Paint (Non-RA)
201149,Joakim Noah,1610612741,0021401009,Layup Shot,1,1,Restricted Area
203926,Doug McDermott,1610612741,0021401009,Running Layup Shot,1,0,Restricted Area
203926,Doug McDermott,1610612741,0021401009,Jump Shot,1,0,Mid-Range
202734,E'Twaun Moore,1610612741,0021401009,Running Layup Shot,1,0,Restricted Area
2550,Kirk Hinrich,1610612741,0021401009,Jump Shot,1,0,Mid-Range
203926,Doug McDermott,1610612741,0021401009,Jump Shot,1,0,Mid-Range
202734,E'Twaun Moore,1610612741,0021401009,Driving Jump shot,1,0,In The Paint (Non-RA)
202703,Nikola Mirotic,1610612741,0021401009,Jump Shot,1,1,Mid-Range
202703,Nikola Mirotic,1610612741,0021401009,Jump Shot,1,0,Above the Break 3
2399,Mike Dunleavy,1610612741,0021401009,Jump Shot,1,1,Above the Break 3
202703,Nikola Mirotic,1610612741,0021401009,Running Dunk Shot,1,1,Restricted Area
2399,Mike Dunleavy,1610612741,0021401009,Jump Shot,1,1,Above the Break 3
2399,Mike Dunleavy,1610612741,0021401009,Running Hook Shot,1,1,In The Paint (Non-RA)
2399,Mike Dunleavy,1610612741,0021401009,Jump Shot,1,0,Above the Break 3
2200,Pau Gasol,1610612741,0021401009,Slam Dunk Shot,1,1,Restricted Area
201166,Aaron Brooks,1610612741,0021401009,Fadeaway Jump Shot,1,1,In The Paint (Non-RA)
202734,E'Twaun Moore,1610612741,0021401009,Jump Shot,1,0,In The Paint (Non-RA)
2399,Mike Dunleavy,1610612741,0021401009,Running Hook Shot,1,0,Restricted Area
2200,Pau Gasol,1610612741,0021401009,Jump Shot,1,0,Mid-Range
2200,Pau Gasol,1610612741,0021401009,Jump Shot,1,1,Mid-Range
203503,Tony Snell,1610612741,0021401009,Jump Shot,1,1,Mid-Range
2200,Pau Gasol,1610612741,0021401009,Layup Shot,1,1,Restricted Area
1737,Nazr Mohammed,1610612741,0021401009,Jump Shot,1,0,Mid-Range
2200,Pau Gasol,1610612741,0021401009,Turnaround Jump Shot,1,0,Mid-Range
202703,Nikola Mirotic,1610612741,0021401009,Jump Shot,1,0,Above the Break 3
203503,Tony Snell,1610612741,0021401009,Putback Layup Shot,1,0,Restricted Area
203503,Tony Snell,1610612741,0021401009,Jump Shot,1,1,Above the Break 3
2550,Kirk Hinrich,1610612741,0021401009,Jump Shot,1,0,Mid-Range
202703,Nikola Mirotic,1610612741,0021401009,Layup Shot,1,1,Restricted Area
2200,Pau Gasol,1610612741,0021401009,Jump Shot,1,0,In The Paint (Non-RA)
202703,Nikola Mirotic,1610612741,0021401009,Jump Shot,1,0,Above the Break 3
202703,Nikola Mirotic,1610612741,0021401009,Jump Shot,1,0,Above the Break 3
202703,Nikola Mirotic,1610612741,0021401009,Running Jump Shot,1,0,Restricted Area
202703,Nikola Mirotic,1610612741,0021401009,Layup Shot,1,1,Restricted Area
202703,Nikola Mirotic,1610612741,0021401009,Jump Shot,1,1,Above the Break 3
202703,Nikola Mirotic,1610612741,0021401009,Jump Shot,1,0,Above the Break 3
2399,Mike Dunleavy,1610612741,0021401009,Layup Shot,1,1,Restricted Area
202703,Nikola Mirotic,1610612741,0021401009,Layup Shot,1,1,Restricted Area
202703,Nikola Mirotic,1610612741,0021401009,Jump Shot,1,0,Above the Break 3
202703,Nikola Mirotic,1610612741,0021401009,Jump Shot,1,1,Mid-Range
201149,Joakim Noah,1610612741,0021401009,Layup Shot,1,0,Restricted Area
203503,Tony Snell,1610612741,0021401009,Floating Jump shot,1,1,In The Paint (Non-RA)
202703,Nikola Mirotic,1610612741,0021401009,Reverse Layup Shot,1,1,Restricted Area
203503,Tony Snell,1610612741,0021401009,Jump Shot,1,0,Above the Break 3
2399,Mike Dunleavy,1610612741,0021401009,Jump Shot,1,0,Left Corner 3
2550,Kirk Hinrich,1610612741,0021401009,Jump Shot,1,1,Above the Break 3
2399,Mike Dunleavy,1610612741,0021401009,Jump Shot,1,0,Mid-Range
2399,Mike Dunleavy,1610612741,0021401009,Running Layup Shot,1,0,Restricted Area
201166,Aaron Brooks,1610612741,0021401009,Running Layup Shot,1,0,Restricted Area
201166,Aaron Brooks,1610612741,0021401009,Putback Layup Shot,1,0,Restricted Area
201166,Aaron Brooks,1610612741,0021401009,Running Layup Shot,1,0,Restricted Area
201149,Joakim Noah,1610612741,0021401009,Tip Shot,1,0,Restricted Area
201149,Joakim Noah,1610612741,0021401009,Tip Shot,1,1,Restricted Area
2200,Pau Gasol,1610612741,0021401009,Jump Shot,1,1,Right Corner 3
201149,Joakim Noah,1610612741,0021401009,Layup Shot,1,0,Restricted Area
201149,Joakim Noah,1610612741,0021401025,Layup Shot,1,1,Restricted Area
203503,Tony Snell,1610612741,0021401025,Jump Shot,1,0,Above the Break 3
2200,Pau Gasol,1610612741,0021401025,Jump Shot,1,0,In The Paint (Non-RA)
201166,Aaron Brooks,1610612741,0021401025,Jump Shot,1,1,Mid-Range
2399,Mike Dunleavy,1610612741,0021401025,Running Layup Shot,1,1,Restricted Area
201166,Aaron Brooks,1610612741,0021401025,Floating Jump shot,1,0,In The Paint (Non-RA)
201166,Aaron Brooks,1610612741,0021401025,Pullup Jump shot,1,0,Above the Break 3
201149,Joakim Noah,1610612741,0021401025,Tip Shot,1,0,Restricted Area
201149,Joakim Noah,1610612741,0021401025,Layup Shot,1,0,Restricted Area
2399,Mike Dunleavy,1610612741,0021401025,Running Reverse Layup Shot,1,1,Restricted Area
203503,Tony Snell,1610612741,0021401025,Jump Shot,1,0,Above the Break 3
203503,Tony Snell,1610612741,0021401025,Layup Shot,1,1,Restricted Area
2399,Mike Dunleavy,1610612741,0021401025,Jump Shot,1,1,Mid-Range
2200,Pau Gasol,1610612741,0021401025,Layup Shot,1,0,Restricted Area
201166,Aaron Brooks,1610612741,0021401025,Jump Shot,1,0,Above the Break 3
203503,Tony Snell,1610612741,0021401025,Layup Shot,1,1,Restricted Area
201959,Taj Gibson,1610612741,0021401025,Alley Oop Layup shot,1,1,Restricted Area
202703,Nikola Mirotic,1610612741,0021401025,Jump Shot,1,1,Above the Break 3
202703,Nikola Mirotic,1610612741,0021401025,Jump Shot,1,1,Above the Break 3
2200,Pau Gasol,1610612741,0021401025,Jump Shot,1,0,Mid-Range
2200,Pau Gasol,1610612741,0021401025,Layup Shot,1,1,Restricted Area
201959,Taj Gibson,1610612741,0021401025,Slam Dunk Shot,1,1,Restricted Area
202703,Nikola Mirotic,1610612741,0021401025,Jump Shot,1,0,Above the Break 3
202703,Nikola Mirotic,1610612741,0021401025,Driving Layup Shot,1,1,Restricted Area
202703,Nikola Mirotic,1610612741,0021401025,Running Layup Shot,1,1,Restricted Area
202703,Nikola Mirotic,1610612741,0021401025,Jump Shot,1,0,Above the Break 3
202734,E'Twaun Moore,1610612741,0021401025,Step Back Jump shot,1,1,Mid-Range
203926,Doug McDermott,1610612741,0021401025,Jump Shot,1,1,Above the Break 3
202703,Nikola Mirotic,1610612741,0021401025,Jump Shot,1,0,Left Corner 3
203926,Doug McDermott,1610612741,0021401025,Jump Shot,1,0,Above the Break 3
203503,Tony Snell,1610612741,0021401025,Layup Shot,1,1,Restricted Area
201149,Joakim Noah,1610612741,0021401025,Slam Dunk Shot,1,1,Restricted Area
203503,Tony Snell,1610612741,0021401025,Running Slam Dunk Shot,1,1,Restricted Area
202703,Nikola Mirotic,1610612741,0021401025,Jump Shot,1,0,Above the Break 3
203503,Tony Snell,1610612741,0021401025,Running Layup Shot,1,1,Restricted Area
203503,Tony Snell,1610612741,0021401025,Jump Shot,1,0,Above the Break 3
2550,Kirk Hinrich,1610612741,0021401025,Jump Shot,1,1,Left Corner 3
201166,Aaron Brooks,1610612741,0021401025,Running Layup Shot,1,1,Restricted Area
202703,Nikola Mirotic,1610612741,0021401025,Running Layup Shot,1,1,Restricted Area
202703,Nikola Mirotic,1610612741,0021401025,Alley Oop Layup shot,1,1,Restricted Area
201166,Aaron Brooks,1610612741,0021401025,Driving Layup Shot,1,1,Restricted Area
2200,Pau Gasol,1610612741,0021401025,Jump Shot,1,0,Mid-Range
2399,Mike Dunleavy,1610612741,0021401025,Jump Shot,1,0,Right Corner 3
201166,Aaron Brooks,1610612741,0021401025,Jump Shot,1,0,In The Paint (Non-RA)
2399,Mike Dunleavy,1610612741,0021401025,Jump Shot,1,1,Above the Break 3
2200,Pau Gasol,1610612741,0021401025,Hook Shot,1,0,In The Paint (Non-RA)
201166,Aaron Brooks,1610612741,0021401025,Layup Shot,1,0,Restricted Area
2399,Mike Dunleavy,1610612741,0021401025,Jump Shot,1,0,Mid-Range
2200,Pau Gasol,1610612741,0021401025,Jump Shot,1,1,Mid-Range
2399,Mike Dunleavy,1610612741,0021401025,Layup Shot,1,1,Restricted Area
2399,Mike Dunleavy,1610612741,0021401025,Jump Shot,1,1,Mid-Range
2200,Pau Gasol,1610612741,0021401025,Hook Shot,1,0,In The Paint (Non-RA)
201166,Aaron Brooks,1610612741,0021401025,Running Jump Shot,1,0,Above the Break 3
2399,Mike Dunleavy,1610612741,0021401025,Jump Shot,1,0,Above the Break 3
201166,Aaron Brooks,1610612741,0021401025,Jump Shot,1,1,Above the Break 3
2399,Mike Dunleavy,1610612741,0021401025,Jump Shot,1,1,Above the Break 3
202703,Nikola Mirotic,1610612741,0021401025,Jump Shot,1,0,Mid-Range
202703,Nikola Mirotic,1610612741,0021401025,Jump Shot,1,1,Above the Break 3
201166,Aaron Brooks,1610612741,0021401025,Running Layup Shot,1,0,Restricted Area
202703,Nikola Mirotic,1610612741,0021401025,Jump Shot,1,0,Above the Break 3
2200,Pau Gasol,1610612741,0021401025,Layup Shot,1,1,Restricted Area
202703,Nikola Mirotic,1610612741,0021401025,Slam Dunk Shot,1,1,Restricted Area
202703,Nikola Mirotic,1610612741,0021401025,Jump Shot,1,0,Right Corner 3
202703,Nikola Mirotic,1610612741,0021401025,Jump Shot,1,0,Above the Break 3
201149,Joakim Noah,1610612741,0021401025,Layup Shot,1,1,Restricted Area
2399,Mike Dunleavy,1610612741,0021401025,Jump Shot,1,0,Above the Break 3
202703,Nikola Mirotic,1610612741,0021401025,Jump Shot,1,0,Mid-Range
2399,Mike Dunleavy,1610612741,0021401025,Tip Shot,1,0,Restricted Area
202703,Nikola Mirotic,1610612741,0021401025,Running Bank shot,1,1,In The Paint (Non-RA)
2550,Kirk Hinrich,1610612741,0021401025,Jump Shot,1,1,Mid-Range
202703,Nikola Mirotic,1610612741,0021401025,Running Layup Shot,1,1,Restricted Area
2399,Mike Dunleavy,1610612741,0021401025,Jump Shot,1,1,Above the Break 3
202703,Nikola Mirotic,1610612741,0021401025,Running Dunk Shot,1,1,Restricted Area
201149,Joakim Noah,1610612741,0021401025,Jump Shot,1,0,Mid-Range
201149,Joakim Noah,1610612741,0021401025,Driving Jump shot,1,1,In The Paint (Non-RA)
2550,Kirk Hinrich,1610612741,0021401025,Driving Layup Shot,1,1,Restricted Area
202703,Nikola Mirotic,1610612741,0021401025,Jump Shot,1,0,Left Corner 3
203926,Doug McDermott,1610612741,0021401025,Jump Shot,1,0,Above the Break 3
202734,E'Twaun Moore,1610612741,0021401025,Jump Shot,1,0,Mid-Range
203503,Tony Snell,1610612741,0021401033,Jump Shot,1,0,Mid-Range
2200,Pau Gasol,1610612741,0021401033,Jump Shot,1,0,In The Paint (Non-RA)
203503,Tony Snell,1610612741,0021401033,Floating Jump shot,1,1,Mid-Range
203503,Tony Snell,1610612741,0021401033,Driving Layup Shot,1,0,Restricted Area
201149,Joakim Noah,1610612741,0021401033,Layup Shot,1,0,Restricted Area
201166,Aaron Brooks,1610612741,0021401033,Jump Shot,1,0,Mid-Range
2399,Mike Dunleavy,1610612741,0021401033,Jump Shot,1,1,Mid-Range
2399,Mike Dunleavy,1610612741,0021401033,Driving Layup Shot,1,1,Restricted Area
2399,Mike Dunleavy,1610612741,0021401033,Jump Shot,1,0,Above the Break 3
2200,Pau Gasol,1610612741,0021401033,Jump Shot,1,1,Mid-Range
2200,Pau Gasol,1610612741,0021401033,Layup Shot,1,0,Restricted Area
201166,Aaron Brooks,1610612741,0021401033,Driving Layup Shot,1,1,Restricted Area
201166,Aaron Brooks,1610612741,0021401033,Layup Shot,1,0,Restricted Area
201149,Joakim Noah,1610612741,0021401033,Jump Shot,1,0,Mid-Range
2399,Mike Dunleavy,1610612741,0021401033,Jump Shot,1,0,Above the Break 3
201166,Aaron Brooks,1610612741,0021401033,Jump Shot,1,1,Above the Break 3
201959,Taj Gibson,1610612741,0021401033,Jump Shot,1,1,Mid-Range
201166,Aaron Brooks,1610612741,0021401033,Jump Shot,1,1,Above the Break 3
203503,Tony Snell,1610612741,0021401033,Jump Shot,1,0,Above the Break 3
2200,Pau Gasol,1610612741,0021401033,Jump Shot,1,0,In The Paint (Non-RA)
202703,Nikola Mirotic,1610612741,0021401033,Jump Shot,1,0,Above the Break 3
2200,Pau Gasol,1610612741,0021401033,Dunk Shot,1,1,Restricted Area
2550,Kirk Hinrich,1610612741,0021401033,Jump Shot,1,0,Mid-Range
2550,Kirk Hinrich,1610612741,0021401033,Driving Layup Shot,1,0,Restricted Area
202703,Nikola Mirotic,1610612741,0021401033,Jump Shot,1,0,In The Paint (Non-RA)
2550,Kirk Hinrich,1610612741,0021401033,Jump Shot,1,1,Above the Break 3
201959,Taj Gibson,1610612741,0021401033,Dunk Shot,1,1,Restricted Area
201959,Taj Gibson,1610612741,0021401033,Alley Oop Dunk Shot,1,1,Restricted Area
201959,Taj Gibson,1610612741,0021401033,Dunk Shot,1,1,Restricted Area
201149,Joakim Noah,1610612741,0021401033,Hook Shot,1,1,In The Paint (Non-RA)
202703,Nikola Mirotic,1610612741,0021401033,Jump Shot,1,0,Left Corner 3
202703,Nikola Mirotic,1610612741,0021401033,Jump Shot,1,1,Left Corner 3
201149,Joakim Noah,1610612741,0021401033,Layup Shot,1,1,Restricted Area
2399,Mike Dunleavy,1610612741,0021401033,Jump Shot,1,1,Mid-Range
201166,Aaron Brooks,1610612741,0021401033,Jump Shot,1,1,Above the Break 3
2200,Pau Gasol,1610612741,0021401033,Layup Shot,1,1,Restricted Area
202703,Nikola Mirotic,1610612741,0021401033,Jump Shot,1,0,Above the Break 3
2200,Pau Gasol,1610612741,0021401033,Jump Shot,1,1,Mid-Range
2200,Pau Gasol,1610612741,0021401033,Layup Shot,1,1,Restricted Area
201149,Joakim Noah,1610612741,0021401033,Layup Shot,1,1,Restricted Area
201166,Aaron Brooks,1610612741,0021401033,Driving Layup Shot,1,1,Restricted Area
2200,Pau Gasol,1610612741,0021401033,Hook Shot,1,1,In The Paint (Non-RA)
2200,Pau Gasol,1610612741,0021401033,Hook Shot,1,0,In The Paint (Non-RA)
2200,Pau Gasol,1610612741,0021401033,Jump Shot,1,1,Left Corner 3
203503,Tony Snell,1610612741,0021401033,Jump Shot,1,0,Right Corner 3
2200,Pau Gasol,1610612741,0021401033,Jump Shot,1,1,Mid-Range
201149,Joakim Noah,1610612741,0021401033,Layup Shot,1,0,Restricted Area
203503,Tony Snell,1610612741,0021401033,Jump Bank Shot,1,0,In The Paint (Non-RA)
2399,Mike Dunleavy,1610612741,0021401033,Jump Shot,1,0,Above the Break 3
201959,Taj Gibson,1610612741,0021401033,Jump Shot,1,0,In The Paint (Non-RA)
2200,Pau Gasol,1610612741,0021401033,Fadeaway Jump Shot,1,1,Mid-Range
203503,Tony Snell,1610612741,0021401033,Jump Shot,1,0,Mid-Range
2550,Kirk Hinrich,1610612741,0021401033,Jump Shot,1,0,Mid-Range
203503,Tony Snell,1610612741,0021401033,Jump Shot,1,0,Left Corner 3
202703,Nikola Mirotic,1610612741,0021401033,Jump Shot,1,0,In The Paint (Non-RA)
201166,Aaron Brooks,1610612741,0021401033,Driving Layup Shot,1,1,Restricted Area
201166,Aaron Brooks,1610612741,0021401033,Layup Shot,1,0,Restricted Area
2550,Kirk Hinrich,1610612741,0021401033,Floating Jump shot,1,1,In The Paint (Non-RA)
201149,Joakim Noah,1610612741,0021401033,Layup Shot,1,0,Restricted Area
201166,Aaron Brooks,1610612741,0021401033,Jump Shot,1,0,Above the Break 3
2550,Kirk Hinrich,1610612741,0021401033,Jump Shot,1,0,Above the Break 3
202703,Nikola Mirotic,1610612741,0021401033,Jump Shot,1,0,Right Corner 3
201149,Joakim Noah,1610612741,0021401033,Layup Shot,1,0,Restricted Area
202703,Nikola Mirotic,1610612741,0021401033,Layup Shot,1,0,Restricted Area
201166,Aaron Brooks,1610612741,0021401033,Jump Shot,1,0,Above the Break 3
201166,Aaron Brooks,1610612741,0021401033,Driving Layup Shot,1,0,Restricted Area
2399,Mike Dunleavy,1610612741,0021401033,Jump Shot,1,0,Above the Break 3
2200,Pau Gasol,1610612741,0021401033,Jump Shot,1,0,Mid-Range
2200,Pau Gasol,1610612741,0021401033,Jump Shot,1,0,Mid-Range
2399,Mike Dunleavy,1610612741,0021401033,Jump Shot,1,0,In The Paint (Non-RA)
2399,Mike Dunleavy,1610612741,0021401033,Jump Shot,1,0,Above the Break 3
2399,Mike Dunleavy,1610612741,0021401033,Hook Shot,1,0,In The Paint (Non-RA)
2200,Pau Gasol,1610612741,0021401033,Jump Shot,1,1,Mid-Range
201959,Taj Gibson,1610612741,0021401033,Layup Shot,1,1,Restricted Area
201959,Taj Gibson,1610612741,0021401033,Jump Shot,1,0,In The Paint (Non-RA)
201959,Taj Gibson,1610612741,0021401033,Dunk Shot,1,1,Restricted Area
202734,E'Twaun Moore,1610612741,0021401033,Driving Reverse Layup Shot,1,1,Restricted Area
201166,Aaron Brooks,1610612741,0021401051,Jump Shot,1,1,In The Paint (Non-RA)
202710,Jimmy Butler III,1610612741,0021401051,Running Layup Shot,1,0,Restricted Area
2200,Pau Gasol,1610612741,0021401051,Jump Shot,1,1,Mid-Range
2200,Pau Gasol,1610612741,0021401051,Jump Shot,1,0,Mid-Range
201959,Taj Gibson,1610612741,0021401051,Jump Shot,1,0,Mid-Range
201166,Aaron Brooks,1610612741,0021401051,Layup Shot,1,0,Restricted Area
202710,Jimmy Butler III,1610612741,0021401051,Jump Shot,1,0,Mid-Range
2200,Pau Gasol,1610612741,0021401051,Jump Shot,1,1,Mid-Range
2200,Pau Gasol,1610612741,0021401051,Jump Shot,1,1,Mid-Range
2399,Mike Dunleavy,1610612741,0021401051,Jump Shot,1,0,Above the Break 3
2200,Pau Gasol,1610612741,0021401051,Jump Shot,1,1,Mid-Range
2399,Mike Dunleavy,1610612741,0021401051,Layup Shot,1,1,Restricted Area
2200,Pau Gasol,1610612741,0021401051,Jump Shot,1,0,Mid-Range
202710,Jimmy Butler III,1610612741,0021401051,Jump Shot,1,0,Above the Break 3
2399,Mike Dunleavy,1610612741,0021401051,Layup Shot,1,0,Restricted Area
202710,Jimmy Butler III,1610612741,0021401051,Driving Layup Shot,1,1,Restricted Area
2200,Pau Gasol,1610612741,0021401051,Running Hook Shot,1,0,Restricted Area
202703,Nikola Mirotic,1610612741,0021401051,Layup Shot,1,0,Restricted Area
2200,Pau Gasol,1610612741,0021401051,Layup Shot,1,1,Restricted Area
201166,Aaron Brooks,1610612741,0021401051,Layup Shot,1,1,Restricted Area
2200,Pau Gasol,1610612741,0021401051,Jump Shot,1,1,In The Paint (Non-RA)
202703,Nikola Mirotic,1610612741,0021401051,Jump Shot,1,1,Mid-Range
201166,Aaron Brooks,1610612741,0021401051,Running Jump Shot,1,0,In The Paint (Non-RA)
202703,Nikola Mirotic,1610612741,0021401051,Jump Shot,1,0,Above the Break 3
202703,Nikola Mirotic,1610612741,0021401051,Jump Shot,1,0,Above the Break 3
201959,Taj Gibson,1610612741,0021401051,Hook Shot,1,0,In The Paint (Non-RA)
202710,Jimmy Butler III,1610612741,0021401051,Jump Shot,1,0,Mid-Range
202703,Nikola Mirotic,1610612741,0021401051,Layup Shot,1,1,Restricted Area
2550,Kirk Hinrich,1610612741,0021401051,Jump Shot,1,1,Above the Break 3
202710,Jimmy Butler III,1610612741,0021401051,Layup Shot,1,0,Restricted Area
202710,Jimmy Butler III,1610612741,0021401051,Layup Shot,1,0,Restricted Area
202703,Nikola Mirotic,1610612741,0021401051,Jump Shot,1,0,In The Paint (Non-RA)
201959,Taj Gibson,1610612741,0021401051,Driving Layup Shot,1,0,Restricted Area
202710,Jimmy Butler III,1610612741,0021401051,Putback Layup Shot,1,1,Restricted Area
202703,Nikola Mirotic,1610612741,0021401051,Jump Shot,1,1,Mid-Range
202703,Nikola Mirotic,1610612741,0021401051,Jump Shot,1,0,Mid-Range
202710,Jimmy Butler III,1610612741,0021401051,Jump Shot,1,0,Above the Break 3
202710,Jimmy Butler III,1610612741,0021401051,Alley Oop Layup shot,1,0,Restricted Area
202710,Jimmy Butler III,1610612741,0021401051,Layup Shot,1,1,Restricted Area
2200,Pau Gasol,1610612741,0021401051,Jump Shot,1,0,Mid-Range
202710,Jimmy Butler III,1610612741,0021401051,Running Reverse Layup Shot,1,1,Restricted Area
201166,Aaron Brooks,1610612741,0021401051,Jump Shot,1,0,Above the Break 3
202703,Nikola Mirotic,1610612741,0021401051,Jump Shot,1,1,Mid-Range
203503,Tony Snell,1610612741,0021401051,Jump Shot,1,0,Left Corner 3
202710,Jimmy Butler III,1610612741,0021401051,Layup Shot,1,0,Restricted Area
201959,Taj Gibson,1610612741,0021401051,Jump Shot,1,1,Mid-Range
2200,Pau Gasol,1610612741,0021401051,Jump Shot,1,1,Mid-Range
202710,Jimmy Butler III,1610612741,0021401051,Running Layup Shot,1,0,Restricted Area
2200,Pau Gasol,1610612741,0021401051,Jump Shot,1,0,Mid-Range
2200,Pau Gasol,1610612741,0021401051,Jump Shot,1,1,Mid-Range
201166,Aaron Brooks,1610612741,0021401051,Jump Shot,1,1,Mid-Range
201166,Aaron Brooks,1610612741,0021401051,Jump Shot,1,0,Above the Break 3
2200,Pau Gasol,1610612741,0021401051,Reverse Dunk Shot,1,1,Restricted Area
201166,Aaron Brooks,1610612741,0021401051,Floating Jump shot,1,1,Mid-Range
201166,Aaron Brooks,1610612741,0021401051,Layup Shot,1,1,Restricted Area
2200,Pau Gasol,1610612741,0021401051,Jump Shot,1,0,Mid-Range
201166,Aaron Brooks,1610612741,0021401051,Driving Layup Shot,1,1,Restricted Area
2200,Pau Gasol,1610612741,0021401051,Hook Shot,1,0,In The Paint (Non-RA)
2200,Pau Gasol,1610612741,0021401051,Jump Shot,1,1,In The Paint (Non-RA)
2399,Mike Dunleavy,1610612741,0021401051,Jump Shot,1,0,Above the Break 3
202703,Nikola Mirotic,1610612741,0021401051,Jump Shot,1,0,Mid-Range
2200,Pau Gasol,1610612741,0021401051,Jump Shot,1,1,Right Corner 3
202703,Nikola Mirotic,1610612741,0021401051,Jump Shot,1,0,Above the Break 3
201959,Taj Gibson,1610612741,0021401051,Jump Shot,1,0,Mid-Range
202710,Jimmy Butler III,1610612741,0021401051,Jump Shot,1,0,Mid-Range
202703,Nikola Mirotic,1610612741,0021401051,Layup Shot,1,1,Restricted Area
202710,Jimmy Butler III,1610612741,0021401051,Jump Shot,1,0,In The Paint (Non-RA)
2550,Kirk Hinrich,1610612741,0021401051,Running Layup Shot,1,1,Restricted Area
202703,Nikola Mirotic,1610612741,0021401051,Running Layup Shot,1,1,Restricted Area
202703,Nikola Mirotic,1610612741,0021401051,Jump Shot,1,1,Mid-Range
2550,Kirk Hinrich,1610612741,0021401051,Jump Shot,1,0,Mid-Range
202710,Jimmy Butler III,1610612741,0021401051,Layup Shot,1,0,Restricted Area
202710,Jimmy Butler III,1610612741,0021401051,Putback Layup Shot,1,1,Restricted Area
202703,Nikola Mirotic,1610612741,0021401051,Jump Shot,1,0,Left Corner 3
202710,Jimmy Butler III,1610612741,0021401051,Jump Shot,1,1,Mid-Range
202710,Jimmy Butler III,1610612741,0021401051,Jump Shot,1,0,Mid-Range
2550,Kirk Hinrich,1610612741,0021401051,Jump Shot,1,0,Above the Break 3
2200,Pau Gasol,1610612741,0021401051,Layup Shot,1,0,Restricted Area
202703,Nikola Mirotic,1610612741,0021401051,Jump Shot,1,1,Above the Break 3
202703,Nikola Mirotic,1610612741,0021401051,Jump Shot,1,0,Left Corner 3
202703,Nikola Mirotic,1610612741,0021401051,Putback Slam Dunk Shot,1,1,Restricted Area
202703,Nikola Mirotic,1610612741,0021401051,Driving Layup Shot,1,1,Restricted Area
201166,Aaron Brooks,1610612741,0021401065,Jump Shot,1,0,Mid-Range
202710,Jimmy Butler III,1610612741,0021401065,Pullup Jump shot,1,1,Mid-Range
2200,Pau Gasol,1610612741,0021401065,Driving Reverse Layup Shot,1,0,Restricted Area
2200,Pau Gasol,1610612741,0021401065,Layup Shot,1,1,Restricted Area
2200,Pau Gasol,1610612741,0021401065,Jump Shot,1,1,Mid-Range
2200,Pau Gasol,1610612741,0021401065,Jump Shot,1,0,Mid-Range
2200,Pau Gasol,1610612741,0021401065,Jump Shot,1,0,Mid-Range
2399,Mike Dunleavy,1610612741,0021401065,Running Reverse Layup Shot,1,0,Restricted Area
201166,Aaron Brooks,1610612741,0021401065,Jump Shot,1,0,Above the Break 3
2200,Pau Gasol,1610612741,0021401065,Pullup Jump shot,1,0,In The Paint (Non-RA)
202710,Jimmy Butler III,1610612741,0021401065,Jump Shot,1,0,Above the Break 3
202710,Jimmy Butler III,1610612741,0021401065,Turnaround Fadeaway shot,1,1,Mid-Range
2200,Pau Gasol,1610612741,0021401065,Jump Shot,1,0,Mid-Range
2200,Pau Gasol,1610612741,0021401065,Turnaround Fadeaway shot,1,1,In The Paint (Non-RA)
202703,Nikola Mirotic,1610612741,0021401065,Fadeaway Jump Shot,1,1,Mid-Range
202703,Nikola Mirotic,1610612741,0021401065,Jump Bank Shot,1,1,Mid-Range
2200,Pau Gasol,1610612741,0021401065,Jump Hook Shot,1,1,In The Paint (Non-RA)
201149,Joakim Noah,1610612741,0021401065,Driving Layup Shot,1,1,Restricted Area
2550,Kirk Hinrich,1610612741,0021401065,Jump Shot,1,1,Right Corner 3
203503,Tony Snell,1610612741,0021401065,Jump Shot,1,1,Above the Break 3
203503,Tony Snell,1610612741,0021401065,Jump Shot,1,1,Mid-Range
202703,Nikola Mirotic,1610612741,0021401065,Jump Shot,1,0,Above the Break 3
202703,Nikola Mirotic,1610612741,0021401065,Driving Jump shot,1,1,Mid-Range
2550,Kirk Hinrich,1610612741,0021401065,Jump Shot,1,0,Mid-Range
203503,Tony Snell,1610612741,0021401065,Jump Shot,1,0,Above the Break 3
202703,Nikola Mirotic,1610612741,0021401065,Turnaround Fadeaway shot,1,1,Mid-Range
201166,Aaron Brooks,1610612741,0021401065,Jump Shot,1,1,Above the Break 3
202703,Nikola Mirotic,1610612741,0021401065,Jump Shot,1,0,Mid-Range
202710,Jimmy Butler III,1610612741,0021401065,Turnaround Fadeaway shot,1,1,Mid-Range
202710,Jimmy Butler III,1610612741,0021401065,Driving Dunk Shot,1,1,Restricted Area
201166,Aaron Brooks,1610612741,0021401065,Jump Shot,1,1,Above the Break 3
201166,Aaron Brooks,1610612741,0021401065,Jump Shot,1,0,Above the Break 3
2200,Pau Gasol,1610612741,0021401065,Turnaround Bank Hook Shot,1,1,In The Paint (Non-RA)
202703,Nikola Mirotic,1610612741,0021401065,Jump Shot,1,0,Above the Break 3
202703,Nikola Mirotic,1610612741,0021401065,Jump Shot,1,0,Right Corner 3
202703,Nikola Mirotic,1610612741,0021401065,Jump Shot,1,0,Restricted Area
2399,Mike Dunleavy,1610612741,0021401065,Jump Shot,1,1,Above the Break 3
201166,Aaron Brooks,1610612741,0021401065,Pullup Jump shot,1,1,Mid-Range
201166,Aaron Brooks,1610612741,0021401065,Driving Hook Shot,1,0,In The Paint (Non-RA)
2399,Mike Dunleavy,1610612741,0021401065,Pullup Jump shot,1,1,Mid-Range
2399,Mike Dunleavy,1610612741,0021401065,Jump Shot,1,1,Mid-Range
201166,Aaron Brooks,1610612741,0021401065,Fadeaway Bank shot,1,0,Mid-Range
2200,Pau Gasol,1610612741,0021401065,Turnaround Jump Shot,1,1,In The Paint (Non-RA)
2200,Pau Gasol,1610612741,0021401065,Jump Shot,1,0,Mid-Range
201166,Aaron Brooks,1610612741,0021401065,Pullup Jump shot,1,0,Above the Break 3
2200,Pau Gasol,1610612741,0021401065,Driving Jump shot,1,0,In The Paint (Non-RA)
2399,Mike Dunleavy,1610612741,0021401065,Jump Shot,1,1,Mid-Range
201149,Joakim Noah,1610612741,0021401065,Running Bank shot,1,1,In The Paint (Non-RA)
202710,Jimmy Butler III,1610612741,0021401065,Jump Shot,1,1,Above the Break 3
201959,Taj Gibson,1610612741,0021401065,Dunk Shot,1,1,Restricted Area
2200,Pau Gasol,1610612741,0021401065,Driving Hook Shot,1,0,In The Paint (Non-RA)
202710,Jimmy Butler III,1610612741,0021401065,Jump Shot,1,1,Left Corner 3
2200,Pau Gasol,1610612741,0021401065,Jump Shot,1,0,Right Corner 3
203503,Tony Snell,1610612741,0021401065,Jump Shot,1,1,Above the Break 3
201149,Joakim Noah,1610612741,0021401065,Layup Shot,1,1,Restricted Area
2550,Kirk Hinrich,1610612741,0021401065,Running Bank shot,1,0,In The Paint (Non-RA)
201149,Joakim Noah,1610612741,0021401065,Reverse Layup Shot,1,1,Restricted Area
2550,Kirk Hinrich,1610612741,0021401065,Jump Shot,1,1,Mid-Range
203503,Tony Snell,1610612741,0021401065,Driving Jump shot,1,1,Restricted Area
203503,Tony Snell,1610612741,0021401065,Jump Shot,1,0,Above the Break 3
203503,Tony Snell,1610612741,0021401065,Jump Shot,1,1,Mid-Range
203503,Tony Snell,1610612741,0021401065,Jump Shot,1,1,Above the Break 3
201166,Aaron Brooks,1610612741,0021401065,Driving Layup Shot,1,1,Restricted Area
2550,Kirk Hinrich,1610612741,0021401065,Jump Shot,1,1,Mid-Range
202703,Nikola Mirotic,1610612741,0021401065,Driving Reverse Layup Shot,1,1,Restricted Area
201166,Aaron Brooks,1610612741,0021401065,Driving Finger Roll Layup Shot,1,0,Restricted Area
2200,Pau Gasol,1610612741,0021401065,Layup Shot,1,1,Restricted Area
201166,Aaron Brooks,1610612741,0021401065,Jump Shot,1,1,Above the Break 3
2200,Pau Gasol,1610612741,0021401065,Jump Shot,1,0,Mid-Range
202703,Nikola Mirotic,1610612741,0021401065,Jump Shot,1,1,Right Corner 3
202710,Jimmy Butler III,1610612741,0021401065,Jump Shot,1,1,Mid-Range
201166,Aaron Brooks,1610612741,0021401065,Pullup Jump shot,1,1,Above the Break 3
201166,Aaron Brooks,1610612741,0021401065,Jump Bank Shot,1,0,Above the Break 3
203503,Tony Snell,1610612741,0021401065,Floating Jump shot,1,1,Restricted Area
201166,Aaron Brooks,1610612741,0021401088,Running Jump Shot,1,1,In The Paint (Non-RA)
2200,Pau Gasol,1610612741,0021401088,Layup Shot,1,1,Restricted Area
201149,Joakim Noah,1610612741,0021401088,Jump Shot,1,0,In The Paint (Non-RA)
2200,Pau Gasol,1610612741,0021401088,Turnaround Jump Shot,1,1,Mid-Range
202710,Jimmy Butler III,1610612741,0021401088,Finger Roll Layup Shot,1,1,Restricted Area
201166,Aaron Brooks,1610612741,0021401088,Jump Shot,1,1,Above the Break 3
201149,Joakim Noah,1610612741,0021401088,Driving Dunk Shot,1,0,Restricted Area
201149,Joakim Noah,1610612741,0021401088,Layup Shot,1,1,Restricted Area
2200,Pau Gasol,1610612741,0021401088,Running Hook Shot,1,1,In The Paint (Non-RA)
202710,Jimmy Butler III,1610612741,0021401088,Fadeaway Jump Shot,1,1,Mid-Range
2399,Mike Dunleavy,1610612741,0021401088,Jump Shot,1,0,Left Corner 3
201166,Aaron Brooks,1610612741,0021401088,Jump Shot,1,0,Above the Break 3
2200,Pau Gasol,1610612741,0021401088,Jump Shot,1,0,Mid-Range
2399,Mike Dunleavy,1610612741,0021401088,Running Jump Shot,1,0,In The Paint (Non-RA)
2200,Pau Gasol,1610612741,0021401088,Tip Shot,1,0,Restricted Area
2200,Pau Gasol,1610612741,0021401088,Layup Shot,1,1,Restricted Area
2200,Pau Gasol,1610612741,0021401088,Jump Shot,1,1,Mid-Range
2399,Mike Dunleavy,1610612741,0021401088,Jump Shot,1,1,Mid-Range
2550,Kirk Hinrich,1610612741,0021401088,Jump Shot,1,0,Right Corner 3
201959,Taj Gibson,1610612741,0021401088,Tip Shot,1,1,Restricted Area
202703,Nikola Mirotic,1610612741,0021401088,Jump Shot,1,0,Right Corner 3
202703,Nikola Mirotic,1610612741,0021401088,Jump Shot,1,1,Left Corner 3
203503,Tony Snell,1610612741,0021401088,Jump Shot,1,0,Above the Break 3
203503,Tony Snell,1610612741,0021401088,Jump Shot,1,0,Above the Break 3
201149,Joakim Noah,1610612741,0021401088,Driving Reverse Layup Shot,1,0,Restricted Area
202703,Nikola Mirotic,1610612741,0021401088,Running Hook Shot,1,1,In The Paint (Non-RA)
202703,Nikola Mirotic,1610612741,0021401088,Driving Layup Shot,1,0,Restricted Area
203503,Tony Snell,1610612741,0021401088,Driving Reverse Layup Shot,1,1,Restricted Area
202703,Nikola Mirotic,1610612741,0021401088,Jump Shot,1,0,Above the Break 3
201149,Joakim Noah,1610612741,0021401088,Tip Shot,1,0,Restricted Area
202703,Nikola Mirotic,1610612741,0021401088,Jump Shot,1,1,Above the Break 3
201166,Aaron Brooks,1610612741,0021401088,Driving Layup Shot,1,1,Restricted Area
201149,Joakim Noah,1610612741,0021401088,Running Hook Shot,1,1,Restricted Area
201166,Aaron Brooks,1610612741,0021401088,Floating Jump shot,1,0,Mid-Range
202703,Nikola Mirotic,1610612741,0021401088,Jump Shot,1,1,Above the Break 3
202710,Jimmy Butler III,1610612741,0021401088,Driving Reverse Layup Shot,1,1,Restricted Area
2200,Pau Gasol,1610612741,0021401088,Jump Shot,1,0,Mid-Range
202703,Nikola Mirotic,1610612741,0021401088,Jump Shot,1,0,Above the Break 3
202710,Jimmy Butler III,1610612741,0021401088,Layup Shot,1,1,Restricted Area
2200,Pau Gasol,1610612741,0021401088,Turnaround Hook Shot,1,0,In The Paint (Non-RA)
201166,Aaron Brooks,1610612741,0021401088,Layup Shot,1,0,Restricted Area
202703,Nikola Mirotic,1610612741,0021401088,Tip Shot,1,0,Restricted Area
201166,Aaron Brooks,1610612741,0021401088,Jump Shot,1,1,Right Corner 3
202710,Jimmy Butler III,1610612741,0021401088,Jump Shot,1,0,Mid-Range
202703,Nikola Mirotic,1610612741,0021401088,Jump Shot,1,0,Above the Break 3
202710,Jimmy Butler III,1610612741,0021401088,Alley Oop Dunk Shot,1,0,Restricted Area
2200,Pau Gasol,1610612741,0021401088,Jump Shot,1,0,Above the Break 3
2399,Mike Dunleavy,1610612741,0021401088,Jump Shot,1,1,Above the Break 3
2200,Pau Gasol,1610612741,0021401088,Running Hook Shot,1,0,In The Paint (Non-RA)
201166,Aaron Brooks,1610612741,0021401088,Pullup Jump shot,1,1,In The Paint (Non-RA)
2399,Mike Dunleavy,1610612741,0021401088,Jump Shot,1,0,Restricted Area
2399,Mike Dunleavy,1610612741,0021401088,Layup Shot,1,1,Restricted Area
202710,Jimmy Butler III,1610612741,0021401088,Layup Shot,1,1,Restricted Area
2399,Mike Dunleavy,1610612741,0021401088,Jump Shot,1,0,Mid-Range
201149,Joakim Noah,1610612741,0021401088,Dunk Shot,1,1,Restricted Area
202710,Jimmy Butler III,1610612741,0021401088,Driving Layup Shot,1,0,Restricted Area
2399,Mike Dunleavy,1610612741,0021401088,Running Jump Shot,1,0,Mid-Range
201166,Aaron Brooks,1610612741,0021401088,Driving Layup Shot,1,0,Restricted Area
2200,Pau Gasol,1610612741,0021401088,Running Hook Shot,1,1,In The Paint (Non-RA)
202710,Jimmy Butler III,1610612741,0021401088,Jump Shot,1,0,In The Paint (Non-RA)
201959,Taj Gibson,1610612741,0021401088,Hook Shot,1,0,Restricted Area
2200,Pau Gasol,1610612741,0021401088,Jump Shot,1,1,Mid-Range
2200,Pau Gasol,1610612741,0021401088,Jump Shot,1,1,Mid-Range
201959,Taj Gibson,1610612741,0021401088,Alley Oop Dunk Shot,1,1,Restricted Area
2200,Pau Gasol,1610612741,0021401088,Jump Shot,1,0,In The Paint (Non-RA)
201959,Taj Gibson,1610612741,0021401088,Driving Reverse Layup Shot,1,1,Restricted Area
202703,Nikola Mirotic,1610612741,0021401088,Jump Shot,1,1,Mid-Range
202703,Nikola Mirotic,1610612741,0021401088,Dunk Shot,1,1,Restricted Area
2399,Mike Dunleavy,1610612741,0021401088,Driving Layup Shot,1,1,Restricted Area
203503,Tony Snell,1610612741,0021401088,Layup Shot,1,0,Restricted Area
203503,Tony Snell,1610612741,0021401088,Layup Shot,1,0,Restricted Area
2550,Kirk Hinrich,1610612741,0021401088,Jump Shot,1,0,Above the Break 3
201959,Taj Gibson,1610612741,0021401088,Dunk Shot,1,1,Restricted Area
202703,Nikola Mirotic,1610612741,0021401088,Jump Shot,1,0,Mid-Range
202703,Nikola Mirotic,1610612741,0021401088,Layup Shot,1,1,Restricted Area
201959,Taj Gibson,1610612741,0021401088,Jump Shot,1,1,Mid-Range
202734,E'Twaun Moore,1610612741,0021401088,Jump Shot,1,1,Mid-Range
202703,Nikola Mirotic,1610612741,0021401088,Jump Shot,1,1,Mid-Range
201959,Taj Gibson,1610612741,0021401088,Jump Shot,1,0,Restricted Area
203503,Tony Snell,1610612741,0021401088,Jump Shot,1,1,Mid-Range
203503,Tony Snell,1610612741,0021401088,Jump Shot,1,1,Mid-Range
1737,Nazr Mohammed,1610612741,0021401088,Driving Reverse Layup Shot,1,0,Restricted Area
1737,Nazr Mohammed,1610612741,0021401088,Tip Shot,1,1,Restricted Area
202734,E'Twaun Moore,1610612741,0021401088,Driving Layup Shot,1,0,Restricted Area
2200,Pau Gasol,1610612741,0021401118,Jump Shot,1,0,In The Paint (Non-RA)
202710,Jimmy Butler III,1610612741,0021401118,Jump Shot,1,0,Right Corner 3
2200,Pau Gasol,1610612741,0021401118,Layup Shot,1,1,Restricted Area
201166,Aaron Brooks,1610612741,0021401118,Driving Layup Shot,1,1,Restricted Area
2200,Pau Gasol,1610612741,0021401118,Jump Shot,1,0,Above the Break 3
201166,Aaron Brooks,1610612741,0021401118,Jump Shot,1,0,Above the Break 3
2399,Mike Dunleavy,1610612741,0021401118,Layup Shot,1,1,Restricted Area
202710,Jimmy Butler III,1610612741,0021401118,Jump Shot,1,1,Above the Break 3
202710,Jimmy Butler III,1610612741,0021401118,Jump Shot,1,0,Mid-Range
2200,Pau Gasol,1610612741,0021401118,Running Layup Shot,1,1,Restricted Area
202710,Jimmy Butler III,1610612741,0021401118,Jump Shot,1,0,In The Paint (Non-RA)
201166,Aaron Brooks,1610612741,0021401118,Jump Shot,1,1,Above the Break 3
2399,Mike Dunleavy,1610612741,0021401118,Jump Shot,1,0,Above the Break 3
201959,Taj Gibson,1610612741,0021401118,Layup Shot,1,1,Restricted Area
201959,Taj Gibson,1610612741,0021401118,Layup Shot,1,1,Restricted Area
2550,Kirk Hinrich,1610612741,0021401118,Jump Shot,1,0,Left Corner 3
201959,Taj Gibson,1610612741,0021401118,Alley Oop Dunk Shot,1,1,Restricted Area
2550,Kirk Hinrich,1610612741,0021401118,Jump Shot,1,1,Above the Break 3
202703,Nikola Mirotic,1610612741,0021401118,Jump Shot,1,0,Above the Break 3
2200,Pau Gasol,1610612741,0021401118,Layup Shot,1,0,Restricted Area
201959,Taj Gibson,1610612741,0021401118,Layup Shot,1,1,Restricted Area
202703,Nikola Mirotic,1610612741,0021401118,Driving Layup Shot,1,1,Restricted Area
202710,Jimmy Butler III,1610612741,0021401118,Jump Shot,1,0,Mid-Range
202710,Jimmy Butler III,1610612741,0021401118,Jump Shot,1,0,Right Corner 3
2550,Kirk Hinrich,1610612741,0021401118,Jump Shot,1,0,Mid-Range
202703,Nikola Mirotic,1610612741,0021401118,Fadeaway Jump Shot,1,0,Mid-Range
201166,Aaron Brooks,1610612741,0021401118,Jump Shot,1,0,Mid-Range
201166,Aaron Brooks,1610612741,0021401118,Jump Shot,1,0,Above the Break 3
2200,Pau Gasol,1610612741,0021401118,Jump Shot,1,0,In The Paint (Non-RA)
202710,Jimmy Butler III,1610612741,0021401118,Alley Oop Layup shot,1,1,Restricted Area
2200,Pau Gasol,1610612741,0021401118,Jump Shot,1,1,Mid-Range
202710,Jimmy Butler III,1610612741,0021401118,Layup Shot,1,0,Restricted Area
202710,Jimmy Butler III,1610612741,0021401118,Layup Shot,1,1,Restricted Area
202710,Jimmy Butler III,1610612741,0021401118,Reverse Layup Shot,1,1,Restricted Area
2399,Mike Dunleavy,1610612741,0021401118,Jump Shot,1,0,Left Corner 3
201166,Aaron Brooks,1610612741,0021401118,Jump Shot,1,0,Above the Break 3
201166,Aaron Brooks,1610612741,0021401118,Layup Shot,1,0,Restricted Area
202710,Jimmy Butler III,1610612741,0021401118,Jump Shot,1,0,In The Paint (Non-RA)
2399,Mike Dunleavy,1610612741,0021401118,Jump Shot,1,1,Above the Break 3
202710,Jimmy Butler III,1610612741,0021401118,Jump Shot,1,0,Mid-Range
2399,Mike Dunleavy,1610612741,0021401118,Jump Shot,1,1,Mid-Range
2200,Pau Gasol,1610612741,0021401118,Jump Shot,1,0,Mid-Range
201149,Joakim Noah,1610612741,0021401118,Layup Shot,1,0,Restricted Area
201149,Joakim Noah,1610612741,0021401118,Running Layup Shot,1,1,Restricted Area
202710,Jimmy Butler III,1610612741,0021401118,Jump Shot,1,1,Mid-Range
201959,Taj Gibson,1610612741,0021401118,Jump Shot,1,1,Mid-Range
202710,Jimmy Butler III,1610612741,0021401118,Jump Shot,1,0,Mid-Range
2399,Mike Dunleavy,1610612741,0021401118,Layup Shot,1,0,Restricted Area
2200,Pau Gasol,1610612741,0021401118,Layup Shot,1,1,Restricted Area
201166,Aaron Brooks,1610612741,0021401118,Jump Shot,1,1,Above the Break 3
2200,Pau Gasol,1610612741,0021401118,Jump Shot,1,1,Mid-Range
202703,Nikola Mirotic,1610612741,0021401118,Layup Shot,1,0,Restricted Area
202703,Nikola Mirotic,1610612741,0021401118,Jump Shot,1,1,Mid-Range
2200,Pau Gasol,1610612741,0021401118,Jump Shot,1,0,Mid-Range
201166,Aaron Brooks,1610612741,0021401118,Layup Shot,1,0,Restricted Area
201959,Taj Gibson,1610612741,0021401118,Jump Shot,1,0,Mid-Range
201166,Aaron Brooks,1610612741,0021401118,Jump Shot,1,0,Above the Break 3
203503,Tony Snell,1610612741,0021401118,Jump Shot,1,0,Above the Break 3
202703,Nikola Mirotic,1610612741,0021401118,Jump Shot,1,0,Left Corner 3
202710,Jimmy Butler III,1610612741,0021401118,Layup Shot,1,1,Restricted Area
202734,E'Twaun Moore,1610612741,0021401118,Jump Shot,1,0,Left Corner 3
202734,E'Twaun Moore,1610612741,0021401118,Jump Shot,1,0,Above the Break 3
202703,Nikola Mirotic,1610612741,0021401118,Jump Shot,1,0,Above the Break 3
202734,E'Twaun Moore,1610612741,0021401118,Jump Shot,1,0,Above the Break 3
202703,Nikola Mirotic,1610612741,0021401118,Layup Shot,1,1,Restricted Area
202710,Jimmy Butler III,1610612741,0021401118,Fadeaway Jump Shot,1,1,Mid-Range
202710,Jimmy Butler III,1610612741,0021401118,Layup Shot,1,1,Restricted Area
201166,Aaron Brooks,1610612741,0021401118,Driving Layup Shot,1,1,Restricted Area
202734,E'Twaun Moore,1610612741,0021401118,Layup Shot,1,1,Restricted Area
202734,E'Twaun Moore,1610612741,0021401118,Layup Shot,1,0,Restricted Area
202703,Nikola Mirotic,1610612741,0021401118,Jump Shot,1,0,Above the Break 3
2399,Mike Dunleavy,1610612741,0021401118,Jump Shot,1,0,Right Corner 3
202703,Nikola Mirotic,1610612741,0021401118,Jump Shot,1,0,Left Corner 3
202710,Jimmy Butler III,1610612741,0021401118,Jump Shot,1,0,Right Corner 3
201166,Aaron Brooks,1610612741,0021401131,Jump Shot,1,0,Above the Break 3
2200,Pau Gasol,1610612741,0021401131,Turnaround Jump Shot,1,1,Restricted Area
201149,Joakim Noah,1610612741,0021401131,Running Layup Shot,1,0,Restricted Area
2200,Pau Gasol,1610612741,0021401131,Tip Shot,1,1,Restricted Area
2399,Mike Dunleavy,1610612741,0021401131,Jump Shot,1,1,Above the Break 3
202710,Jimmy Butler III,1610612741,0021401131,Turnaround Fadeaway shot,1,0,Mid-Range
201149,Joakim Noah,1610612741,0021401131,Putback Layup Shot,1,1,Restricted Area
202710,Jimmy Butler III,1610612741,0021401131,Jump Shot,1,1,Above the Break 3
202710,Jimmy Butler III,1610612741,0021401131,Jump Bank Shot,1,1,In The Paint (Non-RA)
202710,Jimmy Butler III,1610612741,0021401131,Jump Shot,1,0,In The Paint (Non-RA)
201166,Aaron Brooks,1610612741,0021401131,Jump Shot,1,0,Above the Break 3
2200,Pau Gasol,1610612741,0021401131,Jump Shot,1,0,In The Paint (Non-RA)
202710,Jimmy Butler III,1610612741,0021401131,Running Layup Shot,1,0,Restricted Area
2200,Pau Gasol,1610612741,0021401131,Layup Shot,1,1,Restricted Area
2200,Pau Gasol,1610612741,0021401131,Running Layup Shot,1,0,Restricted Area
2200,Pau Gasol,1610612741,0021401131,Putback Layup Shot,1,0,Restricted Area
201166,Aaron Brooks,1610612741,0021401131,Layup Shot,1,0,Restricted Area
203503,Tony Snell,1610612741,0021401131,Jump Shot,1,0,Right Corner 3
2399,Mike Dunleavy,1610612741,0021401131,Jump Shot,1,1,Mid-Range
2200,Pau Gasol,1610612741,0021401131,Driving Layup Shot,1,1,Restricted Area
2200,Pau Gasol,1610612741,0021401131,Jump Shot,1,0,In The Paint (Non-RA)
2399,Mike Dunleavy,1610612741,0021401131,Jump Shot,1,0,Above the Break 3
201959,Taj Gibson,1610612741,0021401131,Layup Shot,1,0,Restricted Area
201959,Taj Gibson,1610612741,0021401131,Layup Shot,1,0,Restricted Area
202734,E'Twaun Moore,1610612741,0021401131,Jump Shot,1,0,In The Paint (Non-RA)
201959,Taj Gibson,1610612741,0021401131,Layup Shot,1,0,Restricted Area
201959,Taj Gibson,1610612741,0021401131,Jump Shot,1,0,In The Paint (Non-RA)
201149,Joakim Noah,1610612741,0021401131,Tip Shot,1,1,Restricted Area
201959,Taj Gibson,1610612741,0021401131,Dunk Shot,1,1,Restricted Area
202734,E'Twaun Moore,1610612741,0021401131,Layup Shot,1,0,Restricted Area
202703,Nikola Mirotic,1610612741,0021401131,Jump Shot,1,0,Above the Break 3
201959,Taj Gibson,1610612741,0021401131,Layup Shot,1,0,Restricted Area
202710,Jimmy Butler III,1610612741,0021401131,Layup Shot,1,1,Restricted Area
201959,Taj Gibson,1610612741,0021401131,Layup Shot,1,1,Restricted Area
201959,Taj Gibson,1610612741,0021401131,Layup Shot,1,1,Restricted Area
201166,Aaron Brooks,1610612741,0021401131,Hook Shot,1,0,Mid-Range
202703,Nikola Mirotic,1610612741,0021401131,Driving Layup Shot,1,1,Restricted Area
202703,Nikola Mirotic,1610612741,0021401131,Jump Shot,1,0,Above the Break 3
201166,Aaron Brooks,1610612741,0021401131,Jump Shot,1,0,Left Corner 3
2200,Pau Gasol,1610612741,0021401131,Layup Shot,1,0,Restricted Area
2200,Pau Gasol,1610612741,0021401131,Putback Layup Shot,1,1,Restricted Area
2200,Pau Gasol,1610612741,0021401131,Jump Shot,1,1,Mid-Range
2200,Pau Gasol,1610612741,0021401131,Jump Shot,1,0,Mid-Range
2200,Pau Gasol,1610612741,0021401131,Jump Shot,1,1,Mid-Range
2200,Pau Gasol,1610612741,0021401131,Jump Shot,1,1,In The Paint (Non-RA)
201149,Joakim Noah,1610612741,0021401131,Layup Shot,1,0,Restricted Area
202710,Jimmy Butler III,1610612741,0021401131,Jump Shot,1,0,Mid-Range
201166,Aaron Brooks,1610612741,0021401131,Jump Shot,1,0,Mid-Range
202710,Jimmy Butler III,1610612741,0021401131,Jump Shot,1,0,Above the Break 3
202710,Jimmy Butler III,1610612741,0021401131,Layup Shot,1,1,Restricted Area
201166,Aaron Brooks,1610612741,0021401131,Running Layup Shot,1,0,Restricted Area
201149,Joakim Noah,1610612741,0021401131,Putback Layup Shot,1,1,Restricted Area
202710,Jimmy Butler III,1610612741,0021401131,Running Layup Shot,1,0,Restricted Area
202710,Jimmy Butler III,1610612741,0021401131,Running Layup Shot,1,0,Restricted Area
2399,Mike Dunleavy,1610612741,0021401131,Jump Shot,1,0,Above the Break 3
201959,Taj Gibson,1610612741,0021401131,Layup Shot,1,0,Restricted Area
2200,Pau Gasol,1610612741,0021401131,Jump Shot,1,0,In The Paint (Non-RA)
202734,E'Twaun Moore,1610612741,0021401131,Jump Shot,1,0,In The Paint (Non-RA)
2399,Mike Dunleavy,1610612741,0021401131,Jump Shot,1,0,Mid-Range
2399,Mike Dunleavy,1610612741,0021401131,Jump Shot,1,0,Above the Break 3
201959,Taj Gibson,1610612741,0021401131,Jump Shot,1,0,In The Paint (Non-RA)
202734,E'Twaun Moore,1610612741,0021401131,Jump Shot,1,1,In The Paint (Non-RA)
201959,Taj Gibson,1610612741,0021401131,Jump Shot,1,0,In The Paint (Non-RA)
203503,Tony Snell,1610612741,0021401131,Jump Shot,1,0,Left Corner 3
203503,Tony Snell,1610612741,0021401131,Jump Shot,1,0,Mid-Range
202734,E'Twaun Moore,1610612741,0021401131,Jump Shot,1,0,Mid-Range
202710,Jimmy Butler III,1610612741,0021401131,Jump Shot,1,1,Mid-Range
202710,Jimmy Butler III,1610612741,0021401131,Layup Shot,1,1,Restricted Area
201959,Taj Gibson,1610612741,0021401131,Jump Shot,1,1,Mid-Range
202710,Jimmy Butler III,1610612741,0021401131,Running Layup Shot,1,0,Restricted Area
202734,E'Twaun Moore,1610612741,0021401131,Jump Shot,1,1,Right Corner 3
202703,Nikola Mirotic,1610612741,0021401131,Running Layup Shot,1,1,Restricted Area
202734,E'Twaun Moore,1610612741,0021401131,Jump Shot,1,0,Above the Break 3
202703,Nikola Mirotic,1610612741,0021401131,Jump Shot,1,0,Left Corner 3
202710,Jimmy Butler III,1610612741,0021401131,Jump Shot,1,0,In The Paint (Non-RA)
202703,Nikola Mirotic,1610612741,0021401131,Putback Layup Shot,1,1,Restricted Area
202710,Jimmy Butler III,1610612741,0021401131,Running Layup Shot,1,0,Restricted Area
2200,Pau Gasol,1610612741,0021401131,Hook Shot,1,1,In The Paint (Non-RA)
202703,Nikola Mirotic,1610612741,0021401131,Jump Shot,1,0,Mid-Range
2200,Pau Gasol,1610612741,0021401131,Jump Shot,1,1,Mid-Range
201166,Aaron Brooks,1610612741,0021401131,Jump Shot,1,1,Above the Break 3
201166,Aaron Brooks,1610612741,0021401131,Running Reverse Layup Shot,1,1,Restricted Area
2200,Pau Gasol,1610612741,0021401131,Jump Shot,1,0,In The Paint (Non-RA)
201959,Taj Gibson,1610612741,0021401131,Jump Shot,1,0,Mid-Range
2200,Pau Gasol,1610612741,0021401131,Putback Dunk Shot,1,1,Restricted Area
201166,Aaron Brooks,1610612741,0021401148,Floating Jump shot,1,1,Mid-Range
201166,Aaron Brooks,1610612741,0021401148,Running Jump Shot,1,0,Mid-Range
2399,Mike Dunleavy,1610612741,0021401148,Jump Shot,1,1,Above the Break 3
2200,Pau Gasol,1610612741,0021401148,Jump Shot,1,1,Mid-Range
2399,Mike Dunleavy,1610612741,0021401148,Jump Shot,1,1,Mid-Range
2200,Pau Gasol,1610612741,0021401148,Jump Shot,1,1,Mid-Range
201166,Aaron Brooks,1610612741,0021401148,Jump Shot,1,1,Right Corner 3
2200,Pau Gasol,1610612741,0021401148,Jump Shot,1,0,Mid-Range
2399,Mike Dunleavy,1610612741,0021401148,Layup Shot,1,1,Restricted Area
202710,Jimmy Butler III,1610612741,0021401148,Jump Shot,1,0,Mid-Range
201149,Joakim Noah,1610612741,0021401148,Layup Shot,1,1,Restricted Area
201166,Aaron Brooks,1610612741,0021401148,Jump Shot,1,0,Right Corner 3
2399,Mike Dunleavy,1610612741,0021401148,Jump Shot,1,0,In The Paint (Non-RA)
2200,Pau Gasol,1610612741,0021401148,Turnaround Jump Shot,1,0,Mid-Range
202710,Jimmy Butler III,1610612741,0021401148,Jump Shot,1,0,Mid-Range
201166,Aaron Brooks,1610612741,0021401148,Jump Shot,1,1,Mid-Range
2399,Mike Dunleavy,1610612741,0021401148,Jump Shot,1,0,Above the Break 3
203503,Tony Snell,1610612741,0021401148,Jump Shot,1,0,Above the Break 3
201959,Taj Gibson,1610612741,0021401148,Jump Shot,1,0,In The Paint (Non-RA)
202703,Nikola Mirotic,1610612741,0021401148,Jump Shot,1,1,Left Corner 3
202710,Jimmy Butler III,1610612741,0021401148,Step Back Jump shot,1,0,Mid-Range
201959,Taj Gibson,1610612741,0021401148,Jump Shot,1,0,Mid-Range
202734,E'Twaun Moore,1610612741,0021401148,Jump Shot,1,0,Above the Break 3
201149,Joakim Noah,1610612741,0021401148,Running Bank shot,1,1,In The Paint (Non-RA)
202703,Nikola Mirotic,1610612741,0021401148,Jump Shot,1,0,Above the Break 3
201959,Taj Gibson,1610612741,0021401148,Dunk Shot,1,1,Restricted Area
202710,Jimmy Butler III,1610612741,0021401148,Jump Bank Shot,1,0,In The Paint (Non-RA)
202710,Jimmy Butler III,1610612741,0021401148,Jump Shot,1,1,Left Corner 3
202703,Nikola Mirotic,1610612741,0021401148,Jump Shot,1,0,In The Paint (Non-RA)
201166,Aaron Brooks,1610612741,0021401148,Jump Shot,1,1,Mid-Range
201166,Aaron Brooks,1610612741,0021401148,Layup Shot,1,1,Restricted Area
202703,Nikola Mirotic,1610612741,0021401148,Jump Hook Shot,1,0,Mid-Range
201166,Aaron Brooks,1610612741,0021401148,Jump Shot,1,0,Above the Break 3
2399,Mike Dunleavy,1610612741,0021401148,Jump Shot,1,1,Above the Break 3
2200,Pau Gasol,1610612741,0021401148,Floating Jump shot,1,0,In The Paint (Non-RA)
2399,Mike Dunleavy,1610612741,0021401148,Jump Shot,1,1,Above the Break 3
2200,Pau Gasol,1610612741,0021401148,Jump Shot,1,0,In The Paint (Non-RA)
2200,Pau Gasol,1610612741,0021401148,Jump Shot,1,0,In The Paint (Non-RA)
201166,Aaron Brooks,1610612741,0021401148,Jump Shot,1,0,Above the Break 3
2200,Pau Gasol,1610612741,0021401148,Layup Shot,1,1,Restricted Area
2399,Mike Dunleavy,1610612741,0021401148,Jump Shot,1,1,Mid-Range
2200,Pau Gasol,1610612741,0021401148,Jump Shot,1,1,Mid-Range
201149,Joakim Noah,1610612741,0021401148,Slam Dunk Shot,1,1,Restricted Area
201166,Aaron Brooks,1610612741,0021401148,Jump Shot,1,1,Above the Break 3
2399,Mike Dunleavy,1610612741,0021401148,Jump Shot,1,0,Above the Break 3
2200,Pau Gasol,1610612741,0021401148,Jump Shot,1,0,Mid-Range
201166,Aaron Brooks,1610612741,0021401148,Floating Jump shot,1,0,In The Paint (Non-RA)
201166,Aaron Brooks,1610612741,0021401148,Layup Shot,1,0,Restricted Area
201959,Taj Gibson,1610612741,0021401148,Jump Shot,1,0,Mid-Range
202710,Jimmy Butler III,1610612741,0021401148,Jump Shot,1,1,Mid-Range
202710,Jimmy Butler III,1610612741,0021401148,Dunk Shot,1,1,Restricted Area
202710,Jimmy Butler III,1610612741,0021401148,Jump Shot,1,0,Mid-Range
203503,Tony Snell,1610612741,0021401148,Jump Shot,1,1,Mid-Range
203503,Tony Snell,1610612741,0021401148,Jump Shot,1,0,Above the Break 3
2200,Pau Gasol,1610612741,0021401148,Jump Hook Shot,1,1,In The Paint (Non-RA)
202703,Nikola Mirotic,1610612741,0021401148,Jump Shot,1,0,Left Corner 3
202734,E'Twaun Moore,1610612741,0021401148,Jump Shot,1,0,Mid-Range
202710,Jimmy Butler III,1610612741,0021401148,Jump Shot,1,0,Mid-Range
2399,Mike Dunleavy,1610612741,0021401148,Jump Shot,1,1,Above the Break 3
202710,Jimmy Butler III,1610612741,0021401148,Jump Shot,1,0,Mid-Range
202710,Jimmy Butler III,1610612741,0021401148,Jump Shot,1,0,Above the Break 3
202703,Nikola Mirotic,1610612741,0021401148,Jump Shot,1,0,Left Corner 3
202710,Jimmy Butler III,1610612741,0021401148,Layup Shot,1,1,Restricted Area
202703,Nikola Mirotic,1610612741,0021401148,Jump Shot,1,1,Right Corner 3
202703,Nikola Mirotic,1610612741,0021401148,Jump Shot,1,0,Mid-Range
202703,Nikola Mirotic,1610612741,0021401148,Jump Shot,1,0,Right Corner 3
201166,Aaron Brooks,1610612741,0021401148,Jump Shot,1,0,Above the Break 3
202703,Nikola Mirotic,1610612741,0021401148,Jump Shot,1,1,Left Corner 3
2399,Mike Dunleavy,1610612741,0021401148,Layup Shot,1,1,Restricted Area
202710,Jimmy Butler III,1610612741,0021401148,Layup Shot,1,1,Restricted Area
202703,Nikola Mirotic,1610612741,0021401148,Jump Shot,1,0,Above the Break 3
202703,Nikola Mirotic,1610612741,0021401148,Jump Shot,1,0,Above the Break 3
2399,Mike Dunleavy,1610612741,0021401148,Tip Shot,1,0,Restricted Area
2200,Pau Gasol,1610612741,0021401148,Layup Shot,1,1,Restricted Area
2200,Pau Gasol,1610612741,0021401148,Jump Shot,1,0,Restricted Area
202710,Jimmy Butler III,1610612741,0021401148,Jump Shot,1,1,Left Corner 3
2200,Pau Gasol,1610612741,0021401161,Turnaround Fadeaway shot,1,0,Mid-Range
201565,Derrick Rose,1610612741,0021401161,Jump Shot,1,0,Above the Break 3
2200,Pau Gasol,1610612741,0021401161,Jump Shot,1,0,Mid-Range
201565,Derrick Rose,1610612741,0021401161,Jump Shot,1,1,Left Corner 3
2200,Pau Gasol,1610612741,0021401161,Layup Shot,1,1,Restricted Area
201565,Derrick Rose,1610612741,0021401161,Jump Shot,1,0,Right Corner 3
2200,Pau Gasol,1610612741,0021401161,Jump Shot,1,1,Mid-Range
201565,Derrick Rose,1610612741,0021401161,Pullup Jump shot,1,1,Mid-Range
202710,Jimmy Butler III,1610612741,0021401161,Jump Shot,1,1,Right Corner 3
2399,Mike Dunleavy,1610612741,0021401161,Dunk Shot,1,1,Restricted Area
2399,Mike Dunleavy,1610612741,0021401161,Jump Shot,1,0,Above the Break 3
201149,Joakim Noah,1610612741,0021401161,Hook Shot,1,0,Mid-Range
2399,Mike Dunleavy,1610612741,0021401161,Jump Shot,1,0,Above the Break 3
201166,Aaron Brooks,1610612741,0021401161,Jump Shot,1,1,Above the Break 3
2399,Mike Dunleavy,1610612741,0021401161,Jump Shot,1,1,Left Corner 3
201166,Aaron Brooks,1610612741,0021401161,Driving Layup Shot,1,1,Restricted Area
2200,Pau Gasol,1610612741,0021401161,Layup Shot,1,0,Restricted Area
201959,Taj Gibson,1610612741,0021401161,Reverse Layup Shot,1,1,Restricted Area
2550,Kirk Hinrich,1610612741,0021401161,Jump Shot,1,1,Above the Break 3
202703,Nikola Mirotic,1610612741,0021401161,Pullup Jump shot,1,0,Mid-Range
202703,Nikola Mirotic,1610612741,0021401161,Jump Shot,1,1,Above the Break 3
201565,Derrick Rose,1610612741,0021401161,Jump Shot,1,0,Above the Break 3
202703,Nikola Mirotic,1610612741,0021401161,Layup Shot,1,0,Restricted Area
201959,Taj Gibson,1610612741,0021401161,Layup Shot,1,0,Restricted Area
201565,Derrick Rose,1610612741,0021401161,Jump Shot,1,0,Mid-Range
201959,Taj Gibson,1610612741,0021401161,Hook Shot,1,1,In The Paint (Non-RA)
2550,Kirk Hinrich,1610612741,0021401161,Pullup Jump shot,1,1,Mid-Range
2550,Kirk Hinrich,1610612741,0021401161,Jump Shot,1,0,Above the Break 3
202703,Nikola Mirotic,1610612741,0021401161,Jump Shot,1,0,Mid-Range
2550,Kirk Hinrich,1610612741,0021401161,Jump Shot,1,0,Above the Break 3
202703,Nikola Mirotic,1610612741,0021401161,Jump Shot,1,0,Above the Break 3
201959,Taj Gibson,1610612741,0021401161,Slam Dunk Shot,1,1,Restricted Area
202703,Nikola Mirotic,1610612741,0021401161,Layup Shot,1,0,Restricted Area
201959,Taj Gibson,1610612741,0021401161,Tip Shot,1,1,Restricted Area
202703,Nikola Mirotic,1610612741,0021401161,Jump Shot,1,0,Mid-Range
2200,Pau Gasol,1610612741,0021401161,Jump Shot,1,0,Mid-Range
201166,Aaron Brooks,1610612741,0021401161,Step Back Jump shot,1,0,Right Corner 3
202710,Jimmy Butler III,1610612741,0021401161,Jump Shot,1,1,Above the Break 3
202703,Nikola Mirotic,1610612741,0021401161,Jump Shot,1,1,Above the Break 3
202710,Jimmy Butler III,1610612741,0021401161,Step Back Jump shot,1,1,Above the Break 3
2200,Pau Gasol,1610612741,0021401161,Layup Shot,1,1,Restricted Area
201565,Derrick Rose,1610612741,0021401161,Jump Shot,1,0,Above the Break 3
201149,Joakim Noah,1610612741,0021401161,Layup Shot,1,1,Restricted Area
2399,Mike Dunleavy,1610612741,0021401161,Jump Shot,1,0,In The Paint (Non-RA)
202710,Jimmy Butler III,1610612741,0021401161,Turnaround Jump Shot,1,1,Mid-Range
201565,Derrick Rose,1610612741,0021401161,Jump Shot,1,0,Above the Break 3
201149,Joakim Noah,1610612741,0021401161,Putback Layup Shot,1,0,Restricted Area
2200,Pau Gasol,1610612741,0021401161,Running Jump Shot,1,0,In The Paint (Non-RA)
201149,Joakim Noah,1610612741,0021401161,Hook Shot,1,1,In The Paint (Non-RA)
201565,Derrick Rose,1610612741,0021401161,Driving Layup Shot,1,1,Restricted Area
201166,Aaron Brooks,1610612741,0021401161,Driving Layup Shot,1,0,Restricted Area
201149,Joakim Noah,1610612741,0021401161,Tip Shot,1,0,Restricted Area
2200,Pau Gasol,1610612741,0021401161,Hook Shot,1,0,In The Paint (Non-RA)
201166,Aaron Brooks,1610612741,0021401161,Jump Shot,1,0,Above the Break 3
202710,Jimmy Butler III,1610612741,0021401161,Jump Shot,1,0,Above the Break 3
201959,Taj Gibson,1610612741,0021401161,Jump Shot,1,1,In The Paint (Non-RA)
202710,Jimmy Butler III,1610612741,0021401161,Dunk Shot,1,1,Restricted Area
201959,Taj Gibson,1610612741,0021401161,Jump Shot,1,0,Mid-Range
2399,Mike Dunleavy,1610612741,0021401161,Jump Shot,1,1,Above the Break 3
202703,Nikola Mirotic,1610612741,0021401161,Jump Shot,1,0,Mid-Range
201166,Aaron Brooks,1610612741,0021401161,Running Jump Shot,1,1,In The Paint (Non-RA)
201166,Aaron Brooks,1610612741,0021401161,Layup Shot,1,0,Restricted Area
201959,Taj Gibson,1610612741,0021401161,Hook Shot,1,0,In The Paint (Non-RA)
201959,Taj Gibson,1610612741,0021401161,Reverse Layup Shot,1,1,Restricted Area
202710,Jimmy Butler III,1610612741,0021401161,Jump Shot,1,0,In The Paint (Non-RA)
201149,Joakim Noah,1610612741,0021401161,Tip Shot,1,0,Restricted Area
202710,Jimmy Butler III,1610612741,0021401161,Layup Shot,1,0,Restricted Area
202703,Nikola Mirotic,1610612741,0021401161,Jump Shot,1,0,Above the Break 3
202710,Jimmy Butler III,1610612741,0021401161,Dunk Shot,1,1,Restricted Area
201959,Taj Gibson,1610612741,0021401161,Jump Shot,1,0,Mid-Range
201166,Aaron Brooks,1610612741,0021401161,Jump Shot,1,1,Above the Break 3
201166,Aaron Brooks,1610612741,0021401161,Running Jump Shot,1,0,In The Paint (Non-RA)
201959,Taj Gibson,1610612741,0021401161,Tip Shot,1,0,Restricted Area
201959,Taj Gibson,1610612741,0021401161,Hook Shot,1,0,In The Paint (Non-RA)
201166,Aaron Brooks,1610612741,0021401161,Pullup Jump shot,1,1,Mid-Range
202703,Nikola Mirotic,1610612741,0021401161,Jump Shot,1,1,Above the Break 3
202710,Jimmy Butler III,1610612741,0021401161,Jump Shot,1,0,Mid-Range
2200,Pau Gasol,1610612741,0021401161,Layup Shot,1,1,Restricted Area
201166,Aaron Brooks,1610612741,0021401161,Driving Layup Shot,1,0,Restricted Area
2200,Pau Gasol,1610612741,0021401173,Jump Shot,1,1,Mid-Range
201565,Derrick Rose,1610612741,0021401173,Driving Jump shot,1,0,In The Paint (Non-RA)
2200,Pau Gasol,1610612741,0021401173,Jump Shot,1,1,In The Paint (Non-RA)
2399,Mike Dunleavy,1610612741,0021401173,Floating Jump shot,1,0,In The Paint (Non-RA)
2200,Pau Gasol,1610612741,0021401173,Jump Shot,1,0,Mid-Range
201565,Derrick Rose,1610612741,0021401173,Step Back Jump shot,1,1,Mid-Range
201565,Derrick Rose,1610612741,0021401173,Dunk Shot,1,1,Restricted Area
201565,Derrick Rose,1610612741,0021401173,Pullup Jump shot,1,1,Mid-Range
2200,Pau Gasol,1610612741,0021401173,Layup Shot,1,0,Restricted Area
201565,Derrick Rose,1610612741,0021401173,Jump Shot,1,0,Mid-Range
2200,Pau Gasol,1610612741,0021401173,Layup Shot,1,1,Restricted Area
2200,Pau Gasol,1610612741,0021401173,Turnaround Jump Shot,1,1,Mid-Range
201149,Joakim Noah,1610612741,0021401173,Hook Shot,1,0,In The Paint (Non-RA)
201565,Derrick Rose,1610612741,0021401173,Jump Shot,1,0,Above the Break 3
2200,Pau Gasol,1610612741,0021401173,Layup Shot,1,0,Restricted Area
2399,Mike Dunleavy,1610612741,0021401173,Jump Shot,1,0,Above the Break 3
201149,Joakim Noah,1610612741,0021401173,Jump Shot,1,0,Mid-Range
201166,Aaron Brooks,1610612741,0021401173,Jump Shot,1,1,In The Paint (Non-RA)
201959,Taj Gibson,1610612741,0021401173,Jump Shot,1,0,Mid-Range
201166,Aaron Brooks,1610612741,0021401173,Floating Jump shot,1,1,In The Paint (Non-RA)
2200,Pau Gasol,1610612741,0021401173,Jump Shot,1,0,Mid-Range
2399,Mike Dunleavy,1610612741,0021401173,Driving Layup Shot,1,0,Restricted Area
2399,Mike Dunleavy,1610612741,0021401173,Jump Shot,1,0,Mid-Range
2200,Pau Gasol,1610612741,0021401173,Jump Shot,1,0,Mid-Range
2200,Pau Gasol,1610612741,0021401173,Turnaround Jump Shot,1,1,Mid-Range
203503,Tony Snell,1610612741,0021401173,Floating Jump shot,1,0,In The Paint (Non-RA)
2200,Pau Gasol,1610612741,0021401173,Fadeaway Jump Shot,1,0,In The Paint (Non-RA)
202703,Nikola Mirotic,1610612741,0021401173,Jump Shot,1,0,Left Corner 3
201959,Taj Gibson,1610612741,0021401173,Hook Shot,1,1,In The Paint (Non-RA)
201565,Derrick Rose,1610612741,0021401173,Jump Shot,1,0,Mid-Range
201149,Joakim Noah,1610612741,0021401173,Layup Shot,1,0,Restricted Area
201959,Taj Gibson,1610612741,0021401173,Dunk Shot,1,0,Restricted Area
201565,Derrick Rose,1610612741,0021401173,Jump Shot,1,0,Above the Break 3
2550,Kirk Hinrich,1610612741,0021401173,Jump Shot,1,0,Mid-Range
201565,Derrick Rose,1610612741,0021401173,Jump Shot,1,0,Mid-Range
201565,Derrick Rose,1610612741,0021401173,Jump Shot,1,0,In The Paint (Non-RA)
201959,Taj Gibson,1610612741,0021401173,Layup Shot,1,0,Restricted Area
202703,Nikola Mirotic,1610612741,0021401173,Jump Shot,1,0,Above the Break 3
203503,Tony Snell,1610612741,0021401173,Jump Shot,1,0,Left Corner 3
201959,Taj Gibson,1610612741,0021401173,Jump Bank Shot,1,1,Mid-Range
201565,Derrick Rose,1610612741,0021401173,Finger Roll Layup Shot,1,0,Restricted Area
201959,Taj Gibson,1610612741,0021401173,Tip Shot,1,0,Restricted Area
202703,Nikola Mirotic,1610612741,0021401173,Jump Shot,1,0,Above the Break 3
2200,Pau Gasol,1610612741,0021401173,Turnaround Jump Shot,1,0,In The Paint (Non-RA)
201166,Aaron Brooks,1610612741,0021401173,Driving Layup Shot,1,0,Restricted Area
201166,Aaron Brooks,1610612741,0021401173,Jump Shot,1,0,Above the Break 3
201959,Taj Gibson,1610612741,0021401173,Reverse Layup Shot,1,0,Restricted Area
203503,Tony Snell,1610612741,0021401173,Jump Shot,1,0,Above the Break 3
2200,Pau Gasol,1610612741,0021401173,Driving Layup Shot,1,0,Restricted Area
201959,Taj Gibson,1610612741,0021401173,Tip Shot,1,1,Restricted Area
2399,Mike Dunleavy,1610612741,0021401173,Layup Shot,1,0,Restricted Area
2399,Mike Dunleavy,1610612741,0021401173,Jump Shot,1,0,Above the Break 3
201565,Derrick Rose,1610612741,0021401173,Jump Shot,1,0,In The Paint (Non-RA)
2399,Mike Dunleavy,1610612741,0021401173,Jump Shot,1,1,Mid-Range
203503,Tony Snell,1610612741,0021401173,Dunk Shot,1,1,Restricted Area
203503,Tony Snell,1610612741,0021401173,Jump Shot,1,1,Above the Break 3
201149,Joakim Noah,1610612741,0021401173,Jump Bank Shot,1,1,In The Paint (Non-RA)
2399,Mike Dunleavy,1610612741,0021401173,Jump Shot,1,1,Mid-Range
201565,Derrick Rose,1610612741,0021401173,Driving Bank shot,1,1,In The Paint (Non-RA)
201565,Derrick Rose,1610612741,0021401173,Jump Shot,1,1,In The Paint (Non-RA)
201565,Derrick Rose,1610612741,0021401173,Jump Shot,1,0,Above the Break 3
201959,Taj Gibson,1610612741,0021401173,Jump Shot,1,1,Mid-Range
2399,Mike Dunleavy,1610612741,0021401173,Driving Layup Shot,1,1,Restricted Area
203503,Tony Snell,1610612741,0021401173,Hook Shot,1,0,In The Paint (Non-RA)
201166,Aaron Brooks,1610612741,0021401173,Jump Shot,1,1,Above the Break 3
201166,Aaron Brooks,1610612741,0021401173,Jump Shot,1,0,Left Corner 3
2200,Pau Gasol,1610612741,0021401173,Layup Shot,1,1,Restricted Area
2399,Mike Dunleavy,1610612741,0021401173,Jump Shot,1,1,Above the Break 3
201166,Aaron Brooks,1610612741,0021401173,Jump Shot,1,1,Above the Break 3
203503,Tony Snell,1610612741,0021401173,Driving Layup Shot,1,0,Restricted Area
2200,Pau Gasol,1610612741,0021401173,Dunk Shot,1,1,Restricted Area
201166,Aaron Brooks,1610612741,0021401173,Jump Shot,1,0,Above the Break 3
2399,Mike Dunleavy,1610612741,0021401173,Jump Shot,1,1,Mid-Range
201166,Aaron Brooks,1610612741,0021401173,Jump Shot,1,1,Mid-Range
201959,Taj Gibson,1610612741,0021401173,Alley Oop Dunk Shot,1,1,Restricted Area
2399,Mike Dunleavy,1610612741,0021401173,Jump Shot,1,0,Above the Break 3
201166,Aaron Brooks,1610612741,0021401173,Floating Jump shot,1,0,In The Paint (Non-RA)
201959,Taj Gibson,1610612741,0021401173,Jump Shot,1,1,Mid-Range
2550,Kirk Hinrich,1610612741,0021401173,Jump Shot,1,1,Mid-Range
202703,Nikola Mirotic,1610612741,0021401173,Jump Shot,1,0,Above the Break 3
201959,Taj Gibson,1610612741,0021401173,Jump Shot,1,0,Mid-Range
201149,Joakim Noah,1610612741,0021401173,Layup Shot,1,0,Restricted Area
201149,Joakim Noah,1610612741,0021401173,Driving Layup Shot,1,0,Restricted Area
203503,Tony Snell,1610612741,0021401173,Driving Layup Shot,1,0,Restricted Area
2200,Pau Gasol,1610612741,0021401173,Jump Shot,1,0,Mid-Range
201166,Aaron Brooks,1610612741,0021401173,Driving Jump shot,1,0,Mid-Range
202703,Nikola Mirotic,1610612741,0021401173,Jump Shot,1,1,Above the Break 3
202703,Nikola Mirotic,1610612741,0021401173,Jump Shot,1,1,Above the Break 3
202703,Nikola Mirotic,1610612741,0021401173,Jump Shot,1,0,Right Corner 3
201166,Aaron Brooks,1610612741,0021401173,Jump Shot,1,0,Above the Break 3
2200,Pau Gasol,1610612741,0021401173,Dunk Shot,1,1,Restricted Area
202710,Jimmy Butler III,1610612741,0021401189,Jump Shot,1,1,Left Corner 3
201565,Derrick Rose,1610612741,0021401189,Jump Shot,1,0,Mid-Range
2200,Pau Gasol,1610612741,0021401189,Running Slam Dunk Shot,1,1,Restricted Area
2200,Pau Gasol,1610612741,0021401189,Jump Shot,1,0,Left Corner 3
201565,Derrick Rose,1610612741,0021401189,Jump Shot,1,0,Above the Break 3
201565,Derrick Rose,1610612741,0021401189,Running Layup Shot,1,0,Restricted Area
202710,Jimmy Butler III,1610612741,0021401189,Running Layup Shot,1,0,Restricted Area
201565,Derrick Rose,1610612741,0021401189,Running Bank shot,1,1,In The Paint (Non-RA)
2200,Pau Gasol,1610612741,0021401189,Layup Shot,1,0,Restricted Area
201565,Derrick Rose,1610612741,0021401189,Jump Shot,1,0,Mid-Range
201959,Taj Gibson,1610612741,0021401189,Layup Shot,1,1,Restricted Area
201565,Derrick Rose,1610612741,0021401189,Running Layup Shot,1,0,Restricted Area
202710,Jimmy Butler III,1610612741,0021401189,Putback Layup Shot,1,1,Restricted Area
2399,Mike Dunleavy,1610612741,0021401189,Running Layup Shot,1,0,Restricted Area
2399,Mike Dunleavy,1610612741,0021401189,Jump Shot,1,1,Mid-Range
202710,Jimmy Butler III,1610612741,0021401189,Running Slam Dunk Shot,1,1,Restricted Area
2200,Pau Gasol,1610612741,0021401189,Layup Shot,1,0,Restricted Area
201166,Aaron Brooks,1610612741,0021401189,Jump Shot,1,0,Above the Break 3
2200,Pau Gasol,1610612741,0021401189,Jump Shot,1,0,Mid-Range
2200,Pau Gasol,1610612741,0021401189,Running Layup Shot,1,0,Restricted Area
201166,Aaron Brooks,1610612741,0021401189,Jump Shot,1,1,Above the Break 3
201166,Aaron Brooks,1610612741,0021401189,Jump Shot,1,0,Backcourt
201166,Aaron Brooks,1610612741,0021401189,Jump Shot,1,0,In The Paint (Non-RA)
201149,Joakim Noah,1610612741,0021401189,Layup Shot,1,0,Restricted Area
201166,Aaron Brooks,1610612741,0021401189,Jump Shot,1,0,Mid-Range
202703,Nikola Mirotic,1610612741,0021401189,Jump Shot,1,0,Above the Break 3
201959,Taj Gibson,1610612741,0021401189,Jump Shot,1,0,In The Paint (Non-RA)
202703,Nikola Mirotic,1610612741,0021401189,Jump Shot,1,0,Mid-Range
201166,Aaron Brooks,1610612741,0021401189,Jump Shot,1,0,Left Corner 3
201149,Joakim Noah,1610612741,0021401189,Tip Shot,1,1,Restricted Area
201166,Aaron Brooks,1610612741,0021401189,Running Layup Shot,1,0,In The Paint (Non-RA)
2399,Mike Dunleavy,1610612741,0021401189,Jump Shot,1,0,Right Corner 3
2399,Mike Dunleavy,1610612741,0021401189,Jump Shot,1,1,Above the Break 3
201565,Derrick Rose,1610612741,0021401189,Jump Shot,1,1,Mid-Range
201565,Derrick Rose,1610612741,0021401189,Running Layup Shot,1,1,Restricted Area
201959,Taj Gibson,1610612741,0021401189,Running Dunk Shot,1,1,Restricted Area
201565,Derrick Rose,1610612741,0021401189,Jump Shot,1,0,Mid-Range
201959,Taj Gibson,1610612741,0021401189,Jump Shot,1,1,Mid-Range
201959,Taj Gibson,1610612741,0021401189,Dunk Shot,1,1,Restricted Area
202710,Jimmy Butler III,1610612741,0021401189,Jump Shot,1,0,Mid-Range
2399,Mike Dunleavy,1610612741,0021401189,Jump Shot,1,0,Above the Break 3
2200,Pau Gasol,1610612741,0021401189,Jump Shot,1,1,Mid-Range
2200,Pau Gasol,1610612741,0021401189,Running Layup Shot,1,0,Restricted Area
2200,Pau Gasol,1610612741,0021401189,Putback Layup Shot,1,1,Restricted Area
202710,Jimmy Butler III,1610612741,0021401189,Running Layup Shot,1,0,Restricted Area
2399,Mike Dunleavy,1610612741,0021401189,Jump Shot,1,1,Mid-Range
2200,Pau Gasol,1610612741,0021401189,Running Layup Shot,1,0,Restricted Area
2200,Pau Gasol,1610612741,0021401189,Tip Shot,1,0,Restricted Area
202710,Jimmy Butler III,1610612741,0021401189,Jump Shot,1,0,Above the Break 3
201565,Derrick Rose,1610612741,0021401189,Jump Shot,1,0,In The Paint (Non-RA)
2399,Mike Dunleavy,1610612741,0021401189,Jump Shot,1,1,Right Corner 3
202710,Jimmy Butler III,1610612741,0021401189,Running Layup Shot,1,0,Restricted Area
2200,Pau Gasol,1610612741,0021401189,Tip Shot,1,1,Restricted Area
201149,Joakim Noah,1610612741,0021401189,Layup Shot,1,0,Restricted Area
2200,Pau Gasol,1610612741,0021401189,Jump Shot,1,1,Mid-Range
201565,Derrick Rose,1610612741,0021401189,Jump Shot,1,1,Above the Break 3
201565,Derrick Rose,1610612741,0021401189,Layup Shot,1,1,Restricted Area
201565,Derrick Rose,1610612741,0021401189,Jump Shot,1,0,Above the Break 3
202710,Jimmy Butler III,1610612741,0021401189,Layup Shot,1,0,Restricted Area
2200,Pau Gasol,1610612741,0021401189,Layup Shot,1,1,Restricted Area
2200,Pau Gasol,1610612741,0021401189,Layup Shot,1,0,Restricted Area
2399,Mike Dunleavy,1610612741,0021401189,Jump Shot,1,0,Above the Break 3
2399,Mike Dunleavy,1610612741,0021401189,Jump Shot,1,0,Above the Break 3
2200,Pau Gasol,1610612741,0021401189,Jump Shot,1,1,In The Paint (Non-RA)
2200,Pau Gasol,1610612741,0021401189,Turnaround Jump Shot,1,1,Mid-Range
201166,Aaron Brooks,1610612741,0021401189,Jump Shot,1,1,Mid-Range
203503,Tony Snell,1610612741,0021401189,Layup Shot,1,1,Restricted Area
201166,Aaron Brooks,1610612741,0021401189,Running Layup Shot,1,1,Restricted Area
201166,Aaron Brooks,1610612741,0021401189,Floating Jump shot,1,0,In The Paint (Non-RA)
2399,Mike Dunleavy,1610612741,0021401189,Jump Shot,1,0,Mid-Range
203503,Tony Snell,1610612741,0021401189,Jump Shot,1,1,Right Corner 3
203503,Tony Snell,1610612741,0021401189,Jump Shot,1,1,Left Corner 3
203503,Tony Snell,1610612741,0021401189,Jump Shot,1,1,Above the Break 3
203503,Tony Snell,1610612741,0021401189,Jump Shot,1,0,Above the Break 3
201166,Aaron Brooks,1610612741,0021401189,Jump Shot,1,0,Above the Break 3
201166,Aaron Brooks,1610612741,0021401189,Jump Shot,1,1,In The Paint (Non-RA)
202703,Nikola Mirotic,1610612741,0021401189,Jump Shot,1,0,Above the Break 3
202703,Nikola Mirotic,1610612741,0021401189,Hook Shot,1,1,In The Paint (Non-RA)
202703,Nikola Mirotic,1610612741,0021401189,Jump Shot,1,1,Above the Break 3
202703,Nikola Mirotic,1610612741,0021401189,Layup Shot,1,0,Restricted Area
201565,Derrick Rose,1610612741,0021401189,Jump Shot,1,0,Above the Break 3
201565,Derrick Rose,1610612741,0021401189,Driving Layup Shot,1,1,Restricted Area
202710,Jimmy Butler III,1610612741,0021401189,Layup Shot,1,0,Restricted Area
201565,Derrick Rose,1610612741,0021401189,Driving Layup Shot,1,1,Restricted Area
202710,Jimmy Butler III,1610612741,0021401189,Jump Shot,1,0,Mid-Range
201565,Derrick Rose,1610612741,0021401189,Jump Shot,1,0,Above the Break 3
201565,Derrick Rose,1610612741,0021401189,Jump Shot,1,0,Mid-Range
201565,Derrick Rose,1610612741,0021401189,Jump Shot,1,1,In The Paint (Non-RA)
201959,Taj Gibson,1610612741,0021401189,Layup Shot,1,1,Restricted Area
201959,Taj Gibson,1610612741,0021401189,Slam Dunk Shot,1,1,Restricted Area
2200,Pau Gasol,1610612741,0021401206,Jump Shot,1,1,Mid-Range
2200,Pau Gasol,1610612741,0021401206,Jump Shot,1,0,Mid-Range
201565,Derrick Rose,1610612741,0021401206,Driving Layup Shot,1,1,Restricted Area
201565,Derrick Rose,1610612741,0021401206,Jump Shot,1,0,Mid-Range
201565,Derrick Rose,1610612741,0021401206,Driving Layup Shot,1,0,Restricted Area
201959,Taj Gibson,1610612741,0021401206,Jump Shot,1,0,Mid-Range
201959,Taj Gibson,1610612741,0021401206,Layup Shot,1,1,Restricted Area
2200,Pau Gasol,1610612741,0021401206,Hook Shot,1,0,In The Paint (Non-RA)
2200,Pau Gasol,1610612741,0021401206,Jump Shot,1,0,In The Paint (Non-RA)
202710,Jimmy Butler III,1610612741,0021401206,Jump Shot,1,0,Above the Break 3
2399,Mike Dunleavy,1610612741,0021401206,Jump Shot,1,0,Above the Break 3
201565,Derrick Rose,1610612741,0021401206,Driving Reverse Layup Shot,1,0,Restricted Area
2399,Mike Dunleavy,1610612741,0021401206,Putback Layup Shot,1,0,Restricted Area
2200,Pau Gasol,1610612741,0021401206,Driving Finger Roll Layup Shot,1,1,Restricted Area
2200,Pau Gasol,1610612741,0021401206,Jump Shot,1,0,In The Paint (Non-RA)
202710,Jimmy Butler III,1610612741,0021401206,Driving Layup Shot,1,1,Restricted Area
202710,Jimmy Butler III,1610612741,0021401206,Jump Shot,1,1,Right Corner 3
2200,Pau Gasol,1610612741,0021401206,Driving Layup Shot,1,0,Restricted Area
2200,Pau Gasol,1610612741,0021401206,Jump Shot,1,0,Mid-Range
201166,Aaron Brooks,1610612741,0021401206,Jump Shot,1,1,Right Corner 3
202703,Nikola Mirotic,1610612741,0021401206,Alley Oop Layup shot,1,1,Restricted Area
2200,Pau Gasol,1610612741,0021401206,Dunk Shot,1,1,Restricted Area
202703,Nikola Mirotic,1610612741,0021401206,Jump Shot,1,1,Right Corner 3
201166,Aaron Brooks,1610612741,0021401206,Running Jump Shot,1,1,Mid-Range
201166,Aaron Brooks,1610612741,0021401206,Jump Shot,1,0,Above the Break 3
203503,Tony Snell,1610612741,0021401206,Jump Shot,1,0,Right Corner 3
202710,Jimmy Butler III,1610612741,0021401206,Driving Dunk Shot,1,1,Restricted Area
202703,Nikola Mirotic,1610612741,0021401206,Driving Jump shot,1,0,In The Paint (Non-RA)
201959,Taj Gibson,1610612741,0021401206,Putback Layup Shot,1,1,Restricted Area
201166,Aaron Brooks,1610612741,0021401206,Running Bank shot,1,1,In The Paint (Non-RA)
202703,Nikola Mirotic,1610612741,0021401206,Jump Shot,1,1,Above the Break 3
201166,Aaron Brooks,1610612741,0021401206,Jump Shot,1,0,Above the Break 3
202703,Nikola Mirotic,1610612741,0021401206,Jump Shot,1,0,Above the Break 3
2399,Mike Dunleavy,1610612741,0021401206,Jump Shot,1,1,Left Corner 3
202703,Nikola Mirotic,1610612741,0021401206,Running Bank shot,1,0,Mid-Range
2200,Pau Gasol,1610612741,0021401206,Dunk Shot,1,1,Restricted Area
201565,Derrick Rose,1610612741,0021401206,Jump Shot,1,1,Mid-Range
201565,Derrick Rose,1610612741,0021401206,Jump Shot,1,1,Above the Break 3
203503,Tony Snell,1610612741,0021401206,Jump Shot,1,0,Right Corner 3
201565,Derrick Rose,1610612741,0021401206,Jump Shot,1,1,Above the Break 3
202710,Jimmy Butler III,1610612741,0021401206,Jump Shot,1,0,Mid-Range
201565,Derrick Rose,1610612741,0021401206,Jump Shot,1,0,Above the Break 3
201565,Derrick Rose,1610612741,0021401206,Driving Reverse Layup Shot,1,1,Restricted Area
201565,Derrick Rose,1610612741,0021401206,Fadeaway Jump Shot,1,0,Mid-Range
2200,Pau Gasol,1610612741,0021401206,Jump Shot,1,1,Mid-Range
201565,Derrick Rose,1610612741,0021401206,Jump Shot,1,0,In The Paint (Non-RA)
2200,Pau Gasol,1610612741,0021401206,Turnaround Jump Shot,1,0,Mid-Range
2399,Mike Dunleavy,1610612741,0021401206,Jump Shot,1,1,Mid-Range
201959,Taj Gibson,1610612741,0021401206,Dunk Shot,1,1,Restricted Area
202710,Jimmy Butler III,1610612741,0021401206,Jump Shot,1,1,Mid-Range
202710,Jimmy Butler III,1610612741,0021401206,Jump Shot,1,1,Left Corner 3
201565,Derrick Rose,1610612741,0021401206,Jump Shot,1,0,Above the Break 3
201959,Taj Gibson,1610612741,0021401206,Layup Shot,1,1,Restricted Area
202710,Jimmy Butler III,1610612741,0021401206,Driving Reverse Layup Shot,1,1,Restricted Area
2200,Pau Gasol,1610612741,0021401206,Jump Shot,1,1,Mid-Range
202710,Jimmy Butler III,1610612741,0021401206,Driving Layup Shot,1,0,Restricted Area
201565,Derrick Rose,1610612741,0021401206,Step Back Jump shot,1,0,Mid-Range
2399,Mike Dunleavy,1610612741,0021401206,Jump Shot,1,0,Above the Break 3
201959,Taj Gibson,1610612741,0021401206,Slam Dunk Shot,1,1,Restricted Area
2399,Mike Dunleavy,1610612741,0021401206,Jump Shot,1,0,Above the Break 3
203503,Tony Snell,1610612741,0021401206,Jump Shot,1,0,Above the Break 3
202703,Nikola Mirotic,1610612741,0021401206,Jump Shot,1,0,Above the Break 3
201166,Aaron Brooks,1610612741,0021401206,Driving Layup Shot,1,0,Restricted Area
202703,Nikola Mirotic,1610612741,0021401206,Jump Shot,1,1,Left Corner 3
202703,Nikola Mirotic,1610612741,0021401206,Jump Shot,1,1,Above the Break 3
203503,Tony Snell,1610612741,0021401206,Driving Layup Shot,1,0,Restricted Area
202703,Nikola Mirotic,1610612741,0021401206,Jump Shot,1,1,Above the Break 3
202703,Nikola Mirotic,1610612741,0021401206,Jump Shot,1,0,Left Corner 3
203503,Tony Snell,1610612741,0021401206,Driving Slam Dunk Shot,1,0,Restricted Area
202710,Jimmy Butler III,1610612741,0021401206,Driving Layup Shot,1,1,Restricted Area
203503,Tony Snell,1610612741,0021401206,Jump Shot,1,0,Left Corner 3
2200,Pau Gasol,1610612741,0021401206,Dunk Shot,1,1,Restricted Area
2200,Pau Gasol,1610612741,0021401206,Jump Shot,1,0,Mid-Range
2200,Pau Gasol,1610612741,0021401206,Dunk Shot,1,1,Restricted Area
202703,Nikola Mirotic,1610612741,0021401206,Jump Shot,1,0,Above the Break 3
2200,Pau Gasol,1610612741,0021401206,Dunk Shot,1,1,Restricted Area
202703,Nikola Mirotic,1610612741,0021401206,Driving Reverse Layup Shot,1,1,Restricted Area
203503,Tony Snell,1610612741,0021401206,Jump Shot,1,1,Mid-Range
2399,Mike Dunleavy,1610612741,0021401206,Fadeaway Jump Shot,1,0,In The Paint (Non-RA)
2200,Pau Gasol,1610612741,0021401206,Jump Shot,1,1,Mid-Range
202703,Nikola Mirotic,1610612741,0021401206,Jump Shot,1,0,Left Corner 3
201166,Aaron Brooks,1610612741,0021401206,Jump Shot,1,0,Above the Break 3
2399,Mike Dunleavy,1610612741,0021401206,Driving Layup Shot,1,0,Restricted Area
202703,Nikola Mirotic,1610612741,0021401206,Jump Shot,1,1,Above the Break 3
203503,Tony Snell,1610612741,0021401206,Driving Dunk Shot,1,1,Restricted Area
203503,Tony Snell,1610612741,0021401206,Running Bank shot,1,1,In The Paint (Non-RA)
202734,E'Twaun Moore,1610612741,0021401206,Driving Finger Roll Layup Shot,1,1,Restricted Area
202734,E'Twaun Moore,1610612741,0021401206,Jump Shot,1,0,Mid-Range
202710,Jimmy Butler III,1610612741,0021401217,Jump Shot,1,0,Mid-Range
2200,Pau Gasol,1610612741,0021401217,Jump Shot,1,0,Mid-Range
2399,Mike Dunleavy,1610612741,0021401217,Jump Shot,1,0,Above the Break 3
2399,Mike Dunleavy,1610612741,0021401217,Jump Shot,1,0,Above the Break 3
201565,Derrick Rose,1610612741,0021401217,Driving Layup Shot,1,1,Restricted Area
201959,Taj Gibson,1610612741,0021401217,Layup Shot,1,0,Restricted Area
201565,Derrick Rose,1610612741,0021401217,Jump Shot,1,0,Above the Break 3
202710,Jimmy Butler III,1610612741,0021401217,Jump Shot,1,1,In The Paint (Non-RA)
201565,Derrick Rose,1610612741,0021401217,Jump Shot,1,0,Above the Break 3
202710,Jimmy Butler III,1610612741,0021401217,Putback Layup Shot,1,1,Restricted Area
2399,Mike Dunleavy,1610612741,0021401217,Jump Shot,1,1,Above the Break 3
203503,Tony Snell,1610612741,0021401217,Jump Shot,1,0,Left Corner 3
203503,Tony Snell,1610612741,0021401217,Jump Shot,1,0,Above the Break 3
201166,Aaron Brooks,1610612741,0021401217,Driving Layup Shot,1,1,Restricted Area
202703,Nikola Mirotic,1610612741,0021401217,Jump Shot,1,0,Above the Break 3
201959,Taj Gibson,1610612741,0021401217,Jump Shot,1,0,In The Paint (Non-RA)
201166,Aaron Brooks,1610612741,0021401217,Layup Shot,1,1,Restricted Area
2399,Mike Dunleavy,1610612741,0021401217,Running Layup Shot,1,0,Restricted Area
201166,Aaron Brooks,1610612741,0021401217,Jump Shot,1,0,Left Corner 3
202703,Nikola Mirotic,1610612741,0021401217,Jump Shot,1,1,Left Corner 3
2200,Pau Gasol,1610612741,0021401217,Jump Shot,1,0,Mid-Range
202703,Nikola Mirotic,1610612741,0021401217,Jump Shot,1,1,Above the Break 3
202710,Jimmy Butler III,1610612741,0021401217,Jump Shot,1,0,Mid-Range
202703,Nikola Mirotic,1610612741,0021401217,Putback Layup Shot,1,1,Restricted Area
201166,Aaron Brooks,1610612741,0021401217,Floating Jump shot,1,0,In The Paint (Non-RA)
2200,Pau Gasol,1610612741,0021401217,Running Layup Shot,1,1,Restricted Area
202710,Jimmy Butler III,1610612741,0021401217,Jump Shot,1,1,In The Paint (Non-RA)
2200,Pau Gasol,1610612741,0021401217,Driving Dunk Shot,1,1,Restricted Area
2200,Pau Gasol,1610612741,0021401217,Jump Shot,1,0,In The Paint (Non-RA)
202703,Nikola Mirotic,1610612741,0021401217,Jump Shot,1,0,Left Corner 3
203503,Tony Snell,1610612741,0021401217,Jump Shot,1,0,Right Corner 3
202710,Jimmy Butler III,1610612741,0021401217,Driving Jump shot,1,0,Mid-Range
202710,Jimmy Butler III,1610612741,0021401217,Jump Bank Shot,1,1,Above the Break 3
2200,Pau Gasol,1610612741,0021401217,Layup Shot,1,1,Restricted Area
2399,Mike Dunleavy,1610612741,0021401217,Jump Shot,1,0,Above the Break 3
2200,Pau Gasol,1610612741,0021401217,Jump Shot,1,0,Mid-Range
202710,Jimmy Butler III,1610612741,0021401217,Putback Slam Dunk Shot,1,1,Restricted Area
201166,Aaron Brooks,1610612741,0021401217,Running Layup Shot,1,0,Restricted Area
201166,Aaron Brooks,1610612741,0021401217,Jump Shot,1,0,Above the Break 3
202710,Jimmy Butler III,1610612741,0021401217,Running Layup Shot,1,0,Restricted Area
201166,Aaron Brooks,1610612741,0021401217,Jump Shot,1,0,Mid-Range
201959,Taj Gibson,1610612741,0021401217,Layup Shot,1,0,Restricted Area
202710,Jimmy Butler III,1610612741,0021401217,Running Layup Shot,1,0,Restricted Area
201166,Aaron Brooks,1610612741,0021401217,Layup Shot,1,1,Restricted Area
201166,Aaron Brooks,1610612741,0021401217,Running Reverse Layup Shot,1,1,Restricted Area
2200,Pau Gasol,1610612741,0021401217,Layup Shot,1,0,Restricted Area
201166,Aaron Brooks,1610612741,0021401217,Running Layup Shot,1,0,Restricted Area
2200,Pau Gasol,1610612741,0021401217,Jump Shot,1,1,In The Paint (Non-RA)
202710,Jimmy Butler III,1610612741,0021401217,Jump Shot,1,1,Above the Break 3
203503,Tony Snell,1610612741,0021401217,Layup Shot,1,1,Restricted Area
201166,Aaron Brooks,1610612741,0021401217,Layup Shot,1,0,Restricted Area
2200,Pau Gasol,1610612741,0021401217,Slam Dunk Shot,1,1,Restricted Area
201166,Aaron Brooks,1610612741,0021401217,Jump Shot,1,1,In The Paint (Non-RA)
203503,Tony Snell,1610612741,0021401217,Running Layup Shot,1,1,Restricted Area
202703,Nikola Mirotic,1610612741,0021401217,Jump Shot,1,0,Above the Break 3
2200,Pau Gasol,1610612741,0021401217,Jump Shot,1,0,Mid-Range
2200,Pau Gasol,1610612741,0021401217,Layup Shot,1,0,Restricted Area
2200,Pau Gasol,1610612741,0021401217,Layup Shot,1,0,Restricted Area
2200,Pau Gasol,1610612741,0021401217,Layup Shot,1,0,Restricted Area
201166,Aaron Brooks,1610612741,0021401217,Jump Shot,1,0,Mid-Range
201166,Aaron Brooks,1610612741,0021401217,Driving Layup Shot,1,1,Restricted Area
203503,Tony Snell,1610612741,0021401217,Jump Shot,1,0,Left Corner 3
202703,Nikola Mirotic,1610612741,0021401217,Layup Shot,1,0,Restricted Area
201166,Aaron Brooks,1610612741,0021401217,Jump Shot,1,0,Above the Break 3
202734,E'Twaun Moore,1610612741,0021401217,Running Layup Shot,1,1,Restricted Area
202703,Nikola Mirotic,1610612741,0021401217,Jump Shot,1,0,Above the Break 3
202734,E'Twaun Moore,1610612741,0021401217,Layup Shot,1,1,Restricted Area
202710,Jimmy Butler III,1610612741,0021401217,Layup Shot,1,0,Restricted Area
1737,Nazr Mohammed,1610612741,0021401217,Layup Shot,1,1,Restricted Area
2399,Mike Dunleavy,1610612741,0021401217,Jump Shot,1,1,Mid-Range
202710,Jimmy Butler III,1610612741,0021401217,Jump Shot,1,0,Mid-Range
201166,Aaron Brooks,1610612741,0021401217,Jump Shot,1,1,Above the Break 3
201166,Aaron Brooks,1610612741,0021401217,Jump Shot,1,1,Above the Break 3
201166,Aaron Brooks,1610612741,0021401217,Fadeaway Jump Shot,1,0,Mid-Range
202710,Jimmy Butler III,1610612741,0021401217,Layup Shot,1,0,Restricted Area
2200,Pau Gasol,1610612741,0021401217,Running Layup Shot,1,1,Restricted Area
202703,Nikola Mirotic,1610612741,0021401217,Jump Shot,1,0,Above the Break 3
