PLAYER_ID,PLAYER_NAME,TEAM_ID,GAME_ID,ACTION_TYPE,SHOT_ATTEMPTED_FLAG,SHOT_MADE_FLAG,SHOT_ZONE_BASIC
203897,Zach LaVine,1610612741,0021800014,Jump Shot,1,1,Above the Break 3
203897,Zach LaVine,1610612741,0021800014,Pullup Jump shot,1,0,Above the Break 3
1626171,Bobby Portis Jr.,1610612741,0021800014,Driving Hook Shot,1,1,In The Paint (Non-RA)
1626166,Cameron Payne,1610612741,0021800014,Pullup Jump shot,1,0,In The Paint (Non-RA)
1628976,Wendell Carter Jr.,1610612741,0021800014,Turnaround Hook Shot,1,0,Mid-Range
203200,Justin Holiday,1610612741,0021800014,Jump Shot,1,1,Above the Break 3
203200,Justin Holiday,1610612741,0021800014,Running Pull-Up Jump Shot,1,0,Above the Break 3
1628976,Wendell Carter Jr.,1610612741,0021800014,Layup Shot,1,0,Restricted Area
1628976,Wendell Carter Jr.,1610612741,0021800014,Jump Shot,1,1,Mid-Range
203897,Zach LaVine,1610612741,0021800014,Driving Bank Hook Shot,1,1,In The Paint (Non-RA)
1626171,Bobby Portis Jr.,1610612741,0021800014,Jump Shot,1,1,Above the Break 3
203897,Zach LaVine,1610612741,0021800014,Pullup Jump shot,1,1,Mid-Range
1628976,Wendell Carter Jr.,1610612741,0021800014,Floating Jump shot,1,1,Mid-Range
1626171,Bobby Portis Jr.,1610612741,0021800014,Turnaround Hook Shot,1,1,In The Paint (Non-RA)
1626171,Bobby Portis Jr.,1610612741,0021800014,Jump Shot,1,1,Left Corner 3
203897,Zach LaVine,1610612741,0021800014,Running Jump Shot,1,1,In The Paint (Non-RA)
1626171,Bobby Portis Jr.,1610612741,0021800014,Jump Shot,1,1,Above the Break 3
203897,Zach LaVine,1610612741,0021800014,Driving Reverse Layup Shot,1,1,Restricted Area
1628469,Antonio Blakeney,1610612741,0021800014,Driving Layup Shot,1,1,Restricted Area
201577,Robin Lopez,1610612741,0021800014,Jump Shot,1,1,Mid-Range
203897,Zach LaVine,1610612741,0021800014,Pullup Jump shot,1,1,Mid-Range
201577,Robin Lopez,1610612741,0021800014,Driving Hook Shot,1,0,In The Paint (Non-RA)
203953,Jabari Parker,1610612741,0021800014,Turnaround Fadeaway shot,1,0,Mid-Range
1628469,Antonio Blakeney,1610612741,0021800014,Pullup Jump shot,1,0,Mid-Range
1628469,Antonio Blakeney,1610612741,0021800014,Pullup Jump shot,1,1,Mid-Range
203200,Justin Holiday,1610612741,0021800014,Jump Shot,1,0,Above the Break 3
1628469,Antonio Blakeney,1610612741,0021800014,Running Jump Shot,1,0,In The Paint (Non-RA)
1627853,Ryan Arcidiacono,1610612741,0021800014,Jump Shot,1,0,Above the Break 3
203953,Jabari Parker,1610612741,0021800014,Jump Shot,1,0,Above the Break 3
203953,Jabari Parker,1610612741,0021800014,Jump Shot,1,0,Mid-Range
1628469,Antonio Blakeney,1610612741,0021800014,Pullup Jump shot,1,1,Above the Break 3
1628469,Antonio Blakeney,1610612741,0021800014,Running Pull-Up Jump Shot,1,0,Mid-Range
1626171,Bobby Portis Jr.,1610612741,0021800014,Turnaround Bank Hook Shot,1,1,Restricted Area
1628469,Antonio Blakeney,1610612741,0021800014,Fadeaway Jump Shot,1,0,Mid-Range
1626171,Bobby Portis Jr.,1610612741,0021800014,Jump Shot,1,0,Above the Break 3
203200,Justin Holiday,1610612741,0021800014,Jump Shot,1,0,Above the Break 3
1628976,Wendell Carter Jr.,1610612741,0021800014,Jump Shot,1,0,Mid-Range
203200,Justin Holiday,1610612741,0021800014,Jump Bank Shot,1,1,Restricted Area
203897,Zach LaVine,1610612741,0021800014,Jump Shot,1,0,Above the Break 3
203200,Justin Holiday,1610612741,0021800014,Jump Shot,1,0,Above the Break 3
203897,Zach LaVine,1610612741,0021800014,Driving Layup Shot,1,0,In The Paint (Non-RA)
1626171,Bobby Portis Jr.,1610612741,0021800014,Hook Shot,1,0,Restricted Area
203200,Justin Holiday,1610612741,0021800014,Dunk Shot,1,1,Restricted Area
203200,Justin Holiday,1610612741,0021800014,Jump Shot,1,1,Above the Break 3
203953,Jabari Parker,1610612741,0021800014,Dunk Shot,1,1,Restricted Area
203897,Zach LaVine,1610612741,0021800014,Driving Layup Shot,1,0,Restricted Area
203953,Jabari Parker,1610612741,0021800014,Turnaround Fadeaway shot,1,0,In The Paint (Non-RA)
203897,Zach LaVine,1610612741,0021800014,Pullup Jump shot,1,0,Mid-Range
203200,Justin Holiday,1610612741,0021800014,Jump Shot,1,0,Above the Break 3
1626166,Cameron Payne,1610612741,0021800014,Jump Bank Shot,1,0,Mid-Range
203200,Justin Holiday,1610612741,0021800014,Driving Reverse Layup Shot,1,0,In The Paint (Non-RA)
1626171,Bobby Portis Jr.,1610612741,0021800014,Floating Jump shot,1,1,In The Paint (Non-RA)
203200,Justin Holiday,1610612741,0021800014,Jump Shot,1,0,Right Corner 3
1626166,Cameron Payne,1610612741,0021800014,Driving Floating Jump Shot,1,0,Restricted Area
1626171,Bobby Portis Jr.,1610612741,0021800014,Tip Layup Shot,1,0,Restricted Area
203897,Zach LaVine,1610612741,0021800014,Jump Shot,1,1,Above the Break 3
1626171,Bobby Portis Jr.,1610612741,0021800014,Driving Hook Shot,1,0,In The Paint (Non-RA)
203897,Zach LaVine,1610612741,0021800014,Jump Shot,1,0,Above the Break 3
1628976,Wendell Carter Jr.,1610612741,0021800014,Hook Shot,1,0,In The Paint (Non-RA)
203953,Jabari Parker,1610612741,0021800014,Layup Shot,1,0,Restricted Area
203200,Justin Holiday,1610612741,0021800014,Jump Shot,1,0,Left Corner 3
203953,Jabari Parker,1610612741,0021800014,Cutting Dunk Shot,1,1,Restricted Area
1628976,Wendell Carter Jr.,1610612741,0021800014,Turnaround Hook Shot,1,0,Restricted Area
203953,Jabari Parker,1610612741,0021800014,Driving Reverse Layup Shot,1,1,Restricted Area
1626166,Cameron Payne,1610612741,0021800014,Jump Shot,1,0,Above the Break 3
203953,Jabari Parker,1610612741,0021800014,Jump Shot,1,0,Above the Break 3
1628469,Antonio Blakeney,1610612741,0021800014,Jump Shot,1,0,Right Corner 3
1627853,Ryan Arcidiacono,1610612741,0021800014,Pullup Jump shot,1,1,Above the Break 3
201577,Robin Lopez,1610612741,0021800014,Jump Shot,1,0,In The Paint (Non-RA)
1628469,Antonio Blakeney,1610612741,0021800014,Jump Shot,1,0,In The Paint (Non-RA)
203953,Jabari Parker,1610612741,0021800014,Dunk Shot,1,1,Restricted Area
201577,Robin Lopez,1610612741,0021800014,Jump Shot,1,0,Mid-Range
203953,Jabari Parker,1610612741,0021800014,Finger Roll Layup Shot,1,0,Restricted Area
1628469,Antonio Blakeney,1610612741,0021800014,Jump Shot,1,1,In The Paint (Non-RA)
1628469,Antonio Blakeney,1610612741,0021800014,Jump Shot,1,0,Mid-Range
1626171,Bobby Portis Jr.,1610612741,0021800014,Jump Shot,1,1,Mid-Range
203897,Zach LaVine,1610612741,0021800014,Jump Shot,1,0,Above the Break 3
203897,Zach LaVine,1610612741,0021800014,Driving Layup Shot,1,1,Restricted Area
203897,Zach LaVine,1610612741,0021800014,Step Back Jump shot,1,0,Above the Break 3
1628469,Antonio Blakeney,1610612741,0021800014,Pullup Jump shot,1,1,Mid-Range
203953,Jabari Parker,1610612741,0021800014,Jump Shot,1,1,Right Corner 3
203897,Zach LaVine,1610612741,0021800014,Driving Layup Shot,1,1,Restricted Area
1628469,Antonio Blakeney,1610612741,0021800014,Jump Shot,1,1,Mid-Range
1627853,Ryan Arcidiacono,1610612741,0021800014,Jump Shot,1,1,Above the Break 3
203897,Zach LaVine,1610612741,0021800014,Pullup Jump shot,1,1,Mid-Range
1626171,Bobby Portis Jr.,1610612741,0021800014,Step Back Jump shot,1,0,Right Corner 3
203953,Jabari Parker,1610612741,0021800014,Jump Shot,1,0,Above the Break 3
203897,Zach LaVine,1610612741,0021800014,Running Layup Shot,1,1,Restricted Area
1626171,Bobby Portis Jr.,1610612741,0021800014,Hook Shot,1,0,In The Paint (Non-RA)
1628469,Antonio Blakeney,1610612741,0021800014,Jump Shot,1,0,Above the Break 3
203953,Jabari Parker,1610612741,0021800014,Dunk Shot,1,1,Restricted Area
1626171,Bobby Portis Jr.,1610612741,0021800014,Pullup Jump shot,1,0,Above the Break 3
1627853,Ryan Arcidiacono,1610612741,0021800014,Driving Finger Roll Layup Shot,1,1,Restricted Area
1628976,Wendell Carter Jr.,1610612741,0021800014,Cutting Layup Shot,1,0,Restricted Area
203953,Jabari Parker,1610612741,0021800014,Cutting Dunk Shot,1,1,Restricted Area
1628976,Wendell Carter Jr.,1610612741,0021800014,Cutting Dunk Shot,1,1,Restricted Area
203953,Jabari Parker,1610612741,0021800014,Pullup Jump shot,1,0,Mid-Range
1628990,Chandler Hutchison,1610612741,0021800014,Driving Floating Jump Shot,1,0,In The Paint (Non-RA)
1628469,Antonio Blakeney,1610612741,0021800014,Driving Layup Shot,1,0,Restricted Area
1628976,Wendell Carter Jr.,1610612741,0021800014,Tip Layup Shot,1,1,Restricted Area
1628469,Antonio Blakeney,1610612741,0021800014,Fadeaway Jump Shot,1,0,In The Paint (Non-RA)
1628976,Wendell Carter Jr.,1610612741,0021800031,Driving Dunk Shot,1,1,Restricted Area
1626171,Bobby Portis Jr.,1610612741,0021800031,Turnaround Jump Shot,1,0,Mid-Range
203200,Justin Holiday,1610612741,0021800031,Driving Reverse Layup Shot,1,1,Restricted Area
1626171,Bobby Portis Jr.,1610612741,0021800031,Layup Shot,1,0,Restricted Area
1628976,Wendell Carter Jr.,1610612741,0021800031,Jump Shot,1,1,Restricted Area
203897,Zach LaVine,1610612741,0021800031,Jump Shot,1,0,Mid-Range
1626166,Cameron Payne,1610612741,0021800031,Floating Jump shot,1,0,Restricted Area
203897,Zach LaVine,1610612741,0021800031,Cutting Layup Shot,1,1,Restricted Area
1626171,Bobby Portis Jr.,1610612741,0021800031,Jump Shot,1,0,Above the Break 3
203897,Zach LaVine,1610612741,0021800031,Driving Layup Shot,1,1,Restricted Area
1626166,Cameron Payne,1610612741,0021800031,Running Layup Shot,1,1,Restricted Area
203200,Justin Holiday,1610612741,0021800031,Pullup Jump shot,1,0,Mid-Range
203897,Zach LaVine,1610612741,0021800031,Jump Shot,1,0,In The Paint (Non-RA)
1626171,Bobby Portis Jr.,1610612741,0021800031,Jump Shot,1,0,In The Paint (Non-RA)
1627853,Ryan Arcidiacono,1610612741,0021800031,Jump Shot,1,0,Above the Break 3
201577,Robin Lopez,1610612741,0021800031,Turnaround Hook Shot,1,0,Mid-Range
203953,Jabari Parker,1610612741,0021800031,Tip Layup Shot,1,0,Restricted Area
203953,Jabari Parker,1610612741,0021800031,Jump Shot,1,0,Above the Break 3
203200,Justin Holiday,1610612741,0021800031,Layup Shot,1,1,Restricted Area
203953,Jabari Parker,1610612741,0021800031,Driving Reverse Layup Shot,1,1,Restricted Area
203953,Jabari Parker,1610612741,0021800031,Jump Shot,1,1,Mid-Range
201577,Robin Lopez,1610612741,0021800031,Jump Shot,1,1,Mid-Range
1627853,Ryan Arcidiacono,1610612741,0021800031,Driving Finger Roll Layup Shot,1,0,Restricted Area
1628469,Antonio Blakeney,1610612741,0021800031,Pullup Jump shot,1,1,In The Paint (Non-RA)
203200,Justin Holiday,1610612741,0021800031,Jump Shot,1,1,Mid-Range
201577,Robin Lopez,1610612741,0021800031,Turnaround Hook Shot,1,1,Restricted Area
203953,Jabari Parker,1610612741,0021800031,Jump Shot,1,0,Restricted Area
201577,Robin Lopez,1610612741,0021800031,Hook Shot,1,0,In The Paint (Non-RA)
1628469,Antonio Blakeney,1610612741,0021800031,Jump Shot,1,1,Mid-Range
203897,Zach LaVine,1610612741,0021800031,Driving Floating Jump Shot,1,1,In The Paint (Non-RA)
203953,Jabari Parker,1610612741,0021800031,Jump Shot,1,0,In The Paint (Non-RA)
203897,Zach LaVine,1610612741,0021800031,Jump Shot,1,1,Left Corner 3
203953,Jabari Parker,1610612741,0021800031,Driving Layup Shot,1,1,Restricted Area
1628976,Wendell Carter Jr.,1610612741,0021800031,Driving Hook Shot,1,0,In The Paint (Non-RA)
201577,Robin Lopez,1610612741,0021800031,Driving Hook Shot,1,1,Restricted Area
201577,Robin Lopez,1610612741,0021800031,Hook Shot,1,0,In The Paint (Non-RA)
203897,Zach LaVine,1610612741,0021800031,Jump Shot,1,0,Above the Break 3
1626166,Cameron Payne,1610612741,0021800031,Jump Shot,1,0,Above the Break 3
203897,Zach LaVine,1610612741,0021800031,Driving Finger Roll Layup Shot,1,1,Restricted Area
203897,Zach LaVine,1610612741,0021800031,Running Layup Shot,1,1,Restricted Area
1626166,Cameron Payne,1610612741,0021800031,Jump Shot,1,0,Above the Break 3
1626166,Cameron Payne,1610612741,0021800031,Driving Layup Shot,1,1,Restricted Area
203200,Justin Holiday,1610612741,0021800031,Layup Shot,1,1,Restricted Area
203200,Justin Holiday,1610612741,0021800031,Jump Shot,1,0,Right Corner 3
203200,Justin Holiday,1610612741,0021800031,Jump Shot,1,1,Above the Break 3
1626166,Cameron Payne,1610612741,0021800031,Driving Floating Jump Shot,1,1,In The Paint (Non-RA)
1626166,Cameron Payne,1610612741,0021800031,Driving Finger Roll Layup Shot,1,1,Restricted Area
1628976,Wendell Carter Jr.,1610612741,0021800031,Turnaround Fadeaway shot,1,1,Mid-Range
1628976,Wendell Carter Jr.,1610612741,0021800031,Jump Shot,1,1,Mid-Range
1626171,Bobby Portis Jr.,1610612741,0021800031,Jump Shot,1,0,Above the Break 3
1626166,Cameron Payne,1610612741,0021800031,Driving Layup Shot,1,1,Restricted Area
1626166,Cameron Payne,1610612741,0021800031,Driving Layup Shot,1,1,Restricted Area
1626166,Cameron Payne,1610612741,0021800031,Driving Floating Jump Shot,1,0,Restricted Area
1626171,Bobby Portis Jr.,1610612741,0021800031,Jump Shot,1,0,Restricted Area
203897,Zach LaVine,1610612741,0021800031,Jump Shot,1,0,Right Corner 3
203897,Zach LaVine,1610612741,0021800031,Jump Shot,1,0,Mid-Range
1628976,Wendell Carter Jr.,1610612741,0021800031,Jump Shot,1,0,Mid-Range
203953,Jabari Parker,1610612741,0021800031,Jump Shot,1,0,In The Paint (Non-RA)
203897,Zach LaVine,1610612741,0021800031,Turnaround Jump Shot,1,1,Mid-Range
1626166,Cameron Payne,1610612741,0021800031,Jump Shot,1,0,Mid-Range
1626166,Cameron Payne,1610612741,0021800031,Jump Shot,1,0,Above the Break 3
203953,Jabari Parker,1610612741,0021800031,Jump Shot,1,0,Mid-Range
203953,Jabari Parker,1610612741,0021800031,Jump Shot,1,1,Above the Break 3
1628469,Antonio Blakeney,1610612741,0021800031,Pullup Jump shot,1,1,Mid-Range
203200,Justin Holiday,1610612741,0021800031,Jump Shot,1,1,Above the Break 3
1627853,Ryan Arcidiacono,1610612741,0021800031,Jump Shot,1,1,Above the Break 3
203897,Zach LaVine,1610612741,0021800031,Layup Shot,1,1,Restricted Area
1628469,Antonio Blakeney,1610612741,0021800031,Driving Floating Jump Shot,1,1,In The Paint (Non-RA)
203897,Zach LaVine,1610612741,0021800031,Jump Shot,1,0,Above the Break 3
203953,Jabari Parker,1610612741,0021800031,Layup Shot,1,0,Restricted Area
203953,Jabari Parker,1610612741,0021800031,Tip Layup Shot,1,0,Restricted Area
1628469,Antonio Blakeney,1610612741,0021800031,Jump Shot,1,0,Mid-Range
203897,Zach LaVine,1610612741,0021800031,Fadeaway Jump Shot,1,0,In The Paint (Non-RA)
1626171,Bobby Portis Jr.,1610612741,0021800031,Jump Shot,1,1,In The Paint (Non-RA)
1626171,Bobby Portis Jr.,1610612741,0021800031,Jump Shot,1,0,Above the Break 3
203897,Zach LaVine,1610612741,0021800031,Driving Layup Shot,1,1,Restricted Area
1628469,Antonio Blakeney,1610612741,0021800031,Jump Shot,1,1,In The Paint (Non-RA)
203897,Zach LaVine,1610612741,0021800031,Driving Layup Shot,1,1,Restricted Area
1626171,Bobby Portis Jr.,1610612741,0021800031,Driving Layup Shot,1,1,Restricted Area
1626171,Bobby Portis Jr.,1610612741,0021800031,Jump Shot,1,0,In The Paint (Non-RA)
203953,Jabari Parker,1610612741,0021800031,Jump Shot,1,1,Above the Break 3
1626171,Bobby Portis Jr.,1610612741,0021800031,Jump Shot,1,0,Above the Break 3
1626171,Bobby Portis Jr.,1610612741,0021800031,Putback Layup Shot,1,0,Restricted Area
203897,Zach LaVine,1610612741,0021800031,Driving Layup Shot,1,0,Restricted Area
203897,Zach LaVine,1610612741,0021800031,Driving Layup Shot,1,1,Restricted Area
203897,Zach LaVine,1610612741,0021800031,Jump Shot,1,0,Above the Break 3
203897,Zach LaVine,1610612741,0021800031,Jump Shot,1,1,Above the Break 3
1628976,Wendell Carter Jr.,1610612741,0021800044,Driving Floating Jump Shot,1,1,In The Paint (Non-RA)
203897,Zach LaVine,1610612741,0021800044,Step Back Jump shot,1,1,Right Corner 3
1626171,Bobby Portis Jr.,1610612741,0021800044,Turnaround Fadeaway Bank Jump Shot,1,1,In The Paint (Non-RA)
1627739,Kris Dunn,1610612741,0021800044,Pullup Jump shot,1,0,In The Paint (Non-RA)
1627739,Kris Dunn,1610612741,0021800044,Step Back Jump shot,1,0,Mid-Range
203200,Justin Holiday,1610612741,0021800044,Jump Shot,1,0,Right Corner 3
1627739,Kris Dunn,1610612741,0021800044,Driving Finger Roll Layup Shot,1,1,Restricted Area
1628976,Wendell Carter Jr.,1610612741,0021800044,Reverse Layup Shot,1,0,Restricted Area
203897,Zach LaVine,1610612741,0021800044,Jump Shot,1,1,Above the Break 3
203200,Justin Holiday,1610612741,0021800044,Driving Layup Shot,1,0,Restricted Area
1627739,Kris Dunn,1610612741,0021800044,Jump Shot,1,0,Above the Break 3
201577,Robin Lopez,1610612741,0021800044,Turnaround Hook Shot,1,1,In The Paint (Non-RA)
1626171,Bobby Portis Jr.,1610612741,0021800044,Hook Shot,1,0,In The Paint (Non-RA)
203897,Zach LaVine,1610612741,0021800044,Turnaround Fadeaway shot,1,1,Mid-Range
1627739,Kris Dunn,1610612741,0021800044,Turnaround Fadeaway shot,1,1,Mid-Range
203953,Jabari Parker,1610612741,0021800044,Jump Shot,1,0,In The Paint (Non-RA)
203953,Jabari Parker,1610612741,0021800044,Pullup Jump shot,1,1,Mid-Range
203953,Jabari Parker,1610612741,0021800044,Driving Layup Shot,1,0,Restricted Area
203953,Jabari Parker,1610612741,0021800044,Putback Layup Shot,1,1,Restricted Area
203953,Jabari Parker,1610612741,0021800044,Jump Shot,1,1,Mid-Range
203953,Jabari Parker,1610612741,0021800044,Pullup Jump shot,1,1,Mid-Range
203953,Jabari Parker,1610612741,0021800044,Driving Layup Shot,1,0,Restricted Area
1628469,Antonio Blakeney,1610612741,0021800044,Fadeaway Jump Shot,1,0,Mid-Range
1626166,Cameron Payne,1610612741,0021800044,Driving Layup Shot,1,1,Restricted Area
1628976,Wendell Carter Jr.,1610612741,0021800044,Pullup Jump shot,1,0,Mid-Range
203953,Jabari Parker,1610612741,0021800044,Pullup Jump shot,1,1,Above the Break 3
203953,Jabari Parker,1610612741,0021800044,Driving Floating Bank Jump Shot,1,1,In The Paint (Non-RA)
203953,Jabari Parker,1610612741,0021800044,Step Back Jump shot,1,0,Above the Break 3
203897,Zach LaVine,1610612741,0021800044,Turnaround Fadeaway shot,1,1,Mid-Range
1626166,Cameron Payne,1610612741,0021800044,Pullup Jump shot,1,0,Mid-Range
1628976,Wendell Carter Jr.,1610612741,0021800044,Turnaround Hook Shot,1,0,In The Paint (Non-RA)
1627739,Kris Dunn,1610612741,0021800044,Jump Shot,1,1,Right Corner 3
1627739,Kris Dunn,1610612741,0021800044,Driving Finger Roll Layup Shot,1,1,In The Paint (Non-RA)
203897,Zach LaVine,1610612741,0021800044,Fadeaway Jump Shot,1,1,Above the Break 3
1627739,Kris Dunn,1610612741,0021800044,Running Layup Shot,1,0,Restricted Area
203953,Jabari Parker,1610612741,0021800044,Putback Dunk Shot,1,1,Restricted Area
203897,Zach LaVine,1610612741,0021800044,Fadeaway Jump Shot,1,1,Mid-Range
203200,Justin Holiday,1610612741,0021800044,Step Back Jump shot,1,1,Mid-Range
1626171,Bobby Portis Jr.,1610612741,0021800044,Running Layup Shot,1,1,Restricted Area
1626171,Bobby Portis Jr.,1610612741,0021800044,Jump Shot,1,0,Mid-Range
203200,Justin Holiday,1610612741,0021800044,Step Back Jump shot,1,0,Mid-Range
1626166,Cameron Payne,1610612741,0021800044,Driving Floating Jump Shot,1,1,Mid-Range
1626166,Cameron Payne,1610612741,0021800044,Driving Layup Shot,1,0,In The Paint (Non-RA)
1628976,Wendell Carter Jr.,1610612741,0021800044,Jump Shot,1,0,Mid-Range
1626171,Bobby Portis Jr.,1610612741,0021800044,Jump Shot,1,0,Mid-Range
203897,Zach LaVine,1610612741,0021800044,Pullup Jump shot,1,1,Above the Break 3
203897,Zach LaVine,1610612741,0021800044,Pullup Jump shot,1,0,Above the Break 3
1626171,Bobby Portis Jr.,1610612741,0021800044,Running Dunk Shot,1,1,Restricted Area
1626171,Bobby Portis Jr.,1610612741,0021800044,Turnaround Hook Shot,1,1,In The Paint (Non-RA)
1627739,Kris Dunn,1610612741,0021800044,Jump Shot,1,0,Above the Break 3
203897,Zach LaVine,1610612741,0021800044,Running Dunk Shot,1,1,Restricted Area
203200,Justin Holiday,1610612741,0021800044,Jump Shot,1,0,Left Corner 3
1628976,Wendell Carter Jr.,1610612741,0021800044,Cutting Dunk Shot,1,1,Restricted Area
1627739,Kris Dunn,1610612741,0021800044,Pullup Jump shot,1,0,In The Paint (Non-RA)
203200,Justin Holiday,1610612741,0021800044,Jump Shot,1,1,Left Corner 3
1628976,Wendell Carter Jr.,1610612741,0021800044,Jump Shot,1,0,Right Corner 3
201577,Robin Lopez,1610612741,0021800044,Hook Shot,1,0,In The Paint (Non-RA)
203897,Zach LaVine,1610612741,0021800044,Turnaround Fadeaway shot,1,0,Mid-Range
203897,Zach LaVine,1610612741,0021800044,Pullup Jump shot,1,0,Mid-Range
203953,Jabari Parker,1610612741,0021800044,Pullup Jump shot,1,0,Mid-Range
1628990,Chandler Hutchison,1610612741,0021800044,Driving Finger Roll Layup Shot,1,1,Restricted Area
203897,Zach LaVine,1610612741,0021800044,Driving Dunk Shot,1,1,Restricted Area
1628990,Chandler Hutchison,1610612741,0021800044,Running Jump Shot,1,0,Backcourt
1626166,Cameron Payne,1610612741,0021800044,Driving Floating Jump Shot,1,0,In The Paint (Non-RA)
1626171,Bobby Portis Jr.,1610612741,0021800044,Layup Shot,1,1,Restricted Area
1626166,Cameron Payne,1610612741,0021800044,Driving Floating Jump Shot,1,0,Mid-Range
1627739,Kris Dunn,1610612741,0021800044,Turnaround Fadeaway shot,1,0,Mid-Range
203953,Jabari Parker,1610612741,0021800044,Jump Shot,1,1,Above the Break 3
203953,Jabari Parker,1610612741,0021800044,Fadeaway Jump Shot,1,0,Mid-Range
1627739,Kris Dunn,1610612741,0021800044,Pullup Jump shot,1,0,Above the Break 3
203200,Justin Holiday,1610612741,0021800044,Jump Shot,1,1,Left Corner 3
203897,Zach LaVine,1610612741,0021800044,Driving Finger Roll Layup Shot,1,1,Restricted Area
203897,Zach LaVine,1610612741,0021800044,Pullup Jump shot,1,1,Above the Break 3
1626171,Bobby Portis Jr.,1610612741,0021800044,Driving Floating Jump Shot,1,0,Mid-Range
203897,Zach LaVine,1610612741,0021800044,Pullup Jump shot,1,0,Above the Break 3
1627739,Kris Dunn,1610612741,0021800044,Driving Floating Jump Shot,1,0,In The Paint (Non-RA)
203200,Justin Holiday,1610612741,0021800044,Jump Bank Shot,1,1,Above the Break 3
1626166,Cameron Payne,1610612741,0021800044,Driving Floating Bank Jump Shot,1,1,In The Paint (Non-RA)
1628469,Antonio Blakeney,1610612741,0021800044,Jump Shot,1,1,Left Corner 3
203200,Justin Holiday,1610612741,0021800044,Jump Bank Shot,1,1,Above the Break 3
203200,Justin Holiday,1610612741,0021800056,Pullup Jump shot,1,1,In The Paint (Non-RA)
203897,Zach LaVine,1610612741,0021800056,Driving Reverse Layup Shot,1,1,Restricted Area
203200,Justin Holiday,1610612741,0021800056,Jump Shot,1,1,Above the Break 3
1628976,Wendell Carter Jr.,1610612741,0021800056,Jump Shot,1,0,Mid-Range
1626245,Cristiano Felicio,1610612741,0021800056,Cutting Finger Roll Layup Shot,1,1,Restricted Area
1626171,Bobby Portis Jr.,1610612741,0021800056,Turnaround Jump Shot,1,0,In The Paint (Non-RA)
1626166,Cameron Payne,1610612741,0021800056,Jump Shot,1,0,Above the Break 3
203897,Zach LaVine,1610612741,0021800056,Layup Shot,1,0,Restricted Area
203897,Zach LaVine,1610612741,0021800056,Driving Layup Shot,1,1,Restricted Area
1626171,Bobby Portis Jr.,1610612741,0021800056,Jump Shot,1,0,Above the Break 3
1626171,Bobby Portis Jr.,1610612741,0021800056,Layup Shot,1,1,Restricted Area
203200,Justin Holiday,1610612741,0021800056,Driving Dunk Shot,1,1,Restricted Area
203897,Zach LaVine,1610612741,0021800056,Jump Shot,1,0,Above the Break 3
203953,Jabari Parker,1610612741,0021800056,Floating Jump shot,1,1,In The Paint (Non-RA)
1626245,Cristiano Felicio,1610612741,0021800056,Cutting Layup Shot,1,1,Restricted Area
203200,Justin Holiday,1610612741,0021800056,Jump Shot,1,0,Above the Break 3
1627853,Ryan Arcidiacono,1610612741,0021800056,Jump Shot,1,1,Above the Break 3
1627853,Ryan Arcidiacono,1610612741,0021800056,Jump Shot,1,0,Above the Break 3
203953,Jabari Parker,1610612741,0021800056,Pullup Jump shot,1,0,Mid-Range
1626245,Cristiano Felicio,1610612741,0021800056,Putback Layup Shot,1,1,Restricted Area
1628469,Antonio Blakeney,1610612741,0021800056,Jump Shot,1,0,Above the Break 3
1628990,Chandler Hutchison,1610612741,0021800056,Jump Shot,1,0,Above the Break 3
1628990,Chandler Hutchison,1610612741,0021800056,Cutting Dunk Shot,1,1,Restricted Area
203953,Jabari Parker,1610612741,0021800056,Jump Shot,1,1,In The Paint (Non-RA)
1628990,Chandler Hutchison,1610612741,0021800056,Driving Layup Shot,1,1,Restricted Area
1628990,Chandler Hutchison,1610612741,0021800056,Turnaround Jump Shot,1,1,In The Paint (Non-RA)
1628469,Antonio Blakeney,1610612741,0021800056,Pullup Jump shot,1,1,Mid-Range
1628990,Chandler Hutchison,1610612741,0021800056,Driving Floating Jump Shot,1,1,In The Paint (Non-RA)
203953,Jabari Parker,1610612741,0021800056,Jump Shot,1,0,Right Corner 3
203953,Jabari Parker,1610612741,0021800056,Jump Shot,1,0,Above the Break 3
203897,Zach LaVine,1610612741,0021800056,Layup Shot,1,1,Restricted Area
1628976,Wendell Carter Jr.,1610612741,0021800056,Turnaround Jump Shot,1,0,In The Paint (Non-RA)
203897,Zach LaVine,1610612741,0021800056,Layup Shot,1,0,Restricted Area
203897,Zach LaVine,1610612741,0021800056,Putback Layup Shot,1,0,Restricted Area
1628976,Wendell Carter Jr.,1610612741,0021800056,Putback Layup Shot,1,0,Restricted Area
1628976,Wendell Carter Jr.,1610612741,0021800056,Putback Layup Shot,1,0,Restricted Area
203953,Jabari Parker,1610612741,0021800056,Jump Shot,1,1,In The Paint (Non-RA)
203897,Zach LaVine,1610612741,0021800056,Driving Layup Shot,1,0,Restricted Area
203200,Justin Holiday,1610612741,0021800056,Fadeaway Jump Shot,1,0,Restricted Area
203897,Zach LaVine,1610612741,0021800056,Jump Shot,1,1,Above the Break 3
203200,Justin Holiday,1610612741,0021800056,Jump Shot,1,0,Above the Break 3
1626166,Cameron Payne,1610612741,0021800056,Jump Shot,1,0,Above the Break 3
1626171,Bobby Portis Jr.,1610612741,0021800056,Floating Jump shot,1,0,In The Paint (Non-RA)
1626166,Cameron Payne,1610612741,0021800056,Jump Shot,1,0,Above the Break 3
1628976,Wendell Carter Jr.,1610612741,0021800056,Jump Shot,1,0,Mid-Range
1626166,Cameron Payne,1610612741,0021800056,Jump Shot,1,1,Left Corner 3
203200,Justin Holiday,1610612741,0021800056,Jump Shot,1,0,Above the Break 3
1628976,Wendell Carter Jr.,1610612741,0021800056,Jump Shot,1,1,In The Paint (Non-RA)
1626166,Cameron Payne,1610612741,0021800056,Jump Shot,1,0,In The Paint (Non-RA)
1628976,Wendell Carter Jr.,1610612741,0021800056,Turnaround Hook Shot,1,1,Restricted Area
203897,Zach LaVine,1610612741,0021800056,Driving Layup Shot,1,1,Restricted Area
1626171,Bobby Portis Jr.,1610612741,0021800056,Driving Dunk Shot,1,1,Restricted Area
203200,Justin Holiday,1610612741,0021800056,Jump Shot,1,0,Above the Break 3
1626166,Cameron Payne,1610612741,0021800056,Jump Shot,1,1,Left Corner 3
203897,Zach LaVine,1610612741,0021800056,Jump Shot,1,0,Above the Break 3
1626166,Cameron Payne,1610612741,0021800056,Step Back Jump shot,1,1,Above the Break 3
203897,Zach LaVine,1610612741,0021800056,Driving Dunk Shot,1,1,Restricted Area
1626166,Cameron Payne,1610612741,0021800056,Jump Shot,1,1,Left Corner 3
1626166,Cameron Payne,1610612741,0021800056,Jump Shot,1,1,Above the Break 3
203897,Zach LaVine,1610612741,0021800056,Jump Shot,1,0,Above the Break 3
1626245,Cristiano Felicio,1610612741,0021800056,Cutting Layup Shot,1,0,Restricted Area
203953,Jabari Parker,1610612741,0021800056,Step Back Jump shot,1,0,Mid-Range
1627853,Ryan Arcidiacono,1610612741,0021800056,Driving Layup Shot,1,1,Restricted Area
203897,Zach LaVine,1610612741,0021800056,Driving Layup Shot,1,0,Restricted Area
1626166,Cameron Payne,1610612741,0021800056,Jump Shot,1,1,Above the Break 3
1626166,Cameron Payne,1610612741,0021800056,Jump Shot,1,0,Above the Break 3
203897,Zach LaVine,1610612741,0021800056,Driving Layup Shot,1,0,Restricted Area
203200,Justin Holiday,1610612741,0021800056,Jump Shot,1,0,Above the Break 3
203897,Zach LaVine,1610612741,0021800056,Jump Shot,1,0,Right Corner 3
203897,Zach LaVine,1610612741,0021800056,Driving Layup Shot,1,1,Restricted Area
203897,Zach LaVine,1610612741,0021800056,Driving Dunk Shot,1,1,Restricted Area
1626166,Cameron Payne,1610612741,0021800056,Driving Layup Shot,1,0,Restricted Area
1626166,Cameron Payne,1610612741,0021800056,Jump Shot,1,1,Above the Break 3
203897,Zach LaVine,1610612741,0021800056,Step Back Jump shot,1,0,Mid-Range
203897,Zach LaVine,1610612741,0021800056,Driving Reverse Layup Shot,1,1,Restricted Area
203897,Zach LaVine,1610612741,0021800056,Turnaround Jump Shot,1,1,Mid-Range
203897,Zach LaVine,1610612741,0021800056,Step Back Jump shot,1,0,Mid-Range
203897,Zach LaVine,1610612741,0021800067,Step Back Jump shot,1,1,Right Corner 3
1628976,Wendell Carter Jr.,1610612741,0021800067,Layup Shot,1,0,Restricted Area
203897,Zach LaVine,1610612741,0021800067,Layup Shot,1,0,Restricted Area
203200,Justin Holiday,1610612741,0021800067,Jump Shot,1,0,Above the Break 3
1628976,Wendell Carter Jr.,1610612741,0021800067,Jump Shot,1,1,Above the Break 3
203897,Zach LaVine,1610612741,0021800067,Driving Layup Shot,1,0,Restricted Area
1628990,Chandler Hutchison,1610612741,0021800067,Layup Shot,1,0,Restricted Area
1626166,Cameron Payne,1610612741,0021800067,Jump Shot,1,0,Above the Break 3
203897,Zach LaVine,1610612741,0021800067,Running Layup Shot,1,0,Restricted Area
1626166,Cameron Payne,1610612741,0021800067,Driving Layup Shot,1,1,Restricted Area
1626245,Cristiano Felicio,1610612741,0021800067,Jump Shot,1,1,In The Paint (Non-RA)
1626166,Cameron Payne,1610612741,0021800067,Jump Shot,1,1,Above the Break 3
203897,Zach LaVine,1610612741,0021800067,Jump Shot,1,0,Above the Break 3
1626166,Cameron Payne,1610612741,0021800067,Driving Layup Shot,1,0,Restricted Area
1626245,Cristiano Felicio,1610612741,0021800067,Turnaround Bank Hook Shot,1,1,In The Paint (Non-RA)
1626166,Cameron Payne,1610612741,0021800067,Driving Layup Shot,1,1,Restricted Area
203953,Jabari Parker,1610612741,0021800067,Jump Shot,1,0,Above the Break 3
1626166,Cameron Payne,1610612741,0021800067,Jump Shot,1,1,Above the Break 3
1628469,Antonio Blakeney,1610612741,0021800067,Jump Shot,1,0,Right Corner 3
1628469,Antonio Blakeney,1610612741,0021800067,Floating Jump shot,1,1,In The Paint (Non-RA)
203953,Jabari Parker,1610612741,0021800067,Layup Shot,1,1,In The Paint (Non-RA)
1626245,Cristiano Felicio,1610612741,0021800067,Layup Shot,1,0,Restricted Area
203953,Jabari Parker,1610612741,0021800067,Layup Shot,1,0,Restricted Area
203953,Jabari Parker,1610612741,0021800067,Dunk Shot,1,1,Restricted Area
1627853,Ryan Arcidiacono,1610612741,0021800067,Jump Shot,1,0,Left Corner 3
1628469,Antonio Blakeney,1610612741,0021800067,Pullup Jump shot,1,0,Mid-Range
1628469,Antonio Blakeney,1610612741,0021800067,Jump Shot,1,0,Above the Break 3
1626245,Cristiano Felicio,1610612741,0021800067,Layup Shot,1,1,Restricted Area
203953,Jabari Parker,1610612741,0021800067,Pullup Jump shot,1,1,In The Paint (Non-RA)
203897,Zach LaVine,1610612741,0021800067,Jump Shot,1,0,Above the Break 3
203200,Justin Holiday,1610612741,0021800067,Jump Shot,1,0,Left Corner 3
203897,Zach LaVine,1610612741,0021800067,Jump Shot,1,1,Left Corner 3
203953,Jabari Parker,1610612741,0021800067,Jump Shot,1,1,Left Corner 3
1628976,Wendell Carter Jr.,1610612741,0021800067,Jump Shot,1,0,Mid-Range
1626166,Cameron Payne,1610612741,0021800067,Driving Floating Jump Shot,1,0,In The Paint (Non-RA)
1626166,Cameron Payne,1610612741,0021800067,Tip Layup Shot,1,1,Restricted Area
203897,Zach LaVine,1610612741,0021800067,Jump Shot,1,1,Above the Break 3
203897,Zach LaVine,1610612741,0021800067,Cutting Dunk Shot,1,1,Restricted Area
1626166,Cameron Payne,1610612741,0021800067,Jump Shot,1,1,Mid-Range
203200,Justin Holiday,1610612741,0021800067,Jump Shot,1,0,Mid-Range
203897,Zach LaVine,1610612741,0021800067,Driving Layup Shot,1,0,Restricted Area
203200,Justin Holiday,1610612741,0021800067,Driving Floating Jump Shot,1,1,Restricted Area
1626166,Cameron Payne,1610612741,0021800067,Jump Shot,1,0,Above the Break 3
1628990,Chandler Hutchison,1610612741,0021800067,Driving Floating Jump Shot,1,0,In The Paint (Non-RA)
1628976,Wendell Carter Jr.,1610612741,0021800067,Hook Shot,1,1,In The Paint (Non-RA)
203200,Justin Holiday,1610612741,0021800067,Jump Shot,1,0,Above the Break 3
203897,Zach LaVine,1610612741,0021800067,Jump Shot,1,1,Above the Break 3
203897,Zach LaVine,1610612741,0021800067,Jump Shot,1,0,Above the Break 3
203897,Zach LaVine,1610612741,0021800067,Cutting Dunk Shot,1,1,Restricted Area
1628990,Chandler Hutchison,1610612741,0021800067,Jump Shot,1,0,Above the Break 3
203953,Jabari Parker,1610612741,0021800067,Jump Shot,1,0,Above the Break 3
203897,Zach LaVine,1610612741,0021800067,Jump Shot,1,0,Above the Break 3
1627853,Ryan Arcidiacono,1610612741,0021800067,Jump Shot,1,1,Above the Break 3
203200,Justin Holiday,1610612741,0021800067,Jump Shot,1,1,Right Corner 3
203897,Zach LaVine,1610612741,0021800067,Layup Shot,1,0,Restricted Area
203897,Zach LaVine,1610612741,0021800067,Driving Layup Shot,1,0,Restricted Area
1626245,Cristiano Felicio,1610612741,0021800067,Jump Shot,1,0,Mid-Range
203953,Jabari Parker,1610612741,0021800067,Jump Shot,1,0,Mid-Range
203953,Jabari Parker,1610612741,0021800067,Driving Layup Shot,1,0,In The Paint (Non-RA)
203200,Justin Holiday,1610612741,0021800067,Jump Shot,1,0,Above the Break 3
203953,Jabari Parker,1610612741,0021800067,Jump Shot,1,0,Above the Break 3
203953,Jabari Parker,1610612741,0021800067,Jump Shot,1,1,Restricted Area
1628469,Antonio Blakeney,1610612741,0021800067,Jump Shot,1,0,Mid-Range
1627885,Shaquille Harrison,1610612741,0021800067,Jump Shot,1,0,In The Paint (Non-RA)
1628469,Antonio Blakeney,1610612741,0021800067,Jump Shot,1,1,Above the Break 3
203953,Jabari Parker,1610612741,0021800067,Jump Shot,1,1,Left Corner 3
1627853,Ryan Arcidiacono,1610612741,0021800067,Reverse Layup Shot,1,1,Restricted Area
203953,Jabari Parker,1610612741,0021800067,Jump Shot,1,1,In The Paint (Non-RA)
1628469,Antonio Blakeney,1610612741,0021800067,Floating Jump shot,1,1,In The Paint (Non-RA)
1627885,Shaquille Harrison,1610612741,0021800067,Running Layup Shot,1,1,Restricted Area
1627885,Shaquille Harrison,1610612741,0021800067,Layup Shot,1,0,Restricted Area
1627885,Shaquille Harrison,1610612741,0021800067,Layup Shot,1,0,Restricted Area
203953,Jabari Parker,1610612741,0021800067,Layup Shot,1,0,Restricted Area
1627885,Shaquille Harrison,1610612741,0021800067,Jump Shot,1,1,Above the Break 3
1628469,Antonio Blakeney,1610612741,0021800067,Jump Shot,1,1,Left Corner 3
1626245,Cristiano Felicio,1610612741,0021800067,Floating Jump shot,1,0,Restricted Area
1627885,Shaquille Harrison,1610612741,0021800067,Jump Shot,1,0,Above the Break 3
1627853,Ryan Arcidiacono,1610612741,0021800067,Jump Shot,1,0,Above the Break 3
1628990,Chandler Hutchison,1610612741,0021800067,Turnaround Jump Shot,1,0,Mid-Range
1627885,Shaquille Harrison,1610612741,0021800067,Jump Shot,1,1,Right Corner 3
1628976,Wendell Carter Jr.,1610612741,0021800067,Jump Shot,1,0,Mid-Range
1628469,Antonio Blakeney,1610612741,0021800067,Step Back Jump shot,1,0,Above the Break 3
1627853,Ryan Arcidiacono,1610612741,0021800067,Jump Shot,1,1,Right Corner 3
1628469,Antonio Blakeney,1610612741,0021800067,Driving Floating Jump Shot,1,1,In The Paint (Non-RA)
1627885,Shaquille Harrison,1610612741,0021800067,Fadeaway Jump Shot,1,0,In The Paint (Non-RA)
1626166,Cameron Payne,1610612741,0021800076,Jump Shot,1,0,Right Corner 3
203897,Zach LaVine,1610612741,0021800076,Cutting Dunk Shot,1,1,Restricted Area
1626166,Cameron Payne,1610612741,0021800076,Jump Shot,1,0,Above the Break 3
1628990,Chandler Hutchison,1610612741,0021800076,Dunk Shot,1,0,Restricted Area
203897,Zach LaVine,1610612741,0021800076,Layup Shot,1,0,In The Paint (Non-RA)
1628976,Wendell Carter Jr.,1610612741,0021800076,Jump Shot,1,0,Above the Break 3
203200,Justin Holiday,1610612741,0021800076,Pullup Jump shot,1,1,Above the Break 3
203200,Justin Holiday,1610612741,0021800076,Running Layup Shot,1,0,Restricted Area
1628976,Wendell Carter Jr.,1610612741,0021800076,Turnaround Jump Shot,1,1,Mid-Range
1628990,Chandler Hutchison,1610612741,0021800076,Running Layup Shot,1,1,Restricted Area
203200,Justin Holiday,1610612741,0021800076,Jump Shot,1,0,Left Corner 3
1628976,Wendell Carter Jr.,1610612741,0021800076,Alley Oop Dunk Shot,1,1,Restricted Area
203897,Zach LaVine,1610612741,0021800076,Jump Shot,1,0,Left Corner 3
203953,Jabari Parker,1610612741,0021800076,Jump Shot,1,0,Mid-Range
203897,Zach LaVine,1610612741,0021800076,Pullup Jump shot,1,0,In The Paint (Non-RA)
203200,Justin Holiday,1610612741,0021800076,Jump Shot,1,0,Left Corner 3
1628976,Wendell Carter Jr.,1610612741,0021800076,Alley Oop Layup shot,1,1,Restricted Area
203897,Zach LaVine,1610612741,0021800076,Driving Layup Shot,1,1,Restricted Area
203953,Jabari Parker,1610612741,0021800076,Pullup Jump shot,1,0,Mid-Range
1627853,Ryan Arcidiacono,1610612741,0021800076,Jump Shot,1,1,Above the Break 3
203953,Jabari Parker,1610612741,0021800076,Jump Shot,1,0,Left Corner 3
1627853,Ryan Arcidiacono,1610612741,0021800076,Driving Layup Shot,1,0,In The Paint (Non-RA)
203200,Justin Holiday,1610612741,0021800076,Jump Shot,1,0,Above the Break 3
203953,Jabari Parker,1610612741,0021800076,Jump Shot,1,0,Mid-Range
203953,Jabari Parker,1610612741,0021800076,Jump Shot,1,0,Above the Break 3
1628469,Antonio Blakeney,1610612741,0021800076,Pullup Jump shot,1,1,In The Paint (Non-RA)
1627853,Ryan Arcidiacono,1610612741,0021800076,Jump Shot,1,1,Mid-Range
1627853,Ryan Arcidiacono,1610612741,0021800076,Jump Shot,1,0,Above the Break 3
1628469,Antonio Blakeney,1610612741,0021800076,Driving Floating Jump Shot,1,0,In The Paint (Non-RA)
203953,Jabari Parker,1610612741,0021800076,Running Jump Shot,1,0,In The Paint (Non-RA)
203953,Jabari Parker,1610612741,0021800076,Driving Dunk Shot,1,1,Restricted Area
1628469,Antonio Blakeney,1610612741,0021800076,Driving Layup Shot,1,1,In The Paint (Non-RA)
203953,Jabari Parker,1610612741,0021800076,Running Layup Shot,1,1,Restricted Area
1626245,Cristiano Felicio,1610612741,0021800076,Jump Shot,1,0,In The Paint (Non-RA)
203953,Jabari Parker,1610612741,0021800076,Step Back Jump shot,1,0,Mid-Range
1628976,Wendell Carter Jr.,1610612741,0021800076,Jump Shot,1,0,Left Corner 3
1628469,Antonio Blakeney,1610612741,0021800076,Jump Shot,1,0,Left Corner 3
1628469,Antonio Blakeney,1610612741,0021800076,Jump Shot,1,1,Left Corner 3
203897,Zach LaVine,1610612741,0021800076,Driving Layup Shot,1,0,In The Paint (Non-RA)
1627853,Ryan Arcidiacono,1610612741,0021800076,Running Layup Shot,1,0,Restricted Area
1628976,Wendell Carter Jr.,1610612741,0021800076,Turnaround Jump Shot,1,0,In The Paint (Non-RA)
1628976,Wendell Carter Jr.,1610612741,0021800076,Layup Shot,1,0,Restricted Area
203897,Zach LaVine,1610612741,0021800076,Jump Shot,1,1,Left Corner 3
203897,Zach LaVine,1610612741,0021800076,Driving Layup Shot,1,0,Restricted Area
203200,Justin Holiday,1610612741,0021800076,Jump Shot,1,0,Above the Break 3
203200,Justin Holiday,1610612741,0021800076,Jump Shot,1,0,Above the Break 3
203897,Zach LaVine,1610612741,0021800076,Driving Layup Shot,1,0,Restricted Area
1628990,Chandler Hutchison,1610612741,0021800076,Running Layup Shot,1,1,Restricted Area
203897,Zach LaVine,1610612741,0021800076,Pullup Jump shot,1,1,Mid-Range
1628976,Wendell Carter Jr.,1610612741,0021800076,Turnaround Jump Shot,1,1,Mid-Range
203897,Zach LaVine,1610612741,0021800076,Jump Shot,1,0,Mid-Range
203897,Zach LaVine,1610612741,0021800076,Running Layup Shot,1,1,Restricted Area
203200,Justin Holiday,1610612741,0021800076,Jump Shot,1,0,Above the Break 3
1628990,Chandler Hutchison,1610612741,0021800076,Driving Layup Shot,1,0,In The Paint (Non-RA)
203897,Zach LaVine,1610612741,0021800076,Driving Layup Shot,1,1,Restricted Area
203897,Zach LaVine,1610612741,0021800076,Driving Layup Shot,1,1,Restricted Area
203897,Zach LaVine,1610612741,0021800076,Pullup Jump shot,1,0,Above the Break 3
203897,Zach LaVine,1610612741,0021800076,Jump Shot,1,0,Above the Break 3
1628976,Wendell Carter Jr.,1610612741,0021800076,Layup Shot,1,0,Restricted Area
203953,Jabari Parker,1610612741,0021800076,Jump Shot,1,0,Left Corner 3
203897,Zach LaVine,1610612741,0021800076,Driving Layup Shot,1,1,Restricted Area
1628990,Chandler Hutchison,1610612741,0021800076,Running Layup Shot,1,0,Restricted Area
1626245,Cristiano Felicio,1610612741,0021800076,Cutting Layup Shot,1,1,Restricted Area
203953,Jabari Parker,1610612741,0021800076,Driving Layup Shot,1,1,Restricted Area
1627853,Ryan Arcidiacono,1610612741,0021800076,Pullup Jump shot,1,1,Above the Break 3
203953,Jabari Parker,1610612741,0021800076,Layup Shot,1,1,Restricted Area
1628469,Antonio Blakeney,1610612741,0021800076,Pullup Jump shot,1,1,In The Paint (Non-RA)
203200,Justin Holiday,1610612741,0021800076,Pullup Jump shot,1,0,Mid-Range
203953,Jabari Parker,1610612741,0021800076,Jump Shot,1,1,Above the Break 3
1627853,Ryan Arcidiacono,1610612741,0021800076,Jump Shot,1,1,Above the Break 3
1628469,Antonio Blakeney,1610612741,0021800076,Running Layup Shot,1,0,Restricted Area
1627853,Ryan Arcidiacono,1610612741,0021800076,Pullup Jump shot,1,1,Mid-Range
203200,Justin Holiday,1610612741,0021800076,Jump Shot,1,1,Right Corner 3
1628469,Antonio Blakeney,1610612741,0021800076,Pullup Jump shot,1,0,In The Paint (Non-RA)
1627853,Ryan Arcidiacono,1610612741,0021800076,Jump Shot,1,0,Above the Break 3
203897,Zach LaVine,1610612741,0021800076,Jump Shot,1,0,Above the Break 3
203200,Justin Holiday,1610612741,0021800076,Jump Shot,1,1,Left Corner 3
203953,Jabari Parker,1610612741,0021800076,Jump Shot,1,1,Above the Break 3
203200,Justin Holiday,1610612741,0021800076,Jump Shot,1,1,Left Corner 3
203953,Jabari Parker,1610612741,0021800076,Dunk Shot,1,0,Restricted Area
1627853,Ryan Arcidiacono,1610612741,0021800076,Jump Shot,1,0,Above the Break 3
203953,Jabari Parker,1610612741,0021800076,Pullup Jump shot,1,1,Above the Break 3
203897,Zach LaVine,1610612741,0021800076,Step Back Jump shot,1,1,Mid-Range
1628976,Wendell Carter Jr.,1610612741,0021800091,Pullup Jump shot,1,0,Mid-Range
203897,Zach LaVine,1610612741,0021800091,Jump Shot,1,0,Mid-Range
203200,Justin Holiday,1610612741,0021800091,Jump Shot,1,0,Right Corner 3
203200,Justin Holiday,1610612741,0021800091,Jump Shot,1,1,Right Corner 3
1628976,Wendell Carter Jr.,1610612741,0021800091,Driving Layup Shot,1,0,Restricted Area
1626166,Cameron Payne,1610612741,0021800091,Step Back Jump shot,1,1,Mid-Range
1626166,Cameron Payne,1610612741,0021800091,Jump Shot,1,0,Above the Break 3
203897,Zach LaVine,1610612741,0021800091,Driving Floating Jump Shot,1,0,Mid-Range
1626166,Cameron Payne,1610612741,0021800091,Layup Shot,1,0,Restricted Area
1628976,Wendell Carter Jr.,1610612741,0021800091,Jump Shot,1,0,Above the Break 3
203897,Zach LaVine,1610612741,0021800091,Driving Reverse Layup Shot,1,1,Restricted Area
1628976,Wendell Carter Jr.,1610612741,0021800091,Jump Shot,1,0,Left Corner 3
203897,Zach LaVine,1610612741,0021800091,Driving Layup Shot,1,1,Restricted Area
203897,Zach LaVine,1610612741,0021800091,Jump Shot,1,1,Above the Break 3
203953,Jabari Parker,1610612741,0021800091,Jump Shot,1,0,Mid-Range
203897,Zach LaVine,1610612741,0021800091,Jump Shot,1,0,Above the Break 3
203897,Zach LaVine,1610612741,0021800091,Jump Shot,1,0,In The Paint (Non-RA)
1628976,Wendell Carter Jr.,1610612741,0021800091,Layup Shot,1,1,Restricted Area
1626166,Cameron Payne,1610612741,0021800091,Driving Layup Shot,1,1,Restricted Area
1626166,Cameron Payne,1610612741,0021800091,Jump Shot,1,0,Above the Break 3
1626245,Cristiano Felicio,1610612741,0021800091,Tip Layup Shot,1,0,Restricted Area
203953,Jabari Parker,1610612741,0021800091,Step Back Jump shot,1,1,Mid-Range
1626166,Cameron Payne,1610612741,0021800091,Reverse Layup Shot,1,1,Restricted Area
203953,Jabari Parker,1610612741,0021800091,Jump Shot,1,1,Mid-Range
203953,Jabari Parker,1610612741,0021800091,Step Back Jump shot,1,0,Mid-Range
203953,Jabari Parker,1610612741,0021800091,Jump Shot,1,0,Above the Break 3
1628469,Antonio Blakeney,1610612741,0021800091,Pullup Jump shot,1,0,Mid-Range
203200,Justin Holiday,1610612741,0021800091,Jump Shot,1,0,Mid-Range
203953,Jabari Parker,1610612741,0021800091,Driving Layup Shot,1,0,Restricted Area
1626245,Cristiano Felicio,1610612741,0021800091,Layup Shot,1,1,Restricted Area
203200,Justin Holiday,1610612741,0021800091,Jump Shot,1,1,Above the Break 3
1627853,Ryan Arcidiacono,1610612741,0021800091,Jump Shot,1,0,Above the Break 3
203200,Justin Holiday,1610612741,0021800091,Jump Shot,1,0,Above the Break 3
203953,Jabari Parker,1610612741,0021800091,Jump Shot,1,0,Above the Break 3
203953,Jabari Parker,1610612741,0021800091,Driving Layup Shot,1,1,Restricted Area
203200,Justin Holiday,1610612741,0021800091,Driving Layup Shot,1,0,Restricted Area
203200,Justin Holiday,1610612741,0021800091,Jump Shot,1,1,Right Corner 3
1627853,Ryan Arcidiacono,1610612741,0021800091,Jump Shot,1,0,Above the Break 3
203897,Zach LaVine,1610612741,0021800091,Cutting Layup Shot,1,1,Restricted Area
1628976,Wendell Carter Jr.,1610612741,0021800091,Layup Shot,1,1,Restricted Area
1628976,Wendell Carter Jr.,1610612741,0021800091,Jump Shot,1,1,Mid-Range
1627885,Shaquille Harrison,1610612741,0021800091,Driving Layup Shot,1,1,Restricted Area
1628976,Wendell Carter Jr.,1610612741,0021800091,Hook Shot,1,0,In The Paint (Non-RA)
203897,Zach LaVine,1610612741,0021800091,Jump Shot,1,0,In The Paint (Non-RA)
203897,Zach LaVine,1610612741,0021800091,Jump Shot,1,0,Above the Break 3
1627885,Shaquille Harrison,1610612741,0021800091,Driving Layup Shot,1,0,Restricted Area
1628976,Wendell Carter Jr.,1610612741,0021800091,Alley Oop Layup shot,1,0,Restricted Area
1627885,Shaquille Harrison,1610612741,0021800091,Jump Shot,1,0,Above the Break 3
1626166,Cameron Payne,1610612741,0021800091,Driving Layup Shot,1,1,Restricted Area
203953,Jabari Parker,1610612741,0021800091,Jump Shot,1,0,Above the Break 3
203897,Zach LaVine,1610612741,0021800091,Jump Shot,1,0,Above the Break 3
203200,Justin Holiday,1610612741,0021800091,Jump Shot,1,0,Above the Break 3
203897,Zach LaVine,1610612741,0021800091,Cutting Layup Shot,1,1,Restricted Area
1628976,Wendell Carter Jr.,1610612741,0021800091,Jump Shot,1,1,Mid-Range
203897,Zach LaVine,1610612741,0021800091,Jump Shot,1,1,Above the Break 3
1628990,Chandler Hutchison,1610612741,0021800091,Jump Shot,1,0,Above the Break 3
203200,Justin Holiday,1610612741,0021800091,Jump Shot,1,0,Above the Break 3
203897,Zach LaVine,1610612741,0021800091,Jump Shot,1,0,Above the Break 3
1626166,Cameron Payne,1610612741,0021800091,Jump Shot,1,1,Above the Break 3
203897,Zach LaVine,1610612741,0021800091,Driving Layup Shot,1,1,Restricted Area
203897,Zach LaVine,1610612741,0021800091,Jump Shot,1,0,Restricted Area
1626166,Cameron Payne,1610612741,0021800091,Layup Shot,1,0,Restricted Area
1628976,Wendell Carter Jr.,1610612741,0021800091,Jump Shot,1,1,Mid-Range
203897,Zach LaVine,1610612741,0021800091,Driving Layup Shot,1,1,Restricted Area
1628976,Wendell Carter Jr.,1610612741,0021800091,Dunk Shot,1,1,Restricted Area
1628469,Antonio Blakeney,1610612741,0021800091,Driving Layup Shot,1,1,Restricted Area
1628469,Antonio Blakeney,1610612741,0021800091,Jump Shot,1,1,Left Corner 3
1628469,Antonio Blakeney,1610612741,0021800091,Jump Shot,1,0,Mid-Range
1627885,Shaquille Harrison,1610612741,0021800091,Driving Layup Shot,1,1,Restricted Area
1627885,Shaquille Harrison,1610612741,0021800091,Driving Floating Jump Shot,1,1,In The Paint (Non-RA)
1628469,Antonio Blakeney,1610612741,0021800091,Layup Shot,1,0,Restricted Area
1628469,Antonio Blakeney,1610612741,0021800091,Putback Layup Shot,1,1,Restricted Area
1628976,Wendell Carter Jr.,1610612741,0021800091,Cutting Layup Shot,1,1,Restricted Area
203953,Jabari Parker,1610612741,0021800091,Driving Floating Jump Shot,1,1,In The Paint (Non-RA)
203953,Jabari Parker,1610612741,0021800091,Driving Layup Shot,1,0,Restricted Area
203953,Jabari Parker,1610612741,0021800091,Step Back Jump shot,1,0,Mid-Range
1628469,Antonio Blakeney,1610612741,0021800091,Jump Shot,1,1,Left Corner 3
203953,Jabari Parker,1610612741,0021800091,Driving Layup Shot,1,1,Restricted Area
1628469,Antonio Blakeney,1610612741,0021800091,Jump Shot,1,1,Above the Break 3
1626245,Cristiano Felicio,1610612741,0021800091,Layup Shot,1,0,Restricted Area
1626245,Cristiano Felicio,1610612741,0021800091,Putback Layup Shot,1,1,Restricted Area
203953,Jabari Parker,1610612741,0021800091,Running Layup Shot,1,1,Restricted Area
1628469,Antonio Blakeney,1610612741,0021800091,Jump Shot,1,0,Above the Break 3
203953,Jabari Parker,1610612741,0021800091,Driving Layup Shot,1,1,Restricted Area
1627885,Shaquille Harrison,1610612741,0021800091,Driving Finger Roll Layup Shot,1,1,Restricted Area
1627885,Shaquille Harrison,1610612741,0021800091,Layup Shot,1,1,Restricted Area
1627853,Ryan Arcidiacono,1610612741,0021800091,Jump Shot,1,1,Above the Break 3
1628469,Antonio Blakeney,1610612741,0021800091,Jump Shot,1,0,Above the Break 3
1627853,Ryan Arcidiacono,1610612741,0021800091,Jump Shot,1,0,Above the Break 3
1628469,Antonio Blakeney,1610612741,0021800091,Step Back Jump shot,1,1,Mid-Range
1627853,Ryan Arcidiacono,1610612741,0021800091,Jump Shot,1,0,Left Corner 3
1626245,Cristiano Felicio,1610612741,0021800091,Alley Oop Dunk Shot,1,1,Restricted Area
1627885,Shaquille Harrison,1610612741,0021800091,Pullup Jump shot,1,0,Above the Break 3
1628469,Antonio Blakeney,1610612741,0021800091,Jump Shot,1,1,Above the Break 3
1628976,Wendell Carter Jr.,1610612741,0021800106,Jump Shot,1,1,Mid-Range
1628976,Wendell Carter Jr.,1610612741,0021800106,Turnaround Fadeaway shot,1,0,Mid-Range
1628976,Wendell Carter Jr.,1610612741,0021800106,Jump Shot,1,0,In The Paint (Non-RA)
1628976,Wendell Carter Jr.,1610612741,0021800106,Tip Layup Shot,1,0,Restricted Area
203953,Jabari Parker,1610612741,0021800106,Driving Layup Shot,1,0,Restricted Area
203897,Zach LaVine,1610612741,0021800106,Jump Shot,1,1,Above the Break 3
203897,Zach LaVine,1610612741,0021800106,Jump Shot,1,0,Above the Break 3
1626166,Cameron Payne,1610612741,0021800106,Driving Floating Jump Shot,1,0,In The Paint (Non-RA)
1628976,Wendell Carter Jr.,1610612741,0021800106,Driving Layup Shot,1,1,Restricted Area
1628976,Wendell Carter Jr.,1610612741,0021800106,Turnaround Jump Shot,1,0,Mid-Range
203897,Zach LaVine,1610612741,0021800106,Jump Shot,1,0,Above the Break 3
1626166,Cameron Payne,1610612741,0021800106,Driving Layup Shot,1,0,In The Paint (Non-RA)
1628976,Wendell Carter Jr.,1610612741,0021800106,Layup Shot,1,0,Restricted Area
1626166,Cameron Payne,1610612741,0021800106,Jump Shot,1,1,Above the Break 3
1628976,Wendell Carter Jr.,1610612741,0021800106,Layup Shot,1,1,Restricted Area
1626166,Cameron Payne,1610612741,0021800106,Pullup Jump shot,1,0,Mid-Range
1628976,Wendell Carter Jr.,1610612741,0021800106,Layup Shot,1,0,Restricted Area
1628976,Wendell Carter Jr.,1610612741,0021800106,Turnaround Hook Shot,1,1,Restricted Area
203897,Zach LaVine,1610612741,0021800106,Driving Layup Shot,1,1,Restricted Area
203897,Zach LaVine,1610612741,0021800106,Driving Layup Shot,1,0,Restricted Area
203200,Justin Holiday,1610612741,0021800106,Jump Shot,1,0,Above the Break 3
1628990,Chandler Hutchison,1610612741,0021800106,Jump Shot,1,1,Above the Break 3
1628469,Antonio Blakeney,1610612741,0021800106,Jump Shot,1,1,Left Corner 3
203200,Justin Holiday,1610612741,0021800106,Jump Shot,1,0,Above the Break 3
1628990,Chandler Hutchison,1610612741,0021800106,Jump Shot,1,0,Left Corner 3
203953,Jabari Parker,1610612741,0021800106,Jump Shot,1,0,Left Corner 3
1628990,Chandler Hutchison,1610612741,0021800106,Driving Dunk Shot,1,0,Restricted Area
1626245,Cristiano Felicio,1610612741,0021800106,Cutting Layup Shot,1,0,Restricted Area
1628469,Antonio Blakeney,1610612741,0021800106,Floating Jump shot,1,0,Mid-Range
1628469,Antonio Blakeney,1610612741,0021800106,Jump Shot,1,1,Right Corner 3
1628469,Antonio Blakeney,1610612741,0021800106,Jump Shot,1,1,Above the Break 3
1628990,Chandler Hutchison,1610612741,0021800106,Jump Shot,1,0,Above the Break 3
203953,Jabari Parker,1610612741,0021800106,Jump Bank Shot,1,0,Mid-Range
1627853,Ryan Arcidiacono,1610612741,0021800106,Jump Shot,1,1,Right Corner 3
1626166,Cameron Payne,1610612741,0021800106,Jump Shot,1,0,Left Corner 3
1628990,Chandler Hutchison,1610612741,0021800106,Layup Shot,1,1,Restricted Area
203897,Zach LaVine,1610612741,0021800106,Layup Shot,1,0,Restricted Area
203897,Zach LaVine,1610612741,0021800106,Fadeaway Jump Shot,1,0,Mid-Range
1628990,Chandler Hutchison,1610612741,0021800106,Layup Shot,1,1,Restricted Area
203200,Justin Holiday,1610612741,0021800106,Jump Shot,1,1,Above the Break 3
203897,Zach LaVine,1610612741,0021800106,Running Dunk Shot,1,1,Restricted Area
1626166,Cameron Payne,1610612741,0021800106,Jump Shot,1,0,Above the Break 3
1628976,Wendell Carter Jr.,1610612741,0021800106,Driving Floating Jump Shot,1,0,In The Paint (Non-RA)
1626166,Cameron Payne,1610612741,0021800106,Driving Layup Shot,1,0,Restricted Area
203200,Justin Holiday,1610612741,0021800106,Jump Shot,1,1,Right Corner 3
203897,Zach LaVine,1610612741,0021800106,Driving Layup Shot,1,0,Restricted Area
203897,Zach LaVine,1610612741,0021800106,Step Back Jump shot,1,1,Right Corner 3
203953,Jabari Parker,1610612741,0021800106,Cutting Dunk Shot,1,1,Restricted Area
1628976,Wendell Carter Jr.,1610612741,0021800106,Jump Shot,1,1,Left Corner 3
1628976,Wendell Carter Jr.,1610612741,0021800106,Alley Oop Dunk Shot,1,1,Restricted Area
1628976,Wendell Carter Jr.,1610612741,0021800106,Layup Shot,1,0,Restricted Area
203897,Zach LaVine,1610612741,0021800106,Driving Layup Shot,1,1,Restricted Area
203897,Zach LaVine,1610612741,0021800106,Driving Layup Shot,1,0,Restricted Area
203897,Zach LaVine,1610612741,0021800106,Driving Layup Shot,1,0,In The Paint (Non-RA)
203953,Jabari Parker,1610612741,0021800106,Jump Shot,1,0,Left Corner 3
203953,Jabari Parker,1610612741,0021800106,Layup Shot,1,0,Restricted Area
203200,Justin Holiday,1610612741,0021800106,Jump Shot,1,1,Above the Break 3
203897,Zach LaVine,1610612741,0021800106,Driving Dunk Shot,1,1,Restricted Area
203897,Zach LaVine,1610612741,0021800106,Cutting Layup Shot,1,1,Restricted Area
1626245,Cristiano Felicio,1610612741,0021800106,Layup Shot,1,0,Restricted Area
203200,Justin Holiday,1610612741,0021800106,Jump Shot,1,1,Right Corner 3
203200,Justin Holiday,1610612741,0021800106,Jump Shot,1,0,Above the Break 3
1628469,Antonio Blakeney,1610612741,0021800106,Pullup Jump shot,1,0,Mid-Range
203200,Justin Holiday,1610612741,0021800106,Jump Shot,1,0,Above the Break 3
1628469,Antonio Blakeney,1610612741,0021800106,Running Dunk Shot,1,1,Restricted Area
1628469,Antonio Blakeney,1610612741,0021800106,Jump Shot,1,1,Above the Break 3
203953,Jabari Parker,1610612741,0021800106,Driving Layup Shot,1,1,Restricted Area
1628469,Antonio Blakeney,1610612741,0021800106,Driving Floating Jump Shot,1,0,In The Paint (Non-RA)
1628469,Antonio Blakeney,1610612741,0021800106,Fadeaway Jump Shot,1,0,Mid-Range
1628976,Wendell Carter Jr.,1610612741,0021800106,Jump Shot,1,0,Right Corner 3
1628976,Wendell Carter Jr.,1610612741,0021800106,Driving Reverse Layup Shot,1,1,Restricted Area
1627853,Ryan Arcidiacono,1610612741,0021800106,Jump Shot,1,0,Above the Break 3
1628976,Wendell Carter Jr.,1610612741,0021800106,Layup Shot,1,1,In The Paint (Non-RA)
203897,Zach LaVine,1610612741,0021800106,Jump Shot,1,0,Above the Break 3
1628976,Wendell Carter Jr.,1610612741,0021800106,Jump Shot,1,1,Above the Break 3
203897,Zach LaVine,1610612741,0021800106,Fadeaway Jump Shot,1,1,Mid-Range
203897,Zach LaVine,1610612741,0021800106,Driving Layup Shot,1,1,Restricted Area
1626166,Cameron Payne,1610612741,0021800106,Floating Jump shot,1,1,In The Paint (Non-RA)
203897,Zach LaVine,1610612741,0021800106,Fadeaway Jump Shot,1,1,Mid-Range
203897,Zach LaVine,1610612741,0021800106,Fadeaway Jump Shot,1,0,Mid-Range
1628976,Wendell Carter Jr.,1610612741,0021800106,Driving Layup Shot,1,0,Restricted Area
203897,Zach LaVine,1610612741,0021800106,Fadeaway Jump Shot,1,0,Restricted Area
203200,Justin Holiday,1610612741,0021800106,Fadeaway Jump Shot,1,0,Mid-Range
203953,Jabari Parker,1610612741,0021800106,Jump Shot,1,0,Above the Break 3
203953,Jabari Parker,1610612741,0021800106,Jump Shot,1,0,Left Corner 3
203897,Zach LaVine,1610612741,0021800106,Jump Shot,1,0,Above the Break 3
203897,Zach LaVine,1610612741,0021800106,Driving Layup Shot,1,1,Restricted Area
203953,Jabari Parker,1610612741,0021800106,Driving Dunk Shot,1,1,Restricted Area
203200,Justin Holiday,1610612741,0021800106,Jump Shot,1,1,Above the Break 3
1628976,Wendell Carter Jr.,1610612741,0021800106,Layup Shot,1,0,Restricted Area
1628976,Wendell Carter Jr.,1610612741,0021800106,Putback Layup Shot,1,0,Restricted Area
203897,Zach LaVine,1610612741,0021800106,Fadeaway Jump Shot,1,0,Mid-Range
1628976,Wendell Carter Jr.,1610612741,0021800120,Jump Shot,1,1,Mid-Range
1628976,Wendell Carter Jr.,1610612741,0021800120,Cutting Layup Shot,1,1,Restricted Area
1626166,Cameron Payne,1610612741,0021800120,Jump Shot,1,1,Above the Break 3
1628976,Wendell Carter Jr.,1610612741,0021800120,Layup Shot,1,1,Restricted Area
203200,Justin Holiday,1610612741,0021800120,Alley Oop Dunk Shot,1,1,Restricted Area
1628976,Wendell Carter Jr.,1610612741,0021800120,Turnaround Jump Shot,1,0,Mid-Range
203897,Zach LaVine,1610612741,0021800120,Driving Layup Shot,1,1,Restricted Area
203200,Justin Holiday,1610612741,0021800120,Jump Shot,1,1,Above the Break 3
203200,Justin Holiday,1610612741,0021800120,Jump Shot,1,0,Above the Break 3
203953,Jabari Parker,1610612741,0021800120,Driving Layup Shot,1,0,Restricted Area
1628976,Wendell Carter Jr.,1610612741,0021800120,Putback Dunk Shot,1,1,Restricted Area
1626166,Cameron Payne,1610612741,0021800120,Floating Jump shot,1,0,In The Paint (Non-RA)
203897,Zach LaVine,1610612741,0021800120,Jump Shot,1,1,Above the Break 3
203897,Zach LaVine,1610612741,0021800120,Driving Layup Shot,1,0,Restricted Area
1626245,Cristiano Felicio,1610612741,0021800120,Tip Layup Shot,1,1,Restricted Area
1626245,Cristiano Felicio,1610612741,0021800120,Layup Shot,1,0,In The Paint (Non-RA)
203953,Jabari Parker,1610612741,0021800120,Layup Shot,1,0,Restricted Area
1626245,Cristiano Felicio,1610612741,0021800120,Layup Shot,1,1,Restricted Area
1626166,Cameron Payne,1610612741,0021800120,Jump Shot,1,0,Above the Break 3
1626245,Cristiano Felicio,1610612741,0021800120,Jump Shot,1,0,In The Paint (Non-RA)
1626245,Cristiano Felicio,1610612741,0021800120,Tip Layup Shot,1,1,Restricted Area
1628469,Antonio Blakeney,1610612741,0021800120,Floating Jump shot,1,1,In The Paint (Non-RA)
1628469,Antonio Blakeney,1610612741,0021800120,Pullup Jump shot,1,1,Mid-Range
1628976,Wendell Carter Jr.,1610612741,0021800120,Jump Shot,1,0,In The Paint (Non-RA)
203200,Justin Holiday,1610612741,0021800120,Jump Shot,1,1,Mid-Range
1628990,Chandler Hutchison,1610612741,0021800120,Cutting Dunk Shot,1,1,Restricted Area
203200,Justin Holiday,1610612741,0021800120,Jump Shot,1,0,Above the Break 3
1628469,Antonio Blakeney,1610612741,0021800120,Driving Layup Shot,1,1,Restricted Area
1628469,Antonio Blakeney,1610612741,0021800120,Jump Shot,1,1,Right Corner 3
203897,Zach LaVine,1610612741,0021800120,Jump Shot,1,0,Above the Break 3
1628469,Antonio Blakeney,1610612741,0021800120,Jump Shot,1,0,Above the Break 3
1626245,Cristiano Felicio,1610612741,0021800120,Cutting Dunk Shot,1,1,Restricted Area
203897,Zach LaVine,1610612741,0021800120,Jump Shot,1,0,Mid-Range
203953,Jabari Parker,1610612741,0021800120,Dunk Shot,1,1,Restricted Area
1626166,Cameron Payne,1610612741,0021800120,Floating Jump shot,1,0,Mid-Range
203953,Jabari Parker,1610612741,0021800120,Driving Layup Shot,1,0,In The Paint (Non-RA)
203897,Zach LaVine,1610612741,0021800120,Driving Layup Shot,1,1,Restricted Area
203897,Zach LaVine,1610612741,0021800120,Jump Shot,1,0,Left Corner 3
203200,Justin Holiday,1610612741,0021800120,Jump Shot,1,1,Above the Break 3
203953,Jabari Parker,1610612741,0021800120,Jump Shot,1,0,Mid-Range
1628469,Antonio Blakeney,1610612741,0021800120,Jump Shot,1,0,Above the Break 3
1628469,Antonio Blakeney,1610612741,0021800120,Layup Shot,1,0,Restricted Area
203953,Jabari Parker,1610612741,0021800120,Cutting Layup Shot,1,1,Restricted Area
203953,Jabari Parker,1610612741,0021800120,Hook Shot,1,0,In The Paint (Non-RA)
1628469,Antonio Blakeney,1610612741,0021800120,Jump Shot,1,1,Above the Break 3
203200,Justin Holiday,1610612741,0021800120,Jump Shot,1,0,Above the Break 3
203953,Jabari Parker,1610612741,0021800120,Dunk Shot,1,1,Restricted Area
203897,Zach LaVine,1610612741,0021800120,Jump Shot,1,0,Mid-Range
203200,Justin Holiday,1610612741,0021800120,Jump Shot,1,0,Above the Break 3
203953,Jabari Parker,1610612741,0021800120,Step Back Jump shot,1,0,Mid-Range
203897,Zach LaVine,1610612741,0021800120,Jump Shot,1,0,Above the Break 3
203200,Justin Holiday,1610612741,0021800120,Jump Shot,1,1,Right Corner 3
203953,Jabari Parker,1610612741,0021800120,Cutting Dunk Shot,1,1,Restricted Area
203200,Justin Holiday,1610612741,0021800120,Jump Shot,1,1,Above the Break 3
203897,Zach LaVine,1610612741,0021800120,Jump Shot,1,0,Above the Break 3
1628976,Wendell Carter Jr.,1610612741,0021800120,Jump Shot,1,0,Mid-Range
203897,Zach LaVine,1610612741,0021800120,Turnaround Fadeaway shot,1,0,Mid-Range
203200,Justin Holiday,1610612741,0021800120,Jump Shot,1,0,Above the Break 3
1628976,Wendell Carter Jr.,1610612741,0021800120,Cutting Layup Shot,1,1,Restricted Area
1626166,Cameron Payne,1610612741,0021800120,Jump Shot,1,0,Above the Break 3
1628469,Antonio Blakeney,1610612741,0021800120,Pullup Jump shot,1,1,Mid-Range
1627853,Ryan Arcidiacono,1610612741,0021800120,Floating Jump shot,1,0,In The Paint (Non-RA)
1628469,Antonio Blakeney,1610612741,0021800120,Pullup Jump shot,1,1,Mid-Range
203200,Justin Holiday,1610612741,0021800120,Pullup Jump shot,1,1,Above the Break 3
1628990,Chandler Hutchison,1610612741,0021800120,Jump Shot,1,0,Backcourt
1627853,Ryan Arcidiacono,1610612741,0021800120,Jump Shot,1,1,Above the Break 3
1628990,Chandler Hutchison,1610612741,0021800120,Jump Shot,1,1,Above the Break 3
203897,Zach LaVine,1610612741,0021800120,Driving Finger Roll Layup Shot,1,0,Restricted Area
1628990,Chandler Hutchison,1610612741,0021800120,Cutting Layup Shot,1,1,Restricted Area
203897,Zach LaVine,1610612741,0021800120,Cutting Layup Shot,1,1,Restricted Area
203897,Zach LaVine,1610612741,0021800120,Layup Shot,1,0,Restricted Area
203897,Zach LaVine,1610612741,0021800120,Floating Jump shot,1,1,In The Paint (Non-RA)
1628469,Antonio Blakeney,1610612741,0021800120,Jump Shot,1,1,Mid-Range
203897,Zach LaVine,1610612741,0021800120,Driving Layup Shot,1,1,Restricted Area
203897,Zach LaVine,1610612741,0021800120,Step Back Jump shot,1,1,Above the Break 3
203200,Justin Holiday,1610612741,0021800120,Jump Shot,1,0,Mid-Range
1628990,Chandler Hutchison,1610612741,0021800120,Jump Shot,1,0,Left Corner 3
1627853,Ryan Arcidiacono,1610612741,0021800120,Driving Floating Jump Shot,1,0,Mid-Range
1628976,Wendell Carter Jr.,1610612741,0021800120,Cutting Layup Shot,1,0,Restricted Area
203897,Zach LaVine,1610612741,0021800120,Jump Shot,1,0,Above the Break 3
203897,Zach LaVine,1610612741,0021800120,Turnaround Hook Shot,1,0,Restricted Area
203953,Jabari Parker,1610612741,0021800120,Jump Shot,1,0,Above the Break 3
203953,Jabari Parker,1610612741,0021800120,Cutting Dunk Shot,1,1,Restricted Area
203897,Zach LaVine,1610612741,0021800120,Layup Shot,1,0,Restricted Area
1628976,Wendell Carter Jr.,1610612741,0021800120,Putback Layup Shot,1,0,Restricted Area
1628469,Antonio Blakeney,1610612741,0021800120,Jump Shot,1,1,Above the Break 3
203897,Zach LaVine,1610612741,0021800120,Fadeaway Jump Shot,1,0,Mid-Range
203200,Justin Holiday,1610612741,0021800120,Jump Shot,1,0,Above the Break 3
1628469,Antonio Blakeney,1610612741,0021800120,Jump Shot,1,0,Mid-Range
203953,Jabari Parker,1610612741,0021800129,Jump Shot,1,0,Mid-Range
1626166,Cameron Payne,1610612741,0021800129,Jump Shot,1,0,Above the Break 3
1628976,Wendell Carter Jr.,1610612741,0021800129,Turnaround Hook Shot,1,1,In The Paint (Non-RA)
203953,Jabari Parker,1610612741,0021800129,Layup Shot,1,0,Restricted Area
1628976,Wendell Carter Jr.,1610612741,0021800129,Turnaround Hook Shot,1,0,In The Paint (Non-RA)
203897,Zach LaVine,1610612741,0021800129,Layup Shot,1,1,Restricted Area
203953,Jabari Parker,1610612741,0021800129,Jump Shot,1,1,Above the Break 3
203897,Zach LaVine,1610612741,0021800129,Jump Shot,1,1,Above the Break 3
203200,Justin Holiday,1610612741,0021800129,Jump Shot,1,1,Above the Break 3
1628976,Wendell Carter Jr.,1610612741,0021800129,Jump Shot,1,1,Mid-Range
1626166,Cameron Payne,1610612741,0021800129,Driving Finger Roll Layup Shot,1,0,Restricted Area
203897,Zach LaVine,1610612741,0021800129,Jump Shot,1,0,Mid-Range
1626166,Cameron Payne,1610612741,0021800129,Driving Layup Shot,1,1,Restricted Area
203897,Zach LaVine,1610612741,0021800129,Dunk Shot,1,0,In The Paint (Non-RA)
203200,Justin Holiday,1610612741,0021800129,Jump Shot,1,0,Above the Break 3
1626245,Cristiano Felicio,1610612741,0021800129,Cutting Dunk Shot,1,1,Restricted Area
1626166,Cameron Payne,1610612741,0021800129,Driving Layup Shot,1,1,In The Paint (Non-RA)
1626166,Cameron Payne,1610612741,0021800129,Driving Layup Shot,1,0,In The Paint (Non-RA)
1626245,Cristiano Felicio,1610612741,0021800129,Layup Shot,1,0,In The Paint (Non-RA)
203200,Justin Holiday,1610612741,0021800129,Jump Shot,1,1,Above the Break 3
1626245,Cristiano Felicio,1610612741,0021800129,Cutting Layup Shot,1,1,Restricted Area
1627853,Ryan Arcidiacono,1610612741,0021800129,Running Layup Shot,1,0,Restricted Area
203953,Jabari Parker,1610612741,0021800129,Jump Shot,1,1,Mid-Range
1628990,Chandler Hutchison,1610612741,0021800129,Driving Layup Shot,1,0,Restricted Area
1628469,Antonio Blakeney,1610612741,0021800129,Jump Shot,1,0,Above the Break 3
1627853,Ryan Arcidiacono,1610612741,0021800129,Jump Shot,1,1,Right Corner 3
1628990,Chandler Hutchison,1610612741,0021800129,Dunk Shot,1,1,Restricted Area
1628469,Antonio Blakeney,1610612741,0021800129,Reverse Layup Shot,1,0,Restricted Area
1628990,Chandler Hutchison,1610612741,0021800129,Dunk Shot,1,1,Restricted Area
203953,Jabari Parker,1610612741,0021800129,Driving Layup Shot,1,1,Restricted Area
1628976,Wendell Carter Jr.,1610612741,0021800129,Step Back Jump shot,1,1,In The Paint (Non-RA)
1628990,Chandler Hutchison,1610612741,0021800129,Pullup Jump shot,1,1,Mid-Range
203897,Zach LaVine,1610612741,0021800129,Driving Layup Shot,1,0,Restricted Area
203953,Jabari Parker,1610612741,0021800129,Jump Shot,1,1,Mid-Range
203953,Jabari Parker,1610612741,0021800129,Step Back Jump shot,1,1,Mid-Range
1626166,Cameron Payne,1610612741,0021800129,Jump Shot,1,0,Mid-Range
203200,Justin Holiday,1610612741,0021800129,Jump Shot,1,1,Right Corner 3
1628976,Wendell Carter Jr.,1610612741,0021800129,Step Back Jump shot,1,1,In The Paint (Non-RA)
203897,Zach LaVine,1610612741,0021800129,Jump Shot,1,0,Above the Break 3
203897,Zach LaVine,1610612741,0021800129,Jump Shot,1,0,Left Corner 3
1626166,Cameron Payne,1610612741,0021800129,Driving Reverse Layup Shot,1,1,Restricted Area
1628976,Wendell Carter Jr.,1610612741,0021800129,Jump Shot,1,0,Above the Break 3
203953,Jabari Parker,1610612741,0021800129,Jump Shot,1,0,Above the Break 3
1626166,Cameron Payne,1610612741,0021800129,Jump Shot,1,0,Above the Break 3
203897,Zach LaVine,1610612741,0021800129,Driving Layup Shot,1,0,Restricted Area
203200,Justin Holiday,1610612741,0021800129,Jump Shot,1,0,Above the Break 3
203897,Zach LaVine,1610612741,0021800129,Driving Layup Shot,1,0,Restricted Area
1626166,Cameron Payne,1610612741,0021800129,Driving Layup Shot,1,0,Restricted Area
203897,Zach LaVine,1610612741,0021800129,Jump Shot,1,0,Above the Break 3
1626166,Cameron Payne,1610612741,0021800129,Driving Layup Shot,1,0,In The Paint (Non-RA)
1628469,Antonio Blakeney,1610612741,0021800129,Driving Layup Shot,1,0,Mid-Range
1628469,Antonio Blakeney,1610612741,0021800129,Jump Shot,1,0,Mid-Range
1628990,Chandler Hutchison,1610612741,0021800129,Driving Layup Shot,1,1,Restricted Area
1628469,Antonio Blakeney,1610612741,0021800129,Jump Shot,1,0,Mid-Range
1628469,Antonio Blakeney,1610612741,0021800129,Jump Shot,1,0,Above the Break 3
203953,Jabari Parker,1610612741,0021800129,Jump Shot,1,0,Above the Break 3
203897,Zach LaVine,1610612741,0021800129,Pullup Jump shot,1,0,Mid-Range
1628990,Chandler Hutchison,1610612741,0021800129,Turnaround Jump Shot,1,0,Mid-Range
203897,Zach LaVine,1610612741,0021800129,Jump Shot,1,0,Above the Break 3
1627853,Ryan Arcidiacono,1610612741,0021800129,Jump Shot,1,0,Above the Break 3
1628990,Chandler Hutchison,1610612741,0021800129,Turnaround Jump Shot,1,1,In The Paint (Non-RA)
203897,Zach LaVine,1610612741,0021800129,Jump Shot,1,0,Above the Break 3
203897,Zach LaVine,1610612741,0021800129,Running Dunk Shot,1,1,Restricted Area
203953,Jabari Parker,1610612741,0021800129,Finger Roll Layup Shot,1,1,Restricted Area
203953,Jabari Parker,1610612741,0021800129,Jump Shot,1,0,Mid-Range
1628990,Chandler Hutchison,1610612741,0021800129,Putback Layup Shot,1,0,Restricted Area
203953,Jabari Parker,1610612741,0021800129,Jump Shot,1,0,In The Paint (Non-RA)
1628976,Wendell Carter Jr.,1610612741,0021800129,Jump Shot,1,0,In The Paint (Non-RA)
203897,Zach LaVine,1610612741,0021800129,Jump Shot,1,0,Above the Break 3
203897,Zach LaVine,1610612741,0021800129,Layup Shot,1,1,Restricted Area
203200,Justin Holiday,1610612741,0021800129,Jump Shot,1,0,Left Corner 3
1628976,Wendell Carter Jr.,1610612741,0021800143,Jump Shot,1,0,Mid-Range
203953,Jabari Parker,1610612741,0021800143,Hook Shot,1,1,Restricted Area
203897,Zach LaVine,1610612741,0021800143,Jump Shot,1,0,Above the Break 3
1628976,Wendell Carter Jr.,1610612741,0021800143,Jump Shot,1,0,Mid-Range
1628976,Wendell Carter Jr.,1610612741,0021800143,Jump Shot,1,0,Mid-Range
1628976,Wendell Carter Jr.,1610612741,0021800143,Tip Dunk Shot,1,0,Restricted Area
203897,Zach LaVine,1610612741,0021800143,Driving Dunk Shot,1,1,Restricted Area
203200,Justin Holiday,1610612741,0021800143,Jump Shot,1,0,Above the Break 3
203897,Zach LaVine,1610612741,0021800143,Driving Layup Shot,1,0,Restricted Area
1628976,Wendell Carter Jr.,1610612741,0021800143,Jump Shot,1,0,Mid-Range
1626166,Cameron Payne,1610612741,0021800143,Fadeaway Jump Shot,1,1,In The Paint (Non-RA)
203953,Jabari Parker,1610612741,0021800143,Turnaround Jump Shot,1,1,Mid-Range
203200,Justin Holiday,1610612741,0021800143,Jump Shot,1,1,Above the Break 3
203200,Justin Holiday,1610612741,0021800143,Pullup Jump shot,1,0,In The Paint (Non-RA)
1628990,Chandler Hutchison,1610612741,0021800143,Driving Layup Shot,1,1,Restricted Area
203897,Zach LaVine,1610612741,0021800143,Layup Shot,1,0,Restricted Area
1628469,Antonio Blakeney,1610612741,0021800143,Jump Shot,1,0,Left Corner 3
203897,Zach LaVine,1610612741,0021800143,Driving Layup Shot,1,1,Restricted Area
1628469,Antonio Blakeney,1610612741,0021800143,Pullup Jump shot,1,1,Mid-Range
1628469,Antonio Blakeney,1610612741,0021800143,Jump Shot,1,1,Left Corner 3
203200,Justin Holiday,1610612741,0021800143,Layup Shot,1,0,Restricted Area
1628990,Chandler Hutchison,1610612741,0021800143,Jump Shot,1,0,Left Corner 3
1627853,Ryan Arcidiacono,1610612741,0021800143,Jump Shot,1,0,Left Corner 3
1628469,Antonio Blakeney,1610612741,0021800143,Driving Floating Bank Jump Shot,1,1,In The Paint (Non-RA)
1626245,Cristiano Felicio,1610612741,0021800143,Layup Shot,1,1,Restricted Area
1628469,Antonio Blakeney,1610612741,0021800143,Jump Shot,1,0,Right Corner 3
1628469,Antonio Blakeney,1610612741,0021800143,Floating Jump shot,1,1,In The Paint (Non-RA)
203953,Jabari Parker,1610612741,0021800143,Pullup Jump shot,1,0,Mid-Range
1628469,Antonio Blakeney,1610612741,0021800143,Jump Shot,1,0,Left Corner 3
1628976,Wendell Carter Jr.,1610612741,0021800143,Turnaround Hook Shot,1,1,In The Paint (Non-RA)
1628469,Antonio Blakeney,1610612741,0021800143,Pullup Jump shot,1,0,Mid-Range
203897,Zach LaVine,1610612741,0021800143,Jump Shot,1,1,Above the Break 3
1628469,Antonio Blakeney,1610612741,0021800143,Driving Layup Shot,1,1,Restricted Area
203953,Jabari Parker,1610612741,0021800143,Jump Shot,1,0,Mid-Range
1626166,Cameron Payne,1610612741,0021800143,Driving Layup Shot,1,1,Restricted Area
203897,Zach LaVine,1610612741,0021800143,Layup Shot,1,1,Restricted Area
203200,Justin Holiday,1610612741,0021800143,Jump Shot,1,0,Left Corner 3
203897,Zach LaVine,1610612741,0021800143,Jump Shot,1,0,Above the Break 3
1626166,Cameron Payne,1610612741,0021800143,Pullup Jump shot,1,0,Above the Break 3
203953,Jabari Parker,1610612741,0021800143,Dunk Shot,1,0,Restricted Area
1626166,Cameron Payne,1610612741,0021800143,Driving Layup Shot,1,0,Restricted Area
1628976,Wendell Carter Jr.,1610612741,0021800143,Jump Shot,1,1,Above the Break 3
1628976,Wendell Carter Jr.,1610612741,0021800143,Cutting Dunk Shot,1,1,Restricted Area
203897,Zach LaVine,1610612741,0021800143,Driving Layup Shot,1,0,Restricted Area
1628976,Wendell Carter Jr.,1610612741,0021800143,Layup Shot,1,0,Restricted Area
203200,Justin Holiday,1610612741,0021800143,Driving Layup Shot,1,0,Restricted Area
1626166,Cameron Payne,1610612741,0021800143,Driving Finger Roll Layup Shot,1,1,Restricted Area
1626245,Cristiano Felicio,1610612741,0021800143,Layup Shot,1,1,Restricted Area
1626166,Cameron Payne,1610612741,0021800143,Jump Shot,1,0,Above the Break 3
203953,Jabari Parker,1610612741,0021800143,Step Back Jump shot,1,1,Mid-Range
203953,Jabari Parker,1610612741,0021800143,Driving Layup Shot,1,1,Restricted Area
1627853,Ryan Arcidiacono,1610612741,0021800143,Cutting Layup Shot,1,1,Restricted Area
203953,Jabari Parker,1610612741,0021800143,Driving Layup Shot,1,1,Restricted Area
203953,Jabari Parker,1610612741,0021800143,Jump Shot,1,0,Above the Break 3
1628469,Antonio Blakeney,1610612741,0021800143,Driving Layup Shot,1,1,Restricted Area
203953,Jabari Parker,1610612741,0021800143,Layup Shot,1,0,Restricted Area
203953,Jabari Parker,1610612741,0021800143,Putback Layup Shot,1,1,Restricted Area
203953,Jabari Parker,1610612741,0021800143,Pullup Jump shot,1,0,Mid-Range
203200,Justin Holiday,1610612741,0021800143,Jump Shot,1,0,Above the Break 3
1628469,Antonio Blakeney,1610612741,0021800143,Pullup Jump shot,1,0,Above the Break 3
1628469,Antonio Blakeney,1610612741,0021800143,Pullup Jump shot,1,0,Mid-Range
1628990,Chandler Hutchison,1610612741,0021800143,Jump Shot,1,1,In The Paint (Non-RA)
1628990,Chandler Hutchison,1610612741,0021800143,Driving Finger Roll Layup Shot,1,1,Restricted Area
1628990,Chandler Hutchison,1610612741,0021800143,Running Jump Shot,1,1,In The Paint (Non-RA)
1628469,Antonio Blakeney,1610612741,0021800143,Finger Roll Layup Shot,1,0,Restricted Area
203200,Justin Holiday,1610612741,0021800143,Jump Shot,1,1,Left Corner 3
203897,Zach LaVine,1610612741,0021800143,Turnaround Fadeaway Bank Jump Shot,1,1,Restricted Area
201577,Robin Lopez,1610612741,0021800143,Hook Shot,1,1,Restricted Area
203897,Zach LaVine,1610612741,0021800143,Jump Shot,1,0,Above the Break 3
203200,Justin Holiday,1610612741,0021800143,Jump Shot,1,0,Mid-Range
203897,Zach LaVine,1610612741,0021800143,Floating Jump shot,1,1,In The Paint (Non-RA)
201577,Robin Lopez,1610612741,0021800143,Turnaround Hook Shot,1,0,In The Paint (Non-RA)
203897,Zach LaVine,1610612741,0021800143,Pullup Jump shot,1,1,Above the Break 3
203897,Zach LaVine,1610612741,0021800143,Pullup Jump shot,1,1,Above the Break 3
203200,Justin Holiday,1610612741,0021800143,Jump Shot,1,0,Above the Break 3
203897,Zach LaVine,1610612741,0021800143,Pullup Jump shot,1,1,Above the Break 3
203897,Zach LaVine,1610612741,0021800143,Pullup Jump shot,1,0,Mid-Range
203897,Zach LaVine,1610612741,0021800143,Pullup Jump shot,1,0,Above the Break 3
1626166,Cameron Payne,1610612741,0021800143,Driving Layup Shot,1,0,In The Paint (Non-RA)
203897,Zach LaVine,1610612741,0021800143,Jump Shot,1,0,Mid-Range
203953,Jabari Parker,1610612741,0021800143,Jump Shot,1,0,Left Corner 3
1626166,Cameron Payne,1610612741,0021800143,Layup Shot,1,1,In The Paint (Non-RA)
203953,Jabari Parker,1610612741,0021800143,Driving Layup Shot,1,1,Restricted Area
203897,Zach LaVine,1610612741,0021800143,Jump Shot,1,0,Above the Break 3
203897,Zach LaVine,1610612741,0021800143,Fadeaway Jump Shot,1,1,In The Paint (Non-RA)
203897,Zach LaVine,1610612741,0021800143,Pullup Jump shot,1,0,Above the Break 3
1626166,Cameron Payne,1610612741,0021800143,Jump Shot,1,0,Above the Break 3
203953,Jabari Parker,1610612741,0021800143,Pullup Jump shot,1,0,Mid-Range
1626166,Cameron Payne,1610612741,0021800143,Floating Jump shot,1,0,In The Paint (Non-RA)
1626166,Cameron Payne,1610612741,0021800143,Jump Shot,1,0,Above the Break 3
203897,Zach LaVine,1610612741,0021800143,Driving Layup Shot,1,1,Restricted Area
203897,Zach LaVine,1610612741,0021800143,Driving Layup Shot,1,1,Restricted Area
203897,Zach LaVine,1610612741,0021800143,Driving Layup Shot,1,1,Restricted Area
203897,Zach LaVine,1610612741,0021800143,Jump Shot,1,0,Mid-Range
201577,Robin Lopez,1610612741,0021800143,Tip Layup Shot,1,0,Restricted Area
1628976,Wendell Carter Jr.,1610612741,0021800159,Turnaround Jump Shot,1,0,Mid-Range
203897,Zach LaVine,1610612741,0021800159,Jump Shot,1,0,Above the Break 3
1628976,Wendell Carter Jr.,1610612741,0021800159,Layup Shot,1,1,Restricted Area
203200,Justin Holiday,1610612741,0021800159,Running Layup Shot,1,1,Restricted Area
1626166,Cameron Payne,1610612741,0021800159,Jump Shot,1,0,Mid-Range
1626166,Cameron Payne,1610612741,0021800159,Layup Shot,1,0,Restricted Area
1626166,Cameron Payne,1610612741,0021800159,Driving Layup Shot,1,0,Restricted Area
1626166,Cameron Payne,1610612741,0021800159,Running Layup Shot,1,1,In The Paint (Non-RA)
203953,Jabari Parker,1610612741,0021800159,Pullup Jump shot,1,1,Mid-Range
1626166,Cameron Payne,1610612741,0021800159,Cutting Layup Shot,1,1,Restricted Area
1628976,Wendell Carter Jr.,1610612741,0021800159,Cutting Dunk Shot,1,1,Restricted Area
203953,Jabari Parker,1610612741,0021800159,Jump Shot,1,0,Above the Break 3
203897,Zach LaVine,1610612741,0021800159,Pullup Jump shot,1,0,Mid-Range
1628976,Wendell Carter Jr.,1610612741,0021800159,Jump Shot,1,0,Left Corner 3
203200,Justin Holiday,1610612741,0021800159,Jump Shot,1,0,Left Corner 3
203200,Justin Holiday,1610612741,0021800159,Jump Shot,1,0,Left Corner 3
203953,Jabari Parker,1610612741,0021800159,Step Back Jump shot,1,1,Mid-Range
203953,Jabari Parker,1610612741,0021800159,Layup Shot,1,1,Restricted Area
1628469,Antonio Blakeney,1610612741,0021800159,Pullup Jump shot,1,1,Mid-Range
1627853,Ryan Arcidiacono,1610612741,0021800159,Jump Shot,1,1,Above the Break 3
203200,Justin Holiday,1610612741,0021800159,Jump Shot,1,0,Left Corner 3
203200,Justin Holiday,1610612741,0021800159,Jump Shot,1,1,Above the Break 3
1628990,Chandler Hutchison,1610612741,0021800159,Layup Shot,1,0,Restricted Area
203897,Zach LaVine,1610612741,0021800159,Jump Shot,1,1,Mid-Range
203897,Zach LaVine,1610612741,0021800159,Step Back Jump shot,1,1,Mid-Range
203897,Zach LaVine,1610612741,0021800159,Jump Shot,1,1,Above the Break 3
1628990,Chandler Hutchison,1610612741,0021800159,Floating Jump shot,1,0,In The Paint (Non-RA)
203897,Zach LaVine,1610612741,0021800159,Driving Layup Shot,1,1,Restricted Area
203897,Zach LaVine,1610612741,0021800159,Jump Shot,1,0,Mid-Range
1628469,Antonio Blakeney,1610612741,0021800159,Jump Shot,1,0,Mid-Range
1628469,Antonio Blakeney,1610612741,0021800159,Floating Jump shot,1,0,In The Paint (Non-RA)
1628990,Chandler Hutchison,1610612741,0021800159,Driving Layup Shot,1,0,Restricted Area
1628469,Antonio Blakeney,1610612741,0021800159,Driving Layup Shot,1,0,Restricted Area
203897,Zach LaVine,1610612741,0021800159,Layup Shot,1,0,In The Paint (Non-RA)
203953,Jabari Parker,1610612741,0021800159,Layup Shot,1,0,Restricted Area
203953,Jabari Parker,1610612741,0021800159,Jump Shot,1,0,Above the Break 3
203897,Zach LaVine,1610612741,0021800159,Layup Shot,1,1,Restricted Area
203200,Justin Holiday,1610612741,0021800159,Jump Shot,1,1,Right Corner 3
1628976,Wendell Carter Jr.,1610612741,0021800159,Alley Oop Dunk Shot,1,1,Restricted Area
203897,Zach LaVine,1610612741,0021800159,Layup Shot,1,0,Restricted Area
1626166,Cameron Payne,1610612741,0021800159,Jump Shot,1,0,Above the Break 3
1628976,Wendell Carter Jr.,1610612741,0021800159,Jump Shot,1,0,Mid-Range
203200,Justin Holiday,1610612741,0021800159,Jump Shot,1,0,Right Corner 3
203897,Zach LaVine,1610612741,0021800159,Jump Shot,1,0,Above the Break 3
1628976,Wendell Carter Jr.,1610612741,0021800159,Jump Shot,1,1,Above the Break 3
203953,Jabari Parker,1610612741,0021800159,Jump Bank Shot,1,1,In The Paint (Non-RA)
203897,Zach LaVine,1610612741,0021800159,Jump Shot,1,0,Mid-Range
203897,Zach LaVine,1610612741,0021800159,Driving Layup Shot,1,1,Restricted Area
203897,Zach LaVine,1610612741,0021800159,Fadeaway Jump Shot,1,0,Mid-Range
203897,Zach LaVine,1610612741,0021800159,Layup Shot,1,0,Restricted Area
203200,Justin Holiday,1610612741,0021800159,Jump Shot,1,1,Mid-Range
1628976,Wendell Carter Jr.,1610612741,0021800159,Jump Shot,1,1,Mid-Range
1628976,Wendell Carter Jr.,1610612741,0021800159,Driving Reverse Layup Shot,1,1,Restricted Area
203953,Jabari Parker,1610612741,0021800159,Jump Shot,1,0,Mid-Range
203200,Justin Holiday,1610612741,0021800159,Jump Shot,1,0,Above the Break 3
1628976,Wendell Carter Jr.,1610612741,0021800159,Layup Shot,1,0,Restricted Area
1626166,Cameron Payne,1610612741,0021800159,Jump Shot,1,0,Above the Break 3
1627853,Ryan Arcidiacono,1610612741,0021800159,Driving Layup Shot,1,0,Restricted Area
203200,Justin Holiday,1610612741,0021800159,Jump Shot,1,0,Left Corner 3
203897,Zach LaVine,1610612741,0021800159,Driving Layup Shot,1,1,Restricted Area
1628469,Antonio Blakeney,1610612741,0021800159,Jump Shot,1,0,Above the Break 3
203897,Zach LaVine,1610612741,0021800159,Driving Layup Shot,1,1,Restricted Area
203897,Zach LaVine,1610612741,0021800159,Layup Shot,1,0,Restricted Area
1627853,Ryan Arcidiacono,1610612741,0021800159,Jump Shot,1,1,Right Corner 3
203953,Jabari Parker,1610612741,0021800159,Jump Shot,1,0,Above the Break 3
203897,Zach LaVine,1610612741,0021800159,Layup Shot,1,0,Restricted Area
203953,Jabari Parker,1610612741,0021800159,Floating Jump shot,1,1,Restricted Area
1628469,Antonio Blakeney,1610612741,0021800159,Jump Shot,1,0,Backcourt
1627853,Ryan Arcidiacono,1610612741,0021800159,Jump Shot,1,0,Above the Break 3
203200,Justin Holiday,1610612741,0021800159,Pullup Jump shot,1,0,In The Paint (Non-RA)
203200,Justin Holiday,1610612741,0021800159,Jump Shot,1,0,Above the Break 3
203200,Justin Holiday,1610612741,0021800159,Driving Layup Shot,1,1,In The Paint (Non-RA)
1628469,Antonio Blakeney,1610612741,0021800159,Pullup Jump shot,1,0,Mid-Range
1628990,Chandler Hutchison,1610612741,0021800159,Layup Shot,1,0,Restricted Area
201577,Robin Lopez,1610612741,0021800159,Jump Shot,1,0,Mid-Range
1627853,Ryan Arcidiacono,1610612741,0021800159,Jump Shot,1,1,Mid-Range
203200,Justin Holiday,1610612741,0021800159,Jump Shot,1,1,Left Corner 3
1628469,Antonio Blakeney,1610612741,0021800159,Jump Shot,1,0,Above the Break 3
1628469,Antonio Blakeney,1610612741,0021800159,Running Finger Roll Layup Shot,1,1,Restricted Area
1628469,Antonio Blakeney,1610612741,0021800159,Pullup Jump shot,1,1,In The Paint (Non-RA)
1628469,Antonio Blakeney,1610612741,0021800159,Jump Shot,1,0,Mid-Range
203897,Zach LaVine,1610612741,0021800159,Jump Shot,1,1,Above the Break 3
203953,Jabari Parker,1610612741,0021800159,Jump Shot,1,0,Mid-Range
203897,Zach LaVine,1610612741,0021800159,Jump Shot,1,0,Above the Break 3
1628976,Wendell Carter Jr.,1610612741,0021800159,Driving Dunk Shot,1,1,Restricted Area
203953,Jabari Parker,1610612741,0021800159,Driving Layup Shot,1,1,Restricted Area
203897,Zach LaVine,1610612741,0021800159,Pullup Jump shot,1,0,Mid-Range
203953,Jabari Parker,1610612741,0021800159,Layup Shot,1,0,Restricted Area
203200,Justin Holiday,1610612741,0021800159,Jump Shot,1,0,Right Corner 3
203897,Zach LaVine,1610612741,0021800159,Layup Shot,1,0,Restricted Area
203953,Jabari Parker,1610612741,0021800159,Hook Bank Shot,1,1,In The Paint (Non-RA)
203897,Zach LaVine,1610612741,0021800159,Layup Shot,1,0,Restricted Area
203897,Zach LaVine,1610612741,0021800159,Dunk Shot,1,0,Restricted Area
203897,Zach LaVine,1610612741,0021800159,Layup Shot,1,0,Restricted Area
203200,Justin Holiday,1610612741,0021800159,Jump Shot,1,0,Above the Break 3
1627853,Ryan Arcidiacono,1610612741,0021800159,Jump Shot,1,1,Above the Break 3
203200,Justin Holiday,1610612741,0021800178,Pullup Jump shot,1,1,Mid-Range
1627853,Ryan Arcidiacono,1610612741,0021800178,Driving Layup Shot,1,1,Restricted Area
203897,Zach LaVine,1610612741,0021800178,Driving Floating Jump Shot,1,0,In The Paint (Non-RA)
1628976,Wendell Carter Jr.,1610612741,0021800178,Dunk Shot,1,1,Restricted Area
1627853,Ryan Arcidiacono,1610612741,0021800178,Driving Reverse Layup Shot,1,1,Restricted Area
203897,Zach LaVine,1610612741,0021800178,Running Dunk Shot,1,1,Restricted Area
203953,Jabari Parker,1610612741,0021800178,Running Layup Shot,1,0,Restricted Area
203953,Jabari Parker,1610612741,0021800178,Jump Shot,1,0,Right Corner 3
203897,Zach LaVine,1610612741,0021800178,Cutting Dunk Shot,1,1,Restricted Area
1628976,Wendell Carter Jr.,1610612741,0021800178,Driving Floating Jump Shot,1,1,Restricted Area
203897,Zach LaVine,1610612741,0021800178,Fadeaway Jump Shot,1,1,Right Corner 3
203200,Justin Holiday,1610612741,0021800178,Running Layup Shot,1,1,Restricted Area
203897,Zach LaVine,1610612741,0021800178,Jump Shot,1,0,Above the Break 3
203200,Justin Holiday,1610612741,0021800178,Jump Shot,1,0,Above the Break 3
1628976,Wendell Carter Jr.,1610612741,0021800178,Turnaround Jump Shot,1,0,In The Paint (Non-RA)
203897,Zach LaVine,1610612741,0021800178,Driving Layup Shot,1,0,Restricted Area
203897,Zach LaVine,1610612741,0021800178,Turnaround Jump Shot,1,1,Mid-Range
1628976,Wendell Carter Jr.,1610612741,0021800178,Alley Oop Dunk Shot,1,1,Restricted Area
1627853,Ryan Arcidiacono,1610612741,0021800178,Pullup Jump shot,1,0,Mid-Range
201577,Robin Lopez,1610612741,0021800178,Driving Hook Shot,1,1,Restricted Area
1627853,Ryan Arcidiacono,1610612741,0021800178,Jump Shot,1,1,Above the Break 3
1628469,Antonio Blakeney,1610612741,0021800178,Pullup Jump shot,1,1,Mid-Range
203897,Zach LaVine,1610612741,0021800178,Driving Layup Shot,1,1,Restricted Area
1627853,Ryan Arcidiacono,1610612741,0021800178,Jump Shot,1,1,Above the Break 3
203897,Zach LaVine,1610612741,0021800178,Turnaround Jump Shot,1,0,Mid-Range
1628469,Antonio Blakeney,1610612741,0021800178,Jump Shot,1,0,Mid-Range
1628469,Antonio Blakeney,1610612741,0021800178,Running Jump Shot,1,1,Restricted Area
1628469,Antonio Blakeney,1610612741,0021800178,Driving Floating Jump Shot,1,0,In The Paint (Non-RA)
1628469,Antonio Blakeney,1610612741,0021800178,Running Jump Shot,1,0,In The Paint (Non-RA)
1628990,Chandler Hutchison,1610612741,0021800178,Jump Shot,1,0,Left Corner 3
1628990,Chandler Hutchison,1610612741,0021800178,Turnaround Jump Shot,1,0,Mid-Range
1627885,Shaquille Harrison,1610612741,0021800178,Driving Layup Shot,1,1,Restricted Area
1627885,Shaquille Harrison,1610612741,0021800178,Running Layup Shot,1,1,Restricted Area
1628990,Chandler Hutchison,1610612741,0021800178,Driving Layup Shot,1,0,Restricted Area
203953,Jabari Parker,1610612741,0021800178,Fadeaway Jump Shot,1,0,Mid-Range
201577,Robin Lopez,1610612741,0021800178,Turnaround Hook Shot,1,1,In The Paint (Non-RA)
1627885,Shaquille Harrison,1610612741,0021800178,Pullup Jump shot,1,0,Above the Break 3
203953,Jabari Parker,1610612741,0021800178,Driving Hook Shot,1,1,Restricted Area
203200,Justin Holiday,1610612741,0021800178,Jump Shot,1,0,Mid-Range
1627885,Shaquille Harrison,1610612741,0021800178,Driving Floating Jump Shot,1,0,In The Paint (Non-RA)
203200,Justin Holiday,1610612741,0021800178,Fadeaway Jump Shot,1,0,In The Paint (Non-RA)
203953,Jabari Parker,1610612741,0021800178,Jump Shot,1,0,Mid-Range
203953,Jabari Parker,1610612741,0021800178,Driving Layup Shot,1,1,Restricted Area
203953,Jabari Parker,1610612741,0021800178,Turnaround Hook Shot,1,0,In The Paint (Non-RA)
203897,Zach LaVine,1610612741,0021800178,Jump Shot,1,0,Above the Break 3
203897,Zach LaVine,1610612741,0021800178,Driving Reverse Layup Shot,1,1,Restricted Area
1628976,Wendell Carter Jr.,1610612741,0021800178,Jump Shot,1,1,Mid-Range
1627853,Ryan Arcidiacono,1610612741,0021800178,Driving Layup Shot,1,1,Restricted Area
203897,Zach LaVine,1610612741,0021800178,Driving Layup Shot,1,0,Restricted Area
203953,Jabari Parker,1610612741,0021800178,Cutting Dunk Shot,1,1,Restricted Area
203953,Jabari Parker,1610612741,0021800178,Jump Shot,1,0,Above the Break 3
203953,Jabari Parker,1610612741,0021800178,Reverse Layup Shot,1,0,Restricted Area
1627853,Ryan Arcidiacono,1610612741,0021800178,Jump Shot,1,0,Above the Break 3
1628976,Wendell Carter Jr.,1610612741,0021800178,Dunk Shot,1,1,Restricted Area
203200,Justin Holiday,1610612741,0021800178,Jump Shot,1,0,Above the Break 3
203200,Justin Holiday,1610612741,0021800178,Jump Shot,1,0,Above the Break 3
203897,Zach LaVine,1610612741,0021800178,Tip Dunk Shot,1,1,Restricted Area
203897,Zach LaVine,1610612741,0021800178,Driving Floating Jump Shot,1,0,In The Paint (Non-RA)
203953,Jabari Parker,1610612741,0021800178,Turnaround Fadeaway shot,1,0,In The Paint (Non-RA)
1627853,Ryan Arcidiacono,1610612741,0021800178,Jump Shot,1,1,Above the Break 3
203897,Zach LaVine,1610612741,0021800178,Jump Shot,1,0,In The Paint (Non-RA)
203200,Justin Holiday,1610612741,0021800178,Jump Shot,1,1,Above the Break 3
201577,Robin Lopez,1610612741,0021800178,Hook Shot,1,0,In The Paint (Non-RA)
203897,Zach LaVine,1610612741,0021800178,Driving Layup Shot,1,1,Restricted Area
1627885,Shaquille Harrison,1610612741,0021800178,Running Dunk Shot,1,1,Restricted Area
203897,Zach LaVine,1610612741,0021800178,Driving Reverse Layup Shot,1,1,Restricted Area
203897,Zach LaVine,1610612741,0021800178,Jump Shot,1,0,Above the Break 3
203897,Zach LaVine,1610612741,0021800178,Driving Layup Shot,1,0,Restricted Area
1628990,Chandler Hutchison,1610612741,0021800178,Driving Dunk Shot,1,1,Restricted Area
1628469,Antonio Blakeney,1610612741,0021800178,Jump Shot,1,0,In The Paint (Non-RA)
1628469,Antonio Blakeney,1610612741,0021800178,Jump Shot,1,1,Left Corner 3
1628469,Antonio Blakeney,1610612741,0021800178,Floating Jump shot,1,0,In The Paint (Non-RA)
1628469,Antonio Blakeney,1610612741,0021800178,Jump Shot,1,1,Mid-Range
1628990,Chandler Hutchison,1610612741,0021800178,Jump Shot,1,1,Above the Break 3
203897,Zach LaVine,1610612741,0021800178,Step Back Jump shot,1,0,Mid-Range
1628469,Antonio Blakeney,1610612741,0021800178,Pullup Jump shot,1,0,Mid-Range
1628469,Antonio Blakeney,1610612741,0021800178,Tip Layup Shot,1,0,Restricted Area
1628469,Antonio Blakeney,1610612741,0021800178,Driving Layup Shot,1,0,In The Paint (Non-RA)
203953,Jabari Parker,1610612741,0021800178,Hook Shot,1,1,In The Paint (Non-RA)
203953,Jabari Parker,1610612741,0021800178,Step Back Jump shot,1,1,Mid-Range
203897,Zach LaVine,1610612741,0021800178,Layup Shot,1,0,Restricted Area
203897,Zach LaVine,1610612741,0021800178,Jump Shot,1,0,Mid-Range
1628976,Wendell Carter Jr.,1610612741,0021800193,Cutting Dunk Shot,1,1,Restricted Area
203200,Justin Holiday,1610612741,0021800193,Jump Shot,1,1,Above the Break 3
1627853,Ryan Arcidiacono,1610612741,0021800193,Jump Shot,1,0,Above the Break 3
1628976,Wendell Carter Jr.,1610612741,0021800193,Jump Shot,1,0,Mid-Range
1627853,Ryan Arcidiacono,1610612741,0021800193,Jump Shot,1,1,Mid-Range
203953,Jabari Parker,1610612741,0021800193,Jump Shot,1,0,Mid-Range
203953,Jabari Parker,1610612741,0021800193,Pullup Jump shot,1,0,In The Paint (Non-RA)
203897,Zach LaVine,1610612741,0021800193,Cutting Dunk Shot,1,0,Restricted Area
1628976,Wendell Carter Jr.,1610612741,0021800193,Jump Shot,1,0,Above the Break 3
203953,Jabari Parker,1610612741,0021800193,Driving Dunk Shot,1,1,Restricted Area
1628976,Wendell Carter Jr.,1610612741,0021800193,Hook Shot,1,0,In The Paint (Non-RA)
1628990,Chandler Hutchison,1610612741,0021800193,Running Layup Shot,1,1,Restricted Area
1627853,Ryan Arcidiacono,1610612741,0021800193,Jump Shot,1,1,Above the Break 3
203200,Justin Holiday,1610612741,0021800193,Jump Shot,1,0,Left Corner 3
1627853,Ryan Arcidiacono,1610612741,0021800193,Jump Shot,1,0,Right Corner 3
203897,Zach LaVine,1610612741,0021800193,Jump Shot,1,0,Above the Break 3
201577,Robin Lopez,1610612741,0021800193,Jump Shot,1,0,Above the Break 3
203897,Zach LaVine,1610612741,0021800193,Driving Layup Shot,1,0,Restricted Area
203200,Justin Holiday,1610612741,0021800193,Jump Shot,1,0,Above the Break 3
201577,Robin Lopez,1610612741,0021800193,Turnaround Hook Shot,1,0,Mid-Range
203200,Justin Holiday,1610612741,0021800193,Driving Layup Shot,1,1,Restricted Area
1627885,Shaquille Harrison,1610612741,0021800193,Driving Hook Shot,1,0,In The Paint (Non-RA)
1628990,Chandler Hutchison,1610612741,0021800193,Cutting Dunk Shot,1,0,Restricted Area
203897,Zach LaVine,1610612741,0021800193,Jump Bank Shot,1,0,Above the Break 3
1628469,Antonio Blakeney,1610612741,0021800193,Step Back Jump shot,1,0,Mid-Range
1628469,Antonio Blakeney,1610612741,0021800193,Driving Layup Shot,1,0,Restricted Area
203953,Jabari Parker,1610612741,0021800193,Jump Shot,1,0,Right Corner 3
1628469,Antonio Blakeney,1610612741,0021800193,Driving Reverse Layup Shot,1,1,Restricted Area
203953,Jabari Parker,1610612741,0021800193,Hook Shot,1,0,In The Paint (Non-RA)
203953,Jabari Parker,1610612741,0021800193,Turnaround Hook Shot,1,0,In The Paint (Non-RA)
1627853,Ryan Arcidiacono,1610612741,0021800193,Jump Shot,1,1,Above the Break 3
203953,Jabari Parker,1610612741,0021800193,Jump Shot,1,0,Above the Break 3
203200,Justin Holiday,1610612741,0021800193,Pullup Jump shot,1,1,Mid-Range
203953,Jabari Parker,1610612741,0021800193,Jump Shot,1,0,Mid-Range
203897,Zach LaVine,1610612741,0021800193,Driving Layup Shot,1,1,Restricted Area
203897,Zach LaVine,1610612741,0021800193,Turnaround Fadeaway shot,1,1,Mid-Range
201577,Robin Lopez,1610612741,0021800193,Cutting Layup Shot,1,1,Restricted Area
1628990,Chandler Hutchison,1610612741,0021800193,Driving Layup Shot,1,0,Restricted Area
203897,Zach LaVine,1610612741,0021800193,Fadeaway Jump Shot,1,0,Mid-Range
201577,Robin Lopez,1610612741,0021800193,Layup Shot,1,1,Restricted Area
1628990,Chandler Hutchison,1610612741,0021800193,Floating Jump shot,1,1,In The Paint (Non-RA)
203897,Zach LaVine,1610612741,0021800193,Running Layup Shot,1,1,Restricted Area
1628990,Chandler Hutchison,1610612741,0021800193,Jump Shot,1,1,Above the Break 3
1628990,Chandler Hutchison,1610612741,0021800193,Driving Layup Shot,1,0,Restricted Area
203200,Justin Holiday,1610612741,0021800193,Jump Shot,1,1,Above the Break 3
203897,Zach LaVine,1610612741,0021800193,Jump Shot,1,0,Mid-Range
1627885,Shaquille Harrison,1610612741,0021800193,Jump Shot,1,0,Backcourt
1628976,Wendell Carter Jr.,1610612741,0021800193,Jump Shot,1,0,In The Paint (Non-RA)
1628976,Wendell Carter Jr.,1610612741,0021800193,Jump Shot,1,1,Mid-Range
1628976,Wendell Carter Jr.,1610612741,0021800193,Jump Shot,1,0,Above the Break 3
203897,Zach LaVine,1610612741,0021800193,Pullup Jump shot,1,1,In The Paint (Non-RA)
203897,Zach LaVine,1610612741,0021800193,Turnaround Fadeaway shot,1,1,Mid-Range
203897,Zach LaVine,1610612741,0021800193,Jump Shot,1,0,Above the Break 3
203897,Zach LaVine,1610612741,0021800193,Running Dunk Shot,1,1,Restricted Area
1627853,Ryan Arcidiacono,1610612741,0021800193,Jump Shot,1,0,Above the Break 3
203897,Zach LaVine,1610612741,0021800193,Jump Shot,1,0,Left Corner 3
203953,Jabari Parker,1610612741,0021800193,Jump Shot,1,0,Above the Break 3
203200,Justin Holiday,1610612741,0021800193,Jump Shot,1,1,Above the Break 3
203953,Jabari Parker,1610612741,0021800193,Pullup Jump shot,1,1,Mid-Range
1627853,Ryan Arcidiacono,1610612741,0021800193,Jump Shot,1,0,Above the Break 3
203953,Jabari Parker,1610612741,0021800193,Layup Shot,1,1,Restricted Area
1628469,Antonio Blakeney,1610612741,0021800193,Pullup Jump shot,1,0,In The Paint (Non-RA)
1628976,Wendell Carter Jr.,1610612741,0021800193,Jump Shot,1,0,Left Corner 3
1627853,Ryan Arcidiacono,1610612741,0021800193,Driving Floating Jump Shot,1,0,In The Paint (Non-RA)
203953,Jabari Parker,1610612741,0021800193,Running Layup Shot,1,1,Restricted Area
203953,Jabari Parker,1610612741,0021800193,Jump Shot,1,0,Mid-Range
203953,Jabari Parker,1610612741,0021800193,Hook Bank Shot,1,1,Restricted Area
1627885,Shaquille Harrison,1610612741,0021800193,Jump Bank Shot,1,1,Above the Break 3
1628990,Chandler Hutchison,1610612741,0021800193,Cutting Dunk Shot,1,1,Restricted Area
1628469,Antonio Blakeney,1610612741,0021800193,Jump Shot,1,1,Left Corner 3
203897,Zach LaVine,1610612741,0021800193,Jump Shot,1,0,In The Paint (Non-RA)
203897,Zach LaVine,1610612741,0021800193,Step Back Jump shot,1,0,Mid-Range
203897,Zach LaVine,1610612741,0021800193,Driving Reverse Layup Shot,1,1,Restricted Area
1628469,Antonio Blakeney,1610612741,0021800193,Driving Layup Shot,1,0,Restricted Area
1627885,Shaquille Harrison,1610612741,0021800193,Jump Shot,1,0,Above the Break 3
1628469,Antonio Blakeney,1610612741,0021800193,Jump Shot,1,1,In The Paint (Non-RA)
203897,Zach LaVine,1610612741,0021800193,Jump Shot,1,0,Mid-Range
1627853,Ryan Arcidiacono,1610612741,0021800193,Jump Shot,1,0,Above the Break 3
203897,Zach LaVine,1610612741,0021800193,Pullup Jump shot,1,0,Mid-Range
203953,Jabari Parker,1610612741,0021800193,Jump Shot,1,0,Left Corner 3
203953,Jabari Parker,1610612741,0021800193,Driving Layup Shot,1,0,Restricted Area
1628976,Wendell Carter Jr.,1610612741,0021800193,Putback Layup Shot,1,1,Restricted Area
203200,Justin Holiday,1610612741,0021800193,Jump Shot,1,0,Right Corner 3
203897,Zach LaVine,1610612741,0021800193,Step Back Jump shot,1,0,Mid-Range
203897,Zach LaVine,1610612741,0021800193,Jump Shot,1,0,Above the Break 3
203897,Zach LaVine,1610612741,0021800193,Fadeaway Jump Shot,1,0,Above the Break 3
203200,Justin Holiday,1610612741,0021800193,Jump Shot,1,0,Left Corner 3
203953,Jabari Parker,1610612741,0021800193,Putback Layup Shot,1,1,Restricted Area
203897,Zach LaVine,1610612741,0021800193,Running Dunk Shot,1,1,Restricted Area
203200,Justin Holiday,1610612741,0021800204,Driving Finger Roll Layup Shot,1,0,In The Paint (Non-RA)
203200,Justin Holiday,1610612741,0021800204,Jump Shot,1,1,Above the Break 3
203953,Jabari Parker,1610612741,0021800204,Turnaround Fadeaway shot,1,1,In The Paint (Non-RA)
1628976,Wendell Carter Jr.,1610612741,0021800204,Step Back Jump shot,1,0,Mid-Range
1628976,Wendell Carter Jr.,1610612741,0021800204,Cutting Dunk Shot,1,1,Restricted Area
203953,Jabari Parker,1610612741,0021800204,Driving Hook Shot,1,1,In The Paint (Non-RA)
203953,Jabari Parker,1610612741,0021800204,Jump Shot,1,1,Left Corner 3
203200,Justin Holiday,1610612741,0021800204,Jump Shot,1,0,Above the Break 3
1628976,Wendell Carter Jr.,1610612741,0021800204,Jump Shot,1,0,In The Paint (Non-RA)
203953,Jabari Parker,1610612741,0021800204,Jump Shot,1,0,Mid-Range
203200,Justin Holiday,1610612741,0021800204,Pullup Jump shot,1,1,Above the Break 3
203897,Zach LaVine,1610612741,0021800204,Jump Shot,1,0,Above the Break 3
203200,Justin Holiday,1610612741,0021800204,Driving Layup Shot,1,0,Restricted Area
203897,Zach LaVine,1610612741,0021800204,Putback Layup Shot,1,1,Restricted Area
203953,Jabari Parker,1610612741,0021800204,Driving Finger Roll Layup Shot,1,1,Restricted Area
1628976,Wendell Carter Jr.,1610612741,0021800204,Driving Layup Shot,1,0,Restricted Area
203953,Jabari Parker,1610612741,0021800204,Pullup Jump shot,1,0,Mid-Range
203953,Jabari Parker,1610612741,0021800204,Layup Shot,1,0,In The Paint (Non-RA)
203953,Jabari Parker,1610612741,0021800204,Driving Hook Shot,1,1,In The Paint (Non-RA)
203200,Justin Holiday,1610612741,0021800204,Pullup Jump shot,1,0,Mid-Range
1628469,Antonio Blakeney,1610612741,0021800204,Pullup Jump shot,1,0,Mid-Range
201577,Robin Lopez,1610612741,0021800204,Jump Shot,1,0,Mid-Range
203953,Jabari Parker,1610612741,0021800204,Jump Shot,1,1,Above the Break 3
201577,Robin Lopez,1610612741,0021800204,Turnaround Hook Shot,1,0,In The Paint (Non-RA)
203897,Zach LaVine,1610612741,0021800204,Pullup Jump shot,1,0,Mid-Range
203897,Zach LaVine,1610612741,0021800204,Driving Layup Shot,1,1,Restricted Area
203897,Zach LaVine,1610612741,0021800204,Pullup Jump shot,1,0,Mid-Range
1628469,Antonio Blakeney,1610612741,0021800204,Fadeaway Jump Shot,1,0,In The Paint (Non-RA)
1628469,Antonio Blakeney,1610612741,0021800204,Driving Floating Jump Shot,1,1,In The Paint (Non-RA)
203897,Zach LaVine,1610612741,0021800204,Driving Layup Shot,1,0,In The Paint (Non-RA)
203897,Zach LaVine,1610612741,0021800204,Driving Reverse Layup Shot,1,0,Restricted Area
1628990,Chandler Hutchison,1610612741,0021800204,Driving Finger Roll Layup Shot,1,0,Restricted Area
1628976,Wendell Carter Jr.,1610612741,0021800204,Jump Shot,1,0,Mid-Range
203200,Justin Holiday,1610612741,0021800204,Jump Shot,1,0,Right Corner 3
203953,Jabari Parker,1610612741,0021800204,Jump Shot,1,0,Above the Break 3
1627885,Shaquille Harrison,1610612741,0021800204,Running Finger Roll Layup Shot,1,1,Restricted Area
1628976,Wendell Carter Jr.,1610612741,0021800204,Jump Shot,1,0,Mid-Range
203897,Zach LaVine,1610612741,0021800204,Jump Shot,1,0,Above the Break 3
1628976,Wendell Carter Jr.,1610612741,0021800204,Floating Jump shot,1,1,In The Paint (Non-RA)
203200,Justin Holiday,1610612741,0021800204,Jump Shot,1,0,Above the Break 3
1628976,Wendell Carter Jr.,1610612741,0021800204,Driving Floating Jump Shot,1,0,In The Paint (Non-RA)
1628976,Wendell Carter Jr.,1610612741,0021800204,Tip Layup Shot,1,0,Restricted Area
1627853,Ryan Arcidiacono,1610612741,0021800204,Running Layup Shot,1,1,Restricted Area
203897,Zach LaVine,1610612741,0021800204,Driving Finger Roll Layup Shot,1,0,Restricted Area
203897,Zach LaVine,1610612741,0021800204,Running Dunk Shot,1,1,Restricted Area
203953,Jabari Parker,1610612741,0021800204,Driving Layup Shot,1,0,Restricted Area
203953,Jabari Parker,1610612741,0021800204,Jump Shot,1,0,Left Corner 3
1627853,Ryan Arcidiacono,1610612741,0021800204,Jump Shot,1,0,Above the Break 3
1628976,Wendell Carter Jr.,1610612741,0021800204,Cutting Layup Shot,1,1,Restricted Area
203953,Jabari Parker,1610612741,0021800204,Driving Layup Shot,1,0,Restricted Area
1628976,Wendell Carter Jr.,1610612741,0021800204,Running Layup Shot,1,1,Restricted Area
203200,Justin Holiday,1610612741,0021800204,Jump Shot,1,0,Above the Break 3
1627853,Ryan Arcidiacono,1610612741,0021800204,Jump Shot,1,1,Above the Break 3
1627853,Ryan Arcidiacono,1610612741,0021800204,Jump Shot,1,1,Above the Break 3
1628976,Wendell Carter Jr.,1610612741,0021800204,Jump Shot,1,0,Left Corner 3
1628976,Wendell Carter Jr.,1610612741,0021800204,Cutting Dunk Shot,1,1,Restricted Area
201577,Robin Lopez,1610612741,0021800204,Turnaround Hook Shot,1,1,In The Paint (Non-RA)
1627885,Shaquille Harrison,1610612741,0021800204,Running Layup Shot,1,1,Restricted Area
1628469,Antonio Blakeney,1610612741,0021800204,Jump Shot,1,0,Above the Break 3
203897,Zach LaVine,1610612741,0021800204,Driving Layup Shot,1,0,Restricted Area
1628469,Antonio Blakeney,1610612741,0021800204,Driving Floating Bank Jump Shot,1,0,In The Paint (Non-RA)
201577,Robin Lopez,1610612741,0021800204,Tip Layup Shot,1,0,Restricted Area
1628469,Antonio Blakeney,1610612741,0021800204,Jump Shot,1,1,Left Corner 3
1627885,Shaquille Harrison,1610612741,0021800204,Driving Finger Roll Layup Shot,1,1,Restricted Area
203200,Justin Holiday,1610612741,0021800204,Jump Shot,1,0,Right Corner 3
1628469,Antonio Blakeney,1610612741,0021800204,Driving Floating Jump Shot,1,1,In The Paint (Non-RA)
1628469,Antonio Blakeney,1610612741,0021800204,Jump Shot,1,0,Above the Break 3
1626245,Cristiano Felicio,1610612741,0021800204,Putback Layup Shot,1,1,Restricted Area
1626245,Cristiano Felicio,1610612741,0021800204,Cutting Layup Shot,1,0,In The Paint (Non-RA)
1627885,Shaquille Harrison,1610612741,0021800204,Running Layup Shot,1,1,Restricted Area
1628469,Antonio Blakeney,1610612741,0021800204,Jump Shot,1,0,Above the Break 3
1627885,Shaquille Harrison,1610612741,0021800204,Driving Reverse Layup Shot,1,0,Restricted Area
1628469,Antonio Blakeney,1610612741,0021800204,Driving Layup Shot,1,0,In The Paint (Non-RA)
1628990,Chandler Hutchison,1610612741,0021800204,Jump Shot,1,0,Above the Break 3
1627885,Shaquille Harrison,1610612741,0021800204,Driving Layup Shot,1,1,Restricted Area
1626166,Cameron Payne,1610612741,0021800204,Floating Jump shot,1,0,In The Paint (Non-RA)
1627885,Shaquille Harrison,1610612741,0021800204,Driving Layup Shot,1,0,In The Paint (Non-RA)
1628990,Chandler Hutchison,1610612741,0021800204,Driving Hook Shot,1,0,In The Paint (Non-RA)
1626245,Cristiano Felicio,1610612741,0021800204,Putback Layup Shot,1,1,Restricted Area
1627853,Ryan Arcidiacono,1610612741,0021800204,Jump Shot,1,0,Left Corner 3
1627885,Shaquille Harrison,1610612741,0021800204,Running Layup Shot,1,1,Restricted Area
1626166,Cameron Payne,1610612741,0021800204,Fadeaway Jump Shot,1,1,Mid-Range
1627885,Shaquille Harrison,1610612741,0021800204,Running Reverse Layup Shot,1,1,Restricted Area
1627885,Shaquille Harrison,1610612741,0021800204,Driving Reverse Layup Shot,1,0,Restricted Area
203897,Zach LaVine,1610612741,0021800223,Running Layup Shot,1,0,Restricted Area
203953,Jabari Parker,1610612741,0021800223,Step Back Jump shot,1,1,Mid-Range
1628976,Wendell Carter Jr.,1610612741,0021800223,Floating Jump shot,1,0,In The Paint (Non-RA)
1628976,Wendell Carter Jr.,1610612741,0021800223,Cutting Layup Shot,1,1,Restricted Area
1627853,Ryan Arcidiacono,1610612741,0021800223,Jump Shot,1,0,Above the Break 3
203897,Zach LaVine,1610612741,0021800223,Jump Shot,1,0,Above the Break 3
203897,Zach LaVine,1610612741,0021800223,Driving Layup Shot,1,1,Restricted Area
203953,Jabari Parker,1610612741,0021800223,Running Layup Shot,1,1,Restricted Area
1628976,Wendell Carter Jr.,1610612741,0021800223,Jump Shot,1,1,Mid-Range
203953,Jabari Parker,1610612741,0021800223,Jump Shot,1,1,Above the Break 3
203953,Jabari Parker,1610612741,0021800223,Jump Shot,1,1,Above the Break 3
203200,Justin Holiday,1610612741,0021800223,Jump Shot,1,1,Right Corner 3
203897,Zach LaVine,1610612741,0021800223,Driving Layup Shot,1,1,Restricted Area
203200,Justin Holiday,1610612741,0021800223,Pullup Jump shot,1,1,Above the Break 3
201577,Robin Lopez,1610612741,0021800223,Jump Shot,1,0,Mid-Range
203953,Jabari Parker,1610612741,0021800223,Pullup Jump shot,1,0,Mid-Range
203200,Justin Holiday,1610612741,0021800223,Jump Shot,1,1,Above the Break 3
203897,Zach LaVine,1610612741,0021800223,Turnaround Fadeaway shot,1,0,Mid-Range
203897,Zach LaVine,1610612741,0021800223,Driving Layup Shot,1,1,Restricted Area
203953,Jabari Parker,1610612741,0021800223,Jump Shot,1,1,Left Corner 3
1627853,Ryan Arcidiacono,1610612741,0021800223,Jump Shot,1,0,Above the Break 3
203953,Jabari Parker,1610612741,0021800223,Pullup Jump shot,1,1,Mid-Range
203953,Jabari Parker,1610612741,0021800223,Driving Layup Shot,1,0,Restricted Area
1628469,Antonio Blakeney,1610612741,0021800223,Jump Shot,1,1,Above the Break 3
1628469,Antonio Blakeney,1610612741,0021800223,Pullup Jump shot,1,1,Mid-Range
203953,Jabari Parker,1610612741,0021800223,Pullup Jump shot,1,0,Above the Break 3
1628990,Chandler Hutchison,1610612741,0021800223,Jump Shot,1,0,Right Corner 3
1627885,Shaquille Harrison,1610612741,0021800223,Layup Shot,1,0,Restricted Area
1628469,Antonio Blakeney,1610612741,0021800223,Step Back Jump shot,1,0,In The Paint (Non-RA)
201577,Robin Lopez,1610612741,0021800223,Floating Jump shot,1,1,In The Paint (Non-RA)
203953,Jabari Parker,1610612741,0021800223,Driving Layup Shot,1,1,Restricted Area
203897,Zach LaVine,1610612741,0021800223,Layup Shot,1,0,Restricted Area
203953,Jabari Parker,1610612741,0021800223,Step Back Jump shot,1,0,Mid-Range
203897,Zach LaVine,1610612741,0021800223,Driving Layup Shot,1,1,Restricted Area
203897,Zach LaVine,1610612741,0021800223,Reverse Layup Shot,1,0,Restricted Area
1628976,Wendell Carter Jr.,1610612741,0021800223,Jump Shot,1,1,Mid-Range
1628976,Wendell Carter Jr.,1610612741,0021800223,Floating Jump shot,1,1,In The Paint (Non-RA)
1628469,Antonio Blakeney,1610612741,0021800223,Jump Shot,1,0,Right Corner 3
1627853,Ryan Arcidiacono,1610612741,0021800223,Jump Shot,1,1,Above the Break 3
203200,Justin Holiday,1610612741,0021800223,Step Back Jump shot,1,1,Above the Break 3
203897,Zach LaVine,1610612741,0021800223,Layup Shot,1,0,Restricted Area
203953,Jabari Parker,1610612741,0021800223,Jump Shot,1,0,In The Paint (Non-RA)
203200,Justin Holiday,1610612741,0021800223,Jump Shot,1,1,Right Corner 3
203200,Justin Holiday,1610612741,0021800223,Pullup Jump shot,1,1,Above the Break 3
203897,Zach LaVine,1610612741,0021800223,Turnaround Jump Shot,1,0,In The Paint (Non-RA)
203897,Zach LaVine,1610612741,0021800223,Jump Bank Shot,1,0,Mid-Range
203897,Zach LaVine,1610612741,0021800223,Pullup Jump shot,1,0,Mid-Range
203953,Jabari Parker,1610612741,0021800223,Jump Shot,1,0,Mid-Range
203200,Justin Holiday,1610612741,0021800223,Jump Shot,1,0,Left Corner 3
203953,Jabari Parker,1610612741,0021800223,Jump Shot,1,0,Right Corner 3
1627853,Ryan Arcidiacono,1610612741,0021800223,Jump Shot,1,0,Above the Break 3
1628976,Wendell Carter Jr.,1610612741,0021800223,Layup Shot,1,1,Restricted Area
203200,Justin Holiday,1610612741,0021800223,Floating Jump shot,1,1,In The Paint (Non-RA)
1628976,Wendell Carter Jr.,1610612741,0021800223,Turnaround Hook Shot,1,1,Restricted Area
203897,Zach LaVine,1610612741,0021800223,Jump Shot,1,0,Above the Break 3
203200,Justin Holiday,1610612741,0021800223,Jump Shot,1,0,Mid-Range
203953,Jabari Parker,1610612741,0021800223,Jump Shot,1,0,Above the Break 3
203953,Jabari Parker,1610612741,0021800223,Layup Shot,1,1,Restricted Area
203200,Justin Holiday,1610612741,0021800223,Jump Shot,1,0,Above the Break 3
203897,Zach LaVine,1610612741,0021800223,Jump Shot,1,1,Left Corner 3
1628976,Wendell Carter Jr.,1610612741,0021800223,Floating Jump shot,1,0,In The Paint (Non-RA)
1627853,Ryan Arcidiacono,1610612741,0021800223,Jump Shot,1,0,Above the Break 3
1627853,Ryan Arcidiacono,1610612741,0021800223,Jump Shot,1,0,Above the Break 3
203200,Justin Holiday,1610612741,0021800223,Jump Shot,1,0,In The Paint (Non-RA)
203897,Zach LaVine,1610612741,0021800223,Pullup Jump shot,1,0,Above the Break 3
1628469,Antonio Blakeney,1610612741,0021800223,Pullup Jump shot,1,0,Mid-Range
203897,Zach LaVine,1610612741,0021800223,Driving Layup Shot,1,0,Restricted Area
1628990,Chandler Hutchison,1610612741,0021800223,Reverse Layup Shot,1,0,Restricted Area
203897,Zach LaVine,1610612741,0021800223,Driving Reverse Layup Shot,1,1,Restricted Area
203953,Jabari Parker,1610612741,0021800223,Layup Shot,1,0,Restricted Area
203200,Justin Holiday,1610612741,0021800223,Jump Shot,1,0,Above the Break 3
1627885,Shaquille Harrison,1610612741,0021800223,Layup Shot,1,1,Restricted Area
203953,Jabari Parker,1610612741,0021800223,Step Back Jump shot,1,0,In The Paint (Non-RA)
201577,Robin Lopez,1610612741,0021800223,Turnaround Hook Shot,1,0,Restricted Area
1627885,Shaquille Harrison,1610612741,0021800223,Tip Layup Shot,1,1,Restricted Area
1627885,Shaquille Harrison,1610612741,0021800223,Floating Jump shot,1,0,In The Paint (Non-RA)
1628469,Antonio Blakeney,1610612741,0021800223,Step Back Jump shot,1,0,Above the Break 3
1628469,Antonio Blakeney,1610612741,0021800223,Jump Shot,1,1,Left Corner 3
1627885,Shaquille Harrison,1610612741,0021800223,Driving Reverse Layup Shot,1,0,Restricted Area
1628469,Antonio Blakeney,1610612741,0021800223,Pullup Jump shot,1,1,Mid-Range
201577,Robin Lopez,1610612741,0021800223,Turnaround Hook Shot,1,1,Mid-Range
1628469,Antonio Blakeney,1610612741,0021800223,Floating Jump shot,1,1,In The Paint (Non-RA)
201577,Robin Lopez,1610612741,0021800223,Jump Shot,1,0,Mid-Range
203953,Jabari Parker,1610612741,0021800223,Layup Shot,1,1,Restricted Area
203897,Zach LaVine,1610612741,0021800223,Step Back Jump shot,1,0,Mid-Range
203897,Zach LaVine,1610612741,0021800223,Pullup Jump shot,1,0,Above the Break 3
1628469,Antonio Blakeney,1610612741,0021800223,Pullup Jump shot,1,1,Mid-Range
1626245,Cristiano Felicio,1610612741,0021800223,Cutting Layup Shot,1,0,Restricted Area
1628990,Chandler Hutchison,1610612741,0021800223,Jump Shot,1,0,Above the Break 3
1628469,Antonio Blakeney,1610612741,0021800223,Step Back Jump shot,1,0,Mid-Range
1628469,Antonio Blakeney,1610612741,0021800223,Floating Jump shot,1,1,Mid-Range
1628469,Antonio Blakeney,1610612741,0021800223,Jump Shot,1,0,Mid-Range
1628469,Antonio Blakeney,1610612741,0021800223,Driving Floating Jump Shot,1,1,Restricted Area
1626245,Cristiano Felicio,1610612741,0021800223,Jump Shot,1,0,Above the Break 3
203953,Jabari Parker,1610612741,0021800230,Jump Shot,1,0,Mid-Range
203953,Jabari Parker,1610612741,0021800230,Layup Shot,1,0,Restricted Area
1627853,Ryan Arcidiacono,1610612741,0021800230,Jump Shot,1,1,Left Corner 3
203953,Jabari Parker,1610612741,0021800230,Layup Shot,1,1,Restricted Area
203953,Jabari Parker,1610612741,0021800230,Jump Shot,1,0,Mid-Range
203200,Justin Holiday,1610612741,0021800230,Jump Shot,1,0,Right Corner 3
203953,Jabari Parker,1610612741,0021800230,Jump Shot,1,1,Right Corner 3
203200,Justin Holiday,1610612741,0021800230,Pullup Jump shot,1,1,Mid-Range
1628976,Wendell Carter Jr.,1610612741,0021800230,Jump Shot,1,0,Mid-Range
1626166,Cameron Payne,1610612741,0021800230,Floating Jump shot,1,1,In The Paint (Non-RA)
1628976,Wendell Carter Jr.,1610612741,0021800230,Turnaround Jump Shot,1,0,Mid-Range
203200,Justin Holiday,1610612741,0021800230,Layup Shot,1,0,In The Paint (Non-RA)
1626166,Cameron Payne,1610612741,0021800230,Driving Layup Shot,1,0,Restricted Area
203953,Jabari Parker,1610612741,0021800230,Jump Shot,1,0,Left Corner 3
201577,Robin Lopez,1610612741,0021800230,Driving Hook Shot,1,1,Restricted Area
1628469,Antonio Blakeney,1610612741,0021800230,Jump Shot,1,0,Mid-Range
203953,Jabari Parker,1610612741,0021800230,Driving Reverse Layup Shot,1,0,Restricted Area
203200,Justin Holiday,1610612741,0021800230,Jump Shot,1,0,Above the Break 3
201577,Robin Lopez,1610612741,0021800230,Hook Shot,1,1,In The Paint (Non-RA)
201577,Robin Lopez,1610612741,0021800230,Jump Shot,1,0,Mid-Range
1628990,Chandler Hutchison,1610612741,0021800230,Jump Shot,1,0,Left Corner 3
1628469,Antonio Blakeney,1610612741,0021800230,Jump Shot,1,0,Mid-Range
1628469,Antonio Blakeney,1610612741,0021800230,Running Layup Shot,1,0,Restricted Area
201577,Robin Lopez,1610612741,0021800230,Driving Hook Shot,1,0,Mid-Range
1627885,Shaquille Harrison,1610612741,0021800230,Driving Layup Shot,1,0,Restricted Area
201577,Robin Lopez,1610612741,0021800230,Driving Hook Shot,1,1,In The Paint (Non-RA)
201577,Robin Lopez,1610612741,0021800230,Jump Shot,1,1,Above the Break 3
1628469,Antonio Blakeney,1610612741,0021800230,Running Layup Shot,1,1,Restricted Area
1627853,Ryan Arcidiacono,1610612741,0021800230,Jump Shot,1,0,Above the Break 3
1628990,Chandler Hutchison,1610612741,0021800230,Putback Layup Shot,1,0,Restricted Area
1627853,Ryan Arcidiacono,1610612741,0021800230,Jump Shot,1,0,Above the Break 3
203200,Justin Holiday,1610612741,0021800230,Jump Shot,1,1,Above the Break 3
203953,Jabari Parker,1610612741,0021800230,Jump Shot,1,0,Above the Break 3
203200,Justin Holiday,1610612741,0021800230,Jump Shot,1,1,Right Corner 3
1626166,Cameron Payne,1610612741,0021800230,Driving Layup Shot,1,0,In The Paint (Non-RA)
203200,Justin Holiday,1610612741,0021800230,Jump Shot,1,1,Above the Break 3
203200,Justin Holiday,1610612741,0021800230,Jump Shot,1,0,Right Corner 3
1626166,Cameron Payne,1610612741,0021800230,Driving Layup Shot,1,1,Restricted Area
1628976,Wendell Carter Jr.,1610612741,0021800230,Alley Oop Layup shot,1,1,Restricted Area
203200,Justin Holiday,1610612741,0021800230,Jump Shot,1,0,Above the Break 3
1628469,Antonio Blakeney,1610612741,0021800230,Jump Shot,1,0,Mid-Range
1628976,Wendell Carter Jr.,1610612741,0021800230,Tip Layup Shot,1,1,Restricted Area
1628976,Wendell Carter Jr.,1610612741,0021800230,Tip Layup Shot,1,0,Restricted Area
1628976,Wendell Carter Jr.,1610612741,0021800230,Turnaround Jump Shot,1,0,Mid-Range
203953,Jabari Parker,1610612741,0021800230,Driving Layup Shot,1,0,Restricted Area
203953,Jabari Parker,1610612741,0021800230,Jump Shot,1,1,Left Corner 3
203953,Jabari Parker,1610612741,0021800230,Jump Shot,1,0,Mid-Range
203953,Jabari Parker,1610612741,0021800230,Putback Layup Shot,1,1,Restricted Area
203200,Justin Holiday,1610612741,0021800230,Jump Shot,1,0,Above the Break 3
1627853,Ryan Arcidiacono,1610612741,0021800230,Driving Layup Shot,1,0,Restricted Area
1627853,Ryan Arcidiacono,1610612741,0021800230,Jump Shot,1,0,Right Corner 3
1628976,Wendell Carter Jr.,1610612741,0021800230,Jump Shot,1,0,Above the Break 3
1627853,Ryan Arcidiacono,1610612741,0021800230,Jump Shot,1,0,Above the Break 3
1628976,Wendell Carter Jr.,1610612741,0021800230,Jump Shot,1,0,Mid-Range
1628469,Antonio Blakeney,1610612741,0021800230,Driving Layup Shot,1,0,Restricted Area
1627853,Ryan Arcidiacono,1610612741,0021800230,Jump Shot,1,1,Left Corner 3
203953,Jabari Parker,1610612741,0021800230,Pullup Jump shot,1,1,Mid-Range
203953,Jabari Parker,1610612741,0021800230,Driving Layup Shot,1,0,Restricted Area
1628469,Antonio Blakeney,1610612741,0021800230,Driving Floating Jump Shot,1,0,In The Paint (Non-RA)
1628469,Antonio Blakeney,1610612741,0021800230,Jump Shot,1,0,Left Corner 3
1628469,Antonio Blakeney,1610612741,0021800230,Pullup Jump shot,1,0,Mid-Range
1627885,Shaquille Harrison,1610612741,0021800230,Jump Shot,1,0,In The Paint (Non-RA)
1628469,Antonio Blakeney,1610612741,0021800230,Driving Floating Jump Shot,1,0,In The Paint (Non-RA)
1628469,Antonio Blakeney,1610612741,0021800230,Jump Shot,1,0,Left Corner 3
1628469,Antonio Blakeney,1610612741,0021800230,Driving Layup Shot,1,1,Restricted Area
1628990,Chandler Hutchison,1610612741,0021800230,Driving Layup Shot,1,0,Restricted Area
1628469,Antonio Blakeney,1610612741,0021800230,Jump Shot,1,1,In The Paint (Non-RA)
1628469,Antonio Blakeney,1610612741,0021800230,Jump Shot,1,0,Mid-Range
1626245,Cristiano Felicio,1610612741,0021800230,Driving Layup Shot,1,1,Restricted Area
1628990,Chandler Hutchison,1610612741,0021800230,Driving Layup Shot,1,1,Restricted Area
1626166,Cameron Payne,1610612741,0021800230,Step Back Jump shot,1,0,Mid-Range
1628469,Antonio Blakeney,1610612741,0021800230,Dunk Shot,1,1,Restricted Area
1628990,Chandler Hutchison,1610612741,0021800230,Jump Shot,1,0,Above the Break 3
1628990,Chandler Hutchison,1610612741,0021800230,Driving Layup Shot,1,1,Restricted Area
1628469,Antonio Blakeney,1610612741,0021800230,Driving Layup Shot,1,0,Restricted Area
1627885,Shaquille Harrison,1610612741,0021800230,Pullup Jump shot,1,0,In The Paint (Non-RA)
1627885,Shaquille Harrison,1610612741,0021800230,Driving Layup Shot,1,0,In The Paint (Non-RA)
1628469,Antonio Blakeney,1610612741,0021800230,Jump Shot,1,0,Restricted Area
1628990,Chandler Hutchison,1610612741,0021800230,Jump Shot,1,0,Mid-Range
1627885,Shaquille Harrison,1610612741,0021800230,Jump Shot,1,0,Left Corner 3
1626166,Cameron Payne,1610612741,0021800230,Jump Shot,1,0,Above the Break 3
1628469,Antonio Blakeney,1610612741,0021800230,Dunk Shot,1,1,Restricted Area
1628990,Chandler Hutchison,1610612741,0021800230,Driving Floating Jump Shot,1,1,Mid-Range
1627885,Shaquille Harrison,1610612741,0021800230,Alley Oop Dunk Shot,1,1,Restricted Area
1628469,Antonio Blakeney,1610612741,0021800230,Cutting Dunk Shot,1,1,Restricted Area
1627885,Shaquille Harrison,1610612741,0021800230,Jump Shot,1,0,Above the Break 3
203200,Justin Holiday,1610612741,0021800257,Jump Shot,1,0,Above the Break 3
1628976,Wendell Carter Jr.,1610612741,0021800257,Cutting Layup Shot,1,1,Restricted Area
203953,Jabari Parker,1610612741,0021800257,Driving Dunk Shot,1,0,Restricted Area
1628976,Wendell Carter Jr.,1610612741,0021800257,Cutting Layup Shot,1,1,Restricted Area
1628976,Wendell Carter Jr.,1610612741,0021800257,Jump Shot,1,1,Mid-Range
203897,Zach LaVine,1610612741,0021800257,Jump Shot,1,0,Above the Break 3
203897,Zach LaVine,1610612741,0021800257,Jump Shot,1,0,Mid-Range
203953,Jabari Parker,1610612741,0021800257,Step Back Jump shot,1,0,Mid-Range
203200,Justin Holiday,1610612741,0021800257,Jump Shot,1,0,Mid-Range
203953,Jabari Parker,1610612741,0021800257,Putback Dunk Shot,1,1,Restricted Area
203897,Zach LaVine,1610612741,0021800257,Driving Reverse Layup Shot,1,0,Restricted Area
1628976,Wendell Carter Jr.,1610612741,0021800257,Jump Shot,1,0,Above the Break 3
1627853,Ryan Arcidiacono,1610612741,0021800257,Jump Shot,1,1,Above the Break 3
203200,Justin Holiday,1610612741,0021800257,Jump Shot,1,0,Above the Break 3
203897,Zach LaVine,1610612741,0021800257,Floating Jump shot,1,0,In The Paint (Non-RA)
201577,Robin Lopez,1610612741,0021800257,Turnaround Hook Shot,1,1,In The Paint (Non-RA)
1628469,Antonio Blakeney,1610612741,0021800257,Driving Floating Jump Shot,1,0,In The Paint (Non-RA)
201577,Robin Lopez,1610612741,0021800257,Jump Shot,1,0,Above the Break 3
203200,Justin Holiday,1610612741,0021800257,Pullup Jump shot,1,1,In The Paint (Non-RA)
1627853,Ryan Arcidiacono,1610612741,0021800257,Jump Shot,1,1,Above the Break 3
1627853,Ryan Arcidiacono,1610612741,0021800257,Driving Floating Jump Shot,1,1,In The Paint (Non-RA)
1626166,Cameron Payne,1610612741,0021800257,Running Pull-Up Jump Shot,1,1,Above the Break 3
1628469,Antonio Blakeney,1610612741,0021800257,Jump Shot,1,1,Left Corner 3
203953,Jabari Parker,1610612741,0021800257,Alley Oop Dunk Shot,1,1,Restricted Area
201577,Robin Lopez,1610612741,0021800257,Turnaround Hook Shot,1,1,In The Paint (Non-RA)
1628469,Antonio Blakeney,1610612741,0021800257,Jump Shot,1,1,Above the Break 3
1627885,Shaquille Harrison,1610612741,0021800257,Driving Layup Shot,1,1,Restricted Area
1627885,Shaquille Harrison,1610612741,0021800257,Jump Shot,1,0,Above the Break 3
201577,Robin Lopez,1610612741,0021800257,Jump Shot,1,0,Mid-Range
1628976,Wendell Carter Jr.,1610612741,0021800257,Turnaround Fadeaway shot,1,0,Mid-Range
203897,Zach LaVine,1610612741,0021800257,Jump Shot,1,0,Above the Break 3
203953,Jabari Parker,1610612741,0021800257,Driving Layup Shot,1,1,Restricted Area
203200,Justin Holiday,1610612741,0021800257,Jump Shot,1,1,Left Corner 3
203897,Zach LaVine,1610612741,0021800257,Driving Layup Shot,1,1,Restricted Area
201577,Robin Lopez,1610612741,0021800257,Hook Shot,1,0,Restricted Area
203897,Zach LaVine,1610612741,0021800257,Driving Layup Shot,1,1,Restricted Area
201577,Robin Lopez,1610612741,0021800257,Turnaround Hook Shot,1,1,In The Paint (Non-RA)
1628469,Antonio Blakeney,1610612741,0021800257,Running Dunk Shot,1,1,Restricted Area
1628469,Antonio Blakeney,1610612741,0021800257,Jump Shot,1,1,Mid-Range
203897,Zach LaVine,1610612741,0021800257,Pullup Jump shot,1,1,Mid-Range
1628976,Wendell Carter Jr.,1610612741,0021800257,Layup Shot,1,1,Restricted Area
1628976,Wendell Carter Jr.,1610612741,0021800257,Layup Shot,1,0,Restricted Area
203897,Zach LaVine,1610612741,0021800257,Jump Shot,1,1,Mid-Range
203897,Zach LaVine,1610612741,0021800257,Driving Layup Shot,1,1,Restricted Area
203897,Zach LaVine,1610612741,0021800257,Dunk Shot,1,1,Restricted Area
203953,Jabari Parker,1610612741,0021800257,Running Dunk Shot,1,1,Restricted Area
1628976,Wendell Carter Jr.,1610612741,0021800257,Driving Dunk Shot,1,1,Restricted Area
1627853,Ryan Arcidiacono,1610612741,0021800257,Jump Shot,1,1,Above the Break 3
203953,Jabari Parker,1610612741,0021800257,Reverse Dunk Shot,1,1,Restricted Area
203200,Justin Holiday,1610612741,0021800257,Jump Shot,1,1,Above the Break 3
1627853,Ryan Arcidiacono,1610612741,0021800257,Jump Shot,1,1,Above the Break 3
1626245,Cristiano Felicio,1610612741,0021800257,Driving Layup Shot,1,1,Restricted Area
203897,Zach LaVine,1610612741,0021800257,Jump Shot,1,0,Mid-Range
203200,Justin Holiday,1610612741,0021800257,Jump Shot,1,1,Above the Break 3
203200,Justin Holiday,1610612741,0021800257,Jump Shot,1,0,Above the Break 3
1626245,Cristiano Felicio,1610612741,0021800257,Cutting Layup Shot,1,0,Restricted Area
1628469,Antonio Blakeney,1610612741,0021800257,Running Jump Shot,1,0,In The Paint (Non-RA)
1627885,Shaquille Harrison,1610612741,0021800257,Driving Reverse Layup Shot,1,0,Restricted Area
1627885,Shaquille Harrison,1610612741,0021800257,Driving Floating Jump Shot,1,0,In The Paint (Non-RA)
203953,Jabari Parker,1610612741,0021800257,Driving Layup Shot,1,0,Restricted Area
1627885,Shaquille Harrison,1610612741,0021800257,Driving Layup Shot,1,1,Restricted Area
203897,Zach LaVine,1610612741,0021800257,Jump Shot,1,0,Mid-Range
1628469,Antonio Blakeney,1610612741,0021800257,Pullup Jump shot,1,0,Mid-Range
203897,Zach LaVine,1610612741,0021800257,Driving Layup Shot,1,1,Restricted Area
1627885,Shaquille Harrison,1610612741,0021800257,Driving Layup Shot,1,1,Restricted Area
1628469,Antonio Blakeney,1610612741,0021800257,Driving Layup Shot,1,1,Restricted Area
203953,Jabari Parker,1610612741,0021800257,Driving Dunk Shot,1,1,Restricted Area
1628469,Antonio Blakeney,1610612741,0021800257,Jump Shot,1,1,Mid-Range
1627885,Shaquille Harrison,1610612741,0021800257,Step Back Jump shot,1,0,Above the Break 3
1628469,Antonio Blakeney,1610612741,0021800257,Jump Shot,1,0,Above the Break 3
203897,Zach LaVine,1610612741,0021800257,Driving Layup Shot,1,1,Restricted Area
1626245,Cristiano Felicio,1610612741,0021800257,Turnaround Bank Hook Shot,1,1,Restricted Area
203897,Zach LaVine,1610612741,0021800257,Jump Shot,1,1,Above the Break 3
203897,Zach LaVine,1610612741,0021800257,Turnaround Jump Shot,1,1,In The Paint (Non-RA)
203897,Zach LaVine,1610612741,0021800257,Driving Layup Shot,1,0,In The Paint (Non-RA)
1627853,Ryan Arcidiacono,1610612741,0021800257,Jump Shot,1,0,Above the Break 3
203953,Jabari Parker,1610612741,0021800257,Jump Shot,1,0,Above the Break 3
203897,Zach LaVine,1610612741,0021800257,Jump Shot,1,0,Above the Break 3
1627853,Ryan Arcidiacono,1610612741,0021800257,Jump Shot,1,0,Left Corner 3
203897,Zach LaVine,1610612741,0021800257,Driving Layup Shot,1,0,In The Paint (Non-RA)
1628976,Wendell Carter Jr.,1610612741,0021800257,Layup Shot,1,1,Restricted Area
203200,Justin Holiday,1610612741,0021800273,Jump Shot,1,1,Above the Break 3
203953,Jabari Parker,1610612741,0021800273,Pullup Jump shot,1,0,Mid-Range
1627853,Ryan Arcidiacono,1610612741,0021800273,Cutting Layup Shot,1,1,Restricted Area
203200,Justin Holiday,1610612741,0021800273,Jump Shot,1,1,Above the Break 3
203200,Justin Holiday,1610612741,0021800273,Step Back Jump shot,1,0,Mid-Range
1628976,Wendell Carter Jr.,1610612741,0021800273,Jump Shot,1,0,Right Corner 3
203897,Zach LaVine,1610612741,0021800273,Driving Layup Shot,1,1,Restricted Area
203897,Zach LaVine,1610612741,0021800273,Step Back Jump shot,1,0,Above the Break 3
203953,Jabari Parker,1610612741,0021800273,Jump Shot,1,0,Right Corner 3
203953,Jabari Parker,1610612741,0021800273,Jump Shot,1,0,Above the Break 3
1627853,Ryan Arcidiacono,1610612741,0021800273,Pullup Jump shot,1,0,Mid-Range
203897,Zach LaVine,1610612741,0021800273,Layup Shot,1,0,Restricted Area
203897,Zach LaVine,1610612741,0021800273,Driving Layup Shot,1,1,Restricted Area
201577,Robin Lopez,1610612741,0021800273,Cutting Layup Shot,1,1,Restricted Area
203897,Zach LaVine,1610612741,0021800273,Driving Floating Bank Jump Shot,1,1,Restricted Area
201577,Robin Lopez,1610612741,0021800273,Driving Hook Shot,1,0,In The Paint (Non-RA)
203200,Justin Holiday,1610612741,0021800273,Pullup Jump shot,1,1,Mid-Range
201577,Robin Lopez,1610612741,0021800273,Driving Hook Shot,1,0,Restricted Area
203897,Zach LaVine,1610612741,0021800273,Driving Floating Jump Shot,1,0,In The Paint (Non-RA)
1628469,Antonio Blakeney,1610612741,0021800273,Jump Shot,1,0,Above the Break 3
201577,Robin Lopez,1610612741,0021800273,Hook Shot,1,1,In The Paint (Non-RA)
1628469,Antonio Blakeney,1610612741,0021800273,Pullup Jump shot,1,0,In The Paint (Non-RA)
1628469,Antonio Blakeney,1610612741,0021800273,Driving Floating Jump Shot,1,0,In The Paint (Non-RA)
1627885,Shaquille Harrison,1610612741,0021800273,Driving Reverse Layup Shot,1,0,Restricted Area
1628469,Antonio Blakeney,1610612741,0021800273,Driving Reverse Layup Shot,1,0,Restricted Area
203953,Jabari Parker,1610612741,0021800273,Jump Shot,1,0,Mid-Range
1627885,Shaquille Harrison,1610612741,0021800273,Jump Shot,1,0,Left Corner 3
203953,Jabari Parker,1610612741,0021800273,Step Back Jump shot,1,0,Mid-Range
1627853,Ryan Arcidiacono,1610612741,0021800273,Driving Layup Shot,1,0,Restricted Area
203953,Jabari Parker,1610612741,0021800273,Layup Shot,1,0,Restricted Area
203200,Justin Holiday,1610612741,0021800273,Jump Shot,1,0,Above the Break 3
1627853,Ryan Arcidiacono,1610612741,0021800273,Driving Layup Shot,1,0,Restricted Area
203200,Justin Holiday,1610612741,0021800273,Fadeaway Jump Shot,1,1,Mid-Range
203200,Justin Holiday,1610612741,0021800273,Jump Shot,1,0,Above the Break 3
203953,Jabari Parker,1610612741,0021800273,Driving Dunk Shot,1,0,Restricted Area
1628469,Antonio Blakeney,1610612741,0021800273,Driving Floating Jump Shot,1,0,In The Paint (Non-RA)
1626245,Cristiano Felicio,1610612741,0021800273,Driving Hook Shot,1,0,In The Paint (Non-RA)
203897,Zach LaVine,1610612741,0021800273,Fadeaway Jump Shot,1,0,Mid-Range
1627853,Ryan Arcidiacono,1610612741,0021800273,Jump Shot,1,0,Above the Break 3
203200,Justin Holiday,1610612741,0021800273,Jump Shot,1,1,Above the Break 3
1627885,Shaquille Harrison,1610612741,0021800273,Driving Layup Shot,1,0,Restricted Area
203953,Jabari Parker,1610612741,0021800273,Jump Shot,1,0,Above the Break 3
1628976,Wendell Carter Jr.,1610612741,0021800273,Layup Shot,1,1,Restricted Area
203897,Zach LaVine,1610612741,0021800273,Fadeaway Jump Shot,1,0,Mid-Range
203200,Justin Holiday,1610612741,0021800273,Jump Shot,1,0,Above the Break 3
203200,Justin Holiday,1610612741,0021800273,Jump Shot,1,0,Mid-Range
203897,Zach LaVine,1610612741,0021800273,Jump Shot,1,1,Above the Break 3
203200,Justin Holiday,1610612741,0021800273,Jump Shot,1,1,Left Corner 3
203200,Justin Holiday,1610612741,0021800273,Cutting Layup Shot,1,1,Restricted Area
203897,Zach LaVine,1610612741,0021800273,Fadeaway Jump Shot,1,0,In The Paint (Non-RA)
203953,Jabari Parker,1610612741,0021800273,Dunk Shot,1,1,Restricted Area
1627853,Ryan Arcidiacono,1610612741,0021800273,Jump Shot,1,0,Left Corner 3
203897,Zach LaVine,1610612741,0021800273,Pullup Jump shot,1,0,Mid-Range
203200,Justin Holiday,1610612741,0021800273,Pullup Jump shot,1,0,Above the Break 3
203897,Zach LaVine,1610612741,0021800273,Turnaround Fadeaway shot,1,1,Mid-Range
1627853,Ryan Arcidiacono,1610612741,0021800273,Jump Shot,1,1,Right Corner 3
203897,Zach LaVine,1610612741,0021800273,Driving Dunk Shot,1,1,Restricted Area
203897,Zach LaVine,1610612741,0021800273,Pullup Jump shot,1,1,Mid-Range
203897,Zach LaVine,1610612741,0021800273,Pullup Jump shot,1,1,Mid-Range
203200,Justin Holiday,1610612741,0021800273,Running Layup Shot,1,1,Restricted Area
203897,Zach LaVine,1610612741,0021800273,Pullup Jump shot,1,0,Mid-Range
201577,Robin Lopez,1610612741,0021800273,Cutting Dunk Shot,1,1,Restricted Area
203200,Justin Holiday,1610612741,0021800273,Pullup Jump shot,1,0,Above the Break 3
203897,Zach LaVine,1610612741,0021800273,Jump Shot,1,0,Above the Break 3
203200,Justin Holiday,1610612741,0021800273,Jump Shot,1,1,Above the Break 3
203897,Zach LaVine,1610612741,0021800273,Driving Layup Shot,1,0,Restricted Area
1627885,Shaquille Harrison,1610612741,0021800273,Jump Shot,1,0,Above the Break 3
201577,Robin Lopez,1610612741,0021800273,Turnaround Hook Shot,1,0,Mid-Range
201577,Robin Lopez,1610612741,0021800273,Putback Layup Shot,1,1,Restricted Area
203953,Jabari Parker,1610612741,0021800273,Pullup Jump shot,1,0,Mid-Range
201577,Robin Lopez,1610612741,0021800273,Jump Shot,1,0,Above the Break 3
1628469,Antonio Blakeney,1610612741,0021800273,Pullup Jump shot,1,0,Mid-Range
203953,Jabari Parker,1610612741,0021800273,Cutting Dunk Shot,1,1,Restricted Area
1627885,Shaquille Harrison,1610612741,0021800273,Driving Layup Shot,1,0,Restricted Area
203953,Jabari Parker,1610612741,0021800273,Putback Layup Shot,1,1,Restricted Area
1627885,Shaquille Harrison,1610612741,0021800273,Driving Floating Jump Shot,1,0,In The Paint (Non-RA)
203953,Jabari Parker,1610612741,0021800273,Reverse Layup Shot,1,1,Restricted Area
203953,Jabari Parker,1610612741,0021800273,Step Back Jump shot,1,0,Above the Break 3
1627885,Shaquille Harrison,1610612741,0021800273,Layup Shot,1,0,Restricted Area
203897,Zach LaVine,1610612741,0021800273,Jump Shot,1,1,Mid-Range
203897,Zach LaVine,1610612741,0021800273,Pullup Jump shot,1,1,Mid-Range
201577,Robin Lopez,1610612741,0021800273,Floating Jump shot,1,0,In The Paint (Non-RA)
203897,Zach LaVine,1610612741,0021800273,Jump Shot,1,0,Above the Break 3
203953,Jabari Parker,1610612741,0021800273,Driving Dunk Shot,1,1,Restricted Area
203897,Zach LaVine,1610612741,0021800273,Driving Layup Shot,1,0,Restricted Area
203897,Zach LaVine,1610612741,0021800273,Driving Floating Jump Shot,1,0,Restricted Area
203953,Jabari Parker,1610612741,0021800273,Driving Reverse Layup Shot,1,1,Restricted Area
203897,Zach LaVine,1610612741,0021800273,Driving Layup Shot,1,0,Restricted Area
203953,Jabari Parker,1610612741,0021800273,Layup Shot,1,1,Restricted Area
203897,Zach LaVine,1610612741,0021800273,Driving Dunk Shot,1,1,Restricted Area
203897,Zach LaVine,1610612741,0021800273,Jump Shot,1,0,Above the Break 3
203897,Zach LaVine,1610612741,0021800273,Driving Reverse Layup Shot,1,0,Restricted Area
1627853,Ryan Arcidiacono,1610612741,0021800273,Jump Shot,1,0,Above the Break 3
203953,Jabari Parker,1610612741,0021800273,Putback Layup Shot,1,1,Restricted Area
203200,Justin Holiday,1610612741,0021800281,Jump Shot,1,1,Above the Break 3
203200,Justin Holiday,1610612741,0021800281,Floating Jump shot,1,0,Restricted Area
1628976,Wendell Carter Jr.,1610612741,0021800281,Alley Oop Dunk Shot,1,1,Restricted Area
1627853,Ryan Arcidiacono,1610612741,0021800281,Jump Shot,1,0,Above the Break 3
203953,Jabari Parker,1610612741,0021800281,Pullup Jump shot,1,1,Mid-Range
203200,Justin Holiday,1610612741,0021800281,Jump Shot,1,0,Right Corner 3
203953,Jabari Parker,1610612741,0021800281,Driving Dunk Shot,1,1,Restricted Area
1627853,Ryan Arcidiacono,1610612741,0021800281,Jump Shot,1,0,In The Paint (Non-RA)
203200,Justin Holiday,1610612741,0021800281,Jump Shot,1,0,Left Corner 3
203897,Zach LaVine,1610612741,0021800281,Layup Shot,1,1,Restricted Area
203897,Zach LaVine,1610612741,0021800281,Pullup Jump shot,1,0,Mid-Range
1628976,Wendell Carter Jr.,1610612741,0021800281,Jump Shot,1,0,Mid-Range
203200,Justin Holiday,1610612741,0021800281,Jump Shot,1,0,Above the Break 3
1628976,Wendell Carter Jr.,1610612741,0021800281,Dunk Shot,1,0,In The Paint (Non-RA)
1628469,Antonio Blakeney,1610612741,0021800281,Jump Shot,1,0,Left Corner 3
203897,Zach LaVine,1610612741,0021800281,Layup Shot,1,1,Restricted Area
1628469,Antonio Blakeney,1610612741,0021800281,Jump Shot,1,1,Mid-Range
203200,Justin Holiday,1610612741,0021800281,Jump Shot,1,0,Left Corner 3
1628469,Antonio Blakeney,1610612741,0021800281,Pullup Jump shot,1,0,Mid-Range
203897,Zach LaVine,1610612741,0021800281,Driving Layup Shot,1,1,Restricted Area
203897,Zach LaVine,1610612741,0021800281,Pullup Jump shot,1,0,Above the Break 3
201577,Robin Lopez,1610612741,0021800281,Hook Shot,1,0,In The Paint (Non-RA)
203953,Jabari Parker,1610612741,0021800281,Jump Shot,1,0,Above the Break 3
1626166,Cameron Payne,1610612741,0021800281,Jump Shot,1,0,Above the Break 3
203953,Jabari Parker,1610612741,0021800281,Driving Layup Shot,1,1,In The Paint (Non-RA)
203953,Jabari Parker,1610612741,0021800281,Step Back Jump shot,1,1,Mid-Range
201577,Robin Lopez,1610612741,0021800281,Jump Shot,1,1,Above the Break 3
1627885,Shaquille Harrison,1610612741,0021800281,Jump Shot,1,0,In The Paint (Non-RA)
203200,Justin Holiday,1610612741,0021800281,Jump Shot,1,1,Left Corner 3
203953,Jabari Parker,1610612741,0021800281,Reverse Layup Shot,1,0,Restricted Area
203200,Justin Holiday,1610612741,0021800281,Layup Shot,1,0,In The Paint (Non-RA)
1628976,Wendell Carter Jr.,1610612741,0021800281,Jump Shot,1,0,Above the Break 3
1628976,Wendell Carter Jr.,1610612741,0021800281,Putback Layup Shot,1,1,Restricted Area
203897,Zach LaVine,1610612741,0021800281,Layup Shot,1,0,Restricted Area
203200,Justin Holiday,1610612741,0021800281,Jump Shot,1,0,Left Corner 3
203897,Zach LaVine,1610612741,0021800281,Dunk Shot,1,1,Restricted Area
203953,Jabari Parker,1610612741,0021800281,Floating Jump shot,1,1,In The Paint (Non-RA)
203200,Justin Holiday,1610612741,0021800281,Jump Shot,1,0,Left Corner 3
203897,Zach LaVine,1610612741,0021800281,Cutting Dunk Shot,1,1,Restricted Area
203897,Zach LaVine,1610612741,0021800281,Turnaround Fadeaway shot,1,1,Mid-Range
203953,Jabari Parker,1610612741,0021800281,Driving Layup Shot,1,1,Restricted Area
1628976,Wendell Carter Jr.,1610612741,0021800281,Driving Reverse Layup Shot,1,0,Restricted Area
1628976,Wendell Carter Jr.,1610612741,0021800281,Layup Shot,1,1,Restricted Area
203897,Zach LaVine,1610612741,0021800281,Driving Reverse Layup Shot,1,0,Restricted Area
203897,Zach LaVine,1610612741,0021800281,Jump Shot,1,0,Above the Break 3
203953,Jabari Parker,1610612741,0021800281,Jump Shot,1,1,Right Corner 3
1627853,Ryan Arcidiacono,1610612741,0021800281,Jump Shot,1,0,Above the Break 3
203953,Jabari Parker,1610612741,0021800281,Pullup Jump shot,1,0,Mid-Range
203897,Zach LaVine,1610612741,0021800281,Driving Layup Shot,1,1,Restricted Area
203953,Jabari Parker,1610612741,0021800281,Jump Shot,1,1,Above the Break 3
203897,Zach LaVine,1610612741,0021800281,Fadeaway Jump Shot,1,0,Mid-Range
203953,Jabari Parker,1610612741,0021800281,Jump Bank Shot,1,1,In The Paint (Non-RA)
203200,Justin Holiday,1610612741,0021800281,Jump Shot,1,1,Mid-Range
203953,Jabari Parker,1610612741,0021800281,Jump Shot,1,1,Right Corner 3
203953,Jabari Parker,1610612741,0021800281,Jump Shot,1,0,Above the Break 3
203200,Justin Holiday,1610612741,0021800281,Jump Shot,1,0,Mid-Range
1628469,Antonio Blakeney,1610612741,0021800281,Jump Shot,1,0,Left Corner 3
1627853,Ryan Arcidiacono,1610612741,0021800281,Jump Shot,1,0,Right Corner 3
203897,Zach LaVine,1610612741,0021800281,Driving Layup Shot,1,1,Restricted Area
203200,Justin Holiday,1610612741,0021800281,Jump Shot,1,1,Above the Break 3
203953,Jabari Parker,1610612741,0021800281,Jump Shot,1,0,Mid-Range
203953,Jabari Parker,1610612741,0021800281,Running Layup Shot,1,1,Restricted Area
203200,Justin Holiday,1610612741,0021800281,Floating Jump shot,1,0,In The Paint (Non-RA)
203953,Jabari Parker,1610612741,0021800281,Step Back Jump shot,1,0,In The Paint (Non-RA)
1628469,Antonio Blakeney,1610612741,0021800281,Floating Jump shot,1,0,Mid-Range
1627885,Shaquille Harrison,1610612741,0021800281,Reverse Layup Shot,1,0,Restricted Area
201577,Robin Lopez,1610612741,0021800281,Cutting Layup Shot,1,1,Restricted Area
1627885,Shaquille Harrison,1610612741,0021800281,Layup Shot,1,0,Restricted Area
1628976,Wendell Carter Jr.,1610612741,0021800281,Floating Jump shot,1,0,In The Paint (Non-RA)
1627853,Ryan Arcidiacono,1610612741,0021800281,Jump Shot,1,0,Above the Break 3
203897,Zach LaVine,1610612741,0021800281,Jump Shot,1,0,Above the Break 3
203200,Justin Holiday,1610612741,0021800281,Pullup Jump shot,1,0,Above the Break 3
1628976,Wendell Carter Jr.,1610612741,0021800281,Jump Shot,1,0,Above the Break 3
1628469,Antonio Blakeney,1610612741,0021800281,Jump Shot,1,0,Mid-Range
203897,Zach LaVine,1610612741,0021800281,Driving Layup Shot,1,0,Restricted Area
203200,Justin Holiday,1610612741,0021800281,Layup Shot,1,0,Restricted Area
203897,Zach LaVine,1610612741,0021800281,Putback Layup Shot,1,1,Restricted Area
203953,Jabari Parker,1610612741,0021800281,Driving Layup Shot,1,0,Restricted Area
203200,Justin Holiday,1610612741,0021800281,Jump Shot,1,1,Above the Break 3
203200,Justin Holiday,1610612741,0021800281,Pullup Jump shot,1,0,Above the Break 3
1628469,Antonio Blakeney,1610612741,0021800281,Pullup Jump shot,1,1,Above the Break 3
1628976,Wendell Carter Jr.,1610612741,0021800297,Turnaround Jump Shot,1,0,In The Paint (Non-RA)
1628976,Wendell Carter Jr.,1610612741,0021800297,Jump Shot,1,1,Mid-Range
203953,Jabari Parker,1610612741,0021800297,Running Pull-Up Jump Shot,1,0,Mid-Range
203953,Jabari Parker,1610612741,0021800297,Step Back Jump shot,1,1,Mid-Range
1628976,Wendell Carter Jr.,1610612741,0021800297,Jump Shot,1,0,Mid-Range
203897,Zach LaVine,1610612741,0021800297,Pullup Jump shot,1,1,Mid-Range
203897,Zach LaVine,1610612741,0021800297,Pullup Jump shot,1,1,Mid-Range
1628976,Wendell Carter Jr.,1610612741,0021800297,Jump Shot,1,0,In The Paint (Non-RA)
203200,Justin Holiday,1610612741,0021800297,Jump Shot,1,1,Above the Break 3
203897,Zach LaVine,1610612741,0021800297,Turnaround Fadeaway shot,1,0,Mid-Range
203953,Jabari Parker,1610612741,0021800297,Pullup Jump shot,1,1,Mid-Range
203200,Justin Holiday,1610612741,0021800297,Jump Shot,1,0,Above the Break 3
1627853,Ryan Arcidiacono,1610612741,0021800297,Layup Shot,1,1,Restricted Area
1627853,Ryan Arcidiacono,1610612741,0021800297,Running Pull-Up Jump Shot,1,1,Above the Break 3
203200,Justin Holiday,1610612741,0021800297,Driving Layup Shot,1,0,In The Paint (Non-RA)
203897,Zach LaVine,1610612741,0021800297,Driving Dunk Shot,1,1,Restricted Area
203897,Zach LaVine,1610612741,0021800297,Pullup Jump shot,1,0,Mid-Range
203897,Zach LaVine,1610612741,0021800297,Jump Shot,1,0,Above the Break 3
201577,Robin Lopez,1610612741,0021800297,Jump Bank Shot,1,0,Above the Break 3
1627885,Shaquille Harrison,1610612741,0021800297,Jump Shot,1,0,Above the Break 3
201577,Robin Lopez,1610612741,0021800297,Hook Shot,1,0,In The Paint (Non-RA)
1626166,Cameron Payne,1610612741,0021800297,Jump Shot,1,0,Above the Break 3
203200,Justin Holiday,1610612741,0021800297,Jump Shot,1,1,Above the Break 3
1627885,Shaquille Harrison,1610612741,0021800297,Pullup Jump shot,1,0,Backcourt
1628469,Antonio Blakeney,1610612741,0021800297,Pullup Jump shot,1,1,Mid-Range
203953,Jabari Parker,1610612741,0021800297,Jump Shot,1,1,Above the Break 3
1628469,Antonio Blakeney,1610612741,0021800297,Pullup Jump shot,1,0,Mid-Range
203953,Jabari Parker,1610612741,0021800297,Jump Shot,1,0,Left Corner 3
203897,Zach LaVine,1610612741,0021800297,Jump Shot,1,0,Mid-Range
1628976,Wendell Carter Jr.,1610612741,0021800297,Jump Shot,1,0,Mid-Range
203200,Justin Holiday,1610612741,0021800297,Jump Shot,1,1,Above the Break 3
1627853,Ryan Arcidiacono,1610612741,0021800297,Running Layup Shot,1,1,Restricted Area
203897,Zach LaVine,1610612741,0021800297,Jump Shot,1,1,Above the Break 3
1627853,Ryan Arcidiacono,1610612741,0021800297,Driving Layup Shot,1,0,Restricted Area
203897,Zach LaVine,1610612741,0021800297,Jump Shot,1,0,Restricted Area
203953,Jabari Parker,1610612741,0021800297,Jump Shot,1,0,Mid-Range
1628976,Wendell Carter Jr.,1610612741,0021800297,Floating Jump shot,1,1,In The Paint (Non-RA)
1628976,Wendell Carter Jr.,1610612741,0021800297,Jump Shot,1,0,Mid-Range
203897,Zach LaVine,1610612741,0021800297,Step Back Jump shot,1,0,Mid-Range
203200,Justin Holiday,1610612741,0021800297,Jump Shot,1,1,Mid-Range
203200,Justin Holiday,1610612741,0021800297,Jump Shot,1,1,Above the Break 3
203897,Zach LaVine,1610612741,0021800297,Jump Shot,1,0,Mid-Range
203897,Zach LaVine,1610612741,0021800297,Driving Layup Shot,1,0,Restricted Area
203200,Justin Holiday,1610612741,0021800297,Jump Shot,1,0,Above the Break 3
1628990,Chandler Hutchison,1610612741,0021800297,Putback Layup Shot,1,1,Restricted Area
1627853,Ryan Arcidiacono,1610612741,0021800297,Driving Floating Bank Jump Shot,1,1,In The Paint (Non-RA)
203953,Jabari Parker,1610612741,0021800297,Step Back Jump shot,1,0,In The Paint (Non-RA)
203897,Zach LaVine,1610612741,0021800297,Driving Floating Jump Shot,1,0,In The Paint (Non-RA)
203897,Zach LaVine,1610612741,0021800297,Putback Layup Shot,1,1,Restricted Area
1628976,Wendell Carter Jr.,1610612741,0021800297,Floating Jump shot,1,1,In The Paint (Non-RA)
203200,Justin Holiday,1610612741,0021800297,Jump Shot,1,1,Above the Break 3
203953,Jabari Parker,1610612741,0021800297,Jump Shot,1,1,Above the Break 3
203897,Zach LaVine,1610612741,0021800297,Jump Shot,1,1,Above the Break 3
203897,Zach LaVine,1610612741,0021800297,Jump Shot,1,0,Above the Break 3
1627853,Ryan Arcidiacono,1610612741,0021800297,Turnaround Jump Shot,1,1,In The Paint (Non-RA)
203897,Zach LaVine,1610612741,0021800297,Driving Layup Shot,1,0,Restricted Area
201577,Robin Lopez,1610612741,0021800297,Turnaround Jump Shot,1,1,Restricted Area
203953,Jabari Parker,1610612741,0021800297,Driving Layup Shot,1,1,Restricted Area
1627853,Ryan Arcidiacono,1610612741,0021800297,Pullup Jump shot,1,0,Above the Break 3
201577,Robin Lopez,1610612741,0021800297,Turnaround Hook Shot,1,1,In The Paint (Non-RA)
1627853,Ryan Arcidiacono,1610612741,0021800297,Jump Shot,1,1,Above the Break 3
201577,Robin Lopez,1610612741,0021800297,Turnaround Hook Shot,1,1,In The Paint (Non-RA)
1628990,Chandler Hutchison,1610612741,0021800297,Turnaround Jump Shot,1,1,Mid-Range
1627853,Ryan Arcidiacono,1610612741,0021800297,Jump Shot,1,0,Left Corner 3
203200,Justin Holiday,1610612741,0021800297,Jump Shot,1,0,Above the Break 3
1626166,Cameron Payne,1610612741,0021800297,Pullup Jump shot,1,1,Mid-Range
203953,Jabari Parker,1610612741,0021800297,Pullup Jump shot,1,0,Above the Break 3
1627885,Shaquille Harrison,1610612741,0021800297,Jump Shot,1,0,Above the Break 3
203953,Jabari Parker,1610612741,0021800297,Jump Shot,1,0,Left Corner 3
203953,Jabari Parker,1610612741,0021800297,Layup Shot,1,1,Restricted Area
1627885,Shaquille Harrison,1610612741,0021800297,Driving Layup Shot,1,0,In The Paint (Non-RA)
203953,Jabari Parker,1610612741,0021800297,Cutting Dunk Shot,1,1,Restricted Area
1626166,Cameron Payne,1610612741,0021800297,Step Back Jump shot,1,0,Mid-Range
1628976,Wendell Carter Jr.,1610612741,0021800297,Turnaround Jump Shot,1,1,In The Paint (Non-RA)
203897,Zach LaVine,1610612741,0021800297,Pullup Jump shot,1,1,Mid-Range
203897,Zach LaVine,1610612741,0021800297,Jump Shot,1,1,Above the Break 3
203897,Zach LaVine,1610612741,0021800297,Pullup Jump shot,1,1,Mid-Range
203897,Zach LaVine,1610612741,0021800297,Step Back Jump shot,1,1,Mid-Range
203897,Zach LaVine,1610612741,0021800297,Jump Shot,1,0,Above the Break 3
203953,Jabari Parker,1610612741,0021800297,Driving Layup Shot,1,0,Restricted Area
1628976,Wendell Carter Jr.,1610612741,0021800297,Layup Shot,1,0,Restricted Area
203953,Jabari Parker,1610612741,0021800297,Jump Shot,1,0,Above the Break 3
1628976,Wendell Carter Jr.,1610612741,0021800297,Driving Hook Shot,1,0,Restricted Area
203897,Zach LaVine,1610612741,0021800297,Fadeaway Jump Shot,1,0,Mid-Range
203897,Zach LaVine,1610612741,0021800297,Jump Shot,1,0,Left Corner 3
1627853,Ryan Arcidiacono,1610612741,0021800297,Jump Shot,1,1,Right Corner 3
203897,Zach LaVine,1610612741,0021800297,Pullup Jump shot,1,0,Mid-Range
1627853,Ryan Arcidiacono,1610612741,0021800297,Jump Shot,1,1,Above the Break 3
203897,Zach LaVine,1610612741,0021800297,Jump Shot,1,0,Above the Break 3
1627853,Ryan Arcidiacono,1610612741,0021800297,Jump Shot,1,0,Mid-Range
203897,Zach LaVine,1610612741,0021800310,Step Back Jump shot,1,1,Mid-Range
203953,Jabari Parker,1610612741,0021800310,Jump Shot,1,1,Above the Break 3
203897,Zach LaVine,1610612741,0021800310,Jump Shot,1,1,Above the Break 3
1627853,Ryan Arcidiacono,1610612741,0021800310,Jump Shot,1,0,Above the Break 3
1628976,Wendell Carter Jr.,1610612741,0021800310,Jump Shot,1,1,Mid-Range
203897,Zach LaVine,1610612741,0021800310,Driving Reverse Layup Shot,1,1,Restricted Area
203953,Jabari Parker,1610612741,0021800310,Alley Oop Layup shot,1,1,Restricted Area
203953,Jabari Parker,1610612741,0021800310,Jump Shot,1,1,Above the Break 3
203953,Jabari Parker,1610612741,0021800310,Driving Layup Shot,1,0,Restricted Area
203897,Zach LaVine,1610612741,0021800310,Jump Shot,1,1,Mid-Range
203953,Jabari Parker,1610612741,0021800310,Jump Shot,1,0,Above the Break 3
1627853,Ryan Arcidiacono,1610612741,0021800310,Driving Finger Roll Layup Shot,1,0,Restricted Area
1627853,Ryan Arcidiacono,1610612741,0021800310,Jump Shot,1,1,Above the Break 3
203200,Justin Holiday,1610612741,0021800310,Jump Shot,1,0,Right Corner 3
201577,Robin Lopez,1610612741,0021800310,Turnaround Hook Shot,1,1,In The Paint (Non-RA)
201577,Robin Lopez,1610612741,0021800310,Layup Shot,1,1,Restricted Area
203200,Justin Holiday,1610612741,0021800310,Jump Shot,1,1,Above the Break 3
201577,Robin Lopez,1610612741,0021800310,Hook Shot,1,0,In The Paint (Non-RA)
203953,Jabari Parker,1610612741,0021800310,Driving Layup Shot,1,1,Restricted Area
203953,Jabari Parker,1610612741,0021800310,Jump Shot,1,0,Mid-Range
201577,Robin Lopez,1610612741,0021800310,Turnaround Hook Shot,1,1,In The Paint (Non-RA)
203953,Jabari Parker,1610612741,0021800310,Layup Shot,1,0,Restricted Area
203953,Jabari Parker,1610612741,0021800310,Jump Shot,1,0,Left Corner 3
1628990,Chandler Hutchison,1610612741,0021800310,Driving Layup Shot,1,0,Restricted Area
1626166,Cameron Payne,1610612741,0021800310,Driving Floating Jump Shot,1,1,In The Paint (Non-RA)
203897,Zach LaVine,1610612741,0021800310,Jump Shot,1,0,Above the Break 3
1626166,Cameron Payne,1610612741,0021800310,Driving Floating Jump Shot,1,1,In The Paint (Non-RA)
1628990,Chandler Hutchison,1610612741,0021800310,Jump Shot,1,0,Right Corner 3
1626166,Cameron Payne,1610612741,0021800310,Jump Shot,1,0,Above the Break 3
1627853,Ryan Arcidiacono,1610612741,0021800310,Jump Shot,1,0,Right Corner 3
203897,Zach LaVine,1610612741,0021800310,Layup Shot,1,0,In The Paint (Non-RA)
1628976,Wendell Carter Jr.,1610612741,0021800310,Putback Layup Shot,1,0,Restricted Area
203897,Zach LaVine,1610612741,0021800310,Driving Reverse Layup Shot,1,1,Restricted Area
1628976,Wendell Carter Jr.,1610612741,0021800310,Fadeaway Jump Shot,1,0,In The Paint (Non-RA)
203897,Zach LaVine,1610612741,0021800310,Jump Shot,1,1,Above the Break 3
203897,Zach LaVine,1610612741,0021800310,Jump Shot,1,0,Mid-Range
1627853,Ryan Arcidiacono,1610612741,0021800310,Jump Shot,1,1,Above the Break 3
1628976,Wendell Carter Jr.,1610612741,0021800310,Jump Shot,1,0,Above the Break 3
1627853,Ryan Arcidiacono,1610612741,0021800310,Driving Layup Shot,1,1,Restricted Area
1628976,Wendell Carter Jr.,1610612741,0021800310,Turnaround Hook Shot,1,1,Restricted Area
203897,Zach LaVine,1610612741,0021800310,Jump Shot,1,0,Above the Break 3
203953,Jabari Parker,1610612741,0021800310,Step Back Jump shot,1,0,Above the Break 3
203953,Jabari Parker,1610612741,0021800310,Jump Shot,1,1,Mid-Range
203953,Jabari Parker,1610612741,0021800310,Jump Shot,1,0,Mid-Range
1627853,Ryan Arcidiacono,1610612741,0021800310,Hook Shot,1,0,Restricted Area
1628976,Wendell Carter Jr.,1610612741,0021800310,Driving Floating Jump Shot,1,0,In The Paint (Non-RA)
203953,Jabari Parker,1610612741,0021800310,Hook Shot,1,1,Restricted Area
203200,Justin Holiday,1610612741,0021800310,Jump Shot,1,0,Above the Break 3
203897,Zach LaVine,1610612741,0021800310,Driving Layup Shot,1,0,In The Paint (Non-RA)
203200,Justin Holiday,1610612741,0021800310,Jump Shot,1,1,Above the Break 3
1628976,Wendell Carter Jr.,1610612741,0021800310,Jump Shot,1,0,Mid-Range
203200,Justin Holiday,1610612741,0021800310,Jump Shot,1,0,Right Corner 3
203200,Justin Holiday,1610612741,0021800310,Jump Shot,1,0,Above the Break 3
203897,Zach LaVine,1610612741,0021800310,Alley Oop Dunk Shot,1,1,Restricted Area
203953,Jabari Parker,1610612741,0021800310,Jump Shot,1,1,Mid-Range
1627853,Ryan Arcidiacono,1610612741,0021800310,Jump Shot,1,1,Right Corner 3
1627853,Ryan Arcidiacono,1610612741,0021800310,Jump Shot,1,1,Right Corner 3
203200,Justin Holiday,1610612741,0021800310,Jump Shot,1,0,Above the Break 3
203897,Zach LaVine,1610612741,0021800310,Jump Shot,1,0,Left Corner 3
203897,Zach LaVine,1610612741,0021800310,Pullup Jump shot,1,0,Restricted Area
203200,Justin Holiday,1610612741,0021800310,Jump Shot,1,0,Above the Break 3
1627853,Ryan Arcidiacono,1610612741,0021800310,Jump Shot,1,0,Above the Break 3
1627885,Shaquille Harrison,1610612741,0021800310,Jump Shot,1,0,Above the Break 3
203200,Justin Holiday,1610612741,0021800310,Jump Shot,1,0,Above the Break 3
1628990,Chandler Hutchison,1610612741,0021800310,Running Dunk Shot,1,1,Restricted Area
201577,Robin Lopez,1610612741,0021800310,Driving Floating Jump Shot,1,1,In The Paint (Non-RA)
1627885,Shaquille Harrison,1610612741,0021800310,Jump Shot,1,0,Above the Break 3
203897,Zach LaVine,1610612741,0021800310,Jump Shot,1,0,Mid-Range
203897,Zach LaVine,1610612741,0021800310,Layup Shot,1,0,Restricted Area
1628976,Wendell Carter Jr.,1610612741,0021800310,Turnaround Bank Hook Shot,1,0,In The Paint (Non-RA)
203953,Jabari Parker,1610612741,0021800310,Jump Shot,1,0,Above the Break 3
1628976,Wendell Carter Jr.,1610612741,0021800310,Jump Shot,1,1,Mid-Range
203953,Jabari Parker,1610612741,0021800310,Fadeaway Jump Shot,1,0,Mid-Range
1626166,Cameron Payne,1610612741,0021800310,Driving Layup Shot,1,1,Restricted Area
203953,Jabari Parker,1610612741,0021800310,Jump Shot,1,0,In The Paint (Non-RA)
203953,Jabari Parker,1610612741,0021800310,Jump Shot,1,1,Mid-Range
201577,Robin Lopez,1610612741,0021800310,Reverse Dunk Shot,1,1,Restricted Area
201577,Robin Lopez,1610612741,0021800310,Hook Shot,1,1,In The Paint (Non-RA)
201577,Robin Lopez,1610612741,0021800310,Jump Shot,1,0,Above the Break 3
1627853,Ryan Arcidiacono,1610612741,0021800310,Jump Shot,1,1,Right Corner 3
203897,Zach LaVine,1610612741,0021800310,Step Back Jump shot,1,0,Right Corner 3
201577,Robin Lopez,1610612741,0021800310,Turnaround Fadeaway Bank Jump Shot,1,1,Restricted Area
201577,Robin Lopez,1610612741,0021800310,Turnaround Hook Shot,1,1,In The Paint (Non-RA)
203953,Jabari Parker,1610612741,0021800310,Layup Shot,1,0,In The Paint (Non-RA)
203953,Jabari Parker,1610612741,0021800310,Cutting Dunk Shot,1,1,Restricted Area
1627853,Ryan Arcidiacono,1610612741,0021800310,Jump Shot,1,0,Above the Break 3
203953,Jabari Parker,1610612741,0021800310,Layup Shot,1,0,Restricted Area
203897,Zach LaVine,1610612741,0021800310,Driving Reverse Layup Shot,1,1,Restricted Area
203200,Justin Holiday,1610612741,0021800310,Jump Shot,1,0,Above the Break 3
203953,Jabari Parker,1610612741,0021800321,Jump Shot,1,0,Above the Break 3
203200,Justin Holiday,1610612741,0021800321,Driving Floating Jump Shot,1,0,Restricted Area
1627853,Ryan Arcidiacono,1610612741,0021800321,Driving Layup Shot,1,1,Restricted Area
1628976,Wendell Carter Jr.,1610612741,0021800321,Driving Reverse Layup Shot,1,1,Restricted Area
203953,Jabari Parker,1610612741,0021800321,Jump Shot,1,0,Mid-Range
203953,Jabari Parker,1610612741,0021800321,Step Back Jump shot,1,1,In The Paint (Non-RA)
203897,Zach LaVine,1610612741,0021800321,Fadeaway Jump Shot,1,1,Mid-Range
1627853,Ryan Arcidiacono,1610612741,0021800321,Jump Shot,1,0,Above the Break 3
203200,Justin Holiday,1610612741,0021800321,Jump Shot,1,0,Above the Break 3
1627853,Ryan Arcidiacono,1610612741,0021800321,Jump Shot,1,0,Above the Break 3
203953,Jabari Parker,1610612741,0021800321,Driving Layup Shot,1,1,Restricted Area
1628976,Wendell Carter Jr.,1610612741,0021800321,Turnaround Jump Shot,1,0,Mid-Range
1628976,Wendell Carter Jr.,1610612741,0021800321,Pullup Jump shot,1,1,In The Paint (Non-RA)
203200,Justin Holiday,1610612741,0021800321,Jump Shot,1,1,Above the Break 3
1628990,Chandler Hutchison,1610612741,0021800321,Floating Jump shot,1,0,In The Paint (Non-RA)
203200,Justin Holiday,1610612741,0021800321,Jump Shot,1,0,Above the Break 3
203953,Jabari Parker,1610612741,0021800321,Jump Shot,1,0,In The Paint (Non-RA)
203200,Justin Holiday,1610612741,0021800321,Jump Shot,1,1,Right Corner 3
201577,Robin Lopez,1610612741,0021800321,Jump Shot,1,0,Mid-Range
203897,Zach LaVine,1610612741,0021800321,Jump Shot,1,1,Mid-Range
203897,Zach LaVine,1610612741,0021800321,Pullup Jump shot,1,0,Mid-Range
1626166,Cameron Payne,1610612741,0021800321,Jump Shot,1,1,Mid-Range
203897,Zach LaVine,1610612741,0021800321,Pullup Jump shot,1,0,Mid-Range
1626166,Cameron Payne,1610612741,0021800321,Jump Shot,1,0,Right Corner 3
1626166,Cameron Payne,1610612741,0021800321,Driving Reverse Layup Shot,1,0,Restricted Area
201577,Robin Lopez,1610612741,0021800321,Hook Shot,1,1,Mid-Range
1627885,Shaquille Harrison,1610612741,0021800321,Driving Layup Shot,1,1,Restricted Area
203897,Zach LaVine,1610612741,0021800321,Jump Shot,1,0,Mid-Range
203897,Zach LaVine,1610612741,0021800321,Jump Shot,1,0,Mid-Range
203953,Jabari Parker,1610612741,0021800321,Fadeaway Jump Shot,1,0,Mid-Range
1628976,Wendell Carter Jr.,1610612741,0021800321,Hook Shot,1,1,In The Paint (Non-RA)
1628976,Wendell Carter Jr.,1610612741,0021800321,Jump Shot,1,0,Above the Break 3
203200,Justin Holiday,1610612741,0021800321,Jump Shot,1,0,Right Corner 3
203953,Jabari Parker,1610612741,0021800321,Dunk Shot,1,1,Restricted Area
203200,Justin Holiday,1610612741,0021800321,Driving Layup Shot,1,0,In The Paint (Non-RA)
1628976,Wendell Carter Jr.,1610612741,0021800321,Pullup Jump shot,1,0,Mid-Range
1627853,Ryan Arcidiacono,1610612741,0021800321,Jump Shot,1,0,Above the Break 3
203953,Jabari Parker,1610612741,0021800321,Jump Shot,1,0,Right Corner 3
203953,Jabari Parker,1610612741,0021800321,Driving Dunk Shot,1,0,Restricted Area
203953,Jabari Parker,1610612741,0021800321,Driving Reverse Layup Shot,1,1,Restricted Area
1628976,Wendell Carter Jr.,1610612741,0021800321,Pullup Jump shot,1,1,In The Paint (Non-RA)
203953,Jabari Parker,1610612741,0021800321,Driving Reverse Layup Shot,1,1,Restricted Area
1628976,Wendell Carter Jr.,1610612741,0021800321,Jump Shot,1,1,In The Paint (Non-RA)
203953,Jabari Parker,1610612741,0021800321,Driving Hook Shot,1,1,In The Paint (Non-RA)
1628976,Wendell Carter Jr.,1610612741,0021800321,Driving Layup Shot,1,1,In The Paint (Non-RA)
1628976,Wendell Carter Jr.,1610612741,0021800321,Reverse Layup Shot,1,1,Restricted Area
1628976,Wendell Carter Jr.,1610612741,0021800321,Layup Shot,1,1,Restricted Area
1628976,Wendell Carter Jr.,1610612741,0021800321,Jump Shot,1,1,Mid-Range
1628976,Wendell Carter Jr.,1610612741,0021800321,Floating Jump shot,1,1,In The Paint (Non-RA)
1628976,Wendell Carter Jr.,1610612741,0021800321,Layup Shot,1,0,Restricted Area
203897,Zach LaVine,1610612741,0021800321,Pullup Jump shot,1,0,Mid-Range
203953,Jabari Parker,1610612741,0021800321,Cutting Dunk Shot,1,0,Restricted Area
203953,Jabari Parker,1610612741,0021800321,Jump Shot,1,0,Right Corner 3
203953,Jabari Parker,1610612741,0021800321,Jump Shot,1,0,Above the Break 3
203200,Justin Holiday,1610612741,0021800321,Jump Shot,1,0,Above the Break 3
1626166,Cameron Payne,1610612741,0021800321,Layup Shot,1,0,In The Paint (Non-RA)
1628976,Wendell Carter Jr.,1610612741,0021800321,Turnaround Jump Shot,1,0,In The Paint (Non-RA)
201577,Robin Lopez,1610612741,0021800321,Jump Shot,1,1,Mid-Range
203200,Justin Holiday,1610612741,0021800321,Jump Shot,1,1,In The Paint (Non-RA)
1628976,Wendell Carter Jr.,1610612741,0021800321,Jump Shot,1,1,Mid-Range
1626166,Cameron Payne,1610612741,0021800321,Jump Shot,1,0,Above the Break 3
1628990,Chandler Hutchison,1610612741,0021800321,Jump Shot,1,0,Above the Break 3
1628990,Chandler Hutchison,1610612741,0021800321,Layup Shot,1,1,Restricted Area
1626166,Cameron Payne,1610612741,0021800321,Driving Layup Shot,1,1,Restricted Area
1626166,Cameron Payne,1610612741,0021800321,Pullup Jump shot,1,0,Above the Break 3
203897,Zach LaVine,1610612741,0021800321,Driving Layup Shot,1,0,Restricted Area
1626166,Cameron Payne,1610612741,0021800321,Driving Layup Shot,1,1,Restricted Area
203897,Zach LaVine,1610612741,0021800321,Driving Layup Shot,1,1,Restricted Area
203897,Zach LaVine,1610612741,0021800321,Layup Shot,1,0,Restricted Area
201577,Robin Lopez,1610612741,0021800321,Hook Shot,1,1,In The Paint (Non-RA)
201577,Robin Lopez,1610612741,0021800321,Cutting Layup Shot,1,1,In The Paint (Non-RA)
203897,Zach LaVine,1610612741,0021800321,Reverse Layup Shot,1,0,Restricted Area
203897,Zach LaVine,1610612741,0021800321,Turnaround Fadeaway shot,1,0,Mid-Range
1628976,Wendell Carter Jr.,1610612741,0021800321,Jump Shot,1,0,In The Paint (Non-RA)
1628976,Wendell Carter Jr.,1610612741,0021800321,Turnaround Hook Shot,1,0,In The Paint (Non-RA)
1627853,Ryan Arcidiacono,1610612741,0021800321,Jump Shot,1,0,Above the Break 3
203953,Jabari Parker,1610612741,0021800321,Driving Layup Shot,1,0,Restricted Area
1627853,Ryan Arcidiacono,1610612741,0021800321,Jump Shot,1,1,Left Corner 3
1626245,Cristiano Felicio,1610612741,0021800321,Layup Shot,1,1,Restricted Area
1628469,Antonio Blakeney,1610612741,0021800321,Driving Floating Jump Shot,1,0,In The Paint (Non-RA)
1626166,Cameron Payne,1610612741,0021800321,Layup Shot,1,0,Restricted Area
1626245,Cristiano Felicio,1610612741,0021800321,Layup Shot,1,0,Restricted Area
1628469,Antonio Blakeney,1610612741,0021800321,Jump Shot,1,0,Above the Break 3
1627885,Shaquille Harrison,1610612741,0021800321,Turnaround Jump Shot,1,0,In The Paint (Non-RA)
1626245,Cristiano Felicio,1610612741,0021800321,Tip Layup Shot,1,1,Restricted Area
1628469,Antonio Blakeney,1610612741,0021800321,Driving Layup Shot,1,1,Restricted Area
1628976,Wendell Carter Jr.,1610612741,0021800334,Reverse Layup Shot,1,0,Restricted Area
1628976,Wendell Carter Jr.,1610612741,0021800334,Tip Layup Shot,1,1,Restricted Area
203897,Zach LaVine,1610612741,0021800334,Pullup Jump shot,1,0,Above the Break 3
203897,Zach LaVine,1610612741,0021800334,Layup Shot,1,1,Restricted Area
1627853,Ryan Arcidiacono,1610612741,0021800334,Jump Shot,1,1,Above the Break 3
203953,Jabari Parker,1610612741,0021800334,Cutting Finger Roll Layup Shot,1,1,Restricted Area
203953,Jabari Parker,1610612741,0021800334,Jump Shot,1,0,Above the Break 3
203953,Jabari Parker,1610612741,0021800334,Driving Floating Jump Shot,1,0,Restricted Area
203200,Justin Holiday,1610612741,0021800334,Jump Shot,1,0,Above the Break 3
1627853,Ryan Arcidiacono,1610612741,0021800334,Jump Shot,1,0,Above the Break 3
203200,Justin Holiday,1610612741,0021800334,Pullup Jump shot,1,1,Mid-Range
1628976,Wendell Carter Jr.,1610612741,0021800334,Driving Layup Shot,1,0,Restricted Area
203897,Zach LaVine,1610612741,0021800334,Fadeaway Jump Shot,1,0,Mid-Range
203897,Zach LaVine,1610612741,0021800334,Running Dunk Shot,1,1,Restricted Area
1628976,Wendell Carter Jr.,1610612741,0021800334,Driving Reverse Layup Shot,1,1,Restricted Area
203200,Justin Holiday,1610612741,0021800334,Jump Shot,1,0,Right Corner 3
1628374,Lauri Markkanen,1610612741,0021800334,Fadeaway Jump Shot,1,0,Mid-Range
203200,Justin Holiday,1610612741,0021800334,Dunk Shot,1,1,Restricted Area
203200,Justin Holiday,1610612741,0021800334,Running Layup Shot,1,0,Restricted Area
1626166,Cameron Payne,1610612741,0021800334,Jump Shot,1,0,Right Corner 3
201577,Robin Lopez,1610612741,0021800334,Jump Shot,1,0,Mid-Range
1628374,Lauri Markkanen,1610612741,0021800334,Jump Shot,1,1,Above the Break 3
1628990,Chandler Hutchison,1610612741,0021800334,Jump Shot,1,0,Mid-Range
203953,Jabari Parker,1610612741,0021800334,Pullup Jump shot,1,1,Mid-Range
1627885,Shaquille Harrison,1610612741,0021800334,Driving Reverse Layup Shot,1,1,Restricted Area
203953,Jabari Parker,1610612741,0021800334,Driving Hook Shot,1,0,Mid-Range
203953,Jabari Parker,1610612741,0021800334,Putback Layup Shot,1,1,Restricted Area
1627885,Shaquille Harrison,1610612741,0021800334,Jump Shot,1,0,Right Corner 3
1628990,Chandler Hutchison,1610612741,0021800334,Turnaround Bank Hook Shot,1,0,Mid-Range
203953,Jabari Parker,1610612741,0021800334,Driving Floating Bank Jump Shot,1,1,Restricted Area
203897,Zach LaVine,1610612741,0021800334,Driving Reverse Layup Shot,1,0,Restricted Area
203897,Zach LaVine,1610612741,0021800334,Jump Shot,1,1,Left Corner 3
1626166,Cameron Payne,1610612741,0021800334,Driving Reverse Layup Shot,1,0,Restricted Area
1628990,Chandler Hutchison,1610612741,0021800334,Tip Layup Shot,1,0,Restricted Area
203897,Zach LaVine,1610612741,0021800334,Layup Shot,1,1,Restricted Area
1627853,Ryan Arcidiacono,1610612741,0021800334,Jump Shot,1,0,Right Corner 3
1628374,Lauri Markkanen,1610612741,0021800334,Jump Shot,1,0,Above the Break 3
1628374,Lauri Markkanen,1610612741,0021800334,Floating Jump shot,1,0,Mid-Range
1628976,Wendell Carter Jr.,1610612741,0021800334,Driving Reverse Layup Shot,1,0,Restricted Area
203200,Justin Holiday,1610612741,0021800334,Jump Shot,1,0,Right Corner 3
203897,Zach LaVine,1610612741,0021800334,Running Layup Shot,1,1,Restricted Area
1628976,Wendell Carter Jr.,1610612741,0021800334,Turnaround Fadeaway Bank Jump Shot,1,1,Mid-Range
203200,Justin Holiday,1610612741,0021800334,Jump Shot,1,0,Above the Break 3
203953,Jabari Parker,1610612741,0021800334,Jump Shot,1,0,Left Corner 3
203897,Zach LaVine,1610612741,0021800334,Jump Shot,1,0,Left Corner 3
203897,Zach LaVine,1610612741,0021800334,Step Back Jump shot,1,1,Mid-Range
203200,Justin Holiday,1610612741,0021800334,Step Back Jump shot,1,0,Above the Break 3
203953,Jabari Parker,1610612741,0021800334,Hook Shot,1,1,In The Paint (Non-RA)
203953,Jabari Parker,1610612741,0021800334,Pullup Jump shot,1,1,Left Corner 3
203200,Justin Holiday,1610612741,0021800334,Driving Hook Shot,1,0,In The Paint (Non-RA)
203953,Jabari Parker,1610612741,0021800334,Hook Shot,1,0,In The Paint (Non-RA)
1627853,Ryan Arcidiacono,1610612741,0021800334,Layup Shot,1,1,Restricted Area
203200,Justin Holiday,1610612741,0021800334,Running Dunk Shot,1,1,Restricted Area
203953,Jabari Parker,1610612741,0021800334,Cutting Layup Shot,1,1,Restricted Area
1627853,Ryan Arcidiacono,1610612741,0021800334,Jump Shot,1,0,Left Corner 3
1627853,Ryan Arcidiacono,1610612741,0021800334,Jump Shot,1,0,Left Corner 3
1628374,Lauri Markkanen,1610612741,0021800334,Driving Layup Shot,1,1,Restricted Area
1628374,Lauri Markkanen,1610612741,0021800334,Jump Shot,1,0,Above the Break 3
203953,Jabari Parker,1610612741,0021800334,Jump Shot,1,0,Mid-Range
1628374,Lauri Markkanen,1610612741,0021800334,Pullup Jump shot,1,0,In The Paint (Non-RA)
1628374,Lauri Markkanen,1610612741,0021800334,Jump Shot,1,1,Above the Break 3
203897,Zach LaVine,1610612741,0021800334,Running Layup Shot,1,1,Restricted Area
1628374,Lauri Markkanen,1610612741,0021800334,Fadeaway Jump Shot,1,0,In The Paint (Non-RA)
203953,Jabari Parker,1610612741,0021800334,Step Back Jump shot,1,0,Mid-Range
203897,Zach LaVine,1610612741,0021800334,Driving Dunk Shot,1,1,Restricted Area
203897,Zach LaVine,1610612741,0021800334,Driving Layup Shot,1,1,In The Paint (Non-RA)
203897,Zach LaVine,1610612741,0021800334,Pullup Jump shot,1,1,Above the Break 3
203897,Zach LaVine,1610612741,0021800334,Turnaround Fadeaway shot,1,1,In The Paint (Non-RA)
1628374,Lauri Markkanen,1610612741,0021800334,Jump Shot,1,0,Left Corner 3
201577,Robin Lopez,1610612741,0021800334,Hook Shot,1,1,In The Paint (Non-RA)
1626166,Cameron Payne,1610612741,0021800334,Jump Shot,1,0,Above the Break 3
1627885,Shaquille Harrison,1610612741,0021800334,Jump Shot,1,1,Left Corner 3
203953,Jabari Parker,1610612741,0021800334,Dunk Shot,1,1,Restricted Area
1626166,Cameron Payne,1610612741,0021800334,Jump Shot,1,0,Right Corner 3
203200,Justin Holiday,1610612741,0021800334,Jump Shot,1,1,Above the Break 3
203200,Justin Holiday,1610612741,0021800334,Jump Shot,1,0,Above the Break 3
203200,Justin Holiday,1610612741,0021800334,Jump Shot,1,0,Above the Break 3
203897,Zach LaVine,1610612741,0021800334,Pullup Jump shot,1,0,Above the Break 3
1628374,Lauri Markkanen,1610612741,0021800334,Driving Floating Jump Shot,1,0,In The Paint (Non-RA)
203897,Zach LaVine,1610612741,0021800334,Driving Layup Shot,1,0,In The Paint (Non-RA)
1628374,Lauri Markkanen,1610612741,0021800334,Jump Shot,1,0,Right Corner 3
1628374,Lauri Markkanen,1610612741,0021800334,Driving Hook Shot,1,1,In The Paint (Non-RA)
1628374,Lauri Markkanen,1610612741,0021800334,Turnaround Jump Shot,1,0,In The Paint (Non-RA)
1626245,Cristiano Felicio,1610612741,0021800334,Layup Shot,1,0,In The Paint (Non-RA)
1628469,Antonio Blakeney,1610612741,0021800334,Driving Floating Jump Shot,1,1,Mid-Range
1628469,Antonio Blakeney,1610612741,0021800334,Pullup Jump shot,1,1,In The Paint (Non-RA)
1628990,Chandler Hutchison,1610612741,0021800334,Driving Finger Roll Layup Shot,1,1,Restricted Area
1627885,Shaquille Harrison,1610612741,0021800334,Driving Finger Roll Layup Shot,1,1,Restricted Area
203897,Zach LaVine,1610612741,0021800350,Driving Finger Roll Layup Shot,1,1,Restricted Area
1628374,Lauri Markkanen,1610612741,0021800350,Jump Shot,1,0,Above the Break 3
1628976,Wendell Carter Jr.,1610612741,0021800350,Jump Shot,1,0,Mid-Range
203200,Justin Holiday,1610612741,0021800350,Jump Shot,1,1,Right Corner 3
1627853,Ryan Arcidiacono,1610612741,0021800350,Pullup Jump shot,1,0,Mid-Range
1628374,Lauri Markkanen,1610612741,0021800350,Jump Shot,1,1,Above the Break 3
1628374,Lauri Markkanen,1610612741,0021800350,Jump Shot,1,0,Above the Break 3
1628374,Lauri Markkanen,1610612741,0021800350,Dunk Shot,1,1,Restricted Area
1628976,Wendell Carter Jr.,1610612741,0021800350,Layup Shot,1,0,Restricted Area
203897,Zach LaVine,1610612741,0021800350,Layup Shot,1,0,Restricted Area
203953,Jabari Parker,1610612741,0021800350,Jump Shot,1,0,Above the Break 3
1628374,Lauri Markkanen,1610612741,0021800350,Jump Shot,1,0,Above the Break 3
1626166,Cameron Payne,1610612741,0021800350,Jump Shot,1,0,In The Paint (Non-RA)
1627853,Ryan Arcidiacono,1610612741,0021800350,Driving Floating Jump Shot,1,0,In The Paint (Non-RA)
1628374,Lauri Markkanen,1610612741,0021800350,Hook Shot,1,0,In The Paint (Non-RA)
1627885,Shaquille Harrison,1610612741,0021800350,Driving Layup Shot,1,0,In The Paint (Non-RA)
1628374,Lauri Markkanen,1610612741,0021800350,Tip Layup Shot,1,0,Restricted Area
1628976,Wendell Carter Jr.,1610612741,0021800350,Alley Oop Layup shot,1,1,Restricted Area
203200,Justin Holiday,1610612741,0021800350,Dunk Shot,1,1,Restricted Area
203200,Justin Holiday,1610612741,0021800350,Jump Shot,1,0,Left Corner 3
1626166,Cameron Payne,1610612741,0021800350,Driving Finger Roll Layup Shot,1,1,Restricted Area
203953,Jabari Parker,1610612741,0021800350,Step Back Jump shot,1,1,Mid-Range
1627885,Shaquille Harrison,1610612741,0021800350,Jump Shot,1,0,Above the Break 3
1628976,Wendell Carter Jr.,1610612741,0021800350,Turnaround Jump Shot,1,0,In The Paint (Non-RA)
1627885,Shaquille Harrison,1610612741,0021800350,Jump Shot,1,1,In The Paint (Non-RA)
203897,Zach LaVine,1610612741,0021800350,Pullup Jump shot,1,0,In The Paint (Non-RA)
203897,Zach LaVine,1610612741,0021800350,Jump Shot,1,0,Above the Break 3
203953,Jabari Parker,1610612741,0021800350,Jump Shot,1,0,In The Paint (Non-RA)
1628976,Wendell Carter Jr.,1610612741,0021800350,Jump Shot,1,1,In The Paint (Non-RA)
1627885,Shaquille Harrison,1610612741,0021800350,Driving Layup Shot,1,1,Restricted Area
1628976,Wendell Carter Jr.,1610612741,0021800350,Jump Shot,1,1,Mid-Range
203953,Jabari Parker,1610612741,0021800350,Pullup Jump shot,1,1,Mid-Range
1627853,Ryan Arcidiacono,1610612741,0021800350,Jump Shot,1,0,Above the Break 3
203897,Zach LaVine,1610612741,0021800350,Running Dunk Shot,1,1,Restricted Area
1628990,Chandler Hutchison,1610612741,0021800350,Jump Shot,1,1,Above the Break 3
1628990,Chandler Hutchison,1610612741,0021800350,Driving Layup Shot,1,0,Restricted Area
1628976,Wendell Carter Jr.,1610612741,0021800350,Putback Layup Shot,1,0,Restricted Area
1628374,Lauri Markkanen,1610612741,0021800350,Jump Shot,1,1,Above the Break 3
1628374,Lauri Markkanen,1610612741,0021800350,Step Back Jump shot,1,0,Mid-Range
1627853,Ryan Arcidiacono,1610612741,0021800350,Jump Shot,1,0,Left Corner 3
203953,Jabari Parker,1610612741,0021800350,Pullup Jump shot,1,1,Mid-Range
1626166,Cameron Payne,1610612741,0021800350,Driving Reverse Layup Shot,1,0,Restricted Area
203953,Jabari Parker,1610612741,0021800350,Driving Layup Shot,1,0,Restricted Area
1628374,Lauri Markkanen,1610612741,0021800350,Turnaround Fadeaway shot,1,1,Mid-Range
1628374,Lauri Markkanen,1610612741,0021800350,Jump Shot,1,0,Above the Break 3
203200,Justin Holiday,1610612741,0021800350,Driving Dunk Shot,1,0,Restricted Area
203897,Zach LaVine,1610612741,0021800350,Pullup Jump shot,1,1,Above the Break 3
203200,Justin Holiday,1610612741,0021800350,Pullup Jump shot,1,1,Above the Break 3
1627853,Ryan Arcidiacono,1610612741,0021800350,Jump Shot,1,0,Above the Break 3
1628374,Lauri Markkanen,1610612741,0021800350,Driving Hook Shot,1,0,Restricted Area
1628976,Wendell Carter Jr.,1610612741,0021800350,Layup Shot,1,1,Restricted Area
203897,Zach LaVine,1610612741,0021800350,Driving Layup Shot,1,1,Restricted Area
203200,Justin Holiday,1610612741,0021800350,Pullup Jump shot,1,0,Mid-Range
203200,Justin Holiday,1610612741,0021800350,Jump Shot,1,0,Right Corner 3
1628976,Wendell Carter Jr.,1610612741,0021800350,Jump Shot,1,1,In The Paint (Non-RA)
1628374,Lauri Markkanen,1610612741,0021800350,Jump Shot,1,1,Above the Break 3
1628374,Lauri Markkanen,1610612741,0021800350,Jump Shot,1,1,Above the Break 3
1628374,Lauri Markkanen,1610612741,0021800350,Jump Shot,1,0,Above the Break 3
203953,Jabari Parker,1610612741,0021800350,Pullup Jump shot,1,0,Mid-Range
1628374,Lauri Markkanen,1610612741,0021800350,Driving Layup Shot,1,0,Restricted Area
1628374,Lauri Markkanen,1610612741,0021800350,Jump Shot,1,0,Above the Break 3
203897,Zach LaVine,1610612741,0021800350,Driving Reverse Layup Shot,1,1,Restricted Area
203897,Zach LaVine,1610612741,0021800350,Driving Reverse Layup Shot,1,0,Restricted Area
203897,Zach LaVine,1610612741,0021800350,Dunk Shot,1,1,Restricted Area
1626166,Cameron Payne,1610612741,0021800350,Jump Shot,1,0,Mid-Range
1628990,Chandler Hutchison,1610612741,0021800350,Driving Layup Shot,1,0,Restricted Area
1628990,Chandler Hutchison,1610612741,0021800350,Driving Layup Shot,1,0,Restricted Area
203953,Jabari Parker,1610612741,0021800350,Cutting Dunk Shot,1,1,Restricted Area
203200,Justin Holiday,1610612741,0021800350,Jump Shot,1,0,Above the Break 3
1628976,Wendell Carter Jr.,1610612741,0021800350,Jump Shot,1,0,In The Paint (Non-RA)
1628976,Wendell Carter Jr.,1610612741,0021800350,Layup Shot,1,0,Restricted Area
1627885,Shaquille Harrison,1610612741,0021800350,Driving Layup Shot,1,0,Restricted Area
1626166,Cameron Payne,1610612741,0021800350,Driving Floating Jump Shot,1,1,In The Paint (Non-RA)
203953,Jabari Parker,1610612741,0021800350,Jump Shot,1,0,Above the Break 3
1626166,Cameron Payne,1610612741,0021800350,Driving Reverse Layup Shot,1,1,Restricted Area
203953,Jabari Parker,1610612741,0021800350,Layup Shot,1,0,In The Paint (Non-RA)
203200,Justin Holiday,1610612741,0021800350,Layup Shot,1,0,Restricted Area
1628374,Lauri Markkanen,1610612741,0021800350,Driving Layup Shot,1,0,In The Paint (Non-RA)
203953,Jabari Parker,1610612741,0021800350,Hook Shot,1,1,In The Paint (Non-RA)
203953,Jabari Parker,1610612741,0021800350,Cutting Dunk Shot,1,1,Restricted Area
1628374,Lauri Markkanen,1610612741,0021800350,Driving Floating Jump Shot,1,0,In The Paint (Non-RA)
1628374,Lauri Markkanen,1610612741,0021800350,Jump Shot,1,0,Above the Break 3
203897,Zach LaVine,1610612741,0021800350,Turnaround Fadeaway shot,1,0,Mid-Range
203200,Justin Holiday,1610612741,0021800350,Driving Layup Shot,1,1,Restricted Area
203897,Zach LaVine,1610612741,0021800350,Driving Finger Roll Layup Shot,1,0,Restricted Area
1628374,Lauri Markkanen,1610612741,0021800350,Tip Layup Shot,1,0,Restricted Area
1628374,Lauri Markkanen,1610612741,0021800350,Jump Shot,1,1,Above the Break 3
1626166,Cameron Payne,1610612741,0021800350,Jump Shot,1,1,Above the Break 3
203897,Zach LaVine,1610612741,0021800350,Driving Layup Shot,1,0,Restricted Area
203897,Zach LaVine,1610612741,0021800350,Pullup Jump shot,1,0,Above the Break 3
1628374,Lauri Markkanen,1610612741,0021800350,Jump Shot,1,0,Right Corner 3
1628374,Lauri Markkanen,1610612741,0021800350,Tip Dunk Shot,1,1,Restricted Area
203897,Zach LaVine,1610612741,0021800350,Driving Finger Roll Layup Shot,1,0,Restricted Area
203200,Justin Holiday,1610612741,0021800350,Jump Shot,1,1,Left Corner 3
1627853,Ryan Arcidiacono,1610612741,0021800373,Jump Shot,1,0,Above the Break 3
1628374,Lauri Markkanen,1610612741,0021800373,Putback Layup Shot,1,1,Restricted Area
1627853,Ryan Arcidiacono,1610612741,0021800373,Jump Shot,1,0,Above the Break 3
203200,Justin Holiday,1610612741,0021800373,Jump Shot,1,0,Right Corner 3
203897,Zach LaVine,1610612741,0021800373,Cutting Layup Shot,1,1,Restricted Area
1628976,Wendell Carter Jr.,1610612741,0021800373,Layup Shot,1,1,Restricted Area
203200,Justin Holiday,1610612741,0021800373,Pullup Jump shot,1,0,Mid-Range
1627853,Ryan Arcidiacono,1610612741,0021800373,Jump Shot,1,1,Above the Break 3
203200,Justin Holiday,1610612741,0021800373,Running Jump Shot,1,1,Above the Break 3
1628374,Lauri Markkanen,1610612741,0021800373,Jump Shot,1,0,Left Corner 3
1628976,Wendell Carter Jr.,1610612741,0021800373,Floating Jump shot,1,1,In The Paint (Non-RA)
1628374,Lauri Markkanen,1610612741,0021800373,Jump Shot,1,1,Above the Break 3
1628976,Wendell Carter Jr.,1610612741,0021800373,Jump Shot,1,0,Mid-Range
203897,Zach LaVine,1610612741,0021800373,Jump Shot,1,1,Above the Break 3
203897,Zach LaVine,1610612741,0021800373,Jump Shot,1,1,Mid-Range
203897,Zach LaVine,1610612741,0021800373,Jump Shot,1,0,Above the Break 3
201577,Robin Lopez,1610612741,0021800373,Dunk Shot,1,1,Restricted Area
201577,Robin Lopez,1610612741,0021800373,Dunk Shot,1,1,Restricted Area
203953,Jabari Parker,1610612741,0021800373,Running Layup Shot,1,0,Restricted Area
203897,Zach LaVine,1610612741,0021800373,Driving Finger Roll Layup Shot,1,1,Restricted Area
201577,Robin Lopez,1610612741,0021800373,Jump Shot,1,1,Mid-Range
1626166,Cameron Payne,1610612741,0021800373,Driving Layup Shot,1,0,Restricted Area
203953,Jabari Parker,1610612741,0021800373,Jump Shot,1,0,In The Paint (Non-RA)
1626166,Cameron Payne,1610612741,0021800373,Driving Floating Jump Shot,1,0,Mid-Range
201577,Robin Lopez,1610612741,0021800373,Turnaround Hook Shot,1,1,In The Paint (Non-RA)
203200,Justin Holiday,1610612741,0021800373,Jump Shot,1,1,Mid-Range
201577,Robin Lopez,1610612741,0021800373,Turnaround Hook Shot,1,0,In The Paint (Non-RA)
1626166,Cameron Payne,1610612741,0021800373,Jump Shot,1,1,Right Corner 3
203953,Jabari Parker,1610612741,0021800373,Pullup Jump shot,1,1,Mid-Range
1628374,Lauri Markkanen,1610612741,0021800373,Jump Shot,1,1,Above the Break 3
203953,Jabari Parker,1610612741,0021800373,Pullup Jump shot,1,1,Mid-Range
1628374,Lauri Markkanen,1610612741,0021800373,Jump Shot,1,1,Above the Break 3
203953,Jabari Parker,1610612741,0021800373,Pullup Jump shot,1,1,Mid-Range
203953,Jabari Parker,1610612741,0021800373,Driving Layup Shot,1,0,Restricted Area
203200,Justin Holiday,1610612741,0021800373,Pullup Jump shot,1,1,Mid-Range
203200,Justin Holiday,1610612741,0021800373,Alley Oop Layup shot,1,1,Restricted Area
1628374,Lauri Markkanen,1610612741,0021800373,Jump Shot,1,0,Above the Break 3
203897,Zach LaVine,1610612741,0021800373,Jump Shot,1,0,Left Corner 3
201577,Robin Lopez,1610612741,0021800373,Jump Shot,1,0,In The Paint (Non-RA)
203200,Justin Holiday,1610612741,0021800373,Jump Shot,1,0,Above the Break 3
203897,Zach LaVine,1610612741,0021800373,Driving Finger Roll Layup Shot,1,0,Restricted Area
1628374,Lauri Markkanen,1610612741,0021800373,Jump Shot,1,1,Above the Break 3
203200,Justin Holiday,1610612741,0021800373,Jump Shot,1,1,Above the Break 3
203897,Zach LaVine,1610612741,0021800373,Driving Floating Jump Shot,1,0,Restricted Area
201577,Robin Lopez,1610612741,0021800373,Dunk Shot,1,1,Restricted Area
203897,Zach LaVine,1610612741,0021800373,Driving Layup Shot,1,1,Restricted Area
1628374,Lauri Markkanen,1610612741,0021800373,Jump Shot,1,0,Above the Break 3
1628976,Wendell Carter Jr.,1610612741,0021800373,Turnaround Fadeaway shot,1,0,Mid-Range
1628374,Lauri Markkanen,1610612741,0021800373,Driving Dunk Shot,1,1,Restricted Area
203953,Jabari Parker,1610612741,0021800373,Jump Shot,1,0,Mid-Range
203200,Justin Holiday,1610612741,0021800373,Pullup Jump shot,1,0,Mid-Range
201577,Robin Lopez,1610612741,0021800373,Jump Shot,1,0,Mid-Range
203953,Jabari Parker,1610612741,0021800373,Jump Shot,1,0,Above the Break 3
203953,Jabari Parker,1610612741,0021800373,Running Dunk Shot,1,1,Restricted Area
203953,Jabari Parker,1610612741,0021800373,Driving Dunk Shot,1,1,Restricted Area
203953,Jabari Parker,1610612741,0021800373,Driving Layup Shot,1,0,In The Paint (Non-RA)
201577,Robin Lopez,1610612741,0021800373,Turnaround Hook Shot,1,0,Restricted Area
203200,Justin Holiday,1610612741,0021800373,Driving Layup Shot,1,1,Restricted Area
203897,Zach LaVine,1610612741,0021800373,Jump Shot,1,0,Mid-Range
201577,Robin Lopez,1610612741,0021800373,Jump Shot,1,0,Above the Break 3
203200,Justin Holiday,1610612741,0021800373,Jump Shot,1,1,Right Corner 3
203897,Zach LaVine,1610612741,0021800373,Running Dunk Shot,1,1,Restricted Area
203897,Zach LaVine,1610612741,0021800373,Driving Layup Shot,1,0,In The Paint (Non-RA)
1628990,Chandler Hutchison,1610612741,0021800373,Driving Reverse Layup Shot,1,0,Restricted Area
203953,Jabari Parker,1610612741,0021800373,Step Back Jump shot,1,0,Mid-Range
203953,Jabari Parker,1610612741,0021800373,Driving Layup Shot,1,1,Restricted Area
203953,Jabari Parker,1610612741,0021800373,Jump Shot,1,0,Restricted Area
1628374,Lauri Markkanen,1610612741,0021800373,Turnaround Jump Shot,1,1,In The Paint (Non-RA)
1627885,Shaquille Harrison,1610612741,0021800373,Running Reverse Dunk Shot,1,1,Restricted Area
1627885,Shaquille Harrison,1610612741,0021800373,Running Layup Shot,1,0,Restricted Area
203897,Zach LaVine,1610612741,0021800373,Cutting Dunk Shot,1,1,Restricted Area
1627885,Shaquille Harrison,1610612741,0021800373,Turnaround Jump Shot,1,0,In The Paint (Non-RA)
1628990,Chandler Hutchison,1610612741,0021800373,Driving Layup Shot,1,1,Restricted Area
203897,Zach LaVine,1610612741,0021800373,Jump Shot,1,1,Above the Break 3
203897,Zach LaVine,1610612741,0021800373,Jump Shot,1,0,Above the Break 3
1628374,Lauri Markkanen,1610612741,0021800373,Jump Shot,1,0,Above the Break 3
203897,Zach LaVine,1610612741,0021800373,Driving Layup Shot,1,1,Restricted Area
1628976,Wendell Carter Jr.,1610612741,0021800373,Jump Shot,1,0,Mid-Range
203897,Zach LaVine,1610612741,0021800373,Fadeaway Jump Shot,1,1,Mid-Range
203897,Zach LaVine,1610612741,0021800373,Driving Layup Shot,1,0,Restricted Area
203200,Justin Holiday,1610612741,0021800373,Jump Shot,1,1,Above the Break 3
1628374,Lauri Markkanen,1610612741,0021800373,Driving Layup Shot,1,1,Restricted Area
1628374,Lauri Markkanen,1610612741,0021800383,Jump Shot,1,0,Mid-Range
203200,Justin Holiday,1610612741,0021800383,Jump Shot,1,0,Mid-Range
203200,Justin Holiday,1610612741,0021800383,Jump Shot,1,0,Above the Break 3
1628976,Wendell Carter Jr.,1610612741,0021800383,Jump Shot,1,0,Mid-Range
1627853,Ryan Arcidiacono,1610612741,0021800383,Jump Shot,1,0,Above the Break 3
203200,Justin Holiday,1610612741,0021800383,Jump Shot,1,0,Left Corner 3
1628374,Lauri Markkanen,1610612741,0021800383,Jump Shot,1,0,Above the Break 3
1628374,Lauri Markkanen,1610612741,0021800383,Jump Shot,1,0,Above the Break 3
1627885,Shaquille Harrison,1610612741,0021800383,Step Back Jump shot,1,0,Mid-Range
203953,Jabari Parker,1610612741,0021800383,Jump Shot,1,0,Mid-Range
1628990,Chandler Hutchison,1610612741,0021800383,Driving Floating Jump Shot,1,0,In The Paint (Non-RA)
201577,Robin Lopez,1610612741,0021800383,Turnaround Hook Shot,1,1,Restricted Area
203953,Jabari Parker,1610612741,0021800383,Pullup Jump shot,1,1,Mid-Range
1626166,Cameron Payne,1610612741,0021800383,Pullup Jump shot,1,1,Mid-Range
1626166,Cameron Payne,1610612741,0021800383,Running Jump Shot,1,1,In The Paint (Non-RA)
1627885,Shaquille Harrison,1610612741,0021800383,Driving Layup Shot,1,0,Restricted Area
1627885,Shaquille Harrison,1610612741,0021800383,Jump Shot,1,1,Above the Break 3
1628990,Chandler Hutchison,1610612741,0021800383,Floating Jump shot,1,1,In The Paint (Non-RA)
201577,Robin Lopez,1610612741,0021800383,Turnaround Hook Shot,1,0,In The Paint (Non-RA)
1626166,Cameron Payne,1610612741,0021800383,Driving Floating Jump Shot,1,0,Mid-Range
1627885,Shaquille Harrison,1610612741,0021800383,Driving Floating Jump Shot,1,1,In The Paint (Non-RA)
1626166,Cameron Payne,1610612741,0021800383,Jump Shot,1,0,Backcourt
203200,Justin Holiday,1610612741,0021800383,Pullup Jump shot,1,0,Mid-Range
203897,Zach LaVine,1610612741,0021800383,Driving Layup Shot,1,0,Restricted Area
1628976,Wendell Carter Jr.,1610612741,0021800383,Putback Layup Shot,1,1,Restricted Area
203897,Zach LaVine,1610612741,0021800383,Jump Shot,1,0,Above the Break 3
1628374,Lauri Markkanen,1610612741,0021800383,Jump Shot,1,1,Left Corner 3
203897,Zach LaVine,1610612741,0021800383,Driving Layup Shot,1,1,Restricted Area
1628374,Lauri Markkanen,1610612741,0021800383,Jump Shot,1,0,Above the Break 3
1628374,Lauri Markkanen,1610612741,0021800383,Jump Shot,1,0,Above the Break 3
203200,Justin Holiday,1610612741,0021800383,Jump Shot,1,0,Above the Break 3
203200,Justin Holiday,1610612741,0021800383,Jump Shot,1,1,Right Corner 3
203897,Zach LaVine,1610612741,0021800383,Running Dunk Shot,1,1,Restricted Area
1628374,Lauri Markkanen,1610612741,0021800383,Driving Hook Shot,1,0,In The Paint (Non-RA)
203897,Zach LaVine,1610612741,0021800383,Putback Layup Shot,1,1,Restricted Area
203200,Justin Holiday,1610612741,0021800383,Jump Shot,1,0,Above the Break 3
203200,Justin Holiday,1610612741,0021800383,Jump Shot,1,0,Above the Break 3
203897,Zach LaVine,1610612741,0021800383,Driving Layup Shot,1,1,Restricted Area
1628374,Lauri Markkanen,1610612741,0021800383,Step Back Bank Jump Shot,1,1,In The Paint (Non-RA)
203200,Justin Holiday,1610612741,0021800383,Jump Shot,1,1,Mid-Range
203953,Jabari Parker,1610612741,0021800383,Jump Shot,1,1,Mid-Range
203953,Jabari Parker,1610612741,0021800383,Driving Layup Shot,1,0,Restricted Area
201577,Robin Lopez,1610612741,0021800383,Jump Shot,1,0,Above the Break 3
203200,Justin Holiday,1610612741,0021800383,Jump Shot,1,0,Above the Break 3
1628374,Lauri Markkanen,1610612741,0021800383,Fadeaway Jump Shot,1,0,In The Paint (Non-RA)
1628374,Lauri Markkanen,1610612741,0021800383,Jump Shot,1,1,Above the Break 3
201577,Robin Lopez,1610612741,0021800383,Driving Hook Shot,1,0,Restricted Area
1626166,Cameron Payne,1610612741,0021800383,Jump Shot,1,0,Above the Break 3
1627885,Shaquille Harrison,1610612741,0021800383,Driving Layup Shot,1,1,Restricted Area
1627885,Shaquille Harrison,1610612741,0021800383,Jump Shot,1,1,Above the Break 3
1626166,Cameron Payne,1610612741,0021800383,Cutting Layup Shot,1,0,Restricted Area
1628469,Antonio Blakeney,1610612741,0021800383,Pullup Jump shot,1,0,Mid-Range
1628469,Antonio Blakeney,1610612741,0021800383,Pullup Jump shot,1,0,Mid-Range
203953,Jabari Parker,1610612741,0021800383,Pullup Jump shot,1,0,Mid-Range
203953,Jabari Parker,1610612741,0021800383,Pullup Jump shot,1,0,In The Paint (Non-RA)
1627885,Shaquille Harrison,1610612741,0021800383,Jump Shot,1,1,Left Corner 3
1626245,Cristiano Felicio,1610612741,0021800383,Driving Layup Shot,1,1,Restricted Area
1628469,Antonio Blakeney,1610612741,0021800383,Driving Layup Shot,1,0,Restricted Area
1626245,Cristiano Felicio,1610612741,0021800383,Putback Layup Shot,1,1,Restricted Area
1626166,Cameron Payne,1610612741,0021800383,Pullup Jump shot,1,0,Mid-Range
1626166,Cameron Payne,1610612741,0021800383,Driving Layup Shot,1,1,Restricted Area
203953,Jabari Parker,1610612741,0021800383,Running Layup Shot,1,1,Restricted Area
1627885,Shaquille Harrison,1610612741,0021800383,Jump Shot,1,0,Right Corner 3
1628469,Antonio Blakeney,1610612741,0021800383,Pullup Jump shot,1,0,Mid-Range
1628469,Antonio Blakeney,1610612741,0021800383,Driving Dunk Shot,1,1,Restricted Area
1626245,Cristiano Felicio,1610612741,0021800383,Driving Hook Shot,1,0,Restricted Area
1627885,Shaquille Harrison,1610612741,0021800383,Driving Layup Shot,1,1,Restricted Area
1627885,Shaquille Harrison,1610612741,0021800383,Jump Shot,1,0,Above the Break 3
1627885,Shaquille Harrison,1610612741,0021800383,Driving Layup Shot,1,1,Restricted Area
1626166,Cameron Payne,1610612741,0021800383,Pullup Jump shot,1,1,Mid-Range
1627885,Shaquille Harrison,1610612741,0021800383,Driving Layup Shot,1,0,Restricted Area
1628469,Antonio Blakeney,1610612741,0021800383,Driving Floating Bank Jump Shot,1,0,Restricted Area
1626245,Cristiano Felicio,1610612741,0021800383,Tip Layup Shot,1,0,Restricted Area
1628990,Chandler Hutchison,1610612741,0021800383,Jump Shot,1,0,Above the Break 3
1628469,Antonio Blakeney,1610612741,0021800383,Jump Shot,1,0,Mid-Range
1627885,Shaquille Harrison,1610612741,0021800383,Layup Shot,1,0,Restricted Area
1626166,Cameron Payne,1610612741,0021800383,Jump Shot,1,1,In The Paint (Non-RA)
1628469,Antonio Blakeney,1610612741,0021800383,Driving Layup Shot,1,0,Restricted Area
1628469,Antonio Blakeney,1610612741,0021800383,Driving Floating Jump Shot,1,0,In The Paint (Non-RA)
1627885,Shaquille Harrison,1610612741,0021800383,Turnaround Jump Shot,1,0,Mid-Range
1627885,Shaquille Harrison,1610612741,0021800383,Driving Layup Shot,1,1,Restricted Area
1628374,Lauri Markkanen,1610612741,0021800394,Jump Shot,1,0,Above the Break 3
203200,Justin Holiday,1610612741,0021800394,Pullup Jump shot,1,1,Mid-Range
1628374,Lauri Markkanen,1610612741,0021800394,Driving Floating Jump Shot,1,1,In The Paint (Non-RA)
203897,Zach LaVine,1610612741,0021800394,Driving Reverse Layup Shot,1,1,Restricted Area
1628374,Lauri Markkanen,1610612741,0021800394,Running Dunk Shot,1,1,Restricted Area
203897,Zach LaVine,1610612741,0021800394,Jump Shot,1,1,Left Corner 3
203200,Justin Holiday,1610612741,0021800394,Jump Shot,1,1,Left Corner 3
1628374,Lauri Markkanen,1610612741,0021800394,Hook Shot,1,0,Mid-Range
1628976,Wendell Carter Jr.,1610612741,0021800394,Fadeaway Jump Shot,1,0,Mid-Range
203897,Zach LaVine,1610612741,0021800394,Driving Dunk Shot,1,1,Restricted Area
203200,Justin Holiday,1610612741,0021800394,Jump Shot,1,0,Above the Break 3
1628374,Lauri Markkanen,1610612741,0021800394,Layup Shot,1,0,Restricted Area
1627739,Kris Dunn,1610612741,0021800394,Jump Shot,1,0,Above the Break 3
203897,Zach LaVine,1610612741,0021800394,Jump Shot,1,1,Left Corner 3
203200,Justin Holiday,1610612741,0021800394,Driving Floating Jump Shot,1,0,In The Paint (Non-RA)
203953,Jabari Parker,1610612741,0021800394,Jump Shot,1,0,Mid-Range
1626171,Bobby Portis Jr.,1610612741,0021800394,Jump Shot,1,1,In The Paint (Non-RA)
1627739,Kris Dunn,1610612741,0021800394,Running Finger Roll Layup Shot,1,1,In The Paint (Non-RA)
1628976,Wendell Carter Jr.,1610612741,0021800394,Turnaround Fadeaway shot,1,1,In The Paint (Non-RA)
201577,Robin Lopez,1610612741,0021800394,Jump Shot,1,0,Mid-Range
1627739,Kris Dunn,1610612741,0021800394,Driving Layup Shot,1,1,Restricted Area
1626171,Bobby Portis Jr.,1610612741,0021800394,Jump Shot,1,1,Above the Break 3
1626171,Bobby Portis Jr.,1610612741,0021800394,Driving Layup Shot,1,1,Restricted Area
1627885,Shaquille Harrison,1610612741,0021800394,Jump Shot,1,0,Right Corner 3
203953,Jabari Parker,1610612741,0021800394,Driving Layup Shot,1,1,Restricted Area
203953,Jabari Parker,1610612741,0021800394,Reverse Layup Shot,1,1,Restricted Area
1627739,Kris Dunn,1610612741,0021800394,Jump Shot,1,0,Left Corner 3
201577,Robin Lopez,1610612741,0021800394,Dunk Shot,1,1,Restricted Area
203953,Jabari Parker,1610612741,0021800394,Driving Floating Jump Shot,1,0,In The Paint (Non-RA)
201577,Robin Lopez,1610612741,0021800394,Turnaround Hook Shot,1,0,In The Paint (Non-RA)
201577,Robin Lopez,1610612741,0021800394,Driving Hook Shot,1,1,Restricted Area
201577,Robin Lopez,1610612741,0021800394,Turnaround Hook Shot,1,1,In The Paint (Non-RA)
1628374,Lauri Markkanen,1610612741,0021800394,Jump Shot,1,0,Above the Break 3
1627853,Ryan Arcidiacono,1610612741,0021800394,Driving Layup Shot,1,0,Restricted Area
1628976,Wendell Carter Jr.,1610612741,0021800394,Dunk Shot,1,1,Restricted Area
203897,Zach LaVine,1610612741,0021800394,Driving Layup Shot,1,0,Restricted Area
203200,Justin Holiday,1610612741,0021800394,Jump Shot,1,1,Mid-Range
1628374,Lauri Markkanen,1610612741,0021800394,Jump Shot,1,0,Above the Break 3
1628976,Wendell Carter Jr.,1610612741,0021800394,Running Layup Shot,1,0,Restricted Area
203897,Zach LaVine,1610612741,0021800394,Putback Dunk Shot,1,1,Restricted Area
1628976,Wendell Carter Jr.,1610612741,0021800394,Layup Shot,1,0,Restricted Area
1628374,Lauri Markkanen,1610612741,0021800394,Jump Shot,1,0,Backcourt
1628374,Lauri Markkanen,1610612741,0021800394,Jump Shot,1,0,Left Corner 3
203200,Justin Holiday,1610612741,0021800394,Step Back Jump shot,1,0,Above the Break 3
1628374,Lauri Markkanen,1610612741,0021800394,Jump Shot,1,1,Above the Break 3
203200,Justin Holiday,1610612741,0021800394,Jump Shot,1,0,Right Corner 3
203897,Zach LaVine,1610612741,0021800394,Driving Layup Shot,1,1,Restricted Area
203897,Zach LaVine,1610612741,0021800394,Jump Shot,1,0,Right Corner 3
1628374,Lauri Markkanen,1610612741,0021800394,Jump Shot,1,0,Left Corner 3
1628374,Lauri Markkanen,1610612741,0021800394,Layup Shot,1,0,Restricted Area
203200,Justin Holiday,1610612741,0021800394,Jump Shot,1,0,Above the Break 3
203897,Zach LaVine,1610612741,0021800394,Jump Shot,1,1,Above the Break 3
203953,Jabari Parker,1610612741,0021800394,Step Back Jump shot,1,1,Above the Break 3
203897,Zach LaVine,1610612741,0021800394,Pullup Jump shot,1,0,Mid-Range
1628976,Wendell Carter Jr.,1610612741,0021800394,Driving Layup Shot,1,1,Restricted Area
1627739,Kris Dunn,1610612741,0021800394,Driving Floating Jump Shot,1,1,In The Paint (Non-RA)
203953,Jabari Parker,1610612741,0021800394,Jump Shot,1,0,Mid-Range
1626171,Bobby Portis Jr.,1610612741,0021800394,Jump Shot,1,0,Above the Break 3
1626171,Bobby Portis Jr.,1610612741,0021800394,Driving Layup Shot,1,0,Restricted Area
1627853,Ryan Arcidiacono,1610612741,0021800394,Cutting Layup Shot,1,1,Restricted Area
1626171,Bobby Portis Jr.,1610612741,0021800394,Jump Shot,1,0,Mid-Range
1627885,Shaquille Harrison,1610612741,0021800394,Layup Shot,1,1,Restricted Area
1628374,Lauri Markkanen,1610612741,0021800394,Driving Floating Bank Jump Shot,1,1,In The Paint (Non-RA)
1626171,Bobby Portis Jr.,1610612741,0021800394,Jump Shot,1,0,Mid-Range
1627885,Shaquille Harrison,1610612741,0021800394,Driving Layup Shot,1,1,Restricted Area
203897,Zach LaVine,1610612741,0021800394,Running Layup Shot,1,0,Restricted Area
1627853,Ryan Arcidiacono,1610612741,0021800394,Jump Shot,1,0,Above the Break 3
203897,Zach LaVine,1610612741,0021800394,Jump Shot,1,0,Above the Break 3
1628374,Lauri Markkanen,1610612741,0021800394,Jump Shot,1,0,Above the Break 3
1628374,Lauri Markkanen,1610612741,0021800394,Fadeaway Jump Shot,1,1,In The Paint (Non-RA)
203897,Zach LaVine,1610612741,0021800394,Driving Reverse Layup Shot,1,0,Restricted Area
1628374,Lauri Markkanen,1610612741,0021800394,Driving Layup Shot,1,0,Restricted Area
203200,Justin Holiday,1610612741,0021800394,Jump Shot,1,0,Above the Break 3
1626166,Cameron Payne,1610612741,0021800394,Jump Shot,1,0,Above the Break 3
1626171,Bobby Portis Jr.,1610612741,0021800394,Hook Shot,1,0,In The Paint (Non-RA)
1628990,Chandler Hutchison,1610612741,0021800394,Jump Shot,1,1,Right Corner 3
203200,Justin Holiday,1610612741,0021800418,Pullup Jump shot,1,0,Mid-Range
1628976,Wendell Carter Jr.,1610612741,0021800418,Fadeaway Jump Shot,1,1,Mid-Range
1628976,Wendell Carter Jr.,1610612741,0021800418,Floating Jump shot,1,1,Mid-Range
1628374,Lauri Markkanen,1610612741,0021800418,Running Layup Shot,1,0,Restricted Area
203200,Justin Holiday,1610612741,0021800418,Driving Layup Shot,1,0,Restricted Area
203200,Justin Holiday,1610612741,0021800418,Turnaround Fadeaway Bank Jump Shot,1,0,In The Paint (Non-RA)
203897,Zach LaVine,1610612741,0021800418,Step Back Jump shot,1,1,Above the Break 3
203897,Zach LaVine,1610612741,0021800418,Jump Shot,1,0,Above the Break 3
1628374,Lauri Markkanen,1610612741,0021800418,Jump Shot,1,1,Above the Break 3
203897,Zach LaVine,1610612741,0021800418,Running Layup Shot,1,1,Restricted Area
1628374,Lauri Markkanen,1610612741,0021800418,Jump Shot,1,0,Right Corner 3
1626171,Bobby Portis Jr.,1610612741,0021800418,Jump Shot,1,0,Above the Break 3
201577,Robin Lopez,1610612741,0021800418,Turnaround Hook Shot,1,0,In The Paint (Non-RA)
1627739,Kris Dunn,1610612741,0021800418,Driving Layup Shot,1,1,Restricted Area
203953,Jabari Parker,1610612741,0021800418,Pullup Jump shot,1,0,Mid-Range
1626171,Bobby Portis Jr.,1610612741,0021800418,Layup Shot,1,1,Restricted Area
1627739,Kris Dunn,1610612741,0021800418,Step Back Jump shot,1,0,Mid-Range
201577,Robin Lopez,1610612741,0021800418,Hook Shot,1,1,Restricted Area
1627739,Kris Dunn,1610612741,0021800418,Jump Shot,1,1,Right Corner 3
1627739,Kris Dunn,1610612741,0021800418,Driving Layup Shot,1,0,Restricted Area
201577,Robin Lopez,1610612741,0021800418,Hook Shot,1,0,In The Paint (Non-RA)
1627853,Ryan Arcidiacono,1610612741,0021800418,Driving Layup Shot,1,0,Restricted Area
203897,Zach LaVine,1610612741,0021800418,Hook Shot,1,0,In The Paint (Non-RA)
1627853,Ryan Arcidiacono,1610612741,0021800418,Driving Reverse Layup Shot,1,1,Restricted Area
1626171,Bobby Portis Jr.,1610612741,0021800418,Driving Floating Jump Shot,1,0,In The Paint (Non-RA)
1628976,Wendell Carter Jr.,1610612741,0021800418,Jump Shot,1,0,Mid-Range
1628374,Lauri Markkanen,1610612741,0021800418,Jump Shot,1,0,Above the Break 3
1628374,Lauri Markkanen,1610612741,0021800418,Pullup Jump shot,1,0,In The Paint (Non-RA)
1628976,Wendell Carter Jr.,1610612741,0021800418,Turnaround Hook Shot,1,1,In The Paint (Non-RA)
203897,Zach LaVine,1610612741,0021800418,Floating Jump shot,1,0,In The Paint (Non-RA)
203897,Zach LaVine,1610612741,0021800418,Turnaround Fadeaway shot,1,1,Mid-Range
203897,Zach LaVine,1610612741,0021800418,Pullup Jump shot,1,1,In The Paint (Non-RA)
201577,Robin Lopez,1610612741,0021800418,Jump Shot,1,0,Mid-Range
1628374,Lauri Markkanen,1610612741,0021800418,Fadeaway Jump Shot,1,0,Mid-Range
203897,Zach LaVine,1610612741,0021800418,Step Back Jump shot,1,1,Mid-Range
203897,Zach LaVine,1610612741,0021800418,Jump Shot,1,1,Mid-Range
201577,Robin Lopez,1610612741,0021800418,Layup Shot,1,1,Restricted Area
1626171,Bobby Portis Jr.,1610612741,0021800418,Jump Shot,1,1,Above the Break 3
1628374,Lauri Markkanen,1610612741,0021800418,Layup Shot,1,0,Restricted Area
203200,Justin Holiday,1610612741,0021800418,Pullup Jump shot,1,1,Above the Break 3
203200,Justin Holiday,1610612741,0021800418,Pullup Jump shot,1,1,Above the Break 3
1628374,Lauri Markkanen,1610612741,0021800418,Jump Shot,1,0,Above the Break 3
203897,Zach LaVine,1610612741,0021800418,Driving Layup Shot,1,1,Restricted Area
203200,Justin Holiday,1610612741,0021800418,Pullup Jump shot,1,1,Above the Break 3
203200,Justin Holiday,1610612741,0021800418,Pullup Jump shot,1,1,In The Paint (Non-RA)
203897,Zach LaVine,1610612741,0021800418,Step Back Jump shot,1,1,Above the Break 3
201577,Robin Lopez,1610612741,0021800418,Hook Shot,1,0,Mid-Range
1627739,Kris Dunn,1610612741,0021800418,Jump Shot,1,0,Mid-Range
1627853,Ryan Arcidiacono,1610612741,0021800418,Cutting Layup Shot,1,1,Restricted Area
1627853,Ryan Arcidiacono,1610612741,0021800418,Jump Shot,1,0,Above the Break 3
1626171,Bobby Portis Jr.,1610612741,0021800418,Cutting Layup Shot,1,1,Restricted Area
203200,Justin Holiday,1610612741,0021800418,Jump Shot,1,0,Above the Break 3
1626171,Bobby Portis Jr.,1610612741,0021800418,Reverse Layup Shot,1,0,Restricted Area
203897,Zach LaVine,1610612741,0021800418,Step Back Jump shot,1,1,Mid-Range
203897,Zach LaVine,1610612741,0021800418,Pullup Jump shot,1,0,Mid-Range
1626171,Bobby Portis Jr.,1610612741,0021800418,Turnaround Hook Shot,1,0,Mid-Range
1626171,Bobby Portis Jr.,1610612741,0021800418,Hook Shot,1,1,In The Paint (Non-RA)
201577,Robin Lopez,1610612741,0021800418,Reverse Dunk Shot,1,1,Restricted Area
1626171,Bobby Portis Jr.,1610612741,0021800418,Turnaround Bank Hook Shot,1,1,Mid-Range
1626171,Bobby Portis Jr.,1610612741,0021800418,Turnaround Hook Shot,1,1,Mid-Range
1626171,Bobby Portis Jr.,1610612741,0021800418,Jump Shot,1,0,Mid-Range
203897,Zach LaVine,1610612741,0021800418,Driving Layup Shot,1,0,Restricted Area
203897,Zach LaVine,1610612741,0021800418,Driving Layup Shot,1,0,Restricted Area
203200,Justin Holiday,1610612741,0021800418,Pullup Jump shot,1,1,Mid-Range
203897,Zach LaVine,1610612741,0021800418,Pullup Jump shot,1,1,Mid-Range
203200,Justin Holiday,1610612741,0021800418,Jump Shot,1,1,Above the Break 3
203200,Justin Holiday,1610612741,0021800418,Driving Layup Shot,1,0,In The Paint (Non-RA)
1628374,Lauri Markkanen,1610612741,0021800418,Jump Shot,1,0,Above the Break 3
1628374,Lauri Markkanen,1610612741,0021800418,Jump Shot,1,1,Above the Break 3
203897,Zach LaVine,1610612741,0021800418,Floating Jump shot,1,0,In The Paint (Non-RA)
203897,Zach LaVine,1610612741,0021800418,Driving Layup Shot,1,0,In The Paint (Non-RA)
1627739,Kris Dunn,1610612741,0021800433,Driving Finger Roll Layup Shot,1,0,Restricted Area
1628374,Lauri Markkanen,1610612741,0021800433,Jump Shot,1,1,Above the Break 3
1627853,Ryan Arcidiacono,1610612741,0021800433,Jump Shot,1,0,Left Corner 3
1628976,Wendell Carter Jr.,1610612741,0021800433,Reverse Layup Shot,1,1,Restricted Area
203200,Justin Holiday,1610612741,0021800433,Driving Layup Shot,1,0,Restricted Area
203200,Justin Holiday,1610612741,0021800433,Jump Shot,1,0,Left Corner 3
1628374,Lauri Markkanen,1610612741,0021800433,Pullup Jump shot,1,0,Mid-Range
1627739,Kris Dunn,1610612741,0021800433,Pullup Jump shot,1,0,Mid-Range
203200,Justin Holiday,1610612741,0021800433,Pullup Jump shot,1,0,Above the Break 3
1627739,Kris Dunn,1610612741,0021800433,Pullup Jump shot,1,1,In The Paint (Non-RA)
203200,Justin Holiday,1610612741,0021800433,Jump Shot,1,0,Mid-Range
1628374,Lauri Markkanen,1610612741,0021800433,Jump Shot,1,0,Above the Break 3
1628976,Wendell Carter Jr.,1610612741,0021800433,Floating Jump shot,1,1,In The Paint (Non-RA)
1628976,Wendell Carter Jr.,1610612741,0021800433,Jump Shot,1,0,Mid-Range
1627739,Kris Dunn,1610612741,0021800433,Driving Layup Shot,1,1,Restricted Area
203200,Justin Holiday,1610612741,0021800433,Jump Shot,1,0,Above the Break 3
1627739,Kris Dunn,1610612741,0021800433,Step Back Jump shot,1,0,Right Corner 3
201577,Robin Lopez,1610612741,0021800433,Hook Shot,1,1,Restricted Area
1627853,Ryan Arcidiacono,1610612741,0021800433,Driving Finger Roll Layup Shot,1,1,Restricted Area
1626171,Bobby Portis Jr.,1610612741,0021800433,Jump Shot,1,0,Left Corner 3
1626171,Bobby Portis Jr.,1610612741,0021800433,Floating Jump shot,1,1,In The Paint (Non-RA)
201577,Robin Lopez,1610612741,0021800433,Driving Hook Shot,1,1,In The Paint (Non-RA)
203200,Justin Holiday,1610612741,0021800433,Jump Shot,1,0,Above the Break 3
201577,Robin Lopez,1610612741,0021800433,Layup Shot,1,1,In The Paint (Non-RA)
1628990,Chandler Hutchison,1610612741,0021800433,Pullup Jump shot,1,0,Mid-Range
1626171,Bobby Portis Jr.,1610612741,0021800433,Pullup Jump shot,1,0,In The Paint (Non-RA)
1627739,Kris Dunn,1610612741,0021800433,Jump Shot,1,0,Above the Break 3
1627885,Shaquille Harrison,1610612741,0021800433,Reverse Layup Shot,1,0,Restricted Area
201577,Robin Lopez,1610612741,0021800433,Floating Jump shot,1,0,In The Paint (Non-RA)
1628374,Lauri Markkanen,1610612741,0021800433,Driving Layup Shot,1,1,Restricted Area
1628990,Chandler Hutchison,1610612741,0021800433,Driving Floating Jump Shot,1,0,In The Paint (Non-RA)
1627739,Kris Dunn,1610612741,0021800433,Step Back Jump shot,1,1,Mid-Range
1627739,Kris Dunn,1610612741,0021800433,Pullup Jump shot,1,1,Mid-Range
203200,Justin Holiday,1610612741,0021800433,Jump Shot,1,0,Above the Break 3
1628374,Lauri Markkanen,1610612741,0021800433,Jump Shot,1,1,Above the Break 3
1628374,Lauri Markkanen,1610612741,0021800433,Pullup Jump shot,1,0,Mid-Range
1627853,Ryan Arcidiacono,1610612741,0021800433,Jump Shot,1,1,Right Corner 3
1627853,Ryan Arcidiacono,1610612741,0021800433,Jump Shot,1,0,Above the Break 3
1628374,Lauri Markkanen,1610612741,0021800433,Driving Layup Shot,1,0,Restricted Area
1628374,Lauri Markkanen,1610612741,0021800433,Floating Jump shot,1,1,Mid-Range
201577,Robin Lopez,1610612741,0021800433,Hook Shot,1,0,In The Paint (Non-RA)
1626166,Cameron Payne,1610612741,0021800433,Driving Floating Jump Shot,1,1,In The Paint (Non-RA)
203200,Justin Holiday,1610612741,0021800433,Jump Shot,1,0,Left Corner 3
1626166,Cameron Payne,1610612741,0021800433,Pullup Jump shot,1,1,Mid-Range
1626166,Cameron Payne,1610612741,0021800433,Jump Shot,1,0,Above the Break 3
1628374,Lauri Markkanen,1610612741,0021800433,Jump Shot,1,0,Above the Break 3
203200,Justin Holiday,1610612741,0021800433,Running Pull-Up Jump Shot,1,0,Above the Break 3
203200,Justin Holiday,1610612741,0021800433,Jump Shot,1,0,Left Corner 3
1628374,Lauri Markkanen,1610612741,0021800433,Pullup Jump shot,1,0,In The Paint (Non-RA)
1627739,Kris Dunn,1610612741,0021800433,Pullup Jump shot,1,1,Mid-Range
1627739,Kris Dunn,1610612741,0021800433,Reverse Layup Shot,1,0,In The Paint (Non-RA)
1628374,Lauri Markkanen,1610612741,0021800433,Jump Shot,1,0,Above the Break 3
1627853,Ryan Arcidiacono,1610612741,0021800433,Running Layup Shot,1,1,Restricted Area
1628374,Lauri Markkanen,1610612741,0021800433,Jump Shot,1,1,In The Paint (Non-RA)
1628374,Lauri Markkanen,1610612741,0021800433,Jump Shot,1,0,Above the Break 3
1627739,Kris Dunn,1610612741,0021800433,Step Back Jump shot,1,0,Mid-Range
1628976,Wendell Carter Jr.,1610612741,0021800433,Putback Layup Shot,1,0,Restricted Area
1627739,Kris Dunn,1610612741,0021800433,Jump Bank Shot,1,1,Restricted Area
203200,Justin Holiday,1610612741,0021800433,Jump Shot,1,1,Above the Break 3
1627739,Kris Dunn,1610612741,0021800433,Driving Hook Shot,1,1,In The Paint (Non-RA)
1627739,Kris Dunn,1610612741,0021800433,Pullup Jump shot,1,1,In The Paint (Non-RA)
1628374,Lauri Markkanen,1610612741,0021800433,Turnaround Jump Shot,1,1,In The Paint (Non-RA)
1627739,Kris Dunn,1610612741,0021800433,Floating Jump shot,1,0,In The Paint (Non-RA)
1627739,Kris Dunn,1610612741,0021800433,Pullup Jump shot,1,0,Mid-Range
1627739,Kris Dunn,1610612741,0021800433,Driving Floating Jump Shot,1,1,In The Paint (Non-RA)
1628374,Lauri Markkanen,1610612741,0021800433,Jump Shot,1,1,Above the Break 3
1628976,Wendell Carter Jr.,1610612741,0021800433,Cutting Dunk Shot,1,1,Restricted Area
203200,Justin Holiday,1610612741,0021800433,Jump Shot,1,0,Above the Break 3
1626171,Bobby Portis Jr.,1610612741,0021800433,Jump Shot,1,0,Above the Break 3
1626171,Bobby Portis Jr.,1610612741,0021800433,Driving Hook Shot,1,0,In The Paint (Non-RA)
1626166,Cameron Payne,1610612741,0021800433,Jump Shot,1,0,Above the Break 3
1627885,Shaquille Harrison,1610612741,0021800433,Running Layup Shot,1,0,Restricted Area
1626171,Bobby Portis Jr.,1610612741,0021800433,Hook Shot,1,0,In The Paint (Non-RA)
201577,Robin Lopez,1610612741,0021800433,Turnaround Jump Shot,1,0,In The Paint (Non-RA)
1626171,Bobby Portis Jr.,1610612741,0021800433,Jump Shot,1,0,Above the Break 3
1626171,Bobby Portis Jr.,1610612741,0021800433,Driving Layup Shot,1,0,Restricted Area
1626171,Bobby Portis Jr.,1610612741,0021800433,Driving Dunk Shot,1,0,Restricted Area
1626171,Bobby Portis Jr.,1610612741,0021800433,Step Back Jump shot,1,1,Mid-Range
1626171,Bobby Portis Jr.,1610612741,0021800433,Driving Floating Jump Shot,1,1,Mid-Range
1628374,Lauri Markkanen,1610612741,0021800433,Jump Shot,1,0,Above the Break 3
1628374,Lauri Markkanen,1610612741,0021800433,Turnaround Jump Shot,1,1,In The Paint (Non-RA)
1627853,Ryan Arcidiacono,1610612741,0021800433,Pullup Jump shot,1,1,Above the Break 3
1628374,Lauri Markkanen,1610612741,0021800433,Turnaround Jump Shot,1,1,Mid-Range
1626171,Bobby Portis Jr.,1610612741,0021800433,Driving Floating Bank Jump Shot,1,1,In The Paint (Non-RA)
1627739,Kris Dunn,1610612741,0021800433,Floating Jump shot,1,1,Mid-Range
1627739,Kris Dunn,1610612741,0021800433,Pullup Jump shot,1,1,Mid-Range
1628976,Wendell Carter Jr.,1610612741,0021800447,Alley Oop Dunk Shot,1,1,Restricted Area
1627739,Kris Dunn,1610612741,0021800447,Turnaround Fadeaway shot,1,1,In The Paint (Non-RA)
1627853,Ryan Arcidiacono,1610612741,0021800447,Pullup Jump shot,1,0,Above the Break 3
1628374,Lauri Markkanen,1610612741,0021800447,Jump Shot,1,0,Above the Break 3
203200,Justin Holiday,1610612741,0021800447,Jump Shot,1,0,Above the Break 3
203200,Justin Holiday,1610612741,0021800447,Pullup Jump shot,1,0,Mid-Range
1628374,Lauri Markkanen,1610612741,0021800447,Driving Floating Jump Shot,1,0,In The Paint (Non-RA)
1628374,Lauri Markkanen,1610612741,0021800447,Tip Layup Shot,1,1,Restricted Area
1627739,Kris Dunn,1610612741,0021800447,Pullup Jump shot,1,0,In The Paint (Non-RA)
203200,Justin Holiday,1610612741,0021800447,Pullup Jump shot,1,1,Right Corner 3
1628976,Wendell Carter Jr.,1610612741,0021800447,Cutting Dunk Shot,1,1,Restricted Area
203200,Justin Holiday,1610612741,0021800447,Jump Shot,1,0,Left Corner 3
1627739,Kris Dunn,1610612741,0021800447,Driving Layup Shot,1,1,Restricted Area
1627739,Kris Dunn,1610612741,0021800447,Driving Floating Jump Shot,1,1,In The Paint (Non-RA)
1628374,Lauri Markkanen,1610612741,0021800447,Jump Shot,1,0,Mid-Range
203200,Justin Holiday,1610612741,0021800447,Pullup Jump shot,1,0,Mid-Range
203200,Justin Holiday,1610612741,0021800447,Running Jump Shot,1,0,Above the Break 3
1628374,Lauri Markkanen,1610612741,0021800447,Jump Shot,1,0,In The Paint (Non-RA)
1626171,Bobby Portis Jr.,1610612741,0021800447,Jump Shot,1,0,Mid-Range
1626171,Bobby Portis Jr.,1610612741,0021800447,Jump Shot,1,1,Above the Break 3
1626171,Bobby Portis Jr.,1610612741,0021800447,Turnaround Jump Shot,1,0,Mid-Range
1626166,Cameron Payne,1610612741,0021800447,Step Back Jump shot,1,0,Mid-Range
1626171,Bobby Portis Jr.,1610612741,0021800447,Driving Layup Shot,1,0,Restricted Area
1626171,Bobby Portis Jr.,1610612741,0021800447,Running Dunk Shot,1,1,Restricted Area
1626166,Cameron Payne,1610612741,0021800447,Driving Reverse Layup Shot,1,1,Restricted Area
1626171,Bobby Portis Jr.,1610612741,0021800447,Turnaround Jump Shot,1,0,In The Paint (Non-RA)
201577,Robin Lopez,1610612741,0021800447,Turnaround Hook Shot,1,1,Restricted Area
1626166,Cameron Payne,1610612741,0021800447,Turnaround Jump Shot,1,1,In The Paint (Non-RA)
201577,Robin Lopez,1610612741,0021800447,Driving Hook Shot,1,0,In The Paint (Non-RA)
1626166,Cameron Payne,1610612741,0021800447,Driving Layup Shot,1,1,Restricted Area
201577,Robin Lopez,1610612741,0021800447,Turnaround Hook Shot,1,1,In The Paint (Non-RA)
1628374,Lauri Markkanen,1610612741,0021800447,Layup Shot,1,0,Restricted Area
1628374,Lauri Markkanen,1610612741,0021800447,Tip Layup Shot,1,0,Restricted Area
1628374,Lauri Markkanen,1610612741,0021800447,Putback Layup Shot,1,1,Restricted Area
1627739,Kris Dunn,1610612741,0021800447,Driving Layup Shot,1,1,Restricted Area
203200,Justin Holiday,1610612741,0021800447,Jump Shot,1,1,Above the Break 3
1627739,Kris Dunn,1610612741,0021800447,Step Back Jump shot,1,0,Mid-Range
1627853,Ryan Arcidiacono,1610612741,0021800447,Jump Shot,1,0,Left Corner 3
1628374,Lauri Markkanen,1610612741,0021800447,Jump Shot,1,0,Above the Break 3
1628976,Wendell Carter Jr.,1610612741,0021800447,Cutting Layup Shot,1,1,Restricted Area
1626166,Cameron Payne,1610612741,0021800447,Pullup Jump shot,1,0,Mid-Range
1628374,Lauri Markkanen,1610612741,0021800447,Dunk Shot,1,1,Restricted Area
1626171,Bobby Portis Jr.,1610612741,0021800447,Jump Shot,1,0,Above the Break 3
203200,Justin Holiday,1610612741,0021800447,Running Pull-Up Jump Shot,1,0,Backcourt
1628374,Lauri Markkanen,1610612741,0021800447,Turnaround Hook Shot,1,0,In The Paint (Non-RA)
1628976,Wendell Carter Jr.,1610612741,0021800447,Floating Jump shot,1,0,In The Paint (Non-RA)
203200,Justin Holiday,1610612741,0021800447,Jump Shot,1,0,Above the Break 3
1628374,Lauri Markkanen,1610612741,0021800447,Turnaround Hook Shot,1,1,In The Paint (Non-RA)
1628374,Lauri Markkanen,1610612741,0021800447,Running Jump Shot,1,1,Above the Break 3
1627739,Kris Dunn,1610612741,0021800447,Pullup Jump shot,1,1,Mid-Range
1627739,Kris Dunn,1610612741,0021800447,Turnaround Hook Shot,1,0,Restricted Area
1628976,Wendell Carter Jr.,1610612741,0021800447,Jump Shot,1,0,Mid-Range
1628374,Lauri Markkanen,1610612741,0021800447,Pullup Jump shot,1,0,Mid-Range
1628976,Wendell Carter Jr.,1610612741,0021800447,Cutting Dunk Shot,1,1,Restricted Area
1626171,Bobby Portis Jr.,1610612741,0021800447,Turnaround Jump Shot,1,1,In The Paint (Non-RA)
1626171,Bobby Portis Jr.,1610612741,0021800447,Floating Jump shot,1,1,In The Paint (Non-RA)
1626171,Bobby Portis Jr.,1610612741,0021800447,Jump Shot,1,1,Mid-Range
203200,Justin Holiday,1610612741,0021800447,Jump Shot,1,1,Right Corner 3
1626166,Cameron Payne,1610612741,0021800447,Jump Shot,1,1,Right Corner 3
1626171,Bobby Portis Jr.,1610612741,0021800447,Jump Shot,1,0,Above the Break 3
1626166,Cameron Payne,1610612741,0021800447,Driving Layup Shot,1,1,Restricted Area
1627885,Shaquille Harrison,1610612741,0021800447,Driving Layup Shot,1,0,Restricted Area
1628374,Lauri Markkanen,1610612741,0021800447,Putback Layup Shot,1,0,Restricted Area
1628374,Lauri Markkanen,1610612741,0021800447,Putback Layup Shot,1,1,Restricted Area
1626171,Bobby Portis Jr.,1610612741,0021800447,Driving Layup Shot,1,1,Restricted Area
1627885,Shaquille Harrison,1610612741,0021800447,Driving Layup Shot,1,1,Restricted Area
1626171,Bobby Portis Jr.,1610612741,0021800447,Turnaround Fadeaway Bank Jump Shot,1,1,Restricted Area
1626171,Bobby Portis Jr.,1610612741,0021800447,Jump Shot,1,0,Above the Break 3
1627885,Shaquille Harrison,1610612741,0021800447,Driving Layup Shot,1,0,Restricted Area
1628374,Lauri Markkanen,1610612741,0021800447,Pullup Jump shot,1,0,Mid-Range
1627885,Shaquille Harrison,1610612741,0021800447,Pullup Jump shot,1,0,In The Paint (Non-RA)
1626245,Cristiano Felicio,1610612741,0021800447,Tip Layup Shot,1,1,Restricted Area
1628990,Chandler Hutchison,1610612741,0021800447,Pullup Jump shot,1,0,Mid-Range
1628976,Wendell Carter Jr.,1610612741,0021800447,Turnaround Hook Shot,1,0,In The Paint (Non-RA)
1628976,Wendell Carter Jr.,1610612741,0021800447,Jump Shot,1,0,Above the Break 3
1628990,Chandler Hutchison,1610612741,0021800447,Jump Shot,1,1,Left Corner 3
1627885,Shaquille Harrison,1610612741,0021800447,Driving Layup Shot,1,1,Restricted Area
1628990,Chandler Hutchison,1610612741,0021800447,Turnaround Jump Shot,1,0,In The Paint (Non-RA)
1627885,Shaquille Harrison,1610612741,0021800447,Jump Shot,1,0,Above the Break 3
1628959,Rawle Alkins,1610612741,0021800447,Driving Layup Shot,1,0,Restricted Area
1627885,Shaquille Harrison,1610612741,0021800447,Cutting Layup Shot,1,1,Restricted Area
1628990,Chandler Hutchison,1610612741,0021800447,Jump Shot,1,1,Left Corner 3
1627885,Shaquille Harrison,1610612741,0021800447,Driving Layup Shot,1,0,Restricted Area
1626245,Cristiano Felicio,1610612741,0021800447,Tip Layup Shot,1,0,Restricted Area
1627885,Shaquille Harrison,1610612741,0021800447,Driving Layup Shot,1,0,Restricted Area
1627739,Kris Dunn,1610612741,0021800460,Step Back Jump shot,1,1,Mid-Range
1628976,Wendell Carter Jr.,1610612741,0021800460,Cutting Dunk Shot,1,1,Restricted Area
203200,Justin Holiday,1610612741,0021800460,Pullup Jump shot,1,0,Mid-Range
1628374,Lauri Markkanen,1610612741,0021800460,Driving Layup Shot,1,1,Restricted Area
1628374,Lauri Markkanen,1610612741,0021800460,Jump Shot,1,0,Above the Break 3
203200,Justin Holiday,1610612741,0021800460,Jump Shot,1,0,Left Corner 3
1628976,Wendell Carter Jr.,1610612741,0021800460,Jump Shot,1,0,Above the Break 3
1628976,Wendell Carter Jr.,1610612741,0021800460,Hook Shot,1,0,In The Paint (Non-RA)
1627739,Kris Dunn,1610612741,0021800460,Pullup Jump shot,1,0,Above the Break 3
1627739,Kris Dunn,1610612741,0021800460,Pullup Jump shot,1,1,In The Paint (Non-RA)
203200,Justin Holiday,1610612741,0021800460,Jump Shot,1,0,Above the Break 3
1627739,Kris Dunn,1610612741,0021800460,Driving Layup Shot,1,0,Restricted Area
1628374,Lauri Markkanen,1610612741,0021800460,Jump Shot,1,1,Above the Break 3
1628374,Lauri Markkanen,1610612741,0021800460,Jump Shot,1,1,Above the Break 3
1627739,Kris Dunn,1610612741,0021800460,Driving Floating Jump Shot,1,1,In The Paint (Non-RA)
1627739,Kris Dunn,1610612741,0021800460,Step Back Jump shot,1,0,Mid-Range
1627739,Kris Dunn,1610612741,0021800460,Driving Reverse Layup Shot,1,1,Restricted Area
1628976,Wendell Carter Jr.,1610612741,0021800460,Layup Shot,1,1,Restricted Area
1628990,Chandler Hutchison,1610612741,0021800460,Turnaround Fadeaway shot,1,0,Mid-Range
1627853,Ryan Arcidiacono,1610612741,0021800460,Layup Shot,1,1,Restricted Area
1627853,Ryan Arcidiacono,1610612741,0021800460,Driving Floating Jump Shot,1,0,Restricted Area
1627885,Shaquille Harrison,1610612741,0021800460,Driving Reverse Layup Shot,1,1,Restricted Area
1628374,Lauri Markkanen,1610612741,0021800460,Fadeaway Jump Shot,1,0,Mid-Range
1627885,Shaquille Harrison,1610612741,0021800460,Cutting Finger Roll Layup Shot,1,1,Restricted Area
1626171,Bobby Portis Jr.,1610612741,0021800460,Jump Shot,1,0,Above the Break 3
1626171,Bobby Portis Jr.,1610612741,0021800460,Cutting Dunk Shot,1,1,Restricted Area
1626171,Bobby Portis Jr.,1610612741,0021800460,Floating Jump shot,1,0,Restricted Area
1627885,Shaquille Harrison,1610612741,0021800460,Jump Shot,1,0,Above the Break 3
1628990,Chandler Hutchison,1610612741,0021800460,Jump Shot,1,0,Above the Break 3
1626171,Bobby Portis Jr.,1610612741,0021800460,Driving Layup Shot,1,0,Restricted Area
1628990,Chandler Hutchison,1610612741,0021800460,Putback Layup Shot,1,1,Restricted Area
203200,Justin Holiday,1610612741,0021800460,Pullup Jump shot,1,0,Above the Break 3
203200,Justin Holiday,1610612741,0021800460,Jump Shot,1,0,Above the Break 3
1626166,Cameron Payne,1610612741,0021800460,Driving Floating Jump Shot,1,0,Restricted Area
203200,Justin Holiday,1610612741,0021800460,Jump Shot,1,0,Mid-Range
201577,Robin Lopez,1610612741,0021800460,Hook Shot,1,0,In The Paint (Non-RA)
1626166,Cameron Payne,1610612741,0021800460,Pullup Jump shot,1,0,Above the Break 3
1627739,Kris Dunn,1610612741,0021800460,Pullup Jump shot,1,0,Above the Break 3
1627739,Kris Dunn,1610612741,0021800460,Floating Jump shot,1,1,In The Paint (Non-RA)
203200,Justin Holiday,1610612741,0021800460,Cutting Layup Shot,1,1,Restricted Area
1627739,Kris Dunn,1610612741,0021800460,Driving Layup Shot,1,1,Restricted Area
1627739,Kris Dunn,1610612741,0021800460,Pullup Jump shot,1,0,Mid-Range
1627739,Kris Dunn,1610612741,0021800460,Jump Shot,1,0,Mid-Range
1628976,Wendell Carter Jr.,1610612741,0021800460,Jump Shot,1,0,Mid-Range
1627853,Ryan Arcidiacono,1610612741,0021800460,Fadeaway Jump Shot,1,1,In The Paint (Non-RA)
1627853,Ryan Arcidiacono,1610612741,0021800460,Jump Shot,1,1,Above the Break 3
1627853,Ryan Arcidiacono,1610612741,0021800460,Pullup Jump shot,1,1,Above the Break 3
1628976,Wendell Carter Jr.,1610612741,0021800460,Jump Shot,1,1,In The Paint (Non-RA)
1627739,Kris Dunn,1610612741,0021800460,Turnaround Fadeaway shot,1,1,In The Paint (Non-RA)
1628976,Wendell Carter Jr.,1610612741,0021800460,Turnaround Hook Shot,1,0,In The Paint (Non-RA)
203200,Justin Holiday,1610612741,0021800460,Pullup Jump shot,1,0,In The Paint (Non-RA)
1627739,Kris Dunn,1610612741,0021800460,Driving Floating Jump Shot,1,1,In The Paint (Non-RA)
1627853,Ryan Arcidiacono,1610612741,0021800460,Driving Floating Jump Shot,1,0,In The Paint (Non-RA)
1628976,Wendell Carter Jr.,1610612741,0021800460,Jump Shot,1,0,Mid-Range
1628976,Wendell Carter Jr.,1610612741,0021800460,Cutting Dunk Shot,1,1,Restricted Area
203200,Justin Holiday,1610612741,0021800460,Jump Shot,1,1,Left Corner 3
203200,Justin Holiday,1610612741,0021800460,Step Back Jump shot,1,0,Mid-Range
1626171,Bobby Portis Jr.,1610612741,0021800460,Jump Shot,1,0,Mid-Range
1626166,Cameron Payne,1610612741,0021800460,Driving Layup Shot,1,0,Restricted Area
1628374,Lauri Markkanen,1610612741,0021800460,Driving Floating Jump Shot,1,0,In The Paint (Non-RA)
1626166,Cameron Payne,1610612741,0021800460,Driving Floating Jump Shot,1,1,In The Paint (Non-RA)
1626166,Cameron Payne,1610612741,0021800460,Pullup Jump shot,1,1,Mid-Range
1626171,Bobby Portis Jr.,1610612741,0021800460,Hook Shot,1,0,In The Paint (Non-RA)
1626171,Bobby Portis Jr.,1610612741,0021800460,Layup Shot,1,0,Restricted Area
1627885,Shaquille Harrison,1610612741,0021800460,Driving Floating Bank Jump Shot,1,1,Restricted Area
1626171,Bobby Portis Jr.,1610612741,0021800460,Cutting Finger Roll Layup Shot,1,1,Restricted Area
1626171,Bobby Portis Jr.,1610612741,0021800460,Floating Jump shot,1,1,In The Paint (Non-RA)
201577,Robin Lopez,1610612741,0021800460,Driving Hook Shot,1,1,In The Paint (Non-RA)
1626171,Bobby Portis Jr.,1610612741,0021800460,Pullup Jump shot,1,0,Mid-Range
1626171,Bobby Portis Jr.,1610612741,0021800460,Cutting Layup Shot,1,1,Restricted Area
1626171,Bobby Portis Jr.,1610612741,0021800460,Driving Layup Shot,1,0,Restricted Area
1626171,Bobby Portis Jr.,1610612741,0021800460,Tip Layup Shot,1,0,Restricted Area
1627739,Kris Dunn,1610612741,0021800460,Driving Layup Shot,1,0,Restricted Area
1626166,Cameron Payne,1610612741,0021800460,Step Back Jump shot,1,0,Mid-Range
1627885,Shaquille Harrison,1610612741,0021800460,Cutting Dunk Shot,1,1,Restricted Area
1627885,Shaquille Harrison,1610612741,0021800460,Driving Layup Shot,1,0,Restricted Area
1627885,Shaquille Harrison,1610612741,0021800460,Reverse Layup Shot,1,1,Restricted Area
1627739,Kris Dunn,1610612741,0021800460,Jump Shot,1,1,Above the Break 3
1627739,Kris Dunn,1610612741,0021800460,Pullup Jump shot,1,1,Mid-Range
1626171,Bobby Portis Jr.,1610612741,0021800460,Driving Layup Shot,1,1,Restricted Area
1627739,Kris Dunn,1610612741,0021800460,Pullup Jump shot,1,0,In The Paint (Non-RA)
201577,Robin Lopez,1610612741,0021800460,Jump Shot,1,0,Mid-Range
1627739,Kris Dunn,1610612741,0021800460,Turnaround Jump Shot,1,0,In The Paint (Non-RA)
1627885,Shaquille Harrison,1610612741,0021800460,Driving Layup Shot,1,1,Restricted Area
1626171,Bobby Portis Jr.,1610612741,0021800460,Driving Layup Shot,1,0,Restricted Area
1626171,Bobby Portis Jr.,1610612741,0021800460,Putback Layup Shot,1,1,Restricted Area
1626171,Bobby Portis Jr.,1610612741,0021800460,Turnaround Hook Shot,1,0,In The Paint (Non-RA)
1627739,Kris Dunn,1610612741,0021800460,Driving Layup Shot,1,1,Restricted Area
1626171,Bobby Portis Jr.,1610612741,0021800460,Jump Shot,1,0,Above the Break 3
1627739,Kris Dunn,1610612741,0021800460,Floating Jump shot,1,0,In The Paint (Non-RA)
1628976,Wendell Carter Jr.,1610612741,0021800460,Tip Layup Shot,1,0,Restricted Area
1628374,Lauri Markkanen,1610612741,0021800474,Turnaround Hook Shot,1,0,In The Paint (Non-RA)
1628374,Lauri Markkanen,1610612741,0021800474,Jump Shot,1,0,Above the Break 3
1627739,Kris Dunn,1610612741,0021800474,Driving Layup Shot,1,1,Restricted Area
203200,Justin Holiday,1610612741,0021800474,Jump Shot,1,0,Above the Break 3
203200,Justin Holiday,1610612741,0021800474,Driving Layup Shot,1,0,In The Paint (Non-RA)
1628374,Lauri Markkanen,1610612741,0021800474,Layup Shot,1,0,Restricted Area
1628976,Wendell Carter Jr.,1610612741,0021800474,Putback Layup Shot,1,1,Restricted Area
1627853,Ryan Arcidiacono,1610612741,0021800474,Jump Shot,1,0,Above the Break 3
1628976,Wendell Carter Jr.,1610612741,0021800474,Floating Jump shot,1,0,In The Paint (Non-RA)
1628374,Lauri Markkanen,1610612741,0021800474,Driving Layup Shot,1,0,Restricted Area
1628374,Lauri Markkanen,1610612741,0021800474,Finger Roll Layup Shot,1,1,Restricted Area
1628374,Lauri Markkanen,1610612741,0021800474,Driving Layup Shot,1,0,Restricted Area
1627739,Kris Dunn,1610612741,0021800474,Pullup Jump shot,1,1,Mid-Range
201577,Robin Lopez,1610612741,0021800474,Hook Shot,1,1,In The Paint (Non-RA)
1628374,Lauri Markkanen,1610612741,0021800474,Driving Floating Jump Shot,1,0,Mid-Range
203200,Justin Holiday,1610612741,0021800474,Jump Shot,1,1,Mid-Range
203200,Justin Holiday,1610612741,0021800474,Jump Shot,1,0,Above the Break 3
1627853,Ryan Arcidiacono,1610612741,0021800474,Running Layup Shot,1,1,Restricted Area
203200,Justin Holiday,1610612741,0021800474,Jump Shot,1,0,Above the Break 3
1627885,Shaquille Harrison,1610612741,0021800474,Driving Layup Shot,1,0,Restricted Area
1628374,Lauri Markkanen,1610612741,0021800474,Jump Shot,1,1,Above the Break 3
1628469,Antonio Blakeney,1610612741,0021800474,Running Jump Shot,1,0,In The Paint (Non-RA)
1628469,Antonio Blakeney,1610612741,0021800474,Tip Layup Shot,1,0,In The Paint (Non-RA)
201577,Robin Lopez,1610612741,0021800474,Turnaround Hook Shot,1,1,In The Paint (Non-RA)
1628990,Chandler Hutchison,1610612741,0021800474,Jump Shot,1,0,Right Corner 3
201577,Robin Lopez,1610612741,0021800474,Turnaround Hook Shot,1,0,In The Paint (Non-RA)
1628374,Lauri Markkanen,1610612741,0021800474,Jump Shot,1,1,Above the Break 3
1628374,Lauri Markkanen,1610612741,0021800474,Jump Shot,1,1,Above the Break 3
1628990,Chandler Hutchison,1610612741,0021800474,Running Dunk Shot,1,1,Restricted Area
1627853,Ryan Arcidiacono,1610612741,0021800474,Jump Shot,1,0,Above the Break 3
203200,Justin Holiday,1610612741,0021800474,Pullup Jump shot,1,1,Mid-Range
203200,Justin Holiday,1610612741,0021800474,Jump Shot,1,0,Above the Break 3
203200,Justin Holiday,1610612741,0021800474,Pullup Jump shot,1,0,Mid-Range
1628374,Lauri Markkanen,1610612741,0021800474,Cutting Dunk Shot,1,1,Restricted Area
1628976,Wendell Carter Jr.,1610612741,0021800474,Jump Shot,1,1,Mid-Range
1628976,Wendell Carter Jr.,1610612741,0021800474,Jump Shot,1,1,Restricted Area
1628976,Wendell Carter Jr.,1610612741,0021800474,Fadeaway Jump Shot,1,1,Mid-Range
203200,Justin Holiday,1610612741,0021800474,Driving Layup Shot,1,0,Restricted Area
1628469,Antonio Blakeney,1610612741,0021800474,Driving Floating Jump Shot,1,0,In The Paint (Non-RA)
1628374,Lauri Markkanen,1610612741,0021800474,Floating Jump shot,1,1,In The Paint (Non-RA)
1628374,Lauri Markkanen,1610612741,0021800474,Pullup Jump shot,1,1,In The Paint (Non-RA)
1627739,Kris Dunn,1610612741,0021800474,Jump Shot,1,0,Mid-Range
1628374,Lauri Markkanen,1610612741,0021800474,Jump Shot,1,1,Above the Break 3
1628976,Wendell Carter Jr.,1610612741,0021800474,Floating Jump shot,1,0,In The Paint (Non-RA)
1627739,Kris Dunn,1610612741,0021800474,Floating Jump shot,1,0,In The Paint (Non-RA)
1628374,Lauri Markkanen,1610612741,0021800474,Driving Dunk Shot,1,1,Restricted Area
1628374,Lauri Markkanen,1610612741,0021800474,Turnaround Jump Shot,1,0,In The Paint (Non-RA)
1627739,Kris Dunn,1610612741,0021800474,Layup Shot,1,0,Restricted Area
203200,Justin Holiday,1610612741,0021800474,Driving Layup Shot,1,1,Restricted Area
1627739,Kris Dunn,1610612741,0021800474,Fadeaway Jump Shot,1,0,Mid-Range
201577,Robin Lopez,1610612741,0021800474,Hook Shot,1,1,Restricted Area
1627885,Shaquille Harrison,1610612741,0021800474,Turnaround Jump Shot,1,1,In The Paint (Non-RA)
203200,Justin Holiday,1610612741,0021800474,Jump Shot,1,0,Above the Break 3
201577,Robin Lopez,1610612741,0021800474,Driving Hook Shot,1,1,Restricted Area
201577,Robin Lopez,1610612741,0021800474,Jump Shot,1,1,Above the Break 3
1628990,Chandler Hutchison,1610612741,0021800474,Turnaround Jump Shot,1,0,In The Paint (Non-RA)
1628990,Chandler Hutchison,1610612741,0021800474,Layup Shot,1,0,Restricted Area
1627885,Shaquille Harrison,1610612741,0021800474,Driving Finger Roll Layup Shot,1,0,Restricted Area
1627885,Shaquille Harrison,1610612741,0021800474,Driving Layup Shot,1,1,Restricted Area
1627739,Kris Dunn,1610612741,0021800474,Jump Shot,1,1,Mid-Range
1627739,Kris Dunn,1610612741,0021800474,Driving Layup Shot,1,1,Restricted Area
1628469,Antonio Blakeney,1610612741,0021800474,Pullup Jump shot,1,0,Mid-Range
1627739,Kris Dunn,1610612741,0021800474,Pullup Jump shot,1,0,In The Paint (Non-RA)
1627739,Kris Dunn,1610612741,0021800474,Pullup Jump shot,1,0,Mid-Range
1628374,Lauri Markkanen,1610612741,0021800474,Pullup Jump shot,1,1,Mid-Range
1627739,Kris Dunn,1610612741,0021800474,Floating Jump shot,1,0,In The Paint (Non-RA)
1628374,Lauri Markkanen,1610612741,0021800474,Jump Shot,1,1,Mid-Range
1628374,Lauri Markkanen,1610612741,0021800474,Jump Shot,1,0,Above the Break 3
1628976,Wendell Carter Jr.,1610612741,0021800474,Layup Shot,1,1,Restricted Area
1627739,Kris Dunn,1610612741,0021800474,Driving Layup Shot,1,0,In The Paint (Non-RA)
1627853,Ryan Arcidiacono,1610612741,0021800474,Jump Shot,1,0,Above the Break 3
1627739,Kris Dunn,1610612741,0021800474,Layup Shot,1,0,Restricted Area
1628976,Wendell Carter Jr.,1610612741,0021800474,Putback Layup Shot,1,0,Restricted Area
1627739,Kris Dunn,1610612741,0021800474,Jump Shot,1,0,Above the Break 3
1628374,Lauri Markkanen,1610612741,0021800474,Fadeaway Jump Shot,1,1,In The Paint (Non-RA)
1628374,Lauri Markkanen,1610612741,0021800490,Driving Floating Jump Shot,1,1,Restricted Area
203200,Justin Holiday,1610612741,0021800490,Jump Shot,1,1,Left Corner 3
1628374,Lauri Markkanen,1610612741,0021800490,Jump Shot,1,1,Above the Break 3
1628374,Lauri Markkanen,1610612741,0021800490,Fadeaway Jump Shot,1,0,In The Paint (Non-RA)
1628976,Wendell Carter Jr.,1610612741,0021800490,Tip Layup Shot,1,0,Restricted Area
1628374,Lauri Markkanen,1610612741,0021800490,Jump Shot,1,1,Above the Break 3
1628976,Wendell Carter Jr.,1610612741,0021800490,Floating Jump shot,1,0,In The Paint (Non-RA)
203200,Justin Holiday,1610612741,0021800490,Jump Shot,1,1,Above the Break 3
1627739,Kris Dunn,1610612741,0021800490,Pullup Jump shot,1,0,Mid-Range
203200,Justin Holiday,1610612741,0021800490,Jump Shot,1,0,Above the Break 3
1627739,Kris Dunn,1610612741,0021800490,Driving Dunk Shot,1,0,Restricted Area
1627739,Kris Dunn,1610612741,0021800490,Running Finger Roll Layup Shot,1,1,Restricted Area
1627739,Kris Dunn,1610612741,0021800490,Pullup Jump shot,1,0,Mid-Range
1628976,Wendell Carter Jr.,1610612741,0021800490,Tip Layup Shot,1,0,Restricted Area
1628976,Wendell Carter Jr.,1610612741,0021800490,Layup Shot,1,0,Restricted Area
1627853,Ryan Arcidiacono,1610612741,0021800490,Driving Layup Shot,1,1,Restricted Area
1628976,Wendell Carter Jr.,1610612741,0021800490,Jump Shot,1,0,Mid-Range
1627885,Shaquille Harrison,1610612741,0021800490,Jump Shot,1,1,Left Corner 3
201577,Robin Lopez,1610612741,0021800490,Turnaround Hook Shot,1,1,Mid-Range
201577,Robin Lopez,1610612741,0021800490,Jump Shot,1,0,Above the Break 3
1627853,Ryan Arcidiacono,1610612741,0021800490,Driving Floating Jump Shot,1,0,In The Paint (Non-RA)
1627853,Ryan Arcidiacono,1610612741,0021800490,Driving Layup Shot,1,1,Restricted Area
1628469,Antonio Blakeney,1610612741,0021800490,Pullup Jump shot,1,1,Mid-Range
1628469,Antonio Blakeney,1610612741,0021800490,Pullup Jump shot,1,0,Mid-Range
1627739,Kris Dunn,1610612741,0021800490,Pullup Jump shot,1,1,In The Paint (Non-RA)
1627739,Kris Dunn,1610612741,0021800490,Driving Layup Shot,1,1,Restricted Area
1628469,Antonio Blakeney,1610612741,0021800490,Pullup Jump shot,1,0,Mid-Range
1628374,Lauri Markkanen,1610612741,0021800490,Jump Shot,1,0,Above the Break 3
1627853,Ryan Arcidiacono,1610612741,0021800490,Driving Layup Shot,1,1,Restricted Area
201577,Robin Lopez,1610612741,0021800490,Driving Layup Shot,1,0,Restricted Area
1627885,Shaquille Harrison,1610612741,0021800490,Jump Shot,1,0,Above the Break 3
201577,Robin Lopez,1610612741,0021800490,Hook Shot,1,1,In The Paint (Non-RA)
1628374,Lauri Markkanen,1610612741,0021800490,Pullup Jump shot,1,1,Mid-Range
1627853,Ryan Arcidiacono,1610612741,0021800490,Pullup Jump shot,1,1,Above the Break 3
1627853,Ryan Arcidiacono,1610612741,0021800490,Fadeaway Jump Shot,1,0,In The Paint (Non-RA)
1628374,Lauri Markkanen,1610612741,0021800490,Jump Shot,1,1,Mid-Range
203200,Justin Holiday,1610612741,0021800490,Jump Shot,1,0,Left Corner 3
203200,Justin Holiday,1610612741,0021800490,Running Dunk Shot,1,1,Restricted Area
1628374,Lauri Markkanen,1610612741,0021800490,Jump Shot,1,0,Above the Break 3
1628374,Lauri Markkanen,1610612741,0021800490,Turnaround Fadeaway shot,1,0,Mid-Range
1628374,Lauri Markkanen,1610612741,0021800490,Jump Shot,1,0,Above the Break 3
203200,Justin Holiday,1610612741,0021800490,Pullup Jump shot,1,1,In The Paint (Non-RA)
1628374,Lauri Markkanen,1610612741,0021800490,Turnaround Fadeaway shot,1,1,Mid-Range
203200,Justin Holiday,1610612741,0021800490,Driving Floating Bank Jump Shot,1,0,In The Paint (Non-RA)
1628374,Lauri Markkanen,1610612741,0021800490,Jump Shot,1,1,Above the Break 3
1628374,Lauri Markkanen,1610612741,0021800490,Jump Shot,1,1,Right Corner 3
1627739,Kris Dunn,1610612741,0021800490,Driving Layup Shot,1,1,Restricted Area
1628374,Lauri Markkanen,1610612741,0021800490,Jump Shot,1,1,Mid-Range
1628976,Wendell Carter Jr.,1610612741,0021800490,Alley Oop Dunk Shot,1,1,Restricted Area
1628976,Wendell Carter Jr.,1610612741,0021800490,Layup Shot,1,1,Restricted Area
1627853,Ryan Arcidiacono,1610612741,0021800490,Jump Shot,1,0,Above the Break 3
1628990,Chandler Hutchison,1610612741,0021800490,Driving Layup Shot,1,1,Restricted Area
1627853,Ryan Arcidiacono,1610612741,0021800490,Driving Finger Roll Layup Shot,1,1,Restricted Area
1627885,Shaquille Harrison,1610612741,0021800490,Reverse Layup Shot,1,0,Restricted Area
1628374,Lauri Markkanen,1610612741,0021800490,Jump Shot,1,0,Above the Break 3
1628990,Chandler Hutchison,1610612741,0021800490,Floating Jump shot,1,1,Mid-Range
1628374,Lauri Markkanen,1610612741,0021800490,Jump Shot,1,1,Above the Break 3
203200,Justin Holiday,1610612741,0021800490,Jump Shot,1,1,Left Corner 3
1628374,Lauri Markkanen,1610612741,0021800490,Jump Shot,1,0,Right Corner 3
1627885,Shaquille Harrison,1610612741,0021800490,Driving Floating Bank Jump Shot,1,0,In The Paint (Non-RA)
1627739,Kris Dunn,1610612741,0021800490,Pullup Jump shot,1,1,Mid-Range
1628469,Antonio Blakeney,1610612741,0021800490,Pullup Jump shot,1,0,Mid-Range
201577,Robin Lopez,1610612741,0021800490,Driving Layup Shot,1,1,Restricted Area
1627739,Kris Dunn,1610612741,0021800490,Pullup Jump shot,1,1,Mid-Range
201577,Robin Lopez,1610612741,0021800490,Turnaround Hook Shot,1,0,In The Paint (Non-RA)
1627885,Shaquille Harrison,1610612741,0021800490,Driving Reverse Layup Shot,1,1,Restricted Area
1627739,Kris Dunn,1610612741,0021800490,Jump Shot,1,1,Mid-Range
201577,Robin Lopez,1610612741,0021800490,Hook Shot,1,1,In The Paint (Non-RA)
1628990,Chandler Hutchison,1610612741,0021800490,Driving Floating Jump Shot,1,0,Mid-Range
201577,Robin Lopez,1610612741,0021800490,Floating Jump shot,1,1,In The Paint (Non-RA)
1628469,Antonio Blakeney,1610612741,0021800490,Driving Layup Shot,1,1,Restricted Area
201577,Robin Lopez,1610612741,0021800490,Cutting Layup Shot,1,0,Restricted Area
1628374,Lauri Markkanen,1610612741,0021800490,Alley Oop Layup shot,1,1,Restricted Area
1627739,Kris Dunn,1610612741,0021800490,Floating Jump shot,1,1,Mid-Range
1628959,Rawle Alkins,1610612741,0021800490,Driving Layup Shot,1,0,In The Paint (Non-RA)
1628959,Rawle Alkins,1610612741,0021800490,Layup Shot,1,0,Restricted Area
1628469,Antonio Blakeney,1610612741,0021800490,Jump Shot,1,0,Left Corner 3
1628959,Rawle Alkins,1610612741,0021800490,Jump Shot,1,1,Right Corner 3
1628374,Lauri Markkanen,1610612741,0021800507,Jump Shot,1,0,Above the Break 3
1627739,Kris Dunn,1610612741,0021800507,Turnaround Fadeaway shot,1,0,Mid-Range
203200,Justin Holiday,1610612741,0021800507,Fadeaway Jump Shot,1,0,In The Paint (Non-RA)
1628374,Lauri Markkanen,1610612741,0021800507,Fadeaway Jump Shot,1,0,Mid-Range
1627739,Kris Dunn,1610612741,0021800507,Driving Floating Jump Shot,1,0,In The Paint (Non-RA)
1627739,Kris Dunn,1610612741,0021800507,Driving Layup Shot,1,0,Restricted Area
1628374,Lauri Markkanen,1610612741,0021800507,Finger Roll Layup Shot,1,1,Restricted Area
1628374,Lauri Markkanen,1610612741,0021800507,Cutting Layup Shot,1,1,Restricted Area
203200,Justin Holiday,1610612741,0021800507,Driving Layup Shot,1,0,Restricted Area
1628374,Lauri Markkanen,1610612741,0021800507,Jump Shot,1,0,Mid-Range
1628976,Wendell Carter Jr.,1610612741,0021800507,Putback Layup Shot,1,0,Restricted Area
1627739,Kris Dunn,1610612741,0021800507,Pullup Jump shot,1,1,Mid-Range
1627853,Ryan Arcidiacono,1610612741,0021800507,Jump Shot,1,1,Left Corner 3
1628976,Wendell Carter Jr.,1610612741,0021800507,Cutting Dunk Shot,1,1,Restricted Area
1628976,Wendell Carter Jr.,1610612741,0021800507,Pullup Jump shot,1,0,Mid-Range
1628976,Wendell Carter Jr.,1610612741,0021800507,Step Back Jump shot,1,0,Mid-Range
203200,Justin Holiday,1610612741,0021800507,Jump Shot,1,0,Above the Break 3
203897,Zach LaVine,1610612741,0021800507,Fadeaway Jump Shot,1,0,Mid-Range
201577,Robin Lopez,1610612741,0021800507,Driving Hook Shot,1,0,In The Paint (Non-RA)
201577,Robin Lopez,1610612741,0021800507,Tip Layup Shot,1,0,Restricted Area
1627885,Shaquille Harrison,1610612741,0021800507,Driving Layup Shot,1,0,Restricted Area
201577,Robin Lopez,1610612741,0021800507,Turnaround Hook Shot,1,1,Restricted Area
201577,Robin Lopez,1610612741,0021800507,Jump Shot,1,0,Above the Break 3
1628374,Lauri Markkanen,1610612741,0021800507,Alley Oop Dunk Shot,1,1,Restricted Area
1627853,Ryan Arcidiacono,1610612741,0021800507,Jump Shot,1,0,Left Corner 3
201577,Robin Lopez,1610612741,0021800507,Layup Shot,1,0,Restricted Area
201577,Robin Lopez,1610612741,0021800507,Tip Layup Shot,1,0,Restricted Area
1628374,Lauri Markkanen,1610612741,0021800507,Driving Layup Shot,1,0,Restricted Area
1628374,Lauri Markkanen,1610612741,0021800507,Tip Layup Shot,1,1,Restricted Area
203897,Zach LaVine,1610612741,0021800507,Driving Layup Shot,1,1,Restricted Area
203897,Zach LaVine,1610612741,0021800507,Pullup Jump shot,1,1,Above the Break 3
203897,Zach LaVine,1610612741,0021800507,Jump Shot,1,0,Above the Break 3
1627885,Shaquille Harrison,1610612741,0021800507,Jump Shot,1,0,Left Corner 3
201577,Robin Lopez,1610612741,0021800507,Tip Layup Shot,1,0,Restricted Area
203897,Zach LaVine,1610612741,0021800507,Jump Shot,1,1,Above the Break 3
203897,Zach LaVine,1610612741,0021800507,Pullup Jump shot,1,1,Above the Break 3
1627739,Kris Dunn,1610612741,0021800507,Pullup Jump shot,1,0,Mid-Range
203200,Justin Holiday,1610612741,0021800507,Driving Floating Jump Shot,1,0,In The Paint (Non-RA)
203200,Justin Holiday,1610612741,0021800507,Jump Shot,1,0,Above the Break 3
201577,Robin Lopez,1610612741,0021800507,Turnaround Hook Shot,1,0,In The Paint (Non-RA)
201577,Robin Lopez,1610612741,0021800507,Hook Shot,1,0,Restricted Area
1628374,Lauri Markkanen,1610612741,0021800507,Jump Shot,1,0,Above the Break 3
203200,Justin Holiday,1610612741,0021800507,Jump Shot,1,0,Above the Break 3
203897,Zach LaVine,1610612741,0021800507,Jump Shot,1,0,Above the Break 3
1628374,Lauri Markkanen,1610612741,0021800507,Driving Floating Jump Shot,1,1,In The Paint (Non-RA)
1627739,Kris Dunn,1610612741,0021800507,Pullup Jump shot,1,0,Mid-Range
203200,Justin Holiday,1610612741,0021800507,Pullup Jump shot,1,0,Mid-Range
201577,Robin Lopez,1610612741,0021800507,Driving Hook Shot,1,1,Restricted Area
203200,Justin Holiday,1610612741,0021800507,Pullup Jump shot,1,0,Above the Break 3
201577,Robin Lopez,1610612741,0021800507,Putback Dunk Shot,1,0,Restricted Area
1628976,Wendell Carter Jr.,1610612741,0021800507,Driving Hook Shot,1,1,In The Paint (Non-RA)
1627739,Kris Dunn,1610612741,0021800507,Driving Layup Shot,1,0,Restricted Area
1628374,Lauri Markkanen,1610612741,0021800507,Layup Shot,1,0,In The Paint (Non-RA)
1628976,Wendell Carter Jr.,1610612741,0021800507,Layup Shot,1,0,Restricted Area
203200,Justin Holiday,1610612741,0021800507,Layup Shot,1,1,Restricted Area
1627739,Kris Dunn,1610612741,0021800507,Driving Reverse Layup Shot,1,0,Restricted Area
1628976,Wendell Carter Jr.,1610612741,0021800507,Putback Dunk Shot,1,1,Restricted Area
1628976,Wendell Carter Jr.,1610612741,0021800507,Alley Oop Dunk Shot,1,1,Restricted Area
203200,Justin Holiday,1610612741,0021800507,Jump Shot,1,0,Above the Break 3
1628374,Lauri Markkanen,1610612741,0021800507,Jump Shot,1,1,Above the Break 3
1628374,Lauri Markkanen,1610612741,0021800507,Jump Shot,1,0,Above the Break 3
203200,Justin Holiday,1610612741,0021800507,Jump Shot,1,0,Above the Break 3
1628976,Wendell Carter Jr.,1610612741,0021800507,Alley Oop Dunk Shot,1,1,Restricted Area
203897,Zach LaVine,1610612741,0021800507,Fadeaway Jump Shot,1,0,Mid-Range
1627739,Kris Dunn,1610612741,0021800507,Pullup Jump shot,1,1,In The Paint (Non-RA)
1628976,Wendell Carter Jr.,1610612741,0021800507,Driving Floating Jump Shot,1,1,In The Paint (Non-RA)
1627739,Kris Dunn,1610612741,0021800507,Driving Layup Shot,1,1,Restricted Area
1628976,Wendell Carter Jr.,1610612741,0021800507,Cutting Layup Shot,1,0,Restricted Area
203897,Zach LaVine,1610612741,0021800507,Fadeaway Jump Shot,1,1,In The Paint (Non-RA)
203897,Zach LaVine,1610612741,0021800507,Jump Shot,1,0,Above the Break 3
203897,Zach LaVine,1610612741,0021800507,Cutting Layup Shot,1,1,Restricted Area
203897,Zach LaVine,1610612741,0021800507,Driving Layup Shot,1,1,Restricted Area
203897,Zach LaVine,1610612741,0021800507,Driving Layup Shot,1,1,Restricted Area
203897,Zach LaVine,1610612741,0021800507,Driving Floating Bank Jump Shot,1,0,In The Paint (Non-RA)
203897,Zach LaVine,1610612741,0021800507,Pullup Jump shot,1,0,Above the Break 3
1627885,Shaquille Harrison,1610612741,0021800507,Driving Layup Shot,1,1,Restricted Area
201577,Robin Lopez,1610612741,0021800507,Turnaround Hook Shot,1,0,In The Paint (Non-RA)
203897,Zach LaVine,1610612741,0021800507,Driving Reverse Layup Shot,1,1,Restricted Area
1628990,Chandler Hutchison,1610612741,0021800507,Driving Layup Shot,1,1,Restricted Area
1627885,Shaquille Harrison,1610612741,0021800507,Driving Reverse Layup Shot,1,1,Restricted Area
1628990,Chandler Hutchison,1610612741,0021800507,Fadeaway Jump Shot,1,0,In The Paint (Non-RA)
201577,Robin Lopez,1610612741,0021800507,Turnaround Hook Shot,1,1,In The Paint (Non-RA)
203897,Zach LaVine,1610612741,0021800507,Cutting Layup Shot,1,1,Restricted Area
1627885,Shaquille Harrison,1610612741,0021800507,Driving Layup Shot,1,0,Restricted Area
1627739,Kris Dunn,1610612741,0021800507,Driving Floating Bank Jump Shot,1,1,In The Paint (Non-RA)
1628469,Antonio Blakeney,1610612741,0021800507,Cutting Layup Shot,1,1,Restricted Area
1628469,Antonio Blakeney,1610612741,0021800507,Jump Shot,1,1,Above the Break 3
1626166,Cameron Payne,1610612741,0021800507,Pullup Jump shot,1,0,Mid-Range
1628374,Lauri Markkanen,1610612741,0021800507,Layup Shot,1,0,Restricted Area
1628469,Antonio Blakeney,1610612741,0021800507,Jump Shot,1,0,Mid-Range
1626245,Cristiano Felicio,1610612741,0021800507,Jump Shot,1,0,Mid-Range
1628469,Antonio Blakeney,1610612741,0021800507,Jump Shot,1,0,Mid-Range
1626245,Cristiano Felicio,1610612741,0021800507,Layup Shot,1,1,Restricted Area
1627885,Shaquille Harrison,1610612741,0021800507,Driving Layup Shot,1,1,Restricted Area
1628469,Antonio Blakeney,1610612741,0021800507,Driving Reverse Layup Shot,1,1,Restricted Area
1628374,Lauri Markkanen,1610612741,0021800520,Turnaround Jump Shot,1,0,In The Paint (Non-RA)
203200,Justin Holiday,1610612741,0021800520,Turnaround Fadeaway shot,1,0,Mid-Range
1627739,Kris Dunn,1610612741,0021800520,Hook Shot,1,0,In The Paint (Non-RA)
1628374,Lauri Markkanen,1610612741,0021800520,Dunk Shot,1,1,Restricted Area
1628976,Wendell Carter Jr.,1610612741,0021800520,Turnaround Hook Shot,1,0,In The Paint (Non-RA)
1628976,Wendell Carter Jr.,1610612741,0021800520,Alley Oop Layup shot,1,1,Restricted Area
203897,Zach LaVine,1610612741,0021800520,Jump Shot,1,0,Right Corner 3
1628374,Lauri Markkanen,1610612741,0021800520,Jump Shot,1,0,Above the Break 3
1627739,Kris Dunn,1610612741,0021800520,Driving Layup Shot,1,1,Restricted Area
203200,Justin Holiday,1610612741,0021800520,Jump Shot,1,0,Above the Break 3
1628976,Wendell Carter Jr.,1610612741,0021800520,Layup Shot,1,1,Restricted Area
1628374,Lauri Markkanen,1610612741,0021800520,Jump Shot,1,0,Above the Break 3
1628374,Lauri Markkanen,1610612741,0021800520,Running Jump Shot,1,0,In The Paint (Non-RA)
1628976,Wendell Carter Jr.,1610612741,0021800520,Cutting Dunk Shot,1,1,Restricted Area
1627739,Kris Dunn,1610612741,0021800520,Floating Jump shot,1,0,In The Paint (Non-RA)
1628976,Wendell Carter Jr.,1610612741,0021800520,Reverse Layup Shot,1,1,Restricted Area
203200,Justin Holiday,1610612741,0021800520,Jump Shot,1,1,Left Corner 3
1627739,Kris Dunn,1610612741,0021800520,Pullup Jump shot,1,0,Mid-Range
1628976,Wendell Carter Jr.,1610612741,0021800520,Driving Layup Shot,1,1,Restricted Area
1627853,Ryan Arcidiacono,1610612741,0021800520,Driving Layup Shot,1,0,Restricted Area
1627739,Kris Dunn,1610612741,0021800520,Step Back Jump shot,1,0,Mid-Range
1628469,Antonio Blakeney,1610612741,0021800520,Pullup Jump shot,1,0,In The Paint (Non-RA)
1628374,Lauri Markkanen,1610612741,0021800520,Jump Shot,1,0,Above the Break 3
1628469,Antonio Blakeney,1610612741,0021800520,Pullup Jump shot,1,0,Mid-Range
1628374,Lauri Markkanen,1610612741,0021800520,Jump Shot,1,0,Above the Break 3
1628469,Antonio Blakeney,1610612741,0021800520,Layup Shot,1,1,Restricted Area
201577,Robin Lopez,1610612741,0021800520,Layup Shot,1,0,In The Paint (Non-RA)
1627853,Ryan Arcidiacono,1610612741,0021800520,Driving Layup Shot,1,0,Restricted Area
1627885,Shaquille Harrison,1610612741,0021800520,Driving Reverse Layup Shot,1,0,Restricted Area
203897,Zach LaVine,1610612741,0021800520,Layup Shot,1,1,Restricted Area
201577,Robin Lopez,1610612741,0021800520,Layup Shot,1,1,Restricted Area
1627853,Ryan Arcidiacono,1610612741,0021800520,Pullup Jump shot,1,0,Above the Break 3
1627885,Shaquille Harrison,1610612741,0021800520,Floating Jump shot,1,1,In The Paint (Non-RA)
1628374,Lauri Markkanen,1610612741,0021800520,Pullup Jump shot,1,1,Mid-Range
1628374,Lauri Markkanen,1610612741,0021800520,Driving Dunk Shot,1,1,Restricted Area
203897,Zach LaVine,1610612741,0021800520,Driving Layup Shot,1,0,In The Paint (Non-RA)
1628976,Wendell Carter Jr.,1610612741,0021800520,Turnaround Jump Shot,1,0,Mid-Range
1627739,Kris Dunn,1610612741,0021800520,Jump Shot,1,0,Above the Break 3
1627885,Shaquille Harrison,1610612741,0021800520,Jump Shot,1,0,Above the Break 3
1627739,Kris Dunn,1610612741,0021800520,Driving Finger Roll Layup Shot,1,1,Restricted Area
1627885,Shaquille Harrison,1610612741,0021800520,Driving Layup Shot,1,0,In The Paint (Non-RA)
1627885,Shaquille Harrison,1610612741,0021800520,Layup Shot,1,0,In The Paint (Non-RA)
1627853,Ryan Arcidiacono,1610612741,0021800520,Jump Shot,1,0,Right Corner 3
203897,Zach LaVine,1610612741,0021800520,Driving Layup Shot,1,0,In The Paint (Non-RA)
1628374,Lauri Markkanen,1610612741,0021800520,Fadeaway Jump Shot,1,0,Mid-Range
1628976,Wendell Carter Jr.,1610612741,0021800520,Dunk Shot,1,1,Restricted Area
1628374,Lauri Markkanen,1610612741,0021800520,Driving Floating Bank Jump Shot,1,1,In The Paint (Non-RA)
1628976,Wendell Carter Jr.,1610612741,0021800520,Cutting Dunk Shot,1,1,Restricted Area
1627739,Kris Dunn,1610612741,0021800520,Step Back Jump shot,1,1,Above the Break 3
1628976,Wendell Carter Jr.,1610612741,0021800520,Jump Shot,1,1,Mid-Range
203897,Zach LaVine,1610612741,0021800520,Jump Shot,1,1,Above the Break 3
203897,Zach LaVine,1610612741,0021800520,Jump Shot,1,1,Above the Break 3
203897,Zach LaVine,1610612741,0021800520,Driving Reverse Layup Shot,1,1,Restricted Area
203897,Zach LaVine,1610612741,0021800520,Fadeaway Jump Shot,1,0,Mid-Range
203897,Zach LaVine,1610612741,0021800520,Step Back Jump shot,1,1,Above the Break 3
1628374,Lauri Markkanen,1610612741,0021800520,Jump Shot,1,1,Above the Break 3
1627739,Kris Dunn,1610612741,0021800520,Driving Floating Jump Shot,1,0,In The Paint (Non-RA)
1628990,Chandler Hutchison,1610612741,0021800520,Driving Layup Shot,1,1,Restricted Area
1627739,Kris Dunn,1610612741,0021800520,Driving Layup Shot,1,1,Restricted Area
203200,Justin Holiday,1610612741,0021800520,Jump Shot,1,0,Left Corner 3
203200,Justin Holiday,1610612741,0021800520,Jump Shot,1,1,Right Corner 3
201577,Robin Lopez,1610612741,0021800520,Hook Shot,1,1,In The Paint (Non-RA)
201577,Robin Lopez,1610612741,0021800520,Jump Shot,1,0,Above the Break 3
1628990,Chandler Hutchison,1610612741,0021800520,Layup Shot,1,1,Restricted Area
203897,Zach LaVine,1610612741,0021800520,Driving Layup Shot,1,1,Restricted Area
203897,Zach LaVine,1610612741,0021800520,Step Back Jump shot,1,0,Mid-Range
201577,Robin Lopez,1610612741,0021800520,Turnaround Hook Shot,1,1,Mid-Range
203200,Justin Holiday,1610612741,0021800520,Jump Shot,1,0,Above the Break 3
1627885,Shaquille Harrison,1610612741,0021800520,Jump Shot,1,1,Above the Break 3
1627853,Ryan Arcidiacono,1610612741,0021800520,Pullup Jump shot,1,0,Above the Break 3
201577,Robin Lopez,1610612741,0021800520,Hook Shot,1,1,In The Paint (Non-RA)
201577,Robin Lopez,1610612741,0021800520,Hook Shot,1,1,Mid-Range
1627885,Shaquille Harrison,1610612741,0021800520,Running Layup Shot,1,0,Restricted Area
1628374,Lauri Markkanen,1610612741,0021800520,Layup Shot,1,0,In The Paint (Non-RA)
1627739,Kris Dunn,1610612741,0021800520,Pullup Jump shot,1,1,Mid-Range
1628374,Lauri Markkanen,1610612741,0021800520,Running Jump Shot,1,0,In The Paint (Non-RA)
1627739,Kris Dunn,1610612741,0021800520,Driving Floating Jump Shot,1,0,In The Paint (Non-RA)
1628374,Lauri Markkanen,1610612741,0021800520,Jump Shot,1,0,In The Paint (Non-RA)
203897,Zach LaVine,1610612741,0021800520,Driving Layup Shot,1,1,Restricted Area
1628976,Wendell Carter Jr.,1610612741,0021800538,Floating Jump shot,1,1,In The Paint (Non-RA)
1628976,Wendell Carter Jr.,1610612741,0021800538,Jump Shot,1,0,Left Corner 3
203897,Zach LaVine,1610612741,0021800538,Jump Shot,1,0,Above the Break 3
203200,Justin Holiday,1610612741,0021800538,Driving Finger Roll Layup Shot,1,1,In The Paint (Non-RA)
1627739,Kris Dunn,1610612741,0021800538,Pullup Jump shot,1,0,Mid-Range
203200,Justin Holiday,1610612741,0021800538,Running Finger Roll Layup Shot,1,0,Restricted Area
203200,Justin Holiday,1610612741,0021800538,Running Dunk Shot,1,1,Restricted Area
1627739,Kris Dunn,1610612741,0021800538,Driving Floating Jump Shot,1,1,In The Paint (Non-RA)
1627739,Kris Dunn,1610612741,0021800538,Pullup Jump shot,1,0,Mid-Range
1628976,Wendell Carter Jr.,1610612741,0021800538,Jump Shot,1,0,Mid-Range
1627739,Kris Dunn,1610612741,0021800538,Driving Layup Shot,1,0,Restricted Area
203897,Zach LaVine,1610612741,0021800538,Driving Finger Roll Layup Shot,1,0,Restricted Area
1628990,Chandler Hutchison,1610612741,0021800538,Turnaround Bank Hook Shot,1,1,In The Paint (Non-RA)
203897,Zach LaVine,1610612741,0021800538,Driving Finger Roll Layup Shot,1,0,Restricted Area
1628990,Chandler Hutchison,1610612741,0021800538,Driving Reverse Layup Shot,1,1,Restricted Area
203200,Justin Holiday,1610612741,0021800538,Jump Shot,1,0,Above the Break 3
203200,Justin Holiday,1610612741,0021800538,Pullup Jump shot,1,1,Mid-Range
1628374,Lauri Markkanen,1610612741,0021800538,Pullup Jump shot,1,1,Mid-Range
1628990,Chandler Hutchison,1610612741,0021800538,Cutting Layup Shot,1,1,Restricted Area
201577,Robin Lopez,1610612741,0021800538,Turnaround Hook Shot,1,0,In The Paint (Non-RA)
1628374,Lauri Markkanen,1610612741,0021800538,Jump Shot,1,1,Right Corner 3
201577,Robin Lopez,1610612741,0021800538,Jump Shot,1,0,Mid-Range
1628374,Lauri Markkanen,1610612741,0021800538,Jump Shot,1,0,Mid-Range
1628374,Lauri Markkanen,1610612741,0021800538,Jump Shot,1,0,In The Paint (Non-RA)
203200,Justin Holiday,1610612741,0021800538,Cutting Finger Roll Layup Shot,1,0,In The Paint (Non-RA)
1627885,Shaquille Harrison,1610612741,0021800538,Driving Finger Roll Layup Shot,1,1,In The Paint (Non-RA)
1628374,Lauri Markkanen,1610612741,0021800538,Jump Shot,1,0,Above the Break 3
203897,Zach LaVine,1610612741,0021800538,Running Layup Shot,1,0,Restricted Area
1628976,Wendell Carter Jr.,1610612741,0021800538,Alley Oop Layup shot,1,1,Restricted Area
203200,Justin Holiday,1610612741,0021800538,Jump Shot,1,0,Above the Break 3
203897,Zach LaVine,1610612741,0021800538,Hook Bank Shot,1,1,Restricted Area
203200,Justin Holiday,1610612741,0021800538,Jump Shot,1,0,Above the Break 3
203897,Zach LaVine,1610612741,0021800538,Driving Finger Roll Layup Shot,1,0,Restricted Area
203897,Zach LaVine,1610612741,0021800538,Driving Layup Shot,1,0,Restricted Area
1627739,Kris Dunn,1610612741,0021800538,Turnaround Fadeaway shot,1,1,In The Paint (Non-RA)
203897,Zach LaVine,1610612741,0021800538,Driving Reverse Layup Shot,1,1,Restricted Area
203200,Justin Holiday,1610612741,0021800538,Cutting Dunk Shot,1,1,Restricted Area
1627739,Kris Dunn,1610612741,0021800538,Layup Shot,1,1,Restricted Area
203897,Zach LaVine,1610612741,0021800538,Pullup Jump shot,1,1,Mid-Range
1628374,Lauri Markkanen,1610612741,0021800538,Fadeaway Jump Shot,1,0,In The Paint (Non-RA)
1627739,Kris Dunn,1610612741,0021800538,Driving Layup Shot,1,1,Restricted Area
203897,Zach LaVine,1610612741,0021800538,Pullup Jump shot,1,0,Above the Break 3
1627739,Kris Dunn,1610612741,0021800538,Running Jump Shot,1,0,In The Paint (Non-RA)
1628374,Lauri Markkanen,1610612741,0021800538,Jump Shot,1,1,Left Corner 3
1628976,Wendell Carter Jr.,1610612741,0021800538,Layup Shot,1,0,Restricted Area
203897,Zach LaVine,1610612741,0021800538,Floating Jump shot,1,0,Above the Break 3
1628374,Lauri Markkanen,1610612741,0021800538,Fadeaway Jump Shot,1,0,Mid-Range
203897,Zach LaVine,1610612741,0021800538,Pullup Jump shot,1,0,Mid-Range
1628374,Lauri Markkanen,1610612741,0021800538,Driving Finger Roll Layup Shot,1,0,Restricted Area
203200,Justin Holiday,1610612741,0021800538,Step Back Jump shot,1,1,Above the Break 3
1627739,Kris Dunn,1610612741,0021800538,Pullup Jump shot,1,1,Mid-Range
1627853,Ryan Arcidiacono,1610612741,0021800538,Jump Shot,1,0,Above the Break 3
1628990,Chandler Hutchison,1610612741,0021800538,Driving Finger Roll Layup Shot,1,1,Restricted Area
1627739,Kris Dunn,1610612741,0021800538,Driving Floating Jump Shot,1,0,In The Paint (Non-RA)
1627853,Ryan Arcidiacono,1610612741,0021800538,Jump Shot,1,1,Above the Break 3
201577,Robin Lopez,1610612741,0021800538,Turnaround Hook Shot,1,0,Mid-Range
1628990,Chandler Hutchison,1610612741,0021800538,Jump Shot,1,1,Above the Break 3
1628374,Lauri Markkanen,1610612741,0021800538,Jump Shot,1,0,Above the Break 3
201577,Robin Lopez,1610612741,0021800538,Turnaround Hook Shot,1,0,In The Paint (Non-RA)
1627885,Shaquille Harrison,1610612741,0021800538,Driving Bank Hook Shot,1,0,Restricted Area
1628976,Wendell Carter Jr.,1610612741,0021800538,Turnaround Hook Shot,1,1,In The Paint (Non-RA)
203897,Zach LaVine,1610612741,0021800538,Driving Floating Jump Shot,1,0,Restricted Area
1628976,Wendell Carter Jr.,1610612741,0021800538,Tip Dunk Shot,1,1,Restricted Area
203897,Zach LaVine,1610612741,0021800538,Driving Hook Shot,1,0,Restricted Area
1628976,Wendell Carter Jr.,1610612741,0021800538,Hook Bank Shot,1,0,Restricted Area
203200,Justin Holiday,1610612741,0021800538,Step Back Jump shot,1,0,Above the Break 3
1628374,Lauri Markkanen,1610612741,0021800538,Driving Floating Jump Shot,1,1,Restricted Area
1627739,Kris Dunn,1610612741,0021800538,Driving Layup Shot,1,0,Restricted Area
203897,Zach LaVine,1610612741,0021800538,Fadeaway Jump Shot,1,0,Mid-Range
203897,Zach LaVine,1610612741,0021800538,Driving Floating Jump Shot,1,0,Restricted Area
1627739,Kris Dunn,1610612741,0021800538,Turnaround Hook Shot,1,0,Restricted Area
1627739,Kris Dunn,1610612741,0021800538,Jump Shot,1,0,Left Corner 3
1627739,Kris Dunn,1610612741,0021800538,Driving Dunk Shot,1,1,Restricted Area
1628374,Lauri Markkanen,1610612741,0021800538,Jump Shot,1,1,Above the Break 3
1627739,Kris Dunn,1610612741,0021800538,Step Back Jump shot,1,0,Mid-Range
1628976,Wendell Carter Jr.,1610612741,0021800538,Cutting Dunk Shot,1,1,Restricted Area
203897,Zach LaVine,1610612741,0021800538,Driving Layup Shot,1,0,Restricted Area
1628976,Wendell Carter Jr.,1610612741,0021800538,Tip Layup Shot,1,1,Restricted Area
1628374,Lauri Markkanen,1610612741,0021800538,Jump Shot,1,1,Above the Break 3
1628374,Lauri Markkanen,1610612741,0021800538,Pullup Jump shot,1,0,Above the Break 3
1627739,Kris Dunn,1610612741,0021800559,Floating Jump shot,1,0,In The Paint (Non-RA)
1627739,Kris Dunn,1610612741,0021800559,Driving Layup Shot,1,0,Restricted Area
203897,Zach LaVine,1610612741,0021800559,Pullup Jump shot,1,0,Above the Break 3
1628374,Lauri Markkanen,1610612741,0021800559,Turnaround Fadeaway shot,1,0,Mid-Range
1628976,Wendell Carter Jr.,1610612741,0021800559,Floating Jump shot,1,0,In The Paint (Non-RA)
203897,Zach LaVine,1610612741,0021800559,Driving Reverse Layup Shot,1,1,Restricted Area
203897,Zach LaVine,1610612741,0021800559,Jump Shot,1,1,Mid-Range
1628374,Lauri Markkanen,1610612741,0021800559,Fadeaway Jump Shot,1,1,In The Paint (Non-RA)
1628374,Lauri Markkanen,1610612741,0021800559,Cutting Layup Shot,1,0,Restricted Area
203897,Zach LaVine,1610612741,0021800559,Driving Reverse Layup Shot,1,0,Restricted Area
203200,Justin Holiday,1610612741,0021800559,Jump Shot,1,0,Left Corner 3
203897,Zach LaVine,1610612741,0021800559,Driving Layup Shot,1,1,Restricted Area
1628976,Wendell Carter Jr.,1610612741,0021800559,Turnaround Fadeaway shot,1,0,Mid-Range
1628976,Wendell Carter Jr.,1610612741,0021800559,Jump Shot,1,0,Mid-Range
203200,Justin Holiday,1610612741,0021800559,Pullup Jump shot,1,1,Right Corner 3
1628469,Antonio Blakeney,1610612741,0021800559,Jump Shot,1,1,Left Corner 3
1628469,Antonio Blakeney,1610612741,0021800559,Pullup Jump shot,1,0,Mid-Range
203897,Zach LaVine,1610612741,0021800559,Driving Layup Shot,1,0,Restricted Area
1628469,Antonio Blakeney,1610612741,0021800559,Pullup Jump shot,1,0,Mid-Range
203897,Zach LaVine,1610612741,0021800559,Driving Layup Shot,1,1,Restricted Area
1628469,Antonio Blakeney,1610612741,0021800559,Driving Floating Jump Shot,1,0,Mid-Range
1628469,Antonio Blakeney,1610612741,0021800559,Fadeaway Jump Shot,1,1,In The Paint (Non-RA)
1628469,Antonio Blakeney,1610612741,0021800559,Pullup Jump shot,1,0,In The Paint (Non-RA)
201577,Robin Lopez,1610612741,0021800559,Driving Reverse Layup Shot,1,0,Restricted Area
1628469,Antonio Blakeney,1610612741,0021800559,Floating Jump shot,1,1,In The Paint (Non-RA)
1627885,Shaquille Harrison,1610612741,0021800559,Driving Reverse Layup Shot,1,0,Restricted Area
1627885,Shaquille Harrison,1610612741,0021800559,Driving Layup Shot,1,1,Restricted Area
1627853,Ryan Arcidiacono,1610612741,0021800559,Jump Shot,1,0,Above the Break 3
1627853,Ryan Arcidiacono,1610612741,0021800559,Jump Shot,1,0,Above the Break 3
1627739,Kris Dunn,1610612741,0021800559,Driving Floating Jump Shot,1,1,In The Paint (Non-RA)
1627885,Shaquille Harrison,1610612741,0021800559,Driving Layup Shot,1,1,Restricted Area
203200,Justin Holiday,1610612741,0021800559,Fadeaway Jump Shot,1,0,In The Paint (Non-RA)
1627885,Shaquille Harrison,1610612741,0021800559,Cutting Layup Shot,1,1,Restricted Area
1628374,Lauri Markkanen,1610612741,0021800559,Layup Shot,1,1,Restricted Area
1627739,Kris Dunn,1610612741,0021800559,Driving Finger Roll Layup Shot,1,1,Restricted Area
1627739,Kris Dunn,1610612741,0021800559,Pullup Jump shot,1,1,Left Corner 3
1628374,Lauri Markkanen,1610612741,0021800559,Jump Shot,1,1,Above the Break 3
1628374,Lauri Markkanen,1610612741,0021800559,Driving Layup Shot,1,0,Restricted Area
1627885,Shaquille Harrison,1610612741,0021800559,Jump Shot,1,0,Left Corner 3
203200,Justin Holiday,1610612741,0021800559,Pullup Jump shot,1,0,Mid-Range
1627885,Shaquille Harrison,1610612741,0021800559,Jump Shot,1,0,Above the Break 3
1627885,Shaquille Harrison,1610612741,0021800559,Driving Layup Shot,1,0,Restricted Area
1628374,Lauri Markkanen,1610612741,0021800559,Tip Layup Shot,1,1,Restricted Area
1628374,Lauri Markkanen,1610612741,0021800559,Jump Shot,1,1,Above the Break 3
1628976,Wendell Carter Jr.,1610612741,0021800559,Floating Jump shot,1,0,In The Paint (Non-RA)
203200,Justin Holiday,1610612741,0021800559,Step Back Jump shot,1,0,Above the Break 3
1627739,Kris Dunn,1610612741,0021800559,Pullup Jump shot,1,0,Mid-Range
203200,Justin Holiday,1610612741,0021800559,Jump Shot,1,0,Above the Break 3
1628374,Lauri Markkanen,1610612741,0021800559,Putback Layup Shot,1,0,Restricted Area
1628374,Lauri Markkanen,1610612741,0021800559,Jump Shot,1,0,Above the Break 3
1628976,Wendell Carter Jr.,1610612741,0021800559,Turnaround Jump Shot,1,0,In The Paint (Non-RA)
203897,Zach LaVine,1610612741,0021800559,Driving Floating Jump Shot,1,0,Restricted Area
203897,Zach LaVine,1610612741,0021800559,Reverse Layup Shot,1,1,Restricted Area
203200,Justin Holiday,1610612741,0021800559,Jump Shot,1,0,Above the Break 3
1627739,Kris Dunn,1610612741,0021800559,Jump Shot,1,0,Above the Break 3
203897,Zach LaVine,1610612741,0021800559,Driving Reverse Layup Shot,1,1,Restricted Area
1627739,Kris Dunn,1610612741,0021800559,Driving Finger Roll Layup Shot,1,0,Restricted Area
1628990,Chandler Hutchison,1610612741,0021800559,Driving Layup Shot,1,1,Restricted Area
1627739,Kris Dunn,1610612741,0021800559,Driving Floating Jump Shot,1,1,In The Paint (Non-RA)
1627739,Kris Dunn,1610612741,0021800559,Pullup Jump shot,1,1,Mid-Range
1628469,Antonio Blakeney,1610612741,0021800559,Driving Floating Jump Shot,1,0,In The Paint (Non-RA)
1627739,Kris Dunn,1610612741,0021800559,Driving Layup Shot,1,1,Restricted Area
1627739,Kris Dunn,1610612741,0021800559,Pullup Jump shot,1,0,Mid-Range
1628990,Chandler Hutchison,1610612741,0021800559,Driving Reverse Layup Shot,1,0,In The Paint (Non-RA)
1628469,Antonio Blakeney,1610612741,0021800559,Driving Floating Jump Shot,1,0,In The Paint (Non-RA)
1627853,Ryan Arcidiacono,1610612741,0021800559,Driving Layup Shot,1,1,In The Paint (Non-RA)
1628374,Lauri Markkanen,1610612741,0021800559,Driving Floating Jump Shot,1,1,In The Paint (Non-RA)
1627885,Shaquille Harrison,1610612741,0021800559,Driving Layup Shot,1,0,Restricted Area
1628990,Chandler Hutchison,1610612741,0021800559,Driving Layup Shot,1,1,Restricted Area
1628374,Lauri Markkanen,1610612741,0021800559,Driving Floating Bank Jump Shot,1,0,In The Paint (Non-RA)
1627885,Shaquille Harrison,1610612741,0021800559,Driving Layup Shot,1,0,Restricted Area
1627885,Shaquille Harrison,1610612741,0021800559,Running Layup Shot,1,1,Restricted Area
1627885,Shaquille Harrison,1610612741,0021800559,Jump Shot,1,1,Above the Break 3
1627885,Shaquille Harrison,1610612741,0021800559,Driving Layup Shot,1,0,In The Paint (Non-RA)
1626245,Cristiano Felicio,1610612741,0021800559,Floating Jump shot,1,0,In The Paint (Non-RA)
1627885,Shaquille Harrison,1610612741,0021800559,Driving Layup Shot,1,0,Restricted Area
1627853,Ryan Arcidiacono,1610612741,0021800559,Jump Shot,1,1,Above the Break 3
1628990,Chandler Hutchison,1610612741,0021800559,Jump Shot,1,0,Above the Break 3
1626245,Cristiano Felicio,1610612741,0021800559,Cutting Layup Shot,1,1,Restricted Area
1628990,Chandler Hutchison,1610612741,0021800559,Driving Floating Jump Shot,1,1,Mid-Range
1626245,Cristiano Felicio,1610612741,0021800559,Cutting Dunk Shot,1,1,Restricted Area
1627885,Shaquille Harrison,1610612741,0021800559,Jump Shot,1,0,Above the Break 3
1628469,Antonio Blakeney,1610612741,0021800559,Driving Layup Shot,1,1,Restricted Area
1628469,Antonio Blakeney,1610612741,0021800559,Pullup Jump shot,1,1,Mid-Range
1626166,Cameron Payne,1610612741,0021800559,Driving Layup Shot,1,0,In The Paint (Non-RA)
1628469,Antonio Blakeney,1610612741,0021800559,Pullup Jump shot,1,0,In The Paint (Non-RA)
1628374,Lauri Markkanen,1610612741,0021800569,Jump Shot,1,1,Above the Break 3
1628374,Lauri Markkanen,1610612741,0021800569,Jump Shot,1,1,Above the Break 3
203897,Zach LaVine,1610612741,0021800569,Jump Shot,1,1,Above the Break 3
1628976,Wendell Carter Jr.,1610612741,0021800569,Cutting Layup Shot,1,1,Restricted Area
203897,Zach LaVine,1610612741,0021800569,Pullup Jump shot,1,1,Mid-Range
1628374,Lauri Markkanen,1610612741,0021800569,Jump Shot,1,0,Right Corner 3
1628976,Wendell Carter Jr.,1610612741,0021800569,Turnaround Jump Shot,1,0,Mid-Range
203897,Zach LaVine,1610612741,0021800569,Running Dunk Shot,1,1,Restricted Area
1628990,Chandler Hutchison,1610612741,0021800569,Driving Layup Shot,1,0,Restricted Area
203897,Zach LaVine,1610612741,0021800569,Jump Shot,1,1,Right Corner 3
1628990,Chandler Hutchison,1610612741,0021800569,Pullup Jump shot,1,1,Mid-Range
203897,Zach LaVine,1610612741,0021800569,Step Back Jump shot,1,1,Mid-Range
203897,Zach LaVine,1610612741,0021800569,Jump Shot,1,0,Left Corner 3
1628976,Wendell Carter Jr.,1610612741,0021800569,Turnaround Fadeaway shot,1,1,In The Paint (Non-RA)
203897,Zach LaVine,1610612741,0021800569,Jump Shot,1,1,Above the Break 3
203953,Jabari Parker,1610612741,0021800569,Jump Shot,1,0,Mid-Range
1628990,Chandler Hutchison,1610612741,0021800569,Layup Shot,1,0,Restricted Area
1627853,Ryan Arcidiacono,1610612741,0021800569,Jump Shot,1,0,Right Corner 3
1627885,Shaquille Harrison,1610612741,0021800569,Driving Layup Shot,1,1,Restricted Area
1628469,Antonio Blakeney,1610612741,0021800569,Pullup Jump shot,1,1,In The Paint (Non-RA)
203953,Jabari Parker,1610612741,0021800569,Driving Layup Shot,1,1,Restricted Area
1627885,Shaquille Harrison,1610612741,0021800569,Driving Layup Shot,1,0,Restricted Area
1628469,Antonio Blakeney,1610612741,0021800569,Driving Floating Jump Shot,1,0,In The Paint (Non-RA)
203953,Jabari Parker,1610612741,0021800569,Jump Shot,1,0,In The Paint (Non-RA)
1627885,Shaquille Harrison,1610612741,0021800569,Driving Layup Shot,1,0,Restricted Area
1628469,Antonio Blakeney,1610612741,0021800569,Driving Layup Shot,1,1,Restricted Area
1628374,Lauri Markkanen,1610612741,0021800569,Driving Layup Shot,1,1,Restricted Area
1628469,Antonio Blakeney,1610612741,0021800569,Jump Shot,1,0,Above the Break 3
1628374,Lauri Markkanen,1610612741,0021800569,Cutting Layup Shot,1,1,Restricted Area
1628469,Antonio Blakeney,1610612741,0021800569,Jump Shot,1,1,Left Corner 3
1628374,Lauri Markkanen,1610612741,0021800569,Driving Layup Shot,1,0,Restricted Area
1628374,Lauri Markkanen,1610612741,0021800569,Tip Layup Shot,1,1,Restricted Area
1628469,Antonio Blakeney,1610612741,0021800569,Jump Shot,1,0,Left Corner 3
1628976,Wendell Carter Jr.,1610612741,0021800569,Layup Shot,1,1,Restricted Area
1627739,Kris Dunn,1610612741,0021800569,Driving Floating Jump Shot,1,0,In The Paint (Non-RA)
1628374,Lauri Markkanen,1610612741,0021800569,Jump Shot,1,1,Above the Break 3
1628976,Wendell Carter Jr.,1610612741,0021800569,Finger Roll Layup Shot,1,1,Restricted Area
1628374,Lauri Markkanen,1610612741,0021800569,Jump Shot,1,0,Above the Break 3
1627739,Kris Dunn,1610612741,0021800569,Pullup Jump shot,1,1,In The Paint (Non-RA)
1628990,Chandler Hutchison,1610612741,0021800569,Jump Shot,1,0,Backcourt
1628374,Lauri Markkanen,1610612741,0021800569,Fadeaway Jump Shot,1,0,Mid-Range
203897,Zach LaVine,1610612741,0021800569,Jump Shot,1,0,Above the Break 3
1628374,Lauri Markkanen,1610612741,0021800569,Layup Shot,1,1,Restricted Area
1628990,Chandler Hutchison,1610612741,0021800569,Jump Shot,1,0,In The Paint (Non-RA)
1628976,Wendell Carter Jr.,1610612741,0021800569,Jump Shot,1,0,Left Corner 3
1628374,Lauri Markkanen,1610612741,0021800569,Step Back Jump shot,1,0,In The Paint (Non-RA)
1628990,Chandler Hutchison,1610612741,0021800569,Jump Shot,1,0,Right Corner 3
1628374,Lauri Markkanen,1610612741,0021800569,Cutting Layup Shot,1,1,Restricted Area
203897,Zach LaVine,1610612741,0021800569,Driving Hook Shot,1,0,In The Paint (Non-RA)
1627739,Kris Dunn,1610612741,0021800569,Cutting Layup Shot,1,1,Restricted Area
1628976,Wendell Carter Jr.,1610612741,0021800569,Putback Layup Shot,1,1,Restricted Area
1628990,Chandler Hutchison,1610612741,0021800569,Driving Layup Shot,1,0,Restricted Area
1628976,Wendell Carter Jr.,1610612741,0021800569,Driving Dunk Shot,1,1,Restricted Area
203897,Zach LaVine,1610612741,0021800569,Driving Layup Shot,1,0,Restricted Area
1627739,Kris Dunn,1610612741,0021800569,Step Back Jump shot,1,1,Mid-Range
1628374,Lauri Markkanen,1610612741,0021800569,Jump Shot,1,0,Above the Break 3
1628990,Chandler Hutchison,1610612741,0021800569,Cutting Dunk Shot,1,1,Restricted Area
1628469,Antonio Blakeney,1610612741,0021800569,Cutting Layup Shot,1,1,Restricted Area
1627739,Kris Dunn,1610612741,0021800569,Jump Shot,1,0,Mid-Range
1628469,Antonio Blakeney,1610612741,0021800569,Jump Shot,1,0,Mid-Range
203953,Jabari Parker,1610612741,0021800569,Driving Layup Shot,1,0,Restricted Area
201577,Robin Lopez,1610612741,0021800569,Hook Shot,1,1,In The Paint (Non-RA)
1628469,Antonio Blakeney,1610612741,0021800569,Driving Layup Shot,1,1,Restricted Area
203953,Jabari Parker,1610612741,0021800569,Jump Shot,1,0,Above the Break 3
203953,Jabari Parker,1610612741,0021800569,Turnaround Jump Shot,1,1,In The Paint (Non-RA)
203897,Zach LaVine,1610612741,0021800569,Jump Shot,1,0,Mid-Range
203897,Zach LaVine,1610612741,0021800569,Driving Dunk Shot,1,1,Restricted Area
203897,Zach LaVine,1610612741,0021800569,Jump Shot,1,0,Above the Break 3
203953,Jabari Parker,1610612741,0021800569,Driving Layup Shot,1,0,Restricted Area
203953,Jabari Parker,1610612741,0021800569,Tip Layup Shot,1,0,Restricted Area
1627739,Kris Dunn,1610612741,0021800569,Jump Shot,1,1,Above the Break 3
203897,Zach LaVine,1610612741,0021800569,Driving Layup Shot,1,0,Restricted Area
1628976,Wendell Carter Jr.,1610612741,0021800569,Hook Shot,1,0,In The Paint (Non-RA)
1627885,Shaquille Harrison,1610612741,0021800569,Tip Layup Shot,1,0,Restricted Area
1628374,Lauri Markkanen,1610612741,0021800569,Jump Shot,1,0,Above the Break 3
203897,Zach LaVine,1610612741,0021800569,Driving Reverse Layup Shot,1,1,Restricted Area
203897,Zach LaVine,1610612741,0021800569,Jump Shot,1,0,Above the Break 3
1627885,Shaquille Harrison,1610612741,0021800569,Driving Floating Jump Shot,1,1,In The Paint (Non-RA)
203897,Zach LaVine,1610612741,0021800569,Driving Reverse Layup Shot,1,1,Restricted Area
1627739,Kris Dunn,1610612741,0021800569,Step Back Jump shot,1,1,Above the Break 3
203897,Zach LaVine,1610612741,0021800569,Jump Shot,1,1,Above the Break 3
203897,Zach LaVine,1610612741,0021800569,Jump Shot,1,1,Above the Break 3
1628374,Lauri Markkanen,1610612741,0021800569,Jump Shot,1,0,Above the Break 3
1627739,Kris Dunn,1610612741,0021800569,Jump Shot,1,0,In The Paint (Non-RA)
203897,Zach LaVine,1610612741,0021800569,Turnaround Fadeaway Bank Jump Shot,1,0,Mid-Range
1628374,Lauri Markkanen,1610612741,0021800569,Driving Floating Jump Shot,1,1,In The Paint (Non-RA)
1628374,Lauri Markkanen,1610612741,0021800569,Driving Floating Jump Shot,1,1,In The Paint (Non-RA)
1628374,Lauri Markkanen,1610612741,0021800569,Driving Layup Shot,1,0,Restricted Area
203897,Zach LaVine,1610612741,0021800569,Jump Shot,1,1,Mid-Range
1627739,Kris Dunn,1610612741,0021800569,Driving Dunk Shot,1,1,Restricted Area
1628374,Lauri Markkanen,1610612741,0021800569,Jump Shot,1,1,Above the Break 3
1628374,Lauri Markkanen,1610612741,0021800584,Hook Shot,1,0,In The Paint (Non-RA)
1628976,Wendell Carter Jr.,1610612741,0021800584,Driving Hook Shot,1,0,In The Paint (Non-RA)
1627739,Kris Dunn,1610612741,0021800584,Pullup Jump shot,1,0,Mid-Range
1628976,Wendell Carter Jr.,1610612741,0021800584,Jump Shot,1,0,Above the Break 3
1627739,Kris Dunn,1610612741,0021800584,Driving Layup Shot,1,1,Restricted Area
1627739,Kris Dunn,1610612741,0021800584,Pullup Jump shot,1,0,In The Paint (Non-RA)
1627739,Kris Dunn,1610612741,0021800584,Jump Shot,1,0,Mid-Range
1628990,Chandler Hutchison,1610612741,0021800584,Driving Layup Shot,1,0,Restricted Area
203897,Zach LaVine,1610612741,0021800584,Driving Layup Shot,1,0,Restricted Area
201577,Robin Lopez,1610612741,0021800584,Reverse Layup Shot,1,1,Restricted Area
1627739,Kris Dunn,1610612741,0021800584,Turnaround Jump Shot,1,1,Mid-Range
201577,Robin Lopez,1610612741,0021800584,Jump Shot,1,1,In The Paint (Non-RA)
201577,Robin Lopez,1610612741,0021800584,Layup Shot,1,1,Restricted Area
1628990,Chandler Hutchison,1610612741,0021800584,Running Layup Shot,1,0,Restricted Area
1628374,Lauri Markkanen,1610612741,0021800584,Jump Shot,1,0,Mid-Range
1626171,Bobby Portis Jr.,1610612741,0021800584,Driving Layup Shot,1,0,Restricted Area
203897,Zach LaVine,1610612741,0021800584,Driving Layup Shot,1,0,Restricted Area
1626171,Bobby Portis Jr.,1610612741,0021800584,Jump Shot,1,1,Above the Break 3
1626171,Bobby Portis Jr.,1610612741,0021800584,Driving Hook Shot,1,1,In The Paint (Non-RA)
203897,Zach LaVine,1610612741,0021800584,Running Jump Shot,1,1,Above the Break 3
1627853,Ryan Arcidiacono,1610612741,0021800584,Driving Layup Shot,1,0,Restricted Area
1626171,Bobby Portis Jr.,1610612741,0021800584,Jump Shot,1,1,Above the Break 3
1626171,Bobby Portis Jr.,1610612741,0021800584,Fadeaway Jump Shot,1,0,Mid-Range
1628374,Lauri Markkanen,1610612741,0021800584,Driving Floating Jump Shot,1,1,In The Paint (Non-RA)
1628469,Antonio Blakeney,1610612741,0021800584,Jump Shot,1,0,Mid-Range
1628374,Lauri Markkanen,1610612741,0021800584,Step Back Jump shot,1,1,Mid-Range
1627885,Shaquille Harrison,1610612741,0021800584,Driving Layup Shot,1,0,Restricted Area
1628469,Antonio Blakeney,1610612741,0021800584,Jump Shot,1,0,Mid-Range
1627885,Shaquille Harrison,1610612741,0021800584,Driving Layup Shot,1,0,Restricted Area
1628976,Wendell Carter Jr.,1610612741,0021800584,Putback Dunk Shot,1,1,Restricted Area
1628976,Wendell Carter Jr.,1610612741,0021800584,Jump Shot,1,1,Mid-Range
203897,Zach LaVine,1610612741,0021800584,Running Layup Shot,1,1,Restricted Area
1628374,Lauri Markkanen,1610612741,0021800584,Jump Shot,1,0,Above the Break 3
203897,Zach LaVine,1610612741,0021800584,Driving Layup Shot,1,1,Restricted Area
1627739,Kris Dunn,1610612741,0021800584,Fadeaway Jump Shot,1,0,Mid-Range
203897,Zach LaVine,1610612741,0021800584,Driving Layup Shot,1,1,Restricted Area
1626171,Bobby Portis Jr.,1610612741,0021800584,Jump Shot,1,1,Above the Break 3
203897,Zach LaVine,1610612741,0021800584,Driving Layup Shot,1,1,Restricted Area
1626171,Bobby Portis Jr.,1610612741,0021800584,Jump Shot,1,0,Above the Break 3
203897,Zach LaVine,1610612741,0021800584,Jump Shot,1,1,Above the Break 3
203897,Zach LaVine,1610612741,0021800584,Driving Reverse Layup Shot,1,1,Restricted Area
1626171,Bobby Portis Jr.,1610612741,0021800584,Driving Hook Shot,1,1,In The Paint (Non-RA)
203897,Zach LaVine,1610612741,0021800584,Driving Layup Shot,1,0,Restricted Area
203897,Zach LaVine,1610612741,0021800584,Driving Layup Shot,1,0,Restricted Area
203897,Zach LaVine,1610612741,0021800584,Jump Shot,1,0,Mid-Range
1628374,Lauri Markkanen,1610612741,0021800584,Step Back Jump shot,1,0,Mid-Range
1628990,Chandler Hutchison,1610612741,0021800584,Floating Jump shot,1,0,In The Paint (Non-RA)
1628374,Lauri Markkanen,1610612741,0021800584,Jump Shot,1,0,Mid-Range
1628990,Chandler Hutchison,1610612741,0021800584,Driving Layup Shot,1,1,Restricted Area
1627739,Kris Dunn,1610612741,0021800584,Driving Floating Jump Shot,1,1,In The Paint (Non-RA)
203897,Zach LaVine,1610612741,0021800584,Driving Layup Shot,1,1,Restricted Area
1628990,Chandler Hutchison,1610612741,0021800584,Cutting Finger Roll Layup Shot,1,0,Restricted Area
1628990,Chandler Hutchison,1610612741,0021800584,Driving Layup Shot,1,1,Restricted Area
1627739,Kris Dunn,1610612741,0021800584,Driving Layup Shot,1,1,Restricted Area
1627739,Kris Dunn,1610612741,0021800584,Driving Finger Roll Layup Shot,1,0,Restricted Area
1628374,Lauri Markkanen,1610612741,0021800584,Hook Shot,1,1,In The Paint (Non-RA)
1626171,Bobby Portis Jr.,1610612741,0021800584,Driving Hook Shot,1,1,Restricted Area
203897,Zach LaVine,1610612741,0021800584,Driving Layup Shot,1,1,Restricted Area
1628374,Lauri Markkanen,1610612741,0021800584,Running Layup Shot,1,1,Restricted Area
1627739,Kris Dunn,1610612741,0021800584,Turnaround Jump Shot,1,1,In The Paint (Non-RA)
203897,Zach LaVine,1610612741,0021800584,Driving Layup Shot,1,1,Restricted Area
1627739,Kris Dunn,1610612741,0021800584,Jump Shot,1,0,Above the Break 3
1626171,Bobby Portis Jr.,1610612741,0021800584,Putback Layup Shot,1,0,Restricted Area
1627739,Kris Dunn,1610612741,0021800584,Jump Shot,1,0,Above the Break 3
1627853,Ryan Arcidiacono,1610612741,0021800584,Jump Shot,1,1,Above the Break 3
1627853,Ryan Arcidiacono,1610612741,0021800584,Jump Shot,1,0,Above the Break 3
1627885,Shaquille Harrison,1610612741,0021800584,Driving Finger Roll Layup Shot,1,0,Restricted Area
1626171,Bobby Portis Jr.,1610612741,0021800584,Tip Layup Shot,1,0,Restricted Area
1627885,Shaquille Harrison,1610612741,0021800584,Jump Shot,1,0,Above the Break 3
201577,Robin Lopez,1610612741,0021800584,Turnaround Hook Shot,1,0,Restricted Area
1628374,Lauri Markkanen,1610612741,0021800584,Jump Shot,1,1,Above the Break 3
1627885,Shaquille Harrison,1610612741,0021800584,Jump Shot,1,0,Right Corner 3
1628990,Chandler Hutchison,1610612741,0021800584,Driving Hook Shot,1,0,In The Paint (Non-RA)
203897,Zach LaVine,1610612741,0021800584,Fadeaway Jump Shot,1,0,In The Paint (Non-RA)
1627739,Kris Dunn,1610612741,0021800584,Driving Floating Jump Shot,1,1,In The Paint (Non-RA)
1628469,Antonio Blakeney,1610612741,0021800584,Jump Shot,1,0,Above the Break 3
1627739,Kris Dunn,1610612741,0021800584,Pullup Jump shot,1,1,In The Paint (Non-RA)
203897,Zach LaVine,1610612741,0021800584,Running Layup Shot,1,1,Restricted Area
1628374,Lauri Markkanen,1610612741,0021800584,Jump Shot,1,0,Above the Break 3
1628976,Wendell Carter Jr.,1610612741,0021800584,Dunk Shot,1,0,Restricted Area
1627739,Kris Dunn,1610612741,0021800584,Running Dunk Shot,1,1,Restricted Area
1628990,Chandler Hutchison,1610612741,0021800584,Hook Shot,1,0,In The Paint (Non-RA)
1628990,Chandler Hutchison,1610612741,0021800584,Hook Shot,1,1,Restricted Area
1628990,Chandler Hutchison,1610612741,0021800584,Driving Finger Roll Layup Shot,1,1,Restricted Area
1627885,Shaquille Harrison,1610612741,0021800584,Driving Floating Jump Shot,1,0,In The Paint (Non-RA)
1627885,Shaquille Harrison,1610612741,0021800584,Putback Layup Shot,1,0,Restricted Area
1627782,Wayne Selden,1610612741,0021800584,Jump Shot,1,0,Right Corner 3
1626245,Cristiano Felicio,1610612741,0021800584,Putback Dunk Shot,1,1,Restricted Area
203897,Zach LaVine,1610612741,0021800615,Driving Layup Shot,1,0,Restricted Area
1628976,Wendell Carter Jr.,1610612741,0021800615,Tip Layup Shot,1,1,Restricted Area
1627739,Kris Dunn,1610612741,0021800615,Pullup Jump shot,1,1,Mid-Range
203897,Zach LaVine,1610612741,0021800615,Driving Layup Shot,1,0,Restricted Area
1627739,Kris Dunn,1610612741,0021800615,Pullup Jump shot,1,0,Above the Break 3
1628374,Lauri Markkanen,1610612741,0021800615,Jump Shot,1,0,Above the Break 3
203897,Zach LaVine,1610612741,0021800615,Driving Floating Jump Shot,1,1,In The Paint (Non-RA)
1628990,Chandler Hutchison,1610612741,0021800615,Driving Reverse Layup Shot,1,1,Restricted Area
1628976,Wendell Carter Jr.,1610612741,0021800615,Cutting Dunk Shot,1,1,Restricted Area
1627739,Kris Dunn,1610612741,0021800615,Pullup Jump shot,1,0,In The Paint (Non-RA)
1628374,Lauri Markkanen,1610612741,0021800615,Driving Hook Shot,1,0,In The Paint (Non-RA)
1628976,Wendell Carter Jr.,1610612741,0021800615,Alley Oop Dunk Shot,1,1,Restricted Area
203897,Zach LaVine,1610612741,0021800615,Pullup Jump shot,1,1,Above the Break 3
1628976,Wendell Carter Jr.,1610612741,0021800615,Cutting Layup Shot,1,1,Restricted Area
1628976,Wendell Carter Jr.,1610612741,0021800615,Driving Floating Jump Shot,1,0,In The Paint (Non-RA)
1627739,Kris Dunn,1610612741,0021800615,Driving Floating Jump Shot,1,0,Restricted Area
1627739,Kris Dunn,1610612741,0021800615,Jump Shot,1,1,Above the Break 3
1628374,Lauri Markkanen,1610612741,0021800615,Pullup Jump shot,1,1,In The Paint (Non-RA)
203897,Zach LaVine,1610612741,0021800615,Driving Layup Shot,1,1,Restricted Area
1627739,Kris Dunn,1610612741,0021800615,Running Dunk Shot,1,1,Restricted Area
203897,Zach LaVine,1610612741,0021800615,Pullup Jump shot,1,1,Above the Break 3
1626171,Bobby Portis Jr.,1610612741,0021800615,Driving Hook Shot,1,0,In The Paint (Non-RA)
1627885,Shaquille Harrison,1610612741,0021800615,Driving Floating Bank Jump Shot,1,0,In The Paint (Non-RA)
1628469,Antonio Blakeney,1610612741,0021800615,Pullup Jump shot,1,1,Mid-Range
1628469,Antonio Blakeney,1610612741,0021800615,Pullup Jump shot,1,0,Mid-Range
1626171,Bobby Portis Jr.,1610612741,0021800615,Jump Shot,1,0,Above the Break 3
201577,Robin Lopez,1610612741,0021800615,Driving Hook Shot,1,1,In The Paint (Non-RA)
201577,Robin Lopez,1610612741,0021800615,Turnaround Hook Shot,1,0,In The Paint (Non-RA)
1627853,Ryan Arcidiacono,1610612741,0021800615,Pullup Jump shot,1,0,Mid-Range
1628374,Lauri Markkanen,1610612741,0021800615,Jump Shot,1,0,Above the Break 3
1628469,Antonio Blakeney,1610612741,0021800615,Pullup Jump shot,1,0,Mid-Range
201577,Robin Lopez,1610612741,0021800615,Putback Dunk Shot,1,1,Restricted Area
1628469,Antonio Blakeney,1610612741,0021800615,Driving Layup Shot,1,1,Restricted Area
1628469,Antonio Blakeney,1610612741,0021800615,Pullup Jump shot,1,1,Mid-Range
1627739,Kris Dunn,1610612741,0021800615,Driving Floating Jump Shot,1,0,In The Paint (Non-RA)
1628374,Lauri Markkanen,1610612741,0021800615,Tip Layup Shot,1,1,Restricted Area
1628976,Wendell Carter Jr.,1610612741,0021800615,Pullup Jump shot,1,0,In The Paint (Non-RA)
1628374,Lauri Markkanen,1610612741,0021800615,Turnaround Jump Shot,1,0,Mid-Range
1627739,Kris Dunn,1610612741,0021800615,Pullup Jump shot,1,1,Mid-Range
203897,Zach LaVine,1610612741,0021800615,Pullup Jump shot,1,0,Mid-Range
1626171,Bobby Portis Jr.,1610612741,0021800615,Jump Shot,1,0,Above the Break 3
1628990,Chandler Hutchison,1610612741,0021800615,Floating Jump shot,1,1,In The Paint (Non-RA)
1627739,Kris Dunn,1610612741,0021800615,Driving Finger Roll Layup Shot,1,0,Restricted Area
1626171,Bobby Portis Jr.,1610612741,0021800615,Driving Layup Shot,1,1,Restricted Area
1626171,Bobby Portis Jr.,1610612741,0021800615,Driving Hook Shot,1,0,In The Paint (Non-RA)
203897,Zach LaVine,1610612741,0021800615,Driving Layup Shot,1,0,Restricted Area
1626171,Bobby Portis Jr.,1610612741,0021800615,Putback Layup Shot,1,0,Restricted Area
1627739,Kris Dunn,1610612741,0021800615,Driving Layup Shot,1,1,Restricted Area
1628976,Wendell Carter Jr.,1610612741,0021800615,Turnaround Jump Shot,1,1,In The Paint (Non-RA)
1627739,Kris Dunn,1610612741,0021800615,Driving Floating Bank Jump Shot,1,0,In The Paint (Non-RA)
203897,Zach LaVine,1610612741,0021800615,Jump Shot,1,1,Mid-Range
203897,Zach LaVine,1610612741,0021800615,Driving Reverse Layup Shot,1,1,Restricted Area
1628976,Wendell Carter Jr.,1610612741,0021800615,Jump Shot,1,1,Left Corner 3
1627739,Kris Dunn,1610612741,0021800615,Driving Layup Shot,1,0,Restricted Area
203897,Zach LaVine,1610612741,0021800615,Pullup Jump shot,1,0,Mid-Range
1628374,Lauri Markkanen,1610612741,0021800615,Driving Layup Shot,1,1,Restricted Area
1628990,Chandler Hutchison,1610612741,0021800615,Driving Reverse Layup Shot,1,0,Restricted Area
203897,Zach LaVine,1610612741,0021800615,Driving Layup Shot,1,0,Restricted Area
203897,Zach LaVine,1610612741,0021800615,Driving Layup Shot,1,0,Restricted Area
1627739,Kris Dunn,1610612741,0021800615,Driving Layup Shot,1,1,Restricted Area
1626171,Bobby Portis Jr.,1610612741,0021800615,Jump Shot,1,1,Above the Break 3
1628374,Lauri Markkanen,1610612741,0021800615,Jump Shot,1,0,Above the Break 3
1628374,Lauri Markkanen,1610612741,0021800615,Driving Hook Shot,1,0,Restricted Area
1626171,Bobby Portis Jr.,1610612741,0021800615,Tip Layup Shot,1,1,Restricted Area
203897,Zach LaVine,1610612741,0021800615,Driving Layup Shot,1,0,Restricted Area
1626171,Bobby Portis Jr.,1610612741,0021800615,Jump Shot,1,1,Above the Break 3
1627739,Kris Dunn,1610612741,0021800615,Driving Layup Shot,1,1,Restricted Area
203897,Zach LaVine,1610612741,0021800615,Driving Layup Shot,1,0,Restricted Area
1626171,Bobby Portis Jr.,1610612741,0021800615,Jump Shot,1,1,Above the Break 3
1626171,Bobby Portis Jr.,1610612741,0021800615,Driving Layup Shot,1,1,Restricted Area
1628469,Antonio Blakeney,1610612741,0021800615,Jump Shot,1,0,Left Corner 3
1628469,Antonio Blakeney,1610612741,0021800615,Driving Floating Jump Shot,1,1,In The Paint (Non-RA)
1626171,Bobby Portis Jr.,1610612741,0021800615,Jump Shot,1,0,Above the Break 3
1628976,Wendell Carter Jr.,1610612741,0021800615,Layup Shot,1,1,Restricted Area
203897,Zach LaVine,1610612741,0021800615,Pullup Jump shot,1,0,Above the Break 3
1628469,Antonio Blakeney,1610612741,0021800615,Driving Floating Jump Shot,1,0,In The Paint (Non-RA)
1628374,Lauri Markkanen,1610612741,0021800615,Turnaround Fadeaway shot,1,1,Mid-Range
203897,Zach LaVine,1610612741,0021800615,Jump Shot,1,0,Above the Break 3
1628374,Lauri Markkanen,1610612741,0021800615,Turnaround Fadeaway shot,1,0,In The Paint (Non-RA)
1628374,Lauri Markkanen,1610612741,0021800615,Turnaround Jump Shot,1,0,Mid-Range
203897,Zach LaVine,1610612741,0021800615,Driving Layup Shot,1,0,Restricted Area
1628990,Chandler Hutchison,1610612741,0021800615,Jump Shot,1,0,Right Corner 3
203897,Zach LaVine,1610612741,0021800615,Jump Shot,1,0,Above the Break 3
1627885,Shaquille Harrison,1610612741,0021800615,Jump Shot,1,1,Above the Break 3
1628990,Chandler Hutchison,1610612741,0021800615,Running Layup Shot,1,1,Restricted Area
1628990,Chandler Hutchison,1610612741,0021800615,Jump Shot,1,0,Above the Break 3
1628469,Antonio Blakeney,1610612741,0021800615,Driving Floating Bank Jump Shot,1,0,In The Paint (Non-RA)
1627885,Shaquille Harrison,1610612741,0021800615,Driving Floating Jump Shot,1,0,In The Paint (Non-RA)
1627782,Wayne Selden,1610612741,0021800615,Jump Shot,1,1,Above the Break 3
1627885,Shaquille Harrison,1610612741,0021800615,Driving Layup Shot,1,1,Restricted Area
1628469,Antonio Blakeney,1610612741,0021800615,Pullup Jump shot,1,1,In The Paint (Non-RA)
1627885,Shaquille Harrison,1610612741,0021800615,Driving Layup Shot,1,0,Restricted Area
1628990,Chandler Hutchison,1610612741,0021800615,Driving Floating Jump Shot,1,0,In The Paint (Non-RA)
1628374,Lauri Markkanen,1610612741,0021800629,Step Back Jump shot,1,0,Above the Break 3
1628976,Wendell Carter Jr.,1610612741,0021800629,Floating Jump shot,1,1,In The Paint (Non-RA)
1628990,Chandler Hutchison,1610612741,0021800629,Jump Shot,1,0,In The Paint (Non-RA)
1627739,Kris Dunn,1610612741,0021800629,Jump Shot,1,0,In The Paint (Non-RA)
1627739,Kris Dunn,1610612741,0021800629,Layup Shot,1,0,In The Paint (Non-RA)
1628976,Wendell Carter Jr.,1610612741,0021800629,Turnaround Jump Shot,1,0,In The Paint (Non-RA)
203897,Zach LaVine,1610612741,0021800629,Driving Finger Roll Layup Shot,1,1,Restricted Area
1627739,Kris Dunn,1610612741,0021800629,Jump Shot,1,0,In The Paint (Non-RA)
1628990,Chandler Hutchison,1610612741,0021800629,Driving Finger Roll Layup Shot,1,1,In The Paint (Non-RA)
203897,Zach LaVine,1610612741,0021800629,Step Back Jump shot,1,0,Above the Break 3
1628374,Lauri Markkanen,1610612741,0021800629,Jump Shot,1,0,Above the Break 3
1627739,Kris Dunn,1610612741,0021800629,Driving Floating Jump Shot,1,0,In The Paint (Non-RA)
1628374,Lauri Markkanen,1610612741,0021800629,Jump Shot,1,0,Left Corner 3
203897,Zach LaVine,1610612741,0021800629,Driving Finger Roll Layup Shot,1,0,In The Paint (Non-RA)
1626171,Bobby Portis Jr.,1610612741,0021800629,Jump Shot,1,0,Mid-Range
1628374,Lauri Markkanen,1610612741,0021800629,Fadeaway Jump Shot,1,1,In The Paint (Non-RA)
1627739,Kris Dunn,1610612741,0021800629,Pullup Jump shot,1,1,Above the Break 3
203897,Zach LaVine,1610612741,0021800629,Driving Layup Shot,1,1,Restricted Area
1627853,Ryan Arcidiacono,1610612741,0021800629,Hook Shot,1,0,In The Paint (Non-RA)
1626171,Bobby Portis Jr.,1610612741,0021800629,Jump Shot,1,1,In The Paint (Non-RA)
1628469,Antonio Blakeney,1610612741,0021800629,Jump Shot,1,0,In The Paint (Non-RA)
1626171,Bobby Portis Jr.,1610612741,0021800629,Jump Shot,1,1,Mid-Range
1626171,Bobby Portis Jr.,1610612741,0021800629,Jump Shot,1,1,Above the Break 3
1626171,Bobby Portis Jr.,1610612741,0021800629,Layup Shot,1,0,Restricted Area
1628990,Chandler Hutchison,1610612741,0021800629,Putback Layup Shot,1,1,Restricted Area
1628469,Antonio Blakeney,1610612741,0021800629,Jump Shot,1,0,In The Paint (Non-RA)
1627885,Shaquille Harrison,1610612741,0021800629,Driving Layup Shot,1,1,Restricted Area
201577,Robin Lopez,1610612741,0021800629,Hook Shot,1,0,In The Paint (Non-RA)
1627782,Wayne Selden,1610612741,0021800629,Pullup Jump shot,1,0,Above the Break 3
203897,Zach LaVine,1610612741,0021800629,Alley Oop Dunk Shot,1,1,Restricted Area
1628374,Lauri Markkanen,1610612741,0021800629,Pullup Jump shot,1,1,Mid-Range
203897,Zach LaVine,1610612741,0021800629,Driving Layup Shot,1,1,Restricted Area
1628374,Lauri Markkanen,1610612741,0021800629,Jump Shot,1,0,Above the Break 3
203897,Zach LaVine,1610612741,0021800629,Jump Shot,1,1,Above the Break 3
1627739,Kris Dunn,1610612741,0021800629,Driving Finger Roll Layup Shot,1,1,In The Paint (Non-RA)
201577,Robin Lopez,1610612741,0021800629,Hook Shot,1,0,Mid-Range
203897,Zach LaVine,1610612741,0021800629,Running Alley Oop Dunk Shot,1,1,Restricted Area
203897,Zach LaVine,1610612741,0021800629,Running Layup Shot,1,1,Restricted Area
203897,Zach LaVine,1610612741,0021800629,Pullup Jump shot,1,1,Above the Break 3
203897,Zach LaVine,1610612741,0021800629,Pullup Jump shot,1,0,Above the Break 3
203897,Zach LaVine,1610612741,0021800629,Step Back Jump shot,1,1,Above the Break 3
203897,Zach LaVine,1610612741,0021800629,Jump Shot,1,0,In The Paint (Non-RA)
1628990,Chandler Hutchison,1610612741,0021800629,Hook Shot,1,0,In The Paint (Non-RA)
1628976,Wendell Carter Jr.,1610612741,0021800629,Putback Dunk Shot,1,1,Restricted Area
203897,Zach LaVine,1610612741,0021800629,Driving Floating Bank Jump Shot,1,1,Mid-Range
1628976,Wendell Carter Jr.,1610612741,0021800629,Layup Shot,1,0,Restricted Area
1628374,Lauri Markkanen,1610612741,0021800629,Turnaround Fadeaway shot,1,1,In The Paint (Non-RA)
203897,Zach LaVine,1610612741,0021800629,Jump Shot,1,0,Mid-Range
1627739,Kris Dunn,1610612741,0021800629,Hook Shot,1,0,In The Paint (Non-RA)
1627739,Kris Dunn,1610612741,0021800629,Step Back Jump shot,1,0,Mid-Range
203897,Zach LaVine,1610612741,0021800629,Jump Shot,1,0,In The Paint (Non-RA)
1628374,Lauri Markkanen,1610612741,0021800629,Layup Shot,1,0,Restricted Area
1626171,Bobby Portis Jr.,1610612741,0021800629,Layup Shot,1,1,Restricted Area
1628976,Wendell Carter Jr.,1610612741,0021800629,Hook Shot,1,0,In The Paint (Non-RA)
1626171,Bobby Portis Jr.,1610612741,0021800629,Jump Shot,1,0,Restricted Area
1627739,Kris Dunn,1610612741,0021800629,Pullup Jump shot,1,0,Mid-Range
1627885,Shaquille Harrison,1610612741,0021800629,Jump Shot,1,0,In The Paint (Non-RA)
201577,Robin Lopez,1610612741,0021800629,Cutting Layup Shot,1,1,Restricted Area
201577,Robin Lopez,1610612741,0021800629,Jump Shot,1,1,Above the Break 3
1627853,Ryan Arcidiacono,1610612741,0021800629,Jump Shot,1,0,Above the Break 3
1627853,Ryan Arcidiacono,1610612741,0021800629,Jump Shot,1,1,Right Corner 3
1628990,Chandler Hutchison,1610612741,0021800629,Hook Shot,1,0,In The Paint (Non-RA)
1626245,Cristiano Felicio,1610612741,0021800629,Driving Hook Shot,1,0,In The Paint (Non-RA)
1627782,Wayne Selden,1610612741,0021800629,Driving Floating Bank Jump Shot,1,1,In The Paint (Non-RA)
1627782,Wayne Selden,1610612741,0021800629,Running Layup Shot,1,0,Restricted Area
1628469,Antonio Blakeney,1610612741,0021800629,Pullup Jump shot,1,1,In The Paint (Non-RA)
1628469,Antonio Blakeney,1610612741,0021800629,Driving Floating Jump Shot,1,1,In The Paint (Non-RA)
1627782,Wayne Selden,1610612741,0021800629,Jump Shot,1,0,In The Paint (Non-RA)
1627853,Ryan Arcidiacono,1610612741,0021800629,Jump Shot,1,1,Left Corner 3
1628990,Chandler Hutchison,1610612741,0021800629,Jump Shot,1,0,Left Corner 3
1628469,Antonio Blakeney,1610612741,0021800629,Pullup Jump shot,1,1,Above the Break 3
1628469,Antonio Blakeney,1610612741,0021800629,Jump Shot,1,0,In The Paint (Non-RA)
1627782,Wayne Selden,1610612741,0021800629,Jump Shot,1,0,Above the Break 3
1627782,Wayne Selden,1610612741,0021800629,Layup Shot,1,0,In The Paint (Non-RA)
1626245,Cristiano Felicio,1610612741,0021800629,Reverse Layup Shot,1,1,Restricted Area
1628990,Chandler Hutchison,1610612741,0021800629,Running Dunk Shot,1,1,Restricted Area
1628469,Antonio Blakeney,1610612741,0021800629,Driving Layup Shot,1,1,Restricted Area
1626245,Cristiano Felicio,1610612741,0021800629,Jump Shot,1,0,Above the Break 3
203897,Zach LaVine,1610612741,0021800637,Pullup Jump shot,1,0,Mid-Range
203897,Zach LaVine,1610612741,0021800637,Running Layup Shot,1,1,Restricted Area
1628990,Chandler Hutchison,1610612741,0021800637,Jump Shot,1,0,Above the Break 3
1628374,Lauri Markkanen,1610612741,0021800637,Floating Jump shot,1,1,In The Paint (Non-RA)
1628990,Chandler Hutchison,1610612741,0021800637,Jump Shot,1,0,In The Paint (Non-RA)
1627739,Kris Dunn,1610612741,0021800637,Turnaround Jump Shot,1,1,In The Paint (Non-RA)
1628374,Lauri Markkanen,1610612741,0021800637,Jump Shot,1,0,Above the Break 3
203897,Zach LaVine,1610612741,0021800637,Layup Shot,1,0,Restricted Area
1628990,Chandler Hutchison,1610612741,0021800637,Cutting Dunk Shot,1,1,Restricted Area
1628374,Lauri Markkanen,1610612741,0021800637,Driving Floating Bank Jump Shot,1,1,In The Paint (Non-RA)
1627739,Kris Dunn,1610612741,0021800637,Jump Shot,1,0,Above the Break 3
1627739,Kris Dunn,1610612741,0021800637,Jump Shot,1,0,In The Paint (Non-RA)
1628976,Wendell Carter Jr.,1610612741,0021800637,Jump Shot,1,1,Mid-Range
1627853,Ryan Arcidiacono,1610612741,0021800637,Jump Shot,1,0,Above the Break 3
1628374,Lauri Markkanen,1610612741,0021800637,Driving Layup Shot,1,0,Restricted Area
1627739,Kris Dunn,1610612741,0021800637,Layup Shot,1,0,Restricted Area
1627853,Ryan Arcidiacono,1610612741,0021800637,Driving Floating Jump Shot,1,0,In The Paint (Non-RA)
1628976,Wendell Carter Jr.,1610612741,0021800637,Jump Shot,1,0,In The Paint (Non-RA)
1627853,Ryan Arcidiacono,1610612741,0021800637,Jump Shot,1,1,Mid-Range
1627885,Shaquille Harrison,1610612741,0021800637,Layup Shot,1,0,Restricted Area
1627782,Wayne Selden,1610612741,0021800637,Pullup Jump shot,1,1,Mid-Range
203953,Jabari Parker,1610612741,0021800637,Step Back Jump shot,1,0,Mid-Range
203953,Jabari Parker,1610612741,0021800637,Turnaround Fadeaway shot,1,0,In The Paint (Non-RA)
203897,Zach LaVine,1610612741,0021800637,Driving Layup Shot,1,0,Restricted Area
203953,Jabari Parker,1610612741,0021800637,Pullup Jump shot,1,1,Mid-Range
203953,Jabari Parker,1610612741,0021800637,Layup Shot,1,1,Restricted Area
1627782,Wayne Selden,1610612741,0021800637,Pullup Jump shot,1,1,In The Paint (Non-RA)
1627885,Shaquille Harrison,1610612741,0021800637,Driving Layup Shot,1,0,In The Paint (Non-RA)
203897,Zach LaVine,1610612741,0021800637,Jump Shot,1,1,Above the Break 3
203953,Jabari Parker,1610612741,0021800637,Pullup Jump shot,1,1,Above the Break 3
1627739,Kris Dunn,1610612741,0021800637,Running Layup Shot,1,0,Restricted Area
1627782,Wayne Selden,1610612741,0021800637,Tip Layup Shot,1,1,Restricted Area
201577,Robin Lopez,1610612741,0021800637,Layup Shot,1,1,Restricted Area
201577,Robin Lopez,1610612741,0021800637,Layup Shot,1,0,Restricted Area
1628374,Lauri Markkanen,1610612741,0021800637,Turnaround Fadeaway shot,1,0,Mid-Range
203897,Zach LaVine,1610612741,0021800637,Jump Shot,1,0,Above the Break 3
1628976,Wendell Carter Jr.,1610612741,0021800637,Layup Shot,1,1,In The Paint (Non-RA)
1627739,Kris Dunn,1610612741,0021800637,Pullup Jump shot,1,1,In The Paint (Non-RA)
1628374,Lauri Markkanen,1610612741,0021800637,Driving Layup Shot,1,1,Restricted Area
1627739,Kris Dunn,1610612741,0021800637,Pullup Jump shot,1,0,Mid-Range
203897,Zach LaVine,1610612741,0021800637,Driving Layup Shot,1,0,Restricted Area
203897,Zach LaVine,1610612741,0021800637,Jump Shot,1,1,Above the Break 3
1627782,Wayne Selden,1610612741,0021800637,Jump Shot,1,1,Mid-Range
1627782,Wayne Selden,1610612741,0021800637,Jump Shot,1,1,Above the Break 3
1628990,Chandler Hutchison,1610612741,0021800637,Driving Layup Shot,1,0,In The Paint (Non-RA)
201577,Robin Lopez,1610612741,0021800637,Tip Layup Shot,1,0,Restricted Area
1628990,Chandler Hutchison,1610612741,0021800637,Jump Shot,1,1,Left Corner 3
1627853,Ryan Arcidiacono,1610612741,0021800637,Pullup Jump shot,1,0,Above the Break 3
203897,Zach LaVine,1610612741,0021800637,Dunk Shot,1,0,Restricted Area
1628374,Lauri Markkanen,1610612741,0021800637,Jump Shot,1,0,Above the Break 3
1628374,Lauri Markkanen,1610612741,0021800637,Jump Shot,1,1,Above the Break 3
203897,Zach LaVine,1610612741,0021800637,Driving Layup Shot,1,1,Restricted Area
1628374,Lauri Markkanen,1610612741,0021800637,Jump Shot,1,0,Above the Break 3
1628976,Wendell Carter Jr.,1610612741,0021800637,Jump Shot,1,0,Right Corner 3
1627739,Kris Dunn,1610612741,0021800637,Pullup Jump shot,1,1,In The Paint (Non-RA)
203897,Zach LaVine,1610612741,0021800637,Jump Shot,1,0,Above the Break 3
1627739,Kris Dunn,1610612741,0021800637,Driving Layup Shot,1,0,Restricted Area
1628990,Chandler Hutchison,1610612741,0021800637,Jump Shot,1,1,Mid-Range
1628976,Wendell Carter Jr.,1610612741,0021800637,Alley Oop Layup shot,1,1,Restricted Area
203897,Zach LaVine,1610612741,0021800637,Driving Layup Shot,1,0,Restricted Area
203897,Zach LaVine,1610612741,0021800637,Jump Shot,1,0,In The Paint (Non-RA)
1628374,Lauri Markkanen,1610612741,0021800637,Step Back Jump shot,1,0,Mid-Range
1627739,Kris Dunn,1610612741,0021800637,Step Back Jump shot,1,0,In The Paint (Non-RA)
1628990,Chandler Hutchison,1610612741,0021800637,Running Layup Shot,1,1,Restricted Area
1627739,Kris Dunn,1610612741,0021800637,Driving Dunk Shot,1,1,Restricted Area
203953,Jabari Parker,1610612741,0021800637,Driving Layup Shot,1,1,Restricted Area
203953,Jabari Parker,1610612741,0021800637,Jump Shot,1,0,Mid-Range
1628374,Lauri Markkanen,1610612741,0021800637,Jump Shot,1,0,Left Corner 3
203953,Jabari Parker,1610612741,0021800637,Driving Layup Shot,1,1,Restricted Area
1628374,Lauri Markkanen,1610612741,0021800637,Jump Shot,1,1,Mid-Range
1627885,Shaquille Harrison,1610612741,0021800637,Reverse Layup Shot,1,1,Restricted Area
1627885,Shaquille Harrison,1610612741,0021800637,Driving Layup Shot,1,0,Restricted Area
1627782,Wayne Selden,1610612741,0021800637,Jump Shot,1,0,Above the Break 3
1627853,Ryan Arcidiacono,1610612741,0021800637,Jump Shot,1,0,Above the Break 3
1627885,Shaquille Harrison,1610612741,0021800637,Layup Shot,1,1,Restricted Area
203953,Jabari Parker,1610612741,0021800637,Step Back Jump shot,1,0,In The Paint (Non-RA)
1627782,Wayne Selden,1610612741,0021800637,Pullup Jump shot,1,0,In The Paint (Non-RA)
201577,Robin Lopez,1610612741,0021800637,Tip Dunk Shot,1,1,Restricted Area
1627885,Shaquille Harrison,1610612741,0021800637,Driving Layup Shot,1,0,Restricted Area
1628374,Lauri Markkanen,1610612741,0021800637,Pullup Jump shot,1,1,In The Paint (Non-RA)
203953,Jabari Parker,1610612741,0021800637,Jump Shot,1,0,Above the Break 3
203897,Zach LaVine,1610612741,0021800637,Fadeaway Jump Shot,1,0,Mid-Range
203897,Zach LaVine,1610612741,0021800637,Step Back Jump shot,1,0,Above the Break 3
1628374,Lauri Markkanen,1610612741,0021800637,Jump Shot,1,0,In The Paint (Non-RA)
1628976,Wendell Carter Jr.,1610612741,0021800637,Turnaround Jump Shot,1,0,In The Paint (Non-RA)
1628374,Lauri Markkanen,1610612741,0021800637,Jump Shot,1,0,Above the Break 3
203897,Zach LaVine,1610612741,0021800637,Driving Layup Shot,1,1,Restricted Area
1628976,Wendell Carter Jr.,1610612741,0021800637,Layup Shot,1,0,Restricted Area
1628976,Wendell Carter Jr.,1610612741,0021800637,Layup Shot,1,0,Restricted Area
1628374,Lauri Markkanen,1610612741,0021800637,Turnaround Fadeaway shot,1,0,In The Paint (Non-RA)
1628976,Wendell Carter Jr.,1610612741,0021800637,Jump Shot,1,0,Mid-Range
1628374,Lauri Markkanen,1610612741,0021800637,Tip Layup Shot,1,1,Restricted Area
203897,Zach LaVine,1610612741,0021800637,Driving Layup Shot,1,0,Restricted Area
203897,Zach LaVine,1610612741,0021800637,Pullup Jump shot,1,0,Above the Break 3
203897,Zach LaVine,1610612741,0021800637,Driving Layup Shot,1,1,Restricted Area
203897,Zach LaVine,1610612741,0021800637,Driving Dunk Shot,1,1,Restricted Area
203897,Zach LaVine,1610612741,0021800637,Pullup Jump shot,1,0,Above the Break 3
1628976,Wendell Carter Jr.,1610612741,0021800656,Jump Shot,1,0,Left Corner 3
1628990,Chandler Hutchison,1610612741,0021800656,Jump Shot,1,0,Above the Break 3
203897,Zach LaVine,1610612741,0021800656,Driving Layup Shot,1,0,Restricted Area
203897,Zach LaVine,1610612741,0021800656,Putback Layup Shot,1,1,Restricted Area
1627739,Kris Dunn,1610612741,0021800656,Step Back Jump shot,1,0,Mid-Range
1628976,Wendell Carter Jr.,1610612741,0021800656,Cutting Dunk Shot,1,1,Restricted Area
1628976,Wendell Carter Jr.,1610612741,0021800656,Floating Jump shot,1,0,Mid-Range
1628374,Lauri Markkanen,1610612741,0021800656,Turnaround Fadeaway Bank Jump Shot,1,0,In The Paint (Non-RA)
1628374,Lauri Markkanen,1610612741,0021800656,Jump Shot,1,0,Above the Break 3
1628976,Wendell Carter Jr.,1610612741,0021800656,Putback Dunk Shot,1,1,Restricted Area
1628990,Chandler Hutchison,1610612741,0021800656,Driving Floating Jump Shot,1,0,In The Paint (Non-RA)
1627739,Kris Dunn,1610612741,0021800656,Jump Shot,1,0,Above the Break 3
1628990,Chandler Hutchison,1610612741,0021800656,Running Layup Shot,1,1,Restricted Area
1628990,Chandler Hutchison,1610612741,0021800656,Running Finger Roll Layup Shot,1,1,Restricted Area
1627739,Kris Dunn,1610612741,0021800656,Driving Floating Jump Shot,1,0,In The Paint (Non-RA)
1627853,Ryan Arcidiacono,1610612741,0021800656,Pullup Jump shot,1,0,Mid-Range
1628990,Chandler Hutchison,1610612741,0021800656,Cutting Dunk Shot,1,1,Restricted Area
1626171,Bobby Portis Jr.,1610612741,0021800656,Step Back Jump shot,1,0,Mid-Range
1627885,Shaquille Harrison,1610612741,0021800656,Cutting Layup Shot,1,1,Restricted Area
1626171,Bobby Portis Jr.,1610612741,0021800656,Jump Shot,1,0,Above the Break 3
1627885,Shaquille Harrison,1610612741,0021800656,Driving Reverse Layup Shot,1,0,Restricted Area
1626171,Bobby Portis Jr.,1610612741,0021800656,Driving Hook Shot,1,0,Restricted Area
1627853,Ryan Arcidiacono,1610612741,0021800656,Running Layup Shot,1,1,Restricted Area
203897,Zach LaVine,1610612741,0021800656,Jump Shot,1,0,Above the Break 3
203897,Zach LaVine,1610612741,0021800656,Running Layup Shot,1,0,Restricted Area
1626171,Bobby Portis Jr.,1610612741,0021800656,Tip Layup Shot,1,0,Restricted Area
1626171,Bobby Portis Jr.,1610612741,0021800656,Tip Layup Shot,1,0,Restricted Area
1628374,Lauri Markkanen,1610612741,0021800656,Running Jump Shot,1,0,Backcourt
1626171,Bobby Portis Jr.,1610612741,0021800656,Driving Floating Jump Shot,1,1,In The Paint (Non-RA)
1627885,Shaquille Harrison,1610612741,0021800656,Jump Shot,1,0,Above the Break 3
203953,Jabari Parker,1610612741,0021800656,Driving Dunk Shot,1,1,Restricted Area
203953,Jabari Parker,1610612741,0021800656,Jump Shot,1,1,Above the Break 3
203953,Jabari Parker,1610612741,0021800656,Jump Shot,1,0,Above the Break 3
1626171,Bobby Portis Jr.,1610612741,0021800656,Jump Shot,1,0,Above the Break 3
1627885,Shaquille Harrison,1610612741,0021800656,Running Reverse Layup Shot,1,1,Restricted Area
203953,Jabari Parker,1610612741,0021800656,Jump Shot,1,0,Above the Break 3
1626171,Bobby Portis Jr.,1610612741,0021800656,Jump Shot,1,0,Mid-Range
1628976,Wendell Carter Jr.,1610612741,0021800656,Reverse Layup Shot,1,1,Restricted Area
1628374,Lauri Markkanen,1610612741,0021800656,Fadeaway Jump Shot,1,0,Mid-Range
203897,Zach LaVine,1610612741,0021800656,Running Layup Shot,1,0,Restricted Area
1627739,Kris Dunn,1610612741,0021800656,Pullup Jump shot,1,1,Mid-Range
1627739,Kris Dunn,1610612741,0021800656,Running Pull-Up Jump Shot,1,0,In The Paint (Non-RA)
1628374,Lauri Markkanen,1610612741,0021800656,Jump Shot,1,1,Above the Break 3
1628976,Wendell Carter Jr.,1610612741,0021800656,Turnaround Hook Shot,1,0,In The Paint (Non-RA)
1628374,Lauri Markkanen,1610612741,0021800656,Jump Shot,1,0,Above the Break 3
1628990,Chandler Hutchison,1610612741,0021800656,Driving Layup Shot,1,0,In The Paint (Non-RA)
203953,Jabari Parker,1610612741,0021800656,Turnaround Fadeaway shot,1,1,Mid-Range
1628374,Lauri Markkanen,1610612741,0021800656,Jump Shot,1,1,Above the Break 3
203897,Zach LaVine,1610612741,0021800656,Pullup Jump shot,1,1,Mid-Range
1628374,Lauri Markkanen,1610612741,0021800656,Jump Shot,1,0,Above the Break 3
1628976,Wendell Carter Jr.,1610612741,0021800656,Jump Shot,1,0,Mid-Range
1628374,Lauri Markkanen,1610612741,0021800656,Turnaround Fadeaway shot,1,0,Mid-Range
1628374,Lauri Markkanen,1610612741,0021800656,Driving Finger Roll Layup Shot,1,1,In The Paint (Non-RA)
1628374,Lauri Markkanen,1610612741,0021800656,Turnaround Fadeaway Bank Jump Shot,1,1,In The Paint (Non-RA)
203897,Zach LaVine,1610612741,0021800656,Fadeaway Jump Shot,1,1,Mid-Range
1628990,Chandler Hutchison,1610612741,0021800656,Finger Roll Layup Shot,1,0,Restricted Area
1628990,Chandler Hutchison,1610612741,0021800656,Tip Layup Shot,1,1,Restricted Area
1628374,Lauri Markkanen,1610612741,0021800656,Turnaround Fadeaway shot,1,1,In The Paint (Non-RA)
1628976,Wendell Carter Jr.,1610612741,0021800656,Turnaround Hook Shot,1,0,In The Paint (Non-RA)
203897,Zach LaVine,1610612741,0021800656,Jump Shot,1,1,Above the Break 3
203897,Zach LaVine,1610612741,0021800656,Driving Finger Roll Layup Shot,1,0,Restricted Area
1627885,Shaquille Harrison,1610612741,0021800656,Jump Shot,1,1,Above the Break 3
1627885,Shaquille Harrison,1610612741,0021800656,Driving Floating Jump Shot,1,0,Mid-Range
1626171,Bobby Portis Jr.,1610612741,0021800656,Cutting Layup Shot,1,0,In The Paint (Non-RA)
1627782,Wayne Selden,1610612741,0021800656,Jump Shot,1,1,Above the Break 3
1627885,Shaquille Harrison,1610612741,0021800656,Driving Reverse Layup Shot,1,0,Restricted Area
203953,Jabari Parker,1610612741,0021800656,Driving Hook Shot,1,0,In The Paint (Non-RA)
1627739,Kris Dunn,1610612741,0021800656,Floating Jump shot,1,1,In The Paint (Non-RA)
1627782,Wayne Selden,1610612741,0021800656,Running Reverse Layup Shot,1,1,Restricted Area
1627885,Shaquille Harrison,1610612741,0021800656,Jump Shot,1,0,Right Corner 3
203953,Jabari Parker,1610612741,0021800656,Putback Dunk Shot,1,1,Restricted Area
1626171,Bobby Portis Jr.,1610612741,0021800656,Jump Shot,1,0,Above the Break 3
1627739,Kris Dunn,1610612741,0021800656,Pullup Jump shot,1,0,In The Paint (Non-RA)
203897,Zach LaVine,1610612741,0021800656,Jump Shot,1,0,Above the Break 3
1626171,Bobby Portis Jr.,1610612741,0021800656,Jump Shot,1,0,Left Corner 3
1627782,Wayne Selden,1610612741,0021800656,Layup Shot,1,0,In The Paint (Non-RA)
1628976,Wendell Carter Jr.,1610612741,0021800656,Jump Shot,1,0,Mid-Range
203897,Zach LaVine,1610612741,0021800656,Jump Shot,1,0,Left Corner 3
1628374,Lauri Markkanen,1610612741,0021800656,Jump Shot,1,0,Above the Break 3
1627782,Wayne Selden,1610612741,0021800656,Jump Shot,1,0,Above the Break 3
1628374,Lauri Markkanen,1610612741,0021800656,Jump Shot,1,1,Right Corner 3
1628990,Chandler Hutchison,1610612741,0021800656,Cutting Dunk Shot,1,1,Restricted Area
1627853,Ryan Arcidiacono,1610612741,0021800656,Driving Floating Jump Shot,1,1,In The Paint (Non-RA)
1626245,Cristiano Felicio,1610612741,0021800656,Layup Shot,1,0,Restricted Area
1626245,Cristiano Felicio,1610612741,0021800656,Putback Layup Shot,1,1,Restricted Area
1627853,Ryan Arcidiacono,1610612741,0021800656,Jump Shot,1,0,Right Corner 3
203953,Jabari Parker,1610612741,0021800656,Jump Shot,1,1,Left Corner 3
203953,Jabari Parker,1610612741,0021800656,Running Dunk Shot,1,1,Restricted Area
203953,Jabari Parker,1610612741,0021800656,Running Layup Shot,1,1,Restricted Area
1627853,Ryan Arcidiacono,1610612741,0021800656,Jump Shot,1,1,Above the Break 3
1627885,Shaquille Harrison,1610612741,0021800656,Cutting Layup Shot,1,0,In The Paint (Non-RA)
1627885,Shaquille Harrison,1610612741,0021800656,Jump Shot,1,0,Left Corner 3
1626171,Bobby Portis Jr.,1610612741,0021800669,Jump Shot,1,1,Mid-Range
203897,Zach LaVine,1610612741,0021800669,Fadeaway Jump Shot,1,0,Mid-Range
1628374,Lauri Markkanen,1610612741,0021800669,Jump Shot,1,0,Above the Break 3
203897,Zach LaVine,1610612741,0021800669,Jump Shot,1,0,Above the Break 3
1628990,Chandler Hutchison,1610612741,0021800669,Cutting Finger Roll Layup Shot,1,1,Restricted Area
1628374,Lauri Markkanen,1610612741,0021800669,Jump Shot,1,1,Above the Break 3
1628374,Lauri Markkanen,1610612741,0021800669,Driving Layup Shot,1,1,In The Paint (Non-RA)
1628990,Chandler Hutchison,1610612741,0021800669,Driving Layup Shot,1,1,In The Paint (Non-RA)
1626171,Bobby Portis Jr.,1610612741,0021800669,Jump Shot,1,0,Mid-Range
1626171,Bobby Portis Jr.,1610612741,0021800669,Pullup Jump shot,1,0,Mid-Range
1628374,Lauri Markkanen,1610612741,0021800669,Jump Shot,1,0,Above the Break 3
1628990,Chandler Hutchison,1610612741,0021800669,Driving Layup Shot,1,0,Restricted Area
1626171,Bobby Portis Jr.,1610612741,0021800669,Tip Layup Shot,1,0,Restricted Area
1627782,Wayne Selden,1610612741,0021800669,Jump Shot,1,0,Above the Break 3
1628374,Lauri Markkanen,1610612741,0021800669,Driving Layup Shot,1,1,In The Paint (Non-RA)
1628374,Lauri Markkanen,1610612741,0021800669,Jump Shot,1,1,Above the Break 3
1628374,Lauri Markkanen,1610612741,0021800669,Turnaround Fadeaway shot,1,1,In The Paint (Non-RA)
1628374,Lauri Markkanen,1610612741,0021800669,Jump Shot,1,1,Above the Break 3
1628374,Lauri Markkanen,1610612741,0021800669,Jump Shot,1,0,Mid-Range
1628374,Lauri Markkanen,1610612741,0021800669,Jump Shot,1,0,Left Corner 3
201577,Robin Lopez,1610612741,0021800669,Jump Shot,1,1,Mid-Range
1627782,Wayne Selden,1610612741,0021800669,Jump Shot,1,0,Mid-Range
201577,Robin Lopez,1610612741,0021800669,Hook Shot,1,1,In The Paint (Non-RA)
203953,Jabari Parker,1610612741,0021800669,Jump Shot,1,1,Left Corner 3
203953,Jabari Parker,1610612741,0021800669,Pullup Jump shot,1,1,Mid-Range
1627853,Ryan Arcidiacono,1610612741,0021800669,Pullup Jump shot,1,0,Above the Break 3
203897,Zach LaVine,1610612741,0021800669,Running Layup Shot,1,0,Restricted Area
201577,Robin Lopez,1610612741,0021800669,Hook Shot,1,1,In The Paint (Non-RA)
203953,Jabari Parker,1610612741,0021800669,Step Back Jump shot,1,1,Mid-Range
1627739,Kris Dunn,1610612741,0021800669,Driving Floating Jump Shot,1,1,Restricted Area
203897,Zach LaVine,1610612741,0021800669,Pullup Jump shot,1,0,Mid-Range
1627739,Kris Dunn,1610612741,0021800669,Driving Dunk Shot,1,1,Restricted Area
1628469,Antonio Blakeney,1610612741,0021800669,Jump Shot,1,0,Left Corner 3
1628374,Lauri Markkanen,1610612741,0021800669,Jump Shot,1,0,Above the Break 3
203897,Zach LaVine,1610612741,0021800669,Jump Shot,1,0,In The Paint (Non-RA)
1626171,Bobby Portis Jr.,1610612741,0021800669,Driving Dunk Shot,1,0,Restricted Area
1626171,Bobby Portis Jr.,1610612741,0021800669,Layup Shot,1,1,Restricted Area
1627739,Kris Dunn,1610612741,0021800669,Pullup Jump shot,1,0,In The Paint (Non-RA)
1628374,Lauri Markkanen,1610612741,0021800669,Driving Layup Shot,1,1,In The Paint (Non-RA)
1628374,Lauri Markkanen,1610612741,0021800669,Jump Shot,1,1,Right Corner 3
1627739,Kris Dunn,1610612741,0021800669,Driving Layup Shot,1,0,Restricted Area
1628374,Lauri Markkanen,1610612741,0021800669,Jump Shot,1,0,Mid-Range
1627782,Wayne Selden,1610612741,0021800669,Pullup Jump shot,1,0,Mid-Range
1627782,Wayne Selden,1610612741,0021800669,Running Jump Shot,1,0,Above the Break 3
1628374,Lauri Markkanen,1610612741,0021800669,Jump Shot,1,1,Above the Break 3
203897,Zach LaVine,1610612741,0021800669,Jump Shot,1,0,Above the Break 3
203897,Zach LaVine,1610612741,0021800669,Driving Reverse Layup Shot,1,0,Restricted Area
1626171,Bobby Portis Jr.,1610612741,0021800669,Putback Layup Shot,1,0,Restricted Area
203897,Zach LaVine,1610612741,0021800669,Layup Shot,1,0,Restricted Area
1626171,Bobby Portis Jr.,1610612741,0021800669,Tip Layup Shot,1,0,Restricted Area
1626171,Bobby Portis Jr.,1610612741,0021800669,Tip Layup Shot,1,0,Restricted Area
203897,Zach LaVine,1610612741,0021800669,Driving Finger Roll Layup Shot,1,1,Restricted Area
1627739,Kris Dunn,1610612741,0021800669,Layup Shot,1,0,In The Paint (Non-RA)
203897,Zach LaVine,1610612741,0021800669,Pullup Jump shot,1,0,Above the Break 3
1628374,Lauri Markkanen,1610612741,0021800669,Jump Shot,1,0,Right Corner 3
1626171,Bobby Portis Jr.,1610612741,0021800669,Jump Shot,1,0,Above the Break 3
203897,Zach LaVine,1610612741,0021800669,Floating Jump shot,1,0,In The Paint (Non-RA)
1627739,Kris Dunn,1610612741,0021800669,Driving Layup Shot,1,0,In The Paint (Non-RA)
1626171,Bobby Portis Jr.,1610612741,0021800669,Layup Shot,1,0,Restricted Area
1627739,Kris Dunn,1610612741,0021800669,Putback Layup Shot,1,1,Restricted Area
1626171,Bobby Portis Jr.,1610612741,0021800669,Jump Shot,1,1,Above the Break 3
1627739,Kris Dunn,1610612741,0021800669,Turnaround Jump Shot,1,0,In The Paint (Non-RA)
1628374,Lauri Markkanen,1610612741,0021800669,Tip Layup Shot,1,1,Restricted Area
1628374,Lauri Markkanen,1610612741,0021800669,Fadeaway Jump Shot,1,0,In The Paint (Non-RA)
1628990,Chandler Hutchison,1610612741,0021800669,Reverse Layup Shot,1,1,Restricted Area
1628990,Chandler Hutchison,1610612741,0021800669,Hook Shot,1,1,In The Paint (Non-RA)
203953,Jabari Parker,1610612741,0021800669,Jump Shot,1,1,Right Corner 3
1627853,Ryan Arcidiacono,1610612741,0021800669,Jump Shot,1,0,Above the Break 3
1628990,Chandler Hutchison,1610612741,0021800669,Jump Shot,1,0,Right Corner 3
201577,Robin Lopez,1610612741,0021800669,Hook Shot,1,1,In The Paint (Non-RA)
201577,Robin Lopez,1610612741,0021800669,Layup Shot,1,1,Restricted Area
203953,Jabari Parker,1610612741,0021800669,Fadeaway Jump Shot,1,0,Mid-Range
201577,Robin Lopez,1610612741,0021800669,Jump Shot,1,0,Above the Break 3
201577,Robin Lopez,1610612741,0021800669,Dunk Shot,1,1,Restricted Area
203897,Zach LaVine,1610612741,0021800669,Pullup Jump shot,1,1,Mid-Range
203953,Jabari Parker,1610612741,0021800669,Jump Shot,1,0,Above the Break 3
201577,Robin Lopez,1610612741,0021800669,Hook Shot,1,1,In The Paint (Non-RA)
201577,Robin Lopez,1610612741,0021800669,Jump Shot,1,1,In The Paint (Non-RA)
201577,Robin Lopez,1610612741,0021800669,Jump Shot,1,0,Mid-Range
203953,Jabari Parker,1610612741,0021800669,Dunk Shot,1,1,Restricted Area
203897,Zach LaVine,1610612741,0021800669,Alley Oop Dunk Shot,1,1,Restricted Area
203897,Zach LaVine,1610612741,0021800669,Reverse Layup Shot,1,0,Restricted Area
203897,Zach LaVine,1610612741,0021800669,Running Dunk Shot,1,1,Restricted Area
1628990,Chandler Hutchison,1610612741,0021800669,Driving Floating Jump Shot,1,0,In The Paint (Non-RA)
1628469,Antonio Blakeney,1610612741,0021800669,Pullup Jump shot,1,0,Mid-Range
1628990,Chandler Hutchison,1610612741,0021800669,Turnaround Jump Shot,1,1,In The Paint (Non-RA)
1627885,Shaquille Harrison,1610612741,0021800669,Driving Layup Shot,1,1,In The Paint (Non-RA)
1628469,Antonio Blakeney,1610612741,0021800669,Jump Shot,1,1,Right Corner 3
1626245,Cristiano Felicio,1610612741,0021800669,Jump Shot,1,1,Mid-Range
1627885,Shaquille Harrison,1610612741,0021800669,Jump Shot,1,0,Left Corner 3
1626171,Bobby Portis Jr.,1610612741,0021800669,Tip Dunk Shot,1,1,Restricted Area
1628990,Chandler Hutchison,1610612741,0021800669,Running Layup Shot,1,1,Restricted Area
1628469,Antonio Blakeney,1610612741,0021800669,Step Back Jump shot,1,1,Left Corner 3
203897,Zach LaVine,1610612741,0021800685,Jump Shot,1,0,Mid-Range
201577,Robin Lopez,1610612741,0021800685,Jump Shot,1,1,Above the Break 3
1628374,Lauri Markkanen,1610612741,0021800685,Jump Shot,1,0,Above the Break 3
201577,Robin Lopez,1610612741,0021800685,Hook Shot,1,0,In The Paint (Non-RA)
1628990,Chandler Hutchison,1610612741,0021800685,Driving Reverse Layup Shot,1,0,Restricted Area
1628374,Lauri Markkanen,1610612741,0021800685,Tip Layup Shot,1,0,Restricted Area
1627739,Kris Dunn,1610612741,0021800685,Pullup Jump shot,1,0,In The Paint (Non-RA)
1628990,Chandler Hutchison,1610612741,0021800685,Layup Shot,1,0,Restricted Area
1628374,Lauri Markkanen,1610612741,0021800685,Tip Layup Shot,1,1,Restricted Area
1627739,Kris Dunn,1610612741,0021800685,Layup Shot,1,0,Restricted Area
1628374,Lauri Markkanen,1610612741,0021800685,Driving Floating Jump Shot,1,1,In The Paint (Non-RA)
203897,Zach LaVine,1610612741,0021800685,Driving Layup Shot,1,1,Restricted Area
1627739,Kris Dunn,1610612741,0021800685,Driving Layup Shot,1,0,Restricted Area
1628374,Lauri Markkanen,1610612741,0021800685,Driving Layup Shot,1,0,Restricted Area
1627782,Wayne Selden,1610612741,0021800685,Floating Jump shot,1,0,In The Paint (Non-RA)
1627739,Kris Dunn,1610612741,0021800685,Driving Layup Shot,1,0,Restricted Area
1628374,Lauri Markkanen,1610612741,0021800685,Tip Dunk Shot,1,1,Restricted Area
1628374,Lauri Markkanen,1610612741,0021800685,Jump Shot,1,1,Above the Break 3
201577,Robin Lopez,1610612741,0021800685,Hook Shot,1,1,In The Paint (Non-RA)
1627739,Kris Dunn,1610612741,0021800685,Pullup Jump shot,1,0,In The Paint (Non-RA)
1627782,Wayne Selden,1610612741,0021800685,Cutting Dunk Shot,1,1,Restricted Area
1627739,Kris Dunn,1610612741,0021800685,Driving Layup Shot,1,1,Restricted Area
1627739,Kris Dunn,1610612741,0021800685,Driving Layup Shot,1,1,Restricted Area
1626171,Bobby Portis Jr.,1610612741,0021800685,Jump Shot,1,0,Restricted Area
203953,Jabari Parker,1610612741,0021800685,Dunk Shot,1,1,Restricted Area
1627782,Wayne Selden,1610612741,0021800685,Turnaround Jump Shot,1,0,In The Paint (Non-RA)
1627782,Wayne Selden,1610612741,0021800685,Driving Layup Shot,1,0,Restricted Area
1626171,Bobby Portis Jr.,1610612741,0021800685,Turnaround Hook Shot,1,1,In The Paint (Non-RA)
1626171,Bobby Portis Jr.,1610612741,0021800685,Hook Shot,1,1,In The Paint (Non-RA)
203953,Jabari Parker,1610612741,0021800685,Jump Shot,1,0,Above the Break 3
1626171,Bobby Portis Jr.,1610612741,0021800685,Jump Shot,1,1,Mid-Range
1626171,Bobby Portis Jr.,1610612741,0021800685,Jump Shot,1,0,Above the Break 3
1627853,Ryan Arcidiacono,1610612741,0021800685,Jump Shot,1,1,Above the Break 3
203897,Zach LaVine,1610612741,0021800685,Jump Shot,1,0,In The Paint (Non-RA)
1628374,Lauri Markkanen,1610612741,0021800685,Jump Shot,1,1,Above the Break 3
203953,Jabari Parker,1610612741,0021800685,Jump Shot,1,0,Mid-Range
1627853,Ryan Arcidiacono,1610612741,0021800685,Driving Layup Shot,1,0,Restricted Area
1627739,Kris Dunn,1610612741,0021800685,Jump Shot,1,0,Right Corner 3
203953,Jabari Parker,1610612741,0021800685,Putback Dunk Shot,1,1,Restricted Area
1628374,Lauri Markkanen,1610612741,0021800685,Turnaround Jump Shot,1,0,Mid-Range
1628374,Lauri Markkanen,1610612741,0021800685,Jump Shot,1,0,Mid-Range
1628374,Lauri Markkanen,1610612741,0021800685,Jump Shot,1,0,Above the Break 3
203897,Zach LaVine,1610612741,0021800685,Jump Shot,1,1,Above the Break 3
203897,Zach LaVine,1610612741,0021800685,Jump Shot,1,1,Above the Break 3
203897,Zach LaVine,1610612741,0021800685,Jump Shot,1,0,Above the Break 3
1628374,Lauri Markkanen,1610612741,0021800685,Jump Shot,1,0,Above the Break 3
1627739,Kris Dunn,1610612741,0021800685,Step Back Jump shot,1,0,In The Paint (Non-RA)
203897,Zach LaVine,1610612741,0021800685,Driving Layup Shot,1,0,Restricted Area
1627739,Kris Dunn,1610612741,0021800685,Hook Shot,1,0,In The Paint (Non-RA)
1627782,Wayne Selden,1610612741,0021800685,Jump Shot,1,0,Above the Break 3
203897,Zach LaVine,1610612741,0021800685,Jump Shot,1,0,Above the Break 3
203897,Zach LaVine,1610612741,0021800685,Driving Floating Jump Shot,1,0,Restricted Area
203897,Zach LaVine,1610612741,0021800685,Jump Shot,1,0,Above the Break 3
1627739,Kris Dunn,1610612741,0021800685,Driving Floating Jump Shot,1,1,In The Paint (Non-RA)
201577,Robin Lopez,1610612741,0021800685,Hook Shot,1,0,Restricted Area
1628374,Lauri Markkanen,1610612741,0021800685,Jump Shot,1,1,Above the Break 3
1627739,Kris Dunn,1610612741,0021800685,Jump Shot,1,0,In The Paint (Non-RA)
1628374,Lauri Markkanen,1610612741,0021800685,Layup Shot,1,0,Restricted Area
1627739,Kris Dunn,1610612741,0021800685,Jump Shot,1,0,Mid-Range
203897,Zach LaVine,1610612741,0021800685,Step Back Jump shot,1,0,Mid-Range
201577,Robin Lopez,1610612741,0021800685,Jump Shot,1,0,Mid-Range
203897,Zach LaVine,1610612741,0021800685,Driving Layup Shot,1,1,In The Paint (Non-RA)
1628374,Lauri Markkanen,1610612741,0021800685,Jump Shot,1,1,Above the Break 3
1628374,Lauri Markkanen,1610612741,0021800685,Jump Shot,1,0,Above the Break 3
1628374,Lauri Markkanen,1610612741,0021800685,Step Back Bank Jump Shot,1,0,Mid-Range
1626171,Bobby Portis Jr.,1610612741,0021800685,Driving Layup Shot,1,0,Restricted Area
1628374,Lauri Markkanen,1610612741,0021800685,Jump Shot,1,0,Above the Break 3
1627782,Wayne Selden,1610612741,0021800685,Driving Layup Shot,1,0,Restricted Area
1627853,Ryan Arcidiacono,1610612741,0021800685,Jump Shot,1,1,Above the Break 3
1626171,Bobby Portis Jr.,1610612741,0021800685,Jump Shot,1,1,Above the Break 3
203897,Zach LaVine,1610612741,0021800685,Step Back Jump shot,1,1,Mid-Range
203953,Jabari Parker,1610612741,0021800685,Driving Hook Shot,1,1,In The Paint (Non-RA)
1626171,Bobby Portis Jr.,1610612741,0021800685,Hook Shot,1,1,In The Paint (Non-RA)
203897,Zach LaVine,1610612741,0021800685,Driving Layup Shot,1,0,Restricted Area
203897,Zach LaVine,1610612741,0021800685,Driving Dunk Shot,1,1,Restricted Area
203953,Jabari Parker,1610612741,0021800685,Step Back Jump shot,1,0,Mid-Range
1628374,Lauri Markkanen,1610612741,0021800685,Jump Shot,1,0,Above the Break 3
203897,Zach LaVine,1610612741,0021800685,Jump Shot,1,0,Above the Break 3
1626171,Bobby Portis Jr.,1610612741,0021800685,Turnaround Fadeaway shot,1,1,Mid-Range
203897,Zach LaVine,1610612741,0021800685,Driving Layup Shot,1,1,Restricted Area
1628990,Chandler Hutchison,1610612741,0021800685,Jump Shot,1,1,Left Corner 3
1628990,Chandler Hutchison,1610612741,0021800685,Driving Layup Shot,1,1,Restricted Area
203897,Zach LaVine,1610612741,0021800685,Driving Layup Shot,1,0,Restricted Area
1626171,Bobby Portis Jr.,1610612741,0021800685,Jump Shot,1,1,Above the Break 3
203897,Zach LaVine,1610612741,0021800685,Jump Shot,1,0,Left Corner 3
1628990,Chandler Hutchison,1610612741,0021800685,Jump Shot,1,0,Mid-Range
1627739,Kris Dunn,1610612741,0021800685,Hook Shot,1,0,In The Paint (Non-RA)
1626171,Bobby Portis Jr.,1610612741,0021800685,Tip Layup Shot,1,0,Restricted Area
1626171,Bobby Portis Jr.,1610612741,0021800685,Putback Layup Shot,1,1,Restricted Area
201577,Robin Lopez,1610612741,0021800692,Turnaround Jump Shot,1,0,Restricted Area
203897,Zach LaVine,1610612741,0021800692,Driving Layup Shot,1,0,Restricted Area
1628990,Chandler Hutchison,1610612741,0021800692,Running Layup Shot,1,0,Restricted Area
1627739,Kris Dunn,1610612741,0021800692,Pullup Jump shot,1,0,Mid-Range
201577,Robin Lopez,1610612741,0021800692,Tip Layup Shot,1,1,Restricted Area
1627739,Kris Dunn,1610612741,0021800692,Driving Floating Jump Shot,1,0,In The Paint (Non-RA)
1628374,Lauri Markkanen,1610612741,0021800692,Jump Shot,1,1,Above the Break 3
203897,Zach LaVine,1610612741,0021800692,Driving Layup Shot,1,0,Restricted Area
1628374,Lauri Markkanen,1610612741,0021800692,Jump Shot,1,0,Above the Break 3
201577,Robin Lopez,1610612741,0021800692,Driving Bank Hook Shot,1,1,In The Paint (Non-RA)
1627739,Kris Dunn,1610612741,0021800692,Pullup Jump shot,1,1,Mid-Range
201577,Robin Lopez,1610612741,0021800692,Jump Shot,1,0,Above the Break 3
1628374,Lauri Markkanen,1610612741,0021800692,Running Finger Roll Layup Shot,1,1,Restricted Area
201577,Robin Lopez,1610612741,0021800692,Hook Shot,1,1,In The Paint (Non-RA)
203897,Zach LaVine,1610612741,0021800692,Running Dunk Shot,1,1,Restricted Area
1628990,Chandler Hutchison,1610612741,0021800692,Jump Shot,1,1,Left Corner 3
1627739,Kris Dunn,1610612741,0021800692,Running Dunk Shot,1,1,Restricted Area
1626171,Bobby Portis Jr.,1610612741,0021800692,Layup Shot,1,1,Restricted Area
1626171,Bobby Portis Jr.,1610612741,0021800692,Jump Shot,1,0,Above the Break 3
1627739,Kris Dunn,1610612741,0021800692,Running Layup Shot,1,0,Restricted Area
1626171,Bobby Portis Jr.,1610612741,0021800692,Tip Layup Shot,1,1,Restricted Area
1626171,Bobby Portis Jr.,1610612741,0021800692,Jump Shot,1,1,Above the Break 3
1626171,Bobby Portis Jr.,1610612741,0021800692,Jump Shot,1,1,Above the Break 3
1626171,Bobby Portis Jr.,1610612741,0021800692,Jump Shot,1,1,Above the Break 3
1626171,Bobby Portis Jr.,1610612741,0021800692,Jump Shot,1,0,Above the Break 3
203953,Jabari Parker,1610612741,0021800692,Turnaround Hook Shot,1,0,In The Paint (Non-RA)
203953,Jabari Parker,1610612741,0021800692,Driving Layup Shot,1,0,Restricted Area
1627853,Ryan Arcidiacono,1610612741,0021800692,Jump Shot,1,0,Above the Break 3
1627853,Ryan Arcidiacono,1610612741,0021800692,Jump Shot,1,1,Left Corner 3
1627739,Kris Dunn,1610612741,0021800692,Pullup Jump shot,1,1,In The Paint (Non-RA)
203897,Zach LaVine,1610612741,0021800692,Floating Jump shot,1,0,Mid-Range
1627782,Wayne Selden,1610612741,0021800692,Jump Shot,1,0,Left Corner 3
203897,Zach LaVine,1610612741,0021800692,Alley Oop Dunk Shot,1,1,Restricted Area
1627739,Kris Dunn,1610612741,0021800692,Driving Layup Shot,1,0,Restricted Area
1628374,Lauri Markkanen,1610612741,0021800692,Fadeaway Jump Shot,1,0,Mid-Range
1628374,Lauri Markkanen,1610612741,0021800692,Jump Shot,1,0,Above the Break 3
203897,Zach LaVine,1610612741,0021800692,Layup Shot,1,0,Restricted Area
201577,Robin Lopez,1610612741,0021800692,Tip Layup Shot,1,0,Restricted Area
1628374,Lauri Markkanen,1610612741,0021800692,Turnaround Hook Shot,1,0,Mid-Range
203897,Zach LaVine,1610612741,0021800692,Jump Shot,1,1,Above the Break 3
1628374,Lauri Markkanen,1610612741,0021800692,Driving Floating Jump Shot,1,0,In The Paint (Non-RA)
203897,Zach LaVine,1610612741,0021800692,Jump Shot,1,0,Left Corner 3
203897,Zach LaVine,1610612741,0021800692,Pullup Jump shot,1,1,Mid-Range
1628990,Chandler Hutchison,1610612741,0021800692,Driving Layup Shot,1,1,In The Paint (Non-RA)
203897,Zach LaVine,1610612741,0021800692,Driving Layup Shot,1,1,Restricted Area
1628374,Lauri Markkanen,1610612741,0021800692,Jump Shot,1,1,Above the Break 3
1628374,Lauri Markkanen,1610612741,0021800692,Alley Oop Layup shot,1,1,Restricted Area
203897,Zach LaVine,1610612741,0021800692,Step Back Jump shot,1,1,Above the Break 3
203897,Zach LaVine,1610612741,0021800692,Jump Shot,1,0,Above the Break 3
1627739,Kris Dunn,1610612741,0021800692,Driving Floating Jump Shot,1,0,Restricted Area
201577,Robin Lopez,1610612741,0021800692,Tip Layup Shot,1,0,Restricted Area
201577,Robin Lopez,1610612741,0021800692,Tip Layup Shot,1,1,Restricted Area
201577,Robin Lopez,1610612741,0021800692,Driving Hook Shot,1,0,Mid-Range
1628374,Lauri Markkanen,1610612741,0021800692,Jump Shot,1,1,Above the Break 3
1627739,Kris Dunn,1610612741,0021800692,Jump Shot,1,1,Above the Break 3
1627782,Wayne Selden,1610612741,0021800692,Jump Shot,1,0,Above the Break 3
1627782,Wayne Selden,1610612741,0021800692,Pullup Jump shot,1,0,Mid-Range
1628374,Lauri Markkanen,1610612741,0021800692,Fadeaway Jump Shot,1,0,Mid-Range
1627885,Shaquille Harrison,1610612741,0021800692,Jump Shot,1,1,Above the Break 3
1626171,Bobby Portis Jr.,1610612741,0021800692,Turnaround Fadeaway shot,1,0,Mid-Range
203953,Jabari Parker,1610612741,0021800692,Jump Shot,1,1,Above the Break 3
1626171,Bobby Portis Jr.,1610612741,0021800692,Driving Dunk Shot,1,1,Restricted Area
203953,Jabari Parker,1610612741,0021800692,Jump Shot,1,1,Above the Break 3
203953,Jabari Parker,1610612741,0021800692,Jump Shot,1,0,Above the Break 3
1626171,Bobby Portis Jr.,1610612741,0021800692,Jump Shot,1,0,Above the Break 3
1627782,Wayne Selden,1610612741,0021800692,Running Dunk Shot,1,1,Mid-Range
1627782,Wayne Selden,1610612741,0021800692,Cutting Layup Shot,1,0,Restricted Area
1627885,Shaquille Harrison,1610612741,0021800692,Jump Shot,1,0,Left Corner 3
203897,Zach LaVine,1610612741,0021800692,Jump Shot,1,0,Above the Break 3
203897,Zach LaVine,1610612741,0021800692,Driving Layup Shot,1,1,Restricted Area
203897,Zach LaVine,1610612741,0021800692,Running Dunk Shot,1,1,Restricted Area
1627739,Kris Dunn,1610612741,0021800692,Jump Shot,1,1,Mid-Range
203897,Zach LaVine,1610612741,0021800692,Jump Shot,1,1,Above the Break 3
1628469,Antonio Blakeney,1610612741,0021800692,Pullup Jump shot,1,0,In The Paint (Non-RA)
1627853,Ryan Arcidiacono,1610612741,0021800692,Jump Shot,1,0,Right Corner 3
1628469,Antonio Blakeney,1610612741,0021800692,Driving Floating Jump Shot,1,0,In The Paint (Non-RA)
1628990,Chandler Hutchison,1610612741,0021800712,Jump Shot,1,0,Left Corner 3
1628374,Lauri Markkanen,1610612741,0021800712,Jump Shot,1,0,Above the Break 3
1628374,Lauri Markkanen,1610612741,0021800712,Jump Shot,1,0,Above the Break 3
1628990,Chandler Hutchison,1610612741,0021800712,Alley Oop Dunk Shot,1,1,Restricted Area
1628990,Chandler Hutchison,1610612741,0021800712,Running Layup Shot,1,1,Restricted Area
203897,Zach LaVine,1610612741,0021800712,Pullup Jump shot,1,0,Mid-Range
1628374,Lauri Markkanen,1610612741,0021800712,Driving Finger Roll Layup Shot,1,1,Restricted Area
1628374,Lauri Markkanen,1610612741,0021800712,Driving Hook Shot,1,0,In The Paint (Non-RA)
1627739,Kris Dunn,1610612741,0021800712,Pullup Jump shot,1,0,Mid-Range
1626171,Bobby Portis Jr.,1610612741,0021800712,Jump Shot,1,0,Above the Break 3
1627739,Kris Dunn,1610612741,0021800712,Driving Floating Jump Shot,1,0,In The Paint (Non-RA)
203897,Zach LaVine,1610612741,0021800712,Reverse Layup Shot,1,1,Restricted Area
203897,Zach LaVine,1610612741,0021800712,Fadeaway Jump Shot,1,0,Mid-Range
203897,Zach LaVine,1610612741,0021800712,Running Layup Shot,1,1,Restricted Area
203897,Zach LaVine,1610612741,0021800712,Pullup Jump shot,1,1,Above the Break 3
1626171,Bobby Portis Jr.,1610612741,0021800712,Cutting Layup Shot,1,1,Restricted Area
1626171,Bobby Portis Jr.,1610612741,0021800712,Jump Shot,1,0,Mid-Range
1627739,Kris Dunn,1610612741,0021800712,Pullup Jump shot,1,1,Above the Break 3
203897,Zach LaVine,1610612741,0021800712,Jump Shot,1,0,Above the Break 3
1626171,Bobby Portis Jr.,1610612741,0021800712,Turnaround Hook Shot,1,0,In The Paint (Non-RA)
1627885,Shaquille Harrison,1610612741,0021800712,Driving Layup Shot,1,0,Restricted Area
203897,Zach LaVine,1610612741,0021800712,Jump Shot,1,0,Above the Break 3
1627885,Shaquille Harrison,1610612741,0021800712,Jump Shot,1,0,Above the Break 3
1626171,Bobby Portis Jr.,1610612741,0021800712,Layup Shot,1,0,In The Paint (Non-RA)
1628374,Lauri Markkanen,1610612741,0021800712,Cutting Dunk Shot,1,1,Restricted Area
1626171,Bobby Portis Jr.,1610612741,0021800712,Floating Jump shot,1,0,Mid-Range
1627782,Wayne Selden,1610612741,0021800712,Jump Shot,1,1,Left Corner 3
1628374,Lauri Markkanen,1610612741,0021800712,Turnaround Hook Shot,1,1,In The Paint (Non-RA)
1628374,Lauri Markkanen,1610612741,0021800712,Turnaround Fadeaway Bank Jump Shot,1,1,Restricted Area
1627782,Wayne Selden,1610612741,0021800712,Pullup Jump shot,1,1,Mid-Range
1627739,Kris Dunn,1610612741,0021800712,Pullup Jump shot,1,0,In The Paint (Non-RA)
203897,Zach LaVine,1610612741,0021800712,Jump Shot,1,0,Restricted Area
1628990,Chandler Hutchison,1610612741,0021800712,Reverse Layup Shot,1,0,Restricted Area
1627739,Kris Dunn,1610612741,0021800712,Step Back Jump shot,1,1,Mid-Range
1628990,Chandler Hutchison,1610612741,0021800712,Running Dunk Shot,1,1,Restricted Area
1627739,Kris Dunn,1610612741,0021800712,Pullup Jump shot,1,0,Mid-Range
1627885,Shaquille Harrison,1610612741,0021800712,Driving Layup Shot,1,1,Restricted Area
201577,Robin Lopez,1610612741,0021800712,Turnaround Hook Shot,1,1,In The Paint (Non-RA)
1626171,Bobby Portis Jr.,1610612741,0021800712,Jump Shot,1,1,Above the Break 3
203897,Zach LaVine,1610612741,0021800712,Running Layup Shot,1,1,Restricted Area
1628374,Lauri Markkanen,1610612741,0021800712,Pullup Jump shot,1,1,Above the Break 3
203897,Zach LaVine,1610612741,0021800712,Jump Shot,1,0,Right Corner 3
1626171,Bobby Portis Jr.,1610612741,0021800712,Jump Shot,1,0,Above the Break 3
1627739,Kris Dunn,1610612741,0021800712,Pullup Jump shot,1,0,Mid-Range
1627739,Kris Dunn,1610612741,0021800712,Pullup Jump shot,1,1,In The Paint (Non-RA)
203897,Zach LaVine,1610612741,0021800712,Driving Reverse Layup Shot,1,1,Restricted Area
1627739,Kris Dunn,1610612741,0021800712,Finger Roll Layup Shot,1,1,Restricted Area
1627739,Kris Dunn,1610612741,0021800712,Running Dunk Shot,1,1,Restricted Area
1628374,Lauri Markkanen,1610612741,0021800712,Driving Floating Bank Jump Shot,1,0,In The Paint (Non-RA)
203897,Zach LaVine,1610612741,0021800712,Pullup Jump shot,1,0,Mid-Range
1627885,Shaquille Harrison,1610612741,0021800712,Driving Layup Shot,1,0,In The Paint (Non-RA)
201577,Robin Lopez,1610612741,0021800712,Hook Shot,1,1,In The Paint (Non-RA)
1626171,Bobby Portis Jr.,1610612741,0021800712,Jump Shot,1,0,Above the Break 3
203897,Zach LaVine,1610612741,0021800712,Fadeaway Jump Shot,1,0,Mid-Range
203897,Zach LaVine,1610612741,0021800712,Jump Shot,1,1,Left Corner 3
1626171,Bobby Portis Jr.,1610612741,0021800712,Turnaround Hook Shot,1,0,In The Paint (Non-RA)
1627885,Shaquille Harrison,1610612741,0021800712,Tip Layup Shot,1,0,Restricted Area
1627853,Ryan Arcidiacono,1610612741,0021800712,Jump Shot,1,0,Above the Break 3
1627885,Shaquille Harrison,1610612741,0021800712,Jump Shot,1,0,Right Corner 3
1626171,Bobby Portis Jr.,1610612741,0021800712,Putback Layup Shot,1,1,Restricted Area
1627885,Shaquille Harrison,1610612741,0021800712,Layup Shot,1,0,Restricted Area
1628374,Lauri Markkanen,1610612741,0021800712,Jump Shot,1,0,Left Corner 3
1628374,Lauri Markkanen,1610612741,0021800712,Driving Floating Jump Shot,1,1,In The Paint (Non-RA)
1627885,Shaquille Harrison,1610612741,0021800712,Driving Layup Shot,1,0,Restricted Area
1628374,Lauri Markkanen,1610612741,0021800712,Driving Layup Shot,1,0,Restricted Area
1627782,Wayne Selden,1610612741,0021800712,Floating Jump shot,1,1,Mid-Range
1628374,Lauri Markkanen,1610612741,0021800712,Jump Shot,1,0,Above the Break 3
1627782,Wayne Selden,1610612741,0021800712,Running Layup Shot,1,1,Restricted Area
1627782,Wayne Selden,1610612741,0021800712,Running Layup Shot,1,1,Restricted Area
203897,Zach LaVine,1610612741,0021800712,Pullup Jump shot,1,0,Above the Break 3
1627739,Kris Dunn,1610612741,0021800712,Jump Shot,1,0,Above the Break 3
1627782,Wayne Selden,1610612741,0021800712,Jump Shot,1,0,Above the Break 3
1628374,Lauri Markkanen,1610612741,0021800712,Jump Shot,1,0,Above the Break 3
1628374,Lauri Markkanen,1610612741,0021800712,Jump Shot,1,1,Above the Break 3
1628374,Lauri Markkanen,1610612741,0021800712,Jump Shot,1,1,Above the Break 3
1627885,Shaquille Harrison,1610612741,0021800712,Cutting Finger Roll Layup Shot,1,1,Restricted Area
1628469,Antonio Blakeney,1610612741,0021800712,Step Back Jump shot,1,1,In The Paint (Non-RA)
1626245,Cristiano Felicio,1610612741,0021800712,Jump Shot,1,0,Mid-Range
1626171,Bobby Portis Jr.,1610612741,0021800712,Tip Layup Shot,1,0,Restricted Area
203897,Zach LaVine,1610612741,0021800723,Driving Layup Shot,1,0,Restricted Area
1626171,Bobby Portis Jr.,1610612741,0021800723,Jump Shot,1,0,Mid-Range
1626171,Bobby Portis Jr.,1610612741,0021800723,Driving Layup Shot,1,0,Restricted Area
1626171,Bobby Portis Jr.,1610612741,0021800723,Tip Layup Shot,1,0,Restricted Area
1626171,Bobby Portis Jr.,1610612741,0021800723,Layup Shot,1,1,Restricted Area
1628990,Chandler Hutchison,1610612741,0021800723,Driving Layup Shot,1,0,Restricted Area
1626171,Bobby Portis Jr.,1610612741,0021800723,Jump Shot,1,0,Above the Break 3
1627739,Kris Dunn,1610612741,0021800723,Pullup Jump shot,1,0,Mid-Range
203897,Zach LaVine,1610612741,0021800723,Running Finger Roll Layup Shot,1,1,Restricted Area
203897,Zach LaVine,1610612741,0021800723,Jump Shot,1,0,Above the Break 3
1626171,Bobby Portis Jr.,1610612741,0021800723,Layup Shot,1,0,Restricted Area
1628374,Lauri Markkanen,1610612741,0021800723,Jump Shot,1,0,Above the Break 3
203897,Zach LaVine,1610612741,0021800723,Driving Dunk Shot,1,1,Restricted Area
1628990,Chandler Hutchison,1610612741,0021800723,Driving Dunk Shot,1,1,Restricted Area
201577,Robin Lopez,1610612741,0021800723,Hook Shot,1,0,In The Paint (Non-RA)
201577,Robin Lopez,1610612741,0021800723,Driving Hook Shot,1,0,In The Paint (Non-RA)
1627739,Kris Dunn,1610612741,0021800723,Pullup Jump shot,1,0,Mid-Range
1627782,Wayne Selden,1610612741,0021800723,Jump Shot,1,0,Mid-Range
1627782,Wayne Selden,1610612741,0021800723,Jump Shot,1,0,Mid-Range
203953,Jabari Parker,1610612741,0021800723,Jump Shot,1,1,Left Corner 3
203953,Jabari Parker,1610612741,0021800723,Jump Shot,1,0,Mid-Range
203897,Zach LaVine,1610612741,0021800723,Pullup Jump shot,1,1,Mid-Range
203953,Jabari Parker,1610612741,0021800723,Jump Shot,1,0,Above the Break 3
203953,Jabari Parker,1610612741,0021800723,Floating Jump shot,1,1,Restricted Area
1627853,Ryan Arcidiacono,1610612741,0021800723,Jump Shot,1,0,Mid-Range
203953,Jabari Parker,1610612741,0021800723,Driving Layup Shot,1,1,Restricted Area
1627853,Ryan Arcidiacono,1610612741,0021800723,Jump Shot,1,0,Above the Break 3
1628990,Chandler Hutchison,1610612741,0021800723,Jump Shot,1,1,Mid-Range
1627739,Kris Dunn,1610612741,0021800723,Jump Shot,1,1,Above the Break 3
1628990,Chandler Hutchison,1610612741,0021800723,Jump Shot,1,1,Right Corner 3
1627853,Ryan Arcidiacono,1610612741,0021800723,Jump Shot,1,1,Above the Break 3
1626171,Bobby Portis Jr.,1610612741,0021800723,Floating Jump shot,1,1,In The Paint (Non-RA)
1628990,Chandler Hutchison,1610612741,0021800723,Running Jump Shot,1,1,In The Paint (Non-RA)
1626171,Bobby Portis Jr.,1610612741,0021800723,Jump Shot,1,0,In The Paint (Non-RA)
1628990,Chandler Hutchison,1610612741,0021800723,Jump Shot,1,0,Above the Break 3
203953,Jabari Parker,1610612741,0021800723,Jump Shot,1,1,Mid-Range
1626171,Bobby Portis Jr.,1610612741,0021800723,Driving Floating Jump Shot,1,0,In The Paint (Non-RA)
1626171,Bobby Portis Jr.,1610612741,0021800723,Layup Shot,1,1,Restricted Area
1626171,Bobby Portis Jr.,1610612741,0021800723,Cutting Dunk Shot,1,1,Restricted Area
203953,Jabari Parker,1610612741,0021800723,Step Back Jump shot,1,1,Mid-Range
203897,Zach LaVine,1610612741,0021800723,Driving Dunk Shot,1,1,Restricted Area
1627739,Kris Dunn,1610612741,0021800723,Jump Shot,1,1,Restricted Area
1628374,Lauri Markkanen,1610612741,0021800723,Driving Floating Jump Shot,1,0,In The Paint (Non-RA)
1626171,Bobby Portis Jr.,1610612741,0021800723,Driving Hook Shot,1,0,In The Paint (Non-RA)
203897,Zach LaVine,1610612741,0021800723,Putback Layup Shot,1,1,Restricted Area
1628990,Chandler Hutchison,1610612741,0021800723,Layup Shot,1,1,Restricted Area
1627739,Kris Dunn,1610612741,0021800723,Driving Floating Jump Shot,1,0,In The Paint (Non-RA)
1628374,Lauri Markkanen,1610612741,0021800723,Cutting Layup Shot,1,0,Restricted Area
1628990,Chandler Hutchison,1610612741,0021800723,Tip Layup Shot,1,0,Restricted Area
1628374,Lauri Markkanen,1610612741,0021800723,Tip Layup Shot,1,0,Restricted Area
1628990,Chandler Hutchison,1610612741,0021800723,Jump Shot,1,0,Above the Break 3
1628374,Lauri Markkanen,1610612741,0021800723,Jump Shot,1,0,Above the Break 3
1627739,Kris Dunn,1610612741,0021800723,Driving Layup Shot,1,0,Restricted Area
1628374,Lauri Markkanen,1610612741,0021800723,Jump Shot,1,1,Above the Break 3
1628990,Chandler Hutchison,1610612741,0021800723,Jump Shot,1,0,Right Corner 3
1628374,Lauri Markkanen,1610612741,0021800723,Jump Shot,1,1,Above the Break 3
1628374,Lauri Markkanen,1610612741,0021800723,Driving Layup Shot,1,0,Restricted Area
1626171,Bobby Portis Jr.,1610612741,0021800723,Tip Layup Shot,1,1,Restricted Area
1626171,Bobby Portis Jr.,1610612741,0021800723,Driving Floating Jump Shot,1,1,Mid-Range
1626171,Bobby Portis Jr.,1610612741,0021800723,Jump Shot,1,0,Above the Break 3
203897,Zach LaVine,1610612741,0021800723,Driving Layup Shot,1,1,Restricted Area
203897,Zach LaVine,1610612741,0021800723,Driving Layup Shot,1,0,Restricted Area
1628374,Lauri Markkanen,1610612741,0021800723,Jump Shot,1,1,Mid-Range
1627739,Kris Dunn,1610612741,0021800723,Driving Floating Jump Shot,1,0,In The Paint (Non-RA)
1627739,Kris Dunn,1610612741,0021800723,Jump Shot,1,0,Left Corner 3
1627739,Kris Dunn,1610612741,0021800723,Jump Shot,1,0,Above the Break 3
1628374,Lauri Markkanen,1610612741,0021800723,Jump Shot,1,0,Above the Break 3
1628374,Lauri Markkanen,1610612741,0021800723,Jump Shot,1,1,Above the Break 3
1627739,Kris Dunn,1610612741,0021800723,Driving Layup Shot,1,1,Restricted Area
203953,Jabari Parker,1610612741,0021800723,Jump Shot,1,1,Left Corner 3
1627782,Wayne Selden,1610612741,0021800723,Dunk Shot,1,1,Restricted Area
1627739,Kris Dunn,1610612741,0021800723,Driving Floating Jump Shot,1,0,In The Paint (Non-RA)
1626171,Bobby Portis Jr.,1610612741,0021800723,Hook Shot,1,0,In The Paint (Non-RA)
1627782,Wayne Selden,1610612741,0021800723,Pullup Jump shot,1,0,Mid-Range
1627739,Kris Dunn,1610612741,0021800723,Pullup Jump shot,1,0,Above the Break 3
203897,Zach LaVine,1610612741,0021800723,Step Back Jump shot,1,0,Above the Break 3
1627853,Ryan Arcidiacono,1610612741,0021800723,Driving Floating Jump Shot,1,0,In The Paint (Non-RA)
1626171,Bobby Portis Jr.,1610612741,0021800723,Tip Layup Shot,1,1,Restricted Area
203953,Jabari Parker,1610612741,0021800723,Driving Layup Shot,1,0,Restricted Area
203897,Zach LaVine,1610612741,0021800723,Running Layup Shot,1,1,Restricted Area
203897,Zach LaVine,1610612741,0021800723,Jump Shot,1,0,Above the Break 3
1626171,Bobby Portis Jr.,1610612741,0021800723,Jump Shot,1,0,Above the Break 3
1628990,Chandler Hutchison,1610612741,0021800723,Driving Layup Shot,1,0,Restricted Area
1627853,Ryan Arcidiacono,1610612741,0021800723,Jump Shot,1,0,Above the Break 3
1628374,Lauri Markkanen,1610612741,0021800723,Jump Shot,1,0,Above the Break 3
1628990,Chandler Hutchison,1610612741,0021800723,Cutting Layup Shot,1,0,Restricted Area
1628990,Chandler Hutchison,1610612741,0021800723,Step Back Jump shot,1,0,Above the Break 3
1626171,Bobby Portis Jr.,1610612741,0021800723,Cutting Dunk Shot,1,1,Restricted Area
203897,Zach LaVine,1610612741,0021800723,Pullup Jump shot,1,0,Mid-Range
203897,Zach LaVine,1610612741,0021800723,Jump Shot,1,1,Above the Break 3
1627739,Kris Dunn,1610612741,0021800723,Jump Shot,1,0,Above the Break 3
1628990,Chandler Hutchison,1610612741,0021800723,Jump Shot,1,0,Left Corner 3
203897,Zach LaVine,1610612741,0021800723,Pullup Jump shot,1,1,Above the Break 3
203897,Zach LaVine,1610612741,0021800723,Driving Reverse Layup Shot,1,0,Restricted Area
203897,Zach LaVine,1610612741,0021800723,Pullup Jump shot,1,0,Above the Break 3
1627739,Kris Dunn,1610612741,0021800723,Pullup Jump shot,1,1,Mid-Range
1628374,Lauri Markkanen,1610612741,0021800723,Driving Layup Shot,1,0,In The Paint (Non-RA)
203897,Zach LaVine,1610612741,0021800723,Layup Shot,1,1,Restricted Area
1628990,Chandler Hutchison,1610612741,0021800723,Jump Shot,1,0,Left Corner 3
203897,Zach LaVine,1610612741,0021800723,Pullup Jump shot,1,0,Above the Break 3
203897,Zach LaVine,1610612741,0021800723,Driving Reverse Layup Shot,1,0,Restricted Area
1626171,Bobby Portis Jr.,1610612741,0021800723,Putback Layup Shot,1,1,Restricted Area
1627739,Kris Dunn,1610612741,0021800735,Pullup Jump shot,1,1,Mid-Range
1627782,Wayne Selden,1610612741,0021800735,Driving Floating Bank Jump Shot,1,1,Mid-Range
201577,Robin Lopez,1610612741,0021800735,Floating Jump shot,1,1,In The Paint (Non-RA)
201577,Robin Lopez,1610612741,0021800735,Driving Hook Shot,1,1,In The Paint (Non-RA)
201577,Robin Lopez,1610612741,0021800735,Driving Layup Shot,1,1,In The Paint (Non-RA)
1627739,Kris Dunn,1610612741,0021800735,Pullup Jump shot,1,0,Above the Break 3
1628374,Lauri Markkanen,1610612741,0021800735,Jump Shot,1,0,Above the Break 3
203897,Zach LaVine,1610612741,0021800735,Fadeaway Jump Shot,1,0,Mid-Range
1628374,Lauri Markkanen,1610612741,0021800735,Running Layup Shot,1,1,In The Paint (Non-RA)
203897,Zach LaVine,1610612741,0021800735,Pullup Jump shot,1,1,Mid-Range
203897,Zach LaVine,1610612741,0021800735,Driving Layup Shot,1,1,Restricted Area
1627739,Kris Dunn,1610612741,0021800735,Pullup Jump shot,1,0,Mid-Range
203897,Zach LaVine,1610612741,0021800735,Layup Shot,1,0,Restricted Area
1627782,Wayne Selden,1610612741,0021800735,Jump Shot,1,1,Left Corner 3
1627739,Kris Dunn,1610612741,0021800735,Pullup Jump shot,1,0,Above the Break 3
1627782,Wayne Selden,1610612741,0021800735,Jump Shot,1,1,Left Corner 3
203953,Jabari Parker,1610612741,0021800735,Jump Shot,1,0,Above the Break 3
203897,Zach LaVine,1610612741,0021800735,Driving Layup Shot,1,0,Restricted Area
1627853,Ryan Arcidiacono,1610612741,0021800735,Jump Shot,1,1,Above the Break 3
203897,Zach LaVine,1610612741,0021800735,Driving Layup Shot,1,1,Restricted Area
1626171,Bobby Portis Jr.,1610612741,0021800735,Driving Layup Shot,1,0,Restricted Area
1628469,Antonio Blakeney,1610612741,0021800735,Pullup Jump shot,1,1,Mid-Range
1628469,Antonio Blakeney,1610612741,0021800735,Pullup Jump shot,1,1,Mid-Range
203953,Jabari Parker,1610612741,0021800735,Pullup Jump shot,1,1,Mid-Range
1627853,Ryan Arcidiacono,1610612741,0021800735,Jump Shot,1,0,Above the Break 3
203953,Jabari Parker,1610612741,0021800735,Cutting Dunk Shot,1,1,Restricted Area
203953,Jabari Parker,1610612741,0021800735,Jump Shot,1,0,Above the Break 3
1626171,Bobby Portis Jr.,1610612741,0021800735,Driving Hook Shot,1,0,In The Paint (Non-RA)
1626171,Bobby Portis Jr.,1610612741,0021800735,Jump Shot,1,0,Above the Break 3
1628469,Antonio Blakeney,1610612741,0021800735,Jump Shot,1,0,In The Paint (Non-RA)
1626171,Bobby Portis Jr.,1610612741,0021800735,Layup Shot,1,0,Restricted Area
1628374,Lauri Markkanen,1610612741,0021800735,Jump Shot,1,1,Above the Break 3
1628469,Antonio Blakeney,1610612741,0021800735,Pullup Jump shot,1,0,Mid-Range
1628469,Antonio Blakeney,1610612741,0021800735,Driving Layup Shot,1,0,Restricted Area
1628374,Lauri Markkanen,1610612741,0021800735,Turnaround Jump Shot,1,0,Mid-Range
1626171,Bobby Portis Jr.,1610612741,0021800735,Layup Shot,1,1,Restricted Area
203897,Zach LaVine,1610612741,0021800735,Cutting Layup Shot,1,1,In The Paint (Non-RA)
1628374,Lauri Markkanen,1610612741,0021800735,Jump Shot,1,1,Above the Break 3
203897,Zach LaVine,1610612741,0021800735,Jump Shot,1,0,Mid-Range
1628374,Lauri Markkanen,1610612741,0021800735,Jump Shot,1,0,Above the Break 3
203953,Jabari Parker,1610612741,0021800735,Driving Reverse Layup Shot,1,1,Restricted Area
203953,Jabari Parker,1610612741,0021800735,Driving Reverse Layup Shot,1,1,Restricted Area
1627853,Ryan Arcidiacono,1610612741,0021800735,Turnaround Fadeaway shot,1,0,Mid-Range
203897,Zach LaVine,1610612741,0021800735,Pullup Jump shot,1,0,Above the Break 3
203897,Zach LaVine,1610612741,0021800735,Driving Layup Shot,1,1,Restricted Area
1628374,Lauri Markkanen,1610612741,0021800735,Driving Layup Shot,1,0,Restricted Area
201577,Robin Lopez,1610612741,0021800735,Tip Layup Shot,1,0,Restricted Area
201577,Robin Lopez,1610612741,0021800735,Tip Layup Shot,1,1,Restricted Area
1627739,Kris Dunn,1610612741,0021800735,Pullup Jump shot,1,0,Mid-Range
201577,Robin Lopez,1610612741,0021800735,Tip Layup Shot,1,1,Restricted Area
1627739,Kris Dunn,1610612741,0021800735,Jump Shot,1,0,Above the Break 3
203897,Zach LaVine,1610612741,0021800735,Step Back Jump shot,1,0,Mid-Range
1628374,Lauri Markkanen,1610612741,0021800735,Driving Layup Shot,1,0,Restricted Area
1627782,Wayne Selden,1610612741,0021800735,Tip Layup Shot,1,0,Restricted Area
1627782,Wayne Selden,1610612741,0021800735,Jump Shot,1,0,Above the Break 3
203897,Zach LaVine,1610612741,0021800735,Driving Floating Bank Jump Shot,1,0,In The Paint (Non-RA)
1628374,Lauri Markkanen,1610612741,0021800735,Fadeaway Jump Shot,1,0,In The Paint (Non-RA)
203897,Zach LaVine,1610612741,0021800735,Jump Shot,1,0,Above the Break 3
1628374,Lauri Markkanen,1610612741,0021800735,Driving Floating Jump Shot,1,0,Mid-Range
1628374,Lauri Markkanen,1610612741,0021800735,Jump Shot,1,1,Above the Break 3
1626171,Bobby Portis Jr.,1610612741,0021800735,Jump Shot,1,0,Mid-Range
1628374,Lauri Markkanen,1610612741,0021800735,Step Back Jump shot,1,1,Above the Break 3
1627782,Wayne Selden,1610612741,0021800735,Driving Layup Shot,1,1,Restricted Area
1626171,Bobby Portis Jr.,1610612741,0021800735,Driving Layup Shot,1,1,In The Paint (Non-RA)
1626171,Bobby Portis Jr.,1610612741,0021800735,Layup Shot,1,0,Restricted Area
1626171,Bobby Portis Jr.,1610612741,0021800735,Jump Shot,1,1,Above the Break 3
1626171,Bobby Portis Jr.,1610612741,0021800735,Floating Jump shot,1,1,In The Paint (Non-RA)
1627885,Shaquille Harrison,1610612741,0021800735,Driving Reverse Layup Shot,1,0,Restricted Area
1627853,Ryan Arcidiacono,1610612741,0021800735,Pullup Jump shot,1,0,Above the Break 3
1627853,Ryan Arcidiacono,1610612741,0021800735,Floating Jump shot,1,1,In The Paint (Non-RA)
1626171,Bobby Portis Jr.,1610612741,0021800735,Jump Shot,1,0,Above the Break 3
1628469,Antonio Blakeney,1610612741,0021800735,Pullup Jump shot,1,0,Mid-Range
203897,Zach LaVine,1610612741,0021800735,Pullup Jump shot,1,0,Above the Break 3
1627782,Wayne Selden,1610612741,0021800735,Pullup Jump shot,1,1,Mid-Range
1628374,Lauri Markkanen,1610612741,0021800735,Jump Shot,1,0,Above the Break 3
201577,Robin Lopez,1610612741,0021800735,Hook Shot,1,0,In The Paint (Non-RA)
201577,Robin Lopez,1610612741,0021800735,Putback Dunk Shot,1,1,Restricted Area
203897,Zach LaVine,1610612741,0021800735,Driving Layup Shot,1,0,Restricted Area
1628374,Lauri Markkanen,1610612741,0021800735,Tip Layup Shot,1,0,Restricted Area
203897,Zach LaVine,1610612741,0021800735,Tip Layup Shot,1,1,Restricted Area
1628374,Lauri Markkanen,1610612741,0021800735,Driving Layup Shot,1,1,Restricted Area
1627739,Kris Dunn,1610612741,0021800735,Driving Floating Jump Shot,1,1,In The Paint (Non-RA)
201577,Robin Lopez,1610612741,0021800735,Reverse Dunk Shot,1,1,Restricted Area
201577,Robin Lopez,1610612741,0021800735,Hook Shot,1,0,Restricted Area
1627782,Wayne Selden,1610612741,0021800735,Jump Shot,1,1,Above the Break 3
201577,Robin Lopez,1610612741,0021800735,Turnaround Hook Shot,1,0,In The Paint (Non-RA)
1627739,Kris Dunn,1610612741,0021800735,Driving Layup Shot,1,0,Restricted Area
203897,Zach LaVine,1610612741,0021800735,Pullup Jump shot,1,0,Above the Break 3
203897,Zach LaVine,1610612741,0021800752,Driving Finger Roll Layup Shot,1,0,Restricted Area
203897,Zach LaVine,1610612741,0021800752,Putback Layup Shot,1,1,Restricted Area
1628374,Lauri Markkanen,1610612741,0021800752,Driving Hook Shot,1,0,Restricted Area
1627782,Wayne Selden,1610612741,0021800752,Pullup Jump shot,1,1,In The Paint (Non-RA)
1628374,Lauri Markkanen,1610612741,0021800752,Jump Shot,1,0,Above the Break 3
1627739,Kris Dunn,1610612741,0021800752,Reverse Layup Shot,1,1,Restricted Area
1627739,Kris Dunn,1610612741,0021800752,Pullup Jump shot,1,0,Mid-Range
203897,Zach LaVine,1610612741,0021800752,Jump Shot,1,0,Above the Break 3
1628374,Lauri Markkanen,1610612741,0021800752,Turnaround Hook Shot,1,0,In The Paint (Non-RA)
201577,Robin Lopez,1610612741,0021800752,Turnaround Hook Shot,1,0,Mid-Range
203897,Zach LaVine,1610612741,0021800752,Driving Reverse Layup Shot,1,0,Restricted Area
201577,Robin Lopez,1610612741,0021800752,Driving Hook Shot,1,0,Restricted Area
1627782,Wayne Selden,1610612741,0021800752,Pullup Jump shot,1,1,Mid-Range
1628374,Lauri Markkanen,1610612741,0021800752,Running Layup Shot,1,0,In The Paint (Non-RA)
1628374,Lauri Markkanen,1610612741,0021800752,Jump Shot,1,1,Above the Break 3
201577,Robin Lopez,1610612741,0021800752,Hook Shot,1,0,Restricted Area
1628374,Lauri Markkanen,1610612741,0021800752,Pullup Jump shot,1,0,Mid-Range
201577,Robin Lopez,1610612741,0021800752,Jump Shot,1,0,Above the Break 3
1627739,Kris Dunn,1610612741,0021800752,Hook Shot,1,1,In The Paint (Non-RA)
1626171,Bobby Portis Jr.,1610612741,0021800752,Turnaround Hook Shot,1,1,In The Paint (Non-RA)
1628374,Lauri Markkanen,1610612741,0021800752,Cutting Dunk Shot,1,1,Restricted Area
203897,Zach LaVine,1610612741,0021800752,Driving Dunk Shot,1,1,Restricted Area
203953,Jabari Parker,1610612741,0021800752,Step Back Jump shot,1,0,Mid-Range
1627885,Shaquille Harrison,1610612741,0021800752,Jump Shot,1,0,Above the Break 3
203953,Jabari Parker,1610612741,0021800752,Driving Layup Shot,1,0,In The Paint (Non-RA)
1628469,Antonio Blakeney,1610612741,0021800752,Driving Floating Jump Shot,1,0,In The Paint (Non-RA)
1627853,Ryan Arcidiacono,1610612741,0021800752,Pullup Jump shot,1,1,Mid-Range
203953,Jabari Parker,1610612741,0021800752,Dunk Shot,1,1,Restricted Area
203953,Jabari Parker,1610612741,0021800752,Jump Shot,1,1,Above the Break 3
203953,Jabari Parker,1610612741,0021800752,Driving Layup Shot,1,0,Restricted Area
203953,Jabari Parker,1610612741,0021800752,Step Back Bank Jump Shot,1,1,Restricted Area
1627885,Shaquille Harrison,1610612741,0021800752,Jump Shot,1,1,Right Corner 3
1628469,Antonio Blakeney,1610612741,0021800752,Running Finger Roll Layup Shot,1,1,Restricted Area
1627853,Ryan Arcidiacono,1610612741,0021800752,Pullup Jump shot,1,0,Mid-Range
1627885,Shaquille Harrison,1610612741,0021800752,Jump Shot,1,1,Left Corner 3
1628374,Lauri Markkanen,1610612741,0021800752,Jump Shot,1,0,Above the Break 3
1628374,Lauri Markkanen,1610612741,0021800752,Jump Shot,1,0,Left Corner 3
1627739,Kris Dunn,1610612741,0021800752,Step Back Jump shot,1,0,Mid-Range
203897,Zach LaVine,1610612741,0021800752,Driving Layup Shot,1,1,Restricted Area
201577,Robin Lopez,1610612741,0021800752,Driving Hook Shot,1,0,Restricted Area
203897,Zach LaVine,1610612741,0021800752,Fadeaway Jump Shot,1,1,In The Paint (Non-RA)
203897,Zach LaVine,1610612741,0021800752,Jump Shot,1,1,Above the Break 3
203897,Zach LaVine,1610612741,0021800752,Fadeaway Jump Shot,1,1,In The Paint (Non-RA)
203897,Zach LaVine,1610612741,0021800752,Jump Shot,1,0,Mid-Range
203897,Zach LaVine,1610612741,0021800752,Driving Floating Jump Shot,1,1,In The Paint (Non-RA)
203897,Zach LaVine,1610612741,0021800752,Jump Shot,1,0,Above the Break 3
1627782,Wayne Selden,1610612741,0021800752,Jump Shot,1,0,Above the Break 3
1627739,Kris Dunn,1610612741,0021800752,Driving Floating Jump Shot,1,1,Mid-Range
203897,Zach LaVine,1610612741,0021800752,Turnaround Fadeaway shot,1,0,Mid-Range
201577,Robin Lopez,1610612741,0021800752,Turnaround Hook Shot,1,0,In The Paint (Non-RA)
1627739,Kris Dunn,1610612741,0021800752,Jump Shot,1,1,Above the Break 3
1627782,Wayne Selden,1610612741,0021800752,Pullup Jump shot,1,1,Mid-Range
1628374,Lauri Markkanen,1610612741,0021800752,Driving Layup Shot,1,0,Restricted Area
203897,Zach LaVine,1610612741,0021800752,Step Back Jump shot,1,0,Mid-Range
201577,Robin Lopez,1610612741,0021800752,Driving Dunk Shot,1,1,Restricted Area
1627853,Ryan Arcidiacono,1610612741,0021800752,Jump Shot,1,0,Right Corner 3
1628374,Lauri Markkanen,1610612741,0021800752,Alley Oop Dunk Shot,1,1,Restricted Area
1628374,Lauri Markkanen,1610612741,0021800752,Jump Shot,1,0,Above the Break 3
203897,Zach LaVine,1610612741,0021800752,Driving Layup Shot,1,1,In The Paint (Non-RA)
1627782,Wayne Selden,1610612741,0021800752,Pullup Jump shot,1,0,In The Paint (Non-RA)
1627853,Ryan Arcidiacono,1610612741,0021800752,Jump Shot,1,0,Left Corner 3
1626171,Bobby Portis Jr.,1610612741,0021800752,Reverse Layup Shot,1,1,Restricted Area
1626171,Bobby Portis Jr.,1610612741,0021800752,Jump Shot,1,0,Above the Break 3
1626171,Bobby Portis Jr.,1610612741,0021800752,Layup Shot,1,1,Restricted Area
203897,Zach LaVine,1610612741,0021800752,Pullup Jump shot,1,1,In The Paint (Non-RA)
203953,Jabari Parker,1610612741,0021800752,Pullup Jump shot,1,0,Above the Break 3
203953,Jabari Parker,1610612741,0021800752,Driving Finger Roll Layup Shot,1,1,Restricted Area
203953,Jabari Parker,1610612741,0021800752,Running Pull-Up Jump Shot,1,0,Above the Break 3
1627782,Wayne Selden,1610612741,0021800752,Jump Shot,1,0,Above the Break 3
1627853,Ryan Arcidiacono,1610612741,0021800752,Jump Shot,1,0,Above the Break 3
203953,Jabari Parker,1610612741,0021800752,Driving Floating Jump Shot,1,1,In The Paint (Non-RA)
1627885,Shaquille Harrison,1610612741,0021800752,Running Layup Shot,1,1,Restricted Area
1627739,Kris Dunn,1610612741,0021800752,Step Back Jump shot,1,1,Above the Break 3
203953,Jabari Parker,1610612741,0021800752,Driving Dunk Shot,1,1,Restricted Area
1626171,Bobby Portis Jr.,1610612741,0021800752,Layup Shot,1,0,Restricted Area
1627782,Wayne Selden,1610612741,0021800752,Driving Floating Jump Shot,1,0,In The Paint (Non-RA)
1626171,Bobby Portis Jr.,1610612741,0021800752,Tip Layup Shot,1,1,Restricted Area
1626171,Bobby Portis Jr.,1610612741,0021800752,Floating Jump shot,1,1,Mid-Range
1627739,Kris Dunn,1610612741,0021800752,Driving Layup Shot,1,1,Restricted Area
1626171,Bobby Portis Jr.,1610612741,0021800752,Dunk Shot,1,0,Restricted Area
203953,Jabari Parker,1610612741,0021800752,Layup Shot,1,1,Restricted Area
1627739,Kris Dunn,1610612741,0021800752,Running Layup Shot,1,0,Restricted Area
203953,Jabari Parker,1610612741,0021800752,Dunk Shot,1,1,Restricted Area
1627739,Kris Dunn,1610612741,0021800752,Jump Shot,1,0,Right Corner 3
1627885,Shaquille Harrison,1610612741,0021800752,Jump Shot,1,0,Above the Break 3
1628374,Lauri Markkanen,1610612741,0021800752,Jump Shot,1,1,Above the Break 3
1628374,Lauri Markkanen,1610612741,0021800752,Jump Shot,1,1,Mid-Range
203897,Zach LaVine,1610612741,0021800752,Driving Finger Roll Layup Shot,1,0,Restricted Area
203953,Jabari Parker,1610612741,0021800752,Driving Floating Bank Jump Shot,1,1,In The Paint (Non-RA)
203897,Zach LaVine,1610612741,0021800752,Turnaround Fadeaway shot,1,0,Above the Break 3
1628374,Lauri Markkanen,1610612741,0021800752,Jump Shot,1,1,Above the Break 3
203897,Zach LaVine,1610612741,0021800752,Driving Layup Shot,1,1,Restricted Area
203897,Zach LaVine,1610612741,0021800752,Driving Dunk Shot,1,1,Restricted Area
203953,Jabari Parker,1610612741,0021800752,Driving Dunk Shot,1,1,Restricted Area
1628374,Lauri Markkanen,1610612741,0021800757,Jump Shot,1,0,Above the Break 3
201577,Robin Lopez,1610612741,0021800757,Driving Hook Shot,1,1,Restricted Area
201577,Robin Lopez,1610612741,0021800757,Hook Shot,1,1,In The Paint (Non-RA)
1627739,Kris Dunn,1610612741,0021800757,Pullup Jump shot,1,0,In The Paint (Non-RA)
1628374,Lauri Markkanen,1610612741,0021800757,Driving Layup Shot,1,1,Restricted Area
1627739,Kris Dunn,1610612741,0021800757,Pullup Jump shot,1,1,In The Paint (Non-RA)
201577,Robin Lopez,1610612741,0021800757,Cutting Layup Shot,1,1,Restricted Area
1628374,Lauri Markkanen,1610612741,0021800757,Jump Shot,1,0,Restricted Area
1627782,Wayne Selden,1610612741,0021800757,Jump Shot,1,0,Right Corner 3
1628374,Lauri Markkanen,1610612741,0021800757,Jump Shot,1,0,Above the Break 3
1627739,Kris Dunn,1610612741,0021800757,Driving Layup Shot,1,1,Restricted Area
1628374,Lauri Markkanen,1610612741,0021800757,Jump Shot,1,1,Mid-Range
1627739,Kris Dunn,1610612741,0021800757,Step Back Jump shot,1,0,Mid-Range
1627853,Ryan Arcidiacono,1610612741,0021800757,Driving Floating Jump Shot,1,1,In The Paint (Non-RA)
1627782,Wayne Selden,1610612741,0021800757,Pullup Jump shot,1,1,Above the Break 3
1628374,Lauri Markkanen,1610612741,0021800757,Fadeaway Jump Shot,1,0,Mid-Range
201577,Robin Lopez,1610612741,0021800757,Jump Shot,1,1,Mid-Range
1627885,Shaquille Harrison,1610612741,0021800757,Driving Layup Shot,1,1,Restricted Area
1626171,Bobby Portis Jr.,1610612741,0021800757,Running Dunk Shot,1,1,Restricted Area
1626171,Bobby Portis Jr.,1610612741,0021800757,Cutting Layup Shot,1,1,Restricted Area
1627853,Ryan Arcidiacono,1610612741,0021800757,Pullup Jump shot,1,1,In The Paint (Non-RA)
1627885,Shaquille Harrison,1610612741,0021800757,Pullup Jump shot,1,0,Above the Break 3
1626171,Bobby Portis Jr.,1610612741,0021800757,Floating Jump shot,1,0,In The Paint (Non-RA)
1627853,Ryan Arcidiacono,1610612741,0021800757,Jump Shot,1,0,Above the Break 3
1628469,Antonio Blakeney,1610612741,0021800757,Pullup Jump shot,1,0,In The Paint (Non-RA)
1626171,Bobby Portis Jr.,1610612741,0021800757,Driving Floating Jump Shot,1,0,Restricted Area
1629102,Brandon Sampson,1610612741,0021800757,Driving Floating Bank Jump Shot,1,1,Restricted Area
1629102,Brandon Sampson,1610612741,0021800757,Jump Shot,1,1,Above the Break 3
1627739,Kris Dunn,1610612741,0021800757,Pullup Jump shot,1,1,Mid-Range
1626171,Bobby Portis Jr.,1610612741,0021800757,Cutting Layup Shot,1,0,Restricted Area
1627739,Kris Dunn,1610612741,0021800757,Driving Layup Shot,1,0,Restricted Area
1627782,Wayne Selden,1610612741,0021800757,Driving Layup Shot,1,0,Restricted Area
1628374,Lauri Markkanen,1610612741,0021800757,Pullup Jump shot,1,1,Mid-Range
1627739,Kris Dunn,1610612741,0021800757,Driving Floating Jump Shot,1,0,In The Paint (Non-RA)
1628374,Lauri Markkanen,1610612741,0021800757,Jump Shot,1,0,Above the Break 3
1627782,Wayne Selden,1610612741,0021800757,Jump Shot,1,0,Right Corner 3
1627853,Ryan Arcidiacono,1610612741,0021800757,Driving Layup Shot,1,1,Restricted Area
201577,Robin Lopez,1610612741,0021800757,Driving Dunk Shot,1,1,Restricted Area
1628374,Lauri Markkanen,1610612741,0021800757,Layup Shot,1,0,Restricted Area
201577,Robin Lopez,1610612741,0021800757,Tip Layup Shot,1,0,Restricted Area
1627782,Wayne Selden,1610612741,0021800757,Driving Dunk Shot,1,1,Restricted Area
1626171,Bobby Portis Jr.,1610612741,0021800757,Jump Shot,1,0,Mid-Range
1628374,Lauri Markkanen,1610612741,0021800757,Jump Shot,1,0,In The Paint (Non-RA)
1627739,Kris Dunn,1610612741,0021800757,Running Layup Shot,1,1,Restricted Area
201577,Robin Lopez,1610612741,0021800757,Turnaround Hook Shot,1,0,Restricted Area
1627782,Wayne Selden,1610612741,0021800757,Driving Reverse Layup Shot,1,0,Restricted Area
1628374,Lauri Markkanen,1610612741,0021800757,Pullup Jump shot,1,0,Mid-Range
1628374,Lauri Markkanen,1610612741,0021800757,Pullup Jump shot,1,0,Above the Break 3
1627853,Ryan Arcidiacono,1610612741,0021800757,Driving Layup Shot,1,0,Restricted Area
1627782,Wayne Selden,1610612741,0021800757,Jump Shot,1,1,Right Corner 3
1627739,Kris Dunn,1610612741,0021800757,Driving Floating Jump Shot,1,0,Restricted Area
1627739,Kris Dunn,1610612741,0021800757,Jump Shot,1,1,Right Corner 3
201577,Robin Lopez,1610612741,0021800757,Hook Shot,1,1,Restricted Area
1627853,Ryan Arcidiacono,1610612741,0021800757,Driving Hook Shot,1,1,In The Paint (Non-RA)
1628374,Lauri Markkanen,1610612741,0021800757,Driving Layup Shot,1,1,Restricted Area
1626171,Bobby Portis Jr.,1610612741,0021800757,Jump Shot,1,1,Above the Break 3
1627885,Shaquille Harrison,1610612741,0021800757,Driving Floating Bank Jump Shot,1,1,In The Paint (Non-RA)
1627739,Kris Dunn,1610612741,0021800757,Jump Shot,1,0,Mid-Range
203953,Jabari Parker,1610612741,0021800757,Jump Shot,1,0,Mid-Range
1626171,Bobby Portis Jr.,1610612741,0021800757,Driving Layup Shot,1,0,Restricted Area
1626171,Bobby Portis Jr.,1610612741,0021800757,Tip Layup Shot,1,1,Restricted Area
1626171,Bobby Portis Jr.,1610612741,0021800757,Jump Shot,1,0,Above the Break 3
1627739,Kris Dunn,1610612741,0021800757,Driving Floating Jump Shot,1,0,Mid-Range
1626171,Bobby Portis Jr.,1610612741,0021800757,Turnaround Hook Shot,1,1,Mid-Range
1626171,Bobby Portis Jr.,1610612741,0021800757,Jump Shot,1,1,Above the Break 3
1626171,Bobby Portis Jr.,1610612741,0021800757,Driving Hook Shot,1,1,Mid-Range
1626171,Bobby Portis Jr.,1610612741,0021800757,Jump Shot,1,1,Mid-Range
1627853,Ryan Arcidiacono,1610612741,0021800757,Jump Shot,1,0,Above the Break 3
1626171,Bobby Portis Jr.,1610612741,0021800757,Turnaround Hook Shot,1,1,In The Paint (Non-RA)
1627739,Kris Dunn,1610612741,0021800757,Driving Layup Shot,1,0,Restricted Area
1627782,Wayne Selden,1610612741,0021800757,Driving Floating Jump Shot,1,1,In The Paint (Non-RA)
1626171,Bobby Portis Jr.,1610612741,0021800757,Layup Shot,1,1,Restricted Area
1627782,Wayne Selden,1610612741,0021800757,Jump Shot,1,1,Above the Break 3
1626171,Bobby Portis Jr.,1610612741,0021800757,Jump Shot,1,0,In The Paint (Non-RA)
1628374,Lauri Markkanen,1610612741,0021800757,Driving Floating Bank Jump Shot,1,0,In The Paint (Non-RA)
1628374,Lauri Markkanen,1610612741,0021800757,Jump Shot,1,0,Above the Break 3
1627739,Kris Dunn,1610612741,0021800757,Pullup Jump shot,1,1,Mid-Range
1627782,Wayne Selden,1610612741,0021800757,Jump Shot,1,1,Left Corner 3
1627739,Kris Dunn,1610612741,0021800776,Jump Shot,1,1,Mid-Range
203897,Zach LaVine,1610612741,0021800776,Jump Shot,1,1,Mid-Range
1627782,Wayne Selden,1610612741,0021800776,Floating Jump shot,1,1,In The Paint (Non-RA)
1627739,Kris Dunn,1610612741,0021800776,Driving Layup Shot,1,0,Restricted Area
1628374,Lauri Markkanen,1610612741,0021800776,Jump Shot,1,0,Above the Break 3
1628374,Lauri Markkanen,1610612741,0021800776,Running Layup Shot,1,1,Restricted Area
203897,Zach LaVine,1610612741,0021800776,Layup Shot,1,0,Restricted Area
1628374,Lauri Markkanen,1610612741,0021800776,Running Layup Shot,1,1,Restricted Area
203897,Zach LaVine,1610612741,0021800776,Driving Layup Shot,1,1,Restricted Area
1628374,Lauri Markkanen,1610612741,0021800776,Jump Shot,1,0,Above the Break 3
1627739,Kris Dunn,1610612741,0021800776,Jump Shot,1,0,Mid-Range
1628374,Lauri Markkanen,1610612741,0021800776,Layup Shot,1,1,Restricted Area
203897,Zach LaVine,1610612741,0021800776,Jump Shot,1,0,Above the Break 3
201577,Robin Lopez,1610612741,0021800776,Hook Shot,1,1,In The Paint (Non-RA)
1627739,Kris Dunn,1610612741,0021800776,Jump Shot,1,0,Above the Break 3
1626171,Bobby Portis Jr.,1610612741,0021800776,Hook Shot,1,1,In The Paint (Non-RA)
1626245,Cristiano Felicio,1610612741,0021800776,Layup Shot,1,1,Restricted Area
1626171,Bobby Portis Jr.,1610612741,0021800776,Turnaround Fadeaway Bank Jump Shot,1,1,Mid-Range
1626171,Bobby Portis Jr.,1610612741,0021800776,Layup Shot,1,1,Restricted Area
1627782,Wayne Selden,1610612741,0021800776,Pullup Jump shot,1,0,Above the Break 3
1626171,Bobby Portis Jr.,1610612741,0021800776,Jump Shot,1,0,Mid-Range
1626171,Bobby Portis Jr.,1610612741,0021800776,Layup Shot,1,1,Restricted Area
1626171,Bobby Portis Jr.,1610612741,0021800776,Jump Shot,1,1,Above the Break 3
1626171,Bobby Portis Jr.,1610612741,0021800776,Jump Shot,1,0,Above the Break 3
1626171,Bobby Portis Jr.,1610612741,0021800776,Jump Shot,1,1,In The Paint (Non-RA)
1626171,Bobby Portis Jr.,1610612741,0021800776,Jump Shot,1,1,Above the Break 3
1627885,Shaquille Harrison,1610612741,0021800776,Jump Shot,1,0,In The Paint (Non-RA)
1626245,Cristiano Felicio,1610612741,0021800776,Dunk Shot,1,1,Restricted Area
1627853,Ryan Arcidiacono,1610612741,0021800776,Jump Shot,1,0,Above the Break 3
1627885,Shaquille Harrison,1610612741,0021800776,Jump Shot,1,1,Left Corner 3
1626171,Bobby Portis Jr.,1610612741,0021800776,Jump Shot,1,1,Above the Break 3
1627885,Shaquille Harrison,1610612741,0021800776,Driving Layup Shot,1,1,Restricted Area
1627885,Shaquille Harrison,1610612741,0021800776,Driving Layup Shot,1,0,Restricted Area
1626171,Bobby Portis Jr.,1610612741,0021800776,Jump Shot,1,1,Mid-Range
1626171,Bobby Portis Jr.,1610612741,0021800776,Jump Shot,1,0,Above the Break 3
1626171,Bobby Portis Jr.,1610612741,0021800776,Running Layup Shot,1,1,Restricted Area
1626171,Bobby Portis Jr.,1610612741,0021800776,Jump Shot,1,1,Above the Break 3
1626171,Bobby Portis Jr.,1610612741,0021800776,Turnaround Jump Shot,1,1,Mid-Range
1627782,Wayne Selden,1610612741,0021800776,Jump Shot,1,1,Right Corner 3
1626171,Bobby Portis Jr.,1610612741,0021800776,Jump Shot,1,0,Mid-Range
1628374,Lauri Markkanen,1610612741,0021800776,Tip Layup Shot,1,0,Restricted Area
201577,Robin Lopez,1610612741,0021800776,Hook Shot,1,0,In The Paint (Non-RA)
203897,Zach LaVine,1610612741,0021800776,Jump Shot,1,0,Mid-Range
1627782,Wayne Selden,1610612741,0021800776,Floating Jump shot,1,0,In The Paint (Non-RA)
1628374,Lauri Markkanen,1610612741,0021800776,Driving Layup Shot,1,1,Restricted Area
1627739,Kris Dunn,1610612741,0021800776,Jump Shot,1,1,Left Corner 3
1627782,Wayne Selden,1610612741,0021800776,Jump Shot,1,0,Left Corner 3
1628374,Lauri Markkanen,1610612741,0021800776,Jump Shot,1,0,Above the Break 3
203897,Zach LaVine,1610612741,0021800776,Jump Shot,1,1,Mid-Range
1627739,Kris Dunn,1610612741,0021800776,Layup Shot,1,0,Restricted Area
203897,Zach LaVine,1610612741,0021800776,Driving Dunk Shot,1,1,Restricted Area
203897,Zach LaVine,1610612741,0021800776,Jump Shot,1,0,Mid-Range
1627739,Kris Dunn,1610612741,0021800776,Floating Jump shot,1,0,In The Paint (Non-RA)
201577,Robin Lopez,1610612741,0021800776,Layup Shot,1,1,Restricted Area
1628374,Lauri Markkanen,1610612741,0021800776,Jump Shot,1,0,Right Corner 3
203897,Zach LaVine,1610612741,0021800776,Cutting Layup Shot,1,1,Restricted Area
203897,Zach LaVine,1610612741,0021800776,Driving Layup Shot,1,0,In The Paint (Non-RA)
1627782,Wayne Selden,1610612741,0021800776,Jump Shot,1,0,In The Paint (Non-RA)
1629102,Brandon Sampson,1610612741,0021800776,Jump Shot,1,0,Above the Break 3
1626171,Bobby Portis Jr.,1610612741,0021800776,Layup Shot,1,0,Restricted Area
1628374,Lauri Markkanen,1610612741,0021800776,Jump Shot,1,1,Above the Break 3
1626171,Bobby Portis Jr.,1610612741,0021800776,Turnaround Fadeaway shot,1,0,In The Paint (Non-RA)
1629102,Brandon Sampson,1610612741,0021800776,Jump Shot,1,0,Left Corner 3
1627885,Shaquille Harrison,1610612741,0021800776,Jump Shot,1,1,In The Paint (Non-RA)
1627885,Shaquille Harrison,1610612741,0021800776,Running Reverse Layup Shot,1,1,Restricted Area
1626171,Bobby Portis Jr.,1610612741,0021800776,Dunk Shot,1,0,In The Paint (Non-RA)
1627739,Kris Dunn,1610612741,0021800776,Driving Layup Shot,1,0,Restricted Area
1626171,Bobby Portis Jr.,1610612741,0021800776,Putback Layup Shot,1,1,Restricted Area
1626171,Bobby Portis Jr.,1610612741,0021800776,Tip Layup Shot,1,0,Restricted Area
1628374,Lauri Markkanen,1610612741,0021800776,Layup Shot,1,1,In The Paint (Non-RA)
1627782,Wayne Selden,1610612741,0021800776,Jump Shot,1,1,Mid-Range
1627782,Wayne Selden,1610612741,0021800776,Fadeaway Jump Shot,1,0,In The Paint (Non-RA)
1627739,Kris Dunn,1610612741,0021800776,Jump Shot,1,0,In The Paint (Non-RA)
1626171,Bobby Portis Jr.,1610612741,0021800776,Jump Shot,1,0,Above the Break 3
1627739,Kris Dunn,1610612741,0021800776,Driving Layup Shot,1,0,Restricted Area
1627739,Kris Dunn,1610612741,0021800776,Dunk Shot,1,1,Restricted Area
1628374,Lauri Markkanen,1610612741,0021800776,Layup Shot,1,1,Restricted Area
1626171,Bobby Portis Jr.,1610612741,0021800776,Jump Shot,1,0,Above the Break 3
1628374,Lauri Markkanen,1610612741,0021800776,Layup Shot,1,1,Restricted Area
203897,Zach LaVine,1610612741,0021800776,Driving Layup Shot,1,1,Restricted Area
203897,Zach LaVine,1610612741,0021800776,Jump Shot,1,1,Above the Break 3
201577,Robin Lopez,1610612741,0021800805,Turnaround Hook Shot,1,1,In The Paint (Non-RA)
1628374,Lauri Markkanen,1610612741,0021800805,Jump Shot,1,0,Above the Break 3
1627782,Wayne Selden,1610612741,0021800805,Pullup Jump shot,1,1,Above the Break 3
1627739,Kris Dunn,1610612741,0021800805,Jump Shot,1,1,Right Corner 3
203897,Zach LaVine,1610612741,0021800805,Pullup Jump shot,1,1,Mid-Range
1628374,Lauri Markkanen,1610612741,0021800805,Jump Shot,1,1,Mid-Range
1627739,Kris Dunn,1610612741,0021800805,Running Layup Shot,1,1,Restricted Area
1628374,Lauri Markkanen,1610612741,0021800805,Turnaround Hook Shot,1,0,In The Paint (Non-RA)
201577,Robin Lopez,1610612741,0021800805,Turnaround Hook Shot,1,1,In The Paint (Non-RA)
201577,Robin Lopez,1610612741,0021800805,Turnaround Hook Shot,1,1,In The Paint (Non-RA)
201577,Robin Lopez,1610612741,0021800805,Cutting Dunk Shot,1,1,Restricted Area
1628374,Lauri Markkanen,1610612741,0021800805,Dunk Shot,1,1,Restricted Area
1628374,Lauri Markkanen,1610612741,0021800805,Driving Layup Shot,1,0,Restricted Area
203897,Zach LaVine,1610612741,0021800805,Jump Shot,1,1,Above the Break 3
1627789,Timothe Luwawu-Cabarrot,1610612741,0021800805,Jump Shot,1,1,Above the Break 3
203897,Zach LaVine,1610612741,0021800805,Jump Shot,1,1,Above the Break 3
1627789,Timothe Luwawu-Cabarrot,1610612741,0021800805,Driving Layup Shot,1,1,Restricted Area
203897,Zach LaVine,1610612741,0021800805,Pullup Jump shot,1,0,Above the Break 3
203897,Zach LaVine,1610612741,0021800805,Cutting Layup Shot,1,1,Restricted Area
1627739,Kris Dunn,1610612741,0021800805,Pullup Jump shot,1,0,Mid-Range
1627789,Timothe Luwawu-Cabarrot,1610612741,0021800805,Jump Shot,1,0,Left Corner 3
1626245,Cristiano Felicio,1610612741,0021800805,Putback Layup Shot,1,0,Restricted Area
203897,Zach LaVine,1610612741,0021800805,Jump Shot,1,0,Backcourt
1627789,Timothe Luwawu-Cabarrot,1610612741,0021800805,Driving Layup Shot,1,0,Restricted Area
1627853,Ryan Arcidiacono,1610612741,0021800805,Jump Shot,1,0,Above the Break 3
1627853,Ryan Arcidiacono,1610612741,0021800805,Jump Shot,1,0,Above the Break 3
1626245,Cristiano Felicio,1610612741,0021800805,Layup Shot,1,1,Restricted Area
1627789,Timothe Luwawu-Cabarrot,1610612741,0021800805,Driving Layup Shot,1,0,Restricted Area
1628374,Lauri Markkanen,1610612741,0021800805,Jump Shot,1,1,Above the Break 3
1626245,Cristiano Felicio,1610612741,0021800805,Dunk Shot,1,1,Restricted Area
1628374,Lauri Markkanen,1610612741,0021800805,Driving Floating Jump Shot,1,0,Restricted Area
1627853,Ryan Arcidiacono,1610612741,0021800805,Jump Shot,1,1,Above the Break 3
1628374,Lauri Markkanen,1610612741,0021800805,Jump Shot,1,1,Right Corner 3
1627739,Kris Dunn,1610612741,0021800805,Running Layup Shot,1,1,Restricted Area
203897,Zach LaVine,1610612741,0021800805,Pullup Jump shot,1,1,Mid-Range
1627739,Kris Dunn,1610612741,0021800805,Driving Layup Shot,1,0,Restricted Area
1628374,Lauri Markkanen,1610612741,0021800805,Jump Shot,1,1,Above the Break 3
203897,Zach LaVine,1610612741,0021800805,Fadeaway Jump Shot,1,0,In The Paint (Non-RA)
203897,Zach LaVine,1610612741,0021800805,Jump Shot,1,1,Left Corner 3
203897,Zach LaVine,1610612741,0021800805,Step Back Jump shot,1,0,Above the Break 3
1628374,Lauri Markkanen,1610612741,0021800805,Jump Shot,1,0,Above the Break 3
1628374,Lauri Markkanen,1610612741,0021800805,Jump Shot,1,0,Above the Break 3
201577,Robin Lopez,1610612741,0021800805,Driving Layup Shot,1,0,Restricted Area
1626245,Cristiano Felicio,1610612741,0021800805,Driving Hook Shot,1,0,Restricted Area
1627739,Kris Dunn,1610612741,0021800805,Floating Jump shot,1,0,In The Paint (Non-RA)
1628374,Lauri Markkanen,1610612741,0021800805,Jump Shot,1,0,Mid-Range
1627782,Wayne Selden,1610612741,0021800805,Driving Layup Shot,1,0,In The Paint (Non-RA)
203897,Zach LaVine,1610612741,0021800805,Turnaround Fadeaway shot,1,0,Mid-Range
1627739,Kris Dunn,1610612741,0021800805,Jump Shot,1,0,Above the Break 3
1627789,Timothe Luwawu-Cabarrot,1610612741,0021800805,Jump Shot,1,0,Above the Break 3
1628374,Lauri Markkanen,1610612741,0021800805,Jump Shot,1,1,Left Corner 3
1627789,Timothe Luwawu-Cabarrot,1610612741,0021800805,Dunk Shot,1,0,Restricted Area
203897,Zach LaVine,1610612741,0021800805,Driving Layup Shot,1,1,Restricted Area
203897,Zach LaVine,1610612741,0021800805,Step Back Jump shot,1,0,Mid-Range
203897,Zach LaVine,1610612741,0021800805,Driving Floating Jump Shot,1,0,In The Paint (Non-RA)
201577,Robin Lopez,1610612741,0021800805,Turnaround Hook Shot,1,0,In The Paint (Non-RA)
1627789,Timothe Luwawu-Cabarrot,1610612741,0021800805,Jump Shot,1,0,Left Corner 3
1627853,Ryan Arcidiacono,1610612741,0021800805,Jump Shot,1,0,Right Corner 3
1626245,Cristiano Felicio,1610612741,0021800805,Turnaround Hook Shot,1,0,In The Paint (Non-RA)
1628374,Lauri Markkanen,1610612741,0021800805,Tip Layup Shot,1,1,Restricted Area
1627885,Shaquille Harrison,1610612741,0021800805,Driving Layup Shot,1,0,In The Paint (Non-RA)
1626245,Cristiano Felicio,1610612741,0021800805,Tip Layup Shot,1,0,Restricted Area
1627885,Shaquille Harrison,1610612741,0021800805,Jump Shot,1,1,Right Corner 3
1627789,Timothe Luwawu-Cabarrot,1610612741,0021800805,Jump Shot,1,0,Left Corner 3
1627885,Shaquille Harrison,1610612741,0021800805,Jump Shot,1,0,In The Paint (Non-RA)
1627789,Timothe Luwawu-Cabarrot,1610612741,0021800805,Jump Shot,1,1,Above the Break 3
1627782,Wayne Selden,1610612741,0021800805,Jump Shot,1,1,Above the Break 3
1627789,Timothe Luwawu-Cabarrot,1610612741,0021800805,Driving Layup Shot,1,0,Restricted Area
1627885,Shaquille Harrison,1610612741,0021800805,Running Layup Shot,1,1,Restricted Area
1627885,Shaquille Harrison,1610612741,0021800805,Pullup Jump shot,1,1,In The Paint (Non-RA)
1627885,Shaquille Harrison,1610612741,0021800805,Jump Shot,1,0,Above the Break 3
1626245,Cristiano Felicio,1610612741,0021800805,Alley Oop Dunk Shot,1,1,Restricted Area
1628374,Lauri Markkanen,1610612741,0021800805,Jump Shot,1,0,Above the Break 3
1627739,Kris Dunn,1610612741,0021800805,Jump Shot,1,0,Above the Break 3
1627739,Kris Dunn,1610612741,0021800805,Running Layup Shot,1,1,Restricted Area
1627739,Kris Dunn,1610612741,0021800805,Driving Floating Jump Shot,1,1,In The Paint (Non-RA)
1627739,Kris Dunn,1610612741,0021800805,Driving Layup Shot,1,1,Restricted Area
203897,Zach LaVine,1610612741,0021800805,Jump Shot,1,0,Above the Break 3
203897,Zach LaVine,1610612741,0021800805,Driving Layup Shot,1,0,Restricted Area
201577,Robin Lopez,1610612741,0021800805,Driving Layup Shot,1,1,Restricted Area
203897,Zach LaVine,1610612741,0021800805,Jump Shot,1,0,Above the Break 3
1628374,Lauri Markkanen,1610612741,0021800805,Jump Shot,1,1,Above the Break 3
203897,Zach LaVine,1610612741,0021800805,Driving Layup Shot,1,1,Restricted Area
1627739,Kris Dunn,1610612741,0021800805,Running Layup Shot,1,1,Restricted Area
1628374,Lauri Markkanen,1610612741,0021800805,Jump Shot,1,0,Above the Break 3
1627739,Kris Dunn,1610612741,0021800805,Jump Shot,1,1,Above the Break 3
203897,Zach LaVine,1610612741,0021800805,Jump Shot,1,0,Mid-Range
1628374,Lauri Markkanen,1610612741,0021800805,Driving Layup Shot,1,1,Restricted Area
203897,Zach LaVine,1610612741,0021800805,Driving Layup Shot,1,1,Restricted Area
203897,Zach LaVine,1610612741,0021800805,Driving Dunk Shot,1,1,Restricted Area
1628374,Lauri Markkanen,1610612741,0021800805,Driving Layup Shot,1,1,Restricted Area
1627739,Kris Dunn,1610612741,0021800820,Hook Shot,1,1,In The Paint (Non-RA)
1628374,Lauri Markkanen,1610612741,0021800820,Jump Shot,1,0,Above the Break 3
201577,Robin Lopez,1610612741,0021800820,Hook Shot,1,0,Restricted Area
201577,Robin Lopez,1610612741,0021800820,Tip Layup Shot,1,1,Restricted Area
201577,Robin Lopez,1610612741,0021800820,Cutting Finger Roll Layup Shot,1,1,Restricted Area
1628374,Lauri Markkanen,1610612741,0021800820,Driving Layup Shot,1,0,Restricted Area
1627739,Kris Dunn,1610612741,0021800820,Driving Floating Jump Shot,1,0,In The Paint (Non-RA)
203897,Zach LaVine,1610612741,0021800820,Putback Layup Shot,1,1,Restricted Area
1628374,Lauri Markkanen,1610612741,0021800820,Fadeaway Jump Shot,1,1,In The Paint (Non-RA)
203897,Zach LaVine,1610612741,0021800820,Driving Floating Jump Shot,1,1,In The Paint (Non-RA)
1627739,Kris Dunn,1610612741,0021800820,Pullup Jump shot,1,1,Mid-Range
1627739,Kris Dunn,1610612741,0021800820,Pullup Jump shot,1,0,Above the Break 3
203897,Zach LaVine,1610612741,0021800820,Running Dunk Shot,1,1,Restricted Area
1628374,Lauri Markkanen,1610612741,0021800820,Driving Layup Shot,1,0,In The Paint (Non-RA)
201577,Robin Lopez,1610612741,0021800820,Tip Layup Shot,1,0,Restricted Area
203490,Otto Porter Jr.,1610612741,0021800820,Jump Shot,1,1,Above the Break 3
201577,Robin Lopez,1610612741,0021800820,Turnaround Hook Shot,1,1,Restricted Area
1628374,Lauri Markkanen,1610612741,0021800820,Step Back Jump shot,1,0,In The Paint (Non-RA)
1627853,Ryan Arcidiacono,1610612741,0021800820,Jump Shot,1,0,Left Corner 3
203897,Zach LaVine,1610612741,0021800820,Turnaround Fadeaway shot,1,0,In The Paint (Non-RA)
203490,Otto Porter Jr.,1610612741,0021800820,Driving Floating Jump Shot,1,1,In The Paint (Non-RA)
203897,Zach LaVine,1610612741,0021800820,Running Alley Oop Dunk Shot,1,1,Restricted Area
1628374,Lauri Markkanen,1610612741,0021800820,Jump Shot,1,1,Above the Break 3
1626245,Cristiano Felicio,1610612741,0021800820,Jump Shot,1,0,Mid-Range
1627782,Wayne Selden,1610612741,0021800820,Pullup Jump shot,1,1,Above the Break 3
1627885,Shaquille Harrison,1610612741,0021800820,Driving Floating Jump Shot,1,0,In The Paint (Non-RA)
1626245,Cristiano Felicio,1610612741,0021800820,Driving Layup Shot,1,0,Restricted Area
1627789,Timothe Luwawu-Cabarrot,1610612741,0021800820,Cutting Layup Shot,1,1,Restricted Area
1627885,Shaquille Harrison,1610612741,0021800820,Pullup Jump shot,1,0,In The Paint (Non-RA)
1627782,Wayne Selden,1610612741,0021800820,Jump Shot,1,1,Above the Break 3
1627885,Shaquille Harrison,1610612741,0021800820,Cutting Dunk Shot,1,0,Restricted Area
1627789,Timothe Luwawu-Cabarrot,1610612741,0021800820,Pullup Jump shot,1,0,Mid-Range
203897,Zach LaVine,1610612741,0021800820,Pullup Jump shot,1,0,Mid-Range
1627739,Kris Dunn,1610612741,0021800820,Jump Shot,1,0,Above the Break 3
203897,Zach LaVine,1610612741,0021800820,Driving Reverse Layup Shot,1,1,Restricted Area
203897,Zach LaVine,1610612741,0021800820,Driving Layup Shot,1,0,Restricted Area
1627782,Wayne Selden,1610612741,0021800820,Driving Floating Jump Shot,1,0,In The Paint (Non-RA)
203490,Otto Porter Jr.,1610612741,0021800820,Fadeaway Jump Shot,1,1,In The Paint (Non-RA)
1628374,Lauri Markkanen,1610612741,0021800820,Driving Layup Shot,1,1,Restricted Area
1627853,Ryan Arcidiacono,1610612741,0021800820,Cutting Layup Shot,1,0,Restricted Area
203897,Zach LaVine,1610612741,0021800820,Step Back Jump shot,1,1,Above the Break 3
1627782,Wayne Selden,1610612741,0021800820,Jump Shot,1,1,Above the Break 3
1628374,Lauri Markkanen,1610612741,0021800820,Jump Shot,1,0,Above the Break 3
203897,Zach LaVine,1610612741,0021800820,Driving Floating Jump Shot,1,0,In The Paint (Non-RA)
203897,Zach LaVine,1610612741,0021800820,Pullup Jump shot,1,1,Mid-Range
203490,Otto Porter Jr.,1610612741,0021800820,Pullup Jump shot,1,1,Above the Break 3
203897,Zach LaVine,1610612741,0021800820,Pullup Jump shot,1,0,Mid-Range
1628374,Lauri Markkanen,1610612741,0021800820,Jump Shot,1,1,Right Corner 3
203490,Otto Porter Jr.,1610612741,0021800820,Jump Shot,1,1,Above the Break 3
1627739,Kris Dunn,1610612741,0021800820,Driving Layup Shot,1,0,In The Paint (Non-RA)
201577,Robin Lopez,1610612741,0021800820,Hook Shot,1,1,In The Paint (Non-RA)
1627739,Kris Dunn,1610612741,0021800820,Jump Shot,1,0,Above the Break 3
1628374,Lauri Markkanen,1610612741,0021800820,Driving Floating Jump Shot,1,1,Restricted Area
1628374,Lauri Markkanen,1610612741,0021800820,Driving Floating Jump Shot,1,1,In The Paint (Non-RA)
201577,Robin Lopez,1610612741,0021800820,Driving Layup Shot,1,1,Restricted Area
203490,Otto Porter Jr.,1610612741,0021800820,Jump Shot,1,0,Above the Break 3
1628374,Lauri Markkanen,1610612741,0021800820,Jump Shot,1,0,Right Corner 3
201577,Robin Lopez,1610612741,0021800820,Tip Layup Shot,1,1,Restricted Area
203490,Otto Porter Jr.,1610612741,0021800820,Floating Jump shot,1,1,In The Paint (Non-RA)
1628374,Lauri Markkanen,1610612741,0021800820,Cutting Layup Shot,1,1,Restricted Area
203490,Otto Porter Jr.,1610612741,0021800820,Turnaround Fadeaway shot,1,0,In The Paint (Non-RA)
1628374,Lauri Markkanen,1610612741,0021800820,Tip Layup Shot,1,0,Restricted Area
1628374,Lauri Markkanen,1610612741,0021800820,Tip Layup Shot,1,1,Restricted Area
1626245,Cristiano Felicio,1610612741,0021800820,Driving Floating Jump Shot,1,1,In The Paint (Non-RA)
1627739,Kris Dunn,1610612741,0021800820,Pullup Jump shot,1,1,Above the Break 3
1627739,Kris Dunn,1610612741,0021800820,Pullup Jump shot,1,1,Mid-Range
1627782,Wayne Selden,1610612741,0021800820,Floating Jump shot,1,0,In The Paint (Non-RA)
1627789,Timothe Luwawu-Cabarrot,1610612741,0021800820,Jump Shot,1,0,Above the Break 3
1627789,Timothe Luwawu-Cabarrot,1610612741,0021800820,Jump Shot,1,0,Above the Break 3
1626245,Cristiano Felicio,1610612741,0021800820,Driving Finger Roll Layup Shot,1,0,Restricted Area
1627789,Timothe Luwawu-Cabarrot,1610612741,0021800820,Jump Shot,1,1,Above the Break 3
1628374,Lauri Markkanen,1610612741,0021800820,Jump Shot,1,1,Above the Break 3
1627789,Timothe Luwawu-Cabarrot,1610612741,0021800820,Jump Shot,1,0,Above the Break 3
1627789,Timothe Luwawu-Cabarrot,1610612741,0021800820,Jump Shot,1,0,Right Corner 3
1627782,Wayne Selden,1610612741,0021800820,Driving Floating Bank Jump Shot,1,1,In The Paint (Non-RA)
1627739,Kris Dunn,1610612741,0021800820,Jump Shot,1,0,Above the Break 3
1628374,Lauri Markkanen,1610612741,0021800820,Jump Shot,1,1,Above the Break 3
203897,Zach LaVine,1610612741,0021800820,Pullup Jump shot,1,0,Above the Break 3
203490,Otto Porter Jr.,1610612741,0021800820,Jump Shot,1,1,Left Corner 3
203897,Zach LaVine,1610612741,0021800820,Driving Layup Shot,1,1,Restricted Area
203897,Zach LaVine,1610612741,0021800820,Driving Layup Shot,1,1,Restricted Area
203897,Zach LaVine,1610612741,0021800820,Driving Layup Shot,1,1,Restricted Area
203897,Zach LaVine,1610612741,0021800820,Driving Floating Jump Shot,1,0,In The Paint (Non-RA)
1627739,Kris Dunn,1610612741,0021800820,Driving Layup Shot,1,1,Restricted Area
1628374,Lauri Markkanen,1610612741,0021800820,Driving Finger Roll Layup Shot,1,1,Restricted Area
203490,Otto Porter Jr.,1610612741,0021800830,Pullup Jump shot,1,1,Mid-Range
201577,Robin Lopez,1610612741,0021800830,Cutting Layup Shot,1,1,Restricted Area
203490,Otto Porter Jr.,1610612741,0021800830,Driving Layup Shot,1,1,Restricted Area
201577,Robin Lopez,1610612741,0021800830,Turnaround Hook Shot,1,1,Restricted Area
203897,Zach LaVine,1610612741,0021800830,Driving Layup Shot,1,1,Restricted Area
201577,Robin Lopez,1610612741,0021800830,Driving Hook Shot,1,0,Restricted Area
201577,Robin Lopez,1610612741,0021800830,Layup Shot,1,0,Restricted Area
203897,Zach LaVine,1610612741,0021800830,Driving Floating Jump Shot,1,0,In The Paint (Non-RA)
203897,Zach LaVine,1610612741,0021800830,Putback Layup Shot,1,1,Restricted Area
1628374,Lauri Markkanen,1610612741,0021800830,Jump Shot,1,0,Above the Break 3
203490,Otto Porter Jr.,1610612741,0021800830,Driving Layup Shot,1,0,In The Paint (Non-RA)
1628374,Lauri Markkanen,1610612741,0021800830,Tip Layup Shot,1,1,Restricted Area
1628374,Lauri Markkanen,1610612741,0021800830,Driving Finger Roll Layup Shot,1,1,Restricted Area
1628374,Lauri Markkanen,1610612741,0021800830,Jump Shot,1,0,Above the Break 3
1627739,Kris Dunn,1610612741,0021800830,Driving Floating Jump Shot,1,1,In The Paint (Non-RA)
1628374,Lauri Markkanen,1610612741,0021800830,Jump Shot,1,0,Above the Break 3
203490,Otto Porter Jr.,1610612741,0021800830,Jump Shot,1,0,Mid-Range
203490,Otto Porter Jr.,1610612741,0021800830,Driving Layup Shot,1,1,Restricted Area
1628374,Lauri Markkanen,1610612741,0021800830,Jump Shot,1,0,Mid-Range
1627853,Ryan Arcidiacono,1610612741,0021800830,Driving Layup Shot,1,0,Restricted Area
1627782,Wayne Selden,1610612741,0021800830,Driving Layup Shot,1,0,Restricted Area
1627782,Wayne Selden,1610612741,0021800830,Tip Layup Shot,1,1,Restricted Area
1627885,Shaquille Harrison,1610612741,0021800830,Running Layup Shot,1,0,Restricted Area
1627782,Wayne Selden,1610612741,0021800830,Jump Shot,1,1,Above the Break 3
1627782,Wayne Selden,1610612741,0021800830,Step Back Jump shot,1,1,Mid-Range
1627782,Wayne Selden,1610612741,0021800830,Driving Layup Shot,1,0,Restricted Area
1627853,Ryan Arcidiacono,1610612741,0021800830,Jump Shot,1,0,Above the Break 3
1627885,Shaquille Harrison,1610612741,0021800830,Floating Jump shot,1,0,In The Paint (Non-RA)
1627789,Timothe Luwawu-Cabarrot,1610612741,0021800830,Driving Layup Shot,1,1,Restricted Area
1628374,Lauri Markkanen,1610612741,0021800830,Jump Shot,1,0,Above the Break 3
1627885,Shaquille Harrison,1610612741,0021800830,Jump Shot,1,0,Above the Break 3
1627782,Wayne Selden,1610612741,0021800830,Driving Layup Shot,1,0,Restricted Area
1628374,Lauri Markkanen,1610612741,0021800830,Jump Shot,1,1,Above the Break 3
1628374,Lauri Markkanen,1610612741,0021800830,Driving Dunk Shot,1,1,Restricted Area
203897,Zach LaVine,1610612741,0021800830,Pullup Jump shot,1,1,Mid-Range
203490,Otto Porter Jr.,1610612741,0021800830,Driving Floating Jump Shot,1,0,Mid-Range
1627739,Kris Dunn,1610612741,0021800830,Driving Layup Shot,1,1,Restricted Area
1628374,Lauri Markkanen,1610612741,0021800830,Jump Bank Shot,1,0,In The Paint (Non-RA)
201577,Robin Lopez,1610612741,0021800830,Driving Dunk Shot,1,1,Restricted Area
203897,Zach LaVine,1610612741,0021800830,Driving Dunk Shot,1,1,Restricted Area
1627789,Timothe Luwawu-Cabarrot,1610612741,0021800830,Jump Shot,1,1,Left Corner 3
203490,Otto Porter Jr.,1610612741,0021800830,Jump Shot,1,0,Above the Break 3
203490,Otto Porter Jr.,1610612741,0021800830,Jump Shot,1,1,Left Corner 3
203897,Zach LaVine,1610612741,0021800830,Pullup Jump shot,1,0,Above the Break 3
203490,Otto Porter Jr.,1610612741,0021800830,Driving Layup Shot,1,0,In The Paint (Non-RA)
201577,Robin Lopez,1610612741,0021800830,Driving Dunk Shot,1,1,Restricted Area
203897,Zach LaVine,1610612741,0021800830,Jump Shot,1,0,Right Corner 3
1628374,Lauri Markkanen,1610612741,0021800830,Tip Layup Shot,1,1,Restricted Area
203490,Otto Porter Jr.,1610612741,0021800830,Jump Shot,1,0,Mid-Range
203490,Otto Porter Jr.,1610612741,0021800830,Jump Shot,1,1,Above the Break 3
1628374,Lauri Markkanen,1610612741,0021800830,Jump Shot,1,0,Above the Break 3
203897,Zach LaVine,1610612741,0021800830,Driving Layup Shot,1,0,Restricted Area
201577,Robin Lopez,1610612741,0021800830,Dunk Shot,1,1,Restricted Area
203897,Zach LaVine,1610612741,0021800830,Driving Layup Shot,1,1,Restricted Area
203490,Otto Porter Jr.,1610612741,0021800830,Step Back Jump shot,1,0,Above the Break 3
201577,Robin Lopez,1610612741,0021800830,Driving Hook Shot,1,0,In The Paint (Non-RA)
203897,Zach LaVine,1610612741,0021800830,Driving Dunk Shot,1,1,Restricted Area
203897,Zach LaVine,1610612741,0021800830,Pullup Jump shot,1,1,In The Paint (Non-RA)
1628374,Lauri Markkanen,1610612741,0021800830,Driving Dunk Shot,1,1,Restricted Area
203490,Otto Porter Jr.,1610612741,0021800830,Pullup Jump shot,1,0,Mid-Range
201577,Robin Lopez,1610612741,0021800830,Turnaround Hook Shot,1,1,In The Paint (Non-RA)
201577,Robin Lopez,1610612741,0021800830,Driving Hook Shot,1,1,Restricted Area
1628374,Lauri Markkanen,1610612741,0021800830,Driving Dunk Shot,1,1,Restricted Area
1627782,Wayne Selden,1610612741,0021800830,Jump Shot,1,0,Mid-Range
1628374,Lauri Markkanen,1610612741,0021800830,Driving Finger Roll Layup Shot,1,1,Restricted Area
1627782,Wayne Selden,1610612741,0021800830,Pullup Jump shot,1,1,In The Paint (Non-RA)
1627739,Kris Dunn,1610612741,0021800830,Pullup Jump shot,1,0,In The Paint (Non-RA)
1627782,Wayne Selden,1610612741,0021800830,Jump Shot,1,0,Mid-Range
1627739,Kris Dunn,1610612741,0021800830,Driving Dunk Shot,1,1,Restricted Area
203490,Otto Porter Jr.,1610612741,0021800830,Running Layup Shot,1,1,Restricted Area
1627789,Timothe Luwawu-Cabarrot,1610612741,0021800830,Driving Layup Shot,1,0,Restricted Area
1626245,Cristiano Felicio,1610612741,0021800830,Putback Layup Shot,1,1,Restricted Area
1627853,Ryan Arcidiacono,1610612741,0021800830,Jump Shot,1,1,Mid-Range
1627885,Shaquille Harrison,1610612741,0021800830,Driving Dunk Shot,1,0,Restricted Area
1627782,Wayne Selden,1610612741,0021800830,Pullup Jump shot,1,0,Above the Break 3
1627853,Ryan Arcidiacono,1610612741,0021800830,Jump Shot,1,0,Above the Break 3
203897,Zach LaVine,1610612741,0021800830,Driving Layup Shot,1,0,In The Paint (Non-RA)
1627853,Ryan Arcidiacono,1610612741,0021800830,Jump Bank Shot,1,0,In The Paint (Non-RA)
1626245,Cristiano Felicio,1610612741,0021800830,Tip Layup Shot,1,1,Restricted Area
1627885,Shaquille Harrison,1610612741,0021800830,Driving Layup Shot,1,0,Restricted Area
203897,Zach LaVine,1610612741,0021800830,Jump Shot,1,0,Above the Break 3
1627782,Wayne Selden,1610612741,0021800830,Layup Shot,1,0,Restricted Area
1627782,Wayne Selden,1610612741,0021800830,Pullup Jump shot,1,0,Mid-Range
1627739,Kris Dunn,1610612741,0021800830,Jump Shot,1,0,Above the Break 3
203897,Zach LaVine,1610612741,0021800830,Layup Shot,1,1,Restricted Area
203897,Zach LaVine,1610612741,0021800830,Layup Shot,1,1,Restricted Area
1628374,Lauri Markkanen,1610612741,0021800830,Floating Jump shot,1,0,In The Paint (Non-RA)
203897,Zach LaVine,1610612741,0021800830,Driving Layup Shot,1,1,Restricted Area
203490,Otto Porter Jr.,1610612741,0021800830,Jump Shot,1,0,Left Corner 3
1627782,Wayne Selden,1610612741,0021800830,Driving Layup Shot,1,1,Restricted Area
1628374,Lauri Markkanen,1610612741,0021800830,Cutting Layup Shot,1,1,Restricted Area
1627739,Kris Dunn,1610612741,0021800830,Driving Floating Jump Shot,1,0,Restricted Area
203897,Zach LaVine,1610612741,0021800830,Driving Dunk Shot,1,1,Restricted Area
1629102,Brandon Sampson,1610612741,0021800830,Pullup Jump shot,1,1,Above the Break 3
1627789,Timothe Luwawu-Cabarrot,1610612741,0021800830,Jump Shot,1,0,Above the Break 3
1629102,Brandon Sampson,1610612741,0021800830,Driving Layup Shot,1,1,Restricted Area
1629102,Brandon Sampson,1610612741,0021800830,Driving Layup Shot,1,1,Restricted Area
1628374,Lauri Markkanen,1610612741,0021800843,Jump Shot,1,0,Above the Break 3
203897,Zach LaVine,1610612741,0021800843,Driving Floating Jump Shot,1,0,In The Paint (Non-RA)
1628374,Lauri Markkanen,1610612741,0021800843,Driving Layup Shot,1,0,In The Paint (Non-RA)
203490,Otto Porter Jr.,1610612741,0021800843,Jump Shot,1,1,Mid-Range
201577,Robin Lopez,1610612741,0021800843,Driving Dunk Shot,1,0,Restricted Area
1628374,Lauri Markkanen,1610612741,0021800843,Finger Roll Layup Shot,1,0,In The Paint (Non-RA)
1628374,Lauri Markkanen,1610612741,0021800843,Jump Shot,1,1,Right Corner 3
1628374,Lauri Markkanen,1610612741,0021800843,Driving Layup Shot,1,0,Restricted Area
201577,Robin Lopez,1610612741,0021800843,Driving Hook Shot,1,1,In The Paint (Non-RA)
203897,Zach LaVine,1610612741,0021800843,Driving Reverse Layup Shot,1,1,Restricted Area
203897,Zach LaVine,1610612741,0021800843,Running Layup Shot,1,0,Restricted Area
1628374,Lauri Markkanen,1610612741,0021800843,Tip Dunk Shot,1,1,Restricted Area
201577,Robin Lopez,1610612741,0021800843,Hook Shot,1,0,In The Paint (Non-RA)
203490,Otto Porter Jr.,1610612741,0021800843,Pullup Jump shot,1,0,Mid-Range
1627739,Kris Dunn,1610612741,0021800843,Jump Shot,1,0,Mid-Range
203897,Zach LaVine,1610612741,0021800843,Cutting Layup Shot,1,1,Restricted Area
1628374,Lauri Markkanen,1610612741,0021800843,Jump Shot,1,0,Above the Break 3
1627782,Wayne Selden,1610612741,0021800843,Jump Shot,1,0,Left Corner 3
203897,Zach LaVine,1610612741,0021800843,Step Back Jump shot,1,1,Left Corner 3
1627739,Kris Dunn,1610612741,0021800843,Floating Jump shot,1,0,In The Paint (Non-RA)
1628374,Lauri Markkanen,1610612741,0021800843,Jump Shot,1,0,Above the Break 3
1627782,Wayne Selden,1610612741,0021800843,Layup Shot,1,0,Restricted Area
1627739,Kris Dunn,1610612741,0021800843,Jump Shot,1,0,Above the Break 3
201577,Robin Lopez,1610612741,0021800843,Tip Layup Shot,1,1,Restricted Area
201577,Robin Lopez,1610612741,0021800843,Turnaround Jump Shot,1,0,Restricted Area
1627789,Timothe Luwawu-Cabarrot,1610612741,0021800843,Jump Shot,1,1,Above the Break 3
1627739,Kris Dunn,1610612741,0021800843,Jump Shot,1,0,Restricted Area
1627782,Wayne Selden,1610612741,0021800843,Jump Shot,1,0,Above the Break 3
203490,Otto Porter Jr.,1610612741,0021800843,Jump Shot,1,1,Above the Break 3
1627782,Wayne Selden,1610612741,0021800843,Jump Shot,1,0,Right Corner 3
1627782,Wayne Selden,1610612741,0021800843,Jump Shot,1,1,In The Paint (Non-RA)
1627789,Timothe Luwawu-Cabarrot,1610612741,0021800843,Jump Shot,1,1,Above the Break 3
203490,Otto Porter Jr.,1610612741,0021800843,Layup Shot,1,0,Restricted Area
203490,Otto Porter Jr.,1610612741,0021800843,Jump Shot,1,0,Above the Break 3
1627853,Ryan Arcidiacono,1610612741,0021800843,Driving Layup Shot,1,1,Restricted Area
1627789,Timothe Luwawu-Cabarrot,1610612741,0021800843,Cutting Layup Shot,1,0,Restricted Area
1628374,Lauri Markkanen,1610612741,0021800843,Jump Shot,1,0,Above the Break 3
203897,Zach LaVine,1610612741,0021800843,Jump Shot,1,1,Above the Break 3
203897,Zach LaVine,1610612741,0021800843,Layup Shot,1,1,Restricted Area
203897,Zach LaVine,1610612741,0021800843,Jump Shot,1,1,Above the Break 3
203897,Zach LaVine,1610612741,0021800843,Jump Shot,1,0,Above the Break 3
201577,Robin Lopez,1610612741,0021800843,Turnaround Hook Shot,1,0,Restricted Area
1628374,Lauri Markkanen,1610612741,0021800843,Driving Layup Shot,1,1,Restricted Area
1627739,Kris Dunn,1610612741,0021800843,Driving Layup Shot,1,0,Restricted Area
201577,Robin Lopez,1610612741,0021800843,Tip Layup Shot,1,1,Restricted Area
1628374,Lauri Markkanen,1610612741,0021800843,Pullup Jump shot,1,1,In The Paint (Non-RA)
203897,Zach LaVine,1610612741,0021800843,Driving Layup Shot,1,0,Restricted Area
1627782,Wayne Selden,1610612741,0021800843,Jump Shot,1,0,Mid-Range
203897,Zach LaVine,1610612741,0021800843,Jump Shot,1,0,In The Paint (Non-RA)
1628374,Lauri Markkanen,1610612741,0021800843,Jump Shot,1,0,Above the Break 3
1627739,Kris Dunn,1610612741,0021800843,Jump Shot,1,0,In The Paint (Non-RA)
203490,Otto Porter Jr.,1610612741,0021800843,Jump Shot,1,1,Mid-Range
1627739,Kris Dunn,1610612741,0021800843,Jump Shot,1,0,In The Paint (Non-RA)
1628374,Lauri Markkanen,1610612741,0021800843,Jump Shot,1,0,Restricted Area
201577,Robin Lopez,1610612741,0021800843,Cutting Layup Shot,1,1,Restricted Area
203490,Otto Porter Jr.,1610612741,0021800843,Jump Shot,1,0,In The Paint (Non-RA)
1628374,Lauri Markkanen,1610612741,0021800843,Jump Shot,1,0,Above the Break 3
1627739,Kris Dunn,1610612741,0021800843,Jump Shot,1,1,Mid-Range
203490,Otto Porter Jr.,1610612741,0021800843,Pullup Jump shot,1,1,Mid-Range
201577,Robin Lopez,1610612741,0021800843,Dunk Shot,1,1,Restricted Area
1628374,Lauri Markkanen,1610612741,0021800843,Driving Layup Shot,1,0,Restricted Area
1628374,Lauri Markkanen,1610612741,0021800843,Driving Layup Shot,1,0,Restricted Area
203897,Zach LaVine,1610612741,0021800843,Driving Layup Shot,1,1,Restricted Area
203490,Otto Porter Jr.,1610612741,0021800843,Jump Shot,1,1,Left Corner 3
1627739,Kris Dunn,1610612741,0021800843,Layup Shot,1,0,Restricted Area
203897,Zach LaVine,1610612741,0021800843,Jump Shot,1,0,Mid-Range
1627782,Wayne Selden,1610612741,0021800843,Jump Shot,1,0,In The Paint (Non-RA)
1628374,Lauri Markkanen,1610612741,0021800843,Tip Layup Shot,1,0,Restricted Area
1627782,Wayne Selden,1610612741,0021800843,Driving Layup Shot,1,1,Restricted Area
1627789,Timothe Luwawu-Cabarrot,1610612741,0021800843,Jump Shot,1,0,Restricted Area
1628374,Lauri Markkanen,1610612741,0021800843,Jump Shot,1,0,In The Paint (Non-RA)
1627885,Shaquille Harrison,1610612741,0021800843,Jump Shot,1,0,Above the Break 3
1628374,Lauri Markkanen,1610612741,0021800843,Jump Shot,1,0,Mid-Range
1627885,Shaquille Harrison,1610612741,0021800843,Jump Shot,1,0,Left Corner 3
1627789,Timothe Luwawu-Cabarrot,1610612741,0021800843,Driving Layup Shot,1,1,Restricted Area
1627782,Wayne Selden,1610612741,0021800843,Driving Layup Shot,1,0,Restricted Area
1627853,Ryan Arcidiacono,1610612741,0021800843,Jump Shot,1,0,Above the Break 3
203490,Otto Porter Jr.,1610612741,0021800843,Driving Layup Shot,1,1,Restricted Area
203897,Zach LaVine,1610612741,0021800843,Driving Layup Shot,1,0,Restricted Area
1627782,Wayne Selden,1610612741,0021800843,Jump Shot,1,0,In The Paint (Non-RA)
1627789,Timothe Luwawu-Cabarrot,1610612741,0021800843,Jump Shot,1,0,Right Corner 3
1628374,Lauri Markkanen,1610612741,0021800843,Dunk Shot,1,1,Restricted Area
201577,Robin Lopez,1610612741,0021800843,Jump Shot,1,1,Mid-Range
203490,Otto Porter Jr.,1610612741,0021800843,Jump Shot,1,1,Mid-Range
203490,Otto Porter Jr.,1610612741,0021800843,Jump Shot,1,0,Above the Break 3
203897,Zach LaVine,1610612741,0021800843,Driving Layup Shot,1,1,Restricted Area
201577,Robin Lopez,1610612741,0021800843,Jump Shot,1,1,Mid-Range
1628374,Lauri Markkanen,1610612741,0021800843,Alley Oop Layup shot,1,1,Restricted Area
201577,Robin Lopez,1610612741,0021800843,Turnaround Hook Shot,1,1,In The Paint (Non-RA)
203490,Otto Porter Jr.,1610612741,0021800843,Jump Shot,1,0,Mid-Range
203897,Zach LaVine,1610612741,0021800843,Jump Shot,1,1,Above the Break 3
203897,Zach LaVine,1610612741,0021800843,Driving Layup Shot,1,0,In The Paint (Non-RA)
203490,Otto Porter Jr.,1610612741,0021800843,Driving Floating Jump Shot,1,0,Mid-Range
203897,Zach LaVine,1610612741,0021800843,Jump Shot,1,0,Above the Break 3
201577,Robin Lopez,1610612741,0021800843,Jump Shot,1,0,Above the Break 3
203897,Zach LaVine,1610612741,0021800843,Driving Layup Shot,1,0,Restricted Area
201577,Robin Lopez,1610612741,0021800858,Cutting Layup Shot,1,1,Restricted Area
201577,Robin Lopez,1610612741,0021800858,Layup Shot,1,1,Restricted Area
203897,Zach LaVine,1610612741,0021800858,Jump Shot,1,1,Above the Break 3
203490,Otto Porter Jr.,1610612741,0021800858,Jump Shot,1,1,Above the Break 3
203490,Otto Porter Jr.,1610612741,0021800858,Running Dunk Shot,1,1,Restricted Area
201577,Robin Lopez,1610612741,0021800858,Hook Shot,1,1,In The Paint (Non-RA)
1628374,Lauri Markkanen,1610612741,0021800858,Dunk Shot,1,1,Restricted Area
1627853,Ryan Arcidiacono,1610612741,0021800858,Layup Shot,1,1,Restricted Area
201577,Robin Lopez,1610612741,0021800858,Floating Jump shot,1,1,In The Paint (Non-RA)
203897,Zach LaVine,1610612741,0021800858,Jump Shot,1,0,Above the Break 3
203490,Otto Porter Jr.,1610612741,0021800858,Step Back Jump shot,1,1,Above the Break 3
203897,Zach LaVine,1610612741,0021800858,Reverse Layup Shot,1,1,Restricted Area
201577,Robin Lopez,1610612741,0021800858,Driving Layup Shot,1,1,Restricted Area
203897,Zach LaVine,1610612741,0021800858,Pullup Jump shot,1,0,Above the Break 3
201577,Robin Lopez,1610612741,0021800858,Cutting Dunk Shot,1,1,Restricted Area
1627782,Wayne Selden,1610612741,0021800858,Jump Shot,1,0,Above the Break 3
203897,Zach LaVine,1610612741,0021800858,Driving Layup Shot,1,0,Restricted Area
1628374,Lauri Markkanen,1610612741,0021800858,Jump Shot,1,1,Above the Break 3
1628374,Lauri Markkanen,1610612741,0021800858,Jump Shot,1,0,Above the Break 3
1627782,Wayne Selden,1610612741,0021800858,Pullup Jump shot,1,0,In The Paint (Non-RA)
1627853,Ryan Arcidiacono,1610612741,0021800858,Driving Layup Shot,1,0,Restricted Area
1627885,Shaquille Harrison,1610612741,0021800858,Driving Layup Shot,1,1,Restricted Area
203490,Otto Porter Jr.,1610612741,0021800858,Fadeaway Jump Shot,1,1,Mid-Range
1627782,Wayne Selden,1610612741,0021800858,Jump Shot,1,0,Above the Break 3
1626245,Cristiano Felicio,1610612741,0021800858,Putback Layup Shot,1,1,Restricted Area
1626245,Cristiano Felicio,1610612741,0021800858,Driving Layup Shot,1,0,Restricted Area
1627789,Timothe Luwawu-Cabarrot,1610612741,0021800858,Driving Layup Shot,1,0,In The Paint (Non-RA)
203490,Otto Porter Jr.,1610612741,0021800858,Running Layup Shot,1,1,Restricted Area
1627789,Timothe Luwawu-Cabarrot,1610612741,0021800858,Jump Shot,1,0,Above the Break 3
203490,Otto Porter Jr.,1610612741,0021800858,Step Back Jump shot,1,0,Mid-Range
203897,Zach LaVine,1610612741,0021800858,Driving Floating Jump Shot,1,0,In The Paint (Non-RA)
203897,Zach LaVine,1610612741,0021800858,Putback Layup Shot,1,1,Restricted Area
201577,Robin Lopez,1610612741,0021800858,Driving Hook Shot,1,0,In The Paint (Non-RA)
201577,Robin Lopez,1610612741,0021800858,Tip Layup Shot,1,0,Restricted Area
203490,Otto Porter Jr.,1610612741,0021800858,Pullup Jump shot,1,1,Mid-Range
1628374,Lauri Markkanen,1610612741,0021800858,Jump Shot,1,1,Above the Break 3
203490,Otto Porter Jr.,1610612741,0021800858,Jump Shot,1,1,Mid-Range
201577,Robin Lopez,1610612741,0021800858,Hook Shot,1,1,Restricted Area
203490,Otto Porter Jr.,1610612741,0021800858,Jump Shot,1,1,Above the Break 3
1628374,Lauri Markkanen,1610612741,0021800858,Jump Shot,1,0,Above the Break 3
203490,Otto Porter Jr.,1610612741,0021800858,Driving Floating Jump Shot,1,1,In The Paint (Non-RA)
1628374,Lauri Markkanen,1610612741,0021800858,Jump Shot,1,0,Above the Break 3
1628374,Lauri Markkanen,1610612741,0021800858,Driving Layup Shot,1,0,Restricted Area
203490,Otto Porter Jr.,1610612741,0021800858,Jump Shot,1,1,Mid-Range
203490,Otto Porter Jr.,1610612741,0021800858,Dunk Shot,1,1,Restricted Area
203490,Otto Porter Jr.,1610612741,0021800858,Jump Shot,1,0,Right Corner 3
203897,Zach LaVine,1610612741,0021800858,Layup Shot,1,1,Restricted Area
201577,Robin Lopez,1610612741,0021800858,Hook Shot,1,0,Restricted Area
203897,Zach LaVine,1610612741,0021800858,Driving Layup Shot,1,1,Restricted Area
201577,Robin Lopez,1610612741,0021800858,Layup Shot,1,1,Restricted Area
201577,Robin Lopez,1610612741,0021800858,Jump Shot,1,0,Above the Break 3
201577,Robin Lopez,1610612741,0021800858,Cutting Layup Shot,1,1,Restricted Area
203897,Zach LaVine,1610612741,0021800858,Driving Layup Shot,1,0,Restricted Area
1626245,Cristiano Felicio,1610612741,0021800858,Hook Shot,1,0,In The Paint (Non-RA)
1628374,Lauri Markkanen,1610612741,0021800858,Turnaround Fadeaway Bank Jump Shot,1,1,In The Paint (Non-RA)
1628374,Lauri Markkanen,1610612741,0021800858,Pullup Jump shot,1,0,Mid-Range
1628374,Lauri Markkanen,1610612741,0021800858,Jump Shot,1,0,Mid-Range
203490,Otto Porter Jr.,1610612741,0021800858,Pullup Jump shot,1,1,In The Paint (Non-RA)
1627782,Wayne Selden,1610612741,0021800858,Jump Shot,1,1,Above the Break 3
1627885,Shaquille Harrison,1610612741,0021800858,Driving Layup Shot,1,1,Restricted Area
1627885,Shaquille Harrison,1610612741,0021800858,Layup Shot,1,0,In The Paint (Non-RA)
1627885,Shaquille Harrison,1610612741,0021800858,Putback Layup Shot,1,1,Restricted Area
1627782,Wayne Selden,1610612741,0021800858,Pullup Jump shot,1,1,Mid-Range
203490,Otto Porter Jr.,1610612741,0021800858,Pullup Jump shot,1,1,Mid-Range
1627789,Timothe Luwawu-Cabarrot,1610612741,0021800858,Jump Shot,1,0,In The Paint (Non-RA)
1627782,Wayne Selden,1610612741,0021800858,Layup Shot,1,0,Restricted Area
1627782,Wayne Selden,1610612741,0021800858,Pullup Jump shot,1,0,Mid-Range
203490,Otto Porter Jr.,1610612741,0021800858,Jump Shot,1,0,Above the Break 3
203490,Otto Porter Jr.,1610612741,0021800858,Step Back Jump shot,1,0,Mid-Range
1628374,Lauri Markkanen,1610612741,0021800858,Driving Layup Shot,1,0,Restricted Area
201577,Robin Lopez,1610612741,0021800858,Layup Shot,1,0,In The Paint (Non-RA)
203490,Otto Porter Jr.,1610612741,0021800858,Jump Bank Shot,1,1,In The Paint (Non-RA)
1628374,Lauri Markkanen,1610612741,0021800858,Fadeaway Jump Shot,1,1,In The Paint (Non-RA)
203490,Otto Porter Jr.,1610612741,0021800858,Pullup Jump shot,1,1,Mid-Range
201577,Robin Lopez,1610612741,0021800858,Tip Layup Shot,1,1,Restricted Area
1628374,Lauri Markkanen,1610612741,0021800858,Layup Shot,1,0,Restricted Area
203490,Otto Porter Jr.,1610612741,0021800858,Pullup Jump shot,1,1,Mid-Range
1628374,Lauri Markkanen,1610612741,0021800858,Jump Shot,1,1,Above the Break 3
1626245,Cristiano Felicio,1610612741,0021800858,Cutting Layup Shot,1,1,Restricted Area
1627789,Timothe Luwawu-Cabarrot,1610612741,0021800858,Jump Shot,1,0,Above the Break 3
1627739,Kris Dunn,1610612741,0021800875,Layup Shot,1,1,Restricted Area
1628374,Lauri Markkanen,1610612741,0021800875,Running Layup Shot,1,0,Restricted Area
1628374,Lauri Markkanen,1610612741,0021800875,Jump Shot,1,0,Above the Break 3
203897,Zach LaVine,1610612741,0021800875,Jump Shot,1,1,Above the Break 3
203490,Otto Porter Jr.,1610612741,0021800875,Jump Shot,1,1,Above the Break 3
203490,Otto Porter Jr.,1610612741,0021800875,Jump Shot,1,0,Above the Break 3
1628374,Lauri Markkanen,1610612741,0021800875,Jump Shot,1,0,Above the Break 3
1628374,Lauri Markkanen,1610612741,0021800875,Jump Shot,1,0,Above the Break 3
203490,Otto Porter Jr.,1610612741,0021800875,Driving Floating Jump Shot,1,0,In The Paint (Non-RA)
203490,Otto Porter Jr.,1610612741,0021800875,Floating Jump shot,1,0,In The Paint (Non-RA)
201577,Robin Lopez,1610612741,0021800875,Driving Hook Shot,1,1,In The Paint (Non-RA)
1628374,Lauri Markkanen,1610612741,0021800875,Driving Floating Bank Jump Shot,1,1,In The Paint (Non-RA)
1628374,Lauri Markkanen,1610612741,0021800875,Running Layup Shot,1,0,In The Paint (Non-RA)
201577,Robin Lopez,1610612741,0021800875,Hook Shot,1,1,In The Paint (Non-RA)
1627739,Kris Dunn,1610612741,0021800875,Step Back Jump shot,1,1,Mid-Range
203897,Zach LaVine,1610612741,0021800875,Driving Floating Jump Shot,1,0,In The Paint (Non-RA)
1627853,Ryan Arcidiacono,1610612741,0021800875,Pullup Jump shot,1,1,Mid-Range
201577,Robin Lopez,1610612741,0021800875,Driving Layup Shot,1,0,Restricted Area
203490,Otto Porter Jr.,1610612741,0021800875,Pullup Jump shot,1,0,Mid-Range
1627782,Wayne Selden,1610612741,0021800875,Driving Dunk Shot,1,1,Restricted Area
1627782,Wayne Selden,1610612741,0021800875,Jump Shot,1,0,Above the Break 3
1627789,Timothe Luwawu-Cabarrot,1610612741,0021800875,Jump Shot,1,0,Right Corner 3
203490,Otto Porter Jr.,1610612741,0021800875,Driving Layup Shot,1,0,Restricted Area
203490,Otto Porter Jr.,1610612741,0021800875,Pullup Jump shot,1,1,Mid-Range
1628374,Lauri Markkanen,1610612741,0021800875,Driving Floating Bank Jump Shot,1,1,In The Paint (Non-RA)
1627782,Wayne Selden,1610612741,0021800875,Driving Layup Shot,1,0,Restricted Area
1628374,Lauri Markkanen,1610612741,0021800875,Jump Shot,1,1,Above the Break 3
1628374,Lauri Markkanen,1610612741,0021800875,Jump Bank Shot,1,1,Mid-Range
1628374,Lauri Markkanen,1610612741,0021800875,Driving Layup Shot,1,0,In The Paint (Non-RA)
1627853,Ryan Arcidiacono,1610612741,0021800875,Pullup Jump shot,1,0,Above the Break 3
1627782,Wayne Selden,1610612741,0021800875,Driving Reverse Layup Shot,1,1,Restricted Area
201577,Robin Lopez,1610612741,0021800875,Turnaround Hook Shot,1,1,In The Paint (Non-RA)
1628374,Lauri Markkanen,1610612741,0021800875,Turnaround Fadeaway shot,1,0,In The Paint (Non-RA)
1627885,Shaquille Harrison,1610612741,0021800875,Driving Layup Shot,1,0,In The Paint (Non-RA)
201577,Robin Lopez,1610612741,0021800875,Hook Shot,1,0,In The Paint (Non-RA)
203897,Zach LaVine,1610612741,0021800875,Jump Shot,1,0,Right Corner 3
201577,Robin Lopez,1610612741,0021800875,Hook Shot,1,0,In The Paint (Non-RA)
201577,Robin Lopez,1610612741,0021800875,Hook Shot,1,1,In The Paint (Non-RA)
1627739,Kris Dunn,1610612741,0021800875,Pullup Jump shot,1,0,Mid-Range
1627739,Kris Dunn,1610612741,0021800875,Turnaround Fadeaway Bank Jump Shot,1,0,Mid-Range
203490,Otto Porter Jr.,1610612741,0021800875,Jump Shot,1,0,Left Corner 3
1627782,Wayne Selden,1610612741,0021800875,Jump Shot,1,0,Above the Break 3
203897,Zach LaVine,1610612741,0021800875,Step Back Jump shot,1,1,Left Corner 3
203897,Zach LaVine,1610612741,0021800875,Jump Shot,1,1,Above the Break 3
203897,Zach LaVine,1610612741,0021800875,Pullup Jump shot,1,1,Above the Break 3
201577,Robin Lopez,1610612741,0021800875,Hook Shot,1,1,In The Paint (Non-RA)
1627739,Kris Dunn,1610612741,0021800875,Pullup Jump shot,1,0,Mid-Range
203490,Otto Porter Jr.,1610612741,0021800875,Jump Shot,1,1,Left Corner 3
203490,Otto Porter Jr.,1610612741,0021800875,Jump Shot,1,0,Above the Break 3
1627739,Kris Dunn,1610612741,0021800875,Pullup Jump shot,1,1,Mid-Range
201577,Robin Lopez,1610612741,0021800875,Layup Shot,1,1,Restricted Area
1628374,Lauri Markkanen,1610612741,0021800875,Pullup Jump shot,1,1,Mid-Range
1628374,Lauri Markkanen,1610612741,0021800875,Running Layup Shot,1,0,In The Paint (Non-RA)
1628374,Lauri Markkanen,1610612741,0021800875,Jump Shot,1,1,Above the Break 3
203897,Zach LaVine,1610612741,0021800875,Step Back Jump shot,1,1,Mid-Range
203897,Zach LaVine,1610612741,0021800875,Running Pull-Up Jump Shot,1,1,Above the Break 3
203897,Zach LaVine,1610612741,0021800875,Step Back Jump shot,1,0,Mid-Range
1628374,Lauri Markkanen,1610612741,0021800875,Step Back Jump shot,1,1,Above the Break 3
1628374,Lauri Markkanen,1610612741,0021800875,Jump Shot,1,1,Above the Break 3
1627739,Kris Dunn,1610612741,0021800875,Jump Shot,1,0,Above the Break 3
201577,Robin Lopez,1610612741,0021800875,Hook Shot,1,1,In The Paint (Non-RA)
1628374,Lauri Markkanen,1610612741,0021800875,Jump Shot,1,0,Above the Break 3
203897,Zach LaVine,1610612741,0021800875,Driving Layup Shot,1,0,Restricted Area
1626245,Cristiano Felicio,1610612741,0021800875,Tip Dunk Shot,1,0,Restricted Area
203897,Zach LaVine,1610612741,0021800875,Putback Layup Shot,1,0,Restricted Area
1627782,Wayne Selden,1610612741,0021800875,Jump Shot,1,0,Mid-Range
1626245,Cristiano Felicio,1610612741,0021800875,Alley Oop Dunk Shot,1,1,Restricted Area
1627885,Shaquille Harrison,1610612741,0021800875,Driving Layup Shot,1,1,Restricted Area
1627885,Shaquille Harrison,1610612741,0021800875,Turnaround Jump Shot,1,1,In The Paint (Non-RA)
203490,Otto Porter Jr.,1610612741,0021800875,Pullup Jump shot,1,0,Mid-Range
1626245,Cristiano Felicio,1610612741,0021800875,Driving Layup Shot,1,0,Restricted Area
1628374,Lauri Markkanen,1610612741,0021800875,Hook Shot,1,0,Restricted Area
1627853,Ryan Arcidiacono,1610612741,0021800875,Driving Layup Shot,1,1,Restricted Area
1627782,Wayne Selden,1610612741,0021800875,Jump Shot,1,0,Above the Break 3
203490,Otto Porter Jr.,1610612741,0021800875,Floating Jump shot,1,1,In The Paint (Non-RA)
1628374,Lauri Markkanen,1610612741,0021800875,Step Back Jump shot,1,0,Mid-Range
1627885,Shaquille Harrison,1610612741,0021800875,Running Dunk Shot,1,1,Restricted Area
1628374,Lauri Markkanen,1610612741,0021800875,Jump Shot,1,0,Above the Break 3
201577,Robin Lopez,1610612741,0021800875,Hook Shot,1,0,In The Paint (Non-RA)
1627739,Kris Dunn,1610612741,0021800875,Jump Shot,1,0,Right Corner 3
203490,Otto Porter Jr.,1610612741,0021800875,Floating Jump shot,1,0,Mid-Range
201577,Robin Lopez,1610612741,0021800875,Hook Shot,1,0,In The Paint (Non-RA)
203490,Otto Porter Jr.,1610612741,0021800875,Jump Shot,1,1,Mid-Range
1627739,Kris Dunn,1610612741,0021800875,Driving Floating Jump Shot,1,1,In The Paint (Non-RA)
203897,Zach LaVine,1610612741,0021800875,Step Back Jump shot,1,0,Mid-Range
203490,Otto Porter Jr.,1610612741,0021800875,Step Back Jump shot,1,1,Above the Break 3
203897,Zach LaVine,1610612741,0021800875,Pullup Jump shot,1,0,In The Paint (Non-RA)
1628374,Lauri Markkanen,1610612741,0021800875,Pullup Jump shot,1,0,Above the Break 3
203897,Zach LaVine,1610612741,0021800875,Fadeaway Jump Shot,1,0,Mid-Range
201577,Robin Lopez,1610612741,0021800875,Putback Layup Shot,1,1,Restricted Area
1628374,Lauri Markkanen,1610612741,0021800889,Jump Shot,1,0,Right Corner 3
203490,Otto Porter Jr.,1610612741,0021800889,Jump Shot,1,0,Above the Break 3
203897,Zach LaVine,1610612741,0021800889,Driving Layup Shot,1,1,Restricted Area
201577,Robin Lopez,1610612741,0021800889,Layup Shot,1,1,Restricted Area
1628374,Lauri Markkanen,1610612741,0021800889,Jump Shot,1,0,Above the Break 3
1628374,Lauri Markkanen,1610612741,0021800889,Cutting Layup Shot,1,1,Restricted Area
201577,Robin Lopez,1610612741,0021800889,Hook Shot,1,0,Restricted Area
203897,Zach LaVine,1610612741,0021800889,Pullup Jump shot,1,1,Above the Break 3
203897,Zach LaVine,1610612741,0021800889,Pullup Jump shot,1,1,Above the Break 3
203897,Zach LaVine,1610612741,0021800889,Jump Shot,1,0,Above the Break 3
201577,Robin Lopez,1610612741,0021800889,Reverse Layup Shot,1,1,Restricted Area
203490,Otto Porter Jr.,1610612741,0021800889,Pullup Jump shot,1,0,Mid-Range
201577,Robin Lopez,1610612741,0021800889,Cutting Layup Shot,1,1,Restricted Area
1627739,Kris Dunn,1610612741,0021800889,Driving Layup Shot,1,0,Restricted Area
1627739,Kris Dunn,1610612741,0021800889,Putback Layup Shot,1,1,Restricted Area
1628374,Lauri Markkanen,1610612741,0021800889,Driving Layup Shot,1,0,Restricted Area
1627739,Kris Dunn,1610612741,0021800889,Jump Shot,1,0,Above the Break 3
203490,Otto Porter Jr.,1610612741,0021800889,Pullup Jump shot,1,0,Above the Break 3
1627739,Kris Dunn,1610612741,0021800889,Jump Shot,1,0,Above the Break 3
1628374,Lauri Markkanen,1610612741,0021800889,Jump Shot,1,1,Mid-Range
203897,Zach LaVine,1610612741,0021800889,Fadeaway Jump Shot,1,0,Mid-Range
1628374,Lauri Markkanen,1610612741,0021800889,Jump Shot,1,0,Above the Break 3
203897,Zach LaVine,1610612741,0021800889,Driving Layup Shot,1,1,Restricted Area
203897,Zach LaVine,1610612741,0021800889,Jump Shot,1,1,Mid-Range
1626245,Cristiano Felicio,1610612741,0021800889,Driving Layup Shot,1,0,Restricted Area
1627789,Timothe Luwawu-Cabarrot,1610612741,0021800889,Layup Shot,1,0,Restricted Area
1626245,Cristiano Felicio,1610612741,0021800889,Turnaround Hook Shot,1,1,Restricted Area
1627782,Wayne Selden,1610612741,0021800889,Running Layup Shot,1,1,Restricted Area
1627789,Timothe Luwawu-Cabarrot,1610612741,0021800889,Jump Shot,1,1,Right Corner 3
1627853,Ryan Arcidiacono,1610612741,0021800889,Jump Shot,1,1,Above the Break 3
1627782,Wayne Selden,1610612741,0021800889,Jump Shot,1,0,Above the Break 3
1626245,Cristiano Felicio,1610612741,0021800889,Jump Shot,1,1,In The Paint (Non-RA)
1626245,Cristiano Felicio,1610612741,0021800889,Cutting Layup Shot,1,1,Restricted Area
1626245,Cristiano Felicio,1610612741,0021800889,Jump Shot,1,0,In The Paint (Non-RA)
1627885,Shaquille Harrison,1610612741,0021800889,Layup Shot,1,1,Restricted Area
203897,Zach LaVine,1610612741,0021800889,Jump Shot,1,0,Mid-Range
203897,Zach LaVine,1610612741,0021800889,Alley Oop Layup shot,1,1,Restricted Area
1628374,Lauri Markkanen,1610612741,0021800889,Running Layup Shot,1,1,Restricted Area
203897,Zach LaVine,1610612741,0021800889,Jump Shot,1,1,Above the Break 3
1628374,Lauri Markkanen,1610612741,0021800889,Layup Shot,1,1,Restricted Area
1627853,Ryan Arcidiacono,1610612741,0021800889,Jump Shot,1,1,Above the Break 3
1627853,Ryan Arcidiacono,1610612741,0021800889,Jump Shot,1,0,Above the Break 3
203897,Zach LaVine,1610612741,0021800889,Putback Layup Shot,1,0,Restricted Area
203897,Zach LaVine,1610612741,0021800889,Jump Shot,1,0,Above the Break 3
203490,Otto Porter Jr.,1610612741,0021800889,Pullup Jump shot,1,0,Mid-Range
203897,Zach LaVine,1610612741,0021800889,Jump Bank Shot,1,1,Mid-Range
203897,Zach LaVine,1610612741,0021800889,Driving Layup Shot,1,0,Restricted Area
1628374,Lauri Markkanen,1610612741,0021800889,Putback Layup Shot,1,1,Restricted Area
203897,Zach LaVine,1610612741,0021800889,Jump Shot,1,1,Mid-Range
1628374,Lauri Markkanen,1610612741,0021800889,Jump Bank Shot,1,1,In The Paint (Non-RA)
201577,Robin Lopez,1610612741,0021800889,Hook Shot,1,1,In The Paint (Non-RA)
201577,Robin Lopez,1610612741,0021800889,Floating Jump shot,1,1,In The Paint (Non-RA)
203897,Zach LaVine,1610612741,0021800889,Pullup Jump shot,1,1,Above the Break 3
203897,Zach LaVine,1610612741,0021800889,Driving Reverse Layup Shot,1,1,Restricted Area
203897,Zach LaVine,1610612741,0021800889,Pullup Jump shot,1,1,Above the Break 3
203897,Zach LaVine,1610612741,0021800889,Jump Shot,1,0,Above the Break 3
203897,Zach LaVine,1610612741,0021800889,Fadeaway Jump Shot,1,1,Mid-Range
1628374,Lauri Markkanen,1610612741,0021800889,Jump Shot,1,1,Above the Break 3
203897,Zach LaVine,1610612741,0021800889,Pullup Jump shot,1,0,Above the Break 3
203897,Zach LaVine,1610612741,0021800889,Pullup Jump shot,1,0,Mid-Range
1627739,Kris Dunn,1610612741,0021800889,Jump Shot,1,1,In The Paint (Non-RA)
1627782,Wayne Selden,1610612741,0021800889,Layup Shot,1,1,In The Paint (Non-RA)
1628374,Lauri Markkanen,1610612741,0021800889,Driving Floating Jump Shot,1,0,In The Paint (Non-RA)
1627789,Timothe Luwawu-Cabarrot,1610612741,0021800889,Layup Shot,1,0,Restricted Area
1627782,Wayne Selden,1610612741,0021800889,Jump Shot,1,1,Right Corner 3
1627739,Kris Dunn,1610612741,0021800889,Jump Shot,1,0,In The Paint (Non-RA)
1627789,Timothe Luwawu-Cabarrot,1610612741,0021800889,Jump Shot,1,0,Above the Break 3
1627739,Kris Dunn,1610612741,0021800889,Pullup Jump shot,1,0,Mid-Range
203897,Zach LaVine,1610612741,0021800889,Jump Shot,1,0,Mid-Range
1627853,Ryan Arcidiacono,1610612741,0021800889,Jump Shot,1,0,Mid-Range
1628374,Lauri Markkanen,1610612741,0021800889,Jump Shot,1,1,Above the Break 3
1628374,Lauri Markkanen,1610612741,0021800889,Jump Shot,1,0,Above the Break 3
1628374,Lauri Markkanen,1610612741,0021800889,Driving Layup Shot,1,1,Restricted Area
203897,Zach LaVine,1610612741,0021800889,Driving Layup Shot,1,1,Restricted Area
203897,Zach LaVine,1610612741,0021800889,Driving Layup Shot,1,1,Restricted Area
1628374,Lauri Markkanen,1610612741,0021800889,Cutting Layup Shot,1,0,Restricted Area
203897,Zach LaVine,1610612741,0021800889,Driving Layup Shot,1,1,Restricted Area
201577,Robin Lopez,1610612741,0021800889,Driving Layup Shot,1,0,Restricted Area
203897,Zach LaVine,1610612741,0021800889,Step Back Jump shot,1,1,Mid-Range
1628374,Lauri Markkanen,1610612741,0021800889,Turnaround Jump Shot,1,1,Mid-Range
203897,Zach LaVine,1610612741,0021800889,Jump Shot,1,0,Above the Break 3
1628374,Lauri Markkanen,1610612741,0021800889,Jump Shot,1,1,Above the Break 3
1627782,Wayne Selden,1610612741,0021800889,Driving Floating Jump Shot,1,0,In The Paint (Non-RA)
1627782,Wayne Selden,1610612741,0021800889,Jump Shot,1,0,Above the Break 3
203897,Zach LaVine,1610612741,0021800889,Jump Shot,1,0,Above the Break 3
1628374,Lauri Markkanen,1610612741,0021800889,Tip Layup Shot,1,1,Restricted Area
1628374,Lauri Markkanen,1610612741,0021800889,Driving Layup Shot,1,0,In The Paint (Non-RA)
201577,Robin Lopez,1610612741,0021800889,Putback Layup Shot,1,1,Restricted Area
1628374,Lauri Markkanen,1610612741,0021800902,Jump Shot,1,1,Mid-Range
1628374,Lauri Markkanen,1610612741,0021800902,Layup Shot,1,0,In The Paint (Non-RA)
203897,Zach LaVine,1610612741,0021800902,Jump Shot,1,1,Left Corner 3
203897,Zach LaVine,1610612741,0021800902,Pullup Jump shot,1,1,Above the Break 3
201577,Robin Lopez,1610612741,0021800902,Driving Hook Shot,1,1,In The Paint (Non-RA)
1627853,Ryan Arcidiacono,1610612741,0021800902,Driving Floating Bank Jump Shot,1,0,In The Paint (Non-RA)
1628374,Lauri Markkanen,1610612741,0021800902,Fadeaway Jump Shot,1,0,Mid-Range
203897,Zach LaVine,1610612741,0021800902,Pullup Jump shot,1,0,Mid-Range
1628374,Lauri Markkanen,1610612741,0021800902,Pullup Jump shot,1,0,Mid-Range
201577,Robin Lopez,1610612741,0021800902,Floating Jump shot,1,1,In The Paint (Non-RA)
1627789,Timothe Luwawu-Cabarrot,1610612741,0021800902,Jump Shot,1,0,Above the Break 3
203897,Zach LaVine,1610612741,0021800902,Driving Layup Shot,1,0,Restricted Area
203897,Zach LaVine,1610612741,0021800902,Driving Dunk Shot,1,1,Restricted Area
1628374,Lauri Markkanen,1610612741,0021800902,Jump Shot,1,1,Above the Break 3
203897,Zach LaVine,1610612741,0021800902,Driving Layup Shot,1,0,Restricted Area
1628374,Lauri Markkanen,1610612741,0021800902,Tip Layup Shot,1,1,Restricted Area
1628374,Lauri Markkanen,1610612741,0021800902,Jump Shot,1,0,Above the Break 3
201577,Robin Lopez,1610612741,0021800902,Turnaround Hook Shot,1,1,In The Paint (Non-RA)
1628374,Lauri Markkanen,1610612741,0021800902,Jump Shot,1,1,Above the Break 3
201577,Robin Lopez,1610612741,0021800902,Turnaround Hook Shot,1,1,Restricted Area
1628374,Lauri Markkanen,1610612741,0021800902,Driving Floating Bank Jump Shot,1,1,In The Paint (Non-RA)
1628374,Lauri Markkanen,1610612741,0021800902,Layup Shot,1,1,Restricted Area
1628374,Lauri Markkanen,1610612741,0021800902,Jump Shot,1,0,Above the Break 3
1627853,Ryan Arcidiacono,1610612741,0021800902,Driving Floating Jump Shot,1,1,In The Paint (Non-RA)
1627789,Timothe Luwawu-Cabarrot,1610612741,0021800902,Driving Layup Shot,1,1,Restricted Area
203897,Zach LaVine,1610612741,0021800902,Driving Layup Shot,1,1,Restricted Area
1628469,Antonio Blakeney,1610612741,0021800902,Pullup Jump shot,1,0,In The Paint (Non-RA)
1627782,Wayne Selden,1610612741,0021800902,Pullup Jump shot,1,0,In The Paint (Non-RA)
1626245,Cristiano Felicio,1610612741,0021800902,Driving Floating Bank Jump Shot,1,0,In The Paint (Non-RA)
1627782,Wayne Selden,1610612741,0021800902,Driving Floating Jump Shot,1,1,In The Paint (Non-RA)
1626245,Cristiano Felicio,1610612741,0021800902,Cutting Layup Shot,1,0,Restricted Area
1627782,Wayne Selden,1610612741,0021800902,Jump Shot,1,0,Mid-Range
1628469,Antonio Blakeney,1610612741,0021800902,Jump Shot,1,0,Left Corner 3
203897,Zach LaVine,1610612741,0021800902,Step Back Jump shot,1,0,Mid-Range
1627782,Wayne Selden,1610612741,0021800902,Jump Shot,1,1,Above the Break 3
201577,Robin Lopez,1610612741,0021800902,Jump Shot,1,0,Mid-Range
201577,Robin Lopez,1610612741,0021800902,Turnaround Hook Shot,1,1,In The Paint (Non-RA)
203897,Zach LaVine,1610612741,0021800902,Driving Layup Shot,1,0,Restricted Area
1627782,Wayne Selden,1610612741,0021800902,Jump Shot,1,0,Left Corner 3
1628374,Lauri Markkanen,1610612741,0021800902,Fadeaway Jump Shot,1,0,Mid-Range
1627782,Wayne Selden,1610612741,0021800902,Jump Shot,1,0,Left Corner 3
1627853,Ryan Arcidiacono,1610612741,0021800902,Jump Shot,1,0,Above the Break 3
201577,Robin Lopez,1610612741,0021800902,Turnaround Jump Shot,1,0,In The Paint (Non-RA)
203897,Zach LaVine,1610612741,0021800902,Jump Shot,1,0,Above the Break 3
1627853,Ryan Arcidiacono,1610612741,0021800902,Jump Shot,1,1,Above the Break 3
1628374,Lauri Markkanen,1610612741,0021800902,Turnaround Jump Shot,1,1,Restricted Area
1627885,Shaquille Harrison,1610612741,0021800902,Jump Shot,1,0,Above the Break 3
1628374,Lauri Markkanen,1610612741,0021800902,Putback Layup Shot,1,1,Restricted Area
203897,Zach LaVine,1610612741,0021800902,Jump Shot,1,0,Above the Break 3
1628374,Lauri Markkanen,1610612741,0021800902,Floating Jump shot,1,1,In The Paint (Non-RA)
1627789,Timothe Luwawu-Cabarrot,1610612741,0021800902,Jump Shot,1,0,Left Corner 3
201577,Robin Lopez,1610612741,0021800902,Driving Hook Shot,1,0,In The Paint (Non-RA)
1628374,Lauri Markkanen,1610612741,0021800902,Driving Layup Shot,1,0,In The Paint (Non-RA)
1627789,Timothe Luwawu-Cabarrot,1610612741,0021800902,Cutting Layup Shot,1,1,Restricted Area
201577,Robin Lopez,1610612741,0021800902,Driving Reverse Layup Shot,1,1,Restricted Area
1628374,Lauri Markkanen,1610612741,0021800902,Pullup Jump shot,1,1,In The Paint (Non-RA)
1627789,Timothe Luwawu-Cabarrot,1610612741,0021800902,Pullup Jump shot,1,1,Mid-Range
1628374,Lauri Markkanen,1610612741,0021800902,Jump Shot,1,0,Above the Break 3
1627789,Timothe Luwawu-Cabarrot,1610612741,0021800902,Pullup Jump shot,1,0,Mid-Range
201577,Robin Lopez,1610612741,0021800902,Turnaround Hook Shot,1,1,Restricted Area
201577,Robin Lopez,1610612741,0021800902,Cutting Dunk Shot,1,0,Restricted Area
1627853,Ryan Arcidiacono,1610612741,0021800902,Driving Floating Jump Shot,1,0,In The Paint (Non-RA)
203897,Zach LaVine,1610612741,0021800902,Fadeaway Jump Shot,1,0,Mid-Range
1627789,Timothe Luwawu-Cabarrot,1610612741,0021800902,Jump Shot,1,1,Left Corner 3
201577,Robin Lopez,1610612741,0021800902,Driving Hook Shot,1,1,Restricted Area
1627789,Timothe Luwawu-Cabarrot,1610612741,0021800902,Driving Layup Shot,1,0,Restricted Area
1627789,Timothe Luwawu-Cabarrot,1610612741,0021800902,Jump Shot,1,0,Above the Break 3
201577,Robin Lopez,1610612741,0021800902,Driving Dunk Shot,1,1,Restricted Area
1628374,Lauri Markkanen,1610612741,0021800902,Driving Floating Bank Jump Shot,1,0,In The Paint (Non-RA)
1627782,Wayne Selden,1610612741,0021800902,Driving Layup Shot,1,0,Restricted Area
1628469,Antonio Blakeney,1610612741,0021800902,Jump Shot,1,1,In The Paint (Non-RA)
1627782,Wayne Selden,1610612741,0021800902,Jump Shot,1,0,Above the Break 3
1628469,Antonio Blakeney,1610612741,0021800902,Pullup Jump shot,1,0,Mid-Range
1628374,Lauri Markkanen,1610612741,0021800902,Jump Shot,1,1,Mid-Range
1627782,Wayne Selden,1610612741,0021800902,Driving Reverse Layup Shot,1,1,Restricted Area
201577,Robin Lopez,1610612741,0021800902,Jump Shot,1,0,Mid-Range
1628374,Lauri Markkanen,1610612741,0021800902,Jump Shot,1,0,Above the Break 3
1627853,Ryan Arcidiacono,1610612741,0021800902,Driving Floating Jump Shot,1,0,In The Paint (Non-RA)
1627782,Wayne Selden,1610612741,0021800902,Jump Shot,1,1,In The Paint (Non-RA)
1627853,Ryan Arcidiacono,1610612741,0021800902,Jump Shot,1,0,Left Corner 3
1628374,Lauri Markkanen,1610612741,0021800902,Floating Jump shot,1,0,In The Paint (Non-RA)
201577,Robin Lopez,1610612741,0021800902,Jump Shot,1,1,Above the Break 3
201577,Robin Lopez,1610612741,0021800902,Driving Hook Shot,1,0,Restricted Area
203897,Zach LaVine,1610612741,0021800902,Driving Layup Shot,1,0,Restricted Area
1626245,Cristiano Felicio,1610612741,0021800902,Cutting Layup Shot,1,1,Restricted Area
1627782,Wayne Selden,1610612741,0021800902,Running Layup Shot,1,0,Restricted Area
1627789,Timothe Luwawu-Cabarrot,1610612741,0021800902,Driving Layup Shot,1,1,Restricted Area
1628469,Antonio Blakeney,1610612741,0021800902,Pullup Jump shot,1,0,Mid-Range
1628469,Antonio Blakeney,1610612741,0021800902,Running Layup Shot,1,1,Restricted Area
1628469,Antonio Blakeney,1610612741,0021800902,Jump Shot,1,1,Left Corner 3
1627885,Shaquille Harrison,1610612741,0021800902,Jump Shot,1,0,Above the Break 3
1627782,Wayne Selden,1610612741,0021800902,Driving Layup Shot,1,1,Restricted Area
201577,Robin Lopez,1610612741,0021800916,Driving Layup Shot,1,0,In The Paint (Non-RA)
1627739,Kris Dunn,1610612741,0021800916,Layup Shot,1,0,Restricted Area
203490,Otto Porter Jr.,1610612741,0021800916,Driving Floating Jump Shot,1,1,In The Paint (Non-RA)
203897,Zach LaVine,1610612741,0021800916,Fadeaway Jump Shot,1,1,Mid-Range
203897,Zach LaVine,1610612741,0021800916,Layup Shot,1,0,Restricted Area
1628374,Lauri Markkanen,1610612741,0021800916,Fadeaway Jump Shot,1,1,Mid-Range
203490,Otto Porter Jr.,1610612741,0021800916,Pullup Jump shot,1,1,Mid-Range
201577,Robin Lopez,1610612741,0021800916,Turnaround Hook Shot,1,0,In The Paint (Non-RA)
203490,Otto Porter Jr.,1610612741,0021800916,Jump Shot,1,0,Left Corner 3
1628374,Lauri Markkanen,1610612741,0021800916,Driving Floating Jump Shot,1,0,In The Paint (Non-RA)
203490,Otto Porter Jr.,1610612741,0021800916,Jump Shot,1,1,Mid-Range
1628374,Lauri Markkanen,1610612741,0021800916,Driving Floating Jump Shot,1,0,In The Paint (Non-RA)
1628374,Lauri Markkanen,1610612741,0021800916,Jump Shot,1,0,Above the Break 3
201577,Robin Lopez,1610612741,0021800916,Dunk Shot,1,1,Restricted Area
203897,Zach LaVine,1610612741,0021800916,Reverse Layup Shot,1,1,Restricted Area
201577,Robin Lopez,1610612741,0021800916,Jump Shot,1,0,Above the Break 3
203897,Zach LaVine,1610612741,0021800916,Jump Shot,1,0,In The Paint (Non-RA)
203897,Zach LaVine,1610612741,0021800916,Running Dunk Shot,1,1,Restricted Area
1627853,Ryan Arcidiacono,1610612741,0021800916,Driving Floating Bank Jump Shot,1,1,In The Paint (Non-RA)
203897,Zach LaVine,1610612741,0021800916,Jump Shot,1,0,Above the Break 3
1627782,Wayne Selden,1610612741,0021800916,Running Pull-Up Jump Shot,1,1,Mid-Range
1628374,Lauri Markkanen,1610612741,0021800916,Jump Shot,1,0,Above the Break 3
201577,Robin Lopez,1610612741,0021800916,Turnaround Hook Shot,1,0,In The Paint (Non-RA)
203490,Otto Porter Jr.,1610612741,0021800916,Jump Shot,1,0,Mid-Range
1627853,Ryan Arcidiacono,1610612741,0021800916,Driving Layup Shot,1,0,Restricted Area
1626245,Cristiano Felicio,1610612741,0021800916,Alley Oop Dunk Shot,1,0,Restricted Area
203490,Otto Porter Jr.,1610612741,0021800916,Running Jump Shot,1,1,Above the Break 3
1626245,Cristiano Felicio,1610612741,0021800916,Tip Layup Shot,1,0,Restricted Area
1627885,Shaquille Harrison,1610612741,0021800916,Driving Floating Jump Shot,1,0,In The Paint (Non-RA)
1626245,Cristiano Felicio,1610612741,0021800916,Layup Shot,1,0,Restricted Area
1627782,Wayne Selden,1610612741,0021800916,Jump Shot,1,0,Above the Break 3
1627782,Wayne Selden,1610612741,0021800916,Fadeaway Jump Shot,1,0,In The Paint (Non-RA)
203490,Otto Porter Jr.,1610612741,0021800916,Pullup Jump shot,1,1,Mid-Range
1627885,Shaquille Harrison,1610612741,0021800916,Driving Reverse Layup Shot,1,1,Restricted Area
203490,Otto Porter Jr.,1610612741,0021800916,Pullup Jump shot,1,0,Above the Break 3
203897,Zach LaVine,1610612741,0021800916,Running Dunk Shot,1,1,Restricted Area
203897,Zach LaVine,1610612741,0021800916,Layup Shot,1,0,Restricted Area
203897,Zach LaVine,1610612741,0021800916,Tip Layup Shot,1,1,Restricted Area
1627739,Kris Dunn,1610612741,0021800916,Step Back Jump shot,1,1,Mid-Range
1627739,Kris Dunn,1610612741,0021800916,Jump Shot,1,1,Above the Break 3
1627853,Ryan Arcidiacono,1610612741,0021800916,Pullup Jump shot,1,1,In The Paint (Non-RA)
203897,Zach LaVine,1610612741,0021800916,Driving Finger Roll Layup Shot,1,1,Restricted Area
203897,Zach LaVine,1610612741,0021800916,Cutting Dunk Shot,1,1,Restricted Area
1627853,Ryan Arcidiacono,1610612741,0021800916,Driving Floating Jump Shot,1,1,In The Paint (Non-RA)
203897,Zach LaVine,1610612741,0021800916,Pullup Jump shot,1,0,In The Paint (Non-RA)
1628374,Lauri Markkanen,1610612741,0021800916,Turnaround Fadeaway shot,1,1,Mid-Range
1628374,Lauri Markkanen,1610612741,0021800916,Fadeaway Jump Shot,1,1,Mid-Range
1628374,Lauri Markkanen,1610612741,0021800916,Jump Shot,1,0,Above the Break 3
203897,Zach LaVine,1610612741,0021800916,Running Reverse Layup Shot,1,0,Restricted Area
1627739,Kris Dunn,1610612741,0021800916,Driving Layup Shot,1,0,Restricted Area
1627739,Kris Dunn,1610612741,0021800916,Putback Layup Shot,1,0,Restricted Area
1627739,Kris Dunn,1610612741,0021800916,Running Jump Shot,1,0,Mid-Range
203490,Otto Porter Jr.,1610612741,0021800916,Pullup Jump shot,1,1,Above the Break 3
203490,Otto Porter Jr.,1610612741,0021800916,Jump Shot,1,1,Above the Break 3
203490,Otto Porter Jr.,1610612741,0021800916,Pullup Jump shot,1,0,Mid-Range
1627853,Ryan Arcidiacono,1610612741,0021800916,Jump Shot,1,1,Right Corner 3
1628374,Lauri Markkanen,1610612741,0021800916,Jump Shot,1,0,Above the Break 3
1628374,Lauri Markkanen,1610612741,0021800916,Layup Shot,1,1,Restricted Area
1628374,Lauri Markkanen,1610612741,0021800916,Jump Shot,1,0,Above the Break 3
1628374,Lauri Markkanen,1610612741,0021800916,Layup Shot,1,0,Restricted Area
1627853,Ryan Arcidiacono,1610612741,0021800916,Jump Shot,1,1,Left Corner 3
1628374,Lauri Markkanen,1610612741,0021800916,Driving Floating Jump Shot,1,1,In The Paint (Non-RA)
1627782,Wayne Selden,1610612741,0021800916,Jump Shot,1,0,Above the Break 3
1627885,Shaquille Harrison,1610612741,0021800916,Running Jump Shot,1,0,Above the Break 3
1627885,Shaquille Harrison,1610612741,0021800916,Jump Shot,1,0,Right Corner 3
1627739,Kris Dunn,1610612741,0021800916,Driving Layup Shot,1,1,Restricted Area
1627885,Shaquille Harrison,1610612741,0021800916,Running Finger Roll Layup Shot,1,1,Restricted Area
1627782,Wayne Selden,1610612741,0021800916,Layup Shot,1,0,In The Paint (Non-RA)
1627789,Timothe Luwawu-Cabarrot,1610612741,0021800916,Jump Shot,1,0,Above the Break 3
201577,Robin Lopez,1610612741,0021800916,Tip Layup Shot,1,0,Restricted Area
1627739,Kris Dunn,1610612741,0021800916,Pullup Jump shot,1,0,Mid-Range
203897,Zach LaVine,1610612741,0021800916,Pullup Jump shot,1,1,Above the Break 3
203490,Otto Porter Jr.,1610612741,0021800916,Jump Shot,1,0,Above the Break 3
203897,Zach LaVine,1610612741,0021800916,Step Back Jump shot,1,1,Right Corner 3
203897,Zach LaVine,1610612741,0021800916,Running Dunk Shot,1,1,Restricted Area
1628374,Lauri Markkanen,1610612741,0021800916,Layup Shot,1,1,Restricted Area
1628374,Lauri Markkanen,1610612741,0021800916,Driving Layup Shot,1,1,Restricted Area
203897,Zach LaVine,1610612741,0021800916,Fadeaway Jump Shot,1,1,In The Paint (Non-RA)
1628374,Lauri Markkanen,1610612741,0021800916,Jump Shot,1,0,Mid-Range
201577,Robin Lopez,1610612741,0021800916,Turnaround Hook Shot,1,1,In The Paint (Non-RA)
203897,Zach LaVine,1610612741,0021800916,Pullup Jump shot,1,1,Mid-Range
203897,Zach LaVine,1610612741,0021800916,Pullup Jump shot,1,0,Above the Break 3
1628374,Lauri Markkanen,1610612741,0021800928,Turnaround Jump Shot,1,0,Mid-Range
1628374,Lauri Markkanen,1610612741,0021800928,Jump Shot,1,0,Above the Break 3
1627739,Kris Dunn,1610612741,0021800928,Driving Layup Shot,1,1,Restricted Area
201577,Robin Lopez,1610612741,0021800928,Hook Shot,1,0,In The Paint (Non-RA)
203897,Zach LaVine,1610612741,0021800928,Pullup Jump shot,1,1,Above the Break 3
203490,Otto Porter Jr.,1610612741,0021800928,Driving Layup Shot,1,0,Restricted Area
1627739,Kris Dunn,1610612741,0021800928,Jump Shot,1,0,Right Corner 3
1627739,Kris Dunn,1610612741,0021800928,Driving Layup Shot,1,0,In The Paint (Non-RA)
1628374,Lauri Markkanen,1610612741,0021800928,Jump Shot,1,0,Above the Break 3
203897,Zach LaVine,1610612741,0021800928,Driving Reverse Layup Shot,1,1,Restricted Area
203490,Otto Porter Jr.,1610612741,0021800928,Jump Shot,1,1,Above the Break 3
203897,Zach LaVine,1610612741,0021800928,Driving Layup Shot,1,0,Restricted Area
1627739,Kris Dunn,1610612741,0021800928,Pullup Jump shot,1,1,Above the Break 3
203490,Otto Porter Jr.,1610612741,0021800928,Jump Shot,1,0,Above the Break 3
1628374,Lauri Markkanen,1610612741,0021800928,Cutting Dunk Shot,1,1,Restricted Area
203897,Zach LaVine,1610612741,0021800928,Pullup Jump shot,1,1,Above the Break 3
203897,Zach LaVine,1610612741,0021800928,Jump Shot,1,1,Above the Break 3
203897,Zach LaVine,1610612741,0021800928,Pullup Jump shot,1,0,Above the Break 3
203490,Otto Porter Jr.,1610612741,0021800928,Driving Layup Shot,1,1,Restricted Area
203490,Otto Porter Jr.,1610612741,0021800928,Driving Floating Jump Shot,1,0,In The Paint (Non-RA)
1627782,Wayne Selden,1610612741,0021800928,Jump Shot,1,0,Left Corner 3
203897,Zach LaVine,1610612741,0021800928,Driving Layup Shot,1,0,Restricted Area
1627782,Wayne Selden,1610612741,0021800928,Pullup Jump shot,1,0,Above the Break 3
203897,Zach LaVine,1610612741,0021800928,Pullup Jump shot,1,0,Above the Break 3
1627739,Kris Dunn,1610612741,0021800928,Pullup Jump shot,1,1,In The Paint (Non-RA)
1627789,Timothe Luwawu-Cabarrot,1610612741,0021800928,Jump Shot,1,0,Above the Break 3
1627789,Timothe Luwawu-Cabarrot,1610612741,0021800928,Driving Reverse Layup Shot,1,1,Restricted Area
1627739,Kris Dunn,1610612741,0021800928,Jump Shot,1,1,Above the Break 3
1628374,Lauri Markkanen,1610612741,0021800928,Pullup Jump shot,1,0,Mid-Range
1627885,Shaquille Harrison,1610612741,0021800928,Pullup Jump shot,1,1,In The Paint (Non-RA)
1627885,Shaquille Harrison,1610612741,0021800928,Driving Dunk Shot,1,1,Restricted Area
203490,Otto Porter Jr.,1610612741,0021800928,Jump Shot,1,1,Above the Break 3
201577,Robin Lopez,1610612741,0021800928,Hook Shot,1,0,Restricted Area
203490,Otto Porter Jr.,1610612741,0021800928,Pullup Jump shot,1,0,Mid-Range
203490,Otto Porter Jr.,1610612741,0021800928,Jump Shot,1,0,Above the Break 3
203490,Otto Porter Jr.,1610612741,0021800928,Jump Shot,1,1,Above the Break 3
1627853,Ryan Arcidiacono,1610612741,0021800928,Driving Floating Jump Shot,1,1,In The Paint (Non-RA)
203897,Zach LaVine,1610612741,0021800928,Driving Layup Shot,1,1,Restricted Area
203897,Zach LaVine,1610612741,0021800928,Step Back Jump shot,1,0,In The Paint (Non-RA)
1628374,Lauri Markkanen,1610612741,0021800928,Tip Layup Shot,1,1,Restricted Area
1628374,Lauri Markkanen,1610612741,0021800928,Layup Shot,1,0,In The Paint (Non-RA)
203490,Otto Porter Jr.,1610612741,0021800928,Jump Shot,1,1,Above the Break 3
203490,Otto Porter Jr.,1610612741,0021800928,Jump Shot,1,1,Above the Break 3
203897,Zach LaVine,1610612741,0021800928,Jump Shot,1,0,Above the Break 3
203490,Otto Porter Jr.,1610612741,0021800928,Jump Shot,1,0,Above the Break 3
1628374,Lauri Markkanen,1610612741,0021800928,Layup Shot,1,1,Restricted Area
203897,Zach LaVine,1610612741,0021800928,Driving Reverse Layup Shot,1,1,Restricted Area
203897,Zach LaVine,1610612741,0021800928,Running Layup Shot,1,1,Restricted Area
1628374,Lauri Markkanen,1610612741,0021800928,Jump Shot,1,0,In The Paint (Non-RA)
1627739,Kris Dunn,1610612741,0021800928,Jump Shot,1,1,Above the Break 3
1628374,Lauri Markkanen,1610612741,0021800928,Jump Shot,1,1,Left Corner 3
1628374,Lauri Markkanen,1610612741,0021800928,Cutting Dunk Shot,1,1,Restricted Area
1628374,Lauri Markkanen,1610612741,0021800928,Jump Shot,1,0,Above the Break 3
203897,Zach LaVine,1610612741,0021800928,Jump Shot,1,0,Above the Break 3
203897,Zach LaVine,1610612741,0021800928,Driving Layup Shot,1,1,Restricted Area
203490,Otto Porter Jr.,1610612741,0021800928,Pullup Jump shot,1,0,Mid-Range
1627853,Ryan Arcidiacono,1610612741,0021800928,Jump Shot,1,1,Right Corner 3
203897,Zach LaVine,1610612741,0021800928,Layup Shot,1,0,Restricted Area
201577,Robin Lopez,1610612741,0021800928,Turnaround Hook Shot,1,1,In The Paint (Non-RA)
1627782,Wayne Selden,1610612741,0021800928,Jump Shot,1,0,Left Corner 3
1627789,Timothe Luwawu-Cabarrot,1610612741,0021800928,Reverse Layup Shot,1,1,Restricted Area
1627885,Shaquille Harrison,1610612741,0021800928,Driving Layup Shot,1,1,In The Paint (Non-RA)
1627853,Ryan Arcidiacono,1610612741,0021800928,Turnaround Fadeaway shot,1,0,In The Paint (Non-RA)
1627789,Timothe Luwawu-Cabarrot,1610612741,0021800928,Jump Shot,1,0,Above the Break 3
1627885,Shaquille Harrison,1610612741,0021800928,Running Layup Shot,1,1,Restricted Area
201577,Robin Lopez,1610612741,0021800928,Jump Shot,1,0,Mid-Range
1628374,Lauri Markkanen,1610612741,0021800928,Jump Shot,1,1,Above the Break 3
1627782,Wayne Selden,1610612741,0021800928,Driving Layup Shot,1,1,Restricted Area
1627782,Wayne Selden,1610612741,0021800928,Driving Layup Shot,1,0,Restricted Area
1627789,Timothe Luwawu-Cabarrot,1610612741,0021800928,Driving Layup Shot,1,0,In The Paint (Non-RA)
1628374,Lauri Markkanen,1610612741,0021800928,Jump Shot,1,1,Above the Break 3
1627739,Kris Dunn,1610612741,0021800928,Pullup Jump shot,1,0,Mid-Range
1628374,Lauri Markkanen,1610612741,0021800928,Driving Layup Shot,1,1,Restricted Area
1627885,Shaquille Harrison,1610612741,0021800928,Driving Layup Shot,1,0,Restricted Area
1627885,Shaquille Harrison,1610612741,0021800928,Jump Shot,1,0,Left Corner 3
1627739,Kris Dunn,1610612741,0021800928,Jump Shot,1,0,Left Corner 3
203490,Otto Porter Jr.,1610612741,0021800928,Jump Shot,1,1,Above the Break 3
203897,Zach LaVine,1610612741,0021800928,Running Layup Shot,1,1,Restricted Area
203897,Zach LaVine,1610612741,0021800928,Driving Layup Shot,1,0,In The Paint (Non-RA)
203490,Otto Porter Jr.,1610612741,0021800928,Pullup Jump shot,1,0,Above the Break 3
1627739,Kris Dunn,1610612741,0021800928,Driving Layup Shot,1,0,Restricted Area
1627739,Kris Dunn,1610612741,0021800928,Driving Layup Shot,1,0,Mid-Range
203897,Zach LaVine,1610612741,0021800928,Driving Layup Shot,1,0,Restricted Area
203490,Otto Porter Jr.,1610612741,0021800928,Step Back Jump shot,1,1,Left Corner 3
203490,Otto Porter Jr.,1610612741,0021800928,Driving Layup Shot,1,1,Restricted Area
201577,Robin Lopez,1610612741,0021800928,Hook Shot,1,1,In The Paint (Non-RA)
203897,Zach LaVine,1610612741,0021800928,Pullup Jump shot,1,1,Above the Break 3
201577,Robin Lopez,1610612741,0021800928,Layup Shot,1,1,Restricted Area
203897,Zach LaVine,1610612741,0021800928,Driving Reverse Layup Shot,1,1,Restricted Area
203897,Zach LaVine,1610612741,0021800928,Driving Layup Shot,1,1,Restricted Area
203897,Zach LaVine,1610612741,0021800928,Jump Shot,1,1,Above the Break 3
1628374,Lauri Markkanen,1610612741,0021800928,Driving Layup Shot,1,0,In The Paint (Non-RA)
203490,Otto Porter Jr.,1610612741,0021800928,Pullup Jump shot,1,0,Above the Break 3
203897,Zach LaVine,1610612741,0021800928,Pullup Jump shot,1,0,Mid-Range
203897,Zach LaVine,1610612741,0021800928,Jump Shot,1,0,Backcourt
203897,Zach LaVine,1610612741,0021800928,Pullup Jump shot,1,0,Above the Break 3
203490,Otto Porter Jr.,1610612741,0021800928,Pullup Jump shot,1,0,Mid-Range
203490,Otto Porter Jr.,1610612741,0021800928,Driving Layup Shot,1,1,Restricted Area
1627782,Wayne Selden,1610612741,0021800928,Jump Shot,1,0,Above the Break 3
203897,Zach LaVine,1610612741,0021800928,Driving Dunk Shot,1,1,Restricted Area
203897,Zach LaVine,1610612741,0021800928,Pullup Jump shot,1,0,Mid-Range
203897,Zach LaVine,1610612741,0021800928,Pullup Jump shot,1,0,Above the Break 3
1627853,Ryan Arcidiacono,1610612741,0021800928,Jump Shot,1,1,Left Corner 3
203490,Otto Porter Jr.,1610612741,0021800928,Driving Layup Shot,1,0,Restricted Area
1627853,Ryan Arcidiacono,1610612741,0021800928,Jump Shot,1,0,Left Corner 3
203490,Otto Porter Jr.,1610612741,0021800928,Pullup Jump shot,1,0,Above the Break 3
203490,Otto Porter Jr.,1610612741,0021800928,Driving Floating Jump Shot,1,0,Mid-Range
203897,Zach LaVine,1610612741,0021800928,Jump Shot,1,1,Left Corner 3
203897,Zach LaVine,1610612741,0021800928,Driving Layup Shot,1,1,Restricted Area
203897,Zach LaVine,1610612741,0021800928,Pullup Jump shot,1,0,Mid-Range
203897,Zach LaVine,1610612741,0021800928,Pullup Jump shot,1,0,Above the Break 3
1628374,Lauri Markkanen,1610612741,0021800928,Pullup Jump shot,1,1,Mid-Range
203897,Zach LaVine,1610612741,0021800928,Layup Shot,1,0,Restricted Area
1628374,Lauri Markkanen,1610612741,0021800928,Tip Dunk Shot,1,0,Restricted Area
201577,Robin Lopez,1610612741,0021800928,Dunk Shot,1,1,Restricted Area
203490,Otto Porter Jr.,1610612741,0021800928,Driving Layup Shot,1,0,Restricted Area
201577,Robin Lopez,1610612741,0021800928,Tip Dunk Shot,1,1,Restricted Area
203490,Otto Porter Jr.,1610612741,0021800928,Step Back Jump shot,1,0,Mid-Range
203897,Zach LaVine,1610612741,0021800928,Driving Layup Shot,1,1,Restricted Area
1628374,Lauri Markkanen,1610612741,0021800946,Jump Shot,1,0,Above the Break 3
1627789,Timothe Luwawu-Cabarrot,1610612741,0021800946,Jump Shot,1,1,Above the Break 3
203897,Zach LaVine,1610612741,0021800946,Jump Shot,1,0,Mid-Range
1628374,Lauri Markkanen,1610612741,0021800946,Pullup Jump shot,1,0,Mid-Range
1627739,Kris Dunn,1610612741,0021800946,Driving Layup Shot,1,0,Restricted Area
203897,Zach LaVine,1610612741,0021800946,Driving Layup Shot,1,0,Restricted Area
201577,Robin Lopez,1610612741,0021800946,Tip Dunk Shot,1,1,Restricted Area
1627739,Kris Dunn,1610612741,0021800946,Pullup Jump shot,1,1,Mid-Range
1627739,Kris Dunn,1610612741,0021800946,Running Pull-Up Jump Shot,1,1,Above the Break 3
201577,Robin Lopez,1610612741,0021800946,Driving Hook Shot,1,1,Restricted Area
1628374,Lauri Markkanen,1610612741,0021800946,Driving Layup Shot,1,1,Restricted Area
1627739,Kris Dunn,1610612741,0021800946,Jump Shot,1,1,Mid-Range
203897,Zach LaVine,1610612741,0021800946,Jump Shot,1,0,In The Paint (Non-RA)
201577,Robin Lopez,1610612741,0021800946,Driving Layup Shot,1,1,Restricted Area
1627782,Wayne Selden,1610612741,0021800946,Pullup Jump shot,1,1,Mid-Range
1627739,Kris Dunn,1610612741,0021800946,Jump Shot,1,0,Above the Break 3
1627739,Kris Dunn,1610612741,0021800946,Driving Floating Jump Shot,1,0,In The Paint (Non-RA)
1626245,Cristiano Felicio,1610612741,0021800946,Driving Floating Jump Shot,1,1,In The Paint (Non-RA)
1627853,Ryan Arcidiacono,1610612741,0021800946,Layup Shot,1,1,Restricted Area
1628469,Antonio Blakeney,1610612741,0021800946,Driving Floating Jump Shot,1,0,In The Paint (Non-RA)
1626245,Cristiano Felicio,1610612741,0021800946,Jump Shot,1,1,Mid-Range
1627782,Wayne Selden,1610612741,0021800946,Pullup Jump shot,1,0,Above the Break 3
1626245,Cristiano Felicio,1610612741,0021800946,Jump Shot,1,1,Mid-Range
1626245,Cristiano Felicio,1610612741,0021800946,Turnaround Hook Shot,1,1,In The Paint (Non-RA)
1627885,Shaquille Harrison,1610612741,0021800946,Jump Shot,1,0,Right Corner 3
1627782,Wayne Selden,1610612741,0021800946,Driving Layup Shot,1,1,Restricted Area
1627853,Ryan Arcidiacono,1610612741,0021800946,Turnaround Jump Shot,1,1,In The Paint (Non-RA)
1628469,Antonio Blakeney,1610612741,0021800946,Pullup Jump shot,1,1,In The Paint (Non-RA)
1628469,Antonio Blakeney,1610612741,0021800946,Jump Shot,1,0,Left Corner 3
1627853,Ryan Arcidiacono,1610612741,0021800946,Jump Shot,1,0,Above the Break 3
1627853,Ryan Arcidiacono,1610612741,0021800946,Jump Shot,1,0,Above the Break 3
1627853,Ryan Arcidiacono,1610612741,0021800946,Putback Layup Shot,1,1,Restricted Area
1628374,Lauri Markkanen,1610612741,0021800946,Jump Shot,1,0,Above the Break 3
201577,Robin Lopez,1610612741,0021800946,Turnaround Hook Shot,1,1,In The Paint (Non-RA)
1628374,Lauri Markkanen,1610612741,0021800946,Fadeaway Jump Shot,1,0,Mid-Range
1628374,Lauri Markkanen,1610612741,0021800946,Dunk Shot,1,1,Restricted Area
1628374,Lauri Markkanen,1610612741,0021800946,Jump Shot,1,0,Mid-Range
1628374,Lauri Markkanen,1610612741,0021800946,Fadeaway Jump Shot,1,0,In The Paint (Non-RA)
1627885,Shaquille Harrison,1610612741,0021800946,Cutting Layup Shot,1,1,Restricted Area
1628374,Lauri Markkanen,1610612741,0021800946,Jump Shot,1,1,Above the Break 3
1628374,Lauri Markkanen,1610612741,0021800946,Driving Layup Shot,1,0,Restricted Area
1627739,Kris Dunn,1610612741,0021800946,Pullup Jump shot,1,1,In The Paint (Non-RA)
1627739,Kris Dunn,1610612741,0021800946,Jump Shot,1,0,Above the Break 3
1627739,Kris Dunn,1610612741,0021800946,Pullup Jump shot,1,1,Above the Break 3
201577,Robin Lopez,1610612741,0021800946,Layup Shot,1,1,Restricted Area
1628374,Lauri Markkanen,1610612741,0021800946,Fadeaway Jump Shot,1,0,Mid-Range
1627789,Timothe Luwawu-Cabarrot,1610612741,0021800946,Jump Shot,1,0,Above the Break 3
1628374,Lauri Markkanen,1610612741,0021800946,Fadeaway Jump Shot,1,0,Mid-Range
201577,Robin Lopez,1610612741,0021800946,Turnaround Hook Shot,1,0,In The Paint (Non-RA)
1628374,Lauri Markkanen,1610612741,0021800946,Pullup Jump shot,1,0,Mid-Range
201577,Robin Lopez,1610612741,0021800946,Turnaround Hook Shot,1,1,In The Paint (Non-RA)
1628374,Lauri Markkanen,1610612741,0021800946,Jump Shot,1,0,Above the Break 3
1628374,Lauri Markkanen,1610612741,0021800946,Step Back Jump shot,1,1,Above the Break 3
201577,Robin Lopez,1610612741,0021800946,Cutting Dunk Shot,1,1,Restricted Area
203897,Zach LaVine,1610612741,0021800946,Driving Dunk Shot,1,1,Restricted Area
1627789,Timothe Luwawu-Cabarrot,1610612741,0021800946,Jump Shot,1,1,Right Corner 3
1628374,Lauri Markkanen,1610612741,0021800946,Jump Shot,1,0,Above the Break 3
1627739,Kris Dunn,1610612741,0021800946,Driving Floating Jump Shot,1,1,In The Paint (Non-RA)
203897,Zach LaVine,1610612741,0021800946,Driving Layup Shot,1,1,Restricted Area
201577,Robin Lopez,1610612741,0021800946,Driving Reverse Layup Shot,1,0,Restricted Area
203897,Zach LaVine,1610612741,0021800946,Driving Layup Shot,1,1,Restricted Area
1627782,Wayne Selden,1610612741,0021800946,Driving Floating Bank Jump Shot,1,1,In The Paint (Non-RA)
1627853,Ryan Arcidiacono,1610612741,0021800946,Driving Floating Jump Shot,1,0,In The Paint (Non-RA)
1626245,Cristiano Felicio,1610612741,0021800946,Tip Layup Shot,1,0,Restricted Area
1627739,Kris Dunn,1610612741,0021800946,Jump Shot,1,0,Mid-Range
1627782,Wayne Selden,1610612741,0021800946,Jump Shot,1,0,Above the Break 3
1628469,Antonio Blakeney,1610612741,0021800946,Pullup Jump shot,1,1,Mid-Range
1627853,Ryan Arcidiacono,1610612741,0021800946,Driving Floating Bank Jump Shot,1,1,In The Paint (Non-RA)
1627853,Ryan Arcidiacono,1610612741,0021800946,Fadeaway Jump Shot,1,1,In The Paint (Non-RA)
1627853,Ryan Arcidiacono,1610612741,0021800946,Driving Layup Shot,1,0,Restricted Area
1628469,Antonio Blakeney,1610612741,0021800946,Pullup Jump shot,1,0,Mid-Range
1627885,Shaquille Harrison,1610612741,0021800946,Driving Layup Shot,1,0,Restricted Area
1628469,Antonio Blakeney,1610612741,0021800946,Pullup Jump shot,1,1,In The Paint (Non-RA)
1628469,Antonio Blakeney,1610612741,0021800946,Pullup Jump shot,1,0,Mid-Range
1627782,Wayne Selden,1610612741,0021800946,Pullup Jump shot,1,1,Mid-Range
1628469,Antonio Blakeney,1610612741,0021800946,Pullup Jump shot,1,1,Mid-Range
1627782,Wayne Selden,1610612741,0021800946,Jump Shot,1,0,Above the Break 3
1628374,Lauri Markkanen,1610612741,0021800946,Driving Layup Shot,1,0,Restricted Area
1628374,Lauri Markkanen,1610612741,0021800946,Jump Shot,1,0,Above the Break 3
1628469,Antonio Blakeney,1610612741,0021800946,Jump Shot,1,1,Above the Break 3
1628469,Antonio Blakeney,1610612741,0021800946,Pullup Jump shot,1,1,In The Paint (Non-RA)
1628374,Lauri Markkanen,1610612741,0021800946,Jump Shot,1,1,Above the Break 3
1628374,Lauri Markkanen,1610612741,0021800946,Driving Layup Shot,1,1,Restricted Area
1628469,Antonio Blakeney,1610612741,0021800946,Pullup Jump shot,1,1,Mid-Range
1628469,Antonio Blakeney,1610612741,0021800946,Pullup Jump shot,1,1,Mid-Range
1628469,Antonio Blakeney,1610612741,0021800946,Driving Layup Shot,1,0,Restricted Area
203897,Zach LaVine,1610612741,0021800946,Driving Layup Shot,1,0,In The Paint (Non-RA)
201577,Robin Lopez,1610612741,0021800946,Turnaround Jump Shot,1,1,In The Paint (Non-RA)
203897,Zach LaVine,1610612741,0021800946,Jump Shot,1,0,Above the Break 3
1627739,Kris Dunn,1610612741,0021800946,Jump Shot,1,0,Above the Break 3
1628374,Lauri Markkanen,1610612741,0021800946,Jump Shot,1,0,Above the Break 3
203897,Zach LaVine,1610612741,0021800946,Running Pull-Up Jump Shot,1,0,Above the Break 3
201577,Robin Lopez,1610612741,0021800959,Layup Shot,1,0,Restricted Area
203490,Otto Porter Jr.,1610612741,0021800959,Jump Shot,1,0,Right Corner 3
201577,Robin Lopez,1610612741,0021800959,Driving Hook Shot,1,1,In The Paint (Non-RA)
203490,Otto Porter Jr.,1610612741,0021800959,Pullup Jump shot,1,0,Mid-Range
1627739,Kris Dunn,1610612741,0021800959,Jump Shot,1,0,Above the Break 3
1628374,Lauri Markkanen,1610612741,0021800959,Jump Shot,1,1,Above the Break 3
1627739,Kris Dunn,1610612741,0021800959,Pullup Jump shot,1,0,Mid-Range
203897,Zach LaVine,1610612741,0021800959,Driving Finger Roll Layup Shot,1,0,In The Paint (Non-RA)
203490,Otto Porter Jr.,1610612741,0021800959,Pullup Jump shot,1,0,Mid-Range
203490,Otto Porter Jr.,1610612741,0021800959,Floating Jump shot,1,1,Mid-Range
201577,Robin Lopez,1610612741,0021800959,Layup Shot,1,1,Restricted Area
201577,Robin Lopez,1610612741,0021800959,Jump Shot,1,0,Mid-Range
201577,Robin Lopez,1610612741,0021800959,Layup Shot,1,0,Restricted Area
1627853,Ryan Arcidiacono,1610612741,0021800959,Layup Shot,1,1,Restricted Area
1628374,Lauri Markkanen,1610612741,0021800959,Jump Shot,1,0,Above the Break 3
1628374,Lauri Markkanen,1610612741,0021800959,Driving Finger Roll Layup Shot,1,1,Restricted Area
1628374,Lauri Markkanen,1610612741,0021800959,Turnaround Hook Shot,1,0,In The Paint (Non-RA)
203897,Zach LaVine,1610612741,0021800959,Pullup Jump shot,1,0,Above the Break 3
1628374,Lauri Markkanen,1610612741,0021800959,Jump Shot,1,0,Above the Break 3
1627853,Ryan Arcidiacono,1610612741,0021800959,Cutting Layup Shot,1,0,Restricted Area
1627782,Wayne Selden,1610612741,0021800959,Driving Floating Jump Shot,1,0,In The Paint (Non-RA)
1626245,Cristiano Felicio,1610612741,0021800959,Jump Shot,1,0,Mid-Range
1627853,Ryan Arcidiacono,1610612741,0021800959,Driving Floating Jump Shot,1,0,In The Paint (Non-RA)
203490,Otto Porter Jr.,1610612741,0021800959,Floating Jump shot,1,1,In The Paint (Non-RA)
1627739,Kris Dunn,1610612741,0021800959,Layup Shot,1,0,In The Paint (Non-RA)
1627782,Wayne Selden,1610612741,0021800959,Jump Shot,1,0,Left Corner 3
203490,Otto Porter Jr.,1610612741,0021800959,Pullup Jump shot,1,0,Mid-Range
1627885,Shaquille Harrison,1610612741,0021800959,Driving Reverse Layup Shot,1,1,Restricted Area
1626245,Cristiano Felicio,1610612741,0021800959,Alley Oop Dunk Shot,1,1,Restricted Area
1627739,Kris Dunn,1610612741,0021800959,Jump Shot,1,0,Above the Break 3
1627782,Wayne Selden,1610612741,0021800959,Driving Layup Shot,1,0,In The Paint (Non-RA)
1627885,Shaquille Harrison,1610612741,0021800959,Driving Finger Roll Layup Shot,1,1,Restricted Area
203897,Zach LaVine,1610612741,0021800959,Fadeaway Jump Shot,1,0,Mid-Range
1628374,Lauri Markkanen,1610612741,0021800959,Jump Shot,1,0,Above the Break 3
203897,Zach LaVine,1610612741,0021800959,Alley Oop Layup shot,1,1,Restricted Area
203897,Zach LaVine,1610612741,0021800959,Driving Finger Roll Layup Shot,1,1,Restricted Area
203897,Zach LaVine,1610612741,0021800959,Step Back Jump shot,1,0,Above the Break 3
1628374,Lauri Markkanen,1610612741,0021800959,Layup Shot,1,0,In The Paint (Non-RA)
1628374,Lauri Markkanen,1610612741,0021800959,Putback Layup Shot,1,1,Restricted Area
203897,Zach LaVine,1610612741,0021800959,Driving Reverse Layup Shot,1,0,Restricted Area
1628374,Lauri Markkanen,1610612741,0021800959,Putback Dunk Shot,1,1,Restricted Area
1627739,Kris Dunn,1610612741,0021800959,Pullup Jump shot,1,0,Restricted Area
1627739,Kris Dunn,1610612741,0021800959,Tip Layup Shot,1,1,Restricted Area
203897,Zach LaVine,1610612741,0021800959,Reverse Layup Shot,1,0,Restricted Area
1627782,Wayne Selden,1610612741,0021800959,Putback Layup Shot,1,1,Restricted Area
1628374,Lauri Markkanen,1610612741,0021800959,Step Back Jump shot,1,0,In The Paint (Non-RA)
1628374,Lauri Markkanen,1610612741,0021800959,Turnaround Jump Shot,1,0,In The Paint (Non-RA)
201577,Robin Lopez,1610612741,0021800959,Driving Finger Roll Layup Shot,1,1,Restricted Area
1628374,Lauri Markkanen,1610612741,0021800959,Jump Shot,1,0,Above the Break 3
201577,Robin Lopez,1610612741,0021800959,Tip Layup Shot,1,0,Restricted Area
201577,Robin Lopez,1610612741,0021800959,Tip Layup Shot,1,0,Restricted Area
201577,Robin Lopez,1610612741,0021800959,Tip Layup Shot,1,1,Restricted Area
203490,Otto Porter Jr.,1610612741,0021800959,Jump Shot,1,1,Above the Break 3
203897,Zach LaVine,1610612741,0021800959,Driving Dunk Shot,1,1,Restricted Area
201577,Robin Lopez,1610612741,0021800959,Turnaround Hook Shot,1,1,In The Paint (Non-RA)
201577,Robin Lopez,1610612741,0021800959,Driving Dunk Shot,1,1,Restricted Area
203490,Otto Porter Jr.,1610612741,0021800959,Jump Shot,1,0,Above the Break 3
203897,Zach LaVine,1610612741,0021800959,Driving Dunk Shot,1,1,Restricted Area
1627739,Kris Dunn,1610612741,0021800959,Pullup Jump shot,1,0,Restricted Area
203897,Zach LaVine,1610612741,0021800959,Pullup Jump shot,1,1,Above the Break 3
203897,Zach LaVine,1610612741,0021800959,Pullup Jump shot,1,0,Above the Break 3
201577,Robin Lopez,1610612741,0021800959,Reverse Dunk Shot,1,1,Restricted Area
203897,Zach LaVine,1610612741,0021800959,Running Layup Shot,1,0,Restricted Area
1627739,Kris Dunn,1610612741,0021800959,Driving Layup Shot,1,1,Restricted Area
1627782,Wayne Selden,1610612741,0021800959,Pullup Jump shot,1,0,Above the Break 3
201577,Robin Lopez,1610612741,0021800959,Hook Shot,1,1,Mid-Range
201577,Robin Lopez,1610612741,0021800959,Driving Layup Shot,1,0,In The Paint (Non-RA)
201577,Robin Lopez,1610612741,0021800959,Hook Shot,1,0,In The Paint (Non-RA)
1627885,Shaquille Harrison,1610612741,0021800959,Tip Layup Shot,1,0,Restricted Area
1627885,Shaquille Harrison,1610612741,0021800959,Tip Layup Shot,1,1,Restricted Area
1627782,Wayne Selden,1610612741,0021800959,Driving Finger Roll Layup Shot,1,1,Restricted Area
1627853,Ryan Arcidiacono,1610612741,0021800959,Pullup Jump shot,1,1,Mid-Range
1627885,Shaquille Harrison,1610612741,0021800959,Jump Shot,1,0,Left Corner 3
1628374,Lauri Markkanen,1610612741,0021800959,Jump Shot,1,0,Above the Break 3
1627853,Ryan Arcidiacono,1610612741,0021800959,Jump Shot,1,0,Above the Break 3
203897,Zach LaVine,1610612741,0021800959,Driving Floating Bank Jump Shot,1,1,In The Paint (Non-RA)
203897,Zach LaVine,1610612741,0021800959,Step Back Jump shot,1,1,Above the Break 3
203897,Zach LaVine,1610612741,0021800959,Driving Dunk Shot,1,1,Restricted Area
1627739,Kris Dunn,1610612741,0021800959,Floating Jump shot,1,0,Restricted Area
201577,Robin Lopez,1610612741,0021800959,Tip Layup Shot,1,0,Restricted Area
203490,Otto Porter Jr.,1610612741,0021800959,Layup Shot,1,0,Restricted Area
203897,Zach LaVine,1610612741,0021800959,Step Back Jump shot,1,0,Mid-Range
203490,Otto Porter Jr.,1610612741,0021800959,Jump Shot,1,0,Above the Break 3
203897,Zach LaVine,1610612741,0021800959,Driving Floating Bank Jump Shot,1,1,Restricted Area
203897,Zach LaVine,1610612741,0021800959,Fadeaway Jump Shot,1,0,In The Paint (Non-RA)
203490,Otto Porter Jr.,1610612741,0021800959,Jump Shot,1,0,Above the Break 3
201577,Robin Lopez,1610612741,0021800959,Layup Shot,1,1,Restricted Area
203897,Zach LaVine,1610612741,0021800959,Driving Finger Roll Layup Shot,1,1,Restricted Area
1628374,Lauri Markkanen,1610612741,0021800959,Jump Shot,1,0,Above the Break 3
201577,Robin Lopez,1610612741,0021800959,Tip Layup Shot,1,0,Restricted Area
203897,Zach LaVine,1610612741,0021800959,Jump Shot,1,0,Above the Break 3
203897,Zach LaVine,1610612741,0021800959,Driving Reverse Layup Shot,1,0,Restricted Area
1627789,Timothe Luwawu-Cabarrot,1610612741,0021800959,Jump Shot,1,0,Above the Break 3
201577,Robin Lopez,1610612741,0021800970,Driving Hook Shot,1,0,In The Paint (Non-RA)
1628374,Lauri Markkanen,1610612741,0021800970,Driving Hook Shot,1,0,In The Paint (Non-RA)
203897,Zach LaVine,1610612741,0021800970,Pullup Jump shot,1,0,In The Paint (Non-RA)
203897,Zach LaVine,1610612741,0021800970,Driving Layup Shot,1,0,Restricted Area
203490,Otto Porter Jr.,1610612741,0021800970,Driving Floating Jump Shot,1,0,In The Paint (Non-RA)
203490,Otto Porter Jr.,1610612741,0021800970,Layup Shot,1,0,Restricted Area
201577,Robin Lopez,1610612741,0021800970,Putback Layup Shot,1,1,Restricted Area
1627739,Kris Dunn,1610612741,0021800970,Pullup Jump shot,1,1,In The Paint (Non-RA)
1627782,Wayne Selden,1610612741,0021800970,Jump Shot,1,0,Right Corner 3
203490,Otto Porter Jr.,1610612741,0021800970,Jump Shot,1,0,Mid-Range
1627739,Kris Dunn,1610612741,0021800970,Driving Layup Shot,1,1,Restricted Area
1627782,Wayne Selden,1610612741,0021800970,Jump Shot,1,1,Mid-Range
203897,Zach LaVine,1610612741,0021800970,Driving Layup Shot,1,1,Restricted Area
201577,Robin Lopez,1610612741,0021800970,Hook Shot,1,0,In The Paint (Non-RA)
203490,Otto Porter Jr.,1610612741,0021800970,Jump Shot,1,0,Right Corner 3
203490,Otto Porter Jr.,1610612741,0021800970,Pullup Jump shot,1,1,Mid-Range
201577,Robin Lopez,1610612741,0021800970,Hook Shot,1,1,Restricted Area
203897,Zach LaVine,1610612741,0021800970,Driving Layup Shot,1,0,Restricted Area
203897,Zach LaVine,1610612741,0021800970,Driving Layup Shot,1,1,Restricted Area
201577,Robin Lopez,1610612741,0021800970,Hook Shot,1,1,In The Paint (Non-RA)
203897,Zach LaVine,1610612741,0021800970,Jump Bank Shot,1,0,Mid-Range
1627885,Shaquille Harrison,1610612741,0021800970,Driving Layup Shot,1,1,Restricted Area
201577,Robin Lopez,1610612741,0021800970,Turnaround Hook Shot,1,1,In The Paint (Non-RA)
1627782,Wayne Selden,1610612741,0021800970,Step Back Jump shot,1,0,Mid-Range
201577,Robin Lopez,1610612741,0021800970,Driving Finger Roll Layup Shot,1,1,Restricted Area
201577,Robin Lopez,1610612741,0021800970,Jump Shot,1,0,Above the Break 3
203490,Otto Porter Jr.,1610612741,0021800970,Pullup Jump shot,1,1,Mid-Range
1627853,Ryan Arcidiacono,1610612741,0021800970,Cutting Layup Shot,1,1,Restricted Area
203490,Otto Porter Jr.,1610612741,0021800970,Driving Floating Jump Shot,1,0,In The Paint (Non-RA)
1626245,Cristiano Felicio,1610612741,0021800970,Layup Shot,1,0,Restricted Area
1627789,Timothe Luwawu-Cabarrot,1610612741,0021800970,Jump Shot,1,1,Above the Break 3
203490,Otto Porter Jr.,1610612741,0021800970,Pullup Jump shot,1,1,Above the Break 3
203490,Otto Porter Jr.,1610612741,0021800970,Pullup Jump shot,1,0,Mid-Range
1628374,Lauri Markkanen,1610612741,0021800970,Jump Shot,1,0,Above the Break 3
1627789,Timothe Luwawu-Cabarrot,1610612741,0021800970,Jump Shot,1,0,Above the Break 3
1627853,Ryan Arcidiacono,1610612741,0021800970,Pullup Jump shot,1,0,Mid-Range
203897,Zach LaVine,1610612741,0021800970,Jump Shot,1,0,Above the Break 3
203897,Zach LaVine,1610612741,0021800970,Cutting Dunk Shot,1,1,Restricted Area
203897,Zach LaVine,1610612741,0021800970,Driving Floating Jump Shot,1,0,In The Paint (Non-RA)
203897,Zach LaVine,1610612741,0021800970,Putback Layup Shot,1,1,Restricted Area
203490,Otto Porter Jr.,1610612741,0021800970,Fadeaway Jump Shot,1,1,In The Paint (Non-RA)
1628374,Lauri Markkanen,1610612741,0021800970,Jump Shot,1,0,Above the Break 3
203897,Zach LaVine,1610612741,0021800970,Driving Layup Shot,1,1,Restricted Area
1627739,Kris Dunn,1610612741,0021800970,Jump Shot,1,0,Above the Break 3
1627782,Wayne Selden,1610612741,0021800970,Jump Shot,1,1,Above the Break 3
1628374,Lauri Markkanen,1610612741,0021800970,Pullup Jump shot,1,1,In The Paint (Non-RA)
203897,Zach LaVine,1610612741,0021800970,Turnaround Fadeaway shot,1,0,In The Paint (Non-RA)
203897,Zach LaVine,1610612741,0021800970,Jump Shot,1,0,Above the Break 3
201577,Robin Lopez,1610612741,0021800970,Layup Shot,1,0,In The Paint (Non-RA)
203490,Otto Porter Jr.,1610612741,0021800970,Jump Shot,1,0,Mid-Range
203490,Otto Porter Jr.,1610612741,0021800970,Jump Shot,1,0,Above the Break 3
1628374,Lauri Markkanen,1610612741,0021800970,Tip Layup Shot,1,1,Restricted Area
1627739,Kris Dunn,1610612741,0021800970,Jump Shot,1,0,Above the Break 3
1628374,Lauri Markkanen,1610612741,0021800970,Turnaround Fadeaway Bank Jump Shot,1,1,In The Paint (Non-RA)
1628374,Lauri Markkanen,1610612741,0021800970,Jump Shot,1,1,Mid-Range
201577,Robin Lopez,1610612741,0021800970,Cutting Layup Shot,1,1,Restricted Area
1627739,Kris Dunn,1610612741,0021800970,Pullup Jump shot,1,0,Mid-Range
201577,Robin Lopez,1610612741,0021800970,Jump Shot,1,0,Mid-Range
203897,Zach LaVine,1610612741,0021800970,Driving Layup Shot,1,1,In The Paint (Non-RA)
203897,Zach LaVine,1610612741,0021800970,Jump Shot,1,1,Above the Break 3
1627853,Ryan Arcidiacono,1610612741,0021800970,Layup Shot,1,0,Restricted Area
1627853,Ryan Arcidiacono,1610612741,0021800970,Jump Shot,1,0,Mid-Range
203897,Zach LaVine,1610612741,0021800970,Alley Oop Dunk Shot,1,1,Restricted Area
1627789,Timothe Luwawu-Cabarrot,1610612741,0021800970,Layup Shot,1,0,Restricted Area
201577,Robin Lopez,1610612741,0021800970,Layup Shot,1,1,Restricted Area
203897,Zach LaVine,1610612741,0021800970,Jump Shot,1,0,Above the Break 3
203897,Zach LaVine,1610612741,0021800970,Jump Shot,1,0,Mid-Range
1627789,Timothe Luwawu-Cabarrot,1610612741,0021800970,Jump Shot,1,0,Above the Break 3
1627782,Wayne Selden,1610612741,0021800970,Jump Shot,1,0,Above the Break 3
1627782,Wayne Selden,1610612741,0021800970,Jump Shot,1,0,Above the Break 3
1627885,Shaquille Harrison,1610612741,0021800970,Driving Layup Shot,1,1,Restricted Area
1627782,Wayne Selden,1610612741,0021800970,Layup Shot,1,0,Restricted Area
1627782,Wayne Selden,1610612741,0021800970,Tip Layup Shot,1,0,Restricted Area
1627782,Wayne Selden,1610612741,0021800970,Jump Shot,1,1,Mid-Range
1627853,Ryan Arcidiacono,1610612741,0021800970,Jump Shot,1,0,Above the Break 3
203490,Otto Porter Jr.,1610612741,0021800970,Jump Shot,1,0,In The Paint (Non-RA)
1627885,Shaquille Harrison,1610612741,0021800970,Driving Layup Shot,1,1,Restricted Area
1628374,Lauri Markkanen,1610612741,0021800970,Jump Shot,1,0,Above the Break 3
203490,Otto Porter Jr.,1610612741,0021800970,Layup Shot,1,0,Restricted Area
203490,Otto Porter Jr.,1610612741,0021800970,Jump Shot,1,1,In The Paint (Non-RA)
203897,Zach LaVine,1610612741,0021800970,Layup Shot,1,1,In The Paint (Non-RA)
203897,Zach LaVine,1610612741,0021800970,Jump Shot,1,1,Left Corner 3
203897,Zach LaVine,1610612741,0021800970,Floating Jump shot,1,0,In The Paint (Non-RA)
201577,Robin Lopez,1610612741,0021800970,Tip Layup Shot,1,0,Restricted Area
1628374,Lauri Markkanen,1610612741,0021800970,Floating Jump shot,1,0,In The Paint (Non-RA)
203897,Zach LaVine,1610612741,0021800970,Layup Shot,1,1,Restricted Area
203490,Otto Porter Jr.,1610612741,0021800970,Reverse Layup Shot,1,0,Restricted Area
203490,Otto Porter Jr.,1610612741,0021800970,Jump Shot,1,1,Left Corner 3
1627739,Kris Dunn,1610612741,0021800970,Jump Shot,1,0,Mid-Range
203897,Zach LaVine,1610612741,0021800970,Fadeaway Jump Shot,1,1,In The Paint (Non-RA)
203897,Zach LaVine,1610612741,0021800970,Jump Shot,1,0,Mid-Range
203897,Zach LaVine,1610612741,0021800970,Floating Jump shot,1,1,In The Paint (Non-RA)
203897,Zach LaVine,1610612741,0021800970,Driving Layup Shot,1,1,Restricted Area
201577,Robin Lopez,1610612741,0021800980,Cutting Layup Shot,1,1,Restricted Area
1627739,Kris Dunn,1610612741,0021800980,Jump Shot,1,1,Left Corner 3
1628374,Lauri Markkanen,1610612741,0021800980,Jump Bank Shot,1,1,Above the Break 3
1627739,Kris Dunn,1610612741,0021800980,Step Back Jump shot,1,1,In The Paint (Non-RA)
203897,Zach LaVine,1610612741,0021800980,Driving Layup Shot,1,1,Restricted Area
203897,Zach LaVine,1610612741,0021800980,Driving Layup Shot,1,1,Restricted Area
203490,Otto Porter Jr.,1610612741,0021800980,Jump Shot,1,0,Above the Break 3
1628374,Lauri Markkanen,1610612741,0021800980,Driving Dunk Shot,1,1,Restricted Area
203490,Otto Porter Jr.,1610612741,0021800980,Driving Layup Shot,1,1,Restricted Area
1628374,Lauri Markkanen,1610612741,0021800980,Jump Shot,1,0,Above the Break 3
201577,Robin Lopez,1610612741,0021800980,Layup Shot,1,1,Restricted Area
201577,Robin Lopez,1610612741,0021800980,Floating Jump shot,1,1,In The Paint (Non-RA)
1627789,Timothe Luwawu-Cabarrot,1610612741,0021800980,Jump Shot,1,0,Above the Break 3
1627853,Ryan Arcidiacono,1610612741,0021800980,Driving Layup Shot,1,1,Restricted Area
203897,Zach LaVine,1610612741,0021800980,Driving Layup Shot,1,0,Restricted Area
203897,Zach LaVine,1610612741,0021800980,Driving Floating Jump Shot,1,1,Mid-Range
1627853,Ryan Arcidiacono,1610612741,0021800980,Driving Floating Jump Shot,1,0,In The Paint (Non-RA)
1626245,Cristiano Felicio,1610612741,0021800980,Putback Layup Shot,1,0,Restricted Area
1627885,Shaquille Harrison,1610612741,0021800980,Driving Floating Jump Shot,1,0,Restricted Area
1627853,Ryan Arcidiacono,1610612741,0021800980,Driving Floating Jump Shot,1,1,In The Paint (Non-RA)
1628374,Lauri Markkanen,1610612741,0021800980,Driving Reverse Layup Shot,1,0,Restricted Area
1627885,Shaquille Harrison,1610612741,0021800980,Driving Layup Shot,1,0,Restricted Area
1627885,Shaquille Harrison,1610612741,0021800980,Driving Dunk Shot,1,1,Restricted Area
1628374,Lauri Markkanen,1610612741,0021800980,Hook Shot,1,1,Restricted Area
203490,Otto Porter Jr.,1610612741,0021800980,Running Pull-Up Jump Shot,1,1,Mid-Range
1627885,Shaquille Harrison,1610612741,0021800980,Cutting Layup Shot,1,1,Restricted Area
203490,Otto Porter Jr.,1610612741,0021800980,Layup Shot,1,1,Restricted Area
203490,Otto Porter Jr.,1610612741,0021800980,Step Back Jump shot,1,1,Mid-Range
203490,Otto Porter Jr.,1610612741,0021800980,Pullup Jump shot,1,1,Mid-Range
203897,Zach LaVine,1610612741,0021800980,Running Layup Shot,1,1,Restricted Area
203490,Otto Porter Jr.,1610612741,0021800980,Jump Shot,1,0,Above the Break 3
203897,Zach LaVine,1610612741,0021800980,Driving Layup Shot,1,1,Restricted Area
203897,Zach LaVine,1610612741,0021800980,Cutting Layup Shot,1,0,Restricted Area
1627885,Shaquille Harrison,1610612741,0021800980,Running Layup Shot,1,0,Restricted Area
1627739,Kris Dunn,1610612741,0021800980,Putback Layup Shot,1,1,Restricted Area
201577,Robin Lopez,1610612741,0021800980,Turnaround Jump Shot,1,0,In The Paint (Non-RA)
203490,Otto Porter Jr.,1610612741,0021800980,Running Layup Shot,1,1,Restricted Area
1628374,Lauri Markkanen,1610612741,0021800980,Floating Jump shot,1,1,Restricted Area
1628374,Lauri Markkanen,1610612741,0021800980,Driving Hook Shot,1,1,In The Paint (Non-RA)
1628374,Lauri Markkanen,1610612741,0021800980,Jump Shot,1,1,Above the Break 3
201577,Robin Lopez,1610612741,0021800980,Turnaround Hook Shot,1,1,Restricted Area
203897,Zach LaVine,1610612741,0021800980,Jump Shot,1,0,Above the Break 3
1628374,Lauri Markkanen,1610612741,0021800980,Jump Shot,1,0,Mid-Range
1628374,Lauri Markkanen,1610612741,0021800980,Turnaround Hook Shot,1,0,In The Paint (Non-RA)
1627739,Kris Dunn,1610612741,0021800980,Step Back Jump shot,1,0,In The Paint (Non-RA)
201577,Robin Lopez,1610612741,0021800980,Driving Layup Shot,1,1,Restricted Area
201577,Robin Lopez,1610612741,0021800980,Layup Shot,1,0,Restricted Area
1628374,Lauri Markkanen,1610612741,0021800980,Driving Layup Shot,1,0,Restricted Area
203897,Zach LaVine,1610612741,0021800980,Running Layup Shot,1,0,Restricted Area
1628374,Lauri Markkanen,1610612741,0021800980,Jump Shot,1,0,Left Corner 3
203897,Zach LaVine,1610612741,0021800980,Driving Finger Roll Layup Shot,1,0,Restricted Area
1627739,Kris Dunn,1610612741,0021800980,Driving Floating Jump Shot,1,0,In The Paint (Non-RA)
1627739,Kris Dunn,1610612741,0021800980,Jump Shot,1,0,Right Corner 3
203897,Zach LaVine,1610612741,0021800980,Driving Layup Shot,1,0,Restricted Area
203490,Otto Porter Jr.,1610612741,0021800980,Pullup Jump shot,1,1,Mid-Range
201577,Robin Lopez,1610612741,0021800980,Hook Shot,1,0,In The Paint (Non-RA)
203897,Zach LaVine,1610612741,0021800980,Cutting Layup Shot,1,1,Restricted Area
203897,Zach LaVine,1610612741,0021800980,Jump Shot,1,0,In The Paint (Non-RA)
1627782,Wayne Selden,1610612741,0021800980,Step Back Jump shot,1,1,In The Paint (Non-RA)
201577,Robin Lopez,1610612741,0021800980,Turnaround Hook Shot,1,0,In The Paint (Non-RA)
203897,Zach LaVine,1610612741,0021800980,Driving Floating Bank Jump Shot,1,1,In The Paint (Non-RA)
1627853,Ryan Arcidiacono,1610612741,0021800980,Driving Layup Shot,1,1,Restricted Area
1627853,Ryan Arcidiacono,1610612741,0021800980,Driving Floating Jump Shot,1,1,In The Paint (Non-RA)
1627782,Wayne Selden,1610612741,0021800980,Turnaround Jump Shot,1,1,In The Paint (Non-RA)
1627789,Timothe Luwawu-Cabarrot,1610612741,0021800980,Cutting Layup Shot,1,0,Restricted Area
1627782,Wayne Selden,1610612741,0021800980,Jump Shot,1,0,Left Corner 3
203490,Otto Porter Jr.,1610612741,0021800980,Driving Layup Shot,1,0,Restricted Area
1628374,Lauri Markkanen,1610612741,0021800980,Pullup Jump shot,1,0,In The Paint (Non-RA)
1628374,Lauri Markkanen,1610612741,0021800980,Driving Layup Shot,1,1,Restricted Area
1628374,Lauri Markkanen,1610612741,0021800980,Jump Shot,1,0,Above the Break 3
203490,Otto Porter Jr.,1610612741,0021800980,Jump Shot,1,0,Above the Break 3
203897,Zach LaVine,1610612741,0021800980,Driving Layup Shot,1,0,Restricted Area
203490,Otto Porter Jr.,1610612741,0021800980,Jump Shot,1,1,Mid-Range
203897,Zach LaVine,1610612741,0021800980,Jump Shot,1,1,Above the Break 3
201577,Robin Lopez,1610612741,0021800980,Turnaround Hook Shot,1,0,In The Paint (Non-RA)
201577,Robin Lopez,1610612741,0021800980,Turnaround Hook Shot,1,0,In The Paint (Non-RA)
201577,Robin Lopez,1610612741,0021800980,Cutting Dunk Shot,1,1,Restricted Area
203490,Otto Porter Jr.,1610612741,0021800980,Running Pull-Up Jump Shot,1,1,Above the Break 3
1628374,Lauri Markkanen,1610612741,0021800980,Jump Shot,1,0,Above the Break 3
203897,Zach LaVine,1610612741,0021800980,Jump Shot,1,0,Left Corner 3
203897,Zach LaVine,1610612741,0021800980,Driving Dunk Shot,1,1,Restricted Area
201577,Robin Lopez,1610612741,0021800980,Hook Shot,1,0,Restricted Area
203490,Otto Porter Jr.,1610612741,0021800992,Jump Shot,1,1,Above the Break 3
1628374,Lauri Markkanen,1610612741,0021800992,Jump Shot,1,0,Right Corner 3
1627739,Kris Dunn,1610612741,0021800992,Jump Shot,1,1,Above the Break 3
203490,Otto Porter Jr.,1610612741,0021800992,Jump Shot,1,0,Mid-Range
203490,Otto Porter Jr.,1610612741,0021800992,Jump Shot,1,0,Mid-Range
1628374,Lauri Markkanen,1610612741,0021800992,Fadeaway Jump Shot,1,0,In The Paint (Non-RA)
201577,Robin Lopez,1610612741,0021800992,Hook Shot,1,1,Restricted Area
1628374,Lauri Markkanen,1610612741,0021800992,Jump Bank Shot,1,1,Restricted Area
1627739,Kris Dunn,1610612741,0021800992,Jump Shot,1,0,Restricted Area
201577,Robin Lopez,1610612741,0021800992,Tip Layup Shot,1,1,Restricted Area
203490,Otto Porter Jr.,1610612741,0021800992,Pullup Jump shot,1,1,Mid-Range
1627739,Kris Dunn,1610612741,0021800992,Driving Dunk Shot,1,1,Restricted Area
201577,Robin Lopez,1610612741,0021800992,Layup Shot,1,1,Restricted Area
1627853,Ryan Arcidiacono,1610612741,0021800992,Driving Layup Shot,1,1,Restricted Area
203490,Otto Porter Jr.,1610612741,0021800992,Jump Shot,1,0,Above the Break 3
201577,Robin Lopez,1610612741,0021800992,Hook Shot,1,1,Restricted Area
1627782,Wayne Selden,1610612741,0021800992,Turnaround Jump Shot,1,0,In The Paint (Non-RA)
201577,Robin Lopez,1610612741,0021800992,Hook Shot,1,0,In The Paint (Non-RA)
1627853,Ryan Arcidiacono,1610612741,0021800992,Pullup Jump shot,1,1,Mid-Range
1627782,Wayne Selden,1610612741,0021800992,Driving Dunk Shot,1,1,Restricted Area
1627789,Timothe Luwawu-Cabarrot,1610612741,0021800992,Layup Shot,1,0,Restricted Area
1627782,Wayne Selden,1610612741,0021800992,Pullup Jump shot,1,1,In The Paint (Non-RA)
1627739,Kris Dunn,1610612741,0021800992,Jump Shot,1,1,In The Paint (Non-RA)
1628374,Lauri Markkanen,1610612741,0021800992,Jump Shot,1,0,Above the Break 3
1628374,Lauri Markkanen,1610612741,0021800992,Jump Shot,1,1,Above the Break 3
1627789,Timothe Luwawu-Cabarrot,1610612741,0021800992,Jump Bank Shot,1,0,In The Paint (Non-RA)
203490,Otto Porter Jr.,1610612741,0021800992,Jump Shot,1,1,Mid-Range
203490,Otto Porter Jr.,1610612741,0021800992,Jump Shot,1,0,Mid-Range
1627853,Ryan Arcidiacono,1610612741,0021800992,Jump Shot,1,1,In The Paint (Non-RA)
1626245,Cristiano Felicio,1610612741,0021800992,Hook Shot,1,0,In The Paint (Non-RA)
203490,Otto Porter Jr.,1610612741,0021800992,Layup Shot,1,0,Restricted Area
1627853,Ryan Arcidiacono,1610612741,0021800992,Jump Shot,1,0,Above the Break 3
1627885,Shaquille Harrison,1610612741,0021800992,Layup Shot,1,0,Restricted Area
1627885,Shaquille Harrison,1610612741,0021800992,Jump Shot,1,1,Above the Break 3
1627782,Wayne Selden,1610612741,0021800992,Driving Layup Shot,1,0,In The Paint (Non-RA)
203490,Otto Porter Jr.,1610612741,0021800992,Turnaround Fadeaway Bank Jump Shot,1,1,In The Paint (Non-RA)
1627885,Shaquille Harrison,1610612741,0021800992,Jump Shot,1,0,In The Paint (Non-RA)
1628374,Lauri Markkanen,1610612741,0021800992,Tip Layup Shot,1,1,Restricted Area
1628374,Lauri Markkanen,1610612741,0021800992,Jump Shot,1,0,Above the Break 3
203490,Otto Porter Jr.,1610612741,0021800992,Jump Shot,1,1,Left Corner 3
1628374,Lauri Markkanen,1610612741,0021800992,Jump Shot,1,1,Left Corner 3
1627739,Kris Dunn,1610612741,0021800992,Turnaround Jump Shot,1,0,In The Paint (Non-RA)
203490,Otto Porter Jr.,1610612741,0021800992,Fadeaway Jump Shot,1,0,In The Paint (Non-RA)
1627782,Wayne Selden,1610612741,0021800992,Jump Shot,1,1,Above the Break 3
1627782,Wayne Selden,1610612741,0021800992,Floating Jump shot,1,0,In The Paint (Non-RA)
1627782,Wayne Selden,1610612741,0021800992,Driving Finger Roll Layup Shot,1,0,Restricted Area
1628374,Lauri Markkanen,1610612741,0021800992,Jump Shot,1,0,In The Paint (Non-RA)
1628374,Lauri Markkanen,1610612741,0021800992,Driving Hook Shot,1,0,In The Paint (Non-RA)
1628374,Lauri Markkanen,1610612741,0021800992,Jump Shot,1,0,Above the Break 3
201577,Robin Lopez,1610612741,0021800992,Turnaround Hook Shot,1,0,In The Paint (Non-RA)
1627739,Kris Dunn,1610612741,0021800992,Layup Shot,1,0,Restricted Area
1627853,Ryan Arcidiacono,1610612741,0021800992,Driving Layup Shot,1,1,Restricted Area
1628374,Lauri Markkanen,1610612741,0021800992,Jump Shot,1,1,Above the Break 3
1628374,Lauri Markkanen,1610612741,0021800992,Jump Shot,1,1,In The Paint (Non-RA)
203490,Otto Porter Jr.,1610612741,0021800992,Jump Shot,1,1,Above the Break 3
1627789,Timothe Luwawu-Cabarrot,1610612741,0021800992,Jump Shot,1,0,Left Corner 3
1627853,Ryan Arcidiacono,1610612741,0021800992,Floating Jump shot,1,1,In The Paint (Non-RA)
1627853,Ryan Arcidiacono,1610612741,0021800992,Layup Shot,1,0,In The Paint (Non-RA)
1627782,Wayne Selden,1610612741,0021800992,Pullup Jump shot,1,1,Mid-Range
1627739,Kris Dunn,1610612741,0021800992,Jump Shot,1,0,Above the Break 3
1627789,Timothe Luwawu-Cabarrot,1610612741,0021800992,Jump Shot,1,0,Above the Break 3
1627782,Wayne Selden,1610612741,0021800992,Layup Shot,1,0,Restricted Area
1627782,Wayne Selden,1610612741,0021800992,Layup Shot,1,1,In The Paint (Non-RA)
1627782,Wayne Selden,1610612741,0021800992,Jump Shot,1,1,Mid-Range
1628469,Antonio Blakeney,1610612741,0021800992,Floating Jump shot,1,0,Restricted Area
1626245,Cristiano Felicio,1610612741,0021800992,Hook Shot,1,0,Restricted Area
1626245,Cristiano Felicio,1610612741,0021800992,Hook Shot,1,1,Restricted Area
1626245,Cristiano Felicio,1610612741,0021800992,Layup Shot,1,1,Restricted Area
1628469,Antonio Blakeney,1610612741,0021800992,Jump Shot,1,0,Mid-Range
1627885,Shaquille Harrison,1610612741,0021800992,Driving Floating Jump Shot,1,1,In The Paint (Non-RA)
1627885,Shaquille Harrison,1610612741,0021800992,Jump Shot,1,0,Restricted Area
1627782,Wayne Selden,1610612741,0021800992,Layup Shot,1,0,Restricted Area
1628469,Antonio Blakeney,1610612741,0021800992,Pullup Jump shot,1,0,In The Paint (Non-RA)
1626245,Cristiano Felicio,1610612741,0021800992,Driving Dunk Shot,1,1,Restricted Area
1627789,Timothe Luwawu-Cabarrot,1610612741,0021800992,Reverse Layup Shot,1,0,Restricted Area
1628469,Antonio Blakeney,1610612741,0021800992,Pullup Jump shot,1,1,In The Paint (Non-RA)
1627789,Timothe Luwawu-Cabarrot,1610612741,0021800992,Driving Finger Roll Layup Shot,1,1,Restricted Area
1627782,Wayne Selden,1610612741,0021800992,Driving Floating Jump Shot,1,1,Restricted Area
1627885,Shaquille Harrison,1610612741,0021800992,Driving Reverse Layup Shot,1,1,Restricted Area
1626245,Cristiano Felicio,1610612741,0021800992,Alley Oop Dunk Shot,1,1,Restricted Area
1628469,Antonio Blakeney,1610612741,0021800992,Step Back Jump shot,1,1,Mid-Range
1627782,Wayne Selden,1610612741,0021800992,Jump Shot,1,0,Mid-Range
1628374,Lauri Markkanen,1610612741,0021801009,Jump Shot,1,0,Above the Break 3
203490,Otto Porter Jr.,1610612741,0021801009,Jump Shot,1,1,Above the Break 3
1628374,Lauri Markkanen,1610612741,0021801009,Layup Shot,1,0,Restricted Area
201577,Robin Lopez,1610612741,0021801009,Driving Dunk Shot,1,1,Restricted Area
1627853,Ryan Arcidiacono,1610612741,0021801009,Cutting Layup Shot,1,1,Restricted Area
201577,Robin Lopez,1610612741,0021801009,Driving Hook Shot,1,0,In The Paint (Non-RA)
1627739,Kris Dunn,1610612741,0021801009,Driving Layup Shot,1,0,Restricted Area
1628374,Lauri Markkanen,1610612741,0021801009,Tip Layup Shot,1,1,Restricted Area
203490,Otto Porter Jr.,1610612741,0021801009,Pullup Jump shot,1,0,Mid-Range
1627739,Kris Dunn,1610612741,0021801009,Driving Layup Shot,1,0,Restricted Area
1627853,Ryan Arcidiacono,1610612741,0021801009,Driving Reverse Layup Shot,1,0,Restricted Area
201577,Robin Lopez,1610612741,0021801009,Putback Layup Shot,1,1,Restricted Area
203490,Otto Porter Jr.,1610612741,0021801009,Jump Shot,1,1,Above the Break 3
1627739,Kris Dunn,1610612741,0021801009,Driving Layup Shot,1,0,Restricted Area
1627739,Kris Dunn,1610612741,0021801009,Tip Layup Shot,1,1,Restricted Area
1627885,Shaquille Harrison,1610612741,0021801009,Driving Layup Shot,1,1,Restricted Area
1627739,Kris Dunn,1610612741,0021801009,Jump Shot,1,1,Above the Break 3
1627739,Kris Dunn,1610612741,0021801009,Dunk Shot,1,1,Restricted Area
1628374,Lauri Markkanen,1610612741,0021801009,Driving Layup Shot,1,1,Restricted Area
1628374,Lauri Markkanen,1610612741,0021801009,Jump Shot,1,0,Above the Break 3
201577,Robin Lopez,1610612741,0021801009,Driving Dunk Shot,1,1,Restricted Area
1627853,Ryan Arcidiacono,1610612741,0021801009,Jump Shot,1,1,Right Corner 3
1627782,Wayne Selden,1610612741,0021801009,Pullup Jump shot,1,0,In The Paint (Non-RA)
201577,Robin Lopez,1610612741,0021801009,Driving Hook Shot,1,1,Restricted Area
1627853,Ryan Arcidiacono,1610612741,0021801009,Jump Shot,1,1,In The Paint (Non-RA)
203490,Otto Porter Jr.,1610612741,0021801009,Jump Shot,1,0,Mid-Range
1627739,Kris Dunn,1610612741,0021801009,Driving Floating Jump Shot,1,1,In The Paint (Non-RA)
1627789,Timothe Luwawu-Cabarrot,1610612741,0021801009,Driving Layup Shot,1,0,Restricted Area
1627853,Ryan Arcidiacono,1610612741,0021801009,Jump Shot,1,1,Above the Break 3
1628374,Lauri Markkanen,1610612741,0021801009,Jump Shot,1,0,Above the Break 3
1627782,Wayne Selden,1610612741,0021801009,Jump Shot,1,1,Above the Break 3
1627739,Kris Dunn,1610612741,0021801009,Jump Shot,1,0,Mid-Range
1627782,Wayne Selden,1610612741,0021801009,Jump Shot,1,1,Above the Break 3
201577,Robin Lopez,1610612741,0021801009,Hook Shot,1,1,In The Paint (Non-RA)
1627885,Shaquille Harrison,1610612741,0021801009,Layup Shot,1,0,Restricted Area
201577,Robin Lopez,1610612741,0021801009,Jump Shot,1,1,Restricted Area
201577,Robin Lopez,1610612741,0021801009,Turnaround Hook Shot,1,0,In The Paint (Non-RA)
203490,Otto Porter Jr.,1610612741,0021801009,Jump Shot,1,0,Above the Break 3
1627782,Wayne Selden,1610612741,0021801009,Jump Shot,1,1,Above the Break 3
201577,Robin Lopez,1610612741,0021801009,Hook Shot,1,0,In The Paint (Non-RA)
1627853,Ryan Arcidiacono,1610612741,0021801009,Jump Shot,1,0,In The Paint (Non-RA)
1627739,Kris Dunn,1610612741,0021801009,Jump Shot,1,0,Above the Break 3
1627739,Kris Dunn,1610612741,0021801009,Jump Shot,1,1,In The Paint (Non-RA)
1627739,Kris Dunn,1610612741,0021801009,Driving Reverse Layup Shot,1,1,Restricted Area
203490,Otto Porter Jr.,1610612741,0021801009,Jump Shot,1,0,Above the Break 3
201577,Robin Lopez,1610612741,0021801009,Driving Hook Shot,1,0,Restricted Area
1627739,Kris Dunn,1610612741,0021801009,Driving Layup Shot,1,0,Restricted Area
1627739,Kris Dunn,1610612741,0021801009,Jump Shot,1,1,Above the Break 3
203490,Otto Porter Jr.,1610612741,0021801009,Driving Layup Shot,1,1,Restricted Area
203490,Otto Porter Jr.,1610612741,0021801009,Jump Shot,1,1,Above the Break 3
1628374,Lauri Markkanen,1610612741,0021801009,Alley Oop Dunk Shot,1,1,Restricted Area
201577,Robin Lopez,1610612741,0021801009,Layup Shot,1,1,Restricted Area
1628374,Lauri Markkanen,1610612741,0021801009,Jump Shot,1,0,Left Corner 3
203490,Otto Porter Jr.,1610612741,0021801009,Jump Shot,1,0,Mid-Range
1628374,Lauri Markkanen,1610612741,0021801009,Turnaround Jump Shot,1,0,Mid-Range
201577,Robin Lopez,1610612741,0021801009,Tip Layup Shot,1,1,Restricted Area
1627885,Shaquille Harrison,1610612741,0021801009,Layup Shot,1,0,Restricted Area
1627853,Ryan Arcidiacono,1610612741,0021801009,Jump Shot,1,0,Above the Break 3
1628374,Lauri Markkanen,1610612741,0021801009,Jump Shot,1,0,Above the Break 3
1628374,Lauri Markkanen,1610612741,0021801009,Layup Shot,1,1,Restricted Area
1627782,Wayne Selden,1610612741,0021801009,Jump Shot,1,0,Mid-Range
201577,Robin Lopez,1610612741,0021801009,Driving Layup Shot,1,0,Restricted Area
1628374,Lauri Markkanen,1610612741,0021801009,Jump Shot,1,0,Above the Break 3
1627885,Shaquille Harrison,1610612741,0021801009,Layup Shot,1,0,Restricted Area
1628374,Lauri Markkanen,1610612741,0021801009,Driving Layup Shot,1,0,Restricted Area
1626245,Cristiano Felicio,1610612741,0021801009,Putback Layup Shot,1,1,Restricted Area
1627885,Shaquille Harrison,1610612741,0021801009,Running Dunk Shot,1,1,Restricted Area
1628469,Antonio Blakeney,1610612741,0021801009,Jump Shot,1,0,Above the Break 3
1626245,Cristiano Felicio,1610612741,0021801009,Putback Layup Shot,1,1,Restricted Area
1627739,Kris Dunn,1610612741,0021801009,Jump Shot,1,0,Mid-Range
1628469,Antonio Blakeney,1610612741,0021801009,Pullup Jump shot,1,1,Mid-Range
1626245,Cristiano Felicio,1610612741,0021801009,Alley Oop Dunk Shot,1,1,Restricted Area
1628469,Antonio Blakeney,1610612741,0021801009,Jump Shot,1,1,In The Paint (Non-RA)
1627739,Kris Dunn,1610612741,0021801009,Pullup Jump shot,1,0,In The Paint (Non-RA)
1628374,Lauri Markkanen,1610612741,0021801009,Jump Shot,1,0,Above the Break 3
203490,Otto Porter Jr.,1610612741,0021801009,Jump Shot,1,1,Right Corner 3
203490,Otto Porter Jr.,1610612741,0021801009,Jump Shot,1,0,Above the Break 3
201577,Robin Lopez,1610612741,0021801009,Turnaround Hook Shot,1,1,In The Paint (Non-RA)
203490,Otto Porter Jr.,1610612741,0021801009,Jump Shot,1,0,Mid-Range
1627739,Kris Dunn,1610612741,0021801009,Layup Shot,1,1,Restricted Area
1627853,Ryan Arcidiacono,1610612741,0021801009,Driving Layup Shot,1,1,Restricted Area
1628374,Lauri Markkanen,1610612741,0021801009,Alley Oop Layup shot,1,0,Restricted Area
1628374,Lauri Markkanen,1610612741,0021801009,Jump Shot,1,0,Above the Break 3
203490,Otto Porter Jr.,1610612741,0021801009,Jump Shot,1,0,Mid-Range
203490,Otto Porter Jr.,1610612741,0021801009,Jump Shot,1,0,Right Corner 3
1628374,Lauri Markkanen,1610612741,0021801009,Putback Layup Shot,1,0,Restricted Area
1626245,Cristiano Felicio,1610612741,0021801009,Layup Shot,1,0,Restricted Area
1626245,Cristiano Felicio,1610612741,0021801009,Putback Layup Shot,1,0,Restricted Area
1627885,Shaquille Harrison,1610612741,0021801009,Layup Shot,1,1,Restricted Area
1629102,Brandon Sampson,1610612741,0021801009,Jump Shot,1,0,Left Corner 3
1627885,Shaquille Harrison,1610612741,0021801009,Layup Shot,1,0,Restricted Area
1628374,Lauri Markkanen,1610612741,0021801033,Driving Hook Shot,1,0,In The Paint (Non-RA)
203897,Zach LaVine,1610612741,0021801033,Jump Shot,1,0,Above the Break 3
1628374,Lauri Markkanen,1610612741,0021801033,Driving Floating Bank Jump Shot,1,1,Restricted Area
1628374,Lauri Markkanen,1610612741,0021801033,Turnaround Fadeaway shot,1,0,In The Paint (Non-RA)
1627739,Kris Dunn,1610612741,0021801033,Turnaround Jump Shot,1,0,In The Paint (Non-RA)
203490,Otto Porter Jr.,1610612741,0021801033,Pullup Jump shot,1,0,Mid-Range
201577,Robin Lopez,1610612741,0021801033,Turnaround Hook Shot,1,0,In The Paint (Non-RA)
203897,Zach LaVine,1610612741,0021801033,Driving Layup Shot,1,1,Restricted Area
201577,Robin Lopez,1610612741,0021801033,Hook Shot,1,1,In The Paint (Non-RA)
203897,Zach LaVine,1610612741,0021801033,Driving Layup Shot,1,1,Restricted Area
203490,Otto Porter Jr.,1610612741,0021801033,Jump Shot,1,0,Above the Break 3
201577,Robin Lopez,1610612741,0021801033,Hook Shot,1,1,In The Paint (Non-RA)
1628374,Lauri Markkanen,1610612741,0021801033,Jump Shot,1,1,Above the Break 3
201577,Robin Lopez,1610612741,0021801033,Turnaround Hook Shot,1,1,Restricted Area
1627739,Kris Dunn,1610612741,0021801033,Pullup Jump shot,1,1,Mid-Range
203897,Zach LaVine,1610612741,0021801033,Turnaround Fadeaway Bank Jump Shot,1,0,In The Paint (Non-RA)
1627782,Wayne Selden,1610612741,0021801033,Driving Floating Bank Jump Shot,1,0,In The Paint (Non-RA)
201577,Robin Lopez,1610612741,0021801033,Tip Layup Shot,1,1,Restricted Area
201577,Robin Lopez,1610612741,0021801033,Turnaround Hook Shot,1,1,Restricted Area
203490,Otto Porter Jr.,1610612741,0021801033,Jump Shot,1,1,Above the Break 3
203490,Otto Porter Jr.,1610612741,0021801033,Pullup Jump shot,1,1,Mid-Range
203490,Otto Porter Jr.,1610612741,0021801033,Pullup Jump shot,1,1,Mid-Range
203897,Zach LaVine,1610612741,0021801033,Jump Shot,1,1,Above the Break 3
203897,Zach LaVine,1610612741,0021801033,Running Pull-Up Jump Shot,1,1,Above the Break 3
203897,Zach LaVine,1610612741,0021801033,Pullup Jump shot,1,0,Above the Break 3
201577,Robin Lopez,1610612741,0021801033,Floating Jump shot,1,0,In The Paint (Non-RA)
1628374,Lauri Markkanen,1610612741,0021801033,Jump Shot,1,0,In The Paint (Non-RA)
1628374,Lauri Markkanen,1610612741,0021801033,Jump Shot,1,0,Above the Break 3
1627885,Shaquille Harrison,1610612741,0021801033,Jump Shot,1,1,In The Paint (Non-RA)
1627739,Kris Dunn,1610612741,0021801033,Driving Layup Shot,1,1,Restricted Area
1627739,Kris Dunn,1610612741,0021801033,Jump Shot,1,0,Above the Break 3
1627739,Kris Dunn,1610612741,0021801033,Driving Floating Bank Jump Shot,1,1,In The Paint (Non-RA)
203897,Zach LaVine,1610612741,0021801033,Pullup Jump shot,1,1,Above the Break 3
203897,Zach LaVine,1610612741,0021801033,Pullup Jump shot,1,0,Above the Break 3
203897,Zach LaVine,1610612741,0021801033,Driving Hook Shot,1,1,In The Paint (Non-RA)
203490,Otto Porter Jr.,1610612741,0021801033,Pullup Jump shot,1,0,Above the Break 3
1627739,Kris Dunn,1610612741,0021801033,Cutting Dunk Shot,1,1,Restricted Area
203490,Otto Porter Jr.,1610612741,0021801033,Step Back Jump shot,1,0,Mid-Range
201577,Robin Lopez,1610612741,0021801033,Putback Layup Shot,1,1,Restricted Area
1627782,Wayne Selden,1610612741,0021801033,Jump Shot,1,1,Above the Break 3
203897,Zach LaVine,1610612741,0021801033,Driving Floating Jump Shot,1,0,In The Paint (Non-RA)
1627782,Wayne Selden,1610612741,0021801033,Pullup Jump shot,1,1,Mid-Range
203897,Zach LaVine,1610612741,0021801033,Step Back Jump shot,1,0,Mid-Range
201577,Robin Lopez,1610612741,0021801033,Hook Shot,1,1,Restricted Area
203897,Zach LaVine,1610612741,0021801033,Jump Shot,1,0,Above the Break 3
1627739,Kris Dunn,1610612741,0021801033,Driving Reverse Layup Shot,1,0,Restricted Area
1627739,Kris Dunn,1610612741,0021801033,Putback Layup Shot,1,0,Restricted Area
203490,Otto Porter Jr.,1610612741,0021801033,Driving Floating Bank Jump Shot,1,1,In The Paint (Non-RA)
203490,Otto Porter Jr.,1610612741,0021801033,Pullup Jump shot,1,0,Mid-Range
203897,Zach LaVine,1610612741,0021801033,Pullup Jump shot,1,0,Mid-Range
1627782,Wayne Selden,1610612741,0021801033,Pullup Jump shot,1,0,Mid-Range
203897,Zach LaVine,1610612741,0021801033,Driving Layup Shot,1,1,Restricted Area
201577,Robin Lopez,1610612741,0021801033,Driving Bank Hook Shot,1,0,Restricted Area
1627782,Wayne Selden,1610612741,0021801033,Driving Layup Shot,1,0,Restricted Area
203897,Zach LaVine,1610612741,0021801033,Driving Layup Shot,1,0,Restricted Area
1627885,Shaquille Harrison,1610612741,0021801033,Driving Layup Shot,1,1,Restricted Area
1627782,Wayne Selden,1610612741,0021801033,Running Layup Shot,1,1,Restricted Area
201577,Robin Lopez,1610612741,0021801033,Driving Layup Shot,1,1,Restricted Area
203897,Zach LaVine,1610612741,0021801033,Driving Reverse Layup Shot,1,1,Restricted Area
1627782,Wayne Selden,1610612741,0021801033,Pullup Jump shot,1,1,Mid-Range
1627885,Shaquille Harrison,1610612741,0021801033,Jump Shot,1,0,Backcourt
1627885,Shaquille Harrison,1610612741,0021801033,Driving Layup Shot,1,0,Restricted Area
1627782,Wayne Selden,1610612741,0021801033,Jump Shot,1,0,Above the Break 3
1628469,Antonio Blakeney,1610612741,0021801033,Pullup Jump shot,1,0,In The Paint (Non-RA)
1626245,Cristiano Felicio,1610612741,0021801033,Layup Shot,1,0,Restricted Area
1627789,Timothe Luwawu-Cabarrot,1610612741,0021801033,Jump Shot,1,1,Right Corner 3
1626245,Cristiano Felicio,1610612741,0021801033,Cutting Layup Shot,1,1,Restricted Area
1627739,Kris Dunn,1610612741,0021801033,Pullup Jump shot,1,1,Above the Break 3
1627739,Kris Dunn,1610612741,0021801033,Fadeaway Jump Shot,1,0,In The Paint (Non-RA)
1627782,Wayne Selden,1610612741,0021801033,Driving Floating Bank Jump Shot,1,1,Mid-Range
1628469,Antonio Blakeney,1610612741,0021801033,Jump Shot,1,1,In The Paint (Non-RA)
1627739,Kris Dunn,1610612741,0021801033,Running Jump Shot,1,0,In The Paint (Non-RA)
1628374,Lauri Markkanen,1610612741,0021801033,Jump Shot,1,0,Mid-Range
201577,Robin Lopez,1610612741,0021801033,Cutting Layup Shot,1,1,Restricted Area
1628374,Lauri Markkanen,1610612741,0021801033,Jump Shot,1,1,Above the Break 3
203897,Zach LaVine,1610612741,0021801033,Driving Layup Shot,1,0,Restricted Area
203490,Otto Porter Jr.,1610612741,0021801033,Jump Shot,1,1,Above the Break 3
1627739,Kris Dunn,1610612741,0021801033,Driving Layup Shot,1,0,Restricted Area
203490,Otto Porter Jr.,1610612741,0021801033,Jump Shot,1,1,Above the Break 3
203897,Zach LaVine,1610612741,0021801033,Running Dunk Shot,1,1,Restricted Area
1627739,Kris Dunn,1610612741,0021801047,Floating Jump shot,1,1,In The Paint (Non-RA)
1628374,Lauri Markkanen,1610612741,0021801047,Driving Floating Bank Jump Shot,1,1,In The Paint (Non-RA)
1627739,Kris Dunn,1610612741,0021801047,Driving Layup Shot,1,0,In The Paint (Non-RA)
203490,Otto Porter Jr.,1610612741,0021801047,Driving Layup Shot,1,0,Restricted Area
1627739,Kris Dunn,1610612741,0021801047,Jump Shot,1,0,Above the Break 3
203897,Zach LaVine,1610612741,0021801047,Jump Shot,1,1,Above the Break 3
203490,Otto Porter Jr.,1610612741,0021801047,Jump Shot,1,0,Above the Break 3
203897,Zach LaVine,1610612741,0021801047,Step Back Jump shot,1,1,Mid-Range
1627739,Kris Dunn,1610612741,0021801047,Driving Layup Shot,1,1,In The Paint (Non-RA)
1628374,Lauri Markkanen,1610612741,0021801047,Jump Shot,1,0,Right Corner 3
203897,Zach LaVine,1610612741,0021801047,Driving Layup Shot,1,1,In The Paint (Non-RA)
203897,Zach LaVine,1610612741,0021801047,Step Back Jump shot,1,0,Above the Break 3
203490,Otto Porter Jr.,1610612741,0021801047,Pullup Jump shot,1,0,Mid-Range
203897,Zach LaVine,1610612741,0021801047,Driving Layup Shot,1,0,In The Paint (Non-RA)
203490,Otto Porter Jr.,1610612741,0021801047,Driving Hook Shot,1,1,In The Paint (Non-RA)
203897,Zach LaVine,1610612741,0021801047,Pullup Jump shot,1,0,In The Paint (Non-RA)
203490,Otto Porter Jr.,1610612741,0021801047,Pullup Jump shot,1,0,Above the Break 3
201577,Robin Lopez,1610612741,0021801047,Hook Shot,1,0,In The Paint (Non-RA)
1627782,Wayne Selden,1610612741,0021801047,Jump Shot,1,1,Above the Break 3
1627789,Timothe Luwawu-Cabarrot,1610612741,0021801047,Pullup Jump shot,1,0,Mid-Range
1628374,Lauri Markkanen,1610612741,0021801047,Jump Shot,1,1,Left Corner 3
1627782,Wayne Selden,1610612741,0021801047,Jump Shot,1,0,Above the Break 3
1627789,Timothe Luwawu-Cabarrot,1610612741,0021801047,Jump Shot,1,0,Right Corner 3
1628374,Lauri Markkanen,1610612741,0021801047,Jump Shot,1,0,Above the Break 3
1627885,Shaquille Harrison,1610612741,0021801047,Driving Layup Shot,1,1,In The Paint (Non-RA)
1627853,Ryan Arcidiacono,1610612741,0021801047,Pullup Jump shot,1,1,In The Paint (Non-RA)
203490,Otto Porter Jr.,1610612741,0021801047,Jump Shot,1,0,Above the Break 3
1627853,Ryan Arcidiacono,1610612741,0021801047,Jump Shot,1,0,Above the Break 3
203490,Otto Porter Jr.,1610612741,0021801047,Jump Shot,1,0,Mid-Range
1627739,Kris Dunn,1610612741,0021801047,Driving Layup Shot,1,0,In The Paint (Non-RA)
1627739,Kris Dunn,1610612741,0021801047,Pullup Jump shot,1,1,In The Paint (Non-RA)
1627739,Kris Dunn,1610612741,0021801047,Jump Shot,1,0,Above the Break 3
1628374,Lauri Markkanen,1610612741,0021801047,Running Dunk Shot,1,1,In The Paint (Non-RA)
1628374,Lauri Markkanen,1610612741,0021801047,Jump Shot,1,0,Above the Break 3
203897,Zach LaVine,1610612741,0021801047,Driving Layup Shot,1,0,In The Paint (Non-RA)
1627853,Ryan Arcidiacono,1610612741,0021801047,Jump Shot,1,1,Left Corner 3
203897,Zach LaVine,1610612741,0021801047,Driving Layup Shot,1,0,In The Paint (Non-RA)
203897,Zach LaVine,1610612741,0021801047,Reverse Layup Shot,1,1,Restricted Area
203897,Zach LaVine,1610612741,0021801047,Driving Reverse Layup Shot,1,0,In The Paint (Non-RA)
201577,Robin Lopez,1610612741,0021801047,Cutting Layup Shot,1,0,In The Paint (Non-RA)
201577,Robin Lopez,1610612741,0021801047,Dunk Shot,1,1,In The Paint (Non-RA)
203490,Otto Porter Jr.,1610612741,0021801047,Pullup Jump shot,1,1,In The Paint (Non-RA)
1627739,Kris Dunn,1610612741,0021801047,Floating Jump shot,1,0,In The Paint (Non-RA)
201577,Robin Lopez,1610612741,0021801047,Tip Layup Shot,1,0,Restricted Area
1627739,Kris Dunn,1610612741,0021801047,Floating Jump shot,1,1,Restricted Area
1627739,Kris Dunn,1610612741,0021801047,Jump Shot,1,0,Above the Break 3
203897,Zach LaVine,1610612741,0021801047,Driving Layup Shot,1,0,In The Paint (Non-RA)
1628374,Lauri Markkanen,1610612741,0021801047,Jump Shot,1,0,Mid-Range
203897,Zach LaVine,1610612741,0021801047,Floating Jump shot,1,0,In The Paint (Non-RA)
1628374,Lauri Markkanen,1610612741,0021801047,Driving Dunk Shot,1,1,In The Paint (Non-RA)
1627739,Kris Dunn,1610612741,0021801047,Running Layup Shot,1,0,In The Paint (Non-RA)
203897,Zach LaVine,1610612741,0021801047,Driving Layup Shot,1,1,In The Paint (Non-RA)
203490,Otto Porter Jr.,1610612741,0021801047,Jump Shot,1,1,Above the Break 3
203897,Zach LaVine,1610612741,0021801047,Driving Layup Shot,1,1,Restricted Area
203897,Zach LaVine,1610612741,0021801047,Step Back Jump shot,1,0,Mid-Range
203897,Zach LaVine,1610612741,0021801047,Driving Layup Shot,1,0,In The Paint (Non-RA)
203897,Zach LaVine,1610612741,0021801047,Pullup Jump shot,1,1,Above the Break 3
203897,Zach LaVine,1610612741,0021801047,Pullup Jump shot,1,0,In The Paint (Non-RA)
201577,Robin Lopez,1610612741,0021801047,Tip Layup Shot,1,0,Restricted Area
201577,Robin Lopez,1610612741,0021801047,Turnaround Hook Shot,1,1,In The Paint (Non-RA)
1627782,Wayne Selden,1610612741,0021801047,Jump Shot,1,0,Above the Break 3
1627853,Ryan Arcidiacono,1610612741,0021801047,Pullup Jump shot,1,0,In The Paint (Non-RA)
1627789,Timothe Luwawu-Cabarrot,1610612741,0021801047,Jump Shot,1,1,Above the Break 3
1627789,Timothe Luwawu-Cabarrot,1610612741,0021801047,Jump Shot,1,0,Above the Break 3
1627853,Ryan Arcidiacono,1610612741,0021801047,Pullup Jump shot,1,1,Above the Break 3
1627853,Ryan Arcidiacono,1610612741,0021801047,Floating Jump shot,1,1,In The Paint (Non-RA)
1627885,Shaquille Harrison,1610612741,0021801047,Driving Layup Shot,1,1,Restricted Area
1627782,Wayne Selden,1610612741,0021801047,Floating Jump shot,1,0,In The Paint (Non-RA)
1627789,Timothe Luwawu-Cabarrot,1610612741,0021801047,Pullup Jump shot,1,0,Mid-Range
1628469,Antonio Blakeney,1610612741,0021801047,Step Back Jump shot,1,0,Mid-Range
1626245,Cristiano Felicio,1610612741,0021801047,Cutting Layup Shot,1,0,In The Paint (Non-RA)
1627885,Shaquille Harrison,1610612741,0021801047,Driving Layup Shot,1,1,Restricted Area
1627782,Wayne Selden,1610612741,0021801047,Driving Layup Shot,1,1,In The Paint (Non-RA)
1627782,Wayne Selden,1610612741,0021801047,Pullup Jump shot,1,0,In The Paint (Non-RA)
1627885,Shaquille Harrison,1610612741,0021801047,Driving Layup Shot,1,1,Restricted Area
1627789,Timothe Luwawu-Cabarrot,1610612741,0021801047,Jump Shot,1,1,Left Corner 3
1626245,Cristiano Felicio,1610612741,0021801047,Cutting Layup Shot,1,1,Restricted Area
1627789,Timothe Luwawu-Cabarrot,1610612741,0021801047,Jump Shot,1,1,Right Corner 3
1627885,Shaquille Harrison,1610612741,0021801047,Driving Layup Shot,1,0,In The Paint (Non-RA)
1626245,Cristiano Felicio,1610612741,0021801047,Putback Layup Shot,1,1,In The Paint (Non-RA)
1628469,Antonio Blakeney,1610612741,0021801047,Running Layup Shot,1,0,In The Paint (Non-RA)
1628469,Antonio Blakeney,1610612741,0021801047,Floating Jump shot,1,0,Mid-Range
1627885,Shaquille Harrison,1610612741,0021801047,Driving Finger Roll Layup Shot,1,1,In The Paint (Non-RA)
1628469,Antonio Blakeney,1610612741,0021801047,Driving Floating Jump Shot,1,1,In The Paint (Non-RA)
1628469,Antonio Blakeney,1610612741,0021801047,Driving Layup Shot,1,1,In The Paint (Non-RA)
1627782,Wayne Selden,1610612741,0021801047,Jump Shot,1,0,Above the Break 3
1627789,Timothe Luwawu-Cabarrot,1610612741,0021801047,Cutting Dunk Shot,1,1,Restricted Area
1628469,Antonio Blakeney,1610612741,0021801047,Driving Layup Shot,1,0,In The Paint (Non-RA)
1627885,Shaquille Harrison,1610612741,0021801057,Cutting Layup Shot,1,0,Restricted Area
201577,Robin Lopez,1610612741,0021801057,Driving Hook Shot,1,1,In The Paint (Non-RA)
201577,Robin Lopez,1610612741,0021801057,Turnaround Hook Shot,1,0,In The Paint (Non-RA)
1627885,Shaquille Harrison,1610612741,0021801057,Running Layup Shot,1,0,Restricted Area
1627739,Kris Dunn,1610612741,0021801057,Driving Layup Shot,1,1,Restricted Area
1628374,Lauri Markkanen,1610612741,0021801057,Driving Floating Bank Jump Shot,1,1,In The Paint (Non-RA)
201577,Robin Lopez,1610612741,0021801057,Hook Shot,1,1,In The Paint (Non-RA)
1628374,Lauri Markkanen,1610612741,0021801057,Jump Shot,1,0,Above the Break 3
1627739,Kris Dunn,1610612741,0021801057,Jump Shot,1,1,Above the Break 3
201577,Robin Lopez,1610612741,0021801057,Turnaround Hook Shot,1,1,Restricted Area
1627739,Kris Dunn,1610612741,0021801057,Step Back Jump shot,1,1,In The Paint (Non-RA)
203897,Zach LaVine,1610612741,0021801057,Jump Shot,1,1,Mid-Range
203897,Zach LaVine,1610612741,0021801057,Driving Layup Shot,1,0,Restricted Area
201577,Robin Lopez,1610612741,0021801057,Turnaround Hook Shot,1,1,In The Paint (Non-RA)
1628374,Lauri Markkanen,1610612741,0021801057,Pullup Jump shot,1,0,Mid-Range
203897,Zach LaVine,1610612741,0021801057,Driving Floating Jump Shot,1,0,In The Paint (Non-RA)
1627782,Wayne Selden,1610612741,0021801057,Jump Shot,1,0,Above the Break 3
1626245,Cristiano Felicio,1610612741,0021801057,Cutting Dunk Shot,1,1,Restricted Area
1627782,Wayne Selden,1610612741,0021801057,Jump Shot,1,0,Mid-Range
1626245,Cristiano Felicio,1610612741,0021801057,Putback Layup Shot,1,0,Restricted Area
1626245,Cristiano Felicio,1610612741,0021801057,Cutting Layup Shot,1,1,Restricted Area
1628469,Antonio Blakeney,1610612741,0021801057,Pullup Jump shot,1,1,In The Paint (Non-RA)
1627885,Shaquille Harrison,1610612741,0021801057,Driving Dunk Shot,1,1,Restricted Area
1627853,Ryan Arcidiacono,1610612741,0021801057,Turnaround Fadeaway shot,1,1,In The Paint (Non-RA)
1627782,Wayne Selden,1610612741,0021801057,Driving Floating Jump Shot,1,1,Restricted Area
1628469,Antonio Blakeney,1610612741,0021801057,Pullup Jump shot,1,0,In The Paint (Non-RA)
1628469,Antonio Blakeney,1610612741,0021801057,Pullup Jump shot,1,0,In The Paint (Non-RA)
1626245,Cristiano Felicio,1610612741,0021801057,Tip Dunk Shot,1,1,Restricted Area
1627782,Wayne Selden,1610612741,0021801057,Driving Floating Jump Shot,1,0,In The Paint (Non-RA)
1627853,Ryan Arcidiacono,1610612741,0021801057,Driving Floating Jump Shot,1,0,In The Paint (Non-RA)
1627853,Ryan Arcidiacono,1610612741,0021801057,Floating Jump shot,1,1,In The Paint (Non-RA)
1627853,Ryan Arcidiacono,1610612741,0021801057,Driving Floating Jump Shot,1,0,In The Paint (Non-RA)
1628469,Antonio Blakeney,1610612741,0021801057,Pullup Jump shot,1,0,Mid-Range
1628374,Lauri Markkanen,1610612741,0021801057,Driving Floating Bank Jump Shot,1,0,Restricted Area
1628374,Lauri Markkanen,1610612741,0021801057,Jump Shot,1,1,Above the Break 3
1627739,Kris Dunn,1610612741,0021801057,Pullup Jump shot,1,0,Above the Break 3
1627782,Wayne Selden,1610612741,0021801057,Driving Floating Jump Shot,1,1,In The Paint (Non-RA)
201577,Robin Lopez,1610612741,0021801057,Hook Shot,1,1,In The Paint (Non-RA)
201577,Robin Lopez,1610612741,0021801057,Turnaround Hook Shot,1,1,In The Paint (Non-RA)
203897,Zach LaVine,1610612741,0021801057,Driving Layup Shot,1,1,Restricted Area
1628374,Lauri Markkanen,1610612741,0021801057,Jump Shot,1,0,In The Paint (Non-RA)
201577,Robin Lopez,1610612741,0021801057,Layup Shot,1,1,Restricted Area
201577,Robin Lopez,1610612741,0021801057,Hook Shot,1,0,In The Paint (Non-RA)
1628374,Lauri Markkanen,1610612741,0021801057,Jump Shot,1,0,Left Corner 3
1627885,Shaquille Harrison,1610612741,0021801057,Cutting Layup Shot,1,0,Restricted Area
1627739,Kris Dunn,1610612741,0021801057,Driving Floating Jump Shot,1,0,In The Paint (Non-RA)
1627739,Kris Dunn,1610612741,0021801057,Pullup Jump shot,1,0,Mid-Range
1627739,Kris Dunn,1610612741,0021801057,Driving Reverse Layup Shot,1,0,Restricted Area
203897,Zach LaVine,1610612741,0021801057,Step Back Jump shot,1,0,Above the Break 3
1628374,Lauri Markkanen,1610612741,0021801057,Pullup Jump shot,1,1,In The Paint (Non-RA)
1627885,Shaquille Harrison,1610612741,0021801057,Running Dunk Shot,1,1,Restricted Area
201577,Robin Lopez,1610612741,0021801057,Turnaround Hook Shot,1,1,In The Paint (Non-RA)
1627885,Shaquille Harrison,1610612741,0021801057,Driving Layup Shot,1,0,Restricted Area
201577,Robin Lopez,1610612741,0021801057,Tip Layup Shot,1,1,Restricted Area
1627885,Shaquille Harrison,1610612741,0021801057,Running Layup Shot,1,0,Restricted Area
1627885,Shaquille Harrison,1610612741,0021801057,Driving Floating Bank Jump Shot,1,0,In The Paint (Non-RA)
201577,Robin Lopez,1610612741,0021801057,Tip Dunk Shot,1,1,Restricted Area
203897,Zach LaVine,1610612741,0021801057,Driving Layup Shot,1,0,Restricted Area
1628374,Lauri Markkanen,1610612741,0021801057,Jump Shot,1,1,Mid-Range
1627739,Kris Dunn,1610612741,0021801057,Step Back Jump shot,1,1,Mid-Range
203897,Zach LaVine,1610612741,0021801057,Pullup Jump shot,1,1,Above the Break 3
203897,Zach LaVine,1610612741,0021801057,Step Back Jump shot,1,1,Above the Break 3
203897,Zach LaVine,1610612741,0021801057,Jump Shot,1,0,Above the Break 3
1628469,Antonio Blakeney,1610612741,0021801057,Driving Floating Jump Shot,1,1,In The Paint (Non-RA)
1627789,Timothe Luwawu-Cabarrot,1610612741,0021801057,Cutting Layup Shot,1,1,Restricted Area
1628469,Antonio Blakeney,1610612741,0021801057,Jump Shot,1,0,Above the Break 3
1628469,Antonio Blakeney,1610612741,0021801057,Cutting Layup Shot,1,0,Restricted Area
1627789,Timothe Luwawu-Cabarrot,1610612741,0021801057,Jump Shot,1,0,Above the Break 3
1627789,Timothe Luwawu-Cabarrot,1610612741,0021801057,Cutting Dunk Shot,1,1,Restricted Area
1627782,Wayne Selden,1610612741,0021801057,Step Back Jump shot,1,0,Above the Break 3
1628469,Antonio Blakeney,1610612741,0021801057,Running Dunk Shot,1,1,Restricted Area
1627782,Wayne Selden,1610612741,0021801057,Step Back Jump shot,1,1,Mid-Range
1626245,Cristiano Felicio,1610612741,0021801057,Floating Jump shot,1,0,In The Paint (Non-RA)
1628469,Antonio Blakeney,1610612741,0021801057,Jump Shot,1,0,Left Corner 3
1627789,Timothe Luwawu-Cabarrot,1610612741,0021801057,Putback Layup Shot,1,1,Restricted Area
1627853,Ryan Arcidiacono,1610612741,0021801057,Floating Jump shot,1,1,In The Paint (Non-RA)
1628469,Antonio Blakeney,1610612741,0021801057,Jump Shot,1,0,Above the Break 3
1628374,Lauri Markkanen,1610612741,0021801057,Turnaround Fadeaway shot,1,1,In The Paint (Non-RA)
1627739,Kris Dunn,1610612741,0021801057,Driving Floating Jump Shot,1,1,In The Paint (Non-RA)
1627885,Shaquille Harrison,1610612741,0021801057,Reverse Layup Shot,1,1,Restricted Area
1628374,Lauri Markkanen,1610612741,0021801057,Jump Shot,1,0,In The Paint (Non-RA)
1628374,Lauri Markkanen,1610612741,0021801057,Cutting Dunk Shot,1,1,Restricted Area
1627739,Kris Dunn,1610612741,0021801057,Step Back Jump shot,1,0,Mid-Range
1628374,Lauri Markkanen,1610612741,0021801057,Driving Floating Bank Jump Shot,1,0,Restricted Area
201577,Robin Lopez,1610612741,0021801057,Tip Layup Shot,1,0,Restricted Area
201577,Robin Lopez,1610612741,0021801057,Tip Layup Shot,1,1,Restricted Area
1628374,Lauri Markkanen,1610612741,0021801057,Jump Shot,1,0,Above the Break 3
1628374,Lauri Markkanen,1610612741,0021801057,Driving Floating Bank Jump Shot,1,1,Restricted Area
203897,Zach LaVine,1610612741,0021801057,Driving Layup Shot,1,1,Restricted Area
201577,Robin Lopez,1610612741,0021801069,Turnaround Hook Shot,1,1,In The Paint (Non-RA)
1627739,Kris Dunn,1610612741,0021801069,Step Back Jump shot,1,1,Above the Break 3
1628374,Lauri Markkanen,1610612741,0021801069,Turnaround Hook Shot,1,0,In The Paint (Non-RA)
1627739,Kris Dunn,1610612741,0021801069,Driving Layup Shot,1,0,Restricted Area
1628374,Lauri Markkanen,1610612741,0021801069,Jump Shot,1,1,Left Corner 3
1627739,Kris Dunn,1610612741,0021801069,Driving Floating Jump Shot,1,0,In The Paint (Non-RA)
201577,Robin Lopez,1610612741,0021801069,Jump Shot,1,0,Mid-Range
1628469,Antonio Blakeney,1610612741,0021801069,Pullup Jump shot,1,0,Mid-Range
1627885,Shaquille Harrison,1610612741,0021801069,Running Layup Shot,1,1,Restricted Area
1628374,Lauri Markkanen,1610612741,0021801069,Fadeaway Jump Shot,1,1,In The Paint (Non-RA)
1628374,Lauri Markkanen,1610612741,0021801069,Step Back Jump shot,1,0,Above the Break 3
1627739,Kris Dunn,1610612741,0021801069,Pullup Jump shot,1,0,Mid-Range
1628469,Antonio Blakeney,1610612741,0021801069,Fadeaway Jump Shot,1,0,Mid-Range
1627739,Kris Dunn,1610612741,0021801069,Driving Floating Jump Shot,1,1,In The Paint (Non-RA)
1628374,Lauri Markkanen,1610612741,0021801069,Fadeaway Jump Shot,1,1,In The Paint (Non-RA)
1627853,Ryan Arcidiacono,1610612741,0021801069,Driving Layup Shot,1,1,Restricted Area
1627853,Ryan Arcidiacono,1610612741,0021801069,Pullup Jump shot,1,1,In The Paint (Non-RA)
1627853,Ryan Arcidiacono,1610612741,0021801069,Driving Floating Jump Shot,1,0,In The Paint (Non-RA)
1628374,Lauri Markkanen,1610612741,0021801069,Driving Layup Shot,1,1,Restricted Area
1626245,Cristiano Felicio,1610612741,0021801069,Layup Shot,1,1,Restricted Area
1627782,Wayne Selden,1610612741,0021801069,Fadeaway Jump Shot,1,1,Mid-Range
1627782,Wayne Selden,1610612741,0021801069,Jump Shot,1,0,Mid-Range
1627853,Ryan Arcidiacono,1610612741,0021801069,Driving Floating Jump Shot,1,0,In The Paint (Non-RA)
1626245,Cristiano Felicio,1610612741,0021801069,Driving Layup Shot,1,1,Restricted Area
1627885,Shaquille Harrison,1610612741,0021801069,Driving Layup Shot,1,0,Restricted Area
1627782,Wayne Selden,1610612741,0021801069,Driving Layup Shot,1,0,Restricted Area
1627782,Wayne Selden,1610612741,0021801069,Tip Layup Shot,1,0,Restricted Area
1627782,Wayne Selden,1610612741,0021801069,Driving Floating Jump Shot,1,1,In The Paint (Non-RA)
1627739,Kris Dunn,1610612741,0021801069,Step Back Jump shot,1,0,Mid-Range
1627739,Kris Dunn,1610612741,0021801069,Jump Shot,1,0,Left Corner 3
1627782,Wayne Selden,1610612741,0021801069,Driving Floating Jump Shot,1,0,In The Paint (Non-RA)
1627789,Timothe Luwawu-Cabarrot,1610612741,0021801069,Jump Shot,1,1,Left Corner 3
1627789,Timothe Luwawu-Cabarrot,1610612741,0021801069,Jump Shot,1,0,Above the Break 3
1626245,Cristiano Felicio,1610612741,0021801069,Driving Layup Shot,1,0,Restricted Area
1627853,Ryan Arcidiacono,1610612741,0021801069,Cutting Layup Shot,1,0,Restricted Area
1627853,Ryan Arcidiacono,1610612741,0021801069,Jump Shot,1,0,Left Corner 3
1627853,Ryan Arcidiacono,1610612741,0021801069,Layup Shot,1,1,Restricted Area
1626245,Cristiano Felicio,1610612741,0021801069,Driving Layup Shot,1,1,Restricted Area
1627739,Kris Dunn,1610612741,0021801069,Jump Shot,1,0,Right Corner 3
1627782,Wayne Selden,1610612741,0021801069,Pullup Jump shot,1,0,Restricted Area
1627789,Timothe Luwawu-Cabarrot,1610612741,0021801069,Pullup Jump shot,1,0,Mid-Range
1627739,Kris Dunn,1610612741,0021801069,Driving Layup Shot,1,0,Restricted Area
1628374,Lauri Markkanen,1610612741,0021801069,Jump Shot,1,1,Mid-Range
1627789,Timothe Luwawu-Cabarrot,1610612741,0021801069,Driving Layup Shot,1,0,Restricted Area
1628374,Lauri Markkanen,1610612741,0021801069,Jump Shot,1,1,Above the Break 3
1627739,Kris Dunn,1610612741,0021801069,Driving Layup Shot,1,1,Restricted Area
1627789,Timothe Luwawu-Cabarrot,1610612741,0021801069,Jump Shot,1,1,Above the Break 3
201577,Robin Lopez,1610612741,0021801069,Turnaround Hook Shot,1,1,In The Paint (Non-RA)
1628469,Antonio Blakeney,1610612741,0021801069,Cutting Layup Shot,1,1,In The Paint (Non-RA)
1627739,Kris Dunn,1610612741,0021801069,Pullup Jump shot,1,1,Mid-Range
1627789,Timothe Luwawu-Cabarrot,1610612741,0021801069,Dunk Shot,1,1,Restricted Area
201577,Robin Lopez,1610612741,0021801069,Turnaround Hook Shot,1,0,In The Paint (Non-RA)
1628374,Lauri Markkanen,1610612741,0021801069,Jump Shot,1,0,Above the Break 3
1627885,Shaquille Harrison,1610612741,0021801069,Pullup Jump shot,1,0,Mid-Range
201577,Robin Lopez,1610612741,0021801069,Turnaround Hook Shot,1,0,In The Paint (Non-RA)
1628374,Lauri Markkanen,1610612741,0021801069,Jump Shot,1,0,Mid-Range
1628469,Antonio Blakeney,1610612741,0021801069,Pullup Jump shot,1,0,In The Paint (Non-RA)
1628374,Lauri Markkanen,1610612741,0021801069,Jump Shot,1,1,Above the Break 3
1627739,Kris Dunn,1610612741,0021801069,Driving Layup Shot,1,1,Restricted Area
1627739,Kris Dunn,1610612741,0021801069,Jump Shot,1,0,Above the Break 3
1627739,Kris Dunn,1610612741,0021801069,Driving Layup Shot,1,0,Restricted Area
201577,Robin Lopez,1610612741,0021801069,Tip Layup Shot,1,1,Restricted Area
1628374,Lauri Markkanen,1610612741,0021801069,Driving Layup Shot,1,0,Restricted Area
1627739,Kris Dunn,1610612741,0021801069,Floating Jump shot,1,0,In The Paint (Non-RA)
1627739,Kris Dunn,1610612741,0021801069,Running Layup Shot,1,1,Restricted Area
1627885,Shaquille Harrison,1610612741,0021801069,Running Layup Shot,1,1,Restricted Area
1627885,Shaquille Harrison,1610612741,0021801069,Driving Layup Shot,1,0,Restricted Area
1628374,Lauri Markkanen,1610612741,0021801069,Jump Shot,1,1,Above the Break 3
1627885,Shaquille Harrison,1610612741,0021801069,Driving Reverse Layup Shot,1,1,Restricted Area
1628374,Lauri Markkanen,1610612741,0021801069,Fadeaway Jump Shot,1,1,Mid-Range
1628374,Lauri Markkanen,1610612741,0021801069,Jump Shot,1,0,Above the Break 3
1627885,Shaquille Harrison,1610612741,0021801069,Driving Layup Shot,1,1,Restricted Area
1628374,Lauri Markkanen,1610612741,0021801069,Driving Floating Jump Shot,1,0,Restricted Area
1628374,Lauri Markkanen,1610612741,0021801069,Tip Layup Shot,1,0,Restricted Area
1626245,Cristiano Felicio,1610612741,0021801069,Tip Layup Shot,1,1,Restricted Area
1627782,Wayne Selden,1610612741,0021801069,Driving Layup Shot,1,0,Restricted Area
1627789,Timothe Luwawu-Cabarrot,1610612741,0021801069,Layup Shot,1,1,Restricted Area
1626245,Cristiano Felicio,1610612741,0021801069,Driving Layup Shot,1,0,Restricted Area
1627789,Timothe Luwawu-Cabarrot,1610612741,0021801069,Jump Shot,1,0,Backcourt
1626245,Cristiano Felicio,1610612741,0021801069,Alley Oop Dunk Shot,1,0,Restricted Area
1626245,Cristiano Felicio,1610612741,0021801069,Layup Shot,1,0,Restricted Area
1626245,Cristiano Felicio,1610612741,0021801069,Hook Shot,1,1,Restricted Area
1627885,Shaquille Harrison,1610612741,0021801069,Driving Layup Shot,1,0,Restricted Area
1627885,Shaquille Harrison,1610612741,0021801069,Cutting Dunk Shot,1,1,Restricted Area
1627782,Wayne Selden,1610612741,0021801069,Jump Shot,1,0,Above the Break 3
1627885,Shaquille Harrison,1610612741,0021801069,Driving Layup Shot,1,0,Restricted Area
1626245,Cristiano Felicio,1610612741,0021801069,Jump Shot,1,1,Mid-Range
1627789,Timothe Luwawu-Cabarrot,1610612741,0021801069,Jump Shot,1,1,Left Corner 3
1626245,Cristiano Felicio,1610612741,0021801069,Alley Oop Dunk Shot,1,1,Restricted Area
1627739,Kris Dunn,1610612741,0021801069,Driving Layup Shot,1,0,Restricted Area
1627782,Wayne Selden,1610612741,0021801069,Driving Floating Jump Shot,1,0,In The Paint (Non-RA)
1627739,Kris Dunn,1610612741,0021801069,Driving Hook Shot,1,1,Restricted Area
1627739,Kris Dunn,1610612741,0021801069,Turnaround Hook Shot,1,1,In The Paint (Non-RA)
201577,Robin Lopez,1610612741,0021801069,Driving Hook Shot,1,0,Restricted Area
1627885,Shaquille Harrison,1610612741,0021801069,Jump Shot,1,1,Left Corner 3
1627885,Shaquille Harrison,1610612741,0021801069,Running Layup Shot,1,1,Restricted Area
1627739,Kris Dunn,1610612741,0021801069,Pullup Jump shot,1,0,Mid-Range
1628374,Lauri Markkanen,1610612741,0021801069,Pullup Jump shot,1,1,In The Paint (Non-RA)
1627739,Kris Dunn,1610612741,0021801069,Driving Floating Jump Shot,1,0,In The Paint (Non-RA)
1628374,Lauri Markkanen,1610612741,0021801069,Fadeaway Jump Shot,1,0,In The Paint (Non-RA)
1628374,Lauri Markkanen,1610612741,0021801069,Driving Layup Shot,1,1,In The Paint (Non-RA)
1627739,Kris Dunn,1610612741,0021801069,Step Back Jump shot,1,0,Above the Break 3
1627885,Shaquille Harrison,1610612741,0021801069,Driving Layup Shot,1,0,Restricted Area
1627739,Kris Dunn,1610612741,0021801069,Jump Shot,1,1,Above the Break 3
1627739,Kris Dunn,1610612741,0021801069,Jump Shot,1,1,Above the Break 3
1628374,Lauri Markkanen,1610612741,0021801069,Jump Shot,1,1,Above the Break 3
201577,Robin Lopez,1610612741,0021801090,Turnaround Hook Shot,1,0,In The Paint (Non-RA)
1628374,Lauri Markkanen,1610612741,0021801090,Driving Layup Shot,1,0,Restricted Area
1628374,Lauri Markkanen,1610612741,0021801090,Tip Layup Shot,1,0,Restricted Area
1628469,Antonio Blakeney,1610612741,0021801090,Pullup Jump shot,1,1,Mid-Range
1627739,Kris Dunn,1610612741,0021801090,Jump Shot,1,0,In The Paint (Non-RA)
201577,Robin Lopez,1610612741,0021801090,Tip Layup Shot,1,0,Restricted Area
1627739,Kris Dunn,1610612741,0021801090,Jump Shot,1,0,Mid-Range
1628374,Lauri Markkanen,1610612741,0021801090,Running Layup Shot,1,1,Restricted Area
1628374,Lauri Markkanen,1610612741,0021801090,Jump Shot,1,0,Above the Break 3
201577,Robin Lopez,1610612741,0021801090,Hook Shot,1,1,In The Paint (Non-RA)
1628469,Antonio Blakeney,1610612741,0021801090,Pullup Jump shot,1,1,In The Paint (Non-RA)
1628469,Antonio Blakeney,1610612741,0021801090,Pullup Jump shot,1,0,In The Paint (Non-RA)
1627739,Kris Dunn,1610612741,0021801090,Jump Shot,1,0,Mid-Range
1628374,Lauri Markkanen,1610612741,0021801090,Turnaround Fadeaway Bank Jump Shot,1,1,In The Paint (Non-RA)
1628469,Antonio Blakeney,1610612741,0021801090,Pullup Jump shot,1,1,Mid-Range
1628374,Lauri Markkanen,1610612741,0021801090,Jump Shot,1,0,Above the Break 3
1627853,Ryan Arcidiacono,1610612741,0021801090,Reverse Layup Shot,1,0,Restricted Area
1627885,Shaquille Harrison,1610612741,0021801090,Layup Shot,1,0,Restricted Area
1628374,Lauri Markkanen,1610612741,0021801090,Layup Shot,1,0,In The Paint (Non-RA)
1627853,Ryan Arcidiacono,1610612741,0021801090,Jump Shot,1,0,Mid-Range
1627853,Ryan Arcidiacono,1610612741,0021801090,Floating Jump shot,1,0,In The Paint (Non-RA)
1626245,Cristiano Felicio,1610612741,0021801090,Layup Shot,1,1,Restricted Area
1627782,Wayne Selden,1610612741,0021801090,Jump Shot,1,0,Above the Break 3
1626245,Cristiano Felicio,1610612741,0021801090,Putback Layup Shot,1,1,Restricted Area
1627782,Wayne Selden,1610612741,0021801090,Floating Jump shot,1,0,In The Paint (Non-RA)
1629102,Brandon Sampson,1610612741,0021801090,Jump Shot,1,0,Above the Break 3
1627782,Wayne Selden,1610612741,0021801090,Driving Dunk Shot,1,1,Restricted Area
1627782,Wayne Selden,1610612741,0021801090,Jump Shot,1,0,Mid-Range
1626245,Cristiano Felicio,1610612741,0021801090,Layup Shot,1,1,Restricted Area
1627853,Ryan Arcidiacono,1610612741,0021801090,Driving Layup Shot,1,0,Restricted Area
1627782,Wayne Selden,1610612741,0021801090,Jump Shot,1,0,In The Paint (Non-RA)
1626245,Cristiano Felicio,1610612741,0021801090,Driving Hook Shot,1,0,In The Paint (Non-RA)
1628374,Lauri Markkanen,1610612741,0021801090,Jump Shot,1,0,Above the Break 3
1627739,Kris Dunn,1610612741,0021801090,Jump Shot,1,0,Mid-Range
201577,Robin Lopez,1610612741,0021801090,Tip Layup Shot,1,0,Restricted Area
1628374,Lauri Markkanen,1610612741,0021801090,Layup Shot,1,0,Restricted Area
201577,Robin Lopez,1610612741,0021801090,Hook Shot,1,0,In The Paint (Non-RA)
1627739,Kris Dunn,1610612741,0021801090,Jump Shot,1,1,Mid-Range
201577,Robin Lopez,1610612741,0021801090,Hook Shot,1,1,In The Paint (Non-RA)
1627739,Kris Dunn,1610612741,0021801090,Layup Shot,1,0,Restricted Area
1628374,Lauri Markkanen,1610612741,0021801090,Jump Shot,1,0,Mid-Range
1627885,Shaquille Harrison,1610612741,0021801090,Jump Bank Shot,1,0,Mid-Range
1628469,Antonio Blakeney,1610612741,0021801090,Pullup Jump shot,1,1,Mid-Range
201577,Robin Lopez,1610612741,0021801090,Layup Shot,1,1,Restricted Area
201577,Robin Lopez,1610612741,0021801090,Reverse Layup Shot,1,1,Restricted Area
201577,Robin Lopez,1610612741,0021801090,Hook Shot,1,0,Mid-Range
201577,Robin Lopez,1610612741,0021801090,Jump Shot,1,0,Above the Break 3
1628469,Antonio Blakeney,1610612741,0021801090,Step Back Jump shot,1,0,Above the Break 3
1628374,Lauri Markkanen,1610612741,0021801090,Fadeaway Jump Shot,1,0,In The Paint (Non-RA)
1628374,Lauri Markkanen,1610612741,0021801090,Putback Layup Shot,1,1,Restricted Area
1628374,Lauri Markkanen,1610612741,0021801090,Turnaround Fadeaway Bank Jump Shot,1,0,In The Paint (Non-RA)
1628374,Lauri Markkanen,1610612741,0021801090,Layup Shot,1,1,In The Paint (Non-RA)
1628374,Lauri Markkanen,1610612741,0021801090,Jump Shot,1,0,Above the Break 3
1628469,Antonio Blakeney,1610612741,0021801090,Jump Shot,1,0,Left Corner 3
1628374,Lauri Markkanen,1610612741,0021801090,Running Dunk Shot,1,1,Restricted Area
1627739,Kris Dunn,1610612741,0021801090,Jump Shot,1,0,In The Paint (Non-RA)
1628469,Antonio Blakeney,1610612741,0021801090,Alley Oop Layup shot,1,0,Restricted Area
1628374,Lauri Markkanen,1610612741,0021801090,Jump Shot,1,1,Above the Break 3
1628469,Antonio Blakeney,1610612741,0021801090,Jump Shot,1,0,In The Paint (Non-RA)
1627885,Shaquille Harrison,1610612741,0021801090,Turnaround Jump Shot,1,1,In The Paint (Non-RA)
1628374,Lauri Markkanen,1610612741,0021801090,Jump Shot,1,0,Right Corner 3
201577,Robin Lopez,1610612741,0021801090,Layup Shot,1,1,Restricted Area
1627739,Kris Dunn,1610612741,0021801090,Jump Shot,1,0,In The Paint (Non-RA)
1627885,Shaquille Harrison,1610612741,0021801090,Layup Shot,1,0,Restricted Area
1628374,Lauri Markkanen,1610612741,0021801090,Driving Floating Jump Shot,1,0,Mid-Range
1628374,Lauri Markkanen,1610612741,0021801090,Driving Floating Jump Shot,1,0,In The Paint (Non-RA)
1627885,Shaquille Harrison,1610612741,0021801090,Jump Shot,1,0,Mid-Range
1628469,Antonio Blakeney,1610612741,0021801090,Jump Shot,1,0,Mid-Range
1627853,Ryan Arcidiacono,1610612741,0021801090,Jump Shot,1,0,Above the Break 3
1627782,Wayne Selden,1610612741,0021801090,Driving Layup Shot,1,0,In The Paint (Non-RA)
1626245,Cristiano Felicio,1610612741,0021801090,Layup Shot,1,1,Restricted Area
1627853,Ryan Arcidiacono,1610612741,0021801090,Jump Shot,1,0,Restricted Area
1628469,Antonio Blakeney,1610612741,0021801090,Driving Layup Shot,1,1,Restricted Area
1626245,Cristiano Felicio,1610612741,0021801090,Alley Oop Layup shot,1,0,Restricted Area
1629102,Brandon Sampson,1610612741,0021801090,Jump Shot,1,0,Above the Break 3
1629102,Brandon Sampson,1610612741,0021801090,Dunk Shot,1,1,Restricted Area
1627789,Timothe Luwawu-Cabarrot,1610612741,0021801090,Turnaround Fadeaway Bank Jump Shot,1,1,Mid-Range
1627782,Wayne Selden,1610612741,0021801090,Jump Shot,1,0,Above the Break 3
1629102,Brandon Sampson,1610612741,0021801090,Jump Shot,1,1,Left Corner 3
1627782,Wayne Selden,1610612741,0021801090,Driving Floating Jump Shot,1,0,In The Paint (Non-RA)
1626245,Cristiano Felicio,1610612741,0021801090,Dunk Shot,1,1,Restricted Area
1627885,Shaquille Harrison,1610612741,0021801090,Reverse Layup Shot,1,1,Restricted Area
1627885,Shaquille Harrison,1610612741,0021801090,Layup Shot,1,0,Restricted Area
1626245,Cristiano Felicio,1610612741,0021801090,Layup Shot,1,0,In The Paint (Non-RA)
1629102,Brandon Sampson,1610612741,0021801090,Step Back Jump shot,1,1,In The Paint (Non-RA)
1627885,Shaquille Harrison,1610612741,0021801090,Driving Layup Shot,1,0,Restricted Area
1627789,Timothe Luwawu-Cabarrot,1610612741,0021801090,Pullup Jump shot,1,1,Mid-Range
1629102,Brandon Sampson,1610612741,0021801090,Jump Shot,1,0,Above the Break 3
1627782,Wayne Selden,1610612741,0021801090,Running Dunk Shot,1,1,Restricted Area
1627782,Wayne Selden,1610612741,0021801090,Running Layup Shot,1,1,Restricted Area
1627885,Shaquille Harrison,1610612741,0021801090,Jump Shot,1,0,Mid-Range
1627782,Wayne Selden,1610612741,0021801090,Driving Layup Shot,1,1,Restricted Area
1627853,Ryan Arcidiacono,1610612741,0021801110,Pullup Jump shot,1,0,In The Paint (Non-RA)
1628374,Lauri Markkanen,1610612741,0021801110,Driving Hook Shot,1,0,In The Paint (Non-RA)
1627782,Wayne Selden,1610612741,0021801110,Driving Floating Jump Shot,1,1,Mid-Range
1627782,Wayne Selden,1610612741,0021801110,Jump Shot,1,0,Above the Break 3
1628374,Lauri Markkanen,1610612741,0021801110,Driving Layup Shot,1,0,Restricted Area
1628374,Lauri Markkanen,1610612741,0021801110,Tip Layup Shot,1,0,Restricted Area
1627885,Shaquille Harrison,1610612741,0021801110,Pullup Jump shot,1,0,Mid-Range
201577,Robin Lopez,1610612741,0021801110,Layup Shot,1,1,Restricted Area
1627782,Wayne Selden,1610612741,0021801110,Driving Floating Jump Shot,1,1,In The Paint (Non-RA)
1627853,Ryan Arcidiacono,1610612741,0021801110,Pullup Jump shot,1,0,Mid-Range
201577,Robin Lopez,1610612741,0021801110,Layup Shot,1,0,Restricted Area
201577,Robin Lopez,1610612741,0021801110,Tip Layup Shot,1,1,Restricted Area
1628374,Lauri Markkanen,1610612741,0021801110,Driving Floating Jump Shot,1,0,In The Paint (Non-RA)
1628374,Lauri Markkanen,1610612741,0021801110,Running Jump Shot,1,0,Above the Break 3
1627782,Wayne Selden,1610612741,0021801110,Pullup Jump shot,1,1,Above the Break 3
1627885,Shaquille Harrison,1610612741,0021801110,Jump Shot,1,0,Right Corner 3
1628469,Antonio Blakeney,1610612741,0021801110,Driving Finger Roll Layup Shot,1,1,Restricted Area
1627885,Shaquille Harrison,1610612741,0021801110,Driving Reverse Layup Shot,1,1,Restricted Area
1627782,Wayne Selden,1610612741,0021801110,Running Pull-Up Jump Shot,1,0,In The Paint (Non-RA)
1627885,Shaquille Harrison,1610612741,0021801110,Driving Layup Shot,1,0,Restricted Area
1627782,Wayne Selden,1610612741,0021801110,Driving Floating Bank Jump Shot,1,0,In The Paint (Non-RA)
1628469,Antonio Blakeney,1610612741,0021801110,Step Back Jump shot,1,0,Above the Break 3
1628469,Antonio Blakeney,1610612741,0021801110,Driving Floating Jump Shot,1,0,In The Paint (Non-RA)
1627853,Ryan Arcidiacono,1610612741,0021801110,Pullup Jump shot,1,0,In The Paint (Non-RA)
1626245,Cristiano Felicio,1610612741,0021801110,Cutting Layup Shot,1,1,Restricted Area
1628374,Lauri Markkanen,1610612741,0021801110,Jump Shot,1,0,Above the Break 3
1627853,Ryan Arcidiacono,1610612741,0021801110,Pullup Jump shot,1,0,Above the Break 3
1628374,Lauri Markkanen,1610612741,0021801110,Turnaround Hook Shot,1,0,In The Paint (Non-RA)
1627853,Ryan Arcidiacono,1610612741,0021801110,Jump Shot,1,0,Above the Break 3
1629102,Brandon Sampson,1610612741,0021801110,Turnaround Jump Shot,1,1,In The Paint (Non-RA)
1628374,Lauri Markkanen,1610612741,0021801110,Pullup Jump shot,1,1,Mid-Range
1628374,Lauri Markkanen,1610612741,0021801110,Driving Bank Hook Shot,1,0,Restricted Area
1627782,Wayne Selden,1610612741,0021801110,Driving Finger Roll Layup Shot,1,1,Restricted Area
1627782,Wayne Selden,1610612741,0021801110,Driving Floating Bank Jump Shot,1,0,Restricted Area
1627789,Timothe Luwawu-Cabarrot,1610612741,0021801110,Jump Shot,1,1,Right Corner 3
1629102,Brandon Sampson,1610612741,0021801110,Jump Shot,1,0,Left Corner 3
1627782,Wayne Selden,1610612741,0021801110,Driving Finger Roll Layup Shot,1,1,Restricted Area
1627782,Wayne Selden,1610612741,0021801110,Jump Shot,1,0,Above the Break 3
201577,Robin Lopez,1610612741,0021801110,Jump Shot,1,0,Mid-Range
1628374,Lauri Markkanen,1610612741,0021801110,Jump Shot,1,1,Above the Break 3
201577,Robin Lopez,1610612741,0021801110,Turnaround Jump Shot,1,1,Restricted Area
1627782,Wayne Selden,1610612741,0021801110,Fadeaway Jump Shot,1,1,Mid-Range
1627853,Ryan Arcidiacono,1610612741,0021801110,Jump Shot,1,1,Above the Break 3
1627885,Shaquille Harrison,1610612741,0021801110,Pullup Jump shot,1,0,Above the Break 3
201577,Robin Lopez,1610612741,0021801110,Turnaround Fadeaway shot,1,1,Mid-Range
1627782,Wayne Selden,1610612741,0021801110,Driving Floating Jump Shot,1,0,Restricted Area
1629102,Brandon Sampson,1610612741,0021801110,Jump Shot,1,0,Above the Break 3
1627782,Wayne Selden,1610612741,0021801110,Jump Shot,1,0,Above the Break 3
1627885,Shaquille Harrison,1610612741,0021801110,Running Finger Roll Layup Shot,1,1,Restricted Area
1627853,Ryan Arcidiacono,1610612741,0021801110,Pullup Jump shot,1,0,Mid-Range
1629102,Brandon Sampson,1610612741,0021801110,Jump Shot,1,1,Above the Break 3
1628469,Antonio Blakeney,1610612741,0021801110,Floating Jump shot,1,0,In The Paint (Non-RA)
1628469,Antonio Blakeney,1610612741,0021801110,Driving Floating Jump Shot,1,1,In The Paint (Non-RA)
1627789,Timothe Luwawu-Cabarrot,1610612741,0021801110,Jump Shot,1,1,Mid-Range
1629102,Brandon Sampson,1610612741,0021801110,Driving Finger Roll Layup Shot,1,1,Restricted Area
1628469,Antonio Blakeney,1610612741,0021801110,Driving Bank Hook Shot,1,0,In The Paint (Non-RA)
1628469,Antonio Blakeney,1610612741,0021801110,Driving Finger Roll Layup Shot,1,1,Restricted Area
1628469,Antonio Blakeney,1610612741,0021801110,Driving Floating Jump Shot,1,1,In The Paint (Non-RA)
1627789,Timothe Luwawu-Cabarrot,1610612741,0021801110,Jump Shot,1,0,Left Corner 3
1628469,Antonio Blakeney,1610612741,0021801110,Driving Floating Jump Shot,1,0,In The Paint (Non-RA)
1627789,Timothe Luwawu-Cabarrot,1610612741,0021801110,Jump Shot,1,1,Above the Break 3
1628469,Antonio Blakeney,1610612741,0021801110,Pullup Jump shot,1,0,Mid-Range
1627789,Timothe Luwawu-Cabarrot,1610612741,0021801110,Jump Shot,1,0,Above the Break 3
1627853,Ryan Arcidiacono,1610612741,0021801110,Pullup Jump shot,1,1,In The Paint (Non-RA)
1628469,Antonio Blakeney,1610612741,0021801110,Jump Shot,1,1,Right Corner 3
1626245,Cristiano Felicio,1610612741,0021801110,Layup Shot,1,0,Restricted Area
1627853,Ryan Arcidiacono,1610612741,0021801110,Driving Floating Jump Shot,1,1,In The Paint (Non-RA)
1627853,Ryan Arcidiacono,1610612741,0021801110,Driving Floating Jump Shot,1,1,In The Paint (Non-RA)
1627789,Timothe Luwawu-Cabarrot,1610612741,0021801110,Layup Shot,1,0,In The Paint (Non-RA)
1628469,Antonio Blakeney,1610612741,0021801110,Jump Shot,1,0,Mid-Range
1627853,Ryan Arcidiacono,1610612741,0021801110,Driving Floating Jump Shot,1,1,In The Paint (Non-RA)
1627782,Wayne Selden,1610612741,0021801110,Pullup Jump shot,1,1,Above the Break 3
1628469,Antonio Blakeney,1610612741,0021801110,Pullup Jump shot,1,0,In The Paint (Non-RA)
1628469,Antonio Blakeney,1610612741,0021801110,Pullup Jump shot,1,0,Mid-Range
1628469,Antonio Blakeney,1610612741,0021801110,Running Jump Shot,1,0,In The Paint (Non-RA)
1626245,Cristiano Felicio,1610612741,0021801110,Driving Layup Shot,1,0,Restricted Area
1626245,Cristiano Felicio,1610612741,0021801110,Hook Shot,1,1,Restricted Area
1627782,Wayne Selden,1610612741,0021801110,Driving Finger Roll Layup Shot,1,1,Restricted Area
1626245,Cristiano Felicio,1610612741,0021801110,Running Dunk Shot,1,1,Restricted Area
1627885,Shaquille Harrison,1610612741,0021801110,Running Layup Shot,1,1,Restricted Area
1627885,Shaquille Harrison,1610612741,0021801110,Jump Shot,1,0,Left Corner 3
1627885,Shaquille Harrison,1610612741,0021801110,Driving Finger Roll Layup Shot,1,1,Restricted Area
1627885,Shaquille Harrison,1610612741,0021801110,Driving Floating Bank Jump Shot,1,1,Restricted Area
1627885,Shaquille Harrison,1610612741,0021801110,Hook Shot,1,0,Restricted Area
1627789,Timothe Luwawu-Cabarrot,1610612741,0021801110,Pullup Jump shot,1,0,Mid-Range
1627885,Shaquille Harrison,1610612741,0021801110,Running Jump Shot,1,1,Restricted Area
1627782,Wayne Selden,1610612741,0021801117,Jump Shot,1,0,Right Corner 3
1627885,Shaquille Harrison,1610612741,0021801117,Driving Layup Shot,1,1,Restricted Area
1627782,Wayne Selden,1610612741,0021801117,Pullup Jump shot,1,0,Mid-Range
1628469,Antonio Blakeney,1610612741,0021801117,Pullup Jump shot,1,1,In The Paint (Non-RA)
201577,Robin Lopez,1610612741,0021801117,Turnaround Hook Shot,1,0,In The Paint (Non-RA)
1627782,Wayne Selden,1610612741,0021801117,Jump Shot,1,0,Above the Break 3
201577,Robin Lopez,1610612741,0021801117,Turnaround Hook Shot,1,0,In The Paint (Non-RA)
1627885,Shaquille Harrison,1610612741,0021801117,Driving Layup Shot,1,0,Restricted Area
1629102,Brandon Sampson,1610612741,0021801117,Jump Shot,1,0,Above the Break 3
1627782,Wayne Selden,1610612741,0021801117,Driving Floating Bank Jump Shot,1,1,In The Paint (Non-RA)
1627885,Shaquille Harrison,1610612741,0021801117,Driving Layup Shot,1,0,Restricted Area
1628469,Antonio Blakeney,1610612741,0021801117,Jump Shot,1,0,Above the Break 3
1627885,Shaquille Harrison,1610612741,0021801117,Driving Layup Shot,1,0,Restricted Area
1627885,Shaquille Harrison,1610612741,0021801117,Driving Layup Shot,1,1,Restricted Area
1628469,Antonio Blakeney,1610612741,0021801117,Driving Layup Shot,1,0,Restricted Area
1627782,Wayne Selden,1610612741,0021801117,Running Pull-Up Jump Shot,1,0,In The Paint (Non-RA)
1627782,Wayne Selden,1610612741,0021801117,Putback Layup Shot,1,0,Restricted Area
1627782,Wayne Selden,1610612741,0021801117,Putback Layup Shot,1,0,Restricted Area
201577,Robin Lopez,1610612741,0021801117,Turnaround Hook Shot,1,0,In The Paint (Non-RA)
1629102,Brandon Sampson,1610612741,0021801117,Jump Shot,1,0,Left Corner 3
1627789,Timothe Luwawu-Cabarrot,1610612741,0021801117,Jump Shot,1,0,Above the Break 3
1627853,Ryan Arcidiacono,1610612741,0021801117,Pullup Jump shot,1,0,Mid-Range
1627789,Timothe Luwawu-Cabarrot,1610612741,0021801117,Jump Shot,1,1,Above the Break 3
1627789,Timothe Luwawu-Cabarrot,1610612741,0021801117,Pullup Jump shot,1,1,In The Paint (Non-RA)
1626245,Cristiano Felicio,1610612741,0021801117,Jump Shot,1,0,Above the Break 3
1627853,Ryan Arcidiacono,1610612741,0021801117,Pullup Jump shot,1,0,Mid-Range
1627789,Timothe Luwawu-Cabarrot,1610612741,0021801117,Driving Layup Shot,1,0,Restricted Area
201577,Robin Lopez,1610612741,0021801117,Driving Hook Shot,1,1,In The Paint (Non-RA)
201577,Robin Lopez,1610612741,0021801117,Turnaround Jump Shot,1,1,In The Paint (Non-RA)
201577,Robin Lopez,1610612741,0021801117,Turnaround Hook Shot,1,1,In The Paint (Non-RA)
201577,Robin Lopez,1610612741,0021801117,Turnaround Hook Shot,1,1,In The Paint (Non-RA)
1627853,Ryan Arcidiacono,1610612741,0021801117,Pullup Jump shot,1,1,Above the Break 3
1626245,Cristiano Felicio,1610612741,0021801117,Turnaround Hook Shot,1,1,In The Paint (Non-RA)
1627782,Wayne Selden,1610612741,0021801117,Driving Layup Shot,1,0,Restricted Area
1627853,Ryan Arcidiacono,1610612741,0021801117,Pullup Jump shot,1,1,Mid-Range
1627853,Ryan Arcidiacono,1610612741,0021801117,Jump Shot,1,0,Above the Break 3
1627853,Ryan Arcidiacono,1610612741,0021801117,Jump Shot,1,0,Right Corner 3
1627853,Ryan Arcidiacono,1610612741,0021801117,Layup Shot,1,1,Restricted Area
201577,Robin Lopez,1610612741,0021801117,Jump Shot,1,0,Above the Break 3
1628469,Antonio Blakeney,1610612741,0021801117,Pullup Jump shot,1,0,Mid-Range
1627885,Shaquille Harrison,1610612741,0021801117,Driving Layup Shot,1,1,Restricted Area
1626245,Cristiano Felicio,1610612741,0021801117,Jump Shot,1,0,Above the Break 3
1627885,Shaquille Harrison,1610612741,0021801117,Pullup Jump shot,1,1,Mid-Range
201577,Robin Lopez,1610612741,0021801117,Turnaround Hook Shot,1,1,In The Paint (Non-RA)
1627789,Timothe Luwawu-Cabarrot,1610612741,0021801117,Jump Shot,1,0,Above the Break 3
1627885,Shaquille Harrison,1610612741,0021801117,Running Layup Shot,1,0,Restricted Area
201577,Robin Lopez,1610612741,0021801117,Hook Shot,1,1,Restricted Area
1627885,Shaquille Harrison,1610612741,0021801117,Pullup Jump shot,1,0,Mid-Range
1629102,Brandon Sampson,1610612741,0021801117,Reverse Layup Shot,1,1,Restricted Area
1629102,Brandon Sampson,1610612741,0021801117,Driving Layup Shot,1,0,Restricted Area
1629102,Brandon Sampson,1610612741,0021801117,Pullup Jump shot,1,0,Mid-Range
1627885,Shaquille Harrison,1610612741,0021801117,Jump Shot,1,1,Above the Break 3
1627885,Shaquille Harrison,1610612741,0021801117,Driving Floating Jump Shot,1,0,In The Paint (Non-RA)
201577,Robin Lopez,1610612741,0021801117,Jump Shot,1,1,Mid-Range
1628469,Antonio Blakeney,1610612741,0021801117,Pullup Jump shot,1,0,In The Paint (Non-RA)
201577,Robin Lopez,1610612741,0021801117,Turnaround Hook Shot,1,0,Restricted Area
1627885,Shaquille Harrison,1610612741,0021801117,Driving Layup Shot,1,1,Restricted Area
1628469,Antonio Blakeney,1610612741,0021801117,Jump Shot,1,0,Mid-Range
1628469,Antonio Blakeney,1610612741,0021801117,Jump Bank Shot,1,1,In The Paint (Non-RA)
1628469,Antonio Blakeney,1610612741,0021801117,Pullup Jump shot,1,0,In The Paint (Non-RA)
201577,Robin Lopez,1610612741,0021801117,Putback Dunk Shot,1,0,Restricted Area
1628959,Rawle Alkins,1610612741,0021801117,Jump Shot,1,0,Above the Break 3
201577,Robin Lopez,1610612741,0021801117,Jump Shot,1,0,Mid-Range
1627789,Timothe Luwawu-Cabarrot,1610612741,0021801117,Driving Layup Shot,1,0,Restricted Area
1627853,Ryan Arcidiacono,1610612741,0021801117,Driving Floating Jump Shot,1,0,In The Paint (Non-RA)
1627782,Wayne Selden,1610612741,0021801117,Pullup Jump shot,1,1,Above the Break 3
1628959,Rawle Alkins,1610612741,0021801117,Driving Layup Shot,1,0,In The Paint (Non-RA)
1627782,Wayne Selden,1610612741,0021801117,Jump Shot,1,0,Left Corner 3
1626245,Cristiano Felicio,1610612741,0021801117,Driving Dunk Shot,1,1,Restricted Area
1627853,Ryan Arcidiacono,1610612741,0021801117,Driving Floating Jump Shot,1,1,In The Paint (Non-RA)
1627782,Wayne Selden,1610612741,0021801117,Jump Shot,1,1,Restricted Area
1627789,Timothe Luwawu-Cabarrot,1610612741,0021801117,Jump Shot,1,0,Left Corner 3
1627782,Wayne Selden,1610612741,0021801117,Jump Shot,1,1,Mid-Range
1627782,Wayne Selden,1610612741,0021801117,Jump Shot,1,0,Mid-Range
1626245,Cristiano Felicio,1610612741,0021801117,Hook Shot,1,1,Restricted Area
1627782,Wayne Selden,1610612741,0021801117,Pullup Jump shot,1,0,Restricted Area
1627782,Wayne Selden,1610612741,0021801117,Putback Layup Shot,1,1,Restricted Area
1627853,Ryan Arcidiacono,1610612741,0021801117,Jump Shot,1,1,Above the Break 3
1627853,Ryan Arcidiacono,1610612741,0021801117,Pullup Jump shot,1,0,Mid-Range
1629102,Brandon Sampson,1610612741,0021801117,Jump Shot,1,0,Above the Break 3
1627885,Shaquille Harrison,1610612741,0021801117,Jump Shot,1,0,Above the Break 3
1627789,Timothe Luwawu-Cabarrot,1610612741,0021801117,Driving Layup Shot,1,1,Restricted Area
1629102,Brandon Sampson,1610612741,0021801117,Driving Layup Shot,1,1,Restricted Area
1627885,Shaquille Harrison,1610612741,0021801117,Driving Layup Shot,1,1,Restricted Area
1626245,Cristiano Felicio,1610612741,0021801117,Driving Dunk Shot,1,1,Restricted Area
1627885,Shaquille Harrison,1610612741,0021801117,Driving Layup Shot,1,1,Restricted Area
1627885,Shaquille Harrison,1610612741,0021801117,Driving Layup Shot,1,1,Restricted Area
1628469,Antonio Blakeney,1610612741,0021801117,Driving Floating Jump Shot,1,0,In The Paint (Non-RA)
1627885,Shaquille Harrison,1610612741,0021801117,Jump Shot,1,1,Mid-Range
1628469,Antonio Blakeney,1610612741,0021801117,Driving Layup Shot,1,1,Restricted Area
1628469,Antonio Blakeney,1610612741,0021801117,Jump Shot,1,0,Above the Break 3
1627853,Ryan Arcidiacono,1610612741,0021801142,Jump Shot,1,1,Above the Break 3
1627782,Wayne Selden,1610612741,0021801142,Pullup Jump shot,1,1,Mid-Range
1627853,Ryan Arcidiacono,1610612741,0021801142,Jump Shot,1,0,Above the Break 3
1627885,Shaquille Harrison,1610612741,0021801142,Driving Layup Shot,1,1,Restricted Area
1627853,Ryan Arcidiacono,1610612741,0021801142,Jump Shot,1,0,In The Paint (Non-RA)
1627782,Wayne Selden,1610612741,0021801142,Jump Shot,1,1,Above the Break 3
1627885,Shaquille Harrison,1610612741,0021801142,Driving Finger Roll Layup Shot,1,1,Restricted Area
1627885,Shaquille Harrison,1610612741,0021801142,Driving Layup Shot,1,0,Restricted Area
1627885,Shaquille Harrison,1610612741,0021801142,Reverse Layup Shot,1,0,Restricted Area
1627853,Ryan Arcidiacono,1610612741,0021801142,Driving Floating Jump Shot,1,1,In The Paint (Non-RA)
201577,Robin Lopez,1610612741,0021801142,Jump Shot,1,0,Above the Break 3
1627782,Wayne Selden,1610612741,0021801142,Jump Shot,1,0,Left Corner 3
1627215,Walt Lemon Jr.,1610612741,0021801142,Driving Floating Jump Shot,1,0,In The Paint (Non-RA)
1627782,Wayne Selden,1610612741,0021801142,Driving Layup Shot,1,0,Restricted Area
1627789,Timothe Luwawu-Cabarrot,1610612741,0021801142,Jump Shot,1,0,Above the Break 3
201577,Robin Lopez,1610612741,0021801142,Hook Shot,1,0,In The Paint (Non-RA)
1627782,Wayne Selden,1610612741,0021801142,Driving Floating Jump Shot,1,1,In The Paint (Non-RA)
1627215,Walt Lemon Jr.,1610612741,0021801142,Driving Layup Shot,1,0,In The Paint (Non-RA)
1627885,Shaquille Harrison,1610612741,0021801142,Jump Shot,1,0,Above the Break 3
1628959,Rawle Alkins,1610612741,0021801142,Driving Layup Shot,1,1,Restricted Area
1627789,Timothe Luwawu-Cabarrot,1610612741,0021801142,Jump Shot,1,0,Right Corner 3
201577,Robin Lopez,1610612741,0021801142,Jump Shot,1,0,Mid-Range
1628959,Rawle Alkins,1610612741,0021801142,Tip Layup Shot,1,1,Restricted Area
1627215,Walt Lemon Jr.,1610612741,0021801142,Jump Bank Shot,1,1,In The Paint (Non-RA)
1626245,Cristiano Felicio,1610612741,0021801142,Jump Shot,1,0,In The Paint (Non-RA)
1627215,Walt Lemon Jr.,1610612741,0021801142,Driving Layup Shot,1,0,Restricted Area
1628469,Antonio Blakeney,1610612741,0021801142,Jump Shot,1,0,Above the Break 3
1628469,Antonio Blakeney,1610612741,0021801142,Jump Shot,1,1,In The Paint (Non-RA)
1628469,Antonio Blakeney,1610612741,0021801142,Jump Bank Shot,1,1,In The Paint (Non-RA)
1628469,Antonio Blakeney,1610612741,0021801142,Driving Floating Jump Shot,1,0,In The Paint (Non-RA)
1627215,Walt Lemon Jr.,1610612741,0021801142,Driving Layup Shot,1,1,Restricted Area
1627789,Timothe Luwawu-Cabarrot,1610612741,0021801142,Jump Shot,1,1,Above the Break 3
1628469,Antonio Blakeney,1610612741,0021801142,Jump Shot,1,1,Above the Break 3
1628469,Antonio Blakeney,1610612741,0021801142,Jump Shot,1,0,Above the Break 3
1628469,Antonio Blakeney,1610612741,0021801142,Jump Shot,1,0,Above the Break 3
1628469,Antonio Blakeney,1610612741,0021801142,Floating Jump shot,1,1,Restricted Area
1628469,Antonio Blakeney,1610612741,0021801142,Pullup Jump shot,1,0,Mid-Range
1629102,Brandon Sampson,1610612741,0021801142,Driving Layup Shot,1,1,Restricted Area
1629102,Brandon Sampson,1610612741,0021801142,Jump Shot,1,0,In The Paint (Non-RA)
1627782,Wayne Selden,1610612741,0021801142,Turnaround Jump Shot,1,1,Mid-Range
1629102,Brandon Sampson,1610612741,0021801142,Jump Shot,1,0,Above the Break 3
1629102,Brandon Sampson,1610612741,0021801142,Layup Shot,1,0,Restricted Area
1627215,Walt Lemon Jr.,1610612741,0021801142,Cutting Layup Shot,1,1,Restricted Area
1627782,Wayne Selden,1610612741,0021801142,Jump Shot,1,0,Above the Break 3
1627789,Timothe Luwawu-Cabarrot,1610612741,0021801142,Jump Shot,1,1,Above the Break 3
1627789,Timothe Luwawu-Cabarrot,1610612741,0021801142,Jump Shot,1,1,Above the Break 3
1627215,Walt Lemon Jr.,1610612741,0021801142,Driving Layup Shot,1,1,Restricted Area
1627782,Wayne Selden,1610612741,0021801142,Driving Layup Shot,1,0,Restricted Area
1627885,Shaquille Harrison,1610612741,0021801142,Running Layup Shot,1,1,Restricted Area
1627853,Ryan Arcidiacono,1610612741,0021801142,Jump Shot,1,0,Above the Break 3
1627885,Shaquille Harrison,1610612741,0021801142,Jump Shot,1,0,Above the Break 3
1627885,Shaquille Harrison,1610612741,0021801142,Jump Shot,1,0,Mid-Range
1629102,Brandon Sampson,1610612741,0021801142,Jump Shot,1,1,Above the Break 3
1627853,Ryan Arcidiacono,1610612741,0021801142,Driving Layup Shot,1,0,In The Paint (Non-RA)
1627853,Ryan Arcidiacono,1610612741,0021801142,Driving Layup Shot,1,0,Restricted Area
201577,Robin Lopez,1610612741,0021801142,Tip Dunk Shot,1,1,Restricted Area
1627782,Wayne Selden,1610612741,0021801142,Pullup Jump shot,1,0,Mid-Range
1627789,Timothe Luwawu-Cabarrot,1610612741,0021801142,Cutting Layup Shot,1,1,Restricted Area
1627782,Wayne Selden,1610612741,0021801142,Jump Shot,1,0,In The Paint (Non-RA)
1627885,Shaquille Harrison,1610612741,0021801142,Driving Layup Shot,1,1,Restricted Area
1627215,Walt Lemon Jr.,1610612741,0021801142,Jump Shot,1,0,Above the Break 3
1627789,Timothe Luwawu-Cabarrot,1610612741,0021801142,Jump Shot,1,0,Above the Break 3
1627215,Walt Lemon Jr.,1610612741,0021801142,Driving Layup Shot,1,1,Restricted Area
1628469,Antonio Blakeney,1610612741,0021801142,Jump Shot,1,0,Above the Break 3
1627885,Shaquille Harrison,1610612741,0021801142,Driving Layup Shot,1,0,Restricted Area
1627789,Timothe Luwawu-Cabarrot,1610612741,0021801142,Jump Shot,1,1,Right Corner 3
1627789,Timothe Luwawu-Cabarrot,1610612741,0021801142,Jump Shot,1,0,Above the Break 3
1627215,Walt Lemon Jr.,1610612741,0021801142,Jump Shot,1,0,Mid-Range
1627885,Shaquille Harrison,1610612741,0021801142,Running Dunk Shot,1,1,Restricted Area
1626245,Cristiano Felicio,1610612741,0021801142,Driving Layup Shot,1,1,Restricted Area
1627789,Timothe Luwawu-Cabarrot,1610612741,0021801142,Jump Bank Shot,1,1,Mid-Range
1627215,Walt Lemon Jr.,1610612741,0021801142,Driving Layup Shot,1,0,Restricted Area
1628959,Rawle Alkins,1610612741,0021801142,Jump Shot,1,0,In The Paint (Non-RA)
1628959,Rawle Alkins,1610612741,0021801142,Layup Shot,1,0,Restricted Area
1627215,Walt Lemon Jr.,1610612741,0021801142,Running Dunk Shot,1,1,Restricted Area
1628469,Antonio Blakeney,1610612741,0021801142,Running Dunk Shot,1,1,Restricted Area
1627789,Timothe Luwawu-Cabarrot,1610612741,0021801142,Jump Shot,1,0,Mid-Range
1628959,Rawle Alkins,1610612741,0021801142,Driving Layup Shot,1,1,Restricted Area
1628959,Rawle Alkins,1610612741,0021801142,Jump Shot,1,0,Above the Break 3
1627853,Ryan Arcidiacono,1610612741,0021801142,Jump Shot,1,1,Above the Break 3
1627215,Walt Lemon Jr.,1610612741,0021801142,Floating Jump shot,1,0,In The Paint (Non-RA)
1627885,Shaquille Harrison,1610612741,0021801142,Layup Shot,1,1,Restricted Area
1627885,Shaquille Harrison,1610612741,0021801142,Layup Shot,1,0,Restricted Area
1627885,Shaquille Harrison,1610612741,0021801142,Tip Layup Shot,1,0,Restricted Area
1626245,Cristiano Felicio,1610612741,0021801142,Tip Layup Shot,1,0,Restricted Area
1627789,Timothe Luwawu-Cabarrot,1610612741,0021801142,Jump Shot,1,0,Right Corner 3
1627885,Shaquille Harrison,1610612741,0021801142,Jump Shot,1,0,Left Corner 3
1626245,Cristiano Felicio,1610612741,0021801142,Layup Shot,1,0,Restricted Area
1627215,Walt Lemon Jr.,1610612741,0021801142,Driving Layup Shot,1,1,Restricted Area
1629102,Brandon Sampson,1610612741,0021801142,Driving Layup Shot,1,0,In The Paint (Non-RA)
1626245,Cristiano Felicio,1610612741,0021801142,Cutting Layup Shot,1,1,Restricted Area
1628959,Rawle Alkins,1610612741,0021801142,Driving Layup Shot,1,0,In The Paint (Non-RA)
1627215,Walt Lemon Jr.,1610612741,0021801142,Driving Layup Shot,1,1,Restricted Area
1627789,Timothe Luwawu-Cabarrot,1610612741,0021801142,Jump Shot,1,0,Mid-Range
1628959,Rawle Alkins,1610612741,0021801142,Jump Shot,1,0,Above the Break 3
1628959,Rawle Alkins,1610612741,0021801142,Layup Shot,1,0,Restricted Area
1629102,Brandon Sampson,1610612741,0021801142,Running Layup Shot,1,1,In The Paint (Non-RA)
1627885,Shaquille Harrison,1610612741,0021801155,Driving Layup Shot,1,1,Restricted Area
201577,Robin Lopez,1610612741,0021801155,Layup Shot,1,1,Restricted Area
1627885,Shaquille Harrison,1610612741,0021801155,Floating Jump shot,1,0,In The Paint (Non-RA)
201577,Robin Lopez,1610612741,0021801155,Tip Layup Shot,1,1,Restricted Area
1627215,Walt Lemon Jr.,1610612741,0021801155,Driving Layup Shot,1,0,Restricted Area
201577,Robin Lopez,1610612741,0021801155,Tip Dunk Shot,1,1,Restricted Area
1627782,Wayne Selden,1610612741,0021801155,Floating Jump shot,1,0,In The Paint (Non-RA)
1627885,Shaquille Harrison,1610612741,0021801155,Driving Layup Shot,1,0,In The Paint (Non-RA)
201577,Robin Lopez,1610612741,0021801155,Hook Shot,1,1,Restricted Area
1627215,Walt Lemon Jr.,1610612741,0021801155,Finger Roll Layup Shot,1,0,Restricted Area
1627885,Shaquille Harrison,1610612741,0021801155,Driving Layup Shot,1,0,Restricted Area
1627782,Wayne Selden,1610612741,0021801155,Jump Shot,1,0,Above the Break 3
201577,Robin Lopez,1610612741,0021801155,Hook Shot,1,0,Restricted Area
1627782,Wayne Selden,1610612741,0021801155,Jump Shot,1,1,Mid-Range
1627789,Timothe Luwawu-Cabarrot,1610612741,0021801155,Jump Shot,1,1,Left Corner 3
1627789,Timothe Luwawu-Cabarrot,1610612741,0021801155,Driving Layup Shot,1,0,In The Paint (Non-RA)
201577,Robin Lopez,1610612741,0021801155,Layup Shot,1,1,Restricted Area
1627789,Timothe Luwawu-Cabarrot,1610612741,0021801155,Jump Shot,1,0,Above the Break 3
201577,Robin Lopez,1610612741,0021801155,Jump Shot,1,0,Mid-Range
1627853,Ryan Arcidiacono,1610612741,0021801155,Driving Finger Roll Layup Shot,1,0,Restricted Area
1626245,Cristiano Felicio,1610612741,0021801155,Driving Layup Shot,1,0,Restricted Area
203960,JaKarr Sampson,1610612741,0021801155,Hook Shot,1,1,In The Paint (Non-RA)
1629102,Brandon Sampson,1610612741,0021801155,Reverse Layup Shot,1,0,Restricted Area
1627853,Ryan Arcidiacono,1610612741,0021801155,Floating Jump shot,1,1,In The Paint (Non-RA)
1627853,Ryan Arcidiacono,1610612741,0021801155,Jump Shot,1,1,Mid-Range
1627853,Ryan Arcidiacono,1610612741,0021801155,Driving Layup Shot,1,0,Restricted Area
1628469,Antonio Blakeney,1610612741,0021801155,Floating Jump shot,1,0,In The Paint (Non-RA)
203960,JaKarr Sampson,1610612741,0021801155,Layup Shot,1,1,Restricted Area
1628469,Antonio Blakeney,1610612741,0021801155,Jump Shot,1,1,In The Paint (Non-RA)
1627853,Ryan Arcidiacono,1610612741,0021801155,Jump Shot,1,1,Above the Break 3
1629102,Brandon Sampson,1610612741,0021801155,Jump Shot,1,0,Above the Break 3
1628469,Antonio Blakeney,1610612741,0021801155,Jump Shot,1,0,Mid-Range
1628469,Antonio Blakeney,1610612741,0021801155,Driving Layup Shot,1,0,Restricted Area
1627215,Walt Lemon Jr.,1610612741,0021801155,Driving Layup Shot,1,0,Restricted Area
1627789,Timothe Luwawu-Cabarrot,1610612741,0021801155,Jump Shot,1,0,Above the Break 3
1627782,Wayne Selden,1610612741,0021801155,Driving Layup Shot,1,0,Restricted Area
1627789,Timothe Luwawu-Cabarrot,1610612741,0021801155,Jump Shot,1,0,Left Corner 3
1628469,Antonio Blakeney,1610612741,0021801155,Fadeaway Jump Shot,1,1,Mid-Range
201577,Robin Lopez,1610612741,0021801155,Hook Shot,1,1,In The Paint (Non-RA)
201577,Robin Lopez,1610612741,0021801155,Hook Shot,1,1,In The Paint (Non-RA)
1627215,Walt Lemon Jr.,1610612741,0021801155,Driving Layup Shot,1,0,Restricted Area
201577,Robin Lopez,1610612741,0021801155,Tip Layup Shot,1,0,Restricted Area
1627215,Walt Lemon Jr.,1610612741,0021801155,Jump Shot,1,0,Mid-Range
1627789,Timothe Luwawu-Cabarrot,1610612741,0021801155,Jump Shot,1,0,Right Corner 3
203960,JaKarr Sampson,1610612741,0021801155,Cutting Layup Shot,1,1,Restricted Area
203960,JaKarr Sampson,1610612741,0021801155,Jump Shot,1,1,Above the Break 3
1627885,Shaquille Harrison,1610612741,0021801155,Layup Shot,1,1,Restricted Area
1627782,Wayne Selden,1610612741,0021801155,Jump Shot,1,1,Mid-Range
203960,JaKarr Sampson,1610612741,0021801155,Dunk Shot,1,1,Restricted Area
1627215,Walt Lemon Jr.,1610612741,0021801155,Driving Reverse Layup Shot,1,0,Restricted Area
1627885,Shaquille Harrison,1610612741,0021801155,Pullup Jump shot,1,0,Mid-Range
201577,Robin Lopez,1610612741,0021801155,Tip Layup Shot,1,0,Restricted Area
1627782,Wayne Selden,1610612741,0021801155,Layup Shot,1,1,Restricted Area
201577,Robin Lopez,1610612741,0021801155,Hook Shot,1,1,In The Paint (Non-RA)
203960,JaKarr Sampson,1610612741,0021801155,Jump Shot,1,0,Above the Break 3
1627215,Walt Lemon Jr.,1610612741,0021801155,Driving Layup Shot,1,1,Restricted Area
201577,Robin Lopez,1610612741,0021801155,Hook Shot,1,0,In The Paint (Non-RA)
201577,Robin Lopez,1610612741,0021801155,Layup Shot,1,1,Restricted Area
1627215,Walt Lemon Jr.,1610612741,0021801155,Layup Shot,1,0,Restricted Area
1627782,Wayne Selden,1610612741,0021801155,Jump Shot,1,1,Right Corner 3
203960,JaKarr Sampson,1610612741,0021801155,Running Jump Shot,1,0,In The Paint (Non-RA)
1627885,Shaquille Harrison,1610612741,0021801155,Driving Reverse Layup Shot,1,0,Restricted Area
201577,Robin Lopez,1610612741,0021801155,Tip Dunk Shot,1,1,Restricted Area
1627885,Shaquille Harrison,1610612741,0021801155,Jump Shot,1,0,In The Paint (Non-RA)
203960,JaKarr Sampson,1610612741,0021801155,Jump Shot,1,1,Mid-Range
1627885,Shaquille Harrison,1610612741,0021801155,Driving Layup Shot,1,0,Restricted Area
1627789,Timothe Luwawu-Cabarrot,1610612741,0021801155,Jump Shot,1,0,Above the Break 3
1627782,Wayne Selden,1610612741,0021801155,Floating Jump shot,1,0,In The Paint (Non-RA)
1627789,Timothe Luwawu-Cabarrot,1610612741,0021801155,Driving Layup Shot,1,1,Restricted Area
1627853,Ryan Arcidiacono,1610612741,0021801155,Floating Jump shot,1,1,In The Paint (Non-RA)
1627853,Ryan Arcidiacono,1610612741,0021801155,Driving Layup Shot,1,1,Restricted Area
1628469,Antonio Blakeney,1610612741,0021801155,Fadeaway Jump Shot,1,0,Mid-Range
1626245,Cristiano Felicio,1610612741,0021801155,Layup Shot,1,0,Restricted Area
1627853,Ryan Arcidiacono,1610612741,0021801155,Jump Shot,1,0,In The Paint (Non-RA)
1627789,Timothe Luwawu-Cabarrot,1610612741,0021801155,Jump Shot,1,0,Left Corner 3
1628469,Antonio Blakeney,1610612741,0021801155,Driving Layup Shot,1,1,Restricted Area
1627789,Timothe Luwawu-Cabarrot,1610612741,0021801155,Driving Dunk Shot,1,1,Restricted Area
1627782,Wayne Selden,1610612741,0021801155,Driving Layup Shot,1,1,Restricted Area
1627782,Wayne Selden,1610612741,0021801155,Jump Shot,1,0,Above the Break 3
1627215,Walt Lemon Jr.,1610612741,0021801155,Layup Shot,1,1,Restricted Area
1627215,Walt Lemon Jr.,1610612741,0021801155,Driving Layup Shot,1,0,In The Paint (Non-RA)
1628469,Antonio Blakeney,1610612741,0021801155,Jump Shot,1,0,Above the Break 3
203960,JaKarr Sampson,1610612741,0021801155,Driving Layup Shot,1,1,Restricted Area
1627782,Wayne Selden,1610612741,0021801155,Floating Jump shot,1,0,In The Paint (Non-RA)
1627215,Walt Lemon Jr.,1610612741,0021801155,Driving Layup Shot,1,1,Restricted Area
203960,JaKarr Sampson,1610612741,0021801155,Cutting Finger Roll Layup Shot,1,1,Restricted Area
201577,Robin Lopez,1610612741,0021801155,Hook Shot,1,1,In The Paint (Non-RA)
1627885,Shaquille Harrison,1610612741,0021801155,Driving Layup Shot,1,1,Restricted Area
201577,Robin Lopez,1610612741,0021801155,Turnaround Hook Shot,1,0,In The Paint (Non-RA)
1627885,Shaquille Harrison,1610612741,0021801155,Tip Layup Shot,1,0,Restricted Area
1627215,Walt Lemon Jr.,1610612741,0021801155,Reverse Layup Shot,1,0,Restricted Area
1627782,Wayne Selden,1610612741,0021801155,Jump Shot,1,0,Above the Break 3
201577,Robin Lopez,1610612741,0021801155,Tip Dunk Shot,1,1,Restricted Area
1628959,Rawle Alkins,1610612741,0021801155,Jump Shot,1,0,Above the Break 3
1627789,Timothe Luwawu-Cabarrot,1610612741,0021801167,Jump Shot,1,0,Left Corner 3
201577,Robin Lopez,1610612741,0021801167,Tip Dunk Shot,1,1,Restricted Area
1627885,Shaquille Harrison,1610612741,0021801167,Running Layup Shot,1,1,Restricted Area
1627215,Walt Lemon Jr.,1610612741,0021801167,Pullup Jump shot,1,1,Mid-Range
1627782,Wayne Selden,1610612741,0021801167,Driving Floating Bank Jump Shot,1,1,Restricted Area
1627789,Timothe Luwawu-Cabarrot,1610612741,0021801167,Jump Shot,1,0,Above the Break 3
1627215,Walt Lemon Jr.,1610612741,0021801167,Running Layup Shot,1,1,Restricted Area
1627782,Wayne Selden,1610612741,0021801167,Pullup Jump shot,1,0,Mid-Range
1627789,Timothe Luwawu-Cabarrot,1610612741,0021801167,Jump Shot,1,1,Right Corner 3
1627789,Timothe Luwawu-Cabarrot,1610612741,0021801167,Jump Shot,1,0,Right Corner 3
1627789,Timothe Luwawu-Cabarrot,1610612741,0021801167,Layup Shot,1,1,Restricted Area
1627853,Ryan Arcidiacono,1610612741,0021801167,Floating Jump shot,1,1,Mid-Range
201577,Robin Lopez,1610612741,0021801167,Hook Shot,1,1,In The Paint (Non-RA)
1627853,Ryan Arcidiacono,1610612741,0021801167,Step Back Jump shot,1,0,In The Paint (Non-RA)
1627789,Timothe Luwawu-Cabarrot,1610612741,0021801167,Driving Layup Shot,1,1,Restricted Area
203960,JaKarr Sampson,1610612741,0021801167,Layup Shot,1,0,In The Paint (Non-RA)
203960,JaKarr Sampson,1610612741,0021801167,Layup Shot,1,0,In The Paint (Non-RA)
203960,JaKarr Sampson,1610612741,0021801167,Hook Shot,1,0,In The Paint (Non-RA)
1628959,Rawle Alkins,1610612741,0021801167,Layup Shot,1,1,Restricted Area
1627853,Ryan Arcidiacono,1610612741,0021801167,Jump Shot,1,0,Above the Break 3
1627853,Ryan Arcidiacono,1610612741,0021801167,Jump Shot,1,0,Above the Break 3
1626245,Cristiano Felicio,1610612741,0021801167,Hook Shot,1,0,In The Paint (Non-RA)
1628959,Rawle Alkins,1610612741,0021801167,Jump Shot,1,1,Above the Break 3
1627853,Ryan Arcidiacono,1610612741,0021801167,Floating Jump shot,1,1,In The Paint (Non-RA)
1628959,Rawle Alkins,1610612741,0021801167,Running Layup Shot,1,1,Restricted Area
1626245,Cristiano Felicio,1610612741,0021801167,Driving Layup Shot,1,1,Restricted Area
1626245,Cristiano Felicio,1610612741,0021801167,Driving Dunk Shot,1,0,Restricted Area
1628959,Rawle Alkins,1610612741,0021801167,Jump Shot,1,0,Above the Break 3
1627215,Walt Lemon Jr.,1610612741,0021801167,Pullup Jump shot,1,1,Mid-Range
1627215,Walt Lemon Jr.,1610612741,0021801167,Driving Layup Shot,1,1,Restricted Area
1627782,Wayne Selden,1610612741,0021801167,Jump Shot,1,0,Above the Break 3
1629102,Brandon Sampson,1610612741,0021801167,Running Layup Shot,1,1,Restricted Area
1627215,Walt Lemon Jr.,1610612741,0021801167,Driving Layup Shot,1,0,Restricted Area
1629102,Brandon Sampson,1610612741,0021801167,Driving Floating Bank Jump Shot,1,1,Restricted Area
1627885,Shaquille Harrison,1610612741,0021801167,Layup Shot,1,0,In The Paint (Non-RA)
201577,Robin Lopez,1610612741,0021801167,Hook Shot,1,0,In The Paint (Non-RA)
203960,JaKarr Sampson,1610612741,0021801167,Turnaround Hook Shot,1,1,Restricted Area
1627885,Shaquille Harrison,1610612741,0021801167,Driving Dunk Shot,1,1,Restricted Area
1627885,Shaquille Harrison,1610612741,0021801167,Driving Reverse Layup Shot,1,1,Restricted Area
201577,Robin Lopez,1610612741,0021801167,Hook Shot,1,1,In The Paint (Non-RA)
1627215,Walt Lemon Jr.,1610612741,0021801167,Pullup Jump shot,1,1,Mid-Range
1627215,Walt Lemon Jr.,1610612741,0021801167,Pullup Jump shot,1,0,Mid-Range
201577,Robin Lopez,1610612741,0021801167,Hook Shot,1,0,In The Paint (Non-RA)
1627782,Wayne Selden,1610612741,0021801167,Pullup Jump shot,1,0,Mid-Range
201577,Robin Lopez,1610612741,0021801167,Turnaround Hook Shot,1,1,Restricted Area
1627885,Shaquille Harrison,1610612741,0021801167,Driving Floating Bank Jump Shot,1,0,In The Paint (Non-RA)
1627782,Wayne Selden,1610612741,0021801167,Jump Shot,1,0,Above the Break 3
203960,JaKarr Sampson,1610612741,0021801167,Jump Shot,1,1,Above the Break 3
1627789,Timothe Luwawu-Cabarrot,1610612741,0021801167,Driving Layup Shot,1,0,Restricted Area
1627215,Walt Lemon Jr.,1610612741,0021801167,Layup Shot,1,1,In The Paint (Non-RA)
1627789,Timothe Luwawu-Cabarrot,1610612741,0021801167,Jump Shot,1,0,Above the Break 3
201577,Robin Lopez,1610612741,0021801167,Hook Shot,1,1,In The Paint (Non-RA)
1627215,Walt Lemon Jr.,1610612741,0021801167,Pullup Jump shot,1,1,Mid-Range
1627789,Timothe Luwawu-Cabarrot,1610612741,0021801167,Running Layup Shot,1,1,Restricted Area
1627885,Shaquille Harrison,1610612741,0021801167,Jump Shot,1,0,Above the Break 3
1627215,Walt Lemon Jr.,1610612741,0021801167,Driving Layup Shot,1,1,Restricted Area
203960,JaKarr Sampson,1610612741,0021801167,Turnaround Hook Shot,1,0,In The Paint (Non-RA)
1627789,Timothe Luwawu-Cabarrot,1610612741,0021801167,Pullup Jump shot,1,0,Mid-Range
1627215,Walt Lemon Jr.,1610612741,0021801167,Driving Layup Shot,1,0,Restricted Area
1627853,Ryan Arcidiacono,1610612741,0021801167,Driving Floating Jump Shot,1,1,In The Paint (Non-RA)
1627885,Shaquille Harrison,1610612741,0021801167,Layup Shot,1,0,Restricted Area
203960,JaKarr Sampson,1610612741,0021801167,Tip Dunk Shot,1,1,Restricted Area
1627885,Shaquille Harrison,1610612741,0021801167,Pullup Jump shot,1,0,In The Paint (Non-RA)
1627885,Shaquille Harrison,1610612741,0021801167,Driving Layup Shot,1,0,Restricted Area
1628959,Rawle Alkins,1610612741,0021801167,Layup Shot,1,1,Restricted Area
1627885,Shaquille Harrison,1610612741,0021801167,Alley Oop Dunk Shot,1,1,Restricted Area
1627782,Wayne Selden,1610612741,0021801167,Driving Layup Shot,1,0,In The Paint (Non-RA)
1629102,Brandon Sampson,1610612741,0021801167,Jump Shot,1,0,Above the Break 3
1629102,Brandon Sampson,1610612741,0021801167,Pullup Jump shot,1,0,Above the Break 3
1628959,Rawle Alkins,1610612741,0021801167,Running Layup Shot,1,0,Restricted Area
1627782,Wayne Selden,1610612741,0021801167,Tip Dunk Shot,1,1,Restricted Area
1628959,Rawle Alkins,1610612741,0021801167,Jump Shot,1,0,Above the Break 3
203960,JaKarr Sampson,1610612741,0021801167,Jump Shot,1,1,Above the Break 3
1627853,Ryan Arcidiacono,1610612741,0021801167,Jump Shot,1,1,In The Paint (Non-RA)
1626245,Cristiano Felicio,1610612741,0021801167,Running Dunk Shot,1,1,Restricted Area
1627853,Ryan Arcidiacono,1610612741,0021801167,Driving Floating Jump Shot,1,1,Mid-Range
1628959,Rawle Alkins,1610612741,0021801167,Pullup Jump shot,1,0,In The Paint (Non-RA)
203960,JaKarr Sampson,1610612741,0021801167,Hook Shot,1,1,Restricted Area
1629102,Brandon Sampson,1610612741,0021801167,Driving Layup Shot,1,0,In The Paint (Non-RA)
1627215,Walt Lemon Jr.,1610612741,0021801167,Driving Finger Roll Layup Shot,1,1,Restricted Area
203960,JaKarr Sampson,1610612741,0021801167,Driving Layup Shot,1,0,Restricted Area
1628959,Rawle Alkins,1610612741,0021801167,Jump Shot,1,0,Left Corner 3
203960,JaKarr Sampson,1610612741,0021801167,Hook Shot,1,1,In The Paint (Non-RA)
1627215,Walt Lemon Jr.,1610612741,0021801167,Driving Finger Roll Layup Shot,1,1,Restricted Area
1627215,Walt Lemon Jr.,1610612741,0021801167,Driving Floating Jump Shot,1,0,In The Paint (Non-RA)
1627885,Shaquille Harrison,1610612741,0021801167,Jump Shot,1,1,Above the Break 3
1627885,Shaquille Harrison,1610612741,0021801167,Driving Finger Roll Layup Shot,1,1,In The Paint (Non-RA)
1627215,Walt Lemon Jr.,1610612741,0021801167,Driving Layup Shot,1,0,In The Paint (Non-RA)
1627885,Shaquille Harrison,1610612741,0021801167,Driving Layup Shot,1,1,Restricted Area
1627215,Walt Lemon Jr.,1610612741,0021801167,Driving Layup Shot,1,1,Restricted Area
1627885,Shaquille Harrison,1610612741,0021801194,Jump Shot,1,1,Above the Break 3
1628959,Rawle Alkins,1610612741,0021801194,Jump Shot,1,1,Left Corner 3
1627215,Walt Lemon Jr.,1610612741,0021801194,Pullup Jump shot,1,0,Mid-Range
201577,Robin Lopez,1610612741,0021801194,Driving Hook Shot,1,1,Restricted Area
201577,Robin Lopez,1610612741,0021801194,Driving Hook Shot,1,0,In The Paint (Non-RA)
1628959,Rawle Alkins,1610612741,0021801194,Driving Floating Jump Shot,1,1,In The Paint (Non-RA)
1627782,Wayne Selden,1610612741,0021801194,Pullup Jump shot,1,0,Mid-Range
1627782,Wayne Selden,1610612741,0021801194,Jump Shot,1,0,Right Corner 3
1627885,Shaquille Harrison,1610612741,0021801194,Driving Layup Shot,1,1,Restricted Area
203960,JaKarr Sampson,1610612741,0021801194,Jump Shot,1,0,Left Corner 3
203960,JaKarr Sampson,1610612741,0021801194,Driving Layup Shot,1,0,Restricted Area
1628959,Rawle Alkins,1610612741,0021801194,Driving Layup Shot,1,0,Restricted Area
1627215,Walt Lemon Jr.,1610612741,0021801194,Driving Finger Roll Layup Shot,1,0,Restricted Area
201577,Robin Lopez,1610612741,0021801194,Hook Shot,1,1,In The Paint (Non-RA)
1627215,Walt Lemon Jr.,1610612741,0021801194,Pullup Jump shot,1,0,Mid-Range
201577,Robin Lopez,1610612741,0021801194,Jump Shot,1,0,Above the Break 3
201577,Robin Lopez,1610612741,0021801194,Hook Shot,1,1,Restricted Area
1627853,Ryan Arcidiacono,1610612741,0021801194,Driving Finger Roll Layup Shot,1,0,Restricted Area
1627885,Shaquille Harrison,1610612741,0021801194,Pullup Jump shot,1,0,Mid-Range
1626245,Cristiano Felicio,1610612741,0021801194,Turnaround Hook Shot,1,0,In The Paint (Non-RA)
1627853,Ryan Arcidiacono,1610612741,0021801194,Jump Shot,1,0,Above the Break 3
203960,JaKarr Sampson,1610612741,0021801194,Running Pull-Up Jump Shot,1,1,Mid-Range
1627789,Timothe Luwawu-Cabarrot,1610612741,0021801194,Driving Finger Roll Layup Shot,1,1,Restricted Area
1627789,Timothe Luwawu-Cabarrot,1610612741,0021801194,Turnaround Fadeaway shot,1,0,Mid-Range
1629102,Brandon Sampson,1610612741,0021801194,Jump Shot,1,1,Above the Break 3
203960,JaKarr Sampson,1610612741,0021801194,Jump Shot,1,0,Left Corner 3
1627853,Ryan Arcidiacono,1610612741,0021801194,Driving Floating Jump Shot,1,0,In The Paint (Non-RA)
203960,JaKarr Sampson,1610612741,0021801194,Pullup Jump shot,1,1,Mid-Range
203960,JaKarr Sampson,1610612741,0021801194,Jump Shot,1,0,Above the Break 3
203960,JaKarr Sampson,1610612741,0021801194,Driving Layup Shot,1,1,Restricted Area
203960,JaKarr Sampson,1610612741,0021801194,Pullup Jump shot,1,1,In The Paint (Non-RA)
203960,JaKarr Sampson,1610612741,0021801194,Turnaround Hook Shot,1,1,In The Paint (Non-RA)
203960,JaKarr Sampson,1610612741,0021801194,Jump Shot,1,1,Above the Break 3
1627789,Timothe Luwawu-Cabarrot,1610612741,0021801194,Jump Shot,1,1,Above the Break 3
1627782,Wayne Selden,1610612741,0021801194,Cutting Layup Shot,1,1,Restricted Area
1627215,Walt Lemon Jr.,1610612741,0021801194,Running Layup Shot,1,0,Restricted Area
1627215,Walt Lemon Jr.,1610612741,0021801194,Running Layup Shot,1,0,Restricted Area
1629102,Brandon Sampson,1610612741,0021801194,Turnaround Jump Shot,1,0,In The Paint (Non-RA)
1627215,Walt Lemon Jr.,1610612741,0021801194,Jump Shot,1,0,Above the Break 3
1627789,Timothe Luwawu-Cabarrot,1610612741,0021801194,Jump Shot,1,0,Left Corner 3
1627215,Walt Lemon Jr.,1610612741,0021801194,Pullup Jump shot,1,1,Mid-Range
1627885,Shaquille Harrison,1610612741,0021801194,Driving Layup Shot,1,0,Restricted Area
1627215,Walt Lemon Jr.,1610612741,0021801194,Jump Shot,1,0,Above the Break 3
1627215,Walt Lemon Jr.,1610612741,0021801194,Driving Layup Shot,1,1,Restricted Area
1627885,Shaquille Harrison,1610612741,0021801194,Floating Jump shot,1,0,In The Paint (Non-RA)
201577,Robin Lopez,1610612741,0021801194,Putback Layup Shot,1,1,Restricted Area
1627782,Wayne Selden,1610612741,0021801194,Pullup Jump shot,1,1,Mid-Range
1627215,Walt Lemon Jr.,1610612741,0021801194,Pullup Jump shot,1,0,Mid-Range
1627782,Wayne Selden,1610612741,0021801194,Pullup Jump shot,1,0,Mid-Range
1627215,Walt Lemon Jr.,1610612741,0021801194,Driving Floating Jump Shot,1,1,In The Paint (Non-RA)
1628959,Rawle Alkins,1610612741,0021801194,Jump Shot,1,0,Right Corner 3
1628959,Rawle Alkins,1610612741,0021801194,Cutting Layup Shot,1,0,Restricted Area
1627215,Walt Lemon Jr.,1610612741,0021801194,Driving Layup Shot,1,0,Restricted Area
1628959,Rawle Alkins,1610612741,0021801194,Cutting Layup Shot,1,0,Restricted Area
1627782,Wayne Selden,1610612741,0021801194,Jump Shot,1,0,Above the Break 3
1627885,Shaquille Harrison,1610612741,0021801194,Jump Shot,1,1,Above the Break 3
1627215,Walt Lemon Jr.,1610612741,0021801194,Driving Layup Shot,1,0,Restricted Area
1627782,Wayne Selden,1610612741,0021801194,Floating Jump shot,1,0,In The Paint (Non-RA)
203960,JaKarr Sampson,1610612741,0021801194,Floating Jump shot,1,0,In The Paint (Non-RA)
1628959,Rawle Alkins,1610612741,0021801194,Driving Floating Bank Jump Shot,1,0,In The Paint (Non-RA)
1627853,Ryan Arcidiacono,1610612741,0021801194,Jump Shot,1,0,Above the Break 3
1627853,Ryan Arcidiacono,1610612741,0021801194,Driving Layup Shot,1,1,In The Paint (Non-RA)
1627853,Ryan Arcidiacono,1610612741,0021801194,Pullup Jump shot,1,0,Mid-Range
203960,JaKarr Sampson,1610612741,0021801194,Running Finger Roll Layup Shot,1,1,Restricted Area
203960,JaKarr Sampson,1610612741,0021801194,Jump Shot,1,0,Above the Break 3
1627853,Ryan Arcidiacono,1610612741,0021801194,Driving Floating Bank Jump Shot,1,1,In The Paint (Non-RA)
1629102,Brandon Sampson,1610612741,0021801194,Jump Shot,1,1,Above the Break 3
1626245,Cristiano Felicio,1610612741,0021801194,Hook Shot,1,0,Restricted Area
1627789,Timothe Luwawu-Cabarrot,1610612741,0021801194,Running Layup Shot,1,1,Restricted Area
1626245,Cristiano Felicio,1610612741,0021801194,Jump Shot,1,0,Mid-Range
1627853,Ryan Arcidiacono,1610612741,0021801194,Jump Shot,1,1,Above the Break 3
203960,JaKarr Sampson,1610612741,0021801194,Driving Layup Shot,1,1,Restricted Area
1627789,Timothe Luwawu-Cabarrot,1610612741,0021801194,Jump Shot,1,0,Above the Break 3
1627789,Timothe Luwawu-Cabarrot,1610612741,0021801194,Turnaround Fadeaway shot,1,0,In The Paint (Non-RA)
203960,JaKarr Sampson,1610612741,0021801194,Turnaround Fadeaway shot,1,1,In The Paint (Non-RA)
1627789,Timothe Luwawu-Cabarrot,1610612741,0021801194,Jump Shot,1,0,Above the Break 3
1627789,Timothe Luwawu-Cabarrot,1610612741,0021801194,Jump Shot,1,0,Above the Break 3
203960,JaKarr Sampson,1610612741,0021801194,Driving Floating Jump Shot,1,1,In The Paint (Non-RA)
203960,JaKarr Sampson,1610612741,0021801194,Driving Floating Jump Shot,1,1,In The Paint (Non-RA)
1627215,Walt Lemon Jr.,1610612741,0021801194,Driving Layup Shot,1,0,Restricted Area
1626245,Cristiano Felicio,1610612741,0021801194,Driving Layup Shot,1,1,Restricted Area
1627215,Walt Lemon Jr.,1610612741,0021801194,Jump Shot,1,0,Mid-Range
1626245,Cristiano Felicio,1610612741,0021801194,Driving Dunk Shot,1,1,Restricted Area
1627789,Timothe Luwawu-Cabarrot,1610612741,0021801194,Pullup Jump shot,1,1,Mid-Range
1629102,Brandon Sampson,1610612741,0021801194,Driving Layup Shot,1,0,Restricted Area
1629102,Brandon Sampson,1610612741,0021801194,Tip Layup Shot,1,0,Restricted Area
1627789,Timothe Luwawu-Cabarrot,1610612741,0021801194,Jump Shot,1,0,Left Corner 3
1627789,Timothe Luwawu-Cabarrot,1610612741,0021801194,Driving Layup Shot,1,1,Restricted Area
1627215,Walt Lemon Jr.,1610612741,0021801194,Driving Layup Shot,1,1,Restricted Area
1627853,Ryan Arcidiacono,1610612741,0021801213,Pullup Jump shot,1,0,Mid-Range
1627789,Timothe Luwawu-Cabarrot,1610612741,0021801213,Driving Layup Shot,1,1,Restricted Area
1627782,Wayne Selden,1610612741,0021801213,Jump Shot,1,0,Mid-Range
1627853,Ryan Arcidiacono,1610612741,0021801213,Pullup Jump shot,1,0,Above the Break 3
1627789,Timothe Luwawu-Cabarrot,1610612741,0021801213,Jump Shot,1,0,Above the Break 3
1627789,Timothe Luwawu-Cabarrot,1610612741,0021801213,Pullup Jump shot,1,0,In The Paint (Non-RA)
1627782,Wayne Selden,1610612741,0021801213,Jump Shot,1,0,Above the Break 3
1627885,Shaquille Harrison,1610612741,0021801213,Layup Shot,1,1,Restricted Area
1627789,Timothe Luwawu-Cabarrot,1610612741,0021801213,Jump Shot,1,1,Right Corner 3
201577,Robin Lopez,1610612741,0021801213,Driving Hook Shot,1,1,Restricted Area
1627782,Wayne Selden,1610612741,0021801213,Driving Floating Jump Shot,1,0,Restricted Area
1627853,Ryan Arcidiacono,1610612741,0021801213,Driving Floating Bank Jump Shot,1,0,Mid-Range
1627789,Timothe Luwawu-Cabarrot,1610612741,0021801213,Jump Shot,1,0,Right Corner 3
1627885,Shaquille Harrison,1610612741,0021801213,Driving Layup Shot,1,0,In The Paint (Non-RA)
1627885,Shaquille Harrison,1610612741,0021801213,Driving Layup Shot,1,1,Restricted Area
1627885,Shaquille Harrison,1610612741,0021801213,Driving Layup Shot,1,0,Restricted Area
203960,JaKarr Sampson,1610612741,0021801213,Driving Layup Shot,1,0,Restricted Area
203960,JaKarr Sampson,1610612741,0021801213,Jump Shot,1,1,Mid-Range
1627885,Shaquille Harrison,1610612741,0021801213,Running Layup Shot,1,0,Restricted Area
1627885,Shaquille Harrison,1610612741,0021801213,Driving Floating Jump Shot,1,0,In The Paint (Non-RA)
1629102,Brandon Sampson,1610612741,0021801213,Running Dunk Shot,1,1,Restricted Area
1627853,Ryan Arcidiacono,1610612741,0021801213,Jump Shot,1,0,Above the Break 3
203960,JaKarr Sampson,1610612741,0021801213,Floating Jump shot,1,0,Restricted Area
203960,JaKarr Sampson,1610612741,0021801213,Jump Shot,1,0,Left Corner 3
201577,Robin Lopez,1610612741,0021801213,Hook Shot,1,1,In The Paint (Non-RA)
1627853,Ryan Arcidiacono,1610612741,0021801213,Pullup Jump shot,1,1,Above the Break 3
1626245,Cristiano Felicio,1610612741,0021801213,Layup Shot,1,0,Restricted Area
1629102,Brandon Sampson,1610612741,0021801213,Jump Shot,1,1,Right Corner 3
1626245,Cristiano Felicio,1610612741,0021801213,Driving Reverse Layup Shot,1,0,Restricted Area
1628959,Rawle Alkins,1610612741,0021801213,Driving Layup Shot,1,0,Restricted Area
1627215,Walt Lemon Jr.,1610612741,0021801213,Driving Reverse Layup Shot,1,0,Restricted Area
1626245,Cristiano Felicio,1610612741,0021801213,Turnaround Hook Shot,1,1,In The Paint (Non-RA)
1627215,Walt Lemon Jr.,1610612741,0021801213,Driving Layup Shot,1,0,Restricted Area
1628959,Rawle Alkins,1610612741,0021801213,Tip Layup Shot,1,0,Restricted Area
1629102,Brandon Sampson,1610612741,0021801213,Jump Shot,1,0,Left Corner 3
1627215,Walt Lemon Jr.,1610612741,0021801213,Driving Layup Shot,1,1,Restricted Area
1627782,Wayne Selden,1610612741,0021801213,Driving Layup Shot,1,1,Restricted Area
1627782,Wayne Selden,1610612741,0021801213,Layup Shot,1,0,Restricted Area
1627215,Walt Lemon Jr.,1610612741,0021801213,Pullup Jump shot,1,0,Mid-Range
1627789,Timothe Luwawu-Cabarrot,1610612741,0021801213,Jump Shot,1,1,Right Corner 3
203960,JaKarr Sampson,1610612741,0021801213,Jump Shot,1,1,Above the Break 3
201577,Robin Lopez,1610612741,0021801213,Turnaround Hook Shot,1,1,Restricted Area
203960,JaKarr Sampson,1610612741,0021801213,Driving Hook Shot,1,0,In The Paint (Non-RA)
201577,Robin Lopez,1610612741,0021801213,Driving Layup Shot,1,0,Restricted Area
203960,JaKarr Sampson,1610612741,0021801213,Pullup Jump shot,1,0,Mid-Range
1627885,Shaquille Harrison,1610612741,0021801213,Driving Layup Shot,1,1,Restricted Area
203960,JaKarr Sampson,1610612741,0021801213,Jump Shot,1,0,Above the Break 3
201577,Robin Lopez,1610612741,0021801213,Jump Shot,1,0,Left Corner 3
201577,Robin Lopez,1610612741,0021801213,Turnaround Hook Shot,1,0,In The Paint (Non-RA)
1627789,Timothe Luwawu-Cabarrot,1610612741,0021801213,Driving Dunk Shot,1,0,Restricted Area
203960,JaKarr Sampson,1610612741,0021801213,Driving Layup Shot,1,1,Restricted Area
1627853,Ryan Arcidiacono,1610612741,0021801213,Jump Shot,1,0,Above the Break 3
1627853,Ryan Arcidiacono,1610612741,0021801213,Driving Layup Shot,1,1,Restricted Area
203960,JaKarr Sampson,1610612741,0021801213,Jump Shot,1,0,Above the Break 3
201577,Robin Lopez,1610612741,0021801213,Turnaround Hook Shot,1,0,In The Paint (Non-RA)
203960,JaKarr Sampson,1610612741,0021801213,Pullup Jump shot,1,0,Mid-Range
1627789,Timothe Luwawu-Cabarrot,1610612741,0021801213,Jump Shot,1,0,Right Corner 3
1627853,Ryan Arcidiacono,1610612741,0021801213,Driving Floating Jump Shot,1,0,In The Paint (Non-RA)
1627885,Shaquille Harrison,1610612741,0021801213,Driving Reverse Layup Shot,1,0,Restricted Area
1627215,Walt Lemon Jr.,1610612741,0021801213,Cutting Layup Shot,1,1,Restricted Area
1627215,Walt Lemon Jr.,1610612741,0021801213,Floating Jump shot,1,0,Mid-Range
203960,JaKarr Sampson,1610612741,0021801213,Tip Layup Shot,1,0,Restricted Area
203960,JaKarr Sampson,1610612741,0021801213,Jump Shot,1,0,Above the Break 3
1627215,Walt Lemon Jr.,1610612741,0021801213,Driving Layup Shot,1,1,Restricted Area
1628959,Rawle Alkins,1610612741,0021801213,Driving Layup Shot,1,1,Restricted Area
201577,Robin Lopez,1610612741,0021801213,Driving Hook Shot,1,1,In The Paint (Non-RA)
1629102,Brandon Sampson,1610612741,0021801213,Driving Layup Shot,1,0,Restricted Area
1629102,Brandon Sampson,1610612741,0021801213,Driving Layup Shot,1,0,Restricted Area
1629102,Brandon Sampson,1610612741,0021801213,Jump Shot,1,1,Left Corner 3
1629102,Brandon Sampson,1610612741,0021801213,Driving Floating Jump Shot,1,0,In The Paint (Non-RA)
1627782,Wayne Selden,1610612741,0021801213,Jump Shot,1,0,Above the Break 3
203960,JaKarr Sampson,1610612741,0021801213,Driving Floating Jump Shot,1,1,In The Paint (Non-RA)
1627853,Ryan Arcidiacono,1610612741,0021801213,Pullup Jump shot,1,1,Mid-Range
203960,JaKarr Sampson,1610612741,0021801213,Turnaround Jump Shot,1,0,In The Paint (Non-RA)
1627885,Shaquille Harrison,1610612741,0021801213,Driving Layup Shot,1,1,Restricted Area
203960,JaKarr Sampson,1610612741,0021801213,Running Layup Shot,1,0,Restricted Area
1626245,Cristiano Felicio,1610612741,0021801213,Tip Layup Shot,1,0,Restricted Area
1627885,Shaquille Harrison,1610612741,0021801213,Driving Reverse Layup Shot,1,1,Restricted Area
1627215,Walt Lemon Jr.,1610612741,0021801213,Driving Layup Shot,1,0,Restricted Area
1627885,Shaquille Harrison,1610612741,0021801213,Running Layup Shot,1,1,Restricted Area
1627885,Shaquille Harrison,1610612741,0021801213,Jump Shot,1,0,Left Corner 3
1627215,Walt Lemon Jr.,1610612741,0021801213,Driving Layup Shot,1,0,Restricted Area
201577,Robin Lopez,1610612741,0021801213,Jump Shot,1,1,Above the Break 3
201577,Robin Lopez,1610612741,0021801224,Jump Shot,1,0,Above the Break 3
1627885,Shaquille Harrison,1610612741,0021801224,Floating Jump shot,1,1,In The Paint (Non-RA)
1627789,Timothe Luwawu-Cabarrot,1610612741,0021801224,Fadeaway Jump Shot,1,0,Mid-Range
201577,Robin Lopez,1610612741,0021801224,Turnaround Hook Shot,1,0,In The Paint (Non-RA)
201577,Robin Lopez,1610612741,0021801224,Hook Shot,1,0,In The Paint (Non-RA)
1627885,Shaquille Harrison,1610612741,0021801224,Driving Layup Shot,1,0,Restricted Area
201577,Robin Lopez,1610612741,0021801224,Hook Shot,1,1,In The Paint (Non-RA)
1627885,Shaquille Harrison,1610612741,0021801224,Pullup Jump shot,1,1,Above the Break 3
1627789,Timothe Luwawu-Cabarrot,1610612741,0021801224,Jump Shot,1,0,Above the Break 3
1627853,Ryan Arcidiacono,1610612741,0021801224,Pullup Jump shot,1,0,In The Paint (Non-RA)
201577,Robin Lopez,1610612741,0021801224,Turnaround Hook Shot,1,1,In The Paint (Non-RA)
1627853,Ryan Arcidiacono,1610612741,0021801224,Jump Shot,1,0,In The Paint (Non-RA)
1627885,Shaquille Harrison,1610612741,0021801224,Driving Layup Shot,1,0,In The Paint (Non-RA)
201577,Robin Lopez,1610612741,0021801224,Hook Shot,1,0,Restricted Area
201577,Robin Lopez,1610612741,0021801224,Jump Shot,1,0,Above the Break 3
1626245,Cristiano Felicio,1610612741,0021801224,Cutting Layup Shot,1,0,In The Paint (Non-RA)
1627853,Ryan Arcidiacono,1610612741,0021801224,Pullup Jump shot,1,1,Mid-Range
1627789,Timothe Luwawu-Cabarrot,1610612741,0021801224,Running Dunk Shot,1,1,Restricted Area
1627789,Timothe Luwawu-Cabarrot,1610612741,0021801224,Jump Shot,1,0,Above the Break 3
1627215,Walt Lemon Jr.,1610612741,0021801224,Pullup Jump shot,1,1,In The Paint (Non-RA)
1628469,Antonio Blakeney,1610612741,0021801224,Pullup Jump shot,1,0,In The Paint (Non-RA)
1627782,Wayne Selden,1610612741,0021801224,Jump Shot,1,1,Above the Break 3
1627215,Walt Lemon Jr.,1610612741,0021801224,Driving Hook Shot,1,0,Restricted Area
1629102,Brandon Sampson,1610612741,0021801224,Pullup Jump shot,1,0,Mid-Range
1627782,Wayne Selden,1610612741,0021801224,Jump Shot,1,1,Above the Break 3
1627782,Wayne Selden,1610612741,0021801224,Jump Shot,1,0,Above the Break 3
1627215,Walt Lemon Jr.,1610612741,0021801224,Cutting Layup Shot,1,1,Restricted Area
1626245,Cristiano Felicio,1610612741,0021801224,Jump Shot,1,0,Mid-Range
1627215,Walt Lemon Jr.,1610612741,0021801224,Jump Shot,1,1,Above the Break 3
1627215,Walt Lemon Jr.,1610612741,0021801224,Jump Shot,1,1,Above the Break 3
1627215,Walt Lemon Jr.,1610612741,0021801224,Pullup Jump shot,1,1,Mid-Range
1627215,Walt Lemon Jr.,1610612741,0021801224,Driving Layup Shot,1,0,In The Paint (Non-RA)
1627782,Wayne Selden,1610612741,0021801224,Pullup Jump shot,1,0,Mid-Range
1627215,Walt Lemon Jr.,1610612741,0021801224,Driving Reverse Layup Shot,1,0,Restricted Area
1627782,Wayne Selden,1610612741,0021801224,Jump Shot,1,0,Above the Break 3
1628469,Antonio Blakeney,1610612741,0021801224,Jump Shot,1,0,Above the Break 3
1627853,Ryan Arcidiacono,1610612741,0021801224,Jump Shot,1,1,Above the Break 3
1627215,Walt Lemon Jr.,1610612741,0021801224,Driving Finger Roll Layup Shot,1,0,Restricted Area
1627782,Wayne Selden,1610612741,0021801224,Pullup Jump shot,1,1,Mid-Range
201577,Robin Lopez,1610612741,0021801224,Turnaround Hook Shot,1,1,Restricted Area
1627782,Wayne Selden,1610612741,0021801224,Driving Floating Bank Jump Shot,1,1,Restricted Area
1627789,Timothe Luwawu-Cabarrot,1610612741,0021801224,Driving Layup Shot,1,0,Restricted Area
1627853,Ryan Arcidiacono,1610612741,0021801224,Jump Shot,1,0,In The Paint (Non-RA)
1627885,Shaquille Harrison,1610612741,0021801224,Step Back Jump shot,1,0,Above the Break 3
1627789,Timothe Luwawu-Cabarrot,1610612741,0021801224,Driving Finger Roll Layup Shot,1,0,Restricted Area
1627215,Walt Lemon Jr.,1610612741,0021801224,Turnaround Fadeaway shot,1,0,In The Paint (Non-RA)
1627215,Walt Lemon Jr.,1610612741,0021801224,Step Back Jump shot,1,0,Mid-Range
1627215,Walt Lemon Jr.,1610612741,0021801224,Turnaround Fadeaway shot,1,0,Mid-Range
201577,Robin Lopez,1610612741,0021801224,Turnaround Hook Shot,1,1,Restricted Area
1627885,Shaquille Harrison,1610612741,0021801224,Driving Layup Shot,1,0,In The Paint (Non-RA)
1627782,Wayne Selden,1610612741,0021801224,Jump Shot,1,0,In The Paint (Non-RA)
1627789,Timothe Luwawu-Cabarrot,1610612741,0021801224,Driving Layup Shot,1,0,In The Paint (Non-RA)
1627885,Shaquille Harrison,1610612741,0021801224,Driving Layup Shot,1,1,Restricted Area
201577,Robin Lopez,1610612741,0021801224,Turnaround Hook Shot,1,0,Restricted Area
1627885,Shaquille Harrison,1610612741,0021801224,Jump Shot,1,0,Left Corner 3
201577,Robin Lopez,1610612741,0021801224,Turnaround Hook Shot,1,0,In The Paint (Non-RA)
1627853,Ryan Arcidiacono,1610612741,0021801224,Jump Shot,1,0,Above the Break 3
201577,Robin Lopez,1610612741,0021801224,Tip Layup Shot,1,1,Restricted Area
1627782,Wayne Selden,1610612741,0021801224,Driving Layup Shot,1,1,Restricted Area
201577,Robin Lopez,1610612741,0021801224,Turnaround Hook Shot,1,1,Restricted Area
1627782,Wayne Selden,1610612741,0021801224,Jump Shot,1,0,Above the Break 3
1627215,Walt Lemon Jr.,1610612741,0021801224,Pullup Jump shot,1,0,Mid-Range
1627885,Shaquille Harrison,1610612741,0021801224,Running Layup Shot,1,1,Restricted Area
1627215,Walt Lemon Jr.,1610612741,0021801224,Driving Layup Shot,1,0,Restricted Area
1627885,Shaquille Harrison,1610612741,0021801224,Pullup Jump shot,1,0,Mid-Range
1629102,Brandon Sampson,1610612741,0021801224,Driving Floating Jump Shot,1,1,In The Paint (Non-RA)
1629102,Brandon Sampson,1610612741,0021801224,Jump Shot,1,0,Above the Break 3
1629102,Brandon Sampson,1610612741,0021801224,Jump Shot,1,1,Right Corner 3
1628959,Rawle Alkins,1610612741,0021801224,Jump Shot,1,0,Above the Break 3
1627215,Walt Lemon Jr.,1610612741,0021801224,Driving Layup Shot,1,0,Restricted Area
1627215,Walt Lemon Jr.,1610612741,0021801224,Layup Shot,1,1,Restricted Area
1627215,Walt Lemon Jr.,1610612741,0021801224,Driving Layup Shot,1,1,Restricted Area
1628959,Rawle Alkins,1610612741,0021801224,Pullup Jump shot,1,1,In The Paint (Non-RA)
1629102,Brandon Sampson,1610612741,0021801224,Jump Shot,1,1,Above the Break 3
1629102,Brandon Sampson,1610612741,0021801224,Jump Shot,1,0,Above the Break 3
1628959,Rawle Alkins,1610612741,0021801224,Driving Layup Shot,1,0,Restricted Area
1627789,Timothe Luwawu-Cabarrot,1610612741,0021801224,Driving Layup Shot,1,1,Restricted Area
1627215,Walt Lemon Jr.,1610612741,0021801224,Running Layup Shot,1,1,Restricted Area
1627789,Timothe Luwawu-Cabarrot,1610612741,0021801224,Jump Shot,1,1,Above the Break 3
1627789,Timothe Luwawu-Cabarrot,1610612741,0021801224,Jump Shot,1,0,Above the Break 3
1627789,Timothe Luwawu-Cabarrot,1610612741,0021801224,Driving Reverse Layup Shot,1,1,Restricted Area
1627215,Walt Lemon Jr.,1610612741,0021801224,Driving Layup Shot,1,1,Restricted Area
1628469,Antonio Blakeney,1610612741,0021801224,Jump Shot,1,1,Mid-Range
1627853,Ryan Arcidiacono,1610612741,0021801224,Pullup Jump shot,1,1,Mid-Range
1627789,Timothe Luwawu-Cabarrot,1610612741,0021801224,Driving Layup Shot,1,1,Restricted Area
1627853,Ryan Arcidiacono,1610612741,0021801224,Floating Jump shot,1,1,In The Paint (Non-RA)
1627789,Timothe Luwawu-Cabarrot,1610612741,0021801224,Jump Shot,1,0,Mid-Range
1628469,Antonio Blakeney,1610612741,0021801224,Running Dunk Shot,1,1,Restricted Area
1627853,Ryan Arcidiacono,1610612741,0021801224,Pullup Jump shot,1,1,In The Paint (Non-RA)
1629102,Brandon Sampson,1610612741,0021801224,Fadeaway Jump Shot,1,1,In The Paint (Non-RA)
1628469,Antonio Blakeney,1610612741,0021801224,Fadeaway Jump Shot,1,1,In The Paint (Non-RA)
1626245,Cristiano Felicio,1610612741,0021801224,Driving Reverse Layup Shot,1,1,Restricted Area
1628469,Antonio Blakeney,1610612741,0021801224,Pullup Jump shot,1,0,Mid-Range
1628959,Rawle Alkins,1610612741,0021801224,Running Dunk Shot,1,1,Restricted Area
1629102,Brandon Sampson,1610612741,0021801224,Running Dunk Shot,1,1,Restricted Area
