PLAYER_ID,PLAYER_NAME,TEAM_ID,GAME_ID,ACTION_TYPE,SHOT_ATTEMPTED_FLAG,SHOT_MADE_FLAG,SHOT_ZONE_BASIC
203897,Zach LaVine,1610612741,0021900003,Fadeaway Jump Shot,1,0,Mid-Range
203897,Zach LaVine,1610612741,0021900003,Jump Shot,1,0,Left Corner 3
1628976,Wendell Carter Jr.,1610612741,0021900003,Driving Layup Shot,1,0,In The Paint (Non-RA)
1628976,Wendell Carter Jr.,1610612741,0021900003,Putback Layup Shot,1,1,Restricted Area
1628374,Lauri Markkanen,1610612741,0021900003,Jump Shot,1,1,In The Paint (Non-RA)
1628374,Lauri Markkanen,1610612741,0021900003,Jump Shot,1,0,Right Corner 3
203490,Otto Porter Jr.,1610612741,0021900003,Jump Shot,1,0,Above the Break 3
1628374,Lauri Markkanen,1610612741,0021900003,Driving Dunk Shot,1,1,Restricted Area
1628374,Lauri Markkanen,1610612741,0021900003,Jump Shot,1,0,In The Paint (Non-RA)
203107,Tomas Satoransky,1610612741,0021900003,Layup Shot,1,0,Restricted Area
203897,Zach LaVine,1610612741,0021900003,Running Layup Shot,1,0,Restricted Area
1628374,Lauri Markkanen,1610612741,0021900003,Hook Shot,1,0,In The Paint (Non-RA)
1628374,Lauri Markkanen,1610612741,0021900003,Layup Shot,1,1,Restricted Area
203897,Zach LaVine,1610612741,0021900003,Driving Layup Shot,1,0,Restricted Area
203490,Otto Porter Jr.,1610612741,0021900003,Layup Shot,1,1,Restricted Area
203107,Tomas Satoransky,1610612741,0021900003,Layup Shot,1,0,Restricted Area
1628436,Luke Kornet,1610612741,0021900003,Tip Layup Shot,1,0,Restricted Area
1628374,Lauri Markkanen,1610612741,0021900003,Layup Shot,1,0,Restricted Area
1628374,Lauri Markkanen,1610612741,0021900003,Putback Layup Shot,1,1,Restricted Area
1628374,Lauri Markkanen,1610612741,0021900003,Driving Dunk Shot,1,1,Restricted Area
1629632,Coby White,1610612741,0021900003,Jump Shot,1,0,Above the Break 3
1628436,Luke Kornet,1610612741,0021900003,Jump Bank Shot,1,0,Restricted Area
201152,Thaddeus Young,1610612741,0021900003,Layup Shot,1,0,Restricted Area
1628976,Wendell Carter Jr.,1610612741,0021900003,Dunk Shot,1,1,Restricted Area
1629632,Coby White,1610612741,0021900003,Jump Shot,1,1,Above the Break 3
1627739,Kris Dunn,1610612741,0021900003,Driving Layup Shot,1,1,Restricted Area
1629632,Coby White,1610612741,0021900003,Step Back Jump shot,1,0,Above the Break 3
203490,Otto Porter Jr.,1610612741,0021900003,Jump Shot,1,0,Mid-Range
201152,Thaddeus Young,1610612741,0021900003,Hook Shot,1,1,In The Paint (Non-RA)
201152,Thaddeus Young,1610612741,0021900003,Jump Shot,1,0,Left Corner 3
1628976,Wendell Carter Jr.,1610612741,0021900003,Dunk Shot,1,1,Restricted Area
1627739,Kris Dunn,1610612741,0021900003,Jump Shot,1,0,Above the Break 3
1628976,Wendell Carter Jr.,1610612741,0021900003,Dunk Shot,1,1,Restricted Area
203490,Otto Porter Jr.,1610612741,0021900003,Layup Shot,1,0,Restricted Area
1629632,Coby White,1610612741,0021900003,Running Layup Shot,1,1,Restricted Area
201152,Thaddeus Young,1610612741,0021900003,Jump Shot,1,1,Above the Break 3
1629632,Coby White,1610612741,0021900003,Jump Shot,1,0,Above the Break 3
1628374,Lauri Markkanen,1610612741,0021900003,Jump Shot,1,0,Above the Break 3
203897,Zach LaVine,1610612741,0021900003,Layup Shot,1,0,Restricted Area
1628436,Luke Kornet,1610612741,0021900003,Jump Shot,1,0,Above the Break 3
1628374,Lauri Markkanen,1610612741,0021900003,Hook Shot,1,1,In The Paint (Non-RA)
1628976,Wendell Carter Jr.,1610612741,0021900003,Turnaround Hook Shot,1,0,In The Paint (Non-RA)
1628374,Lauri Markkanen,1610612741,0021900003,Jump Shot,1,0,Above the Break 3
1628374,Lauri Markkanen,1610612741,0021900003,Jump Shot,1,0,Above the Break 3
1628374,Lauri Markkanen,1610612741,0021900003,Driving Dunk Shot,1,0,Restricted Area
1627853,Ryan Arcidiacono,1610612741,0021900003,Floating Jump shot,1,0,In The Paint (Non-RA)
1628374,Lauri Markkanen,1610612741,0021900003,Tip Layup Shot,1,0,Restricted Area
203897,Zach LaVine,1610612741,0021900003,Running Reverse Layup Shot,1,1,Restricted Area
1627853,Ryan Arcidiacono,1610612741,0021900003,Jump Shot,1,1,Right Corner 3
203897,Zach LaVine,1610612741,0021900003,Fadeaway Jump Shot,1,0,In The Paint (Non-RA)
1628374,Lauri Markkanen,1610612741,0021900003,Jump Shot,1,0,Above the Break 3
203107,Tomas Satoransky,1610612741,0021900003,Fadeaway Jump Shot,1,0,In The Paint (Non-RA)
203490,Otto Porter Jr.,1610612741,0021900003,Cutting Dunk Shot,1,1,Restricted Area
1629632,Coby White,1610612741,0021900003,Layup Shot,1,1,Restricted Area
201152,Thaddeus Young,1610612741,0021900003,Hook Bank Shot,1,1,In The Paint (Non-RA)
1628374,Lauri Markkanen,1610612741,0021900003,Hook Shot,1,1,In The Paint (Non-RA)
1628374,Lauri Markkanen,1610612741,0021900003,Running Layup Shot,1,1,Restricted Area
1628374,Lauri Markkanen,1610612741,0021900003,Running Layup Shot,1,1,Restricted Area
203897,Zach LaVine,1610612741,0021900003,Cutting Dunk Shot,1,1,Restricted Area
203897,Zach LaVine,1610612741,0021900003,Jump Shot,1,0,Right Corner 3
1628374,Lauri Markkanen,1610612741,0021900003,Jump Shot,1,0,Above the Break 3
203897,Zach LaVine,1610612741,0021900003,Layup Shot,1,1,Restricted Area
203107,Tomas Satoransky,1610612741,0021900003,Running Layup Shot,1,1,Restricted Area
1628976,Wendell Carter Jr.,1610612741,0021900003,Driving Floating Jump Shot,1,0,Restricted Area
1628374,Lauri Markkanen,1610612741,0021900003,Putback Layup Shot,1,1,Restricted Area
203490,Otto Porter Jr.,1610612741,0021900003,Jump Shot,1,0,Above the Break 3
203490,Otto Porter Jr.,1610612741,0021900003,Jump Shot,1,1,Left Corner 3
1628374,Lauri Markkanen,1610612741,0021900003,Jump Shot,1,1,Mid-Range
1628374,Lauri Markkanen,1610612741,0021900003,Floating Jump shot,1,1,In The Paint (Non-RA)
203107,Tomas Satoransky,1610612741,0021900003,Layup Shot,1,0,Restricted Area
1629632,Coby White,1610612741,0021900003,Step Back Jump shot,1,0,Mid-Range
201152,Thaddeus Young,1610612741,0021900003,Jump Shot,1,1,Above the Break 3
203897,Zach LaVine,1610612741,0021900003,Layup Shot,1,1,Restricted Area
201152,Thaddeus Young,1610612741,0021900003,Jump Shot,1,0,Left Corner 3
203897,Zach LaVine,1610612741,0021900003,Jump Bank Shot,1,0,In The Paint (Non-RA)
1627739,Kris Dunn,1610612741,0021900003,Running Layup Shot,1,1,In The Paint (Non-RA)
1629632,Coby White,1610612741,0021900003,Pullup Jump shot,1,0,Mid-Range
1629632,Coby White,1610612741,0021900003,Layup Shot,1,1,Restricted Area
1629632,Coby White,1610612741,0021900003,Driving Layup Shot,1,1,Restricted Area
201152,Thaddeus Young,1610612741,0021900003,Driving Layup Shot,1,1,Restricted Area
1627853,Ryan Arcidiacono,1610612741,0021900003,Jump Shot,1,1,Right Corner 3
201152,Thaddeus Young,1610612741,0021900003,Layup Shot,1,1,Restricted Area
203490,Otto Porter Jr.,1610612741,0021900003,Jump Shot,1,0,Above the Break 3
203490,Otto Porter Jr.,1610612741,0021900003,Layup Shot,1,0,Restricted Area
1629632,Coby White,1610612741,0021900003,Layup Shot,1,1,Restricted Area
1627739,Kris Dunn,1610612741,0021900003,Jump Shot,1,0,Above the Break 3
1628374,Lauri Markkanen,1610612741,0021900003,Jump Shot,1,1,Above the Break 3
201152,Thaddeus Young,1610612741,0021900003,Jump Bank Shot,1,1,Above the Break 3
1627739,Kris Dunn,1610612741,0021900003,Layup Shot,1,1,Restricted Area
1627739,Kris Dunn,1610612741,0021900003,Layup Shot,1,1,Restricted Area
201152,Thaddeus Young,1610612741,0021900003,Hook Shot,1,0,In The Paint (Non-RA)
1629632,Coby White,1610612741,0021900003,Fadeaway Jump Shot,1,0,Mid-Range
1628976,Wendell Carter Jr.,1610612741,0021900003,Dunk Shot,1,0,Restricted Area
1628976,Wendell Carter Jr.,1610612741,0021900003,Putback Layup Shot,1,1,Restricted Area
1627739,Kris Dunn,1610612741,0021900003,Running Layup Shot,1,1,Restricted Area
203897,Zach LaVine,1610612741,0021900003,Running Dunk Shot,1,1,Restricted Area
1628374,Lauri Markkanen,1610612741,0021900003,Fadeaway Jump Shot,1,0,Mid-Range
203897,Zach LaVine,1610612741,0021900003,Jump Shot,1,1,Above the Break 3
1628976,Wendell Carter Jr.,1610612741,0021900003,Driving Layup Shot,1,0,Restricted Area
1629632,Coby White,1610612741,0021900003,Layup Shot,1,0,Restricted Area
1628976,Wendell Carter Jr.,1610612741,0021900003,Tip Layup Shot,1,0,Restricted Area
203897,Zach LaVine,1610612741,0021900003,Jump Shot,1,0,Above the Break 3
203897,Zach LaVine,1610612741,0021900003,Jump Shot,1,0,Restricted Area
203490,Otto Porter Jr.,1610612741,0021900003,Jump Shot,1,0,Above the Break 3
203897,Zach LaVine,1610612741,0021900003,Driving Layup Shot,1,1,Restricted Area
203107,Tomas Satoransky,1610612741,0021900020,Turnaround Fadeaway shot,1,0,Restricted Area
203490,Otto Porter Jr.,1610612741,0021900020,Jump Shot,1,0,Above the Break 3
203490,Otto Porter Jr.,1610612741,0021900020,Pullup Jump shot,1,0,Mid-Range
203897,Zach LaVine,1610612741,0021900020,Jump Shot,1,1,Above the Break 3
1628374,Lauri Markkanen,1610612741,0021900020,Jump Shot,1,0,Above the Break 3
1628976,Wendell Carter Jr.,1610612741,0021900020,Running Finger Roll Layup Shot,1,1,Restricted Area
203897,Zach LaVine,1610612741,0021900020,Driving Finger Roll Layup Shot,1,1,Restricted Area
203897,Zach LaVine,1610612741,0021900020,Turnaround Fadeaway shot,1,0,In The Paint (Non-RA)
1628976,Wendell Carter Jr.,1610612741,0021900020,Jump Shot,1,1,Mid-Range
203897,Zach LaVine,1610612741,0021900020,Jump Shot,1,0,Right Corner 3
1628374,Lauri Markkanen,1610612741,0021900020,Jump Shot,1,0,Above the Break 3
1628976,Wendell Carter Jr.,1610612741,0021900020,Jump Shot,1,0,Left Corner 3
1628374,Lauri Markkanen,1610612741,0021900020,Jump Shot,1,0,Above the Break 3
1629632,Coby White,1610612741,0021900020,Driving Layup Shot,1,1,Restricted Area
1629632,Coby White,1610612741,0021900020,Pullup Jump shot,1,0,Above the Break 3
1628374,Lauri Markkanen,1610612741,0021900020,Jump Shot,1,0,Above the Break 3
203897,Zach LaVine,1610612741,0021900020,Driving Finger Roll Layup Shot,1,1,Restricted Area
203897,Zach LaVine,1610612741,0021900020,Pullup Jump shot,1,1,Above the Break 3
203897,Zach LaVine,1610612741,0021900020,Jump Shot,1,0,Above the Break 3
1627739,Kris Dunn,1610612741,0021900020,Driving Layup Shot,1,1,In The Paint (Non-RA)
201152,Thaddeus Young,1610612741,0021900020,Jump Shot,1,0,Above the Break 3
1627853,Ryan Arcidiacono,1610612741,0021900020,Driving Floating Bank Jump Shot,1,0,Restricted Area
1629632,Coby White,1610612741,0021900020,Pullup Jump shot,1,0,Above the Break 3
201152,Thaddeus Young,1610612741,0021900020,Running Jump Shot,1,1,Right Corner 3
201152,Thaddeus Young,1610612741,0021900020,Driving Floating Jump Shot,1,1,Restricted Area
1629632,Coby White,1610612741,0021900020,Driving Floating Jump Shot,1,1,In The Paint (Non-RA)
1628436,Luke Kornet,1610612741,0021900020,Floating Jump shot,1,0,In The Paint (Non-RA)
1627739,Kris Dunn,1610612741,0021900020,Running Layup Shot,1,0,Restricted Area
1627885,Shaquille Harrison,1610612741,0021900020,Driving Floating Jump Shot,1,1,In The Paint (Non-RA)
1627739,Kris Dunn,1610612741,0021900020,Jump Shot,1,0,Above the Break 3
203490,Otto Porter Jr.,1610612741,0021900020,Jump Shot,1,0,Above the Break 3
1629632,Coby White,1610612741,0021900020,Driving Floating Jump Shot,1,0,In The Paint (Non-RA)
203490,Otto Porter Jr.,1610612741,0021900020,Pullup Jump shot,1,0,Above the Break 3
1628436,Luke Kornet,1610612741,0021900020,Jump Shot,1,1,Above the Break 3
1627739,Kris Dunn,1610612741,0021900020,Floating Jump shot,1,0,In The Paint (Non-RA)
203490,Otto Porter Jr.,1610612741,0021900020,Layup Shot,1,0,Restricted Area
1628374,Lauri Markkanen,1610612741,0021900020,Running Finger Roll Layup Shot,1,1,Restricted Area
1628374,Lauri Markkanen,1610612741,0021900020,Driving Floating Jump Shot,1,0,Restricted Area
203897,Zach LaVine,1610612741,0021900020,Driving Layup Shot,1,0,Restricted Area
1628374,Lauri Markkanen,1610612741,0021900020,Jump Shot,1,0,Above the Break 3
201152,Thaddeus Young,1610612741,0021900020,Floating Jump shot,1,0,Restricted Area
203897,Zach LaVine,1610612741,0021900020,Tip Dunk Shot,1,1,Restricted Area
1628374,Lauri Markkanen,1610612741,0021900020,Jump Shot,1,0,Above the Break 3
201152,Thaddeus Young,1610612741,0021900020,Jump Shot,1,0,Left Corner 3
203107,Tomas Satoransky,1610612741,0021900020,Driving Layup Shot,1,0,Restricted Area
203897,Zach LaVine,1610612741,0021900020,Driving Finger Roll Layup Shot,1,1,Restricted Area
203897,Zach LaVine,1610612741,0021900020,Pullup Jump shot,1,1,Right Corner 3
203897,Zach LaVine,1610612741,0021900020,Step Back Jump shot,1,0,Above the Break 3
203490,Otto Porter Jr.,1610612741,0021900020,Jump Shot,1,1,Above the Break 3
203897,Zach LaVine,1610612741,0021900020,Driving Layup Shot,1,0,Restricted Area
203107,Tomas Satoransky,1610612741,0021900020,Driving Floating Jump Shot,1,0,In The Paint (Non-RA)
1628374,Lauri Markkanen,1610612741,0021900020,Jump Shot,1,0,Above the Break 3
203107,Tomas Satoransky,1610612741,0021900020,Layup Shot,1,1,Restricted Area
203107,Tomas Satoransky,1610612741,0021900020,Running Dunk Shot,1,1,Restricted Area
203897,Zach LaVine,1610612741,0021900020,Running Jump Shot,1,0,Right Corner 3
1628976,Wendell Carter Jr.,1610612741,0021900020,Hook Shot,1,0,In The Paint (Non-RA)
203897,Zach LaVine,1610612741,0021900020,Running Layup Shot,1,0,Restricted Area
203897,Zach LaVine,1610612741,0021900020,Running Dunk Shot,1,1,Restricted Area
1628374,Lauri Markkanen,1610612741,0021900020,Driving Floating Jump Shot,1,1,Mid-Range
203107,Tomas Satoransky,1610612741,0021900020,Jump Shot,1,0,Above the Break 3
1629632,Coby White,1610612741,0021900020,Step Back Jump shot,1,1,Above the Break 3
203107,Tomas Satoransky,1610612741,0021900020,Jump Shot,1,0,Above the Break 3
203897,Zach LaVine,1610612741,0021900020,Driving Layup Shot,1,0,Restricted Area
1628374,Lauri Markkanen,1610612741,0021900020,Jump Shot,1,1,Above the Break 3
203897,Zach LaVine,1610612741,0021900020,Dunk Shot,1,1,Restricted Area
1629632,Coby White,1610612741,0021900020,Jump Shot,1,0,Above the Break 3
203897,Zach LaVine,1610612741,0021900020,Driving Layup Shot,1,1,Restricted Area
201152,Thaddeus Young,1610612741,0021900020,Layup Shot,1,1,In The Paint (Non-RA)
201152,Thaddeus Young,1610612741,0021900020,Jump Shot,1,0,Above the Break 3
1627739,Kris Dunn,1610612741,0021900020,Cutting Finger Roll Layup Shot,1,1,Restricted Area
1629632,Coby White,1610612741,0021900020,Driving Reverse Layup Shot,1,1,Restricted Area
1627739,Kris Dunn,1610612741,0021900020,Pullup Jump shot,1,0,Mid-Range
1627739,Kris Dunn,1610612741,0021900020,Driving Layup Shot,1,1,Restricted Area
1629632,Coby White,1610612741,0021900020,Driving Layup Shot,1,1,Restricted Area
1629632,Coby White,1610612741,0021900020,Pullup Jump shot,1,1,Above the Break 3
1629632,Coby White,1610612741,0021900020,Jump Shot,1,0,Above the Break 3
1627739,Kris Dunn,1610612741,0021900020,Driving Floating Jump Shot,1,0,In The Paint (Non-RA)
1629632,Coby White,1610612741,0021900020,Pullup Jump shot,1,0,Mid-Range
1629632,Coby White,1610612741,0021900020,Driving Finger Roll Layup Shot,1,1,Restricted Area
1628436,Luke Kornet,1610612741,0021900020,Jump Shot,1,0,Above the Break 3
1628436,Luke Kornet,1610612741,0021900020,Jump Shot,1,0,Above the Break 3
1628374,Lauri Markkanen,1610612741,0021900020,Driving Floating Jump Shot,1,0,In The Paint (Non-RA)
203897,Zach LaVine,1610612741,0021900020,Driving Finger Roll Layup Shot,1,0,Restricted Area
1629632,Coby White,1610612741,0021900020,Running Jump Shot,1,1,Above the Break 3
1627739,Kris Dunn,1610612741,0021900020,Jump Shot,1,0,Above the Break 3
203897,Zach LaVine,1610612741,0021900020,Driving Reverse Layup Shot,1,1,Restricted Area
1629632,Coby White,1610612741,0021900020,Pullup Jump shot,1,1,Above the Break 3
203897,Zach LaVine,1610612741,0021900020,Pullup Jump shot,1,1,Above the Break 3
1628374,Lauri Markkanen,1610612741,0021900020,Jump Shot,1,0,Above the Break 3
1629632,Coby White,1610612741,0021900020,Driving Layup Shot,1,1,Restricted Area
203897,Zach LaVine,1610612741,0021900020,Driving Layup Shot,1,1,Restricted Area
1628374,Lauri Markkanen,1610612741,0021900020,Jump Shot,1,0,Above the Break 3
1628374,Lauri Markkanen,1610612741,0021900020,Running Dunk Shot,1,1,Restricted Area
1628976,Wendell Carter Jr.,1610612741,0021900031,Jump Shot,1,0,Above the Break 3
203897,Zach LaVine,1610612741,0021900031,Driving Layup Shot,1,1,Restricted Area
203107,Tomas Satoransky,1610612741,0021900031,Jump Shot,1,1,Left Corner 3
203897,Zach LaVine,1610612741,0021900031,Pullup Jump shot,1,0,Above the Break 3
1628976,Wendell Carter Jr.,1610612741,0021900031,Driving Layup Shot,1,0,Restricted Area
203107,Tomas Satoransky,1610612741,0021900031,Jump Shot,1,0,Above the Break 3
1628374,Lauri Markkanen,1610612741,0021900031,Pullup Jump shot,1,0,Mid-Range
1628374,Lauri Markkanen,1610612741,0021900031,Floating Jump shot,1,1,In The Paint (Non-RA)
203897,Zach LaVine,1610612741,0021900031,Driving Layup Shot,1,0,Restricted Area
203490,Otto Porter Jr.,1610612741,0021900031,Driving Layup Shot,1,0,Restricted Area
203897,Zach LaVine,1610612741,0021900031,Driving Layup Shot,1,0,Restricted Area
1628976,Wendell Carter Jr.,1610612741,0021900031,Putback Dunk Shot,1,1,Restricted Area
203107,Tomas Satoransky,1610612741,0021900031,Driving Floating Jump Shot,1,1,In The Paint (Non-RA)
1628374,Lauri Markkanen,1610612741,0021900031,Jump Shot,1,0,Above the Break 3
201152,Thaddeus Young,1610612741,0021900031,Jump Shot,1,1,Above the Break 3
1628374,Lauri Markkanen,1610612741,0021900031,Turnaround Fadeaway shot,1,0,Mid-Range
201152,Thaddeus Young,1610612741,0021900031,Dunk Shot,1,0,Restricted Area
201152,Thaddeus Young,1610612741,0021900031,Driving Hook Shot,1,1,Restricted Area
201152,Thaddeus Young,1610612741,0021900031,Jump Shot,1,0,Right Corner 3
1629632,Coby White,1610612741,0021900031,Pullup Jump shot,1,0,Above the Break 3
1627739,Kris Dunn,1610612741,0021900031,Driving Layup Shot,1,0,Restricted Area
1628976,Wendell Carter Jr.,1610612741,0021900031,Putback Layup Shot,1,0,Restricted Area
1628976,Wendell Carter Jr.,1610612741,0021900031,Layup Shot,1,0,Restricted Area
1629632,Coby White,1610612741,0021900031,Jump Shot,1,0,Left Corner 3
1629632,Coby White,1610612741,0021900031,Driving Layup Shot,1,1,Restricted Area
1629632,Coby White,1610612741,0021900031,Pullup Jump shot,1,0,Mid-Range
1627853,Ryan Arcidiacono,1610612741,0021900031,Putback Layup Shot,1,1,Restricted Area
1628436,Luke Kornet,1610612741,0021900031,Jump Shot,1,1,Above the Break 3
1629632,Coby White,1610612741,0021900031,Pullup Jump shot,1,1,Mid-Range
1627739,Kris Dunn,1610612741,0021900031,Jump Shot,1,0,Above the Break 3
1628436,Luke Kornet,1610612741,0021900031,Jump Shot,1,0,Above the Break 3
1628374,Lauri Markkanen,1610612741,0021900031,Cutting Dunk Shot,1,1,Restricted Area
203107,Tomas Satoransky,1610612741,0021900031,Driving Layup Shot,1,0,Restricted Area
203897,Zach LaVine,1610612741,0021900031,Jump Shot,1,1,Left Corner 3
1629632,Coby White,1610612741,0021900031,Running Jump Shot,1,1,In The Paint (Non-RA)
1629632,Coby White,1610612741,0021900031,Jump Shot,1,0,Above the Break 3
203897,Zach LaVine,1610612741,0021900031,Driving Layup Shot,1,0,Restricted Area
1628436,Luke Kornet,1610612741,0021900031,Jump Shot,1,0,Above the Break 3
1628976,Wendell Carter Jr.,1610612741,0021900031,Layup Shot,1,0,Restricted Area
203107,Tomas Satoransky,1610612741,0021900031,Pullup Jump shot,1,0,Mid-Range
203897,Zach LaVine,1610612741,0021900031,Pullup Jump shot,1,0,Above the Break 3
1627885,Shaquille Harrison,1610612741,0021900031,Layup Shot,1,0,Restricted Area
1628976,Wendell Carter Jr.,1610612741,0021900031,Layup Shot,1,1,Restricted Area
203897,Zach LaVine,1610612741,0021900031,Driving Layup Shot,1,0,Restricted Area
1627885,Shaquille Harrison,1610612741,0021900031,Layup Shot,1,0,Restricted Area
1628976,Wendell Carter Jr.,1610612741,0021900031,Jump Shot,1,0,Mid-Range
203897,Zach LaVine,1610612741,0021900031,Driving Layup Shot,1,0,Restricted Area
1628976,Wendell Carter Jr.,1610612741,0021900031,Putback Layup Shot,1,1,Restricted Area
1628976,Wendell Carter Jr.,1610612741,0021900031,Floating Jump shot,1,0,Restricted Area
203897,Zach LaVine,1610612741,0021900031,Jump Shot,1,0,Above the Break 3
1628976,Wendell Carter Jr.,1610612741,0021900031,Layup Shot,1,1,Restricted Area
203490,Otto Porter Jr.,1610612741,0021900031,Pullup Jump shot,1,0,Mid-Range
203107,Tomas Satoransky,1610612741,0021900031,Jump Shot,1,1,Above the Break 3
1628374,Lauri Markkanen,1610612741,0021900031,Jump Shot,1,0,Above the Break 3
203107,Tomas Satoransky,1610612741,0021900031,Step Back Jump shot,1,0,Above the Break 3
203490,Otto Porter Jr.,1610612741,0021900031,Jump Shot,1,0,Left Corner 3
1628976,Wendell Carter Jr.,1610612741,0021900031,Layup Shot,1,1,Restricted Area
203897,Zach LaVine,1610612741,0021900031,Driving Layup Shot,1,1,Restricted Area
1628374,Lauri Markkanen,1610612741,0021900031,Jump Shot,1,1,Above the Break 3
203490,Otto Porter Jr.,1610612741,0021900031,Jump Shot,1,1,Right Corner 3
203897,Zach LaVine,1610612741,0021900031,Driving Layup Shot,1,1,Restricted Area
201152,Thaddeus Young,1610612741,0021900031,Jump Shot,1,0,Above the Break 3
203897,Zach LaVine,1610612741,0021900031,Turnaround Fadeaway Bank Jump Shot,1,0,In The Paint (Non-RA)
1627853,Ryan Arcidiacono,1610612741,0021900031,Jump Shot,1,1,Above the Break 3
1629632,Coby White,1610612741,0021900031,Driving Layup Shot,1,0,Restricted Area
1627739,Kris Dunn,1610612741,0021900031,Driving Layup Shot,1,0,Restricted Area
1628436,Luke Kornet,1610612741,0021900031,Jump Shot,1,0,Left Corner 3
201152,Thaddeus Young,1610612741,0021900031,Step Back Jump shot,1,0,Mid-Range
1629632,Coby White,1610612741,0021900031,Running Layup Shot,1,0,Restricted Area
1628436,Luke Kornet,1610612741,0021900031,Jump Shot,1,0,Left Corner 3
1629632,Coby White,1610612741,0021900031,Layup Shot,1,0,Restricted Area
1628976,Wendell Carter Jr.,1610612741,0021900031,Floating Jump shot,1,1,In The Paint (Non-RA)
1628374,Lauri Markkanen,1610612741,0021900031,Jump Shot,1,0,Above the Break 3
1628374,Lauri Markkanen,1610612741,0021900031,Layup Shot,1,0,Restricted Area
1628374,Lauri Markkanen,1610612741,0021900031,Pullup Jump shot,1,0,In The Paint (Non-RA)
203490,Otto Porter Jr.,1610612741,0021900031,Floating Jump shot,1,1,In The Paint (Non-RA)
1628976,Wendell Carter Jr.,1610612741,0021900031,Jump Shot,1,0,Left Corner 3
203490,Otto Porter Jr.,1610612741,0021900031,Jump Shot,1,0,Above the Break 3
203490,Otto Porter Jr.,1610612741,0021900031,Jump Shot,1,0,Left Corner 3
1628436,Luke Kornet,1610612741,0021900031,Cutting Layup Shot,1,1,Restricted Area
1628436,Luke Kornet,1610612741,0021900031,Layup Shot,1,0,Restricted Area
1628436,Luke Kornet,1610612741,0021900031,Putback Layup Shot,1,0,Restricted Area
1627739,Kris Dunn,1610612741,0021900031,Layup Shot,1,0,Restricted Area
1629632,Coby White,1610612741,0021900031,Jump Shot,1,0,Left Corner 3
1627885,Shaquille Harrison,1610612741,0021900031,Layup Shot,1,1,Restricted Area
1629632,Coby White,1610612741,0021900031,Driving Layup Shot,1,0,Restricted Area
1627739,Kris Dunn,1610612741,0021900031,Jump Shot,1,0,Above the Break 3
1627885,Shaquille Harrison,1610612741,0021900031,Driving Layup Shot,1,0,Restricted Area
1629632,Coby White,1610612741,0021900031,Driving Layup Shot,1,0,Restricted Area
1627756,Denzel Valentine,1610612741,0021900031,Jump Shot,1,1,Right Corner 3
1627885,Shaquille Harrison,1610612741,0021900031,Layup Shot,1,0,Restricted Area
1628436,Luke Kornet,1610612741,0021900031,Driving Layup Shot,1,0,Restricted Area
1629632,Coby White,1610612741,0021900031,Pullup Jump shot,1,0,Mid-Range
1627885,Shaquille Harrison,1610612741,0021900031,Layup Shot,1,0,Restricted Area
1627756,Denzel Valentine,1610612741,0021900031,Driving Floating Jump Shot,1,0,In The Paint (Non-RA)
1627756,Denzel Valentine,1610612741,0021900031,Tip Layup Shot,1,0,Restricted Area
1627756,Denzel Valentine,1610612741,0021900031,Jump Shot,1,0,Above the Break 3
1628374,Lauri Markkanen,1610612741,0021900042,Jump Shot,1,0,Above the Break 3
203107,Tomas Satoransky,1610612741,0021900042,Jump Shot,1,0,Above the Break 3
203897,Zach LaVine,1610612741,0021900042,Step Back Jump shot,1,0,Left Corner 3
203490,Otto Porter Jr.,1610612741,0021900042,Running Jump Shot,1,1,Right Corner 3
203490,Otto Porter Jr.,1610612741,0021900042,Jump Shot,1,0,Above the Break 3
203490,Otto Porter Jr.,1610612741,0021900042,Jump Shot,1,0,Right Corner 3
1628976,Wendell Carter Jr.,1610612741,0021900042,Dunk Shot,1,1,Restricted Area
203490,Otto Porter Jr.,1610612741,0021900042,Floating Jump shot,1,1,In The Paint (Non-RA)
1628374,Lauri Markkanen,1610612741,0021900042,Driving Layup Shot,1,0,Restricted Area
203897,Zach LaVine,1610612741,0021900042,Pullup Jump shot,1,0,Mid-Range
1628976,Wendell Carter Jr.,1610612741,0021900042,Running Layup Shot,1,1,Restricted Area
203897,Zach LaVine,1610612741,0021900042,Running Dunk Shot,1,1,Restricted Area
1628976,Wendell Carter Jr.,1610612741,0021900042,Jump Shot,1,0,Left Corner 3
203490,Otto Porter Jr.,1610612741,0021900042,Jump Shot,1,0,Left Corner 3
1628374,Lauri Markkanen,1610612741,0021900042,Running Jump Shot,1,1,In The Paint (Non-RA)
203490,Otto Porter Jr.,1610612741,0021900042,Floating Jump shot,1,1,In The Paint (Non-RA)
1628436,Luke Kornet,1610612741,0021900042,Jump Shot,1,0,Above the Break 3
201152,Thaddeus Young,1610612741,0021900042,Driving Floating Jump Shot,1,1,Mid-Range
203897,Zach LaVine,1610612741,0021900042,Running Jump Shot,1,1,In The Paint (Non-RA)
203897,Zach LaVine,1610612741,0021900042,Jump Shot,1,1,Above the Break 3
1627739,Kris Dunn,1610612741,0021900042,Turnaround Jump Shot,1,0,In The Paint (Non-RA)
201152,Thaddeus Young,1610612741,0021900042,Jump Shot,1,1,Left Corner 3
201152,Thaddeus Young,1610612741,0021900042,Pullup Jump shot,1,1,Mid-Range
1629632,Coby White,1610612741,0021900042,Step Back Jump shot,1,1,Mid-Range
1629632,Coby White,1610612741,0021900042,Jump Shot,1,0,Above the Break 3
1627739,Kris Dunn,1610612741,0021900042,Driving Reverse Layup Shot,1,0,Restricted Area
1629632,Coby White,1610612741,0021900042,Jump Bank Shot,1,0,Mid-Range
1627853,Ryan Arcidiacono,1610612741,0021900042,Driving Finger Roll Layup Shot,1,1,Restricted Area
201152,Thaddeus Young,1610612741,0021900042,Layup Shot,1,0,In The Paint (Non-RA)
201152,Thaddeus Young,1610612741,0021900042,Pullup Jump shot,1,0,Above the Break 3
1628976,Wendell Carter Jr.,1610612741,0021900042,Putback Layup Shot,1,1,Restricted Area
1629632,Coby White,1610612741,0021900042,Pullup Jump shot,1,1,Above the Break 3
201152,Thaddeus Young,1610612741,0021900042,Cutting Layup Shot,1,0,In The Paint (Non-RA)
203897,Zach LaVine,1610612741,0021900042,Jump Shot,1,0,Above the Break 3
1628374,Lauri Markkanen,1610612741,0021900042,Jump Shot,1,0,Above the Break 3
203897,Zach LaVine,1610612741,0021900042,Driving Layup Shot,1,1,Restricted Area
203897,Zach LaVine,1610612741,0021900042,Jump Shot,1,0,Left Corner 3
1628436,Luke Kornet,1610612741,0021900042,Driving Dunk Shot,1,1,Restricted Area
1628976,Wendell Carter Jr.,1610612741,0021900042,Layup Shot,1,1,Restricted Area
1628976,Wendell Carter Jr.,1610612741,0021900042,Jump Shot,1,1,Mid-Range
203490,Otto Porter Jr.,1610612741,0021900042,Pullup Jump shot,1,0,Mid-Range
203897,Zach LaVine,1610612741,0021900042,Driving Layup Shot,1,0,Restricted Area
1628374,Lauri Markkanen,1610612741,0021900042,Hook Shot,1,0,Restricted Area
1628976,Wendell Carter Jr.,1610612741,0021900042,Dunk Shot,1,1,Restricted Area
1628374,Lauri Markkanen,1610612741,0021900042,Jump Shot,1,1,Above the Break 3
203897,Zach LaVine,1610612741,0021900042,Reverse Layup Shot,1,1,Restricted Area
203897,Zach LaVine,1610612741,0021900042,Step Back Jump shot,1,0,Above the Break 3
203107,Tomas Satoransky,1610612741,0021900042,Jump Shot,1,0,Above the Break 3
203107,Tomas Satoransky,1610612741,0021900042,Driving Layup Shot,1,0,In The Paint (Non-RA)
1628374,Lauri Markkanen,1610612741,0021900042,Driving Hook Shot,1,1,In The Paint (Non-RA)
1628374,Lauri Markkanen,1610612741,0021900042,Running Jump Shot,1,0,In The Paint (Non-RA)
203897,Zach LaVine,1610612741,0021900042,Driving Layup Shot,1,1,Restricted Area
1628436,Luke Kornet,1610612741,0021900042,Jump Shot,1,0,Above the Break 3
201152,Thaddeus Young,1610612741,0021900042,Jump Shot,1,1,Above the Break 3
201152,Thaddeus Young,1610612741,0021900042,Hook Shot,1,1,In The Paint (Non-RA)
1627739,Kris Dunn,1610612741,0021900042,Jump Shot,1,0,Right Corner 3
201152,Thaddeus Young,1610612741,0021900042,Layup Shot,1,0,Restricted Area
201152,Thaddeus Young,1610612741,0021900042,Putback Layup Shot,1,1,Restricted Area
1627739,Kris Dunn,1610612741,0021900042,Driving Layup Shot,1,1,Restricted Area
201152,Thaddeus Young,1610612741,0021900042,Jump Shot,1,0,Left Corner 3
1627739,Kris Dunn,1610612741,0021900042,Driving Layup Shot,1,0,In The Paint (Non-RA)
1629632,Coby White,1610612741,0021900042,Step Back Jump shot,1,0,Above the Break 3
1627739,Kris Dunn,1610612741,0021900042,Driving Layup Shot,1,0,Restricted Area
1627853,Ryan Arcidiacono,1610612741,0021900042,Jump Shot,1,1,Right Corner 3
1627853,Ryan Arcidiacono,1610612741,0021900042,Jump Shot,1,0,Above the Break 3
201152,Thaddeus Young,1610612741,0021900042,Driving Layup Shot,1,0,In The Paint (Non-RA)
1628976,Wendell Carter Jr.,1610612741,0021900042,Driving Layup Shot,1,1,In The Paint (Non-RA)
1628976,Wendell Carter Jr.,1610612741,0021900042,Floating Jump shot,1,0,In The Paint (Non-RA)
203490,Otto Porter Jr.,1610612741,0021900042,Driving Layup Shot,1,0,Restricted Area
203897,Zach LaVine,1610612741,0021900042,Driving Layup Shot,1,1,Restricted Area
203897,Zach LaVine,1610612741,0021900042,Driving Finger Roll Layup Shot,1,0,Restricted Area
203897,Zach LaVine,1610612741,0021900042,Driving Finger Roll Layup Shot,1,0,In The Paint (Non-RA)
1628374,Lauri Markkanen,1610612741,0021900042,Hook Shot,1,0,In The Paint (Non-RA)
1628374,Lauri Markkanen,1610612741,0021900042,Cutting Dunk Shot,1,1,Restricted Area
203490,Otto Porter Jr.,1610612741,0021900042,Jump Shot,1,0,Above the Break 3
203107,Tomas Satoransky,1610612741,0021900042,Layup Shot,1,1,Restricted Area
203897,Zach LaVine,1610612741,0021900042,Jump Shot,1,1,Above the Break 3
1628374,Lauri Markkanen,1610612741,0021900042,Jump Shot,1,1,Above the Break 3
1628374,Lauri Markkanen,1610612741,0021900042,Jump Shot,1,0,Above the Break 3
203490,Otto Porter Jr.,1610612741,0021900042,Driving Floating Jump Shot,1,0,Mid-Range
203897,Zach LaVine,1610612741,0021900042,Jump Shot,1,0,Above the Break 3
203897,Zach LaVine,1610612741,0021900042,Jump Shot,1,0,Mid-Range
1628374,Lauri Markkanen,1610612741,0021900042,Jump Shot,1,0,Above the Break 3
203107,Tomas Satoransky,1610612741,0021900042,Jump Shot,1,0,Above the Break 3
203490,Otto Porter Jr.,1610612741,0021900042,Jump Shot,1,0,Above the Break 3
1628976,Wendell Carter Jr.,1610612741,0021900055,Fadeaway Jump Shot,1,0,In The Paint (Non-RA)
203107,Tomas Satoransky,1610612741,0021900055,Driving Reverse Layup Shot,1,0,Restricted Area
1628374,Lauri Markkanen,1610612741,0021900055,Cutting Layup Shot,1,0,Restricted Area
203897,Zach LaVine,1610612741,0021900055,Jump Shot,1,1,Above the Break 3
203897,Zach LaVine,1610612741,0021900055,Jump Shot,1,0,Above the Break 3
1628374,Lauri Markkanen,1610612741,0021900055,Jump Shot,1,1,Left Corner 3
1628374,Lauri Markkanen,1610612741,0021900055,Jump Shot,1,0,Above the Break 3
203490,Otto Porter Jr.,1610612741,0021900055,Putback Layup Shot,1,1,Restricted Area
203490,Otto Porter Jr.,1610612741,0021900055,Pullup Jump shot,1,0,Mid-Range
203490,Otto Porter Jr.,1610612741,0021900055,Jump Shot,1,0,Right Corner 3
203897,Zach LaVine,1610612741,0021900055,Jump Shot,1,1,Above the Break 3
1628436,Luke Kornet,1610612741,0021900055,Jump Shot,1,1,Above the Break 3
201152,Thaddeus Young,1610612741,0021900055,Reverse Layup Shot,1,1,Restricted Area
1628436,Luke Kornet,1610612741,0021900055,Cutting Dunk Shot,1,1,Restricted Area
1627739,Kris Dunn,1610612741,0021900055,Jump Shot,1,0,Left Corner 3
1629632,Coby White,1610612741,0021900055,Step Back Jump shot,1,1,In The Paint (Non-RA)
1627853,Ryan Arcidiacono,1610612741,0021900055,Jump Shot,1,0,Above the Break 3
1629632,Coby White,1610612741,0021900055,Jump Shot,1,0,Above the Break 3
1628374,Lauri Markkanen,1610612741,0021900055,Driving Layup Shot,1,0,Restricted Area
1629632,Coby White,1610612741,0021900055,Driving Floating Jump Shot,1,0,In The Paint (Non-RA)
1629632,Coby White,1610612741,0021900055,Putback Layup Shot,1,0,Restricted Area
1628976,Wendell Carter Jr.,1610612741,0021900055,Cutting Dunk Shot,1,1,Restricted Area
1629632,Coby White,1610612741,0021900055,Step Back Jump shot,1,0,Above the Break 3
1628374,Lauri Markkanen,1610612741,0021900055,Jump Shot,1,1,Above the Break 3
1627853,Ryan Arcidiacono,1610612741,0021900055,Jump Shot,1,0,Above the Break 3
1627739,Kris Dunn,1610612741,0021900055,Driving Layup Shot,1,1,Restricted Area
1629632,Coby White,1610612741,0021900055,Jump Shot,1,0,Above the Break 3
1627739,Kris Dunn,1610612741,0021900055,Jump Shot,1,0,Above the Break 3
1628436,Luke Kornet,1610612741,0021900055,Floating Jump shot,1,1,In The Paint (Non-RA)
1628436,Luke Kornet,1610612741,0021900055,Jump Shot,1,1,Mid-Range
201152,Thaddeus Young,1610612741,0021900055,Driving Floating Bank Jump Shot,1,0,In The Paint (Non-RA)
1629632,Coby White,1610612741,0021900055,Driving Floating Jump Shot,1,0,Restricted Area
203897,Zach LaVine,1610612741,0021900055,Jump Shot,1,0,Above the Break 3
201152,Thaddeus Young,1610612741,0021900055,Floating Jump shot,1,1,In The Paint (Non-RA)
201152,Thaddeus Young,1610612741,0021900055,Driving Hook Shot,1,1,In The Paint (Non-RA)
201152,Thaddeus Young,1610612741,0021900055,Jump Shot,1,1,Above the Break 3
1628374,Lauri Markkanen,1610612741,0021900055,Jump Shot,1,0,Above the Break 3
203897,Zach LaVine,1610612741,0021900055,Layup Shot,1,1,Restricted Area
203490,Otto Porter Jr.,1610612741,0021900055,Driving Floating Bank Jump Shot,1,1,In The Paint (Non-RA)
203897,Zach LaVine,1610612741,0021900055,Driving Floating Bank Jump Shot,1,0,In The Paint (Non-RA)
201152,Thaddeus Young,1610612741,0021900055,Jump Shot,1,0,Above the Break 3
201152,Thaddeus Young,1610612741,0021900055,Jump Shot,1,0,Backcourt
1628374,Lauri Markkanen,1610612741,0021900055,Jump Shot,1,0,Above the Break 3
203490,Otto Porter Jr.,1610612741,0021900055,Jump Shot,1,0,Mid-Range
203107,Tomas Satoransky,1610612741,0021900055,Jump Shot,1,1,Above the Break 3
203490,Otto Porter Jr.,1610612741,0021900055,Jump Shot,1,1,Above the Break 3
1628436,Luke Kornet,1610612741,0021900055,Hook Shot,1,0,Mid-Range
203490,Otto Porter Jr.,1610612741,0021900055,Layup Shot,1,0,Restricted Area
1628374,Lauri Markkanen,1610612741,0021900055,Tip Layup Shot,1,1,Restricted Area
203490,Otto Porter Jr.,1610612741,0021900055,Reverse Layup Shot,1,1,Restricted Area
201152,Thaddeus Young,1610612741,0021900055,Jump Shot,1,1,Above the Break 3
201152,Thaddeus Young,1610612741,0021900055,Jump Shot,1,0,Left Corner 3
203107,Tomas Satoransky,1610612741,0021900055,Driving Floating Jump Shot,1,0,In The Paint (Non-RA)
203490,Otto Porter Jr.,1610612741,0021900055,Driving Floating Bank Jump Shot,1,1,In The Paint (Non-RA)
201152,Thaddeus Young,1610612741,0021900055,Jump Shot,1,0,Left Corner 3
1629632,Coby White,1610612741,0021900055,Jump Shot,1,1,Above the Break 3
1627739,Kris Dunn,1610612741,0021900055,Running Layup Shot,1,1,Restricted Area
1628436,Luke Kornet,1610612741,0021900055,Jump Shot,1,0,Above the Break 3
1627739,Kris Dunn,1610612741,0021900055,Running Layup Shot,1,1,Restricted Area
1628374,Lauri Markkanen,1610612741,0021900055,Turnaround Hook Shot,1,0,In The Paint (Non-RA)
1627739,Kris Dunn,1610612741,0021900055,Driving Layup Shot,1,1,Restricted Area
1628374,Lauri Markkanen,1610612741,0021900055,Cutting Layup Shot,1,0,In The Paint (Non-RA)
1628976,Wendell Carter Jr.,1610612741,0021900055,Jump Shot,1,0,Left Corner 3
1628976,Wendell Carter Jr.,1610612741,0021900055,Cutting Layup Shot,1,1,Restricted Area
1628374,Lauri Markkanen,1610612741,0021900055,Jump Shot,1,0,Above the Break 3
1629632,Coby White,1610612741,0021900055,Jump Shot,1,0,Above the Break 3
1628374,Lauri Markkanen,1610612741,0021900055,Turnaround Fadeaway Bank Jump Shot,1,1,Mid-Range
1629632,Coby White,1610612741,0021900055,Pullup Jump shot,1,0,Mid-Range
1628976,Wendell Carter Jr.,1610612741,0021900055,Putback Layup Shot,1,1,Restricted Area
1628976,Wendell Carter Jr.,1610612741,0021900055,Driving Layup Shot,1,1,Restricted Area
1629632,Coby White,1610612741,0021900055,Jump Shot,1,0,Left Corner 3
1629632,Coby White,1610612741,0021900055,Jump Shot,1,1,Above the Break 3
1627739,Kris Dunn,1610612741,0021900055,Driving Layup Shot,1,0,Restricted Area
203897,Zach LaVine,1610612741,0021900055,Driving Layup Shot,1,0,Restricted Area
201152,Thaddeus Young,1610612741,0021900055,Turnaround Jump Shot,1,0,In The Paint (Non-RA)
203897,Zach LaVine,1610612741,0021900055,Layup Shot,1,1,Restricted Area
203490,Otto Porter Jr.,1610612741,0021900055,Turnaround Fadeaway Bank Jump Shot,1,0,Restricted Area
201152,Thaddeus Young,1610612741,0021900055,Cutting Layup Shot,1,0,In The Paint (Non-RA)
203897,Zach LaVine,1610612741,0021900055,Jump Shot,1,1,Left Corner 3
201152,Thaddeus Young,1610612741,0021900055,Jump Shot,1,0,Above the Break 3
201152,Thaddeus Young,1610612741,0021900055,Running Dunk Shot,1,1,Restricted Area
203897,Zach LaVine,1610612741,0021900055,Jump Shot,1,0,Above the Break 3
203897,Zach LaVine,1610612741,0021900055,Jump Shot,1,1,Above the Break 3
203107,Tomas Satoransky,1610612741,0021900055,Driving Layup Shot,1,0,Restricted Area
1628976,Wendell Carter Jr.,1610612741,0021900055,Putback Layup Shot,1,1,Restricted Area
203897,Zach LaVine,1610612741,0021900055,Driving Floating Bank Jump Shot,1,0,In The Paint (Non-RA)
1628976,Wendell Carter Jr.,1610612741,0021900055,Cutting Dunk Shot,1,0,In The Paint (Non-RA)
203897,Zach LaVine,1610612741,0021900055,Jump Shot,1,0,Above the Break 3
203897,Zach LaVine,1610612741,0021900055,Driving Floating Jump Shot,1,0,In The Paint (Non-RA)
203107,Tomas Satoransky,1610612741,0021900055,Jump Shot,1,1,Above the Break 3
203490,Otto Porter Jr.,1610612741,0021900073,Jump Shot,1,0,In The Paint (Non-RA)
1628374,Lauri Markkanen,1610612741,0021900073,Jump Shot,1,0,Above the Break 3
1628976,Wendell Carter Jr.,1610612741,0021900073,Driving Floating Jump Shot,1,0,In The Paint (Non-RA)
1628976,Wendell Carter Jr.,1610612741,0021900073,Driving Hook Shot,1,1,In The Paint (Non-RA)
203490,Otto Porter Jr.,1610612741,0021900073,Driving Layup Shot,1,0,Restricted Area
203897,Zach LaVine,1610612741,0021900073,Driving Reverse Layup Shot,1,0,Restricted Area
1628976,Wendell Carter Jr.,1610612741,0021900073,Jump Shot,1,1,In The Paint (Non-RA)
203107,Tomas Satoransky,1610612741,0021900073,Driving Floating Bank Jump Shot,1,0,In The Paint (Non-RA)
1628976,Wendell Carter Jr.,1610612741,0021900073,Floating Jump shot,1,0,In The Paint (Non-RA)
203897,Zach LaVine,1610612741,0021900073,Pullup Jump shot,1,1,Above the Break 3
1628436,Luke Kornet,1610612741,0021900073,Reverse Layup Shot,1,1,Restricted Area
203490,Otto Porter Jr.,1610612741,0021900073,Driving Layup Shot,1,1,Restricted Area
1627739,Kris Dunn,1610612741,0021900073,Driving Dunk Shot,1,1,Restricted Area
203897,Zach LaVine,1610612741,0021900073,Jump Shot,1,0,Above the Break 3
203897,Zach LaVine,1610612741,0021900073,Cutting Layup Shot,1,1,Restricted Area
203897,Zach LaVine,1610612741,0021900073,Driving Layup Shot,1,0,Restricted Area
203897,Zach LaVine,1610612741,0021900073,Putback Layup Shot,1,1,Restricted Area
203897,Zach LaVine,1610612741,0021900073,Cutting Layup Shot,1,1,Restricted Area
1628436,Luke Kornet,1610612741,0021900073,Alley Oop Dunk Shot,1,0,Restricted Area
203897,Zach LaVine,1610612741,0021900073,Driving Layup Shot,1,0,Restricted Area
203897,Zach LaVine,1610612741,0021900073,Driving Reverse Layup Shot,1,0,Restricted Area
1629632,Coby White,1610612741,0021900073,Jump Shot,1,1,Above the Break 3
203897,Zach LaVine,1610612741,0021900073,Jump Shot,1,0,Right Corner 3
1628374,Lauri Markkanen,1610612741,0021900073,Jump Shot,1,1,Right Corner 3
1629632,Coby White,1610612741,0021900073,Jump Shot,1,0,Above the Break 3
1628976,Wendell Carter Jr.,1610612741,0021900073,Cutting Dunk Shot,1,1,Restricted Area
1629632,Coby White,1610612741,0021900073,Jump Shot,1,0,Above the Break 3
1628374,Lauri Markkanen,1610612741,0021900073,Jump Shot,1,1,Above the Break 3
1628374,Lauri Markkanen,1610612741,0021900073,Jump Shot,1,0,Above the Break 3
1628374,Lauri Markkanen,1610612741,0021900073,Jump Shot,1,0,Left Corner 3
1629632,Coby White,1610612741,0021900073,Jump Shot,1,1,Mid-Range
1627739,Kris Dunn,1610612741,0021900073,Jump Shot,1,0,Above the Break 3
1627853,Ryan Arcidiacono,1610612741,0021900073,Jump Shot,1,1,Above the Break 3
1627739,Kris Dunn,1610612741,0021900073,Driving Floating Jump Shot,1,0,In The Paint (Non-RA)
1629632,Coby White,1610612741,0021900073,Jump Shot,1,0,Above the Break 3
203897,Zach LaVine,1610612741,0021900073,Cutting Layup Shot,1,1,Restricted Area
203490,Otto Porter Jr.,1610612741,0021900073,Driving Reverse Layup Shot,1,1,Restricted Area
203107,Tomas Satoransky,1610612741,0021900073,Driving Floating Jump Shot,1,0,In The Paint (Non-RA)
203897,Zach LaVine,1610612741,0021900073,Jump Shot,1,0,Above the Break 3
201152,Thaddeus Young,1610612741,0021900073,Driving Layup Shot,1,1,Restricted Area
1628436,Luke Kornet,1610612741,0021900073,Jump Shot,1,0,Above the Break 3
203490,Otto Porter Jr.,1610612741,0021900073,Jump Shot,1,1,Above the Break 3
201152,Thaddeus Young,1610612741,0021900073,Jump Shot,1,0,Above the Break 3
203107,Tomas Satoransky,1610612741,0021900073,Driving Layup Shot,1,0,In The Paint (Non-RA)
203897,Zach LaVine,1610612741,0021900073,Driving Floating Jump Shot,1,1,Mid-Range
203490,Otto Porter Jr.,1610612741,0021900073,Driving Layup Shot,1,1,Restricted Area
203490,Otto Porter Jr.,1610612741,0021900073,Driving Layup Shot,1,1,In The Paint (Non-RA)
203490,Otto Porter Jr.,1610612741,0021900073,Driving Finger Roll Layup Shot,1,1,Restricted Area
1628976,Wendell Carter Jr.,1610612741,0021900073,Alley Oop Dunk Shot,1,1,Restricted Area
203107,Tomas Satoransky,1610612741,0021900073,Jump Shot,1,0,Above the Break 3
1628976,Wendell Carter Jr.,1610612741,0021900073,Jump Shot,1,1,Above the Break 3
203897,Zach LaVine,1610612741,0021900073,Jump Shot,1,0,Right Corner 3
1628976,Wendell Carter Jr.,1610612741,0021900073,Cutting Layup Shot,1,0,Restricted Area
203490,Otto Porter Jr.,1610612741,0021900073,Jump Shot,1,1,Above the Break 3
203490,Otto Porter Jr.,1610612741,0021900073,Jump Shot,1,1,Above the Break 3
203107,Tomas Satoransky,1610612741,0021900073,Jump Shot,1,1,Above the Break 3
203107,Tomas Satoransky,1610612741,0021900073,Driving Reverse Layup Shot,1,1,Restricted Area
1628976,Wendell Carter Jr.,1610612741,0021900073,Cutting Dunk Shot,1,1,Restricted Area
203897,Zach LaVine,1610612741,0021900073,Jump Shot,1,0,Above the Break 3
1629632,Coby White,1610612741,0021900073,Driving Finger Roll Layup Shot,1,0,Restricted Area
1629632,Coby White,1610612741,0021900073,Jump Shot,1,0,Above the Break 3
1628436,Luke Kornet,1610612741,0021900073,Jump Shot,1,0,Above the Break 3
1628374,Lauri Markkanen,1610612741,0021900073,Jump Shot,1,0,Above the Break 3
1627853,Ryan Arcidiacono,1610612741,0021900073,Floating Jump shot,1,0,In The Paint (Non-RA)
1627739,Kris Dunn,1610612741,0021900073,Driving Layup Shot,1,0,Restricted Area
1629632,Coby White,1610612741,0021900073,Pullup Jump shot,1,1,Mid-Range
1629632,Coby White,1610612741,0021900073,Jump Shot,1,0,Above the Break 3
1628374,Lauri Markkanen,1610612741,0021900073,Jump Shot,1,1,Right Corner 3
1629632,Coby White,1610612741,0021900073,Driving Layup Shot,1,1,Restricted Area
1627853,Ryan Arcidiacono,1610612741,0021900073,Jump Shot,1,0,Above the Break 3
1628374,Lauri Markkanen,1610612741,0021900073,Driving Hook Shot,1,0,In The Paint (Non-RA)
201152,Thaddeus Young,1610612741,0021900073,Tip Layup Shot,1,0,Restricted Area
1627853,Ryan Arcidiacono,1610612741,0021900073,Jump Shot,1,1,Left Corner 3
1629632,Coby White,1610612741,0021900073,Pullup Jump shot,1,0,In The Paint (Non-RA)
1629632,Coby White,1610612741,0021900073,Layup Shot,1,0,Restricted Area
1628374,Lauri Markkanen,1610612741,0021900073,Dunk Shot,1,1,Restricted Area
1627853,Ryan Arcidiacono,1610612741,0021900073,Jump Shot,1,0,Above the Break 3
201152,Thaddeus Young,1610612741,0021900073,Jump Shot,1,1,Above the Break 3
1627853,Ryan Arcidiacono,1610612741,0021900073,Driving Floating Jump Shot,1,0,In The Paint (Non-RA)
201152,Thaddeus Young,1610612741,0021900073,Tip Layup Shot,1,0,Restricted Area
201152,Thaddeus Young,1610612741,0021900073,Jump Shot,1,0,Right Corner 3
203897,Zach LaVine,1610612741,0021900073,Driving Layup Shot,1,0,Restricted Area
201152,Thaddeus Young,1610612741,0021900073,Jump Shot,1,1,Left Corner 3
203490,Otto Porter Jr.,1610612741,0021900073,Layup Shot,1,0,Restricted Area
203897,Zach LaVine,1610612741,0021900073,Step Back Jump shot,1,1,Above the Break 3
203897,Zach LaVine,1610612741,0021900073,Jump Shot,1,1,Above the Break 3
203490,Otto Porter Jr.,1610612741,0021900073,Jump Shot,1,0,Above the Break 3
203897,Zach LaVine,1610612741,0021900073,Jump Shot,1,0,Above the Break 3
203897,Zach LaVine,1610612741,0021900073,Driving Layup Shot,1,0,Restricted Area
1628976,Wendell Carter Jr.,1610612741,0021900085,Floating Jump shot,1,1,In The Paint (Non-RA)
1628976,Wendell Carter Jr.,1610612741,0021900085,Driving Floating Bank Jump Shot,1,1,In The Paint (Non-RA)
203897,Zach LaVine,1610612741,0021900085,Step Back Jump shot,1,1,Mid-Range
203897,Zach LaVine,1610612741,0021900085,Layup Shot,1,0,Restricted Area
203490,Otto Porter Jr.,1610612741,0021900085,Cutting Layup Shot,1,0,In The Paint (Non-RA)
203107,Tomas Satoransky,1610612741,0021900085,Jump Shot,1,0,Left Corner 3
203897,Zach LaVine,1610612741,0021900085,Jump Shot,1,1,Left Corner 3
203107,Tomas Satoransky,1610612741,0021900085,Driving Floating Jump Shot,1,1,In The Paint (Non-RA)
203897,Zach LaVine,1610612741,0021900085,Driving Floating Bank Jump Shot,1,0,Restricted Area
203897,Zach LaVine,1610612741,0021900085,Driving Layup Shot,1,0,Restricted Area
203490,Otto Porter Jr.,1610612741,0021900085,Driving Layup Shot,1,0,Restricted Area
201152,Thaddeus Young,1610612741,0021900085,Driving Layup Shot,1,1,In The Paint (Non-RA)
203490,Otto Porter Jr.,1610612741,0021900085,Pullup Jump shot,1,0,Above the Break 3
1629632,Coby White,1610612741,0021900085,Jump Shot,1,0,Above the Break 3
201152,Thaddeus Young,1610612741,0021900085,Floating Jump shot,1,1,In The Paint (Non-RA)
1627739,Kris Dunn,1610612741,0021900085,Driving Layup Shot,1,0,Restricted Area
201152,Thaddeus Young,1610612741,0021900085,Driving Floating Jump Shot,1,0,In The Paint (Non-RA)
1628374,Lauri Markkanen,1610612741,0021900085,Jump Shot,1,0,Above the Break 3
201152,Thaddeus Young,1610612741,0021900085,Jump Shot,1,0,Above the Break 3
1627853,Ryan Arcidiacono,1610612741,0021900085,Jump Shot,1,0,Above the Break 3
1628374,Lauri Markkanen,1610612741,0021900085,Jump Shot,1,0,Above the Break 3
201152,Thaddeus Young,1610612741,0021900085,Turnaround Hook Shot,1,1,In The Paint (Non-RA)
1628374,Lauri Markkanen,1610612741,0021900085,Pullup Jump shot,1,0,Backcourt
1627739,Kris Dunn,1610612741,0021900085,Jump Shot,1,0,Right Corner 3
1628374,Lauri Markkanen,1610612741,0021900085,Driving Layup Shot,1,1,In The Paint (Non-RA)
1628976,Wendell Carter Jr.,1610612741,0021900085,Layup Shot,1,1,Restricted Area
201152,Thaddeus Young,1610612741,0021900085,Turnaround Jump Shot,1,0,In The Paint (Non-RA)
1628976,Wendell Carter Jr.,1610612741,0021900085,Putback Layup Shot,1,1,Restricted Area
203897,Zach LaVine,1610612741,0021900085,Step Back Jump shot,1,1,Above the Break 3
1629632,Coby White,1610612741,0021900085,Pullup Jump shot,1,0,Mid-Range
203897,Zach LaVine,1610612741,0021900085,Jump Shot,1,1,Above the Break 3
1628436,Luke Kornet,1610612741,0021900085,Alley Oop Dunk Shot,1,1,Restricted Area
203107,Tomas Satoransky,1610612741,0021900085,Driving Finger Roll Layup Shot,1,1,Restricted Area
203107,Tomas Satoransky,1610612741,0021900085,Jump Shot,1,0,Above the Break 3
1628374,Lauri Markkanen,1610612741,0021900085,Driving Layup Shot,1,0,Restricted Area
203490,Otto Porter Jr.,1610612741,0021900085,Floating Jump shot,1,0,In The Paint (Non-RA)
1628976,Wendell Carter Jr.,1610612741,0021900085,Putback Layup Shot,1,1,Restricted Area
203897,Zach LaVine,1610612741,0021900085,Jump Shot,1,0,Above the Break 3
1628976,Wendell Carter Jr.,1610612741,0021900085,Cutting Dunk Shot,1,1,Restricted Area
1628976,Wendell Carter Jr.,1610612741,0021900085,Alley Oop Dunk Shot,1,1,Restricted Area
203490,Otto Porter Jr.,1610612741,0021900085,Jump Shot,1,0,Above the Break 3
203490,Otto Porter Jr.,1610612741,0021900085,Floating Jump shot,1,0,In The Paint (Non-RA)
203897,Zach LaVine,1610612741,0021900085,Step Back Jump shot,1,0,Above the Break 3
203897,Zach LaVine,1610612741,0021900085,Driving Layup Shot,1,0,Restricted Area
203107,Tomas Satoransky,1610612741,0021900085,Pullup Jump shot,1,1,In The Paint (Non-RA)
1628374,Lauri Markkanen,1610612741,0021900085,Jump Shot,1,1,Above the Break 3
203490,Otto Porter Jr.,1610612741,0021900085,Pullup Jump shot,1,0,Mid-Range
1628374,Lauri Markkanen,1610612741,0021900085,Pullup Jump shot,1,0,In The Paint (Non-RA)
203897,Zach LaVine,1610612741,0021900085,Running Finger Roll Layup Shot,1,1,Restricted Area
203897,Zach LaVine,1610612741,0021900085,Pullup Jump shot,1,1,Above the Break 3
203897,Zach LaVine,1610612741,0021900085,Reverse Layup Shot,1,0,Restricted Area
1628374,Lauri Markkanen,1610612741,0021900085,Cutting Dunk Shot,1,1,Restricted Area
1628976,Wendell Carter Jr.,1610612741,0021900085,Reverse Layup Shot,1,1,Restricted Area
203897,Zach LaVine,1610612741,0021900085,Driving Dunk Shot,1,1,Restricted Area
201152,Thaddeus Young,1610612741,0021900085,Layup Shot,1,0,Restricted Area
1629632,Coby White,1610612741,0021900085,Jump Shot,1,0,Left Corner 3
1629632,Coby White,1610612741,0021900085,Driving Layup Shot,1,0,Restricted Area
201152,Thaddeus Young,1610612741,0021900085,Jump Shot,1,0,Above the Break 3
203897,Zach LaVine,1610612741,0021900085,Putback Layup Shot,1,0,Restricted Area
1628436,Luke Kornet,1610612741,0021900085,Jump Shot,1,1,Above the Break 3
1627739,Kris Dunn,1610612741,0021900085,Driving Layup Shot,1,1,Restricted Area
201152,Thaddeus Young,1610612741,0021900085,Finger Roll Layup Shot,1,1,Restricted Area
1628436,Luke Kornet,1610612741,0021900085,Jump Shot,1,0,Above the Break 3
201152,Thaddeus Young,1610612741,0021900085,Cutting Layup Shot,1,1,Restricted Area
1628436,Luke Kornet,1610612741,0021900085,Alley Oop Dunk Shot,1,1,Restricted Area
201152,Thaddeus Young,1610612741,0021900085,Driving Finger Roll Layup Shot,1,1,Restricted Area
1629632,Coby White,1610612741,0021900085,Driving Floating Jump Shot,1,0,Mid-Range
1628976,Wendell Carter Jr.,1610612741,0021900085,Layup Shot,1,1,Restricted Area
1627739,Kris Dunn,1610612741,0021900085,Pullup Jump shot,1,0,Mid-Range
1628374,Lauri Markkanen,1610612741,0021900085,Layup Shot,1,0,Restricted Area
1627853,Ryan Arcidiacono,1610612741,0021900085,Jump Shot,1,1,Left Corner 3
1628976,Wendell Carter Jr.,1610612741,0021900085,Layup Shot,1,0,Restricted Area
1629632,Coby White,1610612741,0021900085,Jump Shot,1,0,Mid-Range
1627853,Ryan Arcidiacono,1610612741,0021900085,Jump Shot,1,0,Restricted Area
1627853,Ryan Arcidiacono,1610612741,0021900085,Driving Layup Shot,1,0,Restricted Area
203490,Otto Porter Jr.,1610612741,0021900085,Jump Shot,1,0,Above the Break 3
203490,Otto Porter Jr.,1610612741,0021900085,Driving Layup Shot,1,0,Restricted Area
203490,Otto Porter Jr.,1610612741,0021900085,Jump Shot,1,1,Above the Break 3
203897,Zach LaVine,1610612741,0021900085,Driving Finger Roll Layup Shot,1,0,Restricted Area
201152,Thaddeus Young,1610612741,0021900085,Jump Shot,1,0,Above the Break 3
203107,Tomas Satoransky,1610612741,0021900085,Jump Shot,1,1,Above the Break 3
203897,Zach LaVine,1610612741,0021900085,Pullup Jump shot,1,0,Above the Break 3
203897,Zach LaVine,1610612741,0021900085,Pullup Jump shot,1,0,Above the Break 3
203897,Zach LaVine,1610612741,0021900085,Driving Dunk Shot,1,1,Restricted Area
1628374,Lauri Markkanen,1610612741,0021900100,Jump Shot,1,0,Right Corner 3
1628976,Wendell Carter Jr.,1610612741,0021900100,Cutting Layup Shot,1,1,Restricted Area
203490,Otto Porter Jr.,1610612741,0021900100,Fadeaway Jump Shot,1,0,In The Paint (Non-RA)
203897,Zach LaVine,1610612741,0021900100,Jump Shot,1,1,Right Corner 3
203897,Zach LaVine,1610612741,0021900100,Cutting Dunk Shot,1,1,Restricted Area
203107,Tomas Satoransky,1610612741,0021900100,Driving Floating Jump Shot,1,1,In The Paint (Non-RA)
203897,Zach LaVine,1610612741,0021900100,Jump Shot,1,0,Above the Break 3
1628374,Lauri Markkanen,1610612741,0021900100,Jump Shot,1,1,Above the Break 3
203490,Otto Porter Jr.,1610612741,0021900100,Jump Shot,1,1,Above the Break 3
203490,Otto Porter Jr.,1610612741,0021900100,Jump Shot,1,0,Above the Break 3
1628976,Wendell Carter Jr.,1610612741,0021900100,Turnaround Hook Shot,1,0,In The Paint (Non-RA)
203897,Zach LaVine,1610612741,0021900100,Jump Shot,1,0,Left Corner 3
203107,Tomas Satoransky,1610612741,0021900100,Alley Oop Layup shot,1,0,Restricted Area
1629632,Coby White,1610612741,0021900100,Cutting Layup Shot,1,1,Restricted Area
1629632,Coby White,1610612741,0021900100,Step Back Jump shot,1,0,Above the Break 3
1627739,Kris Dunn,1610612741,0021900100,Driving Layup Shot,1,1,Restricted Area
1629632,Coby White,1610612741,0021900100,Driving Floating Jump Shot,1,1,In The Paint (Non-RA)
1627739,Kris Dunn,1610612741,0021900100,Putback Layup Shot,1,1,Restricted Area
1629632,Coby White,1610612741,0021900100,Running Layup Shot,1,0,Restricted Area
1628436,Luke Kornet,1610612741,0021900100,Floating Jump shot,1,0,In The Paint (Non-RA)
201152,Thaddeus Young,1610612741,0021900100,Jump Shot,1,0,Above the Break 3
1629632,Coby White,1610612741,0021900100,Driving Layup Shot,1,0,Restricted Area
201152,Thaddeus Young,1610612741,0021900100,Tip Layup Shot,1,1,Restricted Area
201152,Thaddeus Young,1610612741,0021900100,Driving Floating Jump Shot,1,1,In The Paint (Non-RA)
1627739,Kris Dunn,1610612741,0021900100,Running Layup Shot,1,1,Restricted Area
201152,Thaddeus Young,1610612741,0021900100,Floating Jump shot,1,1,In The Paint (Non-RA)
201152,Thaddeus Young,1610612741,0021900100,Hook Shot,1,1,Restricted Area
1629632,Coby White,1610612741,0021900100,Running Dunk Shot,1,1,Restricted Area
1629632,Coby White,1610612741,0021900100,Pullup Jump shot,1,1,Mid-Range
201152,Thaddeus Young,1610612741,0021900100,Pullup Jump shot,1,0,Mid-Range
1629632,Coby White,1610612741,0021900100,Jump Shot,1,0,Above the Break 3
1628374,Lauri Markkanen,1610612741,0021900100,Jump Shot,1,0,In The Paint (Non-RA)
1628374,Lauri Markkanen,1610612741,0021900100,Jump Shot,1,0,Above the Break 3
1629632,Coby White,1610612741,0021900100,Pullup Jump shot,1,1,Mid-Range
203490,Otto Porter Jr.,1610612741,0021900100,Pullup Jump shot,1,1,Mid-Range
203897,Zach LaVine,1610612741,0021900100,Jump Shot,1,1,Above the Break 3
1629632,Coby White,1610612741,0021900100,Jump Shot,1,1,Above the Break 3
1629632,Coby White,1610612741,0021900100,Jump Shot,1,0,Above the Break 3
203490,Otto Porter Jr.,1610612741,0021900100,Jump Shot,1,1,Above the Break 3
203897,Zach LaVine,1610612741,0021900100,Driving Finger Roll Layup Shot,1,1,Restricted Area
203107,Tomas Satoransky,1610612741,0021900100,Jump Shot,1,0,In The Paint (Non-RA)
203490,Otto Porter Jr.,1610612741,0021900100,Driving Floating Bank Jump Shot,1,1,In The Paint (Non-RA)
203490,Otto Porter Jr.,1610612741,0021900100,Jump Shot,1,0,Above the Break 3
203897,Zach LaVine,1610612741,0021900100,Layup Shot,1,0,Restricted Area
1628976,Wendell Carter Jr.,1610612741,0021900100,Putback Layup Shot,1,1,Restricted Area
203897,Zach LaVine,1610612741,0021900100,Jump Shot,1,0,Above the Break 3
203897,Zach LaVine,1610612741,0021900100,Driving Layup Shot,1,0,Restricted Area
1628976,Wendell Carter Jr.,1610612741,0021900100,Dunk Shot,1,1,Restricted Area
1628976,Wendell Carter Jr.,1610612741,0021900100,Jump Shot,1,0,In The Paint (Non-RA)
1628374,Lauri Markkanen,1610612741,0021900100,Fadeaway Jump Shot,1,0,In The Paint (Non-RA)
203897,Zach LaVine,1610612741,0021900100,Jump Shot,1,0,Right Corner 3
203490,Otto Porter Jr.,1610612741,0021900100,Step Back Jump shot,1,1,Mid-Range
203897,Zach LaVine,1610612741,0021900100,Cutting Layup Shot,1,1,Restricted Area
1628976,Wendell Carter Jr.,1610612741,0021900100,Jump Shot,1,0,Above the Break 3
203490,Otto Porter Jr.,1610612741,0021900100,Jump Shot,1,1,Left Corner 3
203107,Tomas Satoransky,1610612741,0021900100,Driving Layup Shot,1,1,Restricted Area
1628374,Lauri Markkanen,1610612741,0021900100,Jump Shot,1,1,Above the Break 3
203490,Otto Porter Jr.,1610612741,0021900100,Jump Shot,1,0,In The Paint (Non-RA)
1628976,Wendell Carter Jr.,1610612741,0021900100,Alley Oop Dunk Shot,1,0,Restricted Area
1628374,Lauri Markkanen,1610612741,0021900100,Layup Shot,1,0,Restricted Area
203897,Zach LaVine,1610612741,0021900100,Driving Layup Shot,1,1,Restricted Area
203897,Zach LaVine,1610612741,0021900100,Layup Shot,1,0,Restricted Area
203490,Otto Porter Jr.,1610612741,0021900100,Jump Shot,1,1,Left Corner 3
203897,Zach LaVine,1610612741,0021900100,Pullup Jump shot,1,0,Mid-Range
1628436,Luke Kornet,1610612741,0021900100,Hook Shot,1,0,In The Paint (Non-RA)
1627739,Kris Dunn,1610612741,0021900100,Layup Shot,1,0,Restricted Area
1627739,Kris Dunn,1610612741,0021900100,Jump Shot,1,1,Above the Break 3
1628436,Luke Kornet,1610612741,0021900100,Jump Shot,1,0,Left Corner 3
1629632,Coby White,1610612741,0021900100,Finger Roll Layup Shot,1,1,Restricted Area
1629632,Coby White,1610612741,0021900100,Step Back Jump shot,1,0,Mid-Range
1628436,Luke Kornet,1610612741,0021900100,Jump Shot,1,1,Above the Break 3
1628436,Luke Kornet,1610612741,0021900100,Jump Shot,1,0,Above the Break 3
1629632,Coby White,1610612741,0021900100,Driving Finger Roll Layup Shot,1,0,Restricted Area
1629632,Coby White,1610612741,0021900100,Jump Shot,1,0,Above the Break 3
1628374,Lauri Markkanen,1610612741,0021900100,Jump Shot,1,0,Above the Break 3
203897,Zach LaVine,1610612741,0021900100,Step Back Jump shot,1,1,Mid-Range
1628976,Wendell Carter Jr.,1610612741,0021900100,Cutting Dunk Shot,1,1,Restricted Area
203897,Zach LaVine,1610612741,0021900100,Fadeaway Jump Shot,1,0,Mid-Range
1628976,Wendell Carter Jr.,1610612741,0021900100,Layup Shot,1,0,Restricted Area
203490,Otto Porter Jr.,1610612741,0021900100,Jump Shot,1,0,Above the Break 3
203897,Zach LaVine,1610612741,0021900100,Driving Layup Shot,1,1,Restricted Area
203897,Zach LaVine,1610612741,0021900100,Jump Shot,1,1,Above the Break 3
203107,Tomas Satoransky,1610612741,0021900100,Jump Shot,1,1,Above the Break 3
1628990,Chandler Hutchison,1610612741,0021900100,Driving Layup Shot,1,1,Restricted Area
1628990,Chandler Hutchison,1610612741,0021900100,Jump Shot,1,1,Above the Break 3
203897,Zach LaVine,1610612741,0021900105,Alley Oop Layup shot,1,0,Restricted Area
203897,Zach LaVine,1610612741,0021900105,Putback Layup Shot,1,0,Restricted Area
1628374,Lauri Markkanen,1610612741,0021900105,Driving Layup Shot,1,1,Restricted Area
203107,Tomas Satoransky,1610612741,0021900105,Driving Layup Shot,1,1,Restricted Area
203490,Otto Porter Jr.,1610612741,0021900105,Driving Floating Jump Shot,1,1,In The Paint (Non-RA)
203107,Tomas Satoransky,1610612741,0021900105,Pullup Jump shot,1,1,Mid-Range
203490,Otto Porter Jr.,1610612741,0021900105,Running Jump Shot,1,1,Above the Break 3
1628374,Lauri Markkanen,1610612741,0021900105,Driving Dunk Shot,1,0,Restricted Area
1628976,Wendell Carter Jr.,1610612741,0021900105,Jump Shot,1,0,Above the Break 3
1628374,Lauri Markkanen,1610612741,0021900105,Jump Shot,1,1,Above the Break 3
203490,Otto Porter Jr.,1610612741,0021900105,Jump Shot,1,1,Above the Break 3
203490,Otto Porter Jr.,1610612741,0021900105,Driving Floating Jump Shot,1,1,In The Paint (Non-RA)
203107,Tomas Satoransky,1610612741,0021900105,Jump Shot,1,1,Left Corner 3
203897,Zach LaVine,1610612741,0021900105,Pullup Jump shot,1,0,Above the Break 3
201152,Thaddeus Young,1610612741,0021900105,Jump Shot,1,0,Above the Break 3
1627739,Kris Dunn,1610612741,0021900105,Running Layup Shot,1,1,Restricted Area
203897,Zach LaVine,1610612741,0021900105,Running Dunk Shot,1,1,Restricted Area
1627739,Kris Dunn,1610612741,0021900105,Driving Floating Jump Shot,1,1,In The Paint (Non-RA)
1628990,Chandler Hutchison,1610612741,0021900105,Driving Layup Shot,1,0,Restricted Area
1628976,Wendell Carter Jr.,1610612741,0021900105,Jump Shot,1,1,Mid-Range
1629632,Coby White,1610612741,0021900105,Pullup Jump shot,1,0,Above the Break 3
1628990,Chandler Hutchison,1610612741,0021900105,Jump Shot,1,0,Left Corner 3
1629632,Coby White,1610612741,0021900105,Running Layup Shot,1,0,Restricted Area
1629632,Coby White,1610612741,0021900105,Driving Layup Shot,1,0,Restricted Area
1628374,Lauri Markkanen,1610612741,0021900105,Jump Shot,1,1,Above the Break 3
1627739,Kris Dunn,1610612741,0021900105,Driving Layup Shot,1,0,Restricted Area
1627739,Kris Dunn,1610612741,0021900105,Tip Layup Shot,1,0,Restricted Area
201152,Thaddeus Young,1610612741,0021900105,Jump Shot,1,0,Left Corner 3
1629632,Coby White,1610612741,0021900105,Cutting Layup Shot,1,1,Restricted Area
1628990,Chandler Hutchison,1610612741,0021900105,Running Layup Shot,1,0,Restricted Area
1628374,Lauri Markkanen,1610612741,0021900105,Jump Shot,1,0,Above the Break 3
1628990,Chandler Hutchison,1610612741,0021900105,Cutting Dunk Shot,1,0,Restricted Area
203490,Otto Porter Jr.,1610612741,0021900105,Jump Shot,1,1,Above the Break 3
1629632,Coby White,1610612741,0021900105,Jump Shot,1,0,Left Corner 3
203107,Tomas Satoransky,1610612741,0021900105,Driving Layup Shot,1,0,In The Paint (Non-RA)
203490,Otto Porter Jr.,1610612741,0021900105,Jump Shot,1,0,Above the Break 3
203897,Zach LaVine,1610612741,0021900105,Running Dunk Shot,1,1,Restricted Area
201152,Thaddeus Young,1610612741,0021900105,Jump Shot,1,0,In The Paint (Non-RA)
201152,Thaddeus Young,1610612741,0021900105,Pullup Jump shot,1,1,Above the Break 3
203107,Tomas Satoransky,1610612741,0021900105,Driving Layup Shot,1,0,Restricted Area
203107,Tomas Satoransky,1610612741,0021900105,Jump Shot,1,0,Above the Break 3
203897,Zach LaVine,1610612741,0021900105,Pullup Jump shot,1,1,Mid-Range
201152,Thaddeus Young,1610612741,0021900105,Turnaround Jump Shot,1,0,Mid-Range
203897,Zach LaVine,1610612741,0021900105,Fadeaway Jump Shot,1,0,Mid-Range
203107,Tomas Satoransky,1610612741,0021900105,Jump Shot,1,1,Left Corner 3
203897,Zach LaVine,1610612741,0021900105,Cutting Layup Shot,1,1,Restricted Area
1628374,Lauri Markkanen,1610612741,0021900105,Jump Shot,1,1,Above the Break 3
1628976,Wendell Carter Jr.,1610612741,0021900105,Cutting Layup Shot,1,0,Restricted Area
1628374,Lauri Markkanen,1610612741,0021900105,Jump Shot,1,0,Right Corner 3
203107,Tomas Satoransky,1610612741,0021900105,Driving Floating Bank Jump Shot,1,1,In The Paint (Non-RA)
1628374,Lauri Markkanen,1610612741,0021900105,Jump Shot,1,1,Above the Break 3
1628374,Lauri Markkanen,1610612741,0021900105,Driving Floating Jump Shot,1,0,In The Paint (Non-RA)
201152,Thaddeus Young,1610612741,0021900105,Jump Shot,1,0,Above the Break 3
1629632,Coby White,1610612741,0021900105,Jump Shot,1,1,Above the Break 3
1629632,Coby White,1610612741,0021900105,Running Layup Shot,1,0,Restricted Area
203107,Tomas Satoransky,1610612741,0021900105,Putback Layup Shot,1,1,Restricted Area
1629632,Coby White,1610612741,0021900105,Jump Shot,1,0,Above the Break 3
203897,Zach LaVine,1610612741,0021900105,Layup Shot,1,0,In The Paint (Non-RA)
1629632,Coby White,1610612741,0021900105,Driving Layup Shot,1,1,Restricted Area
1627739,Kris Dunn,1610612741,0021900105,Running Layup Shot,1,1,Restricted Area
1629632,Coby White,1610612741,0021900105,Jump Shot,1,0,Right Corner 3
1628436,Luke Kornet,1610612741,0021900105,Layup Shot,1,1,Restricted Area
1627739,Kris Dunn,1610612741,0021900105,Driving Floating Jump Shot,1,1,In The Paint (Non-RA)
203107,Tomas Satoransky,1610612741,0021900105,Driving Floating Bank Jump Shot,1,1,In The Paint (Non-RA)
1627853,Ryan Arcidiacono,1610612741,0021900105,Jump Shot,1,1,Mid-Range
1627739,Kris Dunn,1610612741,0021900105,Running Reverse Layup Shot,1,1,Restricted Area
1629632,Coby White,1610612741,0021900105,Jump Shot,1,0,Above the Break 3
203897,Zach LaVine,1610612741,0021900105,Jump Shot,1,0,Above the Break 3
1628990,Chandler Hutchison,1610612741,0021900105,Cutting Dunk Shot,1,1,Restricted Area
1628374,Lauri Markkanen,1610612741,0021900105,Jump Shot,1,0,Above the Break 3
1627739,Kris Dunn,1610612741,0021900105,Driving Layup Shot,1,1,Restricted Area
203107,Tomas Satoransky,1610612741,0021900105,Driving Dunk Shot,1,1,Restricted Area
203107,Tomas Satoransky,1610612741,0021900105,Jump Shot,1,1,Right Corner 3
1628990,Chandler Hutchison,1610612741,0021900105,Driving Layup Shot,1,1,Restricted Area
1629632,Coby White,1610612741,0021900105,Pullup Jump shot,1,0,Above the Break 3
203107,Tomas Satoransky,1610612741,0021900105,Jump Shot,1,1,Above the Break 3
1628374,Lauri Markkanen,1610612741,0021900105,Layup Shot,1,1,Restricted Area
1628436,Luke Kornet,1610612741,0021900105,Jump Shot,1,0,Above the Break 3
1627885,Shaquille Harrison,1610612741,0021900105,Driving Reverse Layup Shot,1,1,Restricted Area
1629632,Coby White,1610612741,0021900105,Step Back Jump shot,1,0,Mid-Range
1627885,Shaquille Harrison,1610612741,0021900105,Driving Layup Shot,1,0,In The Paint (Non-RA)
1627885,Shaquille Harrison,1610612741,0021900105,Jump Shot,1,0,Backcourt
203107,Tomas Satoransky,1610612741,0021900129,Driving Layup Shot,1,0,Restricted Area
203897,Zach LaVine,1610612741,0021900129,Jump Shot,1,0,Above the Break 3
203897,Zach LaVine,1610612741,0021900129,Driving Floating Jump Shot,1,0,In The Paint (Non-RA)
1628990,Chandler Hutchison,1610612741,0021900129,Running Dunk Shot,1,1,Restricted Area
203107,Tomas Satoransky,1610612741,0021900129,Driving Floating Jump Shot,1,1,In The Paint (Non-RA)
1628976,Wendell Carter Jr.,1610612741,0021900129,Layup Shot,1,0,Restricted Area
203897,Zach LaVine,1610612741,0021900129,Driving Reverse Layup Shot,1,1,Restricted Area
203897,Zach LaVine,1610612741,0021900129,Running Reverse Layup Shot,1,1,Restricted Area
203107,Tomas Satoransky,1610612741,0021900129,Jump Shot,1,0,Above the Break 3
1628990,Chandler Hutchison,1610612741,0021900129,Driving Reverse Layup Shot,1,0,Restricted Area
203897,Zach LaVine,1610612741,0021900129,Driving Layup Shot,1,1,Restricted Area
203107,Tomas Satoransky,1610612741,0021900129,Driving Layup Shot,1,1,Restricted Area
203897,Zach LaVine,1610612741,0021900129,Jump Shot,1,0,Above the Break 3
1628374,Lauri Markkanen,1610612741,0021900129,Reverse Layup Shot,1,0,Restricted Area
203897,Zach LaVine,1610612741,0021900129,Driving Layup Shot,1,0,Restricted Area
1628374,Lauri Markkanen,1610612741,0021900129,Jump Shot,1,0,Above the Break 3
1628374,Lauri Markkanen,1610612741,0021900129,Layup Shot,1,1,Restricted Area
1628374,Lauri Markkanen,1610612741,0021900129,Driving Dunk Shot,1,1,Restricted Area
1629632,Coby White,1610612741,0021900129,Jump Shot,1,0,Above the Break 3
1628976,Wendell Carter Jr.,1610612741,0021900129,Driving Layup Shot,1,1,Restricted Area
201152,Thaddeus Young,1610612741,0021900129,Jump Shot,1,1,Above the Break 3
1628976,Wendell Carter Jr.,1610612741,0021900129,Alley Oop Dunk Shot,1,1,Restricted Area
201152,Thaddeus Young,1610612741,0021900129,Jump Shot,1,0,Above the Break 3
1627739,Kris Dunn,1610612741,0021900129,Jump Shot,1,0,Above the Break 3
201152,Thaddeus Young,1610612741,0021900129,Reverse Layup Shot,1,0,Restricted Area
1629632,Coby White,1610612741,0021900129,Driving Layup Shot,1,0,Restricted Area
1627853,Ryan Arcidiacono,1610612741,0021900129,Driving Finger Roll Layup Shot,1,1,Restricted Area
201152,Thaddeus Young,1610612741,0021900129,Running Dunk Shot,1,1,Restricted Area
1627739,Kris Dunn,1610612741,0021900129,Driving Layup Shot,1,0,Restricted Area
1629632,Coby White,1610612741,0021900129,Step Back Jump shot,1,0,Above the Break 3
1628990,Chandler Hutchison,1610612741,0021900129,Driving Dunk Shot,1,1,Restricted Area
1628990,Chandler Hutchison,1610612741,0021900129,Running Dunk Shot,1,1,Restricted Area
1628436,Luke Kornet,1610612741,0021900129,Jump Shot,1,0,Above the Break 3
1628990,Chandler Hutchison,1610612741,0021900129,Cutting Dunk Shot,1,0,Restricted Area
1628436,Luke Kornet,1610612741,0021900129,Jump Shot,1,0,Above the Break 3
1628374,Lauri Markkanen,1610612741,0021900129,Jump Shot,1,0,Above the Break 3
203897,Zach LaVine,1610612741,0021900129,Fadeaway Jump Shot,1,0,In The Paint (Non-RA)
1627739,Kris Dunn,1610612741,0021900129,Driving Layup Shot,1,1,Restricted Area
1628374,Lauri Markkanen,1610612741,0021900129,Jump Shot,1,0,Right Corner 3
1629632,Coby White,1610612741,0021900129,Jump Shot,1,0,Mid-Range
1628976,Wendell Carter Jr.,1610612741,0021900129,Layup Shot,1,1,Restricted Area
203897,Zach LaVine,1610612741,0021900129,Driving Layup Shot,1,0,Restricted Area
1628976,Wendell Carter Jr.,1610612741,0021900129,Jump Shot,1,0,Above the Break 3
1629632,Coby White,1610612741,0021900129,Driving Layup Shot,1,0,Restricted Area
1629632,Coby White,1610612741,0021900129,Driving Layup Shot,1,1,Restricted Area
203897,Zach LaVine,1610612741,0021900129,Jump Shot,1,0,Above the Break 3
1628374,Lauri Markkanen,1610612741,0021900129,Jump Shot,1,0,Above the Break 3
203897,Zach LaVine,1610612741,0021900129,Dunk Shot,1,1,Restricted Area
203897,Zach LaVine,1610612741,0021900129,Jump Shot,1,1,Above the Break 3
203897,Zach LaVine,1610612741,0021900129,Step Back Jump shot,1,0,Mid-Range
1628990,Chandler Hutchison,1610612741,0021900129,Jump Shot,1,0,Left Corner 3
203107,Tomas Satoransky,1610612741,0021900129,Jump Shot,1,0,Above the Break 3
203897,Zach LaVine,1610612741,0021900129,Step Back Jump shot,1,0,Above the Break 3
1628976,Wendell Carter Jr.,1610612741,0021900129,Cutting Layup Shot,1,1,Restricted Area
1628374,Lauri Markkanen,1610612741,0021900129,Jump Shot,1,0,Above the Break 3
203107,Tomas Satoransky,1610612741,0021900129,Driving Floating Jump Shot,1,1,In The Paint (Non-RA)
203107,Tomas Satoransky,1610612741,0021900129,Driving Floating Jump Shot,1,0,In The Paint (Non-RA)
1629632,Coby White,1610612741,0021900129,Jump Shot,1,0,Above the Break 3
1629632,Coby White,1610612741,0021900129,Running Layup Shot,1,1,Restricted Area
1629632,Coby White,1610612741,0021900129,Jump Shot,1,0,Left Corner 3
1627739,Kris Dunn,1610612741,0021900129,Jump Shot,1,0,Above the Break 3
1627739,Kris Dunn,1610612741,0021900129,Layup Shot,1,0,In The Paint (Non-RA)
1627853,Ryan Arcidiacono,1610612741,0021900129,Jump Shot,1,0,Mid-Range
1627853,Ryan Arcidiacono,1610612741,0021900129,Layup Shot,1,0,Restricted Area
1629632,Coby White,1610612741,0021900129,Driving Layup Shot,1,0,Restricted Area
1627739,Kris Dunn,1610612741,0021900129,Jump Shot,1,1,Mid-Range
1629632,Coby White,1610612741,0021900129,Layup Shot,1,0,Restricted Area
201152,Thaddeus Young,1610612741,0021900129,Layup Shot,1,1,Restricted Area
1627739,Kris Dunn,1610612741,0021900129,Layup Shot,1,0,In The Paint (Non-RA)
201152,Thaddeus Young,1610612741,0021900129,Tip Layup Shot,1,0,Restricted Area
1629632,Coby White,1610612741,0021900129,Jump Shot,1,0,Above the Break 3
1627739,Kris Dunn,1610612741,0021900129,Jump Shot,1,1,Above the Break 3
1628990,Chandler Hutchison,1610612741,0021900129,Jump Shot,1,1,Above the Break 3
1628990,Chandler Hutchison,1610612741,0021900129,Running Layup Shot,1,1,Restricted Area
203897,Zach LaVine,1610612741,0021900129,Jump Shot,1,0,Above the Break 3
1628976,Wendell Carter Jr.,1610612741,0021900129,Layup Shot,1,0,Restricted Area
203107,Tomas Satoransky,1610612741,0021900129,Driving Layup Shot,1,0,Restricted Area
203897,Zach LaVine,1610612741,0021900129,Driving Layup Shot,1,0,In The Paint (Non-RA)
1628990,Chandler Hutchison,1610612741,0021900129,Running Dunk Shot,1,1,Restricted Area
203107,Tomas Satoransky,1610612741,0021900129,Driving Floating Jump Shot,1,0,In The Paint (Non-RA)
1628976,Wendell Carter Jr.,1610612741,0021900129,Hook Shot,1,1,In The Paint (Non-RA)
1628976,Wendell Carter Jr.,1610612741,0021900129,Jump Shot,1,0,Mid-Range
203107,Tomas Satoransky,1610612741,0021900129,Tip Dunk Shot,1,0,Restricted Area
1628990,Chandler Hutchison,1610612741,0021900129,Driving Floating Jump Shot,1,0,In The Paint (Non-RA)
1628374,Lauri Markkanen,1610612741,0021900129,Turnaround Jump Shot,1,0,In The Paint (Non-RA)
203107,Tomas Satoransky,1610612741,0021900129,Running Layup Shot,1,1,Restricted Area
1628436,Luke Kornet,1610612741,0021900129,Cutting Dunk Shot,1,1,Restricted Area
1628374,Lauri Markkanen,1610612741,0021900129,Driving Layup Shot,1,1,Restricted Area
203897,Zach LaVine,1610612741,0021900129,Jump Shot,1,0,Above the Break 3
1629632,Coby White,1610612741,0021900129,Jump Shot,1,0,Mid-Range
1627739,Kris Dunn,1610612741,0021900129,Layup Shot,1,0,Restricted Area
201152,Thaddeus Young,1610612741,0021900129,Driving Finger Roll Layup Shot,1,1,Restricted Area
1627853,Ryan Arcidiacono,1610612741,0021900129,Jump Shot,1,0,Above the Break 3
201152,Thaddeus Young,1610612741,0021900129,Hook Shot,1,1,In The Paint (Non-RA)
1629632,Coby White,1610612741,0021900129,Layup Shot,1,1,Restricted Area
1629632,Coby White,1610612741,0021900129,Layup Shot,1,1,Restricted Area
201152,Thaddeus Young,1610612741,0021900129,Jump Shot,1,0,Above the Break 3
1629632,Coby White,1610612741,0021900129,Jump Shot,1,0,Above the Break 3
1628374,Lauri Markkanen,1610612741,0021900149,Jump Shot,1,0,Above the Break 3
203897,Zach LaVine,1610612741,0021900149,Driving Layup Shot,1,0,Restricted Area
1628976,Wendell Carter Jr.,1610612741,0021900149,Alley Oop Layup shot,1,1,Restricted Area
203107,Tomas Satoransky,1610612741,0021900149,Driving Floating Bank Jump Shot,1,1,In The Paint (Non-RA)
203897,Zach LaVine,1610612741,0021900149,Step Back Jump shot,1,1,Above the Break 3
1628374,Lauri Markkanen,1610612741,0021900149,Jump Shot,1,0,Above the Break 3
1628374,Lauri Markkanen,1610612741,0021900149,Driving Floating Jump Shot,1,0,In The Paint (Non-RA)
1628976,Wendell Carter Jr.,1610612741,0021900149,Putback Layup Shot,1,1,Restricted Area
1628976,Wendell Carter Jr.,1610612741,0021900149,Alley Oop Dunk Shot,1,1,Restricted Area
1628976,Wendell Carter Jr.,1610612741,0021900149,Turnaround Jump Shot,1,0,Mid-Range
1628976,Wendell Carter Jr.,1610612741,0021900149,Driving Layup Shot,1,0,Restricted Area
1628976,Wendell Carter Jr.,1610612741,0021900149,Putback Layup Shot,1,1,Restricted Area
1629632,Coby White,1610612741,0021900149,Pullup Jump shot,1,0,Above the Break 3
1627739,Kris Dunn,1610612741,0021900149,Running Layup Shot,1,1,Restricted Area
201152,Thaddeus Young,1610612741,0021900149,Hook Shot,1,1,In The Paint (Non-RA)
201152,Thaddeus Young,1610612741,0021900149,Jump Shot,1,0,Above the Break 3
201152,Thaddeus Young,1610612741,0021900149,Step Back Jump shot,1,0,Mid-Range
1627853,Ryan Arcidiacono,1610612741,0021900149,Layup Shot,1,1,Restricted Area
1628374,Lauri Markkanen,1610612741,0021900149,Driving Layup Shot,1,1,Restricted Area
1629632,Coby White,1610612741,0021900149,Pullup Jump shot,1,0,Mid-Range
1628374,Lauri Markkanen,1610612741,0021900149,Jump Shot,1,1,Above the Break 3
201152,Thaddeus Young,1610612741,0021900149,Driving Floating Jump Shot,1,0,In The Paint (Non-RA)
1627739,Kris Dunn,1610612741,0021900149,Jump Shot,1,1,Above the Break 3
1627853,Ryan Arcidiacono,1610612741,0021900149,Jump Shot,1,0,Above the Break 3
1628976,Wendell Carter Jr.,1610612741,0021900149,Jump Shot,1,0,In The Paint (Non-RA)
1627739,Kris Dunn,1610612741,0021900149,Pullup Jump shot,1,1,Mid-Range
1627739,Kris Dunn,1610612741,0021900149,Jump Shot,1,0,Above the Break 3
1628990,Chandler Hutchison,1610612741,0021900149,Jump Shot,1,1,Left Corner 3
203897,Zach LaVine,1610612741,0021900149,Driving Layup Shot,1,1,In The Paint (Non-RA)
203897,Zach LaVine,1610612741,0021900149,Jump Shot,1,1,Above the Break 3
203107,Tomas Satoransky,1610612741,0021900149,Jump Shot,1,1,Above the Break 3
203897,Zach LaVine,1610612741,0021900149,Floating Jump shot,1,0,In The Paint (Non-RA)
203897,Zach LaVine,1610612741,0021900149,Jump Shot,1,0,Right Corner 3
1628990,Chandler Hutchison,1610612741,0021900149,Driving Layup Shot,1,0,Restricted Area
203107,Tomas Satoransky,1610612741,0021900149,Driving Floating Jump Shot,1,0,In The Paint (Non-RA)
1628374,Lauri Markkanen,1610612741,0021900149,Turnaround Fadeaway shot,1,1,In The Paint (Non-RA)
203897,Zach LaVine,1610612741,0021900149,Step Back Jump shot,1,1,Above the Break 3
1628990,Chandler Hutchison,1610612741,0021900149,Driving Layup Shot,1,1,Restricted Area
203897,Zach LaVine,1610612741,0021900149,Jump Shot,1,0,Above the Break 3
203897,Zach LaVine,1610612741,0021900149,Driving Layup Shot,1,1,Restricted Area
203897,Zach LaVine,1610612741,0021900149,Driving Layup Shot,1,1,Restricted Area
1628374,Lauri Markkanen,1610612741,0021900149,Driving Dunk Shot,1,0,Restricted Area
203897,Zach LaVine,1610612741,0021900149,Pullup Jump shot,1,0,Above the Break 3
1628990,Chandler Hutchison,1610612741,0021900149,Layup Shot,1,0,Restricted Area
1628976,Wendell Carter Jr.,1610612741,0021900149,Tip Dunk Shot,1,1,Restricted Area
1628374,Lauri Markkanen,1610612741,0021900149,Driving Floating Bank Jump Shot,1,1,In The Paint (Non-RA)
201152,Thaddeus Young,1610612741,0021900149,Layup Shot,1,1,Restricted Area
1628374,Lauri Markkanen,1610612741,0021900149,Jump Shot,1,0,Above the Break 3
203897,Zach LaVine,1610612741,0021900149,Layup Shot,1,0,Restricted Area
1629632,Coby White,1610612741,0021900149,Jump Shot,1,0,Left Corner 3
203897,Zach LaVine,1610612741,0021900149,Driving Reverse Layup Shot,1,1,Restricted Area
203897,Zach LaVine,1610612741,0021900149,Step Back Jump shot,1,0,Above the Break 3
1628976,Wendell Carter Jr.,1610612741,0021900149,Dunk Shot,1,1,Restricted Area
1628976,Wendell Carter Jr.,1610612741,0021900149,Cutting Dunk Shot,1,1,Restricted Area
1629632,Coby White,1610612741,0021900149,Jump Shot,1,0,Above the Break 3
1629632,Coby White,1610612741,0021900149,Driving Layup Shot,1,0,Restricted Area
201152,Thaddeus Young,1610612741,0021900149,Pullup Jump shot,1,0,Above the Break 3
1627739,Kris Dunn,1610612741,0021900149,Driving Floating Jump Shot,1,1,In The Paint (Non-RA)
201152,Thaddeus Young,1610612741,0021900149,Jump Shot,1,0,Right Corner 3
1627853,Ryan Arcidiacono,1610612741,0021900149,Driving Hook Shot,1,0,In The Paint (Non-RA)
1629632,Coby White,1610612741,0021900149,Pullup Jump shot,1,1,Above the Break 3
1629632,Coby White,1610612741,0021900149,Pullup Jump shot,1,1,Above the Break 3
1629632,Coby White,1610612741,0021900149,Jump Shot,1,1,Above the Break 3
1629632,Coby White,1610612741,0021900149,Jump Shot,1,1,Above the Break 3
1627739,Kris Dunn,1610612741,0021900149,Cutting Layup Shot,1,1,Restricted Area
203897,Zach LaVine,1610612741,0021900149,Jump Shot,1,0,Left Corner 3
1629632,Coby White,1610612741,0021900149,Jump Shot,1,1,Above the Break 3
1628976,Wendell Carter Jr.,1610612741,0021900149,Turnaround Hook Shot,1,0,In The Paint (Non-RA)
201152,Thaddeus Young,1610612741,0021900149,Tip Layup Shot,1,1,Restricted Area
201152,Thaddeus Young,1610612741,0021900149,Cutting Layup Shot,1,0,Restricted Area
1629632,Coby White,1610612741,0021900149,Pullup Jump shot,1,0,Above the Break 3
1629632,Coby White,1610612741,0021900149,Jump Shot,1,1,Above the Break 3
203897,Zach LaVine,1610612741,0021900149,Driving Layup Shot,1,0,Restricted Area
203897,Zach LaVine,1610612741,0021900149,Driving Layup Shot,1,1,Restricted Area
1628374,Lauri Markkanen,1610612741,0021900149,Jump Shot,1,0,Right Corner 3
1629632,Coby White,1610612741,0021900149,Driving Layup Shot,1,1,Restricted Area
203897,Zach LaVine,1610612741,0021900149,Driving Layup Shot,1,0,Restricted Area
203897,Zach LaVine,1610612741,0021900149,Driving Layup Shot,1,1,Restricted Area
1629632,Coby White,1610612741,0021900149,Step Back Jump shot,1,1,Above the Break 3
1627756,Denzel Valentine,1610612741,0021900149,Jump Shot,1,0,Above the Break 3
1627885,Shaquille Harrison,1610612741,0021900149,Driving Layup Shot,1,0,Restricted Area
203107,Tomas Satoransky,1610612741,0021900163,Pullup Jump shot,1,1,Above the Break 3
203107,Tomas Satoransky,1610612741,0021900163,Running Layup Shot,1,1,Restricted Area
203107,Tomas Satoransky,1610612741,0021900163,Driving Floating Jump Shot,1,0,In The Paint (Non-RA)
1628374,Lauri Markkanen,1610612741,0021900163,Jump Shot,1,0,Above the Break 3
203897,Zach LaVine,1610612741,0021900163,Pullup Jump shot,1,0,Mid-Range
1628976,Wendell Carter Jr.,1610612741,0021900163,Cutting Layup Shot,1,1,Restricted Area
1628374,Lauri Markkanen,1610612741,0021900163,Jump Shot,1,1,Above the Break 3
1628990,Chandler Hutchison,1610612741,0021900163,Floating Jump shot,1,0,Mid-Range
1628976,Wendell Carter Jr.,1610612741,0021900163,Tip Dunk Shot,1,1,Restricted Area
203897,Zach LaVine,1610612741,0021900163,Fadeaway Jump Shot,1,1,Mid-Range
201152,Thaddeus Young,1610612741,0021900163,Layup Shot,1,0,Restricted Area
201152,Thaddeus Young,1610612741,0021900163,Jump Shot,1,0,Above the Break 3
203897,Zach LaVine,1610612741,0021900163,Pullup Jump shot,1,1,Mid-Range
1629632,Coby White,1610612741,0021900163,Jump Shot,1,1,Above the Break 3
203107,Tomas Satoransky,1610612741,0021900163,Jump Shot,1,0,Above the Break 3
1628374,Lauri Markkanen,1610612741,0021900163,Hook Shot,1,0,Restricted Area
201152,Thaddeus Young,1610612741,0021900163,Tip Layup Shot,1,1,Restricted Area
1628374,Lauri Markkanen,1610612741,0021900163,Running Layup Shot,1,0,Restricted Area
1628374,Lauri Markkanen,1610612741,0021900163,Jump Shot,1,1,Above the Break 3
1629632,Coby White,1610612741,0021900163,Driving Layup Shot,1,0,Restricted Area
1629632,Coby White,1610612741,0021900163,Jump Shot,1,1,Right Corner 3
1629632,Coby White,1610612741,0021900163,Jump Shot,1,0,Above the Break 3
1627853,Ryan Arcidiacono,1610612741,0021900163,Driving Floating Jump Shot,1,0,In The Paint (Non-RA)
1627739,Kris Dunn,1610612741,0021900163,Driving Layup Shot,1,0,In The Paint (Non-RA)
1627853,Ryan Arcidiacono,1610612741,0021900163,Pullup Jump shot,1,1,Mid-Range
1627853,Ryan Arcidiacono,1610612741,0021900163,Jump Shot,1,0,Above the Break 3
1627853,Ryan Arcidiacono,1610612741,0021900163,Fadeaway Jump Shot,1,0,In The Paint (Non-RA)
1628976,Wendell Carter Jr.,1610612741,0021900163,Jump Shot,1,1,In The Paint (Non-RA)
1629632,Coby White,1610612741,0021900163,Pullup Jump shot,1,1,Above the Break 3
1628976,Wendell Carter Jr.,1610612741,0021900163,Jump Shot,1,0,Mid-Range
1629632,Coby White,1610612741,0021900163,Driving Floating Jump Shot,1,1,In The Paint (Non-RA)
1627739,Kris Dunn,1610612741,0021900163,Driving Floating Jump Shot,1,1,In The Paint (Non-RA)
1629632,Coby White,1610612741,0021900163,Jump Shot,1,1,Above the Break 3
1627739,Kris Dunn,1610612741,0021900163,Jump Shot,1,0,Above the Break 3
1628976,Wendell Carter Jr.,1610612741,0021900163,Hook Shot,1,1,In The Paint (Non-RA)
1629632,Coby White,1610612741,0021900163,Jump Shot,1,0,Above the Break 3
1628374,Lauri Markkanen,1610612741,0021900163,Jump Shot,1,0,Above the Break 3
1628990,Chandler Hutchison,1610612741,0021900163,Jump Shot,1,0,In The Paint (Non-RA)
1628374,Lauri Markkanen,1610612741,0021900163,Jump Shot,1,0,Above the Break 3
1629632,Coby White,1610612741,0021900163,Driving Layup Shot,1,1,Restricted Area
1628990,Chandler Hutchison,1610612741,0021900163,Running Pull-Up Jump Shot,1,1,In The Paint (Non-RA)
203897,Zach LaVine,1610612741,0021900163,Jump Shot,1,1,Above the Break 3
203897,Zach LaVine,1610612741,0021900163,Jump Shot,1,1,Above the Break 3
203107,Tomas Satoransky,1610612741,0021900163,Jump Shot,1,0,Above the Break 3
203897,Zach LaVine,1610612741,0021900163,Jump Shot,1,0,Above the Break 3
201152,Thaddeus Young,1610612741,0021900163,Layup Shot,1,0,Restricted Area
1629632,Coby White,1610612741,0021900163,Step Back Jump shot,1,1,Above the Break 3
201152,Thaddeus Young,1610612741,0021900163,Jump Shot,1,1,Above the Break 3
203897,Zach LaVine,1610612741,0021900163,Jump Shot,1,0,Above the Break 3
203897,Zach LaVine,1610612741,0021900163,Pullup Jump shot,1,0,In The Paint (Non-RA)
1629632,Coby White,1610612741,0021900163,Jump Shot,1,0,Backcourt
203897,Zach LaVine,1610612741,0021900163,Fadeaway Jump Shot,1,1,Mid-Range
203897,Zach LaVine,1610612741,0021900163,Jump Shot,1,1,Above the Break 3
1628976,Wendell Carter Jr.,1610612741,0021900163,Dunk Shot,1,1,Restricted Area
1628990,Chandler Hutchison,1610612741,0021900163,Running Layup Shot,1,1,Restricted Area
203897,Zach LaVine,1610612741,0021900163,Jump Shot,1,0,Above the Break 3
203107,Tomas Satoransky,1610612741,0021900163,Pullup Jump shot,1,1,In The Paint (Non-RA)
203107,Tomas Satoransky,1610612741,0021900163,Jump Shot,1,1,Above the Break 3
203897,Zach LaVine,1610612741,0021900163,Layup Shot,1,0,In The Paint (Non-RA)
1628990,Chandler Hutchison,1610612741,0021900163,Jump Shot,1,0,Above the Break 3
1628990,Chandler Hutchison,1610612741,0021900163,Driving Floating Jump Shot,1,0,In The Paint (Non-RA)
203897,Zach LaVine,1610612741,0021900163,Driving Layup Shot,1,0,Restricted Area
1629632,Coby White,1610612741,0021900163,Pullup Jump shot,1,0,Mid-Range
203897,Zach LaVine,1610612741,0021900163,Fadeaway Jump Shot,1,0,In The Paint (Non-RA)
201152,Thaddeus Young,1610612741,0021900163,Jump Shot,1,1,Above the Break 3
1629632,Coby White,1610612741,0021900163,Step Back Jump shot,1,0,Mid-Range
201152,Thaddeus Young,1610612741,0021900163,Jump Shot,1,0,Above the Break 3
1629632,Coby White,1610612741,0021900163,Jump Shot,1,0,Above the Break 3
1629632,Coby White,1610612741,0021900163,Jump Shot,1,0,Above the Break 3
201152,Thaddeus Young,1610612741,0021900163,Putback Layup Shot,1,0,Restricted Area
1629632,Coby White,1610612741,0021900163,Driving Layup Shot,1,0,Restricted Area
1627739,Kris Dunn,1610612741,0021900163,Driving Floating Jump Shot,1,0,In The Paint (Non-RA)
1628976,Wendell Carter Jr.,1610612741,0021900163,Alley Oop Dunk Shot,1,1,Restricted Area
1629632,Coby White,1610612741,0021900163,Driving Floating Jump Shot,1,1,In The Paint (Non-RA)
1627739,Kris Dunn,1610612741,0021900163,Driving Layup Shot,1,0,Restricted Area
1629632,Coby White,1610612741,0021900163,Driving Floating Jump Shot,1,0,In The Paint (Non-RA)
1628374,Lauri Markkanen,1610612741,0021900163,Jump Shot,1,0,Above the Break 3
1629632,Coby White,1610612741,0021900163,Jump Shot,1,1,Above the Break 3
1627739,Kris Dunn,1610612741,0021900163,Jump Shot,1,1,Above the Break 3
1629632,Coby White,1610612741,0021900163,Jump Shot,1,0,Above the Break 3
1628374,Lauri Markkanen,1610612741,0021900163,Dunk Shot,1,0,Restricted Area
203897,Zach LaVine,1610612741,0021900163,Jump Shot,1,0,Above the Break 3
1627853,Ryan Arcidiacono,1610612741,0021900163,Jump Shot,1,1,Left Corner 3
1629632,Coby White,1610612741,0021900163,Jump Shot,1,0,Above the Break 3
203897,Zach LaVine,1610612741,0021900163,Layup Shot,1,0,Restricted Area
1627853,Ryan Arcidiacono,1610612741,0021900163,Jump Shot,1,0,Right Corner 3
203897,Zach LaVine,1610612741,0021900163,Step Back Jump shot,1,0,Mid-Range
1629632,Coby White,1610612741,0021900163,Driving Layup Shot,1,0,Restricted Area
203897,Zach LaVine,1610612741,0021900163,Jump Shot,1,1,Above the Break 3
203897,Zach LaVine,1610612741,0021900163,Driving Layup Shot,1,1,Restricted Area
203897,Zach LaVine,1610612741,0021900163,Jump Shot,1,0,Above the Break 3
203107,Tomas Satoransky,1610612741,0021900163,Jump Shot,1,0,Left Corner 3
1629632,Coby White,1610612741,0021900163,Jump Shot,1,0,Mid-Range
1628374,Lauri Markkanen,1610612741,0021900175,Driving Dunk Shot,1,0,Restricted Area
1628976,Wendell Carter Jr.,1610612741,0021900175,Jump Shot,1,0,In The Paint (Non-RA)
203107,Tomas Satoransky,1610612741,0021900175,Jump Shot,1,1,In The Paint (Non-RA)
203897,Zach LaVine,1610612741,0021900175,Jump Shot,1,1,Mid-Range
1628374,Lauri Markkanen,1610612741,0021900175,Driving Floating Bank Jump Shot,1,1,In The Paint (Non-RA)
1628976,Wendell Carter Jr.,1610612741,0021900175,Jump Shot,1,0,Restricted Area
1629632,Coby White,1610612741,0021900175,Pullup Jump shot,1,0,Above the Break 3
201152,Thaddeus Young,1610612741,0021900175,Driving Layup Shot,1,0,Restricted Area
201152,Thaddeus Young,1610612741,0021900175,Putback Layup Shot,1,0,Restricted Area
1628374,Lauri Markkanen,1610612741,0021900175,Fadeaway Jump Shot,1,0,In The Paint (Non-RA)
1629632,Coby White,1610612741,0021900175,Driving Layup Shot,1,0,Restricted Area
1627739,Kris Dunn,1610612741,0021900175,Jump Shot,1,0,Above the Break 3
203897,Zach LaVine,1610612741,0021900175,Layup Shot,1,1,Restricted Area
203897,Zach LaVine,1610612741,0021900175,Driving Finger Roll Layup Shot,1,0,Restricted Area
203897,Zach LaVine,1610612741,0021900175,Jump Shot,1,0,Left Corner 3
1629632,Coby White,1610612741,0021900175,Jump Shot,1,0,Above the Break 3
1628976,Wendell Carter Jr.,1610612741,0021900175,Jump Shot,1,0,Mid-Range
201152,Thaddeus Young,1610612741,0021900175,Jump Shot,1,0,Right Corner 3
1629632,Coby White,1610612741,0021900175,Jump Shot,1,0,Above the Break 3
1627739,Kris Dunn,1610612741,0021900175,Jump Shot,1,0,Above the Break 3
1628976,Wendell Carter Jr.,1610612741,0021900175,Putback Layup Shot,1,0,Restricted Area
1627853,Ryan Arcidiacono,1610612741,0021900175,Jump Shot,1,0,Right Corner 3
1629632,Coby White,1610612741,0021900175,Jump Shot,1,1,Mid-Range
1629632,Coby White,1610612741,0021900175,Jump Shot,1,1,Above the Break 3
1627739,Kris Dunn,1610612741,0021900175,Pullup Jump shot,1,0,Mid-Range
1627853,Ryan Arcidiacono,1610612741,0021900175,Jump Shot,1,0,Above the Break 3
1627739,Kris Dunn,1610612741,0021900175,Running Layup Shot,1,1,Restricted Area
1627853,Ryan Arcidiacono,1610612741,0021900175,Jump Shot,1,0,Above the Break 3
203107,Tomas Satoransky,1610612741,0021900175,Pullup Jump shot,1,0,Mid-Range
1628976,Wendell Carter Jr.,1610612741,0021900175,Putback Dunk Shot,1,1,Restricted Area
1629632,Coby White,1610612741,0021900175,Running Dunk Shot,1,1,Restricted Area
1628374,Lauri Markkanen,1610612741,0021900175,Jump Shot,1,1,Above the Break 3
1628976,Wendell Carter Jr.,1610612741,0021900175,Jump Shot,1,1,In The Paint (Non-RA)
1629632,Coby White,1610612741,0021900175,Jump Shot,1,0,Left Corner 3
203107,Tomas Satoransky,1610612741,0021900175,Jump Shot,1,1,Left Corner 3
1628990,Chandler Hutchison,1610612741,0021900175,Driving Floating Jump Shot,1,0,In The Paint (Non-RA)
203897,Zach LaVine,1610612741,0021900175,Step Back Jump shot,1,0,Above the Break 3
1628990,Chandler Hutchison,1610612741,0021900175,Driving Layup Shot,1,0,Restricted Area
203897,Zach LaVine,1610612741,0021900175,Driving Reverse Layup Shot,1,0,Restricted Area
203107,Tomas Satoransky,1610612741,0021900175,Jump Shot,1,0,Above the Break 3
1628374,Lauri Markkanen,1610612741,0021900175,Jump Shot,1,0,Above the Break 3
203897,Zach LaVine,1610612741,0021900175,Step Back Jump shot,1,1,Mid-Range
203897,Zach LaVine,1610612741,0021900175,Jump Shot,1,1,Above the Break 3
203107,Tomas Satoransky,1610612741,0021900175,Driving Layup Shot,1,0,Restricted Area
203897,Zach LaVine,1610612741,0021900175,Step Back Jump shot,1,1,Mid-Range
203897,Zach LaVine,1610612741,0021900175,Jump Shot,1,0,Above the Break 3
203897,Zach LaVine,1610612741,0021900175,Driving Layup Shot,1,1,Restricted Area
1628990,Chandler Hutchison,1610612741,0021900175,Driving Layup Shot,1,1,Restricted Area
1628374,Lauri Markkanen,1610612741,0021900175,Jump Shot,1,0,Above the Break 3
203107,Tomas Satoransky,1610612741,0021900175,Jump Shot,1,0,Left Corner 3
203897,Zach LaVine,1610612741,0021900175,Fadeaway Jump Shot,1,0,In The Paint (Non-RA)
203897,Zach LaVine,1610612741,0021900175,Driving Layup Shot,1,0,Restricted Area
201152,Thaddeus Young,1610612741,0021900175,Turnaround Hook Shot,1,0,In The Paint (Non-RA)
201152,Thaddeus Young,1610612741,0021900175,Layup Shot,1,1,Restricted Area
1628976,Wendell Carter Jr.,1610612741,0021900175,Putback Layup Shot,1,0,Restricted Area
201152,Thaddeus Young,1610612741,0021900175,Step Back Jump shot,1,0,Mid-Range
201152,Thaddeus Young,1610612741,0021900175,Jump Shot,1,0,Right Corner 3
203897,Zach LaVine,1610612741,0021900175,Jump Shot,1,0,Above the Break 3
1627739,Kris Dunn,1610612741,0021900175,Driving Layup Shot,1,1,Restricted Area
1629632,Coby White,1610612741,0021900175,Driving Layup Shot,1,0,Restricted Area
1627853,Ryan Arcidiacono,1610612741,0021900175,Layup Shot,1,0,Restricted Area
1627739,Kris Dunn,1610612741,0021900175,Jump Shot,1,0,Above the Break 3
201152,Thaddeus Young,1610612741,0021900175,Jump Shot,1,0,Above the Break 3
1627853,Ryan Arcidiacono,1610612741,0021900175,Jump Shot,1,1,Above the Break 3
1628374,Lauri Markkanen,1610612741,0021900175,Finger Roll Layup Shot,1,1,In The Paint (Non-RA)
1628374,Lauri Markkanen,1610612741,0021900175,Jump Shot,1,0,Above the Break 3
1629632,Coby White,1610612741,0021900175,Driving Layup Shot,1,0,Restricted Area
1628990,Chandler Hutchison,1610612741,0021900175,Driving Floating Jump Shot,1,1,Restricted Area
1628990,Chandler Hutchison,1610612741,0021900175,Jump Shot,1,0,Left Corner 3
1627853,Ryan Arcidiacono,1610612741,0021900175,Jump Shot,1,1,Above the Break 3
1629632,Coby White,1610612741,0021900175,Jump Shot,1,0,Above the Break 3
1629632,Coby White,1610612741,0021900175,Jump Shot,1,0,Left Corner 3
203897,Zach LaVine,1610612741,0021900175,Driving Finger Roll Layup Shot,1,0,Restricted Area
1628976,Wendell Carter Jr.,1610612741,0021900175,Putback Dunk Shot,1,1,Restricted Area
203107,Tomas Satoransky,1610612741,0021900175,Jump Shot,1,0,Mid-Range
1628990,Chandler Hutchison,1610612741,0021900175,Jump Shot,1,0,Left Corner 3
203897,Zach LaVine,1610612741,0021900175,Fadeaway Jump Shot,1,1,In The Paint (Non-RA)
203897,Zach LaVine,1610612741,0021900175,Jump Shot,1,0,Above the Break 3
203897,Zach LaVine,1610612741,0021900175,Jump Shot,1,0,Left Corner 3
203107,Tomas Satoransky,1610612741,0021900175,Driving Floating Jump Shot,1,0,Restricted Area
1628976,Wendell Carter Jr.,1610612741,0021900175,Putback Layup Shot,1,1,Restricted Area
203897,Zach LaVine,1610612741,0021900175,Pullup Jump shot,1,1,Mid-Range
203897,Zach LaVine,1610612741,0021900175,Jump Shot,1,0,Mid-Range
1628374,Lauri Markkanen,1610612741,0021900175,Jump Shot,1,0,Above the Break 3
1628976,Wendell Carter Jr.,1610612741,0021900175,Cutting Dunk Shot,1,1,Restricted Area
1629632,Coby White,1610612741,0021900175,Driving Layup Shot,1,0,Restricted Area
203897,Zach LaVine,1610612741,0021900175,Putback Layup Shot,1,1,Restricted Area
203897,Zach LaVine,1610612741,0021900175,Pullup Jump shot,1,1,Above the Break 3
203897,Zach LaVine,1610612741,0021900175,Jump Shot,1,1,Above the Break 3
1628374,Lauri Markkanen,1610612741,0021900175,Step Back Jump shot,1,1,Above the Break 3
203897,Zach LaVine,1610612741,0021900175,Jump Shot,1,0,Above the Break 3
203107,Tomas Satoransky,1610612741,0021900192,Jump Shot,1,1,Above the Break 3
203107,Tomas Satoransky,1610612741,0021900192,Driving Floating Jump Shot,1,1,In The Paint (Non-RA)
203897,Zach LaVine,1610612741,0021900192,Pullup Jump shot,1,0,Mid-Range
1628976,Wendell Carter Jr.,1610612741,0021900192,Alley Oop Dunk Shot,1,1,Restricted Area
1628374,Lauri Markkanen,1610612741,0021900192,Jump Shot,1,0,Above the Break 3
1628990,Chandler Hutchison,1610612741,0021900192,Driving Floating Jump Shot,1,0,In The Paint (Non-RA)
203897,Zach LaVine,1610612741,0021900192,Driving Layup Shot,1,1,Restricted Area
1628976,Wendell Carter Jr.,1610612741,0021900192,Step Back Jump shot,1,1,Mid-Range
203107,Tomas Satoransky,1610612741,0021900192,Driving Floating Jump Shot,1,0,In The Paint (Non-RA)
1628374,Lauri Markkanen,1610612741,0021900192,Driving Layup Shot,1,0,Restricted Area
203897,Zach LaVine,1610612741,0021900192,Driving Layup Shot,1,0,Restricted Area
1629632,Coby White,1610612741,0021900192,Pullup Jump shot,1,0,Mid-Range
203897,Zach LaVine,1610612741,0021900192,Driving Layup Shot,1,0,Restricted Area
1629655,Daniel Gafford,1610612741,0021900192,Dunk Shot,1,1,Restricted Area
1629632,Coby White,1610612741,0021900192,Pullup Jump shot,1,0,In The Paint (Non-RA)
1629655,Daniel Gafford,1610612741,0021900192,Putback Dunk Shot,1,1,Restricted Area
1627853,Ryan Arcidiacono,1610612741,0021900192,Jump Shot,1,1,Right Corner 3
1627739,Kris Dunn,1610612741,0021900192,Driving Floating Jump Shot,1,1,In The Paint (Non-RA)
201152,Thaddeus Young,1610612741,0021900192,Driving Floating Jump Shot,1,0,Restricted Area
1629655,Daniel Gafford,1610612741,0021900192,Jump Bank Shot,1,1,Restricted Area
1629632,Coby White,1610612741,0021900192,Running Finger Roll Layup Shot,1,1,Restricted Area
1629632,Coby White,1610612741,0021900192,Running Jump Shot,1,0,Restricted Area
1629655,Daniel Gafford,1610612741,0021900192,Putback Dunk Shot,1,1,Restricted Area
201152,Thaddeus Young,1610612741,0021900192,Jump Shot,1,0,Above the Break 3
1629655,Daniel Gafford,1610612741,0021900192,Layup Shot,1,0,Restricted Area
1627853,Ryan Arcidiacono,1610612741,0021900192,Jump Shot,1,1,Above the Break 3
1629632,Coby White,1610612741,0021900192,Jump Shot,1,0,Above the Break 3
1629655,Daniel Gafford,1610612741,0021900192,Layup Shot,1,1,Restricted Area
1628990,Chandler Hutchison,1610612741,0021900192,Driving Floating Jump Shot,1,1,In The Paint (Non-RA)
1627739,Kris Dunn,1610612741,0021900192,Driving Floating Jump Shot,1,1,In The Paint (Non-RA)
1627853,Ryan Arcidiacono,1610612741,0021900192,Fadeaway Jump Shot,1,0,In The Paint (Non-RA)
201152,Thaddeus Young,1610612741,0021900192,Jump Bank Shot,1,1,Above the Break 3
203897,Zach LaVine,1610612741,0021900192,Jump Shot,1,1,Above the Break 3
1628374,Lauri Markkanen,1610612741,0021900192,Jump Shot,1,0,Above the Break 3
1628990,Chandler Hutchison,1610612741,0021900192,Jump Shot,1,1,Left Corner 3
1628374,Lauri Markkanen,1610612741,0021900192,Driving Hook Shot,1,1,Restricted Area
1629655,Daniel Gafford,1610612741,0021900192,Alley Oop Dunk Shot,1,1,Restricted Area
203897,Zach LaVine,1610612741,0021900192,Jump Shot,1,1,Above the Break 3
1629655,Daniel Gafford,1610612741,0021900192,Driving Finger Roll Layup Shot,1,1,Restricted Area
1628374,Lauri Markkanen,1610612741,0021900192,Layup Shot,1,0,Restricted Area
1628374,Lauri Markkanen,1610612741,0021900192,Dunk Shot,1,0,Restricted Area
203897,Zach LaVine,1610612741,0021900192,Jump Shot,1,0,Above the Break 3
1628990,Chandler Hutchison,1610612741,0021900192,Jump Shot,1,0,Mid-Range
203897,Zach LaVine,1610612741,0021900192,Jump Shot,1,0,Right Corner 3
203107,Tomas Satoransky,1610612741,0021900192,Step Back Jump shot,1,0,Mid-Range
203897,Zach LaVine,1610612741,0021900192,Layup Shot,1,0,Restricted Area
1629655,Daniel Gafford,1610612741,0021900192,Alley Oop Dunk Shot,1,1,Restricted Area
1628976,Wendell Carter Jr.,1610612741,0021900192,Alley Oop Dunk Shot,1,1,Restricted Area
203107,Tomas Satoransky,1610612741,0021900192,Jump Shot,1,0,Above the Break 3
1628976,Wendell Carter Jr.,1610612741,0021900192,Jump Shot,1,0,Left Corner 3
203897,Zach LaVine,1610612741,0021900192,Floating Jump shot,1,0,In The Paint (Non-RA)
203107,Tomas Satoransky,1610612741,0021900192,Jump Shot,1,0,Above the Break 3
203897,Zach LaVine,1610612741,0021900192,Jump Shot,1,0,Above the Break 3
1628374,Lauri Markkanen,1610612741,0021900192,Jump Shot,1,0,Above the Break 3
1628374,Lauri Markkanen,1610612741,0021900192,Driving Layup Shot,1,1,Restricted Area
1628990,Chandler Hutchison,1610612741,0021900192,Jump Shot,1,0,Above the Break 3
203897,Zach LaVine,1610612741,0021900192,Fadeaway Jump Shot,1,1,In The Paint (Non-RA)
203897,Zach LaVine,1610612741,0021900192,Fadeaway Jump Shot,1,0,In The Paint (Non-RA)
1628374,Lauri Markkanen,1610612741,0021900192,Jump Shot,1,0,Above the Break 3
1628374,Lauri Markkanen,1610612741,0021900192,Turnaround Jump Shot,1,0,In The Paint (Non-RA)
1629632,Coby White,1610612741,0021900192,Driving Layup Shot,1,0,Restricted Area
203897,Zach LaVine,1610612741,0021900192,Jump Shot,1,0,Above the Break 3
1629632,Coby White,1610612741,0021900192,Driving Layup Shot,1,0,Restricted Area
1627853,Ryan Arcidiacono,1610612741,0021900192,Pullup Jump shot,1,0,In The Paint (Non-RA)
1629655,Daniel Gafford,1610612741,0021900192,Tip Dunk Shot,1,1,Restricted Area
1629655,Daniel Gafford,1610612741,0021900192,Layup Shot,1,0,Restricted Area
201152,Thaddeus Young,1610612741,0021900192,Jump Shot,1,0,Above the Break 3
1627739,Kris Dunn,1610612741,0021900192,Driving Floating Jump Shot,1,0,Restricted Area
1627739,Kris Dunn,1610612741,0021900192,Putback Layup Shot,1,1,Restricted Area
1629632,Coby White,1610612741,0021900192,Pullup Jump shot,1,1,Mid-Range
1627739,Kris Dunn,1610612741,0021900192,Driving Layup Shot,1,1,Restricted Area
1627739,Kris Dunn,1610612741,0021900192,Jump Shot,1,0,Above the Break 3
1629632,Coby White,1610612741,0021900192,Jump Shot,1,1,Above the Break 3
1629655,Daniel Gafford,1610612741,0021900192,Driving Layup Shot,1,1,Restricted Area
1627853,Ryan Arcidiacono,1610612741,0021900192,Jump Shot,1,1,Right Corner 3
1627739,Kris Dunn,1610612741,0021900192,Jump Shot,1,0,Above the Break 3
201152,Thaddeus Young,1610612741,0021900192,Layup Shot,1,1,Restricted Area
1628990,Chandler Hutchison,1610612741,0021900192,Driving Reverse Layup Shot,1,0,Restricted Area
1628990,Chandler Hutchison,1610612741,0021900192,Jump Shot,1,0,Right Corner 3
1628990,Chandler Hutchison,1610612741,0021900192,Running Layup Shot,1,0,In The Paint (Non-RA)
1627853,Ryan Arcidiacono,1610612741,0021900192,Jump Shot,1,0,Above the Break 3
201152,Thaddeus Young,1610612741,0021900192,Tip Dunk Shot,1,1,Restricted Area
1628976,Wendell Carter Jr.,1610612741,0021900192,Driving Layup Shot,1,0,Restricted Area
201152,Thaddeus Young,1610612741,0021900192,Driving Layup Shot,1,0,In The Paint (Non-RA)
1627853,Ryan Arcidiacono,1610612741,0021900192,Jump Shot,1,1,Above the Break 3
1629632,Coby White,1610612741,0021900192,Jump Shot,1,1,Above the Break 3
1629632,Coby White,1610612741,0021900192,Jump Shot,1,1,Above the Break 3
1627739,Kris Dunn,1610612741,0021900192,Driving Floating Jump Shot,1,0,In The Paint (Non-RA)
1629632,Coby White,1610612741,0021900192,Pullup Jump shot,1,0,Mid-Range
1628976,Wendell Carter Jr.,1610612741,0021900192,Alley Oop Layup shot,1,0,In The Paint (Non-RA)
1629632,Coby White,1610612741,0021900192,Jump Shot,1,0,Above the Break 3
1628374,Lauri Markkanen,1610612741,0021900192,Driving Layup Shot,1,0,In The Paint (Non-RA)
203897,Zach LaVine,1610612741,0021900192,Jump Shot,1,0,Above the Break 3
203897,Zach LaVine,1610612741,0021900192,Layup Shot,1,0,Restricted Area
1629632,Coby White,1610612741,0021900192,Driving Layup Shot,1,0,Restricted Area
1628374,Lauri Markkanen,1610612741,0021900192,Jump Shot,1,0,In The Paint (Non-RA)
1629632,Coby White,1610612741,0021900192,Jump Shot,1,0,Above the Break 3
203897,Zach LaVine,1610612741,0021900209,Pullup Jump shot,1,1,Above the Break 3
1628374,Lauri Markkanen,1610612741,0021900209,Cutting Dunk Shot,1,1,Restricted Area
203107,Tomas Satoransky,1610612741,0021900209,Jump Shot,1,0,Above the Break 3
1627885,Shaquille Harrison,1610612741,0021900209,Driving Finger Roll Layup Shot,1,0,Restricted Area
1628374,Lauri Markkanen,1610612741,0021900209,Jump Shot,1,1,Above the Break 3
1628374,Lauri Markkanen,1610612741,0021900209,Cutting Dunk Shot,1,1,Restricted Area
1627885,Shaquille Harrison,1610612741,0021900209,Driving Layup Shot,1,0,Restricted Area
1627885,Shaquille Harrison,1610612741,0021900209,Putback Layup Shot,1,1,Restricted Area
203897,Zach LaVine,1610612741,0021900209,Cutting Dunk Shot,1,1,Restricted Area
1627885,Shaquille Harrison,1610612741,0021900209,Jump Shot,1,1,Above the Break 3
1628374,Lauri Markkanen,1610612741,0021900209,Fadeaway Jump Shot,1,0,Mid-Range
1628976,Wendell Carter Jr.,1610612741,0021900209,Putback Layup Shot,1,1,Restricted Area
1628976,Wendell Carter Jr.,1610612741,0021900209,Layup Shot,1,0,Restricted Area
1627739,Kris Dunn,1610612741,0021900209,Driving Layup Shot,1,1,Restricted Area
203897,Zach LaVine,1610612741,0021900209,Floating Jump shot,1,0,Mid-Range
201152,Thaddeus Young,1610612741,0021900209,Driving Floating Jump Shot,1,0,Restricted Area
1629632,Coby White,1610612741,0021900209,Jump Shot,1,0,In The Paint (Non-RA)
1627739,Kris Dunn,1610612741,0021900209,Jump Shot,1,0,Above the Break 3
201152,Thaddeus Young,1610612741,0021900209,Jump Shot,1,0,Left Corner 3
1629632,Coby White,1610612741,0021900209,Jump Shot,1,1,Above the Break 3
1629632,Coby White,1610612741,0021900209,Jump Shot,1,1,Above the Break 3
1627853,Ryan Arcidiacono,1610612741,0021900209,Jump Shot,1,0,Above the Break 3
201152,Thaddeus Young,1610612741,0021900209,Driving Layup Shot,1,0,Restricted Area
201152,Thaddeus Young,1610612741,0021900209,Cutting Dunk Shot,1,1,Restricted Area
1627853,Ryan Arcidiacono,1610612741,0021900209,Jump Shot,1,1,Right Corner 3
1627739,Kris Dunn,1610612741,0021900209,Jump Shot,1,0,Right Corner 3
201152,Thaddeus Young,1610612741,0021900209,Jump Shot,1,0,Above the Break 3
201152,Thaddeus Young,1610612741,0021900209,Driving Layup Shot,1,0,Restricted Area
1627853,Ryan Arcidiacono,1610612741,0021900209,Jump Shot,1,1,Left Corner 3
1627739,Kris Dunn,1610612741,0021900209,Driving Layup Shot,1,0,Restricted Area
1629655,Daniel Gafford,1610612741,0021900209,Putback Dunk Shot,1,1,Restricted Area
1628374,Lauri Markkanen,1610612741,0021900209,Driving Dunk Shot,1,0,Restricted Area
203897,Zach LaVine,1610612741,0021900209,Driving Layup Shot,1,0,Restricted Area
1627885,Shaquille Harrison,1610612741,0021900209,Pullup Jump shot,1,1,In The Paint (Non-RA)
203107,Tomas Satoransky,1610612741,0021900209,Pullup Jump shot,1,0,Mid-Range
203107,Tomas Satoransky,1610612741,0021900209,Driving Layup Shot,1,0,Restricted Area
1627885,Shaquille Harrison,1610612741,0021900209,Running Reverse Dunk Shot,1,1,Restricted Area
1628976,Wendell Carter Jr.,1610612741,0021900209,Cutting Layup Shot,1,0,Restricted Area
203897,Zach LaVine,1610612741,0021900209,Driving Layup Shot,1,0,Restricted Area
1628374,Lauri Markkanen,1610612741,0021900209,Jump Shot,1,1,Above the Break 3
1628374,Lauri Markkanen,1610612741,0021900209,Driving Layup Shot,1,1,Restricted Area
203107,Tomas Satoransky,1610612741,0021900209,Jump Shot,1,0,Above the Break 3
203897,Zach LaVine,1610612741,0021900209,Driving Layup Shot,1,0,Restricted Area
1628374,Lauri Markkanen,1610612741,0021900209,Jump Shot,1,0,Mid-Range
1627885,Shaquille Harrison,1610612741,0021900209,Driving Layup Shot,1,1,Restricted Area
203107,Tomas Satoransky,1610612741,0021900209,Driving Floating Jump Shot,1,1,In The Paint (Non-RA)
203897,Zach LaVine,1610612741,0021900209,Driving Layup Shot,1,0,Restricted Area
1628976,Wendell Carter Jr.,1610612741,0021900209,Turnaround Hook Shot,1,0,Restricted Area
1628374,Lauri Markkanen,1610612741,0021900209,Jump Shot,1,0,Above the Break 3
203897,Zach LaVine,1610612741,0021900209,Jump Shot,1,0,Above the Break 3
203897,Zach LaVine,1610612741,0021900209,Driving Floating Jump Shot,1,0,In The Paint (Non-RA)
203107,Tomas Satoransky,1610612741,0021900209,Jump Shot,1,1,Right Corner 3
203107,Tomas Satoransky,1610612741,0021900209,Jump Shot,1,1,Right Corner 3
1628374,Lauri Markkanen,1610612741,0021900209,Driving Layup Shot,1,0,Restricted Area
1628374,Lauri Markkanen,1610612741,0021900209,Alley Oop Layup shot,1,0,Restricted Area
1628374,Lauri Markkanen,1610612741,0021900209,Putback Layup Shot,1,1,Restricted Area
203897,Zach LaVine,1610612741,0021900209,Fadeaway Jump Shot,1,0,In The Paint (Non-RA)
1628976,Wendell Carter Jr.,1610612741,0021900209,Alley Oop Dunk Shot,1,1,Restricted Area
1629632,Coby White,1610612741,0021900209,Jump Shot,1,1,Above the Break 3
1627853,Ryan Arcidiacono,1610612741,0021900209,Jump Shot,1,0,Left Corner 3
1629632,Coby White,1610612741,0021900209,Driving Layup Shot,1,0,Restricted Area
1628976,Wendell Carter Jr.,1610612741,0021900209,Hook Shot,1,1,In The Paint (Non-RA)
1629632,Coby White,1610612741,0021900209,Driving Layup Shot,1,0,In The Paint (Non-RA)
1627739,Kris Dunn,1610612741,0021900209,Turnaround Jump Shot,1,1,In The Paint (Non-RA)
1629655,Daniel Gafford,1610612741,0021900209,Layup Shot,1,0,Restricted Area
201152,Thaddeus Young,1610612741,0021900209,Driving Layup Shot,1,1,Restricted Area
1627739,Kris Dunn,1610612741,0021900209,Driving Floating Jump Shot,1,0,In The Paint (Non-RA)
1627853,Ryan Arcidiacono,1610612741,0021900209,Driving Floating Jump Shot,1,0,In The Paint (Non-RA)
1627853,Ryan Arcidiacono,1610612741,0021900209,Finger Roll Layup Shot,1,1,In The Paint (Non-RA)
201152,Thaddeus Young,1610612741,0021900209,Jump Shot,1,0,In The Paint (Non-RA)
201152,Thaddeus Young,1610612741,0021900209,Driving Layup Shot,1,1,Restricted Area
201152,Thaddeus Young,1610612741,0021900209,Jump Shot,1,1,Right Corner 3
201152,Thaddeus Young,1610612741,0021900209,Layup Shot,1,0,In The Paint (Non-RA)
1629632,Coby White,1610612741,0021900209,Driving Layup Shot,1,0,Restricted Area
1628976,Wendell Carter Jr.,1610612741,0021900209,Layup Shot,1,0,In The Paint (Non-RA)
201152,Thaddeus Young,1610612741,0021900209,Jump Shot,1,0,Above the Break 3
1627739,Kris Dunn,1610612741,0021900209,Driving Floating Jump Shot,1,1,In The Paint (Non-RA)
203107,Tomas Satoransky,1610612741,0021900209,Driving Finger Roll Layup Shot,1,0,In The Paint (Non-RA)
1629655,Daniel Gafford,1610612741,0021900209,Tip Layup Shot,1,0,Restricted Area
1627885,Shaquille Harrison,1610612741,0021900209,Driving Layup Shot,1,0,In The Paint (Non-RA)
1629655,Daniel Gafford,1610612741,0021900209,Alley Oop Dunk Shot,1,0,Restricted Area
203107,Tomas Satoransky,1610612741,0021900209,Cutting Dunk Shot,1,1,Restricted Area
1628374,Lauri Markkanen,1610612741,0021900209,Jump Shot,1,1,Above the Break 3
203897,Zach LaVine,1610612741,0021900209,Step Back Jump shot,1,0,Above the Break 3
1628374,Lauri Markkanen,1610612741,0021900209,Driving Layup Shot,1,0,Restricted Area
1627885,Shaquille Harrison,1610612741,0021900209,Jump Shot,1,0,Left Corner 3
203107,Tomas Satoransky,1610612741,0021900209,Jump Shot,1,1,In The Paint (Non-RA)
1627885,Shaquille Harrison,1610612741,0021900209,Running Layup Shot,1,0,In The Paint (Non-RA)
203107,Tomas Satoransky,1610612741,0021900209,Jump Shot,1,1,Right Corner 3
1627885,Shaquille Harrison,1610612741,0021900209,Turnaround Fadeaway Bank Jump Shot,1,1,Mid-Range
1627885,Shaquille Harrison,1610612741,0021900209,Driving Layup Shot,1,1,Restricted Area
203897,Zach LaVine,1610612741,0021900219,Jump Shot,1,0,Above the Break 3
203107,Tomas Satoransky,1610612741,0021900219,Driving Floating Bank Jump Shot,1,0,In The Paint (Non-RA)
1627885,Shaquille Harrison,1610612741,0021900219,Driving Layup Shot,1,0,Restricted Area
203107,Tomas Satoransky,1610612741,0021900219,Floating Jump shot,1,0,In The Paint (Non-RA)
1628374,Lauri Markkanen,1610612741,0021900219,Layup Shot,1,0,Restricted Area
1628374,Lauri Markkanen,1610612741,0021900219,Tip Layup Shot,1,0,Restricted Area
1627853,Ryan Arcidiacono,1610612741,0021900219,Jump Shot,1,0,Above the Break 3
1628374,Lauri Markkanen,1610612741,0021900219,Jump Shot,1,0,Above the Break 3
1628374,Lauri Markkanen,1610612741,0021900219,Running Jump Shot,1,1,In The Paint (Non-RA)
1627853,Ryan Arcidiacono,1610612741,0021900219,Jump Shot,1,1,Right Corner 3
1628976,Wendell Carter Jr.,1610612741,0021900219,Dunk Shot,1,1,Restricted Area
1628374,Lauri Markkanen,1610612741,0021900219,Jump Shot,1,0,Above the Break 3
201152,Thaddeus Young,1610612741,0021900219,Floating Jump shot,1,0,In The Paint (Non-RA)
201152,Thaddeus Young,1610612741,0021900219,Jump Shot,1,1,Above the Break 3
1627739,Kris Dunn,1610612741,0021900219,Driving Layup Shot,1,0,Restricted Area
1629632,Coby White,1610612741,0021900219,Step Back Jump shot,1,1,Mid-Range
1629632,Coby White,1610612741,0021900219,Driving Layup Shot,1,0,Restricted Area
203897,Zach LaVine,1610612741,0021900219,Driving Layup Shot,1,1,Restricted Area
203897,Zach LaVine,1610612741,0021900219,Running Jump Shot,1,0,In The Paint (Non-RA)
1629632,Coby White,1610612741,0021900219,Jump Shot,1,0,Right Corner 3
1628976,Wendell Carter Jr.,1610612741,0021900219,Dunk Shot,1,1,Restricted Area
201152,Thaddeus Young,1610612741,0021900219,Jump Shot,1,0,Left Corner 3
201152,Thaddeus Young,1610612741,0021900219,Layup Shot,1,0,Restricted Area
203897,Zach LaVine,1610612741,0021900219,Pullup Jump shot,1,0,Mid-Range
201152,Thaddeus Young,1610612741,0021900219,Floating Jump shot,1,0,Restricted Area
1628374,Lauri Markkanen,1610612741,0021900219,Cutting Dunk Shot,1,1,Restricted Area
1627739,Kris Dunn,1610612741,0021900219,Layup Shot,1,1,Restricted Area
203897,Zach LaVine,1610612741,0021900219,Jump Shot,1,0,Above the Break 3
1627885,Shaquille Harrison,1610612741,0021900219,Floating Jump shot,1,1,In The Paint (Non-RA)
203897,Zach LaVine,1610612741,0021900219,Cutting Layup Shot,1,1,Restricted Area
1629632,Coby White,1610612741,0021900219,Cutting Layup Shot,1,1,Restricted Area
1629632,Coby White,1610612741,0021900219,Layup Shot,1,0,Restricted Area
1628374,Lauri Markkanen,1610612741,0021900219,Jump Shot,1,0,In The Paint (Non-RA)
1628374,Lauri Markkanen,1610612741,0021900219,Driving Dunk Shot,1,1,Restricted Area
201152,Thaddeus Young,1610612741,0021900219,Layup Shot,1,1,Restricted Area
1628374,Lauri Markkanen,1610612741,0021900219,Jump Shot,1,0,Above the Break 3
201152,Thaddeus Young,1610612741,0021900219,Turnaround Hook Shot,1,1,Restricted Area
1627853,Ryan Arcidiacono,1610612741,0021900219,Cutting Layup Shot,1,1,Restricted Area
1628374,Lauri Markkanen,1610612741,0021900219,Hook Bank Shot,1,0,In The Paint (Non-RA)
203897,Zach LaVine,1610612741,0021900219,Running Layup Shot,1,1,Restricted Area
203107,Tomas Satoransky,1610612741,0021900219,Floating Jump shot,1,1,In The Paint (Non-RA)
1628374,Lauri Markkanen,1610612741,0021900219,Jump Shot,1,0,Left Corner 3
203107,Tomas Satoransky,1610612741,0021900219,Jump Shot,1,0,Above the Break 3
203897,Zach LaVine,1610612741,0021900219,Turnaround Fadeaway Bank Jump Shot,1,1,In The Paint (Non-RA)
1628374,Lauri Markkanen,1610612741,0021900219,Layup Shot,1,0,Restricted Area
203897,Zach LaVine,1610612741,0021900219,Step Back Jump shot,1,1,Mid-Range
203897,Zach LaVine,1610612741,0021900219,Jump Shot,1,0,Above the Break 3
1627885,Shaquille Harrison,1610612741,0021900219,Layup Shot,1,1,Restricted Area
1627885,Shaquille Harrison,1610612741,0021900219,Jump Shot,1,0,Left Corner 3
203107,Tomas Satoransky,1610612741,0021900219,Running Layup Shot,1,1,Restricted Area
203897,Zach LaVine,1610612741,0021900219,Layup Shot,1,1,Restricted Area
1629632,Coby White,1610612741,0021900219,Jump Shot,1,1,Above the Break 3
1629632,Coby White,1610612741,0021900219,Jump Shot,1,1,Above the Break 3
1627739,Kris Dunn,1610612741,0021900219,Floating Jump shot,1,0,Restricted Area
1629655,Daniel Gafford,1610612741,0021900219,Dunk Shot,1,1,Restricted Area
1627739,Kris Dunn,1610612741,0021900219,Driving Hook Shot,1,0,Restricted Area
1627853,Ryan Arcidiacono,1610612741,0021900219,Jump Shot,1,0,Above the Break 3
1629632,Coby White,1610612741,0021900219,Jump Shot,1,0,Mid-Range
203897,Zach LaVine,1610612741,0021900219,Jump Shot,1,0,Above the Break 3
201152,Thaddeus Young,1610612741,0021900219,Tip Layup Shot,1,0,Restricted Area
201152,Thaddeus Young,1610612741,0021900219,Jump Shot,1,0,Mid-Range
1629632,Coby White,1610612741,0021900219,Turnaround Jump Shot,1,0,In The Paint (Non-RA)
201152,Thaddeus Young,1610612741,0021900219,Jump Shot,1,0,Above the Break 3
201152,Thaddeus Young,1610612741,0021900219,Running Layup Shot,1,1,Restricted Area
201152,Thaddeus Young,1610612741,0021900219,Floating Jump shot,1,0,In The Paint (Non-RA)
1629632,Coby White,1610612741,0021900219,Layup Shot,1,0,Restricted Area
1627739,Kris Dunn,1610612741,0021900219,Jump Shot,1,1,Above the Break 3
1627853,Ryan Arcidiacono,1610612741,0021900219,Layup Shot,1,1,Restricted Area
1627853,Ryan Arcidiacono,1610612741,0021900219,Jump Shot,1,0,Above the Break 3
201152,Thaddeus Young,1610612741,0021900219,Jump Shot,1,0,Above the Break 3
203897,Zach LaVine,1610612741,0021900219,Driving Floating Bank Jump Shot,1,0,In The Paint (Non-RA)
201152,Thaddeus Young,1610612741,0021900219,Layup Shot,1,1,Restricted Area
203897,Zach LaVine,1610612741,0021900219,Layup Shot,1,0,Restricted Area
1628976,Wendell Carter Jr.,1610612741,0021900219,Putback Dunk Shot,1,1,Restricted Area
1627739,Kris Dunn,1610612741,0021900219,Jump Shot,1,1,Above the Break 3
201152,Thaddeus Young,1610612741,0021900219,Turnaround Hook Shot,1,0,In The Paint (Non-RA)
1627885,Shaquille Harrison,1610612741,0021900219,Floating Jump shot,1,0,Restricted Area
1629655,Daniel Gafford,1610612741,0021900219,Tip Layup Shot,1,1,Restricted Area
1629622,Max Strus,1610612741,0021900219,Layup Shot,1,1,Restricted Area
1627756,Denzel Valentine,1610612741,0021900219,Jump Shot,1,0,Above the Break 3
1629622,Max Strus,1610612741,0021900219,Putback Layup Shot,1,1,Restricted Area
1627885,Shaquille Harrison,1610612741,0021900219,Layup Shot,1,1,Restricted Area
1627853,Ryan Arcidiacono,1610612741,0021900219,Jump Shot,1,1,Above the Break 3
1627756,Denzel Valentine,1610612741,0021900219,Pullup Jump shot,1,1,Above the Break 3
1627756,Denzel Valentine,1610612741,0021900219,Jump Shot,1,1,Above the Break 3
1627885,Shaquille Harrison,1610612741,0021900219,Jump Shot,1,0,Above the Break 3
1629622,Max Strus,1610612741,0021900219,Jump Shot,1,0,Above the Break 3
1627885,Shaquille Harrison,1610612741,0021900219,Driving Layup Shot,1,0,Restricted Area
1629655,Daniel Gafford,1610612741,0021900219,Putback Dunk Shot,1,1,Restricted Area
1627756,Denzel Valentine,1610612741,0021900219,Jump Shot,1,1,Above the Break 3
1628976,Wendell Carter Jr.,1610612741,0021900226,Hook Shot,1,0,Restricted Area
1628374,Lauri Markkanen,1610612741,0021900226,Jump Shot,1,0,Right Corner 3
203107,Tomas Satoransky,1610612741,0021900226,Jump Shot,1,1,Above the Break 3
1628976,Wendell Carter Jr.,1610612741,0021900226,Dunk Shot,1,1,Restricted Area
1628976,Wendell Carter Jr.,1610612741,0021900226,Driving Layup Shot,1,0,Restricted Area
203897,Zach LaVine,1610612741,0021900226,Jump Shot,1,1,Left Corner 3
203897,Zach LaVine,1610612741,0021900226,Jump Shot,1,1,Above the Break 3
1628976,Wendell Carter Jr.,1610612741,0021900226,Jump Shot,1,1,Left Corner 3
1628374,Lauri Markkanen,1610612741,0021900226,Jump Shot,1,0,Above the Break 3
203897,Zach LaVine,1610612741,0021900226,Jump Shot,1,1,Left Corner 3
1628374,Lauri Markkanen,1610612741,0021900226,Layup Shot,1,0,In The Paint (Non-RA)
201152,Thaddeus Young,1610612741,0021900226,Driving Floating Jump Shot,1,0,In The Paint (Non-RA)
1627739,Kris Dunn,1610612741,0021900226,Jump Shot,1,0,Above the Break 3
1629632,Coby White,1610612741,0021900226,Pullup Jump shot,1,1,Mid-Range
1627739,Kris Dunn,1610612741,0021900226,Jump Shot,1,0,Right Corner 3
1629632,Coby White,1610612741,0021900226,Jump Shot,1,1,Above the Break 3
1629632,Coby White,1610612741,0021900226,Layup Shot,1,1,Restricted Area
1627739,Kris Dunn,1610612741,0021900226,Hook Shot,1,1,In The Paint (Non-RA)
1628976,Wendell Carter Jr.,1610612741,0021900226,Cutting Layup Shot,1,1,Restricted Area
201152,Thaddeus Young,1610612741,0021900226,Jump Shot,1,0,Right Corner 3
1629632,Coby White,1610612741,0021900226,Pullup Jump shot,1,0,Above the Break 3
1627739,Kris Dunn,1610612741,0021900226,Driving Floating Jump Shot,1,0,In The Paint (Non-RA)
201152,Thaddeus Young,1610612741,0021900226,Tip Layup Shot,1,0,Restricted Area
1629632,Coby White,1610612741,0021900226,Driving Layup Shot,1,1,Restricted Area
1629632,Coby White,1610612741,0021900226,Floating Jump shot,1,0,In The Paint (Non-RA)
1627739,Kris Dunn,1610612741,0021900226,Jump Shot,1,0,Above the Break 3
1627853,Ryan Arcidiacono,1610612741,0021900226,Jump Shot,1,0,Above the Break 3
1627853,Ryan Arcidiacono,1610612741,0021900226,Jump Shot,1,0,Left Corner 3
201152,Thaddeus Young,1610612741,0021900226,Putback Layup Shot,1,1,Restricted Area
201152,Thaddeus Young,1610612741,0021900226,Jump Shot,1,1,Above the Break 3
201152,Thaddeus Young,1610612741,0021900226,Floating Jump shot,1,0,In The Paint (Non-RA)
201152,Thaddeus Young,1610612741,0021900226,Jump Shot,1,0,Above the Break 3
201152,Thaddeus Young,1610612741,0021900226,Hook Shot,1,0,In The Paint (Non-RA)
1628374,Lauri Markkanen,1610612741,0021900226,Jump Shot,1,1,Above the Break 3
1629632,Coby White,1610612741,0021900226,Jump Shot,1,0,Above the Break 3
1628976,Wendell Carter Jr.,1610612741,0021900226,Dunk Shot,1,1,Restricted Area
1629632,Coby White,1610612741,0021900226,Layup Shot,1,1,Restricted Area
203897,Zach LaVine,1610612741,0021900226,Pullup Jump shot,1,0,Mid-Range
203897,Zach LaVine,1610612741,0021900226,Jump Shot,1,1,Left Corner 3
203107,Tomas Satoransky,1610612741,0021900226,Dunk Shot,1,1,Restricted Area
1629632,Coby White,1610612741,0021900226,Jump Shot,1,1,Above the Break 3
1629655,Daniel Gafford,1610612741,0021900226,Jump Shot,1,0,In The Paint (Non-RA)
1629655,Daniel Gafford,1610612741,0021900226,Floating Jump shot,1,0,In The Paint (Non-RA)
203897,Zach LaVine,1610612741,0021900226,Driving Layup Shot,1,0,In The Paint (Non-RA)
203897,Zach LaVine,1610612741,0021900226,Layup Shot,1,0,Restricted Area
203107,Tomas Satoransky,1610612741,0021900226,Jump Shot,1,0,Left Corner 3
203897,Zach LaVine,1610612741,0021900226,Driving Layup Shot,1,0,Restricted Area
1629655,Daniel Gafford,1610612741,0021900226,Hook Shot,1,0,Restricted Area
1628374,Lauri Markkanen,1610612741,0021900226,Tip Layup Shot,1,0,Restricted Area
203107,Tomas Satoransky,1610612741,0021900226,Jump Bank Shot,1,1,In The Paint (Non-RA)
203897,Zach LaVine,1610612741,0021900226,Jump Shot,1,1,Right Corner 3
203897,Zach LaVine,1610612741,0021900226,Jump Shot,1,0,Above the Break 3
1628976,Wendell Carter Jr.,1610612741,0021900226,Jump Shot,1,0,Mid-Range
203897,Zach LaVine,1610612741,0021900226,Jump Shot,1,1,Left Corner 3
203897,Zach LaVine,1610612741,0021900226,Cutting Layup Shot,1,1,Restricted Area
203107,Tomas Satoransky,1610612741,0021900226,Floating Jump shot,1,0,In The Paint (Non-RA)
1628374,Lauri Markkanen,1610612741,0021900226,Layup Shot,1,0,Restricted Area
1629632,Coby White,1610612741,0021900226,Pullup Jump shot,1,1,Mid-Range
1629632,Coby White,1610612741,0021900226,Jump Shot,1,0,Above the Break 3
203897,Zach LaVine,1610612741,0021900226,Step Back Jump shot,1,0,Above the Break 3
203897,Zach LaVine,1610612741,0021900226,Fadeaway Jump Shot,1,0,Mid-Range
201152,Thaddeus Young,1610612741,0021900226,Jump Shot,1,0,Above the Break 3
1627853,Ryan Arcidiacono,1610612741,0021900226,Jump Shot,1,0,Right Corner 3
1629632,Coby White,1610612741,0021900226,Pullup Jump shot,1,0,Mid-Range
1628374,Lauri Markkanen,1610612741,0021900226,Jump Shot,1,0,In The Paint (Non-RA)
1629632,Coby White,1610612741,0021900226,Jump Shot,1,0,Above the Break 3
1628374,Lauri Markkanen,1610612741,0021900226,Jump Shot,1,0,Right Corner 3
1628374,Lauri Markkanen,1610612741,0021900226,Layup Shot,1,0,In The Paint (Non-RA)
203897,Zach LaVine,1610612741,0021900226,Jump Shot,1,1,Above the Break 3
203897,Zach LaVine,1610612741,0021900226,Jump Shot,1,0,Above the Break 3
203897,Zach LaVine,1610612741,0021900226,Cutting Dunk Shot,1,1,Restricted Area
1629632,Coby White,1610612741,0021900226,Pullup Jump shot,1,1,Above the Break 3
1629632,Coby White,1610612741,0021900226,Driving Layup Shot,1,1,Restricted Area
1628976,Wendell Carter Jr.,1610612741,0021900226,Layup Shot,1,0,In The Paint (Non-RA)
1627853,Ryan Arcidiacono,1610612741,0021900226,Jump Shot,1,0,Left Corner 3
203897,Zach LaVine,1610612741,0021900226,Jump Shot,1,1,Above the Break 3
1628976,Wendell Carter Jr.,1610612741,0021900226,Layup Shot,1,1,Restricted Area
203107,Tomas Satoransky,1610612741,0021900226,Jump Shot,1,0,Above the Break 3
1629632,Coby White,1610612741,0021900226,Jump Shot,1,1,Above the Break 3
203897,Zach LaVine,1610612741,0021900226,Layup Shot,1,1,Restricted Area
1629632,Coby White,1610612741,0021900226,Jump Shot,1,0,Above the Break 3
203897,Zach LaVine,1610612741,0021900226,Jump Shot,1,1,Above the Break 3
203897,Zach LaVine,1610612741,0021900226,Driving Reverse Layup Shot,1,1,Restricted Area
203897,Zach LaVine,1610612741,0021900226,Jump Shot,1,1,Left Corner 3
203897,Zach LaVine,1610612741,0021900226,Pullup Jump shot,1,0,Above the Break 3
1629632,Coby White,1610612741,0021900226,Running Layup Shot,1,1,Restricted Area
203897,Zach LaVine,1610612741,0021900226,Driving Layup Shot,1,0,Restricted Area
203107,Tomas Satoransky,1610612741,0021900226,Jump Shot,1,0,Above the Break 3
203897,Zach LaVine,1610612741,0021900226,Running Reverse Layup Shot,1,0,Restricted Area
1628976,Wendell Carter Jr.,1610612741,0021900226,Putback Dunk Shot,1,1,Restricted Area
203897,Zach LaVine,1610612741,0021900226,Jump Shot,1,1,Above the Break 3
203897,Zach LaVine,1610612741,0021900226,Jump Bank Shot,1,1,Above the Break 3
1629632,Coby White,1610612741,0021900226,Driving Layup Shot,1,1,Restricted Area
203107,Tomas Satoransky,1610612741,0021900226,Jump Shot,1,1,Above the Break 3
203897,Zach LaVine,1610612741,0021900226,Jump Shot,1,1,Above the Break 3
203107,Tomas Satoransky,1610612741,0021900247,Floating Jump shot,1,1,In The Paint (Non-RA)
1628374,Lauri Markkanen,1610612741,0021900247,Jump Shot,1,0,Above the Break 3
203897,Zach LaVine,1610612741,0021900247,Jump Shot,1,1,Above the Break 3
203897,Zach LaVine,1610612741,0021900247,Jump Shot,1,0,Mid-Range
1628374,Lauri Markkanen,1610612741,0021900247,Jump Shot,1,1,Above the Break 3
203107,Tomas Satoransky,1610612741,0021900247,Floating Jump shot,1,1,In The Paint (Non-RA)
203897,Zach LaVine,1610612741,0021900247,Cutting Dunk Shot,1,1,Restricted Area
1629632,Coby White,1610612741,0021900247,Jump Shot,1,0,Above the Break 3
1628374,Lauri Markkanen,1610612741,0021900247,Jump Shot,1,0,Right Corner 3
203107,Tomas Satoransky,1610612741,0021900247,Jump Shot,1,1,In The Paint (Non-RA)
203897,Zach LaVine,1610612741,0021900247,Jump Shot,1,0,Above the Break 3
1627739,Kris Dunn,1610612741,0021900247,Jump Shot,1,0,Above the Break 3
1628976,Wendell Carter Jr.,1610612741,0021900247,Layup Shot,1,0,Restricted Area
1628976,Wendell Carter Jr.,1610612741,0021900247,Jump Shot,1,0,Above the Break 3
1629632,Coby White,1610612741,0021900247,Jump Shot,1,1,Left Corner 3
201152,Thaddeus Young,1610612741,0021900247,Jump Shot,1,1,Right Corner 3
1629632,Coby White,1610612741,0021900247,Jump Shot,1,0,Above the Break 3
203897,Zach LaVine,1610612741,0021900247,Dunk Shot,1,1,Restricted Area
1627739,Kris Dunn,1610612741,0021900247,Layup Shot,1,1,Restricted Area
1629632,Coby White,1610612741,0021900247,Layup Shot,1,0,Restricted Area
1627739,Kris Dunn,1610612741,0021900247,Jump Shot,1,0,Above the Break 3
201152,Thaddeus Young,1610612741,0021900247,Layup Shot,1,0,Restricted Area
1629632,Coby White,1610612741,0021900247,Jump Shot,1,0,Left Corner 3
1627739,Kris Dunn,1610612741,0021900247,Jump Shot,1,0,Above the Break 3
1627739,Kris Dunn,1610612741,0021900247,Jump Shot,1,0,Above the Break 3
1627739,Kris Dunn,1610612741,0021900247,Floating Jump shot,1,0,In The Paint (Non-RA)
1627739,Kris Dunn,1610612741,0021900247,Layup Shot,1,1,Restricted Area
1627739,Kris Dunn,1610612741,0021900247,Jump Shot,1,0,Above the Break 3
203897,Zach LaVine,1610612741,0021900247,Layup Shot,1,1,Restricted Area
203107,Tomas Satoransky,1610612741,0021900247,Layup Shot,1,0,Restricted Area
203107,Tomas Satoransky,1610612741,0021900247,Jump Shot,1,0,Above the Break 3
1627885,Shaquille Harrison,1610612741,0021900247,Jump Shot,1,1,Mid-Range
1628976,Wendell Carter Jr.,1610612741,0021900247,Dunk Shot,1,1,Restricted Area
1628374,Lauri Markkanen,1610612741,0021900247,Jump Shot,1,1,Above the Break 3
1627756,Denzel Valentine,1610612741,0021900247,Jump Shot,1,1,Above the Break 3
1628374,Lauri Markkanen,1610612741,0021900247,Jump Shot,1,1,Restricted Area
1627756,Denzel Valentine,1610612741,0021900247,Fadeaway Jump Shot,1,1,Mid-Range
1628976,Wendell Carter Jr.,1610612741,0021900247,Layup Shot,1,0,Restricted Area
203107,Tomas Satoransky,1610612741,0021900247,Floating Jump shot,1,0,In The Paint (Non-RA)
1627756,Denzel Valentine,1610612741,0021900247,Jump Shot,1,0,Above the Break 3
1629632,Coby White,1610612741,0021900247,Floating Jump shot,1,0,Restricted Area
1628976,Wendell Carter Jr.,1610612741,0021900247,Tip Layup Shot,1,1,Restricted Area
203107,Tomas Satoransky,1610612741,0021900247,Cutting Layup Shot,1,1,Restricted Area
1627756,Denzel Valentine,1610612741,0021900247,Cutting Layup Shot,1,1,Restricted Area
203107,Tomas Satoransky,1610612741,0021900247,Jump Shot,1,1,Above the Break 3
203897,Zach LaVine,1610612741,0021900247,Jump Shot,1,0,Above the Break 3
203897,Zach LaVine,1610612741,0021900247,Layup Shot,1,0,Restricted Area
1628374,Lauri Markkanen,1610612741,0021900247,Layup Shot,1,0,Restricted Area
1628374,Lauri Markkanen,1610612741,0021900247,Jump Shot,1,0,Above the Break 3
203107,Tomas Satoransky,1610612741,0021900247,Jump Shot,1,0,Above the Break 3
1627885,Shaquille Harrison,1610612741,0021900247,Jump Shot,1,0,Right Corner 3
203897,Zach LaVine,1610612741,0021900247,Pullup Jump shot,1,1,Mid-Range
203107,Tomas Satoransky,1610612741,0021900247,Jump Shot,1,0,Above the Break 3
1628976,Wendell Carter Jr.,1610612741,0021900247,Putback Dunk Shot,1,1,Restricted Area
203107,Tomas Satoransky,1610612741,0021900247,Jump Shot,1,0,Left Corner 3
1629632,Coby White,1610612741,0021900247,Jump Shot,1,0,Right Corner 3
203107,Tomas Satoransky,1610612741,0021900247,Dunk Shot,1,0,Restricted Area
203897,Zach LaVine,1610612741,0021900247,Jump Shot,1,0,Above the Break 3
203897,Zach LaVine,1610612741,0021900247,Dunk Shot,1,0,Restricted Area
201152,Thaddeus Young,1610612741,0021900247,Driving Bank Hook Shot,1,1,Restricted Area
1629632,Coby White,1610612741,0021900247,Jump Shot,1,0,Above the Break 3
1628976,Wendell Carter Jr.,1610612741,0021900247,Hook Shot,1,1,In The Paint (Non-RA)
1627853,Ryan Arcidiacono,1610612741,0021900247,Turnaround Jump Shot,1,0,In The Paint (Non-RA)
1629632,Coby White,1610612741,0021900247,Cutting Layup Shot,1,1,Restricted Area
1627853,Ryan Arcidiacono,1610612741,0021900247,Jump Shot,1,0,Above the Break 3
1629655,Daniel Gafford,1610612741,0021900247,Cutting Dunk Shot,1,1,Restricted Area
1628976,Wendell Carter Jr.,1610612741,0021900247,Dunk Shot,1,1,Restricted Area
203897,Zach LaVine,1610612741,0021900247,Cutting Layup Shot,1,1,Restricted Area
203897,Zach LaVine,1610612741,0021900247,Pullup Jump shot,1,0,Above the Break 3
1627756,Denzel Valentine,1610612741,0021900247,Floating Jump shot,1,1,Mid-Range
1627756,Denzel Valentine,1610612741,0021900247,Floating Jump shot,1,0,In The Paint (Non-RA)
1627756,Denzel Valentine,1610612741,0021900247,Jump Shot,1,0,Above the Break 3
1627756,Denzel Valentine,1610612741,0021900247,Jump Shot,1,0,Above the Break 3
1629655,Daniel Gafford,1610612741,0021900247,Reverse Layup Shot,1,1,Restricted Area
1629655,Daniel Gafford,1610612741,0021900247,Alley Oop Dunk Shot,1,0,Restricted Area
1629632,Coby White,1610612741,0021900247,Jump Shot,1,0,Above the Break 3
1627756,Denzel Valentine,1610612741,0021900247,Jump Shot,1,0,Left Corner 3
1628990,Chandler Hutchison,1610612741,0021900247,Layup Shot,1,1,Restricted Area
1627885,Shaquille Harrison,1610612741,0021900247,Layup Shot,1,0,Restricted Area
1629632,Coby White,1610612741,0021900247,Layup Shot,1,1,In The Paint (Non-RA)
1627756,Denzel Valentine,1610612741,0021900247,Floating Jump shot,1,1,In The Paint (Non-RA)
1629632,Coby White,1610612741,0021900247,Jump Shot,1,0,Above the Break 3
1627885,Shaquille Harrison,1610612741,0021900247,Layup Shot,1,0,Restricted Area
1629632,Coby White,1610612741,0021900247,Layup Shot,1,0,Restricted Area
1627885,Shaquille Harrison,1610612741,0021900247,Jump Shot,1,0,Mid-Range
1628990,Chandler Hutchison,1610612741,0021900247,Jump Shot,1,1,Right Corner 3
203897,Zach LaVine,1610612741,0021900266,Pullup Jump shot,1,1,Above the Break 3
203107,Tomas Satoransky,1610612741,0021900266,Driving Floating Jump Shot,1,0,In The Paint (Non-RA)
203897,Zach LaVine,1610612741,0021900266,Jump Shot,1,0,Mid-Range
1628374,Lauri Markkanen,1610612741,0021900266,Jump Shot,1,1,Left Corner 3
203897,Zach LaVine,1610612741,0021900266,Running Dunk Shot,1,1,Restricted Area
203897,Zach LaVine,1610612741,0021900266,Jump Shot,1,0,Right Corner 3
1628374,Lauri Markkanen,1610612741,0021900266,Jump Shot,1,0,Above the Break 3
1628374,Lauri Markkanen,1610612741,0021900266,Driving Floating Jump Shot,1,0,In The Paint (Non-RA)
203107,Tomas Satoransky,1610612741,0021900266,Driving Hook Shot,1,0,In The Paint (Non-RA)
1627739,Kris Dunn,1610612741,0021900266,Jump Shot,1,0,In The Paint (Non-RA)
1628374,Lauri Markkanen,1610612741,0021900266,Jump Shot,1,0,Above the Break 3
203107,Tomas Satoransky,1610612741,0021900266,Running Jump Shot,1,1,Left Corner 3
203897,Zach LaVine,1610612741,0021900266,Jump Shot,1,0,Left Corner 3
1629632,Coby White,1610612741,0021900266,Driving Floating Jump Shot,1,0,In The Paint (Non-RA)
1629655,Daniel Gafford,1610612741,0021900266,Layup Shot,1,1,Restricted Area
1627739,Kris Dunn,1610612741,0021900266,Driving Layup Shot,1,0,Restricted Area
201152,Thaddeus Young,1610612741,0021900266,Tip Layup Shot,1,0,Restricted Area
201152,Thaddeus Young,1610612741,0021900266,Driving Floating Jump Shot,1,0,In The Paint (Non-RA)
1627756,Denzel Valentine,1610612741,0021900266,Driving Floating Jump Shot,1,0,In The Paint (Non-RA)
1627853,Ryan Arcidiacono,1610612741,0021900266,Running Layup Shot,1,0,Restricted Area
1629632,Coby White,1610612741,0021900266,Driving Layup Shot,1,0,Restricted Area
201152,Thaddeus Young,1610612741,0021900266,Jump Bank Shot,1,1,Above the Break 3
201152,Thaddeus Young,1610612741,0021900266,Driving Layup Shot,1,0,Restricted Area
1627756,Denzel Valentine,1610612741,0021900266,Pullup Jump shot,1,0,Above the Break 3
1628976,Wendell Carter Jr.,1610612741,0021900266,Hook Shot,1,0,In The Paint (Non-RA)
1628976,Wendell Carter Jr.,1610612741,0021900266,Layup Shot,1,1,Restricted Area
203897,Zach LaVine,1610612741,0021900266,Driving Floating Bank Jump Shot,1,0,In The Paint (Non-RA)
1629632,Coby White,1610612741,0021900266,Driving Layup Shot,1,0,Restricted Area
203897,Zach LaVine,1610612741,0021900266,Pullup Jump shot,1,1,Right Corner 3
1628374,Lauri Markkanen,1610612741,0021900266,Alley Oop Dunk Shot,1,1,Restricted Area
203897,Zach LaVine,1610612741,0021900266,Turnaround Fadeaway shot,1,0,In The Paint (Non-RA)
203897,Zach LaVine,1610612741,0021900266,Running Finger Roll Layup Shot,1,0,In The Paint (Non-RA)
1629632,Coby White,1610612741,0021900266,Jump Shot,1,0,Above the Break 3
1628976,Wendell Carter Jr.,1610612741,0021900266,Layup Shot,1,1,Restricted Area
1628976,Wendell Carter Jr.,1610612741,0021900266,Dunk Shot,1,0,Restricted Area
203897,Zach LaVine,1610612741,0021900266,Cutting Dunk Shot,1,1,Restricted Area
203897,Zach LaVine,1610612741,0021900266,Driving Dunk Shot,1,1,Restricted Area
203897,Zach LaVine,1610612741,0021900266,Jump Shot,1,1,Above the Break 3
203897,Zach LaVine,1610612741,0021900266,Driving Layup Shot,1,1,Restricted Area
203897,Zach LaVine,1610612741,0021900266,Jump Shot,1,0,Mid-Range
203107,Tomas Satoransky,1610612741,0021900266,Layup Shot,1,0,In The Paint (Non-RA)
203897,Zach LaVine,1610612741,0021900266,Jump Shot,1,1,Above the Break 3
203897,Zach LaVine,1610612741,0021900266,Pullup Jump shot,1,0,Above the Break 3
203107,Tomas Satoransky,1610612741,0021900266,Jump Shot,1,1,Above the Break 3
1627885,Shaquille Harrison,1610612741,0021900266,Jump Shot,1,1,Right Corner 3
1628374,Lauri Markkanen,1610612741,0021900266,Jump Shot,1,0,Above the Break 3
1628976,Wendell Carter Jr.,1610612741,0021900266,Jump Shot,1,0,In The Paint (Non-RA)
203897,Zach LaVine,1610612741,0021900266,Jump Shot,1,0,Left Corner 3
1628976,Wendell Carter Jr.,1610612741,0021900266,Jump Shot,1,0,In The Paint (Non-RA)
1627885,Shaquille Harrison,1610612741,0021900266,Jump Shot,1,0,Above the Break 3
1628374,Lauri Markkanen,1610612741,0021900266,Tip Dunk Shot,1,1,Restricted Area
203897,Zach LaVine,1610612741,0021900266,Pullup Jump shot,1,0,Above the Break 3
1627885,Shaquille Harrison,1610612741,0021900266,Running Dunk Shot,1,1,Restricted Area
203107,Tomas Satoransky,1610612741,0021900266,Pullup Jump shot,1,1,Mid-Range
1628374,Lauri Markkanen,1610612741,0021900266,Driving Dunk Shot,1,0,In The Paint (Non-RA)
1628976,Wendell Carter Jr.,1610612741,0021900266,Layup Shot,1,1,Restricted Area
1628374,Lauri Markkanen,1610612741,0021900266,Running Layup Shot,1,0,In The Paint (Non-RA)
203897,Zach LaVine,1610612741,0021900266,Driving Layup Shot,1,1,Restricted Area
1628374,Lauri Markkanen,1610612741,0021900266,Fadeaway Jump Shot,1,0,Mid-Range
1628976,Wendell Carter Jr.,1610612741,0021900266,Dunk Shot,1,1,Restricted Area
203107,Tomas Satoransky,1610612741,0021900266,Driving Layup Shot,1,1,Restricted Area
203897,Zach LaVine,1610612741,0021900266,Running Finger Roll Layup Shot,1,1,Restricted Area
201152,Thaddeus Young,1610612741,0021900266,Running Finger Roll Layup Shot,1,1,Restricted Area
201152,Thaddeus Young,1610612741,0021900266,Running Layup Shot,1,0,In The Paint (Non-RA)
1629632,Coby White,1610612741,0021900266,Jump Shot,1,0,Above the Break 3
203107,Tomas Satoransky,1610612741,0021900266,Step Back Jump shot,1,1,Mid-Range
1628436,Luke Kornet,1610612741,0021900266,Running Jump Shot,1,0,Above the Break 3
1627853,Ryan Arcidiacono,1610612741,0021900266,Floating Jump shot,1,1,Mid-Range
1627739,Kris Dunn,1610612741,0021900266,Jump Shot,1,0,Backcourt
1627853,Ryan Arcidiacono,1610612741,0021900266,Driving Layup Shot,1,0,In The Paint (Non-RA)
1629632,Coby White,1610612741,0021900266,Jump Shot,1,0,Above the Break 3
201152,Thaddeus Young,1610612741,0021900266,Driving Floating Jump Shot,1,0,In The Paint (Non-RA)
1628976,Wendell Carter Jr.,1610612741,0021900266,Running Layup Shot,1,0,Restricted Area
1627739,Kris Dunn,1610612741,0021900266,Jump Shot,1,0,Left Corner 3
203897,Zach LaVine,1610612741,0021900266,Running Jump Shot,1,1,In The Paint (Non-RA)
203897,Zach LaVine,1610612741,0021900266,Running Dunk Shot,1,1,Restricted Area
1627739,Kris Dunn,1610612741,0021900266,Driving Layup Shot,1,0,In The Paint (Non-RA)
203897,Zach LaVine,1610612741,0021900266,Step Back Jump shot,1,1,Mid-Range
203107,Tomas Satoransky,1610612741,0021900266,Driving Layup Shot,1,1,Restricted Area
203897,Zach LaVine,1610612741,0021900266,Jump Shot,1,0,In The Paint (Non-RA)
203107,Tomas Satoransky,1610612741,0021900266,Pullup Jump shot,1,0,Above the Break 3
203107,Tomas Satoransky,1610612741,0021900266,Jump Shot,1,0,Left Corner 3
1628976,Wendell Carter Jr.,1610612741,0021900266,Layup Shot,1,0,In The Paint (Non-RA)
1629632,Coby White,1610612741,0021900266,Jump Shot,1,0,Above the Break 3
203107,Tomas Satoransky,1610612741,0021900266,Jump Shot,1,1,Left Corner 3
1627885,Shaquille Harrison,1610612741,0021900266,Driving Floating Bank Jump Shot,1,1,In The Paint (Non-RA)
1627885,Shaquille Harrison,1610612741,0021900266,Fadeaway Jump Shot,1,0,Mid-Range
1627885,Shaquille Harrison,1610612741,0021900266,Driving Layup Shot,1,0,In The Paint (Non-RA)
1627885,Shaquille Harrison,1610612741,0021900266,Reverse Layup Shot,1,0,Restricted Area
1628976,Wendell Carter Jr.,1610612741,0021900278,Cutting Dunk Shot,1,1,Restricted Area
203897,Zach LaVine,1610612741,0021900278,Driving Floating Jump Shot,1,0,In The Paint (Non-RA)
1627739,Kris Dunn,1610612741,0021900278,Driving Floating Jump Shot,1,0,In The Paint (Non-RA)
1628976,Wendell Carter Jr.,1610612741,0021900278,Putback Dunk Shot,1,1,Restricted Area
1628976,Wendell Carter Jr.,1610612741,0021900278,Turnaround Fadeaway shot,1,0,Mid-Range
203107,Tomas Satoransky,1610612741,0021900278,Pullup Jump shot,1,0,Mid-Range
203107,Tomas Satoransky,1610612741,0021900278,Jump Shot,1,1,Above the Break 3
203107,Tomas Satoransky,1610612741,0021900278,Driving Layup Shot,1,1,Restricted Area
1628374,Lauri Markkanen,1610612741,0021900278,Driving Layup Shot,1,0,Restricted Area
1627739,Kris Dunn,1610612741,0021900278,Driving Layup Shot,1,1,Restricted Area
1627739,Kris Dunn,1610612741,0021900278,Jump Shot,1,0,Above the Break 3
1628374,Lauri Markkanen,1610612741,0021900278,Jump Shot,1,0,Above the Break 3
203897,Zach LaVine,1610612741,0021900278,Step Back Jump shot,1,1,Above the Break 3
203107,Tomas Satoransky,1610612741,0021900278,Driving Layup Shot,1,0,Restricted Area
1628976,Wendell Carter Jr.,1610612741,0021900278,Floating Jump shot,1,0,In The Paint (Non-RA)
203897,Zach LaVine,1610612741,0021900278,Driving Layup Shot,1,1,Restricted Area
203897,Zach LaVine,1610612741,0021900278,Pullup Jump shot,1,1,Above the Break 3
1628976,Wendell Carter Jr.,1610612741,0021900278,Driving Dunk Shot,1,1,Restricted Area
1629632,Coby White,1610612741,0021900278,Driving Layup Shot,1,0,Restricted Area
203897,Zach LaVine,1610612741,0021900278,Jump Shot,1,0,Above the Break 3
1629632,Coby White,1610612741,0021900278,Pullup Jump shot,1,1,Mid-Range
1627853,Ryan Arcidiacono,1610612741,0021900278,Pullup Jump shot,1,0,In The Paint (Non-RA)
201152,Thaddeus Young,1610612741,0021900278,Jump Shot,1,1,Above the Break 3
1629632,Coby White,1610612741,0021900278,Driving Layup Shot,1,1,Restricted Area
201152,Thaddeus Young,1610612741,0021900278,Jump Shot,1,0,Left Corner 3
1627853,Ryan Arcidiacono,1610612741,0021900278,Driving Floating Jump Shot,1,0,In The Paint (Non-RA)
1629632,Coby White,1610612741,0021900278,Step Back Jump shot,1,0,Above the Break 3
1627853,Ryan Arcidiacono,1610612741,0021900278,Jump Shot,1,0,Above the Break 3
1629655,Daniel Gafford,1610612741,0021900278,Alley Oop Dunk Shot,1,1,Restricted Area
1628976,Wendell Carter Jr.,1610612741,0021900278,Turnaround Hook Shot,1,0,In The Paint (Non-RA)
1628976,Wendell Carter Jr.,1610612741,0021900278,Jump Shot,1,0,Mid-Range
1629632,Coby White,1610612741,0021900278,Jump Shot,1,0,Right Corner 3
1629632,Coby White,1610612741,0021900278,Jump Shot,1,0,Above the Break 3
1628976,Wendell Carter Jr.,1610612741,0021900278,Driving Layup Shot,1,0,Restricted Area
203897,Zach LaVine,1610612741,0021900278,Fadeaway Jump Shot,1,0,Mid-Range
1628976,Wendell Carter Jr.,1610612741,0021900278,Hook Shot,1,0,Restricted Area
1628976,Wendell Carter Jr.,1610612741,0021900278,Cutting Layup Shot,1,0,Restricted Area
1628976,Wendell Carter Jr.,1610612741,0021900278,Jump Shot,1,0,Left Corner 3
1627739,Kris Dunn,1610612741,0021900278,Running Pull-Up Jump Shot,1,1,In The Paint (Non-RA)
1628374,Lauri Markkanen,1610612741,0021900278,Driving Floating Jump Shot,1,0,In The Paint (Non-RA)
203897,Zach LaVine,1610612741,0021900278,Pullup Jump shot,1,0,Mid-Range
203897,Zach LaVine,1610612741,0021900278,Jump Shot,1,1,Above the Break 3
1627739,Kris Dunn,1610612741,0021900278,Jump Shot,1,1,Above the Break 3
203107,Tomas Satoransky,1610612741,0021900278,Jump Shot,1,0,Above the Break 3
203897,Zach LaVine,1610612741,0021900278,Driving Layup Shot,1,1,Restricted Area
203897,Zach LaVine,1610612741,0021900278,Jump Shot,1,0,Above the Break 3
1628374,Lauri Markkanen,1610612741,0021900278,Jump Shot,1,0,Above the Break 3
1628374,Lauri Markkanen,1610612741,0021900278,Fadeaway Jump Shot,1,0,In The Paint (Non-RA)
1628374,Lauri Markkanen,1610612741,0021900278,Jump Shot,1,0,Above the Break 3
203897,Zach LaVine,1610612741,0021900278,Floating Jump shot,1,0,In The Paint (Non-RA)
1627739,Kris Dunn,1610612741,0021900278,Driving Floating Jump Shot,1,0,In The Paint (Non-RA)
1628976,Wendell Carter Jr.,1610612741,0021900278,Driving Layup Shot,1,1,Restricted Area
203897,Zach LaVine,1610612741,0021900278,Driving Dunk Shot,1,1,Restricted Area
203107,Tomas Satoransky,1610612741,0021900278,Jump Shot,1,1,Above the Break 3
1628374,Lauri Markkanen,1610612741,0021900278,Jump Shot,1,1,Right Corner 3
203897,Zach LaVine,1610612741,0021900278,Driving Layup Shot,1,0,Restricted Area
203107,Tomas Satoransky,1610612741,0021900278,Jump Shot,1,0,Left Corner 3
1628374,Lauri Markkanen,1610612741,0021900278,Jump Shot,1,0,Above the Break 3
203897,Zach LaVine,1610612741,0021900278,Jump Shot,1,0,Right Corner 3
1629632,Coby White,1610612741,0021900278,Step Back Jump shot,1,1,Above the Break 3
1628374,Lauri Markkanen,1610612741,0021900278,Driving Layup Shot,1,1,Restricted Area
1628374,Lauri Markkanen,1610612741,0021900278,Cutting Layup Shot,1,1,Restricted Area
203897,Zach LaVine,1610612741,0021900278,Jump Shot,1,1,Above the Break 3
201152,Thaddeus Young,1610612741,0021900278,Floating Jump shot,1,1,In The Paint (Non-RA)
203897,Zach LaVine,1610612741,0021900278,Pullup Jump shot,1,0,Above the Break 3
1629632,Coby White,1610612741,0021900278,Jump Shot,1,1,Above the Break 3
1629632,Coby White,1610612741,0021900278,Step Back Jump shot,1,0,Mid-Range
1627756,Denzel Valentine,1610612741,0021900278,Jump Shot,1,0,Right Corner 3
201152,Thaddeus Young,1610612741,0021900278,Pullup Jump shot,1,0,Backcourt
1629632,Coby White,1610612741,0021900278,Step Back Jump shot,1,0,Above the Break 3
1629632,Coby White,1610612741,0021900278,Driving Layup Shot,1,1,Restricted Area
1629632,Coby White,1610612741,0021900278,Jump Shot,1,0,Above the Break 3
203897,Zach LaVine,1610612741,0021900278,Jump Shot,1,0,Above the Break 3
201152,Thaddeus Young,1610612741,0021900278,Putback Layup Shot,1,0,Restricted Area
1627853,Ryan Arcidiacono,1610612741,0021900278,Jump Shot,1,1,Above the Break 3
201152,Thaddeus Young,1610612741,0021900278,Driving Reverse Layup Shot,1,0,Restricted Area
1628976,Wendell Carter Jr.,1610612741,0021900278,Driving Layup Shot,1,0,Restricted Area
1629632,Coby White,1610612741,0021900278,Driving Floating Jump Shot,1,0,In The Paint (Non-RA)
1628976,Wendell Carter Jr.,1610612741,0021900278,Alley Oop Dunk Shot,1,1,Restricted Area
1628976,Wendell Carter Jr.,1610612741,0021900278,Dunk Shot,1,1,Restricted Area
203897,Zach LaVine,1610612741,0021900278,Pullup Jump shot,1,0,Mid-Range
1628374,Lauri Markkanen,1610612741,0021900278,Jump Shot,1,1,Above the Break 3
203897,Zach LaVine,1610612741,0021900278,Running Layup Shot,1,0,Restricted Area
203897,Zach LaVine,1610612741,0021900278,Driving Reverse Layup Shot,1,0,Restricted Area
1627739,Kris Dunn,1610612741,0021900278,Driving Floating Jump Shot,1,1,In The Paint (Non-RA)
1628374,Lauri Markkanen,1610612741,0021900278,Jump Shot,1,0,Above the Break 3
1628976,Wendell Carter Jr.,1610612741,0021900278,Jump Shot,1,1,Mid-Range
203897,Zach LaVine,1610612741,0021900278,Fadeaway Jump Shot,1,0,Mid-Range
203107,Tomas Satoransky,1610612741,0021900278,Driving Floating Jump Shot,1,1,In The Paint (Non-RA)
1628374,Lauri Markkanen,1610612741,0021900278,Driving Layup Shot,1,0,Restricted Area
203897,Zach LaVine,1610612741,0021900278,Running Pull-Up Jump Shot,1,0,Above the Break 3
203897,Zach LaVine,1610612741,0021900278,Jump Shot,1,1,Left Corner 3
203897,Zach LaVine,1610612741,0021900278,Driving Layup Shot,1,0,Restricted Area
1628374,Lauri Markkanen,1610612741,0021900278,Putback Layup Shot,1,0,Restricted Area
1628374,Lauri Markkanen,1610612741,0021900298,Jump Shot,1,0,Above the Break 3
203107,Tomas Satoransky,1610612741,0021900298,Layup Shot,1,1,Restricted Area
1627739,Kris Dunn,1610612741,0021900298,Jump Shot,1,0,Left Corner 3
203107,Tomas Satoransky,1610612741,0021900298,Jump Shot,1,0,Above the Break 3
1627739,Kris Dunn,1610612741,0021900298,Running Dunk Shot,1,1,Restricted Area
1628976,Wendell Carter Jr.,1610612741,0021900298,Jump Shot,1,0,Above the Break 3
203897,Zach LaVine,1610612741,0021900298,Driving Layup Shot,1,0,Restricted Area
1628374,Lauri Markkanen,1610612741,0021900298,Jump Shot,1,1,Above the Break 3
1627739,Kris Dunn,1610612741,0021900298,Driving Layup Shot,1,0,Restricted Area
203107,Tomas Satoransky,1610612741,0021900298,Jump Shot,1,0,Above the Break 3
1628374,Lauri Markkanen,1610612741,0021900298,Pullup Jump shot,1,0,Mid-Range
1628374,Lauri Markkanen,1610612741,0021900298,Driving Layup Shot,1,0,Restricted Area
1629632,Coby White,1610612741,0021900298,Jump Shot,1,0,Above the Break 3
203897,Zach LaVine,1610612741,0021900298,Step Back Jump shot,1,1,Above the Break 3
203897,Zach LaVine,1610612741,0021900298,Jump Shot,1,0,Above the Break 3
201152,Thaddeus Young,1610612741,0021900298,Cutting Layup Shot,1,1,In The Paint (Non-RA)
1627853,Ryan Arcidiacono,1610612741,0021900298,Jump Shot,1,0,Above the Break 3
1627756,Denzel Valentine,1610612741,0021900298,Jump Shot,1,0,Above the Break 3
201152,Thaddeus Young,1610612741,0021900298,Jump Shot,1,1,Right Corner 3
1629632,Coby White,1610612741,0021900298,Driving Layup Shot,1,1,In The Paint (Non-RA)
1629655,Daniel Gafford,1610612741,0021900298,Dunk Shot,1,1,Restricted Area
201152,Thaddeus Young,1610612741,0021900298,Alley Oop Layup shot,1,0,Restricted Area
1629632,Coby White,1610612741,0021900298,Running Layup Shot,1,0,Restricted Area
1629655,Daniel Gafford,1610612741,0021900298,Alley Oop Layup shot,1,1,Restricted Area
1627756,Denzel Valentine,1610612741,0021900298,Jump Shot,1,1,Left Corner 3
1627853,Ryan Arcidiacono,1610612741,0021900298,Step Back Jump shot,1,1,Above the Break 3
1629632,Coby White,1610612741,0021900298,Jump Shot,1,1,Above the Break 3
201152,Thaddeus Young,1610612741,0021900298,Jump Shot,1,0,Left Corner 3
1629632,Coby White,1610612741,0021900298,Pullup Jump shot,1,0,Above the Break 3
1628976,Wendell Carter Jr.,1610612741,0021900298,Hook Shot,1,1,In The Paint (Non-RA)
1628374,Lauri Markkanen,1610612741,0021900298,Jump Shot,1,1,Above the Break 3
1627739,Kris Dunn,1610612741,0021900298,Running Layup Shot,1,1,Restricted Area
1628976,Wendell Carter Jr.,1610612741,0021900298,Dunk Shot,1,1,Restricted Area
1627739,Kris Dunn,1610612741,0021900298,Cutting Dunk Shot,1,1,Restricted Area
203107,Tomas Satoransky,1610612741,0021900298,Jump Shot,1,0,Left Corner 3
1628374,Lauri Markkanen,1610612741,0021900298,Driving Dunk Shot,1,1,Restricted Area
1628374,Lauri Markkanen,1610612741,0021900298,Jump Shot,1,1,Above the Break 3
203897,Zach LaVine,1610612741,0021900298,Driving Reverse Layup Shot,1,1,Restricted Area
1628976,Wendell Carter Jr.,1610612741,0021900298,Layup Shot,1,0,Restricted Area
203897,Zach LaVine,1610612741,0021900298,Pullup Jump shot,1,0,In The Paint (Non-RA)
203897,Zach LaVine,1610612741,0021900298,Jump Shot,1,1,Right Corner 3
203897,Zach LaVine,1610612741,0021900298,Driving Layup Shot,1,1,Restricted Area
1628374,Lauri Markkanen,1610612741,0021900298,Running Layup Shot,1,1,Restricted Area
203107,Tomas Satoransky,1610612741,0021900298,Driving Layup Shot,1,0,In The Paint (Non-RA)
1628976,Wendell Carter Jr.,1610612741,0021900298,Putback Dunk Shot,1,1,Restricted Area
203897,Zach LaVine,1610612741,0021900298,Jump Shot,1,1,Above the Break 3
1627739,Kris Dunn,1610612741,0021900298,Floating Jump shot,1,0,In The Paint (Non-RA)
1628976,Wendell Carter Jr.,1610612741,0021900298,Putback Layup Shot,1,1,Restricted Area
1628976,Wendell Carter Jr.,1610612741,0021900298,Alley Oop Dunk Shot,1,0,Restricted Area
1628374,Lauri Markkanen,1610612741,0021900298,Jump Shot,1,0,Above the Break 3
203897,Zach LaVine,1610612741,0021900298,Layup Shot,1,0,In The Paint (Non-RA)
1627739,Kris Dunn,1610612741,0021900298,Jump Shot,1,0,Above the Break 3
203107,Tomas Satoransky,1610612741,0021900298,Floating Jump shot,1,1,In The Paint (Non-RA)
203897,Zach LaVine,1610612741,0021900298,Step Back Jump shot,1,0,Above the Break 3
201152,Thaddeus Young,1610612741,0021900298,Hook Shot,1,0,In The Paint (Non-RA)
201152,Thaddeus Young,1610612741,0021900298,Turnaround Hook Shot,1,1,In The Paint (Non-RA)
1627756,Denzel Valentine,1610612741,0021900298,Fadeaway Jump Shot,1,1,Right Corner 3
1629655,Daniel Gafford,1610612741,0021900298,Running Layup Shot,1,1,Restricted Area
1627756,Denzel Valentine,1610612741,0021900298,Pullup Jump shot,1,0,Mid-Range
1629632,Coby White,1610612741,0021900298,Floating Jump shot,1,0,In The Paint (Non-RA)
1627756,Denzel Valentine,1610612741,0021900298,Jump Shot,1,0,Above the Break 3
1629632,Coby White,1610612741,0021900298,Jump Shot,1,1,Above the Break 3
1629632,Coby White,1610612741,0021900298,Jump Shot,1,1,Above the Break 3
1628976,Wendell Carter Jr.,1610612741,0021900298,Layup Shot,1,0,Restricted Area
203107,Tomas Satoransky,1610612741,0021900298,Fadeaway Jump Shot,1,0,Mid-Range
1629632,Coby White,1610612741,0021900298,Jump Shot,1,0,Above the Break 3
1628374,Lauri Markkanen,1610612741,0021900298,Jump Shot,1,0,Above the Break 3
203897,Zach LaVine,1610612741,0021900298,Layup Shot,1,0,Restricted Area
1628374,Lauri Markkanen,1610612741,0021900298,Jump Shot,1,1,Left Corner 3
1628374,Lauri Markkanen,1610612741,0021900298,Jump Shot,1,0,Above the Break 3
203897,Zach LaVine,1610612741,0021900298,Jump Shot,1,1,Above the Break 3
203107,Tomas Satoransky,1610612741,0021900298,Fadeaway Jump Shot,1,1,In The Paint (Non-RA)
203107,Tomas Satoransky,1610612741,0021900298,Jump Shot,1,0,Above the Break 3
1627739,Kris Dunn,1610612741,0021900298,Jump Shot,1,0,Above the Break 3
203897,Zach LaVine,1610612741,0021900298,Jump Shot,1,1,Above the Break 3
1628374,Lauri Markkanen,1610612741,0021900311,Jump Shot,1,1,Above the Break 3
1628976,Wendell Carter Jr.,1610612741,0021900311,Pullup Jump shot,1,1,Mid-Range
1627739,Kris Dunn,1610612741,0021900311,Pullup Jump shot,1,1,Mid-Range
1628374,Lauri Markkanen,1610612741,0021900311,Jump Shot,1,1,Above the Break 3
203107,Tomas Satoransky,1610612741,0021900311,Driving Floating Jump Shot,1,0,In The Paint (Non-RA)
1628976,Wendell Carter Jr.,1610612741,0021900311,Turnaround Hook Shot,1,0,In The Paint (Non-RA)
1628976,Wendell Carter Jr.,1610612741,0021900311,Jump Shot,1,0,Mid-Range
203897,Zach LaVine,1610612741,0021900311,Jump Shot,1,1,Right Corner 3
1627739,Kris Dunn,1610612741,0021900311,Jump Shot,1,0,Above the Break 3
203107,Tomas Satoransky,1610612741,0021900311,Driving Layup Shot,1,0,Restricted Area
1628374,Lauri Markkanen,1610612741,0021900311,Turnaround Hook Shot,1,1,In The Paint (Non-RA)
1627739,Kris Dunn,1610612741,0021900311,Driving Layup Shot,1,1,Restricted Area
1628374,Lauri Markkanen,1610612741,0021900311,Jump Shot,1,0,Above the Break 3
203897,Zach LaVine,1610612741,0021900311,Alley Oop Dunk Shot,1,1,Restricted Area
203897,Zach LaVine,1610612741,0021900311,Reverse Layup Shot,1,1,Restricted Area
1629632,Coby White,1610612741,0021900311,Floating Jump shot,1,0,In The Paint (Non-RA)
1627853,Ryan Arcidiacono,1610612741,0021900311,Jump Shot,1,0,Mid-Range
1629632,Coby White,1610612741,0021900311,Running Layup Shot,1,0,Restricted Area
1627756,Denzel Valentine,1610612741,0021900311,Jump Shot,1,0,Right Corner 3
201152,Thaddeus Young,1610612741,0021900311,Driving Layup Shot,1,0,Restricted Area
1627853,Ryan Arcidiacono,1610612741,0021900311,Jump Shot,1,0,Above the Break 3
1627853,Ryan Arcidiacono,1610612741,0021900311,Jump Shot,1,1,Above the Break 3
201152,Thaddeus Young,1610612741,0021900311,Layup Shot,1,0,In The Paint (Non-RA)
1627756,Denzel Valentine,1610612741,0021900311,Jump Shot,1,1,Above the Break 3
201152,Thaddeus Young,1610612741,0021900311,Layup Shot,1,0,Restricted Area
201152,Thaddeus Young,1610612741,0021900311,Jump Shot,1,0,Above the Break 3
1629632,Coby White,1610612741,0021900311,Jump Shot,1,0,Above the Break 3
1627756,Denzel Valentine,1610612741,0021900311,Pullup Jump shot,1,1,In The Paint (Non-RA)
1627756,Denzel Valentine,1610612741,0021900311,Jump Shot,1,1,Above the Break 3
1629632,Coby White,1610612741,0021900311,Jump Shot,1,1,Left Corner 3
201152,Thaddeus Young,1610612741,0021900311,Layup Shot,1,1,Restricted Area
1628976,Wendell Carter Jr.,1610612741,0021900311,Layup Shot,1,1,Restricted Area
1628976,Wendell Carter Jr.,1610612741,0021900311,Layup Shot,1,1,Restricted Area
1627739,Kris Dunn,1610612741,0021900311,Jump Shot,1,1,Left Corner 3
1628976,Wendell Carter Jr.,1610612741,0021900311,Cutting Layup Shot,1,1,Restricted Area
203107,Tomas Satoransky,1610612741,0021900311,Jump Shot,1,0,Above the Break 3
1628374,Lauri Markkanen,1610612741,0021900311,Jump Shot,1,0,Above the Break 3
203897,Zach LaVine,1610612741,0021900311,Jump Shot,1,0,Above the Break 3
203897,Zach LaVine,1610612741,0021900311,Driving Layup Shot,1,0,Restricted Area
203107,Tomas Satoransky,1610612741,0021900311,Layup Shot,1,0,Restricted Area
1628374,Lauri Markkanen,1610612741,0021900311,Jump Shot,1,0,Above the Break 3
203107,Tomas Satoransky,1610612741,0021900311,Floating Jump shot,1,0,Mid-Range
203897,Zach LaVine,1610612741,0021900311,Jump Shot,1,0,Above the Break 3
203897,Zach LaVine,1610612741,0021900311,Driving Layup Shot,1,1,Restricted Area
1627739,Kris Dunn,1610612741,0021900311,Jump Shot,1,0,Above the Break 3
1629632,Coby White,1610612741,0021900311,Jump Shot,1,0,Mid-Range
203107,Tomas Satoransky,1610612741,0021900311,Pullup Jump shot,1,1,In The Paint (Non-RA)
1628374,Lauri Markkanen,1610612741,0021900311,Jump Shot,1,1,Above the Break 3
203897,Zach LaVine,1610612741,0021900311,Cutting Dunk Shot,1,1,Restricted Area
1629632,Coby White,1610612741,0021900311,Jump Shot,1,0,Above the Break 3
1628976,Wendell Carter Jr.,1610612741,0021900311,Dunk Shot,1,1,Restricted Area
1628976,Wendell Carter Jr.,1610612741,0021900311,Jump Shot,1,0,Above the Break 3
203107,Tomas Satoransky,1610612741,0021900311,Jump Shot,1,0,Left Corner 3
203897,Zach LaVine,1610612741,0021900311,Jump Shot,1,0,Right Corner 3
1627756,Denzel Valentine,1610612741,0021900311,Jump Shot,1,0,Left Corner 3
1629632,Coby White,1610612741,0021900311,Driving Layup Shot,1,0,Restricted Area
201152,Thaddeus Young,1610612741,0021900311,Step Back Jump shot,1,1,Mid-Range
201152,Thaddeus Young,1610612741,0021900311,Jump Shot,1,1,Left Corner 3
1629655,Daniel Gafford,1610612741,0021900311,Putback Layup Shot,1,1,Restricted Area
1629632,Coby White,1610612741,0021900311,Dunk Shot,1,0,Restricted Area
201152,Thaddeus Young,1610612741,0021900311,Driving Layup Shot,1,0,Restricted Area
1627756,Denzel Valentine,1610612741,0021900311,Floating Jump shot,1,0,Mid-Range
1627853,Ryan Arcidiacono,1610612741,0021900311,Jump Shot,1,0,Left Corner 3
201152,Thaddeus Young,1610612741,0021900311,Layup Shot,1,0,Restricted Area
1627739,Kris Dunn,1610612741,0021900311,Floating Jump shot,1,0,In The Paint (Non-RA)
1627756,Denzel Valentine,1610612741,0021900311,Jump Shot,1,0,Above the Break 3
201152,Thaddeus Young,1610612741,0021900311,Layup Shot,1,0,In The Paint (Non-RA)
203107,Tomas Satoransky,1610612741,0021900311,Layup Shot,1,1,Restricted Area
1628374,Lauri Markkanen,1610612741,0021900311,Jump Shot,1,0,Above the Break 3
203897,Zach LaVine,1610612741,0021900311,Pullup Jump shot,1,0,In The Paint (Non-RA)
203107,Tomas Satoransky,1610612741,0021900311,Running Layup Shot,1,1,Restricted Area
203107,Tomas Satoransky,1610612741,0021900311,Floating Jump shot,1,0,In The Paint (Non-RA)
203897,Zach LaVine,1610612741,0021900311,Jump Shot,1,1,Above the Break 3
203897,Zach LaVine,1610612741,0021900311,Jump Shot,1,1,Mid-Range
1627739,Kris Dunn,1610612741,0021900311,Jump Shot,1,1,Above the Break 3
1628374,Lauri Markkanen,1610612741,0021900311,Jump Shot,1,1,Above the Break 3
203897,Zach LaVine,1610612741,0021900311,Jump Shot,1,0,Mid-Range
1628374,Lauri Markkanen,1610612741,0021900325,Jump Shot,1,0,Above the Break 3
203107,Tomas Satoransky,1610612741,0021900325,Dunk Shot,1,1,Restricted Area
1628374,Lauri Markkanen,1610612741,0021900325,Jump Shot,1,0,Above the Break 3
203107,Tomas Satoransky,1610612741,0021900325,Pullup Jump shot,1,0,In The Paint (Non-RA)
203107,Tomas Satoransky,1610612741,0021900325,Driving Layup Shot,1,1,Restricted Area
1627739,Kris Dunn,1610612741,0021900325,Driving Floating Jump Shot,1,0,In The Paint (Non-RA)
1627739,Kris Dunn,1610612741,0021900325,Tip Layup Shot,1,1,Restricted Area
203897,Zach LaVine,1610612741,0021900325,Pullup Jump shot,1,0,Above the Break 3
1628374,Lauri Markkanen,1610612741,0021900325,Driving Reverse Layup Shot,1,1,Restricted Area
1628374,Lauri Markkanen,1610612741,0021900325,Driving Dunk Shot,1,1,Restricted Area
203897,Zach LaVine,1610612741,0021900325,Driving Layup Shot,1,0,Restricted Area
1627739,Kris Dunn,1610612741,0021900325,Jump Shot,1,1,Right Corner 3
203107,Tomas Satoransky,1610612741,0021900325,Jump Shot,1,0,Above the Break 3
1628374,Lauri Markkanen,1610612741,0021900325,Turnaround Fadeaway shot,1,0,In The Paint (Non-RA)
1628374,Lauri Markkanen,1610612741,0021900325,Cutting Dunk Shot,1,1,Restricted Area
1629655,Daniel Gafford,1610612741,0021900325,Cutting Dunk Shot,1,1,Restricted Area
1628374,Lauri Markkanen,1610612741,0021900325,Jump Shot,1,1,Above the Break 3
203897,Zach LaVine,1610612741,0021900325,Driving Layup Shot,1,0,Restricted Area
1629632,Coby White,1610612741,0021900325,Pullup Jump shot,1,0,Mid-Range
1627756,Denzel Valentine,1610612741,0021900325,Driving Layup Shot,1,0,In The Paint (Non-RA)
1629632,Coby White,1610612741,0021900325,Driving Finger Roll Layup Shot,1,1,Restricted Area
1629632,Coby White,1610612741,0021900325,Pullup Jump shot,1,1,Above the Break 3
1627853,Ryan Arcidiacono,1610612741,0021900325,Jump Shot,1,0,Above the Break 3
1629632,Coby White,1610612741,0021900325,Jump Shot,1,1,Above the Break 3
1628436,Luke Kornet,1610612741,0021900325,Jump Shot,1,0,Above the Break 3
1629632,Coby White,1610612741,0021900325,Step Back Jump shot,1,0,Mid-Range
1628436,Luke Kornet,1610612741,0021900325,Jump Shot,1,0,Left Corner 3
1629632,Coby White,1610612741,0021900325,Driving Dunk Shot,1,0,Restricted Area
1628976,Wendell Carter Jr.,1610612741,0021900325,Floating Jump shot,1,0,In The Paint (Non-RA)
1628976,Wendell Carter Jr.,1610612741,0021900325,Driving Dunk Shot,1,0,Restricted Area
1627756,Denzel Valentine,1610612741,0021900325,Jump Shot,1,1,Above the Break 3
1627756,Denzel Valentine,1610612741,0021900325,Turnaround Jump Shot,1,0,In The Paint (Non-RA)
1629655,Daniel Gafford,1610612741,0021900325,Cutting Dunk Shot,1,1,Restricted Area
1628374,Lauri Markkanen,1610612741,0021900325,Jump Shot,1,1,Above the Break 3
1628374,Lauri Markkanen,1610612741,0021900325,Jump Shot,1,1,Above the Break 3
203897,Zach LaVine,1610612741,0021900325,Jump Shot,1,0,Above the Break 3
1628374,Lauri Markkanen,1610612741,0021900325,Cutting Dunk Shot,1,1,Restricted Area
203107,Tomas Satoransky,1610612741,0021900325,Driving Layup Shot,1,0,Restricted Area
1628976,Wendell Carter Jr.,1610612741,0021900325,Tip Layup Shot,1,1,Restricted Area
1628374,Lauri Markkanen,1610612741,0021900325,Jump Shot,1,0,Right Corner 3
1627739,Kris Dunn,1610612741,0021900325,Jump Shot,1,0,Above the Break 3
1628976,Wendell Carter Jr.,1610612741,0021900325,Fadeaway Jump Shot,1,1,Mid-Range
1627739,Kris Dunn,1610612741,0021900325,Jump Shot,1,0,Above the Break 3
1628976,Wendell Carter Jr.,1610612741,0021900325,Floating Jump shot,1,0,In The Paint (Non-RA)
203897,Zach LaVine,1610612741,0021900325,Cutting Layup Shot,1,1,Restricted Area
203897,Zach LaVine,1610612741,0021900325,Jump Shot,1,1,Above the Break 3
1627739,Kris Dunn,1610612741,0021900325,Step Back Jump shot,1,0,Mid-Range
203897,Zach LaVine,1610612741,0021900325,Jump Shot,1,1,Above the Break 3
1627739,Kris Dunn,1610612741,0021900325,Running Layup Shot,1,1,Restricted Area
203897,Zach LaVine,1610612741,0021900325,Running Layup Shot,1,1,Restricted Area
1628374,Lauri Markkanen,1610612741,0021900325,Jump Shot,1,0,Above the Break 3
203897,Zach LaVine,1610612741,0021900325,Pullup Jump shot,1,1,Mid-Range
1627739,Kris Dunn,1610612741,0021900325,Jump Shot,1,0,Above the Break 3
1627739,Kris Dunn,1610612741,0021900325,Driving Layup Shot,1,1,Restricted Area
203897,Zach LaVine,1610612741,0021900325,Pullup Jump shot,1,0,Mid-Range
1628374,Lauri Markkanen,1610612741,0021900325,Jump Shot,1,0,Above the Break 3
203897,Zach LaVine,1610612741,0021900325,Floating Jump shot,1,1,Restricted Area
203897,Zach LaVine,1610612741,0021900325,Jump Shot,1,1,Above the Break 3
203897,Zach LaVine,1610612741,0021900325,Pullup Jump shot,1,1,Above the Break 3
203897,Zach LaVine,1610612741,0021900325,Step Back Jump shot,1,0,Above the Break 3
1628374,Lauri Markkanen,1610612741,0021900325,Jump Shot,1,0,Above the Break 3
1627853,Ryan Arcidiacono,1610612741,0021900325,Jump Shot,1,1,Above the Break 3
203897,Zach LaVine,1610612741,0021900325,Jump Shot,1,0,Above the Break 3
1629655,Daniel Gafford,1610612741,0021900325,Alley Oop Dunk Shot,1,1,Restricted Area
1629632,Coby White,1610612741,0021900325,Jump Shot,1,1,Above the Break 3
1627756,Denzel Valentine,1610612741,0021900325,Driving Floating Jump Shot,1,1,In The Paint (Non-RA)
1629632,Coby White,1610612741,0021900325,Step Back Jump shot,1,1,Above the Break 3
1627853,Ryan Arcidiacono,1610612741,0021900325,Pullup Jump shot,1,0,Above the Break 3
1629632,Coby White,1610612741,0021900325,Jump Shot,1,0,Above the Break 3
1627756,Denzel Valentine,1610612741,0021900325,Pullup Jump shot,1,0,Above the Break 3
1627756,Denzel Valentine,1610612741,0021900325,Jump Shot,1,1,Above the Break 3
1627853,Ryan Arcidiacono,1610612741,0021900325,Jump Shot,1,0,Above the Break 3
1627756,Denzel Valentine,1610612741,0021900325,Pullup Jump shot,1,0,Mid-Range
1627885,Shaquille Harrison,1610612741,0021900325,Driving Layup Shot,1,1,Restricted Area
1629632,Coby White,1610612741,0021900325,Pullup Jump shot,1,0,Mid-Range
1627756,Denzel Valentine,1610612741,0021900325,Jump Shot,1,1,Above the Break 3
203107,Tomas Satoransky,1610612741,0021900325,Pullup Jump shot,1,0,In The Paint (Non-RA)
203897,Zach LaVine,1610612741,0021900325,Jump Shot,1,0,Mid-Range
1627739,Kris Dunn,1610612741,0021900325,Driving Floating Jump Shot,1,0,In The Paint (Non-RA)
1628374,Lauri Markkanen,1610612741,0021900325,Jump Shot,1,0,Above the Break 3
203107,Tomas Satoransky,1610612741,0021900325,Driving Floating Bank Jump Shot,1,1,Restricted Area
203897,Zach LaVine,1610612741,0021900325,Pullup Jump shot,1,0,Above the Break 3
1628374,Lauri Markkanen,1610612741,0021900325,Jump Shot,1,1,Above the Break 3
1627739,Kris Dunn,1610612741,0021900325,Driving Layup Shot,1,0,Restricted Area
203897,Zach LaVine,1610612741,0021900325,Layup Shot,1,0,In The Paint (Non-RA)
1628374,Lauri Markkanen,1610612741,0021900325,Turnaround Jump Shot,1,0,Mid-Range
203897,Zach LaVine,1610612741,0021900325,Fadeaway Jump Shot,1,0,Mid-Range
203897,Zach LaVine,1610612741,0021900325,Pullup Jump shot,1,0,Above the Break 3
203897,Zach LaVine,1610612741,0021900337,Pullup Jump shot,1,1,Mid-Range
203897,Zach LaVine,1610612741,0021900337,Driving Layup Shot,1,0,Restricted Area
1628374,Lauri Markkanen,1610612741,0021900337,Jump Shot,1,1,Above the Break 3
203107,Tomas Satoransky,1610612741,0021900337,Driving Floating Jump Shot,1,0,Restricted Area
1628374,Lauri Markkanen,1610612741,0021900337,Jump Shot,1,0,Above the Break 3
1628976,Wendell Carter Jr.,1610612741,0021900337,Turnaround Hook Shot,1,0,In The Paint (Non-RA)
203897,Zach LaVine,1610612741,0021900337,Pullup Jump shot,1,0,Mid-Range
203107,Tomas Satoransky,1610612741,0021900337,Driving Layup Shot,1,0,Restricted Area
1628374,Lauri Markkanen,1610612741,0021900337,Putback Layup Shot,1,1,Restricted Area
1628976,Wendell Carter Jr.,1610612741,0021900337,Dunk Shot,1,1,Restricted Area
203897,Zach LaVine,1610612741,0021900337,Fadeaway Jump Shot,1,0,In The Paint (Non-RA)
203107,Tomas Satoransky,1610612741,0021900337,Pullup Jump shot,1,1,In The Paint (Non-RA)
1627739,Kris Dunn,1610612741,0021900337,Floating Jump shot,1,1,In The Paint (Non-RA)
203107,Tomas Satoransky,1610612741,0021900337,Jump Shot,1,0,Above the Break 3
201152,Thaddeus Young,1610612741,0021900337,Driving Layup Shot,1,1,Restricted Area
1629632,Coby White,1610612741,0021900337,Jump Shot,1,1,Above the Break 3
1627853,Ryan Arcidiacono,1610612741,0021900337,Jump Shot,1,0,Above the Break 3
1629632,Coby White,1610612741,0021900337,Jump Shot,1,0,Above the Break 3
201152,Thaddeus Young,1610612741,0021900337,Jump Shot,1,0,Left Corner 3
1627756,Denzel Valentine,1610612741,0021900337,Jump Shot,1,1,Left Corner 3
201152,Thaddeus Young,1610612741,0021900337,Driving Hook Shot,1,1,In The Paint (Non-RA)
201152,Thaddeus Young,1610612741,0021900337,Hook Shot,1,0,In The Paint (Non-RA)
1627756,Denzel Valentine,1610612741,0021900337,Floating Jump shot,1,1,Mid-Range
201152,Thaddeus Young,1610612741,0021900337,Jump Shot,1,1,Above the Break 3
1627756,Denzel Valentine,1610612741,0021900337,Jump Shot,1,0,Right Corner 3
201152,Thaddeus Young,1610612741,0021900337,Driving Hook Shot,1,0,In The Paint (Non-RA)
1629632,Coby White,1610612741,0021900337,Jump Shot,1,0,Above the Break 3
203897,Zach LaVine,1610612741,0021900337,Jump Shot,1,0,Mid-Range
1627739,Kris Dunn,1610612741,0021900337,Driving Layup Shot,1,1,Restricted Area
203107,Tomas Satoransky,1610612741,0021900337,Jump Bank Shot,1,0,Mid-Range
203107,Tomas Satoransky,1610612741,0021900337,Cutting Layup Shot,1,1,Restricted Area
1627739,Kris Dunn,1610612741,0021900337,Driving Layup Shot,1,0,Restricted Area
203107,Tomas Satoransky,1610612741,0021900337,Driving Hook Shot,1,0,In The Paint (Non-RA)
1628976,Wendell Carter Jr.,1610612741,0021900337,Driving Layup Shot,1,1,Restricted Area
203897,Zach LaVine,1610612741,0021900337,Pullup Jump shot,1,1,Above the Break 3
203897,Zach LaVine,1610612741,0021900337,Jump Shot,1,0,Above the Break 3
203897,Zach LaVine,1610612741,0021900337,Driving Dunk Shot,1,1,Restricted Area
203897,Zach LaVine,1610612741,0021900337,Pullup Jump shot,1,0,Above the Break 3
1628374,Lauri Markkanen,1610612741,0021900337,Jump Shot,1,1,Above the Break 3
203107,Tomas Satoransky,1610612741,0021900337,Driving Floating Jump Shot,1,0,Restricted Area
1627739,Kris Dunn,1610612741,0021900337,Driving Layup Shot,1,0,Restricted Area
203897,Zach LaVine,1610612741,0021900337,Pullup Jump shot,1,0,Above the Break 3
1627739,Kris Dunn,1610612741,0021900337,Driving Finger Roll Layup Shot,1,1,Restricted Area
1628374,Lauri Markkanen,1610612741,0021900337,Jump Shot,1,1,Right Corner 3
1628374,Lauri Markkanen,1610612741,0021900337,Jump Shot,1,0,Above the Break 3
203897,Zach LaVine,1610612741,0021900337,Turnaround Fadeaway shot,1,0,Mid-Range
1628374,Lauri Markkanen,1610612741,0021900337,Jump Shot,1,0,Mid-Range
1627739,Kris Dunn,1610612741,0021900337,Driving Floating Jump Shot,1,1,In The Paint (Non-RA)
1628374,Lauri Markkanen,1610612741,0021900337,Jump Shot,1,1,Above the Break 3
203897,Zach LaVine,1610612741,0021900337,Driving Layup Shot,1,1,Restricted Area
203897,Zach LaVine,1610612741,0021900337,Pullup Jump shot,1,0,Above the Break 3
1628374,Lauri Markkanen,1610612741,0021900337,Tip Dunk Shot,1,1,Restricted Area
201152,Thaddeus Young,1610612741,0021900337,Jump Shot,1,0,Above the Break 3
1628374,Lauri Markkanen,1610612741,0021900337,Putback Layup Shot,1,1,Restricted Area
1627885,Shaquille Harrison,1610612741,0021900337,Driving Layup Shot,1,0,Restricted Area
1627756,Denzel Valentine,1610612741,0021900337,Jump Shot,1,1,Right Corner 3
201152,Thaddeus Young,1610612741,0021900337,Driving Layup Shot,1,1,Restricted Area
201152,Thaddeus Young,1610612741,0021900337,Jump Shot,1,0,Left Corner 3
1629632,Coby White,1610612741,0021900337,Jump Shot,1,0,Above the Break 3
1629632,Coby White,1610612741,0021900337,Step Back Jump shot,1,0,Mid-Range
201152,Thaddeus Young,1610612741,0021900337,Jump Shot,1,1,Left Corner 3
1627756,Denzel Valentine,1610612741,0021900337,Jump Shot,1,1,Above the Break 3
203897,Zach LaVine,1610612741,0021900337,Jump Shot,1,0,Above the Break 3
1628374,Lauri Markkanen,1610612741,0021900337,Jump Shot,1,0,Above the Break 3
1629632,Coby White,1610612741,0021900337,Jump Shot,1,1,Above the Break 3
1629632,Coby White,1610612741,0021900337,Pullup Jump shot,1,0,Above the Break 3
1627739,Kris Dunn,1610612741,0021900337,Driving Hook Shot,1,1,In The Paint (Non-RA)
1628374,Lauri Markkanen,1610612741,0021900337,Jump Shot,1,0,Right Corner 3
1627739,Kris Dunn,1610612741,0021900337,Driving Finger Roll Layup Shot,1,0,Restricted Area
1629632,Coby White,1610612741,0021900337,Fadeaway Jump Shot,1,0,Mid-Range
1628374,Lauri Markkanen,1610612741,0021900337,Driving Finger Roll Layup Shot,1,1,Restricted Area
203897,Zach LaVine,1610612741,0021900337,Driving Layup Shot,1,0,In The Paint (Non-RA)
203897,Zach LaVine,1610612741,0021900337,Pullup Jump shot,1,0,Mid-Range
203897,Zach LaVine,1610612741,0021900337,Cutting Dunk Shot,1,1,Restricted Area
1628374,Lauri Markkanen,1610612741,0021900337,Jump Shot,1,0,Above the Break 3
1627739,Kris Dunn,1610612741,0021900337,Driving Layup Shot,1,1,Restricted Area
1629632,Coby White,1610612741,0021900337,Pullup Jump shot,1,1,Above the Break 3
203897,Zach LaVine,1610612741,0021900337,Jump Shot,1,0,Above the Break 3
203897,Zach LaVine,1610612741,0021900337,Jump Shot,1,0,Above the Break 3
1628374,Lauri Markkanen,1610612741,0021900337,Jump Shot,1,0,Left Corner 3
203897,Zach LaVine,1610612741,0021900345,Jump Shot,1,0,Above the Break 3
1628976,Wendell Carter Jr.,1610612741,0021900345,Layup Shot,1,0,Restricted Area
1628374,Lauri Markkanen,1610612741,0021900345,Driving Dunk Shot,1,1,Restricted Area
1628374,Lauri Markkanen,1610612741,0021900345,Jump Shot,1,0,Left Corner 3
203897,Zach LaVine,1610612741,0021900345,Fadeaway Jump Shot,1,1,In The Paint (Non-RA)
203107,Tomas Satoransky,1610612741,0021900345,Jump Shot,1,1,In The Paint (Non-RA)
1627739,Kris Dunn,1610612741,0021900345,Jump Shot,1,0,Left Corner 3
203107,Tomas Satoransky,1610612741,0021900345,Jump Shot,1,1,Above the Break 3
1628976,Wendell Carter Jr.,1610612741,0021900345,Dunk Shot,1,1,Restricted Area
1628976,Wendell Carter Jr.,1610612741,0021900345,Dunk Shot,1,1,Restricted Area
203897,Zach LaVine,1610612741,0021900345,Jump Shot,1,0,Above the Break 3
203897,Zach LaVine,1610612741,0021900345,Jump Shot,1,0,Left Corner 3
1628374,Lauri Markkanen,1610612741,0021900345,Jump Shot,1,0,Above the Break 3
1628976,Wendell Carter Jr.,1610612741,0021900345,Turnaround Jump Shot,1,1,In The Paint (Non-RA)
1628374,Lauri Markkanen,1610612741,0021900345,Floating Jump shot,1,0,In The Paint (Non-RA)
203897,Zach LaVine,1610612741,0021900345,Jump Shot,1,1,Left Corner 3
1629632,Coby White,1610612741,0021900345,Step Back Jump shot,1,0,Mid-Range
203897,Zach LaVine,1610612741,0021900345,Driving Layup Shot,1,1,Restricted Area
1628976,Wendell Carter Jr.,1610612741,0021900345,Alley Oop Dunk Shot,1,1,Restricted Area
1627756,Denzel Valentine,1610612741,0021900345,Jump Shot,1,0,Above the Break 3
203897,Zach LaVine,1610612741,0021900345,Jump Shot,1,0,Above the Break 3
203897,Zach LaVine,1610612741,0021900345,Jump Shot,1,1,Left Corner 3
1629655,Daniel Gafford,1610612741,0021900345,Dunk Shot,1,1,Restricted Area
1629632,Coby White,1610612741,0021900345,Jump Shot,1,0,Above the Break 3
1627853,Ryan Arcidiacono,1610612741,0021900345,Floating Jump shot,1,0,In The Paint (Non-RA)
1629632,Coby White,1610612741,0021900345,Jump Shot,1,0,Above the Break 3
201152,Thaddeus Young,1610612741,0021900345,Jump Shot,1,0,Above the Break 3
1627853,Ryan Arcidiacono,1610612741,0021900345,Jump Shot,1,0,Above the Break 3
1627756,Denzel Valentine,1610612741,0021900345,Jump Shot,1,0,Above the Break 3
1627853,Ryan Arcidiacono,1610612741,0021900345,Jump Shot,1,0,Left Corner 3
1628374,Lauri Markkanen,1610612741,0021900345,Jump Shot,1,1,Above the Break 3
1627739,Kris Dunn,1610612741,0021900345,Jump Shot,1,0,Right Corner 3
203107,Tomas Satoransky,1610612741,0021900345,Jump Shot,1,0,Above the Break 3
1627739,Kris Dunn,1610612741,0021900345,Jump Shot,1,0,Mid-Range
1627739,Kris Dunn,1610612741,0021900345,Jump Shot,1,0,Above the Break 3
1627739,Kris Dunn,1610612741,0021900345,Layup Shot,1,0,Restricted Area
203107,Tomas Satoransky,1610612741,0021900345,Jump Shot,1,0,Above the Break 3
1628374,Lauri Markkanen,1610612741,0021900345,Jump Shot,1,0,Above the Break 3
203897,Zach LaVine,1610612741,0021900345,Running Layup Shot,1,1,Restricted Area
1629632,Coby White,1610612741,0021900345,Jump Shot,1,0,Above the Break 3
1628976,Wendell Carter Jr.,1610612741,0021900345,Layup Shot,1,1,Restricted Area
1628374,Lauri Markkanen,1610612741,0021900345,Driving Dunk Shot,1,1,Restricted Area
203107,Tomas Satoransky,1610612741,0021900345,Jump Shot,1,1,Left Corner 3
203897,Zach LaVine,1610612741,0021900345,Jump Shot,1,0,Above the Break 3
203897,Zach LaVine,1610612741,0021900345,Jump Shot,1,1,Above the Break 3
1629655,Daniel Gafford,1610612741,0021900345,Layup Shot,1,1,Restricted Area
203897,Zach LaVine,1610612741,0021900345,Pullup Jump shot,1,0,In The Paint (Non-RA)
1627739,Kris Dunn,1610612741,0021900345,Jump Shot,1,0,Above the Break 3
1628374,Lauri Markkanen,1610612741,0021900345,Cutting Layup Shot,1,1,Restricted Area
1628976,Wendell Carter Jr.,1610612741,0021900345,Layup Shot,1,0,Restricted Area
1628976,Wendell Carter Jr.,1610612741,0021900345,Putback Layup Shot,1,0,Restricted Area
203107,Tomas Satoransky,1610612741,0021900345,Floating Jump shot,1,1,In The Paint (Non-RA)
203107,Tomas Satoransky,1610612741,0021900345,Jump Shot,1,0,Above the Break 3
1628374,Lauri Markkanen,1610612741,0021900345,Layup Shot,1,0,Restricted Area
1627739,Kris Dunn,1610612741,0021900345,Jump Shot,1,0,Left Corner 3
1629632,Coby White,1610612741,0021900345,Jump Shot,1,0,Above the Break 3
1629632,Coby White,1610612741,0021900345,Jump Shot,1,0,Left Corner 3
1628374,Lauri Markkanen,1610612741,0021900345,Jump Shot,1,0,Left Corner 3
203897,Zach LaVine,1610612741,0021900345,Driving Layup Shot,1,0,In The Paint (Non-RA)
203897,Zach LaVine,1610612741,0021900345,Reverse Layup Shot,1,0,Restricted Area
1628374,Lauri Markkanen,1610612741,0021900345,Running Layup Shot,1,0,Restricted Area
1629632,Coby White,1610612741,0021900345,Jump Shot,1,0,In The Paint (Non-RA)
1629655,Daniel Gafford,1610612741,0021900345,Floating Jump shot,1,1,Restricted Area
201152,Thaddeus Young,1610612741,0021900345,Jump Shot,1,1,Left Corner 3
203897,Zach LaVine,1610612741,0021900345,Jump Shot,1,0,Above the Break 3
1629655,Daniel Gafford,1610612741,0021900345,Layup Shot,1,1,Restricted Area
1627756,Denzel Valentine,1610612741,0021900345,Jump Shot,1,1,Above the Break 3
1627739,Kris Dunn,1610612741,0021900345,Jump Shot,1,1,Right Corner 3
1627756,Denzel Valentine,1610612741,0021900345,Jump Shot,1,0,Right Corner 3
1627756,Denzel Valentine,1610612741,0021900345,Pullup Jump shot,1,1,In The Paint (Non-RA)
201152,Thaddeus Young,1610612741,0021900345,Running Layup Shot,1,1,Restricted Area
1627756,Denzel Valentine,1610612741,0021900345,Jump Shot,1,1,Above the Break 3
1629655,Daniel Gafford,1610612741,0021900345,Alley Oop Dunk Shot,1,1,Restricted Area
1629655,Daniel Gafford,1610612741,0021900345,Jump Shot,1,0,Restricted Area
1627756,Denzel Valentine,1610612741,0021900345,Jump Shot,1,1,Above the Break 3
1629655,Daniel Gafford,1610612741,0021900345,Alley Oop Dunk Shot,1,1,Restricted Area
1627756,Denzel Valentine,1610612741,0021900345,Jump Shot,1,0,Above the Break 3
1627756,Denzel Valentine,1610612741,0021900345,Jump Shot,1,0,Above the Break 3
1627756,Denzel Valentine,1610612741,0021900345,Jump Shot,1,0,Above the Break 3
203897,Zach LaVine,1610612741,0021900345,Layup Shot,1,0,Restricted Area
203107,Tomas Satoransky,1610612741,0021900345,Jump Shot,1,0,Right Corner 3
1628374,Lauri Markkanen,1610612741,0021900345,Driving Layup Shot,1,0,Restricted Area
1627756,Denzel Valentine,1610612741,0021900345,Running Layup Shot,1,1,Restricted Area
203897,Zach LaVine,1610612741,0021900345,Jump Shot,1,0,Left Corner 3
1628374,Lauri Markkanen,1610612741,0021900345,Jump Shot,1,1,Right Corner 3
1629655,Daniel Gafford,1610612741,0021900345,Cutting Layup Shot,1,0,Restricted Area
1629655,Daniel Gafford,1610612741,0021900345,Putback Layup Shot,1,1,Restricted Area
1628374,Lauri Markkanen,1610612741,0021900345,Layup Shot,1,0,In The Paint (Non-RA)
203897,Zach LaVine,1610612741,0021900345,Layup Shot,1,0,In The Paint (Non-RA)
1628976,Wendell Carter Jr.,1610612741,0021900361,Step Back Jump shot,1,0,Mid-Range
1627739,Kris Dunn,1610612741,0021900361,Driving Finger Roll Layup Shot,1,1,Restricted Area
1628374,Lauri Markkanen,1610612741,0021900361,Driving Finger Roll Layup Shot,1,1,Restricted Area
1627739,Kris Dunn,1610612741,0021900361,Jump Shot,1,0,Above the Break 3
203897,Zach LaVine,1610612741,0021900361,Driving Layup Shot,1,1,Restricted Area
203897,Zach LaVine,1610612741,0021900361,Driving Layup Shot,1,1,Restricted Area
1627739,Kris Dunn,1610612741,0021900361,Reverse Layup Shot,1,1,Restricted Area
203897,Zach LaVine,1610612741,0021900361,Driving Layup Shot,1,0,Restricted Area
1627739,Kris Dunn,1610612741,0021900361,Driving Floating Jump Shot,1,0,In The Paint (Non-RA)
203897,Zach LaVine,1610612741,0021900361,Jump Shot,1,1,Above the Break 3
203107,Tomas Satoransky,1610612741,0021900361,Driving Layup Shot,1,1,Restricted Area
203107,Tomas Satoransky,1610612741,0021900361,Driving Floating Bank Jump Shot,1,0,In The Paint (Non-RA)
1628976,Wendell Carter Jr.,1610612741,0021900361,Tip Layup Shot,1,0,Restricted Area
203107,Tomas Satoransky,1610612741,0021900361,Pullup Jump shot,1,0,Mid-Range
203897,Zach LaVine,1610612741,0021900361,Pullup Jump shot,1,1,Above the Break 3
203897,Zach LaVine,1610612741,0021900361,Driving Dunk Shot,1,1,Restricted Area
1629632,Coby White,1610612741,0021900361,Pullup Jump shot,1,0,Mid-Range
1627756,Denzel Valentine,1610612741,0021900361,Floating Jump shot,1,1,In The Paint (Non-RA)
1627756,Denzel Valentine,1610612741,0021900361,Floating Jump shot,1,1,In The Paint (Non-RA)
1627756,Denzel Valentine,1610612741,0021900361,Floating Jump shot,1,1,Mid-Range
1629632,Coby White,1610612741,0021900361,Dunk Shot,1,1,Restricted Area
1627756,Denzel Valentine,1610612741,0021900361,Floating Jump shot,1,1,Mid-Range
201152,Thaddeus Young,1610612741,0021900361,Driving Hook Shot,1,1,Restricted Area
201152,Thaddeus Young,1610612741,0021900361,Jump Shot,1,1,Above the Break 3
201152,Thaddeus Young,1610612741,0021900361,Jump Shot,1,0,Above the Break 3
1629655,Daniel Gafford,1610612741,0021900361,Alley Oop Dunk Shot,1,0,Restricted Area
1627853,Ryan Arcidiacono,1610612741,0021900361,Driving Finger Roll Layup Shot,1,0,Restricted Area
1628976,Wendell Carter Jr.,1610612741,0021900361,Cutting Layup Shot,1,1,Restricted Area
201152,Thaddeus Young,1610612741,0021900361,Jump Shot,1,0,Above the Break 3
1629632,Coby White,1610612741,0021900361,Driving Layup Shot,1,0,Restricted Area
1627756,Denzel Valentine,1610612741,0021900361,Running Pull-Up Jump Shot,1,0,Above the Break 3
201152,Thaddeus Young,1610612741,0021900361,Turnaround Hook Shot,1,0,In The Paint (Non-RA)
1627739,Kris Dunn,1610612741,0021900361,Running Layup Shot,1,1,Restricted Area
1629632,Coby White,1610612741,0021900361,Driving Layup Shot,1,1,Restricted Area
1629632,Coby White,1610612741,0021900361,Step Back Jump shot,1,0,Above the Break 3
1627739,Kris Dunn,1610612741,0021900361,Jump Shot,1,0,Right Corner 3
201152,Thaddeus Young,1610612741,0021900361,Driving Layup Shot,1,0,Restricted Area
1627739,Kris Dunn,1610612741,0021900361,Driving Hook Shot,1,0,Restricted Area
1628976,Wendell Carter Jr.,1610612741,0021900361,Putback Layup Shot,1,1,Restricted Area
203897,Zach LaVine,1610612741,0021900361,Step Back Jump shot,1,0,Mid-Range
203897,Zach LaVine,1610612741,0021900361,Jump Shot,1,1,Left Corner 3
201152,Thaddeus Young,1610612741,0021900361,Driving Floating Jump Shot,1,1,In The Paint (Non-RA)
1628374,Lauri Markkanen,1610612741,0021900361,Jump Shot,1,1,Above the Break 3
201152,Thaddeus Young,1610612741,0021900361,Jump Shot,1,1,Mid-Range
203897,Zach LaVine,1610612741,0021900361,Layup Shot,1,0,Restricted Area
1627739,Kris Dunn,1610612741,0021900361,Driving Layup Shot,1,1,Restricted Area
203897,Zach LaVine,1610612741,0021900361,Running Dunk Shot,1,1,Restricted Area
1628374,Lauri Markkanen,1610612741,0021900361,Jump Shot,1,0,Above the Break 3
201152,Thaddeus Young,1610612741,0021900361,Reverse Layup Shot,1,0,Restricted Area
1627885,Shaquille Harrison,1610612741,0021900361,Driving Dunk Shot,1,1,Restricted Area
1628374,Lauri Markkanen,1610612741,0021900361,Driving Floating Jump Shot,1,1,In The Paint (Non-RA)
203897,Zach LaVine,1610612741,0021900361,Running Dunk Shot,1,1,Restricted Area
203107,Tomas Satoransky,1610612741,0021900361,Driving Floating Jump Shot,1,1,In The Paint (Non-RA)
203897,Zach LaVine,1610612741,0021900361,Step Back Jump shot,1,0,Mid-Range
1627739,Kris Dunn,1610612741,0021900361,Jump Shot,1,0,Above the Break 3
1628374,Lauri Markkanen,1610612741,0021900361,Putback Layup Shot,1,1,Restricted Area
1628976,Wendell Carter Jr.,1610612741,0021900361,Running Dunk Shot,1,1,Restricted Area
203107,Tomas Satoransky,1610612741,0021900361,Step Back Jump shot,1,1,Above the Break 3
1628976,Wendell Carter Jr.,1610612741,0021900361,Cutting Layup Shot,1,0,Restricted Area
203897,Zach LaVine,1610612741,0021900361,Pullup Jump shot,1,1,Above the Break 3
1628976,Wendell Carter Jr.,1610612741,0021900361,Turnaround Jump Shot,1,1,Mid-Range
203897,Zach LaVine,1610612741,0021900361,Jump Shot,1,1,Above the Break 3
203897,Zach LaVine,1610612741,0021900361,Pullup Jump shot,1,1,Above the Break 3
1628976,Wendell Carter Jr.,1610612741,0021900361,Layup Shot,1,1,Restricted Area
1629632,Coby White,1610612741,0021900361,Running Finger Roll Layup Shot,1,1,Restricted Area
203897,Zach LaVine,1610612741,0021900361,Pullup Jump shot,1,1,Above the Break 3
1629632,Coby White,1610612741,0021900361,Driving Layup Shot,1,1,Restricted Area
201152,Thaddeus Young,1610612741,0021900361,Reverse Layup Shot,1,0,Restricted Area
201152,Thaddeus Young,1610612741,0021900361,Driving Finger Roll Layup Shot,1,0,Restricted Area
1629655,Daniel Gafford,1610612741,0021900361,Layup Shot,1,1,Restricted Area
1629632,Coby White,1610612741,0021900361,Driving Layup Shot,1,0,Restricted Area
1629655,Daniel Gafford,1610612741,0021900361,Alley Oop Dunk Shot,1,1,Restricted Area
1629632,Coby White,1610612741,0021900361,Jump Shot,1,0,Above the Break 3
1628374,Lauri Markkanen,1610612741,0021900361,Running Layup Shot,1,1,Restricted Area
1628374,Lauri Markkanen,1610612741,0021900361,Jump Shot,1,1,Left Corner 3
1629632,Coby White,1610612741,0021900361,Driving Floating Jump Shot,1,1,Restricted Area
1629632,Coby White,1610612741,0021900361,Driving Layup Shot,1,0,Restricted Area
1628374,Lauri Markkanen,1610612741,0021900361,Tip Dunk Shot,1,1,Restricted Area
1629632,Coby White,1610612741,0021900361,Running Layup Shot,1,1,Restricted Area
201152,Thaddeus Young,1610612741,0021900361,Running Dunk Shot,1,1,Restricted Area
1628374,Lauri Markkanen,1610612741,0021900361,Driving Layup Shot,1,1,Restricted Area
1627756,Denzel Valentine,1610612741,0021900361,Jump Shot,1,0,Above the Break 3
1627885,Shaquille Harrison,1610612741,0021900361,Running Layup Shot,1,1,Restricted Area
1629632,Coby White,1610612741,0021900361,Running Layup Shot,1,1,Restricted Area
1627756,Denzel Valentine,1610612741,0021900361,Step Back Jump shot,1,0,Mid-Range
201152,Thaddeus Young,1610612741,0021900361,Driving Layup Shot,1,0,Restricted Area
201152,Thaddeus Young,1610612741,0021900361,Running Dunk Shot,1,0,Restricted Area
1628436,Luke Kornet,1610612741,0021900361,Jump Shot,1,0,Right Corner 3
201152,Thaddeus Young,1610612741,0021900361,Driving Dunk Shot,1,1,Restricted Area
1627885,Shaquille Harrison,1610612741,0021900361,Jump Shot,1,0,Above the Break 3
1628436,Luke Kornet,1610612741,0021900361,Tip Layup Shot,1,0,Restricted Area
201152,Thaddeus Young,1610612741,0021900361,Running Dunk Shot,1,1,Restricted Area
1627885,Shaquille Harrison,1610612741,0021900361,Driving Reverse Layup Shot,1,0,Restricted Area
1627756,Denzel Valentine,1610612741,0021900361,Jump Shot,1,0,Above the Break 3
203107,Tomas Satoransky,1610612741,0021900375,Pullup Jump shot,1,0,In The Paint (Non-RA)
1628976,Wendell Carter Jr.,1610612741,0021900375,Step Back Jump shot,1,0,Mid-Range
203107,Tomas Satoransky,1610612741,0021900375,Jump Shot,1,0,Above the Break 3
1628374,Lauri Markkanen,1610612741,0021900375,Jump Shot,1,0,Above the Break 3
1627739,Kris Dunn,1610612741,0021900375,Layup Shot,1,0,Restricted Area
1628976,Wendell Carter Jr.,1610612741,0021900375,Hook Shot,1,0,In The Paint (Non-RA)
1628374,Lauri Markkanen,1610612741,0021900375,Finger Roll Layup Shot,1,0,In The Paint (Non-RA)
1628374,Lauri Markkanen,1610612741,0021900375,Putback Dunk Shot,1,1,Restricted Area
203107,Tomas Satoransky,1610612741,0021900375,Finger Roll Layup Shot,1,1,Restricted Area
203897,Zach LaVine,1610612741,0021900375,Driving Floating Jump Shot,1,0,In The Paint (Non-RA)
203897,Zach LaVine,1610612741,0021900375,Layup Shot,1,0,Restricted Area
1628374,Lauri Markkanen,1610612741,0021900375,Dunk Shot,1,1,Restricted Area
1627739,Kris Dunn,1610612741,0021900375,Driving Floating Jump Shot,1,0,Restricted Area
1627739,Kris Dunn,1610612741,0021900375,Driving Layup Shot,1,0,Restricted Area
203897,Zach LaVine,1610612741,0021900375,Driving Layup Shot,1,1,Restricted Area
1628374,Lauri Markkanen,1610612741,0021900375,Jump Shot,1,0,Above the Break 3
203897,Zach LaVine,1610612741,0021900375,Layup Shot,1,0,Restricted Area
203107,Tomas Satoransky,1610612741,0021900375,Layup Shot,1,1,Restricted Area
1627756,Denzel Valentine,1610612741,0021900375,Floating Jump shot,1,0,In The Paint (Non-RA)
201152,Thaddeus Young,1610612741,0021900375,Driving Finger Roll Layup Shot,1,1,Restricted Area
201152,Thaddeus Young,1610612741,0021900375,Jump Shot,1,0,Above the Break 3
1629632,Coby White,1610612741,0021900375,Jump Shot,1,1,Above the Break 3
1629632,Coby White,1610612741,0021900375,Jump Shot,1,0,Above the Break 3
1628374,Lauri Markkanen,1610612741,0021900375,Jump Shot,1,0,Above the Break 3
1627756,Denzel Valentine,1610612741,0021900375,Jump Shot,1,0,Above the Break 3
201152,Thaddeus Young,1610612741,0021900375,Layup Shot,1,0,Restricted Area
201152,Thaddeus Young,1610612741,0021900375,Hook Shot,1,1,In The Paint (Non-RA)
201152,Thaddeus Young,1610612741,0021900375,Floating Jump shot,1,0,Restricted Area
1629632,Coby White,1610612741,0021900375,Jump Shot,1,0,Mid-Range
1627756,Denzel Valentine,1610612741,0021900375,Layup Shot,1,1,Restricted Area
1629632,Coby White,1610612741,0021900375,Driving Floating Jump Shot,1,0,In The Paint (Non-RA)
1627756,Denzel Valentine,1610612741,0021900375,Floating Jump shot,1,0,In The Paint (Non-RA)
1627853,Ryan Arcidiacono,1610612741,0021900375,Pullup Jump shot,1,1,Mid-Range
1627756,Denzel Valentine,1610612741,0021900375,Jump Shot,1,1,Above the Break 3
1627739,Kris Dunn,1610612741,0021900375,Driving Layup Shot,1,0,Restricted Area
201152,Thaddeus Young,1610612741,0021900375,Driving Floating Jump Shot,1,0,Restricted Area
1627756,Denzel Valentine,1610612741,0021900375,Pullup Jump shot,1,0,Mid-Range
203897,Zach LaVine,1610612741,0021900375,Jump Shot,1,1,Above the Break 3
1629655,Daniel Gafford,1610612741,0021900375,Dunk Shot,1,1,Restricted Area
203897,Zach LaVine,1610612741,0021900375,Jump Shot,1,0,Above the Break 3
203897,Zach LaVine,1610612741,0021900375,Jump Shot,1,0,Left Corner 3
1628374,Lauri Markkanen,1610612741,0021900375,Floating Jump shot,1,0,In The Paint (Non-RA)
1628374,Lauri Markkanen,1610612741,0021900375,Jump Shot,1,1,Above the Break 3
203897,Zach LaVine,1610612741,0021900375,Jump Shot,1,0,Above the Break 3
203107,Tomas Satoransky,1610612741,0021900375,Jump Shot,1,0,Above the Break 3
203897,Zach LaVine,1610612741,0021900375,Running Dunk Shot,1,1,Restricted Area
1628374,Lauri Markkanen,1610612741,0021900375,Jump Shot,1,1,Above the Break 3
203107,Tomas Satoransky,1610612741,0021900375,Jump Shot,1,0,Mid-Range
1628374,Lauri Markkanen,1610612741,0021900375,Jump Shot,1,0,Above the Break 3
1628374,Lauri Markkanen,1610612741,0021900375,Driving Layup Shot,1,0,Restricted Area
1628976,Wendell Carter Jr.,1610612741,0021900375,Turnaround Hook Shot,1,0,Restricted Area
203897,Zach LaVine,1610612741,0021900375,Jump Shot,1,0,Mid-Range
203897,Zach LaVine,1610612741,0021900375,Pullup Jump shot,1,0,Above the Break 3
1628374,Lauri Markkanen,1610612741,0021900375,Jump Shot,1,0,Above the Break 3
203107,Tomas Satoransky,1610612741,0021900375,Jump Shot,1,0,Left Corner 3
201152,Thaddeus Young,1610612741,0021900375,Jump Shot,1,0,Left Corner 3
203897,Zach LaVine,1610612741,0021900375,Layup Shot,1,0,Restricted Area
1628976,Wendell Carter Jr.,1610612741,0021900375,Putback Dunk Shot,1,1,Restricted Area
1628976,Wendell Carter Jr.,1610612741,0021900375,Jump Shot,1,0,Left Corner 3
1629632,Coby White,1610612741,0021900375,Jump Shot,1,0,Above the Break 3
201152,Thaddeus Young,1610612741,0021900375,Hook Shot,1,0,In The Paint (Non-RA)
203897,Zach LaVine,1610612741,0021900375,Driving Layup Shot,1,0,Restricted Area
201152,Thaddeus Young,1610612741,0021900375,Jump Bank Shot,1,1,In The Paint (Non-RA)
1627756,Denzel Valentine,1610612741,0021900375,Jump Shot,1,0,Above the Break 3
1629632,Coby White,1610612741,0021900375,Jump Shot,1,0,In The Paint (Non-RA)
1629632,Coby White,1610612741,0021900375,Jump Shot,1,0,Above the Break 3
1627756,Denzel Valentine,1610612741,0021900375,Jump Shot,1,0,Mid-Range
1629655,Daniel Gafford,1610612741,0021900375,Alley Oop Layup shot,1,1,Restricted Area
201152,Thaddeus Young,1610612741,0021900375,Jump Shot,1,0,Restricted Area
1629655,Daniel Gafford,1610612741,0021900375,Layup Shot,1,0,Restricted Area
201152,Thaddeus Young,1610612741,0021900375,Reverse Layup Shot,1,1,Restricted Area
1627853,Ryan Arcidiacono,1610612741,0021900375,Turnaround Jump Shot,1,1,Mid-Range
1627853,Ryan Arcidiacono,1610612741,0021900375,Layup Shot,1,0,Restricted Area
1629632,Coby White,1610612741,0021900375,Jump Shot,1,0,Above the Break 3
1627739,Kris Dunn,1610612741,0021900375,Floating Jump shot,1,0,In The Paint (Non-RA)
201152,Thaddeus Young,1610612741,0021900375,Layup Shot,1,1,Restricted Area
203897,Zach LaVine,1610612741,0021900375,Jump Shot,1,0,Above the Break 3
1627853,Ryan Arcidiacono,1610612741,0021900375,Jump Shot,1,1,Above the Break 3
1627739,Kris Dunn,1610612741,0021900375,Jump Shot,1,1,In The Paint (Non-RA)
203897,Zach LaVine,1610612741,0021900375,Jump Shot,1,0,Mid-Range
201152,Thaddeus Young,1610612741,0021900375,Driving Layup Shot,1,0,Restricted Area
203897,Zach LaVine,1610612741,0021900375,Jump Shot,1,0,Above the Break 3
203897,Zach LaVine,1610612741,0021900375,Driving Layup Shot,1,1,Restricted Area
1628976,Wendell Carter Jr.,1610612741,0021900375,Dunk Shot,1,1,Restricted Area
203897,Zach LaVine,1610612741,0021900375,Layup Shot,1,0,Restricted Area
1627853,Ryan Arcidiacono,1610612741,0021900375,Jump Shot,1,0,Right Corner 3
203897,Zach LaVine,1610612741,0021900375,Jump Shot,1,0,Above the Break 3
1627853,Ryan Arcidiacono,1610612741,0021900375,Jump Shot,1,1,Left Corner 3
1627853,Ryan Arcidiacono,1610612741,0021900375,Jump Shot,1,0,Above the Break 3
203107,Tomas Satoransky,1610612741,0021900375,Jump Shot,1,0,Above the Break 3
1628976,Wendell Carter Jr.,1610612741,0021900382,Driving Floating Jump Shot,1,0,In The Paint (Non-RA)
203897,Zach LaVine,1610612741,0021900382,Running Layup Shot,1,1,Restricted Area
203897,Zach LaVine,1610612741,0021900382,Pullup Jump shot,1,0,Above the Break 3
203897,Zach LaVine,1610612741,0021900382,Layup Shot,1,1,Restricted Area
1628976,Wendell Carter Jr.,1610612741,0021900382,Jump Shot,1,0,In The Paint (Non-RA)
203107,Tomas Satoransky,1610612741,0021900382,Jump Shot,1,0,Above the Break 3
1628976,Wendell Carter Jr.,1610612741,0021900382,Hook Shot,1,0,In The Paint (Non-RA)
203897,Zach LaVine,1610612741,0021900382,Driving Layup Shot,1,0,Restricted Area
203897,Zach LaVine,1610612741,0021900382,Layup Shot,1,0,Restricted Area
1628374,Lauri Markkanen,1610612741,0021900382,Jump Shot,1,1,Above the Break 3
203107,Tomas Satoransky,1610612741,0021900382,Driving Floating Jump Shot,1,1,Restricted Area
201152,Thaddeus Young,1610612741,0021900382,Turnaround Hook Shot,1,1,In The Paint (Non-RA)
201152,Thaddeus Young,1610612741,0021900382,Turnaround Hook Shot,1,0,Restricted Area
203897,Zach LaVine,1610612741,0021900382,Fadeaway Jump Shot,1,0,Mid-Range
201152,Thaddeus Young,1610612741,0021900382,Driving Dunk Shot,1,1,Restricted Area
201152,Thaddeus Young,1610612741,0021900382,Driving Finger Roll Layup Shot,1,1,Restricted Area
203897,Zach LaVine,1610612741,0021900382,Driving Layup Shot,1,0,Restricted Area
203107,Tomas Satoransky,1610612741,0021900382,Putback Layup Shot,1,1,Restricted Area
203107,Tomas Satoransky,1610612741,0021900382,Pullup Jump shot,1,0,Mid-Range
201152,Thaddeus Young,1610612741,0021900382,Jump Shot,1,0,Left Corner 3
201152,Thaddeus Young,1610612741,0021900382,Cutting Dunk Shot,1,1,Restricted Area
1627853,Ryan Arcidiacono,1610612741,0021900382,Driving Floating Jump Shot,1,0,In The Paint (Non-RA)
1629632,Coby White,1610612741,0021900382,Pullup Jump shot,1,1,Mid-Range
201152,Thaddeus Young,1610612741,0021900382,Driving Hook Shot,1,1,Restricted Area
1629632,Coby White,1610612741,0021900382,Pullup Jump shot,1,0,Mid-Range
1627756,Denzel Valentine,1610612741,0021900382,Driving Floating Jump Shot,1,0,Restricted Area
1628976,Wendell Carter Jr.,1610612741,0021900382,Tip Dunk Shot,1,1,Restricted Area
1628976,Wendell Carter Jr.,1610612741,0021900382,Driving Layup Shot,1,1,Restricted Area
1629632,Coby White,1610612741,0021900382,Jump Shot,1,0,Left Corner 3
1627853,Ryan Arcidiacono,1610612741,0021900382,Driving Floating Jump Shot,1,0,In The Paint (Non-RA)
1628976,Wendell Carter Jr.,1610612741,0021900382,Cutting Dunk Shot,1,1,Restricted Area
1627756,Denzel Valentine,1610612741,0021900382,Jump Shot,1,1,Left Corner 3
201152,Thaddeus Young,1610612741,0021900382,Jump Shot,1,1,Left Corner 3
1627756,Denzel Valentine,1610612741,0021900382,Jump Shot,1,0,Above the Break 3
1629632,Coby White,1610612741,0021900382,Turnaround Fadeaway Bank Jump Shot,1,0,Mid-Range
1628374,Lauri Markkanen,1610612741,0021900382,Layup Shot,1,0,Restricted Area
201152,Thaddeus Young,1610612741,0021900382,Jump Shot,1,0,Above the Break 3
1628374,Lauri Markkanen,1610612741,0021900382,Jump Shot,1,0,Above the Break 3
1627756,Denzel Valentine,1610612741,0021900382,Driving Finger Roll Layup Shot,1,0,Restricted Area
1627739,Kris Dunn,1610612741,0021900382,Driving Layup Shot,1,1,Restricted Area
1627739,Kris Dunn,1610612741,0021900382,Driving Layup Shot,1,1,Restricted Area
203897,Zach LaVine,1610612741,0021900382,Dunk Shot,1,1,Restricted Area
1628976,Wendell Carter Jr.,1610612741,0021900382,Layup Shot,1,1,Restricted Area
1628374,Lauri Markkanen,1610612741,0021900382,Jump Shot,1,1,Above the Break 3
203897,Zach LaVine,1610612741,0021900382,Pullup Jump shot,1,0,Mid-Range
203897,Zach LaVine,1610612741,0021900382,Driving Layup Shot,1,1,Restricted Area
1627739,Kris Dunn,1610612741,0021900382,Hook Shot,1,0,In The Paint (Non-RA)
1628976,Wendell Carter Jr.,1610612741,0021900382,Driving Hook Shot,1,0,In The Paint (Non-RA)
1627739,Kris Dunn,1610612741,0021900382,Jump Shot,1,1,Above the Break 3
203897,Zach LaVine,1610612741,0021900382,Cutting Dunk Shot,1,1,Restricted Area
203897,Zach LaVine,1610612741,0021900382,Step Back Jump shot,1,1,Left Corner 3
203897,Zach LaVine,1610612741,0021900382,Driving Layup Shot,1,0,Restricted Area
1628374,Lauri Markkanen,1610612741,0021900382,Jump Shot,1,1,Left Corner 3
1628374,Lauri Markkanen,1610612741,0021900382,Jump Shot,1,0,Above the Break 3
201152,Thaddeus Young,1610612741,0021900382,Jump Shot,1,1,Above the Break 3
1627739,Kris Dunn,1610612741,0021900382,Driving Floating Jump Shot,1,0,In The Paint (Non-RA)
1628374,Lauri Markkanen,1610612741,0021900382,Tip Layup Shot,1,1,Restricted Area
1629632,Coby White,1610612741,0021900382,Jump Shot,1,0,Above the Break 3
203897,Zach LaVine,1610612741,0021900382,Step Back Jump shot,1,0,Above the Break 3
1629632,Coby White,1610612741,0021900382,Jump Shot,1,0,Above the Break 3
203897,Zach LaVine,1610612741,0021900382,Running Dunk Shot,1,1,Restricted Area
1627756,Denzel Valentine,1610612741,0021900382,Pullup Jump shot,1,0,Above the Break 3
1627756,Denzel Valentine,1610612741,0021900382,Jump Shot,1,1,Above the Break 3
203897,Zach LaVine,1610612741,0021900382,Jump Shot,1,1,Above the Break 3
201152,Thaddeus Young,1610612741,0021900382,Pullup Jump shot,1,0,Mid-Range
203107,Tomas Satoransky,1610612741,0021900382,Driving Layup Shot,1,0,Restricted Area
1627756,Denzel Valentine,1610612741,0021900382,Pullup Jump shot,1,1,Above the Break 3
1627756,Denzel Valentine,1610612741,0021900382,Floating Jump shot,1,1,In The Paint (Non-RA)
203107,Tomas Satoransky,1610612741,0021900382,Driving Floating Jump Shot,1,0,In The Paint (Non-RA)
201152,Thaddeus Young,1610612741,0021900382,Jump Shot,1,0,Above the Break 3
1627853,Ryan Arcidiacono,1610612741,0021900382,Jump Shot,1,0,Above the Break 3
1627756,Denzel Valentine,1610612741,0021900382,Jump Shot,1,0,Above the Break 3
203107,Tomas Satoransky,1610612741,0021900382,Putback Layup Shot,1,0,Restricted Area
1627739,Kris Dunn,1610612741,0021900382,Driving Layup Shot,1,1,Restricted Area
1627756,Denzel Valentine,1610612741,0021900382,Reverse Layup Shot,1,0,Restricted Area
203897,Zach LaVine,1610612741,0021900382,Jump Shot,1,1,Left Corner 3
1628976,Wendell Carter Jr.,1610612741,0021900382,Alley Oop Dunk Shot,1,1,Restricted Area
1628374,Lauri Markkanen,1610612741,0021900382,Jump Shot,1,0,Above the Break 3
203897,Zach LaVine,1610612741,0021900382,Driving Layup Shot,1,0,Restricted Area
1627739,Kris Dunn,1610612741,0021900382,Driving Layup Shot,1,0,Restricted Area
1628976,Wendell Carter Jr.,1610612741,0021900382,Putback Dunk Shot,1,1,Restricted Area
203897,Zach LaVine,1610612741,0021900382,Step Back Jump shot,1,1,Above the Break 3
203897,Zach LaVine,1610612741,0021900382,Step Back Jump shot,1,0,Above the Break 3
1627756,Denzel Valentine,1610612741,0021900382,Jump Shot,1,1,Above the Break 3
203897,Zach LaVine,1610612741,0021900382,Driving Layup Shot,1,1,Restricted Area
1628976,Wendell Carter Jr.,1610612741,0021900399,Turnaround Hook Shot,1,1,In The Paint (Non-RA)
1628374,Lauri Markkanen,1610612741,0021900399,Jump Shot,1,0,Above the Break 3
203107,Tomas Satoransky,1610612741,0021900399,Jump Shot,1,1,Above the Break 3
203897,Zach LaVine,1610612741,0021900399,Alley Oop Dunk Shot,1,1,Restricted Area
1628374,Lauri Markkanen,1610612741,0021900399,Driving Floating Jump Shot,1,0,In The Paint (Non-RA)
1628374,Lauri Markkanen,1610612741,0021900399,Tip Dunk Shot,1,1,Restricted Area
1628976,Wendell Carter Jr.,1610612741,0021900399,Floating Jump shot,1,1,In The Paint (Non-RA)
203107,Tomas Satoransky,1610612741,0021900399,Driving Floating Jump Shot,1,1,In The Paint (Non-RA)
203897,Zach LaVine,1610612741,0021900399,Jump Shot,1,0,Above the Break 3
1628976,Wendell Carter Jr.,1610612741,0021900399,Jump Shot,1,0,Mid-Range
1627739,Kris Dunn,1610612741,0021900399,Floating Jump shot,1,1,In The Paint (Non-RA)
203897,Zach LaVine,1610612741,0021900399,Running Layup Shot,1,1,Restricted Area
203897,Zach LaVine,1610612741,0021900399,Pullup Jump shot,1,0,Above the Break 3
203897,Zach LaVine,1610612741,0021900399,Cutting Dunk Shot,1,1,Restricted Area
203897,Zach LaVine,1610612741,0021900399,Pullup Jump shot,1,1,Above the Break 3
1629632,Coby White,1610612741,0021900399,Running Reverse Layup Shot,1,1,Restricted Area
1628374,Lauri Markkanen,1610612741,0021900399,Reverse Dunk Shot,1,1,Restricted Area
1628374,Lauri Markkanen,1610612741,0021900399,Driving Dunk Shot,1,1,Restricted Area
201152,Thaddeus Young,1610612741,0021900399,Jump Shot,1,0,Above the Break 3
201152,Thaddeus Young,1610612741,0021900399,Fadeaway Jump Shot,1,1,Mid-Range
1628374,Lauri Markkanen,1610612741,0021900399,Jump Shot,1,0,Above the Break 3
201152,Thaddeus Young,1610612741,0021900399,Fadeaway Jump Shot,1,0,Mid-Range
1629632,Coby White,1610612741,0021900399,Step Back Jump shot,1,0,Left Corner 3
1627853,Ryan Arcidiacono,1610612741,0021900399,Layup Shot,1,1,Restricted Area
1627853,Ryan Arcidiacono,1610612741,0021900399,Alley Oop Layup shot,1,1,Restricted Area
1628374,Lauri Markkanen,1610612741,0021900399,Layup Shot,1,0,Restricted Area
1629632,Coby White,1610612741,0021900399,Pullup Jump shot,1,0,Mid-Range
1627756,Denzel Valentine,1610612741,0021900399,Turnaround Hook Shot,1,0,Mid-Range
1627853,Ryan Arcidiacono,1610612741,0021900399,Jump Shot,1,1,Above the Break 3
1629632,Coby White,1610612741,0021900399,Jump Shot,1,0,In The Paint (Non-RA)
1627756,Denzel Valentine,1610612741,0021900399,Jump Shot,1,1,Above the Break 3
1628976,Wendell Carter Jr.,1610612741,0021900399,Turnaround Hook Shot,1,0,In The Paint (Non-RA)
1627756,Denzel Valentine,1610612741,0021900399,Pullup Jump shot,1,0,Above the Break 3
1627756,Denzel Valentine,1610612741,0021900399,Floating Jump shot,1,1,In The Paint (Non-RA)
1628976,Wendell Carter Jr.,1610612741,0021900399,Jump Shot,1,1,Mid-Range
1627853,Ryan Arcidiacono,1610612741,0021900399,Jump Shot,1,1,Left Corner 3
1627756,Denzel Valentine,1610612741,0021900399,Jump Shot,1,1,Above the Break 3
1628976,Wendell Carter Jr.,1610612741,0021900399,Floating Jump shot,1,0,Mid-Range
1628976,Wendell Carter Jr.,1610612741,0021900399,Dunk Shot,1,1,Restricted Area
201152,Thaddeus Young,1610612741,0021900399,Hook Shot,1,0,Restricted Area
203897,Zach LaVine,1610612741,0021900399,Driving Layup Shot,1,1,Restricted Area
203897,Zach LaVine,1610612741,0021900399,Step Back Jump shot,1,1,Above the Break 3
1628374,Lauri Markkanen,1610612741,0021900399,Jump Shot,1,0,Left Corner 3
203897,Zach LaVine,1610612741,0021900399,Driving Layup Shot,1,1,Restricted Area
1628976,Wendell Carter Jr.,1610612741,0021900399,Alley Oop Dunk Shot,1,1,Restricted Area
1628374,Lauri Markkanen,1610612741,0021900399,Turnaround Fadeaway Bank Jump Shot,1,1,Mid-Range
203897,Zach LaVine,1610612741,0021900399,Driving Reverse Layup Shot,1,0,In The Paint (Non-RA)
203107,Tomas Satoransky,1610612741,0021900399,Running Pull-Up Jump Shot,1,0,Above the Break 3
203107,Tomas Satoransky,1610612741,0021900399,Driving Layup Shot,1,1,Restricted Area
203897,Zach LaVine,1610612741,0021900399,Pullup Jump shot,1,1,Mid-Range
203897,Zach LaVine,1610612741,0021900399,Jump Shot,1,1,Left Corner 3
1628374,Lauri Markkanen,1610612741,0021900399,Pullup Jump shot,1,0,In The Paint (Non-RA)
1628976,Wendell Carter Jr.,1610612741,0021900399,Jump Shot,1,0,Above the Break 3
203897,Zach LaVine,1610612741,0021900399,Jump Shot,1,0,In The Paint (Non-RA)
1628374,Lauri Markkanen,1610612741,0021900399,Driving Reverse Layup Shot,1,1,Restricted Area
203107,Tomas Satoransky,1610612741,0021900399,Driving Floating Jump Shot,1,0,In The Paint (Non-RA)
203897,Zach LaVine,1610612741,0021900399,Cutting Dunk Shot,1,1,Restricted Area
203107,Tomas Satoransky,1610612741,0021900399,Running Layup Shot,1,0,Restricted Area
203107,Tomas Satoransky,1610612741,0021900399,Jump Shot,1,0,Above the Break 3
1627739,Kris Dunn,1610612741,0021900399,Jump Shot,1,1,Above the Break 3
203897,Zach LaVine,1610612741,0021900399,Cutting Dunk Shot,1,1,Restricted Area
203897,Zach LaVine,1610612741,0021900399,Pullup Jump shot,1,0,Above the Break 3
1628976,Wendell Carter Jr.,1610612741,0021900399,Driving Hook Shot,1,0,In The Paint (Non-RA)
1627756,Denzel Valentine,1610612741,0021900399,Jump Shot,1,0,Right Corner 3
203897,Zach LaVine,1610612741,0021900399,Jump Shot,1,0,Above the Break 3
203897,Zach LaVine,1610612741,0021900399,Driving Dunk Shot,1,1,Restricted Area
1628374,Lauri Markkanen,1610612741,0021900399,Fadeaway Jump Shot,1,0,Mid-Range
1627756,Denzel Valentine,1610612741,0021900399,Jump Shot,1,0,Above the Break 3
1627853,Ryan Arcidiacono,1610612741,0021900399,Running Layup Shot,1,1,Restricted Area
1627853,Ryan Arcidiacono,1610612741,0021900399,Jump Shot,1,0,In The Paint (Non-RA)
1627756,Denzel Valentine,1610612741,0021900399,Floating Jump shot,1,1,In The Paint (Non-RA)
1629632,Coby White,1610612741,0021900399,Jump Shot,1,0,Above the Break 3
1627756,Denzel Valentine,1610612741,0021900399,Turnaround Jump Shot,1,0,In The Paint (Non-RA)
1628374,Lauri Markkanen,1610612741,0021900399,Turnaround Hook Shot,1,1,Restricted Area
1628374,Lauri Markkanen,1610612741,0021900399,Jump Shot,1,0,Above the Break 3
1629632,Coby White,1610612741,0021900399,Driving Layup Shot,1,0,Restricted Area
203897,Zach LaVine,1610612741,0021900399,Pullup Jump shot,1,1,Mid-Range
203897,Zach LaVine,1610612741,0021900399,Running Dunk Shot,1,1,Restricted Area
201152,Thaddeus Young,1610612741,0021900399,Layup Shot,1,0,In The Paint (Non-RA)
203897,Zach LaVine,1610612741,0021900399,Pullup Jump shot,1,0,Above the Break 3
203107,Tomas Satoransky,1610612741,0021900399,Driving Layup Shot,1,1,Restricted Area
1627739,Kris Dunn,1610612741,0021900399,Driving Layup Shot,1,0,Restricted Area
203107,Tomas Satoransky,1610612741,0021900399,Jump Shot,1,0,Above the Break 3
203897,Zach LaVine,1610612741,0021900399,Jump Shot,1,0,Above the Break 3
203897,Zach LaVine,1610612741,0021900399,Jump Shot,1,0,Left Corner 3
203897,Zach LaVine,1610612741,0021900399,Driving Layup Shot,1,1,Restricted Area
203897,Zach LaVine,1610612741,0021900399,Running Pull-Up Jump Shot,1,0,Backcourt
1627739,Kris Dunn,1610612741,0021900409,Driving Dunk Shot,1,1,Restricted Area
1628374,Lauri Markkanen,1610612741,0021900409,Jump Shot,1,1,Above the Break 3
203897,Zach LaVine,1610612741,0021900409,Turnaround Fadeaway shot,1,1,Mid-Range
203897,Zach LaVine,1610612741,0021900409,Fadeaway Jump Shot,1,0,Mid-Range
203897,Zach LaVine,1610612741,0021900409,Jump Shot,1,0,Above the Break 3
1627739,Kris Dunn,1610612741,0021900409,Jump Shot,1,1,Above the Break 3
203107,Tomas Satoransky,1610612741,0021900409,Jump Shot,1,0,Mid-Range
1628374,Lauri Markkanen,1610612741,0021900409,Jump Shot,1,0,Above the Break 3
1628374,Lauri Markkanen,1610612741,0021900409,Driving Floating Bank Jump Shot,1,1,In The Paint (Non-RA)
203897,Zach LaVine,1610612741,0021900409,Driving Layup Shot,1,0,In The Paint (Non-RA)
1628976,Wendell Carter Jr.,1610612741,0021900409,Driving Layup Shot,1,0,In The Paint (Non-RA)
201152,Thaddeus Young,1610612741,0021900409,Turnaround Hook Shot,1,0,In The Paint (Non-RA)
203897,Zach LaVine,1610612741,0021900409,Driving Layup Shot,1,0,Restricted Area
203897,Zach LaVine,1610612741,0021900409,Floating Jump shot,1,0,In The Paint (Non-RA)
1629632,Coby White,1610612741,0021900409,Jump Shot,1,0,Above the Break 3
203897,Zach LaVine,1610612741,0021900409,Jump Shot,1,0,Above the Break 3
201152,Thaddeus Young,1610612741,0021900409,Driving Floating Jump Shot,1,0,In The Paint (Non-RA)
203897,Zach LaVine,1610612741,0021900409,Driving Layup Shot,1,1,Restricted Area
201152,Thaddeus Young,1610612741,0021900409,Jump Shot,1,0,Above the Break 3
203897,Zach LaVine,1610612741,0021900409,Fadeaway Jump Shot,1,0,Mid-Range
1629632,Coby White,1610612741,0021900409,Floating Jump shot,1,0,Mid-Range
203107,Tomas Satoransky,1610612741,0021900409,Cutting Layup Shot,1,1,Restricted Area
203107,Tomas Satoransky,1610612741,0021900409,Floating Jump shot,1,1,Restricted Area
1627756,Denzel Valentine,1610612741,0021900409,Jump Shot,1,1,Above the Break 3
1627756,Denzel Valentine,1610612741,0021900409,Jump Shot,1,0,Above the Break 3
1627853,Ryan Arcidiacono,1610612741,0021900409,Driving Layup Shot,1,1,Restricted Area
1629632,Coby White,1610612741,0021900409,Jump Shot,1,1,Above the Break 3
201152,Thaddeus Young,1610612741,0021900409,Turnaround Hook Shot,1,0,Mid-Range
201152,Thaddeus Young,1610612741,0021900409,Jump Shot,1,0,Above the Break 3
1629655,Daniel Gafford,1610612741,0021900409,Running Dunk Shot,1,1,Restricted Area
1629632,Coby White,1610612741,0021900409,Pullup Jump shot,1,0,Above the Break 3
201152,Thaddeus Young,1610612741,0021900409,Jump Shot,1,0,Above the Break 3
1628374,Lauri Markkanen,1610612741,0021900409,Jump Shot,1,1,Above the Break 3
1628374,Lauri Markkanen,1610612741,0021900409,Driving Dunk Shot,1,1,Restricted Area
1627739,Kris Dunn,1610612741,0021900409,Layup Shot,1,0,In The Paint (Non-RA)
1627853,Ryan Arcidiacono,1610612741,0021900409,Jump Shot,1,0,Above the Break 3
1628374,Lauri Markkanen,1610612741,0021900409,Jump Shot,1,1,Above the Break 3
1627739,Kris Dunn,1610612741,0021900409,Driving Layup Shot,1,1,Restricted Area
1627853,Ryan Arcidiacono,1610612741,0021900409,Jump Shot,1,0,Above the Break 3
1628976,Wendell Carter Jr.,1610612741,0021900409,Putback Layup Shot,1,0,Restricted Area
203107,Tomas Satoransky,1610612741,0021900409,Jump Shot,1,0,Above the Break 3
203107,Tomas Satoransky,1610612741,0021900409,Driving Layup Shot,1,1,Restricted Area
1628374,Lauri Markkanen,1610612741,0021900409,Layup Shot,1,0,In The Paint (Non-RA)
1628374,Lauri Markkanen,1610612741,0021900409,Tip Layup Shot,1,1,Restricted Area
203897,Zach LaVine,1610612741,0021900409,Driving Dunk Shot,1,1,Restricted Area
203897,Zach LaVine,1610612741,0021900409,Driving Layup Shot,1,0,Restricted Area
203897,Zach LaVine,1610612741,0021900409,Jump Shot,1,0,Above the Break 3
1628374,Lauri Markkanen,1610612741,0021900409,Turnaround Jump Shot,1,0,Mid-Range
203107,Tomas Satoransky,1610612741,0021900409,Floating Jump shot,1,1,In The Paint (Non-RA)
1628374,Lauri Markkanen,1610612741,0021900409,Jump Shot,1,0,Above the Break 3
1628976,Wendell Carter Jr.,1610612741,0021900409,Jump Shot,1,1,Mid-Range
1627739,Kris Dunn,1610612741,0021900409,Step Back Jump shot,1,0,In The Paint (Non-RA)
1628374,Lauri Markkanen,1610612741,0021900409,Jump Shot,1,1,Above the Break 3
1628976,Wendell Carter Jr.,1610612741,0021900409,Layup Shot,1,0,Restricted Area
203897,Zach LaVine,1610612741,0021900409,Jump Shot,1,0,Above the Break 3
203107,Tomas Satoransky,1610612741,0021900409,Driving Layup Shot,1,0,In The Paint (Non-RA)
1628374,Lauri Markkanen,1610612741,0021900409,Turnaround Hook Shot,1,1,Restricted Area
203897,Zach LaVine,1610612741,0021900409,Pullup Jump shot,1,1,Mid-Range
1627739,Kris Dunn,1610612741,0021900409,Driving Layup Shot,1,0,Restricted Area
1627739,Kris Dunn,1610612741,0021900409,Tip Layup Shot,1,1,Restricted Area
203897,Zach LaVine,1610612741,0021900409,Driving Layup Shot,1,0,Restricted Area
1628374,Lauri Markkanen,1610612741,0021900409,Jump Shot,1,0,Above the Break 3
1629632,Coby White,1610612741,0021900409,Jump Shot,1,0,Right Corner 3
201152,Thaddeus Young,1610612741,0021900409,Jump Shot,1,0,Left Corner 3
1629632,Coby White,1610612741,0021900409,Driving Hook Shot,1,0,Restricted Area
203897,Zach LaVine,1610612741,0021900409,Step Back Jump shot,1,0,Above the Break 3
201152,Thaddeus Young,1610612741,0021900409,Layup Shot,1,1,Restricted Area
201152,Thaddeus Young,1610612741,0021900409,Floating Jump shot,1,0,Restricted Area
1627756,Denzel Valentine,1610612741,0021900409,Pullup Jump shot,1,0,Above the Break 3
1627756,Denzel Valentine,1610612741,0021900409,Pullup Jump shot,1,1,Mid-Range
1627756,Denzel Valentine,1610612741,0021900409,Floating Jump shot,1,0,Mid-Range
201152,Thaddeus Young,1610612741,0021900409,Floating Jump shot,1,0,Mid-Range
1627756,Denzel Valentine,1610612741,0021900409,Jump Shot,1,0,Above the Break 3
203897,Zach LaVine,1610612741,0021900409,Driving Layup Shot,1,0,Restricted Area
1628976,Wendell Carter Jr.,1610612741,0021900409,Alley Oop Dunk Shot,1,1,Restricted Area
1628374,Lauri Markkanen,1610612741,0021900409,Driving Layup Shot,1,1,Restricted Area
1627739,Kris Dunn,1610612741,0021900409,Floating Jump shot,1,0,In The Paint (Non-RA)
203107,Tomas Satoransky,1610612741,0021900409,Driving Floating Jump Shot,1,1,Restricted Area
1627739,Kris Dunn,1610612741,0021900409,Jump Shot,1,0,Right Corner 3
1628374,Lauri Markkanen,1610612741,0021900409,Jump Shot,1,1,Above the Break 3
1628976,Wendell Carter Jr.,1610612741,0021900409,Turnaround Hook Shot,1,0,In The Paint (Non-RA)
203107,Tomas Satoransky,1610612741,0021900409,Driving Layup Shot,1,0,Restricted Area
1628976,Wendell Carter Jr.,1610612741,0021900409,Layup Shot,1,0,Restricted Area
1628374,Lauri Markkanen,1610612741,0021900409,Driving Hook Shot,1,1,Restricted Area
203897,Zach LaVine,1610612741,0021900409,Driving Floating Bank Jump Shot,1,1,Mid-Range
1628374,Lauri Markkanen,1610612741,0021900409,Jump Shot,1,0,Right Corner 3
1627739,Kris Dunn,1610612741,0021900409,Turnaround Hook Shot,1,1,In The Paint (Non-RA)
203897,Zach LaVine,1610612741,0021900409,Pullup Jump shot,1,1,Above the Break 3
1628374,Lauri Markkanen,1610612741,0021900409,Jump Shot,1,0,Above the Break 3
203897,Zach LaVine,1610612741,0021900409,Jump Shot,1,0,Above the Break 3
203897,Zach LaVine,1610612741,0021900409,Jump Shot,1,0,Above the Break 3
203107,Tomas Satoransky,1610612741,0021900409,Pullup Jump shot,1,1,Above the Break 3
203897,Zach LaVine,1610612741,0021900409,Pullup Jump shot,1,0,Mid-Range
203107,Tomas Satoransky,1610612741,0021900409,Jump Shot,1,1,Above the Break 3
1628374,Lauri Markkanen,1610612741,0021900409,Alley Oop Layup shot,1,1,In The Paint (Non-RA)
203897,Zach LaVine,1610612741,0021900409,Driving Layup Shot,1,0,In The Paint (Non-RA)
1628976,Wendell Carter Jr.,1610612741,0021900409,Reverse Layup Shot,1,1,Restricted Area
203107,Tomas Satoransky,1610612741,0021900432,Jump Shot,1,1,Left Corner 3
1628976,Wendell Carter Jr.,1610612741,0021900432,Dunk Shot,1,1,Restricted Area
203107,Tomas Satoransky,1610612741,0021900432,Driving Layup Shot,1,1,Restricted Area
203107,Tomas Satoransky,1610612741,0021900432,Jump Shot,1,1,Right Corner 3
1628976,Wendell Carter Jr.,1610612741,0021900432,Layup Shot,1,0,Restricted Area
1628374,Lauri Markkanen,1610612741,0021900432,Jump Shot,1,0,Above the Break 3
203897,Zach LaVine,1610612741,0021900432,Jump Shot,1,1,Above the Break 3
203897,Zach LaVine,1610612741,0021900432,Jump Shot,1,0,Above the Break 3
1628374,Lauri Markkanen,1610612741,0021900432,Hook Shot,1,0,In The Paint (Non-RA)
1627739,Kris Dunn,1610612741,0021900432,Pullup Jump shot,1,0,Mid-Range
1628976,Wendell Carter Jr.,1610612741,0021900432,Tip Layup Shot,1,0,Restricted Area
203897,Zach LaVine,1610612741,0021900432,Layup Shot,1,0,Restricted Area
203107,Tomas Satoransky,1610612741,0021900432,Floating Jump shot,1,1,In The Paint (Non-RA)
203897,Zach LaVine,1610612741,0021900432,Jump Shot,1,1,Mid-Range
203107,Tomas Satoransky,1610612741,0021900432,Jump Shot,1,0,Left Corner 3
1629632,Coby White,1610612741,0021900432,Jump Shot,1,1,Above the Break 3
1629632,Coby White,1610612741,0021900432,Jump Shot,1,0,Above the Break 3
203107,Tomas Satoransky,1610612741,0021900432,Jump Shot,1,0,Right Corner 3
1629655,Daniel Gafford,1610612741,0021900432,Layup Shot,1,0,Restricted Area
1629632,Coby White,1610612741,0021900432,Step Back Jump shot,1,1,In The Paint (Non-RA)
1627756,Denzel Valentine,1610612741,0021900432,Jump Shot,1,0,Above the Break 3
201152,Thaddeus Young,1610612741,0021900432,Jump Shot,1,0,Above the Break 3
201152,Thaddeus Young,1610612741,0021900432,Jump Shot,1,1,Left Corner 3
1629632,Coby White,1610612741,0021900432,Driving Layup Shot,1,0,Restricted Area
1629632,Coby White,1610612741,0021900432,Driving Layup Shot,1,0,In The Paint (Non-RA)
201152,Thaddeus Young,1610612741,0021900432,Floating Jump shot,1,0,In The Paint (Non-RA)
1627853,Ryan Arcidiacono,1610612741,0021900432,Jump Shot,1,1,Above the Break 3
201152,Thaddeus Young,1610612741,0021900432,Driving Hook Shot,1,1,In The Paint (Non-RA)
1627739,Kris Dunn,1610612741,0021900432,Driving Floating Jump Shot,1,1,In The Paint (Non-RA)
201152,Thaddeus Young,1610612741,0021900432,Jump Shot,1,1,Above the Break 3
1627739,Kris Dunn,1610612741,0021900432,Jump Shot,1,1,Above the Break 3
203107,Tomas Satoransky,1610612741,0021900432,Driving Layup Shot,1,1,Restricted Area
203107,Tomas Satoransky,1610612741,0021900432,Jump Shot,1,0,Above the Break 3
201152,Thaddeus Young,1610612741,0021900432,Jump Shot,1,0,Above the Break 3
1628374,Lauri Markkanen,1610612741,0021900432,Layup Shot,1,1,Restricted Area
1627739,Kris Dunn,1610612741,0021900432,Driving Layup Shot,1,1,Restricted Area
1628374,Lauri Markkanen,1610612741,0021900432,Dunk Shot,1,0,Restricted Area
1628374,Lauri Markkanen,1610612741,0021900432,Jump Shot,1,0,Above the Break 3
203897,Zach LaVine,1610612741,0021900432,Driving Layup Shot,1,1,Restricted Area
203897,Zach LaVine,1610612741,0021900432,Pullup Jump shot,1,0,Mid-Range
203897,Zach LaVine,1610612741,0021900432,Driving Finger Roll Layup Shot,1,1,Restricted Area
203897,Zach LaVine,1610612741,0021900432,Jump Shot,1,0,Right Corner 3
1628976,Wendell Carter Jr.,1610612741,0021900432,Dunk Shot,1,1,Restricted Area
1628374,Lauri Markkanen,1610612741,0021900432,Jump Shot,1,1,Above the Break 3
1627739,Kris Dunn,1610612741,0021900432,Driving Layup Shot,1,1,Restricted Area
1628976,Wendell Carter Jr.,1610612741,0021900432,Driving Layup Shot,1,1,Restricted Area
203107,Tomas Satoransky,1610612741,0021900432,Running Dunk Shot,1,1,Restricted Area
1628374,Lauri Markkanen,1610612741,0021900432,Cutting Finger Roll Layup Shot,1,1,Restricted Area
1627739,Kris Dunn,1610612741,0021900432,Jump Shot,1,0,Above the Break 3
1628976,Wendell Carter Jr.,1610612741,0021900432,Jump Shot,1,1,Above the Break 3
1627739,Kris Dunn,1610612741,0021900432,Turnaround Hook Shot,1,0,In The Paint (Non-RA)
1628374,Lauri Markkanen,1610612741,0021900432,Cutting Dunk Shot,1,1,Restricted Area
203897,Zach LaVine,1610612741,0021900432,Pullup Jump shot,1,1,Above the Break 3
1629632,Coby White,1610612741,0021900432,Jump Shot,1,1,Right Corner 3
203897,Zach LaVine,1610612741,0021900432,Driving Dunk Shot,1,1,Restricted Area
1629632,Coby White,1610612741,0021900432,Step Back Jump shot,1,1,Above the Break 3
1627756,Denzel Valentine,1610612741,0021900432,Driving Layup Shot,1,0,Restricted Area
1629655,Daniel Gafford,1610612741,0021900432,Tip Dunk Shot,1,1,Restricted Area
1629632,Coby White,1610612741,0021900432,Jump Shot,1,1,Above the Break 3
1629632,Coby White,1610612741,0021900432,Jump Shot,1,1,Left Corner 3
1629655,Daniel Gafford,1610612741,0021900432,Turnaround Hook Shot,1,0,In The Paint (Non-RA)
203107,Tomas Satoransky,1610612741,0021900432,Jump Shot,1,0,Above the Break 3
201152,Thaddeus Young,1610612741,0021900432,Jump Shot,1,0,Left Corner 3
203107,Tomas Satoransky,1610612741,0021900432,Driving Floating Bank Jump Shot,1,0,Mid-Range
1629632,Coby White,1610612741,0021900432,Step Back Jump shot,1,0,Above the Break 3
201152,Thaddeus Young,1610612741,0021900432,Jump Shot,1,0,Right Corner 3
203897,Zach LaVine,1610612741,0021900432,Jump Shot,1,1,Left Corner 3
201152,Thaddeus Young,1610612741,0021900432,Jump Shot,1,0,Right Corner 3
203897,Zach LaVine,1610612741,0021900432,Driving Floating Bank Jump Shot,1,0,In The Paint (Non-RA)
1628374,Lauri Markkanen,1610612741,0021900432,Cutting Layup Shot,1,1,Restricted Area
203897,Zach LaVine,1610612741,0021900432,Layup Shot,1,0,In The Paint (Non-RA)
1628976,Wendell Carter Jr.,1610612741,0021900432,Layup Shot,1,0,Restricted Area
203897,Zach LaVine,1610612741,0021900432,Step Back Jump shot,1,1,Above the Break 3
1628374,Lauri Markkanen,1610612741,0021900432,Floating Jump shot,1,0,In The Paint (Non-RA)
1628374,Lauri Markkanen,1610612741,0021900432,Tip Layup Shot,1,1,Restricted Area
1628976,Wendell Carter Jr.,1610612741,0021900432,Tip Layup Shot,1,0,Restricted Area
203897,Zach LaVine,1610612741,0021900432,Jump Shot,1,1,Above the Break 3
1628374,Lauri Markkanen,1610612741,0021900448,Driving Layup Shot,1,1,Restricted Area
203107,Tomas Satoransky,1610612741,0021900448,Running Layup Shot,1,1,Restricted Area
203897,Zach LaVine,1610612741,0021900448,Jump Shot,1,1,Above the Break 3
1628374,Lauri Markkanen,1610612741,0021900448,Jump Shot,1,0,Above the Break 3
1627739,Kris Dunn,1610612741,0021900448,Jump Shot,1,0,Above the Break 3
203897,Zach LaVine,1610612741,0021900448,Jump Shot,1,0,Above the Break 3
203107,Tomas Satoransky,1610612741,0021900448,Driving Floating Jump Shot,1,1,In The Paint (Non-RA)
1627739,Kris Dunn,1610612741,0021900448,Jump Shot,1,1,Left Corner 3
1627739,Kris Dunn,1610612741,0021900448,Driving Layup Shot,1,0,In The Paint (Non-RA)
203897,Zach LaVine,1610612741,0021900448,Driving Finger Roll Layup Shot,1,1,Restricted Area
1628976,Wendell Carter Jr.,1610612741,0021900448,Cutting Dunk Shot,1,1,Restricted Area
1628976,Wendell Carter Jr.,1610612741,0021900448,Alley Oop Dunk Shot,1,1,Restricted Area
1628374,Lauri Markkanen,1610612741,0021900448,Jump Shot,1,0,Above the Break 3
203107,Tomas Satoransky,1610612741,0021900448,Cutting Layup Shot,1,0,Restricted Area
203897,Zach LaVine,1610612741,0021900448,Pullup Jump shot,1,0,Above the Break 3
1628976,Wendell Carter Jr.,1610612741,0021900448,Jump Shot,1,0,Above the Break 3
1628976,Wendell Carter Jr.,1610612741,0021900448,Cutting Dunk Shot,1,1,Restricted Area
1629632,Coby White,1610612741,0021900448,Driving Floating Jump Shot,1,1,In The Paint (Non-RA)
201152,Thaddeus Young,1610612741,0021900448,Driving Layup Shot,1,1,Restricted Area
203897,Zach LaVine,1610612741,0021900448,Jump Shot,1,0,Mid-Range
1629632,Coby White,1610612741,0021900448,Step Back Jump shot,1,1,Mid-Range
203897,Zach LaVine,1610612741,0021900448,Step Back Jump shot,1,0,Above the Break 3
1629632,Coby White,1610612741,0021900448,Jump Shot,1,0,Above the Break 3
1629632,Coby White,1610612741,0021900448,Driving Floating Jump Shot,1,0,Restricted Area
1627853,Ryan Arcidiacono,1610612741,0021900448,Jump Shot,1,1,Above the Break 3
1627756,Denzel Valentine,1610612741,0021900448,Step Back Jump shot,1,0,Above the Break 3
1627756,Denzel Valentine,1610612741,0021900448,Jump Shot,1,0,Above the Break 3
1627853,Ryan Arcidiacono,1610612741,0021900448,Driving Floating Bank Jump Shot,1,0,In The Paint (Non-RA)
1629655,Daniel Gafford,1610612741,0021900448,Putback Dunk Shot,1,1,Restricted Area
201152,Thaddeus Young,1610612741,0021900448,Running Layup Shot,1,0,Restricted Area
1627756,Denzel Valentine,1610612741,0021900448,Turnaround Jump Shot,1,0,In The Paint (Non-RA)
1628976,Wendell Carter Jr.,1610612741,0021900448,Jump Shot,1,0,In The Paint (Non-RA)
1627756,Denzel Valentine,1610612741,0021900448,Jump Shot,1,0,Above the Break 3
201152,Thaddeus Young,1610612741,0021900448,Jump Shot,1,0,Above the Break 3
1629632,Coby White,1610612741,0021900448,Step Back Jump shot,1,0,Mid-Range
1628374,Lauri Markkanen,1610612741,0021900448,Layup Shot,1,0,Restricted Area
203107,Tomas Satoransky,1610612741,0021900448,Jump Shot,1,1,Above the Break 3
203897,Zach LaVine,1610612741,0021900448,Cutting Dunk Shot,1,1,Restricted Area
203107,Tomas Satoransky,1610612741,0021900448,Driving Layup Shot,1,1,Restricted Area
203897,Zach LaVine,1610612741,0021900448,Jump Shot,1,1,Above the Break 3
1628374,Lauri Markkanen,1610612741,0021900448,Jump Shot,1,1,Above the Break 3
1627739,Kris Dunn,1610612741,0021900448,Driving Layup Shot,1,1,Restricted Area
1628374,Lauri Markkanen,1610612741,0021900448,Jump Shot,1,1,Above the Break 3
203897,Zach LaVine,1610612741,0021900448,Jump Shot,1,1,Above the Break 3
1628374,Lauri Markkanen,1610612741,0021900448,Jump Shot,1,0,Above the Break 3
203897,Zach LaVine,1610612741,0021900448,Driving Layup Shot,1,0,Restricted Area
203107,Tomas Satoransky,1610612741,0021900448,Jump Shot,1,1,Right Corner 3
203897,Zach LaVine,1610612741,0021900448,Pullup Jump shot,1,0,Mid-Range
203107,Tomas Satoransky,1610612741,0021900448,Step Back Jump shot,1,1,Above the Break 3
1627739,Kris Dunn,1610612741,0021900448,Jump Shot,1,0,Right Corner 3
1628374,Lauri Markkanen,1610612741,0021900448,Jump Shot,1,0,Left Corner 3
1628374,Lauri Markkanen,1610612741,0021900448,Driving Floating Jump Shot,1,0,In The Paint (Non-RA)
1628976,Wendell Carter Jr.,1610612741,0021900448,Hook Shot,1,0,In The Paint (Non-RA)
203897,Zach LaVine,1610612741,0021900448,Pullup Jump shot,1,0,Mid-Range
203897,Zach LaVine,1610612741,0021900448,Jump Shot,1,0,Above the Break 3
203897,Zach LaVine,1610612741,0021900448,Cutting Layup Shot,1,1,Restricted Area
203897,Zach LaVine,1610612741,0021900448,Jump Shot,1,0,Above the Break 3
1628374,Lauri Markkanen,1610612741,0021900448,Cutting Finger Roll Layup Shot,1,1,Restricted Area
203897,Zach LaVine,1610612741,0021900448,Pullup Jump shot,1,0,Above the Break 3
1629632,Coby White,1610612741,0021900448,Step Back Jump shot,1,1,Above the Break 3
1629632,Coby White,1610612741,0021900448,Driving Layup Shot,1,0,In The Paint (Non-RA)
1629655,Daniel Gafford,1610612741,0021900448,Cutting Dunk Shot,1,1,Restricted Area
203107,Tomas Satoransky,1610612741,0021900448,Driving Floating Jump Shot,1,1,Restricted Area
1629632,Coby White,1610612741,0021900448,Jump Shot,1,1,Mid-Range
1629632,Coby White,1610612741,0021900448,Jump Shot,1,0,Mid-Range
201152,Thaddeus Young,1610612741,0021900448,Driving Floating Jump Shot,1,0,In The Paint (Non-RA)
1627853,Ryan Arcidiacono,1610612741,0021900448,Driving Floating Jump Shot,1,0,In The Paint (Non-RA)
201152,Thaddeus Young,1610612741,0021900448,Layup Shot,1,0,Restricted Area
201152,Thaddeus Young,1610612741,0021900448,Putback Layup Shot,1,0,Restricted Area
203107,Tomas Satoransky,1610612741,0021900448,Jump Shot,1,1,Above the Break 3
203897,Zach LaVine,1610612741,0021900448,Driving Layup Shot,1,0,In The Paint (Non-RA)
201152,Thaddeus Young,1610612741,0021900448,Jump Shot,1,1,Right Corner 3
203107,Tomas Satoransky,1610612741,0021900448,Jump Shot,1,0,Left Corner 3
203897,Zach LaVine,1610612741,0021900448,Pullup Jump shot,1,0,Above the Break 3
1628976,Wendell Carter Jr.,1610612741,0021900448,Running Layup Shot,1,0,In The Paint (Non-RA)
203897,Zach LaVine,1610612741,0021900448,Pullup Jump shot,1,1,Mid-Range
203897,Zach LaVine,1610612741,0021900448,Step Back Jump shot,1,0,Above the Break 3
1628374,Lauri Markkanen,1610612741,0021900448,Jump Shot,1,0,Above the Break 3
203107,Tomas Satoransky,1610612741,0021900448,Driving Floating Jump Shot,1,0,In The Paint (Non-RA)
203107,Tomas Satoransky,1610612741,0021900448,Tip Layup Shot,1,0,Restricted Area
203897,Zach LaVine,1610612741,0021900448,Jump Shot,1,0,Right Corner 3
1627739,Kris Dunn,1610612741,0021900448,Driving Layup Shot,1,1,Restricted Area
203897,Zach LaVine,1610612741,0021900448,Driving Dunk Shot,1,1,Restricted Area
1628976,Wendell Carter Jr.,1610612741,0021900448,Layup Shot,1,0,Restricted Area
203897,Zach LaVine,1610612741,0021900448,Jump Shot,1,0,In The Paint (Non-RA)
203897,Zach LaVine,1610612741,0021900448,Driving Layup Shot,1,0,Restricted Area
203897,Zach LaVine,1610612741,0021900448,Pullup Jump shot,1,0,Above the Break 3
203897,Zach LaVine,1610612741,0021900448,Jump Shot,1,0,Above the Break 3
1628374,Lauri Markkanen,1610612741,0021900477,Jump Shot,1,0,Above the Break 3
203897,Zach LaVine,1610612741,0021900477,Running Jump Shot,1,1,Right Corner 3
203107,Tomas Satoransky,1610612741,0021900477,Driving Layup Shot,1,1,Restricted Area
1628374,Lauri Markkanen,1610612741,0021900477,Cutting Dunk Shot,1,1,Restricted Area
203897,Zach LaVine,1610612741,0021900477,Driving Layup Shot,1,1,Restricted Area
203897,Zach LaVine,1610612741,0021900477,Layup Shot,1,0,Restricted Area
1628374,Lauri Markkanen,1610612741,0021900477,Putback Layup Shot,1,1,Restricted Area
1628374,Lauri Markkanen,1610612741,0021900477,Running Jump Shot,1,1,Right Corner 3
1628374,Lauri Markkanen,1610612741,0021900477,Jump Shot,1,1,Above the Break 3
1628976,Wendell Carter Jr.,1610612741,0021900477,Cutting Dunk Shot,1,1,Restricted Area
203897,Zach LaVine,1610612741,0021900477,Pullup Jump shot,1,1,Above the Break 3
203897,Zach LaVine,1610612741,0021900477,Pullup Jump shot,1,0,Above the Break 3
1629655,Daniel Gafford,1610612741,0021900477,Hook Bank Shot,1,0,In The Paint (Non-RA)
203107,Tomas Satoransky,1610612741,0021900477,Driving Layup Shot,1,1,Restricted Area
1629632,Coby White,1610612741,0021900477,Driving Layup Shot,1,1,Restricted Area
1627739,Kris Dunn,1610612741,0021900477,Running Layup Shot,1,0,Restricted Area
1629655,Daniel Gafford,1610612741,0021900477,Alley Oop Dunk Shot,1,1,Restricted Area
1627739,Kris Dunn,1610612741,0021900477,Driving Layup Shot,1,0,Restricted Area
1629655,Daniel Gafford,1610612741,0021900477,Tip Layup Shot,1,1,Restricted Area
1627739,Kris Dunn,1610612741,0021900477,Driving Reverse Layup Shot,1,1,Restricted Area
1627756,Denzel Valentine,1610612741,0021900477,Floating Jump shot,1,0,In The Paint (Non-RA)
1627756,Denzel Valentine,1610612741,0021900477,Jump Shot,1,0,Above the Break 3
201152,Thaddeus Young,1610612741,0021900477,Cutting Layup Shot,1,1,Restricted Area
1627756,Denzel Valentine,1610612741,0021900477,Floating Jump shot,1,1,Mid-Range
1629632,Coby White,1610612741,0021900477,Driving Layup Shot,1,1,Restricted Area
1629632,Coby White,1610612741,0021900477,Pullup Jump shot,1,1,Mid-Range
1628976,Wendell Carter Jr.,1610612741,0021900477,Jump Shot,1,1,Above the Break 3
1628374,Lauri Markkanen,1610612741,0021900477,Jump Shot,1,1,Above the Break 3
203897,Zach LaVine,1610612741,0021900477,Step Back Jump shot,1,1,Right Corner 3
1628374,Lauri Markkanen,1610612741,0021900477,Running Dunk Shot,1,1,Restricted Area
1628976,Wendell Carter Jr.,1610612741,0021900477,Driving Layup Shot,1,0,Restricted Area
1628374,Lauri Markkanen,1610612741,0021900477,Jump Shot,1,0,Above the Break 3
203107,Tomas Satoransky,1610612741,0021900477,Pullup Jump shot,1,0,Above the Break 3
203107,Tomas Satoransky,1610612741,0021900477,Jump Shot,1,1,Right Corner 3
201152,Thaddeus Young,1610612741,0021900477,Jump Shot,1,0,Above the Break 3
203897,Zach LaVine,1610612741,0021900477,Fadeaway Jump Shot,1,0,Mid-Range
203107,Tomas Satoransky,1610612741,0021900477,Running Dunk Shot,1,1,Restricted Area
203897,Zach LaVine,1610612741,0021900477,Running Dunk Shot,1,1,Restricted Area
201152,Thaddeus Young,1610612741,0021900477,Driving Hook Shot,1,0,In The Paint (Non-RA)
1628976,Wendell Carter Jr.,1610612741,0021900477,Tip Layup Shot,1,0,Restricted Area
203897,Zach LaVine,1610612741,0021900477,Running Alley Oop Dunk Shot,1,1,Restricted Area
203897,Zach LaVine,1610612741,0021900477,Pullup Jump shot,1,0,Above the Break 3
203107,Tomas Satoransky,1610612741,0021900477,Floating Jump shot,1,0,In The Paint (Non-RA)
1628976,Wendell Carter Jr.,1610612741,0021900477,Putback Layup Shot,1,1,Restricted Area
203897,Zach LaVine,1610612741,0021900477,Pullup Jump shot,1,0,Above the Break 3
203897,Zach LaVine,1610612741,0021900477,Running Finger Roll Layup Shot,1,0,Restricted Area
1628374,Lauri Markkanen,1610612741,0021900477,Jump Shot,1,0,Above the Break 3
1628976,Wendell Carter Jr.,1610612741,0021900477,Jump Shot,1,0,Mid-Range
203107,Tomas Satoransky,1610612741,0021900477,Running Layup Shot,1,1,Restricted Area
1628976,Wendell Carter Jr.,1610612741,0021900477,Jump Shot,1,1,Above the Break 3
203897,Zach LaVine,1610612741,0021900477,Step Back Jump shot,1,1,Mid-Range
203897,Zach LaVine,1610612741,0021900477,Pullup Jump shot,1,0,Above the Break 3
1628374,Lauri Markkanen,1610612741,0021900477,Jump Shot,1,0,Above the Break 3
203897,Zach LaVine,1610612741,0021900477,Jump Shot,1,0,Mid-Range
1629632,Coby White,1610612741,0021900477,Driving Layup Shot,1,0,Restricted Area
1628976,Wendell Carter Jr.,1610612741,0021900477,Pullup Jump shot,1,0,Left Corner 3
203107,Tomas Satoransky,1610612741,0021900477,Driving Layup Shot,1,0,Restricted Area
201152,Thaddeus Young,1610612741,0021900477,Turnaround Jump Shot,1,0,Mid-Range
201152,Thaddeus Young,1610612741,0021900477,Jump Shot,1,1,Left Corner 3
1627739,Kris Dunn,1610612741,0021900477,Driving Reverse Layup Shot,1,0,Restricted Area
1629655,Daniel Gafford,1610612741,0021900477,Tip Layup Shot,1,1,Restricted Area
201152,Thaddeus Young,1610612741,0021900477,Cutting Layup Shot,1,0,Restricted Area
1627739,Kris Dunn,1610612741,0021900477,Driving Finger Roll Layup Shot,1,0,Restricted Area
1629632,Coby White,1610612741,0021900477,Driving Layup Shot,1,0,Restricted Area
1629632,Coby White,1610612741,0021900477,Pullup Jump shot,1,1,Above the Break 3
1629632,Coby White,1610612741,0021900477,Step Back Jump shot,1,1,Mid-Range
1627739,Kris Dunn,1610612741,0021900477,Floating Jump shot,1,1,In The Paint (Non-RA)
1628374,Lauri Markkanen,1610612741,0021900477,Jump Shot,1,1,Above the Break 3
1628374,Lauri Markkanen,1610612741,0021900477,Jump Shot,1,0,Above the Break 3
1629655,Daniel Gafford,1610612741,0021900477,Layup Shot,1,0,Restricted Area
1629632,Coby White,1610612741,0021900477,Step Back Jump shot,1,1,Above the Break 3
1629632,Coby White,1610612741,0021900477,Step Back Jump shot,1,0,Above the Break 3
1628374,Lauri Markkanen,1610612741,0021900477,Putback Layup Shot,1,1,Restricted Area
1629632,Coby White,1610612741,0021900477,Driving Finger Roll Layup Shot,1,1,Restricted Area
1628374,Lauri Markkanen,1610612741,0021900477,Driving Layup Shot,1,0,Restricted Area
1627885,Shaquille Harrison,1610612741,0021900477,Layup Shot,1,0,Restricted Area
201152,Thaddeus Young,1610612741,0021900477,Driving Floating Jump Shot,1,1,Restricted Area
1627853,Ryan Arcidiacono,1610612741,0021900477,Running Jump Shot,1,0,Above the Break 3
1629632,Coby White,1610612741,0021900477,Driving Finger Roll Layup Shot,1,1,Restricted Area
1627756,Denzel Valentine,1610612741,0021900477,Jump Shot,1,1,Above the Break 3
1629690,Adam Mokoka,1610612741,0021900477,Layup Shot,1,0,Restricted Area
1629690,Adam Mokoka,1610612741,0021900477,Putback Layup Shot,1,0,Restricted Area
1627853,Ryan Arcidiacono,1610612741,0021900477,Jump Shot,1,0,Above the Break 3
1627885,Shaquille Harrison,1610612741,0021900477,Layup Shot,1,0,Restricted Area
1627853,Ryan Arcidiacono,1610612741,0021900477,Driving Finger Roll Layup Shot,1,0,Restricted Area
1627885,Shaquille Harrison,1610612741,0021900477,Driving Floating Jump Shot,1,0,In The Paint (Non-RA)
1628436,Luke Kornet,1610612741,0021900477,Jump Shot,1,1,Above the Break 3
1628374,Lauri Markkanen,1610612741,0021900493,Jump Shot,1,0,Left Corner 3
203107,Tomas Satoransky,1610612741,0021900493,Jump Shot,1,0,Above the Break 3
1628374,Lauri Markkanen,1610612741,0021900493,Jump Shot,1,0,Above the Break 3
203107,Tomas Satoransky,1610612741,0021900493,Driving Floating Jump Shot,1,0,In The Paint (Non-RA)
203107,Tomas Satoransky,1610612741,0021900493,Jump Shot,1,0,Left Corner 3
203107,Tomas Satoransky,1610612741,0021900493,Layup Shot,1,0,Restricted Area
203107,Tomas Satoransky,1610612741,0021900493,Driving Layup Shot,1,1,Restricted Area
1627739,Kris Dunn,1610612741,0021900493,Driving Layup Shot,1,1,Restricted Area
203897,Zach LaVine,1610612741,0021900493,Fadeaway Jump Shot,1,0,Mid-Range
1628374,Lauri Markkanen,1610612741,0021900493,Driving Layup Shot,1,1,Restricted Area
1628374,Lauri Markkanen,1610612741,0021900493,Jump Shot,1,1,Above the Break 3
1627739,Kris Dunn,1610612741,0021900493,Step Back Jump shot,1,0,In The Paint (Non-RA)
203897,Zach LaVine,1610612741,0021900493,Pullup Jump shot,1,0,Mid-Range
1627739,Kris Dunn,1610612741,0021900493,Jump Shot,1,0,Above the Break 3
203897,Zach LaVine,1610612741,0021900493,Driving Floating Jump Shot,1,0,In The Paint (Non-RA)
203897,Zach LaVine,1610612741,0021900493,Jump Shot,1,0,Left Corner 3
1628374,Lauri Markkanen,1610612741,0021900493,Tip Layup Shot,1,0,Restricted Area
1629632,Coby White,1610612741,0021900493,Jump Shot,1,0,Above the Break 3
203897,Zach LaVine,1610612741,0021900493,Driving Layup Shot,1,1,Restricted Area
203107,Tomas Satoransky,1610612741,0021900493,Driving Layup Shot,1,1,Restricted Area
1628976,Wendell Carter Jr.,1610612741,0021900493,Jump Shot,1,0,Above the Break 3
203897,Zach LaVine,1610612741,0021900493,Jump Shot,1,1,Above the Break 3
203897,Zach LaVine,1610612741,0021900493,Driving Layup Shot,1,0,Restricted Area
1629632,Coby White,1610612741,0021900493,Driving Floating Bank Jump Shot,1,0,In The Paint (Non-RA)
1628976,Wendell Carter Jr.,1610612741,0021900493,Hook Shot,1,1,In The Paint (Non-RA)
1628976,Wendell Carter Jr.,1610612741,0021900493,Jump Shot,1,1,Mid-Range
201152,Thaddeus Young,1610612741,0021900493,Layup Shot,1,0,In The Paint (Non-RA)
1627756,Denzel Valentine,1610612741,0021900493,Hook Shot,1,0,In The Paint (Non-RA)
1627756,Denzel Valentine,1610612741,0021900493,Jump Shot,1,0,Above the Break 3
1629632,Coby White,1610612741,0021900493,Driving Layup Shot,1,0,Restricted Area
1627756,Denzel Valentine,1610612741,0021900493,Jump Shot,1,1,Above the Break 3
1627739,Kris Dunn,1610612741,0021900493,Layup Shot,1,0,Restricted Area
1629632,Coby White,1610612741,0021900493,Jump Shot,1,1,Above the Break 3
1629632,Coby White,1610612741,0021900493,Jump Shot,1,1,Above the Break 3
1629632,Coby White,1610612741,0021900493,Jump Shot,1,1,Above the Break 3
201152,Thaddeus Young,1610612741,0021900493,Driving Layup Shot,1,0,Restricted Area
1629632,Coby White,1610612741,0021900493,Jump Shot,1,0,Mid-Range
1627756,Denzel Valentine,1610612741,0021900493,Jump Shot,1,0,Above the Break 3
1629632,Coby White,1610612741,0021900493,Driving Floating Jump Shot,1,0,In The Paint (Non-RA)
203897,Zach LaVine,1610612741,0021900493,Jump Shot,1,0,Above the Break 3
201152,Thaddeus Young,1610612741,0021900493,Hook Shot,1,1,In The Paint (Non-RA)
1629655,Daniel Gafford,1610612741,0021900493,Driving Finger Roll Layup Shot,1,1,Restricted Area
203897,Zach LaVine,1610612741,0021900493,Driving Layup Shot,1,0,Restricted Area
1629632,Coby White,1610612741,0021900493,Driving Layup Shot,1,1,Restricted Area
1628374,Lauri Markkanen,1610612741,0021900493,Jump Shot,1,1,Above the Break 3
203897,Zach LaVine,1610612741,0021900493,Jump Shot,1,0,Left Corner 3
203107,Tomas Satoransky,1610612741,0021900493,Jump Shot,1,1,Above the Break 3
1628374,Lauri Markkanen,1610612741,0021900493,Jump Shot,1,1,Above the Break 3
1628374,Lauri Markkanen,1610612741,0021900493,Jump Shot,1,1,Above the Break 3
1629632,Coby White,1610612741,0021900493,Driving Floating Bank Jump Shot,1,1,Restricted Area
1629632,Coby White,1610612741,0021900493,Jump Shot,1,0,Mid-Range
1628976,Wendell Carter Jr.,1610612741,0021900493,Jump Shot,1,0,Mid-Range
1628374,Lauri Markkanen,1610612741,0021900493,Jump Shot,1,0,Above the Break 3
1628374,Lauri Markkanen,1610612741,0021900493,Jump Shot,1,0,Above the Break 3
203897,Zach LaVine,1610612741,0021900493,Driving Layup Shot,1,0,Restricted Area
1628976,Wendell Carter Jr.,1610612741,0021900493,Jump Shot,1,0,Above the Break 3
203107,Tomas Satoransky,1610612741,0021900493,Jump Shot,1,0,Above the Break 3
203897,Zach LaVine,1610612741,0021900493,Step Back Jump shot,1,0,Mid-Range
1627739,Kris Dunn,1610612741,0021900493,Driving Layup Shot,1,0,Restricted Area
1627739,Kris Dunn,1610612741,0021900493,Jump Shot,1,0,Above the Break 3
203897,Zach LaVine,1610612741,0021900493,Driving Finger Roll Layup Shot,1,1,Restricted Area
203897,Zach LaVine,1610612741,0021900493,Layup Shot,1,0,Restricted Area
1629632,Coby White,1610612741,0021900493,Driving Floating Jump Shot,1,1,In The Paint (Non-RA)
1628374,Lauri Markkanen,1610612741,0021900493,Driving Layup Shot,1,0,Restricted Area
1628976,Wendell Carter Jr.,1610612741,0021900493,Tip Dunk Shot,1,1,Restricted Area
1628976,Wendell Carter Jr.,1610612741,0021900493,Layup Shot,1,1,Restricted Area
1627853,Ryan Arcidiacono,1610612741,0021900493,Floating Jump shot,1,1,In The Paint (Non-RA)
203897,Zach LaVine,1610612741,0021900493,Step Back Jump shot,1,1,Above the Break 3
203897,Zach LaVine,1610612741,0021900493,Driving Layup Shot,1,0,Restricted Area
201152,Thaddeus Young,1610612741,0021900493,Jump Shot,1,0,Above the Break 3
201152,Thaddeus Young,1610612741,0021900493,Jump Shot,1,1,Above the Break 3
1629632,Coby White,1610612741,0021900493,Driving Layup Shot,1,0,Restricted Area
1629655,Daniel Gafford,1610612741,0021900493,Tip Layup Shot,1,1,Restricted Area
1629632,Coby White,1610612741,0021900493,Driving Layup Shot,1,1,Restricted Area
201152,Thaddeus Young,1610612741,0021900493,Jump Shot,1,0,Left Corner 3
1627756,Denzel Valentine,1610612741,0021900493,Jump Shot,1,0,Above the Break 3
201152,Thaddeus Young,1610612741,0021900493,Driving Floating Jump Shot,1,0,In The Paint (Non-RA)
1627853,Ryan Arcidiacono,1610612741,0021900493,Floating Jump shot,1,0,Mid-Range
1629655,Daniel Gafford,1610612741,0021900493,Layup Shot,1,1,Restricted Area
1629632,Coby White,1610612741,0021900493,Step Back Jump shot,1,0,Above the Break 3
201152,Thaddeus Young,1610612741,0021900493,Running Layup Shot,1,0,Restricted Area
1629632,Coby White,1610612741,0021900493,Jump Shot,1,0,Above the Break 3
1627756,Denzel Valentine,1610612741,0021900493,Driving Hook Shot,1,1,In The Paint (Non-RA)
1629655,Daniel Gafford,1610612741,0021900493,Cutting Layup Shot,1,0,Restricted Area
1629655,Daniel Gafford,1610612741,0021900493,Putback Layup Shot,1,0,Restricted Area
1629655,Daniel Gafford,1610612741,0021900493,Cutting Dunk Shot,1,1,Restricted Area
1629655,Daniel Gafford,1610612741,0021900493,Layup Shot,1,0,In The Paint (Non-RA)
203897,Zach LaVine,1610612741,0021900493,Jump Shot,1,0,Above the Break 3
1628374,Lauri Markkanen,1610612741,0021900493,Jump Shot,1,1,Left Corner 3
203107,Tomas Satoransky,1610612741,0021900493,Jump Shot,1,1,Left Corner 3
203897,Zach LaVine,1610612741,0021900493,Running Layup Shot,1,0,Restricted Area
1629632,Coby White,1610612741,0021900493,Driving Dunk Shot,1,0,Restricted Area
203897,Zach LaVine,1610612741,0021900493,Jump Shot,1,1,Right Corner 3
203897,Zach LaVine,1610612741,0021900493,Driving Reverse Layup Shot,1,1,Restricted Area
1628976,Wendell Carter Jr.,1610612741,0021900493,Jump Shot,1,1,Mid-Range
203897,Zach LaVine,1610612741,0021900493,Driving Layup Shot,1,0,Restricted Area
1628976,Wendell Carter Jr.,1610612741,0021900493,Tip Layup Shot,1,0,Restricted Area
203107,Tomas Satoransky,1610612741,0021900493,Jump Shot,1,0,Above the Break 3
203107,Tomas Satoransky,1610612741,0021900493,Driving Floating Jump Shot,1,0,Restricted Area
203897,Zach LaVine,1610612741,0021900493,Jump Shot,1,0,Above the Break 3
203897,Zach LaVine,1610612741,0021900493,Jump Shot,1,1,Left Corner 3
1629632,Coby White,1610612741,0021900493,Running Dunk Shot,1,0,Restricted Area
1629690,Adam Mokoka,1610612741,0021900493,Driving Layup Shot,1,0,Restricted Area
1628436,Luke Kornet,1610612741,0021900493,Jump Shot,1,1,Above the Break 3
1627756,Denzel Valentine,1610612741,0021900493,Pullup Jump shot,1,0,In The Paint (Non-RA)
1629690,Adam Mokoka,1610612741,0021900493,Jump Shot,1,0,Left Corner 3
1629690,Adam Mokoka,1610612741,0021900493,Jump Shot,1,0,Above the Break 3
1628976,Wendell Carter Jr.,1610612741,0021900511,Jump Shot,1,1,Right Corner 3
203897,Zach LaVine,1610612741,0021900511,Jump Shot,1,0,Above the Break 3
1628976,Wendell Carter Jr.,1610612741,0021900511,Jump Shot,1,1,In The Paint (Non-RA)
1628374,Lauri Markkanen,1610612741,0021900511,Turnaround Fadeaway Bank Jump Shot,1,0,Restricted Area
1627739,Kris Dunn,1610612741,0021900511,Pullup Jump shot,1,0,In The Paint (Non-RA)
1627739,Kris Dunn,1610612741,0021900511,Running Layup Shot,1,1,Restricted Area
1628976,Wendell Carter Jr.,1610612741,0021900511,Layup Shot,1,0,Restricted Area
203107,Tomas Satoransky,1610612741,0021900511,Turnaround Fadeaway shot,1,0,In The Paint (Non-RA)
203107,Tomas Satoransky,1610612741,0021900511,Jump Shot,1,0,Above the Break 3
203897,Zach LaVine,1610612741,0021900511,Driving Layup Shot,1,0,Restricted Area
1628374,Lauri Markkanen,1610612741,0021900511,Jump Shot,1,0,Above the Break 3
1628374,Lauri Markkanen,1610612741,0021900511,Step Back Jump shot,1,1,Above the Break 3
1629632,Coby White,1610612741,0021900511,Jump Shot,1,0,Above the Break 3
1629655,Daniel Gafford,1610612741,0021900511,Layup Shot,1,0,Restricted Area
1628374,Lauri Markkanen,1610612741,0021900511,Cutting Dunk Shot,1,1,Restricted Area
1629655,Daniel Gafford,1610612741,0021900511,Cutting Dunk Shot,1,1,Restricted Area
203897,Zach LaVine,1610612741,0021900511,Pullup Jump shot,1,1,Above the Break 3
1629655,Daniel Gafford,1610612741,0021900511,Alley Oop Dunk Shot,1,0,Restricted Area
201152,Thaddeus Young,1610612741,0021900511,Jump Shot,1,0,Above the Break 3
1627756,Denzel Valentine,1610612741,0021900511,Floating Jump shot,1,1,In The Paint (Non-RA)
1627756,Denzel Valentine,1610612741,0021900511,Jump Shot,1,0,Above the Break 3
1629632,Coby White,1610612741,0021900511,Turnaround Fadeaway shot,1,1,Mid-Range
201152,Thaddeus Young,1610612741,0021900511,Driving Hook Shot,1,0,In The Paint (Non-RA)
1628976,Wendell Carter Jr.,1610612741,0021900511,Cutting Layup Shot,1,1,Restricted Area
1627756,Denzel Valentine,1610612741,0021900511,Floating Jump shot,1,1,In The Paint (Non-RA)
1628976,Wendell Carter Jr.,1610612741,0021900511,Layup Shot,1,1,In The Paint (Non-RA)
201152,Thaddeus Young,1610612741,0021900511,Driving Layup Shot,1,1,Restricted Area
201152,Thaddeus Young,1610612741,0021900511,Layup Shot,1,0,In The Paint (Non-RA)
1629632,Coby White,1610612741,0021900511,Driving Floating Bank Jump Shot,1,0,Mid-Range
203897,Zach LaVine,1610612741,0021900511,Driving Layup Shot,1,0,Restricted Area
1628976,Wendell Carter Jr.,1610612741,0021900511,Jump Shot,1,0,Left Corner 3
1629632,Coby White,1610612741,0021900511,Driving Floating Bank Jump Shot,1,1,In The Paint (Non-RA)
1629632,Coby White,1610612741,0021900511,Jump Shot,1,0,Right Corner 3
203107,Tomas Satoransky,1610612741,0021900511,Running Layup Shot,1,1,Restricted Area
203107,Tomas Satoransky,1610612741,0021900511,Jump Shot,1,0,Above the Break 3
203897,Zach LaVine,1610612741,0021900511,Driving Layup Shot,1,1,Restricted Area
1628374,Lauri Markkanen,1610612741,0021900511,Jump Shot,1,0,Left Corner 3
203897,Zach LaVine,1610612741,0021900511,Driving Layup Shot,1,1,Restricted Area
203107,Tomas Satoransky,1610612741,0021900511,Pullup Jump shot,1,1,Mid-Range
203897,Zach LaVine,1610612741,0021900511,Turnaround Jump Shot,1,1,In The Paint (Non-RA)
203897,Zach LaVine,1610612741,0021900511,Jump Shot,1,0,Above the Break 3
1628374,Lauri Markkanen,1610612741,0021900511,Jump Shot,1,1,Above the Break 3
203897,Zach LaVine,1610612741,0021900511,Step Back Jump shot,1,1,Left Corner 3
203897,Zach LaVine,1610612741,0021900511,Jump Shot,1,0,Above the Break 3
1628374,Lauri Markkanen,1610612741,0021900511,Running Dunk Shot,1,1,Restricted Area
1628374,Lauri Markkanen,1610612741,0021900511,Jump Shot,1,1,Above the Break 3
203897,Zach LaVine,1610612741,0021900511,Jump Shot,1,0,Above the Break 3
203897,Zach LaVine,1610612741,0021900511,Driving Layup Shot,1,1,Restricted Area
1628374,Lauri Markkanen,1610612741,0021900511,Jump Shot,1,0,Above the Break 3
1627739,Kris Dunn,1610612741,0021900511,Jump Shot,1,0,Left Corner 3
1627739,Kris Dunn,1610612741,0021900511,Floating Jump shot,1,0,In The Paint (Non-RA)
1627739,Kris Dunn,1610612741,0021900511,Jump Shot,1,0,Mid-Range
203897,Zach LaVine,1610612741,0021900511,Jump Shot,1,0,Above the Break 3
203897,Zach LaVine,1610612741,0021900511,Turnaround Fadeaway shot,1,0,Mid-Range
1629632,Coby White,1610612741,0021900511,Jump Shot,1,0,Left Corner 3
1628374,Lauri Markkanen,1610612741,0021900511,Tip Layup Shot,1,0,Restricted Area
1628374,Lauri Markkanen,1610612741,0021900511,Putback Layup Shot,1,0,Restricted Area
203897,Zach LaVine,1610612741,0021900511,Layup Shot,1,0,Restricted Area
203107,Tomas Satoransky,1610612741,0021900511,Pullup Jump shot,1,1,Mid-Range
1628976,Wendell Carter Jr.,1610612741,0021900511,Layup Shot,1,0,In The Paint (Non-RA)
203107,Tomas Satoransky,1610612741,0021900511,Jump Shot,1,0,Left Corner 3
1629632,Coby White,1610612741,0021900511,Jump Shot,1,0,Mid-Range
1629655,Daniel Gafford,1610612741,0021900511,Cutting Layup Shot,1,0,Restricted Area
1629632,Coby White,1610612741,0021900511,Jump Bank Shot,1,0,Restricted Area
203897,Zach LaVine,1610612741,0021900511,Driving Layup Shot,1,1,Restricted Area
203897,Zach LaVine,1610612741,0021900511,Driving Layup Shot,1,0,Restricted Area
203897,Zach LaVine,1610612741,0021900511,Pullup Jump shot,1,0,Above the Break 3
1629632,Coby White,1610612741,0021900511,Driving Layup Shot,1,1,Restricted Area
203897,Zach LaVine,1610612741,0021900511,Driving Layup Shot,1,0,Restricted Area
1628976,Wendell Carter Jr.,1610612741,0021900511,Putback Layup Shot,1,0,Restricted Area
201152,Thaddeus Young,1610612741,0021900511,Jump Shot,1,1,Left Corner 3
1627885,Shaquille Harrison,1610612741,0021900511,Layup Shot,1,0,Restricted Area
1628976,Wendell Carter Jr.,1610612741,0021900511,Tip Layup Shot,1,0,Restricted Area
203897,Zach LaVine,1610612741,0021900511,Pullup Jump shot,1,1,In The Paint (Non-RA)
1629632,Coby White,1610612741,0021900511,Driving Layup Shot,1,0,Restricted Area
1627885,Shaquille Harrison,1610612741,0021900511,Jump Shot,1,1,Above the Break 3
1628976,Wendell Carter Jr.,1610612741,0021900511,Layup Shot,1,1,Restricted Area
1628374,Lauri Markkanen,1610612741,0021900511,Layup Shot,1,0,In The Paint (Non-RA)
1628374,Lauri Markkanen,1610612741,0021900511,Jump Shot,1,1,Right Corner 3
1628374,Lauri Markkanen,1610612741,0021900511,Jump Shot,1,0,Above the Break 3
1629655,Daniel Gafford,1610612741,0021900511,Turnaround Hook Shot,1,1,In The Paint (Non-RA)
1629632,Coby White,1610612741,0021900511,Jump Shot,1,0,Above the Break 3
1628976,Wendell Carter Jr.,1610612741,0021900511,Floating Jump shot,1,1,In The Paint (Non-RA)
203897,Zach LaVine,1610612741,0021900511,Layup Shot,1,0,Restricted Area
1627739,Kris Dunn,1610612741,0021900511,Jump Shot,1,1,Left Corner 3
1627739,Kris Dunn,1610612741,0021900511,Floating Jump shot,1,0,In The Paint (Non-RA)
1628976,Wendell Carter Jr.,1610612741,0021900511,Cutting Dunk Shot,1,1,Restricted Area
1628374,Lauri Markkanen,1610612741,0021900511,Jump Shot,1,0,Above the Break 3
203897,Zach LaVine,1610612741,0021900511,Jump Shot,1,1,Above the Break 3
203897,Zach LaVine,1610612741,0021900511,Jump Shot,1,0,Above the Break 3
203897,Zach LaVine,1610612741,0021900511,Driving Layup Shot,1,0,Restricted Area
203897,Zach LaVine,1610612741,0021900511,Jump Shot,1,0,Above the Break 3
203897,Zach LaVine,1610612741,0021900511,Layup Shot,1,0,Restricted Area
1628374,Lauri Markkanen,1610612741,0021900511,Jump Shot,1,0,Above the Break 3
203897,Zach LaVine,1610612741,0021900529,Jump Shot,1,1,Above the Break 3
1628374,Lauri Markkanen,1610612741,0021900529,Jump Shot,1,0,Above the Break 3
203897,Zach LaVine,1610612741,0021900529,Driving Reverse Layup Shot,1,1,Restricted Area
1627739,Kris Dunn,1610612741,0021900529,Floating Jump shot,1,0,In The Paint (Non-RA)
203107,Tomas Satoransky,1610612741,0021900529,Driving Floating Jump Shot,1,0,In The Paint (Non-RA)
203897,Zach LaVine,1610612741,0021900529,Jump Shot,1,1,Above the Break 3
1628976,Wendell Carter Jr.,1610612741,0021900529,Jump Shot,1,0,Left Corner 3
203897,Zach LaVine,1610612741,0021900529,Jump Shot,1,1,Above the Break 3
1628374,Lauri Markkanen,1610612741,0021900529,Jump Shot,1,1,Left Corner 3
203897,Zach LaVine,1610612741,0021900529,Fadeaway Jump Shot,1,0,In The Paint (Non-RA)
1629632,Coby White,1610612741,0021900529,Jump Shot,1,1,Above the Break 3
203897,Zach LaVine,1610612741,0021900529,Alley Oop Dunk Shot,1,0,Restricted Area
1629632,Coby White,1610612741,0021900529,Fadeaway Jump Shot,1,0,In The Paint (Non-RA)
203897,Zach LaVine,1610612741,0021900529,Running Layup Shot,1,1,Restricted Area
203897,Zach LaVine,1610612741,0021900529,Step Back Jump shot,1,0,Above the Break 3
1628374,Lauri Markkanen,1610612741,0021900529,Jump Shot,1,0,Above the Break 3
1629655,Daniel Gafford,1610612741,0021900529,Driving Layup Shot,1,0,Restricted Area
1629632,Coby White,1610612741,0021900529,Driving Layup Shot,1,0,Restricted Area
203107,Tomas Satoransky,1610612741,0021900529,Jump Shot,1,0,Mid-Range
1629632,Coby White,1610612741,0021900529,Jump Shot,1,1,Left Corner 3
1627739,Kris Dunn,1610612741,0021900529,Driving Layup Shot,1,1,Restricted Area
1629632,Coby White,1610612741,0021900529,Jump Shot,1,0,Above the Break 3
1629655,Daniel Gafford,1610612741,0021900529,Putback Layup Shot,1,0,Restricted Area
203107,Tomas Satoransky,1610612741,0021900529,Jump Shot,1,1,Above the Break 3
203107,Tomas Satoransky,1610612741,0021900529,Driving Layup Shot,1,1,Restricted Area
1629632,Coby White,1610612741,0021900529,Jump Shot,1,0,Above the Break 3
1627739,Kris Dunn,1610612741,0021900529,Jump Shot,1,1,Above the Break 3
1628374,Lauri Markkanen,1610612741,0021900529,Jump Shot,1,1,Right Corner 3
201152,Thaddeus Young,1610612741,0021900529,Jump Shot,1,0,Above the Break 3
1629632,Coby White,1610612741,0021900529,Step Back Jump shot,1,0,Mid-Range
1628374,Lauri Markkanen,1610612741,0021900529,Jump Shot,1,0,Above the Break 3
1628976,Wendell Carter Jr.,1610612741,0021900529,Floating Jump shot,1,0,In The Paint (Non-RA)
203897,Zach LaVine,1610612741,0021900529,Step Back Jump shot,1,0,Mid-Range
1628374,Lauri Markkanen,1610612741,0021900529,Jump Shot,1,0,Above the Break 3
203107,Tomas Satoransky,1610612741,0021900529,Driving Floating Jump Shot,1,0,In The Paint (Non-RA)
1628374,Lauri Markkanen,1610612741,0021900529,Jump Shot,1,1,Left Corner 3
203897,Zach LaVine,1610612741,0021900529,Jump Shot,1,1,Mid-Range
1628976,Wendell Carter Jr.,1610612741,0021900529,Hook Shot,1,1,In The Paint (Non-RA)
203897,Zach LaVine,1610612741,0021900529,Step Back Jump shot,1,0,Mid-Range
1628374,Lauri Markkanen,1610612741,0021900529,Driving Dunk Shot,1,0,Restricted Area
1628976,Wendell Carter Jr.,1610612741,0021900529,Jump Shot,1,0,In The Paint (Non-RA)
1628374,Lauri Markkanen,1610612741,0021900529,Jump Shot,1,0,Right Corner 3
203107,Tomas Satoransky,1610612741,0021900529,Jump Shot,1,0,Above the Break 3
1628976,Wendell Carter Jr.,1610612741,0021900529,Jump Shot,1,0,Above the Break 3
1628374,Lauri Markkanen,1610612741,0021900529,Cutting Dunk Shot,1,1,Restricted Area
203897,Zach LaVine,1610612741,0021900529,Jump Shot,1,1,Above the Break 3
1628374,Lauri Markkanen,1610612741,0021900529,Jump Shot,1,0,Left Corner 3
1628976,Wendell Carter Jr.,1610612741,0021900529,Cutting Dunk Shot,1,1,Restricted Area
1628976,Wendell Carter Jr.,1610612741,0021900529,Running Layup Shot,1,0,Restricted Area
1628374,Lauri Markkanen,1610612741,0021900529,Driving Dunk Shot,1,1,Restricted Area
203107,Tomas Satoransky,1610612741,0021900529,Turnaround Hook Shot,1,0,Restricted Area
1628976,Wendell Carter Jr.,1610612741,0021900529,Alley Oop Dunk Shot,1,0,Restricted Area
203897,Zach LaVine,1610612741,0021900529,Jump Shot,1,0,Above the Break 3
203897,Zach LaVine,1610612741,0021900529,Pullup Jump shot,1,0,Mid-Range
1629632,Coby White,1610612741,0021900529,Jump Shot,1,0,Above the Break 3
201152,Thaddeus Young,1610612741,0021900529,Running Layup Shot,1,1,Restricted Area
1627739,Kris Dunn,1610612741,0021900529,Driving Finger Roll Layup Shot,1,1,Restricted Area
201152,Thaddeus Young,1610612741,0021900529,Jump Shot,1,0,Right Corner 3
201152,Thaddeus Young,1610612741,0021900529,Jump Shot,1,0,Left Corner 3
203107,Tomas Satoransky,1610612741,0021900529,Reverse Layup Shot,1,1,Restricted Area
1627739,Kris Dunn,1610612741,0021900529,Driving Layup Shot,1,0,Restricted Area
1627739,Kris Dunn,1610612741,0021900529,Floating Jump shot,1,1,In The Paint (Non-RA)
201152,Thaddeus Young,1610612741,0021900529,Cutting Layup Shot,1,1,Restricted Area
203107,Tomas Satoransky,1610612741,0021900529,Driving Layup Shot,1,1,Restricted Area
201152,Thaddeus Young,1610612741,0021900529,Driving Layup Shot,1,1,Restricted Area
203897,Zach LaVine,1610612741,0021900529,Jump Shot,1,1,Above the Break 3
201152,Thaddeus Young,1610612741,0021900529,Running Finger Roll Layup Shot,1,1,Restricted Area
203897,Zach LaVine,1610612741,0021900529,Step Back Jump shot,1,0,Above the Break 3
203107,Tomas Satoransky,1610612741,0021900529,Driving Layup Shot,1,0,Restricted Area
201152,Thaddeus Young,1610612741,0021900529,Driving Finger Roll Layup Shot,1,0,Restricted Area
203107,Tomas Satoransky,1610612741,0021900529,Driving Layup Shot,1,0,Restricted Area
203897,Zach LaVine,1610612741,0021900529,Fadeaway Jump Shot,1,1,Mid-Range
203897,Zach LaVine,1610612741,0021900529,Running Dunk Shot,1,1,Restricted Area
203897,Zach LaVine,1610612741,0021900529,Pullup Jump shot,1,0,Mid-Range
201152,Thaddeus Young,1610612741,0021900529,Jump Shot,1,0,Right Corner 3
1628976,Wendell Carter Jr.,1610612741,0021900529,Putback Dunk Shot,1,1,Restricted Area
203897,Zach LaVine,1610612741,0021900529,Driving Layup Shot,1,1,Restricted Area
203897,Zach LaVine,1610612741,0021900529,Pullup Jump shot,1,0,Above the Break 3
201152,Thaddeus Young,1610612741,0021900529,Jump Shot,1,1,Above the Break 3
201152,Thaddeus Young,1610612741,0021900529,Jump Shot,1,0,Above the Break 3
1627739,Kris Dunn,1610612741,0021900545,Turnaround Jump Shot,1,0,In The Paint (Non-RA)
1627739,Kris Dunn,1610612741,0021900545,Jump Shot,1,0,Above the Break 3
203107,Tomas Satoransky,1610612741,0021900545,Driving Floating Jump Shot,1,0,In The Paint (Non-RA)
203897,Zach LaVine,1610612741,0021900545,Step Back Jump shot,1,0,Mid-Range
1628374,Lauri Markkanen,1610612741,0021900545,Cutting Dunk Shot,1,1,Restricted Area
1628374,Lauri Markkanen,1610612741,0021900545,Jump Shot,1,1,Left Corner 3
203897,Zach LaVine,1610612741,0021900545,Driving Layup Shot,1,1,Restricted Area
203897,Zach LaVine,1610612741,0021900545,Cutting Layup Shot,1,1,Restricted Area
1628374,Lauri Markkanen,1610612741,0021900545,Jump Shot,1,1,Above the Break 3
1628976,Wendell Carter Jr.,1610612741,0021900545,Alley Oop Dunk Shot,1,1,Restricted Area
1628374,Lauri Markkanen,1610612741,0021900545,Jump Shot,1,0,Above the Break 3
1628976,Wendell Carter Jr.,1610612741,0021900545,Cutting Layup Shot,1,1,Restricted Area
1628374,Lauri Markkanen,1610612741,0021900545,Cutting Dunk Shot,1,1,Restricted Area
1627739,Kris Dunn,1610612741,0021900545,Jump Shot,1,0,Left Corner 3
1628374,Lauri Markkanen,1610612741,0021900545,Putback Layup Shot,1,0,Restricted Area
1627739,Kris Dunn,1610612741,0021900545,Jump Shot,1,0,Above the Break 3
1628374,Lauri Markkanen,1610612741,0021900545,Jump Shot,1,0,Above the Break 3
201152,Thaddeus Young,1610612741,0021900545,Driving Floating Jump Shot,1,0,In The Paint (Non-RA)
203897,Zach LaVine,1610612741,0021900545,Driving Hook Shot,1,0,Restricted Area
1629632,Coby White,1610612741,0021900545,Driving Floating Jump Shot,1,0,In The Paint (Non-RA)
201152,Thaddeus Young,1610612741,0021900545,Driving Floating Jump Shot,1,0,In The Paint (Non-RA)
1629632,Coby White,1610612741,0021900545,Step Back Jump shot,1,0,Mid-Range
201152,Thaddeus Young,1610612741,0021900545,Jump Bank Shot,1,1,In The Paint (Non-RA)
203107,Tomas Satoransky,1610612741,0021900545,Driving Floating Jump Shot,1,0,In The Paint (Non-RA)
1629632,Coby White,1610612741,0021900545,Jump Shot,1,1,Above the Break 3
201152,Thaddeus Young,1610612741,0021900545,Turnaround Hook Shot,1,1,Restricted Area
203107,Tomas Satoransky,1610612741,0021900545,Jump Shot,1,0,Above the Break 3
1629632,Coby White,1610612741,0021900545,Driving Floating Bank Jump Shot,1,1,Mid-Range
1629655,Daniel Gafford,1610612741,0021900545,Alley Oop Dunk Shot,1,1,Restricted Area
201152,Thaddeus Young,1610612741,0021900545,Jump Shot,1,0,Mid-Range
1628976,Wendell Carter Jr.,1610612741,0021900545,Jump Shot,1,0,In The Paint (Non-RA)
201152,Thaddeus Young,1610612741,0021900545,Putback Layup Shot,1,0,Restricted Area
203897,Zach LaVine,1610612741,0021900545,Running Layup Shot,1,1,Restricted Area
1629632,Coby White,1610612741,0021900545,Jump Shot,1,1,Left Corner 3
1627739,Kris Dunn,1610612741,0021900545,Driving Reverse Layup Shot,1,0,Restricted Area
203897,Zach LaVine,1610612741,0021900545,Driving Floating Bank Jump Shot,1,1,Restricted Area
1628374,Lauri Markkanen,1610612741,0021900545,Driving Hook Shot,1,1,Restricted Area
203897,Zach LaVine,1610612741,0021900545,Jump Shot,1,0,Mid-Range
201152,Thaddeus Young,1610612741,0021900545,Running Dunk Shot,1,1,Restricted Area
1628374,Lauri Markkanen,1610612741,0021900545,Running Layup Shot,1,1,Restricted Area
1627739,Kris Dunn,1610612741,0021900545,Pullup Jump shot,1,1,In The Paint (Non-RA)
203107,Tomas Satoransky,1610612741,0021900545,Driving Layup Shot,1,0,Restricted Area
1628976,Wendell Carter Jr.,1610612741,0021900545,Layup Shot,1,0,Restricted Area
1628374,Lauri Markkanen,1610612741,0021900545,Jump Shot,1,0,Above the Break 3
201152,Thaddeus Young,1610612741,0021900545,Jump Shot,1,1,Left Corner 3
203897,Zach LaVine,1610612741,0021900545,Jump Shot,1,0,Left Corner 3
1629655,Daniel Gafford,1610612741,0021900545,Putback Dunk Shot,1,1,Restricted Area
1628374,Lauri Markkanen,1610612741,0021900545,Jump Shot,1,0,Above the Break 3
203897,Zach LaVine,1610612741,0021900545,Jump Shot,1,0,Above the Break 3
1629632,Coby White,1610612741,0021900545,Jump Shot,1,0,Above the Break 3
203107,Tomas Satoransky,1610612741,0021900545,Driving Reverse Layup Shot,1,0,Restricted Area
1628976,Wendell Carter Jr.,1610612741,0021900545,Putback Layup Shot,1,0,Restricted Area
203107,Tomas Satoransky,1610612741,0021900545,Jump Shot,1,0,Above the Break 3
203107,Tomas Satoransky,1610612741,0021900545,Running Dunk Shot,1,1,Restricted Area
1628976,Wendell Carter Jr.,1610612741,0021900545,Alley Oop Dunk Shot,1,0,Restricted Area
1628976,Wendell Carter Jr.,1610612741,0021900545,Driving Layup Shot,1,0,Restricted Area
203107,Tomas Satoransky,1610612741,0021900545,Jump Shot,1,1,Above the Break 3
1629655,Daniel Gafford,1610612741,0021900545,Alley Oop Dunk Shot,1,1,Restricted Area
1627885,Shaquille Harrison,1610612741,0021900545,Running Finger Roll Layup Shot,1,1,Restricted Area
1628374,Lauri Markkanen,1610612741,0021900545,Running Layup Shot,1,1,Restricted Area
1628374,Lauri Markkanen,1610612741,0021900545,Jump Shot,1,0,Above the Break 3
203897,Zach LaVine,1610612741,0021900545,Layup Shot,1,0,Restricted Area
203897,Zach LaVine,1610612741,0021900545,Step Back Jump shot,1,0,Above the Break 3
203897,Zach LaVine,1610612741,0021900545,Driving Hook Shot,1,0,Restricted Area
1629632,Coby White,1610612741,0021900545,Running Layup Shot,1,1,Restricted Area
1627885,Shaquille Harrison,1610612741,0021900545,Jump Shot,1,0,Left Corner 3
203897,Zach LaVine,1610612741,0021900545,Driving Layup Shot,1,1,Restricted Area
203897,Zach LaVine,1610612741,0021900545,Driving Reverse Layup Shot,1,1,Restricted Area
1629632,Coby White,1610612741,0021900545,Jump Shot,1,1,Above the Break 3
1628374,Lauri Markkanen,1610612741,0021900545,Driving Layup Shot,1,0,Restricted Area
1628374,Lauri Markkanen,1610612741,0021900545,Fadeaway Jump Shot,1,1,Restricted Area
203897,Zach LaVine,1610612741,0021900545,Driving Layup Shot,1,0,Restricted Area
203897,Zach LaVine,1610612741,0021900545,Putback Layup Shot,1,1,Restricted Area
1628374,Lauri Markkanen,1610612741,0021900545,Jump Shot,1,0,Above the Break 3
1629632,Coby White,1610612741,0021900545,Pullup Jump shot,1,0,Above the Break 3
1627739,Kris Dunn,1610612741,0021900545,Running Pull-Up Jump Shot,1,0,Mid-Range
201152,Thaddeus Young,1610612741,0021900545,Layup Shot,1,0,Restricted Area
201152,Thaddeus Young,1610612741,0021900545,Putback Layup Shot,1,1,Restricted Area
203107,Tomas Satoransky,1610612741,0021900545,Driving Floating Jump Shot,1,1,Restricted Area
1629632,Coby White,1610612741,0021900545,Driving Finger Roll Layup Shot,1,1,Restricted Area
1629655,Daniel Gafford,1610612741,0021900545,Cutting Dunk Shot,1,1,Restricted Area
1629655,Daniel Gafford,1610612741,0021900545,Alley Oop Dunk Shot,1,1,Restricted Area
203107,Tomas Satoransky,1610612741,0021900545,Jump Shot,1,0,Above the Break 3
203107,Tomas Satoransky,1610612741,0021900545,Layup Shot,1,0,Restricted Area
203897,Zach LaVine,1610612741,0021900545,Step Back Jump shot,1,0,Above the Break 3
1627739,Kris Dunn,1610612741,0021900545,Driving Floating Jump Shot,1,1,In The Paint (Non-RA)
203897,Zach LaVine,1610612741,0021900545,Running Layup Shot,1,1,Restricted Area
203897,Zach LaVine,1610612741,0021900545,Alley Oop Dunk Shot,1,1,Restricted Area
203897,Zach LaVine,1610612741,0021900545,Jump Shot,1,0,Above the Break 3
203897,Zach LaVine,1610612741,0021900545,Layup Shot,1,0,In The Paint (Non-RA)
1627739,Kris Dunn,1610612741,0021900545,Dunk Shot,1,1,Restricted Area
203897,Zach LaVine,1610612741,0021900545,Driving Layup Shot,1,1,Restricted Area
1628374,Lauri Markkanen,1610612741,0021900545,Jump Shot,1,1,Above the Break 3
1628374,Lauri Markkanen,1610612741,0021900545,Jump Shot,1,1,Above the Break 3
203107,Tomas Satoransky,1610612741,0021900545,Jump Shot,1,0,Above the Break 3
1627885,Shaquille Harrison,1610612741,0021900545,Jump Shot,1,0,Left Corner 3
203897,Zach LaVine,1610612741,0021900545,Layup Shot,1,0,Restricted Area
1629655,Daniel Gafford,1610612741,0021900545,Tip Dunk Shot,1,1,Restricted Area
201152,Thaddeus Young,1610612741,0021900560,Driving Layup Shot,1,0,Restricted Area
201152,Thaddeus Young,1610612741,0021900560,Layup Shot,1,0,Restricted Area
1628374,Lauri Markkanen,1610612741,0021900560,Jump Bank Shot,1,0,Mid-Range
203107,Tomas Satoransky,1610612741,0021900560,Driving Layup Shot,1,0,In The Paint (Non-RA)
203897,Zach LaVine,1610612741,0021900560,Running Layup Shot,1,1,Restricted Area
203897,Zach LaVine,1610612741,0021900560,Layup Shot,1,1,Restricted Area
201152,Thaddeus Young,1610612741,0021900560,Jump Shot,1,0,Left Corner 3
1628374,Lauri Markkanen,1610612741,0021900560,Jump Shot,1,1,Above the Break 3
1627739,Kris Dunn,1610612741,0021900560,Jump Shot,1,1,Above the Break 3
203107,Tomas Satoransky,1610612741,0021900560,Driving Layup Shot,1,0,Restricted Area
1627739,Kris Dunn,1610612741,0021900560,Jump Shot,1,0,Above the Break 3
203107,Tomas Satoransky,1610612741,0021900560,Jump Shot,1,0,Right Corner 3
203897,Zach LaVine,1610612741,0021900560,Driving Layup Shot,1,0,Restricted Area
201152,Thaddeus Young,1610612741,0021900560,Driving Layup Shot,1,0,In The Paint (Non-RA)
1627739,Kris Dunn,1610612741,0021900560,Running Jump Shot,1,0,Mid-Range
203897,Zach LaVine,1610612741,0021900560,Jump Shot,1,0,Left Corner 3
201152,Thaddeus Young,1610612741,0021900560,Cutting Dunk Shot,1,1,Restricted Area
1627739,Kris Dunn,1610612741,0021900560,Driving Layup Shot,1,1,Restricted Area
201152,Thaddeus Young,1610612741,0021900560,Cutting Dunk Shot,1,1,Restricted Area
203897,Zach LaVine,1610612741,0021900560,Driving Dunk Shot,1,1,Restricted Area
203897,Zach LaVine,1610612741,0021900560,Driving Layup Shot,1,1,Restricted Area
203897,Zach LaVine,1610612741,0021900560,Driving Layup Shot,1,0,Restricted Area
1629655,Daniel Gafford,1610612741,0021900560,Tip Layup Shot,1,0,Restricted Area
1627853,Ryan Arcidiacono,1610612741,0021900560,Jump Shot,1,0,Left Corner 3
1629632,Coby White,1610612741,0021900560,Jump Shot,1,0,Above the Break 3
1628990,Chandler Hutchison,1610612741,0021900560,Layup Shot,1,0,Restricted Area
1629632,Coby White,1610612741,0021900560,Driving Layup Shot,1,0,Restricted Area
1628990,Chandler Hutchison,1610612741,0021900560,Layup Shot,1,0,Restricted Area
203107,Tomas Satoransky,1610612741,0021900560,Jump Shot,1,0,Restricted Area
1628990,Chandler Hutchison,1610612741,0021900560,Layup Shot,1,0,Restricted Area
1628374,Lauri Markkanen,1610612741,0021900560,Hook Shot,1,0,Restricted Area
203897,Zach LaVine,1610612741,0021900560,Driving Layup Shot,1,0,Restricted Area
1628374,Lauri Markkanen,1610612741,0021900560,Cutting Dunk Shot,1,1,Restricted Area
201152,Thaddeus Young,1610612741,0021900560,Jump Shot,1,0,Right Corner 3
1628374,Lauri Markkanen,1610612741,0021900560,Jump Shot,1,1,Above the Break 3
1629632,Coby White,1610612741,0021900560,Running Layup Shot,1,1,Restricted Area
203897,Zach LaVine,1610612741,0021900560,Layup Shot,1,1,Restricted Area
203897,Zach LaVine,1610612741,0021900560,Layup Shot,1,1,Restricted Area
1627739,Kris Dunn,1610612741,0021900560,Running Dunk Shot,1,1,Restricted Area
1629632,Coby White,1610612741,0021900560,Layup Shot,1,1,Restricted Area
203897,Zach LaVine,1610612741,0021900560,Jump Shot,1,1,Mid-Range
201152,Thaddeus Young,1610612741,0021900560,Jump Bank Shot,1,1,Above the Break 3
203897,Zach LaVine,1610612741,0021900560,Jump Shot,1,1,Above the Break 3
1627739,Kris Dunn,1610612741,0021900560,Alley Oop Layup shot,1,1,Restricted Area
203897,Zach LaVine,1610612741,0021900560,Jump Shot,1,0,Above the Break 3
1627739,Kris Dunn,1610612741,0021900560,Jump Shot,1,0,Above the Break 3
203897,Zach LaVine,1610612741,0021900560,Jump Shot,1,0,Mid-Range
1627739,Kris Dunn,1610612741,0021900560,Jump Shot,1,0,Above the Break 3
203107,Tomas Satoransky,1610612741,0021900560,Cutting Layup Shot,1,1,Restricted Area
1627739,Kris Dunn,1610612741,0021900560,Jump Shot,1,1,Above the Break 3
201152,Thaddeus Young,1610612741,0021900560,Jump Shot,1,0,Right Corner 3
1628374,Lauri Markkanen,1610612741,0021900560,Jump Shot,1,0,Above the Break 3
1627739,Kris Dunn,1610612741,0021900560,Jump Shot,1,1,Above the Break 3
203897,Zach LaVine,1610612741,0021900560,Jump Shot,1,0,In The Paint (Non-RA)
1628374,Lauri Markkanen,1610612741,0021900560,Jump Shot,1,0,Left Corner 3
203897,Zach LaVine,1610612741,0021900560,Fadeaway Jump Shot,1,0,Mid-Range
1628374,Lauri Markkanen,1610612741,0021900560,Driving Layup Shot,1,0,Restricted Area
1629632,Coby White,1610612741,0021900560,Driving Reverse Layup Shot,1,1,Restricted Area
201152,Thaddeus Young,1610612741,0021900560,Jump Shot,1,1,Left Corner 3
1628374,Lauri Markkanen,1610612741,0021900560,Jump Shot,1,0,Above the Break 3
1627739,Kris Dunn,1610612741,0021900560,Layup Shot,1,0,Restricted Area
203897,Zach LaVine,1610612741,0021900560,Running Layup Shot,1,1,Restricted Area
203897,Zach LaVine,1610612741,0021900560,Layup Shot,1,1,Restricted Area
1629632,Coby White,1610612741,0021900560,Jump Shot,1,0,Above the Break 3
201152,Thaddeus Young,1610612741,0021900560,Layup Shot,1,0,Restricted Area
201152,Thaddeus Young,1610612741,0021900560,Driving Layup Shot,1,1,Restricted Area
201152,Thaddeus Young,1610612741,0021900560,Jump Shot,1,0,Left Corner 3
1629632,Coby White,1610612741,0021900560,Layup Shot,1,0,Restricted Area
1628374,Lauri Markkanen,1610612741,0021900560,Turnaround Hook Shot,1,1,In The Paint (Non-RA)
201152,Thaddeus Young,1610612741,0021900560,Layup Shot,1,0,Restricted Area
1627853,Ryan Arcidiacono,1610612741,0021900560,Cutting Layup Shot,1,1,Restricted Area
1628374,Lauri Markkanen,1610612741,0021900560,Jump Shot,1,0,Above the Break 3
1629632,Coby White,1610612741,0021900560,Turnaround Jump Shot,1,1,In The Paint (Non-RA)
203107,Tomas Satoransky,1610612741,0021900560,Jump Shot,1,1,Right Corner 3
1629632,Coby White,1610612741,0021900560,Layup Shot,1,1,Restricted Area
203897,Zach LaVine,1610612741,0021900560,Cutting Layup Shot,1,0,Restricted Area
1629655,Daniel Gafford,1610612741,0021900560,Cutting Layup Shot,1,0,In The Paint (Non-RA)
201152,Thaddeus Young,1610612741,0021900560,Putback Layup Shot,1,1,Restricted Area
203897,Zach LaVine,1610612741,0021900560,Jump Shot,1,0,Above the Break 3
203897,Zach LaVine,1610612741,0021900560,Jump Shot,1,1,Above the Break 3
203897,Zach LaVine,1610612741,0021900560,Jump Shot,1,1,Above the Break 3
1629632,Coby White,1610612741,0021900560,Driving Layup Shot,1,0,In The Paint (Non-RA)
1628374,Lauri Markkanen,1610612741,0021900560,Jump Shot,1,0,Above the Break 3
201152,Thaddeus Young,1610612741,0021900560,Jump Shot,1,1,Above the Break 3
1628374,Lauri Markkanen,1610612741,0021900560,Jump Shot,1,0,Above the Break 3
203897,Zach LaVine,1610612741,0021900560,Driving Dunk Shot,1,1,Restricted Area
203897,Zach LaVine,1610612741,0021900560,Jump Shot,1,0,Above the Break 3
1628990,Chandler Hutchison,1610612741,0021900560,Jump Shot,1,0,Mid-Range
1628436,Luke Kornet,1610612741,0021900560,Jump Shot,1,1,Above the Break 3
1627885,Shaquille Harrison,1610612741,0021900560,Driving Layup Shot,1,1,Restricted Area
1627853,Ryan Arcidiacono,1610612741,0021900560,Layup Shot,1,0,Restricted Area
1627853,Ryan Arcidiacono,1610612741,0021900560,Jump Shot,1,1,Left Corner 3
1627739,Kris Dunn,1610612741,0021900570,Jump Shot,1,1,Above the Break 3
203107,Tomas Satoransky,1610612741,0021900570,Driving Floating Jump Shot,1,1,In The Paint (Non-RA)
203897,Zach LaVine,1610612741,0021900570,Jump Shot,1,1,Right Corner 3
203897,Zach LaVine,1610612741,0021900570,Pullup Jump shot,1,0,Mid-Range
1629655,Daniel Gafford,1610612741,0021900570,Hook Shot,1,0,In The Paint (Non-RA)
203107,Tomas Satoransky,1610612741,0021900570,Jump Shot,1,0,Above the Break 3
1627739,Kris Dunn,1610612741,0021900570,Step Back Jump shot,1,0,Mid-Range
1628374,Lauri Markkanen,1610612741,0021900570,Jump Shot,1,1,Above the Break 3
1628374,Lauri Markkanen,1610612741,0021900570,Jump Shot,1,0,Above the Break 3
1629632,Coby White,1610612741,0021900570,Step Back Jump shot,1,1,Above the Break 3
1629632,Coby White,1610612741,0021900570,Driving Layup Shot,1,0,Restricted Area
203897,Zach LaVine,1610612741,0021900570,Jump Shot,1,1,Left Corner 3
203897,Zach LaVine,1610612741,0021900570,Driving Layup Shot,1,0,Restricted Area
201152,Thaddeus Young,1610612741,0021900570,Driving Layup Shot,1,1,Restricted Area
1628990,Chandler Hutchison,1610612741,0021900570,Cutting Layup Shot,1,1,Restricted Area
1628990,Chandler Hutchison,1610612741,0021900570,Jump Shot,1,0,Left Corner 3
1629655,Daniel Gafford,1610612741,0021900570,Hook Shot,1,0,In The Paint (Non-RA)
1629632,Coby White,1610612741,0021900570,Pullup Jump shot,1,0,Mid-Range
1628990,Chandler Hutchison,1610612741,0021900570,Driving Layup Shot,1,0,Restricted Area
1629632,Coby White,1610612741,0021900570,Driving Layup Shot,1,1,Restricted Area
1629632,Coby White,1610612741,0021900570,Driving Finger Roll Layup Shot,1,0,Restricted Area
201152,Thaddeus Young,1610612741,0021900570,Jump Shot,1,0,Above the Break 3
1629632,Coby White,1610612741,0021900570,Driving Layup Shot,1,1,Restricted Area
201152,Thaddeus Young,1610612741,0021900570,Jump Shot,1,0,Right Corner 3
201152,Thaddeus Young,1610612741,0021900570,Driving Dunk Shot,1,1,Restricted Area
203107,Tomas Satoransky,1610612741,0021900570,Jump Shot,1,0,Above the Break 3
1629632,Coby White,1610612741,0021900570,Jump Shot,1,0,Left Corner 3
203107,Tomas Satoransky,1610612741,0021900570,Driving Hook Shot,1,0,Restricted Area
201152,Thaddeus Young,1610612741,0021900570,Driving Layup Shot,1,0,Restricted Area
1629632,Coby White,1610612741,0021900570,Jump Shot,1,1,Above the Break 3
1629632,Coby White,1610612741,0021900570,Driving Floating Jump Shot,1,0,In The Paint (Non-RA)
203897,Zach LaVine,1610612741,0021900570,Jump Shot,1,0,Above the Break 3
1628374,Lauri Markkanen,1610612741,0021900570,Jump Shot,1,0,Above the Break 3
203897,Zach LaVine,1610612741,0021900570,Step Back Jump shot,1,0,Mid-Range
1627739,Kris Dunn,1610612741,0021900570,Driving Layup Shot,1,1,Restricted Area
203897,Zach LaVine,1610612741,0021900570,Driving Layup Shot,1,1,Restricted Area
203897,Zach LaVine,1610612741,0021900570,Step Back Jump shot,1,1,Mid-Range
203897,Zach LaVine,1610612741,0021900570,Running Dunk Shot,1,1,Restricted Area
203897,Zach LaVine,1610612741,0021900570,Driving Dunk Shot,1,1,Restricted Area
203107,Tomas Satoransky,1610612741,0021900570,Jump Shot,1,0,Right Corner 3
1627739,Kris Dunn,1610612741,0021900570,Jump Shot,1,0,Left Corner 3
203897,Zach LaVine,1610612741,0021900570,Pullup Jump shot,1,0,Above the Break 3
203897,Zach LaVine,1610612741,0021900570,Jump Shot,1,1,Left Corner 3
203897,Zach LaVine,1610612741,0021900570,Pullup Jump shot,1,1,Above the Break 3
203897,Zach LaVine,1610612741,0021900570,Pullup Jump shot,1,1,Above the Break 3
203897,Zach LaVine,1610612741,0021900570,Pullup Jump shot,1,1,Above the Break 3
1628374,Lauri Markkanen,1610612741,0021900570,Hook Shot,1,0,Mid-Range
1628374,Lauri Markkanen,1610612741,0021900570,Driving Floating Jump Shot,1,0,In The Paint (Non-RA)
203897,Zach LaVine,1610612741,0021900570,Step Back Jump shot,1,0,Mid-Range
1628374,Lauri Markkanen,1610612741,0021900570,Jump Shot,1,1,Above the Break 3
203107,Tomas Satoransky,1610612741,0021900570,Jump Shot,1,0,Right Corner 3
1629632,Coby White,1610612741,0021900570,Step Back Jump shot,1,1,Above the Break 3
1628436,Luke Kornet,1610612741,0021900570,Jump Shot,1,0,Above the Break 3
1629632,Coby White,1610612741,0021900570,Pullup Jump shot,1,1,Above the Break 3
1629632,Coby White,1610612741,0021900570,Pullup Jump shot,1,1,Above the Break 3
1629632,Coby White,1610612741,0021900570,Jump Shot,1,0,Above the Break 3
1629632,Coby White,1610612741,0021900570,Pullup Jump shot,1,0,Above the Break 3
1627739,Kris Dunn,1610612741,0021900570,Driving Layup Shot,1,0,Restricted Area
1629632,Coby White,1610612741,0021900570,Driving Floating Jump Shot,1,1,In The Paint (Non-RA)
1629632,Coby White,1610612741,0021900570,Jump Shot,1,0,Mid-Range
1629632,Coby White,1610612741,0021900570,Jump Shot,1,0,Right Corner 3
1627739,Kris Dunn,1610612741,0021900570,Jump Shot,1,0,Above the Break 3
203107,Tomas Satoransky,1610612741,0021900570,Layup Shot,1,1,Restricted Area
1628374,Lauri Markkanen,1610612741,0021900570,Jump Shot,1,0,Above the Break 3
203897,Zach LaVine,1610612741,0021900570,Jump Shot,1,0,Left Corner 3
203107,Tomas Satoransky,1610612741,0021900570,Jump Shot,1,1,Above the Break 3
201152,Thaddeus Young,1610612741,0021900570,Layup Shot,1,0,Restricted Area
203107,Tomas Satoransky,1610612741,0021900570,Driving Layup Shot,1,1,Restricted Area
201152,Thaddeus Young,1610612741,0021900570,Layup Shot,1,0,In The Paint (Non-RA)
201152,Thaddeus Young,1610612741,0021900570,Putback Layup Shot,1,1,Restricted Area
1628374,Lauri Markkanen,1610612741,0021900570,Cutting Dunk Shot,1,1,Restricted Area
203897,Zach LaVine,1610612741,0021900570,Jump Shot,1,1,Right Corner 3
203897,Zach LaVine,1610612741,0021900570,Step Back Jump shot,1,1,Above the Break 3
203897,Zach LaVine,1610612741,0021900570,Driving Layup Shot,1,1,Restricted Area
1628374,Lauri Markkanen,1610612741,0021900570,Jump Shot,1,1,Above the Break 3
203107,Tomas Satoransky,1610612741,0021900570,Driving Layup Shot,1,1,Restricted Area
203897,Zach LaVine,1610612741,0021900570,Running Dunk Shot,1,1,Restricted Area
203897,Zach LaVine,1610612741,0021900570,Jump Shot,1,0,Above the Break 3
203897,Zach LaVine,1610612741,0021900570,Jump Shot,1,0,Above the Break 3
203107,Tomas Satoransky,1610612741,0021900570,Jump Shot,1,0,Above the Break 3
1629655,Daniel Gafford,1610612741,0021900579,Cutting Layup Shot,1,1,In The Paint (Non-RA)
203107,Tomas Satoransky,1610612741,0021900579,Turnaround Fadeaway Bank Jump Shot,1,0,In The Paint (Non-RA)
1627739,Kris Dunn,1610612741,0021900579,Jump Shot,1,0,Above the Break 3
203897,Zach LaVine,1610612741,0021900579,Jump Shot,1,0,Above the Break 3
1627739,Kris Dunn,1610612741,0021900579,Turnaround Hook Shot,1,0,In The Paint (Non-RA)
203107,Tomas Satoransky,1610612741,0021900579,Running Layup Shot,1,1,Restricted Area
203107,Tomas Satoransky,1610612741,0021900579,Floating Jump shot,1,1,In The Paint (Non-RA)
203897,Zach LaVine,1610612741,0021900579,Cutting Dunk Shot,1,1,Restricted Area
1627739,Kris Dunn,1610612741,0021900579,Driving Layup Shot,1,1,Restricted Area
203897,Zach LaVine,1610612741,0021900579,Running Layup Shot,1,0,Restricted Area
203897,Zach LaVine,1610612741,0021900579,Step Back Jump shot,1,0,Mid-Range
1628374,Lauri Markkanen,1610612741,0021900579,Running Layup Shot,1,1,Restricted Area
1628374,Lauri Markkanen,1610612741,0021900579,Jump Shot,1,1,Above the Break 3
1628436,Luke Kornet,1610612741,0021900579,Layup Shot,1,1,Restricted Area
1628436,Luke Kornet,1610612741,0021900579,Floating Jump shot,1,1,In The Paint (Non-RA)
1628436,Luke Kornet,1610612741,0021900579,Layup Shot,1,1,Restricted Area
1629632,Coby White,1610612741,0021900579,Jump Shot,1,1,Left Corner 3
1628436,Luke Kornet,1610612741,0021900579,Jump Shot,1,1,Above the Break 3
1627739,Kris Dunn,1610612741,0021900579,Running Layup Shot,1,1,Restricted Area
1628436,Luke Kornet,1610612741,0021900579,Jump Shot,1,1,Above the Break 3
1628436,Luke Kornet,1610612741,0021900579,Jump Shot,1,0,Above the Break 3
1629632,Coby White,1610612741,0021900579,Jump Shot,1,0,Above the Break 3
1627853,Ryan Arcidiacono,1610612741,0021900579,Jump Shot,1,1,Above the Break 3
1628436,Luke Kornet,1610612741,0021900579,Jump Shot,1,0,Right Corner 3
1629632,Coby White,1610612741,0021900579,Floating Jump shot,1,0,In The Paint (Non-RA)
1628990,Chandler Hutchison,1610612741,0021900579,Driving Layup Shot,1,1,Restricted Area
1629632,Coby White,1610612741,0021900579,Jump Shot,1,0,Above the Break 3
1629655,Daniel Gafford,1610612741,0021900579,Layup Shot,1,1,Restricted Area
1628990,Chandler Hutchison,1610612741,0021900579,Jump Shot,1,0,In The Paint (Non-RA)
1629655,Daniel Gafford,1610612741,0021900579,Tip Layup Shot,1,1,Restricted Area
1629632,Coby White,1610612741,0021900579,Driving Layup Shot,1,1,Restricted Area
1629632,Coby White,1610612741,0021900579,Layup Shot,1,0,Restricted Area
1629655,Daniel Gafford,1610612741,0021900579,Dunk Shot,1,0,Restricted Area
1629655,Daniel Gafford,1610612741,0021900579,Layup Shot,1,1,Restricted Area
203897,Zach LaVine,1610612741,0021900579,Driving Layup Shot,1,1,Restricted Area
203897,Zach LaVine,1610612741,0021900579,Driving Layup Shot,1,1,Restricted Area
203897,Zach LaVine,1610612741,0021900579,Driving Layup Shot,1,1,Restricted Area
203897,Zach LaVine,1610612741,0021900579,Jump Shot,1,0,Above the Break 3
203897,Zach LaVine,1610612741,0021900579,Layup Shot,1,0,Restricted Area
1628374,Lauri Markkanen,1610612741,0021900579,Tip Layup Shot,1,0,Restricted Area
1628436,Luke Kornet,1610612741,0021900579,Jump Shot,1,0,Right Corner 3
1628374,Lauri Markkanen,1610612741,0021900579,Turnaround Fadeaway shot,1,1,In The Paint (Non-RA)
203107,Tomas Satoransky,1610612741,0021900579,Jump Shot,1,0,Left Corner 3
1627739,Kris Dunn,1610612741,0021900579,Jump Shot,1,1,Right Corner 3
1627739,Kris Dunn,1610612741,0021900579,Jump Shot,1,0,Above the Break 3
203897,Zach LaVine,1610612741,0021900579,Jump Shot,1,0,Above the Break 3
203897,Zach LaVine,1610612741,0021900579,Driving Layup Shot,1,1,Restricted Area
1628374,Lauri Markkanen,1610612741,0021900579,Jump Shot,1,0,Left Corner 3
1629655,Daniel Gafford,1610612741,0021900579,Layup Shot,1,1,Restricted Area
203897,Zach LaVine,1610612741,0021900579,Jump Shot,1,0,Above the Break 3
1629655,Daniel Gafford,1610612741,0021900579,Layup Shot,1,0,Restricted Area
1628374,Lauri Markkanen,1610612741,0021900579,Tip Layup Shot,1,0,Restricted Area
1627739,Kris Dunn,1610612741,0021900579,Jump Shot,1,0,Above the Break 3
203897,Zach LaVine,1610612741,0021900579,Driving Layup Shot,1,0,Restricted Area
203897,Zach LaVine,1610612741,0021900579,Jump Shot,1,0,Above the Break 3
203107,Tomas Satoransky,1610612741,0021900579,Driving Layup Shot,1,1,Restricted Area
1629655,Daniel Gafford,1610612741,0021900579,Dunk Shot,1,1,Restricted Area
1628374,Lauri Markkanen,1610612741,0021900579,Turnaround Hook Shot,1,1,In The Paint (Non-RA)
1628436,Luke Kornet,1610612741,0021900579,Jump Shot,1,1,Above the Break 3
1628436,Luke Kornet,1610612741,0021900579,Jump Shot,1,0,Above the Break 3
1627739,Kris Dunn,1610612741,0021900579,Layup Shot,1,0,In The Paint (Non-RA)
1628374,Lauri Markkanen,1610612741,0021900579,Jump Shot,1,0,Above the Break 3
203897,Zach LaVine,1610612741,0021900579,Jump Shot,1,0,Above the Break 3
1628436,Luke Kornet,1610612741,0021900579,Layup Shot,1,0,Restricted Area
203897,Zach LaVine,1610612741,0021900579,Driving Layup Shot,1,1,Restricted Area
203897,Zach LaVine,1610612741,0021900579,Jump Shot,1,1,Above the Break 3
203897,Zach LaVine,1610612741,0021900579,Step Back Jump shot,1,0,Above the Break 3
1628436,Luke Kornet,1610612741,0021900579,Fadeaway Jump Shot,1,0,Left Corner 3
201152,Thaddeus Young,1610612741,0021900579,Jump Shot,1,0,Above the Break 3
1628436,Luke Kornet,1610612741,0021900579,Jump Shot,1,0,Above the Break 3
1628990,Chandler Hutchison,1610612741,0021900579,Jump Shot,1,1,Left Corner 3
1629632,Coby White,1610612741,0021900579,Jump Shot,1,0,Left Corner 3
1627853,Ryan Arcidiacono,1610612741,0021900579,Jump Shot,1,1,Above the Break 3
1629632,Coby White,1610612741,0021900579,Jump Shot,1,1,Mid-Range
203897,Zach LaVine,1610612741,0021900579,Layup Shot,1,0,In The Paint (Non-RA)
1628374,Lauri Markkanen,1610612741,0021900579,Jump Shot,1,1,Above the Break 3
203107,Tomas Satoransky,1610612741,0021900579,Driving Floating Jump Shot,1,1,In The Paint (Non-RA)
1628374,Lauri Markkanen,1610612741,0021900579,Driving Floating Jump Shot,1,1,In The Paint (Non-RA)
1628374,Lauri Markkanen,1610612741,0021900579,Driving Layup Shot,1,0,In The Paint (Non-RA)
1629655,Daniel Gafford,1610612741,0021900579,Tip Layup Shot,1,1,Restricted Area
203897,Zach LaVine,1610612741,0021900579,Jump Shot,1,0,Above the Break 3
203897,Zach LaVine,1610612741,0021900579,Driving Bank Hook Shot,1,1,Restricted Area
1627739,Kris Dunn,1610612741,0021900579,Running Layup Shot,1,1,Restricted Area
1628374,Lauri Markkanen,1610612741,0021900593,Jump Shot,1,0,Above the Break 3
203107,Tomas Satoransky,1610612741,0021900593,Jump Shot,1,0,Mid-Range
1628374,Lauri Markkanen,1610612741,0021900593,Driving Layup Shot,1,0,Mid-Range
1628374,Lauri Markkanen,1610612741,0021900593,Tip Layup Shot,1,1,Restricted Area
1629655,Daniel Gafford,1610612741,0021900593,Dunk Shot,1,1,Restricted Area
203107,Tomas Satoransky,1610612741,0021900593,Driving Floating Jump Shot,1,0,In The Paint (Non-RA)
203897,Zach LaVine,1610612741,0021900593,Fadeaway Jump Shot,1,1,Mid-Range
203107,Tomas Satoransky,1610612741,0021900593,Driving Layup Shot,1,0,Restricted Area
203897,Zach LaVine,1610612741,0021900593,Layup Shot,1,0,Restricted Area
203897,Zach LaVine,1610612741,0021900593,Turnaround Fadeaway shot,1,0,Mid-Range
1628374,Lauri Markkanen,1610612741,0021900593,Jump Shot,1,0,Above the Break 3
203897,Zach LaVine,1610612741,0021900593,Jump Shot,1,0,Above the Break 3
1629632,Coby White,1610612741,0021900593,Jump Shot,1,0,Above the Break 3
1628436,Luke Kornet,1610612741,0021900593,Step Back Jump shot,1,0,Above the Break 3
1628990,Chandler Hutchison,1610612741,0021900593,Driving Finger Roll Layup Shot,1,0,In The Paint (Non-RA)
1627739,Kris Dunn,1610612741,0021900593,Driving Layup Shot,1,1,Restricted Area
1629632,Coby White,1610612741,0021900593,Driving Floating Bank Jump Shot,1,1,Mid-Range
1629632,Coby White,1610612741,0021900593,Jump Shot,1,0,Above the Break 3
201152,Thaddeus Young,1610612741,0021900593,Jump Shot,1,0,Above the Break 3
1628990,Chandler Hutchison,1610612741,0021900593,Driving Layup Shot,1,0,Restricted Area
201152,Thaddeus Young,1610612741,0021900593,Jump Shot,1,1,Above the Break 3
1629632,Coby White,1610612741,0021900593,Jump Shot,1,0,Above the Break 3
1629632,Coby White,1610612741,0021900593,Driving Layup Shot,1,1,In The Paint (Non-RA)
1629632,Coby White,1610612741,0021900593,Jump Shot,1,0,Above the Break 3
1627853,Ryan Arcidiacono,1610612741,0021900593,Jump Shot,1,0,Above the Break 3
201152,Thaddeus Young,1610612741,0021900593,Jump Shot,1,0,Left Corner 3
201152,Thaddeus Young,1610612741,0021900593,Driving Hook Shot,1,1,In The Paint (Non-RA)
201152,Thaddeus Young,1610612741,0021900593,Driving Hook Shot,1,1,In The Paint (Non-RA)
203897,Zach LaVine,1610612741,0021900593,Jump Shot,1,0,Mid-Range
1628436,Luke Kornet,1610612741,0021900593,Jump Shot,1,0,Left Corner 3
201152,Thaddeus Young,1610612741,0021900593,Driving Layup Shot,1,1,In The Paint (Non-RA)
203107,Tomas Satoransky,1610612741,0021900593,Driving Dunk Shot,1,1,Restricted Area
203897,Zach LaVine,1610612741,0021900593,Running Finger Roll Layup Shot,1,1,Restricted Area
1628374,Lauri Markkanen,1610612741,0021900593,Driving Layup Shot,1,1,Restricted Area
1628374,Lauri Markkanen,1610612741,0021900593,Cutting Layup Shot,1,0,In The Paint (Non-RA)
203107,Tomas Satoransky,1610612741,0021900593,Turnaround Jump Shot,1,0,In The Paint (Non-RA)
203897,Zach LaVine,1610612741,0021900593,Fadeaway Jump Shot,1,0,Mid-Range
203897,Zach LaVine,1610612741,0021900593,Driving Finger Roll Layup Shot,1,0,Restricted Area
203107,Tomas Satoransky,1610612741,0021900593,Jump Shot,1,0,Above the Break 3
1628374,Lauri Markkanen,1610612741,0021900593,Running Layup Shot,1,1,In The Paint (Non-RA)
1628374,Lauri Markkanen,1610612741,0021900593,Layup Shot,1,1,Restricted Area
203897,Zach LaVine,1610612741,0021900593,Driving Layup Shot,1,1,In The Paint (Non-RA)
1629655,Daniel Gafford,1610612741,0021900593,Running Reverse Layup Shot,1,1,Restricted Area
203897,Zach LaVine,1610612741,0021900593,Pullup Jump shot,1,1,Above the Break 3
203107,Tomas Satoransky,1610612741,0021900593,Running Layup Shot,1,1,Restricted Area
203897,Zach LaVine,1610612741,0021900593,Jump Shot,1,0,Above the Break 3
1629655,Daniel Gafford,1610612741,0021900593,Putback Layup Shot,1,1,Restricted Area
1627739,Kris Dunn,1610612741,0021900593,Step Back Jump shot,1,0,Mid-Range
1627739,Kris Dunn,1610612741,0021900593,Driving Layup Shot,1,0,In The Paint (Non-RA)
201152,Thaddeus Young,1610612741,0021900593,Reverse Layup Shot,1,1,Restricted Area
1627739,Kris Dunn,1610612741,0021900593,Jump Shot,1,1,Above the Break 3
201152,Thaddeus Young,1610612741,0021900593,Driving Hook Shot,1,1,In The Paint (Non-RA)
201152,Thaddeus Young,1610612741,0021900593,Driving Layup Shot,1,1,In The Paint (Non-RA)
203897,Zach LaVine,1610612741,0021900593,Jump Shot,1,1,Left Corner 3
203897,Zach LaVine,1610612741,0021900593,Jump Shot,1,0,Above the Break 3
201152,Thaddeus Young,1610612741,0021900593,Jump Shot,1,0,Above the Break 3
201152,Thaddeus Young,1610612741,0021900593,Driving Hook Shot,1,1,In The Paint (Non-RA)
1627853,Ryan Arcidiacono,1610612741,0021900593,Jump Shot,1,0,Above the Break 3
201152,Thaddeus Young,1610612741,0021900593,Driving Floating Jump Shot,1,0,In The Paint (Non-RA)
1629632,Coby White,1610612741,0021900593,Driving Layup Shot,1,1,In The Paint (Non-RA)
201152,Thaddeus Young,1610612741,0021900593,Driving Layup Shot,1,0,Mid-Range
1628990,Chandler Hutchison,1610612741,0021900593,Running Layup Shot,1,0,Restricted Area
1628990,Chandler Hutchison,1610612741,0021900593,Running Finger Roll Layup Shot,1,1,Restricted Area
1629632,Coby White,1610612741,0021900593,Driving Layup Shot,1,0,Restricted Area
201152,Thaddeus Young,1610612741,0021900593,Turnaround Hook Shot,1,0,Mid-Range
1628990,Chandler Hutchison,1610612741,0021900593,Driving Floating Jump Shot,1,0,In The Paint (Non-RA)
203897,Zach LaVine,1610612741,0021900593,Driving Hook Shot,1,1,Restricted Area
203897,Zach LaVine,1610612741,0021900593,Driving Layup Shot,1,1,Restricted Area
203897,Zach LaVine,1610612741,0021900593,Running Layup Shot,1,0,Restricted Area
203107,Tomas Satoransky,1610612741,0021900593,Putback Layup Shot,1,1,In The Paint (Non-RA)
1628374,Lauri Markkanen,1610612741,0021900593,Jump Shot,1,0,Above the Break 3
1627739,Kris Dunn,1610612741,0021900593,Driving Reverse Layup Shot,1,0,Restricted Area
1629655,Daniel Gafford,1610612741,0021900593,Tip Dunk Shot,1,1,Restricted Area
1627739,Kris Dunn,1610612741,0021900593,Jump Shot,1,0,Left Corner 3
1629655,Daniel Gafford,1610612741,0021900593,Driving Layup Shot,1,0,In The Paint (Non-RA)
1627739,Kris Dunn,1610612741,0021900593,Running Layup Shot,1,1,In The Paint (Non-RA)
203897,Zach LaVine,1610612741,0021900593,Alley Oop Dunk Shot,1,1,Restricted Area
203897,Zach LaVine,1610612741,0021900593,Jump Shot,1,1,Above the Break 3
1627885,Shaquille Harrison,1610612741,0021900593,Pullup Jump shot,1,0,In The Paint (Non-RA)
1627756,Denzel Valentine,1610612741,0021900593,Floating Jump shot,1,1,In The Paint (Non-RA)
1627756,Denzel Valentine,1610612741,0021900593,Jump Shot,1,1,Above the Break 3
1629655,Daniel Gafford,1610612741,0021900607,Alley Oop Dunk Shot,1,1,Restricted Area
203107,Tomas Satoransky,1610612741,0021900607,Jump Shot,1,0,Above the Break 3
203107,Tomas Satoransky,1610612741,0021900607,Driving Floating Jump Shot,1,0,Restricted Area
203897,Zach LaVine,1610612741,0021900607,Driving Layup Shot,1,1,Restricted Area
1628374,Lauri Markkanen,1610612741,0021900607,Cutting Dunk Shot,1,1,Restricted Area
1628374,Lauri Markkanen,1610612741,0021900607,Jump Shot,1,0,Above the Break 3
1628436,Luke Kornet,1610612741,0021900607,Jump Shot,1,1,Above the Break 3
1628436,Luke Kornet,1610612741,0021900607,Turnaround Hook Shot,1,1,Restricted Area
203897,Zach LaVine,1610612741,0021900607,Jump Shot,1,0,Right Corner 3
203897,Zach LaVine,1610612741,0021900607,Cutting Dunk Shot,1,1,Restricted Area
203107,Tomas Satoransky,1610612741,0021900607,Jump Shot,1,0,Above the Break 3
1628374,Lauri Markkanen,1610612741,0021900607,Jump Shot,1,1,Above the Break 3
1629632,Coby White,1610612741,0021900607,Jump Shot,1,0,Left Corner 3
203897,Zach LaVine,1610612741,0021900607,Driving Reverse Layup Shot,1,0,Restricted Area
201152,Thaddeus Young,1610612741,0021900607,Driving Layup Shot,1,1,Restricted Area
203897,Zach LaVine,1610612741,0021900607,Driving Dunk Shot,1,1,Restricted Area
203897,Zach LaVine,1610612741,0021900607,Jump Shot,1,0,Above the Break 3
1627853,Ryan Arcidiacono,1610612741,0021900607,Jump Shot,1,0,Right Corner 3
201152,Thaddeus Young,1610612741,0021900607,Turnaround Hook Shot,1,1,In The Paint (Non-RA)
201152,Thaddeus Young,1610612741,0021900607,Running Layup Shot,1,0,Restricted Area
1629632,Coby White,1610612741,0021900607,Jump Shot,1,0,Left Corner 3
1629632,Coby White,1610612741,0021900607,Driving Layup Shot,1,1,Restricted Area
1628436,Luke Kornet,1610612741,0021900607,Jump Shot,1,0,Left Corner 3
1628374,Lauri Markkanen,1610612741,0021900607,Layup Shot,1,0,Restricted Area
1628374,Lauri Markkanen,1610612741,0021900607,Jump Shot,1,0,In The Paint (Non-RA)
1628990,Chandler Hutchison,1610612741,0021900607,Dunk Shot,1,1,Restricted Area
1628990,Chandler Hutchison,1610612741,0021900607,Driving Layup Shot,1,1,Restricted Area
1629632,Coby White,1610612741,0021900607,Driving Layup Shot,1,1,In The Paint (Non-RA)
1629632,Coby White,1610612741,0021900607,Pullup Jump shot,1,1,Above the Break 3
1629632,Coby White,1610612741,0021900607,Jump Shot,1,0,Above the Break 3
201152,Thaddeus Young,1610612741,0021900607,Driving Layup Shot,1,0,Restricted Area
201152,Thaddeus Young,1610612741,0021900607,Driving Layup Shot,1,1,Restricted Area
1627739,Kris Dunn,1610612741,0021900607,Jump Shot,1,0,Left Corner 3
201152,Thaddeus Young,1610612741,0021900607,Putback Layup Shot,1,1,Restricted Area
1627739,Kris Dunn,1610612741,0021900607,Jump Shot,1,0,Above the Break 3
1627739,Kris Dunn,1610612741,0021900607,Jump Shot,1,0,Above the Break 3
203897,Zach LaVine,1610612741,0021900607,Driving Layup Shot,1,1,Restricted Area
203897,Zach LaVine,1610612741,0021900607,Alley Oop Dunk Shot,1,1,Restricted Area
1628436,Luke Kornet,1610612741,0021900607,Reverse Layup Shot,1,1,Restricted Area
203107,Tomas Satoransky,1610612741,0021900607,Running Layup Shot,1,1,Restricted Area
203897,Zach LaVine,1610612741,0021900607,Jump Shot,1,0,Mid-Range
203107,Tomas Satoransky,1610612741,0021900607,Driving Dunk Shot,1,1,Restricted Area
203897,Zach LaVine,1610612741,0021900607,Jump Shot,1,1,Above the Break 3
203897,Zach LaVine,1610612741,0021900607,Jump Shot,1,0,Above the Break 3
1628436,Luke Kornet,1610612741,0021900607,Jump Shot,1,0,Above the Break 3
1628436,Luke Kornet,1610612741,0021900607,Jump Shot,1,0,Right Corner 3
1628436,Luke Kornet,1610612741,0021900607,Alley Oop Dunk Shot,1,1,Restricted Area
203897,Zach LaVine,1610612741,0021900607,Driving Layup Shot,1,0,Restricted Area
203897,Zach LaVine,1610612741,0021900607,Jump Shot,1,1,Left Corner 3
203107,Tomas Satoransky,1610612741,0021900607,Driving Layup Shot,1,1,Restricted Area
203897,Zach LaVine,1610612741,0021900607,Step Back Jump shot,1,1,Above the Break 3
203897,Zach LaVine,1610612741,0021900607,Pullup Jump shot,1,1,Above the Break 3
1627739,Kris Dunn,1610612741,0021900607,Cutting Layup Shot,1,1,Restricted Area
203107,Tomas Satoransky,1610612741,0021900607,Jump Shot,1,1,Above the Break 3
203897,Zach LaVine,1610612741,0021900607,Jump Shot,1,0,Above the Break 3
1627739,Kris Dunn,1610612741,0021900607,Driving Layup Shot,1,0,Restricted Area
1628374,Lauri Markkanen,1610612741,0021900607,Jump Shot,1,1,Left Corner 3
203107,Tomas Satoransky,1610612741,0021900607,Jump Shot,1,0,Above the Break 3
1626245,Cristiano Felicio,1610612741,0021900607,Hook Shot,1,0,Restricted Area
201152,Thaddeus Young,1610612741,0021900607,Jump Shot,1,1,Above the Break 3
1628990,Chandler Hutchison,1610612741,0021900607,Driving Layup Shot,1,1,Restricted Area
1628436,Luke Kornet,1610612741,0021900607,Fadeaway Jump Shot,1,0,Mid-Range
1628990,Chandler Hutchison,1610612741,0021900607,Driving Reverse Layup Shot,1,0,Restricted Area
1629632,Coby White,1610612741,0021900607,Running Layup Shot,1,1,Restricted Area
1628990,Chandler Hutchison,1610612741,0021900607,Turnaround Hook Shot,1,1,In The Paint (Non-RA)
1628990,Chandler Hutchison,1610612741,0021900607,Driving Layup Shot,1,0,Restricted Area
1629632,Coby White,1610612741,0021900607,Driving Layup Shot,1,0,Restricted Area
201152,Thaddeus Young,1610612741,0021900607,Jump Shot,1,1,Above the Break 3
201152,Thaddeus Young,1610612741,0021900607,Jump Shot,1,1,Above the Break 3
1628990,Chandler Hutchison,1610612741,0021900607,Driving Dunk Shot,1,1,Restricted Area
1627853,Ryan Arcidiacono,1610612741,0021900607,Pullup Jump shot,1,0,Above the Break 3
1629632,Coby White,1610612741,0021900607,Jump Shot,1,0,Above the Break 3
1627885,Shaquille Harrison,1610612741,0021900607,Driving Layup Shot,1,0,Restricted Area
203107,Tomas Satoransky,1610612741,0021900607,Driving Layup Shot,1,1,Restricted Area
203897,Zach LaVine,1610612741,0021900607,Driving Layup Shot,1,0,Restricted Area
1628374,Lauri Markkanen,1610612741,0021900607,Driving Layup Shot,1,0,In The Paint (Non-RA)
1628436,Luke Kornet,1610612741,0021900607,Jump Shot,1,0,Above the Break 3
1628374,Lauri Markkanen,1610612741,0021900607,Cutting Layup Shot,1,1,Restricted Area
1628436,Luke Kornet,1610612741,0021900607,Layup Shot,1,0,Restricted Area
203897,Zach LaVine,1610612741,0021900607,Jump Shot,1,1,Right Corner 3
203897,Zach LaVine,1610612741,0021900607,Jump Shot,1,1,Left Corner 3
203897,Zach LaVine,1610612741,0021900607,Jump Shot,1,0,Above the Break 3
203897,Zach LaVine,1610612741,0021900607,Pullup Jump shot,1,1,Mid-Range
1627739,Kris Dunn,1610612741,0021900607,Jump Shot,1,0,Right Corner 3
1627739,Kris Dunn,1610612741,0021900607,Jump Shot,1,0,Above the Break 3
203107,Tomas Satoransky,1610612741,0021900620,Pullup Jump shot,1,0,Above the Break 3
1628374,Lauri Markkanen,1610612741,0021900620,Running Dunk Shot,1,1,Restricted Area
1628436,Luke Kornet,1610612741,0021900620,Jump Shot,1,0,Right Corner 3
203107,Tomas Satoransky,1610612741,0021900620,Driving Floating Jump Shot,1,1,In The Paint (Non-RA)
1628436,Luke Kornet,1610612741,0021900620,Jump Shot,1,1,Above the Break 3
1627739,Kris Dunn,1610612741,0021900620,Pullup Jump shot,1,0,Mid-Range
203897,Zach LaVine,1610612741,0021900620,Alley Oop Dunk Shot,1,1,Restricted Area
203107,Tomas Satoransky,1610612741,0021900620,Turnaround Jump Shot,1,0,In The Paint (Non-RA)
203897,Zach LaVine,1610612741,0021900620,Running Dunk Shot,1,1,Restricted Area
1628374,Lauri Markkanen,1610612741,0021900620,Running Dunk Shot,1,1,Restricted Area
1628990,Chandler Hutchison,1610612741,0021900620,Running Finger Roll Layup Shot,1,1,Restricted Area
203897,Zach LaVine,1610612741,0021900620,Step Back Jump shot,1,0,In The Paint (Non-RA)
1626245,Cristiano Felicio,1610612741,0021900620,Cutting Layup Shot,1,1,Restricted Area
203897,Zach LaVine,1610612741,0021900620,Jump Shot,1,0,Above the Break 3
1629632,Coby White,1610612741,0021900620,Running Layup Shot,1,0,Restricted Area
1629632,Coby White,1610612741,0021900620,Driving Layup Shot,1,0,Restricted Area
1628436,Luke Kornet,1610612741,0021900620,Jump Shot,1,0,Above the Break 3
201152,Thaddeus Young,1610612741,0021900620,Jump Shot,1,0,Above the Break 3
1627853,Ryan Arcidiacono,1610612741,0021900620,Driving Layup Shot,1,0,Restricted Area
1629632,Coby White,1610612741,0021900620,Running Pull-Up Jump Shot,1,1,Above the Break 3
1627853,Ryan Arcidiacono,1610612741,0021900620,Running Finger Roll Layup Shot,1,1,Restricted Area
1629632,Coby White,1610612741,0021900620,Jump Shot,1,1,Above the Break 3
1628990,Chandler Hutchison,1610612741,0021900620,Driving Floating Jump Shot,1,0,In The Paint (Non-RA)
1628436,Luke Kornet,1610612741,0021900620,Jump Shot,1,0,Above the Break 3
1627853,Ryan Arcidiacono,1610612741,0021900620,Jump Shot,1,1,Above the Break 3
203897,Zach LaVine,1610612741,0021900620,Pullup Jump shot,1,0,Above the Break 3
203897,Zach LaVine,1610612741,0021900620,Driving Layup Shot,1,1,Restricted Area
1627853,Ryan Arcidiacono,1610612741,0021900620,Driving Floating Jump Shot,1,0,In The Paint (Non-RA)
1629632,Coby White,1610612741,0021900620,Jump Shot,1,0,Above the Break 3
201152,Thaddeus Young,1610612741,0021900620,Driving Floating Jump Shot,1,0,In The Paint (Non-RA)
1628374,Lauri Markkanen,1610612741,0021900620,Running Dunk Shot,1,1,Restricted Area
201152,Thaddeus Young,1610612741,0021900620,Cutting Dunk Shot,1,1,Restricted Area
203897,Zach LaVine,1610612741,0021900620,Driving Finger Roll Layup Shot,1,0,Restricted Area
1628374,Lauri Markkanen,1610612741,0021900620,Jump Shot,1,1,Above the Break 3
203897,Zach LaVine,1610612741,0021900620,Driving Finger Roll Layup Shot,1,1,Restricted Area
1628374,Lauri Markkanen,1610612741,0021900620,Jump Shot,1,0,Above the Break 3
1628374,Lauri Markkanen,1610612741,0021900620,Jump Shot,1,1,Above the Break 3
201152,Thaddeus Young,1610612741,0021900620,Jump Bank Shot,1,0,In The Paint (Non-RA)
1628374,Lauri Markkanen,1610612741,0021900620,Putback Layup Shot,1,0,Restricted Area
203897,Zach LaVine,1610612741,0021900620,Pullup Jump shot,1,0,Above the Break 3
203897,Zach LaVine,1610612741,0021900620,Alley Oop Dunk Shot,1,1,Restricted Area
1627739,Kris Dunn,1610612741,0021900620,Jump Shot,1,0,Above the Break 3
1628436,Luke Kornet,1610612741,0021900620,Cutting Finger Roll Layup Shot,1,1,Restricted Area
203897,Zach LaVine,1610612741,0021900620,Fadeaway Jump Shot,1,1,Mid-Range
1627739,Kris Dunn,1610612741,0021900620,Jump Shot,1,0,Left Corner 3
203107,Tomas Satoransky,1610612741,0021900620,Driving Floating Jump Shot,1,1,In The Paint (Non-RA)
1628436,Luke Kornet,1610612741,0021900620,Jump Shot,1,1,Above the Break 3
1628436,Luke Kornet,1610612741,0021900620,Jump Shot,1,0,Above the Break 3
203897,Zach LaVine,1610612741,0021900620,Driving Layup Shot,1,1,Restricted Area
203897,Zach LaVine,1610612741,0021900620,Fadeaway Jump Shot,1,0,Above the Break 3
1626245,Cristiano Felicio,1610612741,0021900620,Cutting Dunk Shot,1,1,Restricted Area
203897,Zach LaVine,1610612741,0021900620,Jump Shot,1,0,Above the Break 3
1629632,Coby White,1610612741,0021900620,Step Back Jump shot,1,0,Mid-Range
1629632,Coby White,1610612741,0021900620,Driving Floating Jump Shot,1,1,In The Paint (Non-RA)
1629632,Coby White,1610612741,0021900620,Driving Layup Shot,1,0,Restricted Area
1628990,Chandler Hutchison,1610612741,0021900620,Jump Shot,1,1,Right Corner 3
1629632,Coby White,1610612741,0021900620,Pullup Jump shot,1,0,Above the Break 3
1629632,Coby White,1610612741,0021900620,Driving Layup Shot,1,1,Restricted Area
1628436,Luke Kornet,1610612741,0021900620,Dunk Shot,1,1,Restricted Area
1629632,Coby White,1610612741,0021900620,Jump Shot,1,0,Above the Break 3
1628990,Chandler Hutchison,1610612741,0021900620,Driving Layup Shot,1,0,In The Paint (Non-RA)
1627853,Ryan Arcidiacono,1610612741,0021900620,Jump Shot,1,0,Above the Break 3
201152,Thaddeus Young,1610612741,0021900620,Jump Shot,1,1,Mid-Range
1628990,Chandler Hutchison,1610612741,0021900620,Driving Layup Shot,1,1,Restricted Area
1627853,Ryan Arcidiacono,1610612741,0021900620,Pullup Jump shot,1,0,Above the Break 3
1629632,Coby White,1610612741,0021900620,Running Layup Shot,1,1,Restricted Area
203897,Zach LaVine,1610612741,0021900620,Pullup Jump shot,1,0,Mid-Range
1629632,Coby White,1610612741,0021900620,Jump Shot,1,0,Above the Break 3
1628990,Chandler Hutchison,1610612741,0021900620,Floating Jump shot,1,0,In The Paint (Non-RA)
1628990,Chandler Hutchison,1610612741,0021900620,Jump Shot,1,0,Right Corner 3
1628374,Lauri Markkanen,1610612741,0021900620,Jump Shot,1,0,Above the Break 3
203107,Tomas Satoransky,1610612741,0021900620,Running Dunk Shot,1,1,Restricted Area
203897,Zach LaVine,1610612741,0021900620,Cutting Finger Roll Layup Shot,1,1,Restricted Area
203897,Zach LaVine,1610612741,0021900620,Driving Dunk Shot,1,0,Restricted Area
203897,Zach LaVine,1610612741,0021900620,Pullup Jump shot,1,0,Above the Break 3
1628374,Lauri Markkanen,1610612741,0021900620,Jump Shot,1,0,Left Corner 3
203107,Tomas Satoransky,1610612741,0021900620,Jump Shot,1,0,Mid-Range
1628436,Luke Kornet,1610612741,0021900620,Jump Shot,1,0,Above the Break 3
1628436,Luke Kornet,1610612741,0021900620,Jump Shot,1,0,Above the Break 3
203897,Zach LaVine,1610612741,0021900620,Running Finger Roll Layup Shot,1,1,Restricted Area
203897,Zach LaVine,1610612741,0021900620,Jump Shot,1,0,Above the Break 3
203107,Tomas Satoransky,1610612741,0021900631,Driving Layup Shot,1,0,Restricted Area
1628436,Luke Kornet,1610612741,0021900631,Tip Layup Shot,1,1,Restricted Area
1628436,Luke Kornet,1610612741,0021900631,Jump Shot,1,1,Above the Break 3
1628436,Luke Kornet,1610612741,0021900631,Driving Floating Bank Jump Shot,1,0,Restricted Area
203897,Zach LaVine,1610612741,0021900631,Pullup Jump shot,1,1,Mid-Range
203897,Zach LaVine,1610612741,0021900631,Fadeaway Jump Shot,1,0,Mid-Range
203107,Tomas Satoransky,1610612741,0021900631,Cutting Layup Shot,1,1,Restricted Area
1627739,Kris Dunn,1610612741,0021900631,Driving Layup Shot,1,1,Restricted Area
1628436,Luke Kornet,1610612741,0021900631,Jump Shot,1,1,Above the Break 3
1628436,Luke Kornet,1610612741,0021900631,Jump Shot,1,0,Above the Break 3
1628374,Lauri Markkanen,1610612741,0021900631,Jump Shot,1,0,Above the Break 3
203897,Zach LaVine,1610612741,0021900631,Driving Reverse Layup Shot,1,1,Restricted Area
203897,Zach LaVine,1610612741,0021900631,Jump Shot,1,0,Above the Break 3
1628374,Lauri Markkanen,1610612741,0021900631,Jump Shot,1,0,Above the Break 3
203897,Zach LaVine,1610612741,0021900631,Putback Layup Shot,1,0,Restricted Area
203897,Zach LaVine,1610612741,0021900631,Tip Layup Shot,1,1,Restricted Area
1627739,Kris Dunn,1610612741,0021900631,Jump Shot,1,1,Above the Break 3
1627739,Kris Dunn,1610612741,0021900631,Running Dunk Shot,1,1,Restricted Area
1627739,Kris Dunn,1610612741,0021900631,Driving Finger Roll Layup Shot,1,1,Restricted Area
1629632,Coby White,1610612741,0021900631,Pullup Jump shot,1,1,In The Paint (Non-RA)
1629632,Coby White,1610612741,0021900631,Driving Layup Shot,1,1,Restricted Area
1627853,Ryan Arcidiacono,1610612741,0021900631,Driving Floating Jump Shot,1,1,In The Paint (Non-RA)
1627853,Ryan Arcidiacono,1610612741,0021900631,Running Layup Shot,1,0,Restricted Area
1629632,Coby White,1610612741,0021900631,Jump Shot,1,0,Mid-Range
201152,Thaddeus Young,1610612741,0021900631,Cutting Layup Shot,1,1,Restricted Area
1628436,Luke Kornet,1610612741,0021900631,Jump Shot,1,0,Above the Break 3
1627853,Ryan Arcidiacono,1610612741,0021900631,Jump Shot,1,0,Left Corner 3
1628990,Chandler Hutchison,1610612741,0021900631,Driving Floating Bank Jump Shot,1,1,In The Paint (Non-RA)
201152,Thaddeus Young,1610612741,0021900631,Jump Shot,1,1,Above the Break 3
201152,Thaddeus Young,1610612741,0021900631,Turnaround Hook Shot,1,0,In The Paint (Non-RA)
1627739,Kris Dunn,1610612741,0021900631,Pullup Jump shot,1,0,Mid-Range
1628374,Lauri Markkanen,1610612741,0021900631,Turnaround Hook Shot,1,0,In The Paint (Non-RA)
1628374,Lauri Markkanen,1610612741,0021900631,Layup Shot,1,1,Restricted Area
203107,Tomas Satoransky,1610612741,0021900631,Jump Shot,1,0,Mid-Range
203897,Zach LaVine,1610612741,0021900631,Driving Layup Shot,1,1,Restricted Area
203107,Tomas Satoransky,1610612741,0021900631,Pullup Jump shot,1,1,Mid-Range
203897,Zach LaVine,1610612741,0021900631,Cutting Dunk Shot,1,1,Restricted Area
203897,Zach LaVine,1610612741,0021900631,Turnaround Jump Shot,1,0,Mid-Range
203897,Zach LaVine,1610612741,0021900631,Driving Layup Shot,1,1,Restricted Area
1628374,Lauri Markkanen,1610612741,0021900631,Jump Shot,1,0,Above the Break 3
1628374,Lauri Markkanen,1610612741,0021900631,Jump Shot,1,0,Above the Break 3
1628374,Lauri Markkanen,1610612741,0021900631,Driving Layup Shot,1,1,Restricted Area
203897,Zach LaVine,1610612741,0021900631,Pullup Jump shot,1,1,Mid-Range
203897,Zach LaVine,1610612741,0021900631,Step Back Jump shot,1,0,Mid-Range
1628374,Lauri Markkanen,1610612741,0021900631,Jump Shot,1,1,Above the Break 3
203107,Tomas Satoransky,1610612741,0021900631,Pullup Jump shot,1,0,Mid-Range
1628374,Lauri Markkanen,1610612741,0021900631,Running Layup Shot,1,1,Restricted Area
203897,Zach LaVine,1610612741,0021900631,Jump Shot,1,0,Right Corner 3
1628436,Luke Kornet,1610612741,0021900631,Jump Shot,1,1,Above the Break 3
203107,Tomas Satoransky,1610612741,0021900631,Driving Layup Shot,1,0,Restricted Area
203897,Zach LaVine,1610612741,0021900631,Fadeaway Jump Shot,1,1,In The Paint (Non-RA)
203897,Zach LaVine,1610612741,0021900631,Driving Layup Shot,1,1,Restricted Area
203897,Zach LaVine,1610612741,0021900631,Running Dunk Shot,1,1,Restricted Area
1629632,Coby White,1610612741,0021900631,Driving Layup Shot,1,1,Restricted Area
1626245,Cristiano Felicio,1610612741,0021900631,Layup Shot,1,1,Restricted Area
1627885,Shaquille Harrison,1610612741,0021900631,Layup Shot,1,1,Restricted Area
201152,Thaddeus Young,1610612741,0021900631,Jump Shot,1,0,Mid-Range
203897,Zach LaVine,1610612741,0021900631,Layup Shot,1,0,Restricted Area
1629632,Coby White,1610612741,0021900631,Driving Layup Shot,1,0,Restricted Area
1627885,Shaquille Harrison,1610612741,0021900631,Jump Shot,1,0,Right Corner 3
203897,Zach LaVine,1610612741,0021900631,Driving Layup Shot,1,0,Restricted Area
1629632,Coby White,1610612741,0021900631,Layup Shot,1,0,Restricted Area
201152,Thaddeus Young,1610612741,0021900631,Driving Layup Shot,1,1,Restricted Area
1627885,Shaquille Harrison,1610612741,0021900631,Driving Layup Shot,1,1,Restricted Area
1628374,Lauri Markkanen,1610612741,0021900631,Jump Shot,1,0,Above the Break 3
1628374,Lauri Markkanen,1610612741,0021900631,Jump Shot,1,1,Above the Break 3
203897,Zach LaVine,1610612741,0021900631,Driving Finger Roll Layup Shot,1,1,Restricted Area
203897,Zach LaVine,1610612741,0021900631,Running Dunk Shot,1,1,Restricted Area
203897,Zach LaVine,1610612741,0021900631,Turnaround Fadeaway Bank Jump Shot,1,1,In The Paint (Non-RA)
203897,Zach LaVine,1610612741,0021900631,Driving Layup Shot,1,1,Restricted Area
203897,Zach LaVine,1610612741,0021900631,Driving Layup Shot,1,0,Restricted Area
203897,Zach LaVine,1610612741,0021900631,Pullup Jump shot,1,0,Above the Break 3
1628374,Lauri Markkanen,1610612741,0021900631,Jump Shot,1,1,Mid-Range
203107,Tomas Satoransky,1610612741,0021900631,Floating Jump shot,1,0,In The Paint (Non-RA)
203897,Zach LaVine,1610612741,0021900631,Jump Shot,1,1,Above the Break 3
1628374,Lauri Markkanen,1610612741,0021900631,Jump Shot,1,0,Above the Break 3
203897,Zach LaVine,1610612741,0021900631,Jump Shot,1,1,Above the Break 3
203897,Zach LaVine,1610612741,0021900631,Pullup Jump shot,1,1,Mid-Range
203897,Zach LaVine,1610612741,0021900631,Jump Shot,1,0,Above the Break 3
203897,Zach LaVine,1610612741,0021900631,Cutting Dunk Shot,1,1,Restricted Area
203107,Tomas Satoransky,1610612741,0021900631,Jump Shot,1,0,Above the Break 3
1628374,Lauri Markkanen,1610612741,0021900631,Cutting Layup Shot,1,1,Restricted Area
1627739,Kris Dunn,1610612741,0021900631,Jump Shot,1,0,Left Corner 3
203107,Tomas Satoransky,1610612741,0021900631,Hook Shot,1,1,In The Paint (Non-RA)
1628990,Chandler Hutchison,1610612741,0021900631,Dunk Shot,1,0,Restricted Area
203897,Zach LaVine,1610612741,0021900631,Layup Shot,1,0,Restricted Area
203897,Zach LaVine,1610612741,0021900631,Driving Layup Shot,1,1,Restricted Area
1627739,Kris Dunn,1610612741,0021900647,Jump Shot,1,0,Above the Break 3
1627739,Kris Dunn,1610612741,0021900647,Jump Shot,1,0,Left Corner 3
1627739,Kris Dunn,1610612741,0021900647,Running Finger Roll Layup Shot,1,1,Restricted Area
203107,Tomas Satoransky,1610612741,0021900647,Driving Floating Jump Shot,1,0,In The Paint (Non-RA)
1628374,Lauri Markkanen,1610612741,0021900647,Jump Shot,1,0,Above the Break 3
1627739,Kris Dunn,1610612741,0021900647,Jump Shot,1,1,Above the Break 3
1628436,Luke Kornet,1610612741,0021900647,Step Back Jump shot,1,1,Left Corner 3
1628374,Lauri Markkanen,1610612741,0021900647,Layup Shot,1,0,In The Paint (Non-RA)
1628436,Luke Kornet,1610612741,0021900647,Jump Shot,1,1,Above the Break 3
203897,Zach LaVine,1610612741,0021900647,Step Back Jump shot,1,0,Above the Break 3
1628436,Luke Kornet,1610612741,0021900647,Jump Shot,1,0,Above the Break 3
1627739,Kris Dunn,1610612741,0021900647,Driving Layup Shot,1,1,Restricted Area
1627739,Kris Dunn,1610612741,0021900647,Pullup Jump shot,1,0,Mid-Range
203897,Zach LaVine,1610612741,0021900647,Driving Layup Shot,1,0,Restricted Area
203107,Tomas Satoransky,1610612741,0021900647,Pullup Jump shot,1,0,Above the Break 3
1626245,Cristiano Felicio,1610612741,0021900647,Driving Layup Shot,1,0,Restricted Area
203897,Zach LaVine,1610612741,0021900647,Driving Layup Shot,1,0,Restricted Area
203897,Zach LaVine,1610612741,0021900647,Driving Layup Shot,1,0,Restricted Area
203897,Zach LaVine,1610612741,0021900647,Pullup Jump shot,1,1,Above the Break 3
203897,Zach LaVine,1610612741,0021900647,Driving Layup Shot,1,0,Restricted Area
203897,Zach LaVine,1610612741,0021900647,Jump Shot,1,1,Above the Break 3
203897,Zach LaVine,1610612741,0021900647,Driving Layup Shot,1,1,Restricted Area
201152,Thaddeus Young,1610612741,0021900647,Driving Floating Jump Shot,1,0,In The Paint (Non-RA)
1629632,Coby White,1610612741,0021900647,Floating Jump shot,1,0,In The Paint (Non-RA)
1626245,Cristiano Felicio,1610612741,0021900647,Putback Layup Shot,1,1,Restricted Area
201152,Thaddeus Young,1610612741,0021900647,Jump Shot,1,1,Left Corner 3
1627853,Ryan Arcidiacono,1610612741,0021900647,Cutting Layup Shot,1,1,Restricted Area
201152,Thaddeus Young,1610612741,0021900647,Jump Shot,1,0,Left Corner 3
1628990,Chandler Hutchison,1610612741,0021900647,Jump Shot,1,1,Left Corner 3
1628990,Chandler Hutchison,1610612741,0021900647,Driving Layup Shot,1,0,Restricted Area
1629632,Coby White,1610612741,0021900647,Driving Layup Shot,1,0,Restricted Area
201152,Thaddeus Young,1610612741,0021900647,Jump Shot,1,0,Left Corner 3
203107,Tomas Satoransky,1610612741,0021900647,Jump Shot,1,0,Right Corner 3
201152,Thaddeus Young,1610612741,0021900647,Jump Shot,1,1,Left Corner 3
203107,Tomas Satoransky,1610612741,0021900647,Jump Shot,1,1,Above the Break 3
203897,Zach LaVine,1610612741,0021900647,Jump Shot,1,0,Above the Break 3
203107,Tomas Satoransky,1610612741,0021900647,Driving Layup Shot,1,0,Restricted Area
1628374,Lauri Markkanen,1610612741,0021900647,Jump Shot,1,0,Above the Break 3
203897,Zach LaVine,1610612741,0021900647,Cutting Layup Shot,1,0,Restricted Area
1628374,Lauri Markkanen,1610612741,0021900647,Tip Dunk Shot,1,1,Restricted Area
1627739,Kris Dunn,1610612741,0021900647,Reverse Layup Shot,1,0,Restricted Area
1628374,Lauri Markkanen,1610612741,0021900647,Tip Layup Shot,1,1,Restricted Area
203107,Tomas Satoransky,1610612741,0021900647,Jump Shot,1,0,Right Corner 3
203897,Zach LaVine,1610612741,0021900647,Running Layup Shot,1,1,Restricted Area
1628374,Lauri Markkanen,1610612741,0021900647,Jump Shot,1,0,Above the Break 3
1628990,Chandler Hutchison,1610612741,0021900647,Driving Layup Shot,1,1,Restricted Area
1627739,Kris Dunn,1610612741,0021900647,Floating Jump shot,1,0,In The Paint (Non-RA)
1628374,Lauri Markkanen,1610612741,0021900647,Jump Shot,1,0,Above the Break 3
1627739,Kris Dunn,1610612741,0021900647,Driving Layup Shot,1,1,Restricted Area
1628436,Luke Kornet,1610612741,0021900647,Jump Shot,1,0,Above the Break 3
203897,Zach LaVine,1610612741,0021900647,Fadeaway Jump Shot,1,0,Mid-Range
1628436,Luke Kornet,1610612741,0021900647,Jump Shot,1,0,Left Corner 3
203107,Tomas Satoransky,1610612741,0021900647,Floating Jump shot,1,1,In The Paint (Non-RA)
203107,Tomas Satoransky,1610612741,0021900647,Driving Layup Shot,1,0,Restricted Area
203107,Tomas Satoransky,1610612741,0021900647,Jump Shot,1,0,Above the Break 3
201152,Thaddeus Young,1610612741,0021900647,Jump Shot,1,1,Above the Break 3
201152,Thaddeus Young,1610612741,0021900647,Jump Shot,1,0,Above the Break 3
203897,Zach LaVine,1610612741,0021900647,Jump Shot,1,0,Above the Break 3
1629632,Coby White,1610612741,0021900647,Jump Shot,1,0,Above the Break 3
1629632,Coby White,1610612741,0021900647,Driving Layup Shot,1,1,In The Paint (Non-RA)
1629632,Coby White,1610612741,0021900647,Step Back Jump shot,1,0,Mid-Range
1627739,Kris Dunn,1610612741,0021900647,Jump Shot,1,1,Above the Break 3
201152,Thaddeus Young,1610612741,0021900647,Jump Shot,1,1,Above the Break 3
1629632,Coby White,1610612741,0021900647,Jump Shot,1,0,Above the Break 3
1629632,Coby White,1610612741,0021900647,Turnaround Jump Shot,1,0,Mid-Range
1629632,Coby White,1610612741,0021900647,Jump Shot,1,1,Above the Break 3
1628374,Lauri Markkanen,1610612741,0021900647,Jump Shot,1,0,Above the Break 3
201152,Thaddeus Young,1610612741,0021900647,Step Back Jump shot,1,1,Mid-Range
201152,Thaddeus Young,1610612741,0021900647,Jump Shot,1,0,Above the Break 3
1627853,Ryan Arcidiacono,1610612741,0021900647,Jump Shot,1,0,Above the Break 3
1628374,Lauri Markkanen,1610612741,0021900647,Jump Shot,1,0,Above the Break 3
1627853,Ryan Arcidiacono,1610612741,0021900647,Jump Shot,1,0,Above the Break 3
1628990,Chandler Hutchison,1610612741,0021900647,Putback Layup Shot,1,1,Restricted Area
1628990,Chandler Hutchison,1610612741,0021900647,Driving Layup Shot,1,0,Restricted Area
1628374,Lauri Markkanen,1610612741,0021900647,Cutting Layup Shot,1,0,Restricted Area
203897,Zach LaVine,1610612741,0021900647,Jump Shot,1,0,Right Corner 3
203897,Zach LaVine,1610612741,0021900647,Jump Shot,1,0,Above the Break 3
1627739,Kris Dunn,1610612741,0021900647,Jump Shot,1,1,Left Corner 3
203107,Tomas Satoransky,1610612741,0021900647,Jump Shot,1,0,Left Corner 3
201152,Thaddeus Young,1610612741,0021900647,Hook Shot,1,0,In The Paint (Non-RA)
1628436,Luke Kornet,1610612741,0021900647,Jump Shot,1,0,Above the Break 3
203897,Zach LaVine,1610612741,0021900647,Driving Layup Shot,1,1,Restricted Area
203107,Tomas Satoransky,1610612741,0021900647,Driving Layup Shot,1,1,Restricted Area
1628374,Lauri Markkanen,1610612741,0021900647,Jump Shot,1,0,Above the Break 3
203897,Zach LaVine,1610612741,0021900647,Driving Layup Shot,1,1,Restricted Area
203897,Zach LaVine,1610612741,0021900647,Driving Layup Shot,1,1,Restricted Area
203897,Zach LaVine,1610612741,0021900647,Jump Shot,1,0,Above the Break 3
1627739,Kris Dunn,1610612741,0021900647,Cutting Layup Shot,1,0,Mid-Range
1627853,Ryan Arcidiacono,1610612741,0021900647,Driving Floating Jump Shot,1,1,In The Paint (Non-RA)
1627853,Ryan Arcidiacono,1610612741,0021900647,Jump Shot,1,0,Right Corner 3
1627885,Shaquille Harrison,1610612741,0021900647,Jump Shot,1,0,Above the Break 3
1627885,Shaquille Harrison,1610612741,0021900647,Layup Shot,1,1,Restricted Area
1628436,Luke Kornet,1610612741,0021900661,Jump Shot,1,0,Above the Break 3
203897,Zach LaVine,1610612741,0021900661,Step Back Jump shot,1,0,Above the Break 3
1628374,Lauri Markkanen,1610612741,0021900661,Jump Shot,1,1,Above the Break 3
1628374,Lauri Markkanen,1610612741,0021900661,Jump Shot,1,0,Above the Break 3
203107,Tomas Satoransky,1610612741,0021900661,Jump Shot,1,0,Above the Break 3
1628436,Luke Kornet,1610612741,0021900661,Cutting Dunk Shot,1,1,Restricted Area
203107,Tomas Satoransky,1610612741,0021900661,Driving Floating Jump Shot,1,1,In The Paint (Non-RA)
1628374,Lauri Markkanen,1610612741,0021900661,Jump Shot,1,0,In The Paint (Non-RA)
1628436,Luke Kornet,1610612741,0021900661,Jump Shot,1,1,Above the Break 3
1628436,Luke Kornet,1610612741,0021900661,Jump Shot,1,0,Above the Break 3
1628436,Luke Kornet,1610612741,0021900661,Running Alley Oop Dunk Shot,1,1,Restricted Area
203897,Zach LaVine,1610612741,0021900661,Driving Layup Shot,1,0,In The Paint (Non-RA)
203897,Zach LaVine,1610612741,0021900661,Cutting Dunk Shot,1,1,Restricted Area
203107,Tomas Satoransky,1610612741,0021900661,Layup Shot,1,0,Restricted Area
1626245,Cristiano Felicio,1610612741,0021900661,Tip Dunk Shot,1,1,Restricted Area
1627739,Kris Dunn,1610612741,0021900661,Driving Layup Shot,1,1,Restricted Area
1627739,Kris Dunn,1610612741,0021900661,Driving Floating Jump Shot,1,1,In The Paint (Non-RA)
1628374,Lauri Markkanen,1610612741,0021900661,Driving Layup Shot,1,1,Restricted Area
201152,Thaddeus Young,1610612741,0021900661,Driving Hook Shot,1,1,In The Paint (Non-RA)
203897,Zach LaVine,1610612741,0021900661,Pullup Jump shot,1,1,Above the Break 3
203897,Zach LaVine,1610612741,0021900661,Driving Reverse Layup Shot,1,1,Restricted Area
1629632,Coby White,1610612741,0021900661,Jump Shot,1,0,Left Corner 3
203897,Zach LaVine,1610612741,0021900661,Turnaround Jump Shot,1,0,In The Paint (Non-RA)
1626245,Cristiano Felicio,1610612741,0021900661,Putback Layup Shot,1,1,Restricted Area
1629632,Coby White,1610612741,0021900661,Jump Shot,1,0,Above the Break 3
201152,Thaddeus Young,1610612741,0021900661,Turnaround Hook Shot,1,1,Restricted Area
201152,Thaddeus Young,1610612741,0021900661,Jump Shot,1,0,Left Corner 3
1627853,Ryan Arcidiacono,1610612741,0021900661,Driving Layup Shot,1,0,Restricted Area
201152,Thaddeus Young,1610612741,0021900661,Cutting Dunk Shot,1,1,Restricted Area
1627853,Ryan Arcidiacono,1610612741,0021900661,Driving Layup Shot,1,0,Restricted Area
1629632,Coby White,1610612741,0021900661,Driving Layup Shot,1,0,Restricted Area
1628990,Chandler Hutchison,1610612741,0021900661,Driving Layup Shot,1,1,Restricted Area
1629632,Coby White,1610612741,0021900661,Running Layup Shot,1,0,Restricted Area
1628436,Luke Kornet,1610612741,0021900661,Jump Shot,1,0,Above the Break 3
1629632,Coby White,1610612741,0021900661,Driving Layup Shot,1,1,Restricted Area
1628436,Luke Kornet,1610612741,0021900661,Cutting Layup Shot,1,1,Restricted Area
1628990,Chandler Hutchison,1610612741,0021900661,Layup Shot,1,0,Restricted Area
1628436,Luke Kornet,1610612741,0021900661,Tip Layup Shot,1,1,Restricted Area
1629632,Coby White,1610612741,0021900661,Layup Shot,1,1,Restricted Area
1628374,Lauri Markkanen,1610612741,0021900661,Fadeaway Jump Shot,1,0,Mid-Range
203107,Tomas Satoransky,1610612741,0021900661,Driving Layup Shot,1,0,Restricted Area
203897,Zach LaVine,1610612741,0021900661,Pullup Jump shot,1,1,Mid-Range
203897,Zach LaVine,1610612741,0021900661,Putback Layup Shot,1,0,Restricted Area
203897,Zach LaVine,1610612741,0021900661,Step Back Jump shot,1,0,Mid-Range
1628374,Lauri Markkanen,1610612741,0021900661,Driving Layup Shot,1,1,Restricted Area
203897,Zach LaVine,1610612741,0021900661,Jump Shot,1,0,Above the Break 3
1627739,Kris Dunn,1610612741,0021900661,Jump Shot,1,0,Above the Break 3
1628374,Lauri Markkanen,1610612741,0021900661,Jump Shot,1,0,Above the Break 3
203897,Zach LaVine,1610612741,0021900661,Pullup Jump shot,1,0,Mid-Range
203107,Tomas Satoransky,1610612741,0021900661,Jump Shot,1,0,Above the Break 3
1628374,Lauri Markkanen,1610612741,0021900661,Jump Shot,1,0,Right Corner 3
203107,Tomas Satoransky,1610612741,0021900661,Layup Shot,1,0,Restricted Area
203897,Zach LaVine,1610612741,0021900661,Driving Layup Shot,1,0,Restricted Area
203107,Tomas Satoransky,1610612741,0021900661,Floating Jump shot,1,0,Mid-Range
203897,Zach LaVine,1610612741,0021900661,Jump Shot,1,1,Mid-Range
1629632,Coby White,1610612741,0021900661,Jump Shot,1,0,Above the Break 3
1628374,Lauri Markkanen,1610612741,0021900661,Jump Shot,1,0,Above the Break 3
1628374,Lauri Markkanen,1610612741,0021900661,Running Jump Shot,1,1,Above the Break 3
1628990,Chandler Hutchison,1610612741,0021900661,Running Dunk Shot,1,1,Restricted Area
1628436,Luke Kornet,1610612741,0021900661,Jump Shot,1,0,Above the Break 3
201152,Thaddeus Young,1610612741,0021900661,Layup Shot,1,0,Restricted Area
1629632,Coby White,1610612741,0021900661,Driving Floating Bank Jump Shot,1,1,In The Paint (Non-RA)
1628436,Luke Kornet,1610612741,0021900661,Layup Shot,1,0,Restricted Area
1628990,Chandler Hutchison,1610612741,0021900661,Jump Shot,1,0,Above the Break 3
1629632,Coby White,1610612741,0021900661,Jump Shot,1,1,Above the Break 3
1629632,Coby White,1610612741,0021900661,Driving Layup Shot,1,0,In The Paint (Non-RA)
1626245,Cristiano Felicio,1610612741,0021900661,Tip Layup Shot,1,1,Restricted Area
1626245,Cristiano Felicio,1610612741,0021900661,Running Alley Oop Dunk Shot,1,1,Restricted Area
1629632,Coby White,1610612741,0021900661,Running Layup Shot,1,0,Restricted Area
1628990,Chandler Hutchison,1610612741,0021900661,Layup Shot,1,1,Restricted Area
1629632,Coby White,1610612741,0021900661,Driving Layup Shot,1,1,Restricted Area
1628374,Lauri Markkanen,1610612741,0021900661,Jump Shot,1,0,Above the Break 3
1628374,Lauri Markkanen,1610612741,0021900661,Jump Shot,1,1,Above the Break 3
203897,Zach LaVine,1610612741,0021900661,Pullup Jump shot,1,1,Above the Break 3
1628990,Chandler Hutchison,1610612741,0021900661,Driving Floating Jump Shot,1,0,In The Paint (Non-RA)
1626245,Cristiano Felicio,1610612741,0021900661,Putback Layup Shot,1,0,Restricted Area
1626245,Cristiano Felicio,1610612741,0021900661,Putback Layup Shot,1,1,Restricted Area
1628374,Lauri Markkanen,1610612741,0021900661,Jump Shot,1,1,Above the Break 3
203897,Zach LaVine,1610612741,0021900661,Pullup Jump shot,1,0,Above the Break 3
1628374,Lauri Markkanen,1610612741,0021900661,Jump Shot,1,0,Above the Break 3
203897,Zach LaVine,1610612741,0021900661,Driving Layup Shot,1,1,Restricted Area
1627739,Kris Dunn,1610612741,0021900661,Cutting Layup Shot,1,1,Restricted Area
203897,Zach LaVine,1610612741,0021900661,Jump Shot,1,1,Above the Break 3
203897,Zach LaVine,1610612741,0021900661,Pullup Jump shot,1,0,Mid-Range
203897,Zach LaVine,1610612741,0021900674,Driving Layup Shot,1,0,Restricted Area
203897,Zach LaVine,1610612741,0021900674,Jump Shot,1,0,Left Corner 3
1628436,Luke Kornet,1610612741,0021900674,Jump Shot,1,0,Above the Break 3
201152,Thaddeus Young,1610612741,0021900674,Jump Shot,1,0,Left Corner 3
203107,Tomas Satoransky,1610612741,0021900674,Jump Shot,1,0,Above the Break 3
1627739,Kris Dunn,1610612741,0021900674,Driving Layup Shot,1,1,Restricted Area
203897,Zach LaVine,1610612741,0021900674,Pullup Jump shot,1,0,Above the Break 3
1627739,Kris Dunn,1610612741,0021900674,Driving Layup Shot,1,1,Restricted Area
1627739,Kris Dunn,1610612741,0021900674,Driving Layup Shot,1,0,Restricted Area
203897,Zach LaVine,1610612741,0021900674,Turnaround Jump Shot,1,0,In The Paint (Non-RA)
1629632,Coby White,1610612741,0021900674,Driving Reverse Layup Shot,1,0,Restricted Area
201152,Thaddeus Young,1610612741,0021900674,Jump Shot,1,0,Above the Break 3
201152,Thaddeus Young,1610612741,0021900674,Driving Layup Shot,1,1,Restricted Area
201152,Thaddeus Young,1610612741,0021900674,Driving Layup Shot,1,1,Restricted Area
203897,Zach LaVine,1610612741,0021900674,Pullup Jump shot,1,0,Mid-Range
203897,Zach LaVine,1610612741,0021900674,Step Back Jump shot,1,1,Above the Break 3
203897,Zach LaVine,1610612741,0021900674,Running Dunk Shot,1,1,Restricted Area
1629632,Coby White,1610612741,0021900674,Jump Shot,1,1,Above the Break 3
1629632,Coby White,1610612741,0021900674,Driving Layup Shot,1,0,Restricted Area
1627885,Shaquille Harrison,1610612741,0021900674,Driving Layup Shot,1,0,Restricted Area
1629632,Coby White,1610612741,0021900674,Jump Shot,1,0,Above the Break 3
1627853,Ryan Arcidiacono,1610612741,0021900674,Jump Shot,1,1,Above the Break 3
1628990,Chandler Hutchison,1610612741,0021900674,Driving Layup Shot,1,1,Restricted Area
1628436,Luke Kornet,1610612741,0021900674,Jump Shot,1,0,Left Corner 3
1627885,Shaquille Harrison,1610612741,0021900674,Driving Finger Roll Layup Shot,1,1,Restricted Area
1628436,Luke Kornet,1610612741,0021900674,Turnaround Hook Shot,1,1,In The Paint (Non-RA)
1627853,Ryan Arcidiacono,1610612741,0021900674,Jump Shot,1,0,Above the Break 3
1628436,Luke Kornet,1610612741,0021900674,Tip Layup Shot,1,0,Restricted Area
1628990,Chandler Hutchison,1610612741,0021900674,Driving Floating Jump Shot,1,1,In The Paint (Non-RA)
201152,Thaddeus Young,1610612741,0021900674,Jump Shot,1,0,Above the Break 3
203897,Zach LaVine,1610612741,0021900674,Jump Shot,1,0,Above the Break 3
203107,Tomas Satoransky,1610612741,0021900674,Jump Shot,1,0,Above the Break 3
1627756,Denzel Valentine,1610612741,0021900674,Jump Shot,1,0,Above the Break 3
203897,Zach LaVine,1610612741,0021900674,Driving Layup Shot,1,1,Restricted Area
203107,Tomas Satoransky,1610612741,0021900674,Jump Shot,1,1,Above the Break 3
203897,Zach LaVine,1610612741,0021900674,Pullup Jump shot,1,0,Above the Break 3
203107,Tomas Satoransky,1610612741,0021900674,Driving Layup Shot,1,0,In The Paint (Non-RA)
203107,Tomas Satoransky,1610612741,0021900674,Driving Floating Jump Shot,1,1,Restricted Area
201152,Thaddeus Young,1610612741,0021900674,Jump Shot,1,0,Right Corner 3
1629632,Coby White,1610612741,0021900674,Jump Shot,1,0,Left Corner 3
201152,Thaddeus Young,1610612741,0021900674,Tip Layup Shot,1,1,Restricted Area
203897,Zach LaVine,1610612741,0021900674,Driving Layup Shot,1,1,Restricted Area
203897,Zach LaVine,1610612741,0021900674,Step Back Jump shot,1,1,Right Corner 3
203897,Zach LaVine,1610612741,0021900674,Jump Shot,1,1,Above the Break 3
203897,Zach LaVine,1610612741,0021900674,Driving Dunk Shot,1,1,Restricted Area
1627739,Kris Dunn,1610612741,0021900674,Running Layup Shot,1,1,Restricted Area
203897,Zach LaVine,1610612741,0021900674,Jump Shot,1,0,Left Corner 3
1627739,Kris Dunn,1610612741,0021900674,Jump Shot,1,1,Right Corner 3
203107,Tomas Satoransky,1610612741,0021900674,Driving Layup Shot,1,0,Restricted Area
203107,Tomas Satoransky,1610612741,0021900674,Jump Shot,1,0,Right Corner 3
201152,Thaddeus Young,1610612741,0021900674,Driving Finger Roll Layup Shot,1,1,Restricted Area
203897,Zach LaVine,1610612741,0021900674,Step Back Jump shot,1,0,Mid-Range
1628436,Luke Kornet,1610612741,0021900674,Layup Shot,1,1,Restricted Area
1628436,Luke Kornet,1610612741,0021900674,Jump Shot,1,0,Above the Break 3
1629632,Coby White,1610612741,0021900674,Jump Shot,1,0,Left Corner 3
1628990,Chandler Hutchison,1610612741,0021900674,Driving Dunk Shot,1,1,Restricted Area
203897,Zach LaVine,1610612741,0021900674,Driving Layup Shot,1,0,Restricted Area
203897,Zach LaVine,1610612741,0021900674,Driving Dunk Shot,1,1,Restricted Area
1627756,Denzel Valentine,1610612741,0021900674,Driving Floating Jump Shot,1,1,In The Paint (Non-RA)
1629632,Coby White,1610612741,0021900674,Jump Shot,1,0,Above the Break 3
1628436,Luke Kornet,1610612741,0021900674,Jump Shot,1,0,Right Corner 3
1628436,Luke Kornet,1610612741,0021900674,Jump Shot,1,0,Above the Break 3
1627756,Denzel Valentine,1610612741,0021900674,Jump Shot,1,0,Above the Break 3
1627756,Denzel Valentine,1610612741,0021900674,Driving Floating Jump Shot,1,0,In The Paint (Non-RA)
1628436,Luke Kornet,1610612741,0021900674,Jump Shot,1,0,Mid-Range
1628990,Chandler Hutchison,1610612741,0021900674,Driving Layup Shot,1,1,Restricted Area
1627739,Kris Dunn,1610612741,0021900674,Driving Layup Shot,1,0,Restricted Area
1628990,Chandler Hutchison,1610612741,0021900674,Driving Layup Shot,1,1,In The Paint (Non-RA)
1628990,Chandler Hutchison,1610612741,0021900674,Jump Shot,1,0,Above the Break 3
1629632,Coby White,1610612741,0021900674,Jump Shot,1,0,Left Corner 3
203897,Zach LaVine,1610612741,0021900674,Jump Shot,1,0,Above the Break 3
203897,Zach LaVine,1610612741,0021900674,Layup Shot,1,0,Restricted Area
1629632,Coby White,1610612741,0021900674,Jump Shot,1,1,Above the Break 3
203897,Zach LaVine,1610612741,0021900674,Driving Layup Shot,1,0,Restricted Area
1629690,Adam Mokoka,1610612741,0021900674,Jump Shot,1,0,Above the Break 3
1626245,Cristiano Felicio,1610612741,0021900674,Putback Layup Shot,1,1,Restricted Area
1629690,Adam Mokoka,1610612741,0021900674,Jump Shot,1,0,Above the Break 3
1627885,Shaquille Harrison,1610612741,0021900674,Driving Layup Shot,1,0,Restricted Area
1627885,Shaquille Harrison,1610612741,0021900674,Driving Layup Shot,1,0,Restricted Area
201152,Thaddeus Young,1610612741,0021900682,Layup Shot,1,1,Restricted Area
201152,Thaddeus Young,1610612741,0021900682,Jump Shot,1,0,Left Corner 3
201152,Thaddeus Young,1610612741,0021900682,Jump Shot,1,0,Left Corner 3
203897,Zach LaVine,1610612741,0021900682,Driving Layup Shot,1,1,Restricted Area
203897,Zach LaVine,1610612741,0021900682,Driving Layup Shot,1,0,Restricted Area
203897,Zach LaVine,1610612741,0021900682,Putback Layup Shot,1,1,Restricted Area
203107,Tomas Satoransky,1610612741,0021900682,Running Layup Shot,1,0,Restricted Area
203107,Tomas Satoransky,1610612741,0021900682,Jump Shot,1,1,Above the Break 3
203897,Zach LaVine,1610612741,0021900682,Pullup Jump shot,1,0,Above the Break 3
1627739,Kris Dunn,1610612741,0021900682,Alley Oop Layup shot,1,1,Restricted Area
1627739,Kris Dunn,1610612741,0021900682,Jump Shot,1,0,Above the Break 3
1627739,Kris Dunn,1610612741,0021900682,Cutting Layup Shot,1,1,Restricted Area
203897,Zach LaVine,1610612741,0021900682,Jump Shot,1,0,Above the Break 3
1627739,Kris Dunn,1610612741,0021900682,Jump Shot,1,0,Above the Break 3
203897,Zach LaVine,1610612741,0021900682,Jump Shot,1,1,Right Corner 3
1627739,Kris Dunn,1610612741,0021900682,Driving Dunk Shot,1,1,Restricted Area
203897,Zach LaVine,1610612741,0021900682,Step Back Jump shot,1,0,Above the Break 3
1629632,Coby White,1610612741,0021900682,Step Back Jump shot,1,0,Mid-Range
1628990,Chandler Hutchison,1610612741,0021900682,Driving Floating Bank Jump Shot,1,0,Mid-Range
203897,Zach LaVine,1610612741,0021900682,Jump Shot,1,1,Above the Break 3
203897,Zach LaVine,1610612741,0021900682,Driving Layup Shot,1,0,Restricted Area
203897,Zach LaVine,1610612741,0021900682,Driving Layup Shot,1,1,Restricted Area
203897,Zach LaVine,1610612741,0021900682,Pullup Jump shot,1,0,Mid-Range
1627756,Denzel Valentine,1610612741,0021900682,Jump Shot,1,0,Above the Break 3
1627853,Ryan Arcidiacono,1610612741,0021900682,Jump Shot,1,1,Left Corner 3
1628990,Chandler Hutchison,1610612741,0021900682,Driving Layup Shot,1,1,Restricted Area
1627756,Denzel Valentine,1610612741,0021900682,Driving Floating Jump Shot,1,0,In The Paint (Non-RA)
1629632,Coby White,1610612741,0021900682,Jump Shot,1,0,Above the Break 3
1628436,Luke Kornet,1610612741,0021900682,Jump Shot,1,0,Above the Break 3
1628990,Chandler Hutchison,1610612741,0021900682,Driving Layup Shot,1,0,Restricted Area
1627853,Ryan Arcidiacono,1610612741,0021900682,Pullup Jump shot,1,0,Above the Break 3
1627853,Ryan Arcidiacono,1610612741,0021900682,Jump Shot,1,1,Above the Break 3
203897,Zach LaVine,1610612741,0021900682,Driving Layup Shot,1,1,Restricted Area
203897,Zach LaVine,1610612741,0021900682,Driving Layup Shot,1,0,Restricted Area
1628990,Chandler Hutchison,1610612741,0021900682,Jump Shot,1,1,Left Corner 3
1628436,Luke Kornet,1610612741,0021900682,Driving Hook Shot,1,0,Restricted Area
203897,Zach LaVine,1610612741,0021900682,Cutting Layup Shot,1,1,Restricted Area
203107,Tomas Satoransky,1610612741,0021900682,Running Layup Shot,1,1,Restricted Area
203897,Zach LaVine,1610612741,0021900682,Driving Layup Shot,1,1,Restricted Area
203897,Zach LaVine,1610612741,0021900682,Pullup Jump shot,1,1,Above the Break 3
203107,Tomas Satoransky,1610612741,0021900682,Jump Bank Shot,1,0,In The Paint (Non-RA)
1626245,Cristiano Felicio,1610612741,0021900682,Putback Layup Shot,1,0,Restricted Area
203897,Zach LaVine,1610612741,0021900682,Running Layup Shot,1,1,Restricted Area
203897,Zach LaVine,1610612741,0021900682,Pullup Jump shot,1,0,Above the Break 3
201152,Thaddeus Young,1610612741,0021900682,Running Layup Shot,1,1,Restricted Area
203107,Tomas Satoransky,1610612741,0021900682,Driving Floating Jump Shot,1,1,Restricted Area
203897,Zach LaVine,1610612741,0021900682,Turnaround Fadeaway Bank Jump Shot,1,0,In The Paint (Non-RA)
203897,Zach LaVine,1610612741,0021900682,Jump Shot,1,0,Above the Break 3
201152,Thaddeus Young,1610612741,0021900682,Layup Shot,1,1,Restricted Area
201152,Thaddeus Young,1610612741,0021900682,Driving Floating Jump Shot,1,0,Restricted Area
203897,Zach LaVine,1610612741,0021900682,Step Back Jump shot,1,0,Mid-Range
203897,Zach LaVine,1610612741,0021900682,Driving Finger Roll Layup Shot,1,1,Restricted Area
203107,Tomas Satoransky,1610612741,0021900682,Driving Layup Shot,1,1,Restricted Area
1627739,Kris Dunn,1610612741,0021900682,Driving Layup Shot,1,1,Restricted Area
203107,Tomas Satoransky,1610612741,0021900682,Jump Shot,1,0,Right Corner 3
203107,Tomas Satoransky,1610612741,0021900682,Running Layup Shot,1,1,Restricted Area
201152,Thaddeus Young,1610612741,0021900682,Running Layup Shot,1,1,In The Paint (Non-RA)
203107,Tomas Satoransky,1610612741,0021900682,Driving Dunk Shot,1,1,Restricted Area
203897,Zach LaVine,1610612741,0021900682,Driving Layup Shot,1,1,Restricted Area
1628436,Luke Kornet,1610612741,0021900682,Alley Oop Dunk Shot,1,1,Restricted Area
1628436,Luke Kornet,1610612741,0021900682,Cutting Dunk Shot,1,1,Restricted Area
1628436,Luke Kornet,1610612741,0021900682,Running Dunk Shot,1,1,Restricted Area
1629632,Coby White,1610612741,0021900682,Driving Finger Roll Layup Shot,1,1,Restricted Area
203897,Zach LaVine,1610612741,0021900682,Jump Shot,1,1,Above the Break 3
203107,Tomas Satoransky,1610612741,0021900682,Cutting Layup Shot,1,1,Restricted Area
203897,Zach LaVine,1610612741,0021900682,Step Back Jump shot,1,0,Mid-Range
1627853,Ryan Arcidiacono,1610612741,0021900682,Jump Shot,1,1,Above the Break 3
203897,Zach LaVine,1610612741,0021900682,Step Back Jump shot,1,1,Above the Break 3
1629632,Coby White,1610612741,0021900682,Driving Floating Jump Shot,1,0,In The Paint (Non-RA)
1628990,Chandler Hutchison,1610612741,0021900682,Jump Shot,1,0,Left Corner 3
1627756,Denzel Valentine,1610612741,0021900682,Jump Shot,1,1,Above the Break 3
1628990,Chandler Hutchison,1610612741,0021900682,Driving Layup Shot,1,0,Restricted Area
1629632,Coby White,1610612741,0021900682,Jump Shot,1,1,Above the Break 3
1627756,Denzel Valentine,1610612741,0021900682,Pullup Jump shot,1,0,Above the Break 3
1629632,Coby White,1610612741,0021900682,Driving Reverse Layup Shot,1,0,Restricted Area
1627853,Ryan Arcidiacono,1610612741,0021900682,Jump Shot,1,0,Above the Break 3
1628990,Chandler Hutchison,1610612741,0021900682,Jump Shot,1,0,Above the Break 3
1627756,Denzel Valentine,1610612741,0021900682,Jump Shot,1,0,Above the Break 3
203897,Zach LaVine,1610612741,0021900682,Jump Shot,1,0,Above the Break 3
201152,Thaddeus Young,1610612741,0021900682,Driving Floating Jump Shot,1,0,Restricted Area
203107,Tomas Satoransky,1610612741,0021900682,Turnaround Fadeaway shot,1,1,In The Paint (Non-RA)
203897,Zach LaVine,1610612741,0021900682,Driving Layup Shot,1,1,Restricted Area
203897,Zach LaVine,1610612741,0021900682,Putback Layup Shot,1,1,Restricted Area
203897,Zach LaVine,1610612741,0021900682,Jump Shot,1,0,Above the Break 3
201152,Thaddeus Young,1610612741,0021900682,Driving Dunk Shot,1,1,Restricted Area
201152,Thaddeus Young,1610612741,0021900695,Turnaround Hook Shot,1,1,In The Paint (Non-RA)
1627739,Kris Dunn,1610612741,0021900695,Jump Shot,1,0,Above the Break 3
203107,Tomas Satoransky,1610612741,0021900695,Cutting Layup Shot,1,1,Restricted Area
203107,Tomas Satoransky,1610612741,0021900695,Jump Shot,1,0,Above the Break 3
201152,Thaddeus Young,1610612741,0021900695,Driving Layup Shot,1,0,Restricted Area
203897,Zach LaVine,1610612741,0021900695,Jump Shot,1,0,Mid-Range
201152,Thaddeus Young,1610612741,0021900695,Jump Shot,1,0,Above the Break 3
1627739,Kris Dunn,1610612741,0021900695,Running Layup Shot,1,1,Restricted Area
203897,Zach LaVine,1610612741,0021900695,Jump Shot,1,0,Above the Break 3
203897,Zach LaVine,1610612741,0021900695,Cutting Layup Shot,1,1,Restricted Area
203897,Zach LaVine,1610612741,0021900695,Driving Layup Shot,1,0,Restricted Area
201152,Thaddeus Young,1610612741,0021900695,Jump Shot,1,1,Left Corner 3
203897,Zach LaVine,1610612741,0021900695,Driving Layup Shot,1,0,Restricted Area
1629632,Coby White,1610612741,0021900695,Driving Floating Bank Jump Shot,1,0,In The Paint (Non-RA)
203897,Zach LaVine,1610612741,0021900695,Driving Layup Shot,1,0,Restricted Area
203897,Zach LaVine,1610612741,0021900695,Jump Shot,1,0,Above the Break 3
201152,Thaddeus Young,1610612741,0021900695,Driving Layup Shot,1,0,Restricted Area
1629632,Coby White,1610612741,0021900695,Jump Shot,1,0,Above the Break 3
1629632,Coby White,1610612741,0021900695,Jump Shot,1,1,Above the Break 3
1627739,Kris Dunn,1610612741,0021900695,Driving Layup Shot,1,1,Restricted Area
1629632,Coby White,1610612741,0021900695,Jump Shot,1,0,Above the Break 3
1627756,Denzel Valentine,1610612741,0021900695,Pullup Jump shot,1,1,Mid-Range
1628990,Chandler Hutchison,1610612741,0021900695,Pullup Jump shot,1,1,Restricted Area
1627756,Denzel Valentine,1610612741,0021900695,Running Pull-Up Jump Shot,1,1,Mid-Range
1627756,Denzel Valentine,1610612741,0021900695,Pullup Jump shot,1,0,Above the Break 3
1628436,Luke Kornet,1610612741,0021900695,Jump Shot,1,0,Above the Break 3
1628990,Chandler Hutchison,1610612741,0021900695,Driving Layup Shot,1,0,Restricted Area
1628436,Luke Kornet,1610612741,0021900695,Jump Shot,1,1,Above the Break 3
1629632,Coby White,1610612741,0021900695,Driving Layup Shot,1,0,Restricted Area
1628990,Chandler Hutchison,1610612741,0021900695,Driving Dunk Shot,1,1,Restricted Area
1628990,Chandler Hutchison,1610612741,0021900695,Jump Shot,1,0,Above the Break 3
1629632,Coby White,1610612741,0021900695,Jump Shot,1,1,Above the Break 3
1627756,Denzel Valentine,1610612741,0021900695,Jump Shot,1,1,Right Corner 3
1627739,Kris Dunn,1610612741,0021900695,Jump Shot,1,0,Above the Break 3
1629632,Coby White,1610612741,0021900695,Putback Layup Shot,1,1,Restricted Area
203897,Zach LaVine,1610612741,0021900695,Jump Shot,1,0,Mid-Range
1627739,Kris Dunn,1610612741,0021900695,Pullup Jump shot,1,0,In The Paint (Non-RA)
201152,Thaddeus Young,1610612741,0021900695,Driving Layup Shot,1,1,Restricted Area
1628436,Luke Kornet,1610612741,0021900695,Jump Shot,1,0,Above the Break 3
1627739,Kris Dunn,1610612741,0021900695,Driving Layup Shot,1,1,Restricted Area
201152,Thaddeus Young,1610612741,0021900695,Jump Shot,1,0,Above the Break 3
201152,Thaddeus Young,1610612741,0021900695,Turnaround Jump Shot,1,0,In The Paint (Non-RA)
203107,Tomas Satoransky,1610612741,0021900695,Driving Layup Shot,1,0,Restricted Area
1629632,Coby White,1610612741,0021900695,Pullup Jump shot,1,0,In The Paint (Non-RA)
1626245,Cristiano Felicio,1610612741,0021900695,Reverse Layup Shot,1,1,Restricted Area
1629632,Coby White,1610612741,0021900695,Driving Layup Shot,1,0,Restricted Area
1629632,Coby White,1610612741,0021900695,Layup Shot,1,1,Restricted Area
203107,Tomas Satoransky,1610612741,0021900695,Driving Layup Shot,1,1,Restricted Area
1628436,Luke Kornet,1610612741,0021900695,Alley Oop Dunk Shot,1,0,Restricted Area
203107,Tomas Satoransky,1610612741,0021900695,Driving Floating Jump Shot,1,0,In The Paint (Non-RA)
1627739,Kris Dunn,1610612741,0021900695,Jump Shot,1,1,In The Paint (Non-RA)
1628436,Luke Kornet,1610612741,0021900695,Jump Shot,1,0,Above the Break 3
203107,Tomas Satoransky,1610612741,0021900695,Layup Shot,1,1,Restricted Area
201152,Thaddeus Young,1610612741,0021900695,Cutting Layup Shot,1,1,Restricted Area
1628436,Luke Kornet,1610612741,0021900695,Floating Jump shot,1,0,In The Paint (Non-RA)
203897,Zach LaVine,1610612741,0021900695,Driving Layup Shot,1,0,Restricted Area
1628436,Luke Kornet,1610612741,0021900695,Floating Jump shot,1,0,Mid-Range
203897,Zach LaVine,1610612741,0021900695,Putback Layup Shot,1,1,Restricted Area
203897,Zach LaVine,1610612741,0021900695,Jump Shot,1,1,Left Corner 3
203897,Zach LaVine,1610612741,0021900695,Jump Shot,1,0,Above the Break 3
203897,Zach LaVine,1610612741,0021900695,Driving Layup Shot,1,0,Restricted Area
1626245,Cristiano Felicio,1610612741,0021900695,Alley Oop Layup shot,1,1,Restricted Area
1628990,Chandler Hutchison,1610612741,0021900695,Jump Shot,1,0,Left Corner 3
1629632,Coby White,1610612741,0021900695,Driving Reverse Layup Shot,1,0,Restricted Area
1629632,Coby White,1610612741,0021900695,Jump Shot,1,0,Above the Break 3
203897,Zach LaVine,1610612741,0021900695,Pullup Jump shot,1,0,Mid-Range
1627739,Kris Dunn,1610612741,0021900695,Driving Layup Shot,1,1,Restricted Area
1628990,Chandler Hutchison,1610612741,0021900695,Driving Layup Shot,1,1,Restricted Area
1628990,Chandler Hutchison,1610612741,0021900695,Driving Floating Bank Jump Shot,1,1,Restricted Area
1627756,Denzel Valentine,1610612741,0021900695,Driving Floating Jump Shot,1,0,In The Paint (Non-RA)
1627756,Denzel Valentine,1610612741,0021900695,Jump Shot,1,1,Above the Break 3
203107,Tomas Satoransky,1610612741,0021900695,Jump Shot,1,1,Above the Break 3
1629632,Coby White,1610612741,0021900695,Pullup Jump shot,1,0,Above the Break 3
1627756,Denzel Valentine,1610612741,0021900695,Jump Shot,1,1,Above the Break 3
203107,Tomas Satoransky,1610612741,0021900695,Jump Shot,1,0,Left Corner 3
1627756,Denzel Valentine,1610612741,0021900695,Jump Shot,1,1,Above the Break 3
1627756,Denzel Valentine,1610612741,0021900695,Driving Floating Jump Shot,1,0,In The Paint (Non-RA)
203897,Zach LaVine,1610612741,0021900695,Pullup Jump shot,1,0,Above the Break 3
203897,Zach LaVine,1610612741,0021900695,Jump Shot,1,1,Left Corner 3
203897,Zach LaVine,1610612741,0021900695,Pullup Jump shot,1,0,Above the Break 3
1627756,Denzel Valentine,1610612741,0021900695,Jump Shot,1,0,Above the Break 3
1628436,Luke Kornet,1610612741,0021900695,Cutting Layup Shot,1,1,Restricted Area
203897,Zach LaVine,1610612741,0021900695,Driving Layup Shot,1,1,Restricted Area
203897,Zach LaVine,1610612741,0021900695,Driving Layup Shot,1,1,Restricted Area
1628436,Luke Kornet,1610612741,0021900695,Jump Shot,1,1,Above the Break 3
1628436,Luke Kornet,1610612741,0021900695,Driving Layup Shot,1,1,Restricted Area
203897,Zach LaVine,1610612741,0021900695,Pullup Jump shot,1,1,Above the Break 3
203897,Zach LaVine,1610612741,0021900695,Pullup Jump shot,1,0,Above the Break 3
1627739,Kris Dunn,1610612741,0021900695,Driving Layup Shot,1,0,Restricted Area
203107,Tomas Satoransky,1610612741,0021900695,Driving Floating Jump Shot,1,1,In The Paint (Non-RA)
201152,Thaddeus Young,1610612741,0021900695,Jump Shot,1,1,Left Corner 3
201152,Thaddeus Young,1610612741,0021900695,Driving Layup Shot,1,0,Restricted Area
203897,Zach LaVine,1610612741,0021900695,Fadeaway Jump Shot,1,0,Mid-Range
201152,Thaddeus Young,1610612741,0021900708,Turnaround Fadeaway Bank Jump Shot,1,1,Restricted Area
203107,Tomas Satoransky,1610612741,0021900708,Driving Floating Jump Shot,1,1,Restricted Area
203107,Tomas Satoransky,1610612741,0021900708,Driving Floating Bank Jump Shot,1,0,Mid-Range
203107,Tomas Satoransky,1610612741,0021900708,Finger Roll Layup Shot,1,1,Restricted Area
203897,Zach LaVine,1610612741,0021900708,Jump Shot,1,0,Above the Break 3
201152,Thaddeus Young,1610612741,0021900708,Layup Shot,1,0,Restricted Area
1628436,Luke Kornet,1610612741,0021900708,Jump Shot,1,0,Left Corner 3
1627739,Kris Dunn,1610612741,0021900708,Running Finger Roll Layup Shot,1,1,Restricted Area
201152,Thaddeus Young,1610612741,0021900708,Reverse Layup Shot,1,1,Restricted Area
201152,Thaddeus Young,1610612741,0021900708,Hook Shot,1,1,Restricted Area
203897,Zach LaVine,1610612741,0021900708,Driving Layup Shot,1,1,Restricted Area
203897,Zach LaVine,1610612741,0021900708,Driving Layup Shot,1,0,Restricted Area
1629632,Coby White,1610612741,0021900708,Jump Shot,1,0,Above the Break 3
1627756,Denzel Valentine,1610612741,0021900708,Floating Jump shot,1,1,In The Paint (Non-RA)
1628990,Chandler Hutchison,1610612741,0021900708,Cutting Dunk Shot,1,1,Restricted Area
203897,Zach LaVine,1610612741,0021900708,Layup Shot,1,1,Restricted Area
1626245,Cristiano Felicio,1610612741,0021900708,Hook Shot,1,1,In The Paint (Non-RA)
1628990,Chandler Hutchison,1610612741,0021900708,Running Finger Roll Layup Shot,1,1,Restricted Area
1629632,Coby White,1610612741,0021900708,Step Back Jump shot,1,0,Mid-Range
1628990,Chandler Hutchison,1610612741,0021900708,Jump Shot,1,0,Above the Break 3
1627756,Denzel Valentine,1610612741,0021900708,Jump Shot,1,0,Above the Break 3
1627756,Denzel Valentine,1610612741,0021900708,Jump Shot,1,0,Above the Break 3
1628436,Luke Kornet,1610612741,0021900708,Dunk Shot,1,1,Restricted Area
1628990,Chandler Hutchison,1610612741,0021900708,Driving Floating Jump Shot,1,1,In The Paint (Non-RA)
1627756,Denzel Valentine,1610612741,0021900708,Driving Floating Jump Shot,1,0,In The Paint (Non-RA)
1627853,Ryan Arcidiacono,1610612741,0021900708,Cutting Finger Roll Layup Shot,1,1,Restricted Area
1628990,Chandler Hutchison,1610612741,0021900708,Driving Finger Roll Layup Shot,1,1,Restricted Area
1628990,Chandler Hutchison,1610612741,0021900708,Cutting Dunk Shot,1,1,Restricted Area
203897,Zach LaVine,1610612741,0021900708,Jump Shot,1,0,Above the Break 3
1628990,Chandler Hutchison,1610612741,0021900708,Driving Floating Jump Shot,1,1,In The Paint (Non-RA)
203897,Zach LaVine,1610612741,0021900708,Driving Layup Shot,1,0,Restricted Area
1626245,Cristiano Felicio,1610612741,0021900708,Putback Layup Shot,1,1,Restricted Area
201152,Thaddeus Young,1610612741,0021900708,Jump Shot,1,1,Above the Break 3
1626245,Cristiano Felicio,1610612741,0021900708,Reverse Layup Shot,1,1,Restricted Area
201152,Thaddeus Young,1610612741,0021900708,Jump Shot,1,0,Left Corner 3
203107,Tomas Satoransky,1610612741,0021900708,Jump Shot,1,0,Above the Break 3
1626245,Cristiano Felicio,1610612741,0021900708,Layup Shot,1,0,Restricted Area
203897,Zach LaVine,1610612741,0021900708,Pullup Jump shot,1,1,Above the Break 3
1627739,Kris Dunn,1610612741,0021900708,Cutting Layup Shot,1,1,Restricted Area
203897,Zach LaVine,1610612741,0021900708,Driving Layup Shot,1,0,Restricted Area
201152,Thaddeus Young,1610612741,0021900708,Hook Shot,1,1,In The Paint (Non-RA)
203897,Zach LaVine,1610612741,0021900708,Driving Finger Roll Layup Shot,1,1,Restricted Area
1628436,Luke Kornet,1610612741,0021900708,Dunk Shot,1,1,Restricted Area
201152,Thaddeus Young,1610612741,0021900708,Jump Shot,1,0,Left Corner 3
203897,Zach LaVine,1610612741,0021900708,Pullup Jump shot,1,0,Above the Break 3
1627739,Kris Dunn,1610612741,0021900708,Layup Shot,1,1,Restricted Area
201152,Thaddeus Young,1610612741,0021900708,Layup Shot,1,1,Restricted Area
1629632,Coby White,1610612741,0021900708,Jump Shot,1,1,Above the Break 3
203897,Zach LaVine,1610612741,0021900708,Pullup Jump shot,1,0,Above the Break 3
201152,Thaddeus Young,1610612741,0021900708,Jump Shot,1,0,Right Corner 3
1629632,Coby White,1610612741,0021900708,Jump Shot,1,1,Left Corner 3
201152,Thaddeus Young,1610612741,0021900708,Driving Floating Jump Shot,1,1,In The Paint (Non-RA)
203107,Tomas Satoransky,1610612741,0021900708,Driving Floating Jump Shot,1,1,In The Paint (Non-RA)
1626245,Cristiano Felicio,1610612741,0021900708,Cutting Layup Shot,1,1,Restricted Area
1629632,Coby White,1610612741,0021900708,Jump Shot,1,1,Above the Break 3
1629632,Coby White,1610612741,0021900708,Jump Shot,1,0,Above the Break 3
1627756,Denzel Valentine,1610612741,0021900708,Driving Floating Jump Shot,1,0,In The Paint (Non-RA)
1628990,Chandler Hutchison,1610612741,0021900708,Pullup Jump shot,1,0,Above the Break 3
1627853,Ryan Arcidiacono,1610612741,0021900708,Jump Shot,1,0,Right Corner 3
1628436,Luke Kornet,1610612741,0021900708,Tip Layup Shot,1,1,Restricted Area
1628990,Chandler Hutchison,1610612741,0021900708,Jump Shot,1,0,Above the Break 3
1628990,Chandler Hutchison,1610612741,0021900708,Driving Reverse Layup Shot,1,0,Restricted Area
1628990,Chandler Hutchison,1610612741,0021900708,Driving Layup Shot,1,1,Restricted Area
1627756,Denzel Valentine,1610612741,0021900708,Jump Shot,1,0,Above the Break 3
1628990,Chandler Hutchison,1610612741,0021900708,Driving Dunk Shot,1,1,Restricted Area
1628990,Chandler Hutchison,1610612741,0021900708,Cutting Dunk Shot,1,1,Restricted Area
1627756,Denzel Valentine,1610612741,0021900708,Pullup Jump shot,1,1,Mid-Range
203897,Zach LaVine,1610612741,0021900708,Alley Oop Dunk Shot,1,1,Restricted Area
203897,Zach LaVine,1610612741,0021900708,Turnaround Jump Shot,1,0,Above the Break 3
203107,Tomas Satoransky,1610612741,0021900708,Jump Shot,1,1,Left Corner 3
203107,Tomas Satoransky,1610612741,0021900708,Pullup Jump shot,1,1,In The Paint (Non-RA)
1627756,Denzel Valentine,1610612741,0021900708,Jump Shot,1,0,Right Corner 3
203897,Zach LaVine,1610612741,0021900708,Jump Shot,1,0,Left Corner 3
203897,Zach LaVine,1610612741,0021900708,Pullup Jump shot,1,0,Above the Break 3
203897,Zach LaVine,1610612741,0021900708,Step Back Jump shot,1,0,Above the Break 3
203897,Zach LaVine,1610612741,0021900708,Driving Layup Shot,1,0,In The Paint (Non-RA)
203897,Zach LaVine,1610612741,0021900708,Pullup Jump shot,1,0,In The Paint (Non-RA)
1628990,Chandler Hutchison,1610612741,0021900708,Turnaround Jump Shot,1,1,In The Paint (Non-RA)
203897,Zach LaVine,1610612741,0021900708,Step Back Jump shot,1,0,Above the Break 3
203897,Zach LaVine,1610612741,0021900708,Driving Layup Shot,1,0,Restricted Area
203897,Zach LaVine,1610612741,0021900708,Driving Finger Roll Layup Shot,1,1,Restricted Area
203897,Zach LaVine,1610612741,0021900708,Driving Dunk Shot,1,1,Restricted Area
203897,Zach LaVine,1610612741,0021900708,Pullup Jump shot,1,0,Above the Break 3
203107,Tomas Satoransky,1610612741,0021900708,Pullup Jump shot,1,0,Above the Break 3
1627756,Denzel Valentine,1610612741,0021900708,Pullup Jump shot,1,0,Above the Break 3
1628990,Chandler Hutchison,1610612741,0021900721,Driving Floating Bank Jump Shot,1,0,In The Paint (Non-RA)
203897,Zach LaVine,1610612741,0021900721,Cutting Layup Shot,1,1,Restricted Area
203107,Tomas Satoransky,1610612741,0021900721,Jump Shot,1,0,Left Corner 3
1628436,Luke Kornet,1610612741,0021900721,Jump Bank Shot,1,1,Restricted Area
203897,Zach LaVine,1610612741,0021900721,Fadeaway Jump Shot,1,1,Mid-Range
203897,Zach LaVine,1610612741,0021900721,Jump Shot,1,0,Above the Break 3
1628990,Chandler Hutchison,1610612741,0021900721,Running Finger Roll Layup Shot,1,0,Restricted Area
1628990,Chandler Hutchison,1610612741,0021900721,Running Dunk Shot,1,1,Restricted Area
201152,Thaddeus Young,1610612741,0021900721,Turnaround Hook Shot,1,0,Mid-Range
1626245,Cristiano Felicio,1610612741,0021900721,Driving Bank Hook Shot,1,1,In The Paint (Non-RA)
203897,Zach LaVine,1610612741,0021900721,Cutting Layup Shot,1,0,Restricted Area
203897,Zach LaVine,1610612741,0021900721,Jump Shot,1,0,Left Corner 3
1629632,Coby White,1610612741,0021900721,Running Pull-Up Jump Shot,1,0,Above the Break 3
1627853,Ryan Arcidiacono,1610612741,0021900721,Jump Shot,1,1,Above the Break 3
201152,Thaddeus Young,1610612741,0021900721,Jump Shot,1,1,Left Corner 3
203897,Zach LaVine,1610612741,0021900721,Step Back Jump shot,1,0,Above the Break 3
1627756,Denzel Valentine,1610612741,0021900721,Driving Floating Jump Shot,1,0,In The Paint (Non-RA)
1626245,Cristiano Felicio,1610612741,0021900721,Putback Layup Shot,1,0,Restricted Area
1627756,Denzel Valentine,1610612741,0021900721,Putback Layup Shot,1,1,Restricted Area
1629632,Coby White,1610612741,0021900721,Jump Shot,1,0,Above the Break 3
1629632,Coby White,1610612741,0021900721,Driving Finger Roll Layup Shot,1,1,Restricted Area
1627853,Ryan Arcidiacono,1610612741,0021900721,Jump Shot,1,0,Above the Break 3
1628990,Chandler Hutchison,1610612741,0021900721,Driving Floating Bank Jump Shot,1,0,Restricted Area
1628990,Chandler Hutchison,1610612741,0021900721,Putback Layup Shot,1,0,In The Paint (Non-RA)
1627756,Denzel Valentine,1610612741,0021900721,Pullup Jump shot,1,1,Mid-Range
1627756,Denzel Valentine,1610612741,0021900721,Pullup Jump shot,1,0,Above the Break 3
1627756,Denzel Valentine,1610612741,0021900721,Running Jump Shot,1,0,Above the Break 3
1628436,Luke Kornet,1610612741,0021900721,Jump Shot,1,1,Above the Break 3
1629632,Coby White,1610612741,0021900721,Pullup Jump shot,1,0,Above the Break 3
1628436,Luke Kornet,1610612741,0021900721,Jump Shot,1,1,Above the Break 3
1627756,Denzel Valentine,1610612741,0021900721,Jump Shot,1,1,Above the Break 3
201152,Thaddeus Young,1610612741,0021900721,Jump Shot,1,0,Left Corner 3
1628436,Luke Kornet,1610612741,0021900721,Jump Shot,1,0,Above the Break 3
203897,Zach LaVine,1610612741,0021900721,Driving Dunk Shot,1,1,Restricted Area
1628436,Luke Kornet,1610612741,0021900721,Cutting Dunk Shot,1,1,Restricted Area
201152,Thaddeus Young,1610612741,0021900721,Cutting Layup Shot,1,1,Restricted Area
201152,Thaddeus Young,1610612741,0021900721,Jump Shot,1,0,Left Corner 3
203107,Tomas Satoransky,1610612741,0021900721,Jump Shot,1,1,Above the Break 3
1626245,Cristiano Felicio,1610612741,0021900721,Jump Shot,1,0,Above the Break 3
203107,Tomas Satoransky,1610612741,0021900721,Driving Reverse Layup Shot,1,1,Restricted Area
1627885,Shaquille Harrison,1610612741,0021900721,Reverse Layup Shot,1,1,Restricted Area
203107,Tomas Satoransky,1610612741,0021900721,Driving Floating Jump Shot,1,0,In The Paint (Non-RA)
201152,Thaddeus Young,1610612741,0021900721,Turnaround Hook Shot,1,0,In The Paint (Non-RA)
203897,Zach LaVine,1610612741,0021900721,Jump Shot,1,1,Above the Break 3
1626245,Cristiano Felicio,1610612741,0021900721,Layup Shot,1,0,Restricted Area
1627885,Shaquille Harrison,1610612741,0021900721,Jump Shot,1,1,Left Corner 3
1627885,Shaquille Harrison,1610612741,0021900721,Running Layup Shot,1,0,Restricted Area
203897,Zach LaVine,1610612741,0021900721,Driving Finger Roll Layup Shot,1,1,Restricted Area
1628436,Luke Kornet,1610612741,0021900721,Jump Bank Shot,1,0,In The Paint (Non-RA)
203897,Zach LaVine,1610612741,0021900721,Pullup Jump shot,1,1,Mid-Range
203897,Zach LaVine,1610612741,0021900721,Driving Layup Shot,1,1,Restricted Area
203107,Tomas Satoransky,1610612741,0021900721,Driving Floating Jump Shot,1,1,Mid-Range
1627853,Ryan Arcidiacono,1610612741,0021900721,Jump Shot,1,1,Above the Break 3
1628436,Luke Kornet,1610612741,0021900721,Reverse Layup Shot,1,1,Restricted Area
203107,Tomas Satoransky,1610612741,0021900721,Jump Shot,1,0,Above the Break 3
201152,Thaddeus Young,1610612741,0021900721,Reverse Layup Shot,1,1,Restricted Area
201152,Thaddeus Young,1610612741,0021900721,Driving Layup Shot,1,1,In The Paint (Non-RA)
203897,Zach LaVine,1610612741,0021900721,Layup Shot,1,1,Restricted Area
201152,Thaddeus Young,1610612741,0021900721,Hook Shot,1,1,In The Paint (Non-RA)
203897,Zach LaVine,1610612741,0021900721,Step Back Jump shot,1,0,Above the Break 3
1629632,Coby White,1610612741,0021900721,Running Layup Shot,1,1,Restricted Area
203897,Zach LaVine,1610612741,0021900721,Pullup Jump shot,1,0,Mid-Range
1629632,Coby White,1610612741,0021900721,Jump Shot,1,1,Above the Break 3
1628990,Chandler Hutchison,1610612741,0021900721,Running Dunk Shot,1,1,Restricted Area
1627756,Denzel Valentine,1610612741,0021900721,Running Jump Shot,1,0,Backcourt
1627756,Denzel Valentine,1610612741,0021900721,Pullup Jump shot,1,0,Above the Break 3
1629632,Coby White,1610612741,0021900721,Jump Shot,1,1,Above the Break 3
1627756,Denzel Valentine,1610612741,0021900721,Driving Floating Jump Shot,1,0,In The Paint (Non-RA)
1629632,Coby White,1610612741,0021900721,Jump Shot,1,0,Above the Break 3
1629632,Coby White,1610612741,0021900721,Running Jump Shot,1,0,Left Corner 3
1629632,Coby White,1610612741,0021900721,Driving Layup Shot,1,0,Restricted Area
203107,Tomas Satoransky,1610612741,0021900721,Driving Floating Jump Shot,1,1,Mid-Range
203897,Zach LaVine,1610612741,0021900721,Driving Layup Shot,1,0,Restricted Area
1628990,Chandler Hutchison,1610612741,0021900721,Driving Layup Shot,1,1,Restricted Area
201152,Thaddeus Young,1610612741,0021900721,Turnaround Hook Shot,1,0,In The Paint (Non-RA)
1628436,Luke Kornet,1610612741,0021900721,Jump Shot,1,0,Left Corner 3
201152,Thaddeus Young,1610612741,0021900721,Layup Shot,1,1,Restricted Area
203897,Zach LaVine,1610612741,0021900721,Pullup Jump shot,1,0,Above the Break 3
203107,Tomas Satoransky,1610612741,0021900721,Floating Jump shot,1,0,Mid-Range
203897,Zach LaVine,1610612741,0021900721,Cutting Layup Shot,1,0,Restricted Area
1627885,Shaquille Harrison,1610612741,0021900721,Driving Finger Roll Layup Shot,1,1,Restricted Area
1628436,Luke Kornet,1610612741,0021900721,Alley Oop Dunk Shot,1,1,Restricted Area
1627885,Shaquille Harrison,1610612741,0021900721,Pullup Jump shot,1,1,Above the Break 3
1628436,Luke Kornet,1610612741,0021900721,Floating Jump shot,1,0,In The Paint (Non-RA)
1628436,Luke Kornet,1610612741,0021900721,Putback Dunk Shot,1,1,Restricted Area
1627885,Shaquille Harrison,1610612741,0021900721,Step Back Jump shot,1,0,Mid-Range
203107,Tomas Satoransky,1610612741,0021900740,Jump Shot,1,0,Above the Break 3
203897,Zach LaVine,1610612741,0021900740,Driving Layup Shot,1,1,Restricted Area
1628436,Luke Kornet,1610612741,0021900740,Jump Shot,1,0,Above the Break 3
203897,Zach LaVine,1610612741,0021900740,Pullup Jump shot,1,0,Above the Break 3
201152,Thaddeus Young,1610612741,0021900740,Jump Shot,1,1,Above the Break 3
203107,Tomas Satoransky,1610612741,0021900740,Jump Shot,1,1,Right Corner 3
1628990,Chandler Hutchison,1610612741,0021900740,Driving Floating Jump Shot,1,0,Mid-Range
201152,Thaddeus Young,1610612741,0021900740,Jump Shot,1,1,Left Corner 3
1628990,Chandler Hutchison,1610612741,0021900740,Cutting Layup Shot,1,1,Restricted Area
201152,Thaddeus Young,1610612741,0021900740,Jump Shot,1,0,Left Corner 3
1628436,Luke Kornet,1610612741,0021900740,Jump Shot,1,0,Right Corner 3
203897,Zach LaVine,1610612741,0021900740,Running Layup Shot,1,0,Restricted Area
201152,Thaddeus Young,1610612741,0021900740,Tip Layup Shot,1,1,Restricted Area
203107,Tomas Satoransky,1610612741,0021900740,Jump Shot,1,0,Above the Break 3
1629632,Coby White,1610612741,0021900740,Driving Finger Roll Layup Shot,1,0,In The Paint (Non-RA)
201152,Thaddeus Young,1610612741,0021900740,Cutting Dunk Shot,1,1,Restricted Area
203897,Zach LaVine,1610612741,0021900740,Running Dunk Shot,1,1,Restricted Area
203897,Zach LaVine,1610612741,0021900740,Driving Reverse Layup Shot,1,1,Restricted Area
201152,Thaddeus Young,1610612741,0021900740,Floating Jump shot,1,1,In The Paint (Non-RA)
203897,Zach LaVine,1610612741,0021900740,Fadeaway Jump Shot,1,0,Mid-Range
1629655,Daniel Gafford,1610612741,0021900740,Running Jump Shot,1,0,In The Paint (Non-RA)
1627853,Ryan Arcidiacono,1610612741,0021900740,Jump Shot,1,0,Left Corner 3
1629632,Coby White,1610612741,0021900740,Jump Shot,1,1,Above the Break 3
1629632,Coby White,1610612741,0021900740,Driving Floating Jump Shot,1,0,Above the Break 3
1629632,Coby White,1610612741,0021900740,Jump Shot,1,0,Above the Break 3
1627853,Ryan Arcidiacono,1610612741,0021900740,Jump Shot,1,1,Above the Break 3
1628990,Chandler Hutchison,1610612741,0021900740,Jump Shot,1,1,Right Corner 3
1627853,Ryan Arcidiacono,1610612741,0021900740,Running Jump Shot,1,1,Above the Break 3
1627853,Ryan Arcidiacono,1610612741,0021900740,Jump Shot,1,0,Right Corner 3
201152,Thaddeus Young,1610612741,0021900740,Driving Floating Jump Shot,1,0,In The Paint (Non-RA)
1627853,Ryan Arcidiacono,1610612741,0021900740,Jump Shot,1,1,Above the Break 3
1629632,Coby White,1610612741,0021900740,Jump Shot,1,1,Above the Break 3
201152,Thaddeus Young,1610612741,0021900740,Turnaround Bank Hook Shot,1,1,Restricted Area
1628436,Luke Kornet,1610612741,0021900740,Jump Shot,1,1,Above the Break 3
1628436,Luke Kornet,1610612741,0021900740,Cutting Finger Roll Layup Shot,1,0,Restricted Area
1628436,Luke Kornet,1610612741,0021900740,Jump Shot,1,0,Above the Break 3
201152,Thaddeus Young,1610612741,0021900740,Jump Shot,1,1,Left Corner 3
203107,Tomas Satoransky,1610612741,0021900740,Jump Shot,1,0,Left Corner 3
203107,Tomas Satoransky,1610612741,0021900740,Driving Floating Jump Shot,1,0,Mid-Range
203107,Tomas Satoransky,1610612741,0021900740,Floating Jump shot,1,1,In The Paint (Non-RA)
1628990,Chandler Hutchison,1610612741,0021900740,Jump Shot,1,0,Left Corner 3
1628436,Luke Kornet,1610612741,0021900740,Cutting Dunk Shot,1,1,Restricted Area
1628990,Chandler Hutchison,1610612741,0021900740,Floating Jump shot,1,0,In The Paint (Non-RA)
203107,Tomas Satoransky,1610612741,0021900740,Floating Jump shot,1,0,Restricted Area
1628990,Chandler Hutchison,1610612741,0021900740,Putback Layup Shot,1,0,Restricted Area
1628436,Luke Kornet,1610612741,0021900740,Hook Shot,1,1,In The Paint (Non-RA)
203107,Tomas Satoransky,1610612741,0021900740,Running Layup Shot,1,0,Restricted Area
1628990,Chandler Hutchison,1610612741,0021900740,Floating Jump shot,1,0,Restricted Area
201152,Thaddeus Young,1610612741,0021900740,Jump Shot,1,0,Left Corner 3
1628436,Luke Kornet,1610612741,0021900740,Jump Shot,1,0,Left Corner 3
1628990,Chandler Hutchison,1610612741,0021900740,Cutting Dunk Shot,1,0,Restricted Area
1628436,Luke Kornet,1610612741,0021900740,Driving Floating Jump Shot,1,0,In The Paint (Non-RA)
1628990,Chandler Hutchison,1610612741,0021900740,Tip Layup Shot,1,1,Restricted Area
1628436,Luke Kornet,1610612741,0021900740,Pullup Jump shot,1,0,Above the Break 3
203107,Tomas Satoransky,1610612741,0021900740,Driving Reverse Layup Shot,1,0,Restricted Area
203107,Tomas Satoransky,1610612741,0021900740,Jump Shot,1,1,Left Corner 3
1629632,Coby White,1610612741,0021900740,Jump Shot,1,1,Above the Break 3
1629632,Coby White,1610612741,0021900740,Jump Shot,1,0,Above the Break 3
201152,Thaddeus Young,1610612741,0021900740,Driving Hook Shot,1,1,In The Paint (Non-RA)
203897,Zach LaVine,1610612741,0021900740,Running Dunk Shot,1,1,Restricted Area
1629632,Coby White,1610612741,0021900740,Jump Shot,1,0,Above the Break 3
1627853,Ryan Arcidiacono,1610612741,0021900740,Running Jump Shot,1,0,Above the Break 3
1627853,Ryan Arcidiacono,1610612741,0021900740,Jump Shot,1,0,Above the Break 3
1628990,Chandler Hutchison,1610612741,0021900740,Reverse Layup Shot,1,1,Restricted Area
1629632,Coby White,1610612741,0021900740,Jump Shot,1,1,Left Corner 3
1627756,Denzel Valentine,1610612741,0021900740,Jump Shot,1,0,Above the Break 3
1628990,Chandler Hutchison,1610612741,0021900740,Finger Roll Layup Shot,1,1,In The Paint (Non-RA)
1628990,Chandler Hutchison,1610612741,0021900740,Jump Shot,1,0,Right Corner 3
1627756,Denzel Valentine,1610612741,0021900740,Jump Shot,1,0,Above the Break 3
1627853,Ryan Arcidiacono,1610612741,0021900740,Fadeaway Jump Shot,1,0,Mid-Range
1629632,Coby White,1610612741,0021900740,Driving Floating Jump Shot,1,0,Mid-Range
1627756,Denzel Valentine,1610612741,0021900740,Jump Shot,1,0,Left Corner 3
1627853,Ryan Arcidiacono,1610612741,0021900740,Jump Shot,1,0,Right Corner 3
201152,Thaddeus Young,1610612741,0021900740,Hook Shot,1,1,Restricted Area
203897,Zach LaVine,1610612741,0021900740,Layup Shot,1,0,Restricted Area
1628436,Luke Kornet,1610612741,0021900740,Jump Shot,1,0,Left Corner 3
203107,Tomas Satoransky,1610612741,0021900740,Jump Shot,1,0,Above the Break 3
1627853,Ryan Arcidiacono,1610612741,0021900740,Running Layup Shot,1,1,Restricted Area
203897,Zach LaVine,1610612741,0021900740,Driving Layup Shot,1,1,Restricted Area
203897,Zach LaVine,1610612741,0021900740,Layup Shot,1,1,Restricted Area
1629632,Coby White,1610612741,0021900740,Jump Shot,1,0,Left Corner 3
1628990,Chandler Hutchison,1610612741,0021900740,Jump Shot,1,0,Left Corner 3
1627756,Denzel Valentine,1610612741,0021900740,Jump Shot,1,0,Above the Break 3
1627885,Shaquille Harrison,1610612741,0021900740,Driving Floating Jump Shot,1,0,In The Paint (Non-RA)
1627885,Shaquille Harrison,1610612741,0021900740,Jump Shot,1,0,Left Corner 3
1627756,Denzel Valentine,1610612741,0021900740,Pullup Jump shot,1,1,Above the Break 3
1629690,Adam Mokoka,1610612741,0021900740,Jump Shot,1,0,Mid-Range
1629632,Coby White,1610612741,0021900740,Jump Shot,1,0,Above the Break 3
1629632,Coby White,1610612741,0021900740,Jump Shot,1,0,Above the Break 3
1629690,Adam Mokoka,1610612741,0021900740,Tip Layup Shot,1,0,Restricted Area
1628990,Chandler Hutchison,1610612741,0021900765,Driving Layup Shot,1,1,Restricted Area
203107,Tomas Satoransky,1610612741,0021900765,Step Back Jump shot,1,1,In The Paint (Non-RA)
203107,Tomas Satoransky,1610612741,0021900765,Jump Shot,1,1,Left Corner 3
1628990,Chandler Hutchison,1610612741,0021900765,Driving Layup Shot,1,0,Restricted Area
201152,Thaddeus Young,1610612741,0021900765,Driving Dunk Shot,1,0,Restricted Area
201152,Thaddeus Young,1610612741,0021900765,Tip Layup Shot,1,1,Restricted Area
1628990,Chandler Hutchison,1610612741,0021900765,Driving Layup Shot,1,0,Restricted Area
203107,Tomas Satoransky,1610612741,0021900765,Driving Layup Shot,1,0,Restricted Area
203107,Tomas Satoransky,1610612741,0021900765,Driving Floating Jump Shot,1,0,In The Paint (Non-RA)
1628990,Chandler Hutchison,1610612741,0021900765,Driving Layup Shot,1,1,Restricted Area
203897,Zach LaVine,1610612741,0021900765,Jump Shot,1,0,Above the Break 3
203107,Tomas Satoransky,1610612741,0021900765,Jump Shot,1,0,In The Paint (Non-RA)
201152,Thaddeus Young,1610612741,0021900765,Jump Shot,1,1,Left Corner 3
203897,Zach LaVine,1610612741,0021900765,Driving Layup Shot,1,0,Restricted Area
1629632,Coby White,1610612741,0021900765,Driving Layup Shot,1,1,Restricted Area
1629632,Coby White,1610612741,0021900765,Jump Shot,1,0,Above the Break 3
1628990,Chandler Hutchison,1610612741,0021900765,Driving Layup Shot,1,0,Restricted Area
1627853,Ryan Arcidiacono,1610612741,0021900765,Driving Layup Shot,1,1,Restricted Area
1628990,Chandler Hutchison,1610612741,0021900765,Driving Dunk Shot,1,1,Restricted Area
1627885,Shaquille Harrison,1610612741,0021900765,Driving Layup Shot,1,0,Restricted Area
1629632,Coby White,1610612741,0021900765,Jump Shot,1,0,Above the Break 3
1627853,Ryan Arcidiacono,1610612741,0021900765,Jump Shot,1,1,Above the Break 3
1629632,Coby White,1610612741,0021900765,Jump Shot,1,1,Above the Break 3
1627853,Ryan Arcidiacono,1610612741,0021900765,Jump Shot,1,0,Above the Break 3
1628990,Chandler Hutchison,1610612741,0021900765,Running Dunk Shot,1,1,Restricted Area
1629632,Coby White,1610612741,0021900765,Step Back Jump shot,1,0,Above the Break 3
1627853,Ryan Arcidiacono,1610612741,0021900765,Pullup Jump shot,1,1,Above the Break 3
1627885,Shaquille Harrison,1610612741,0021900765,Driving Layup Shot,1,1,Restricted Area
1629632,Coby White,1610612741,0021900765,Driving Layup Shot,1,1,Restricted Area
201152,Thaddeus Young,1610612741,0021900765,Hook Shot,1,1,In The Paint (Non-RA)
203897,Zach LaVine,1610612741,0021900765,Step Back Jump shot,1,0,Mid-Range
1629632,Coby White,1610612741,0021900765,Jump Shot,1,1,Right Corner 3
203897,Zach LaVine,1610612741,0021900765,Cutting Dunk Shot,1,1,Restricted Area
203897,Zach LaVine,1610612741,0021900765,Layup Shot,1,1,Restricted Area
203897,Zach LaVine,1610612741,0021900765,Jump Shot,1,0,Above the Break 3
203897,Zach LaVine,1610612741,0021900765,Jump Shot,1,1,Above the Break 3
203897,Zach LaVine,1610612741,0021900765,Step Back Jump shot,1,1,Mid-Range
203107,Tomas Satoransky,1610612741,0021900765,Step Back Jump shot,1,1,In The Paint (Non-RA)
203897,Zach LaVine,1610612741,0021900765,Jump Shot,1,0,Above the Break 3
203897,Zach LaVine,1610612741,0021900765,Cutting Layup Shot,1,1,Restricted Area
203107,Tomas Satoransky,1610612741,0021900765,Running Layup Shot,1,1,Restricted Area
1628990,Chandler Hutchison,1610612741,0021900765,Floating Jump shot,1,1,Restricted Area
1628990,Chandler Hutchison,1610612741,0021900765,Layup Shot,1,0,Restricted Area
203107,Tomas Satoransky,1610612741,0021900765,Jump Shot,1,0,Right Corner 3
1628990,Chandler Hutchison,1610612741,0021900765,Floating Jump shot,1,0,Restricted Area
203107,Tomas Satoransky,1610612741,0021900765,Jump Shot,1,0,Above the Break 3
203107,Tomas Satoransky,1610612741,0021900765,Layup Shot,1,0,Restricted Area
1628990,Chandler Hutchison,1610612741,0021900765,Driving Layup Shot,1,0,Restricted Area
201152,Thaddeus Young,1610612741,0021900765,Jump Shot,1,0,Right Corner 3
1626245,Cristiano Felicio,1610612741,0021900765,Jump Shot,1,0,In The Paint (Non-RA)
203897,Zach LaVine,1610612741,0021900765,Jump Shot,1,0,Above the Break 3
203897,Zach LaVine,1610612741,0021900765,Driving Layup Shot,1,0,Restricted Area
201152,Thaddeus Young,1610612741,0021900765,Layup Shot,1,0,Restricted Area
203897,Zach LaVine,1610612741,0021900765,Layup Shot,1,1,Restricted Area
203897,Zach LaVine,1610612741,0021900765,Jump Shot,1,0,Mid-Range
201152,Thaddeus Young,1610612741,0021900765,Jump Shot,1,0,Left Corner 3
1629632,Coby White,1610612741,0021900765,Jump Shot,1,0,Mid-Range
1629632,Coby White,1610612741,0021900765,Jump Shot,1,0,Above the Break 3
1629632,Coby White,1610612741,0021900765,Layup Shot,1,1,Restricted Area
1628436,Luke Kornet,1610612741,0021900765,Jump Shot,1,1,Above the Break 3
1629632,Coby White,1610612741,0021900765,Jump Shot,1,0,In The Paint (Non-RA)
1628990,Chandler Hutchison,1610612741,0021900765,Turnaround Jump Shot,1,1,In The Paint (Non-RA)
1627885,Shaquille Harrison,1610612741,0021900765,Driving Layup Shot,1,1,Restricted Area
1628990,Chandler Hutchison,1610612741,0021900765,Jump Shot,1,0,Above the Break 3
1629632,Coby White,1610612741,0021900765,Jump Shot,1,0,Mid-Range
201152,Thaddeus Young,1610612741,0021900765,Driving Floating Jump Shot,1,1,In The Paint (Non-RA)
201152,Thaddeus Young,1610612741,0021900765,Floating Jump shot,1,0,In The Paint (Non-RA)
203897,Zach LaVine,1610612741,0021900765,Turnaround Jump Shot,1,1,In The Paint (Non-RA)
201152,Thaddeus Young,1610612741,0021900765,Turnaround Hook Shot,1,1,Restricted Area
203897,Zach LaVine,1610612741,0021900765,Driving Layup Shot,1,1,Restricted Area
203897,Zach LaVine,1610612741,0021900765,Fadeaway Jump Shot,1,0,Mid-Range
1628990,Chandler Hutchison,1610612741,0021900765,Jump Shot,1,0,Above the Break 3
1626245,Cristiano Felicio,1610612741,0021900765,Putback Layup Shot,1,1,Restricted Area
203897,Zach LaVine,1610612741,0021900765,Driving Layup Shot,1,0,Restricted Area
203897,Zach LaVine,1610612741,0021900765,Putback Layup Shot,1,0,Restricted Area
1627885,Shaquille Harrison,1610612741,0021900765,Driving Layup Shot,1,0,In The Paint (Non-RA)
1627853,Ryan Arcidiacono,1610612741,0021900765,Driving Floating Jump Shot,1,1,In The Paint (Non-RA)
1627885,Shaquille Harrison,1610612741,0021900765,Turnaround Jump Shot,1,1,Mid-Range
1627885,Shaquille Harrison,1610612741,0021900765,Driving Layup Shot,1,0,In The Paint (Non-RA)
1626245,Cristiano Felicio,1610612741,0021900765,Putback Layup Shot,1,0,Restricted Area
1629632,Coby White,1610612741,0021900765,Layup Shot,1,0,Restricted Area
1626245,Cristiano Felicio,1610612741,0021900765,Putback Layup Shot,1,0,Restricted Area
1629632,Coby White,1610612741,0021900765,Jump Shot,1,0,Above the Break 3
1629690,Adam Mokoka,1610612741,0021900765,Jump Shot,1,1,Right Corner 3
1627885,Shaquille Harrison,1610612741,0021900765,Layup Shot,1,1,In The Paint (Non-RA)
1627885,Shaquille Harrison,1610612741,0021900765,Jump Shot,1,1,Above the Break 3
1629690,Adam Mokoka,1610612741,0021900765,Jump Shot,1,1,Above the Break 3
1629690,Adam Mokoka,1610612741,0021900765,Jump Shot,1,1,Right Corner 3
1629690,Adam Mokoka,1610612741,0021900765,Driving Layup Shot,1,1,Restricted Area
1629690,Adam Mokoka,1610612741,0021900765,Driving Layup Shot,1,1,Restricted Area
1629690,Adam Mokoka,1610612741,0021900765,Driving Layup Shot,1,1,Restricted Area
1627853,Ryan Arcidiacono,1610612741,0021900765,Jump Shot,1,1,Above the Break 3
1629632,Coby White,1610612741,0021900765,Floating Jump shot,1,0,Mid-Range
201152,Thaddeus Young,1610612741,0021900788,Finger Roll Layup Shot,1,1,Restricted Area
1628436,Luke Kornet,1610612741,0021900788,Jump Shot,1,1,Above the Break 3
203897,Zach LaVine,1610612741,0021900788,Jump Shot,1,0,Above the Break 3
203107,Tomas Satoransky,1610612741,0021900788,Pullup Jump shot,1,0,Above the Break 3
1628990,Chandler Hutchison,1610612741,0021900788,Driving Layup Shot,1,0,In The Paint (Non-RA)
1628990,Chandler Hutchison,1610612741,0021900788,Putback Layup Shot,1,0,In The Paint (Non-RA)
1628436,Luke Kornet,1610612741,0021900788,Layup Shot,1,1,In The Paint (Non-RA)
1628436,Luke Kornet,1610612741,0021900788,Jump Shot,1,1,Right Corner 3
203897,Zach LaVine,1610612741,0021900788,Driving Layup Shot,1,1,Restricted Area
1628990,Chandler Hutchison,1610612741,0021900788,Jump Shot,1,1,Above the Break 3
203897,Zach LaVine,1610612741,0021900788,Jump Shot,1,0,Above the Break 3
203897,Zach LaVine,1610612741,0021900788,Driving Finger Roll Layup Shot,1,1,Restricted Area
1629632,Coby White,1610612741,0021900788,Jump Shot,1,0,Above the Break 3
1626245,Cristiano Felicio,1610612741,0021900788,Putback Layup Shot,1,1,Restricted Area
1626245,Cristiano Felicio,1610612741,0021900788,Floating Jump shot,1,0,In The Paint (Non-RA)
1629632,Coby White,1610612741,0021900788,Driving Layup Shot,1,0,Restricted Area
1626245,Cristiano Felicio,1610612741,0021900788,Putback Layup Shot,1,1,Restricted Area
1627853,Ryan Arcidiacono,1610612741,0021900788,Step Back Jump shot,1,1,Mid-Range
1628990,Chandler Hutchison,1610612741,0021900788,Jump Shot,1,0,Right Corner 3
1627853,Ryan Arcidiacono,1610612741,0021900788,Running Pull-Up Jump Shot,1,0,Above the Break 3
1627885,Shaquille Harrison,1610612741,0021900788,Driving Finger Roll Layup Shot,1,1,Restricted Area
1628990,Chandler Hutchison,1610612741,0021900788,Floating Jump shot,1,0,In The Paint (Non-RA)
1629632,Coby White,1610612741,0021900788,Driving Floating Jump Shot,1,1,In The Paint (Non-RA)
1627885,Shaquille Harrison,1610612741,0021900788,Driving Layup Shot,1,1,Restricted Area
1629632,Coby White,1610612741,0021900788,Step Back Jump shot,1,0,Above the Break 3
201152,Thaddeus Young,1610612741,0021900788,Jump Shot,1,0,Left Corner 3
1627853,Ryan Arcidiacono,1610612741,0021900788,Jump Shot,1,1,Above the Break 3
1628436,Luke Kornet,1610612741,0021900788,Jump Shot,1,0,Above the Break 3
203897,Zach LaVine,1610612741,0021900788,Driving Layup Shot,1,0,Restricted Area
1628436,Luke Kornet,1610612741,0021900788,Tip Layup Shot,1,1,Restricted Area
203897,Zach LaVine,1610612741,0021900788,Driving Layup Shot,1,0,Restricted Area
201152,Thaddeus Young,1610612741,0021900788,Tip Layup Shot,1,1,Restricted Area
201152,Thaddeus Young,1610612741,0021900788,Driving Layup Shot,1,0,Restricted Area
203897,Zach LaVine,1610612741,0021900788,Jump Shot,1,1,Mid-Range
1629632,Coby White,1610612741,0021900788,Running Layup Shot,1,1,Restricted Area
203897,Zach LaVine,1610612741,0021900788,Fadeaway Jump Shot,1,1,Mid-Range
203107,Tomas Satoransky,1610612741,0021900788,Driving Layup Shot,1,0,In The Paint (Non-RA)
203107,Tomas Satoransky,1610612741,0021900788,Jump Shot,1,0,Above the Break 3
1626245,Cristiano Felicio,1610612741,0021900788,Putback Layup Shot,1,1,Restricted Area
1628990,Chandler Hutchison,1610612741,0021900788,Running Layup Shot,1,0,In The Paint (Non-RA)
203897,Zach LaVine,1610612741,0021900788,Driving Layup Shot,1,0,Restricted Area
1626245,Cristiano Felicio,1610612741,0021900788,Floating Jump shot,1,1,In The Paint (Non-RA)
1626245,Cristiano Felicio,1610612741,0021900788,Cutting Dunk Shot,1,1,Restricted Area
201152,Thaddeus Young,1610612741,0021900788,Hook Shot,1,0,In The Paint (Non-RA)
1628436,Luke Kornet,1610612741,0021900788,Jump Shot,1,0,Above the Break 3
203897,Zach LaVine,1610612741,0021900788,Jump Shot,1,1,Left Corner 3
203897,Zach LaVine,1610612741,0021900788,Step Back Jump shot,1,1,Above the Break 3
203107,Tomas Satoransky,1610612741,0021900788,Pullup Jump shot,1,1,Mid-Range
1628436,Luke Kornet,1610612741,0021900788,Cutting Dunk Shot,1,1,Restricted Area
203897,Zach LaVine,1610612741,0021900788,Step Back Jump shot,1,0,Above the Break 3
201152,Thaddeus Young,1610612741,0021900788,Driving Hook Shot,1,0,Restricted Area
203107,Tomas Satoransky,1610612741,0021900788,Driving Layup Shot,1,0,Restricted Area
203107,Tomas Satoransky,1610612741,0021900788,Layup Shot,1,1,Restricted Area
1628990,Chandler Hutchison,1610612741,0021900788,Driving Layup Shot,1,0,Restricted Area
203897,Zach LaVine,1610612741,0021900788,Jump Shot,1,1,Above the Break 3
203107,Tomas Satoransky,1610612741,0021900788,Jump Shot,1,0,Above the Break 3
1626245,Cristiano Felicio,1610612741,0021900788,Jump Shot,1,0,Above the Break 3
201152,Thaddeus Young,1610612741,0021900788,Layup Shot,1,0,Restricted Area
203107,Tomas Satoransky,1610612741,0021900788,Tip Layup Shot,1,0,Restricted Area
1629632,Coby White,1610612741,0021900788,Running Layup Shot,1,1,Restricted Area
203897,Zach LaVine,1610612741,0021900788,Pullup Jump shot,1,1,Above the Break 3
203897,Zach LaVine,1610612741,0021900788,Pullup Jump shot,1,1,Above the Break 3
1629632,Coby White,1610612741,0021900788,Jump Shot,1,0,Above the Break 3
203897,Zach LaVine,1610612741,0021900788,Jump Shot,1,0,Mid-Range
1628436,Luke Kornet,1610612741,0021900788,Floating Jump shot,1,1,In The Paint (Non-RA)
1628436,Luke Kornet,1610612741,0021900788,Jump Shot,1,0,Above the Break 3
1627853,Ryan Arcidiacono,1610612741,0021900788,Layup Shot,1,0,Restricted Area
1627885,Shaquille Harrison,1610612741,0021900788,Running Layup Shot,1,0,Restricted Area
1629632,Coby White,1610612741,0021900788,Pullup Jump shot,1,0,Mid-Range
1628990,Chandler Hutchison,1610612741,0021900788,Driving Reverse Layup Shot,1,1,Restricted Area
1628436,Luke Kornet,1610612741,0021900788,Driving Dunk Shot,1,1,Restricted Area
1629632,Coby White,1610612741,0021900788,Jump Shot,1,0,Above the Break 3
1628436,Luke Kornet,1610612741,0021900788,Hook Shot,1,1,Restricted Area
1628436,Luke Kornet,1610612741,0021900788,Jump Shot,1,1,Right Corner 3
203107,Tomas Satoransky,1610612741,0021900788,Jump Shot,1,1,Above the Break 3
1629632,Coby White,1610612741,0021900788,Cutting Layup Shot,1,0,Restricted Area
201152,Thaddeus Young,1610612741,0021900788,Cutting Dunk Shot,1,1,Restricted Area
203897,Zach LaVine,1610612741,0021900788,Driving Reverse Layup Shot,1,1,Restricted Area
203897,Zach LaVine,1610612741,0021900788,Pullup Jump shot,1,0,Above the Break 3
201152,Thaddeus Young,1610612741,0021900788,Driving Floating Jump Shot,1,0,In The Paint (Non-RA)
201152,Thaddeus Young,1610612741,0021900788,Tip Layup Shot,1,1,Restricted Area
203897,Zach LaVine,1610612741,0021900788,Driving Reverse Layup Shot,1,0,Restricted Area
201152,Thaddeus Young,1610612741,0021900788,Dunk Shot,1,1,Restricted Area
1628990,Chandler Hutchison,1610612741,0021900788,Driving Floating Jump Shot,1,0,In The Paint (Non-RA)
1628436,Luke Kornet,1610612741,0021900788,Jump Shot,1,1,Above the Break 3
1628436,Luke Kornet,1610612741,0021900788,Jump Shot,1,0,Above the Break 3
203897,Zach LaVine,1610612741,0021900788,Running Dunk Shot,1,1,Restricted Area
203897,Zach LaVine,1610612741,0021900788,Pullup Jump shot,1,0,Above the Break 3
201152,Thaddeus Young,1610612741,0021900803,Layup Shot,1,1,Restricted Area
1628436,Luke Kornet,1610612741,0021900803,Cutting Layup Shot,1,0,Restricted Area
201152,Thaddeus Young,1610612741,0021900803,Jump Shot,1,0,Above the Break 3
1628990,Chandler Hutchison,1610612741,0021900803,Jump Shot,1,0,Above the Break 3
1628436,Luke Kornet,1610612741,0021900803,Alley Oop Dunk Shot,1,1,Restricted Area
201152,Thaddeus Young,1610612741,0021900803,Floating Jump shot,1,0,In The Paint (Non-RA)
201152,Thaddeus Young,1610612741,0021900803,Cutting Layup Shot,1,0,In The Paint (Non-RA)
201152,Thaddeus Young,1610612741,0021900803,Driving Hook Shot,1,0,In The Paint (Non-RA)
201152,Thaddeus Young,1610612741,0021900803,Jump Shot,1,0,Above the Break 3
203107,Tomas Satoransky,1610612741,0021900803,Running Dunk Shot,1,1,Restricted Area
1628990,Chandler Hutchison,1610612741,0021900803,Jump Shot,1,0,Above the Break 3
1628990,Chandler Hutchison,1610612741,0021900803,Driving Dunk Shot,1,1,Restricted Area
203107,Tomas Satoransky,1610612741,0021900803,Driving Floating Jump Shot,1,0,Mid-Range
201152,Thaddeus Young,1610612741,0021900803,Jump Shot,1,1,Above the Break 3
1629632,Coby White,1610612741,0021900803,Pullup Jump shot,1,0,Above the Break 3
201152,Thaddeus Young,1610612741,0021900803,Jump Shot,1,0,Above the Break 3
1626245,Cristiano Felicio,1610612741,0021900803,Driving Floating Jump Shot,1,0,In The Paint (Non-RA)
203897,Zach LaVine,1610612741,0021900803,Driving Floating Jump Shot,1,1,In The Paint (Non-RA)
203897,Zach LaVine,1610612741,0021900803,Driving Layup Shot,1,1,Restricted Area
203897,Zach LaVine,1610612741,0021900803,Driving Layup Shot,1,0,In The Paint (Non-RA)
1626245,Cristiano Felicio,1610612741,0021900803,Layup Shot,1,1,Restricted Area
1628990,Chandler Hutchison,1610612741,0021900803,Driving Floating Jump Shot,1,1,Mid-Range
1629632,Coby White,1610612741,0021900803,Running Layup Shot,1,1,Restricted Area
1627853,Ryan Arcidiacono,1610612741,0021900803,Jump Shot,1,1,Left Corner 3
1627853,Ryan Arcidiacono,1610612741,0021900803,Jump Shot,1,0,Above the Break 3
1628990,Chandler Hutchison,1610612741,0021900803,Hook Shot,1,0,In The Paint (Non-RA)
1629632,Coby White,1610612741,0021900803,Jump Shot,1,0,Above the Break 3
1627853,Ryan Arcidiacono,1610612741,0021900803,Pullup Jump shot,1,0,Above the Break 3
1629632,Coby White,1610612741,0021900803,Driving Layup Shot,1,0,In The Paint (Non-RA)
1628436,Luke Kornet,1610612741,0021900803,Floating Jump shot,1,0,In The Paint (Non-RA)
1628436,Luke Kornet,1610612741,0021900803,Driving Floating Bank Jump Shot,1,1,In The Paint (Non-RA)
1629632,Coby White,1610612741,0021900803,Jump Shot,1,1,Above the Break 3
203897,Zach LaVine,1610612741,0021900803,Jump Shot,1,0,Above the Break 3
1628436,Luke Kornet,1610612741,0021900803,Jump Shot,1,0,Right Corner 3
1629632,Coby White,1610612741,0021900803,Jump Shot,1,0,Above the Break 3
203897,Zach LaVine,1610612741,0021900803,Jump Shot,1,1,Above the Break 3
203107,Tomas Satoransky,1610612741,0021900803,Driving Floating Jump Shot,1,1,Mid-Range
203107,Tomas Satoransky,1610612741,0021900803,Finger Roll Layup Shot,1,1,Restricted Area
203897,Zach LaVine,1610612741,0021900803,Cutting Dunk Shot,1,1,Restricted Area
203897,Zach LaVine,1610612741,0021900803,Pullup Jump shot,1,1,Above the Break 3
203107,Tomas Satoransky,1610612741,0021900803,Jump Shot,1,1,Above the Break 3
1628990,Chandler Hutchison,1610612741,0021900803,Running Layup Shot,1,0,Restricted Area
203107,Tomas Satoransky,1610612741,0021900803,Jump Shot,1,1,Above the Break 3
203897,Zach LaVine,1610612741,0021900803,Step Back Jump shot,1,0,Above the Break 3
1626245,Cristiano Felicio,1610612741,0021900803,Cutting Dunk Shot,1,0,Restricted Area
203107,Tomas Satoransky,1610612741,0021900803,Running Layup Shot,1,0,Restricted Area
1628990,Chandler Hutchison,1610612741,0021900803,Jump Shot,1,1,Above the Break 3
203897,Zach LaVine,1610612741,0021900803,Cutting Layup Shot,1,1,Restricted Area
203897,Zach LaVine,1610612741,0021900803,Pullup Jump shot,1,0,Above the Break 3
1629632,Coby White,1610612741,0021900803,Jump Shot,1,1,Above the Break 3
203107,Tomas Satoransky,1610612741,0021900803,Jump Shot,1,0,Above the Break 3
1628990,Chandler Hutchison,1610612741,0021900803,Driving Reverse Layup Shot,1,0,Restricted Area
203107,Tomas Satoransky,1610612741,0021900803,Cutting Layup Shot,1,1,Restricted Area
1628436,Luke Kornet,1610612741,0021900803,Dunk Shot,1,1,Restricted Area
1628990,Chandler Hutchison,1610612741,0021900803,Driving Floating Jump Shot,1,0,In The Paint (Non-RA)
201152,Thaddeus Young,1610612741,0021900803,Jump Shot,1,1,Right Corner 3
1628990,Chandler Hutchison,1610612741,0021900803,Running Alley Oop Dunk Shot,1,1,Restricted Area
1628436,Luke Kornet,1610612741,0021900803,Jump Shot,1,0,Above the Break 3
201152,Thaddeus Young,1610612741,0021900803,Jump Shot,1,0,Right Corner 3
1629632,Coby White,1610612741,0021900803,Jump Shot,1,0,Above the Break 3
203897,Zach LaVine,1610612741,0021900803,Step Back Jump shot,1,1,Above the Break 3
203897,Zach LaVine,1610612741,0021900803,Running Dunk Shot,1,1,Restricted Area
1629632,Coby White,1610612741,0021900803,Driving Layup Shot,1,0,Restricted Area
1627885,Shaquille Harrison,1610612741,0021900803,Jump Shot,1,0,Above the Break 3
1627885,Shaquille Harrison,1610612741,0021900803,Driving Layup Shot,1,1,Restricted Area
1627853,Ryan Arcidiacono,1610612741,0021900803,Running Layup Shot,1,1,Restricted Area
1629632,Coby White,1610612741,0021900803,Pullup Jump shot,1,0,Above the Break 3
1629632,Coby White,1610612741,0021900803,Pullup Jump shot,1,0,Mid-Range
1627885,Shaquille Harrison,1610612741,0021900803,Jump Shot,1,0,Above the Break 3
1629632,Coby White,1610612741,0021900803,Running Dunk Shot,1,1,Restricted Area
1627885,Shaquille Harrison,1610612741,0021900803,Driving Layup Shot,1,1,Restricted Area
1628990,Chandler Hutchison,1610612741,0021900803,Driving Floating Jump Shot,1,0,In The Paint (Non-RA)
1629632,Coby White,1610612741,0021900803,Step Back Jump shot,1,0,Mid-Range
1627853,Ryan Arcidiacono,1610612741,0021900803,Jump Shot,1,0,Above the Break 3
1627885,Shaquille Harrison,1610612741,0021900803,Driving Layup Shot,1,1,Restricted Area
1628990,Chandler Hutchison,1610612741,0021900803,Pullup Jump shot,1,0,Mid-Range
1628436,Luke Kornet,1610612741,0021900803,Cutting Dunk Shot,1,1,Restricted Area
203897,Zach LaVine,1610612741,0021900803,Step Back Jump shot,1,1,Mid-Range
203897,Zach LaVine,1610612741,0021900803,Pullup Jump shot,1,1,Above the Break 3
203107,Tomas Satoransky,1610612741,0021900803,Jump Shot,1,0,Mid-Range
203107,Tomas Satoransky,1610612741,0021900803,Jump Shot,1,0,Right Corner 3
203897,Zach LaVine,1610612741,0021900803,Pullup Jump shot,1,1,Above the Break 3
201152,Thaddeus Young,1610612741,0021900803,Hook Shot,1,1,In The Paint (Non-RA)
203897,Zach LaVine,1610612741,0021900803,Layup Shot,1,0,Restricted Area
201152,Thaddeus Young,1610612741,0021900803,Running Layup Shot,1,0,In The Paint (Non-RA)
203897,Zach LaVine,1610612741,0021900803,Jump Shot,1,1,Above the Break 3
203897,Zach LaVine,1610612741,0021900803,Driving Layup Shot,1,1,Restricted Area
203897,Zach LaVine,1610612741,0021900803,Pullup Jump shot,1,1,Above the Break 3
1629632,Coby White,1610612741,0021900803,Driving Layup Shot,1,0,In The Paint (Non-RA)
203897,Zach LaVine,1610612741,0021900803,Driving Layup Shot,1,0,Restricted Area
203107,Tomas Satoransky,1610612741,0021900803,Cutting Layup Shot,1,1,Restricted Area
203897,Zach LaVine,1610612741,0021900803,Pullup Jump shot,1,1,Above the Break 3
201152,Thaddeus Young,1610612741,0021900823,Reverse Layup Shot,1,0,Restricted Area
1627853,Ryan Arcidiacono,1610612741,0021900823,Jump Shot,1,0,Left Corner 3
1627853,Ryan Arcidiacono,1610612741,0021900823,Jump Shot,1,0,Left Corner 3
203897,Zach LaVine,1610612741,0021900823,Driving Layup Shot,1,1,Restricted Area
203897,Zach LaVine,1610612741,0021900823,Fadeaway Jump Shot,1,0,Mid-Range
203107,Tomas Satoransky,1610612741,0021900823,Running Layup Shot,1,1,Restricted Area
203897,Zach LaVine,1610612741,0021900823,Driving Reverse Layup Shot,1,1,Restricted Area
201152,Thaddeus Young,1610612741,0021900823,Step Back Jump shot,1,0,Mid-Range
1629655,Daniel Gafford,1610612741,0021900823,Cutting Dunk Shot,1,1,Restricted Area
201152,Thaddeus Young,1610612741,0021900823,Jump Shot,1,0,Right Corner 3
203897,Zach LaVine,1610612741,0021900823,Driving Dunk Shot,1,1,Restricted Area
203897,Zach LaVine,1610612741,0021900823,Jump Shot,1,0,Left Corner 3
1627885,Shaquille Harrison,1610612741,0021900823,Cutting Layup Shot,1,1,Restricted Area
203107,Tomas Satoransky,1610612741,0021900823,Step Back Jump shot,1,1,Mid-Range
203897,Zach LaVine,1610612741,0021900823,Driving Layup Shot,1,0,Restricted Area
203107,Tomas Satoransky,1610612741,0021900823,Jump Shot,1,0,Above the Break 3
1627885,Shaquille Harrison,1610612741,0021900823,Jump Shot,1,0,Above the Break 3
1627885,Shaquille Harrison,1610612741,0021900823,Driving Layup Shot,1,0,Restricted Area
1627885,Shaquille Harrison,1610612741,0021900823,Running Layup Shot,1,1,Restricted Area
1629632,Coby White,1610612741,0021900823,Jump Shot,1,0,Above the Break 3
1629632,Coby White,1610612741,0021900823,Jump Shot,1,0,Above the Break 3
1627853,Ryan Arcidiacono,1610612741,0021900823,Pullup Jump shot,1,0,Mid-Range
1629632,Coby White,1610612741,0021900823,Driving Layup Shot,1,0,Restricted Area
1626245,Cristiano Felicio,1610612741,0021900823,Tip Dunk Shot,1,1,Restricted Area
1629632,Coby White,1610612741,0021900823,Pullup Jump shot,1,0,Above the Break 3
1627885,Shaquille Harrison,1610612741,0021900823,Driving Layup Shot,1,0,Restricted Area
201152,Thaddeus Young,1610612741,0021900823,Tip Layup Shot,1,1,Restricted Area
201152,Thaddeus Young,1610612741,0021900823,Driving Layup Shot,1,0,Restricted Area
201152,Thaddeus Young,1610612741,0021900823,Layup Shot,1,0,Restricted Area
1627885,Shaquille Harrison,1610612741,0021900823,Putback Layup Shot,1,1,Restricted Area
1627885,Shaquille Harrison,1610612741,0021900823,Running Dunk Shot,1,1,Restricted Area
201152,Thaddeus Young,1610612741,0021900823,Layup Shot,1,1,Restricted Area
1626245,Cristiano Felicio,1610612741,0021900823,Jump Shot,1,0,Mid-Range
1627885,Shaquille Harrison,1610612741,0021900823,Pullup Jump shot,1,0,Above the Break 3
203897,Zach LaVine,1610612741,0021900823,Jump Shot,1,0,Above the Break 3
1628436,Luke Kornet,1610612741,0021900823,Jump Shot,1,0,Above the Break 3
203897,Zach LaVine,1610612741,0021900823,Step Back Jump shot,1,0,Above the Break 3
1629655,Daniel Gafford,1610612741,0021900823,Layup Shot,1,0,Restricted Area
1628436,Luke Kornet,1610612741,0021900823,Driving Floating Jump Shot,1,1,Mid-Range
203107,Tomas Satoransky,1610612741,0021900823,Driving Layup Shot,1,0,Restricted Area
1629632,Coby White,1610612741,0021900823,Driving Floating Jump Shot,1,0,In The Paint (Non-RA)
201152,Thaddeus Young,1610612741,0021900823,Turnaround Fadeaway shot,1,1,Mid-Range
1628436,Luke Kornet,1610612741,0021900823,Jump Shot,1,0,Above the Break 3
201152,Thaddeus Young,1610612741,0021900823,Hook Shot,1,1,Restricted Area
1629632,Coby White,1610612741,0021900823,Jump Shot,1,0,Left Corner 3
203897,Zach LaVine,1610612741,0021900823,Driving Layup Shot,1,0,Restricted Area
203897,Zach LaVine,1610612741,0021900823,Step Back Jump shot,1,0,Mid-Range
203897,Zach LaVine,1610612741,0021900823,Driving Layup Shot,1,0,Restricted Area
201152,Thaddeus Young,1610612741,0021900823,Tip Dunk Shot,1,1,Restricted Area
1629632,Coby White,1610612741,0021900823,Driving Finger Roll Layup Shot,1,1,Restricted Area
201152,Thaddeus Young,1610612741,0021900823,Layup Shot,1,0,Restricted Area
1627853,Ryan Arcidiacono,1610612741,0021900823,Pullup Jump shot,1,0,Above the Break 3
203897,Zach LaVine,1610612741,0021900823,Cutting Dunk Shot,1,1,Restricted Area
1627853,Ryan Arcidiacono,1610612741,0021900823,Jump Shot,1,0,Right Corner 3
201152,Thaddeus Young,1610612741,0021900823,Layup Shot,1,0,Restricted Area
203897,Zach LaVine,1610612741,0021900823,Jump Shot,1,1,Left Corner 3
203897,Zach LaVine,1610612741,0021900823,Driving Layup Shot,1,1,Restricted Area
203897,Zach LaVine,1610612741,0021900823,Driving Layup Shot,1,0,Restricted Area
1627853,Ryan Arcidiacono,1610612741,0021900823,Jump Shot,1,1,Right Corner 3
203107,Tomas Satoransky,1610612741,0021900823,Jump Shot,1,1,Left Corner 3
1629632,Coby White,1610612741,0021900823,Jump Shot,1,0,Mid-Range
201152,Thaddeus Young,1610612741,0021900823,Jump Shot,1,1,Above the Break 3
201152,Thaddeus Young,1610612741,0021900823,Cutting Dunk Shot,1,1,Restricted Area
203107,Tomas Satoransky,1610612741,0021900823,Driving Floating Jump Shot,1,0,Restricted Area
203107,Tomas Satoransky,1610612741,0021900823,Jump Shot,1,0,Above the Break 3
201152,Thaddeus Young,1610612741,0021900823,Jump Shot,1,1,Left Corner 3
1629632,Coby White,1610612741,0021900823,Driving Layup Shot,1,1,Restricted Area
203897,Zach LaVine,1610612741,0021900823,Jump Shot,1,0,Above the Break 3
1629632,Coby White,1610612741,0021900823,Running Jump Shot,1,0,Above the Break 3
1628436,Luke Kornet,1610612741,0021900823,Jump Shot,1,1,Left Corner 3
1627885,Shaquille Harrison,1610612741,0021900823,Driving Floating Bank Jump Shot,1,1,In The Paint (Non-RA)
203897,Zach LaVine,1610612741,0021900823,Jump Shot,1,0,Above the Break 3
1627885,Shaquille Harrison,1610612741,0021900823,Jump Shot,1,0,Above the Break 3
1627885,Shaquille Harrison,1610612741,0021900823,Fadeaway Jump Shot,1,1,In The Paint (Non-RA)
1629655,Daniel Gafford,1610612741,0021900823,Dunk Shot,1,1,Restricted Area
1627885,Shaquille Harrison,1610612741,0021900823,Driving Reverse Layup Shot,1,0,Restricted Area
203897,Zach LaVine,1610612741,0021900823,Fadeaway Jump Shot,1,1,Mid-Range
203897,Zach LaVine,1610612741,0021900823,Fadeaway Jump Shot,1,0,In The Paint (Non-RA)
203107,Tomas Satoransky,1610612741,0021900823,Jump Shot,1,1,Above the Break 3
201152,Thaddeus Young,1610612741,0021900823,Driving Reverse Layup Shot,1,1,Restricted Area
203107,Tomas Satoransky,1610612741,0021900823,Jump Shot,1,0,Left Corner 3
201152,Thaddeus Young,1610612741,0021900823,Driving Layup Shot,1,0,Restricted Area
201152,Thaddeus Young,1610612741,0021900823,Putback Layup Shot,1,1,Restricted Area
203897,Zach LaVine,1610612741,0021900823,Driving Layup Shot,1,0,Restricted Area
1629632,Coby White,1610612741,0021900823,Driving Finger Roll Layup Shot,1,1,Restricted Area
203897,Zach LaVine,1610612741,0021900823,Driving Layup Shot,1,1,Restricted Area
203897,Zach LaVine,1610612741,0021900823,Jump Shot,1,0,Left Corner 3
203107,Tomas Satoransky,1610612741,0021900839,Jump Shot,1,0,Left Corner 3
203897,Zach LaVine,1610612741,0021900839,Jump Shot,1,1,Above the Break 3
1627853,Ryan Arcidiacono,1610612741,0021900839,Driving Layup Shot,1,1,Restricted Area
203107,Tomas Satoransky,1610612741,0021900839,Driving Layup Shot,1,0,Restricted Area
203897,Zach LaVine,1610612741,0021900839,Jump Shot,1,0,Above the Break 3
201152,Thaddeus Young,1610612741,0021900839,Jump Shot,1,1,Left Corner 3
203897,Zach LaVine,1610612741,0021900839,Driving Layup Shot,1,0,Restricted Area
203897,Zach LaVine,1610612741,0021900839,Driving Layup Shot,1,0,Restricted Area
201152,Thaddeus Young,1610612741,0021900839,Driving Layup Shot,1,0,Restricted Area
201152,Thaddeus Young,1610612741,0021900839,Jump Shot,1,0,Left Corner 3
203897,Zach LaVine,1610612741,0021900839,Cutting Dunk Shot,1,1,Restricted Area
203107,Tomas Satoransky,1610612741,0021900839,Driving Floating Jump Shot,1,0,In The Paint (Non-RA)
203107,Tomas Satoransky,1610612741,0021900839,Driving Layup Shot,1,0,Restricted Area
1629632,Coby White,1610612741,0021900839,Jump Shot,1,1,Right Corner 3
203897,Zach LaVine,1610612741,0021900839,Driving Layup Shot,1,1,Restricted Area
1629632,Coby White,1610612741,0021900839,Running Layup Shot,1,1,Restricted Area
1629632,Coby White,1610612741,0021900839,Turnaround Jump Shot,1,0,In The Paint (Non-RA)
1629632,Coby White,1610612741,0021900839,Cutting Layup Shot,1,1,Restricted Area
1629632,Coby White,1610612741,0021900839,Jump Shot,1,0,Above the Break 3
1627885,Shaquille Harrison,1610612741,0021900839,Pullup Jump shot,1,0,Above the Break 3
1629690,Adam Mokoka,1610612741,0021900839,Driving Layup Shot,1,0,Restricted Area
1627853,Ryan Arcidiacono,1610612741,0021900839,Jump Shot,1,1,Above the Break 3
1627853,Ryan Arcidiacono,1610612741,0021900839,Jump Shot,1,0,Above the Break 3
1629632,Coby White,1610612741,0021900839,Running Layup Shot,1,0,Restricted Area
1629655,Daniel Gafford,1610612741,0021900839,Tip Dunk Shot,1,1,Restricted Area
1629632,Coby White,1610612741,0021900839,Driving Layup Shot,1,1,Restricted Area
1629632,Coby White,1610612741,0021900839,Jump Shot,1,0,Above the Break 3
203897,Zach LaVine,1610612741,0021900839,Pullup Jump shot,1,1,Mid-Range
203897,Zach LaVine,1610612741,0021900839,Step Back Jump shot,1,0,Right Corner 3
1627853,Ryan Arcidiacono,1610612741,0021900839,Jump Shot,1,0,Right Corner 3
201152,Thaddeus Young,1610612741,0021900839,Jump Shot,1,0,Above the Break 3
1626245,Cristiano Felicio,1610612741,0021900839,Putback Layup Shot,1,1,Restricted Area
1627853,Ryan Arcidiacono,1610612741,0021900839,Jump Shot,1,0,Above the Break 3
201152,Thaddeus Young,1610612741,0021900839,Putback Layup Shot,1,0,Restricted Area
1627853,Ryan Arcidiacono,1610612741,0021900839,Jump Shot,1,1,Right Corner 3
201152,Thaddeus Young,1610612741,0021900839,Driving Layup Shot,1,0,Restricted Area
203897,Zach LaVine,1610612741,0021900839,Jump Shot,1,0,Above the Break 3
203897,Zach LaVine,1610612741,0021900839,Jump Shot,1,0,Mid-Range
1629632,Coby White,1610612741,0021900839,Jump Shot,1,0,Above the Break 3
201152,Thaddeus Young,1610612741,0021900839,Tip Layup Shot,1,1,Restricted Area
1629632,Coby White,1610612741,0021900839,Jump Shot,1,1,Right Corner 3
201152,Thaddeus Young,1610612741,0021900839,Jump Shot,1,1,Left Corner 3
1629632,Coby White,1610612741,0021900839,Driving Layup Shot,1,0,Restricted Area
1629655,Daniel Gafford,1610612741,0021900839,Tip Dunk Shot,1,1,Restricted Area
203107,Tomas Satoransky,1610612741,0021900839,Driving Floating Jump Shot,1,0,In The Paint (Non-RA)
1629632,Coby White,1610612741,0021900839,Jump Shot,1,0,Left Corner 3
203897,Zach LaVine,1610612741,0021900839,Running Pull-Up Jump Shot,1,1,Above the Break 3
1627853,Ryan Arcidiacono,1610612741,0021900839,Driving Layup Shot,1,0,Restricted Area
203897,Zach LaVine,1610612741,0021900839,Jump Shot,1,0,Above the Break 3
203107,Tomas Satoransky,1610612741,0021900839,Fadeaway Jump Shot,1,0,Mid-Range
201152,Thaddeus Young,1610612741,0021900839,Driving Floating Jump Shot,1,0,In The Paint (Non-RA)
203107,Tomas Satoransky,1610612741,0021900839,Jump Shot,1,0,Right Corner 3
1627853,Ryan Arcidiacono,1610612741,0021900839,Jump Shot,1,0,Left Corner 3
201152,Thaddeus Young,1610612741,0021900839,Jump Shot,1,1,Left Corner 3
1629632,Coby White,1610612741,0021900839,Driving Layup Shot,1,0,Restricted Area
203897,Zach LaVine,1610612741,0021900839,Driving Layup Shot,1,0,In The Paint (Non-RA)
201152,Thaddeus Young,1610612741,0021900839,Cutting Dunk Shot,1,1,Restricted Area
1626245,Cristiano Felicio,1610612741,0021900839,Cutting Layup Shot,1,1,Restricted Area
203897,Zach LaVine,1610612741,0021900839,Layup Shot,1,0,Restricted Area
203897,Zach LaVine,1610612741,0021900839,Jump Shot,1,0,Above the Break 3
1629632,Coby White,1610612741,0021900839,Jump Shot,1,1,Above the Break 3
1629632,Coby White,1610612741,0021900839,Jump Shot,1,1,Above the Break 3
1627885,Shaquille Harrison,1610612741,0021900839,Jump Shot,1,0,Above the Break 3
1629632,Coby White,1610612741,0021900839,Jump Shot,1,1,Above the Break 3
1626245,Cristiano Felicio,1610612741,0021900839,Cutting Dunk Shot,1,1,Restricted Area
1629632,Coby White,1610612741,0021900839,Jump Shot,1,0,Above the Break 3
1627853,Ryan Arcidiacono,1610612741,0021900839,Pullup Jump shot,1,1,In The Paint (Non-RA)
1629632,Coby White,1610612741,0021900839,Running Layup Shot,1,1,Restricted Area
1629632,Coby White,1610612741,0021900839,Pullup Jump shot,1,1,Above the Break 3
1627885,Shaquille Harrison,1610612741,0021900839,Driving Layup Shot,1,1,Restricted Area
1629632,Coby White,1610612741,0021900839,Jump Shot,1,1,Above the Break 3
1627885,Shaquille Harrison,1610612741,0021900839,Driving Reverse Layup Shot,1,1,Restricted Area
1629632,Coby White,1610612741,0021900839,Driving Layup Shot,1,0,Restricted Area
1627853,Ryan Arcidiacono,1610612741,0021900839,Jump Shot,1,0,Above the Break 3
203107,Tomas Satoransky,1610612741,0021900839,Putback Layup Shot,1,0,Restricted Area
1629690,Adam Mokoka,1610612741,0021900839,Tip Layup Shot,1,1,Restricted Area
1627853,Ryan Arcidiacono,1610612741,0021900839,Jump Shot,1,0,Above the Break 3
203897,Zach LaVine,1610612741,0021900839,Driving Dunk Shot,1,1,Restricted Area
203897,Zach LaVine,1610612741,0021900839,Pullup Jump shot,1,0,Above the Break 3
203897,Zach LaVine,1610612741,0021900839,Driving Layup Shot,1,0,Restricted Area
203897,Zach LaVine,1610612741,0021900839,Driving Layup Shot,1,1,Restricted Area
1629632,Coby White,1610612741,0021900839,Jump Shot,1,0,Above the Break 3
203897,Zach LaVine,1610612741,0021900839,Running Dunk Shot,1,1,Restricted Area
1629655,Daniel Gafford,1610612741,0021900845,Alley Oop Dunk Shot,1,0,Restricted Area
203897,Zach LaVine,1610612741,0021900845,Driving Layup Shot,1,0,Restricted Area
1629655,Daniel Gafford,1610612741,0021900845,Putback Layup Shot,1,1,Restricted Area
1627853,Ryan Arcidiacono,1610612741,0021900845,Jump Shot,1,0,Above the Break 3
1627853,Ryan Arcidiacono,1610612741,0021900845,Jump Shot,1,0,Left Corner 3
203897,Zach LaVine,1610612741,0021900845,Jump Shot,1,1,Above the Break 3
203897,Zach LaVine,1610612741,0021900845,Jump Shot,1,0,Above the Break 3
201152,Thaddeus Young,1610612741,0021900845,Jump Shot,1,1,Above the Break 3
201152,Thaddeus Young,1610612741,0021900845,Jump Shot,1,1,Above the Break 3
1629632,Coby White,1610612741,0021900845,Running Layup Shot,1,1,Restricted Area
203897,Zach LaVine,1610612741,0021900845,Driving Layup Shot,1,1,Restricted Area
1629632,Coby White,1610612741,0021900845,Jump Shot,1,0,Above the Break 3
201152,Thaddeus Young,1610612741,0021900845,Jump Shot,1,1,Above the Break 3
1627853,Ryan Arcidiacono,1610612741,0021900845,Jump Shot,1,0,Above the Break 3
201152,Thaddeus Young,1610612741,0021900845,Driving Layup Shot,1,0,Restricted Area
1626245,Cristiano Felicio,1610612741,0021900845,Driving Layup Shot,1,0,Restricted Area
1629632,Coby White,1610612741,0021900845,Jump Shot,1,1,Above the Break 3
1629632,Coby White,1610612741,0021900845,Fadeaway Jump Shot,1,1,In The Paint (Non-RA)
1629632,Coby White,1610612741,0021900845,Jump Shot,1,1,Mid-Range
1629632,Coby White,1610612741,0021900845,Jump Shot,1,1,Above the Break 3
1629632,Coby White,1610612741,0021900845,Jump Shot,1,0,Above the Break 3
1627885,Shaquille Harrison,1610612741,0021900845,Tip Layup Shot,1,0,Restricted Area
1627885,Shaquille Harrison,1610612741,0021900845,Floating Jump shot,1,0,Restricted Area
1626245,Cristiano Felicio,1610612741,0021900845,Putback Layup Shot,1,1,Restricted Area
1629632,Coby White,1610612741,0021900845,Running Pull-Up Jump Shot,1,1,Above the Break 3
1629655,Daniel Gafford,1610612741,0021900845,Layup Shot,1,1,Restricted Area
203107,Tomas Satoransky,1610612741,0021900845,Driving Floating Jump Shot,1,1,Mid-Range
203107,Tomas Satoransky,1610612741,0021900845,Driving Layup Shot,1,0,Restricted Area
1629655,Daniel Gafford,1610612741,0021900845,Layup Shot,1,1,Restricted Area
203107,Tomas Satoransky,1610612741,0021900845,Jump Shot,1,0,Above the Break 3
203897,Zach LaVine,1610612741,0021900845,Jump Shot,1,1,Above the Break 3
203897,Zach LaVine,1610612741,0021900845,Jump Shot,1,1,Above the Break 3
203897,Zach LaVine,1610612741,0021900845,Cutting Layup Shot,1,1,Restricted Area
203107,Tomas Satoransky,1610612741,0021900845,Cutting Dunk Shot,1,1,Restricted Area
203897,Zach LaVine,1610612741,0021900845,Jump Shot,1,0,Above the Break 3
201152,Thaddeus Young,1610612741,0021900845,Driving Layup Shot,1,1,Restricted Area
203897,Zach LaVine,1610612741,0021900845,Pullup Jump shot,1,0,Above the Break 3
1629632,Coby White,1610612741,0021900845,Driving Finger Roll Layup Shot,1,0,Restricted Area
203107,Tomas Satoransky,1610612741,0021900845,Driving Finger Roll Layup Shot,1,0,Restricted Area
1629632,Coby White,1610612741,0021900845,Jump Shot,1,1,Left Corner 3
1629632,Coby White,1610612741,0021900845,Step Back Jump shot,1,1,Mid-Range
1627853,Ryan Arcidiacono,1610612741,0021900845,Jump Shot,1,1,Above the Break 3
1627853,Ryan Arcidiacono,1610612741,0021900845,Layup Shot,1,0,In The Paint (Non-RA)
1629632,Coby White,1610612741,0021900845,Jump Shot,1,1,Left Corner 3
203107,Tomas Satoransky,1610612741,0021900845,Cutting Layup Shot,1,1,Restricted Area
203897,Zach LaVine,1610612741,0021900845,Running Jump Shot,1,0,Backcourt
203897,Zach LaVine,1610612741,0021900845,Jump Shot,1,1,Above the Break 3
203897,Zach LaVine,1610612741,0021900845,Jump Shot,1,1,Above the Break 3
201152,Thaddeus Young,1610612741,0021900845,Jump Shot,1,1,Left Corner 3
203897,Zach LaVine,1610612741,0021900845,Step Back Jump shot,1,0,Above the Break 3
201152,Thaddeus Young,1610612741,0021900845,Driving Layup Shot,1,1,In The Paint (Non-RA)
201152,Thaddeus Young,1610612741,0021900845,Step Back Jump shot,1,0,Mid-Range
203897,Zach LaVine,1610612741,0021900845,Driving Layup Shot,1,0,Restricted Area
203897,Zach LaVine,1610612741,0021900845,Fadeaway Jump Shot,1,0,Mid-Range
1629632,Coby White,1610612741,0021900845,Step Back Jump shot,1,1,Mid-Range
1629632,Coby White,1610612741,0021900845,Driving Layup Shot,1,0,Restricted Area
1626245,Cristiano Felicio,1610612741,0021900845,Driving Layup Shot,1,1,Restricted Area
201152,Thaddeus Young,1610612741,0021900845,Jump Shot,1,1,Left Corner 3
1629632,Coby White,1610612741,0021900845,Floating Jump shot,1,0,Mid-Range
201152,Thaddeus Young,1610612741,0021900845,Driving Floating Jump Shot,1,0,In The Paint (Non-RA)
201152,Thaddeus Young,1610612741,0021900845,Jump Shot,1,0,Above the Break 3
203107,Tomas Satoransky,1610612741,0021900845,Pullup Jump shot,1,1,In The Paint (Non-RA)
1629632,Coby White,1610612741,0021900845,Jump Shot,1,0,Above the Break 3
1629690,Adam Mokoka,1610612741,0021900845,Jump Shot,1,0,Left Corner 3
203107,Tomas Satoransky,1610612741,0021900845,Jump Shot,1,0,Above the Break 3
1629632,Coby White,1610612741,0021900845,Driving Layup Shot,1,1,Restricted Area
1629632,Coby White,1610612741,0021900845,Pullup Jump shot,1,0,Above the Break 3
203107,Tomas Satoransky,1610612741,0021900845,Floating Jump shot,1,1,In The Paint (Non-RA)
1629690,Adam Mokoka,1610612741,0021900845,Jump Shot,1,0,Right Corner 3
201152,Thaddeus Young,1610612741,0021900845,Turnaround Hook Shot,1,0,In The Paint (Non-RA)
1627885,Shaquille Harrison,1610612741,0021900845,Tip Layup Shot,1,1,Restricted Area
203897,Zach LaVine,1610612741,0021900845,Driving Layup Shot,1,1,Restricted Area
1629655,Daniel Gafford,1610612741,0021900845,Cutting Dunk Shot,1,1,Restricted Area
203107,Tomas Satoransky,1610612741,0021900845,Jump Shot,1,1,Above the Break 3
203897,Zach LaVine,1610612741,0021900845,Driving Dunk Shot,1,1,Restricted Area
203897,Zach LaVine,1610612741,0021900845,Running Dunk Shot,1,1,Restricted Area
201152,Thaddeus Young,1610612741,0021900845,Jump Shot,1,0,Above the Break 3
201152,Thaddeus Young,1610612741,0021900845,Driving Dunk Shot,1,1,Restricted Area
203897,Zach LaVine,1610612741,0021900845,Jump Shot,1,1,Above the Break 3
1629655,Daniel Gafford,1610612741,0021900845,Cutting Dunk Shot,1,1,Restricted Area
203897,Zach LaVine,1610612741,0021900845,Pullup Jump shot,1,0,Above the Break 3
203897,Zach LaVine,1610612741,0021900859,Step Back Jump shot,1,1,Mid-Range
203897,Zach LaVine,1610612741,0021900859,Jump Shot,1,0,Above the Break 3
201152,Thaddeus Young,1610612741,0021900859,Turnaround Hook Shot,1,0,In The Paint (Non-RA)
201152,Thaddeus Young,1610612741,0021900859,Floating Jump shot,1,0,In The Paint (Non-RA)
203897,Zach LaVine,1610612741,0021900859,Driving Layup Shot,1,0,Restricted Area
203897,Zach LaVine,1610612741,0021900859,Jump Shot,1,0,Above the Break 3
203107,Tomas Satoransky,1610612741,0021900859,Pullup Jump shot,1,1,Mid-Range
203107,Tomas Satoransky,1610612741,0021900859,Jump Shot,1,0,Above the Break 3
203107,Tomas Satoransky,1610612741,0021900859,Pullup Jump shot,1,1,In The Paint (Non-RA)
203897,Zach LaVine,1610612741,0021900859,Jump Shot,1,0,Mid-Range
203897,Zach LaVine,1610612741,0021900859,Layup Shot,1,0,Restricted Area
203897,Zach LaVine,1610612741,0021900859,Putback Layup Shot,1,1,Restricted Area
1626245,Cristiano Felicio,1610612741,0021900859,Cutting Layup Shot,1,1,Restricted Area
1629690,Adam Mokoka,1610612741,0021900859,Jump Shot,1,1,Above the Break 3
1627885,Shaquille Harrison,1610612741,0021900859,Driving Floating Jump Shot,1,1,Restricted Area
203897,Zach LaVine,1610612741,0021900859,Driving Layup Shot,1,1,Restricted Area
1629632,Coby White,1610612741,0021900859,Running Layup Shot,1,1,Restricted Area
1629632,Coby White,1610612741,0021900859,Driving Floating Jump Shot,1,0,In The Paint (Non-RA)
1629632,Coby White,1610612741,0021900859,Jump Shot,1,1,Above the Break 3
1629632,Coby White,1610612741,0021900859,Pullup Jump shot,1,1,Mid-Range
1627853,Ryan Arcidiacono,1610612741,0021900859,Cutting Layup Shot,1,1,Restricted Area
1629632,Coby White,1610612741,0021900859,Pullup Jump shot,1,1,Mid-Range
1629632,Coby White,1610612741,0021900859,Pullup Jump shot,1,0,Above the Break 3
1627885,Shaquille Harrison,1610612741,0021900859,Jump Shot,1,0,Left Corner 3
1627885,Shaquille Harrison,1610612741,0021900859,Driving Layup Shot,1,1,Restricted Area
1627885,Shaquille Harrison,1610612741,0021900859,Driving Layup Shot,1,0,Restricted Area
1626245,Cristiano Felicio,1610612741,0021900859,Cutting Layup Shot,1,1,Restricted Area
1629632,Coby White,1610612741,0021900859,Jump Shot,1,0,Mid-Range
203107,Tomas Satoransky,1610612741,0021900859,Driving Layup Shot,1,0,Restricted Area
1627885,Shaquille Harrison,1610612741,0021900859,Cutting Layup Shot,1,1,Restricted Area
201152,Thaddeus Young,1610612741,0021900859,Jump Shot,1,0,Above the Break 3
201152,Thaddeus Young,1610612741,0021900859,Turnaround Hook Shot,1,0,In The Paint (Non-RA)
201152,Thaddeus Young,1610612741,0021900859,Jump Shot,1,1,Above the Break 3
203107,Tomas Satoransky,1610612741,0021900859,Jump Shot,1,0,Right Corner 3
1627885,Shaquille Harrison,1610612741,0021900859,Jump Shot,1,0,Left Corner 3
1626245,Cristiano Felicio,1610612741,0021900859,Putback Layup Shot,1,1,Restricted Area
203897,Zach LaVine,1610612741,0021900859,Jump Shot,1,0,Above the Break 3
1629632,Coby White,1610612741,0021900859,Jump Shot,1,1,Above the Break 3
203897,Zach LaVine,1610612741,0021900859,Driving Layup Shot,1,1,Restricted Area
203897,Zach LaVine,1610612741,0021900859,Running Dunk Shot,1,1,Restricted Area
203897,Zach LaVine,1610612741,0021900859,Driving Layup Shot,1,1,Restricted Area
203897,Zach LaVine,1610612741,0021900859,Jump Shot,1,0,Above the Break 3
1629632,Coby White,1610612741,0021900859,Layup Shot,1,1,Restricted Area
203897,Zach LaVine,1610612741,0021900859,Driving Layup Shot,1,1,Restricted Area
203897,Zach LaVine,1610612741,0021900859,Jump Shot,1,0,Above the Break 3
1627853,Ryan Arcidiacono,1610612741,0021900859,Jump Shot,1,0,Above the Break 3
203107,Tomas Satoransky,1610612741,0021900859,Driving Reverse Layup Shot,1,0,Restricted Area
203897,Zach LaVine,1610612741,0021900859,Driving Reverse Layup Shot,1,1,Restricted Area
203107,Tomas Satoransky,1610612741,0021900859,Driving Dunk Shot,1,1,Restricted Area
203107,Tomas Satoransky,1610612741,0021900859,Driving Floating Jump Shot,1,0,In The Paint (Non-RA)
203107,Tomas Satoransky,1610612741,0021900859,Putback Layup Shot,1,1,Restricted Area
201152,Thaddeus Young,1610612741,0021900859,Driving Layup Shot,1,0,Restricted Area
201152,Thaddeus Young,1610612741,0021900859,Putback Layup Shot,1,1,Restricted Area
203897,Zach LaVine,1610612741,0021900859,Jump Shot,1,0,Above the Break 3
203897,Zach LaVine,1610612741,0021900859,Driving Reverse Dunk Shot,1,1,Restricted Area
203897,Zach LaVine,1610612741,0021900859,Pullup Jump shot,1,0,Mid-Range
203897,Zach LaVine,1610612741,0021900859,Turnaround Jump Shot,1,1,Mid-Range
1626245,Cristiano Felicio,1610612741,0021900859,Jump Shot,1,0,Mid-Range
1629632,Coby White,1610612741,0021900859,Step Back Jump shot,1,1,Above the Break 3
1629632,Coby White,1610612741,0021900859,Driving Layup Shot,1,0,Restricted Area
203897,Zach LaVine,1610612741,0021900859,Fadeaway Jump Shot,1,1,Mid-Range
203897,Zach LaVine,1610612741,0021900859,Step Back Jump shot,1,1,Mid-Range
1629655,Daniel Gafford,1610612741,0021900859,Hook Shot,1,1,Restricted Area
203897,Zach LaVine,1610612741,0021900859,Pullup Jump shot,1,1,Mid-Range
1629632,Coby White,1610612741,0021900859,Jump Shot,1,1,Above the Break 3
1629632,Coby White,1610612741,0021900859,Running Jump Shot,1,1,Above the Break 3
1629632,Coby White,1610612741,0021900859,Jump Shot,1,0,Above the Break 3
203897,Zach LaVine,1610612741,0021900859,Putback Layup Shot,1,1,Restricted Area
1629632,Coby White,1610612741,0021900859,Jump Shot,1,0,Mid-Range
203897,Zach LaVine,1610612741,0021900859,Driving Layup Shot,1,1,Restricted Area
203897,Zach LaVine,1610612741,0021900859,Pullup Jump shot,1,1,Above the Break 3
1627853,Ryan Arcidiacono,1610612741,0021900859,Pullup Jump shot,1,0,Mid-Range
1626245,Cristiano Felicio,1610612741,0021900859,Jump Shot,1,0,Restricted Area
1629632,Coby White,1610612741,0021900859,Jump Shot,1,1,Mid-Range
1629632,Coby White,1610612741,0021900859,Jump Shot,1,1,Mid-Range
1629632,Coby White,1610612741,0021900859,Jump Shot,1,0,Above the Break 3
1627885,Shaquille Harrison,1610612741,0021900859,Floating Jump shot,1,1,In The Paint (Non-RA)
203897,Zach LaVine,1610612741,0021900859,Fadeaway Jump Shot,1,0,Mid-Range
203897,Zach LaVine,1610612741,0021900859,Jump Shot,1,0,Left Corner 3
1627885,Shaquille Harrison,1610612741,0021900859,Driving Layup Shot,1,0,Restricted Area
1627885,Shaquille Harrison,1610612741,0021900859,Driving Layup Shot,1,1,Restricted Area
1629655,Daniel Gafford,1610612741,0021900859,Cutting Dunk Shot,1,1,Restricted Area
203107,Tomas Satoransky,1610612741,0021900859,Floating Jump shot,1,0,In The Paint (Non-RA)
1629632,Coby White,1610612741,0021900859,Pullup Jump shot,1,1,Above the Break 3
203897,Zach LaVine,1610612741,0021900859,Fadeaway Jump Shot,1,0,Right Corner 3
1626245,Cristiano Felicio,1610612741,0021900859,Driving Layup Shot,1,0,Restricted Area
203897,Zach LaVine,1610612741,0021900859,Driving Layup Shot,1,0,Restricted Area
201152,Thaddeus Young,1610612741,0021900859,Jump Shot,1,1,Above the Break 3
203897,Zach LaVine,1610612741,0021900859,Pullup Jump shot,1,1,Mid-Range
1629632,Coby White,1610612741,0021900859,Driving Layup Shot,1,1,Restricted Area
1629632,Coby White,1610612741,0021900859,Driving Layup Shot,1,0,Restricted Area
1629655,Daniel Gafford,1610612741,0021900859,Putback Layup Shot,1,0,Restricted Area
203897,Zach LaVine,1610612741,0021900859,Step Back Jump shot,1,1,Above the Break 3
203897,Zach LaVine,1610612741,0021900859,Jump Shot,1,1,Above the Break 3
203897,Zach LaVine,1610612741,0021900859,Jump Shot,1,0,Above the Break 3
1629655,Daniel Gafford,1610612741,0021900859,Putback Layup Shot,1,1,Restricted Area
203897,Zach LaVine,1610612741,0021900859,Pullup Jump shot,1,0,Above the Break 3
1628976,Wendell Carter Jr.,1610612741,0021900887,Turnaround Hook Shot,1,0,In The Paint (Non-RA)
203107,Tomas Satoransky,1610612741,0021900887,Pullup Jump shot,1,1,Mid-Range
1628976,Wendell Carter Jr.,1610612741,0021900887,Pullup Jump shot,1,0,In The Paint (Non-RA)
203107,Tomas Satoransky,1610612741,0021900887,Fadeaway Jump Shot,1,0,In The Paint (Non-RA)
203897,Zach LaVine,1610612741,0021900887,Pullup Jump shot,1,0,Mid-Range
201152,Thaddeus Young,1610612741,0021900887,Turnaround Hook Shot,1,0,In The Paint (Non-RA)
1628976,Wendell Carter Jr.,1610612741,0021900887,Jump Shot,1,0,Mid-Range
201152,Thaddeus Young,1610612741,0021900887,Jump Shot,1,1,Left Corner 3
203897,Zach LaVine,1610612741,0021900887,Driving Dunk Shot,1,1,Restricted Area
1629655,Daniel Gafford,1610612741,0021900887,Floating Jump shot,1,1,In The Paint (Non-RA)
203897,Zach LaVine,1610612741,0021900887,Driving Layup Shot,1,0,In The Paint (Non-RA)
201152,Thaddeus Young,1610612741,0021900887,Jump Shot,1,0,Above the Break 3
203897,Zach LaVine,1610612741,0021900887,Running Layup Shot,1,0,Restricted Area
1627885,Shaquille Harrison,1610612741,0021900887,Putback Layup Shot,1,1,Restricted Area
203107,Tomas Satoransky,1610612741,0021900887,Jump Shot,1,0,Above the Break 3
203107,Tomas Satoransky,1610612741,0021900887,Running Layup Shot,1,1,Restricted Area
201152,Thaddeus Young,1610612741,0021900887,Driving Hook Shot,1,1,In The Paint (Non-RA)
201152,Thaddeus Young,1610612741,0021900887,Jump Shot,1,0,Mid-Range
203897,Zach LaVine,1610612741,0021900887,Turnaround Fadeaway shot,1,1,Mid-Range
201152,Thaddeus Young,1610612741,0021900887,Driving Layup Shot,1,1,Restricted Area
1629632,Coby White,1610612741,0021900887,Pullup Jump shot,1,0,Mid-Range
1628976,Wendell Carter Jr.,1610612741,0021900887,Pullup Jump shot,1,1,Mid-Range
1627756,Denzel Valentine,1610612741,0021900887,Jump Shot,1,0,Above the Break 3
1629632,Coby White,1610612741,0021900887,Jump Shot,1,1,Mid-Range
1627756,Denzel Valentine,1610612741,0021900887,Jump Shot,1,0,Above the Break 3
1629632,Coby White,1610612741,0021900887,Jump Shot,1,0,Above the Break 3
1629632,Coby White,1610612741,0021900887,Driving Layup Shot,1,0,Restricted Area
1627853,Ryan Arcidiacono,1610612741,0021900887,Jump Shot,1,1,Above the Break 3
1629632,Coby White,1610612741,0021900887,Jump Shot,1,1,Above the Break 3
1629690,Adam Mokoka,1610612741,0021900887,Jump Shot,1,1,Left Corner 3
1627756,Denzel Valentine,1610612741,0021900887,Driving Finger Roll Layup Shot,1,0,Restricted Area
1627853,Ryan Arcidiacono,1610612741,0021900887,Pullup Jump shot,1,1,In The Paint (Non-RA)
203897,Zach LaVine,1610612741,0021900887,Step Back Jump shot,1,1,Above the Break 3
203897,Zach LaVine,1610612741,0021900887,Step Back Jump shot,1,1,Above the Break 3
203897,Zach LaVine,1610612741,0021900887,Step Back Jump shot,1,0,Mid-Range
1629632,Coby White,1610612741,0021900887,Jump Shot,1,0,Above the Break 3
203897,Zach LaVine,1610612741,0021900887,Step Back Jump shot,1,0,Mid-Range
203897,Zach LaVine,1610612741,0021900887,Driving Layup Shot,1,0,Restricted Area
203107,Tomas Satoransky,1610612741,0021900887,Floating Jump shot,1,0,Mid-Range
201152,Thaddeus Young,1610612741,0021900887,Jump Shot,1,1,Above the Break 3
1629632,Coby White,1610612741,0021900887,Jump Shot,1,0,Above the Break 3
201152,Thaddeus Young,1610612741,0021900887,Jump Shot,1,0,Right Corner 3
203897,Zach LaVine,1610612741,0021900887,Jump Shot,1,0,Above the Break 3
1628976,Wendell Carter Jr.,1610612741,0021900887,Hook Shot,1,0,Restricted Area
1629632,Coby White,1610612741,0021900887,Running Layup Shot,1,0,Restricted Area
203897,Zach LaVine,1610612741,0021900887,Driving Dunk Shot,1,0,Restricted Area
201152,Thaddeus Young,1610612741,0021900887,Jump Shot,1,0,Left Corner 3
203897,Zach LaVine,1610612741,0021900887,Pullup Jump shot,1,1,Above the Break 3
203107,Tomas Satoransky,1610612741,0021900887,Driving Layup Shot,1,0,Restricted Area
203107,Tomas Satoransky,1610612741,0021900887,Jump Shot,1,0,Above the Break 3
1627885,Shaquille Harrison,1610612741,0021900887,Jump Shot,1,1,Left Corner 3
201152,Thaddeus Young,1610612741,0021900887,Jump Shot,1,1,Left Corner 3
203897,Zach LaVine,1610612741,0021900887,Jump Shot,1,0,Above the Break 3
201152,Thaddeus Young,1610612741,0021900887,Running Dunk Shot,1,1,Restricted Area
1629655,Daniel Gafford,1610612741,0021900887,Dunk Shot,1,1,Restricted Area
1629655,Daniel Gafford,1610612741,0021900887,Alley Oop Dunk Shot,1,0,Restricted Area
203897,Zach LaVine,1610612741,0021900887,Cutting Dunk Shot,1,1,Restricted Area
201152,Thaddeus Young,1610612741,0021900887,Jump Shot,1,0,Above the Break 3
1629655,Daniel Gafford,1610612741,0021900887,Alley Oop Dunk Shot,1,1,Restricted Area
203897,Zach LaVine,1610612741,0021900887,Cutting Finger Roll Layup Shot,1,1,Restricted Area
203897,Zach LaVine,1610612741,0021900887,Jump Shot,1,0,Mid-Range
1629632,Coby White,1610612741,0021900887,Jump Shot,1,0,Above the Break 3
1629632,Coby White,1610612741,0021900887,Driving Layup Shot,1,1,Restricted Area
1629632,Coby White,1610612741,0021900887,Driving Layup Shot,1,0,Restricted Area
1627756,Denzel Valentine,1610612741,0021900887,Jump Shot,1,1,Left Corner 3
1627756,Denzel Valentine,1610612741,0021900887,Driving Floating Jump Shot,1,1,In The Paint (Non-RA)
1627756,Denzel Valentine,1610612741,0021900887,Jump Shot,1,1,Above the Break 3
1627756,Denzel Valentine,1610612741,0021900887,Running Jump Shot,1,0,Backcourt
1627756,Denzel Valentine,1610612741,0021900887,Floating Jump shot,1,0,Mid-Range
1629632,Coby White,1610612741,0021900887,Driving Layup Shot,1,0,Restricted Area
1629690,Adam Mokoka,1610612741,0021900887,Driving Layup Shot,1,0,Restricted Area
1626245,Cristiano Felicio,1610612741,0021900887,Putback Layup Shot,1,1,Restricted Area
1629632,Coby White,1610612741,0021900887,Running Layup Shot,1,1,Restricted Area
1629632,Coby White,1610612741,0021900887,Jump Shot,1,1,Above the Break 3
1629690,Adam Mokoka,1610612741,0021900887,Jump Shot,1,1,Above the Break 3
203897,Zach LaVine,1610612741,0021900887,Driving Layup Shot,1,0,Restricted Area
203897,Zach LaVine,1610612741,0021900887,Fadeaway Jump Shot,1,0,Left Corner 3
203897,Zach LaVine,1610612741,0021900887,Step Back Jump shot,1,1,Above the Break 3
1629655,Daniel Gafford,1610612741,0021900887,Alley Oop Dunk Shot,1,1,Restricted Area
1629632,Coby White,1610612741,0021900887,Floating Jump shot,1,0,Mid-Range
203897,Zach LaVine,1610612741,0021900887,Step Back Jump shot,1,0,Above the Break 3
203897,Zach LaVine,1610612741,0021900887,Cutting Dunk Shot,1,1,Restricted Area
203897,Zach LaVine,1610612741,0021900887,Driving Finger Roll Layup Shot,1,0,Restricted Area
1629655,Daniel Gafford,1610612741,0021900887,Tip Dunk Shot,1,1,Restricted Area
203897,Zach LaVine,1610612741,0021900887,Cutting Layup Shot,1,1,Restricted Area
203107,Tomas Satoransky,1610612741,0021900887,Jump Shot,1,0,Right Corner 3
1629632,Coby White,1610612741,0021900887,Jump Shot,1,1,Above the Break 3
203897,Zach LaVine,1610612741,0021900887,Driving Layup Shot,1,0,Restricted Area
1629632,Coby White,1610612741,0021900887,Jump Shot,1,1,Above the Break 3
1628976,Wendell Carter Jr.,1610612741,0021900907,Hook Shot,1,0,Restricted Area
1627756,Denzel Valentine,1610612741,0021900907,Jump Shot,1,0,Above the Break 3
201152,Thaddeus Young,1610612741,0021900907,Jump Shot,1,0,Above the Break 3
1627885,Shaquille Harrison,1610612741,0021900907,Hook Shot,1,0,In The Paint (Non-RA)
201152,Thaddeus Young,1610612741,0021900907,Tip Layup Shot,1,1,Restricted Area
1627756,Denzel Valentine,1610612741,0021900907,Floating Jump shot,1,1,In The Paint (Non-RA)
203107,Tomas Satoransky,1610612741,0021900907,Turnaround Jump Shot,1,0,In The Paint (Non-RA)
203107,Tomas Satoransky,1610612741,0021900907,Floating Jump shot,1,1,In The Paint (Non-RA)
1627885,Shaquille Harrison,1610612741,0021900907,Jump Shot,1,0,Right Corner 3
1629632,Coby White,1610612741,0021900907,Jump Shot,1,1,Left Corner 3
1629655,Daniel Gafford,1610612741,0021900907,Alley Oop Layup shot,1,1,Restricted Area
1629632,Coby White,1610612741,0021900907,Jump Shot,1,1,In The Paint (Non-RA)
203107,Tomas Satoransky,1610612741,0021900907,Jump Shot,1,0,Above the Break 3
1627885,Shaquille Harrison,1610612741,0021900907,Driving Layup Shot,1,0,Restricted Area
1629632,Coby White,1610612741,0021900907,Step Back Jump shot,1,0,Above the Break 3
1629632,Coby White,1610612741,0021900907,Pullup Jump shot,1,0,Mid-Range
203490,Otto Porter Jr.,1610612741,0021900907,Jump Shot,1,0,Above the Break 3
1627853,Ryan Arcidiacono,1610612741,0021900907,Floating Jump shot,1,1,Restricted Area
203490,Otto Porter Jr.,1610612741,0021900907,Step Back Jump shot,1,0,Mid-Range
1629690,Adam Mokoka,1610612741,0021900907,Jump Shot,1,0,Right Corner 3
203490,Otto Porter Jr.,1610612741,0021900907,Pullup Jump shot,1,1,Mid-Range
203490,Otto Porter Jr.,1610612741,0021900907,Pullup Jump shot,1,1,Mid-Range
203490,Otto Porter Jr.,1610612741,0021900907,Jump Shot,1,1,Above the Break 3
1629632,Coby White,1610612741,0021900907,Driving Layup Shot,1,0,Restricted Area
1629632,Coby White,1610612741,0021900907,Jump Shot,1,0,Mid-Range
1629632,Coby White,1610612741,0021900907,Running Layup Shot,1,1,Restricted Area
1629690,Adam Mokoka,1610612741,0021900907,Jump Shot,1,0,Left Corner 3
1627853,Ryan Arcidiacono,1610612741,0021900907,Jump Shot,1,0,In The Paint (Non-RA)
1628976,Wendell Carter Jr.,1610612741,0021900907,Putback Layup Shot,1,0,Restricted Area
1628976,Wendell Carter Jr.,1610612741,0021900907,Hook Shot,1,1,Restricted Area
203490,Otto Porter Jr.,1610612741,0021900907,Jump Shot,1,0,Above the Break 3
1627756,Denzel Valentine,1610612741,0021900907,Jump Shot,1,1,Above the Break 3
1629690,Adam Mokoka,1610612741,0021900907,Driving Layup Shot,1,1,Restricted Area
203490,Otto Porter Jr.,1610612741,0021900907,Driving Floating Bank Jump Shot,1,1,In The Paint (Non-RA)
1627756,Denzel Valentine,1610612741,0021900907,Floating Jump shot,1,1,In The Paint (Non-RA)
1627853,Ryan Arcidiacono,1610612741,0021900907,Jump Shot,1,0,Above the Break 3
201152,Thaddeus Young,1610612741,0021900907,Running Layup Shot,1,1,Restricted Area
203107,Tomas Satoransky,1610612741,0021900907,Jump Shot,1,0,Right Corner 3
1629655,Daniel Gafford,1610612741,0021900907,Layup Shot,1,0,In The Paint (Non-RA)
1627756,Denzel Valentine,1610612741,0021900907,Jump Shot,1,0,Above the Break 3
1628976,Wendell Carter Jr.,1610612741,0021900907,Layup Shot,1,0,Restricted Area
1627756,Denzel Valentine,1610612741,0021900907,Jump Shot,1,0,Above the Break 3
1627756,Denzel Valentine,1610612741,0021900907,Jump Shot,1,1,Above the Break 3
1627756,Denzel Valentine,1610612741,0021900907,Layup Shot,1,1,In The Paint (Non-RA)
1627756,Denzel Valentine,1610612741,0021900907,Jump Shot,1,0,Above the Break 3
1629632,Coby White,1610612741,0021900907,Jump Shot,1,0,Mid-Range
1629655,Daniel Gafford,1610612741,0021900907,Hook Shot,1,1,Restricted Area
203107,Tomas Satoransky,1610612741,0021900907,Driving Layup Shot,1,0,In The Paint (Non-RA)
1627756,Denzel Valentine,1610612741,0021900907,Jump Shot,1,1,Above the Break 3
1627756,Denzel Valentine,1610612741,0021900907,Jump Shot,1,0,Right Corner 3
1629632,Coby White,1610612741,0021900907,Layup Shot,1,0,Restricted Area
1629632,Coby White,1610612741,0021900907,Jump Shot,1,0,Above the Break 3
201152,Thaddeus Young,1610612741,0021900907,Driving Layup Shot,1,1,Restricted Area
201152,Thaddeus Young,1610612741,0021900907,Driving Layup Shot,1,1,Restricted Area
1628976,Wendell Carter Jr.,1610612741,0021900907,Cutting Dunk Shot,1,1,Restricted Area
1627756,Denzel Valentine,1610612741,0021900907,Fadeaway Jump Shot,1,1,Mid-Range
201152,Thaddeus Young,1610612741,0021900907,Jump Shot,1,0,Above the Break 3
203107,Tomas Satoransky,1610612741,0021900907,Step Back Jump shot,1,1,Mid-Range
203107,Tomas Satoransky,1610612741,0021900907,Driving Floating Jump Shot,1,1,In The Paint (Non-RA)
1627756,Denzel Valentine,1610612741,0021900907,Jump Shot,1,0,Above the Break 3
201152,Thaddeus Young,1610612741,0021900907,Layup Shot,1,1,Restricted Area
1629632,Coby White,1610612741,0021900907,Jump Shot,1,1,Above the Break 3
1627885,Shaquille Harrison,1610612741,0021900907,Driving Floating Jump Shot,1,0,In The Paint (Non-RA)
1629632,Coby White,1610612741,0021900907,Jump Shot,1,0,Above the Break 3
203107,Tomas Satoransky,1610612741,0021900907,Floating Jump shot,1,1,In The Paint (Non-RA)
1629632,Coby White,1610612741,0021900907,Jump Shot,1,1,Above the Break 3
1627853,Ryan Arcidiacono,1610612741,0021900907,Layup Shot,1,1,Restricted Area
1629690,Adam Mokoka,1610612741,0021900907,Driving Layup Shot,1,1,Restricted Area
1627853,Ryan Arcidiacono,1610612741,0021900907,Jump Shot,1,1,In The Paint (Non-RA)
1629632,Coby White,1610612741,0021900907,Jump Shot,1,0,Above the Break 3
203490,Otto Porter Jr.,1610612741,0021900907,Floating Jump shot,1,1,In The Paint (Non-RA)
203490,Otto Porter Jr.,1610612741,0021900907,Jump Shot,1,1,Above the Break 3
1629655,Daniel Gafford,1610612741,0021900907,Cutting Dunk Shot,1,1,Restricted Area
203490,Otto Porter Jr.,1610612741,0021900907,Jump Shot,1,1,Right Corner 3
1627756,Denzel Valentine,1610612741,0021900907,Jump Shot,1,0,Above the Break 3
201152,Thaddeus Young,1610612741,0021900907,Jump Shot,1,0,Above the Break 3
1627853,Ryan Arcidiacono,1610612741,0021900907,Floating Jump shot,1,1,In The Paint (Non-RA)
203490,Otto Porter Jr.,1610612741,0021900907,Jump Shot,1,0,Mid-Range
1627756,Denzel Valentine,1610612741,0021900907,Jump Shot,1,0,In The Paint (Non-RA)
1627853,Ryan Arcidiacono,1610612741,0021900907,Jump Shot,1,0,Above the Break 3
203107,Tomas Satoransky,1610612741,0021900907,Jump Shot,1,1,Above the Break 3
1629632,Coby White,1610612741,0021900907,Step Back Jump shot,1,1,In The Paint (Non-RA)
201152,Thaddeus Young,1610612741,0021900907,Layup Shot,1,0,Restricted Area
201152,Thaddeus Young,1610612741,0021900907,Putback Layup Shot,1,0,Restricted Area
201152,Thaddeus Young,1610612741,0021900907,Layup Shot,1,0,Restricted Area
1629632,Coby White,1610612741,0021900907,Driving Layup Shot,1,1,Restricted Area
1629655,Daniel Gafford,1610612741,0021900907,Alley Oop Dunk Shot,1,1,Restricted Area
1629632,Coby White,1610612741,0021900907,Step Back Jump shot,1,0,Above the Break 3
1629632,Coby White,1610612741,0021900907,Layup Shot,1,0,Restricted Area
1629632,Coby White,1610612741,0021900907,Jump Shot,1,0,Above the Break 3
1629690,Adam Mokoka,1610612741,0021900907,Jump Shot,1,0,Above the Break 3
201152,Thaddeus Young,1610612741,0021900907,Layup Shot,1,0,In The Paint (Non-RA)
203107,Tomas Satoransky,1610612741,0021900907,Tip Layup Shot,1,0,Restricted Area
1629632,Coby White,1610612741,0021900907,Driving Layup Shot,1,1,Restricted Area
1627885,Shaquille Harrison,1610612741,0021900922,Running Layup Shot,1,0,Restricted Area
1627756,Denzel Valentine,1610612741,0021900922,Floating Jump shot,1,0,In The Paint (Non-RA)
1628374,Lauri Markkanen,1610612741,0021900922,Jump Shot,1,0,In The Paint (Non-RA)
1628976,Wendell Carter Jr.,1610612741,0021900922,Tip Layup Shot,1,0,Restricted Area
203107,Tomas Satoransky,1610612741,0021900922,Driving Layup Shot,1,1,Restricted Area
1628374,Lauri Markkanen,1610612741,0021900922,Jump Shot,1,0,Above the Break 3
203107,Tomas Satoransky,1610612741,0021900922,Jump Shot,1,0,Above the Break 3
1628976,Wendell Carter Jr.,1610612741,0021900922,Turnaround Hook Shot,1,1,Mid-Range
1629632,Coby White,1610612741,0021900922,Driving Hook Shot,1,1,Restricted Area
203107,Tomas Satoransky,1610612741,0021900922,Layup Shot,1,1,Restricted Area
201152,Thaddeus Young,1610612741,0021900922,Jump Shot,1,0,Right Corner 3
203107,Tomas Satoransky,1610612741,0021900922,Pullup Jump shot,1,0,Mid-Range
1627885,Shaquille Harrison,1610612741,0021900922,Step Back Jump shot,1,1,Above the Break 3
201152,Thaddeus Young,1610612741,0021900922,Hook Shot,1,1,In The Paint (Non-RA)
1629632,Coby White,1610612741,0021900922,Step Back Jump shot,1,1,Mid-Range
1629632,Coby White,1610612741,0021900922,Jump Shot,1,1,Left Corner 3
201152,Thaddeus Young,1610612741,0021900922,Jump Shot,1,1,Above the Break 3
203490,Otto Porter Jr.,1610612741,0021900922,Floating Jump shot,1,0,In The Paint (Non-RA)
1627853,Ryan Arcidiacono,1610612741,0021900922,Jump Shot,1,1,Above the Break 3
1629632,Coby White,1610612741,0021900922,Driving Layup Shot,1,1,Restricted Area
1629632,Coby White,1610612741,0021900922,Turnaround Jump Shot,1,0,In The Paint (Non-RA)
1627853,Ryan Arcidiacono,1610612741,0021900922,Floating Jump shot,1,0,Mid-Range
201152,Thaddeus Young,1610612741,0021900922,Tip Dunk Shot,1,1,Restricted Area
201152,Thaddeus Young,1610612741,0021900922,Pullup Jump shot,1,0,Above the Break 3
203490,Otto Porter Jr.,1610612741,0021900922,Pullup Jump shot,1,1,Mid-Range
1629632,Coby White,1610612741,0021900922,Jump Shot,1,0,Above the Break 3
1628374,Lauri Markkanen,1610612741,0021900922,Jump Bank Shot,1,1,In The Paint (Non-RA)
1628374,Lauri Markkanen,1610612741,0021900922,Jump Shot,1,0,Above the Break 3
203490,Otto Porter Jr.,1610612741,0021900922,Driving Layup Shot,1,0,Restricted Area
1627756,Denzel Valentine,1610612741,0021900922,Pullup Jump shot,1,1,Mid-Range
1627756,Denzel Valentine,1610612741,0021900922,Floating Jump shot,1,0,In The Paint (Non-RA)
1629655,Daniel Gafford,1610612741,0021900922,Hook Shot,1,0,In The Paint (Non-RA)
203490,Otto Porter Jr.,1610612741,0021900922,Jump Shot,1,0,Mid-Range
1628374,Lauri Markkanen,1610612741,0021900922,Driving Hook Shot,1,1,In The Paint (Non-RA)
1628374,Lauri Markkanen,1610612741,0021900922,Jump Shot,1,1,Mid-Range
1628374,Lauri Markkanen,1610612741,0021900922,Jump Shot,1,0,Above the Break 3
1628374,Lauri Markkanen,1610612741,0021900922,Layup Shot,1,1,Restricted Area
1627756,Denzel Valentine,1610612741,0021900922,Jump Shot,1,1,Mid-Range
1627756,Denzel Valentine,1610612741,0021900922,Jump Shot,1,1,Above the Break 3
201152,Thaddeus Young,1610612741,0021900922,Hook Shot,1,1,In The Paint (Non-RA)
1628976,Wendell Carter Jr.,1610612741,0021900922,Jump Shot,1,1,Mid-Range
203107,Tomas Satoransky,1610612741,0021900922,Cutting Layup Shot,1,1,Restricted Area
1629632,Coby White,1610612741,0021900922,Jump Shot,1,0,Above the Break 3
1628976,Wendell Carter Jr.,1610612741,0021900922,Jump Shot,1,1,In The Paint (Non-RA)
203107,Tomas Satoransky,1610612741,0021900922,Driving Layup Shot,1,1,Restricted Area
203107,Tomas Satoransky,1610612741,0021900922,Layup Shot,1,0,In The Paint (Non-RA)
1629632,Coby White,1610612741,0021900922,Driving Layup Shot,1,1,Restricted Area
1627756,Denzel Valentine,1610612741,0021900922,Floating Jump shot,1,0,In The Paint (Non-RA)
1628374,Lauri Markkanen,1610612741,0021900922,Jump Shot,1,1,Above the Break 3
1627756,Denzel Valentine,1610612741,0021900922,Jump Shot,1,0,Above the Break 3
1627885,Shaquille Harrison,1610612741,0021900922,Driving Reverse Layup Shot,1,0,Restricted Area
1627756,Denzel Valentine,1610612741,0021900922,Jump Shot,1,0,Above the Break 3
203107,Tomas Satoransky,1610612741,0021900922,Layup Shot,1,0,Restricted Area
203107,Tomas Satoransky,1610612741,0021900922,Layup Shot,1,0,Restricted Area
1629632,Coby White,1610612741,0021900922,Pullup Jump shot,1,1,Mid-Range
1627885,Shaquille Harrison,1610612741,0021900922,Jump Shot,1,1,Above the Break 3
1629632,Coby White,1610612741,0021900922,Jump Shot,1,0,Above the Break 3
201152,Thaddeus Young,1610612741,0021900922,Running Jump Shot,1,0,In The Paint (Non-RA)
201152,Thaddeus Young,1610612741,0021900922,Floating Jump shot,1,1,In The Paint (Non-RA)
201152,Thaddeus Young,1610612741,0021900922,Dunk Shot,1,1,Restricted Area
1627885,Shaquille Harrison,1610612741,0021900922,Jump Shot,1,1,Left Corner 3
201152,Thaddeus Young,1610612741,0021900922,Pullup Jump shot,1,0,Above the Break 3
203490,Otto Porter Jr.,1610612741,0021900922,Step Back Jump shot,1,0,Above the Break 3
1629632,Coby White,1610612741,0021900922,Driving Layup Shot,1,1,Restricted Area
203490,Otto Porter Jr.,1610612741,0021900922,Running Jump Shot,1,0,In The Paint (Non-RA)
1627885,Shaquille Harrison,1610612741,0021900922,Running Jump Shot,1,0,In The Paint (Non-RA)
1629632,Coby White,1610612741,0021900922,Pullup Jump shot,1,0,Mid-Range
1629632,Coby White,1610612741,0021900922,Driving Layup Shot,1,0,In The Paint (Non-RA)
1628976,Wendell Carter Jr.,1610612741,0021900922,Jump Shot,1,0,In The Paint (Non-RA)
1629632,Coby White,1610612741,0021900922,Pullup Jump shot,1,0,In The Paint (Non-RA)
1629632,Coby White,1610612741,0021900922,Jump Shot,1,1,Left Corner 3
203490,Otto Porter Jr.,1610612741,0021900922,Jump Shot,1,0,Above the Break 3
1627853,Ryan Arcidiacono,1610612741,0021900922,Step Back Jump shot,1,1,Above the Break 3
1627853,Ryan Arcidiacono,1610612741,0021900922,Step Back Jump shot,1,0,In The Paint (Non-RA)
203490,Otto Porter Jr.,1610612741,0021900922,Jump Shot,1,0,Right Corner 3
1627756,Denzel Valentine,1610612741,0021900922,Pullup Jump shot,1,1,In The Paint (Non-RA)
1627756,Denzel Valentine,1610612741,0021900922,Floating Jump shot,1,1,In The Paint (Non-RA)
1629632,Coby White,1610612741,0021900922,Pullup Jump shot,1,1,Mid-Range
1628374,Lauri Markkanen,1610612741,0021900922,Driving Layup Shot,1,1,Restricted Area
201152,Thaddeus Young,1610612741,0021900922,Turnaround Hook Shot,1,0,In The Paint (Non-RA)
1629632,Coby White,1610612741,0021900922,Jump Shot,1,1,Mid-Range
1627885,Shaquille Harrison,1610612741,0021900922,Floating Jump shot,1,1,In The Paint (Non-RA)
203107,Tomas Satoransky,1610612741,0021900922,Hook Shot,1,0,In The Paint (Non-RA)
1628976,Wendell Carter Jr.,1610612741,0021900922,Tip Layup Shot,1,0,Restricted Area
1629632,Coby White,1610612741,0021900922,Layup Shot,1,0,Restricted Area
1629632,Coby White,1610612741,0021900922,Jump Shot,1,0,Above the Break 3
1629632,Coby White,1610612741,0021900922,Jump Shot,1,0,In The Paint (Non-RA)
1627853,Ryan Arcidiacono,1610612741,0021900922,Jump Shot,1,0,Above the Break 3
203107,Tomas Satoransky,1610612741,0021900922,Driving Dunk Shot,1,1,Restricted Area
1629632,Coby White,1610612741,0021900922,Driving Layup Shot,1,1,Restricted Area
1627853,Ryan Arcidiacono,1610612741,0021900922,Jump Shot,1,1,Right Corner 3
1627885,Shaquille Harrison,1610612741,0021900922,Layup Shot,1,1,Restricted Area
1629632,Coby White,1610612741,0021900922,Jump Shot,1,0,Above the Break 3
1627756,Denzel Valentine,1610612741,0021900922,Jump Shot,1,0,Above the Break 3
1628374,Lauri Markkanen,1610612741,0021900934,Jump Shot,1,0,Above the Break 3
1627756,Denzel Valentine,1610612741,0021900934,Jump Shot,1,1,Above the Break 3
1628976,Wendell Carter Jr.,1610612741,0021900934,Jump Shot,1,0,Mid-Range
1627756,Denzel Valentine,1610612741,0021900934,Alley Oop Layup shot,1,1,Restricted Area
1627885,Shaquille Harrison,1610612741,0021900934,Jump Shot,1,1,Left Corner 3
203107,Tomas Satoransky,1610612741,0021900934,Running Dunk Shot,1,1,Restricted Area
1627756,Denzel Valentine,1610612741,0021900934,Jump Shot,1,0,Above the Break 3
203107,Tomas Satoransky,1610612741,0021900934,Pullup Jump shot,1,0,Above the Break 3
1627756,Denzel Valentine,1610612741,0021900934,Driving Floating Jump Shot,1,0,Mid-Range
1628374,Lauri Markkanen,1610612741,0021900934,Jump Shot,1,0,Above the Break 3
1629655,Daniel Gafford,1610612741,0021900934,Reverse Layup Shot,1,1,Restricted Area
203107,Tomas Satoransky,1610612741,0021900934,Jump Shot,1,0,Above the Break 3
1629632,Coby White,1610612741,0021900934,Jump Shot,1,1,Above the Break 3
1627756,Denzel Valentine,1610612741,0021900934,Jump Shot,1,0,Above the Break 3
1629632,Coby White,1610612741,0021900934,Jump Shot,1,0,Above the Break 3
201152,Thaddeus Young,1610612741,0021900934,Driving Floating Jump Shot,1,1,Restricted Area
203490,Otto Porter Jr.,1610612741,0021900934,Jump Shot,1,1,Mid-Range
203490,Otto Porter Jr.,1610612741,0021900934,Driving Floating Jump Shot,1,0,In The Paint (Non-RA)
1629632,Coby White,1610612741,0021900934,Driving Layup Shot,1,0,Restricted Area
203490,Otto Porter Jr.,1610612741,0021900934,Jump Shot,1,0,Above the Break 3
1629632,Coby White,1610612741,0021900934,Pullup Jump shot,1,0,Mid-Range
201152,Thaddeus Young,1610612741,0021900934,Jump Shot,1,0,Above the Break 3
1627885,Shaquille Harrison,1610612741,0021900934,Pullup Jump shot,1,0,Backcourt
1628976,Wendell Carter Jr.,1610612741,0021900934,Floating Jump shot,1,1,Restricted Area
1628374,Lauri Markkanen,1610612741,0021900934,Jump Shot,1,0,Above the Break 3
1627885,Shaquille Harrison,1610612741,0021900934,Driving Layup Shot,1,0,Restricted Area
1628374,Lauri Markkanen,1610612741,0021900934,Driving Dunk Shot,1,1,Restricted Area
203490,Otto Porter Jr.,1610612741,0021900934,Driving Floating Jump Shot,1,1,In The Paint (Non-RA)
1627885,Shaquille Harrison,1610612741,0021900934,Driving Layup Shot,1,1,Restricted Area
1628374,Lauri Markkanen,1610612741,0021900934,Cutting Layup Shot,1,0,Restricted Area
1629632,Coby White,1610612741,0021900934,Jump Shot,1,1,Above the Break 3
1628374,Lauri Markkanen,1610612741,0021900934,Cutting Layup Shot,1,0,Restricted Area
1628976,Wendell Carter Jr.,1610612741,0021900934,Jump Shot,1,0,Above the Break 3
203107,Tomas Satoransky,1610612741,0021900934,Pullup Jump shot,1,0,Mid-Range
1627756,Denzel Valentine,1610612741,0021900934,Driving Floating Jump Shot,1,1,In The Paint (Non-RA)
1627885,Shaquille Harrison,1610612741,0021900934,Running Layup Shot,1,1,Restricted Area
1628374,Lauri Markkanen,1610612741,0021900934,Jump Shot,1,0,Above the Break 3
1629632,Coby White,1610612741,0021900934,Pullup Jump shot,1,1,Mid-Range
1629632,Coby White,1610612741,0021900934,Step Back Jump shot,1,0,Above the Break 3
1629632,Coby White,1610612741,0021900934,Jump Shot,1,0,Above the Break 3
203107,Tomas Satoransky,1610612741,0021900934,Jump Shot,1,0,Above the Break 3
1627756,Denzel Valentine,1610612741,0021900934,Jump Shot,1,0,Above the Break 3
201152,Thaddeus Young,1610612741,0021900934,Driving Hook Shot,1,1,Restricted Area
201152,Thaddeus Young,1610612741,0021900934,Jump Shot,1,0,Right Corner 3
1627756,Denzel Valentine,1610612741,0021900934,Step Back Jump shot,1,0,Mid-Range
1629632,Coby White,1610612741,0021900934,Running Pull-Up Jump Shot,1,1,Mid-Range
1629632,Coby White,1610612741,0021900934,Pullup Jump shot,1,0,Above the Break 3
1627756,Denzel Valentine,1610612741,0021900934,Driving Floating Jump Shot,1,1,In The Paint (Non-RA)
1627756,Denzel Valentine,1610612741,0021900934,Driving Finger Roll Layup Shot,1,0,In The Paint (Non-RA)
203107,Tomas Satoransky,1610612741,0021900934,Driving Reverse Layup Shot,1,1,Restricted Area
1629632,Coby White,1610612741,0021900934,Pullup Jump shot,1,0,Mid-Range
1627885,Shaquille Harrison,1610612741,0021900934,Driving Layup Shot,1,0,Restricted Area
1629632,Coby White,1610612741,0021900934,Jump Shot,1,0,Above the Break 3
203107,Tomas Satoransky,1610612741,0021900934,Driving Floating Jump Shot,1,0,In The Paint (Non-RA)
1628976,Wendell Carter Jr.,1610612741,0021900934,Cutting Layup Shot,1,1,Restricted Area
203490,Otto Porter Jr.,1610612741,0021900934,Driving Layup Shot,1,0,Restricted Area
1629655,Daniel Gafford,1610612741,0021900934,Cutting Dunk Shot,1,1,Restricted Area
1629632,Coby White,1610612741,0021900934,Running Layup Shot,1,1,Restricted Area
1627885,Shaquille Harrison,1610612741,0021900934,Driving Layup Shot,1,1,Restricted Area
203490,Otto Porter Jr.,1610612741,0021900934,Step Back Jump shot,1,1,Mid-Range
1627885,Shaquille Harrison,1610612741,0021900934,Jump Shot,1,1,Above the Break 3
1627885,Shaquille Harrison,1610612741,0021900934,Driving Floating Jump Shot,1,0,In The Paint (Non-RA)
201152,Thaddeus Young,1610612741,0021900934,Putback Layup Shot,1,0,Restricted Area
1629655,Daniel Gafford,1610612741,0021900934,Putback Layup Shot,1,0,Restricted Area
1629632,Coby White,1610612741,0021900934,Pullup Jump shot,1,0,Above the Break 3
201152,Thaddeus Young,1610612741,0021900934,Driving Hook Shot,1,1,In The Paint (Non-RA)
203490,Otto Porter Jr.,1610612741,0021900934,Turnaround Jump Shot,1,1,In The Paint (Non-RA)
201152,Thaddeus Young,1610612741,0021900934,Driving Layup Shot,1,0,Restricted Area
1627885,Shaquille Harrison,1610612741,0021900934,Jump Shot,1,1,Right Corner 3
203490,Otto Porter Jr.,1610612741,0021900934,Driving Floating Jump Shot,1,0,In The Paint (Non-RA)
1628374,Lauri Markkanen,1610612741,0021900934,Jump Shot,1,0,Above the Break 3
203490,Otto Porter Jr.,1610612741,0021900934,Jump Shot,1,0,Restricted Area
1629632,Coby White,1610612741,0021900934,Driving Floating Jump Shot,1,1,In The Paint (Non-RA)
1627756,Denzel Valentine,1610612741,0021900934,Driving Floating Jump Shot,1,1,In The Paint (Non-RA)
1628374,Lauri Markkanen,1610612741,0021900934,Driving Hook Shot,1,0,Restricted Area
1628374,Lauri Markkanen,1610612741,0021900934,Putback Layup Shot,1,0,Restricted Area
1629632,Coby White,1610612741,0021900934,Driving Floating Jump Shot,1,1,In The Paint (Non-RA)
1627756,Denzel Valentine,1610612741,0021900934,Running Pull-Up Jump Shot,1,0,Above the Break 3
1629655,Daniel Gafford,1610612741,0021900934,Cutting Dunk Shot,1,1,Restricted Area
1627756,Denzel Valentine,1610612741,0021900934,Driving Floating Jump Shot,1,1,In The Paint (Non-RA)
201152,Thaddeus Young,1610612741,0021900934,Jump Shot,1,0,Above the Break 3
203107,Tomas Satoransky,1610612741,0021900934,Tip Layup Shot,1,0,Restricted Area
1627885,Shaquille Harrison,1610612741,0021900934,Cutting Layup Shot,1,1,Restricted Area
1627885,Shaquille Harrison,1610612741,0021900934,Jump Shot,1,1,Above the Break 3
1627885,Shaquille Harrison,1610612741,0021900934,Jump Shot,1,1,Above the Break 3
1627756,Denzel Valentine,1610612741,0021900934,Driving Floating Jump Shot,1,0,In The Paint (Non-RA)
201152,Thaddeus Young,1610612741,0021900934,Jump Shot,1,0,Above the Break 3
1627756,Denzel Valentine,1610612741,0021900934,Pullup Jump shot,1,0,Left Corner 3
1629632,Coby White,1610612741,0021900934,Pullup Jump shot,1,0,Above the Break 3
1629632,Coby White,1610612741,0021900934,Driving Layup Shot,1,0,Restricted Area
1627756,Denzel Valentine,1610612741,0021900934,Turnaround Jump Shot,1,0,Mid-Range
1627756,Denzel Valentine,1610612741,0021900934,Pullup Jump shot,1,0,Above the Break 3
1629632,Coby White,1610612741,0021900934,Driving Layup Shot,1,1,Restricted Area
1627885,Shaquille Harrison,1610612741,0021900934,Running Layup Shot,1,0,Restricted Area
1629632,Coby White,1610612741,0021900934,Jump Shot,1,1,Right Corner 3
1629632,Coby White,1610612741,0021900934,Driving Finger Roll Layup Shot,1,1,Restricted Area
201152,Thaddeus Young,1610612741,0021900934,Step Back Jump shot,1,0,Above the Break 3
1628374,Lauri Markkanen,1610612741,0021900946,Jump Shot,1,1,Left Corner 3
1627885,Shaquille Harrison,1610612741,0021900946,Driving Layup Shot,1,0,In The Paint (Non-RA)
1627885,Shaquille Harrison,1610612741,0021900946,Running Alley Oop Dunk Shot,1,1,Restricted Area
203107,Tomas Satoransky,1610612741,0021900946,Jump Shot,1,0,Right Corner 3
203107,Tomas Satoransky,1610612741,0021900946,Floating Jump shot,1,0,In The Paint (Non-RA)
1628374,Lauri Markkanen,1610612741,0021900946,Jump Shot,1,1,Above the Break 3
203107,Tomas Satoransky,1610612741,0021900946,Turnaround Hook Shot,1,0,In The Paint (Non-RA)
1627756,Denzel Valentine,1610612741,0021900946,Pullup Jump shot,1,1,Mid-Range
1628374,Lauri Markkanen,1610612741,0021900946,Pullup Jump shot,1,0,In The Paint (Non-RA)
1627756,Denzel Valentine,1610612741,0021900946,Driving Floating Jump Shot,1,1,In The Paint (Non-RA)
203490,Otto Porter Jr.,1610612741,0021900946,Running Layup Shot,1,1,Restricted Area
1629632,Coby White,1610612741,0021900946,Driving Floating Bank Jump Shot,1,1,In The Paint (Non-RA)
203490,Otto Porter Jr.,1610612741,0021900946,Pullup Jump shot,1,0,Mid-Range
201152,Thaddeus Young,1610612741,0021900946,Jump Shot,1,0,Above the Break 3
201152,Thaddeus Young,1610612741,0021900946,Driving Floating Jump Shot,1,1,In The Paint (Non-RA)
1627885,Shaquille Harrison,1610612741,0021900946,Running Finger Roll Layup Shot,1,0,In The Paint (Non-RA)
201152,Thaddeus Young,1610612741,0021900946,Tip Layup Shot,1,0,Restricted Area
1629632,Coby White,1610612741,0021900946,Driving Layup Shot,1,0,Restricted Area
203490,Otto Porter Jr.,1610612741,0021900946,Driving Floating Jump Shot,1,1,In The Paint (Non-RA)
203490,Otto Porter Jr.,1610612741,0021900946,Step Back Jump shot,1,0,Above the Break 3
201152,Thaddeus Young,1610612741,0021900946,Turnaround Hook Shot,1,1,Mid-Range
1629632,Coby White,1610612741,0021900946,Running Pull-Up Jump Shot,1,0,Above the Break 3
1629632,Coby White,1610612741,0021900946,Driving Finger Roll Layup Shot,1,0,In The Paint (Non-RA)
203490,Otto Porter Jr.,1610612741,0021900946,Jump Shot,1,0,Above the Break 3
203490,Otto Porter Jr.,1610612741,0021900946,Driving Floating Jump Shot,1,1,In The Paint (Non-RA)
1628976,Wendell Carter Jr.,1610612741,0021900946,Jump Shot,1,1,In The Paint (Non-RA)
203490,Otto Porter Jr.,1610612741,0021900946,Driving Floating Jump Shot,1,0,In The Paint (Non-RA)
1628976,Wendell Carter Jr.,1610612741,0021900946,Turnaround Hook Shot,1,1,In The Paint (Non-RA)
1629632,Coby White,1610612741,0021900946,Pullup Jump shot,1,0,Above the Break 3
1627885,Shaquille Harrison,1610612741,0021900946,Driving Finger Roll Layup Shot,1,1,Restricted Area
1629632,Coby White,1610612741,0021900946,Driving Layup Shot,1,1,In The Paint (Non-RA)
1629632,Coby White,1610612741,0021900946,Step Back Jump shot,1,1,Above the Break 3
1627885,Shaquille Harrison,1610612741,0021900946,Pullup Jump shot,1,0,In The Paint (Non-RA)
1628374,Lauri Markkanen,1610612741,0021900946,Jump Shot,1,1,Right Corner 3
1627885,Shaquille Harrison,1610612741,0021900946,Driving Reverse Layup Shot,1,0,Restricted Area
1627756,Denzel Valentine,1610612741,0021900946,Step Back Jump shot,1,0,Mid-Range
203107,Tomas Satoransky,1610612741,0021900946,Driving Floating Jump Shot,1,0,In The Paint (Non-RA)
201152,Thaddeus Young,1610612741,0021900946,Jump Shot,1,0,Above the Break 3
203490,Otto Porter Jr.,1610612741,0021900946,Step Back Jump shot,1,0,Above the Break 3
203490,Otto Porter Jr.,1610612741,0021900946,Driving Floating Bank Jump Shot,1,1,In The Paint (Non-RA)
201152,Thaddeus Young,1610612741,0021900946,Jump Shot,1,0,Right Corner 3
201152,Thaddeus Young,1610612741,0021900946,Driving Floating Jump Shot,1,0,In The Paint (Non-RA)
203490,Otto Porter Jr.,1610612741,0021900946,Fadeaway Jump Shot,1,0,Mid-Range
1629632,Coby White,1610612741,0021900946,Pullup Jump shot,1,1,Mid-Range
1629632,Coby White,1610612741,0021900946,Pullup Jump shot,1,0,Above the Break 3
201152,Thaddeus Young,1610612741,0021900946,Jump Shot,1,1,Above the Break 3
203490,Otto Porter Jr.,1610612741,0021900946,Running Jump Shot,1,0,Backcourt
1627756,Denzel Valentine,1610612741,0021900946,Driving Floating Jump Shot,1,1,In The Paint (Non-RA)
1628976,Wendell Carter Jr.,1610612741,0021900946,Jump Shot,1,0,Mid-Range
1627756,Denzel Valentine,1610612741,0021900946,Jump Shot,1,0,Right Corner 3
203107,Tomas Satoransky,1610612741,0021900946,Pullup Jump shot,1,1,In The Paint (Non-RA)
1628374,Lauri Markkanen,1610612741,0021900946,Jump Shot,1,0,Above the Break 3
1627756,Denzel Valentine,1610612741,0021900946,Step Back Jump shot,1,0,Above the Break 3
203107,Tomas Satoransky,1610612741,0021900946,Driving Layup Shot,1,0,Restricted Area
1629632,Coby White,1610612741,0021900946,Driving Layup Shot,1,0,In The Paint (Non-RA)
1629655,Daniel Gafford,1610612741,0021900946,Cutting Dunk Shot,1,1,Restricted Area
201152,Thaddeus Young,1610612741,0021900946,Jump Shot,1,0,Above the Break 3
1629632,Coby White,1610612741,0021900946,Pullup Jump shot,1,0,In The Paint (Non-RA)
203490,Otto Porter Jr.,1610612741,0021900946,Pullup Jump shot,1,1,Mid-Range
201152,Thaddeus Young,1610612741,0021900946,Hook Shot,1,1,Restricted Area
203490,Otto Porter Jr.,1610612741,0021900946,Jump Shot,1,0,Above the Break 3
1628976,Wendell Carter Jr.,1610612741,0021900946,Turnaround Hook Shot,1,0,In The Paint (Non-RA)
201152,Thaddeus Young,1610612741,0021900946,Driving Layup Shot,1,0,Restricted Area
201152,Thaddeus Young,1610612741,0021900946,Tip Layup Shot,1,1,Restricted Area
203490,Otto Porter Jr.,1610612741,0021900946,Running Layup Shot,1,1,Restricted Area
201152,Thaddeus Young,1610612741,0021900946,Running Layup Shot,1,0,Restricted Area
1629632,Coby White,1610612741,0021900946,Jump Shot,1,0,Left Corner 3
1627885,Shaquille Harrison,1610612741,0021900946,Jump Shot,1,0,Above the Break 3
1628976,Wendell Carter Jr.,1610612741,0021900946,Turnaround Jump Shot,1,0,Mid-Range
1627885,Shaquille Harrison,1610612741,0021900946,Tip Layup Shot,1,0,Restricted Area
1629632,Coby White,1610612741,0021900946,Pullup Jump shot,1,1,Above the Break 3
1629632,Coby White,1610612741,0021900946,Jump Shot,1,0,Above the Break 3
1628374,Lauri Markkanen,1610612741,0021900946,Hook Bank Shot,1,0,In The Paint (Non-RA)
1627756,Denzel Valentine,1610612741,0021900946,Jump Shot,1,0,Above the Break 3
203107,Tomas Satoransky,1610612741,0021900946,Driving Layup Shot,1,0,Restricted Area
1627756,Denzel Valentine,1610612741,0021900946,Floating Jump shot,1,1,In The Paint (Non-RA)
1627756,Denzel Valentine,1610612741,0021900946,Driving Floating Jump Shot,1,0,Mid-Range
1627756,Denzel Valentine,1610612741,0021900946,Pullup Jump shot,1,0,Above the Break 3
1629632,Coby White,1610612741,0021900946,Fadeaway Jump Shot,1,0,In The Paint (Non-RA)
201152,Thaddeus Young,1610612741,0021900946,Jump Shot,1,1,Left Corner 3
1629632,Coby White,1610612741,0021900946,Driving Layup Shot,1,1,Restricted Area
1629632,Coby White,1610612741,0021900946,Driving Layup Shot,1,0,Restricted Area
203490,Otto Porter Jr.,1610612741,0021900946,Jump Shot,1,1,Above the Break 3
1628374,Lauri Markkanen,1610612741,0021900946,Jump Shot,1,1,Above the Break 3
1627885,Shaquille Harrison,1610612741,0021900946,Driving Layup Shot,1,1,Restricted Area
1629632,Coby White,1610612741,0021900946,Driving Layup Shot,1,0,Restricted Area
1629632,Coby White,1610612741,0021900946,Jump Shot,1,1,Above the Break 3
1629632,Coby White,1610612741,0021900946,Driving Layup Shot,1,1,Restricted Area
203490,Otto Porter Jr.,1610612741,0021900946,Jump Shot,1,1,Above the Break 3
1628374,Lauri Markkanen,1610612741,0021900946,Cutting Dunk Shot,1,1,Restricted Area
1629632,Coby White,1610612741,0021900946,Pullup Jump shot,1,0,Above the Break 3
203490,Otto Porter Jr.,1610612741,0021900946,Pullup Jump shot,1,1,Above the Break 3
1628374,Lauri Markkanen,1610612741,0021900962,Driving Hook Shot,1,0,In The Paint (Non-RA)
1628374,Lauri Markkanen,1610612741,0021900962,Jump Shot,1,0,Above the Break 3
1627885,Shaquille Harrison,1610612741,0021900962,Driving Floating Jump Shot,1,1,In The Paint (Non-RA)
1627756,Denzel Valentine,1610612741,0021900962,Driving Layup Shot,1,1,Restricted Area
1628976,Wendell Carter Jr.,1610612741,0021900962,Driving Layup Shot,1,0,Restricted Area
1629632,Coby White,1610612741,0021900962,Jump Shot,1,0,Left Corner 3
1628374,Lauri Markkanen,1610612741,0021900962,Jump Shot,1,0,Above the Break 3
1629632,Coby White,1610612741,0021900962,Pullup Jump shot,1,1,Mid-Range
1629632,Coby White,1610612741,0021900962,Step Back Jump shot,1,1,Right Corner 3
1628976,Wendell Carter Jr.,1610612741,0021900962,Layup Shot,1,1,Restricted Area
1629632,Coby White,1610612741,0021900962,Jump Shot,1,0,Above the Break 3
1628374,Lauri Markkanen,1610612741,0021900962,Putback Dunk Shot,1,1,Restricted Area
1627756,Denzel Valentine,1610612741,0021900962,Jump Shot,1,1,Above the Break 3
1628374,Lauri Markkanen,1610612741,0021900962,Driving Layup Shot,1,1,Restricted Area
203490,Otto Porter Jr.,1610612741,0021900962,Jump Shot,1,1,Above the Break 3
1629632,Coby White,1610612741,0021900962,Jump Shot,1,0,Above the Break 3
201152,Thaddeus Young,1610612741,0021900962,Driving Floating Jump Shot,1,1,In The Paint (Non-RA)
203107,Tomas Satoransky,1610612741,0021900962,Driving Floating Jump Shot,1,0,In The Paint (Non-RA)
1629655,Daniel Gafford,1610612741,0021900962,Dunk Shot,1,1,Restricted Area
203490,Otto Porter Jr.,1610612741,0021900962,Driving Layup Shot,1,0,Restricted Area
1627885,Shaquille Harrison,1610612741,0021900962,Jump Shot,1,0,Above the Break 3
201152,Thaddeus Young,1610612741,0021900962,Driving Layup Shot,1,0,Restricted Area
201152,Thaddeus Young,1610612741,0021900962,Driving Layup Shot,1,0,Restricted Area
203490,Otto Porter Jr.,1610612741,0021900962,Cutting Layup Shot,1,1,Restricted Area
203490,Otto Porter Jr.,1610612741,0021900962,Pullup Jump shot,1,0,Mid-Range
1628976,Wendell Carter Jr.,1610612741,0021900962,Jump Shot,1,1,Mid-Range
203107,Tomas Satoransky,1610612741,0021900962,Jump Shot,1,0,Above the Break 3
1628976,Wendell Carter Jr.,1610612741,0021900962,Alley Oop Layup shot,1,1,Restricted Area
1628976,Wendell Carter Jr.,1610612741,0021900962,Driving Dunk Shot,1,1,Restricted Area
1627756,Denzel Valentine,1610612741,0021900962,Driving Floating Jump Shot,1,0,In The Paint (Non-RA)
1628374,Lauri Markkanen,1610612741,0021900962,Jump Shot,1,0,Above the Break 3
203107,Tomas Satoransky,1610612741,0021900962,Jump Shot,1,0,Above the Break 3
1629632,Coby White,1610612741,0021900962,Running Layup Shot,1,1,Restricted Area
1627756,Denzel Valentine,1610612741,0021900962,Driving Floating Jump Shot,1,1,In The Paint (Non-RA)
1627756,Denzel Valentine,1610612741,0021900962,Floating Jump shot,1,1,In The Paint (Non-RA)
1629632,Coby White,1610612741,0021900962,Jump Shot,1,0,Above the Break 3
1629632,Coby White,1610612741,0021900962,Driving Layup Shot,1,1,Restricted Area
1628374,Lauri Markkanen,1610612741,0021900962,Step Back Jump shot,1,0,Above the Break 3
1627756,Denzel Valentine,1610612741,0021900962,Jump Shot,1,0,Above the Break 3
1628374,Lauri Markkanen,1610612741,0021900962,Tip Layup Shot,1,1,Restricted Area
1628374,Lauri Markkanen,1610612741,0021900962,Jump Shot,1,1,Above the Break 3
1627756,Denzel Valentine,1610612741,0021900962,Driving Hook Shot,1,0,In The Paint (Non-RA)
201152,Thaddeus Young,1610612741,0021900962,Jump Shot,1,0,Above the Break 3
1629632,Coby White,1610612741,0021900962,Driving Layup Shot,1,1,Restricted Area
1629655,Daniel Gafford,1610612741,0021900962,Cutting Layup Shot,1,1,Restricted Area
1629632,Coby White,1610612741,0021900962,Driving Floating Jump Shot,1,0,In The Paint (Non-RA)
1627885,Shaquille Harrison,1610612741,0021900962,Driving Floating Jump Shot,1,0,In The Paint (Non-RA)
1628976,Wendell Carter Jr.,1610612741,0021900962,Cutting Layup Shot,1,1,Restricted Area
1628976,Wendell Carter Jr.,1610612741,0021900962,Driving Layup Shot,1,0,Restricted Area
1627756,Denzel Valentine,1610612741,0021900962,Driving Floating Jump Shot,1,0,In The Paint (Non-RA)
1627756,Denzel Valentine,1610612741,0021900962,Jump Shot,1,1,Above the Break 3
1627756,Denzel Valentine,1610612741,0021900962,Jump Shot,1,0,Above the Break 3
1628374,Lauri Markkanen,1610612741,0021900962,Jump Shot,1,1,Above the Break 3
1629632,Coby White,1610612741,0021900962,Jump Shot,1,0,In The Paint (Non-RA)
1629632,Coby White,1610612741,0021900962,Alley Oop Layup shot,1,0,Restricted Area
1627885,Shaquille Harrison,1610612741,0021900962,Driving Finger Roll Layup Shot,1,1,Restricted Area
1628374,Lauri Markkanen,1610612741,0021900962,Jump Shot,1,1,Left Corner 3
1628374,Lauri Markkanen,1610612741,0021900962,Jump Shot,1,0,Left Corner 3
203490,Otto Porter Jr.,1610612741,0021900962,Driving Floating Jump Shot,1,1,In The Paint (Non-RA)
203490,Otto Porter Jr.,1610612741,0021900962,Step Back Jump shot,1,1,In The Paint (Non-RA)
203107,Tomas Satoransky,1610612741,0021900962,Driving Layup Shot,1,1,Restricted Area
203490,Otto Porter Jr.,1610612741,0021900962,Jump Shot,1,0,Above the Break 3
1629632,Coby White,1610612741,0021900962,Jump Shot,1,1,Above the Break 3
1627885,Shaquille Harrison,1610612741,0021900962,Jump Shot,1,0,Right Corner 3
203107,Tomas Satoransky,1610612741,0021900962,Driving Floating Jump Shot,1,0,In The Paint (Non-RA)
1628976,Wendell Carter Jr.,1610612741,0021900962,Layup Shot,1,1,Restricted Area
1627885,Shaquille Harrison,1610612741,0021900962,Driving Layup Shot,1,0,Restricted Area
203107,Tomas Satoransky,1610612741,0021900962,Driving Layup Shot,1,0,Restricted Area
201152,Thaddeus Young,1610612741,0021900962,Driving Layup Shot,1,1,Restricted Area
203490,Otto Porter Jr.,1610612741,0021900962,Jump Shot,1,0,Right Corner 3
1627885,Shaquille Harrison,1610612741,0021900962,Tip Layup Shot,1,1,Restricted Area
203490,Otto Porter Jr.,1610612741,0021900962,Driving Layup Shot,1,1,In The Paint (Non-RA)
1627756,Denzel Valentine,1610612741,0021900962,Jump Shot,1,1,Right Corner 3
1628976,Wendell Carter Jr.,1610612741,0021900962,Layup Shot,1,1,Restricted Area
203107,Tomas Satoransky,1610612741,0021900962,Jump Shot,1,1,Left Corner 3
1627756,Denzel Valentine,1610612741,0021900962,Jump Shot,1,0,Above the Break 3
1628374,Lauri Markkanen,1610612741,0021900962,Jump Shot,1,0,Above the Break 3
203490,Otto Porter Jr.,1610612741,0021900962,Jump Shot,1,1,Above the Break 3
203490,Otto Porter Jr.,1610612741,0021900962,Jump Shot,1,0,Left Corner 3
1629632,Coby White,1610612741,0021900962,Jump Shot,1,0,Right Corner 3
201152,Thaddeus Young,1610612741,0021900962,Jump Shot,1,1,Left Corner 3
1629632,Coby White,1610612741,0021900962,Jump Shot,1,0,Mid-Range
1629632,Coby White,1610612741,0021900962,Layup Shot,1,1,Restricted Area
1629632,Coby White,1610612741,0021900962,Jump Shot,1,0,In The Paint (Non-RA)
