season_end_year,game_id,player_points,team_points,unattributed_points,pool
1984,0028300012,104,104,0,Regular season
1984,0028300025,91,91,0,Regular season
1984,0028300039,107,107,0,Regular season
1984,0028300041,90,90,0,Regular season
1984,0028300064,100,100,0,Regular season
1984,0028300081,124,124,0,Regular season
1984,0028300092,101,101,0,Regular season
1984,0028300099,112,112,0,Regular season
1984,0028300118,110,110,0,Regular season
1984,0028300124,110,110,0,Regular season
1984,0028300147,128,128,0,Regular season
1984,0028300152,94,94,0,Regular season
1984,0028300170,100,100,0,Regular season
1984,0028300176,110,110,0,Regular season
1984,0028300198,94,94,0,Regular season
1984,0028300205,100,100,0,Regular season
1984,0028300217,105,116,11,Regular season
1984,0028300237,112,112,0,Regular season
1984,0028300245,95,95,0,Regular season
1984,0028300260,96,96,0,Regular season
1984,0028300268,113,113,0,Regular season
1984,0028300285,102,102,0,Regular season
1984,0028300302,116,116,0,Regular season
1984,0028300310,114,114,0,Regular season
1984,0028300324,102,102,0,Regular season
1984,0028300335,100,100,0,Regular season
1984,0028300342,96,96,0,Regular season
1984,0028300358,102,102,0,Regular season
1984,0028300370,89,89,0,Regular season
1984,0028300374,88,88,0,Regular season
1984,0028300385,87,87,0,Regular season
1984,0028300402,105,105,0,Regular season
1984,0028300408,105,105,0,Regular season
1984,0028300419,104,104,0,Regular season
1984,0028300426,111,111,0,Regular season
1984,0028300442,103,103,0,Regular season
1984,0028300453,92,92,0,Regular season
1984,0028300463,111,111,0,Regular season
1984,0028300475,93,93,0,Regular season
1984,0028300491,125,125,0,Regular season
1984,0028300499,83,83,0,Regular season
1984,0028300511,103,103,0,Regular season
1984,0028300521,76,83,7,Regular season
1984,0028300530,105,105,0,Regular season
1984,0028300542,104,104,0,Regular season
1984,0028300556,114,114,0,Regular season
1984,0028300559,100,100,0,Regular season
1984,0028300572,101,101,0,Regular season
1984,0028300584,112,112,0,Regular season
1984,0028300600,109,109,0,Regular season
1984,0028300617,103,103,0,Regular season
1984,0028300626,95,95,0,Regular season
1984,0028300628,121,121,0,Regular season
1984,0028300642,96,96,0,Regular season
1984,0028300651,87,87,0,Regular season
1984,0028300662,108,108,0,Regular season
1984,0028300673,83,83,0,Regular season
1984,0028300683,100,100,0,Regular season
1984,0028300689,102,102,0,Regular season
1984,0028300702,108,108,0,Regular season
1984,0028300717,110,110,0,Regular season
1984,0028300725,110,110,0,Regular season
1984,0028300747,112,112,0,Regular season
1984,0028300754,90,90,0,Regular season
1984,0028300764,156,156,0,Regular season
1984,0028300778,104,104,0,Regular season
1984,0028300782,108,108,0,Regular season
1984,0028300799,112,112,0,Regular season
1984,0028300816,99,99,0,Regular season
1984,0028300827,83,83,0,Regular season
1984,0028300831,101,101,0,Regular season
1984,0028300843,86,86,0,Regular season
1984,0028300858,104,104,0,Regular season
1984,0028300863,113,113,0,Regular season
1984,0028300871,96,96,0,Regular season
1984,0028300880,99,99,0,Regular season
1984,0028300888,111,111,0,Regular season
1984,0028300898,110,110,0,Regular season
1984,0028300903,134,134,0,Regular season
1984,0028300919,112,112,0,Regular season
1984,0028300927,85,85,0,Regular season
1984,0028300939,115,115,0,Regular season
1985,0028400005,109,109,0,Regular season
1985,0028400013,106,106,0,Regular season
1985,0028400019,116,116,0,Regular season
1985,0028400025,109,109,0,Regular season
1985,0028400035,113,113,0,Regular season
1985,0028400065,122,122,0,Regular season
1985,0028400072,121,121,0,Regular season
1985,0028400083,118,118,0,Regular season
1985,0028400097,120,120,0,Regular season
1985,0028400108,105,105,0,Regular season
1985,0028400121,100,100,0,Regular season
1985,0028400130,120,120,0,Regular season
1985,0028400140,98,98,0,Regular season
1985,0028400149,113,113,0,Regular season
1985,0028400163,131,131,0,Regular season
1985,0028400171,103,103,0,Regular season
1985,0028400187,95,95,0,Regular season
1985,0028400189,104,104,0,Regular season
1985,0028400206,113,113,0,Regular season
1985,0028400214,112,112,0,Regular season
1985,0028400228,95,95,0,Regular season
1985,0028400234,99,99,0,Regular season
1985,0028400249,101,101,0,Regular season
1985,0028400256,95,95,0,Regular season
1985,0028400274,109,109,0,Regular season
1985,0028400278,102,102,0,Regular season
1985,0028400293,93,96,3,Regular season
1985,0028400305,132,132,0,Regular season
1985,0028400317,110,110,0,Regular season
1985,0028400340,112,112,0,Regular season
1985,0028400356,101,101,0,Regular season
1985,0028400365,107,107,0,Regular season
1985,0028400379,106,106,0,Regular season
1985,0028400381,113,113,0,Regular season
1985,0028400407,108,108,0,Regular season
1985,0028400413,113,113,0,Regular season
1985,0028400422,98,98,0,Regular season
1985,0028400433,122,122,0,Regular season
1985,0028400447,94,94,0,Regular season
1985,0028400450,98,98,0,Regular season
1985,0028400461,107,107,0,Regular season
1985,0028400478,123,123,0,Regular season
1985,0028400494,93,93,0,Regular season
1985,0028400496,117,117,0,Regular season
1985,0028400518,103,103,0,Regular season
1985,0028400521,95,95,0,Regular season
1985,0028400533,110,110,0,Regular season
1985,0028400555,106,106,0,Regular season
1985,0028400570,99,99,0,Regular season
1985,0028400582,139,139,0,Regular season
1985,0028400598,96,96,0,Regular season
1985,0028400615,105,105,0,Regular season
1985,0028400621,117,117,0,Regular season
1985,0028400636,105,105,0,Regular season
1985,0028400647,140,140,0,Regular season
1985,0028400661,118,118,0,Regular season
1985,0028400666,99,99,0,Regular season
1985,0028400679,109,109,0,Regular season
1985,0028400691,113,113,0,Regular season
1985,0028400705,104,104,0,Regular season
1985,0028400711,107,107,0,Regular season
1985,0028400718,117,117,0,Regular season
1985,0028400729,105,105,0,Regular season
1985,0028400738,112,112,0,Regular season
1985,0028400747,111,111,0,Regular season
1985,0028400756,97,97,0,Regular season
1985,0028400760,103,103,0,Regular season
1985,0028400779,119,119,0,Regular season
1985,0028400790,100,100,0,Regular season
1985,0028400797,98,98,0,Regular season
1985,0028400810,107,107,0,Regular season
1985,0028400817,92,92,0,Regular season
1985,0028400832,120,120,0,Regular season
1985,0028400843,114,114,0,Regular season
1985,0028400859,117,117,0,Regular season
1985,0028400872,108,108,0,Regular season
1985,0028400875,100,100,0,Regular season
1985,0028400890,113,113,0,Regular season
1985,0028400892,117,117,0,Regular season
1985,0028400903,103,103,0,Regular season
1985,0028400930,108,108,0,Regular season
1985,0028400936,111,111,0,Regular season
1986,0028500007,116,116,0,Regular season
1986,0028500014,121,121,0,Regular season
1986,0028500023,111,111,0,Regular season
1986,0028500039,112,112,0,Regular season
1986,0028500048,100,100,0,Regular season
1986,0028500064,105,105,0,Regular season
1986,0028500073,97,97,0,Regular season
1986,0028500087,97,97,0,Regular season
1986,0028500093,103,103,0,Regular season
1986,0028500107,106,106,0,Regular season
1986,0028500114,103,103,0,Regular season
1986,0028500124,128,128,0,Regular season
1986,0028500135,121,121,0,Regular season
1986,0028500141,101,101,0,Regular season
1986,0028500159,135,135,0,Regular season
1986,0028500164,106,106,0,Regular season
1986,0028500176,128,128,0,Regular season
1986,0028500185,96,96,0,Regular season
1986,0028500196,107,107,0,Regular season
1986,0028500210,113,113,0,Regular season
1986,0028500215,118,118,0,Regular season
1986,0028500222,99,99,0,Regular season
1986,0028500239,131,131,0,Regular season
1986,0028500241,104,104,0,Regular season
1986,0028500253,107,107,0,Regular season
1986,0028500278,103,103,0,Regular season
1986,0028500288,104,104,0,Regular season
1986,0028500289,116,116,0,Regular season
1986,0028500303,92,92,0,Regular season
1986,0028500319,117,117,0,Regular season
1986,0028500337,96,96,0,Regular season
1986,0028500350,108,108,0,Regular season
1986,0028500359,121,121,0,Regular season
1986,0028500364,131,131,0,Regular season
1986,0028500382,100,100,0,Regular season
1986,0028500389,105,105,0,Regular season
1986,0028500417,132,132,0,Regular season
1986,0028500429,113,113,0,Regular season
1986,0028500438,115,115,0,Regular season
1986,0028500448,118,118,0,Regular season
1986,0028500462,98,98,0,Regular season
1986,0028500467,118,118,0,Regular season
1986,0028500494,133,133,0,Regular season
1986,0028500507,116,116,0,Regular season
1986,0028500510,111,111,0,Regular season
1986,0028500525,91,91,0,Regular season
1986,0028500537,132,132,0,Regular season
1986,0028500543,106,106,0,Regular season
1986,0028500555,115,115,0,Regular season
1986,0028500562,97,97,0,Regular season
1986,0028500582,98,98,0,Regular season
1986,0028500594,88,88,0,Regular season
1986,0028500604,114,114,0,Regular season
1986,0028500611,110,110,0,Regular season
1986,0028500624,99,99,0,Regular season
1986,0028500632,108,108,0,Regular season
1986,0028500640,129,129,0,Regular season
1986,0028500651,100,100,0,Regular season
1986,0028500657,108,108,0,Regular season
1986,0028500681,116,116,0,Regular season
1986,0028500698,94,94,0,Regular season
1986,0028500706,97,97,0,Regular season
1986,0028500717,108,108,0,Regular season
1986,0028500736,114,114,0,Regular season
1986,0028500747,113,113,0,Regular season
1986,0028500758,112,112,0,Regular season
1986,0028500768,116,116,0,Regular season
1986,0028500783,96,96,0,Regular season
1986,0028500796,112,112,0,Regular season
1986,0028500804,105,105,0,Regular season
1986,0028500815,97,97,0,Regular season
1986,0028500828,111,111,0,Regular season
1986,0028500846,107,107,0,Regular season
1986,0028500854,106,106,0,Regular season
1986,0028500862,107,107,0,Regular season
1986,0028500881,109,109,0,Regular season
1986,0028500891,102,102,0,Regular season
1986,0028500903,107,107,0,Regular season
1986,0028500908,118,118,0,Regular season
1986,0028500923,105,105,0,Regular season
1986,0028500939,97,97,0,Regular season
1986,0028500942,106,106,0,Regular season
1987,0028600014,108,108,0,Regular season
1987,0028600022,94,94,0,Regular season
1987,0028600032,111,111,0,Regular season
1987,0028600044,109,109,0,Regular season
1987,0028600056,101,101,0,Regular season
1987,0028600065,112,112,0,Regular season
1987,0028600070,99,99,0,Regular season
1987,0028600081,98,98,0,Regular season
1987,0028600120,101,101,0,Regular season
1987,0028600129,93,93,0,Regular season
1987,0028600150,107,107,0,Regular season
1987,0028600156,103,103,0,Regular season
1987,0028600166,106,106,0,Regular season
1987,0028600179,115,115,0,Regular season
1987,0028600184,94,94,0,Regular season
1987,0028600195,112,112,0,Regular season
1987,0028600202,97,97,0,Regular season
1987,0028600212,106,106,0,Regular season
1987,0028600216,95,95,0,Regular season
1987,0028600228,106,106,0,Regular season
1987,0028600241,90,90,0,Regular season
1987,0028600252,99,99,0,Regular season
1987,0028600267,97,97,0,Regular season
1987,0028600283,89,89,0,Regular season
1987,0028600295,108,108,0,Regular season
1987,0028600300,85,85,0,Regular season
1987,0028600315,105,105,0,Regular season
1987,0028600328,99,99,0,Regular season
1987,0028600343,99,99,0,Regular season
1987,0028600347,124,124,0,Regular season
1987,0028600357,99,99,0,Regular season
1987,0028600370,121,121,0,Regular season
1987,0028600383,119,119,0,Regular season
1987,0028600414,96,96,0,Regular season
1987,0028600427,105,105,0,Regular season
1987,0028600438,95,95,0,Regular season
1987,0028600441,103,103,0,Regular season
1987,0028600455,117,117,0,Regular season
1987,0028600468,84,84,0,Regular season
1987,0028600478,97,97,0,Regular season
1987,0028600487,103,103,0,Regular season
1987,0028600498,112,112,0,Regular season
1987,0028600511,92,92,0,Regular season
1987,0028600525,98,98,0,Regular season
1987,0028600538,105,105,0,Regular season
1987,0028600544,104,104,0,Regular season
1987,0028600561,106,106,0,Regular season
1987,0028600566,112,112,0,Regular season
1987,0028600580,120,120,0,Regular season
1987,0028600600,100,100,0,Regular season
1987,0028600614,102,102,0,Regular season
1987,0028600624,113,113,0,Regular season
1987,0028600639,128,128,0,Regular season
1987,0028600649,107,107,0,Regular season
1987,0028600653,95,95,0,Regular season
1987,0028600664,114,114,0,Regular season
1987,0028600668,125,125,0,Regular season
1987,0028600682,109,109,0,Regular season
1987,0028600695,115,115,0,Regular season
1987,0028600699,103,103,0,Regular season
1987,0028600714,108,108,0,Regular season
1987,0028600722,99,99,0,Regular season
1987,0028600728,105,105,0,Regular season
1987,0028600739,96,96,0,Regular season
1987,0028600744,96,96,0,Regular season
1987,0028600757,114,114,0,Regular season
1987,0028600774,112,112,0,Regular season
1987,0028600778,113,113,0,Regular season
1987,0028600790,93,93,0,Regular season
1987,0028600797,107,107,0,Regular season
1987,0028600805,106,106,0,Regular season
1987,0028600816,115,115,0,Regular season
1987,0028600827,101,101,0,Regular season
1987,0028600830,94,94,0,Regular season
1987,0028600848,118,118,0,Regular season
1987,0028600856,97,97,0,Regular season
1987,0028600869,116,116,0,Regular season
1987,0028600886,96,96,0,Regular season
1987,0028600897,116,116,0,Regular season
1987,0028600903,114,114,0,Regular season
1987,0028600921,114,114,0,Regular season
1987,0028600927,105,105,0,Regular season
1988,0028700016,104,104,0,Regular season
1988,0028700029,105,105,0,Regular season
1988,0028700039,105,105,0,Regular season
1988,0028700045,103,103,0,Regular season
1988,0028700051,110,110,0,Regular season
1988,0028700070,105,105,0,Regular season
1988,0028700079,84,84,0,Regular season
1988,0028700092,94,94,0,Regular season
1988,0028700101,132,132,0,Regular season
1988,0028700104,107,107,0,Regular season
1988,0028700116,103,103,0,Regular season
1988,0028700126,93,93,0,Regular season
1988,0028700133,98,98,0,Regular season
1988,0028700143,98,98,0,Regular season
1988,0028700155,105,105,0,Regular season
1988,0028700160,89,89,0,Regular season
1988,0028700173,101,101,0,Regular season
1988,0028700179,96,96,0,Regular season
1988,0028700194,111,111,0,Regular season
1988,0028700204,112,112,0,Regular season
1988,0028700219,123,123,0,Regular season
1988,0028700229,111,111,0,Regular season
1988,0028700245,96,96,0,Regular season
1988,0028700260,100,100,0,Regular season
1988,0028700263,89,89,0,Regular season
1988,0028700274,92,92,0,Regular season
1988,0028700291,98,98,0,Regular season
1988,0028700305,116,116,0,Regular season
1988,0028700323,93,93,0,Regular season
1988,0028700334,100,100,0,Regular season
1988,0028700348,113,113,0,Regular season
1988,0028700361,97,97,0,Regular season
1988,0028700373,88,88,0,Regular season
1988,0028700390,115,115,0,Regular season
1988,0028700400,117,117,0,Regular season
1988,0028700404,94,94,0,Regular season
1988,0028700416,118,118,0,Regular season
1988,0028700425,121,121,0,Regular season
1988,0028700440,93,93,0,Regular season
1988,0028700446,119,119,0,Regular season
1988,0028700455,120,120,0,Regular season
1988,0028700463,97,97,0,Regular season
1988,0028700472,95,95,0,Regular season
1988,0028700480,101,101,0,Regular season
1988,0028700490,113,113,0,Regular season
1988,0028700502,74,74,0,Regular season
1988,0028700512,84,84,0,Regular season
1988,0028700520,95,95,0,Regular season
1988,0028700529,73,73,0,Regular season
1988,0028700539,126,126,0,Regular season
1988,0028700568,111,111,0,Regular season
1988,0028700573,111,111,0,Regular season
1988,0028700588,104,104,0,Regular season
1988,0028700600,96,96,0,Regular season
1988,0028700615,91,91,0,Regular season
1988,0028700620,101,101,0,Regular season
1988,0028700638,97,97,0,Regular season
1988,0028700652,100,100,0,Regular season
1988,0028700662,98,98,0,Regular season
1988,0028700677,128,128,0,Regular season
1988,0028700690,112,112,0,Regular season
1988,0028700705,108,108,0,Regular season
1988,0028700712,103,103,0,Regular season
1988,0028700723,113,113,0,Regular season
1988,0028700736,107,107,0,Regular season
1988,0028700752,118,118,0,Regular season
1988,0028700762,111,111,0,Regular season
1988,0028700775,109,109,0,Regular season
1988,0028700785,103,103,0,Regular season
1988,0028700793,111,111,0,Regular season
1988,0028700803,116,116,0,Regular season
1988,0028700815,112,112,0,Regular season
1988,0028700821,94,94,0,Regular season
1988,0028700834,119,119,0,Regular season
1988,0028700844,131,131,0,Regular season
1988,0028700879,116,116,0,Regular season
1988,0028700882,100,100,0,Regular season
1988,0028700900,105,105,0,Regular season
1988,0028700910,121,121,0,Regular season
1988,0028700919,119,119,0,Regular season
1988,0028700928,103,103,0,Regular season
1988,0028700940,115,115,0,Regular season
1989,0028800009,94,94,0,Regular season
1989,0028800022,111,111,0,Regular season
1989,0028800030,117,117,0,Regular season
1989,0028800033,110,110,0,Regular season
1989,0028800046,97,97,0,Regular season
1989,0028800060,91,91,0,Regular season
1989,0028800067,120,120,0,Regular season
1989,0028800080,110,110,0,Regular season
1989,0028800089,115,115,0,Regular season
1989,0028800109,114,114,0,Regular season
1989,0028800123,97,97,0,Regular season
1989,0028800138,123,123,0,Regular season
1989,0028800150,99,99,0,Regular season
1989,0028800160,93,93,0,Regular season
1989,0028800181,113,113,0,Regular season
1989,0028800199,105,105,0,Regular season
1989,0028800204,89,89,0,Regular season
1989,0028800216,118,118,0,Regular season
1989,0028800228,111,111,0,Regular season
1989,0028800240,88,88,0,Regular season
1989,0028800260,100,100,0,Regular season
1989,0028800272,112,112,0,Regular season
1989,0028800277,116,116,0,Regular season
1989,0028800298,101,101,0,Regular season
1989,0028800317,96,96,0,Regular season
1989,0028800327,108,108,0,Regular season
1989,0028800338,101,101,0,Regular season
1989,0028800344,126,126,0,Regular season
1989,0028800361,98,98,0,Regular season
1989,0028800370,92,92,0,Regular season
1989,0028800391,104,104,0,Regular season
1989,0028800399,106,106,0,Regular season
1989,0028800414,104,104,0,Regular season
1989,0028800427,110,110,0,Regular season
1989,0028800438,103,103,0,Regular season
1989,0028800449,112,112,0,Regular season
1989,0028800464,107,107,0,Regular season
1989,0028800477,109,109,0,Regular season
1989,0028800481,108,108,0,Regular season
1989,0028800493,117,117,0,Regular season
1989,0028800519,98,98,0,Regular season
1989,0028800530,109,109,0,Regular season
1989,0028800540,98,98,0,Regular season
1989,0028800554,102,102,0,Regular season
1989,0028800561,118,118,0,Regular season
1989,0028800571,108,108,0,Regular season
1989,0028800580,98,98,0,Regular season
1989,0028800597,117,117,0,Regular season
1989,0028800620,108,108,0,Regular season
1989,0028800621,102,102,0,Regular season
1989,0028800640,130,130,0,Regular season
1989,0028800646,106,106,0,Regular season
1989,0028800659,95,95,0,Regular season
1989,0028800674,121,121,0,Regular season
1989,0028800697,102,102,0,Regular season
1989,0028800707,104,104,0,Regular season
1989,0028800718,88,88,0,Regular season
1989,0028800726,95,95,0,Regular season
1989,0028800747,105,105,0,Regular season
1989,0028800756,122,122,0,Regular season
1989,0028800774,91,91,0,Regular season
1989,0028800782,129,129,0,Regular season
1989,0028800791,103,103,0,Regular season
1989,0028800814,104,104,0,Regular season
1989,0028800816,112,112,0,Regular season
1989,0028800827,128,128,0,Regular season
1989,0028800841,111,111,0,Regular season
1989,0028800856,115,115,0,Regular season
1989,0028800864,106,106,0,Regular season
1989,0028800871,100,100,0,Regular season
1989,0028800884,106,106,0,Regular season
1989,0028800893,121,121,0,Regular season
1989,0028800907,108,108,0,Regular season
1989,0028800920,112,112,0,Regular season
1989,0028800931,100,100,0,Regular season
1989,0028800956,105,105,0,Regular season
1989,0028800958,111,111,0,Regular season
1989,0028800974,92,92,0,Regular season
1989,0028800983,104,104,0,Regular season
1989,0028800998,98,98,0,Regular season
1989,0028801004,115,115,0,Regular season
1989,0028801020,84,84,0,Regular season
1990,0028900009,124,124,0,Regular season
1990,0028900021,100,100,0,Regular season
1990,0028900028,117,117,0,Regular season
1990,0028900035,96,96,0,Regular season
1990,0028900049,107,107,0,Regular season
1990,0028900060,109,109,0,Regular season
1990,0028900072,96,96,0,Regular season
1990,0028900081,107,107,0,Regular season
1990,0028900111,110,110,0,Regular season
1990,0028900125,110,110,0,Regular season
1990,0028900134,95,95,0,Regular season
1990,0028900150,104,104,0,Regular season
1990,0028900158,96,96,0,Regular season
1990,0028900165,113,113,0,Regular season
1990,0028900202,114,114,0,Regular season
1990,0028900215,119,119,0,Regular season
1990,0028900232,104,104,0,Regular season
1990,0028900242,125,125,0,Regular season
1990,0028900250,105,105,0,Regular season
1990,0028900267,124,124,0,Regular season
1990,0028900287,115,115,0,Regular season
1990,0028900292,93,93,0,Regular season
1990,0028900303,109,109,0,Regular season
1990,0028900314,125,125,0,Regular season
1990,0028900329,104,104,0,Regular season
1990,0028900339,112,112,0,Regular season
1990,0028900359,101,101,0,Regular season
1990,0028900373,117,117,0,Regular season
1990,0028900386,93,93,0,Regular season
1990,0028900402,127,127,0,Regular season
1990,0028900410,111,111,0,Regular season
1990,0028900425,90,90,0,Regular season
1990,0028900434,113,113,0,Regular season
1990,0028900448,107,107,0,Regular season
1990,0028900464,117,117,0,Regular season
1990,0028900471,106,106,0,Regular season
1990,0028900491,132,132,0,Regular season
1990,0028900492,92,92,0,Regular season
1990,0028900510,117,117,0,Regular season
1990,0028900521,95,95,0,Regular season
1990,0028900538,109,109,0,Regular season
1990,0028900556,110,110,0,Regular season
1990,0028900558,121,121,0,Regular season
1990,0028900579,112,112,0,Regular season
1990,0028900593,111,111,0,Regular season
1990,0028900619,103,103,0,Regular season
1990,0028900625,98,98,0,Regular season
1990,0028900641,107,107,0,Regular season
1990,0028900648,129,129,0,Regular season
1990,0028900658,119,119,0,Regular season
1990,0028900675,111,111,0,Regular season
1990,0028900680,107,107,0,Regular season
1990,0028900710,113,113,0,Regular season
1990,0028900720,107,107,0,Regular season
1990,0028900740,106,106,0,Regular season
1990,0028900760,112,112,0,Regular season
1990,0028900772,118,118,0,Regular season
1990,0028900782,114,114,0,Regular season
1990,0028900796,94,94,0,Regular season
1990,0028900809,117,117,0,Regular season
1990,0028900833,111,111,0,Regular season
1990,0028900847,81,81,0,Regular season
1990,0028900861,114,114,0,Regular season
1990,0028900878,122,122,0,Regular season
1990,0028900889,99,99,0,Regular season
1990,0028900900,102,102,0,Regular season
1990,0028900910,113,113,0,Regular season
1990,0028900923,121,121,0,Regular season
1990,0028900931,117,117,0,Regular season
1990,0028900946,107,107,0,Regular season
1990,0028900959,111,111,0,Regular season
1990,0028900972,109,109,0,Regular season
1990,0028900985,111,111,0,Regular season
1990,0028900998,109,109,0,Regular season
1990,0028901025,107,107,0,Regular season
1990,0028901042,116,116,0,Regular season
1990,0028901045,103,103,0,Regular season
1990,0028901056,102,102,0,Regular season
1990,0028901065,111,111,0,Regular season
1990,0028901082,120,120,0,Regular season
1990,0028901092,116,116,0,Regular season
1990,0028901100,106,106,0,Regular season
1991,0029000009,116,116,0,Regular season
1991,0029000015,102,102,0,Regular season
1991,0029000036,108,108,0,Regular season
1991,0029000039,96,96,0,Regular season
1991,0029000053,120,120,0,Regular season
1991,0029000064,105,105,0,Regular season
1991,0029000082,84,84,0,Regular season
1991,0029000089,93,93,0,Regular season
1991,0029000111,116,116,0,Regular season
1991,0029000117,112,112,0,Regular season
1991,0029000135,107,107,0,Regular season
1991,0029000143,105,105,0,Regular season
1991,0029000154,151,151,0,Regular season
1991,0029000178,118,118,0,Regular season
1991,0029000190,124,124,0,Regular season
1991,0029000196,120,120,0,Regular season
1991,0029000213,155,155,0,Regular season
1991,0029000235,108,108,0,Regular season
1991,0029000247,101,101,0,Regular season
1991,0029000253,87,87,0,Regular season
1991,0029000279,128,128,0,Regular season
1991,0029000291,116,116,0,Regular season
1991,0029000297,112,112,0,Regular season
1991,0029000312,84,84,0,Regular season
1991,0029000324,114,114,0,Regular season
1991,0029000331,128,128,0,Regular season
1991,0029000342,98,98,0,Regular season
1991,0029000356,128,128,0,Regular season
1991,0029000375,116,116,0,Regular season
1991,0029000394,92,92,0,Regular season
1991,0029000413,108,108,0,Regular season
1991,0029000429,111,111,0,Regular season
1991,0029000438,107,107,0,Regular season
1991,0029000449,99,99,0,Regular season
1991,0029000464,106,106,0,Regular season
1991,0029000470,110,110,0,Regular season
1991,0029000485,99,99,0,Regular season
1991,0029000499,105,105,0,Regular season
1991,0029000510,117,117,0,Regular season
1991,0029000526,95,95,0,Regular season
1991,0029000537,108,108,0,Regular season
1991,0029000581,102,102,0,Regular season
1991,0029000587,101,101,0,Regular season
1991,0029000597,86,86,0,Regular season
1991,0029000606,108,108,0,Regular season
1991,0029000628,95,95,0,Regular season
1991,0029000638,122,122,0,Regular season
1991,0029000648,102,102,0,Regular season
1991,0029000667,99,99,0,Regular season
1991,0029000678,110,110,0,Regular season
1991,0029000686,118,118,0,Regular season
1991,0029000708,129,129,0,Regular season
1991,0029000715,129,129,0,Regular season
1991,0029000732,129,129,0,Regular season
1991,0029000749,109,109,0,Regular season
1991,0029000764,114,114,0,Regular season
1991,0029000778,104,104,0,Regular season
1991,0029000803,99,99,0,Regular season
1991,0029000816,122,122,0,Regular season
1991,0029000828,131,131,0,Regular season
1991,0029000831,102,102,0,Regular season
1991,0029000846,105,105,0,Regular season
1991,0029000854,102,102,0,Regular season
1991,0029000869,121,121,0,Regular season
1991,0029000886,129,129,0,Regular season
1991,0029000893,90,90,0,Regular season
1991,0029000905,133,133,0,Regular season
1991,0029000917,90,90,0,Regular season
1991,0029000940,128,128,0,Regular season
1991,0029000946,112,112,0,Regular season
1991,0029000962,132,132,0,Regular season
1991,0029000964,106,106,0,Regular season
1991,0029000984,101,101,0,Regular season
1991,0029000991,107,107,0,Regular season
1991,0029001002,111,111,0,Regular season
1991,0029001021,108,108,0,Regular season
1991,0029001022,101,101,0,Regular season
1991,0029001038,91,91,0,Regular season
1991,0029001056,103,103,0,Regular season
1991,0029001072,111,111,0,Regular season
1991,0029001087,115,115,0,Regular season
1991,0029001103,108,108,0,Regular season
1992,0029100004,110,110,0,Regular season
1992,0029100014,107,107,0,Regular season
1992,0029100027,110,110,0,Regular season
1992,0029100044,132,132,0,Regular season
1992,0029100056,108,108,0,Regular season
1992,0029100068,107,107,0,Regular season
1992,0029100082,110,110,0,Regular season
1992,0029100089,117,117,0,Regular season
1992,0029100103,114,114,0,Regular season
1992,0029100132,112,112,0,Regular season
1992,0029100143,112,112,0,Regular season
1992,0029100159,107,107,0,Regular season
1992,0029100173,116,116,0,Regular season
1992,0029100185,116,116,0,Regular season
1992,0029100200,118,118,0,Regular season
1992,0029100223,108,108,0,Regular season
1992,0029100236,114,114,0,Regular season
1992,0029100246,100,100,0,Regular season
1992,0029100253,108,108,0,Regular season
1992,0029100277,99,99,0,Regular season
1992,0029100287,113,113,0,Regular season
1992,0029100302,89,89,0,Regular season
1992,0029100328,115,115,0,Regular season
1992,0029100335,117,117,0,Regular season
1992,0029100351,121,121,0,Regular season
1992,0029100353,122,122,0,Regular season
1992,0029100377,127,127,0,Regular season
1992,0029100381,109,109,0,Regular season
1992,0029100399,108,108,0,Regular season
1992,0029100409,140,140,0,Regular season
1992,0029100428,102,102,0,Regular season
1992,0029100430,108,108,0,Regular season
1992,0029100447,105,105,0,Regular season
1992,0029100459,108,108,0,Regular season
1992,0029100469,103,103,0,Regular season
1992,0029100488,100,100,0,Regular season
1992,0029100492,102,102,0,Regular season
1992,0029100511,87,87,0,Regular season
1992,0029100524,108,108,0,Regular season
1992,0029100525,115,115,0,Regular season
1992,0029100545,117,117,0,Regular season
1992,0029100549,114,114,0,Regular season
1992,0029100560,104,104,0,Regular season
1992,0029100579,102,102,0,Regular season
1992,0029100587,107,107,0,Regular season
1992,0029100597,103,103,0,Regular season
1992,0029100608,123,123,0,Regular season
1992,0029100618,114,114,0,Regular season
1992,0029100637,133,133,0,Regular season
1992,0029100652,106,106,0,Regular season
1992,0029100669,99,99,0,Regular season
1992,0029100680,112,112,0,Regular season
1992,0029100693,112,112,0,Regular season
1992,0029100715,103,103,0,Regular season
1992,0029100718,105,105,0,Regular season
1992,0029100739,106,106,0,Regular season
1992,0029100747,122,122,0,Regular season
1992,0029100755,109,109,0,Regular season
1992,0029100776,111,111,0,Regular season
1992,0029100785,101,101,0,Regular season
1992,0029100799,113,113,0,Regular season
1992,0029100805,123,123,0,Regular season
1992,0029100820,103,103,0,Regular season
1992,0029100840,119,119,0,Regular season
1992,0029100862,112,112,0,Regular season
1992,0029100872,116,116,0,Regular season
1992,0029100883,90,90,0,Regular season
1992,0029100895,106,106,0,Regular season
1992,0029100909,108,108,0,Regular season
1992,0029100924,116,116,0,Regular season
1992,0029100950,126,126,0,Regular season
1992,0029100969,96,96,0,Regular season
1992,0029100980,100,100,0,Regular season
1992,0029100989,114,114,0,Regular season
1992,0029101006,86,86,0,Regular season
1992,0029101015,116,116,0,Regular season
1992,0029101038,108,108,0,Regular season
1992,0029101047,108,108,0,Regular season
1992,0029101062,100,100,0,Regular season
1992,0029101063,100,100,0,Regular season
1992,0029101090,121,121,0,Regular season
1992,0029101101,103,103,0,Regular season
1993,0029200002,101,101,0,Regular season
1993,0029200013,99,99,0,Regular season
1993,0029200026,102,102,0,Regular season
1993,0029200040,98,98,0,Regular season
1993,0029200054,101,101,0,Regular season
1993,0029200066,117,117,0,Regular season
1993,0029200077,124,124,0,Regular season
1993,0029200091,108,108,0,Regular season
1993,0029200097,118,118,0,Regular season
1993,0029200111,128,128,0,Regular season
1993,0029200119,101,101,0,Regular season
1993,0029200158,75,75,0,Regular season
1993,0029200176,96,96,0,Regular season
1993,0029200188,111,111,0,Regular season
1993,0029200199,96,96,0,Regular season
1993,0029200210,114,114,0,Regular season
1993,0029200218,108,108,0,Regular season
1993,0029200237,96,96,0,Regular season
1993,0029200242,95,95,0,Regular season
1993,0029200260,125,125,0,Regular season
1993,0029200270,107,107,0,Regular season
1993,0029200291,96,96,0,Regular season
1993,0029200297,86,86,0,Regular season
1993,0029200308,107,107,0,Regular season
1993,0029200318,89,89,0,Regular season
1993,0029200323,95,95,0,Regular season
1993,0029200345,114,114,0,Regular season
1993,0029200353,105,105,0,Regular season
1993,0029200361,109,109,0,Regular season
1993,0029200381,88,88,0,Regular season
1993,0029200389,95,95,0,Regular season
1993,0029200396,120,120,0,Regular season
1993,0029200408,91,91,0,Regular season
1993,0029200425,122,122,0,Regular season
1993,0029200446,122,122,0,Regular season
1993,0029200453,124,124,0,Regular season
1993,0029200467,103,103,0,Regular season
1993,0029200485,107,107,0,Regular season
1993,0029200488,97,97,0,Regular season
1993,0029200509,99,99,0,Regular season
1993,0029200520,123,123,0,Regular season
1993,0029200531,83,83,0,Regular season
1993,0029200545,102,102,0,Regular season
1993,0029200558,96,96,0,Regular season
1993,0029200573,107,107,0,Regular season
1993,0029200577,107,107,0,Regular season
1993,0029200599,101,101,0,Regular season
1993,0029200612,115,115,0,Regular season
1993,0029200628,98,98,0,Regular season
1993,0029200638,111,111,0,Regular season
1993,0029200649,119,119,0,Regular season
1993,0029200662,114,114,0,Regular season
1993,0029200683,99,99,0,Regular season
1993,0029200697,108,108,0,Regular season
1993,0029200712,112,112,0,Regular season
1993,0029200732,87,87,0,Regular season
1993,0029200738,125,125,0,Regular season
1993,0029200755,102,102,0,Regular season
1993,0029200778,86,86,0,Regular season
1993,0029200797,95,95,0,Regular season
1993,0029200802,123,123,0,Regular season
1993,0029200812,99,99,0,Regular season
1993,0029200820,101,101,0,Regular season
1993,0029200847,104,104,0,Regular season
1993,0029200857,126,126,0,Regular season
1993,0029200876,107,107,0,Regular season
1993,0029200879,113,113,0,Regular season
1993,0029200896,107,107,0,Regular season
1993,0029200921,109,109,0,Regular season
1993,0029200944,118,118,0,Regular season
1993,0029200961,101,101,0,Regular season
1993,0029200965,109,109,0,Regular season
1993,0029200988,88,88,0,Regular season
1993,0029201000,92,92,0,Regular season
1993,0029201009,98,98,0,Regular season
1993,0029201021,119,119,0,Regular season
1993,0029201040,119,119,0,Regular season
1993,0029201050,94,94,0,Regular season
1993,0029201063,123,123,0,Regular season
1993,0029201080,109,109,0,Regular season
1993,0029201091,103,103,0,Regular season
1993,0029201105,84,84,0,Regular season
1994,0029300001,124,124,0,Regular season
1994,0029300015,71,71,0,Regular season
1994,0029300028,106,106,0,Regular season
1994,0029300043,91,91,0,Regular season
1994,0029300064,97,97,0,Regular season
1994,0029300083,94,94,0,Regular season
1994,0029300092,98,98,0,Regular season
1994,0029300097,88,88,0,Regular season
1994,0029300118,101,101,0,Regular season
1994,0029300128,93,93,0,Regular season
1994,0029300132,84,84,0,Regular season
1994,0029300148,108,108,0,Regular season
1994,0029300172,132,132,0,Regular season
1994,0029300189,104,104,0,Regular season
1994,0029300213,115,115,0,Regular season
1994,0029300222,88,88,0,Regular season
1994,0029300235,109,109,0,Regular season
1994,0029300238,93,93,0,Regular season
1994,0029300267,108,108,0,Regular season
1994,0029300279,98,98,0,Regular season
1994,0029300288,102,102,0,Regular season
1994,0029300300,109,109,0,Regular season
1994,0029300315,106,106,0,Regular season
1994,0029300327,81,81,0,Regular season
1994,0029300330,95,95,0,Regular season
1994,0029300356,94,94,0,Regular season
1994,0029300364,95,95,0,Regular season
1994,0029300376,97,97,0,Regular season
1994,0029300385,90,90,0,Regular season
1994,0029300405,99,99,0,Regular season
1994,0029300415,100,100,0,Regular season
1994,0029300434,81,81,0,Regular season
1994,0029300445,107,107,0,Regular season
1994,0029300458,82,82,0,Regular season
1994,0029300471,121,121,0,Regular season
1994,0029300481,84,84,0,Regular season
1994,0029300493,96,96,0,Regular season
1994,0029300503,90,90,0,Regular season
1994,0029300514,92,92,0,Regular season
1994,0029300538,84,84,0,Regular season
1994,0029300540,113,113,0,Regular season
1994,0029300566,118,118,0,Regular season
1994,0029300580,94,94,0,Regular season
1994,0029300589,101,101,0,Regular season
1994,0029300600,88,88,0,Regular season
1994,0029300615,118,118,0,Regular season
1994,0029300631,97,97,0,Regular season
1994,0029300646,101,101,0,Regular season
1994,0029300663,84,84,0,Regular season
1994,0029300676,68,68,0,Regular season
1994,0029300681,118,118,0,Regular season
1994,0029300695,123,123,0,Regular season
1994,0029300709,116,116,0,Regular season
1994,0029300720,86,86,0,Regular season
1994,0029300732,81,81,0,Regular season
1994,0029300746,89,89,0,Regular season
1994,0029300757,96,96,0,Regular season
1994,0029300769,95,95,0,Regular season
1994,0029300779,116,116,0,Regular season
1994,0029300798,77,77,0,Regular season
1994,0029300813,111,111,0,Regular season
1994,0029300831,108,108,0,Regular season
1994,0029300834,101,101,0,Regular season
1994,0029300848,87,87,0,Regular season
1994,0029300868,90,90,0,Regular season
1994,0029300874,78,78,0,Regular season
1994,0029300884,99,99,0,Regular season
1994,0029300896,87,87,0,Regular season
1994,0029300910,90,90,0,Regular season
1994,0029300919,106,106,0,Regular season
1994,0029300940,102,102,0,Regular season
1994,0029300956,96,96,0,Regular season
1994,0029300963,114,114,0,Regular season
1994,0029300993,100,100,0,Regular season
1994,0029301001,125,125,0,Regular season
1994,0029301015,111,111,0,Regular season
1994,0029301026,96,96,0,Regular season
1994,0029301035,88,88,0,Regular season
1994,0029301053,101,101,0,Regular season
1994,0029301059,87,87,0,Regular season
1994,0029301090,94,94,0,Regular season
1994,0029301100,76,76,0,Regular season
1995,0029400009,89,89,0,Regular season
1995,0029400019,99,99,0,Regular season
1995,0029400027,98,98,0,Regular season
1995,0029400039,109,109,0,Regular season
1995,0029400048,112,112,0,Regular season
1995,0029400056,120,120,0,Regular season
1995,0029400080,94,94,0,Regular season
1995,0029400088,83,83,0,Regular season
1995,0029400105,111,111,0,Regular season
1995,0029400115,105,105,0,Regular season
1995,0029400123,111,111,0,Regular season
1995,0029400134,94,94,0,Regular season
1995,0029400170,118,118,0,Regular season
1995,0029400178,81,81,0,Regular season
1995,0029400196,125,125,0,Regular season
1995,0029400199,94,94,0,Regular season
1995,0029400224,117,117,0,Regular season
1995,0029400237,103,103,0,Regular season
1995,0029400254,98,98,0,Regular season
1995,0029400275,85,85,0,Regular season
1995,0029400282,89,89,0,Regular season
1995,0029400292,63,63,0,Regular season
1995,0029400305,99,99,0,Regular season
1995,0029400317,116,116,0,Regular season
1995,0029400325,107,107,0,Regular season
1995,0029400336,92,92,0,Regular season
1995,0029400346,105,105,0,Regular season
1995,0029400365,133,133,0,Regular season
1995,0029400383,86,86,0,Regular season
1995,0029400398,101,101,0,Regular season
1995,0029400405,78,78,0,Regular season
1995,0029400418,109,109,0,Regular season
1995,0029400432,115,115,0,Regular season
1995,0029400441,79,79,0,Regular season
1995,0029400453,85,85,0,Regular season
1995,0029400467,101,101,0,Regular season
1995,0029400473,93,93,0,Regular season
1995,0029400486,93,93,0,Regular season
1995,0029400507,100,100,0,Regular season
1995,0029400513,102,102,0,Regular season
1995,0029400530,99,99,0,Regular season
1995,0029400553,116,116,0,Regular season
1995,0029400562,119,119,0,Regular season
1995,0029400579,68,68,0,Regular season
1995,0029400581,100,100,0,Regular season
1995,0029400598,97,97,0,Regular season
1995,0029400624,103,103,0,Regular season
1995,0029400628,118,118,0,Regular season
1995,0029400644,107,107,0,Regular season
1995,0029400656,117,117,0,Regular season
1995,0029400668,111,111,0,Regular season
1995,0029400681,104,104,0,Regular season
1995,0029400686,105,105,0,Regular season
1995,0029400709,83,83,0,Regular season
1995,0029400717,103,103,0,Regular season
1995,0029400727,108,108,0,Regular season
1995,0029400739,111,111,0,Regular season
1995,0029400747,89,89,0,Regular season
1995,0029400762,106,106,0,Regular season
1995,0029400774,103,103,0,Regular season
1995,0029400807,99,99,0,Regular season
1995,0029400808,105,105,0,Regular season
1995,0029400829,106,106,0,Regular season
1995,0029400838,99,99,0,Regular season
1995,0029400850,87,87,0,Regular season
1995,0029400869,96,96,0,Regular season
1995,0029400886,124,124,0,Regular season
1995,0029400900,99,99,0,Regular season
1995,0029400911,99,99,0,Regular season
1995,0029400926,113,113,0,Regular season
1995,0029400940,100,100,0,Regular season
1995,0029400953,91,91,0,Regular season
1995,0029400978,108,108,0,Regular season
1995,0029400988,97,97,0,Regular season
1995,0029401006,78,78,0,Regular season
1995,0029401017,96,96,0,Regular season
1995,0029401023,124,124,0,Regular season
1995,0029401053,111,111,0,Regular season
1995,0029401056,98,98,0,Regular season
1995,0029401081,120,120,0,Regular season
1995,0029401094,116,116,0,Regular season
1995,0029401101,100,100,0,Regular season
1996,0029500001,105,105,0,Regular season
1996,0029500018,107,107,0,Regular season
1996,0029500035,117,117,0,Regular season
1996,0029500053,106,106,0,Regular season
1996,0029500074,110,110,0,Regular season
1996,0029500088,88,88,0,Regular season
1996,0029500098,113,113,0,Regular season
1996,0029500106,109,109,0,Regular season
1996,0029500136,108,108,0,Regular season
1996,0029500137,103,103,0,Regular season
1996,0029500156,90,90,0,Regular season
1996,0029500172,92,92,0,Regular season
1996,0029500178,107,107,0,Regular season
1996,0029500200,94,94,0,Regular season
1996,0029500217,104,104,0,Regular season
1996,0029500236,101,101,0,Regular season
1996,0029500255,106,106,0,Regular season
1996,0029500256,118,118,0,Regular season
1996,0029500289,112,112,0,Regular season
1996,0029500291,127,127,0,Regular season
1996,0029500307,108,108,0,Regular season
1996,0029500320,123,123,0,Regular season
1996,0029500324,114,114,0,Regular season
1996,0029500345,113,113,0,Regular season
1996,0029500362,100,100,0,Regular season
1996,0029500376,97,97,0,Regular season
1996,0029500393,120,120,0,Regular season
1996,0029500409,95,95,0,Regular season
1996,0029500422,100,100,0,Regular season
1996,0029500427,117,117,0,Regular season
1996,0029500443,113,113,0,Regular season
1996,0029500466,113,113,0,Regular season
1996,0029500493,120,120,0,Regular season
1996,0029500506,116,116,0,Regular season
1996,0029500509,116,116,0,Regular season
1996,0029500523,92,92,0,Regular season
1996,0029500548,111,111,0,Regular season
1996,0029500557,99,99,0,Regular season
1996,0029500566,104,104,0,Regular season
1996,0029500578,102,102,0,Regular season
1996,0029500597,93,93,0,Regular season
1996,0029500610,98,98,0,Regular season
1996,0029500622,105,105,0,Regular season
1996,0029500631,99,99,0,Regular season
1996,0029500640,99,99,0,Regular season
1996,0029500658,96,96,0,Regular season
1996,0029500668,99,99,0,Regular season
1996,0029500684,111,111,0,Regular season
1996,0029500699,112,112,0,Regular season
1996,0029500707,103,103,0,Regular season
1996,0029500720,110,110,0,Regular season
1996,0029500734,102,102,0,Regular season
1996,0029500749,96,96,0,Regular season
1996,0029500753,104,104,0,Regular season
1996,0029500775,111,111,0,Regular season
1996,0029500789,120,120,0,Regular season
1996,0029500806,110,110,0,Regular season
1996,0029500820,107,107,0,Regular season
1996,0029500838,115,115,0,Regular season
1996,0029500855,102,102,0,Regular season
1996,0029500878,72,72,0,Regular season
1996,0029500895,103,103,0,Regular season
1996,0029500914,108,108,0,Regular season
1996,0029500920,97,97,0,Regular season
1996,0029500930,98,98,0,Regular season
1996,0029500938,89,89,0,Regular season
1996,0029500953,107,107,0,Regular season
1996,0029500977,108,108,0,Regular season
1996,0029501003,111,111,0,Regular season
1996,0029501019,106,106,0,Regular season
1996,0029501032,110,110,0,Regular season
1996,0029501054,100,100,0,Regular season
1996,0029501061,126,126,0,Regular season
1996,0029501076,90,90,0,Regular season
1996,0029501088,97,97,0,Regular season
1996,0029501107,113,113,0,Regular season
1996,0029501115,112,112,0,Regular season
1996,0029501134,98,98,0,Regular season
1996,0029501144,86,86,0,Regular season
1996,0029501158,110,110,0,Regular season
1996,0029501175,99,99,0,Regular season
1996,0029501188,103,103,0,Regular season
1997,0029600001,107,107,0,Regular season
1997,0029600019,115,115,0,Regular season
1997,0029600035,96,96,0,Regular season
1997,0029600043,106,106,0,Regular season
1997,0029600059,98,98,0,Regular season
1997,0029600066,104,104,0,Regular season
1997,0029600076,97,97,0,Regular season
1997,0029600094,103,103,0,Regular season
1997,0029600107,110,110,0,Regular season
1997,0029600120,97,97,0,Regular season
1997,0029600143,113,113,0,Regular season
1997,0029600153,110,110,0,Regular season
1997,0029600166,100,100,0,Regular season
1997,0029600178,88,88,0,Regular season
1997,0029600204,116,116,0,Regular season
1997,0029600216,97,97,0,Regular season
1997,0029600228,107,107,0,Regular season
1997,0029600244,114,114,0,Regular season
1997,0029600261,80,80,0,Regular season
1997,0029600266,89,89,0,Regular season
1997,0029600291,103,103,0,Regular season
1997,0029600300,113,113,0,Regular season
1997,0029600311,87,87,0,Regular season
1997,0029600330,129,129,0,Regular season
1997,0029600343,93,93,0,Regular season
1997,0029600359,111,111,0,Regular season
1997,0029600374,113,113,0,Regular season
1997,0029600381,95,95,0,Regular season
1997,0029600384,103,103,0,Regular season
1997,0029600403,102,102,0,Regular season
1997,0029600418,81,81,0,Regular season
1997,0029600437,110,110,0,Regular season
1997,0029600455,102,102,0,Regular season
1997,0029600485,116,116,0,Regular season
1997,0029600494,110,110,0,Regular season
1997,0029600510,108,108,0,Regular season
1997,0029600518,112,112,0,Regular season
1997,0029600533,100,100,0,Regular season
1997,0029600548,86,86,0,Regular season
1997,0029600565,88,88,0,Regular season
1997,0029600577,87,87,0,Regular season
1997,0029600596,110,110,0,Regular season
1997,0029600616,111,111,0,Regular season
1997,0029600630,111,111,0,Regular season
1997,0029600636,115,115,0,Regular season
1997,0029600655,91,91,0,Regular season
1997,0029600667,88,88,0,Regular season
1997,0029600673,90,90,0,Regular season
1997,0029600686,103,103,0,Regular season
1997,0029600709,89,89,0,Regular season
1997,0029600725,110,110,0,Regular season
1997,0029600739,134,134,0,Regular season
1997,0029600758,103,103,0,Regular season
1997,0029600771,120,120,0,Regular season
1997,0029600785,116,116,0,Regular season
1997,0029600805,70,70,0,Regular season
1997,0029600815,126,126,0,Regular season
1997,0029600835,108,108,0,Regular season
1997,0029600850,111,111,0,Regular season
1997,0029600865,104,104,0,Regular season
1997,0029600877,93,93,0,Regular season
1997,0029600888,117,117,0,Regular season
1997,0029600901,108,108,0,Regular season
1997,0029600912,98,98,0,Regular season
1997,0029600924,99,99,0,Regular season
1997,0029600948,89,89,0,Regular season
1997,0029600972,117,117,0,Regular season
1997,0029600977,103,103,0,Regular season
1997,0029600995,94,94,0,Regular season
1997,0029601011,96,96,0,Regular season
1997,0029601027,111,111,0,Regular season
1997,0029601042,111,111,0,Regular season
1997,0029601057,102,102,0,Regular season
1997,0029601066,84,84,0,Regular season
1997,0029601081,110,110,0,Regular season
1997,0029601089,128,128,0,Regular season
1997,0029601103,86,86,0,Regular season
1997,0029601105,105,105,0,Regular season
1997,0029601132,91,91,0,Regular season
1997,0029601142,117,117,0,Regular season
1997,0029601155,92,92,0,Regular season
1997,0029601176,101,101,0,Regular season
1998,0029700001,85,85,0,Regular season
1998,0029700018,94,94,0,Regular season
1998,0029700030,87,87,0,Regular season
1998,0029700048,94,94,0,Regular season
1998,0029700057,78,78,0,Regular season
1998,0029700069,99,99,0,Regular season
1998,0029700084,80,80,0,Regular season
1998,0029700092,83,83,0,Regular season
1998,0029700107,105,105,0,Regular season
1998,0029700118,79,79,0,Regular season
1998,0029700151,85,85,0,Regular season
1998,0029700157,111,111,0,Regular season
1998,0029700173,103,103,0,Regular season
1998,0029700182,90,90,0,Regular season
1998,0029700198,83,83,0,Regular season
1998,0029700206,88,88,0,Regular season
1998,0029700228,97,97,0,Regular season
1998,0029700245,84,84,0,Regular season
1998,0029700272,100,100,0,Regular season
1998,0029700280,98,98,0,Regular season
1998,0029700293,77,77,0,Regular season
1998,0029700305,97,97,0,Regular season
1998,0029700317,111,111,0,Regular season
1998,0029700335,104,104,0,Regular season
1998,0029700349,100,100,0,Regular season
1998,0029700375,94,94,0,Regular season
1998,0029700380,90,90,0,Regular season
1998,0029700396,97,97,0,Regular season
1998,0029700409,111,111,0,Regular season
1998,0029700416,95,95,0,Regular season
1998,0029700431,114,114,0,Regular season
1998,0029700442,105,105,0,Regular season
1998,0029700459,90,90,0,Regular season
1998,0029700467,72,72,0,Regular season
1998,0029700481,90,90,0,Regular season
1998,0029700492,87,87,0,Regular season
1998,0029700511,101,101,0,Regular season
1998,0029700525,96,96,0,Regular season
1998,0029700532,96,96,0,Regular season
1998,0029700546,106,106,0,Regular season
1998,0029700569,110,110,0,Regular season
1998,0029700578,100,100,0,Regular season
1998,0029700598,94,94,0,Regular season
1998,0029700613,103,103,0,Regular season
1998,0029700625,100,100,0,Regular season
1998,0029700635,87,87,0,Regular season
1998,0029700647,87,87,0,Regular season
1998,0029700657,111,111,0,Regular season
1998,0029700672,93,93,0,Regular season
1998,0029700686,93,93,0,Regular season
1998,0029700696,92,92,0,Regular season
1998,0029700712,112,112,0,Regular season
1998,0029700726,99,99,0,Regular season
1998,0029700738,105,105,0,Regular season
1998,0029700752,123,123,0,Regular season
1998,0029700769,94,94,0,Regular season
1998,0029700784,97,97,0,Regular season
1998,0029700799,101,101,0,Regular season
1998,0029700820,109,109,0,Regular season
1998,0029700838,118,118,0,Regular season
1998,0029700869,102,102,0,Regular season
1998,0029700884,106,106,0,Regular season
1998,0029700899,97,97,0,Regular season
1998,0029700917,96,96,0,Regular season
1998,0029700930,88,88,0,Regular season
1998,0029700938,90,90,0,Regular season
1998,0029700964,98,98,0,Regular season
1998,0029700977,102,102,0,Regular season
1998,0029700983,111,111,0,Regular season
1998,0029700997,85,85,0,Regular season
1998,0029701013,89,89,0,Regular season
1998,0029701030,104,104,0,Regular season
1998,0029701043,106,106,0,Regular season
1998,0029701066,107,107,0,Regular season
1998,0029701082,109,109,0,Regular season
1998,0029701092,103,103,0,Regular season
1998,0029701109,85,85,0,Regular season
1998,0029701123,87,87,0,Regular season
1998,0029701136,105,105,0,Regular season
1998,0029701154,79,79,0,Regular season
1998,0029701164,87,87,0,Regular season
1998,0029701177,111,111,0,Regular season
1999,0029800009,96,96,0,Regular season
1999,0029800024,89,89,0,Regular season
1999,0029800039,71,71,0,Regular season
1999,0029800056,68,68,0,Regular season
1999,0029800069,76,76,0,Regular season
1999,0029800085,67,67,0,Regular season
1999,0029800093,83,83,0,Regular season
1999,0029800107,91,91,0,Regular season
1999,0029800123,63,63,0,Regular season
1999,0029800132,77,77,0,Regular season
1999,0029800141,88,88,0,Regular season
1999,0029800157,80,80,0,Regular season
1999,0029800174,94,94,0,Regular season
1999,0029800179,90,90,0,Regular season
1999,0029800199,78,78,0,Regular season
1999,0029800205,86,86,0,Regular season
1999,0029800246,76,76,0,Regular season
1999,0029800250,103,103,0,Regular season
1999,0029800269,83,83,0,Regular season
1999,0029800279,76,76,0,Regular season
1999,0029800301,85,85,0,Regular season
1999,0029800320,94,94,0,Regular season
1999,0029800329,104,104,0,Regular season
1999,0029800338,87,87,0,Regular season
1999,0029800349,95,95,0,Regular season
1999,0029800368,90,90,0,Regular season
1999,0029800374,81,81,0,Regular season
1999,0029800390,81,81,0,Regular season
1999,0029800409,78,78,0,Regular season
1999,0029800424,91,91,0,Regular season
1999,0029800441,75,75,0,Regular season
1999,0029800450,68,68,0,Regular season
1999,0029800468,88,88,0,Regular season
1999,0029800481,89,89,0,Regular season
1999,0029800492,74,74,0,Regular season
1999,0029800514,49,49,0,Regular season
1999,0029800519,81,81,0,Regular season
1999,0029800536,74,74,0,Regular season
1999,0029800548,81,81,0,Regular season
1999,0029800561,70,70,0,Regular season
1999,0029800580,79,79,0,Regular season
1999,0029800595,83,83,0,Regular season
1999,0029800602,87,87,0,Regular season
1999,0029800620,71,71,0,Regular season
1999,0029800628,69,69,0,Regular season
1999,0029800645,93,93,0,Regular season
1999,0029800676,88,88,0,Regular season
1999,0029800686,101,101,0,Regular season
1999,0029800701,71,71,0,Regular season
1999,0029800719,83,83,0,Regular season
2000,0029900017,74,74,0,Regular season
2000,0029900031,87,87,0,Regular season
2000,0029900037,97,97,0,Regular season
2000,0029900056,80,80,0,Regular season
2000,0029900074,86,86,0,Regular season
2000,0029900085,92,92,0,Regular season
2000,0029900108,79,79,0,Regular season
2000,0029900117,81,81,0,Regular season
2000,0029900133,95,95,0,Regular season
2000,0029900142,86,86,0,Regular season
2000,0029900165,95,95,0,Regular season
2000,0029900176,78,78,0,Regular season
2000,0029900189,83,83,0,Regular season
2000,0029900219,95,95,0,Regular season
2000,0029900236,91,91,0,Regular season
2000,0029900265,93,93,0,Regular season
2000,0029900279,71,71,0,Regular season
2000,0029900284,87,87,0,Regular season
2000,0029900313,91,91,0,Regular season
2000,0029900323,74,74,0,Regular season
2000,0029900336,74,74,0,Regular season
2000,0029900351,84,84,0,Regular season
2000,0029900366,86,86,0,Regular season
2000,0029900380,76,76,0,Regular season
2000,0029900392,91,91,0,Regular season
2000,0029900407,77,77,0,Regular season
2000,0029900417,76,76,0,Regular season
2000,0029900428,63,63,0,Regular season
2000,0029900444,77,77,0,Regular season
2000,0029900457,110,110,0,Regular season
2000,0029900465,96,96,0,Regular season
2000,0029900485,88,88,0,Regular season
2000,0029900492,94,94,0,Regular season
2000,0029900510,83,83,0,Regular season
2000,0029900520,90,90,0,Regular season
2000,0029900539,92,92,0,Regular season
2000,0029900548,86,86,0,Regular season
2000,0029900568,98,98,0,Regular season
2000,0029900580,83,83,0,Regular season
2000,0029900587,89,89,0,Regular season
2000,0029900609,90,90,0,Regular season
2000,0029900617,89,89,0,Regular season
2000,0029900638,81,81,0,Regular season
2000,0029900646,88,88,0,Regular season
2000,0029900661,76,76,0,Regular season
2000,0029900675,100,100,0,Regular season
2000,0029900686,80,80,0,Regular season
2000,0029900697,86,86,0,Regular season
2000,0029900708,76,76,0,Regular season
2000,0029900723,83,83,0,Regular season
2000,0029900739,74,74,0,Regular season
2000,0029900761,81,81,0,Regular season
2000,0029900774,83,83,0,Regular season
2000,0029900784,78,78,0,Regular season
2000,0029900797,90,90,0,Regular season
2000,0029900810,80,80,0,Regular season
2000,0029900826,110,110,0,Regular season
2000,0029900839,84,84,0,Regular season
2000,0029900861,89,89,0,Regular season
2000,0029900870,67,67,0,Regular season
2000,0029900879,74,74,0,Regular season
2000,0029900905,79,79,0,Regular season
2000,0029900919,74,74,0,Regular season
2000,0029900936,92,92,0,Regular season
2000,0029900940,88,88,0,Regular season
2000,0029900958,86,86,0,Regular season
2000,0029900971,67,67,0,Regular season
2000,0029900988,70,70,0,Regular season
2000,0029901004,78,78,0,Regular season
2000,0029901022,81,81,0,Regular season
2000,0029901027,80,80,0,Regular season
2000,0029901043,87,87,0,Regular season
2000,0029901050,83,83,0,Regular season
2000,0029901062,73,73,0,Regular season
2000,0029901077,90,90,0,Regular season
2000,0029901093,79,79,0,Regular season
2000,0029901115,100,100,0,Regular season
2000,0029901131,103,103,0,Regular season
2000,0029901135,91,91,0,Regular season
2000,0029901154,84,84,0,Regular season
2000,0029901170,89,89,0,Regular season
2000,0029901180,91,91,0,Regular season
2001,0020000006,81,81,0,Regular season
2001,0020000033,82,82,0,Regular season
2001,0020000039,81,81,0,Regular season
2001,0020000056,83,83,0,Regular season
2001,0020000074,95,95,0,Regular season
2001,0020000091,75,75,0,Regular season
2001,0020000106,83,83,0,Regular season
2001,0020000122,85,85,0,Regular season
2001,0020000141,64,64,0,Regular season
2001,0020000147,96,96,0,Regular season
2001,0020000158,77,77,0,Regular season
2001,0020000169,71,71,0,Regular season
2001,0020000194,89,89,0,Regular season
2001,0020000203,76,76,0,Regular season
2001,0020000217,91,91,0,Regular season
2001,0020000229,86,86,0,Regular season
2001,0020000255,90,90,0,Regular season
2001,0020000265,88,88,0,Regular season
2001,0020000279,86,86,0,Regular season
2001,0020000289,81,81,0,Regular season
2001,0020000300,80,80,0,Regular season
2001,0020000312,104,104,0,Regular season
2001,0020000331,74,74,0,Regular season
2001,0020000340,91,91,0,Regular season
2001,0020000355,85,85,0,Regular season
2001,0020000371,88,88,0,Regular season
2001,0020000388,93,93,0,Regular season
2001,0020000415,105,105,0,Regular season
2001,0020000422,68,68,0,Regular season
2001,0020000439,86,86,0,Regular season
2001,0020000446,70,70,0,Regular season
2001,0020000462,98,98,0,Regular season
2001,0020000489,91,91,0,Regular season
2001,0020000494,95,95,0,Regular season
2001,0020000516,85,85,0,Regular season
2001,0020000531,81,81,0,Regular season
2001,0020000538,104,104,0,Regular season
2001,0020000552,88,88,0,Regular season
2001,0020000560,110,110,0,Regular season
2001,0020000574,103,103,0,Regular season
2001,0020000591,100,100,0,Regular season
2001,0020000602,86,86,0,Regular season
2001,0020000622,80,80,0,Regular season
2001,0020000644,81,81,0,Regular season
2001,0020000660,91,91,0,Regular season
2001,0020000677,84,84,0,Regular season
2001,0020000688,82,82,0,Regular season
2001,0020000695,80,80,0,Regular season
2001,0020000714,96,96,0,Regular season
2001,0020000743,89,89,0,Regular season
2001,0020000758,84,84,0,Regular season
2001,0020000766,92,92,0,Regular season
2001,0020000781,80,80,0,Regular season
2001,0020000797,90,90,0,Regular season
2001,0020000811,78,78,0,Regular season
2001,0020000826,78,78,0,Regular season
2001,0020000844,81,81,0,Regular season
2001,0020000847,122,122,0,Regular season
2001,0020000869,87,87,0,Regular season
2001,0020000892,75,75,0,Regular season
2001,0020000903,90,90,0,Regular season
2001,0020000914,94,94,0,Regular season
2001,0020000930,67,67,0,Regular season
2001,0020000946,80,80,0,Regular season
2001,0020000951,80,80,0,Regular season
2001,0020000971,95,95,0,Regular season
2001,0020000978,81,81,0,Regular season
2001,0020000994,93,93,0,Regular season
2001,0020001004,98,98,0,Regular season
2001,0020001012,104,104,0,Regular season
2001,0020001033,104,104,0,Regular season
2001,0020001050,90,90,0,Regular season
2001,0020001068,83,83,0,Regular season
2001,0020001083,88,88,0,Regular season
2001,0020001092,93,93,0,Regular season
2001,0020001106,88,88,0,Regular season
2001,0020001118,84,84,0,Regular season
2001,0020001126,113,113,0,Regular season
2001,0020001143,83,83,0,Regular season
2001,0020001159,86,86,0,Regular season
2001,0020001170,100,100,0,Regular season
2001,0020001181,92,92,0,Regular season
2002,0020100016,73,73,0,Regular season
2002,0020100028,82,82,0,Regular season
2002,0020100039,84,84,0,Regular season
2002,0020100067,73,73,0,Regular season
2002,0020100073,74,74,0,Regular season
2002,0020100089,85,85,0,Regular season
2002,0020100106,93,93,0,Regular season
2002,0020100114,102,102,0,Regular season
2002,0020100128,71,71,0,Regular season
2002,0020100139,88,88,0,Regular season
2002,0020100159,92,92,0,Regular season
2002,0020100179,71,71,0,Regular season
2002,0020100198,68,68,0,Regular season
2002,0020100216,78,78,0,Regular season
2002,0020100231,76,76,0,Regular season
2002,0020100250,103,103,0,Regular season
2002,0020100255,74,74,0,Regular season
2002,0020100266,83,83,0,Regular season
2002,0020100280,87,87,0,Regular season
2002,0020100296,93,93,0,Regular season
2002,0020100315,101,101,0,Regular season
2002,0020100323,79,79,0,Regular season
2002,0020100339,84,84,0,Regular season
2002,0020100357,91,91,0,Regular season
2002,0020100375,74,74,0,Regular season
2002,0020100393,85,85,0,Regular season
2002,0020100403,74,74,0,Regular season
2002,0020100418,103,103,0,Regular season
2002,0020100430,90,90,0,Regular season
2002,0020100438,97,97,0,Regular season
2002,0020100447,83,83,0,Regular season
2002,0020100462,111,111,0,Regular season
2002,0020100477,88,88,0,Regular season
2002,0020100493,73,73,0,Regular season
2002,0020100502,90,90,0,Regular season
2002,0020100514,106,106,0,Regular season
2002,0020100533,86,86,0,Regular season
2002,0020100545,94,94,0,Regular season
2002,0020100564,69,69,0,Regular season
2002,0020100575,81,81,0,Regular season
2002,0020100584,79,79,0,Regular season
2002,0020100618,95,95,0,Regular season
2002,0020100634,90,90,0,Regular season
2002,0020100640,78,78,0,Regular season
2002,0020100662,97,97,0,Regular season
2002,0020100672,96,96,0,Regular season
2002,0020100691,97,97,0,Regular season
2002,0020100703,96,96,0,Regular season
2002,0020100709,91,91,0,Regular season
2002,0020100726,81,81,0,Regular season
2002,0020100732,101,101,0,Regular season
2002,0020100749,80,80,0,Regular season
2002,0020100764,113,113,0,Regular season
2002,0020100779,91,91,0,Regular season
2002,0020100786,105,105,0,Regular season
2002,0020100804,97,97,0,Regular season
2002,0020100814,89,89,0,Regular season
2002,0020100828,90,90,0,Regular season
2002,0020100839,84,84,0,Regular season
2002,0020100852,90,90,0,Regular season
2002,0020100866,87,87,0,Regular season
2002,0020100879,90,90,0,Regular season
2002,0020100888,73,73,0,Regular season
2002,0020100904,103,103,0,Regular season
2002,0020100911,81,81,0,Regular season
2002,0020100924,86,86,0,Regular season
2002,0020100939,114,114,0,Regular season
2002,0020100961,96,96,0,Regular season
2002,0020100984,93,93,0,Regular season
2002,0020100987,96,96,0,Regular season
2002,0020101010,82,82,0,Regular season
2002,0020101028,79,79,0,Regular season
2002,0020101044,84,84,0,Regular season
2002,0020101068,104,104,0,Regular season
2002,0020101089,96,96,0,Regular season
2002,0020101096,101,101,0,Regular season
2002,0020101108,105,105,0,Regular season
2002,0020101127,102,102,0,Regular season
2002,0020101131,104,104,0,Regular season
2002,0020101150,106,106,0,Regular season
2002,0020101162,98,98,0,Regular season
2002,0020101177,106,106,0,Regular season
2003,0020200004,99,99,0,Regular season
2003,0020200025,84,84,0,Regular season
2003,0020200032,92,92,0,Regular season
2003,0020200046,105,105,0,Regular season
2003,0020200064,69,69,0,Regular season
2003,0020200078,87,87,0,Regular season
2003,0020200086,100,100,0,Regular season
2003,0020200110,101,101,0,Regular season
2003,0020200123,87,87,0,Regular season
2003,0020200135,111,111,0,Regular season
2003,0020200154,98,98,0,Regular season
2003,0020200165,94,94,0,Regular season
2003,0020200178,73,73,0,Regular season
2003,0020200186,90,90,0,Regular season
2003,0020200204,82,82,0,Regular season
2003,0020200233,90,90,0,Regular season
2003,0020200251,90,90,0,Regular season
2003,0020200257,101,101,0,Regular season
2003,0020200271,89,89,0,Regular season
2003,0020200283,112,112,0,Regular season
2003,0020200302,107,107,0,Regular season
2003,0020200314,76,76,0,Regular season
2003,0020200333,97,97,0,Regular season
2003,0020200346,94,94,0,Regular season
2003,0020200360,96,96,0,Regular season
2003,0020200370,86,86,0,Regular season
2003,0020200385,110,110,0,Regular season
2003,0020200397,83,83,0,Regular season
2003,0020200413,100,100,0,Regular season
2003,0020200422,95,95,0,Regular season
2003,0020200443,102,102,0,Regular season
2003,0020200450,82,82,0,Regular season
2003,0020200468,85,85,0,Regular season
2003,0020200484,113,113,0,Regular season
2003,0020200492,98,98,0,Regular season
2003,0020200512,85,85,0,Regular season
2003,0020200533,101,101,0,Regular season
2003,0020200538,86,86,0,Regular season
2003,0020200559,83,83,0,Regular season
2003,0020200569,101,101,0,Regular season
2003,0020200578,115,115,0,Regular season
2003,0020200592,91,91,0,Regular season
2003,0020200613,104,104,0,Regular season
2003,0020200627,100,100,0,Regular season
2003,0020200652,75,75,0,Regular season
2003,0020200665,94,94,0,Regular season
2003,0020200675,77,77,0,Regular season
2003,0020200687,111,111,0,Regular season
2003,0020200696,100,100,0,Regular season
2003,0020200713,79,79,0,Regular season
2003,0020200720,111,111,0,Regular season
2003,0020200734,72,72,0,Regular season
2003,0020200744,88,88,0,Regular season
2003,0020200763,107,107,0,Regular season
2003,0020200776,82,82,0,Regular season
2003,0020200784,96,96,0,Regular season
2003,0020200794,90,90,0,Regular season
2003,0020200810,90,90,0,Regular season
2003,0020200827,103,103,0,Regular season
2003,0020200840,88,88,0,Regular season
2003,0020200845,93,93,0,Regular season
2003,0020200860,89,89,0,Regular season
2003,0020200882,119,119,0,Regular season
2003,0020200895,97,97,0,Regular season
2003,0020200917,116,116,0,Regular season
2003,0020200927,95,95,0,Regular season
2003,0020200939,91,91,0,Regular season
2003,0020200954,97,97,0,Regular season
2003,0020200965,103,103,0,Regular season
2003,0020200997,100,100,0,Regular season
2003,0020201006,82,82,0,Regular season
2003,0020201027,82,82,0,Regular season
2003,0020201039,89,89,0,Regular season
2003,0020201051,92,92,0,Regular season
2003,0020201069,94,94,0,Regular season
2003,0020201076,101,101,0,Regular season
2003,0020201100,117,117,0,Regular season
2003,0020201119,115,115,0,Regular season
2003,0020201128,102,102,0,Regular season
2003,0020201145,95,95,0,Regular season
2003,0020201158,95,95,0,Regular season
2003,0020201173,115,115,0,Regular season
2004,0020300010,74,74,0,Regular season
2004,0020300024,100,100,0,Regular season
2004,0020300032,68,68,0,Regular season
2004,0020300044,66,66,0,Regular season
2004,0020300054,106,106,0,Regular season
2004,0020300072,85,85,0,Regular season
2004,0020300079,109,109,0,Regular season
2004,0020300092,97,97,0,Regular season
2004,0020300103,89,89,0,Regular season
2004,0020300113,89,89,0,Regular season
2004,0020300132,90,90,0,Regular season
2004,0020300150,82,82,0,Regular season
2004,0020300172,94,94,0,Regular season
2004,0020300185,99,99,0,Regular season
2004,0020300195,98,98,0,Regular season
2004,0020300205,98,98,0,Regular season
2004,0020300237,97,97,0,Regular season
2004,0020300257,82,82,0,Regular season
2004,0020300274,91,91,0,Regular season
2004,0020300287,82,82,0,Regular season
2004,0020300316,95,95,0,Regular season
2004,0020300324,86,86,0,Regular season
2004,0020300343,102,102,0,Regular season
2004,0020300352,73,73,0,Regular season
2004,0020300374,87,87,0,Regular season
2004,0020300387,80,80,0,Regular season
2004,0020300391,78,78,0,Regular season
2004,0020300405,87,87,0,Regular season
2004,0020300420,100,100,0,Regular season
2004,0020300434,83,83,0,Regular season
2004,0020300442,93,93,0,Regular season
2004,0020300454,104,104,0,Regular season
2004,0020300468,77,77,0,Regular season
2004,0020300480,87,87,0,Regular season
2004,0020300495,95,95,0,Regular season
2004,0020300511,78,78,0,Regular season
2004,0020300520,89,89,0,Regular season
2004,0020300537,89,89,0,Regular season
2004,0020300553,93,93,0,Regular season
2004,0020300571,96,96,0,Regular season
2004,0020300580,83,83,0,Regular season
2004,0020300597,87,87,0,Regular season
2004,0020300616,93,93,0,Regular season
2004,0020300629,96,96,0,Regular season
2004,0020300644,92,92,0,Regular season
2004,0020300653,99,99,0,Regular season
2004,0020300668,81,81,0,Regular season
2004,0020300678,95,95,0,Regular season
2004,0020300691,97,97,0,Regular season
2004,0020300706,95,95,0,Regular season
2004,0020300717,80,80,0,Regular season
2004,0020300745,84,84,0,Regular season
2004,0020300759,107,107,0,Regular season
2004,0020300768,75,75,0,Regular season
2004,0020300792,83,83,0,Regular season
2004,0020300797,98,98,0,Regular season
2004,0020300829,88,88,0,Regular season
2004,0020300834,87,87,0,Regular season
2004,0020300852,87,87,0,Regular season
2004,0020300865,92,92,0,Regular season
2004,0020300878,97,97,0,Regular season
2004,0020300898,88,88,0,Regular season
2004,0020300922,81,81,0,Regular season
2004,0020300930,65,65,0,Regular season
2004,0020300940,76,76,0,Regular season
2004,0020300952,81,81,0,Regular season
2004,0020300967,87,87,0,Regular season
2004,0020300987,96,96,0,Regular season
2004,0020301000,87,87,0,Regular season
2004,0020301014,77,77,0,Regular season
2004,0020301022,81,81,0,Regular season
2004,0020301045,105,105,0,Regular season
2004,0020301049,88,88,0,Regular season
2004,0020301066,96,96,0,Regular season
2004,0020301078,109,109,0,Regular season
2004,0020301096,114,114,0,Regular season
2004,0020301103,83,83,0,Regular season
2004,0020301124,82,82,0,Regular season
2004,0020301142,101,101,0,Regular season
2004,0020301156,114,114,0,Regular season
2004,0020301168,84,84,0,Regular season
2004,0020301181,96,96,0,Regular season
2005,0020400025,106,106,0,Regular season
2005,0020400035,90,90,0,Regular season
2005,0020400055,74,74,0,Regular season
2005,0020400085,96,96,0,Regular season
2005,0020400104,106,106,0,Regular season
2005,0020400116,85,85,0,Regular season
2005,0020400125,81,81,0,Regular season
2005,0020400145,93,93,0,Regular season
2005,0020400149,82,82,0,Regular season
2005,0020400167,101,101,0,Regular season
2005,0020400187,74,74,0,Regular season
2005,0020400216,92,92,0,Regular season
2005,0020400229,81,81,0,Regular season
2005,0020400237,88,88,0,Regular season
2005,0020400250,75,75,0,Regular season
2005,0020400269,113,113,0,Regular season
2005,0020400281,88,88,0,Regular season
2005,0020400290,99,99,0,Regular season
2005,0020400304,93,93,0,Regular season
2005,0020400321,96,96,0,Regular season
2005,0020400327,85,85,0,Regular season
2005,0020400344,85,85,0,Regular season
2005,0020400355,92,92,0,Regular season
2005,0020400372,89,89,0,Regular season
2005,0020400385,92,92,0,Regular season
2005,0020400403,80,80,0,Regular season
2005,0020400430,105,105,0,Regular season
2005,0020400445,80,80,0,Regular season
2005,0020400460,95,95,0,Regular season
2005,0020400475,84,84,0,Regular season
2005,0020400484,102,102,0,Regular season
2005,0020400495,94,94,0,Regular season
2005,0020400509,110,110,0,Regular season
2005,0020400530,86,86,0,Regular season
2005,0020400544,88,88,0,Regular season
2005,0020400560,83,83,0,Regular season
2005,0020400578,95,95,0,Regular season
2005,0020400586,100,100,0,Regular season
2005,0020400600,107,107,0,Regular season
2005,0020400609,111,111,0,Regular season
2005,0020400625,101,101,0,Regular season
2005,0020400643,97,97,0,Regular season
2005,0020400661,97,97,0,Regular season
2005,0020400692,97,97,0,Regular season
2005,0020400713,107,107,0,Regular season
2005,0020400725,92,92,0,Regular season
2005,0020400747,87,87,0,Regular season
2005,0020400765,107,107,0,Regular season
2005,0020400770,121,121,0,Regular season
2005,0020400786,105,105,0,Regular season
2005,0020400791,91,91,0,Regular season
2005,0020400807,97,97,0,Regular season
2005,0020400814,94,94,0,Regular season
2005,0020400838,89,89,0,Regular season
2005,0020400862,99,99,0,Regular season
2005,0020400870,87,87,0,Regular season
2005,0020400882,90,90,0,Regular season
2005,0020400901,97,97,0,Regular season
2005,0020400913,100,100,0,Regular season
2005,0020400921,78,78,0,Regular season
2005,0020400940,93,93,0,Regular season
2005,0020400945,84,84,0,Regular season
2005,0020400963,90,90,0,Regular season
2005,0020400970,94,94,0,Regular season
2005,0020400987,105,105,0,Regular season
2005,0020400998,94,94,0,Regular season
2005,0020401014,94,94,0,Regular season
2005,0020401028,100,100,0,Regular season
2005,0020401042,94,94,0,Regular season
2005,0020401054,102,102,0,Regular season
2005,0020401064,102,102,0,Regular season
2005,0020401081,112,112,0,Regular season
2005,0020401099,86,86,0,Regular season
2005,0020401109,102,102,0,Regular season
2005,0020401122,102,102,0,Regular season
2005,0020401135,110,110,0,Regular season
2005,0020401150,84,84,0,Regular season
2005,0020401160,82,82,0,Regular season
2005,0020401178,117,117,0,Regular season
2005,0020401186,114,114,0,Regular season
2005,0020401214,92,92,0,Regular season
2005,0020401223,83,83,0,Regular season
2006,0020500012,109,109,0,Regular season
2006,0020500032,99,99,0,Regular season
2006,0020500050,95,95,0,Regular season
2006,0020500065,85,85,0,Regular season
2006,0020500086,103,103,0,Regular season
2006,0020500097,82,82,0,Regular season
2006,0020500115,93,93,0,Regular season
2006,0020500131,84,84,0,Regular season
2006,0020500145,96,96,0,Regular season
2006,0020500176,106,106,0,Regular season
2006,0020500186,94,94,0,Regular season
2006,0020500201,85,85,0,Regular season
2006,0020500212,101,101,0,Regular season
2006,0020500221,106,106,0,Regular season
2006,0020500232,79,79,0,Regular season
2006,0020500246,94,94,0,Regular season
2006,0020500260,102,102,0,Regular season
2006,0020500274,80,80,0,Regular season
2006,0020500280,118,118,0,Regular season
2006,0020500304,97,97,0,Regular season
2006,0020500307,105,105,0,Regular season
2006,0020500328,82,82,0,Regular season
2006,0020500338,118,118,0,Regular season
2006,0020500357,92,92,0,Regular season
2006,0020500369,100,100,0,Regular season
2006,0020500378,77,77,0,Regular season
2006,0020500389,91,91,0,Regular season
2006,0020500408,80,80,0,Regular season
2006,0020500427,98,98,0,Regular season
2006,0020500439,92,92,0,Regular season
2006,0020500453,97,97,0,Regular season
2006,0020500467,105,105,0,Regular season
2006,0020500477,111,111,0,Regular season
2006,0020500489,113,113,0,Regular season
2006,0020500505,93,93,0,Regular season
2006,0020500524,89,89,0,Regular season
2006,0020500540,94,94,0,Regular season
2006,0020500556,106,106,0,Regular season
2006,0020500571,108,108,0,Regular season
2006,0020500580,101,101,0,Regular season
2006,0020500604,104,104,0,Regular season
2006,0020500626,90,90,0,Regular season
2006,0020500635,111,111,0,Regular season
2006,0020500659,94,94,0,Regular season
2006,0020500669,95,95,0,Regular season
2006,0020500693,101,101,0,Regular season
2006,0020500703,107,107,0,Regular season
2006,0020500722,110,110,0,Regular season
2006,0020500724,80,80,0,Regular season
2006,0020500751,97,97,0,Regular season
2006,0020500762,101,101,0,Regular season
2006,0020500777,117,117,0,Regular season
2006,0020500796,97,97,0,Regular season
2006,0020500809,87,87,0,Regular season
2006,0020500815,102,102,0,Regular season
2006,0020500839,111,111,0,Regular season
2006,0020500855,91,91,0,Regular season
2006,0020500860,108,108,0,Regular season
2006,0020500879,72,72,0,Regular season
2006,0020500894,95,95,0,Regular season
2006,0020500901,101,101,0,Regular season
2006,0020500915,96,96,0,Regular season
2006,0020500920,95,95,0,Regular season
2006,0020500945,95,95,0,Regular season
2006,0020500956,88,88,0,Regular season
2006,0020500974,84,84,0,Regular season
2006,0020500980,104,104,0,Regular season
2006,0020501005,85,85,0,Regular season
2006,0020501023,96,96,0,Regular season
2006,0020501031,101,101,0,Regular season
2006,0020501051,93,93,0,Regular season
2006,0020501071,113,113,0,Regular season
2006,0020501080,100,100,0,Regular season
2006,0020501103,102,102,0,Regular season
2006,0020501109,99,99,0,Regular season
2006,0020501135,75,75,0,Regular season
2006,0020501158,104,104,0,Regular season
2006,0020501162,96,96,0,Regular season
2006,0020501184,103,103,0,Regular season
2006,0020501194,117,117,0,Regular season
2006,0020501204,116,116,0,Regular season
2006,0020501225,127,127,0,Regular season
2007,0020600001,108,108,0,Regular season
2007,0020600005,94,94,0,Regular season
2007,0020600026,88,88,0,Regular season
2007,0020600047,110,110,0,Regular season
2007,0020600069,94,94,0,Regular season
2007,0020600086,89,89,0,Regular season
2007,0020600105,99,99,0,Regular season
2007,0020600117,100,100,0,Regular season
2007,0020600125,83,83,0,Regular season
2007,0020600142,72,72,0,Regular season
2007,0020600156,109,109,0,Regular season
2007,0020600172,108,108,0,Regular season
2007,0020600187,106,106,0,Regular season
2007,0020600207,102,102,0,Regular season
2007,0020600228,111,111,0,Regular season
2007,0020600238,112,112,0,Regular season
2007,0020600251,100,100,0,Regular season
2007,0020600268,121,121,0,Regular season
2007,0020600281,93,93,0,Regular season
2007,0020600292,81,81,0,Regular season
2007,0020600306,106,106,0,Regular season
2007,0020600323,99,99,0,Regular season
2007,0020600336,117,117,0,Regular season
2007,0020600342,106,106,0,Regular season
2007,0020600362,94,94,0,Regular season
2007,0020600382,92,92,0,Regular season
2007,0020600399,115,115,0,Regular season
2007,0020600408,98,98,0,Regular season
2007,0020600422,109,109,0,Regular season
2007,0020600429,107,107,0,Regular season
2007,0020600446,103,103,0,Regular season
2007,0020600463,96,96,0,Regular season
2007,0020600482,86,86,0,Regular season
2007,0020600494,106,106,0,Regular season
2007,0020600506,77,77,0,Regular season
2007,0020600516,103,103,0,Regular season
2007,0020600528,83,83,0,Regular season
2007,0020600546,111,111,0,Regular season
2007,0020600559,99,99,0,Regular season
2007,0020600572,99,99,0,Regular season
2007,0020600599,85,85,0,Regular season
2007,0020600608,91,91,0,Regular season
2007,0020600618,94,94,0,Regular season
2007,0020600632,96,96,0,Regular season
2007,0020600650,100,100,0,Regular season
2007,0020600686,98,98,0,Regular season
2007,0020600698,107,107,0,Regular season
2007,0020600708,88,88,0,Regular season
2007,0020600718,95,95,0,Regular season
2007,0020600737,77,77,0,Regular season
2007,0020600748,121,121,0,Regular season
2007,0020600762,116,116,0,Regular season
2007,0020600772,111,111,0,Regular season
2007,0020600777,85,85,0,Regular season
2007,0020600795,106,106,0,Regular season
2007,0020600812,84,84,0,Regular season
2007,0020600820,105,105,0,Regular season
2007,0020600832,93,93,0,Regular season
2007,0020600844,87,87,0,Regular season
2007,0020600860,113,113,0,Regular season
2007,0020600875,104,104,0,Regular season
2007,0020600889,126,126,0,Regular season
2007,0020600911,70,70,0,Regular season
2007,0020600917,100,100,0,Regular season
2007,0020600936,94,94,0,Regular season
2007,0020600954,95,95,0,Regular season
2007,0020600958,88,88,0,Regular season
2007,0020600983,103,103,0,Regular season
2007,0020601002,89,89,0,Regular season
2007,0020601017,109,109,0,Regular season
2007,0020601037,92,92,0,Regular season
2007,0020601049,100,100,0,Regular season
2007,0020601069,83,83,0,Regular season
2007,0020601084,108,108,0,Regular season
2007,0020601089,105,105,0,Regular season
2007,0020601112,106,106,0,Regular season
2007,0020601129,105,105,0,Regular season
2007,0020601145,89,89,0,Regular season
2007,0020601163,98,98,0,Regular season
2007,0020601182,100,100,0,Regular season
2007,0020601195,101,101,0,Regular season
2007,0020601222,97,97,0,Regular season
2008,0020700007,103,103,0,Regular season
2008,0020700024,85,85,0,Regular season
2008,0020700031,72,72,0,Regular season
2008,0020700049,91,91,0,Regular season
2008,0020700064,97,97,0,Regular season
2008,0020700082,71,71,0,Regular season
2008,0020700118,102,102,0,Regular season
2008,0020700140,92,92,0,Regular season
2008,0020700144,78,78,0,Regular season
2008,0020700155,91,91,0,Regular season
2008,0020700182,78,78,0,Regular season
2008,0020700192,78,78,0,Regular season
2008,0020700208,90,90,0,Regular season
2008,0020700239,111,111,0,Regular season
2008,0020700253,98,98,0,Regular season
2008,0020700265,91,91,0,Regular season
2008,0020700279,98,98,0,Regular season
2008,0020700291,81,81,0,Regular season
2008,0020700311,123,123,0,Regular season
2008,0020700317,102,102,0,Regular season
2008,0020700335,101,101,0,Regular season
2008,0020700363,91,91,0,Regular season
2008,0020700365,95,95,0,Regular season
2008,0020700381,82,82,0,Regular season
2008,0020700396,98,98,0,Regular season
2008,0020700414,79,79,0,Regular season
2008,0020700427,103,103,0,Regular season
2008,0020700443,100,100,0,Regular season
2008,0020700450,110,110,0,Regular season
2008,0020700458,109,109,0,Regular season
2008,0020700469,109,109,0,Regular season
2008,0020700486,94,94,0,Regular season
2008,0020700506,100,100,0,Regular season
2008,0020700523,100,100,0,Regular season
2008,0020700542,84,84,0,Regular season
2008,0020700555,88,88,0,Regular season
2008,0020700564,126,126,0,Regular season
2008,0020700582,111,111,0,Regular season
2008,0020700588,97,97,0,Regular season
2008,0020700604,90,90,0,Regular season
2008,0020700617,108,108,0,Regular season
2008,0020700632,77,77,0,Regular season
2008,0020700642,77,77,0,Regular season
2008,0020700660,96,96,0,Regular season
2008,0020700670,67,67,0,Regular season
2008,0020700694,101,101,0,Regular season
2008,0020700706,118,118,0,Regular season
2008,0020700722,97,97,0,Regular season
2008,0020700725,114,114,0,Regular season
2008,0020700742,87,87,0,Regular season
2008,0020700763,86,86,0,Regular season
2008,0020700778,99,99,0,Regular season
2008,0020700793,102,102,0,Regular season
2008,0020700809,135,135,0,Regular season
2008,0020700829,97,97,0,Regular season
2008,0020700833,94,94,0,Regular season
2008,0020700848,113,113,0,Regular season
2008,0020700862,91,91,0,Regular season
2008,0020700875,86,86,0,Regular season
2008,0020700893,112,112,0,Regular season
2008,0020700909,107,107,0,Regular season
2008,0020700917,93,93,0,Regular season
2008,0020700937,109,109,0,Regular season
2008,0020700949,108,108,0,Regular season
2008,0020700971,106,106,0,Regular season
2008,0020700995,97,97,0,Regular season
2008,0020701001,112,112,0,Regular season
2008,0020701016,80,80,0,Regular season
2008,0020701035,101,101,0,Regular season
2008,0020701054,103,103,0,Regular season
2008,0020701060,99,99,0,Regular season
2008,0020701077,103,103,0,Regular season
2008,0020701086,114,114,0,Regular season
2008,0020701109,92,92,0,Regular season
2008,0020701123,101,101,0,Regular season
2008,0020701141,87,87,0,Regular season
2008,0020701155,88,88,0,Regular season
2008,0020701167,83,83,0,Regular season
2008,0020701179,100,100,0,Regular season
2008,0020701200,84,84,0,Regular season
2008,0020701207,151,151,0,Regular season
2008,0020701225,107,107,0,Regular season
2009,0020800002,108,108,0,Regular season
2009,0020800022,80,80,0,Regular season
2009,0020800034,96,96,0,Regular season
2009,0020800043,93,93,0,Regular season
2009,0020800055,93,93,0,Regular season
2009,0020800073,100,100,0,Regular season
2009,0020800082,97,97,0,Regular season
2009,0020800101,108,108,0,Regular season
2009,0020800118,98,98,0,Regular season
2009,0020800137,104,104,0,Regular season
2009,0020800158,109,109,0,Regular season
2009,0020800168,74,74,0,Regular season
2009,0020800182,115,115,0,Regular season
2009,0020800196,101,101,0,Regular season
2009,0020800202,101,101,0,Regular season
2009,0020800218,88,88,0,Regular season
2009,0020800248,103,103,0,Regular season
2009,0020800258,95,95,0,Regular season
2009,0020800270,90,90,0,Regular season
2009,0020800292,117,117,0,Regular season
2009,0020800308,105,105,0,Regular season
2009,0020800331,96,96,0,Regular season
2009,0020800340,113,113,0,Regular season
2009,0020800360,101,101,0,Regular season
2009,0020800373,115,115,0,Regular season
2009,0020800380,108,108,0,Regular season
2009,0020800395,106,106,0,Regular season
2009,0020800415,98,98,0,Regular season
2009,0020800426,77,77,0,Regular season
2009,0020800436,117,117,0,Regular season
2009,0020800452,100,100,0,Regular season
2009,0020800467,94,94,0,Regular season
2009,0020800476,92,92,0,Regular season
2009,0020800492,92,92,0,Regular season
2009,0020800511,99,99,0,Regular season
2009,0020800534,98,98,0,Regular season
2009,0020800542,98,98,0,Regular season
2009,0020800557,95,95,0,Regular season
2009,0020800568,102,102,0,Regular season
2009,0020800578,102,102,0,Regular season
2009,0020800594,87,87,0,Regular season
2009,0020800601,98,98,0,Regular season
2009,0020800613,102,102,0,Regular season
2009,0020800636,94,94,0,Regular season
2009,0020800652,108,108,0,Regular season
2009,0020800678,95,95,0,Regular season
2009,0020800691,109,109,0,Regular season
2009,0020800700,122,122,0,Regular season
2009,0020800718,100,100,0,Regular season
2009,0020800727,107,107,0,Regular season
2009,0020800747,114,114,0,Regular season
2009,0020800769,107,107,0,Regular season
2009,0020800785,93,93,0,Regular season
2009,0020800801,113,113,0,Regular season
2009,0020800816,116,116,0,Regular season
2009,0020800827,91,91,0,Regular season
2009,0020800845,120,120,0,Regular season
2009,0020800852,99,99,0,Regular season
2009,0020800865,90,90,0,Regular season
2009,0020800879,105,105,0,Regular season
2009,0020800897,80,80,0,Regular season
2009,0020800910,110,110,0,Regular season
2009,0020800922,117,117,0,Regular season
2009,0020800945,127,127,0,Regular season
2009,0020800956,79,79,0,Regular season
2009,0020800969,101,101,0,Regular season
2009,0020800981,97,97,0,Regular season
2009,0020801003,127,127,0,Regular season
2009,0020801016,103,103,0,Regular season
2009,0020801038,109,109,0,Regular season
2009,0020801049,101,101,0,Regular season
2009,0020801055,99,99,0,Regular season
2009,0020801071,106,106,0,Regular season
2009,0020801083,112,112,0,Regular season
2009,0020801094,129,129,0,Regular season
2009,0020801106,105,105,0,Regular season
2009,0020801136,103,103,0,Regular season
2009,0020801158,110,110,0,Regular season
2009,0020801173,113,113,0,Regular season
2009,0020801192,113,113,0,Regular season
2009,0020801204,91,91,0,Regular season
2009,0020801218,98,98,0,Regular season
2010,0020900017,92,92,0,Regular season
2010,0020900022,90,90,0,Regular season
2010,0020900041,87,87,0,Regular season
2010,0020900056,83,83,0,Regular season
2010,0020900070,86,86,0,Regular season
2010,0020900087,93,93,0,Regular season
2010,0020900105,89,89,0,Regular season
2010,0020900110,89,89,0,Regular season
2010,0020900139,94,94,0,Regular season
2010,0020900156,101,101,0,Regular season
2010,0020900172,93,93,0,Regular season
2010,0020900189,93,93,0,Regular season
2010,0020900200,98,98,0,Regular season
2010,0020900221,86,86,0,Regular season
2010,0020900249,97,97,0,Regular season
2010,0020900264,92,92,0,Regular season
2010,0020900274,87,87,0,Regular season
2010,0020900283,78,78,0,Regular season
2010,0020900303,101,101,0,Regular season
2010,0020900308,83,83,0,Regular season
2010,0020900324,96,96,0,Regular season
2010,0020900333,80,80,0,Regular season
2010,0020900354,87,87,0,Regular season
2010,0020900370,98,98,0,Regular season
2010,0020900387,101,101,0,Regular season
2010,0020900402,98,98,0,Regular season
2010,0020900408,81,81,0,Regular season
2010,0020900432,96,96,0,Regular season
2010,0020900455,104,104,0,Regular season
2010,0020900469,98,98,0,Regular season
2010,0020900482,101,101,0,Regular season
2010,0020900495,85,85,0,Regular season
2010,0020900498,108,108,0,Regular season
2010,0020900524,93,93,0,Regular season
2010,0020900533,110,110,0,Regular season
2010,0020900547,120,120,0,Regular season
2010,0020900569,96,96,0,Regular season
2010,0020900574,121,121,0,Regular season
2010,0020900602,97,97,0,Regular season
2010,0020900620,97,97,0,Regular season
2010,0020900635,115,115,0,Regular season
2010,0020900641,104,104,0,Regular season
2010,0020900654,98,98,0,Regular season
2010,0020900669,96,96,0,Regular season
2010,0020900683,108,108,0,Regular season
2010,0020900715,82,82,0,Regular season
2010,0020900719,103,103,0,Regular season
2010,0020900735,81,81,0,Regular season
2010,0020900745,95,95,0,Regular season
2010,0020900760,109,109,0,Regular season
2010,0020900773,87,87,0,Regular season
2010,0020900784,118,118,0,Regular season
2010,0020900796,115,115,0,Regular season
2010,0020900809,100,100,0,Regular season
2010,0020900818,122,122,0,Regular season
2010,0020900832,95,95,0,Regular season
2010,0020900848,120,120,0,Regular season
2010,0020900862,115,115,0,Regular season
2010,0020900873,90,90,0,Regular season
2010,0020900889,92,92,0,Regular season
2010,0020900911,96,96,0,Regular season
2010,0020900928,116,116,0,Regular season
2010,0020900949,108,108,0,Regular season
2010,0020900962,82,82,0,Regular season
2010,0020900967,95,95,0,Regular season
2010,0020901001,97,97,0,Regular season
2010,0020901011,106,106,0,Regular season
2010,0020901022,85,85,0,Regular season
2010,0020901029,98,98,0,Regular season
2010,0020901045,98,98,0,Regular season
2010,0020901068,74,74,0,Regular season
2010,0020901083,106,106,0,Regular season
2010,0020901090,110,110,0,Regular season
2010,0020901104,105,105,0,Regular season
2010,0020901124,95,95,0,Regular season
2010,0020901135,96,96,0,Regular season
2010,0020901154,74,74,0,Regular season
2010,0020901171,109,109,0,Regular season
2010,0020901181,116,116,0,Regular season
2010,0020901197,104,104,0,Regular season
2010,0020901213,101,101,0,Regular season
2010,0020901219,98,98,0,Regular season
2011,0021000011,95,95,0,Regular season
2011,0021000035,101,101,0,Regular season
2011,0021000044,110,110,0,Regular season
2011,0021000066,112,112,0,Regular season
2011,0021000073,105,105,0,Regular season
2011,0021000098,94,94,0,Regular season
2011,0021000119,120,120,0,Regular season
2011,0021000134,103,103,0,Regular season
2011,0021000156,95,95,0,Regular season
2011,0021000166,94,94,0,Regular season
2011,0021000179,88,88,0,Regular season
2011,0021000208,91,91,0,Regular season
2011,0021000218,123,123,0,Regular season
2011,0021000229,97,97,0,Regular season
2011,0021000241,96,96,0,Regular season
2011,0021000266,78,78,0,Regular season
2011,0021000280,92,92,0,Regular season
2011,0021000290,119,119,0,Regular season
2011,0021000305,99,99,0,Regular season
2011,0021000317,88,88,0,Regular season
2011,0021000333,88,88,0,Regular season
2011,0021000345,113,113,0,Regular season
2011,0021000356,92,92,0,Regular season
2011,0021000370,110,110,0,Regular season
2011,0021000395,99,99,0,Regular season
2011,0021000417,121,121,0,Regular season
2011,0021000423,87,87,0,Regular season
2011,0021000433,95,95,0,Regular season
2011,0021000440,95,95,0,Regular season
2011,0021000458,90,90,0,Regular season
2011,0021000479,90,90,0,Regular season
2011,0021000485,100,100,0,Regular season
2011,0021000507,111,111,0,Regular season
2011,0021000513,94,94,0,Regular season
2011,0021000526,99,99,0,Regular season
2011,0021000540,90,90,0,Regular season
2011,0021000553,95,95,0,Regular season
2011,0021000561,91,91,0,Regular season
2011,0021000576,99,99,0,Regular season
2011,0021000591,99,99,0,Regular season
2011,0021000600,96,96,0,Regular season
2011,0021000612,82,82,0,Regular season
2011,0021000627,82,82,0,Regular season
2011,0021000645,92,92,0,Regular season
2011,0021000658,92,92,0,Regular season
2011,0021000687,99,99,0,Regular season
2011,0021000693,110,110,0,Regular season
2011,0021000729,106,106,0,Regular season
2011,0021000753,90,90,0,Regular season
2011,0021000763,103,103,0,Regular season
2011,0021000780,91,91,0,Regular season
2011,0021000800,97,97,0,Regular season
2011,0021000819,106,106,0,Regular season
2011,0021000836,109,109,0,Regular season
2011,0021000851,113,113,0,Regular season
2011,0021000859,93,93,0,Regular season
2011,0021000877,83,83,0,Regular season
2011,0021000890,105,105,0,Regular season
2011,0021000902,80,80,0,Regular season
2011,0021000915,89,89,0,Regular season
2011,0021000931,87,87,0,Regular season
2011,0021000943,85,85,0,Regular season
2011,0021000953,101,101,0,Regular season
2011,0021000971,94,94,0,Regular season
2011,0021000979,118,118,0,Regular season
2011,0021001001,98,98,0,Regular season
2011,0021001014,84,84,0,Regular season
2011,0021001017,108,108,0,Regular season
2011,0021001047,132,132,0,Regular season
2011,0021001051,114,114,0,Regular season
2011,0021001074,99,99,0,Regular season
2011,0021001084,95,95,0,Regular season
2011,0021001098,85,85,0,Regular season
2011,0021001113,108,108,0,Regular season
2011,0021001124,101,101,0,Regular season
2011,0021001133,113,113,0,Regular season
2011,0021001156,97,97,0,Regular season
2011,0021001174,97,97,0,Regular season
2011,0021001180,93,93,0,Regular season
2011,0021001193,102,102,0,Regular season
2011,0021001213,103,103,0,Regular season
2011,0021001222,97,97,0,Regular season
2012,0021100003,88,88,0,Regular season
2012,0021100017,91,91,0,Regular season
2012,0021100036,108,108,0,Regular season
2012,0021100049,114,114,0,Regular season
2012,0021100062,104,104,0,Regular season
2012,0021100077,76,76,0,Regular season
2012,0021100087,99,99,0,Regular season
2012,0021100103,97,97,0,Regular season
2012,0021100110,94,94,0,Regular season
2012,0021100130,92,92,0,Regular season
2012,0021100138,111,111,0,Regular season
2012,0021100147,78,78,0,Regular season
2012,0021100162,88,88,0,Regular season
2012,0021100174,77,77,0,Regular season
2012,0021100185,86,86,0,Regular season
2012,0021100198,118,118,0,Regular season
2012,0021100222,114,114,0,Regular season
2012,0021100232,95,95,0,Regular season
2012,0021100244,110,110,0,Regular season
2012,0021100261,90,90,0,Regular season
2012,0021100277,107,107,0,Regular season
2012,0021100291,93,93,0,Regular season
2012,0021100300,98,98,0,Regular season
2012,0021100315,82,82,0,Regular season
2012,0021100327,105,105,0,Regular season
2012,0021100349,113,113,0,Regular season
2012,0021100360,108,108,0,Regular season
2012,0021100381,90,90,0,Regular season
2012,0021100391,95,95,0,Regular season
2012,0021100409,91,91,0,Regular season
2012,0021100423,121,121,0,Regular season
2012,0021100443,89,89,0,Regular season
2012,0021100457,85,85,0,Regular season
2012,0021100470,90,90,0,Regular season
2012,0021100493,110,110,0,Regular season
2012,0021100506,99,99,0,Regular season
2012,0021100520,96,96,0,Regular season
2012,0021100531,112,112,0,Regular season
2012,0021100550,96,96,0,Regular season
2012,0021100557,92,92,0,Regular season
2012,0021100575,106,106,0,Regular season
2012,0021100582,94,94,0,Regular season
2012,0021100598,111,111,0,Regular season
2012,0021100612,104,104,0,Regular season
2012,0021100629,106,106,0,Regular season
2012,0021100647,89,89,0,Regular season
2012,0021100658,89,89,0,Regular season
2012,0021100673,85,85,0,Regular season
2012,0021100683,94,94,0,Regular season
2012,0021100714,102,102,0,Regular season
2012,0021100733,91,91,0,Regular season
2012,0021100749,98,98,0,Regular season
2012,0021100763,83,83,0,Regular season
2012,0021100777,78,78,0,Regular season
2012,0021100786,93,93,0,Regular season
2012,0021100813,93,93,0,Regular season
2012,0021100835,99,99,0,Regular season
2012,0021100857,98,98,0,Regular season
2012,0021100870,96,96,0,Regular season
2012,0021100897,100,100,0,Regular season
2012,0021100907,84,84,0,Regular season
2012,0021100919,100,100,0,Regular season
2012,0021100934,72,72,0,Regular season
2012,0021100946,93,93,0,Regular season
2012,0021100973,92,92,0,Regular season
2012,0021100984,107,107,0,Regular season
2013,0021200007,93,93,0,Regular season
2013,0021200019,115,115,0,Regular season
2013,0021200031,82,82,0,Regular season
2013,0021200050,99,99,0,Regular season
2013,0021200066,91,91,0,Regular season
2013,0021200084,87,87,0,Regular season
2013,0021200098,95,95,0,Regular season
2013,0021200116,112,112,0,Regular season
2013,0021200132,80,80,0,Regular season
2013,0021200145,94,94,0,Regular season
2013,0021200165,89,89,0,Regular season
2013,0021200188,93,93,0,Regular season
2013,0021200199,92,92,0,Regular season
2013,0021200214,101,101,0,Regular season
2013,0021200235,93,93,0,Regular season
2013,0021200254,76,76,0,Regular season
2013,0021200262,95,95,0,Regular season
2013,0021200274,108,108,0,Regular season
2013,0021200288,93,93,0,Regular season
2013,0021200308,89,89,0,Regular season
2013,0021200312,96,96,0,Regular season
2013,0021200341,83,83,0,Regular season
2013,0021200353,71,71,0,Regular season
2013,0021200360,100,100,0,Regular season
2013,0021200383,110,110,0,Regular season
2013,0021200391,75,75,0,Regular season
2013,0021200408,97,97,0,Regular season
2013,0021200413,101,101,0,Regular season
2013,0021200441,87,87,0,Regular season
2013,0021200453,81,81,0,Regular season
2013,0021200465,96,96,0,Regular season
2013,0021200481,96,96,0,Regular season
2013,0021200506,118,118,0,Regular season
2013,0021200520,96,96,0,Regular season
2013,0021200534,108,108,0,Regular season
2013,0021200546,81,81,0,Regular season
2013,0021200558,97,97,0,Regular season
2013,0021200570,107,107,0,Regular season
2013,0021200584,100,100,0,Regular season
2013,0021200595,82,82,0,Regular season
2013,0021200612,95,95,0,Regular season
2013,0021200620,85,85,0,Regular season
2013,0021200636,103,103,0,Regular season
2013,0021200644,73,73,0,Regular season
2013,0021200663,93,93,0,Regular season
2013,0021200676,104,104,0,Regular season
2013,0021200687,89,89,0,Regular season
2013,0021200696,93,93,0,Regular season
2013,0021200734,96,96,0,Regular season
2013,0021200746,93,93,0,Regular season
2013,0021200766,89,89,0,Regular season
2013,0021200778,69,69,0,Regular season
2013,0021200793,96,96,0,Regular season
2013,0021200809,67,67,0,Regular season
2013,0021200813,105,105,0,Regular season
2013,0021200838,72,72,0,Regular season
2013,0021200846,98,98,0,Regular season
2013,0021200862,93,93,0,Regular season
2013,0021200877,96,96,0,Regular season
2013,0021200887,92,92,0,Regular season
2013,0021200909,83,83,0,Regular season
2013,0021200922,89,89,0,Regular season
2013,0021200935,81,81,0,Regular season
2013,0021200963,79,79,0,Regular season
2013,0021200978,113,113,0,Regular season
2013,0021200999,118,118,0,Regular season
2013,0021201019,89,89,0,Regular season
2013,0021201035,87,87,0,Regular season
2013,0021201044,104,104,0,Regular season
2013,0021201062,101,101,0,Regular season
2013,0021201085,98,98,0,Regular season
2013,0021201097,95,95,0,Regular season
2013,0021201108,86,86,0,Regular season
2013,0021201123,92,92,0,Regular season
2013,0021201131,87,87,0,Regular season
2013,0021201150,85,85,0,Regular season
2013,0021201158,98,98,0,Regular season
2013,0021201174,118,118,0,Regular season
2013,0021201176,88,88,0,Regular season
2013,0021201194,93,93,0,Regular season
2013,0021201203,102,102,0,Regular season
2013,0021201222,95,95,0,Regular season
2014,0021300002,95,95,0,Regular season
2014,0021300018,82,82,0,Regular season
2014,0021300034,104,104,0,Regular season
2014,0021300061,80,80,0,Regular season
2014,0021300079,97,97,0,Regular season
2014,0021300102,96,96,0,Regular season
2014,0021300126,96,96,0,Regular season
2014,0021300140,110,110,0,Regular season
2014,0021300151,86,86,0,Regular season
2014,0021300175,87,87,0,Regular season
2014,0021300185,95,95,0,Regular season
2014,0021300198,82,82,0,Regular season
2014,0021300209,83,83,0,Regular season
2014,0021300220,99,99,0,Regular season
2014,0021300242,93,93,0,Regular season
2014,0021300257,128,128,0,Regular season
2014,0021300279,107,107,0,Regular season
2014,0021300292,75,75,0,Regular season
2014,0021300316,74,74,0,Regular season
2014,0021300324,78,78,0,Regular season
2014,0021300337,91,91,0,Regular season
2014,0021300346,77,77,0,Regular season
2014,0021300362,82,82,0,Regular season
2014,0021300379,94,94,0,Regular season
2014,0021300381,95,95,0,Regular season
2014,0021300397,100,100,0,Regular season
2014,0021300418,95,95,0,Regular season
2014,0021300441,83,83,0,Regular season
2014,0021300454,95,95,0,Regular season
2014,0021300463,79,79,0,Regular season
2014,0021300475,94,94,0,Regular season
2014,0021300492,91,91,0,Regular season
2014,0021300513,92,92,0,Regular season
2014,0021300538,81,81,0,Regular season
2014,0021300547,103,103,0,Regular season
2014,0021300558,88,88,0,Regular season
2014,0021300566,128,128,0,Regular season
2014,0021300585,93,93,0,Regular season
2014,0021300596,103,103,0,Regular season
2014,0021300613,102,102,0,Regular season
2014,0021300622,98,98,0,Regular season
2014,0021300641,95,95,0,Regular season
2014,0021300646,89,89,0,Regular season
2014,0021300664,86,86,0,Regular season
2014,0021300683,96,96,0,Regular season
2014,0021300703,79,79,0,Regular season
2014,0021300720,70,70,0,Regular season
2014,0021300723,101,101,0,Regular season
2014,0021300738,87,87,0,Regular season
2014,0021300757,92,92,0,Regular season
2014,0021300772,100,100,0,Regular season
2014,0021300790,92,92,0,Regular season
2014,0021300803,94,94,0,Regular season
2014,0021300820,117,117,0,Regular season
2014,0021300834,79,79,0,Regular season
2014,0021300849,107,107,0,Regular season
2014,0021300855,103,103,0,Regular season
2014,0021300870,100,100,0,Regular season
2014,0021300883,109,109,0,Regular season
2014,0021300891,80,80,0,Regular season
2014,0021300909,105,105,0,Regular season
2014,0021300917,77,77,0,Regular season
2014,0021300934,95,95,0,Regular season
2014,0021300952,96,96,0,Regular season
2014,0021300968,111,111,0,Regular season
2014,0021300986,94,94,0,Regular season
2014,0021300999,85,85,0,Regular season
2014,0021301008,102,102,0,Regular season
2014,0021301022,79,79,0,Regular season
2014,0021301034,91,91,0,Regular season
2014,0021301050,89,89,0,Regular season
2014,0021301080,74,74,0,Regular season
2014,0021301097,107,107,0,Regular season
2014,0021301106,94,94,0,Regular season
2014,0021301120,105,105,0,Regular season
2014,0021301137,102,102,0,Regular season
2014,0021301144,96,96,0,Regular season
2014,0021301169,102,102,0,Regular season
2014,0021301181,106,106,0,Regular season
2014,0021301197,89,89,0,Regular season
2014,0021301208,108,108,0,Regular season
2014,0021301223,86,86,0,Regular season
2015,0021400010,104,104,0,Regular season
2015,0021400022,108,108,0,Regular season
2015,0021400035,106,106,0,Regular season
2015,0021400053,98,98,0,Regular season
2015,0021400062,95,95,0,Regular season
2015,0021400073,118,118,0,Regular season
2015,0021400086,101,101,0,Regular season
2015,0021400101,102,102,0,Regular season
2015,0021400119,100,100,0,Regular season
2015,0021400135,90,90,0,Regular season
2015,0021400154,105,105,0,Regular season
2015,0021400171,88,88,0,Regular season
2015,0021400183,87,87,0,Regular season
2015,0021400204,97,97,0,Regular season
2015,0021400209,109,109,0,Regular season
2015,0021400223,109,109,0,Regular season
2015,0021400242,102,102,0,Regular season
2015,0021400257,129,129,0,Regular season
2015,0021400263,102,102,0,Regular season
2015,0021400289,102,102,0,Regular season
2015,0021400320,105,105,0,Regular season
2015,0021400328,115,115,0,Regular season
2015,0021400349,93,93,0,Regular season
2015,0021400358,86,86,0,Regular season
2015,0021400379,103,103,0,Regular season
2015,0021400389,103,103,0,Regular season
2015,0021400410,129,129,0,Regular season
2015,0021400419,99,99,0,Regular season
2015,0021400430,113,113,0,Regular season
2015,0021400447,107,107,0,Regular season
2015,0021400460,92,92,0,Regular season
2015,0021400467,82,82,0,Regular season
2015,0021400482,106,106,0,Regular season
2015,0021400496,109,109,0,Regular season
2015,0021400512,114,114,0,Regular season
2015,0021400528,77,77,0,Regular season
2015,0021400543,86,86,0,Regular season
2015,0021400554,95,95,0,Regular season
2015,0021400566,114,114,0,Regular season
2015,0021400579,99,99,0,Regular season
2015,0021400591,119,119,0,Regular season
2015,0021400602,99,99,0,Regular season
2015,0021400620,94,94,0,Regular season
2015,0021400637,104,104,0,Regular season
2015,0021400646,102,102,0,Regular season
2015,0021400657,84,84,0,Regular season
2015,0021400679,113,113,0,Regular season
2015,0021400695,118,118,0,Regular season
2015,0021400704,93,93,0,Regular season
2015,0021400735,90,90,0,Regular season
2015,0021400758,107,107,0,Regular season
2015,0021400770,98,98,0,Regular season
2015,0021400785,104,104,0,Regular season
2015,0021400800,113,113,0,Regular season
2015,0021400806,91,91,0,Regular season
2015,0021400818,112,112,0,Regular season
2015,0021400831,87,87,0,Regular season
2015,0021400845,86,86,0,Regular season
2015,0021400862,96,96,0,Regular season
2015,0021400877,86,86,0,Regular season
2015,0021400893,97,97,0,Regular season
2015,0021400909,108,108,0,Regular season
2015,0021400912,84,84,0,Regular season
2015,0021400931,105,105,0,Regular season
2015,0021400941,91,91,0,Regular season
2015,0021400953,104,104,0,Regular season
2015,0021400967,91,91,0,Regular season
2015,0021400982,100,100,0,Regular season
2015,0021401009,103,103,0,Regular season
2015,0021401025,108,108,0,Regular season
2015,0021401033,91,91,0,Regular season
2015,0021401051,98,98,0,Regular season
2015,0021401065,116,116,0,Regular season
2015,0021401088,111,111,0,Regular season
2015,0021401118,91,91,0,Regular season
2015,0021401131,88,88,0,Regular season
2015,0021401148,94,94,0,Regular season
2015,0021401161,103,103,0,Regular season
2015,0021401173,89,89,0,Regular season
2015,0021401189,114,114,0,Regular season
2015,0021401206,113,113,0,Regular season
2015,0021401217,91,91,0,Regular season
2016,0021500002,97,97,0,Regular season
2016,0021500006,115,115,0,Regular season
2016,0021500025,94,94,0,Regular season
2016,0021500043,92,92,0,Regular season
2016,0021500053,105,105,0,Regular season
2016,0021500070,104,104,0,Regular season
2016,0021500085,93,93,0,Regular season
2016,0021500100,111,111,0,Regular season
2016,0021500132,102,102,0,Regular season
2016,0021500153,96,96,0,Regular season
2016,0021500174,103,103,0,Regular season
2016,0021500187,94,94,0,Regular season
2016,0021500213,93,93,0,Regular season
2016,0021500231,92,92,0,Regular season
2016,0021500257,92,92,0,Regular season
2016,0021500273,99,99,0,Regular season
2016,0021500292,96,96,0,Regular season
2016,0021500309,101,101,0,Regular season
2016,0021500319,100,100,0,Regular season
2016,0021500330,83,83,0,Regular season
2016,0021500348,98,98,0,Regular season
2016,0021500361,115,115,0,Regular season
2016,0021500377,98,98,0,Regular season
2016,0021500391,144,144,0,Regular season
2016,0021500400,91,91,0,Regular season
2016,0021500414,102,102,0,Regular season
2016,0021500437,105,105,0,Regular season
2016,0021500449,111,111,0,Regular season
2016,0021500463,104,104,0,Regular season
2016,0021500478,102,102,0,Regular season
2016,0021500493,108,108,0,Regular season
2016,0021500507,115,115,0,Regular season
2016,0021500522,117,117,0,Regular season
2016,0021500537,101,101,0,Regular season
2016,0021500551,105,105,0,Regular season
2016,0021500567,100,100,0,Regular season
2016,0021500573,101,101,0,Regular season
2016,0021500587,115,115,0,Regular season
2016,0021500597,77,77,0,Regular season
2016,0021500619,111,111,0,Regular season
2016,0021500634,94,94,0,Regular season
2016,0021500646,101,101,0,Regular season
2016,0021500659,96,96,0,Regular season
2016,0021500669,84,84,0,Regular season
2016,0021500697,114,114,0,Regular season
2016,0021500714,93,93,0,Regular season
2016,0021500728,96,96,0,Regular season
2016,0021500744,107,107,0,Regular season
2016,0021500757,110,110,0,Regular season
2016,0021500766,105,105,0,Regular season
2016,0021500774,91,91,0,Regular season
2016,0021500796,90,90,0,Regular season
2016,0021500803,95,95,0,Regular season
2016,0021500809,116,116,0,Regular season
2016,0021500831,126,126,0,Regular season
2016,0021500850,109,109,0,Regular season
2016,0021500865,88,88,0,Regular season
2016,0021500871,95,95,0,Regular season
2016,0021500892,111,111,0,Regular season
2016,0021500897,89,89,0,Regular season
2016,0021500927,108,108,0,Regular season
2016,0021500940,100,100,0,Regular season
2016,0021500960,101,101,0,Regular season
2016,0021500966,96,96,0,Regular season
2016,0021500991,109,109,0,Regular season
2016,0021501006,96,96,0,Regular season
2016,0021501016,118,118,0,Regular season
2016,0021501034,92,92,0,Regular season
2016,0021501049,109,109,0,Regular season
2016,0021501060,107,107,0,Regular season
2016,0021501070,94,94,0,Regular season
2016,0021501083,89,89,0,Regular season
2016,0021501099,100,100,0,Regular season
2016,0021501107,98,98,0,Regular season
2016,0021501124,103,103,0,Regular season
2016,0021501139,90,90,0,Regular season
2016,0021501150,102,102,0,Regular season
2016,0021501158,92,92,0,Regular season
2016,0021501174,98,98,0,Regular season
2016,0021501191,105,105,0,Regular season
2016,0021501208,121,121,0,Regular season
2016,0021501222,115,115,0,Regular season
2017,0021600015,105,105,0,Regular season
2017,0021600030,118,118,0,Regular season
2017,0021600043,118,118,0,Regular season
2017,0021600061,100,100,0,Regular season
2017,0021600073,104,104,0,Regular season
2017,0021600083,94,94,0,Regular season
2017,0021600096,112,112,0,Regular season
2017,0021600111,107,107,0,Regular season
2017,0021600118,98,98,0,Regular season
2017,0021600133,106,106,0,Regular season
2017,0021600156,113,113,0,Regular season
2017,0021600173,85,85,0,Regular season
2017,0021600192,95,95,0,Regular season
2017,0021600198,118,118,0,Regular season
2017,0021600210,107,107,0,Regular season
2017,0021600229,105,105,0,Regular season
2017,0021600269,90,90,0,Regular season
2017,0021600286,111,111,0,Regular season
2017,0021600296,82,82,0,Regular season
2017,0021600308,110,110,0,Regular season
2017,0021600317,91,91,0,Regular season
2017,0021600336,95,95,0,Regular season
2017,0021600350,105,105,0,Regular season
2017,0021600370,94,94,0,Regular season
2017,0021600384,97,97,0,Regular season
2017,0021600393,69,69,0,Regular season
2017,0021600414,113,113,0,Regular season
2017,0021600432,97,97,0,Regular season
2017,0021600442,91,91,0,Regular season
2017,0021600458,100,100,0,Regular season
2017,0021600465,90,90,0,Regular season
2017,0021600480,101,101,0,Regular season
2017,0021600492,101,101,0,Regular season
2017,0021600503,96,96,0,Regular season
2017,0021600517,118,118,0,Regular season
2017,0021600532,106,106,0,Regular season
2017,0021600554,123,123,0,Regular season
2017,0021600569,94,94,0,Regular season
2017,0021600571,99,99,0,Regular season
2017,0021600587,89,89,0,Regular season
2017,0021600602,107,107,0,Regular season
2017,0021600611,108,108,0,Regular season
2017,0021600624,98,98,0,Regular season
2017,0021600647,93,93,0,Regular season
2017,0021600660,102,102,0,Regular season
2017,0021600677,100,100,0,Regular season
2017,0021600683,114,114,0,Regular season
2017,0021600700,88,88,0,Regular season
2017,0021600716,121,121,0,Regular season
2017,0021600740,128,128,0,Regular season
2017,0021600749,117,117,0,Regular season
2017,0021600778,112,112,0,Regular season
2017,0021600792,92,92,0,Regular season
2017,0021600807,97,97,0,Regular season
2017,0021600816,89,89,0,Regular season
2017,0021600831,105,105,0,Regular season
2017,0021600849,104,104,0,Regular season
2017,0021600859,128,128,0,Regular season
2017,0021600871,117,117,0,Regular season
2017,0021600891,107,107,0,Regular season
2017,0021600906,94,94,0,Regular season
2017,0021600922,91,91,0,Regular season
2017,0021600938,95,95,0,Regular season
2017,0021600949,91,91,0,Regular season
2017,0021600966,94,94,0,Regular season
2017,0021600985,80,80,0,Regular season
2017,0021600991,115,115,0,Regular season
2017,0021601009,91,91,0,Regular season
2017,0021601021,107,107,0,Regular season
2017,0021601032,95,95,0,Regular season
2017,0021601051,120,120,0,Regular season
2017,0021601061,117,117,0,Regular season
2017,0021601077,107,107,0,Regular season
2017,0021601090,109,109,0,Regular season
2017,0021601122,99,99,0,Regular season
2017,0021601138,106,106,0,Regular season
2017,0021601146,117,117,0,Regular season
2017,0021601160,91,91,0,Regular season
2017,0021601173,102,102,0,Regular season
2017,0021601188,106,106,0,Regular season
2017,0021601206,122,122,0,Regular season
2017,0021601222,112,112,0,Regular season
2018,0021700014,100,100,0,Regular season
2018,0021700031,77,77,0,Regular season
2018,0021700049,112,112,0,Regular season
2018,0021700065,91,91,0,Regular season
2018,0021700079,69,69,0,Regular season
2018,0021700110,91,91,0,Regular season
2018,0021700120,105,105,0,Regular season
2018,0021700133,90,90,0,Regular season
2018,0021700153,114,114,0,Regular season
2018,0021700171,87,87,0,Regular season
2018,0021700183,94,94,0,Regular season
2018,0021700212,79,79,0,Regular season
2018,0021700222,123,123,0,Regular season
2018,0021700239,105,105,0,Regular season
2018,0021700252,94,94,0,Regular season
2018,0021700265,80,80,0,Regular season
2018,0021700276,94,94,0,Regular season
2018,0021700287,93,93,0,Regular season
2018,0021700299,99,99,0,Regular season
2018,0021700315,110,110,0,Regular season
2018,0021700322,106,106,0,Regular season
2018,0021700344,91,91,0,Regular season
2018,0021700354,96,96,0,Regular season
2018,0021700367,119,119,0,Regular season
2018,0021700380,104,104,0,Regular season
2018,0021700391,108,108,0,Regular season
2018,0021700409,103,103,0,Regular season
2018,0021700426,115,115,0,Regular season
2018,0021700444,117,117,0,Regular season
2018,0021700458,112,112,0,Regular season
2018,0021700466,112,112,0,Regular season
2018,0021700485,92,92,0,Regular season
2018,0021700501,115,115,0,Regular season
2018,0021700509,92,92,0,Regular season
2018,0021700524,119,119,0,Regular season
2018,0021700537,110,110,0,Regular season
2018,0021700547,120,120,0,Regular season
2018,0021700560,115,115,0,Regular season
2018,0021700572,127,127,0,Regular season
2018,0021700581,86,86,0,Regular season
2018,0021700593,107,107,0,Regular season
2018,0021700607,122,122,0,Regular season
2018,0021700632,107,107,0,Regular season
2018,0021700644,119,119,0,Regular season
2018,0021700657,112,112,0,Regular season
2018,0021700675,113,113,0,Regular season
2018,0021700692,128,128,0,Regular season
2018,0021700704,101,101,0,Regular season
2018,0021700717,103,103,0,Regular season
2018,0021700731,96,96,0,Regular season
2018,0021700759,108,108,0,Regular season
2018,0021700775,103,103,0,Regular season
2018,0021700795,98,98,0,Regular season
2018,0021700822,114,114,0,Regular season
2018,0021700829,90,90,0,Regular season
2018,0021700844,105,105,0,Regular season
2018,0021700859,98,98,0,Regular season
2018,0021700870,115,115,0,Regular season
2018,0021700888,104,104,0,Regular season
2018,0021700899,87,87,0,Regular season
2018,0021700907,103,103,0,Regular season
2018,0021700930,108,108,0,Regular season
2018,0021700953,89,89,0,Regular season
2018,0021700967,119,119,0,Regular season
2018,0021700977,83,83,0,Regular season
2018,0021700993,129,129,0,Regular season
2018,0021701010,106,106,0,Regular season
2018,0021701024,111,111,0,Regular season
2018,0021701039,109,109,0,Regular season
2018,0021701055,92,92,0,Regular season
2018,0021701069,102,102,0,Regular season
2018,0021701083,105,105,0,Regular season
2018,0021701089,95,95,0,Regular season
2018,0021701111,86,86,0,Regular season
2018,0021701125,92,92,0,Regular season
2018,0021701129,90,90,0,Regular season
2018,0021701144,113,113,0,Regular season
2018,0021701160,120,120,0,Regular season
2018,0021701185,104,104,0,Regular season
2018,0021701193,96,96,0,Regular season
2018,0021701205,105,105,0,Regular season
2018,0021701224,87,87,0,Regular season
2019,0021800014,108,108,0,Regular season
2019,0021800031,116,116,0,Regular season
2019,0021800044,109,109,0,Regular season
2019,0021800056,112,112,0,Regular season
2019,0021800067,106,106,0,Regular season
2019,0021800076,97,97,0,Regular season
2019,0021800091,124,124,0,Regular season
2019,0021800106,107,107,0,Regular season
2019,0021800120,105,105,0,Regular season
2019,0021800129,88,88,0,Regular season
2019,0021800143,116,116,0,Regular season
2019,0021800159,98,98,0,Regular season
2019,0021800178,99,99,0,Regular season
2019,0021800193,98,98,0,Regular season
2019,0021800204,82,82,0,Regular season
2019,0021800223,104,104,0,Regular season
2019,0021800230,83,83,0,Regular season
2019,0021800257,124,124,0,Regular season
2019,0021800273,96,96,0,Regular season
2019,0021800281,96,96,0,Regular season
2019,0021800297,107,107,0,Regular season
2019,0021800310,113,113,0,Regular season
2019,0021800321,88,88,0,Regular season
2019,0021800334,105,105,0,Regular season
2019,0021800350,90,90,0,Regular season
2019,0021800373,114,114,0,Regular season
2019,0021800383,77,77,0,Regular season
2019,0021800394,89,89,0,Regular season
2019,0021800418,91,91,0,Regular season
2019,0021800433,98,98,0,Regular season
2019,0021800447,96,96,0,Regular season
2019,0021800460,93,93,0,Regular season
2019,0021800474,90,90,0,Regular season
2019,0021800490,112,112,0,Regular season
2019,0021800507,94,94,0,Regular season
2019,0021800520,101,101,0,Regular season
2019,0021800538,89,89,0,Regular season
2019,0021800559,84,84,0,Regular season
2019,0021800569,116,116,0,Regular season
2019,0021800584,100,100,0,Regular season
2019,0021800615,112,112,0,Regular season
2019,0021800629,109,109,0,Regular season
2019,0021800637,102,102,0,Regular season
2019,0021800656,100,100,0,Regular season
2019,0021800669,105,105,0,Regular season
2019,0021800685,103,103,0,Regular season
2019,0021800692,104,104,0,Regular season
2019,0021800712,101,101,0,Regular season
2019,0021800723,101,101,0,Regular season
2019,0021800735,101,101,0,Regular season
2019,0021800752,117,117,0,Regular season
2019,0021800757,105,105,0,Regular season
2019,0021800776,118,118,0,Regular season
2019,0021800805,120,120,0,Regular season
2019,0021800820,125,125,0,Regular season
2019,0021800830,125,125,0,Regular season
2019,0021800843,99,99,0,Regular season
2019,0021800858,122,122,0,Regular season
2019,0021800875,110,110,0,Regular season
2019,0021800889,126,126,0,Regular season
2019,0021800902,106,106,0,Regular season
2019,0021800916,109,109,0,Regular season
2019,0021800928,168,168,0,Regular season
2019,0021800946,118,118,0,Regular season
2019,0021800959,96,96,0,Regular season
2019,0021800970,108,108,0,Regular season
2019,0021800980,104,104,0,Regular season
2019,0021800992,108,108,0,Regular season
2019,0021801009,107,107,0,Regular season
2019,0021801033,121,121,0,Regular season
2019,0021801047,102,102,0,Regular season
2019,0021801057,116,116,0,Regular season
2019,0021801069,126,126,0,Regular season
2019,0021801090,83,83,0,Regular season
2019,0021801110,103,103,0,Regular season
2019,0021801117,98,98,0,Regular season
2019,0021801142,101,101,0,Regular season
2019,0021801155,105,105,0,Regular season
2019,0021801167,115,115,0,Regular season
2019,0021801194,96,96,0,Regular season
2019,0021801213,86,86,0,Regular season
2019,0021801224,109,109,0,Regular season
2020,0021900003,125,125,0,Regular season
2020,0021900020,110,110,0,Regular season
2020,0021900031,84,84,0,Regular season
2020,0021900042,98,98,0,Regular season
2020,0021900055,111,111,0,Regular season
2020,0021900073,112,112,0,Regular season
2020,0021900085,95,95,0,Regular season
2020,0021900100,112,112,0,Regular season
2020,0021900105,113,113,0,Regular season
2020,0021900129,94,94,0,Regular season
2020,0021900149,120,120,0,Regular season
2020,0021900163,115,115,0,Regular season
2020,0021900175,111,111,0,Regular season
2020,0021900192,101,101,0,Regular season
2020,0021900209,109,109,0,Regular season
2020,0021900219,108,108,0,Regular season
2020,0021900226,116,116,0,Regular season
2020,0021900247,94,94,0,Regular season
2020,0021900266,90,90,0,Regular season
2020,0021900278,103,103,0,Regular season
2020,0021900298,113,113,0,Regular season
2020,0021900311,106,106,0,Regular season
2020,0021900325,98,98,0,Regular season
2020,0021900337,105,105,0,Regular season
2020,0021900345,92,92,0,Regular season
2020,0021900361,136,136,0,Regular season
2020,0021900375,73,73,0,Regular season
2020,0021900382,109,109,0,Regular season
2020,0021900399,106,106,0,Regular season
2020,0021900409,110,110,0,Regular season
2020,0021900432,119,119,0,Regular season
2020,0021900448,95,95,0,Regular season
2020,0021900477,116,116,0,Regular season
2020,0021900493,102,102,0,Regular season
2020,0021900511,98,98,0,Regular season
2020,0021900529,104,104,0,Regular season
2020,0021900545,110,110,0,Regular season
2020,0021900560,108,108,0,Regular season
2020,0021900570,105,105,0,Regular season
2020,0021900579,108,108,0,Regular season
2020,0021900593,101,101,0,Regular season
2020,0021900607,115,115,0,Regular season
2020,0021900620,89,89,0,Regular season
2020,0021900631,118,118,0,Regular season
2020,0021900647,98,98,0,Regular season
2020,0021900661,117,117,0,Regular season
2020,0021900674,81,81,0,Regular season
2020,0021900682,118,118,0,Regular season
2020,0021900695,110,110,0,Regular season
2020,0021900708,106,106,0,Regular season
2020,0021900721,118,118,0,Regular season
2020,0021900740,102,102,0,Regular season
2020,0021900765,119,119,0,Regular season
2020,0021900788,111,111,0,Regular season
2020,0021900803,114,114,0,Regular season
2020,0021900823,93,93,0,Regular season
2020,0021900839,104,104,0,Regular season
2020,0021900845,126,126,0,Regular season
2020,0021900859,122,122,0,Regular season
2020,0021900887,115,115,0,Regular season
2020,0021900907,109,109,0,Regular season
2020,0021900922,108,108,0,Regular season
2020,0021900934,102,102,0,Regular season
2020,0021900946,107,107,0,Regular season
2020,0021900962,108,108,0,Regular season
2021,0022000015,104,104,0,Regular season
2021,0022000026,106,106,0,Regular season
2021,0022000038,128,128,0,Regular season
2021,0022000050,115,115,0,Regular season
2021,0022000063,133,133,0,Regular season
2021,0022000073,96,96,0,Regular season
2021,0022000090,118,118,0,Regular season
2021,0022000106,111,111,0,Regular season
2021,0022000117,124,124,0,Regular season
2021,0022000131,115,115,0,Regular season
2021,0022000142,127,127,0,Regular season
2021,0022000160,121,121,0,Regular season
2021,0022000184,125,125,0,Regular season
2021,0022000198,117,117,0,Regular season
2021,0022000211,125,125,0,Regular season
2021,0022000229,123,123,0,Regular season
2021,0022000245,90,90,0,Regular season
2021,0022000262,103,103,0,Regular season
2021,0022000278,90,90,0,Regular season
2021,0022000298,122,122,0,Regular season
2021,0022000315,110,110,0,Regular season
2021,0022000332,103,103,0,Regular season
2021,0022000344,119,119,0,Regular season
2021,0022000353,118,118,0,Regular season
2021,0022000368,101,101,0,Regular season
2021,0022000385,129,129,0,Regular season
2021,0022000400,106,106,0,Regular season
2021,0022000420,120,120,0,Regular season
2021,0022000434,120,120,0,Regular season
2021,0022000450,105,105,0,Regular season
2021,0022000460,122,122,0,Regular season
2021,0022000474,120,120,0,Regular season
2021,0022000493,133,133,0,Regular season
2021,0022000508,97,97,0,Regular season
2021,0022000523,122,122,0,Regular season
2021,0022000531,112,112,0,Regular season
2021,0022000548,128,128,0,Regular season
2021,0022000564,105,105,0,Regular season
2021,0022000572,105,105,0,Regular season
2021,0022000582,90,90,0,Regular season
2021,0022000600,118,118,0,Regular season
2021,0022000612,123,123,0,Regular season
2021,0022000621,99,99,0,Regular season
2021,0022000637,127,127,0,Regular season
2021,0022000649,100,100,0,Regular season
2021,0022000656,95,95,0,Regular season
2021,0022000671,94,94,0,Regular season
2021,0022000697,104,104,0,Regular season
2021,0022000716,102,102,0,Regular season
2021,0022000730,116,116,0,Regular season
2021,0022000743,106,106,0,Regular season
2021,0022000755,115,115,0,Regular season
2021,0022000769,113,113,0,Regular season
2021,0022000791,108,108,0,Regular season
2021,0022000812,117,117,0,Regular season
2021,0022000833,106,106,0,Regular season
2021,0022000850,115,115,0,Regular season
2021,0022000857,106,106,0,Regular season
2021,0022000869,102,102,0,Regular season
2021,0022000881,105,105,0,Regular season
2021,0022000896,108,108,0,Regular season
2021,0022000907,101,101,0,Regular season
2021,0022000922,110,110,0,Regular season
2021,0022000937,94,94,0,Regular season
2021,0022000954,98,98,0,Regular season
2021,0022000959,97,97,0,Regular season
2021,0022000979,94,94,0,Regular season
2021,0022001023,108,108,0,Regular season
2021,0022001036,107,107,0,Regular season
2021,0022001051,114,114,0,Regular season
2021,0022001060,91,91,0,Regular season
2021,0022001068,118,118,0,Regular season
2022,0022100004,94,94,0,Regular season
2022,0022100022,128,128,0,Regular season
2022,0022100030,97,97,0,Regular season
2022,0022100046,111,111,0,Regular season
2022,0022100067,103,103,0,Regular season
2022,0022100083,107,107,0,Regular season
2022,0022100098,128,128,0,Regular season
2022,0022100111,98,98,0,Regular season
2022,0022100135,105,105,0,Regular season
2022,0022100148,118,118,0,Regular season
2022,0022100163,117,117,0,Regular season
2022,0022100183,93,93,0,Regular season
2022,0022100198,100,100,0,Regular season
2022,0022100209,121,121,0,Regular season
2022,0022100223,107,107,0,Regular season
2022,0022100236,114,114,0,Regular season
2022,0022100250,109,109,0,Regular season
2022,0022100257,77,77,0,Regular season
2022,0022100271,113,113,0,Regular season
2022,0022100283,123,123,0,Regular season
2022,0022100296,104,104,0,Regular season
2022,0022100307,133,133,0,Regular season
2022,0022100328,119,119,0,Regular season
2022,0022100343,111,111,0,Regular season
2022,0022100357,109,109,0,Regular season
2022,0022100367,92,92,0,Regular season
2022,0022100394,92,92,0,Regular season
2022,0022100415,133,133,0,Regular season
2022,0022100430,120,120,0,Regular season
2022,0022100448,115,115,0,Regular season
2022,0022100459,133,133,0,Regular season
2022,0022100472,111,111,0,Regular season
2022,0022100499,113,113,0,Regular season
2022,0022100502,130,130,0,Regular season
2022,0022100519,131,131,0,Regular season
2022,0022100530,108,108,0,Regular season
2022,0022100541,120,120,0,Regular season
2022,0022100555,102,102,0,Regular season
2022,0022100585,130,130,0,Regular season
2022,0022100603,99,99,0,Regular season
2022,0022100625,112,112,0,Regular season
2022,0022100637,96,96,0,Regular season
2022,0022100647,112,112,0,Regular season
2022,0022100658,106,106,0,Regular season
2022,0022100673,117,117,0,Regular season
2022,0022100690,90,90,0,Regular season
2022,0022100701,95,95,0,Regular season
2022,0022100710,124,124,0,Regular season
2022,0022100730,111,111,0,Regular season
2022,0022100742,122,122,0,Regular season
2022,0022100753,130,130,0,Regular season
2022,0022100769,126,126,0,Regular season
2022,0022100789,122,122,0,Regular season
2022,0022100802,108,108,0,Regular season
2022,0022100812,124,124,0,Regular season
2022,0022100826,121,121,0,Regular season
2022,0022100843,134,134,0,Regular season
2022,0022100852,106,106,0,Regular season
2022,0022100861,120,120,0,Regular season
2022,0022100878,125,125,0,Regular season
2022,0022100891,112,112,0,Regular season
2022,0022100909,110,110,0,Regular season
2022,0022100922,99,99,0,Regular season
2022,0022100949,112,112,0,Regular season
2022,0022100969,106,106,0,Regular season
2022,0022100982,114,114,0,Regular season
2022,0022101006,101,101,0,Regular season
2022,0022101026,103,103,0,Regular season
2022,0022101041,110,110,0,Regular season
2022,0022101056,102,102,0,Regular season
2022,0022101076,113,113,0,Regular season
2022,0022101082,98,98,0,Regular season
2022,0022101098,109,109,0,Regular season
2022,0022101110,98,98,0,Regular season
2022,0022101126,104,104,0,Regular season
2022,0022101132,107,107,0,Regular season
2022,0022101149,135,135,0,Regular season
2022,0022101164,109,109,0,Regular season
2022,0022101183,106,106,0,Regular season
2022,0022101193,94,94,0,Regular season
2022,0022101208,117,117,0,Regular season
2022,0022101224,124,124,0,Regular season
2023,0022200007,116,116,0,Regular season
2023,0022200019,100,100,0,Regular season
2023,0022200032,96,96,0,Regular season
2023,0022200047,120,120,0,Regular season
2023,0022200061,124,124,0,Regular season
2023,0022200077,124,124,0,Regular season
2023,0022200084,109,109,0,Regular season
2023,0022200103,108,108,0,Regular season
2023,0022200111,106,106,0,Regular season
2023,0022200124,119,119,0,Regular season
2023,0022200141,104,104,0,Regular season
2023,0022200151,111,111,0,Regular season
2023,0022200166,111,111,0,Regular season
2023,0022200196,103,103,0,Regular season
2023,0022200217,110,110,0,Regular season
2023,0022200227,107,107,0,Regular season
2023,0022200250,121,121,0,Regular season
2023,0022200267,118,118,0,Regular season
2023,0022200281,119,119,0,Regular season
2023,0022200306,114,114,0,Regular season
2023,0022200321,113,113,0,Regular season
2023,0022200336,111,111,0,Regular season
2023,0022200350,101,101,0,Regular season
2023,0022200367,115,115,0,Regular season
2023,0022200391,144,144,0,Regular season
2023,0022200400,122,122,0,Regular season
2023,0022200418,120,120,0,Regular season
2023,0022200434,91,91,0,Regular season
2023,0022200449,126,126,0,Regular season
2023,0022200462,113,113,0,Regular season
2023,0022200468,110,110,0,Regular season
2023,0022200485,118,118,0,Regular season
2023,0022200501,118,118,0,Regular season
2023,0022200519,119,119,0,Regular season
2023,0022200532,132,132,0,Regular season
2023,0022200540,102,102,0,Regular season
2023,0022200552,134,134,0,Regular season
2023,0022200570,121,121,0,Regular season
2023,0022200581,126,126,0,Regular season
2023,0022200592,126,126,0,Regular season
2023,0022200606,99,99,0,Regular season
2023,0022200619,97,97,0,Regular season
2023,0022200636,110,110,0,Regular season
2023,0022200650,132,132,0,Regular season
2023,0022200678,126,126,0,Regular season
2023,0022200708,111,111,0,Regular season
2023,0022200713,110,110,0,Regular season
2023,0022200732,96,96,0,Regular season
2023,0022200744,128,128,0,Regular season
2023,0022200766,103,103,0,Regular season
2023,0022200781,114,114,0,Regular season
2023,0022200796,129,129,0,Regular season
2023,0022200811,128,128,0,Regular season
2023,0022200819,89,89,0,Regular season
2023,0022200833,105,105,0,Regular season
2023,0022200852,89,89,0,Regular season
2023,0022200863,91,91,0,Regular season
2023,0022200874,113,113,0,Regular season
2023,0022200883,100,100,0,Regular season
2023,0022200900,131,131,0,Regular season
2023,0022200912,102,102,0,Regular season
2023,0022200925,98,98,0,Regular season
2023,0022200934,117,117,0,Regular season
2023,0022200950,104,104,0,Regular season
2023,0022200963,122,122,0,Regular season
2023,0022200989,117,117,0,Regular season
2023,0022201009,119,119,0,Regular season
2023,0022201037,114,114,0,Regular season
2023,0022201050,139,139,0,Regular season
2023,0022201060,113,113,0,Regular season
2023,0022201072,109,109,0,Regular season
2023,0022201087,91,91,0,Regular season
2023,0022201104,124,124,0,Regular season
2023,0022201114,118,118,0,Regular season
2023,0022201129,112,112,0,Regular season
2023,0022201140,110,110,0,Regular season
2023,0022201148,121,121,0,Regular season
2023,0022201165,128,128,0,Regular season
2023,0022201182,105,105,0,Regular season
2023,0022201193,92,92,0,Regular season
2023,0022201210,115,115,0,Regular season
2023,0022201223,103,103,0,Regular season
2024,0022300004,107,107,0,Regular season
2024,0022300033,97,97,0,Regular season
2024,0022300046,108,108,0,Regular season
2024,0022300053,97,97,0,Regular season
2024,0022300070,104,104,0,Regular season
2024,0022300082,104,104,0,Regular season
2024,0022300088,102,102,0,Regular season
2024,0022300102,112,112,0,Regular season
2024,0022300124,105,105,0,Regular season
2024,0022300139,101,101,0,Regular season
2024,0022300152,130,130,0,Regular season
2024,0022300162,115,115,0,Regular season
2024,0022300181,119,119,0,Regular season
2024,0022300190,109,109,0,Regular season
2024,0022300196,94,94,0,Regular season
2024,0022300204,102,102,0,Regular season
2024,0022300220,100,100,0,Regular season
2024,0022300234,102,102,0,Regular season
2024,0022300250,109,109,0,Regular season
2024,0022300269,120,120,0,Regular season
2024,0022300285,124,124,0,Regular season
2024,0022300300,129,129,0,Regular season
2024,0022300307,106,106,0,Regular season
2024,0022300320,124,124,0,Regular season
2024,0022300337,116,116,0,Regular season
2024,0022300351,108,108,0,Regular season
2024,0022300370,124,124,0,Regular season
2024,0022300376,114,114,0,Regular season
2024,0022300396,95,95,0,Regular season
2024,0022300408,118,118,0,Regular season
2024,0022300422,104,104,0,Regular season
2024,0022300442,105,105,0,Regular season
2024,0022300459,97,97,0,Regular season
2024,0022300468,100,100,0,Regular season
2024,0022300484,104,104,0,Regular season
2024,0022300506,119,119,0,Regular season
2024,0022300523,124,124,0,Regular season
2024,0022300536,131,131,0,Regular season
2024,0022300548,122,122,0,Regular season
2024,0022300561,91,91,0,Regular season
2024,0022300580,116,116,0,Regular season
2024,0022300597,125,125,0,Regular season
2024,0022300612,113,113,0,Regular season
2024,0022300633,132,132,0,Regular season
2024,0022300656,104,104,0,Regular season
2024,0022300672,107,107,0,Regular season
2024,0022300674,117,117,0,Regular season
2024,0022300700,115,115,0,Regular season
2024,0022300723,129,129,0,Regular season
2024,0022300737,118,118,0,Regular season
2024,0022300752,108,108,0,Regular season
2024,0022300763,136,136,0,Regular season
2024,0022300781,105,105,0,Regular season
2024,0022300797,112,112,0,Regular season
2024,0022300823,114,114,0,Regular season
2024,0022300839,95,95,0,Regular season
2024,0022300846,132,132,0,Regular season
2024,0022300864,97,97,0,Regular season
2024,0022300883,113,113,0,Regular season
2024,0022300898,119,119,0,Regular season
2024,0022300907,125,125,0,Regular season
2024,0022300917,102,102,0,Regular season
2024,0022300935,92,92,0,Regular season
2024,0022300948,132,132,0,Regular season
2024,0022300956,111,111,0,Regular season
2024,0022300971,127,127,0,Regular season
2024,0022300986,110,110,0,Regular season
2024,0022301006,117,117,0,Regular season
2024,0022301023,113,113,0,Regular season
2024,0022301037,105,105,0,Regular season
2024,0022301054,125,125,0,Regular season
2024,0022301066,108,108,0,Regular season
2024,0022301084,109,109,0,Regular season
2024,0022301091,101,101,0,Regular season
2024,0022301119,108,108,0,Regular season
2024,0022301136,98,98,0,Regular season
2024,0022301149,117,117,0,Regular season
2024,0022301166,127,127,0,Regular season
2024,0022301172,129,129,0,Regular season
2024,0022301190,119,119,0,Regular season
2024,0022301211,111,111,0,Regular season
2024,0022301223,121,121,0,Regular season
2025,0022400013,126,126,0,Regular season
2025,0022400030,136,136,0,Regular season
2025,0022400035,127,127,0,Regular season
2025,0022400047,129,129,0,Regular season
2025,0022400069,111,111,0,Regular season
2025,0022400083,133,133,0,Regular season
2025,0022400091,95,95,0,Regular season
2025,0022400108,126,126,0,Regular season
2025,0022400123,102,102,0,Regular season
2025,0022400136,112,112,0,Regular season
2025,0022400160,126,126,0,Regular season
2025,0022400176,99,99,0,Regular season
2025,0022400181,119,119,0,Regular season
2025,0022400198,125,125,0,Regular season
2025,0022400212,113,113,0,Regular season
2025,0022400219,124,124,0,Regular season
2025,0022400241,107,107,0,Regular season
2025,0022400244,122,122,0,Regular season
2025,0022400253,106,106,0,Regular season
2025,0022400266,131,131,0,Regular season
2025,0022400289,119,119,0,Regular season
2025,0022400317,128,128,0,Regular season
2025,0022400331,139,139,0,Regular season
2025,0022400336,123,123,0,Regular season
2025,0022400347,100,100,0,Regular season
2025,0022400363,117,117,0,Regular season
2025,0022400381,98,98,0,Regular season
2025,0022400398,91,91,0,Regular season
2025,0022400413,133,133,0,Regular season
2025,0022400430,116,116,0,Regular season
2025,0022400442,115,115,0,Regular season
2025,0022400456,107,107,0,Regular season
2025,0022400482,139,139,0,Regular season
2025,0022400498,114,114,0,Regular season
2025,0022400510,113,113,0,Regular season
2025,0022400530,138,138,0,Regular season
2025,0022400541,119,119,0,Regular season
2025,0022400557,113,113,0,Regular season
2025,0022400563,94,94,0,Regular season
2025,0022400584,123,123,0,Regular season
2025,0022400597,102,102,0,Regular season
2025,0022400611,112,112,0,Regular season
2025,0022400628,106,106,0,Regular season
2025,0022400642,97,97,0,Regular season
2025,0022400655,129,129,0,Regular season
2025,0022400666,100,100,0,Regular season
2025,0022400682,122,122,0,Regular season
2025,0022400695,119,119,0,Regular season
2025,0022400714,133,133,0,Regular season
2025,0022400723,108,108,0,Regular season
2025,0022400745,111,111,0,Regular season
2025,0022400766,92,92,0,Regular season
2025,0022400775,110,110,0,Regular season
2025,0022400792,111,111,0,Regular season
2025,0022400806,117,117,0,Regular season
2025,0022400823,142,142,0,Regular season
2025,0022400842,117,117,0,Regular season
2025,0022400855,125,125,0,Regular season
2025,0022400868,112,112,0,Regular season
2025,0022400886,117,117,0,Regular season
2025,0022400916,114,114,0,Regular season
2025,0022400933,121,121,0,Regular season
2025,0022400944,125,125,0,Regular season
2025,0022400956,116,116,0,Regular season
2025,0022400970,114,114,0,Regular season
2025,0022400989,111,111,0,Regular season
2025,0022401007,121,121,0,Regular season
2025,0022401013,128,128,0,Regular season
2025,0022401028,146,146,0,Regular season
2025,0022401042,129,129,0,Regular season
2025,0022401063,119,119,0,Regular season
2025,0022401077,119,119,0,Regular season
2025,0022401094,117,117,0,Regular season
2025,0022401099,137,137,0,Regular season
2025,0022401122,118,118,0,Regular season
2025,0022401133,131,131,0,Regular season
2025,0022401147,113,113,0,Regular season
2025,0022401160,119,119,0,Regular season
2025,0022401176,119,119,0,Regular season
2025,0022401191,122,122,0,Regular season
2025,0022401212,109,109,0,Regular season
2025,0022401223,122,122,0,Regular season
2026,0022500023,135,135,0,Regular season
2026,0022500035,110,110,0,Regular season
2026,0022500051,107,107,0,Regular season
2026,0022500071,116,116,0,Regular season
2026,0022500084,115,115,0,Regular season
2026,0022500100,110,110,0,Regular season
2026,0022500115,128,128,0,Regular season
2026,0022500132,126,126,0,Regular season
2026,0022500153,116,116,0,Regular season
2026,0022500167,113,113,0,Regular season
2026,0022500186,122,122,0,Regular season
2026,0022500202,117,117,0,Regular season
2026,0022500214,113,113,0,Regular season
2026,0022500240,147,147,0,Regular season
2026,0022500248,130,130,0,Regular season
2026,0022500263,122,122,0,Regular season
2026,0022500271,121,121,0,Regular season
2026,0022500289,130,130,0,Regular season
2026,0022500295,101,101,0,Regular season
2026,0022500314,120,120,0,Regular season
2026,0022500329,103,103,0,Regular season
2026,0022500345,105,105,0,Regular season
2026,0022500361,91,91,0,Regular season
2026,0022500367,127,127,0,Regular season
2026,0022500384,136,136,0,Regular season
2026,0022500396,152,152,0,Regular season
2026,0022500411,126,126,0,Regular season
2026,0022500427,109,109,0,Regular season
2026,0022500437,103,103,0,Regular season
2026,0022500452,101,101,0,Regular season
2026,0022500466,134,134,0,Regular season
2026,0022500480,121,121,0,Regular season
2026,0022500489,99,99,0,Regular season
2026,0022500503,101,101,0,Regular season
2026,0022500517,93,93,0,Regular season
2026,0022500529,113,113,0,Regular season
2026,0022500546,125,125,0,Regular season
2026,0022500565,113,113,0,Regular season
2026,0022500573,128,128,0,Regular season
2026,0022500587,109,109,0,Regular season
2026,0022500603,124,124,0,Regular season
2026,0022500614,138,138,0,Regular season
2026,0022500631,120,120,0,Regular season
2026,0022500647,114,114,0,Regular season
2026,0022500661,118,118,0,Regular season
2026,0022500672,110,110,0,Regular season
2026,0022500692,125,125,0,Regular season
2026,0022500705,91,91,0,Regular season
2026,0022500722,115,115,0,Regular season
2026,0022500736,107,107,0,Regular season
2026,0022500752,120,120,0,Regular season
2026,0022500762,115,115,0,Regular season
2026,0022500778,105,105,0,Regular season
2026,0022500797,101,101,0,Regular season
2026,0022500814,110,110,0,Regular season
2026,0022500825,99,99,0,Regular season
2026,0022500836,99,99,0,Regular season
2026,0022500853,112,112,0,Regular season
2026,0022500870,120,120,0,Regular season
2026,0022500889,108,108,0,Regular season
2026,0022500905,105,105,0,Regular season
2026,0022500930,110,110,0,Regular season
2026,0022500943,130,130,0,Regular season
2026,0022500960,130,130,0,Regular season
2026,0022500968,108,108,0,Regular season
2026,0022500987,132,132,0,Regular season
2026,0022501002,109,109,0,Regular season
2026,0022501011,110,110,0,Regular season
2026,0022501042,132,132,0,Regular season
2026,0022501053,137,137,0,Regular season
2026,0022501070,113,113,0,Regular season
2026,0022501079,124,124,0,Regular season
2026,0022501094,114,114,0,Regular season
2026,0022501109,126,126,0,Regular season
2026,0022501123,96,96,0,Regular season
2026,0022501134,110,110,0,Regular season
2026,0022501148,129,129,0,Regular season
2026,0022501166,119,119,0,Regular season
2026,0022501177,103,103,0,Regular season
2026,0022501193,128,128,0,Regular season
2026,0022501209,129,129,0,Regular season
2026,0022501223,104,104,0,Regular season
1985,0048400111,100,100,0,Playoffs
1985,0048400112,115,115,0,Playoffs
1985,0048400113,109,109,0,Playoffs
1985,0048400114,97,97,0,Playoffs
1986,0048500101,104,104,0,Playoffs
1986,0048500103,104,104,0,Playoffs
1986,0048509102,131,131,0,Playoffs
1987,0048600001,104,104,0,Playoffs
1987,0048600015,96,96,0,Playoffs
1987,0048600017,94,94,0,Playoffs
1988,0048700004,104,104,0,Playoffs
1988,0048700012,106,106,0,Playoffs
1988,0048700018,102,102,0,Playoffs
1988,0048700027,91,91,0,Playoffs
1988,0048700034,107,107,0,Playoffs
1988,0048700038,82,82,0,Playoffs
1988,0048700042,105,105,0,Playoffs
1988,0048700044,79,79,0,Playoffs
1988,0048700048,77,77,0,Playoffs
1988,0048700055,95,95,0,Playoffs
1989,0048800008,95,95,0,Playoffs
1989,0048800013,88,88,0,Playoffs
1989,0048800022,101,101,0,Playoffs
1989,0048800026,105,105,0,Playoffs
1989,0048800031,101,101,0,Playoffs
1989,0048800032,120,120,0,Playoffs
1989,0048800037,97,97,0,Playoffs
1989,0048800041,111,111,0,Playoffs
1989,0048800044,106,106,0,Playoffs
1989,0048800046,114,114,0,Playoffs
1989,0048800048,113,113,0,Playoffs
1989,0048800050,94,94,0,Playoffs
1989,0048800052,91,91,0,Playoffs
1989,0048800054,99,99,0,Playoffs
1989,0048800056,80,80,0,Playoffs
1989,0048800057,85,85,0,Playoffs
1989,0048800058,94,94,0,Playoffs
1990,0048900007,111,111,0,Playoffs
1990,0048900014,109,109,0,Playoffs
1990,0048900017,112,112,0,Playoffs
1990,0048900025,110,110,0,Playoffs
1990,0048900034,96,96,0,Playoffs
1990,0048900038,101,101,0,Playoffs
1990,0048900042,112,112,0,Playoffs
1990,0048900047,111,111,0,Playoffs
1990,0048900052,117,117,0,Playoffs
1990,0048900055,77,77,0,Playoffs
1990,0048900057,93,93,0,Playoffs
1990,0048900060,107,107,0,Playoffs
1990,0048900062,108,108,0,Playoffs
1990,0048900064,83,83,0,Playoffs
1990,0048900066,109,109,0,Playoffs
1990,0048900067,74,74,0,Playoffs
1991,0049000003,126,126,0,Playoffs
1991,0049000015,89,89,0,Playoffs
1991,0049000020,103,103,0,Playoffs
1991,0049000030,105,105,0,Playoffs
1991,0049000035,112,112,0,Playoffs
1991,0049000042,97,97,0,Playoffs
1991,0049000046,101,101,0,Playoffs
1991,0049000050,100,100,0,Playoffs
1991,0049000055,94,94,0,Playoffs
1991,0049000057,105,105,0,Playoffs
1991,0049000059,113,113,0,Playoffs
1991,0049000061,115,115,0,Playoffs
1991,0049000064,91,91,0,Playoffs
1991,0049000065,107,107,0,Playoffs
1991,0049000066,104,104,0,Playoffs
1991,0049000067,97,97,0,Playoffs
1991,0049000068,108,108,0,Playoffs
1992,0049100006,113,113,0,Playoffs
1992,0049100016,120,120,0,Playoffs
1992,0049100022,119,119,0,Playoffs
1992,0049100035,89,89,0,Playoffs
1992,0049100037,86,86,0,Playoffs
1992,0049100042,94,94,0,Playoffs
1992,0049100045,86,86,0,Playoffs
1992,0049100048,96,96,0,Playoffs
1992,0049100050,86,86,0,Playoffs
1992,0049100056,110,110,0,Playoffs
1992,0049100057,103,103,0,Playoffs
1992,0049100059,81,81,0,Playoffs
1992,0049100061,105,105,0,Playoffs
1992,0049100063,85,85,0,Playoffs
1992,0049100065,112,112,0,Playoffs
1992,0049100067,99,99,0,Playoffs
1992,0049100069,104,104,0,Playoffs
1992,0049100070,94,94,0,Playoffs
1992,0049100071,88,88,0,Playoffs
1992,0049100072,119,119,0,Playoffs
1992,0049100073,97,97,0,Playoffs
1992,0049103001,122,122,0,Playoffs
1993,0049200005,114,114,0,Playoffs
1993,0049200016,117,117,0,Playoffs
1993,0049200022,98,98,0,Playoffs
1993,0049200038,91,91,0,Playoffs
1993,0049200042,104,104,0,Playoffs
1993,0049200045,96,96,0,Playoffs
1993,0049200051,103,103,0,Playoffs
1993,0049200058,90,90,0,Playoffs
1993,0049200060,91,91,0,Playoffs
1993,0049200063,103,103,0,Playoffs
1993,0049200065,105,105,0,Playoffs
1993,0049200067,97,97,0,Playoffs
1993,0049200069,96,96,0,Playoffs
1993,0049200071,100,100,0,Playoffs
1993,0049200072,111,111,0,Playoffs
1993,0049200073,121,121,0,Playoffs
1993,0049200074,111,111,0,Playoffs
1993,0049200075,98,98,0,Playoffs
1993,0049200076,99,99,0,Playoffs
1994,0049300006,104,104,0,Playoffs
1994,0049300016,105,105,0,Playoffs
1994,0049300022,95,95,0,Playoffs
1994,0049300032,86,86,0,Playoffs
1994,0049300037,91,91,0,Playoffs
1994,0049300041,104,104,0,Playoffs
1994,0049300045,95,95,0,Playoffs
1994,0049300051,86,86,0,Playoffs
1994,0049300055,93,93,0,Playoffs
1994,0049300058,77,77,0,Playoffs
1995,0049400005,108,108,0,Playoffs
1995,0049400015,89,89,0,Playoffs
1995,0049400019,103,103,0,Playoffs
1995,0049400027,85,85,0,Playoffs
1995,0049400033,91,91,0,Playoffs
1995,0049400037,104,104,0,Playoffs
1995,0049400041,101,101,0,Playoffs
1995,0049400044,106,106,0,Playoffs
1995,0049400048,95,95,0,Playoffs
1995,0049400052,102,102,0,Playoffs
1996,0049500008,102,102,0,Playoffs
1996,0049500015,106,106,0,Playoffs
1996,0049500024,112,112,0,Playoffs
1996,0049500031,91,91,0,Playoffs
1996,0049500035,91,91,0,Playoffs
1996,0049500041,99,99,0,Playoffs
1996,0049500044,94,94,0,Playoffs
1996,0049500048,94,94,0,Playoffs
1996,0049500053,121,121,0,Playoffs
1996,0049500055,93,93,0,Playoffs
1996,0049500057,86,86,0,Playoffs
1996,0049500059,106,106,0,Playoffs
1996,0049500063,107,107,0,Playoffs
1996,0049500064,92,92,0,Playoffs
1996,0049500065,108,108,0,Playoffs
1996,0049500066,86,86,0,Playoffs
1996,0049500067,78,78,0,Playoffs
1996,0049500068,87,87,0,Playoffs
1997,0049600006,98,98,0,Playoffs
1997,0049600014,109,109,0,Playoffs
1997,0049600023,96,96,0,Playoffs
1997,0049600043,100,100,0,Playoffs
1997,0049600047,95,95,0,Playoffs
1997,0049600051,100,100,0,Playoffs
1997,0049600053,89,89,0,Playoffs
1997,0049600058,107,107,0,Playoffs
1997,0049600070,84,84,0,Playoffs
1997,0049600072,75,75,0,Playoffs
1997,0049600074,98,98,0,Playoffs
1997,0049600076,80,80,0,Playoffs
1997,0049600078,100,100,0,Playoffs
1997,0049600083,84,84,0,Playoffs
1997,0049600084,97,97,0,Playoffs
1997,0049600085,93,93,0,Playoffs
1997,0049600086,73,73,0,Playoffs
1997,0049600087,90,90,0,Playoffs
1997,0049600088,90,90,0,Playoffs
1998,0049700006,96,96,0,Playoffs
1998,0049700015,96,96,0,Playoffs
1998,0049700023,116,116,0,Playoffs
1998,0049700041,83,83,0,Playoffs
1998,0049700045,76,76,0,Playoffs
1998,0049700049,103,103,0,Playoffs
1998,0049700055,94,94,0,Playoffs
1998,0049700057,93,93,0,Playoffs
1998,0049700070,85,85,0,Playoffs
1998,0049700072,104,104,0,Playoffs
1998,0049700074,105,105,0,Playoffs
1998,0049700076,94,94,0,Playoffs
1998,0049700078,106,106,0,Playoffs
1998,0049700080,89,89,0,Playoffs
1998,0049700082,88,88,0,Playoffs
1998,0049700083,85,85,0,Playoffs
1998,0049700084,93,93,0,Playoffs
1998,0049700085,96,96,0,Playoffs
1998,0049700086,86,86,0,Playoffs
1998,0049700087,81,81,0,Playoffs
1998,0049700088,87,87,0,Playoffs
2005,0040400131,103,103,0,Playoffs
2005,0040400132,113,113,0,Playoffs
2005,0040400133,99,99,0,Playoffs
2005,0040400134,99,99,0,Playoffs
2005,0040400135,110,110,0,Playoffs
2005,0040400136,91,91,0,Playoffs
2006,0040500111,106,106,0,Playoffs
2006,0040500112,108,108,0,Playoffs
2006,0040500113,109,109,0,Playoffs
2006,0040500114,93,93,0,Playoffs
2006,0040500115,78,78,0,Playoffs
2006,0040500116,96,96,0,Playoffs
2007,0040600131,96,96,0,Playoffs
2007,0040600132,107,107,0,Playoffs
2007,0040600133,104,104,0,Playoffs
2007,0040600134,92,92,0,Playoffs
2007,0040600201,69,69,0,Playoffs
2007,0040600202,87,87,0,Playoffs
2007,0040600203,74,74,0,Playoffs
2007,0040600204,102,102,0,Playoffs
2007,0040600205,108,108,0,Playoffs
2007,0040600206,85,85,0,Playoffs
2009,0040800111,105,105,0,Playoffs
2009,0040800112,115,115,0,Playoffs
2009,0040800113,86,86,0,Playoffs
2009,0040800114,121,121,0,Playoffs
2009,0040800115,104,104,0,Playoffs
2009,0040800116,128,128,0,Playoffs
2009,0040800117,99,99,0,Playoffs
2010,0040900101,83,83,0,Playoffs
2010,0040900102,102,102,0,Playoffs
2010,0040900103,108,108,0,Playoffs
2010,0040900104,98,98,0,Playoffs
2010,0040900105,94,94,0,Playoffs
2011,0041000101,104,104,0,Playoffs
2011,0041000102,96,96,0,Playoffs
2011,0041000103,88,88,0,Playoffs
2011,0041000104,84,84,0,Playoffs
2011,0041000105,116,116,0,Playoffs
2011,0041000201,95,95,0,Playoffs
2011,0041000202,86,86,0,Playoffs
2011,0041000203,99,99,0,Playoffs
2011,0041000204,88,88,0,Playoffs
2011,0041000205,95,95,0,Playoffs
2011,0041000206,93,93,0,Playoffs
2011,0041000301,103,103,0,Playoffs
2011,0041000302,75,75,0,Playoffs
2011,0041000303,85,85,0,Playoffs
2011,0041000304,93,93,0,Playoffs
2011,0041000305,80,80,0,Playoffs
2012,0041100101,103,103,0,Playoffs
2012,0041100102,92,92,0,Playoffs
2012,0041100103,74,74,0,Playoffs
2012,0041100104,82,82,0,Playoffs
2012,0041100105,77,77,0,Playoffs
2012,0041100106,78,78,0,Playoffs
2013,0041200131,89,89,0,Playoffs
2013,0041200132,90,90,0,Playoffs
2013,0041200133,79,79,0,Playoffs
2013,0041200134,142,142,0,Playoffs
2013,0041200135,91,91,0,Playoffs
2013,0041200136,92,92,0,Playoffs
2013,0041200137,99,99,0,Playoffs
2013,0041200201,93,93,0,Playoffs
2013,0041200202,78,78,0,Playoffs
2013,0041200203,94,94,0,Playoffs
2013,0041200204,65,65,0,Playoffs
2013,0041200205,91,91,0,Playoffs
2014,0041300131,93,93,0,Playoffs
2014,0041300132,99,99,0,Playoffs
2014,0041300133,100,100,0,Playoffs
2014,0041300134,89,89,0,Playoffs
2014,0041300135,69,69,0,Playoffs
2015,0041400121,103,103,0,Playoffs
2015,0041400122,91,91,0,Playoffs
2015,0041400123,113,113,0,Playoffs
2015,0041400124,90,90,0,Playoffs
2015,0041400125,88,88,0,Playoffs
2015,0041400126,120,120,0,Playoffs
2015,0041400211,99,99,0,Playoffs
2015,0041400212,91,91,0,Playoffs
2015,0041400213,99,99,0,Playoffs
2015,0041400214,84,84,0,Playoffs
2015,0041400215,101,101,0,Playoffs
2015,0041400216,73,73,0,Playoffs
2017,0041600101,106,106,0,Playoffs
2017,0041600102,111,111,0,Playoffs
2017,0041600103,87,87,0,Playoffs
2017,0041600104,95,95,0,Playoffs
2017,0041600105,97,97,0,Playoffs
2017,0041600106,83,83,0,Playoffs
2022,0042100121,86,86,0,Playoffs
2022,0042100122,114,114,0,Playoffs
2022,0042100123,81,81,0,Playoffs
2022,0042100124,95,95,0,Playoffs
2022,0042100125,100,100,0,Playoffs
