season_end_year,season,player_id,player,game_id,game_date,matchup,opponent,result,minutes,points,fgm,fga,fg3m,fg3a,ftm,fta,oreb,dreb,reb,ast,stl,blk,tov,pf,plus_minus,game_score,ts_pct,player_source_url
2026,2025–26,1642265,Rob Dillingham,0022501193,2026-04-12,CHI @ DAL,DAL,L,29.933333333333334,25,11,18,1,5,2,4,0,5,5,5,2,0,5,2,-19,17.199999999999996,63.25910931174089,https://www.nba.com/stats/players/boxscores-traditional?Season=2025-26&SeasonType=Regular%20Season&TeamID=1610612741
2026,2025–26,1642950,Lachlan Olbrich,0022501193,2026-04-12,CHI @ DAL,DAL,L,30.6,10,4,7,0,0,2,2,7,8,15,10,2,0,1,2,-11,21.2,63.45177664974619,https://www.nba.com/stats/players/boxscores-traditional?Season=2025-26&SeasonType=Regular%20Season&TeamID=1610612741
2026,2025–26,1630172,Patrick Williams,0022501193,2026-04-12,CHI @ DAL,DAL,L,35.583333333333336,13,5,15,2,9,1,1,0,4,4,5,3,1,2,2,-9,10.099999999999998,42.09844559585492,https://www.nba.com/stats/players/boxscores-traditional?Season=2025-26&SeasonType=Regular%20Season&TeamID=1610612741
2026,2025–26,1631159,Leonard Miller,0022501193,2026-04-12,CHI @ DAL,DAL,L,34.608333333333334,17,8,12,1,4,0,1,2,5,7,2,0,1,3,3,-28,12.200000000000003,68.32797427652734,https://www.nba.com/stats/players/boxscores-traditional?Season=2025-26&SeasonType=Regular%20Season&TeamID=1610612741
2026,2025–26,1629012,Collin Sexton,0022501193,2026-04-12,CHI @ DAL,DAL,L,28.4,19,8,16,1,1,2,2,1,2,3,1,1,0,0,3,-9,12.799999999999997,56.27962085308057,https://www.nba.com/stats/players/boxscores-traditional?Season=2025-26&SeasonType=Regular%20Season&TeamID=1610612741
2026,2025–26,1631338,Mouhamadou Gueye,0022501193,2026-04-12,CHI @ DAL,DAL,L,28.691666666666666,11,4,8,0,3,3,4,2,1,3,4,2,1,2,2,-14,11.0,56.35245901639344,https://www.nba.com/stats/players/boxscores-traditional?Season=2025-26&SeasonType=Regular%20Season&TeamID=1610612741
2026,2025–26,1642530,Yuki Kawamura,0022501193,2026-04-12,CHI @ DAL,DAL,L,14.8,14,5,12,3,9,1,1,0,2,2,1,0,0,0,2,-2,8.1,56.27009646302251,https://www.nba.com/stats/players/boxscores-traditional?Season=2025-26&SeasonType=Regular%20Season&TeamID=1610612741
2026,2025–26,1630644,Mac McClung,0022501193,2026-04-12,CHI @ DAL,DAL,L,18.016666666666666,13,4,7,2,4,3,4,0,0,0,0,1,0,0,3,-1,9.099999999999998,74.20091324200914,https://www.nba.com/stats/players/boxscores-traditional?Season=2025-26&SeasonType=Regular%20Season&TeamID=1610612741
2026,2025–26,1630200,Tre Jones,0022501193,2026-04-12,CHI @ DAL,DAL,L,19.366666666666667,6,3,11,0,3,0,0,1,2,3,2,1,0,0,1,-12,2.8000000000000007,27.27272727272727,https://www.nba.com/stats/players/boxscores-traditional?Season=2025-26&SeasonType=Regular%20Season&TeamID=1610612741
2026,2025–26,1631159,Leonard Miller,0022501177,2026-04-10,CHI vs. ORL,ORL,L,39.07,15,5,10,2,4,3,4,3,4,7,4,3,1,3,4,-22,14.799999999999997,63.775510204081634,https://www.nba.com/stats/players/boxscores-traditional?Season=2025-26&SeasonType=Regular%20Season&TeamID=1610612741
2026,2025–26,1641824,Matas Buzelis,0022501177,2026-04-10,CHI vs. ORL,ORL,L,26.716666666666665,14,6,17,0,9,2,3,0,8,8,3,1,3,2,0,-18,9.7,38.209606986899566,https://www.nba.com/stats/players/boxscores-traditional?Season=2025-26&SeasonType=Regular%20Season&TeamID=1610612741
2026,2025–26,1630200,Tre Jones,0022501177,2026-04-10,CHI vs. ORL,ORL,L,26.016666666666666,23,8,12,2,2,5,5,1,3,4,4,0,0,2,3,-5,19.0,80.98591549295774,https://www.nba.com/stats/players/boxscores-traditional?Season=2025-26&SeasonType=Regular%20Season&TeamID=1610612741
2026,2025–26,1642950,Lachlan Olbrich,0022501177,2026-04-10,CHI vs. ORL,ORL,L,31.63,6,3,7,0,3,0,4,3,6,9,5,1,1,2,1,-3,7.399999999999999,34.24657534246575,https://www.nba.com/stats/players/boxscores-traditional?Season=2025-26&SeasonType=Regular%20Season&TeamID=1610612741
2026,2025–26,1629012,Collin Sexton,0022501177,2026-04-10,CHI vs. ORL,ORL,L,26.666666666666668,12,5,11,0,2,2,5,2,0,2,4,3,0,4,2,-28,7.5,45.45454545454546,https://www.nba.com/stats/players/boxscores-traditional?Season=2025-26&SeasonType=Regular%20Season&TeamID=1610612741
2026,2025–26,1642265,Rob Dillingham,0022501177,2026-04-10,CHI vs. ORL,ORL,L,27.266666666666666,13,4,11,1,5,4,4,1,3,4,0,1,0,2,3,-7,6.300000000000001,50.94043887147336,https://www.nba.com/stats/players/boxscores-traditional?Season=2025-26&SeasonType=Regular%20Season&TeamID=1610612741
2026,2025–26,1630172,Patrick Williams,0022501177,2026-04-10,CHI vs. ORL,ORL,L,27.35,8,3,10,2,6,0,0,0,4,4,0,1,0,0,2,-24,3.5999999999999996,40.0,https://www.nba.com/stats/players/boxscores-traditional?Season=2025-26&SeasonType=Regular%20Season&TeamID=1610612741
2026,2025–26,1631338,Mouhamadou Gueye,0022501177,2026-04-10,CHI vs. ORL,ORL,L,16.75,5,2,3,1,2,0,0,0,3,3,2,0,0,1,2,-2,4.2,83.33333333333334,https://www.nba.com/stats/players/boxscores-traditional?Season=2025-26&SeasonType=Regular%20Season&TeamID=1610612741
2026,2025–26,1630644,Mac McClung,0022501177,2026-04-10,CHI vs. ORL,ORL,L,10.016666666666667,7,2,4,2,4,1,1,0,1,1,1,0,0,2,2,-2,3.2,78.82882882882882,https://www.nba.com/stats/players/boxscores-traditional?Season=2025-26&SeasonType=Regular%20Season&TeamID=1610612741
2026,2025–26,1642530,Yuki Kawamura,0022501177,2026-04-10,CHI vs. ORL,ORL,L,8.516666666666667,0,0,2,0,2,0,0,0,0,0,2,0,0,2,1,-9,-2.4,0.0,https://www.nba.com/stats/players/boxscores-traditional?Season=2025-26&SeasonType=Regular%20Season&TeamID=1610612741
2026,2025–26,1631159,Leonard Miller,0022501166,2026-04-09,CHI @ WAS,WAS,W,38.68333333333333,26,11,14,2,2,2,2,4,7,11,3,1,1,2,4,11,25.7,87.36559139784946,https://www.nba.com/stats/players/boxscores-traditional?Season=2025-26&SeasonType=Regular%20Season&TeamID=1610612741
2026,2025–26,1630200,Tre Jones,0022501166,2026-04-09,CHI @ WAS,WAS,W,30.05,31,9,14,1,3,12,12,0,6,6,3,1,0,0,2,19,28.900000000000002,80.39419087136929,https://www.nba.com/stats/players/boxscores-traditional?Season=2025-26&SeasonType=Regular%20Season&TeamID=1610612741
2026,2025–26,1629012,Collin Sexton,0022501166,2026-04-09,CHI @ WAS,WAS,W,34.333333333333336,27,12,21,1,2,2,2,1,2,3,2,3,0,2,4,12,19.2,61.7001828153565,https://www.nba.com/stats/players/boxscores-traditional?Season=2025-26&SeasonType=Regular%20Season&TeamID=1610612741
2026,2025–26,1630172,Patrick Williams,0022501166,2026-04-09,CHI @ WAS,WAS,W,38.983333333333334,15,4,11,3,6,4,4,2,6,8,4,1,1,1,0,11,15.600000000000001,58.777429467084644,https://www.nba.com/stats/players/boxscores-traditional?Season=2025-26&SeasonType=Regular%20Season&TeamID=1610612741
2026,2025–26,1642265,Rob Dillingham,0022501166,2026-04-09,CHI @ WAS,WAS,W,27.316666666666666,5,2,10,1,4,0,0,1,4,5,4,1,1,6,2,-3,-1.5999999999999996,25.0,https://www.nba.com/stats/players/boxscores-traditional?Season=2025-26&SeasonType=Regular%20Season&TeamID=1610612741
2026,2025–26,1627824,Guerschon Yabusele,0022501166,2026-04-09,CHI @ WAS,WAS,W,16.166666666666668,5,2,4,1,3,0,0,0,5,5,3,1,1,1,1,8,6.899999999999999,62.5,https://www.nba.com/stats/players/boxscores-traditional?Season=2025-26&SeasonType=Regular%20Season&TeamID=1610612741
2026,2025–26,1642530,Yuki Kawamura,0022501166,2026-04-09,CHI @ WAS,WAS,W,21.766666666666666,6,1,6,0,4,4,5,0,4,4,4,0,0,0,1,0,5.4,36.585365853658544,https://www.nba.com/stats/players/boxscores-traditional?Season=2025-26&SeasonType=Regular%20Season&TeamID=1610612741
2026,2025–26,1642950,Lachlan Olbrich,0022501166,2026-04-09,CHI @ WAS,WAS,W,17.266666666666666,2,1,6,0,3,0,0,5,2,7,1,1,0,0,6,1,1.6000000000000005,16.666666666666664,https://www.nba.com/stats/players/boxscores-traditional?Season=2025-26&SeasonType=Regular%20Season&TeamID=1610612741
2026,2025–26,1630644,Mac McClung,0022501166,2026-04-09,CHI @ WAS,WAS,W,15.433333333333334,2,1,7,0,3,0,0,0,2,2,2,3,0,3,1,-4,-0.8999999999999995,14.285714285714285,https://www.nba.com/stats/players/boxscores-traditional?Season=2025-26&SeasonType=Regular%20Season&TeamID=1610612741
2026,2025–26,1630172,Patrick Williams,0022501148,2026-04-07,CHI @ WAS,WAS,W,31.9,20,6,8,4,6,4,4,0,7,7,6,3,1,3,0,25,23.799999999999997,102.45901639344261,https://www.nba.com/stats/players/boxscores-traditional?Season=2025-26&SeasonType=Regular%20Season&TeamID=1610612741
2026,2025–26,1642265,Rob Dillingham,0022501148,2026-04-07,CHI @ WAS,WAS,W,27.133333333333333,26,9,15,5,8,3,4,0,7,7,2,2,0,4,4,24,18.6,77.56563245823388,https://www.nba.com/stats/players/boxscores-traditional?Season=2025-26&SeasonType=Regular%20Season&TeamID=1610612741
2026,2025–26,1629012,Collin Sexton,0022501148,2026-04-07,CHI @ WAS,WAS,W,30.3,15,5,16,1,8,4,4,4,5,9,7,4,0,3,4,21,14.399999999999999,42.229729729729726,https://www.nba.com/stats/players/boxscores-traditional?Season=2025-26&SeasonType=Regular%20Season&TeamID=1610612741
2026,2025–26,1630200,Tre Jones,0022501148,2026-04-07,CHI @ WAS,WAS,W,26.683333333333334,20,8,15,0,3,4,4,1,1,2,9,1,0,2,1,15,18.6,59.665871121718375,https://www.nba.com/stats/players/boxscores-traditional?Season=2025-26&SeasonType=Regular%20Season&TeamID=1610612741
2026,2025–26,1631159,Leonard Miller,0022501148,2026-04-07,CHI @ WAS,WAS,W,25.083333333333332,13,5,11,1,6,2,3,0,8,8,1,0,2,0,2,20,10.6,52.75974025974026,https://www.nba.com/stats/players/boxscores-traditional?Season=2025-26&SeasonType=Regular%20Season&TeamID=1610612741
2026,2025–26,1642950,Lachlan Olbrich,0022501148,2026-04-07,CHI @ WAS,WAS,W,21.133333333333333,7,3,6,0,1,1,4,3,4,7,2,1,3,0,2,17,9.799999999999999,45.103092783505154,https://www.nba.com/stats/players/boxscores-traditional?Season=2025-26&SeasonType=Regular%20Season&TeamID=1610612741
2026,2025–26,1630171,Isaac Okoro,0022501148,2026-04-07,CHI @ WAS,WAS,W,16.3,11,4,7,1,3,2,2,0,4,4,2,1,0,0,1,15,10.9,69.79695431472082,https://www.nba.com/stats/players/boxscores-traditional?Season=2025-26&SeasonType=Regular%20Season&TeamID=1610612741
2026,2025–26,1627824,Guerschon Yabusele,0022501148,2026-04-07,CHI @ WAS,WAS,W,26.866666666666667,9,3,9,1,5,2,2,1,5,6,1,0,1,1,3,14,5.3,45.54655870445344,https://www.nba.com/stats/players/boxscores-traditional?Season=2025-26&SeasonType=Regular%20Season&TeamID=1610612741
2026,2025–26,1630644,Mac McClung,0022501148,2026-04-07,CHI @ WAS,WAS,W,18.166666666666668,5,2,5,1,3,0,0,0,0,0,3,1,0,0,3,-2,4.199999999999999,50.0,https://www.nba.com/stats/players/boxscores-traditional?Season=2025-26&SeasonType=Regular%20Season&TeamID=1610612741
2026,2025–26,1642530,Yuki Kawamura,0022501148,2026-04-07,CHI @ WAS,WAS,W,16.433333333333334,3,1,2,1,2,0,0,0,2,2,2,1,0,0,2,6,4.2,75.0,https://www.nba.com/stats/players/boxscores-traditional?Season=2025-26&SeasonType=Regular%20Season&TeamID=1610612741
2026,2025–26,1630200,Tre Jones,0022501134,2026-04-05,CHI vs. PHX,PHX,L,31.058333333333334,29,12,20,1,4,4,4,0,3,3,6,2,0,2,3,-1,23.699999999999996,66.6360294117647,https://www.nba.com/stats/players/boxscores-traditional?Season=2025-26&SeasonType=Regular%20Season&TeamID=1610612741
2026,2025–26,1629012,Collin Sexton,0022501134,2026-04-05,CHI vs. PHX,PHX,L,30.733333333333334,18,5,15,3,6,5,6,4,5,9,1,3,0,5,5,-10,10.099999999999998,51.02040816326531,https://www.nba.com/stats/players/boxscores-traditional?Season=2025-26&SeasonType=Regular%20Season&TeamID=1610612741
2026,2025–26,1631159,Leonard Miller,0022501134,2026-04-05,CHI vs. PHX,PHX,L,32.9,17,7,14,2,5,1,1,4,6,10,2,0,0,3,2,-10,12.2,58.86426592797784,https://www.nba.com/stats/players/boxscores-traditional?Season=2025-26&SeasonType=Regular%20Season&TeamID=1610612741
2026,2025–26,1630171,Isaac Okoro,0022501134,2026-04-05,CHI vs. PHX,PHX,L,36.46,10,5,10,0,5,0,0,2,2,4,5,2,1,3,4,-3,8.6,50.0,https://www.nba.com/stats/players/boxscores-traditional?Season=2025-26&SeasonType=Regular%20Season&TeamID=1610612741
2026,2025–26,1627824,Guerschon Yabusele,0022501134,2026-04-05,CHI vs. PHX,PHX,L,31.616666666666667,8,3,9,2,6,0,0,2,7,9,1,0,0,2,0,-12,5.099999999999999,44.44444444444444,https://www.nba.com/stats/players/boxscores-traditional?Season=2025-26&SeasonType=Regular%20Season&TeamID=1610612741
2026,2025–26,1642265,Rob Dillingham,0022501134,2026-04-05,CHI vs. PHX,PHX,L,20.133333333333333,10,4,8,1,4,1,2,0,4,4,2,0,0,2,1,-4,5.799999999999999,56.3063063063063,https://www.nba.com/stats/players/boxscores-traditional?Season=2025-26&SeasonType=Regular%20Season&TeamID=1610612741
2026,2025–26,1630172,Patrick Williams,0022501134,2026-04-05,CHI vs. PHX,PHX,L,24.133333333333333,5,2,8,0,5,1,1,0,1,1,3,1,1,1,3,-11,2.0999999999999996,29.620853080568722,https://www.nba.com/stats/players/boxscores-traditional?Season=2025-26&SeasonType=Regular%20Season&TeamID=1610612741
2026,2025–26,1630644,Mac McClung,0022501134,2026-04-05,CHI vs. PHX,PHX,L,10.616666666666667,9,2,4,0,2,5,7,0,0,0,1,1,0,0,1,0,7.500000000000001,63.559322033898304,https://www.nba.com/stats/players/boxscores-traditional?Season=2025-26&SeasonType=Regular%20Season&TeamID=1610612741
2026,2025–26,1642950,Lachlan Olbrich,0022501134,2026-04-05,CHI vs. PHX,PHX,L,16.383333333333333,1,0,1,0,0,1,2,2,3,5,3,1,0,0,3,2,4.099999999999999,26.595744680851062,https://www.nba.com/stats/players/boxscores-traditional?Season=2025-26&SeasonType=Regular%20Season&TeamID=1610612741
2026,2025–26,1642530,Yuki Kawamura,0022501134,2026-04-05,CHI vs. PHX,PHX,L,5.965,3,1,2,1,2,0,0,0,1,1,2,0,0,0,1,-1,3.3,75.0,https://www.nba.com/stats/players/boxscores-traditional?Season=2025-26&SeasonType=Regular%20Season&TeamID=1610612741
2026,2025–26,1629012,Collin Sexton,0022501123,2026-04-03,CHI @ NYK,NYK,L,28.5,19,6,12,5,7,2,2,0,2,2,1,1,0,2,2,-19,12.499999999999998,73.75776397515527,https://www.nba.com/stats/players/boxscores-traditional?Season=2025-26&SeasonType=Regular%20Season&TeamID=1610612741
2026,2025–26,1630200,Tre Jones,0022501123,2026-04-03,CHI @ NYK,NYK,L,25.85,13,4,5,0,0,5,8,2,1,3,8,0,0,1,3,-12,15.0,76.29107981220658,https://www.nba.com/stats/players/boxscores-traditional?Season=2025-26&SeasonType=Regular%20Season&TeamID=1610612741
2026,2025–26,1631159,Leonard Miller,0022501123,2026-04-03,CHI @ NYK,NYK,L,27.566666666666666,14,5,8,2,3,2,3,1,5,6,0,0,0,1,2,-26,10.399999999999999,75.10729613733905,https://www.nba.com/stats/players/boxscores-traditional?Season=2025-26&SeasonType=Regular%20Season&TeamID=1610612741
2026,2025–26,1630581,Josh Giddey,0022501123,2026-04-03,CHI @ NYK,NYK,L,25.666666666666668,6,3,12,0,4,0,2,1,4,5,5,0,2,4,1,-32,0.40000000000000036,23.29192546583851,https://www.nba.com/stats/players/boxscores-traditional?Season=2025-26&SeasonType=Regular%20Season&TeamID=1610612741
2026,2025–26,1641824,Matas Buzelis,0022501123,2026-04-03,CHI @ NYK,NYK,L,23.216666666666665,11,4,9,1,5,2,4,0,6,6,0,0,0,3,4,-19,2.6999999999999993,51.11524163568774,https://www.nba.com/stats/players/boxscores-traditional?Season=2025-26&SeasonType=Regular%20Season&TeamID=1610612741
2026,2025–26,1630171,Isaac Okoro,0022501123,2026-04-03,CHI @ NYK,NYK,L,26.4,7,3,6,0,2,1,1,0,1,1,2,3,0,0,3,-40,7.499999999999999,54.347826086956516,https://www.nba.com/stats/players/boxscores-traditional?Season=2025-26&SeasonType=Regular%20Season&TeamID=1610612741
2026,2025–26,1630172,Patrick Williams,0022501123,2026-04-03,CHI @ NYK,NYK,L,20.816666666666666,7,3,8,1,4,0,0,0,3,3,2,0,0,2,1,-19,2.499999999999999,43.75,https://www.nba.com/stats/players/boxscores-traditional?Season=2025-26&SeasonType=Regular%20Season&TeamID=1610612741
2026,2025–26,1627824,Guerschon Yabusele,0022501123,2026-04-03,CHI @ NYK,NYK,L,24.7,5,2,9,1,6,0,0,3,1,4,1,0,0,0,2,-27,1.7999999999999996,27.77777777777778,https://www.nba.com/stats/players/boxscores-traditional?Season=2025-26&SeasonType=Regular%20Season&TeamID=1610612741
2026,2025–26,1642950,Lachlan Olbrich,0022501123,2026-04-03,CHI @ NYK,NYK,L,11.1,8,3,6,0,1,2,4,1,1,2,1,0,0,1,4,1,3.3000000000000007,51.54639175257733,https://www.nba.com/stats/players/boxscores-traditional?Season=2025-26&SeasonType=Regular%20Season&TeamID=1610612741
2026,2025–26,1642265,Rob Dillingham,0022501123,2026-04-03,CHI @ NYK,NYK,L,17.016666666666666,3,1,4,0,1,1,2,1,3,4,2,0,0,2,1,-7,0.7999999999999998,30.737704918032787,https://www.nba.com/stats/players/boxscores-traditional?Season=2025-26&SeasonType=Regular%20Season&TeamID=1610612741
2026,2025–26,1642530,Yuki Kawamura,0022501123,2026-04-03,CHI @ NYK,NYK,L,4.583333333333333,3,1,1,1,1,0,0,0,0,0,1,0,0,0,0,0,3.4000000000000004,150.0,https://www.nba.com/stats/players/boxscores-traditional?Season=2025-26&SeasonType=Regular%20Season&TeamID=1610612741
2026,2025–26,1630644,Mac McClung,0022501123,2026-04-03,CHI @ NYK,NYK,L,4.583333333333333,0,0,1,0,1,0,0,0,0,0,1,0,0,0,0,0,0.0,0.0,https://www.nba.com/stats/players/boxscores-traditional?Season=2025-26&SeasonType=Regular%20Season&TeamID=1610612741
2026,2025–26,1641824,Matas Buzelis,0022501109,2026-04-01,CHI vs. IND,IND,L,28.85,17,5,11,3,7,4,4,0,9,9,6,2,0,4,1,-18,15.8,66.61442006269593,https://www.nba.com/stats/players/boxscores-traditional?Season=2025-26&SeasonType=Regular%20Season&TeamID=1610612741
2026,2025–26,1629012,Collin Sexton,0022501109,2026-04-01,CHI vs. IND,IND,L,26.216666666666665,18,8,14,1,5,1,1,1,2,3,4,1,1,1,2,-13,15.399999999999999,62.32686980609419,https://www.nba.com/stats/players/boxscores-traditional?Season=2025-26&SeasonType=Regular%20Season&TeamID=1610612741
2026,2025–26,1627824,Guerschon Yabusele,0022501109,2026-04-01,CHI vs. IND,IND,L,25.116666666666667,20,6,12,2,7,6,8,1,5,6,1,0,0,1,0,-15,15.099999999999998,64.43298969072166,https://www.nba.com/stats/players/boxscores-traditional?Season=2025-26&SeasonType=Regular%20Season&TeamID=1610612741
2026,2025–26,1630171,Isaac Okoro,0022501109,2026-04-01,CHI vs. IND,IND,L,26.233333333333334,14,4,5,3,4,3,4,1,0,1,2,1,0,0,2,-10,13.999999999999998,103.55029585798816,https://www.nba.com/stats/players/boxscores-traditional?Season=2025-26&SeasonType=Regular%20Season&TeamID=1610612741
2026,2025–26,1642265,Rob Dillingham,0022501109,2026-04-01,CHI vs. IND,IND,L,28.983333333333334,15,6,14,2,4,1,1,0,2,2,3,0,0,2,1,-7,7.899999999999999,51.93905817174516,https://www.nba.com/stats/players/boxscores-traditional?Season=2025-26&SeasonType=Regular%20Season&TeamID=1610612741
2026,2025–26,1631159,Leonard Miller,0022501109,2026-04-01,CHI vs. IND,IND,L,22.35,11,4,9,1,3,2,4,3,3,6,0,0,1,1,2,-12,7.399999999999999,51.11524163568774,https://www.nba.com/stats/players/boxscores-traditional?Season=2025-26&SeasonType=Regular%20Season&TeamID=1610612741
2026,2025–26,1642950,Lachlan Olbrich,0022501109,2026-04-01,CHI vs. IND,IND,L,17.266666666666666,8,4,8,0,2,0,0,4,4,8,1,0,1,3,2,5,5.599999999999998,50.0,https://www.nba.com/stats/players/boxscores-traditional?Season=2025-26&SeasonType=Regular%20Season&TeamID=1610612741
2026,2025–26,1630200,Tre Jones,0022501109,2026-04-01,CHI vs. IND,IND,L,25.233333333333334,15,7,11,1,1,0,0,0,2,2,1,0,0,3,0,-21,8.4,68.18181818181817,https://www.nba.com/stats/players/boxscores-traditional?Season=2025-26&SeasonType=Regular%20Season&TeamID=1610612741
2026,2025–26,1630644,Mac McClung,0022501109,2026-04-01,CHI vs. IND,IND,L,10.983333333333333,8,3,6,0,1,2,2,2,0,2,0,0,1,1,1,3,5.7,58.139534883720934,https://www.nba.com/stats/players/boxscores-traditional?Season=2025-26&SeasonType=Regular%20Season&TeamID=1610612741
2026,2025–26,1642530,Yuki Kawamura,0022501109,2026-04-01,CHI vs. IND,IND,L,15.533333333333333,0,0,3,0,1,0,0,2,1,3,3,2,0,1,0,5,2.7,0.0,https://www.nba.com/stats/players/boxscores-traditional?Season=2025-26&SeasonType=Regular%20Season&TeamID=1610612741
2026,2025–26,1630172,Patrick Williams,0022501109,2026-04-01,CHI vs. IND,IND,L,13.233333333333333,0,0,4,0,4,0,2,0,4,4,1,0,0,3,3,-12,-5.8999999999999995,0.0,https://www.nba.com/stats/players/boxscores-traditional?Season=2025-26&SeasonType=Regular%20Season&TeamID=1610612741
2026,2025–26,1631159,Leonard Miller,0022501094,2026-03-30,CHI @ SAS,SAS,L,25.223333333333333,21,9,14,3,8,0,0,5,1,6,4,1,1,0,4,-9,21.500000000000004,75.0,https://www.nba.com/stats/players/boxscores-traditional?Season=2025-26&SeasonType=Regular%20Season&TeamID=1610612741
2026,2025–26,1629012,Collin Sexton,0022501094,2026-03-30,CHI @ SAS,SAS,L,27.383333333333333,20,8,15,3,6,1,1,0,3,3,3,1,0,1,3,0,14.5,64.76683937823834,https://www.nba.com/stats/players/boxscores-traditional?Season=2025-26&SeasonType=Regular%20Season&TeamID=1610612741
2026,2025–26,1630581,Josh Giddey,0022501094,2026-03-30,CHI @ SAS,SAS,L,32.95,9,3,5,2,3,1,2,1,6,7,10,0,1,2,0,-18,14.5,76.53061224489795,https://www.nba.com/stats/players/boxscores-traditional?Season=2025-26&SeasonType=Regular%20Season&TeamID=1610612741
2026,2025–26,1630200,Tre Jones,0022501094,2026-03-30,CHI @ SAS,SAS,L,25.7,23,9,13,2,3,3,3,0,2,2,3,0,0,1,1,-7,18.800000000000004,80.3072625698324,https://www.nba.com/stats/players/boxscores-traditional?Season=2025-26&SeasonType=Regular%20Season&TeamID=1610612741
2026,2025–26,1641824,Matas Buzelis,0022501094,2026-03-30,CHI @ SAS,SAS,L,27.961666666666666,12,5,12,1,6,1,1,0,6,6,2,1,3,2,2,-28,9.100000000000001,48.231511254019296,https://www.nba.com/stats/players/boxscores-traditional?Season=2025-26&SeasonType=Regular%20Season&TeamID=1610612741
2026,2025–26,1627824,Guerschon Yabusele,0022501094,2026-03-30,CHI @ SAS,SAS,L,30.21,15,4,10,1,6,6,8,1,4,5,2,1,0,1,4,-8,10.5,55.47337278106509,https://www.nba.com/stats/players/boxscores-traditional?Season=2025-26&SeasonType=Regular%20Season&TeamID=1610612741
2026,2025–26,1642265,Rob Dillingham,0022501094,2026-03-30,CHI @ SAS,SAS,L,20.333333333333332,6,3,12,0,5,0,0,0,1,1,1,1,1,2,1,2,-0.8999999999999986,25.0,https://www.nba.com/stats/players/boxscores-traditional?Season=2025-26&SeasonType=Regular%20Season&TeamID=1610612741
2026,2025–26,1630171,Isaac Okoro,0022501094,2026-03-30,CHI @ SAS,SAS,L,25.255,6,2,5,1,3,1,2,0,3,3,0,1,0,0,5,-10,2.8,51.02040816326531,https://www.nba.com/stats/players/boxscores-traditional?Season=2025-26&SeasonType=Regular%20Season&TeamID=1610612741
2026,2025–26,1630172,Patrick Williams,0022501094,2026-03-30,CHI @ SAS,SAS,L,21.25,2,0,7,0,4,2,2,0,1,1,1,1,1,1,0,3,-1.1999999999999997,12.690355329949238,https://www.nba.com/stats/players/boxscores-traditional?Season=2025-26&SeasonType=Regular%20Season&TeamID=1610612741
2026,2025–26,1642950,Lachlan Olbrich,0022501094,2026-03-30,CHI @ SAS,SAS,L,3.7333333333333334,0,0,0,0,0,0,2,0,1,1,0,0,0,0,0,0,-0.5,0.0,https://www.nba.com/stats/players/boxscores-traditional?Season=2025-26&SeasonType=Regular%20Season&TeamID=1610612741
2026,2025–26,1641824,Matas Buzelis,0022501079,2026-03-28,CHI @ MEM,MEM,L,38.53333333333333,29,10,21,3,10,6,7,1,9,10,3,1,3,4,3,14,21.3,60.21594684385383,https://www.nba.com/stats/players/boxscores-traditional?Season=2025-26&SeasonType=Regular%20Season&TeamID=1610612741
2026,2025–26,1630581,Josh Giddey,0022501079,2026-03-28,CHI @ MEM,MEM,L,34.87166666666667,18,6,11,1,3,5,5,1,12,13,10,2,3,5,2,-15,22.3,68.18181818181819,https://www.nba.com/stats/players/boxscores-traditional?Season=2025-26&SeasonType=Regular%20Season&TeamID=1610612741
2026,2025–26,1630200,Tre Jones,0022501079,2026-03-28,CHI @ MEM,MEM,L,29.333333333333332,19,8,15,1,4,2,4,1,8,9,6,2,0,4,2,3,15.399999999999995,56.68257756563245,https://www.nba.com/stats/players/boxscores-traditional?Season=2025-26&SeasonType=Regular%20Season&TeamID=1610612741
2026,2025–26,1629012,Collin Sexton,0022501079,2026-03-28,CHI @ MEM,MEM,L,30.366666666666667,26,6,14,3,6,11,13,0,1,1,2,2,0,2,2,4,18.7,65.92292089249493,https://www.nba.com/stats/players/boxscores-traditional?Season=2025-26&SeasonType=Regular%20Season&TeamID=1610612741
2026,2025–26,1642950,Lachlan Olbrich,0022501079,2026-03-28,CHI @ MEM,MEM,L,22.45,8,2,2,0,0,4,8,3,4,7,2,0,1,1,3,-4,9.0,72.46376811594205,https://www.nba.com/stats/players/boxscores-traditional?Season=2025-26&SeasonType=Regular%20Season&TeamID=1610612741
2026,2025–26,1630171,Isaac Okoro,0022501079,2026-03-28,CHI @ MEM,MEM,L,29.7,7,3,7,0,3,1,2,1,3,4,1,0,3,2,4,-6,3.6999999999999993,44.41624365482234,https://www.nba.com/stats/players/boxscores-traditional?Season=2025-26&SeasonType=Regular%20Season&TeamID=1610612741
2026,2025–26,1642265,Rob Dillingham,0022501079,2026-03-28,CHI @ MEM,MEM,L,15.445,8,3,5,2,3,0,0,1,1,2,2,0,0,5,3,-5,1.8999999999999995,80.0,https://www.nba.com/stats/players/boxscores-traditional?Season=2025-26&SeasonType=Regular%20Season&TeamID=1610612741
2026,2025–26,1631159,Leonard Miller,0022501079,2026-03-28,CHI @ MEM,MEM,L,16.333333333333332,5,1,2,0,1,3,4,1,3,4,0,1,0,0,1,-1,5.799999999999999,66.48936170212765,https://www.nba.com/stats/players/boxscores-traditional?Season=2025-26&SeasonType=Regular%20Season&TeamID=1610612741
2026,2025–26,1630172,Patrick Williams,0022501079,2026-03-28,CHI @ MEM,MEM,L,22.966666666666665,4,2,5,0,3,0,0,1,2,3,0,0,1,0,0,5,3.3,40.0,https://www.nba.com/stats/players/boxscores-traditional?Season=2025-26&SeasonType=Regular%20Season&TeamID=1610612741
2026,2025–26,1630200,Tre Jones,0022501070,2026-03-27,CHI @ OKC,OKC,L,26.266666666666666,21,8,12,1,3,4,4,0,7,7,9,1,1,2,1,-13,23.500000000000004,76.30813953488372,https://www.nba.com/stats/players/boxscores-traditional?Season=2025-26&SeasonType=Regular%20Season&TeamID=1610612741
2026,2025–26,1629012,Collin Sexton,0022501070,2026-03-27,CHI @ OKC,OKC,L,29.966666666666665,22,8,14,5,7,1,2,0,3,3,3,0,1,0,3,0,17.5,73.9247311827957,https://www.nba.com/stats/players/boxscores-traditional?Season=2025-26&SeasonType=Regular%20Season&TeamID=1610612741
2026,2025–26,1630171,Isaac Okoro,0022501070,2026-03-27,CHI @ OKC,OKC,L,31.216666666666665,20,7,13,3,5,3,3,3,1,4,0,0,1,0,3,-14,15.600000000000001,69.83240223463687,https://www.nba.com/stats/players/boxscores-traditional?Season=2025-26&SeasonType=Regular%20Season&TeamID=1610612741
2026,2025–26,1641824,Matas Buzelis,0022501070,2026-03-27,CHI @ OKC,OKC,L,34.36666666666667,15,6,13,1,7,2,2,0,9,9,0,0,1,1,2,-9,9.899999999999997,54.034582132564836,https://www.nba.com/stats/players/boxscores-traditional?Season=2025-26&SeasonType=Regular%20Season&TeamID=1610612741
2026,2025–26,1631159,Leonard Miller,0022501070,2026-03-27,CHI @ OKC,OKC,L,25.635,15,6,17,2,7,1,2,2,5,7,0,1,0,3,3,-2,4.8,41.946308724832214,https://www.nba.com/stats/players/boxscores-traditional?Season=2025-26&SeasonType=Regular%20Season&TeamID=1610612741
2026,2025–26,1630581,Josh Giddey,0022501070,2026-03-27,CHI @ OKC,OKC,L,32.88333333333333,5,1,11,0,8,3,4,1,6,7,11,0,0,5,1,-20,2.0999999999999996,19.59247648902821,https://www.nba.com/stats/players/boxscores-traditional?Season=2025-26&SeasonType=Regular%20Season&TeamID=1610612741
2026,2025–26,1627824,Guerschon Yabusele,0022501070,2026-03-27,CHI @ OKC,OKC,L,22.365,6,2,6,2,5,0,0,1,3,4,1,1,1,0,4,-16,5.000000000000002,50.0,https://www.nba.com/stats/players/boxscores-traditional?Season=2025-26&SeasonType=Regular%20Season&TeamID=1610612741
2026,2025–26,1630172,Patrick Williams,0022501070,2026-03-27,CHI @ OKC,OKC,L,18.216666666666665,4,1,8,1,4,1,2,2,3,5,1,0,0,0,0,-12,1.4000000000000006,22.52252252252252,https://www.nba.com/stats/players/boxscores-traditional?Season=2025-26&SeasonType=Regular%20Season&TeamID=1610612741
2026,2025–26,1642950,Lachlan Olbrich,0022501070,2026-03-27,CHI @ OKC,OKC,L,2.7666666666666666,3,1,1,0,0,1,2,1,0,1,0,0,0,0,0,4,3.0,79.7872340425532,https://www.nba.com/stats/players/boxscores-traditional?Season=2025-26&SeasonType=Regular%20Season&TeamID=1610612741
2026,2025–26,1642265,Rob Dillingham,0022501070,2026-03-27,CHI @ OKC,OKC,L,16.316666666666666,2,1,3,0,1,0,0,0,0,0,0,1,0,1,4,-8,-1.2999999999999998,33.33333333333333,https://www.nba.com/stats/players/boxscores-traditional?Season=2025-26&SeasonType=Regular%20Season&TeamID=1610612741
2026,2025–26,1630581,Josh Giddey,0022501053,2026-03-25,CHI @ PHI,PHI,L,32.88333333333333,23,8,13,3,6,4,4,3,6,9,12,0,1,4,2,-15,25.3,77.91327913279133,https://www.nba.com/stats/players/boxscores-traditional?Season=2025-26&SeasonType=Regular%20Season&TeamID=1610612741
2026,2025–26,1641824,Matas Buzelis,0022501053,2026-03-25,CHI @ PHI,PHI,L,29.916666666666668,18,6,15,4,10,2,2,3,5,8,2,0,1,3,4,-15,10.999999999999998,56.67506297229219,https://www.nba.com/stats/players/boxscores-traditional?Season=2025-26&SeasonType=Regular%20Season&TeamID=1610612741
2026,2025–26,1630200,Tre Jones,0022501053,2026-03-25,CHI @ PHI,PHI,L,27.516666666666666,15,4,9,0,2,7,8,0,4,4,7,0,0,1,1,-8,14.6,59.9041533546326,https://www.nba.com/stats/players/boxscores-traditional?Season=2025-26&SeasonType=Regular%20Season&TeamID=1610612741
2026,2025–26,1631159,Leonard Miller,0022501053,2026-03-25,CHI @ PHI,PHI,L,20.616666666666667,15,6,12,1,5,2,2,1,6,7,2,0,0,1,3,5,10.7,58.22981366459628,https://www.nba.com/stats/players/boxscores-traditional?Season=2025-26&SeasonType=Regular%20Season&TeamID=1610612741
2026,2025–26,1629012,Collin Sexton,0022501053,2026-03-25,CHI @ PHI,PHI,L,19.245,16,5,9,1,4,5,6,1,0,1,4,1,0,1,2,-29,13.999999999999996,68.72852233676976,https://www.nba.com/stats/players/boxscores-traditional?Season=2025-26&SeasonType=Regular%20Season&TeamID=1610612741
2026,2025–26,1630171,Isaac Okoro,0022501053,2026-03-25,CHI @ PHI,PHI,L,23.283333333333335,13,5,10,3,6,0,0,1,1,2,1,1,0,0,2,-22,9.899999999999999,65.0,https://www.nba.com/stats/players/boxscores-traditional?Season=2025-26&SeasonType=Regular%20Season&TeamID=1610612741
2026,2025–26,1630172,Patrick Williams,0022501053,2026-03-25,CHI @ PHI,PHI,L,20.333333333333332,10,4,6,1,3,1,4,1,2,3,1,1,0,0,1,-14,8.799999999999999,64.43298969072166,https://www.nba.com/stats/players/boxscores-traditional?Season=2025-26&SeasonType=Regular%20Season&TeamID=1610612741
2026,2025–26,1627824,Guerschon Yabusele,0022501053,2026-03-25,CHI @ PHI,PHI,L,22.4,11,3,8,2,5,3,3,0,4,4,0,0,0,0,2,-7,7.0,59.01287553648068,https://www.nba.com/stats/players/boxscores-traditional?Season=2025-26&SeasonType=Regular%20Season&TeamID=1610612741
2026,2025–26,1642265,Rob Dillingham,0022501053,2026-03-25,CHI @ PHI,PHI,L,22.755,12,5,10,0,4,2,2,0,2,2,1,0,0,1,4,6,5.699999999999999,55.147058823529406,https://www.nba.com/stats/players/boxscores-traditional?Season=2025-26&SeasonType=Regular%20Season&TeamID=1610612741
2026,2025–26,1630208,Nick Richards,0022501053,2026-03-25,CHI @ PHI,PHI,L,8.883333333333333,2,1,3,0,0,0,0,0,5,5,0,0,0,2,0,-9,-0.19999999999999973,33.33333333333333,https://www.nba.com/stats/players/boxscores-traditional?Season=2025-26&SeasonType=Regular%20Season&TeamID=1610612741
2026,2025–26,1642950,Lachlan Olbrich,0022501053,2026-03-25,CHI @ PHI,PHI,L,6.116666666666666,2,1,2,0,1,0,0,0,2,2,0,0,0,0,0,13,1.6,50.0,https://www.nba.com/stats/players/boxscores-traditional?Season=2025-26&SeasonType=Regular%20Season&TeamID=1610612741
2026,2025–26,1630188,Jalen Smith,0022501053,2026-03-25,CHI @ PHI,PHI,L,6.05,0,0,1,0,1,0,0,0,1,1,0,0,1,0,0,-5,0.3,0.0,https://www.nba.com/stats/players/boxscores-traditional?Season=2025-26&SeasonType=Regular%20Season&TeamID=1610612741
2026,2025–26,1630581,Josh Giddey,0022501042,2026-03-23,CHI vs. HOU,HOU,W,38.71666666666667,15,4,14,3,8,4,4,0,7,7,13,2,1,2,2,7,17.9,47.588832487309645,https://www.nba.com/stats/players/boxscores-traditional?Season=2025-26&SeasonType=Regular%20Season&TeamID=1610612741
2026,2025–26,1629012,Collin Sexton,0022501042,2026-03-23,CHI vs. HOU,HOU,W,25.885,25,6,14,4,7,9,10,2,2,4,2,3,0,2,1,2,21.200000000000003,67.93478260869566,https://www.nba.com/stats/players/boxscores-traditional?Season=2025-26&SeasonType=Regular%20Season&TeamID=1610612741
2026,2025–26,1641824,Matas Buzelis,0022501042,2026-03-23,CHI vs. HOU,HOU,W,34.78333333333333,23,8,16,5,9,2,2,1,3,4,1,0,0,3,4,7,12.699999999999998,68.12796208530806,https://www.nba.com/stats/players/boxscores-traditional?Season=2025-26&SeasonType=Regular%20Season&TeamID=1610612741
2026,2025–26,1631159,Leonard Miller,0022501042,2026-03-23,CHI vs. HOU,HOU,W,23.331666666666667,17,7,11,2,3,1,2,2,7,9,3,0,0,1,1,4,15.900000000000002,71.54882154882154,https://www.nba.com/stats/players/boxscores-traditional?Season=2025-26&SeasonType=Regular%20Season&TeamID=1610612741
2026,2025–26,1630200,Tre Jones,0022501042,2026-03-23,CHI vs. HOU,HOU,W,28.05,15,6,11,0,1,3,4,0,5,5,6,2,0,1,2,13,15.2,58.777429467084644,https://www.nba.com/stats/players/boxscores-traditional?Season=2025-26&SeasonType=Regular%20Season&TeamID=1610612741
2026,2025–26,1630188,Jalen Smith,0022501042,2026-03-23,CHI vs. HOU,HOU,W,25.783333333333335,15,6,8,3,5,0,0,1,5,6,2,0,2,3,4,17,12.199999999999998,93.75,https://www.nba.com/stats/players/boxscores-traditional?Season=2025-26&SeasonType=Regular%20Season&TeamID=1610612741
2026,2025–26,1630208,Nick Richards,0022501042,2026-03-23,CHI vs. HOU,HOU,W,26.383333333333333,11,3,7,1,2,4,6,1,7,8,0,0,1,0,4,2,8.4,57.05394190871369,https://www.nba.com/stats/players/boxscores-traditional?Season=2025-26&SeasonType=Regular%20Season&TeamID=1610612741
2026,2025–26,1642265,Rob Dillingham,0022501042,2026-03-23,CHI vs. HOU,HOU,W,18.3,9,4,7,1,2,0,0,0,1,1,3,1,0,1,1,-8,7.699999999999999,64.28571428571429,https://www.nba.com/stats/players/boxscores-traditional?Season=2025-26&SeasonType=Regular%20Season&TeamID=1610612741
2026,2025–26,1630172,Patrick Williams,0022501042,2026-03-23,CHI vs. HOU,HOU,W,18.766666666666666,2,1,2,0,1,0,0,0,1,1,0,0,0,1,2,-4,-0.5,50.0,https://www.nba.com/stats/players/boxscores-traditional?Season=2025-26&SeasonType=Regular%20Season&TeamID=1610612741
2026,2025–26,1630581,Josh Giddey,0022501011,2026-03-19,CHI vs. CLE,CLE,L,36.68,9,4,11,1,5,0,0,1,5,6,19,1,2,5,5,-5,13.799999999999997,40.909090909090914,https://www.nba.com/stats/players/boxscores-traditional?Season=2025-26&SeasonType=Regular%20Season&TeamID=1610612741
2026,2025–26,1630200,Tre Jones,0022501011,2026-03-19,CHI vs. CLE,CLE,L,31.883333333333333,20,6,12,2,4,6,8,1,3,4,3,3,0,2,3,4,16.7,64.43298969072166,https://www.nba.com/stats/players/boxscores-traditional?Season=2025-26&SeasonType=Regular%20Season&TeamID=1610612741
2026,2025–26,1627824,Guerschon Yabusele,0022501011,2026-03-19,CHI vs. CLE,CLE,L,29.283333333333335,10,4,8,2,5,0,0,2,9,11,1,2,2,0,0,3,14.2,62.5,https://www.nba.com/stats/players/boxscores-traditional?Season=2025-26&SeasonType=Regular%20Season&TeamID=1610612741
2026,2025–26,1641824,Matas Buzelis,0022501011,2026-03-19,CHI vs. CLE,CLE,L,32.986666666666665,13,5,13,2,9,1,2,1,4,5,0,3,3,2,0,-20,10.5,46.829971181556196,https://www.nba.com/stats/players/boxscores-traditional?Season=2025-26&SeasonType=Regular%20Season&TeamID=1610612741
2026,2025–26,1642265,Rob Dillingham,0022501011,2026-03-19,CHI vs. CLE,CLE,L,21.14666666666667,17,7,14,3,7,0,0,0,4,4,1,1,0,0,5,-9,10.9,60.71428571428571,https://www.nba.com/stats/players/boxscores-traditional?Season=2025-26&SeasonType=Regular%20Season&TeamID=1610612741
2026,2025–26,1630208,Nick Richards,0022501011,2026-03-19,CHI vs. CLE,CLE,L,29.966666666666665,16,7,11,1,2,1,4,4,4,8,0,0,0,1,3,11,11.700000000000003,62.695924764890286,https://www.nba.com/stats/players/boxscores-traditional?Season=2025-26&SeasonType=Regular%20Season&TeamID=1610612741
2026,2025–26,1629012,Collin Sexton,0022501011,2026-03-19,CHI vs. CLE,CLE,L,18.7,9,3,11,1,5,2,2,0,4,4,2,0,0,2,3,-12,1.8999999999999995,37.878787878787875,https://www.nba.com/stats/players/boxscores-traditional?Season=2025-26&SeasonType=Regular%20Season&TeamID=1610612741
2026,2025–26,1631159,Leonard Miller,0022501011,2026-03-19,CHI vs. CLE,CLE,L,19.183333333333334,10,4,9,1,3,1,1,3,1,4,0,0,0,2,1,-2,5.299999999999999,52.96610169491526,https://www.nba.com/stats/players/boxscores-traditional?Season=2025-26&SeasonType=Regular%20Season&TeamID=1610612741
2026,2025–26,1630172,Patrick Williams,0022501011,2026-03-19,CHI vs. CLE,CLE,L,20.17,6,2,5,2,4,0,0,0,1,1,1,1,0,2,4,5,1.6999999999999997,60.0,https://www.nba.com/stats/players/boxscores-traditional?Season=2025-26&SeasonType=Regular%20Season&TeamID=1610612741
2026,2025–26,1641824,Matas Buzelis,0022501002,2026-03-18,CHI vs. TOR,TOR,L,30.95,19,6,15,3,8,4,6,2,5,7,1,2,1,2,1,-24,13.999999999999998,53.85487528344671,https://www.nba.com/stats/players/boxscores-traditional?Season=2025-26&SeasonType=Regular%20Season&TeamID=1610612741
2026,2025–26,1629012,Collin Sexton,0022501002,2026-03-18,CHI vs. TOR,TOR,L,17.8,14,4,7,0,1,6,8,0,2,2,5,1,0,0,5,-13,12.999999999999998,66.53992395437263,https://www.nba.com/stats/players/boxscores-traditional?Season=2025-26&SeasonType=Regular%20Season&TeamID=1610612741
2026,2025–26,1642265,Rob Dillingham,0022501002,2026-03-18,CHI vs. TOR,TOR,L,24.6,15,7,11,1,3,0,0,0,0,0,4,0,1,1,5,-11,10.600000000000001,68.18181818181817,https://www.nba.com/stats/players/boxscores-traditional?Season=2025-26&SeasonType=Regular%20Season&TeamID=1610612741
2026,2025–26,1630188,Jalen Smith,0022501002,2026-03-18,CHI vs. TOR,TOR,L,17.3,10,3,4,2,3,2,2,1,3,4,1,1,0,3,4,-9,7.099999999999998,102.45901639344261,https://www.nba.com/stats/players/boxscores-traditional?Season=2025-26&SeasonType=Regular%20Season&TeamID=1610612741
2026,2025–26,1631159,Leonard Miller,0022501002,2026-03-18,CHI vs. TOR,TOR,L,26.5,13,6,9,1,3,0,0,1,3,4,0,0,0,0,3,-10,9.5,72.22222222222221,https://www.nba.com/stats/players/boxscores-traditional?Season=2025-26&SeasonType=Regular%20Season&TeamID=1610612741
2026,2025–26,1630200,Tre Jones,0022501002,2026-03-18,CHI vs. TOR,TOR,L,23.733333333333334,6,3,8,0,0,0,0,0,2,2,5,2,0,3,1,-14,4.300000000000001,37.5,https://www.nba.com/stats/players/boxscores-traditional?Season=2025-26&SeasonType=Regular%20Season&TeamID=1610612741
2026,2025–26,1630172,Patrick Williams,0022501002,2026-03-18,CHI vs. TOR,TOR,L,25.766666666666666,7,2,7,0,3,3,3,1,4,5,0,2,0,1,1,-21,5.4,42.06730769230769,https://www.nba.com/stats/players/boxscores-traditional?Season=2025-26&SeasonType=Regular%20Season&TeamID=1610612741
2026,2025–26,1627824,Guerschon Yabusele,0022501002,2026-03-18,CHI vs. TOR,TOR,L,13.973333333333333,5,1,3,1,1,2,2,3,0,3,3,2,0,2,0,-12,7.5,64.43298969072166,https://www.nba.com/stats/players/boxscores-traditional?Season=2025-26&SeasonType=Regular%20Season&TeamID=1610612741
2026,2025–26,1630581,Josh Giddey,0022501002,2026-03-18,CHI vs. TOR,TOR,L,27.05,9,4,13,1,8,0,1,0,0,0,3,1,0,3,2,-30,0.39999999999999947,33.48214285714286,https://www.nba.com/stats/players/boxscores-traditional?Season=2025-26&SeasonType=Regular%20Season&TeamID=1610612741
2026,2025–26,1630208,Nick Richards,0022501002,2026-03-18,CHI vs. TOR,TOR,L,16.476666666666667,4,2,5,0,1,0,0,1,5,6,0,0,0,2,1,-20,1.1,40.0,https://www.nba.com/stats/players/boxscores-traditional?Season=2025-26&SeasonType=Regular%20Season&TeamID=1610612741
2026,2025–26,1642950,Lachlan Olbrich,0022501002,2026-03-18,CHI vs. TOR,TOR,L,8.15,2,1,1,0,0,0,2,0,2,2,0,2,0,0,1,6,3.1,53.191489361702125,https://www.nba.com/stats/players/boxscores-traditional?Season=2025-26&SeasonType=Regular%20Season&TeamID=1610612741
2026,2025–26,1642530,Yuki Kawamura,0022501002,2026-03-18,CHI vs. TOR,TOR,L,7.7,5,1,2,0,0,3,4,0,1,1,2,0,0,2,0,8,3.3,66.48936170212765,https://www.nba.com/stats/players/boxscores-traditional?Season=2025-26&SeasonType=Regular%20Season&TeamID=1610612741
2026,2025–26,1630581,Josh Giddey,0022500987,2026-03-16,CHI vs. MEM,MEM,W,33.94,16,6,12,2,5,2,2,2,13,15,13,3,0,2,1,25,25.0,62.11180124223602,https://www.nba.com/stats/players/boxscores-traditional?Season=2025-26&SeasonType=Regular%20Season&TeamID=1610612741
2026,2025–26,1641824,Matas Buzelis,0022500987,2026-03-16,CHI vs. MEM,MEM,W,31.691666666666666,29,12,22,5,13,0,0,2,5,7,1,0,3,1,0,26,23.099999999999994,65.9090909090909,https://www.nba.com/stats/players/boxscores-traditional?Season=2025-26&SeasonType=Regular%20Season&TeamID=1610612741
2026,2025–26,1630200,Tre Jones,0022500987,2026-03-16,CHI vs. MEM,MEM,W,27.95,17,7,12,1,5,2,2,1,4,5,5,2,1,3,0,13,16.5,65.99378881987577,https://www.nba.com/stats/players/boxscores-traditional?Season=2025-26&SeasonType=Regular%20Season&TeamID=1610612741
2026,2025–26,1642265,Rob Dillingham,0022500987,2026-03-16,CHI vs. MEM,MEM,W,26.666666666666668,15,6,15,3,9,0,0,0,1,1,4,3,0,3,4,15,8.4,50.0,https://www.nba.com/stats/players/boxscores-traditional?Season=2025-26&SeasonType=Regular%20Season&TeamID=1610612741
2026,2025–26,1631159,Leonard Miller,0022500987,2026-03-16,CHI vs. MEM,MEM,W,28.333333333333332,10,3,5,2,3,2,3,3,4,7,2,0,2,0,1,21,12.999999999999998,79.11392405063292,https://www.nba.com/stats/players/boxscores-traditional?Season=2025-26&SeasonType=Regular%20Season&TeamID=1610612741
2026,2025–26,1630188,Jalen Smith,0022500987,2026-03-16,CHI vs. MEM,MEM,W,26.766666666666666,13,5,10,0,4,3,3,3,2,5,0,0,0,1,2,30,8.899999999999999,57.42049469964664,https://www.nba.com/stats/players/boxscores-traditional?Season=2025-26&SeasonType=Regular%20Season&TeamID=1610612741
2026,2025–26,1627824,Guerschon Yabusele,0022500987,2026-03-16,CHI vs. MEM,MEM,W,17.96,13,3,4,2,3,5,6,0,0,0,0,1,0,1,2,-8,10.199999999999998,97.89156626506023,https://www.nba.com/stats/players/boxscores-traditional?Season=2025-26&SeasonType=Regular%20Season&TeamID=1610612741
2026,2025–26,1630172,Patrick Williams,0022500987,2026-03-16,CHI vs. MEM,MEM,W,19.86,9,3,7,3,6,0,0,0,0,0,2,0,0,1,1,-4,5.299999999999999,64.28571428571429,https://www.nba.com/stats/players/boxscores-traditional?Season=2025-26&SeasonType=Regular%20Season&TeamID=1610612741
2026,2025–26,1630208,Nick Richards,0022500987,2026-03-16,CHI vs. MEM,MEM,W,12.548333333333334,5,2,4,0,0,1,2,2,4,6,1,0,0,0,3,6,4.7,51.229508196721305,https://www.nba.com/stats/players/boxscores-traditional?Season=2025-26&SeasonType=Regular%20Season&TeamID=1610612741
2026,2025–26,1642530,Yuki Kawamura,0022500987,2026-03-16,CHI vs. MEM,MEM,W,11.816666666666666,5,1,2,0,0,3,3,0,1,1,2,0,0,3,2,2,1.8999999999999995,75.3012048192771,https://www.nba.com/stats/players/boxscores-traditional?Season=2025-26&SeasonType=Regular%20Season&TeamID=1610612741
2026,2025–26,1642950,Lachlan Olbrich,0022500987,2026-03-16,CHI vs. MEM,MEM,W,2.466666666666667,0,0,0,0,0,0,0,0,0,0,0,0,0,1,0,-1,-1.0,0.0,https://www.nba.com/stats/players/boxscores-traditional?Season=2025-26&SeasonType=Regular%20Season&TeamID=1610612741
2026,2025–26,1630581,Josh Giddey,0022500968,2026-03-13,CHI @ LAC,LAC,L,38.93833333333333,20,8,20,4,11,0,0,2,9,11,10,2,1,2,3,-1,19.799999999999997,50.0,https://www.nba.com/stats/players/boxscores-traditional?Season=2025-26&SeasonType=Regular%20Season&TeamID=1610612741
2026,2025–26,1641824,Matas Buzelis,0022500968,2026-03-13,CHI @ LAC,LAC,L,34.42166666666667,18,6,18,2,10,4,4,3,8,11,2,0,0,2,1,-10,11.299999999999999,45.54655870445344,https://www.nba.com/stats/players/boxscores-traditional?Season=2025-26&SeasonType=Regular%20Season&TeamID=1610612741
2026,2025–26,1631159,Leonard Miller,0022500968,2026-03-13,CHI @ LAC,LAC,L,35.88333333333333,14,6,14,0,5,2,2,1,7,8,3,2,0,0,3,-13,12.3,47.04301075268817,https://www.nba.com/stats/players/boxscores-traditional?Season=2025-26&SeasonType=Regular%20Season&TeamID=1610612741
2026,2025–26,1630208,Nick Richards,0022500968,2026-03-13,CHI @ LAC,LAC,L,29.9,10,3,10,1,3,3,4,3,5,8,1,0,3,1,2,-1,8.399999999999997,42.51700680272109,https://www.nba.com/stats/players/boxscores-traditional?Season=2025-26&SeasonType=Regular%20Season&TeamID=1610612741
2026,2025–26,1630200,Tre Jones,0022500968,2026-03-13,CHI @ LAC,LAC,L,29.955,21,10,11,0,0,1,1,0,1,1,2,0,0,2,3,-23,15.8,91.78321678321679,https://www.nba.com/stats/players/boxscores-traditional?Season=2025-26&SeasonType=Regular%20Season&TeamID=1610612741
2026,2025–26,1642265,Rob Dillingham,0022500968,2026-03-13,CHI @ LAC,LAC,L,24.423333333333332,12,5,9,2,3,0,0,2,2,4,4,1,0,3,4,2,8.9,66.66666666666666,https://www.nba.com/stats/players/boxscores-traditional?Season=2025-26&SeasonType=Regular%20Season&TeamID=1610612741
2026,2025–26,1627824,Guerschon Yabusele,0022500968,2026-03-13,CHI @ LAC,LAC,L,19.65,11,4,6,3,3,0,0,0,2,2,0,0,0,1,2,-9,7.199999999999999,91.66666666666666,https://www.nba.com/stats/players/boxscores-traditional?Season=2025-26&SeasonType=Regular%20Season&TeamID=1610612741
2026,2025–26,1630172,Patrick Williams,0022500968,2026-03-13,CHI @ LAC,LAC,L,22.816666666666666,2,0,7,0,6,2,2,1,2,3,1,0,3,2,1,3,-1.1999999999999997,12.690355329949238,https://www.nba.com/stats/players/boxscores-traditional?Season=2025-26&SeasonType=Regular%20Season&TeamID=1610612741
2026,2025–26,1642950,Lachlan Olbrich,0022500968,2026-03-13,CHI @ LAC,LAC,L,0.445,0,0,0,0,0,0,0,0,0,0,0,0,0,0,0,0,0.0,0.0,https://www.nba.com/stats/players/boxscores-traditional?Season=2025-26&SeasonType=Regular%20Season&TeamID=1610612741
2026,2025–26,1642530,Yuki Kawamura,0022500968,2026-03-13,CHI @ LAC,LAC,L,3.566666666666667,0,0,0,0,0,0,0,0,0,0,0,0,0,0,0,-3,0.0,0.0,https://www.nba.com/stats/players/boxscores-traditional?Season=2025-26&SeasonType=Regular%20Season&TeamID=1610612741
2026,2025–26,1630581,Josh Giddey,0022500960,2026-03-12,CHI @ LAL,LAL,L,39.766666666666666,27,10,17,6,9,1,2,2,6,8,15,2,0,6,1,-8,28.000000000000007,75.503355704698,https://www.nba.com/stats/players/boxscores-traditional?Season=2025-26&SeasonType=Regular%20Season&TeamID=1610612741
2026,2025–26,1641824,Matas Buzelis,0022500960,2026-03-12,CHI @ LAL,LAL,L,35.38333333333333,22,7,19,4,11,4,5,1,5,6,1,2,2,2,2,-25,14.599999999999998,51.886792452830186,https://www.nba.com/stats/players/boxscores-traditional?Season=2025-26&SeasonType=Regular%20Season&TeamID=1610612741
2026,2025–26,1630200,Tre Jones,0022500960,2026-03-12,CHI @ LAL,LAL,L,32.03333333333333,18,8,16,0,2,2,2,2,2,4,6,1,0,0,1,-14,16.8,53.317535545023695,https://www.nba.com/stats/players/boxscores-traditional?Season=2025-26&SeasonType=Regular%20Season&TeamID=1610612741
2026,2025–26,1631159,Leonard Miller,0022500960,2026-03-12,CHI @ LAL,LAL,L,31.083333333333332,15,6,9,1,3,2,2,3,6,9,1,1,0,1,4,-11,14.099999999999996,75.91093117408906,https://www.nba.com/stats/players/boxscores-traditional?Season=2025-26&SeasonType=Regular%20Season&TeamID=1610612741
2026,2025–26,1642265,Rob Dillingham,0022500960,2026-03-12,CHI @ LAL,LAL,L,29.416666666666668,12,5,10,1,3,1,2,0,5,5,7,1,0,1,4,10,11.4,55.147058823529406,https://www.nba.com/stats/players/boxscores-traditional?Season=2025-26&SeasonType=Regular%20Season&TeamID=1610612741
2026,2025–26,1630208,Nick Richards,0022500960,2026-03-12,CHI @ LAL,LAL,L,25.55,15,7,9,0,1,1,1,0,4,4,1,0,0,2,3,-7,10.2,79.44915254237289,https://www.nba.com/stats/players/boxscores-traditional?Season=2025-26&SeasonType=Regular%20Season&TeamID=1610612741
2026,2025–26,1630188,Jalen Smith,0022500960,2026-03-12,CHI @ LAL,LAL,L,30.35,14,5,11,2,5,2,2,3,1,4,0,0,0,0,3,-18,9.5,58.92255892255892,https://www.nba.com/stats/players/boxscores-traditional?Season=2025-26&SeasonType=Regular%20Season&TeamID=1610612741
2026,2025–26,1642950,Lachlan Olbrich,0022500960,2026-03-12,CHI @ LAL,LAL,L,6.283333333333333,4,2,2,0,0,0,0,0,0,0,1,0,1,2,0,6,2.8,100.0,https://www.nba.com/stats/players/boxscores-traditional?Season=2025-26&SeasonType=Regular%20Season&TeamID=1610612741
2026,2025–26,1642530,Yuki Kawamura,0022500960,2026-03-12,CHI @ LAL,LAL,L,10.133333333333333,3,1,2,1,2,0,0,1,0,1,2,0,0,1,0,7,3.0999999999999996,75.0,https://www.nba.com/stats/players/boxscores-traditional?Season=2025-26&SeasonType=Regular%20Season&TeamID=1610612741
2026,2025–26,1641824,Matas Buzelis,0022500943,2026-03-10,CHI @ GSW,GSW,W,45.2,41,16,28,5,15,4,5,1,5,6,2,2,2,1,1,8,33.0,67.88079470198676,https://www.nba.com/stats/players/boxscores-traditional?Season=2025-26&SeasonType=Regular%20Season&TeamID=1610612741
2026,2025–26,1630581,Josh Giddey,0022500943,2026-03-10,CHI @ GSW,GSW,W,43.2,21,7,16,4,9,3,4,2,11,13,17,0,0,5,4,14,22.2,59.121621621621614,https://www.nba.com/stats/players/boxscores-traditional?Season=2025-26&SeasonType=Regular%20Season&TeamID=1610612741
2026,2025–26,1630200,Tre Jones,0022500943,2026-03-10,CHI @ GSW,GSW,W,33.483333333333334,22,10,18,2,6,0,0,1,3,4,5,1,0,2,1,11,17.1,61.111111111111114,https://www.nba.com/stats/players/boxscores-traditional?Season=2025-26&SeasonType=Regular%20Season&TeamID=1610612741
2026,2025–26,1631159,Leonard Miller,0022500943,2026-03-10,CHI @ GSW,GSW,W,37.681666666666665,17,8,16,1,3,0,0,6,5,11,1,1,1,0,1,14,16.7,53.125,https://www.nba.com/stats/players/boxscores-traditional?Season=2025-26&SeasonType=Regular%20Season&TeamID=1610612741
2026,2025–26,1630188,Jalen Smith,0022500943,2026-03-10,CHI @ GSW,GSW,W,33.88333333333333,12,3,13,2,10,4,4,6,6,12,3,0,1,1,3,1,10.699999999999996,40.65040650406504,https://www.nba.com/stats/players/boxscores-traditional?Season=2025-26&SeasonType=Regular%20Season&TeamID=1610612741
2026,2025–26,1630208,Nick Richards,0022500943,2026-03-10,CHI @ GSW,GSW,W,28.115,10,4,7,0,0,2,3,3,7,10,1,0,2,1,3,-5,10.399999999999999,60.09615384615385,https://www.nba.com/stats/players/boxscores-traditional?Season=2025-26&SeasonType=Regular%20Season&TeamID=1610612741
2026,2025–26,1642265,Rob Dillingham,0022500943,2026-03-10,CHI @ GSW,GSW,W,20.22,5,2,11,1,3,0,0,1,2,3,4,0,0,1,5,-2,-0.7999999999999998,22.727272727272727,https://www.nba.com/stats/players/boxscores-traditional?Season=2025-26&SeasonType=Regular%20Season&TeamID=1610612741
2026,2025–26,1627824,Guerschon Yabusele,0022500943,2026-03-10,CHI @ GSW,GSW,W,23.216666666666665,2,0,3,0,1,2,2,0,5,5,1,2,0,1,0,-11,3.1000000000000005,25.773195876288664,https://www.nba.com/stats/players/boxscores-traditional?Season=2025-26&SeasonType=Regular%20Season&TeamID=1610612741
2026,2025–26,1630581,Josh Giddey,0022500930,2026-03-08,CHI @ SAC,SAC,L,33.583333333333336,15,6,13,2,6,1,1,1,11,12,10,1,0,3,0,0,17.299999999999997,55.80357142857143,https://www.nba.com/stats/players/boxscores-traditional?Season=2025-26&SeasonType=Regular%20Season&TeamID=1610612741
2026,2025–26,1641824,Matas Buzelis,0022500930,2026-03-08,CHI @ SAC,SAC,L,30.483333333333334,20,5,12,2,6,8,9,1,7,8,4,0,3,3,3,-4,16.7,62.65664160401002,https://www.nba.com/stats/players/boxscores-traditional?Season=2025-26&SeasonType=Regular%20Season&TeamID=1610612741
2026,2025–26,1629012,Collin Sexton,0022500930,2026-03-08,CHI @ SAC,SAC,L,22.266666666666666,28,9,12,7,9,3,4,0,2,2,3,0,0,0,0,-9,25.500000000000007,101.74418604651163,https://www.nba.com/stats/players/boxscores-traditional?Season=2025-26&SeasonType=Regular%20Season&TeamID=1610612741
2026,2025–26,1630208,Nick Richards,0022500930,2026-03-08,CHI @ SAC,SAC,L,20.733333333333334,10,3,8,0,1,4,7,3,8,11,1,0,1,3,0,5,7.299999999999997,45.12635379061371,https://www.nba.com/stats/players/boxscores-traditional?Season=2025-26&SeasonType=Regular%20Season&TeamID=1610612741
2026,2025–26,1630200,Tre Jones,0022500930,2026-03-08,CHI @ SAC,SAC,L,31.616666666666667,12,5,10,0,3,2,3,0,1,1,5,1,0,0,0,-16,11.399999999999999,53.003533568904594,https://www.nba.com/stats/players/boxscores-traditional?Season=2025-26&SeasonType=Regular%20Season&TeamID=1610612741
2026,2025–26,1627824,Guerschon Yabusele,0022500930,2026-03-08,CHI @ SAC,SAC,L,22.033333333333335,4,1,6,1,3,1,2,3,2,5,3,0,0,1,1,0,3.2,29.069767441860467,https://www.nba.com/stats/players/boxscores-traditional?Season=2025-26&SeasonType=Regular%20Season&TeamID=1610612741
2026,2025–26,1630171,Isaac Okoro,0022500930,2026-03-08,CHI @ SAC,SAC,L,23.731666666666666,9,2,5,2,5,3,4,0,1,1,1,0,0,0,6,-9,4.5,66.56804733727812,https://www.nba.com/stats/players/boxscores-traditional?Season=2025-26&SeasonType=Regular%20Season&TeamID=1610612741
2026,2025–26,1630188,Jalen Smith,0022500930,2026-03-08,CHI @ SAC,SAC,L,19.883333333333333,4,1,6,1,5,1,4,0,3,3,0,0,1,0,3,-6,-0.5999999999999994,25.773195876288664,https://www.nba.com/stats/players/boxscores-traditional?Season=2025-26&SeasonType=Regular%20Season&TeamID=1610612741
2026,2025–26,1642265,Rob Dillingham,0022500930,2026-03-08,CHI @ SAC,SAC,L,14.668333333333333,3,1,5,1,2,0,0,1,4,5,0,0,0,1,2,-17,-2.220446049250313e-16,30.0,https://www.nba.com/stats/players/boxscores-traditional?Season=2025-26&SeasonType=Regular%20Season&TeamID=1610612741
2026,2025–26,1630172,Patrick Williams,0022500930,2026-03-08,CHI @ SAC,SAC,L,17.2,5,2,6,1,4,0,0,0,1,1,0,0,1,3,3,-18,-1.5999999999999996,41.66666666666667,https://www.nba.com/stats/players/boxscores-traditional?Season=2025-26&SeasonType=Regular%20Season&TeamID=1610612741
2026,2025–26,1631159,Leonard Miller,0022500930,2026-03-08,CHI @ SAC,SAC,L,1.2666666666666666,0,0,1,0,1,0,0,0,0,0,0,0,0,0,0,-2,-0.7,0.0,https://www.nba.com/stats/players/boxscores-traditional?Season=2025-26&SeasonType=Regular%20Season&TeamID=1610612741
2026,2025–26,1642950,Lachlan Olbrich,0022500930,2026-03-08,CHI @ SAC,SAC,L,1.2666666666666666,0,0,0,0,0,0,0,0,0,0,0,0,0,0,0,-2,0.0,0.0,https://www.nba.com/stats/players/boxscores-traditional?Season=2025-26&SeasonType=Regular%20Season&TeamID=1610612741
2026,2025–26,1642530,Yuki Kawamura,0022500930,2026-03-08,CHI @ SAC,SAC,L,1.2666666666666666,0,0,0,0,0,0,0,0,0,0,0,0,0,0,1,-2,-0.4,0.0,https://www.nba.com/stats/players/boxscores-traditional?Season=2025-26&SeasonType=Regular%20Season&TeamID=1610612741
2026,2025–26,1629012,Collin Sexton,0022500905,2026-03-05,CHI @ PHX,PHX,W,37.583333333333336,30,11,19,2,7,6,8,1,2,3,5,2,0,1,1,11,25.700000000000003,66.60746003552399,https://www.nba.com/stats/players/boxscores-traditional?Season=2025-26&SeasonType=Regular%20Season&TeamID=1610612741
2026,2025–26,1630200,Tre Jones,0022500905,2026-03-05,CHI @ PHX,PHX,W,28.833333333333332,21,9,15,1,3,2,3,1,5,6,5,2,0,1,0,-3,20.4,64.33823529411764,https://www.nba.com/stats/players/boxscores-traditional?Season=2025-26&SeasonType=Regular%20Season&TeamID=1610612741
2026,2025–26,1627824,Guerschon Yabusele,0022500905,2026-03-05,CHI @ PHX,PHX,W,37.34,16,6,15,3,6,1,2,0,6,6,2,0,1,1,4,7,8.799999999999997,50.377833753148614,https://www.nba.com/stats/players/boxscores-traditional?Season=2025-26&SeasonType=Regular%20Season&TeamID=1610612741
2026,2025–26,1630208,Nick Richards,0022500905,2026-03-05,CHI @ PHX,PHX,W,29.41,9,2,2,0,0,5,10,2,9,11,1,1,2,2,5,-8,9.6,70.3125,https://www.nba.com/stats/players/boxscores-traditional?Season=2025-26&SeasonType=Regular%20Season&TeamID=1610612741
2026,2025–26,1631159,Leonard Miller,0022500905,2026-03-05,CHI @ PHX,PHX,W,23.826666666666668,8,3,9,0,5,2,2,0,9,9,0,0,0,1,2,11,3.8,40.48582995951417,https://www.nba.com/stats/players/boxscores-traditional?Season=2025-26&SeasonType=Regular%20Season&TeamID=1610612741
2026,2025–26,1642950,Lachlan Olbrich,0022500905,2026-03-05,CHI @ PHX,PHX,W,17.05,4,2,6,0,0,0,0,4,2,6,2,2,0,1,3,0,5.2,33.33333333333333,https://www.nba.com/stats/players/boxscores-traditional?Season=2025-26&SeasonType=Regular%20Season&TeamID=1610612741
2026,2025–26,1642265,Rob Dillingham,0022500905,2026-03-05,CHI @ PHX,PHX,W,20.573333333333334,11,5,12,1,5,0,0,0,2,2,1,0,0,2,3,-7,2.700000000000001,45.83333333333333,https://www.nba.com/stats/players/boxscores-traditional?Season=2025-26&SeasonType=Regular%20Season&TeamID=1610612741
2026,2025–26,1630171,Isaac Okoro,0022500905,2026-03-05,CHI @ PHX,PHX,W,35.516666666666666,6,3,7,0,1,0,0,0,1,1,3,1,0,2,3,-1,2.5,42.857142857142854,https://www.nba.com/stats/players/boxscores-traditional?Season=2025-26&SeasonType=Regular%20Season&TeamID=1610612741
2026,2025–26,1642530,Yuki Kawamura,0022500905,2026-03-05,CHI @ PHX,PHX,W,9.866666666666667,0,0,1,0,1,0,0,1,1,2,4,0,0,1,1,0,1.6999999999999997,0.0,https://www.nba.com/stats/players/boxscores-traditional?Season=2025-26&SeasonType=Regular%20Season&TeamID=1610612741
2026,2025–26,1630581,Josh Giddey,0022500889,2026-03-03,CHI vs. OKC,OKC,L,33.041666666666664,14,5,12,3,7,1,2,1,8,9,9,1,2,4,1,-15,14.600000000000001,54.347826086956516,https://www.nba.com/stats/players/boxscores-traditional?Season=2025-26&SeasonType=Regular%20Season&TeamID=1610612741
2026,2025–26,1627824,Guerschon Yabusele,0022500889,2026-03-03,CHI vs. OKC,OKC,L,29.4,18,7,14,4,10,0,1,3,9,12,2,1,1,1,3,-12,16.299999999999997,62.32686980609419,https://www.nba.com/stats/players/boxscores-traditional?Season=2025-26&SeasonType=Regular%20Season&TeamID=1610612741
2026,2025–26,1630208,Nick Richards,0022500889,2026-03-03,CHI vs. OKC,OKC,L,23.283333333333335,12,6,9,0,1,0,2,3,10,13,0,1,0,3,2,5,9.600000000000001,60.72874493927125,https://www.nba.com/stats/players/boxscores-traditional?Season=2025-26&SeasonType=Regular%20Season&TeamID=1610612741
2026,2025–26,1629012,Collin Sexton,0022500889,2026-03-03,CHI vs. OKC,OKC,L,28.0,20,6,14,3,8,5,6,0,1,1,2,0,0,2,4,-2,10.3,60.09615384615385,https://www.nba.com/stats/players/boxscores-traditional?Season=2025-26&SeasonType=Regular%20Season&TeamID=1610612741
2026,2025–26,1630200,Tre Jones,0022500889,2026-03-03,CHI vs. OKC,OKC,L,26.35,15,5,10,3,5,2,2,1,1,2,2,0,0,2,4,-18,8.8,68.93382352941177,https://www.nba.com/stats/players/boxscores-traditional?Season=2025-26&SeasonType=Regular%20Season&TeamID=1610612741
2026,2025–26,1641824,Matas Buzelis,0022500889,2026-03-03,CHI vs. OKC,OKC,L,20.365,11,3,9,2,5,3,4,1,4,5,3,0,0,1,2,0,7.699999999999999,51.11524163568774,https://www.nba.com/stats/players/boxscores-traditional?Season=2025-26&SeasonType=Regular%20Season&TeamID=1610612741
2026,2025–26,1642265,Rob Dillingham,0022500889,2026-03-03,CHI vs. OKC,OKC,L,23.811666666666667,6,3,7,0,3,0,0,1,4,5,5,0,0,3,1,6,4.300000000000001,42.857142857142854,https://www.nba.com/stats/players/boxscores-traditional?Season=2025-26&SeasonType=Regular%20Season&TeamID=1610612741
2026,2025–26,1631159,Leonard Miller,0022500889,2026-03-03,CHI vs. OKC,OKC,L,21.091666666666665,8,3,5,2,4,0,0,0,3,3,0,0,0,1,2,-1,4.8,80.0,https://www.nba.com/stats/players/boxscores-traditional?Season=2025-26&SeasonType=Regular%20Season&TeamID=1610612741
2026,2025–26,1630171,Isaac Okoro,0022500889,2026-03-03,CHI vs. OKC,OKC,L,31.80666666666667,4,1,9,0,5,2,2,0,1,1,2,0,0,2,3,-11,-3.3999999999999995,20.242914979757085,https://www.nba.com/stats/players/boxscores-traditional?Season=2025-26&SeasonType=Regular%20Season&TeamID=1610612741
2026,2025–26,1642950,Lachlan Olbrich,0022500889,2026-03-03,CHI vs. OKC,OKC,L,2.85,0,0,1,0,1,0,0,0,2,2,2,0,0,0,0,8,1.2999999999999998,0.0,https://www.nba.com/stats/players/boxscores-traditional?Season=2025-26&SeasonType=Regular%20Season&TeamID=1610612741
2026,2025–26,1630581,Josh Giddey,0022500870,2026-03-01,CHI vs. MIL,MIL,W,32.25,20,7,14,5,11,1,1,3,11,14,10,2,1,4,0,26,24.1,69.25207756232687,https://www.nba.com/stats/players/boxscores-traditional?Season=2025-26&SeasonType=Regular%20Season&TeamID=1610612741
2026,2025–26,1641824,Matas Buzelis,0022500870,2026-03-01,CHI vs. MIL,MIL,W,31.808333333333334,20,7,15,4,9,2,2,0,7,7,3,0,3,3,1,3,15.200000000000003,62.97229219143576,https://www.nba.com/stats/players/boxscores-traditional?Season=2025-26&SeasonType=Regular%20Season&TeamID=1610612741
2026,2025–26,1629012,Collin Sexton,0022500870,2026-03-01,CHI vs. MIL,MIL,W,32.291666666666664,22,9,14,3,8,1,1,0,3,3,2,3,0,4,1,28,16.700000000000003,76.17728531855957,https://www.nba.com/stats/players/boxscores-traditional?Season=2025-26&SeasonType=Regular%20Season&TeamID=1610612741
2026,2025–26,1627824,Guerschon Yabusele,0022500870,2026-03-01,CHI vs. MIL,MIL,W,23.133333333333333,12,3,8,2,7,4,6,1,6,7,5,3,0,0,0,8,15.8,56.390977443609025,https://www.nba.com/stats/players/boxscores-traditional?Season=2025-26&SeasonType=Regular%20Season&TeamID=1610612741
2026,2025–26,1631159,Leonard Miller,0022500870,2026-03-01,CHI vs. MIL,MIL,W,27.291666666666668,15,6,8,2,4,1,1,2,3,5,4,1,2,1,2,38,17.499999999999996,88.86255924170617,https://www.nba.com/stats/players/boxscores-traditional?Season=2025-26&SeasonType=Regular%20Season&TeamID=1610612741
2026,2025–26,1630200,Tre Jones,0022500870,2026-03-01,CHI vs. MIL,MIL,W,27.533333333333335,13,4,9,1,3,4,4,0,3,3,6,0,1,3,2,-4,10.299999999999999,60.4089219330855,https://www.nba.com/stats/players/boxscores-traditional?Season=2025-26&SeasonType=Regular%20Season&TeamID=1610612741
2026,2025–26,1630208,Nick Richards,0022500870,2026-03-01,CHI vs. MIL,MIL,W,27.15,11,5,9,0,1,1,4,1,6,7,0,1,1,1,3,8,7.5,51.11524163568774,https://www.nba.com/stats/players/boxscores-traditional?Season=2025-26&SeasonType=Regular%20Season&TeamID=1610612741
2026,2025–26,1630171,Isaac Okoro,0022500870,2026-03-01,CHI vs. MIL,MIL,W,31.741666666666667,7,2,5,1,4,2,4,0,4,4,3,2,0,2,4,8,5.200000000000001,51.77514792899408,https://www.nba.com/stats/players/boxscores-traditional?Season=2025-26&SeasonType=Regular%20Season&TeamID=1610612741
2026,2025–26,1642265,Rob Dillingham,0022500870,2026-03-01,CHI vs. MIL,MIL,W,4.95,0,0,2,0,2,0,0,0,0,0,1,1,0,0,1,-6,-0.09999999999999998,0.0,https://www.nba.com/stats/players/boxscores-traditional?Season=2025-26&SeasonType=Regular%20Season&TeamID=1610612741
2026,2025–26,1642530,Yuki Kawamura,0022500870,2026-03-01,CHI vs. MIL,MIL,W,0.925,0,0,0,0,0,0,0,0,0,0,0,1,0,0,0,3,1.0,0.0,https://www.nba.com/stats/players/boxscores-traditional?Season=2025-26&SeasonType=Regular%20Season&TeamID=1610612741
2026,2025–26,1642950,Lachlan Olbrich,0022500870,2026-03-01,CHI vs. MIL,MIL,W,0.925,0,0,0,0,0,0,0,0,0,0,0,0,0,0,0,3,0.0,0.0,https://www.nba.com/stats/players/boxscores-traditional?Season=2025-26&SeasonType=Regular%20Season&TeamID=1610612741
2026,2025–26,1641824,Matas Buzelis,0022500853,2026-02-26,CHI vs. POR,POR,L,35.94833333333333,20,6,16,2,8,6,9,0,7,7,4,2,1,4,4,-15,11.999999999999998,50.1002004008016,https://www.nba.com/stats/players/boxscores-traditional?Season=2025-26&SeasonType=Regular%20Season&TeamID=1610612741
2026,2025–26,1630581,Josh Giddey,0022500853,2026-02-26,CHI vs. POR,POR,L,27.75,15,6,9,2,4,1,1,1,5,6,9,1,0,4,3,13,15.399999999999999,79.44915254237289,https://www.nba.com/stats/players/boxscores-traditional?Season=2025-26&SeasonType=Regular%20Season&TeamID=1610612741
2026,2025–26,1630200,Tre Jones,0022500853,2026-02-26,CHI vs. POR,POR,L,27.02,19,9,15,0,1,1,3,0,3,3,4,0,0,1,3,0,12.8,58.2107843137255,https://www.nba.com/stats/players/boxscores-traditional?Season=2025-26&SeasonType=Regular%20Season&TeamID=1610612741
2026,2025–26,1630208,Nick Richards,0022500853,2026-02-26,CHI vs. POR,POR,L,26.7,14,4,7,0,0,6,6,1,9,10,1,0,0,0,0,-12,14.799999999999997,72.61410788381743,https://www.nba.com/stats/players/boxscores-traditional?Season=2025-26&SeasonType=Regular%20Season&TeamID=1610612741
2026,2025–26,1631159,Leonard Miller,0022500853,2026-02-26,CHI vs. POR,POR,L,23.183333333333334,11,4,5,1,1,2,2,0,3,3,2,0,2,2,2,2,10.0,93.5374149659864,https://www.nba.com/stats/players/boxscores-traditional?Season=2025-26&SeasonType=Regular%20Season&TeamID=1610612741
2026,2025–26,1630171,Isaac Okoro,0022500853,2026-02-26,CHI vs. POR,POR,L,37.406666666666666,12,4,8,1,4,3,4,2,3,5,0,1,0,1,1,-6,9.5,61.47540983606557,https://www.nba.com/stats/players/boxscores-traditional?Season=2025-26&SeasonType=Regular%20Season&TeamID=1610612741
2026,2025–26,1642265,Rob Dillingham,0022500853,2026-02-26,CHI vs. POR,POR,L,22.891666666666666,5,2,7,1,3,0,0,0,2,2,5,3,0,1,4,-23,5.4,35.714285714285715,https://www.nba.com/stats/players/boxscores-traditional?Season=2025-26&SeasonType=Regular%20Season&TeamID=1610612741
2026,2025–26,1629012,Collin Sexton,0022500853,2026-02-26,CHI vs. POR,POR,L,17.8,10,4,9,2,7,0,0,0,0,0,3,1,0,3,5,-7,3.3999999999999986,55.55555555555556,https://www.nba.com/stats/players/boxscores-traditional?Season=2025-26&SeasonType=Regular%20Season&TeamID=1610612741
2026,2025–26,1627824,Guerschon Yabusele,0022500853,2026-02-26,CHI vs. POR,POR,L,21.3,6,1,4,0,2,4,5,2,3,5,1,0,1,4,2,3,2.1000000000000005,48.387096774193544,https://www.nba.com/stats/players/boxscores-traditional?Season=2025-26&SeasonType=Regular%20Season&TeamID=1610612741
2026,2025–26,1641824,Matas Buzelis,0022500836,2026-02-24,CHI vs. CHA,CHA,L,33.028333333333336,32,13,19,6,11,0,0,1,6,7,2,1,0,2,2,-7,26.000000000000004,84.21052631578947,https://www.nba.com/stats/players/boxscores-traditional?Season=2025-26&SeasonType=Regular%20Season&TeamID=1610612741
2026,2025–26,1627824,Guerschon Yabusele,0022500836,2026-02-24,CHI vs. CHA,CHA,L,26.55,11,3,8,3,7,2,2,2,2,4,1,2,0,1,2,-9,9.499999999999998,61.936936936936924,https://www.nba.com/stats/players/boxscores-traditional?Season=2025-26&SeasonType=Regular%20Season&TeamID=1610612741
2026,2025–26,1630581,Josh Giddey,0022500836,2026-02-24,CHI vs. CHA,CHA,L,25.828333333333333,8,3,11,0,2,2,3,0,2,2,5,2,0,5,1,-22,1.7999999999999998,32.467532467532465,https://www.nba.com/stats/players/boxscores-traditional?Season=2025-26&SeasonType=Regular%20Season&TeamID=1610612741
2026,2025–26,1629012,Collin Sexton,0022500836,2026-02-24,CHI vs. CHA,CHA,L,28.405,10,4,9,2,5,0,0,0,2,2,1,2,0,2,3,-16,5.3999999999999995,55.55555555555556,https://www.nba.com/stats/players/boxscores-traditional?Season=2025-26&SeasonType=Regular%20Season&TeamID=1610612741
2026,2025–26,1630172,Patrick Williams,0022500836,2026-02-24,CHI vs. CHA,CHA,L,25.955,11,4,6,3,5,0,0,1,1,2,1,0,0,4,0,-4,6.1,91.66666666666666,https://www.nba.com/stats/players/boxscores-traditional?Season=2025-26&SeasonType=Regular%20Season&TeamID=1610612741
2026,2025–26,1642265,Rob Dillingham,0022500836,2026-02-24,CHI vs. CHA,CHA,L,23.328333333333333,6,2,9,0,2,2,2,1,4,5,5,0,0,3,2,-21,2.1000000000000005,30.364372469635626,https://www.nba.com/stats/players/boxscores-traditional?Season=2025-26&SeasonType=Regular%20Season&TeamID=1610612741
2026,2025–26,1630171,Isaac Okoro,0022500836,2026-02-24,CHI vs. CHA,CHA,L,27.071666666666665,7,1,6,1,5,4,4,1,1,2,2,1,0,0,0,-33,6.600000000000001,45.103092783505154,https://www.nba.com/stats/players/boxscores-traditional?Season=2025-26&SeasonType=Regular%20Season&TeamID=1610612741
2026,2025–26,1630208,Nick Richards,0022500836,2026-02-24,CHI vs. CHA,CHA,L,21.9,6,2,5,0,0,2,2,3,2,5,0,0,0,1,1,-22,4.599999999999999,51.02040816326531,https://www.nba.com/stats/players/boxscores-traditional?Season=2025-26&SeasonType=Regular%20Season&TeamID=1610612741
2026,2025–26,1631159,Leonard Miller,0022500836,2026-02-24,CHI vs. CHA,CHA,L,4.966666666666667,5,2,2,1,1,0,0,0,2,2,0,0,1,1,0,1,4.7,125.0,https://www.nba.com/stats/players/boxscores-traditional?Season=2025-26&SeasonType=Regular%20Season&TeamID=1610612741
2026,2025–26,1630200,Tre Jones,0022500836,2026-02-24,CHI vs. CHA,CHA,L,19.983333333333334,3,1,7,0,2,1,2,0,2,2,1,1,0,0,1,-25,5.551115123125783e-16,19.03553299492386,https://www.nba.com/stats/players/boxscores-traditional?Season=2025-26&SeasonType=Regular%20Season&TeamID=1610612741
2026,2025–26,1642950,Lachlan Olbrich,0022500836,2026-02-24,CHI vs. CHA,CHA,L,2.9833333333333334,0,0,0,0,0,0,0,0,0,0,0,0,0,0,0,-2,0.0,0.0,https://www.nba.com/stats/players/boxscores-traditional?Season=2025-26&SeasonType=Regular%20Season&TeamID=1610612741
2026,2025–26,1627824,Guerschon Yabusele,0022500825,2026-02-22,CHI vs. NYK,NYK,L,29.733333333333334,11,4,8,3,6,0,0,1,12,13,1,0,0,1,0,-3,11.0,68.75,https://www.nba.com/stats/players/boxscores-traditional?Season=2025-26&SeasonType=Regular%20Season&TeamID=1610612741
2026,2025–26,1630208,Nick Richards,0022500825,2026-02-22,CHI vs. NYK,NYK,L,23.016666666666666,9,3,6,0,1,3,5,5,8,13,0,0,1,3,3,0,7.599999999999998,54.87804878048781,https://www.nba.com/stats/players/boxscores-traditional?Season=2025-26&SeasonType=Regular%20Season&TeamID=1610612741
2026,2025–26,1630172,Patrick Williams,0022500825,2026-02-22,CHI vs. NYK,NYK,L,27.6,10,3,8,2,7,2,2,0,1,1,8,0,1,1,0,6,11.2,56.3063063063063,https://www.nba.com/stats/players/boxscores-traditional?Season=2025-26&SeasonType=Regular%20Season&TeamID=1610612741
2026,2025–26,1630188,Jalen Smith,0022500825,2026-02-22,CHI vs. NYK,NYK,L,18.216666666666665,12,5,11,2,6,0,0,1,4,5,1,1,0,2,3,-9,6.699999999999999,54.54545454545454,https://www.nba.com/stats/players/boxscores-traditional?Season=2025-26&SeasonType=Regular%20Season&TeamID=1610612741
2026,2025–26,1630171,Isaac Okoro,0022500825,2026-02-22,CHI vs. NYK,NYK,L,33.00666666666667,12,4,10,3,7,1,1,3,3,6,1,0,0,2,3,-15,7.099999999999998,57.4712643678161,https://www.nba.com/stats/players/boxscores-traditional?Season=2025-26&SeasonType=Regular%20Season&TeamID=1610612741
2026,2025–26,1641824,Matas Buzelis,0022500825,2026-02-22,CHI vs. NYK,NYK,L,25.976666666666667,15,4,12,3,9,4,5,0,4,4,0,0,0,3,3,-6,4.800000000000002,52.81690140845071,https://www.nba.com/stats/players/boxscores-traditional?Season=2025-26&SeasonType=Regular%20Season&TeamID=1610612741
2026,2025–26,1642265,Rob Dillingham,0022500825,2026-02-22,CHI vs. NYK,NYK,L,24.15,8,3,7,1,2,1,3,1,3,4,4,2,0,1,2,9,8.099999999999998,48.07692307692307,https://www.nba.com/stats/players/boxscores-traditional?Season=2025-26&SeasonType=Regular%20Season&TeamID=1610612741
2026,2025–26,1630581,Josh Giddey,0022500825,2026-02-22,CHI vs. NYK,NYK,L,22.966666666666665,6,2,10,0,3,2,3,1,1,2,6,2,0,2,1,-14,4.199999999999999,26.501766784452297,https://www.nba.com/stats/players/boxscores-traditional?Season=2025-26&SeasonType=Regular%20Season&TeamID=1610612741
2026,2025–26,1629012,Collin Sexton,0022500825,2026-02-22,CHI vs. NYK,NYK,L,12.383333333333333,8,2,5,2,4,2,2,0,1,1,0,2,0,1,1,1,6.2,68.02721088435374,https://www.nba.com/stats/players/boxscores-traditional?Season=2025-26&SeasonType=Regular%20Season&TeamID=1610612741
2026,2025–26,1630200,Tre Jones,0022500825,2026-02-22,CHI vs. NYK,NYK,L,22.95,8,4,9,0,1,0,0,1,0,1,3,1,0,1,1,1,5.699999999999999,44.44444444444444,https://www.nba.com/stats/players/boxscores-traditional?Season=2025-26&SeasonType=Regular%20Season&TeamID=1610612741
2026,2025–26,1630581,Josh Giddey,0022500814,2026-02-21,CHI vs. DET,DET,L,27.183333333333334,27,10,16,5,8,2,5,2,4,6,3,0,1,5,1,-7,18.599999999999998,74.17582417582418,https://www.nba.com/stats/players/boxscores-traditional?Season=2025-26&SeasonType=Regular%20Season&TeamID=1610612741
2026,2025–26,1641824,Matas Buzelis,0022500814,2026-02-21,CHI vs. DET,DET,L,30.066666666666666,15,5,10,2,7,3,4,0,6,6,3,2,6,4,2,-19,14.899999999999995,63.775510204081634,https://www.nba.com/stats/players/boxscores-traditional?Season=2025-26&SeasonType=Regular%20Season&TeamID=1610612741
2026,2025–26,1627824,Guerschon Yabusele,0022500814,2026-02-21,CHI vs. DET,DET,L,24.35,12,3,7,2,4,4,5,1,8,9,8,0,1,3,1,-13,13.900000000000002,65.21739130434783,https://www.nba.com/stats/players/boxscores-traditional?Season=2025-26&SeasonType=Regular%20Season&TeamID=1610612741
2026,2025–26,1630188,Jalen Smith,0022500814,2026-02-21,CHI vs. DET,DET,L,24.765,15,5,6,3,4,2,3,0,7,7,2,0,3,1,3,-3,15.8,102.45901639344261,https://www.nba.com/stats/players/boxscores-traditional?Season=2025-26&SeasonType=Regular%20Season&TeamID=1610612741
2026,2025–26,1630171,Isaac Okoro,0022500814,2026-02-21,CHI vs. DET,DET,L,33.833333333333336,15,5,12,3,6,2,2,3,0,3,3,1,1,1,2,-18,12.7,58.22981366459628,https://www.nba.com/stats/players/boxscores-traditional?Season=2025-26&SeasonType=Regular%20Season&TeamID=1610612741
2026,2025–26,1630200,Tre Jones,0022500814,2026-02-21,CHI vs. DET,DET,L,25.733333333333334,7,3,7,0,1,1,1,0,2,2,6,2,0,1,1,-2,8.7,47.04301075268817,https://www.nba.com/stats/players/boxscores-traditional?Season=2025-26&SeasonType=Regular%20Season&TeamID=1610612741
2026,2025–26,1630172,Patrick Williams,0022500814,2026-02-21,CHI vs. DET,DET,L,15.533333333333333,6,2,5,2,4,0,0,0,1,1,1,2,0,0,2,-10,5.5,60.0,https://www.nba.com/stats/players/boxscores-traditional?Season=2025-26&SeasonType=Regular%20Season&TeamID=1610612741
2026,2025–26,1630208,Nick Richards,0022500814,2026-02-21,CHI vs. DET,DET,L,19.051666666666666,5,2,6,0,2,1,2,1,4,5,0,0,1,5,4,-12,-2.7999999999999994,36.337209302325576,https://www.nba.com/stats/players/boxscores-traditional?Season=2025-26&SeasonType=Regular%20Season&TeamID=1610612741
2026,2025–26,1629012,Collin Sexton,0022500814,2026-02-21,CHI vs. DET,DET,L,15.4,2,1,5,0,2,0,0,1,1,2,1,2,0,1,0,3,1.5999999999999996,20.0,https://www.nba.com/stats/players/boxscores-traditional?Season=2025-26&SeasonType=Regular%20Season&TeamID=1610612741
2026,2025–26,1642265,Rob Dillingham,0022500814,2026-02-21,CHI vs. DET,DET,L,8.483333333333333,2,0,3,0,1,2,2,0,1,1,1,1,0,1,0,-4,0.9000000000000004,25.773195876288664,https://www.nba.com/stats/players/boxscores-traditional?Season=2025-26&SeasonType=Regular%20Season&TeamID=1610612741
2026,2025–26,1629014,Anfernee Simons,0022500814,2026-02-21,CHI vs. DET,DET,L,12.95,4,2,6,0,1,0,0,0,2,2,0,0,0,1,1,3,-0.1999999999999994,33.33333333333333,https://www.nba.com/stats/players/boxscores-traditional?Season=2025-26&SeasonType=Regular%20Season&TeamID=1610612741
2026,2025–26,1631159,Leonard Miller,0022500814,2026-02-21,CHI vs. DET,DET,L,2.65,0,0,1,0,0,0,0,0,0,0,1,0,0,0,0,2,0.0,0.0,https://www.nba.com/stats/players/boxscores-traditional?Season=2025-26&SeasonType=Regular%20Season&TeamID=1610612741
2026,2025–26,1630188,Jalen Smith,0022500797,2026-02-19,CHI vs. TOR,TOR,L,24.333333333333332,9,2,6,1,3,4,4,2,8,10,2,3,1,2,1,-8,12.100000000000001,57.98969072164949,https://www.nba.com/stats/players/boxscores-traditional?Season=2025-26&SeasonType=Regular%20Season&TeamID=1610612741
2026,2025–26,1629014,Anfernee Simons,0022500797,2026-02-19,CHI vs. TOR,TOR,L,31.0,20,7,18,4,11,2,2,0,1,1,1,0,0,2,3,-21,8.0,52.96610169491526,https://www.nba.com/stats/players/boxscores-traditional?Season=2025-26&SeasonType=Regular%20Season&TeamID=1610612741
2026,2025–26,1630171,Isaac Okoro,0022500797,2026-02-19,CHI vs. TOR,TOR,L,29.543333333333333,16,6,12,3,5,1,1,2,3,5,1,0,0,1,1,0,11.6,64.30868167202573,https://www.nba.com/stats/players/boxscores-traditional?Season=2025-26&SeasonType=Regular%20Season&TeamID=1610612741
2026,2025–26,1630200,Tre Jones,0022500797,2026-02-19,CHI vs. TOR,TOR,L,21.85,12,5,8,1,1,1,2,0,1,1,6,0,1,0,0,8,13.2,67.56756756756756,https://www.nba.com/stats/players/boxscores-traditional?Season=2025-26&SeasonType=Regular%20Season&TeamID=1610612741
2026,2025–26,1630581,Josh Giddey,0022500797,2026-02-19,CHI vs. TOR,TOR,L,21.416666666666668,5,1,7,0,2,3,4,1,3,4,5,2,1,4,3,-22,2.700000000000001,28.538812785388128,https://www.nba.com/stats/players/boxscores-traditional?Season=2025-26&SeasonType=Regular%20Season&TeamID=1610612741
2026,2025–26,1629012,Collin Sexton,0022500797,2026-02-19,CHI vs. TOR,TOR,L,14.6,11,4,7,2,4,1,2,0,1,1,2,1,1,3,1,6,7.299999999999999,69.79695431472082,https://www.nba.com/stats/players/boxscores-traditional?Season=2025-26&SeasonType=Regular%20Season&TeamID=1610612741
2026,2025–26,1627824,Guerschon Yabusele,0022500797,2026-02-19,CHI vs. TOR,TOR,L,16.938333333333333,8,2,5,1,3,3,4,0,5,5,1,0,0,0,1,-7,6.7,59.171597633136095,https://www.nba.com/stats/players/boxscores-traditional?Season=2025-26&SeasonType=Regular%20Season&TeamID=1610612741
2026,2025–26,1630172,Patrick Williams,0022500797,2026-02-19,CHI vs. TOR,TOR,L,26.758333333333333,6,3,8,0,4,0,0,2,5,7,1,0,0,0,2,2,4.4,37.5,https://www.nba.com/stats/players/boxscores-traditional?Season=2025-26&SeasonType=Regular%20Season&TeamID=1610612741
2026,2025–26,1630208,Nick Richards,0022500797,2026-02-19,CHI vs. TOR,TOR,L,12.366666666666667,6,2,2,0,0,2,2,2,3,5,0,0,1,1,2,2,6.6000000000000005,104.16666666666667,https://www.nba.com/stats/players/boxscores-traditional?Season=2025-26&SeasonType=Regular%20Season&TeamID=1610612741
2026,2025–26,1641824,Matas Buzelis,0022500797,2026-02-19,CHI vs. TOR,TOR,L,31.325,4,2,10,0,7,0,0,2,4,6,1,0,0,4,2,-9,-3.7,20.0,https://www.nba.com/stats/players/boxscores-traditional?Season=2025-26&SeasonType=Regular%20Season&TeamID=1610612741
2026,2025–26,1642265,Rob Dillingham,0022500797,2026-02-19,CHI vs. TOR,TOR,L,9.868333333333334,4,2,3,0,0,0,0,0,1,1,2,0,0,3,2,4,0.6000000000000005,66.66666666666666,https://www.nba.com/stats/players/boxscores-traditional?Season=2025-26&SeasonType=Regular%20Season&TeamID=1610612741
2026,2025–26,1641824,Matas Buzelis,0022500778,2026-02-11,CHI @ BOS,BOS,L,28.7,15,6,13,3,7,0,0,0,8,8,4,1,2,2,2,-9,13.1,57.692307692307686,https://www.nba.com/stats/players/boxscores-traditional?Season=2025-26&SeasonType=Regular%20Season&TeamID=1610612741
2026,2025–26,1642265,Rob Dillingham,0022500778,2026-02-11,CHI @ BOS,BOS,L,30.1,16,6,12,0,2,4,5,0,1,1,7,3,0,3,4,-17,13.2,56.33802816901409,https://www.nba.com/stats/players/boxscores-traditional?Season=2025-26&SeasonType=Regular%20Season&TeamID=1610612741
2026,2025–26,1630172,Patrick Williams,0022500778,2026-02-11,CHI @ BOS,BOS,L,34.516666666666666,12,5,10,2,5,0,0,3,0,3,6,3,0,1,1,-16,14.899999999999997,60.0,https://www.nba.com/stats/players/boxscores-traditional?Season=2025-26&SeasonType=Regular%20Season&TeamID=1610612741
2026,2025–26,1629012,Collin Sexton,0022500778,2026-02-11,CHI @ BOS,BOS,L,31.733333333333334,15,6,13,1,4,2,2,1,2,3,1,2,0,3,3,-4,8.099999999999998,54.034582132564836,https://www.nba.com/stats/players/boxscores-traditional?Season=2025-26&SeasonType=Regular%20Season&TeamID=1610612741
2026,2025–26,1631093,Jaden Ivey,0022500778,2026-02-11,CHI @ BOS,BOS,L,28.583333333333332,10,4,9,1,5,1,1,0,3,3,4,0,1,0,1,-14,9.299999999999999,52.96610169491526,https://www.nba.com/stats/players/boxscores-traditional?Season=2025-26&SeasonType=Regular%20Season&TeamID=1610612741
2026,2025–26,1627824,Guerschon Yabusele,0022500778,2026-02-11,CHI @ BOS,BOS,L,25.283333333333335,13,5,12,2,5,1,2,1,1,2,2,0,0,0,2,-22,7.800000000000002,50.46583850931676,https://www.nba.com/stats/players/boxscores-traditional?Season=2025-26&SeasonType=Regular%20Season&TeamID=1610612741
2026,2025–26,1630208,Nick Richards,0022500778,2026-02-11,CHI @ BOS,BOS,L,20.833333333333332,5,1,5,1,1,2,2,2,2,4,0,0,2,2,3,-15,2.1000000000000005,42.51700680272109,https://www.nba.com/stats/players/boxscores-traditional?Season=2025-26&SeasonType=Regular%20Season&TeamID=1610612741
2026,2025–26,1629014,Anfernee Simons,0022500778,2026-02-11,CHI @ BOS,BOS,L,27.883333333333333,7,3,9,1,6,0,0,1,4,5,1,0,0,2,1,-13,2.0999999999999996,38.88888888888889,https://www.nba.com/stats/players/boxscores-traditional?Season=2025-26&SeasonType=Regular%20Season&TeamID=1610612741
2026,2025–26,1642950,Lachlan Olbrich,0022500778,2026-02-11,CHI @ BOS,BOS,L,5.483333333333333,7,3,4,1,1,0,0,1,1,2,0,0,0,0,0,7,6.3999999999999995,87.5,https://www.nba.com/stats/players/boxscores-traditional?Season=2025-26&SeasonType=Regular%20Season&TeamID=1610612741
2026,2025–26,1631159,Leonard Miller,0022500778,2026-02-11,CHI @ BOS,BOS,L,6.883333333333334,5,2,2,0,0,1,1,0,3,3,0,0,0,0,1,8,4.9,102.45901639344261,https://www.nba.com/stats/players/boxscores-traditional?Season=2025-26&SeasonType=Regular%20Season&TeamID=1610612741
2026,2025–26,1629014,Anfernee Simons,0022500762,2026-02-09,CHI @ BKN,BKN,L,33.85,23,10,17,2,9,1,1,2,1,3,7,0,1,5,3,-19,16.2,65.94036697247707,https://www.nba.com/stats/players/boxscores-traditional?Season=2025-26&SeasonType=Regular%20Season&TeamID=1610612741
2026,2025–26,1641824,Matas Buzelis,0022500762,2026-02-09,CHI @ BKN,BKN,L,26.183333333333334,18,5,15,3,7,5,6,0,4,4,1,0,4,3,1,-17,10.399999999999997,51.02040816326531,https://www.nba.com/stats/players/boxscores-traditional?Season=2025-26&SeasonType=Regular%20Season&TeamID=1610612741
2026,2025–26,1631093,Jaden Ivey,0022500762,2026-02-09,CHI @ BKN,BKN,L,23.533333333333335,13,3,8,2,6,5,6,1,5,6,3,3,1,1,1,9,14.799999999999999,61.09022556390977,https://www.nba.com/stats/players/boxscores-traditional?Season=2025-26&SeasonType=Regular%20Season&TeamID=1610612741
2026,2025–26,1629012,Collin Sexton,0022500762,2026-02-09,CHI @ BKN,BKN,L,32.1,21,7,18,1,4,6,8,3,2,5,1,1,0,3,5,6,9.799999999999999,48.79182156133829,https://www.nba.com/stats/players/boxscores-traditional?Season=2025-26&SeasonType=Regular%20Season&TeamID=1610612741
2026,2025–26,1630208,Nick Richards,0022500762,2026-02-09,CHI @ BKN,BKN,L,25.533333333333335,12,4,7,0,1,4,6,2,4,6,1,2,2,3,4,9,9.999999999999998,62.24066390041494,https://www.nba.com/stats/players/boxscores-traditional?Season=2025-26&SeasonType=Regular%20Season&TeamID=1610612741
2026,2025–26,1630171,Isaac Okoro,0022500762,2026-02-09,CHI @ BKN,BKN,L,36.483333333333334,10,3,7,0,2,4,4,1,3,4,4,4,0,1,3,-25,12.5,57.077625570776256,https://www.nba.com/stats/players/boxscores-traditional?Season=2025-26&SeasonType=Regular%20Season&TeamID=1610612741
2026,2025–26,1642265,Rob Dillingham,0022500762,2026-02-09,CHI @ BKN,BKN,L,21.866666666666667,8,4,10,0,1,0,0,2,5,7,1,2,0,1,1,7,6.799999999999999,40.0,https://www.nba.com/stats/players/boxscores-traditional?Season=2025-26&SeasonType=Regular%20Season&TeamID=1610612741
2026,2025–26,1630172,Patrick Williams,0022500762,2026-02-09,CHI @ BKN,BKN,L,17.983333333333334,7,3,6,1,3,0,1,1,1,2,1,0,0,0,0,7,5.3,54.347826086956516,https://www.nba.com/stats/players/boxscores-traditional?Season=2025-26&SeasonType=Regular%20Season&TeamID=1610612741
2026,2025–26,1627824,Guerschon Yabusele,0022500762,2026-02-09,CHI @ BKN,BKN,L,22.466666666666665,3,1,3,1,3,0,0,0,2,2,1,1,0,1,4,-17,1.0000000000000004,50.0,https://www.nba.com/stats/players/boxscores-traditional?Season=2025-26&SeasonType=Regular%20Season&TeamID=1610612741
2026,2025–26,1641824,Matas Buzelis,0022500752,2026-02-07,CHI vs. DEN,DEN,L,30.333333333333332,21,7,13,4,8,3,4,0,8,8,3,1,0,3,3,-19,15.599999999999998,71.13821138211382,https://www.nba.com/stats/players/boxscores-traditional?Season=2025-26&SeasonType=Regular%20Season&TeamID=1610612741
2026,2025–26,1629014,Anfernee Simons,0022500752,2026-02-07,CHI vs. DEN,DEN,L,32.485,15,5,15,3,10,2,2,2,2,4,6,0,0,0,3,-6,11.5,47.22921914357682,https://www.nba.com/stats/players/boxscores-traditional?Season=2025-26&SeasonType=Regular%20Season&TeamID=1610612741
2026,2025–26,1630208,Nick Richards,0022500752,2026-02-07,CHI vs. DEN,DEN,L,19.366666666666667,15,5,8,1,1,4,5,3,4,7,0,1,1,1,3,-13,13.799999999999997,73.52941176470588,https://www.nba.com/stats/players/boxscores-traditional?Season=2025-26&SeasonType=Regular%20Season&TeamID=1610612741
2026,2025–26,1631093,Jaden Ivey,0022500752,2026-02-07,CHI vs. DEN,DEN,L,30.166666666666668,10,3,7,2,5,2,2,2,4,6,3,2,0,3,4,-27,8.399999999999999,63.45177664974619,https://www.nba.com/stats/players/boxscores-traditional?Season=2025-26&SeasonType=Regular%20Season&TeamID=1610612741
2026,2025–26,1629012,Collin Sexton,0022500752,2026-02-07,CHI vs. DEN,DEN,L,28.616666666666667,17,6,14,1,5,4,4,1,2,3,4,0,0,4,4,-7,8.1,53.93401015228426,https://www.nba.com/stats/players/boxscores-traditional?Season=2025-26&SeasonType=Regular%20Season&TeamID=1610612741
2026,2025–26,1627824,Guerschon Yabusele,0022500752,2026-02-07,CHI vs. DEN,DEN,L,26.1,12,4,13,4,10,0,0,0,2,2,0,1,2,1,3,-5,5.3,46.15384615384615,https://www.nba.com/stats/players/boxscores-traditional?Season=2025-26&SeasonType=Regular%20Season&TeamID=1610612741
2026,2025–26,1630171,Isaac Okoro,0022500752,2026-02-07,CHI vs. DEN,DEN,L,25.865,13,5,11,2,6,1,1,1,1,2,3,1,0,1,2,-14,9.6,56.81818181818182,https://www.nba.com/stats/players/boxscores-traditional?Season=2025-26&SeasonType=Regular%20Season&TeamID=1610612741
2026,2025–26,1642265,Rob Dillingham,0022500752,2026-02-07,CHI vs. DEN,DEN,L,21.95,9,3,7,1,3,2,2,1,2,3,4,1,0,3,2,9,6.599999999999998,57.10659898477157,https://www.nba.com/stats/players/boxscores-traditional?Season=2025-26&SeasonType=Regular%20Season&TeamID=1610612741
2026,2025–26,1630172,Patrick Williams,0022500752,2026-02-07,CHI vs. DEN,DEN,L,20.05,8,3,4,2,3,0,0,2,0,2,2,1,0,0,0,-2,10.2,100.0,https://www.nba.com/stats/players/boxscores-traditional?Season=2025-26&SeasonType=Regular%20Season&TeamID=1610612741
2026,2025–26,1631159,Leonard Miller,0022500752,2026-02-07,CHI vs. DEN,DEN,L,2.533333333333333,0,0,0,0,0,0,0,0,0,0,0,1,0,0,0,2,1.0,0.0,https://www.nba.com/stats/players/boxscores-traditional?Season=2025-26&SeasonType=Regular%20Season&TeamID=1610612741
2026,2025–26,1642950,Lachlan Olbrich,0022500752,2026-02-07,CHI vs. DEN,DEN,L,2.533333333333333,0,0,0,0,0,0,0,0,0,0,0,0,0,0,0,2,0.0,0.0,https://www.nba.com/stats/players/boxscores-traditional?Season=2025-26&SeasonType=Regular%20Season&TeamID=1610612741
2026,2025–26,1627824,Guerschon Yabusele,0022500736,2026-02-05,CHI @ TOR,TOR,L,33.233333333333334,15,6,11,3,6,0,0,4,7,11,3,2,0,1,2,-4,16.900000000000002,68.18181818181817,https://www.nba.com/stats/players/boxscores-traditional?Season=2025-26&SeasonType=Regular%20Season&TeamID=1610612741
2026,2025–26,1629014,Anfernee Simons,0022500736,2026-02-05,CHI @ TOR,TOR,L,31.966666666666665,22,8,15,6,13,0,0,0,2,2,3,0,1,3,1,-10,14.7,73.33333333333333,https://www.nba.com/stats/players/boxscores-traditional?Season=2025-26&SeasonType=Regular%20Season&TeamID=1610612741
2026,2025–26,1641824,Matas Buzelis,0022500736,2026-02-05,CHI @ TOR,TOR,L,32.6,18,7,11,2,6,2,2,1,5,6,3,1,1,3,1,-19,15.7,75.75757575757575,https://www.nba.com/stats/players/boxscores-traditional?Season=2025-26&SeasonType=Regular%20Season&TeamID=1610612741
2026,2025–26,1631093,Jaden Ivey,0022500736,2026-02-05,CHI @ TOR,TOR,L,33.166666666666664,13,5,12,3,5,0,0,2,2,4,6,3,0,2,3,-9,12.600000000000001,54.166666666666664,https://www.nba.com/stats/players/boxscores-traditional?Season=2025-26&SeasonType=Regular%20Season&TeamID=1610612741
2026,2025–26,1630188,Jalen Smith,0022500736,2026-02-05,CHI @ TOR,TOR,L,24.283333333333335,13,6,11,0,3,1,2,3,6,9,1,1,0,0,1,-6,12.499999999999998,54.71380471380471,https://www.nba.com/stats/players/boxscores-traditional?Season=2025-26&SeasonType=Regular%20Season&TeamID=1610612741
2026,2025–26,1630172,Patrick Williams,0022500736,2026-02-05,CHI @ TOR,TOR,L,25.25,9,3,12,3,8,0,0,0,1,1,2,0,1,1,1,-7,2.8000000000000003,37.5,https://www.nba.com/stats/players/boxscores-traditional?Season=2025-26&SeasonType=Regular%20Season&TeamID=1610612741
2026,2025–26,1642530,Yuki Kawamura,0022500736,2026-02-05,CHI @ TOR,TOR,L,12.181666666666667,3,1,4,1,2,0,0,1,1,2,7,1,0,3,0,3,4.5,37.5,https://www.nba.com/stats/players/boxscores-traditional?Season=2025-26&SeasonType=Regular%20Season&TeamID=1610612741
2026,2025–26,1630171,Isaac Okoro,0022500736,2026-02-05,CHI @ TOR,TOR,L,29.766666666666666,10,3,8,0,4,4,4,2,0,2,1,1,0,1,2,-21,6.8999999999999995,51.229508196721305,https://www.nba.com/stats/players/boxscores-traditional?Season=2025-26&SeasonType=Regular%20Season&TeamID=1610612741
2026,2025–26,1630644,Mac McClung,0022500736,2026-02-05,CHI @ TOR,TOR,L,13.468333333333334,4,2,7,0,2,0,0,0,1,1,1,0,1,1,2,-7,-0.19999999999999973,28.57142857142857,https://www.nba.com/stats/players/boxscores-traditional?Season=2025-26&SeasonType=Regular%20Season&TeamID=1610612741
2026,2025–26,1642950,Lachlan Olbrich,0022500736,2026-02-05,CHI @ TOR,TOR,L,4.083333333333333,0,0,0,0,0,0,0,0,0,0,1,0,0,0,0,0,0.7,0.0,https://www.nba.com/stats/players/boxscores-traditional?Season=2025-26&SeasonType=Regular%20Season&TeamID=1610612741
2026,2025–26,1641824,Matas Buzelis,0022500722,2026-02-03,CHI @ MIL,MIL,L,35.9,22,8,16,5,10,1,3,0,2,2,1,0,5,1,3,-7,15.8,63.51039260969977,https://www.nba.com/stats/players/boxscores-traditional?Season=2025-26&SeasonType=Regular%20Season&TeamID=1610612741
2026,2025–26,1629632,Coby White,0022500722,2026-02-03,CHI @ MIL,MIL,L,30.333333333333332,21,7,17,2,8,5,7,0,10,10,3,0,0,3,3,-15,12.000000000000004,52.290836653386464,https://www.nba.com/stats/players/boxscores-traditional?Season=2025-26&SeasonType=Regular%20Season&TeamID=1610612741
2026,2025–26,1630245,Ayo Dosunmu,0022500722,2026-02-03,CHI @ MIL,MIL,L,27.95,17,6,12,3,6,2,2,0,4,4,8,2,0,1,0,-2,18.799999999999997,65.99378881987577,https://www.nba.com/stats/players/boxscores-traditional?Season=2025-26&SeasonType=Regular%20Season&TeamID=1610612741
2026,2025–26,1630172,Patrick Williams,0022500722,2026-02-03,CHI @ MIL,MIL,L,27.0,17,7,17,3,8,0,0,3,2,5,3,0,2,1,2,-22,12.3,50.0,https://www.nba.com/stats/players/boxscores-traditional?Season=2025-26&SeasonType=Regular%20Season&TeamID=1610612741
2026,2025–26,1630188,Jalen Smith,0022500722,2026-02-03,CHI @ MIL,MIL,L,20.1,16,5,7,3,5,3,3,2,3,5,1,0,0,2,1,8,13.700000000000001,96.15384615384615,https://www.nba.com/stats/players/boxscores-traditional?Season=2025-26&SeasonType=Regular%20Season&TeamID=1610612741
2026,2025–26,1642530,Yuki Kawamura,0022500722,2026-02-03,CHI @ MIL,MIL,L,26.25,5,1,5,1,5,2,2,1,4,5,7,2,0,0,2,-18,9.899999999999999,42.51700680272109,https://www.nba.com/stats/players/boxscores-traditional?Season=2025-26&SeasonType=Regular%20Season&TeamID=1610612741
2026,2025–26,1630171,Isaac Okoro,0022500722,2026-02-03,CHI @ MIL,MIL,L,40.416666666666664,9,3,10,1,6,2,2,1,1,2,2,2,2,2,0,-4,7.0,41.36029411764706,https://www.nba.com/stats/players/boxscores-traditional?Season=2025-26&SeasonType=Regular%20Season&TeamID=1610612741
2026,2025–26,1631207,Dalen Terry,0022500722,2026-02-03,CHI @ MIL,MIL,L,15.566666666666666,6,2,5,1,3,1,2,1,2,3,1,2,2,0,1,-10,7.899999999999999,51.02040816326531,https://www.nba.com/stats/players/boxscores-traditional?Season=2025-26&SeasonType=Regular%20Season&TeamID=1610612741
2026,2025–26,1642950,Lachlan Olbrich,0022500722,2026-02-03,CHI @ MIL,MIL,L,16.483333333333334,2,1,2,0,0,0,2,2,5,7,0,1,0,0,2,-10,3.3,34.72222222222222,https://www.nba.com/stats/players/boxscores-traditional?Season=2025-26&SeasonType=Regular%20Season&TeamID=1610612741
2026,2025–26,1630172,Patrick Williams,0022500705,2026-02-01,CHI @ MIA,MIA,L,27.511666666666667,9,3,12,0,7,3,4,3,7,10,1,1,1,3,2,-8,4.2,32.70348837209303,https://www.nba.com/stats/players/boxscores-traditional?Season=2025-26&SeasonType=Regular%20Season&TeamID=1610612741
2026,2025–26,1631207,Dalen Terry,0022500705,2026-02-01,CHI @ MIA,MIA,L,27.583333333333332,8,3,7,2,3,0,1,2,4,6,3,1,1,1,1,-5,8.899999999999999,53.76344086021505,https://www.nba.com/stats/players/boxscores-traditional?Season=2025-26&SeasonType=Regular%20Season&TeamID=1610612741
2026,2025–26,1629632,Coby White,0022500705,2026-02-01,CHI @ MIA,MIA,L,29.5,16,4,13,0,6,8,8,0,4,4,3,0,0,4,2,-42,7.0,48.426150121065376,https://www.nba.com/stats/players/boxscores-traditional?Season=2025-26&SeasonType=Regular%20Season&TeamID=1610612741
2026,2025–26,1642950,Lachlan Olbrich,0022500705,2026-02-01,CHI @ MIA,MIA,L,11.016666666666667,9,2,5,1,2,4,6,2,2,4,1,1,1,0,2,1,9.099999999999998,58.900523560209415,https://www.nba.com/stats/players/boxscores-traditional?Season=2025-26&SeasonType=Regular%20Season&TeamID=1610612741
2026,2025–26,1642530,Yuki Kawamura,0022500705,2026-02-01,CHI @ MIA,MIA,L,26.7,6,1,4,0,3,4,4,1,5,6,6,0,0,1,1,2,8.6,52.083333333333336,https://www.nba.com/stats/players/boxscores-traditional?Season=2025-26&SeasonType=Regular%20Season&TeamID=1610612741
2026,2025–26,1630245,Ayo Dosunmu,0022500705,2026-02-01,CHI @ MIA,MIA,L,26.25,10,3,9,1,4,3,3,1,5,6,1,0,0,3,1,-46,4.3999999999999995,48.44961240310077,https://www.nba.com/stats/players/boxscores-traditional?Season=2025-26&SeasonType=Regular%20Season&TeamID=1610612741
2026,2025–26,202696,Nikola Vučević,0022500705,2026-02-01,CHI @ MIA,MIA,L,22.171666666666667,12,5,12,0,3,2,2,2,0,2,1,1,0,1,3,-37,6.500000000000001,46.58385093167702,https://www.nba.com/stats/players/boxscores-traditional?Season=2025-26&SeasonType=Regular%20Season&TeamID=1610612741
2026,2025–26,1641763,Julian Phillips,0022500705,2026-02-01,CHI @ MIA,MIA,L,22.516666666666666,10,3,11,2,5,2,2,2,1,3,0,1,0,0,1,-11,5.8,42.08754208754208,https://www.nba.com/stats/players/boxscores-traditional?Season=2025-26&SeasonType=Regular%20Season&TeamID=1610612741
2026,2025–26,1641824,Matas Buzelis,0022500705,2026-02-01,CHI @ MIA,MIA,L,21.266666666666666,2,1,7,0,5,0,0,1,2,3,2,0,3,3,2,-37,-1.5000000000000002,14.285714285714285,https://www.nba.com/stats/players/boxscores-traditional?Season=2025-26&SeasonType=Regular%20Season&TeamID=1610612741
2026,2025–26,1630171,Isaac Okoro,0022500705,2026-02-01,CHI @ MIA,MIA,L,25.483333333333334,9,3,7,0,3,3,4,1,2,3,0,0,0,2,1,-32,3.799999999999999,51.369863013698634,https://www.nba.com/stats/players/boxscores-traditional?Season=2025-26&SeasonType=Regular%20Season&TeamID=1610612741
2026,2025–26,1630245,Ayo Dosunmu,0022500692,2026-01-31,CHI @ MIA,MIA,W,36.5,29,11,16,5,6,2,3,0,8,8,9,2,0,5,2,10,26.7,83.71824480369516,https://www.nba.com/stats/players/boxscores-traditional?Season=2025-26&SeasonType=Regular%20Season&TeamID=1610612741
2026,2025–26,1641824,Matas Buzelis,0022500692,2026-01-31,CHI @ MIA,MIA,W,33.06666666666667,21,7,15,3,7,4,4,0,8,8,4,0,1,8,1,8,10.8,62.64916467780429,https://www.nba.com/stats/players/boxscores-traditional?Season=2025-26&SeasonType=Regular%20Season&TeamID=1610612741
2026,2025–26,1630171,Isaac Okoro,0022500692,2026-01-31,CHI @ MIA,MIA,W,34.4,20,7,12,2,2,4,6,0,1,1,3,1,0,1,3,10,14.8,68.30601092896174,https://www.nba.com/stats/players/boxscores-traditional?Season=2025-26&SeasonType=Regular%20Season&TeamID=1610612741
2026,2025–26,1628989,Kevin Huerter,0022500692,2026-01-31,CHI @ MIA,MIA,W,21.833333333333332,9,4,9,1,5,0,1,1,6,7,5,1,1,3,4,8,6.999999999999998,47.66949152542373,https://www.nba.com/stats/players/boxscores-traditional?Season=2025-26&SeasonType=Regular%20Season&TeamID=1610612741
2026,2025–26,1628975,Jevon Carter,0022500692,2026-01-31,CHI @ MIA,MIA,W,20.116666666666667,11,4,10,3,8,0,0,0,5,5,1,1,2,1,3,2,8.0,55.00000000000001,https://www.nba.com/stats/players/boxscores-traditional?Season=2025-26&SeasonType=Regular%20Season&TeamID=1610612741
2026,2025–26,1630172,Patrick Williams,0022500692,2026-01-31,CHI @ MIA,MIA,W,34.18333333333333,15,5,12,3,6,2,2,0,4,4,2,0,1,2,4,-6,8.3,58.22981366459628,https://www.nba.com/stats/players/boxscores-traditional?Season=2025-26&SeasonType=Regular%20Season&TeamID=1610612741
2026,2025–26,1631207,Dalen Terry,0022500692,2026-01-31,CHI @ MIA,MIA,W,28.701666666666668,9,4,8,1,3,0,1,0,3,3,7,0,0,2,1,2,7.999999999999998,53.317535545023695,https://www.nba.com/stats/players/boxscores-traditional?Season=2025-26&SeasonType=Regular%20Season&TeamID=1610612741
2026,2025–26,1642530,Yuki Kawamura,0022500692,2026-01-31,CHI @ MIA,MIA,W,11.015,6,2,4,2,3,0,0,0,3,3,2,2,0,0,1,-4,7.9,75.0,https://www.nba.com/stats/players/boxscores-traditional?Season=2025-26&SeasonType=Regular%20Season&TeamID=1610612741
2026,2025–26,1642950,Lachlan Olbrich,0022500692,2026-01-31,CHI @ MIA,MIA,W,8.15,2,1,1,0,0,0,0,0,3,3,1,0,0,0,2,4,2.5,100.0,https://www.nba.com/stats/players/boxscores-traditional?Season=2025-26&SeasonType=Regular%20Season&TeamID=1610612741
2026,2025–26,1641763,Julian Phillips,0022500692,2026-01-31,CHI @ MIA,MIA,W,12.033333333333333,3,1,1,0,0,1,1,0,1,1,0,1,0,1,0,1,3.0,104.16666666666667,https://www.nba.com/stats/players/boxscores-traditional?Season=2025-26&SeasonType=Regular%20Season&TeamID=1610612741
2026,2025–26,1628989,Kevin Huerter,0022500529,2026-01-29,CHI vs. MIA,MIA,L,32.583333333333336,15,5,12,4,9,1,2,1,9,10,3,1,2,0,0,3,16.099999999999998,58.22981366459628,https://www.nba.com/stats/players/boxscores-traditional?Season=2025-26&SeasonType=Regular%20Season&TeamID=1610612741
2026,2025–26,1630245,Ayo Dosunmu,0022500529,2026-01-29,CHI vs. MIA,MIA,L,31.383333333333333,23,8,16,1,4,6,6,3,4,7,5,0,0,4,2,-5,17.0,61.69527896995708,https://www.nba.com/stats/players/boxscores-traditional?Season=2025-26&SeasonType=Regular%20Season&TeamID=1610612741
2026,2025–26,1641824,Matas Buzelis,0022500529,2026-01-29,CHI vs. MIA,MIA,L,33.733333333333334,16,6,15,2,5,2,3,3,6,9,4,1,1,1,4,2,13.299999999999999,49.01960784313725,https://www.nba.com/stats/players/boxscores-traditional?Season=2025-26&SeasonType=Regular%20Season&TeamID=1610612741
2026,2025–26,1629632,Coby White,0022500529,2026-01-29,CHI vs. MIA,MIA,L,31.558333333333334,14,2,11,2,8,8,10,0,4,4,8,2,0,3,5,5,10.100000000000001,45.45454545454545,https://www.nba.com/stats/players/boxscores-traditional?Season=2025-26&SeasonType=Regular%20Season&TeamID=1610612741
2026,2025–26,202696,Nikola Vučević,0022500529,2026-01-29,CHI vs. MIA,MIA,L,37.36666666666667,15,6,18,1,5,2,2,3,7,10,3,0,0,2,3,9,7.899999999999999,39.72457627118644,https://www.nba.com/stats/players/boxscores-traditional?Season=2025-26&SeasonType=Regular%20Season&TeamID=1610612741
2026,2025–26,1631207,Dalen Terry,0022500529,2026-01-29,CHI vs. MIA,MIA,L,14.966666666666667,8,2,3,2,2,2,2,1,3,4,2,1,0,2,0,-4,8.700000000000001,103.09278350515466,https://www.nba.com/stats/players/boxscores-traditional?Season=2025-26&SeasonType=Regular%20Season&TeamID=1610612741
2026,2025–26,1630188,Jalen Smith,0022500529,2026-01-29,CHI vs. MIA,MIA,L,15.316666666666666,11,4,7,1,1,2,2,3,2,5,0,0,0,1,1,-11,9.0,69.79695431472082,https://www.nba.com/stats/players/boxscores-traditional?Season=2025-26&SeasonType=Regular%20Season&TeamID=1610612741
2026,2025–26,1630171,Isaac Okoro,0022500529,2026-01-29,CHI vs. MIA,MIA,L,26.191666666666666,8,3,7,2,3,0,0,2,0,2,0,0,1,0,4,-7,4.799999999999999,57.14285714285714,https://www.nba.com/stats/players/boxscores-traditional?Season=2025-26&SeasonType=Regular%20Season&TeamID=1610612741
2026,2025–26,1641763,Julian Phillips,0022500529,2026-01-29,CHI vs. MIA,MIA,L,4.783333333333333,3,1,1,0,0,1,2,0,0,0,0,0,0,0,0,3,2.3000000000000003,79.7872340425532,https://www.nba.com/stats/players/boxscores-traditional?Season=2025-26&SeasonType=Regular%20Season&TeamID=1610612741
2026,2025–26,1630172,Patrick Williams,0022500529,2026-01-29,CHI vs. MIA,MIA,L,12.116666666666667,0,0,4,0,1,0,0,0,1,1,0,0,0,2,1,-10,-4.9,0.0,https://www.nba.com/stats/players/boxscores-traditional?Season=2025-26&SeasonType=Regular%20Season&TeamID=1610612741
2026,2025–26,202696,Nikola Vučević,0022500672,2026-01-28,CHI @ IND,IND,L,29.5,25,10,17,3,4,2,2,1,8,9,4,1,2,3,3,-11,21.2,69.91051454138703,https://www.nba.com/stats/players/boxscores-traditional?Season=2025-26&SeasonType=Regular%20Season&TeamID=1610612741
2026,2025–26,1641824,Matas Buzelis,0022500672,2026-01-28,CHI @ IND,IND,L,31.516666666666666,20,7,11,4,6,2,2,2,6,8,0,0,1,1,1,-8,17.6,84.17508417508417,https://www.nba.com/stats/players/boxscores-traditional?Season=2025-26&SeasonType=Regular%20Season&TeamID=1610612741
2026,2025–26,1630188,Jalen Smith,0022500672,2026-01-28,CHI @ IND,IND,L,27.668333333333333,13,5,9,3,4,0,1,1,10,11,3,1,0,2,3,-3,11.899999999999999,68.85593220338984,https://www.nba.com/stats/players/boxscores-traditional?Season=2025-26&SeasonType=Regular%20Season&TeamID=1610612741
2026,2025–26,1630245,Ayo Dosunmu,0022500672,2026-01-28,CHI @ IND,IND,L,28.5,19,8,15,0,3,3,4,1,3,4,4,0,0,1,2,3,13.899999999999999,56.68257756563245,https://www.nba.com/stats/players/boxscores-traditional?Season=2025-26&SeasonType=Regular%20Season&TeamID=1610612741
2026,2025–26,1630581,Josh Giddey,0022500672,2026-01-28,CHI @ IND,IND,L,28.581666666666667,10,3,8,0,3,4,4,2,2,4,7,1,0,3,2,-1,9.7,51.229508196721305,https://www.nba.com/stats/players/boxscores-traditional?Season=2025-26&SeasonType=Regular%20Season&TeamID=1610612741
2026,2025–26,1629632,Coby White,0022500672,2026-01-28,CHI @ IND,IND,L,31.566666666666666,14,5,15,1,5,3,4,0,2,2,4,0,0,0,3,-9,7.3,41.76610978520286,https://www.nba.com/stats/players/boxscores-traditional?Season=2025-26&SeasonType=Regular%20Season&TeamID=1610612741
2026,2025–26,1628989,Kevin Huerter,0022500672,2026-01-28,CHI @ IND,IND,L,17.4,4,2,5,0,0,0,1,1,3,4,4,0,0,0,2,2,4.499999999999999,36.764705882352935,https://www.nba.com/stats/players/boxscores-traditional?Season=2025-26&SeasonType=Regular%20Season&TeamID=1610612741
2026,2025–26,1630171,Isaac Okoro,0022500672,2026-01-28,CHI @ IND,IND,L,22.833333333333332,5,2,6,1,3,0,0,0,2,2,0,0,0,0,3,7,1.0000000000000004,41.66666666666667,https://www.nba.com/stats/players/boxscores-traditional?Season=2025-26&SeasonType=Regular%20Season&TeamID=1610612741
2026,2025–26,1630172,Patrick Williams,0022500672,2026-01-28,CHI @ IND,IND,L,17.116666666666667,0,0,2,0,2,0,0,1,2,3,1,0,0,1,3,2,-1.6,0.0,https://www.nba.com/stats/players/boxscores-traditional?Season=2025-26&SeasonType=Regular%20Season&TeamID=1610612741
2026,2025–26,1641763,Julian Phillips,0022500672,2026-01-28,CHI @ IND,IND,L,1.8833333333333333,0,0,0,0,0,0,0,0,0,0,0,0,0,0,0,2,0.0,0.0,https://www.nba.com/stats/players/boxscores-traditional?Season=2025-26&SeasonType=Regular%20Season&TeamID=1610612741
2026,2025–26,1631207,Dalen Terry,0022500672,2026-01-28,CHI @ IND,IND,L,3.433333333333333,0,0,0,0,0,0,0,0,0,0,0,0,0,0,0,1,0.0,0.0,https://www.nba.com/stats/players/boxscores-traditional?Season=2025-26&SeasonType=Regular%20Season&TeamID=1610612741
2026,2025–26,1629632,Coby White,0022500661,2026-01-26,CHI vs. LAL,LAL,L,31.111666666666668,23,8,13,5,10,2,2,0,5,5,6,1,0,4,4,7,18.2,82.85302593659942,https://www.nba.com/stats/players/boxscores-traditional?Season=2025-26&SeasonType=Regular%20Season&TeamID=1610612741
2026,2025–26,202696,Nikola Vučević,0022500661,2026-01-26,CHI vs. LAL,LAL,L,36.055,18,6,10,1,3,5,5,1,10,11,5,1,0,2,2,-3,18.799999999999997,73.77049180327869,https://www.nba.com/stats/players/boxscores-traditional?Season=2025-26&SeasonType=Regular%20Season&TeamID=1610612741
2026,2025–26,1630581,Josh Giddey,0022500661,2026-01-26,CHI vs. LAL,LAL,L,28.061666666666667,19,6,14,3,8,4,4,2,4,6,7,0,0,3,0,-23,16.099999999999998,60.27918781725889,https://www.nba.com/stats/players/boxscores-traditional?Season=2025-26&SeasonType=Regular%20Season&TeamID=1610612741
2026,2025–26,1630245,Ayo Dosunmu,0022500661,2026-01-26,CHI vs. LAL,LAL,L,25.028333333333332,20,8,14,2,6,2,3,1,2,3,2,2,0,1,4,-14,15.099999999999994,65.27415143603133,https://www.nba.com/stats/players/boxscores-traditional?Season=2025-26&SeasonType=Regular%20Season&TeamID=1610612741
2026,2025–26,1630188,Jalen Smith,0022500661,2026-01-26,CHI vs. LAL,LAL,L,36.733333333333334,13,5,7,3,5,0,2,0,7,7,0,1,0,1,3,5,10.2,82.48730964467005,https://www.nba.com/stats/players/boxscores-traditional?Season=2025-26&SeasonType=Regular%20Season&TeamID=1610612741
2026,2025–26,1641824,Matas Buzelis,0022500661,2026-01-26,CHI vs. LAL,LAL,L,22.316666666666666,11,4,8,2,6,1,2,1,4,5,4,0,0,3,2,9,7.5,61.936936936936924,https://www.nba.com/stats/players/boxscores-traditional?Season=2025-26&SeasonType=Regular%20Season&TeamID=1610612741
2026,2025–26,1630171,Isaac Okoro,0022500661,2026-01-26,CHI vs. LAL,LAL,L,27.766666666666666,7,3,5,1,2,0,0,0,1,1,5,0,0,0,2,10,7.7,70.0,https://www.nba.com/stats/players/boxscores-traditional?Season=2025-26&SeasonType=Regular%20Season&TeamID=1610612741
2026,2025–26,1630172,Patrick Williams,0022500661,2026-01-26,CHI vs. LAL,LAL,L,11.833333333333334,7,3,5,1,3,0,0,0,0,0,1,0,0,1,1,-22,3.999999999999999,70.0,https://www.nba.com/stats/players/boxscores-traditional?Season=2025-26&SeasonType=Regular%20Season&TeamID=1610612741
2026,2025–26,1628989,Kevin Huerter,0022500661,2026-01-26,CHI vs. LAL,LAL,L,15.533333333333333,0,0,5,0,5,0,0,0,1,1,1,0,0,0,0,-22,-2.5,0.0,https://www.nba.com/stats/players/boxscores-traditional?Season=2025-26&SeasonType=Regular%20Season&TeamID=1610612741
2026,2025–26,1642950,Lachlan Olbrich,0022500661,2026-01-26,CHI vs. LAL,LAL,L,0.8883333333333333,0,0,0,0,0,0,0,0,1,1,0,0,0,0,0,0,0.3,0.0,https://www.nba.com/stats/players/boxscores-traditional?Season=2025-26&SeasonType=Regular%20Season&TeamID=1610612741
2026,2025–26,1641763,Julian Phillips,0022500661,2026-01-26,CHI vs. LAL,LAL,L,0.8883333333333333,0,0,0,0,0,0,0,0,0,0,0,0,0,0,0,0,0.0,0.0,https://www.nba.com/stats/players/boxscores-traditional?Season=2025-26&SeasonType=Regular%20Season&TeamID=1610612741
2026,2025–26,1628975,Jevon Carter,0022500661,2026-01-26,CHI vs. LAL,LAL,L,0.8283333333333334,0,0,0,0,0,0,0,0,0,0,0,0,0,0,0,0,0.0,0.0,https://www.nba.com/stats/players/boxscores-traditional?Season=2025-26&SeasonType=Regular%20Season&TeamID=1610612741
2026,2025–26,1631207,Dalen Terry,0022500661,2026-01-26,CHI vs. LAL,LAL,L,2.955,0,0,1,0,1,0,0,0,0,0,0,0,0,0,2,-2,-1.5,0.0,https://www.nba.com/stats/players/boxscores-traditional?Season=2025-26&SeasonType=Regular%20Season&TeamID=1610612741
2026,2025–26,202696,Nikola Vučević,0022500647,2026-01-24,CHI vs. BOS,BOS,W,34.53333333333333,16,7,10,2,2,0,0,0,7,7,6,1,2,1,1,-7,19.1,80.0,https://www.nba.com/stats/players/boxscores-traditional?Season=2025-26&SeasonType=Regular%20Season&TeamID=1610612741
2026,2025–26,1629632,Coby White,0022500647,2026-01-24,CHI vs. BOS,BOS,W,32.28666666666667,22,6,16,5,9,5,5,0,1,1,7,0,0,4,2,5,13.599999999999998,60.439560439560445,https://www.nba.com/stats/players/boxscores-traditional?Season=2025-26&SeasonType=Regular%20Season&TeamID=1610612741
2026,2025–26,1641824,Matas Buzelis,0022500647,2026-01-24,CHI vs. BOS,BOS,W,32.43333333333333,14,5,13,4,10,0,0,1,7,8,5,0,1,2,2,15,11.1,53.84615384615385,https://www.nba.com/stats/players/boxscores-traditional?Season=2025-26&SeasonType=Regular%20Season&TeamID=1610612741
2026,2025–26,1628989,Kevin Huerter,0022500647,2026-01-24,CHI vs. BOS,BOS,W,24.1,12,5,7,2,3,0,0,1,5,6,3,1,0,0,3,5,13.2,85.71428571428571,https://www.nba.com/stats/players/boxscores-traditional?Season=2025-26&SeasonType=Regular%20Season&TeamID=1610612741
2026,2025–26,1630188,Jalen Smith,0022500647,2026-01-24,CHI vs. BOS,BOS,W,27.4,14,6,10,2,5,0,0,1,8,9,0,0,0,0,3,11,11.299999999999997,70.0,https://www.nba.com/stats/players/boxscores-traditional?Season=2025-26&SeasonType=Regular%20Season&TeamID=1610612741
2026,2025–26,1630581,Josh Giddey,0022500647,2026-01-24,CHI vs. BOS,BOS,W,23.596666666666668,4,1,6,0,2,2,2,2,6,8,10,0,0,5,0,-5,5.4,29.069767441860467,https://www.nba.com/stats/players/boxscores-traditional?Season=2025-26&SeasonType=Regular%20Season&TeamID=1610612741
2026,2025–26,1630171,Isaac Okoro,0022500647,2026-01-24,CHI vs. BOS,BOS,W,27.05,12,5,9,2,6,0,1,1,1,2,1,0,2,0,0,8,10.4,63.55932203389831,https://www.nba.com/stats/players/boxscores-traditional?Season=2025-26&SeasonType=Regular%20Season&TeamID=1610612741
2026,2025–26,1630245,Ayo Dosunmu,0022500647,2026-01-24,CHI vs. BOS,BOS,W,22.55,10,4,9,2,5,0,0,2,0,2,0,0,1,3,2,-10,3.5999999999999996,55.55555555555556,https://www.nba.com/stats/players/boxscores-traditional?Season=2025-26&SeasonType=Regular%20Season&TeamID=1610612741
2026,2025–26,1630172,Patrick Williams,0022500647,2026-01-24,CHI vs. BOS,BOS,W,16.05,10,4,5,2,3,0,0,0,1,1,0,0,0,0,2,-7,7.6000000000000005,100.0,https://www.nba.com/stats/players/boxscores-traditional?Season=2025-26&SeasonType=Regular%20Season&TeamID=1610612741
2026,2025–26,1630581,Josh Giddey,0022500631,2026-01-22,CHI @ MIN,MIN,W,26.033333333333335,21,7,13,0,3,7,9,0,6,6,5,2,0,2,0,2,19.2,61.910377358490564,https://www.nba.com/stats/players/boxscores-traditional?Season=2025-26&SeasonType=Regular%20Season&TeamID=1610612741
2026,2025–26,1629632,Coby White,0022500631,2026-01-22,CHI @ MIN,MIN,W,29.933333333333334,22,6,16,3,10,7,9,1,3,4,4,0,0,4,2,6,11.999999999999996,55.11022044088176,https://www.nba.com/stats/players/boxscores-traditional?Season=2025-26&SeasonType=Regular%20Season&TeamID=1610612741
2026,2025–26,1630188,Jalen Smith,0022500631,2026-01-22,CHI @ MIN,MIN,W,26.883333333333333,17,6,9,3,4,2,2,0,4,4,0,1,0,1,5,5,12.299999999999997,86.03238866396761,https://www.nba.com/stats/players/boxscores-traditional?Season=2025-26&SeasonType=Regular%20Season&TeamID=1610612741
2026,2025–26,1630200,Tre Jones,0022500631,2026-01-22,CHI @ MIN,MIN,W,26.916666666666668,12,5,7,1,2,1,2,0,3,3,7,1,0,2,1,9,13.1,76.14213197969544,https://www.nba.com/stats/players/boxscores-traditional?Season=2025-26&SeasonType=Regular%20Season&TeamID=1610612741
2026,2025–26,1641824,Matas Buzelis,0022500631,2026-01-22,CHI @ MIN,MIN,W,27.883333333333333,12,3,8,2,3,4,4,0,6,6,3,1,0,0,2,1,11.699999999999998,61.47540983606557,https://www.nba.com/stats/players/boxscores-traditional?Season=2025-26&SeasonType=Regular%20Season&TeamID=1610612741
2026,2025–26,202696,Nikola Vučević,0022500631,2026-01-22,CHI @ MIN,MIN,W,31.066666666666666,10,3,10,2,4,2,2,2,6,8,3,0,0,1,3,-6,7.300000000000001,45.955882352941174,https://www.nba.com/stats/players/boxscores-traditional?Season=2025-26&SeasonType=Regular%20Season&TeamID=1610612741
2026,2025–26,1630171,Isaac Okoro,0022500631,2026-01-22,CHI @ MIN,MIN,W,26.288333333333334,10,3,7,2,4,2,2,0,5,5,1,1,0,0,2,-6,8.7,63.45177664974619,https://www.nba.com/stats/players/boxscores-traditional?Season=2025-26&SeasonType=Regular%20Season&TeamID=1610612741
2026,2025–26,1630245,Ayo Dosunmu,0022500631,2026-01-22,CHI @ MIN,MIN,W,21.633333333333333,8,2,9,2,5,2,3,2,2,4,3,0,1,0,2,0,6.1000000000000005,38.75968992248062,https://www.nba.com/stats/players/boxscores-traditional?Season=2025-26&SeasonType=Regular%20Season&TeamID=1610612741
2026,2025–26,1630172,Patrick Williams,0022500631,2026-01-22,CHI @ MIN,MIN,W,15.745,5,2,3,1,1,0,0,0,3,3,0,0,0,1,1,9,3.1999999999999993,83.33333333333334,https://www.nba.com/stats/players/boxscores-traditional?Season=2025-26&SeasonType=Regular%20Season&TeamID=1610612741
2026,2025–26,1628989,Kevin Huerter,0022500631,2026-01-22,CHI @ MIN,MIN,W,7.616666666666666,3,1,4,1,3,0,0,0,0,0,2,1,0,0,0,5,3.0,37.5,https://www.nba.com/stats/players/boxscores-traditional?Season=2025-26&SeasonType=Regular%20Season&TeamID=1610612741
2026,2025–26,1629632,Coby White,0022500614,2026-01-20,CHI vs. LAC,LAC,W,30.616666666666667,27,9,16,6,10,3,3,0,2,2,6,1,1,3,2,15,22.1,77.94457274826789,https://www.nba.com/stats/players/boxscores-traditional?Season=2025-26&SeasonType=Regular%20Season&TeamID=1610612741
2026,2025–26,1630200,Tre Jones,0022500614,2026-01-20,CHI vs. LAC,LAC,W,25.633333333333333,15,6,7,1,2,2,2,2,6,8,10,1,1,1,1,32,23.0,95.17766497461929,https://www.nba.com/stats/players/boxscores-traditional?Season=2025-26&SeasonType=Regular%20Season&TeamID=1610612741
2026,2025–26,202696,Nikola Vučević,0022500614,2026-01-20,CHI vs. LAC,LAC,W,32.333333333333336,19,8,12,1,2,2,2,3,5,8,4,1,2,0,1,16,22.2,73.75776397515527,https://www.nba.com/stats/players/boxscores-traditional?Season=2025-26&SeasonType=Regular%20Season&TeamID=1610612741
2026,2025–26,1641824,Matas Buzelis,0022500614,2026-01-20,CHI vs. LAC,LAC,W,30.05,21,8,14,4,8,1,2,0,2,2,4,1,2,2,2,27,16.999999999999996,70.56451612903226,https://www.nba.com/stats/players/boxscores-traditional?Season=2025-26&SeasonType=Regular%20Season&TeamID=1610612741
2026,2025–26,1628989,Kevin Huerter,0022500614,2026-01-20,CHI vs. LAC,LAC,W,28.9,14,5,10,4,8,0,0,0,4,4,7,1,2,2,1,7,15.099999999999998,70.0,https://www.nba.com/stats/players/boxscores-traditional?Season=2025-26&SeasonType=Regular%20Season&TeamID=1610612741
2026,2025–26,1630245,Ayo Dosunmu,0022500614,2026-01-20,CHI vs. LAC,LAC,W,28.828333333333333,18,7,10,4,5,0,0,0,3,3,4,2,1,1,2,28,18.400000000000002,90.0,https://www.nba.com/stats/players/boxscores-traditional?Season=2025-26&SeasonType=Regular%20Season&TeamID=1610612741
2026,2025–26,1630188,Jalen Smith,0022500614,2026-01-20,CHI vs. LAC,LAC,W,23.583333333333332,10,4,10,2,4,0,1,2,7,9,1,1,2,1,3,10,8.599999999999998,47.89272030651341,https://www.nba.com/stats/players/boxscores-traditional?Season=2025-26&SeasonType=Regular%20Season&TeamID=1610612741
2026,2025–26,1631207,Dalen Terry,0022500614,2026-01-20,CHI vs. LAC,LAC,W,13.966666666666667,9,3,7,2,4,1,2,1,4,5,3,1,0,1,0,11,8.899999999999999,57.10659898477157,https://www.nba.com/stats/players/boxscores-traditional?Season=2025-26&SeasonType=Regular%20Season&TeamID=1610612741
2026,2025–26,1628975,Jevon Carter,0022500614,2026-01-20,CHI vs. LAC,LAC,W,3.716666666666667,3,1,2,1,2,0,0,0,0,0,0,1,0,0,1,0,2.6,75.0,https://www.nba.com/stats/players/boxscores-traditional?Season=2025-26&SeasonType=Regular%20Season&TeamID=1610612741
2026,2025–26,1642950,Lachlan Olbrich,0022500614,2026-01-20,CHI vs. LAC,LAC,W,3.716666666666667,0,0,0,0,0,0,0,1,0,1,1,0,0,0,1,0,0.9999999999999999,0.0,https://www.nba.com/stats/players/boxscores-traditional?Season=2025-26&SeasonType=Regular%20Season&TeamID=1610612741
2026,2025–26,1630171,Isaac Okoro,0022500614,2026-01-20,CHI vs. LAC,LAC,W,14.938333333333333,2,1,3,0,1,0,0,0,0,0,0,0,0,1,1,-6,-1.0999999999999996,33.33333333333333,https://www.nba.com/stats/players/boxscores-traditional?Season=2025-26&SeasonType=Regular%20Season&TeamID=1610612741
2026,2025–26,1641763,Julian Phillips,0022500614,2026-01-20,CHI vs. LAC,LAC,W,3.716666666666667,0,0,1,0,1,0,0,0,0,0,0,0,0,0,0,0,-0.7,0.0,https://www.nba.com/stats/players/boxscores-traditional?Season=2025-26&SeasonType=Regular%20Season&TeamID=1610612741
2026,2025–26,1629632,Coby White,0022500603,2026-01-18,CHI vs. BKN,BKN,W,29.85,24,8,14,7,11,1,1,1,3,4,3,2,0,1,2,16,21.299999999999994,83.10249307479225,https://www.nba.com/stats/players/boxscores-traditional?Season=2025-26&SeasonType=Regular%20Season&TeamID=1610612741
2026,2025–26,202696,Nikola Vučević,0022500603,2026-01-18,CHI vs. BKN,BKN,W,28.1,17,8,18,1,7,0,0,2,9,11,6,0,1,1,3,20,14.399999999999999,47.22222222222222,https://www.nba.com/stats/players/boxscores-traditional?Season=2025-26&SeasonType=Regular%20Season&TeamID=1610612741
2026,2025–26,1641824,Matas Buzelis,0022500603,2026-01-18,CHI vs. BKN,BKN,W,27.316666666666666,17,6,13,3,6,2,2,1,4,5,5,0,2,2,1,15,14.7,61.23919308357348,https://www.nba.com/stats/players/boxscores-traditional?Season=2025-26&SeasonType=Regular%20Season&TeamID=1610612741
2026,2025–26,1630245,Ayo Dosunmu,0022500603,2026-01-18,CHI vs. BKN,BKN,W,29.566666666666666,19,7,14,5,8,0,0,0,1,1,5,1,1,0,4,22,15.900000000000004,67.85714285714286,https://www.nba.com/stats/players/boxscores-traditional?Season=2025-26&SeasonType=Regular%20Season&TeamID=1610612741
2026,2025–26,1630188,Jalen Smith,0022500603,2026-01-18,CHI vs. BKN,BKN,W,30.616666666666667,12,5,8,2,4,0,2,1,9,10,3,2,0,1,1,16,13.7,67.56756756756756,https://www.nba.com/stats/players/boxscores-traditional?Season=2025-26&SeasonType=Regular%20Season&TeamID=1610612741
2026,2025–26,1630200,Tre Jones,0022500603,2026-01-18,CHI vs. BKN,BKN,W,24.4,10,5,7,0,1,0,0,0,0,0,10,2,0,1,0,16,15.100000000000001,71.42857142857143,https://www.nba.com/stats/players/boxscores-traditional?Season=2025-26&SeasonType=Regular%20Season&TeamID=1610612741
2026,2025–26,1628989,Kevin Huerter,0022500603,2026-01-18,CHI vs. BKN,BKN,W,29.916666666666668,11,5,9,1,4,0,0,1,4,5,6,0,0,1,1,9,11.399999999999999,61.111111111111114,https://www.nba.com/stats/players/boxscores-traditional?Season=2025-26&SeasonType=Regular%20Season&TeamID=1610612741
2026,2025–26,1630171,Isaac Okoro,0022500603,2026-01-18,CHI vs. BKN,BKN,W,26.3,9,3,6,0,2,3,4,4,2,6,2,1,1,0,4,6,10.499999999999998,57.98969072164949,https://www.nba.com/stats/players/boxscores-traditional?Season=2025-26&SeasonType=Regular%20Season&TeamID=1610612741
2026,2025–26,1631207,Dalen Terry,0022500603,2026-01-18,CHI vs. BKN,BKN,W,5.633333333333334,3,1,2,1,1,0,0,0,0,0,0,0,0,0,1,-7,1.6,75.0,https://www.nba.com/stats/players/boxscores-traditional?Season=2025-26&SeasonType=Regular%20Season&TeamID=1610612741
2026,2025–26,1642950,Lachlan Olbrich,0022500603,2026-01-18,CHI vs. BKN,BKN,W,2.7666666666666666,0,0,0,0,0,0,0,0,1,1,1,0,0,0,0,-1,1.0,0.0,https://www.nba.com/stats/players/boxscores-traditional?Season=2025-26&SeasonType=Regular%20Season&TeamID=1610612741
2026,2025–26,1628975,Jevon Carter,0022500603,2026-01-18,CHI vs. BKN,BKN,W,2.7666666666666666,2,1,3,0,2,0,0,0,0,0,0,0,0,0,0,-1,0.30000000000000027,33.33333333333333,https://www.nba.com/stats/players/boxscores-traditional?Season=2025-26&SeasonType=Regular%20Season&TeamID=1610612741
2026,2025–26,1641763,Julian Phillips,0022500603,2026-01-18,CHI vs. BKN,BKN,W,2.7666666666666666,0,0,0,0,0,0,0,0,1,1,0,0,0,0,1,-1,-0.10000000000000003,0.0,https://www.nba.com/stats/players/boxscores-traditional?Season=2025-26&SeasonType=Regular%20Season&TeamID=1610612741
2026,2025–26,1630188,Jalen Smith,0022500587,2026-01-16,CHI @ BKN,BKN,L,35.07666666666667,14,4,11,4,10,2,2,1,12,13,4,1,4,1,0,-5,17.8,58.92255892255892,https://www.nba.com/stats/players/boxscores-traditional?Season=2025-26&SeasonType=Regular%20Season&TeamID=1610612741
2026,2025–26,1641824,Matas Buzelis,0022500587,2026-01-16,CHI @ BKN,BKN,L,31.908333333333335,15,4,15,2,7,5,6,2,4,6,3,1,4,0,2,7,13.399999999999999,42.517006802721085,https://www.nba.com/stats/players/boxscores-traditional?Season=2025-26&SeasonType=Regular%20Season&TeamID=1610612741
2026,2025–26,202696,Nikola Vučević,0022500587,2026-01-16,CHI @ BKN,BKN,L,32.53333333333333,19,9,14,1,3,0,0,0,6,6,5,0,2,1,1,8,18.1,67.85714285714286,https://www.nba.com/stats/players/boxscores-traditional?Season=2025-26&SeasonType=Regular%20Season&TeamID=1610612741
2026,2025–26,1629632,Coby White,0022500587,2026-01-16,CHI @ BKN,BKN,L,33.06666666666667,17,7,15,2,7,1,3,0,4,4,4,2,0,3,2,-5,10.7,52.083333333333336,https://www.nba.com/stats/players/boxscores-traditional?Season=2025-26&SeasonType=Regular%20Season&TeamID=1610612741
2026,2025–26,1630200,Tre Jones,0022500587,2026-01-16,CHI @ BKN,BKN,L,29.64,11,5,9,1,1,0,0,0,5,5,5,1,0,1,4,-6,10.1,61.111111111111114,https://www.nba.com/stats/players/boxscores-traditional?Season=2025-26&SeasonType=Regular%20Season&TeamID=1610612741
2026,2025–26,1630245,Ayo Dosunmu,0022500587,2026-01-16,CHI @ BKN,BKN,L,20.485,18,7,13,0,2,4,5,1,0,1,1,1,0,0,1,0,13.299999999999999,59.21052631578948,https://www.nba.com/stats/players/boxscores-traditional?Season=2025-26&SeasonType=Regular%20Season&TeamID=1610612741
2026,2025–26,1630171,Isaac Okoro,0022500587,2026-01-16,CHI @ BKN,BKN,L,32.44166666666667,6,2,3,0,1,2,2,0,2,2,5,4,0,0,2,0,12.0,77.31958762886599,https://www.nba.com/stats/players/boxscores-traditional?Season=2025-26&SeasonType=Regular%20Season&TeamID=1610612741
2026,2025–26,1630172,Patrick Williams,0022500587,2026-01-16,CHI @ BKN,BKN,L,11.593333333333334,7,2,3,1,2,2,2,0,3,3,1,0,0,0,0,0,7.3,90.20618556701031,https://www.nba.com/stats/players/boxscores-traditional?Season=2025-26&SeasonType=Regular%20Season&TeamID=1610612741
2026,2025–26,1628989,Kevin Huerter,0022500587,2026-01-16,CHI @ BKN,BKN,L,9.938333333333333,2,1,3,0,2,0,0,0,1,1,0,0,0,1,2,-12,-1.1999999999999997,33.33333333333333,https://www.nba.com/stats/players/boxscores-traditional?Season=2025-26&SeasonType=Regular%20Season&TeamID=1610612741
2026,2025–26,1631207,Dalen Terry,0022500587,2026-01-16,CHI @ BKN,BKN,L,3.316666666666667,0,0,0,0,0,0,0,0,0,0,0,0,0,0,0,-2,0.0,0.0,https://www.nba.com/stats/players/boxscores-traditional?Season=2025-26&SeasonType=Regular%20Season&TeamID=1610612741
2026,2025–26,202696,Nikola Vučević,0022500573,2026-01-14,CHI vs. UTA,UTA,W,30.916666666666668,35,14,22,2,6,5,6,4,3,7,5,0,2,1,1,0,32.0,71.02272727272727,https://www.nba.com/stats/players/boxscores-traditional?Season=2025-26&SeasonType=Regular%20Season&TeamID=1610612741
2026,2025–26,1630245,Ayo Dosunmu,0022500573,2026-01-14,CHI vs. UTA,UTA,W,27.905,15,6,11,2,6,1,1,0,2,2,6,3,0,2,2,8,14.7,65.55944055944056,https://www.nba.com/stats/players/boxscores-traditional?Season=2025-26&SeasonType=Regular%20Season&TeamID=1610612741
2026,2025–26,1631207,Dalen Terry,0022500573,2026-01-14,CHI vs. UTA,UTA,W,13.358333333333333,11,4,7,3,4,0,0,3,2,5,0,3,2,0,1,2,14.4,78.57142857142857,https://www.nba.com/stats/players/boxscores-traditional?Season=2025-26&SeasonType=Regular%20Season&TeamID=1610612741
2026,2025–26,1630188,Jalen Smith,0022500573,2026-01-14,CHI vs. UTA,UTA,W,17.083333333333332,12,3,7,2,5,4,6,2,8,10,1,0,0,1,1,2,10.6,62.24066390041494,https://www.nba.com/stats/players/boxscores-traditional?Season=2025-26&SeasonType=Regular%20Season&TeamID=1610612741
2026,2025–26,1630172,Patrick Williams,0022500573,2026-01-14,CHI vs. UTA,UTA,W,23.35,13,4,6,3,3,2,2,1,4,5,3,0,0,0,0,9,14.399999999999999,94.47674418604652,https://www.nba.com/stats/players/boxscores-traditional?Season=2025-26&SeasonType=Regular%20Season&TeamID=1610612741
2026,2025–26,1630200,Tre Jones,0022500573,2026-01-14,CHI vs. UTA,UTA,W,26.216666666666665,7,3,8,0,2,1,1,0,0,0,8,4,0,2,0,-11,10.2,41.46919431279621,https://www.nba.com/stats/players/boxscores-traditional?Season=2025-26&SeasonType=Regular%20Season&TeamID=1610612741
2026,2025–26,1629632,Coby White,0022500573,2026-01-14,CHI vs. UTA,UTA,W,29.95,6,2,7,1,4,1,2,0,7,7,7,0,1,5,3,-11,2.999999999999999,38.07106598984772,https://www.nba.com/stats/players/boxscores-traditional?Season=2025-26&SeasonType=Regular%20Season&TeamID=1610612741
2026,2025–26,1630171,Isaac Okoro,0022500573,2026-01-14,CHI vs. UTA,UTA,W,33.821666666666665,12,5,10,1,4,1,1,1,1,2,3,0,0,0,4,0,8.5,57.4712643678161,https://www.nba.com/stats/players/boxscores-traditional?Season=2025-26&SeasonType=Regular%20Season&TeamID=1610612741
2026,2025–26,1628989,Kevin Huerter,0022500573,2026-01-14,CHI vs. UTA,UTA,W,18.831666666666667,10,3,7,2,5,2,2,1,2,3,1,0,0,2,5,11,4.299999999999999,63.45177664974619,https://www.nba.com/stats/players/boxscores-traditional?Season=2025-26&SeasonType=Regular%20Season&TeamID=1610612741
2026,2025–26,1641824,Matas Buzelis,0022500573,2026-01-14,CHI vs. UTA,UTA,W,18.566666666666666,7,3,7,1,4,0,0,1,1,2,2,0,0,0,2,0,4.8999999999999995,50.0,https://www.nba.com/stats/players/boxscores-traditional?Season=2025-26&SeasonType=Regular%20Season&TeamID=1610612741
2026,2025–26,1630200,Tre Jones,0022500565,2026-01-13,CHI @ HOU,HOU,L,27.15,34,11,12,5,6,7,8,1,1,2,7,1,0,2,0,2,34.5,109.53608247422682,https://www.nba.com/stats/players/boxscores-traditional?Season=2025-26&SeasonType=Regular%20Season&TeamID=1610612741
2026,2025–26,202696,Nikola Vučević,0022500565,2026-01-13,CHI @ HOU,HOU,L,37.06666666666667,14,7,19,0,3,0,0,1,6,7,5,1,2,0,3,-10,10.700000000000003,36.84210526315789,https://www.nba.com/stats/players/boxscores-traditional?Season=2025-26&SeasonType=Regular%20Season&TeamID=1610612741
2026,2025–26,1641824,Matas Buzelis,0022500565,2026-01-13,CHI @ HOU,HOU,L,36.65,19,7,14,2,7,3,4,3,3,6,2,0,0,2,3,-13,12.8,60.27918781725889,https://www.nba.com/stats/players/boxscores-traditional?Season=2025-26&SeasonType=Regular%20Season&TeamID=1610612741
2026,2025–26,1628989,Kevin Huerter,0022500565,2026-01-13,CHI @ HOU,HOU,L,29.233333333333334,11,4,10,1,3,2,2,1,3,4,2,2,1,0,2,1,10.499999999999998,50.55147058823529,https://www.nba.com/stats/players/boxscores-traditional?Season=2025-26&SeasonType=Regular%20Season&TeamID=1610612741
2026,2025–26,1630188,Jalen Smith,0022500565,2026-01-13,CHI @ HOU,HOU,L,36.3,14,5,13,0,5,4,5,3,6,9,1,0,0,1,5,0,8.099999999999998,46.05263157894737,https://www.nba.com/stats/players/boxscores-traditional?Season=2025-26&SeasonType=Regular%20Season&TeamID=1610612741
2026,2025–26,1630171,Isaac Okoro,0022500565,2026-01-13,CHI @ HOU,HOU,L,24.766666666666666,9,3,9,2,4,1,2,2,2,4,1,0,0,0,4,-4,4.6,45.54655870445344,https://www.nba.com/stats/players/boxscores-traditional?Season=2025-26&SeasonType=Regular%20Season&TeamID=1610612741
2026,2025–26,1630245,Ayo Dosunmu,0022500565,2026-01-13,CHI @ HOU,HOU,L,22.683333333333334,7,3,8,1,2,0,0,3,1,4,3,0,0,0,0,-6,7.099999999999999,43.75,https://www.nba.com/stats/players/boxscores-traditional?Season=2025-26&SeasonType=Regular%20Season&TeamID=1610612741
2026,2025–26,1631207,Dalen Terry,0022500565,2026-01-13,CHI @ HOU,HOU,L,8.5,5,1,3,1,2,2,2,0,3,3,1,1,0,1,2,3,4.100000000000001,64.43298969072166,https://www.nba.com/stats/players/boxscores-traditional?Season=2025-26&SeasonType=Regular%20Season&TeamID=1610612741
2026,2025–26,1630172,Patrick Williams,0022500565,2026-01-13,CHI @ HOU,HOU,L,17.65,0,0,6,0,5,0,0,0,1,1,2,0,0,1,0,-3,-3.4999999999999996,0.0,https://www.nba.com/stats/players/boxscores-traditional?Season=2025-26&SeasonType=Regular%20Season&TeamID=1610612741
2026,2025–26,1630245,Ayo Dosunmu,0022500546,2026-01-10,CHI vs. DAL,DAL,W,25.566666666666666,20,7,9,3,4,3,3,1,3,4,8,4,0,3,4,15,23.099999999999994,96.89922480620154,https://www.nba.com/stats/players/boxscores-traditional?Season=2025-26&SeasonType=Regular%20Season&TeamID=1610612741
2026,2025–26,202696,Nikola Vučević,0022500546,2026-01-10,CHI vs. DAL,DAL,W,28.916666666666668,15,6,11,1,5,2,2,3,9,12,3,1,2,2,2,9,16.199999999999996,63.13131313131313,https://www.nba.com/stats/players/boxscores-traditional?Season=2025-26&SeasonType=Regular%20Season&TeamID=1610612741
2026,2025–26,1629632,Coby White,0022500546,2026-01-10,CHI vs. DAL,DAL,W,28.935,22,9,15,2,7,2,2,0,4,4,3,1,0,3,3,18,15.2,69.26952141057934,https://www.nba.com/stats/players/boxscores-traditional?Season=2025-26&SeasonType=Regular%20Season&TeamID=1610612741
2026,2025–26,1628989,Kevin Huerter,0022500546,2026-01-10,CHI vs. DAL,DAL,W,23.798333333333332,13,5,10,2,6,1,1,1,2,3,6,3,0,1,3,22,14.3,62.26053639846744,https://www.nba.com/stats/players/boxscores-traditional?Season=2025-26&SeasonType=Regular%20Season&TeamID=1610612741
2026,2025–26,1641824,Matas Buzelis,0022500546,2026-01-10,CHI vs. DAL,DAL,W,25.233333333333334,15,7,16,1,7,0,0,1,5,6,2,0,2,1,3,19,9.400000000000002,46.875,https://www.nba.com/stats/players/boxscores-traditional?Season=2025-26&SeasonType=Regular%20Season&TeamID=1610612741
2026,2025–26,1630171,Isaac Okoro,0022500546,2026-01-10,CHI vs. DAL,DAL,W,28.75,13,5,9,3,6,0,0,1,3,4,2,0,1,1,1,15,10.999999999999998,72.22222222222221,https://www.nba.com/stats/players/boxscores-traditional?Season=2025-26&SeasonType=Regular%20Season&TeamID=1610612741
2026,2025–26,1630200,Tre Jones,0022500546,2026-01-10,CHI vs. DAL,DAL,W,27.983333333333334,13,6,8,1,3,0,0,0,3,3,5,0,0,0,3,4,13.0,81.25,https://www.nba.com/stats/players/boxscores-traditional?Season=2025-26&SeasonType=Regular%20Season&TeamID=1610612741
2026,2025–26,1630188,Jalen Smith,0022500546,2026-01-10,CHI vs. DAL,DAL,W,16.3,7,3,11,0,5,1,2,2,7,9,0,0,2,1,0,15,4.0,29.46127946127946,https://www.nba.com/stats/players/boxscores-traditional?Season=2025-26&SeasonType=Regular%20Season&TeamID=1610612741
2026,2025–26,1630172,Patrick Williams,0022500546,2026-01-10,CHI vs. DAL,DAL,W,20.366666666666667,4,1,5,1,2,1,2,1,4,5,1,1,0,1,0,-5,3.1000000000000005,34.01360544217687,https://www.nba.com/stats/players/boxscores-traditional?Season=2025-26&SeasonType=Regular%20Season&TeamID=1610612741
2026,2025–26,1628975,Jevon Carter,0022500546,2026-01-10,CHI vs. DAL,DAL,W,2.783333333333333,3,1,1,1,1,0,0,0,0,0,0,0,0,0,0,-6,2.7,150.0,https://www.nba.com/stats/players/boxscores-traditional?Season=2025-26&SeasonType=Regular%20Season&TeamID=1610612741
2026,2025–26,1642950,Lachlan Olbrich,0022500546,2026-01-10,CHI vs. DAL,DAL,W,2.783333333333333,0,0,0,0,0,0,0,0,1,1,1,0,0,0,0,-6,1.0,0.0,https://www.nba.com/stats/players/boxscores-traditional?Season=2025-26&SeasonType=Regular%20Season&TeamID=1610612741
2026,2025–26,1641763,Julian Phillips,0022500546,2026-01-10,CHI vs. DAL,DAL,W,5.8,0,0,0,0,0,0,0,1,0,1,0,0,0,0,1,-4,0.29999999999999993,0.0,https://www.nba.com/stats/players/boxscores-traditional?Season=2025-26&SeasonType=Regular%20Season&TeamID=1610612741
2026,2025–26,1631207,Dalen Terry,0022500546,2026-01-10,CHI vs. DAL,DAL,W,2.783333333333333,0,0,2,0,0,0,0,0,0,0,0,0,0,1,0,-6,-2.4,0.0,https://www.nba.com/stats/players/boxscores-traditional?Season=2025-26&SeasonType=Regular%20Season&TeamID=1610612741
2026,2025–26,202696,Nikola Vučević,0022500517,2026-01-07,CHI @ DET,DET,L,32.11666666666667,20,9,20,2,6,0,0,7,9,16,4,0,1,1,0,-10,19.7,50.0,https://www.nba.com/stats/players/boxscores-traditional?Season=2025-26&SeasonType=Regular%20Season&TeamID=1610612741
2026,2025–26,1641824,Matas Buzelis,0022500517,2026-01-07,CHI @ DET,DET,L,32.9,20,7,15,4,7,2,3,0,3,3,1,1,4,2,1,-9,14.900000000000002,61.274509803921575,https://www.nba.com/stats/players/boxscores-traditional?Season=2025-26&SeasonType=Regular%20Season&TeamID=1610612741
2026,2025–26,1630245,Ayo Dosunmu,0022500517,2026-01-07,CHI @ DET,DET,L,31.071666666666665,24,10,15,4,6,0,0,1,0,1,3,0,1,1,2,-20,19.199999999999996,80.0,https://www.nba.com/stats/players/boxscores-traditional?Season=2025-26&SeasonType=Regular%20Season&TeamID=1610612741
2026,2025–26,1630200,Tre Jones,0022500517,2026-01-07,CHI @ DET,DET,L,30.25,6,1,7,0,1,4,4,2,5,7,12,0,0,3,2,-2,8.999999999999998,34.24657534246575,https://www.nba.com/stats/players/boxscores-traditional?Season=2025-26&SeasonType=Regular%20Season&TeamID=1610612741
2026,2025–26,1628989,Kevin Huerter,0022500517,2026-01-07,CHI @ DET,DET,L,30.216666666666665,8,4,13,0,6,0,0,0,3,3,4,1,0,3,1,-9,1.799999999999999,30.76923076923077,https://www.nba.com/stats/players/boxscores-traditional?Season=2025-26&SeasonType=Regular%20Season&TeamID=1610612741
2026,2025–26,1630172,Patrick Williams,0022500517,2026-01-07,CHI @ DET,DET,L,14.6,6,2,5,2,3,0,0,0,4,4,1,1,0,3,1,-4,2.8,60.0,https://www.nba.com/stats/players/boxscores-traditional?Season=2025-26&SeasonType=Regular%20Season&TeamID=1610612741
2026,2025–26,1630171,Isaac Okoro,0022500517,2026-01-07,CHI @ DET,DET,L,24.966666666666665,2,1,4,0,2,0,0,2,2,4,0,1,1,0,0,-4,3.3,25.0,https://www.nba.com/stats/players/boxscores-traditional?Season=2025-26&SeasonType=Regular%20Season&TeamID=1610612741
2026,2025–26,1642950,Lachlan Olbrich,0022500517,2026-01-07,CHI @ DET,DET,L,15.883333333333333,2,1,2,0,0,0,2,2,3,5,1,0,0,2,5,-5,-0.7999999999999998,34.72222222222222,https://www.nba.com/stats/players/boxscores-traditional?Season=2025-26&SeasonType=Regular%20Season&TeamID=1610612741
2026,2025–26,1641763,Julian Phillips,0022500517,2026-01-07,CHI @ DET,DET,L,13.945,5,2,4,1,3,0,0,1,1,2,0,0,0,1,1,-4,2.6,62.5,https://www.nba.com/stats/players/boxscores-traditional?Season=2025-26&SeasonType=Regular%20Season&TeamID=1610612741
2026,2025–26,1631207,Dalen Terry,0022500517,2026-01-07,CHI @ DET,DET,L,12.483333333333333,0,0,2,0,0,0,0,0,0,0,1,1,1,0,2,-6,0.19999999999999996,0.0,https://www.nba.com/stats/players/boxscores-traditional?Season=2025-26&SeasonType=Regular%20Season&TeamID=1610612741
2026,2025–26,1628975,Jevon Carter,0022500517,2026-01-07,CHI @ DET,DET,L,1.5666666666666667,0,0,0,0,0,0,0,0,0,0,0,0,0,1,0,-2,-1.0,0.0,https://www.nba.com/stats/players/boxscores-traditional?Season=2025-26&SeasonType=Regular%20Season&TeamID=1610612741
2026,2025–26,202696,Nikola Vučević,0022500503,2026-01-05,CHI @ BOS,BOS,L,36.35,15,6,14,3,5,0,0,3,12,15,7,1,0,2,1,-10,16.8,53.57142857142857,https://www.nba.com/stats/players/boxscores-traditional?Season=2025-26&SeasonType=Regular%20Season&TeamID=1610612741
2026,2025–26,1641824,Matas Buzelis,0022500503,2026-01-05,CHI @ BOS,BOS,L,30.966666666666665,26,9,12,3,4,5,6,0,3,3,2,0,1,2,1,-6,21.400000000000002,88.79781420765028,https://www.nba.com/stats/players/boxscores-traditional?Season=2025-26&SeasonType=Regular%20Season&TeamID=1610612741
2026,2025–26,1630245,Ayo Dosunmu,0022500503,2026-01-05,CHI @ BOS,BOS,L,27.8,15,6,13,3,7,0,0,0,3,3,5,0,1,0,2,-4,12.599999999999998,57.692307692307686,https://www.nba.com/stats/players/boxscores-traditional?Season=2025-26&SeasonType=Regular%20Season&TeamID=1610612741
2026,2025–26,1630200,Tre Jones,0022500503,2026-01-05,CHI @ BOS,BOS,L,23.366666666666667,10,4,7,0,1,2,2,1,4,5,4,0,0,1,1,-7,9.999999999999998,63.45177664974619,https://www.nba.com/stats/players/boxscores-traditional?Season=2025-26&SeasonType=Regular%20Season&TeamID=1610612741
2026,2025–26,1629632,Coby White,0022500503,2026-01-05,CHI @ BOS,BOS,L,25.383333333333333,5,2,7,1,5,0,0,0,6,6,3,0,0,4,4,-5,-0.8000000000000003,35.714285714285715,https://www.nba.com/stats/players/boxscores-traditional?Season=2025-26&SeasonType=Regular%20Season&TeamID=1610612741
2026,2025–26,1628989,Kevin Huerter,0022500503,2026-01-05,CHI @ BOS,BOS,L,19.65,8,4,9,0,4,0,0,0,3,3,0,0,1,1,1,-12,3.499999999999999,44.44444444444444,https://www.nba.com/stats/players/boxscores-traditional?Season=2025-26&SeasonType=Regular%20Season&TeamID=1610612741
2026,2025–26,1630171,Isaac Okoro,0022500503,2026-01-05,CHI @ BOS,BOS,L,24.866666666666667,5,1,7,1,7,2,2,0,3,3,1,0,1,1,1,-6,1.4000000000000008,31.725888324873097,https://www.nba.com/stats/players/boxscores-traditional?Season=2025-26&SeasonType=Regular%20Season&TeamID=1610612741
2026,2025–26,1641763,Julian Phillips,0022500503,2026-01-05,CHI @ BOS,BOS,L,13.233333333333333,6,2,5,2,4,0,0,1,1,2,0,1,0,0,0,-9,5.3,60.0,https://www.nba.com/stats/players/boxscores-traditional?Season=2025-26&SeasonType=Regular%20Season&TeamID=1610612741
2026,2025–26,1628975,Jevon Carter,0022500503,2026-01-05,CHI @ BOS,BOS,L,11.766666666666667,6,2,6,2,5,0,0,0,1,1,1,0,0,0,0,-1,3.6000000000000005,50.0,https://www.nba.com/stats/players/boxscores-traditional?Season=2025-26&SeasonType=Regular%20Season&TeamID=1610612741
2026,2025–26,1642950,Lachlan Olbrich,0022500503,2026-01-05,CHI @ BOS,BOS,L,11.65,0,0,1,0,1,0,0,1,1,2,2,0,0,0,2,-4,0.8999999999999999,0.0,https://www.nba.com/stats/players/boxscores-traditional?Season=2025-26&SeasonType=Regular%20Season&TeamID=1610612741
2026,2025–26,1630172,Patrick Williams,0022500503,2026-01-05,CHI @ BOS,BOS,L,10.05,2,1,4,0,2,0,0,0,2,2,0,0,0,0,0,-5,0.20000000000000007,25.0,https://www.nba.com/stats/players/boxscores-traditional?Season=2025-26&SeasonType=Regular%20Season&TeamID=1610612741
2026,2025–26,1631207,Dalen Terry,0022500503,2026-01-05,CHI @ BOS,BOS,L,4.916666666666667,3,1,1,1,1,0,0,0,0,0,0,0,0,0,0,-1,2.7,150.0,https://www.nba.com/stats/players/boxscores-traditional?Season=2025-26&SeasonType=Regular%20Season&TeamID=1610612741
2026,2025–26,202696,Nikola Vučević,0022500489,2026-01-03,CHI vs. CHA,CHA,L,33.983333333333334,28,11,15,3,4,3,4,0,7,7,8,0,1,2,2,-9,27.1,83.53221957040572,https://www.nba.com/stats/players/boxscores-traditional?Season=2025-26&SeasonType=Regular%20Season&TeamID=1610612741
2026,2025–26,1628989,Kevin Huerter,0022500489,2026-01-03,CHI vs. CHA,CHA,L,30.533333333333335,9,3,11,1,7,2,2,0,11,11,7,1,1,0,1,0,11.999999999999998,37.878787878787875,https://www.nba.com/stats/players/boxscores-traditional?Season=2025-26&SeasonType=Regular%20Season&TeamID=1610612741
2026,2025–26,1641824,Matas Buzelis,0022500489,2026-01-03,CHI vs. CHA,CHA,L,34.35,17,6,16,2,8,3,6,3,5,8,3,0,0,3,1,-11,9.299999999999997,45.60085836909871,https://www.nba.com/stats/players/boxscores-traditional?Season=2025-26&SeasonType=Regular%20Season&TeamID=1610612741
2026,2025–26,1630245,Ayo Dosunmu,0022500489,2026-01-03,CHI vs. CHA,CHA,L,27.883333333333333,16,7,12,2,5,0,0,0,4,4,4,1,0,2,1,-10,13.000000000000002,66.66666666666666,https://www.nba.com/stats/players/boxscores-traditional?Season=2025-26&SeasonType=Regular%20Season&TeamID=1610612741
2026,2025–26,1630200,Tre Jones,0022500489,2026-01-03,CHI vs. CHA,CHA,L,27.933333333333334,10,4,10,0,1,2,2,0,2,2,8,1,0,1,1,-8,10.399999999999999,45.955882352941174,https://www.nba.com/stats/players/boxscores-traditional?Season=2025-26&SeasonType=Regular%20Season&TeamID=1610612741
2026,2025–26,1630188,Jalen Smith,0022500489,2026-01-03,CHI vs. CHA,CHA,L,15.016666666666667,9,4,5,1,2,0,0,2,3,5,1,0,3,1,0,6,11.2,90.0,https://www.nba.com/stats/players/boxscores-traditional?Season=2025-26&SeasonType=Regular%20Season&TeamID=1610612741
2026,2025–26,1641763,Julian Phillips,0022500489,2026-01-03,CHI vs. CHA,CHA,L,15.083333333333334,3,1,3,1,3,0,0,1,0,1,0,4,0,1,2,-15,4.2,50.0,https://www.nba.com/stats/players/boxscores-traditional?Season=2025-26&SeasonType=Regular%20Season&TeamID=1610612741
2026,2025–26,1630171,Isaac Okoro,0022500489,2026-01-03,CHI vs. CHA,CHA,L,27.166666666666668,2,1,5,0,4,0,0,0,2,2,1,1,0,1,3,-4,-1.0000000000000004,20.0,https://www.nba.com/stats/players/boxscores-traditional?Season=2025-26&SeasonType=Regular%20Season&TeamID=1610612741
2026,2025–26,1631207,Dalen Terry,0022500489,2026-01-03,CHI vs. CHA,CHA,L,13.083333333333334,5,2,3,1,2,0,0,0,0,0,0,0,0,0,3,0,2.5,83.33333333333334,https://www.nba.com/stats/players/boxscores-traditional?Season=2025-26&SeasonType=Regular%20Season&TeamID=1610612741
2026,2025–26,1630172,Patrick Williams,0022500489,2026-01-03,CHI vs. CHA,CHA,L,14.966666666666667,0,0,7,0,5,0,0,0,3,3,0,1,0,0,2,-14,-3.8,0.0,https://www.nba.com/stats/players/boxscores-traditional?Season=2025-26&SeasonType=Regular%20Season&TeamID=1610612741
2026,2025–26,1641824,Matas Buzelis,0022500480,2026-01-02,CHI vs. ORL,ORL,W,30.383333333333333,21,6,14,2,8,7,8,1,8,9,7,1,2,2,1,14,21.199999999999996,59.93150684931508,https://www.nba.com/stats/players/boxscores-traditional?Season=2025-26&SeasonType=Regular%20Season&TeamID=1610612741
2026,2025–26,202696,Nikola Vučević,0022500480,2026-01-02,CHI vs. ORL,ORL,W,35.18333333333333,17,7,11,1,3,2,2,2,8,10,5,0,0,1,1,-3,18.000000000000004,71.54882154882154,https://www.nba.com/stats/players/boxscores-traditional?Season=2025-26&SeasonType=Regular%20Season&TeamID=1610612741
2026,2025–26,1628989,Kevin Huerter,0022500480,2026-01-02,CHI vs. ORL,ORL,W,23.518333333333334,20,8,15,4,9,0,0,1,3,4,2,0,0,2,1,1,13.299999999999999,66.66666666666666,https://www.nba.com/stats/players/boxscores-traditional?Season=2025-26&SeasonType=Regular%20Season&TeamID=1610612741
2026,2025–26,1630188,Jalen Smith,0022500480,2026-01-02,CHI vs. ORL,ORL,W,26.95,11,4,10,1,6,2,2,3,7,10,1,2,1,1,4,5,10.599999999999998,50.55147058823529,https://www.nba.com/stats/players/boxscores-traditional?Season=2025-26&SeasonType=Regular%20Season&TeamID=1610612741
2026,2025–26,1630245,Ayo Dosunmu,0022500480,2026-01-02,CHI vs. ORL,ORL,W,21.15,17,6,9,2,2,3,4,1,2,3,7,0,0,1,2,18,17.099999999999994,78.99628252788105,https://www.nba.com/stats/players/boxscores-traditional?Season=2025-26&SeasonType=Regular%20Season&TeamID=1610612741
2026,2025–26,1630172,Patrick Williams,0022500480,2026-01-02,CHI vs. ORL,ORL,W,22.898333333333333,15,6,9,3,5,0,0,0,2,2,1,1,1,1,0,-8,13.099999999999996,83.33333333333334,https://www.nba.com/stats/players/boxscores-traditional?Season=2025-26&SeasonType=Regular%20Season&TeamID=1610612741
2026,2025–26,1630171,Isaac Okoro,0022500480,2026-01-02,CHI vs. ORL,ORL,W,29.55,9,4,8,0,2,1,1,1,2,3,1,1,0,0,2,18,7.2,53.317535545023695,https://www.nba.com/stats/players/boxscores-traditional?Season=2025-26&SeasonType=Regular%20Season&TeamID=1610612741
2026,2025–26,1630200,Tre Jones,0022500480,2026-01-02,CHI vs. ORL,ORL,W,28.616666666666667,6,2,7,0,3,2,2,0,0,0,5,1,0,2,2,-16,3.6000000000000005,38.07106598984772,https://www.nba.com/stats/players/boxscores-traditional?Season=2025-26&SeasonType=Regular%20Season&TeamID=1610612741
2026,2025–26,1641763,Julian Phillips,0022500480,2026-01-02,CHI vs. ORL,ORL,W,9.5,5,2,5,1,2,0,0,0,2,2,0,0,1,1,2,12,1.7999999999999998,50.0,https://www.nba.com/stats/players/boxscores-traditional?Season=2025-26&SeasonType=Regular%20Season&TeamID=1610612741
2026,2025–26,1631207,Dalen Terry,0022500480,2026-01-02,CHI vs. ORL,ORL,W,12.25,0,0,2,0,1,0,0,0,4,4,2,0,0,1,0,-6,0.19999999999999996,0.0,https://www.nba.com/stats/players/boxscores-traditional?Season=2025-26&SeasonType=Regular%20Season&TeamID=1610612741
2026,2025–26,1630171,Isaac Okoro,0022500466,2025-12-31,CHI vs. NOP,NOP,W,35.61666666666667,24,8,10,2,4,6,8,1,4,5,2,1,2,2,4,31,21.499999999999993,88.75739644970415,https://www.nba.com/stats/players/boxscores-traditional?Season=2025-26&SeasonType=Regular%20Season&TeamID=1610612741
2026,2025–26,1630188,Jalen Smith,0022500466,2025-12-31,CHI vs. NOP,NOP,W,26.333333333333332,14,5,11,1,5,3,3,3,11,14,1,1,2,1,3,21,14.599999999999998,56.81818181818181,https://www.nba.com/stats/players/boxscores-traditional?Season=2025-26&SeasonType=Regular%20Season&TeamID=1610612741
2026,2025–26,1630200,Tre Jones,0022500466,2025-12-31,CHI vs. NOP,NOP,W,27.083333333333332,20,7,7,1,1,5,6,0,2,2,12,0,0,1,0,16,25.500000000000004,103.73443983402488,https://www.nba.com/stats/players/boxscores-traditional?Season=2025-26&SeasonType=Regular%20Season&TeamID=1610612741
2026,2025–26,202696,Nikola Vučević,0022500466,2025-12-31,CHI vs. NOP,NOP,W,33.5,17,7,13,2,5,1,2,0,8,8,5,0,0,0,2,6,15.400000000000002,61.23919308357348,https://www.nba.com/stats/players/boxscores-traditional?Season=2025-26&SeasonType=Regular%20Season&TeamID=1610612741
2026,2025–26,1641824,Matas Buzelis,0022500466,2025-12-31,CHI vs. NOP,NOP,W,27.016666666666666,19,8,17,2,9,1,4,1,5,6,2,1,0,0,4,11,12.100000000000001,50.63965884861407,https://www.nba.com/stats/players/boxscores-traditional?Season=2025-26&SeasonType=Regular%20Season&TeamID=1610612741
2026,2025–26,1628989,Kevin Huerter,0022500466,2025-12-31,CHI vs. NOP,NOP,W,29.433333333333334,13,4,9,2,5,3,5,0,6,6,1,1,2,1,3,12,10.2,58.03571428571429,https://www.nba.com/stats/players/boxscores-traditional?Season=2025-26&SeasonType=Regular%20Season&TeamID=1610612741
2026,2025–26,1630245,Ayo Dosunmu,0022500466,2025-12-31,CHI vs. NOP,NOP,W,24.666666666666668,12,3,11,2,6,4,4,1,3,4,6,0,1,0,1,2,11.599999999999998,47.02194357366771,https://www.nba.com/stats/players/boxscores-traditional?Season=2025-26&SeasonType=Regular%20Season&TeamID=1610612741
2026,2025–26,1630172,Patrick Williams,0022500466,2025-12-31,CHI vs. NOP,NOP,W,20.033333333333335,12,4,8,2,4,2,2,1,1,2,2,1,0,1,0,0,10.4,67.56756756756756,https://www.nba.com/stats/players/boxscores-traditional?Season=2025-26&SeasonType=Regular%20Season&TeamID=1610612741
2026,2025–26,1631207,Dalen Terry,0022500466,2025-12-31,CHI vs. NOP,NOP,W,10.216666666666667,0,0,3,0,2,0,0,1,1,2,2,0,0,0,1,-14,-0.09999999999999976,0.0,https://www.nba.com/stats/players/boxscores-traditional?Season=2025-26&SeasonType=Regular%20Season&TeamID=1610612741
2026,2025–26,1628975,Jevon Carter,0022500466,2025-12-31,CHI vs. NOP,NOP,W,6.1,3,1,3,1,2,0,0,0,0,0,0,0,0,1,0,-5,0.30000000000000027,50.0,https://www.nba.com/stats/players/boxscores-traditional?Season=2025-26&SeasonType=Regular%20Season&TeamID=1610612741
2026,2025–26,202696,Nikola Vučević,0022500452,2025-12-29,CHI vs. MIN,MIN,L,30.033333333333335,23,10,17,3,5,0,0,0,5,5,2,0,0,3,2,-8,14.2,67.64705882352942,https://www.nba.com/stats/players/boxscores-traditional?Season=2025-26&SeasonType=Regular%20Season&TeamID=1610612741
2026,2025–26,1630188,Jalen Smith,0022500452,2025-12-29,CHI vs. MIN,MIN,L,25.516666666666666,12,4,6,3,4,1,2,2,4,6,1,1,2,1,3,-14,12.5,87.20930232558139,https://www.nba.com/stats/players/boxscores-traditional?Season=2025-26&SeasonType=Regular%20Season&TeamID=1610612741
2026,2025–26,1630245,Ayo Dosunmu,0022500452,2025-12-29,CHI vs. MIN,MIN,L,31.616666666666667,10,4,12,0,4,2,2,4,2,6,7,1,0,2,2,-32,9.7,38.81987577639751,https://www.nba.com/stats/players/boxscores-traditional?Season=2025-26&SeasonType=Regular%20Season&TeamID=1610612741
2026,2025–26,1641824,Matas Buzelis,0022500452,2025-12-29,CHI vs. MIN,MIN,L,23.966666666666665,13,5,14,3,8,0,0,2,3,5,2,0,1,2,2,-26,6.800000000000001,46.42857142857143,https://www.nba.com/stats/players/boxscores-traditional?Season=2025-26&SeasonType=Regular%20Season&TeamID=1610612741
2026,2025–26,1630581,Josh Giddey,0022500452,2025-12-29,CHI vs. MIN,MIN,L,17.866666666666667,11,3,10,1,4,4,4,0,4,4,3,0,0,1,0,-1,7.5,46.7687074829932,https://www.nba.com/stats/players/boxscores-traditional?Season=2025-26&SeasonType=Regular%20Season&TeamID=1610612741
2026,2025–26,1628989,Kevin Huerter,0022500452,2025-12-29,CHI vs. MIN,MIN,L,21.988333333333333,8,3,6,2,3,0,0,0,6,6,1,0,1,1,1,-13,6.799999999999999,66.66666666666666,https://www.nba.com/stats/players/boxscores-traditional?Season=2025-26&SeasonType=Regular%20Season&TeamID=1610612741
2026,2025–26,1630200,Tre Jones,0022500452,2025-12-29,CHI vs. MIN,MIN,L,21.116666666666667,11,5,9,0,0,1,2,1,1,2,4,0,0,1,1,-28,8.7,55.66801619433198,https://www.nba.com/stats/players/boxscores-traditional?Season=2025-26&SeasonType=Regular%20Season&TeamID=1610612741
2026,2025–26,1630172,Patrick Williams,0022500452,2025-12-29,CHI vs. MIN,MIN,L,19.633333333333333,7,3,8,1,3,0,0,0,3,3,2,0,2,2,3,-21,3.0999999999999988,43.75,https://www.nba.com/stats/players/boxscores-traditional?Season=2025-26&SeasonType=Regular%20Season&TeamID=1610612741
2026,2025–26,1630171,Isaac Okoro,0022500452,2025-12-29,CHI vs. MIN,MIN,L,20.028333333333332,4,0,4,0,3,4,4,1,2,3,0,0,0,1,1,-13,1.1,34.72222222222222,https://www.nba.com/stats/players/boxscores-traditional?Season=2025-26&SeasonType=Regular%20Season&TeamID=1610612741
2026,2025–26,1631207,Dalen Terry,0022500452,2025-12-29,CHI vs. MIN,MIN,L,10.933333333333334,0,0,3,0,2,0,0,0,1,1,1,1,1,1,0,-14,-0.3999999999999997,0.0,https://www.nba.com/stats/players/boxscores-traditional?Season=2025-26&SeasonType=Regular%20Season&TeamID=1610612741
2026,2025–26,1641763,Julian Phillips,0022500452,2025-12-29,CHI vs. MIN,MIN,L,5.75,2,1,2,0,1,0,0,0,1,1,0,0,0,1,2,-2,-0.5,50.0,https://www.nba.com/stats/players/boxscores-traditional?Season=2025-26&SeasonType=Regular%20Season&TeamID=1610612741
2026,2025–26,1629632,Coby White,0022500452,2025-12-29,CHI vs. MIN,MIN,L,6.583333333333333,0,0,0,0,0,0,0,0,0,0,2,0,0,0,0,1,1.4,0.0,https://www.nba.com/stats/players/boxscores-traditional?Season=2025-26&SeasonType=Regular%20Season&TeamID=1610612741
2026,2025–26,1628975,Jevon Carter,0022500452,2025-12-29,CHI vs. MIN,MIN,L,4.966666666666667,0,0,2,0,1,0,0,0,0,0,0,0,0,0,0,-4,-1.4,0.0,https://www.nba.com/stats/players/boxscores-traditional?Season=2025-26&SeasonType=Regular%20Season&TeamID=1610612741
2026,2025–26,1630581,Josh Giddey,0022500437,2025-12-27,CHI vs. MIL,MIL,L,26.15,13,4,10,1,3,4,4,1,6,7,9,0,0,4,1,-11,11.999999999999998,55.27210884353742,https://www.nba.com/stats/players/boxscores-traditional?Season=2025-26&SeasonType=Regular%20Season&TeamID=1610612741
2026,2025–26,202696,Nikola Vučević,0022500437,2025-12-27,CHI vs. MIL,MIL,L,25.683333333333334,16,7,14,2,4,0,0,2,5,7,1,1,1,2,2,-8,11.5,57.14285714285714,https://www.nba.com/stats/players/boxscores-traditional?Season=2025-26&SeasonType=Regular%20Season&TeamID=1610612741
2026,2025–26,1629632,Coby White,0022500437,2025-12-27,CHI vs. MIL,MIL,L,28.721666666666668,16,6,12,4,8,0,1,0,2,2,1,0,0,5,3,-5,4.699999999999999,64.30868167202573,https://www.nba.com/stats/players/boxscores-traditional?Season=2025-26&SeasonType=Regular%20Season&TeamID=1610612741
2026,2025–26,1628380,Zach Collins,0022500437,2025-12-27,CHI vs. MIL,MIL,L,24.4,10,5,9,0,1,0,1,4,6,10,2,0,0,0,1,0,10.899999999999999,52.96610169491526,https://www.nba.com/stats/players/boxscores-traditional?Season=2025-26&SeasonType=Regular%20Season&TeamID=1610612741
2026,2025–26,1630188,Jalen Smith,0022500437,2025-12-27,CHI vs. MIL,MIL,L,22.35,6,2,8,2,6,0,0,3,7,10,1,0,1,0,2,3,6.000000000000001,37.5,https://www.nba.com/stats/players/boxscores-traditional?Season=2025-26&SeasonType=Regular%20Season&TeamID=1610612741
2026,2025–26,1628989,Kevin Huerter,0022500437,2025-12-27,CHI vs. MIL,MIL,L,23.695,7,3,10,1,6,0,0,3,3,6,4,0,0,0,2,0,6.199999999999999,35.0,https://www.nba.com/stats/players/boxscores-traditional?Season=2025-26&SeasonType=Regular%20Season&TeamID=1610612741
2026,2025–26,1630245,Ayo Dosunmu,0022500437,2025-12-27,CHI vs. MIL,MIL,L,21.433333333333334,11,4,10,0,3,3,3,0,2,2,0,2,0,0,1,-1,7.799999999999999,48.58657243816255,https://www.nba.com/stats/players/boxscores-traditional?Season=2025-26&SeasonType=Regular%20Season&TeamID=1610612741
2026,2025–26,1630171,Isaac Okoro,0022500437,2025-12-27,CHI vs. MIL,MIL,L,19.466666666666665,10,4,8,1,1,1,2,2,2,4,2,0,0,0,2,-2,8.2,56.3063063063063,https://www.nba.com/stats/players/boxscores-traditional?Season=2025-26&SeasonType=Regular%20Season&TeamID=1610612741
2026,2025–26,1630200,Tre Jones,0022500437,2025-12-27,CHI vs. MIL,MIL,L,22.083333333333332,6,2,6,1,2,1,1,0,1,1,6,1,0,1,2,2,6.3,46.58385093167702,https://www.nba.com/stats/players/boxscores-traditional?Season=2025-26&SeasonType=Regular%20Season&TeamID=1610612741
2026,2025–26,1641824,Matas Buzelis,0022500437,2025-12-27,CHI vs. MIL,MIL,L,22.483333333333334,8,2,5,1,3,3,4,1,2,3,2,1,0,3,2,-13,4.8,59.171597633136095,https://www.nba.com/stats/players/boxscores-traditional?Season=2025-26&SeasonType=Regular%20Season&TeamID=1610612741
2026,2025–26,1630172,Patrick Williams,0022500437,2025-12-27,CHI vs. MIL,MIL,L,3.533333333333333,0,0,1,0,1,0,0,0,0,0,0,0,0,0,0,-10,-0.7,0.0,https://www.nba.com/stats/players/boxscores-traditional?Season=2025-26&SeasonType=Regular%20Season&TeamID=1610612741
2026,2025–26,1630581,Josh Giddey,0022500427,2025-12-26,CHI vs. PHI,PHI,W,32.61666666666667,12,3,12,1,6,5,6,1,5,6,11,1,0,5,1,6,9.9,40.98360655737705,https://www.nba.com/stats/players/boxscores-traditional?Season=2025-26&SeasonType=Regular%20Season&TeamID=1610612741
2026,2025–26,1629632,Coby White,0022500427,2025-12-26,CHI vs. PHI,PHI,W,29.016666666666666,13,4,12,1,6,4,4,0,7,7,6,0,0,1,1,-1,11.1,47.23837209302326,https://www.nba.com/stats/players/boxscores-traditional?Season=2025-26&SeasonType=Regular%20Season&TeamID=1610612741
2026,2025–26,1630188,Jalen Smith,0022500427,2025-12-26,CHI vs. PHI,PHI,W,22.341666666666665,12,4,7,2,4,2,2,3,5,8,3,0,1,0,1,24,14.699999999999998,76.14213197969544,https://www.nba.com/stats/players/boxscores-traditional?Season=2025-26&SeasonType=Regular%20Season&TeamID=1610612741
2026,2025–26,1641824,Matas Buzelis,0022500427,2025-12-26,CHI vs. PHI,PHI,W,19.716666666666665,10,3,10,2,6,2,2,2,6,8,0,0,3,3,5,-6,4.5,45.955882352941174,https://www.nba.com/stats/players/boxscores-traditional?Season=2025-26&SeasonType=Regular%20Season&TeamID=1610612741
2026,2025–26,1630200,Tre Jones,0022500427,2025-12-26,CHI vs. PHI,PHI,W,24.21,15,6,10,0,2,3,6,3,3,6,2,1,0,0,1,3,14.2,59.33544303797468,https://www.nba.com/stats/players/boxscores-traditional?Season=2025-26&SeasonType=Regular%20Season&TeamID=1610612741
2026,2025–26,1628380,Zach Collins,0022500427,2025-12-26,CHI vs. PHI,PHI,W,19.433333333333334,15,5,8,2,3,3,3,0,5,5,1,0,1,0,2,6,13.499999999999998,80.47210300429184,https://www.nba.com/stats/players/boxscores-traditional?Season=2025-26&SeasonType=Regular%20Season&TeamID=1610612741
2026,2025–26,1630245,Ayo Dosunmu,0022500427,2025-12-26,CHI vs. PHI,PHI,W,23.766666666666666,8,3,6,2,4,0,0,1,2,3,4,1,0,1,1,13,8.7,66.66666666666666,https://www.nba.com/stats/players/boxscores-traditional?Season=2025-26&SeasonType=Regular%20Season&TeamID=1610612741
2026,2025–26,202696,Nikola Vučević,0022500427,2025-12-26,CHI vs. PHI,PHI,W,28.566666666666666,7,3,7,1,2,0,0,2,5,7,1,0,1,0,2,1,6.8,50.0,https://www.nba.com/stats/players/boxscores-traditional?Season=2025-26&SeasonType=Regular%20Season&TeamID=1610612741
2026,2025–26,1630171,Isaac Okoro,0022500427,2025-12-26,CHI vs. PHI,PHI,W,17.838333333333335,8,3,5,2,2,0,0,0,1,1,2,0,0,0,1,-14,6.999999999999998,80.0,https://www.nba.com/stats/players/boxscores-traditional?Season=2025-26&SeasonType=Regular%20Season&TeamID=1610612741
2026,2025–26,1628989,Kevin Huerter,0022500427,2025-12-26,CHI vs. PHI,PHI,W,22.493333333333332,9,4,9,1,6,0,2,0,1,1,1,0,0,1,3,3,2.3,45.54655870445344,https://www.nba.com/stats/players/boxscores-traditional?Season=2025-26&SeasonType=Regular%20Season&TeamID=1610612741
2026,2025–26,1630581,Josh Giddey,0022500411,2025-12-23,CHI @ ATL,ATL,W,36.13333333333333,19,8,15,2,5,1,2,1,10,11,15,0,0,7,1,4,18.1,59.823677581863976,https://www.nba.com/stats/players/boxscores-traditional?Season=2025-26&SeasonType=Regular%20Season&TeamID=1610612741
2026,2025–26,1629632,Coby White,0022500411,2025-12-23,CHI @ ATL,ATL,W,31.166666666666668,24,7,13,5,10,5,6,0,0,0,4,3,0,7,3,7,14.900000000000006,76.72634271099744,https://www.nba.com/stats/players/boxscores-traditional?Season=2025-26&SeasonType=Regular%20Season&TeamID=1610612741
2026,2025–26,202696,Nikola Vučević,0022500411,2025-12-23,CHI @ ATL,ATL,W,30.916666666666668,21,9,16,1,5,2,2,1,9,10,4,0,1,0,1,9,19.900000000000002,62.203791469194314,https://www.nba.com/stats/players/boxscores-traditional?Season=2025-26&SeasonType=Regular%20Season&TeamID=1610612741
2026,2025–26,1641824,Matas Buzelis,0022500411,2025-12-23,CHI @ ATL,ATL,W,18.4,15,6,8,2,3,1,1,0,2,2,0,0,2,0,3,-2,12.599999999999998,88.86255924170617,https://www.nba.com/stats/players/boxscores-traditional?Season=2025-26&SeasonType=Regular%20Season&TeamID=1610612741
2026,2025–26,1628380,Zach Collins,0022500411,2025-12-23,CHI @ ATL,ATL,W,17.666666666666668,10,5,9,0,2,0,0,1,6,7,2,0,1,1,2,-2,8.499999999999998,55.55555555555556,https://www.nba.com/stats/players/boxscores-traditional?Season=2025-26&SeasonType=Regular%20Season&TeamID=1610612741
2026,2025–26,1628989,Kevin Huerter,0022500411,2025-12-23,CHI @ ATL,ATL,W,26.676666666666666,9,3,7,1,5,2,4,0,7,7,1,0,0,0,1,14,6.8999999999999995,51.369863013698634,https://www.nba.com/stats/players/boxscores-traditional?Season=2025-26&SeasonType=Regular%20Season&TeamID=1610612741
2026,2025–26,1630200,Tre Jones,0022500411,2025-12-23,CHI @ ATL,ATL,W,23.483333333333334,9,3,6,0,1,3,4,1,2,3,2,0,0,0,2,9,7.499999999999999,57.98969072164949,https://www.nba.com/stats/players/boxscores-traditional?Season=2025-26&SeasonType=Regular%20Season&TeamID=1610612741
2026,2025–26,1630171,Isaac Okoro,0022500411,2025-12-23,CHI @ ATL,ATL,W,22.09,8,2,6,1,3,3,4,2,0,2,1,0,1,0,3,-11,5.800000000000002,51.54639175257733,https://www.nba.com/stats/players/boxscores-traditional?Season=2025-26&SeasonType=Regular%20Season&TeamID=1610612741
2026,2025–26,1630188,Jalen Smith,0022500411,2025-12-23,CHI @ ATL,ATL,W,11.733333333333333,5,1,3,1,3,2,3,2,2,4,3,0,0,0,1,-4,6.6,57.870370370370374,https://www.nba.com/stats/players/boxscores-traditional?Season=2025-26&SeasonType=Regular%20Season&TeamID=1610612741
2026,2025–26,1630245,Ayo Dosunmu,0022500411,2025-12-23,CHI @ ATL,ATL,W,16.166666666666668,6,2,6,0,2,2,2,1,1,2,2,0,0,1,1,-5,3.5999999999999996,43.604651162790695,https://www.nba.com/stats/players/boxscores-traditional?Season=2025-26&SeasonType=Regular%20Season&TeamID=1610612741
2026,2025–26,1630172,Patrick Williams,0022500411,2025-12-23,CHI @ ATL,ATL,W,5.566666666666666,0,0,2,0,0,0,0,0,0,0,1,1,0,0,0,-4,0.30000000000000004,0.0,https://www.nba.com/stats/players/boxscores-traditional?Season=2025-26&SeasonType=Regular%20Season&TeamID=1610612741
2026,2025–26,1630581,Josh Giddey,0022500396,2025-12-21,CHI @ ATL,ATL,W,31.85,19,6,12,2,6,5,8,0,9,9,12,2,0,1,3,2,22.7,61.21134020618557,https://www.nba.com/stats/players/boxscores-traditional?Season=2025-26&SeasonType=Regular%20Season&TeamID=1610612741
2026,2025–26,1641824,Matas Buzelis,0022500396,2025-12-21,CHI @ ATL,ATL,W,28.88,28,10,11,7,8,1,2,0,3,3,0,1,2,0,2,5,26.4,117.84511784511784,https://www.nba.com/stats/players/boxscores-traditional?Season=2025-26&SeasonType=Regular%20Season&TeamID=1610612741
2026,2025–26,202696,Nikola Vučević,0022500396,2025-12-21,CHI @ ATL,ATL,W,30.26,13,5,12,1,6,2,2,1,4,5,6,3,0,1,1,6,14.3,50.46583850931676,https://www.nba.com/stats/players/boxscores-traditional?Season=2025-26&SeasonType=Regular%20Season&TeamID=1610612741
2026,2025–26,1629632,Coby White,0022500396,2025-12-21,CHI @ ATL,ATL,W,31.066666666666666,21,6,13,3,7,6,10,1,1,2,5,0,0,3,2,4,13.399999999999999,60.344827586206904,https://www.nba.com/stats/players/boxscores-traditional?Season=2025-26&SeasonType=Regular%20Season&TeamID=1610612741
2026,2025–26,1628989,Kevin Huerter,0022500396,2025-12-21,CHI @ ATL,ATL,W,21.073333333333334,16,6,9,4,7,0,1,0,1,1,5,1,1,1,3,9,15.0,84.74576271186442,https://www.nba.com/stats/players/boxscores-traditional?Season=2025-26&SeasonType=Regular%20Season&TeamID=1610612741
2026,2025–26,1630171,Isaac Okoro,0022500396,2025-12-21,CHI @ ATL,ATL,W,18.591666666666665,14,6,7,2,3,0,1,1,0,1,1,2,0,0,6,5,12.099999999999998,94.08602150537634,https://www.nba.com/stats/players/boxscores-traditional?Season=2025-26&SeasonType=Regular%20Season&TeamID=1610612741
2026,2025–26,1630200,Tre Jones,0022500396,2025-12-21,CHI @ ATL,ATL,W,22.941666666666666,11,2,5,0,1,7,7,2,1,3,5,0,0,1,0,-8,12.500000000000002,68.06930693069307,https://www.nba.com/stats/players/boxscores-traditional?Season=2025-26&SeasonType=Regular%20Season&TeamID=1610612741
2026,2025–26,1628380,Zach Collins,0022500396,2025-12-21,CHI @ ATL,ATL,W,15.983333333333333,10,4,5,0,0,2,4,3,4,7,2,0,0,2,3,-5,8.799999999999997,73.96449704142012,https://www.nba.com/stats/players/boxscores-traditional?Season=2025-26&SeasonType=Regular%20Season&TeamID=1610612741
2026,2025–26,1630245,Ayo Dosunmu,0022500396,2025-12-21,CHI @ ATL,ATL,W,16.67,13,6,10,1,3,0,0,0,0,0,1,0,0,1,0,1,8.1,65.0,https://www.nba.com/stats/players/boxscores-traditional?Season=2025-26&SeasonType=Regular%20Season&TeamID=1610612741
2026,2025–26,1630188,Jalen Smith,0022500396,2025-12-21,CHI @ ATL,ATL,W,13.2,3,0,1,0,0,3,4,1,4,5,3,0,0,1,1,-4,4.499999999999999,54.34782608695653,https://www.nba.com/stats/players/boxscores-traditional?Season=2025-26&SeasonType=Regular%20Season&TeamID=1610612741
2026,2025–26,1630172,Patrick Williams,0022500396,2025-12-21,CHI @ ATL,ATL,W,9.483333333333333,4,2,7,0,1,0,0,2,2,4,1,0,0,0,0,-5,2.6000000000000005,28.57142857142857,https://www.nba.com/stats/players/boxscores-traditional?Season=2025-26&SeasonType=Regular%20Season&TeamID=1610612741
2026,2025–26,202696,Nikola Vučević,0022500384,2025-12-19,CHI @ CLE,CLE,W,32.3,24,11,20,2,6,0,0,5,10,15,2,1,2,1,1,15,23.299999999999997,60.0,https://www.nba.com/stats/players/boxscores-traditional?Season=2025-26&SeasonType=Regular%20Season&TeamID=1610612741
2026,2025–26,1641824,Matas Buzelis,0022500384,2025-12-19,CHI @ CLE,CLE,W,33.18333333333333,24,9,15,2,8,4,6,1,4,5,1,2,2,0,2,7,21.499999999999996,68.02721088435374,https://www.nba.com/stats/players/boxscores-traditional?Season=2025-26&SeasonType=Regular%20Season&TeamID=1610612741
2026,2025–26,1630581,Josh Giddey,0022500384,2025-12-19,CHI @ CLE,CLE,W,29.983333333333334,17,7,15,3,7,0,0,1,5,6,7,1,0,2,2,8,14.599999999999998,56.666666666666664,https://www.nba.com/stats/players/boxscores-traditional?Season=2025-26&SeasonType=Regular%20Season&TeamID=1610612741
2026,2025–26,1629632,Coby White,0022500384,2025-12-19,CHI @ CLE,CLE,W,29.766666666666666,13,5,13,1,5,2,2,2,4,6,9,0,0,3,3,16,10.600000000000001,46.829971181556196,https://www.nba.com/stats/players/boxscores-traditional?Season=2025-26&SeasonType=Regular%20Season&TeamID=1610612741
2026,2025–26,1630200,Tre Jones,0022500384,2025-12-19,CHI @ CLE,CLE,W,22.1,16,5,7,2,2,4,4,0,1,1,6,2,0,2,1,18,17.200000000000003,91.32420091324201,https://www.nba.com/stats/players/boxscores-traditional?Season=2025-26&SeasonType=Regular%20Season&TeamID=1610612741
2026,2025–26,1628989,Kevin Huerter,0022500384,2025-12-19,CHI @ CLE,CLE,W,20.25,14,6,12,2,8,0,0,1,4,5,3,2,0,0,1,-7,13.599999999999998,58.333333333333336,https://www.nba.com/stats/players/boxscores-traditional?Season=2025-26&SeasonType=Regular%20Season&TeamID=1610612741
2026,2025–26,1628380,Zach Collins,0022500384,2025-12-19,CHI @ CLE,CLE,W,18.966666666666665,13,4,5,3,3,2,2,0,3,3,2,0,0,3,2,1,9.6,110.54421768707483,https://www.nba.com/stats/players/boxscores-traditional?Season=2025-26&SeasonType=Regular%20Season&TeamID=1610612741
2026,2025–26,1630245,Ayo Dosunmu,0022500384,2025-12-19,CHI @ CLE,CLE,W,13.933333333333334,8,3,7,2,5,0,1,1,0,1,3,1,0,0,1,-2,7.299999999999999,53.76344086021505,https://www.nba.com/stats/players/boxscores-traditional?Season=2025-26&SeasonType=Regular%20Season&TeamID=1610612741
2026,2025–26,1630171,Isaac Okoro,0022500384,2025-12-19,CHI @ CLE,CLE,W,19.5,3,1,3,1,1,0,0,1,1,2,0,3,1,0,0,-14,6.0,50.0,https://www.nba.com/stats/players/boxscores-traditional?Season=2025-26&SeasonType=Regular%20Season&TeamID=1610612741
2026,2025–26,1630188,Jalen Smith,0022500384,2025-12-19,CHI @ CLE,CLE,W,15.133333333333333,4,2,4,0,2,0,0,1,3,4,0,0,0,1,1,9,2.2,50.0,https://www.nba.com/stats/players/boxscores-traditional?Season=2025-26&SeasonType=Regular%20Season&TeamID=1610612741
2026,2025–26,1630172,Patrick Williams,0022500384,2025-12-19,CHI @ CLE,CLE,W,4.883333333333334,0,0,1,0,0,0,0,0,0,0,1,0,0,0,0,4,0.0,0.0,https://www.nba.com/stats/players/boxscores-traditional?Season=2025-26&SeasonType=Regular%20Season&TeamID=1610612741
2026,2025–26,1630581,Josh Giddey,0022500367,2025-12-17,CHI vs. CLE,CLE,W,33.5,23,8,18,5,11,2,2,0,11,11,11,2,1,3,2,15,23.499999999999996,60.91101694915254,https://www.nba.com/stats/players/boxscores-traditional?Season=2025-26&SeasonType=Regular%20Season&TeamID=1610612741
2026,2025–26,202696,Nikola Vučević,0022500367,2025-12-17,CHI vs. CLE,CLE,W,28.946666666666665,20,9,14,2,4,0,0,1,8,9,4,2,1,1,0,15,21.400000000000002,71.42857142857143,https://www.nba.com/stats/players/boxscores-traditional?Season=2025-26&SeasonType=Regular%20Season&TeamID=1610612741
2026,2025–26,1629632,Coby White,0022500367,2025-12-17,CHI vs. CLE,CLE,W,30.363333333333333,25,8,13,3,5,6,7,0,5,5,3,2,0,3,3,-1,20.100000000000005,77.7363184079602,https://www.nba.com/stats/players/boxscores-traditional?Season=2025-26&SeasonType=Regular%20Season&TeamID=1610612741
2026,2025–26,1630200,Tre Jones,0022500367,2025-12-17,CHI vs. CLE,CLE,W,24.283333333333335,11,5,7,0,1,1,2,0,1,1,11,3,0,1,1,20,17.300000000000004,69.79695431472082,https://www.nba.com/stats/players/boxscores-traditional?Season=2025-26&SeasonType=Regular%20Season&TeamID=1610612741
2026,2025–26,1628380,Zach Collins,0022500367,2025-12-17,CHI vs. CLE,CLE,W,16.336666666666666,10,4,8,1,4,1,3,1,3,4,2,2,0,2,1,4,7.800000000000001,53.648068669527895,https://www.nba.com/stats/players/boxscores-traditional?Season=2025-26&SeasonType=Regular%20Season&TeamID=1610612741
2026,2025–26,1628989,Kevin Huerter,0022500367,2025-12-17,CHI vs. CLE,CLE,W,25.916666666666668,11,4,9,3,6,0,0,0,3,3,1,0,0,2,2,1,5.1,61.111111111111114,https://www.nba.com/stats/players/boxscores-traditional?Season=2025-26&SeasonType=Regular%20Season&TeamID=1610612741
2026,2025–26,1630171,Isaac Okoro,0022500367,2025-12-17,CHI vs. CLE,CLE,W,30.9,12,6,7,0,0,0,0,2,0,2,1,1,0,0,4,1,11.0,85.71428571428571,https://www.nba.com/stats/players/boxscores-traditional?Season=2025-26&SeasonType=Regular%20Season&TeamID=1610612741
2026,2025–26,1641824,Matas Buzelis,0022500367,2025-12-17,CHI vs. CLE,CLE,W,22.25,9,3,7,0,2,3,4,0,1,1,1,0,1,1,2,15,4.8,51.369863013698634,https://www.nba.com/stats/players/boxscores-traditional?Season=2025-26&SeasonType=Regular%20Season&TeamID=1610612741
2026,2025–26,1630188,Jalen Smith,0022500367,2025-12-17,CHI vs. CLE,CLE,W,15.903333333333334,4,2,3,0,1,0,0,2,5,7,1,0,0,1,2,11,4.5,66.66666666666666,https://www.nba.com/stats/players/boxscores-traditional?Season=2025-26&SeasonType=Regular%20Season&TeamID=1610612741
2026,2025–26,1630172,Patrick Williams,0022500367,2025-12-17,CHI vs. CLE,CLE,W,10.533333333333333,2,1,3,0,2,0,0,0,0,0,0,0,0,1,0,-1,-0.6999999999999997,33.33333333333333,https://www.nba.com/stats/players/boxscores-traditional?Season=2025-26&SeasonType=Regular%20Season&TeamID=1610612741
2026,2025–26,1631207,Dalen Terry,0022500367,2025-12-17,CHI vs. CLE,CLE,W,1.0666666666666667,0,0,0,0,0,0,0,0,0,0,0,0,0,0,0,0,0.0,0.0,https://www.nba.com/stats/players/boxscores-traditional?Season=2025-26&SeasonType=Regular%20Season&TeamID=1610612741
2026,2025–26,1629632,Coby White,0022501223,2025-12-14,CHI vs. NOP,NOP,L,28.463333333333335,20,8,18,1,10,3,3,0,5,5,5,2,0,2,3,-10,14.400000000000002,51.75983436853002,https://www.nba.com/stats/players/boxscores-traditional?Season=2025-26&SeasonType=Regular%20Season&TeamID=1610612741
2026,2025–26,1628989,Kevin Huerter,0022501223,2025-12-14,CHI vs. NOP,NOP,L,24.266666666666666,16,6,12,4,8,0,0,1,2,3,0,4,0,3,1,3,11.899999999999999,66.66666666666666,https://www.nba.com/stats/players/boxscores-traditional?Season=2025-26&SeasonType=Regular%20Season&TeamID=1610612741
2026,2025–26,202696,Nikola Vučević,0022501223,2025-12-14,CHI vs. NOP,NOP,L,30.78,12,5,16,2,6,0,0,3,5,8,4,0,0,0,4,-11,7.6,37.5,https://www.nba.com/stats/players/boxscores-traditional?Season=2025-26&SeasonType=Regular%20Season&TeamID=1610612741
2026,2025–26,1630581,Josh Giddey,0022501223,2025-12-14,CHI vs. NOP,NOP,L,24.066666666666666,11,4,10,1,3,2,2,3,4,7,5,0,0,4,3,-6,7.199999999999999,50.55147058823529,https://www.nba.com/stats/players/boxscores-traditional?Season=2025-26&SeasonType=Regular%20Season&TeamID=1610612741
2026,2025–26,1630200,Tre Jones,0022501223,2025-12-14,CHI vs. NOP,NOP,L,24.266666666666666,6,2,7,0,4,2,2,0,2,2,5,2,2,0,1,-5,9.0,38.07106598984772,https://www.nba.com/stats/players/boxscores-traditional?Season=2025-26&SeasonType=Regular%20Season&TeamID=1610612741
2026,2025–26,1641824,Matas Buzelis,0022501223,2025-12-14,CHI vs. NOP,NOP,L,23.585,9,3,5,1,3,2,2,1,5,6,3,1,0,0,2,-7,11.199999999999998,76.53061224489795,https://www.nba.com/stats/players/boxscores-traditional?Season=2025-26&SeasonType=Regular%20Season&TeamID=1610612741
2026,2025–26,1630172,Patrick Williams,0022501223,2025-12-14,CHI vs. NOP,NOP,L,23.631666666666668,8,2,5,2,4,2,4,1,3,4,2,0,0,0,2,-13,6.700000000000002,59.171597633136095,https://www.nba.com/stats/players/boxscores-traditional?Season=2025-26&SeasonType=Regular%20Season&TeamID=1610612741
2026,2025–26,1630188,Jalen Smith,0022501223,2025-12-14,CHI vs. NOP,NOP,L,12.336666666666666,6,2,3,0,1,2,2,0,0,0,1,1,2,2,4,-10,4.200000000000001,77.31958762886599,https://www.nba.com/stats/players/boxscores-traditional?Season=2025-26&SeasonType=Regular%20Season&TeamID=1610612741
2026,2025–26,1631207,Dalen Terry,0022501223,2025-12-14,CHI vs. NOP,NOP,L,13.453333333333333,9,4,5,1,1,0,0,2,1,3,0,0,0,1,1,8,7.4,90.0,https://www.nba.com/stats/players/boxscores-traditional?Season=2025-26&SeasonType=Regular%20Season&TeamID=1610612741
2026,2025–26,1630171,Isaac Okoro,0022501223,2025-12-14,CHI vs. NOP,NOP,L,23.516666666666666,5,2,10,1,8,0,0,2,1,3,1,0,0,0,1,-1,0.7999999999999997,25.0,https://www.nba.com/stats/players/boxscores-traditional?Season=2025-26&SeasonType=Regular%20Season&TeamID=1610612741
2026,2025–26,1628380,Zach Collins,0022501223,2025-12-14,CHI vs. NOP,NOP,L,11.633333333333333,2,0,1,0,1,2,2,0,2,2,0,0,0,1,2,2,0.09999999999999987,53.191489361702125,https://www.nba.com/stats/players/boxscores-traditional?Season=2025-26&SeasonType=Regular%20Season&TeamID=1610612741
2026,2025–26,1630581,Josh Giddey,0022501209,2025-12-12,CHI @ CHA,CHA,W,34.21666666666667,26,10,17,2,4,4,4,1,6,7,11,1,0,3,2,8,25.5,69.2963752665245,https://www.nba.com/stats/players/boxscores-traditional?Season=2025-26&SeasonType=Regular%20Season&TeamID=1610612741
2026,2025–26,1628380,Zach Collins,0022501209,2025-12-12,CHI @ CHA,CHA,W,19.916666666666668,16,6,7,2,3,2,2,2,6,8,2,0,1,1,1,17,17.4,101.5228426395939,https://www.nba.com/stats/players/boxscores-traditional?Season=2025-26&SeasonType=Regular%20Season&TeamID=1610612741
2026,2025–26,1630172,Patrick Williams,0022501209,2025-12-12,CHI @ CHA,CHA,W,26.166666666666668,16,6,8,3,5,1,2,2,3,5,1,1,1,2,0,0,15.099999999999998,90.09009009009009,https://www.nba.com/stats/players/boxscores-traditional?Season=2025-26&SeasonType=Regular%20Season&TeamID=1610612741
2026,2025–26,1629632,Coby White,0022501209,2025-12-12,CHI @ CHA,CHA,W,29.65,20,6,15,1,4,7,9,0,5,5,2,0,0,2,1,7,11.599999999999998,52.742616033755276,https://www.nba.com/stats/players/boxscores-traditional?Season=2025-26&SeasonType=Regular%20Season&TeamID=1610612741
2026,2025–26,202696,Nikola Vučević,0022501209,2025-12-12,CHI @ CHA,CHA,W,21.633333333333333,13,6,8,1,2,0,1,0,3,3,4,0,1,1,0,-15,12.8,77.01421800947867,https://www.nba.com/stats/players/boxscores-traditional?Season=2025-26&SeasonType=Regular%20Season&TeamID=1610612741
2026,2025–26,1630188,Jalen Smith,0022501209,2025-12-12,CHI @ CHA,CHA,W,16.8,5,2,9,1,3,0,0,5,5,10,1,1,1,0,0,10,6.9,27.77777777777778,https://www.nba.com/stats/players/boxscores-traditional?Season=2025-26&SeasonType=Regular%20Season&TeamID=1610612741
2026,2025–26,1630171,Isaac Okoro,0022501209,2025-12-12,CHI @ CHA,CHA,W,26.166666666666668,15,7,11,0,2,1,1,1,2,3,1,0,0,0,3,-4,10.899999999999999,65.55944055944056,https://www.nba.com/stats/players/boxscores-traditional?Season=2025-26&SeasonType=Regular%20Season&TeamID=1610612741
2026,2025–26,1641824,Matas Buzelis,0022501209,2025-12-12,CHI @ CHA,CHA,W,23.7,10,5,8,0,2,0,0,0,0,0,1,0,2,0,3,0,7.3,62.5,https://www.nba.com/stats/players/boxscores-traditional?Season=2025-26&SeasonType=Regular%20Season&TeamID=1610612741
2026,2025–26,1630200,Tre Jones,0022501209,2025-12-12,CHI @ CHA,CHA,W,24.966666666666665,6,3,9,0,2,0,0,0,2,2,5,0,0,1,0,-1,4.0,33.33333333333333,https://www.nba.com/stats/players/boxscores-traditional?Season=2025-26&SeasonType=Regular%20Season&TeamID=1610612741
2026,2025–26,1631207,Dalen Terry,0022501209,2025-12-12,CHI @ CHA,CHA,W,13.55,2,1,2,0,1,0,0,0,1,1,1,0,0,1,1,-3,0.6000000000000001,50.0,https://www.nba.com/stats/players/boxscores-traditional?Season=2025-26&SeasonType=Regular%20Season&TeamID=1610612741
2026,2025–26,1641763,Julian Phillips,0022501209,2025-12-12,CHI @ CHA,CHA,W,3.2333333333333334,0,0,0,0,0,0,0,0,0,0,0,0,0,0,0,-4,0.0,0.0,https://www.nba.com/stats/players/boxscores-traditional?Season=2025-26&SeasonType=Regular%20Season&TeamID=1610612741
2026,2025–26,1630581,Josh Giddey,0022500361,2025-12-07,CHI vs. GSW,GSW,L,34.95,18,6,15,3,6,3,5,0,3,3,5,1,2,4,2,-21,11.099999999999998,52.32558139534884,https://www.nba.com/stats/players/boxscores-traditional?Season=2025-26&SeasonType=Regular%20Season&TeamID=1610612741
2026,2025–26,1641824,Matas Buzelis,0022500361,2025-12-07,CHI vs. GSW,GSW,L,24.533333333333335,16,7,12,2,5,0,0,2,1,3,1,3,1,2,4,-30,12.900000000000004,66.66666666666666,https://www.nba.com/stats/players/boxscores-traditional?Season=2025-26&SeasonType=Regular%20Season&TeamID=1610612741
2026,2025–26,1628975,Jevon Carter,0022500361,2025-12-07,CHI vs. GSW,GSW,L,21.7,13,4,8,3,5,2,2,0,1,1,2,3,0,1,2,-6,11.9,73.1981981981982,https://www.nba.com/stats/players/boxscores-traditional?Season=2025-26&SeasonType=Regular%20Season&TeamID=1610612741
2026,2025–26,202696,Nikola Vučević,0022500361,2025-12-07,CHI vs. GSW,GSW,L,24.333333333333332,9,4,13,1,6,0,0,1,5,6,3,1,0,2,1,-28,4.3999999999999995,34.61538461538461,https://www.nba.com/stats/players/boxscores-traditional?Season=2025-26&SeasonType=Regular%20Season&TeamID=1610612741
2026,2025–26,1630172,Patrick Williams,0022500361,2025-12-07,CHI vs. GSW,GSW,L,20.183333333333334,3,1,6,1,2,0,0,3,3,6,2,2,0,0,2,-3,4.8,25.0,https://www.nba.com/stats/players/boxscores-traditional?Season=2025-26&SeasonType=Regular%20Season&TeamID=1610612741
2026,2025–26,1631207,Dalen Terry,0022500361,2025-12-07,CHI vs. GSW,GSW,L,17.633333333333333,4,2,3,0,1,0,0,2,1,3,3,2,0,0,0,7,8.5,66.66666666666666,https://www.nba.com/stats/players/boxscores-traditional?Season=2025-26&SeasonType=Regular%20Season&TeamID=1610612741
2026,2025–26,1629632,Coby White,0022500361,2025-12-07,CHI vs. GSW,GSW,L,24.616666666666667,12,3,10,0,4,6,7,0,1,1,1,0,0,4,3,-27,1.5999999999999988,45.87155963302752,https://www.nba.com/stats/players/boxscores-traditional?Season=2025-26&SeasonType=Regular%20Season&TeamID=1610612741
2026,2025–26,1630245,Ayo Dosunmu,0022500361,2025-12-07,CHI vs. GSW,GSW,L,27.325,4,1,6,0,3,2,2,1,3,4,5,0,0,1,0,-35,4.300000000000001,29.069767441860467,https://www.nba.com/stats/players/boxscores-traditional?Season=2025-26&SeasonType=Regular%20Season&TeamID=1610612741
2026,2025–26,1628380,Zach Collins,0022500361,2025-12-07,CHI vs. GSW,GSW,L,18.833333333333332,3,1,7,0,2,1,1,2,2,4,1,0,1,0,0,0,1.9000000000000001,20.161290322580644,https://www.nba.com/stats/players/boxscores-traditional?Season=2025-26&SeasonType=Regular%20Season&TeamID=1610612741
2026,2025–26,1641763,Julian Phillips,0022500361,2025-12-07,CHI vs. GSW,GSW,L,12.358333333333333,5,1,3,1,3,2,2,1,1,2,1,0,0,0,0,-5,5.000000000000001,64.43298969072166,https://www.nba.com/stats/players/boxscores-traditional?Season=2025-26&SeasonType=Regular%20Season&TeamID=1610612741
2026,2025–26,1642280,Trentyn Flowers,0022500361,2025-12-07,CHI vs. GSW,GSW,L,4.35,4,2,3,0,1,0,0,1,0,1,0,0,0,1,1,-4,2.0000000000000004,66.66666666666666,https://www.nba.com/stats/players/boxscores-traditional?Season=2025-26&SeasonType=Regular%20Season&TeamID=1610612741
2026,2025–26,1642950,Lachlan Olbrich,0022500361,2025-12-07,CHI vs. GSW,GSW,L,4.833333333333333,0,0,1,0,1,0,0,1,2,3,0,0,0,0,0,-4,0.6,0.0,https://www.nba.com/stats/players/boxscores-traditional?Season=2025-26&SeasonType=Regular%20Season&TeamID=1610612741
2026,2025–26,1641801,Emanuel Miller,0022500361,2025-12-07,CHI vs. GSW,GSW,L,4.35,0,0,2,0,1,0,0,1,0,1,0,0,0,0,0,-4,-0.7,0.0,https://www.nba.com/stats/players/boxscores-traditional?Season=2025-26&SeasonType=Regular%20Season&TeamID=1610612741
2026,2025–26,1641824,Matas Buzelis,0022500345,2025-12-05,CHI vs. IND,IND,L,34.71666666666667,19,5,8,0,3,9,9,2,10,12,2,1,1,6,2,-8,16.099999999999998,79.43143812709029,https://www.nba.com/stats/players/boxscores-traditional?Season=2025-26&SeasonType=Regular%20Season&TeamID=1610612741
2026,2025–26,1629632,Coby White,0022500345,2025-12-05,CHI vs. IND,IND,L,26.433333333333334,22,6,14,1,5,9,12,1,2,3,6,0,0,2,1,-1,16.5,57.05394190871369,https://www.nba.com/stats/players/boxscores-traditional?Season=2025-26&SeasonType=Regular%20Season&TeamID=1610612741
2026,2025–26,1630581,Josh Giddey,0022500345,2025-12-05,CHI vs. IND,IND,L,32.983333333333334,9,2,9,1,3,4,4,0,7,7,6,1,0,5,1,-17,5.4,41.82156133828997,https://www.nba.com/stats/players/boxscores-traditional?Season=2025-26&SeasonType=Regular%20Season&TeamID=1610612741
2026,2025–26,1628975,Jevon Carter,0022500345,2025-12-05,CHI vs. IND,IND,L,22.183333333333334,14,5,11,4,8,0,0,2,1,3,1,1,0,0,0,-4,11.700000000000001,63.63636363636363,https://www.nba.com/stats/players/boxscores-traditional?Season=2025-26&SeasonType=Regular%20Season&TeamID=1610612741
2026,2025–26,1631207,Dalen Terry,0022500345,2025-12-05,CHI vs. IND,IND,L,19.516666666666666,7,3,7,1,4,0,0,1,2,3,0,3,1,4,1,-8,3.8999999999999986,50.0,https://www.nba.com/stats/players/boxscores-traditional?Season=2025-26&SeasonType=Regular%20Season&TeamID=1610612741
2026,2025–26,1628380,Zach Collins,0022500345,2025-12-05,CHI vs. IND,IND,L,20.566666666666666,8,3,5,1,2,1,2,3,3,6,1,0,0,0,4,-5,7.399999999999999,68.02721088435374,https://www.nba.com/stats/players/boxscores-traditional?Season=2025-26&SeasonType=Regular%20Season&TeamID=1610612741
2026,2025–26,202696,Nikola Vučević,0022500345,2025-12-05,CHI vs. IND,IND,L,26.2,8,3,7,2,3,0,0,0,4,4,2,0,0,0,1,-10,6.5,57.14285714285714,https://www.nba.com/stats/players/boxscores-traditional?Season=2025-26&SeasonType=Regular%20Season&TeamID=1610612741
2026,2025–26,1630172,Patrick Williams,0022500345,2025-12-05,CHI vs. IND,IND,L,26.266666666666666,9,3,9,2,4,1,2,1,2,3,0,0,0,1,4,-27,2.199999999999999,45.54655870445344,https://www.nba.com/stats/players/boxscores-traditional?Season=2025-26&SeasonType=Regular%20Season&TeamID=1610612741
2026,2025–26,1641763,Julian Phillips,0022500345,2025-12-05,CHI vs. IND,IND,L,22.65,5,2,4,1,2,0,0,1,3,4,1,1,0,0,1,8,5.8999999999999995,62.5,https://www.nba.com/stats/players/boxscores-traditional?Season=2025-26&SeasonType=Regular%20Season&TeamID=1610612741
2026,2025–26,1641801,Emanuel Miller,0022500345,2025-12-05,CHI vs. IND,IND,L,7.25,4,2,3,0,1,0,0,0,1,1,2,0,0,0,0,-3,4.4,66.66666666666666,https://www.nba.com/stats/players/boxscores-traditional?Season=2025-26&SeasonType=Regular%20Season&TeamID=1610612741
2026,2025–26,1642950,Lachlan Olbrich,0022500345,2025-12-05,CHI vs. IND,IND,L,1.2333333333333334,0,0,0,0,0,0,0,0,0,0,0,0,0,0,0,0,0.0,0.0,https://www.nba.com/stats/players/boxscores-traditional?Season=2025-26&SeasonType=Regular%20Season&TeamID=1610612741
2026,2025–26,1630581,Josh Giddey,0022500329,2025-12-03,CHI vs. BKN,BKN,L,36.016666666666666,28,10,14,0,2,8,11,2,9,11,11,0,0,3,0,3,29.799999999999997,74.3099787685775,https://www.nba.com/stats/players/boxscores-traditional?Season=2025-26&SeasonType=Regular%20Season&TeamID=1610612741
2026,2025–26,202696,Nikola Vučević,0022500329,2025-12-03,CHI vs. BKN,BKN,L,33.38333333333333,16,6,18,1,6,3,4,3,8,11,0,2,0,6,2,-5,5.099999999999998,40.48582995951417,https://www.nba.com/stats/players/boxscores-traditional?Season=2025-26&SeasonType=Regular%20Season&TeamID=1610612741
2026,2025–26,1630245,Ayo Dosunmu,0022500329,2025-12-03,CHI vs. BKN,BKN,L,36.06666666666667,16,5,13,2,4,4,4,0,2,2,1,3,1,2,1,-15,11.499999999999998,54.20054200542006,https://www.nba.com/stats/players/boxscores-traditional?Season=2025-26&SeasonType=Regular%20Season&TeamID=1610612741
2026,2025–26,1641824,Matas Buzelis,0022500329,2025-12-03,CHI vs. BKN,BKN,L,32.766666666666666,14,6,14,1,5,1,2,1,4,5,3,1,0,3,2,-7,7.399999999999999,47.04301075268817,https://www.nba.com/stats/players/boxscores-traditional?Season=2025-26&SeasonType=Regular%20Season&TeamID=1610612741
2026,2025–26,1630172,Patrick Williams,0022500329,2025-12-03,CHI vs. BKN,BKN,L,23.283333333333335,10,3,7,2,3,2,2,0,3,3,0,3,0,1,2,-5,8.399999999999999,63.45177664974619,https://www.nba.com/stats/players/boxscores-traditional?Season=2025-26&SeasonType=Regular%20Season&TeamID=1610612741
2026,2025–26,1631207,Dalen Terry,0022500329,2025-12-03,CHI vs. BKN,BKN,L,17.983333333333334,6,3,6,0,1,0,0,2,3,5,1,2,0,1,3,2,5.8,50.0,https://www.nba.com/stats/players/boxscores-traditional?Season=2025-26&SeasonType=Regular%20Season&TeamID=1610612741
2026,2025–26,1641763,Julian Phillips,0022500329,2025-12-03,CHI vs. BKN,BKN,L,28.333333333333332,5,2,6,1,3,0,0,1,0,1,1,3,0,0,3,-8,4.800000000000001,41.66666666666667,https://www.nba.com/stats/players/boxscores-traditional?Season=2025-26&SeasonType=Regular%20Season&TeamID=1610612741
2026,2025–26,1628975,Jevon Carter,0022500329,2025-12-03,CHI vs. BKN,BKN,L,16.25,6,2,8,0,4,2,2,1,2,3,1,0,0,0,0,-6,3.2,33.78378378378378,https://www.nba.com/stats/players/boxscores-traditional?Season=2025-26&SeasonType=Regular%20Season&TeamID=1610612741
2026,2025–26,1642950,Lachlan Olbrich,0022500329,2025-12-03,CHI vs. BKN,BKN,L,6.8,0,0,1,0,1,0,0,1,0,1,1,0,0,0,2,0,-0.10000000000000009,0.0,https://www.nba.com/stats/players/boxscores-traditional?Season=2025-26&SeasonType=Regular%20Season&TeamID=1610612741
2026,2025–26,1641801,Emanuel Miller,0022500329,2025-12-03,CHI vs. BKN,BKN,L,7.916666666666667,2,1,3,0,1,0,0,0,0,0,0,0,0,0,0,-11,0.30000000000000027,33.33333333333333,https://www.nba.com/stats/players/boxscores-traditional?Season=2025-26&SeasonType=Regular%20Season&TeamID=1610612741
2026,2025–26,1642280,Trentyn Flowers,0022500329,2025-12-03,CHI vs. BKN,BKN,L,1.2,0,0,0,0,0,0,0,0,0,0,1,0,0,0,0,2,0.7,0.0,https://www.nba.com/stats/players/boxscores-traditional?Season=2025-26&SeasonType=Regular%20Season&TeamID=1610612741
2026,2025–26,1630581,Josh Giddey,0022500314,2025-12-01,CHI @ ORL,ORL,L,35.65,22,8,14,3,6,3,5,1,8,9,6,3,1,8,2,5,16.799999999999997,67.90123456790124,https://www.nba.com/stats/players/boxscores-traditional?Season=2025-26&SeasonType=Regular%20Season&TeamID=1610612741
2026,2025–26,1641824,Matas Buzelis,0022500314,2025-12-01,CHI @ ORL,ORL,L,35.63333333333333,21,7,16,2,7,5,6,2,4,6,4,2,3,0,3,5,20.500000000000004,56.33047210300429,https://www.nba.com/stats/players/boxscores-traditional?Season=2025-26&SeasonType=Regular%20Season&TeamID=1610612741
2026,2025–26,202696,Nikola Vučević,0022500314,2025-12-01,CHI @ ORL,ORL,L,34.483333333333334,20,9,13,1,2,1,2,4,7,11,5,2,0,2,4,12,20.900000000000002,72.04610951008645,https://www.nba.com/stats/players/boxscores-traditional?Season=2025-26&SeasonType=Regular%20Season&TeamID=1610612741
2026,2025–26,1630245,Ayo Dosunmu,0022500314,2025-12-01,CHI @ ORL,ORL,L,36.733333333333334,18,6,13,4,6,2,2,0,3,3,7,1,0,4,5,8,12.099999999999998,64.8414985590778,https://www.nba.com/stats/players/boxscores-traditional?Season=2025-26&SeasonType=Regular%20Season&TeamID=1610612741
2026,2025–26,1630200,Tre Jones,0022500314,2025-12-01,CHI @ ORL,ORL,L,29.716666666666665,20,7,10,2,3,4,5,0,1,1,3,0,0,1,1,-16,16.400000000000002,81.9672131147541,https://www.nba.com/stats/players/boxscores-traditional?Season=2025-26&SeasonType=Regular%20Season&TeamID=1610612741
2026,2025–26,1630172,Patrick Williams,0022500314,2025-12-01,CHI @ ORL,ORL,L,18.333333333333332,6,2,7,2,4,0,0,0,6,6,1,0,0,2,0,-18,2.4000000000000004,42.857142857142854,https://www.nba.com/stats/players/boxscores-traditional?Season=2025-26&SeasonType=Regular%20Season&TeamID=1610612741
2026,2025–26,1641763,Julian Phillips,0022500314,2025-12-01,CHI @ ORL,ORL,L,20.5,10,4,7,1,4,1,2,2,1,3,0,0,0,0,3,9,6.799999999999999,63.45177664974619,https://www.nba.com/stats/players/boxscores-traditional?Season=2025-26&SeasonType=Regular%20Season&TeamID=1610612741
2026,2025–26,1641801,Emanuel Miller,0022500314,2025-12-01,CHI @ ORL,ORL,L,6.616666666666666,3,1,2,1,2,0,0,0,0,0,2,1,0,0,1,-9,4.0,75.0,https://www.nba.com/stats/players/boxscores-traditional?Season=2025-26&SeasonType=Regular%20Season&TeamID=1610612741
2026,2025–26,1642950,Lachlan Olbrich,0022500314,2025-12-01,CHI @ ORL,ORL,L,12.016666666666667,0,0,1,0,0,0,0,1,3,4,2,0,0,1,4,-17,-0.30000000000000027,0.0,https://www.nba.com/stats/players/boxscores-traditional?Season=2025-26&SeasonType=Regular%20Season&TeamID=1610612741
2026,2025–26,1628989,Kevin Huerter,0022500314,2025-12-01,CHI @ ORL,ORL,L,5.683333333333334,0,0,3,0,2,0,0,0,0,0,0,0,0,0,0,2,-2.0999999999999996,0.0,https://www.nba.com/stats/players/boxscores-traditional?Season=2025-26&SeasonType=Regular%20Season&TeamID=1610612741
2026,2025–26,1628975,Jevon Carter,0022500314,2025-12-01,CHI @ ORL,ORL,L,4.633333333333334,0,0,2,0,1,0,0,0,0,0,0,0,0,2,0,-6,-3.4,0.0,https://www.nba.com/stats/players/boxscores-traditional?Season=2025-26&SeasonType=Regular%20Season&TeamID=1610612741
2026,2025–26,1630581,Josh Giddey,0022500295,2025-11-29,CHI @ IND,IND,L,33.53333333333333,17,7,13,2,5,1,4,1,10,11,7,0,0,3,1,7,14.7,57.58807588075881,https://www.nba.com/stats/players/boxscores-traditional?Season=2025-26&SeasonType=Regular%20Season&TeamID=1610612741
2026,2025–26,202696,Nikola Vučević,0022500295,2025-11-29,CHI @ IND,IND,L,30.166666666666668,16,5,14,2,5,4,4,3,5,8,6,1,0,0,1,-7,16.6,50.76142131979695,https://www.nba.com/stats/players/boxscores-traditional?Season=2025-26&SeasonType=Regular%20Season&TeamID=1610612741
2026,2025–26,1641824,Matas Buzelis,0022500295,2025-11-29,CHI @ IND,IND,L,34.016666666666666,8,3,9,2,5,0,2,4,7,11,2,1,3,3,0,-12,8.5,40.48582995951417,https://www.nba.com/stats/players/boxscores-traditional?Season=2025-26&SeasonType=Regular%20Season&TeamID=1610612741
2026,2025–26,1630245,Ayo Dosunmu,0022500295,2025-11-29,CHI @ IND,IND,L,35.40833333333333,15,6,13,3,6,0,1,0,4,4,4,0,0,1,3,-1,9.7,55.80357142857143,https://www.nba.com/stats/players/boxscores-traditional?Season=2025-26&SeasonType=Regular%20Season&TeamID=1610612741
2026,2025–26,1628989,Kevin Huerter,0022500295,2025-11-29,CHI @ IND,IND,L,31.741666666666667,15,6,14,3,8,0,0,0,3,3,1,1,0,2,4,-7,6.6,53.57142857142857,https://www.nba.com/stats/players/boxscores-traditional?Season=2025-26&SeasonType=Regular%20Season&TeamID=1610612741
2026,2025–26,1630200,Tre Jones,0022500295,2025-11-29,CHI @ IND,IND,L,29.058333333333334,17,7,9,0,0,3,3,0,1,1,2,0,0,2,0,6,13.200000000000001,82.36434108527132,https://www.nba.com/stats/players/boxscores-traditional?Season=2025-26&SeasonType=Regular%20Season&TeamID=1610612741
2026,2025–26,1641801,Emanuel Miller,0022500295,2025-11-29,CHI @ IND,IND,L,6.916666666666667,6,2,3,1,1,1,2,0,1,1,0,1,0,0,1,8,5.199999999999999,77.31958762886599,https://www.nba.com/stats/players/boxscores-traditional?Season=2025-26&SeasonType=Regular%20Season&TeamID=1610612741
2026,2025–26,1628975,Jevon Carter,0022500295,2025-11-29,CHI @ IND,IND,L,11.1,3,1,2,1,2,0,0,0,1,1,2,1,0,1,2,-13,2.8999999999999995,75.0,https://www.nba.com/stats/players/boxscores-traditional?Season=2025-26&SeasonType=Regular%20Season&TeamID=1610612741
2026,2025–26,1642950,Lachlan Olbrich,0022500295,2025-11-29,CHI @ IND,IND,L,11.033333333333333,2,1,3,0,1,0,0,0,3,3,0,0,0,1,2,15,-0.5999999999999999,33.33333333333333,https://www.nba.com/stats/players/boxscores-traditional?Season=2025-26&SeasonType=Regular%20Season&TeamID=1610612741
2026,2025–26,1630172,Patrick Williams,0022500295,2025-11-29,CHI @ IND,IND,L,17.025,2,1,7,0,1,0,0,0,2,2,0,0,0,0,0,-6,-1.8999999999999995,14.285714285714285,https://www.nba.com/stats/players/boxscores-traditional?Season=2025-26&SeasonType=Regular%20Season&TeamID=1610612741
2026,2025–26,1630581,Josh Giddey,0022500071,2025-11-28,CHI @ CHA,CHA,L,33.25,25,8,16,3,7,6,7,0,11,11,9,1,0,0,1,6,26.800000000000004,65.51362683438155,https://www.nba.com/stats/players/boxscores-traditional?Season=2025-26&SeasonType=Regular%20Season&TeamID=1610612741
2026,2025–26,202696,Nikola Vučević,0022500071,2025-11-28,CHI @ CHA,CHA,L,30.55,13,6,11,1,5,0,0,4,10,14,3,1,0,2,3,12,13.400000000000002,59.09090909090909,https://www.nba.com/stats/players/boxscores-traditional?Season=2025-26&SeasonType=Regular%20Season&TeamID=1610612741
2026,2025–26,1630200,Tre Jones,0022500071,2025-11-28,CHI @ CHA,CHA,L,26.616666666666667,16,6,9,0,1,4,4,0,1,1,4,5,1,2,1,17,18.5,74.34944237918216,https://www.nba.com/stats/players/boxscores-traditional?Season=2025-26&SeasonType=Regular%20Season&TeamID=1610612741
2026,2025–26,1629632,Coby White,0022500071,2025-11-28,CHI @ CHA,CHA,L,29.15,25,11,23,1,6,2,3,1,1,2,4,0,0,0,3,3,15.5,51.398026315789465,https://www.nba.com/stats/players/boxscores-traditional?Season=2025-26&SeasonType=Regular%20Season&TeamID=1610612741
2026,2025–26,1628989,Kevin Huerter,0022500071,2025-11-28,CHI @ CHA,CHA,L,24.933333333333334,11,4,8,1,4,2,2,0,2,2,4,0,0,0,1,-17,9.999999999999998,61.936936936936924,https://www.nba.com/stats/players/boxscores-traditional?Season=2025-26&SeasonType=Regular%20Season&TeamID=1610612741
2026,2025–26,1641824,Matas Buzelis,0022500071,2025-11-28,CHI @ CHA,CHA,L,29.695,8,3,8,0,5,2,4,0,2,2,3,1,0,2,3,14,3.3,40.98360655737705,https://www.nba.com/stats/players/boxscores-traditional?Season=2025-26&SeasonType=Regular%20Season&TeamID=1610612741
2026,2025–26,1630172,Patrick Williams,0022500071,2025-11-28,CHI @ CHA,CHA,L,12.555,5,2,8,1,3,0,0,3,2,5,0,0,0,1,0,-8,1.9,31.25,https://www.nba.com/stats/players/boxscores-traditional?Season=2025-26&SeasonType=Regular%20Season&TeamID=1610612741
2026,2025–26,1630188,Jalen Smith,0022500071,2025-11-28,CHI @ CHA,CHA,L,17.45,6,3,5,0,2,0,0,1,4,5,0,0,0,2,0,-19,3.6000000000000005,60.0,https://www.nba.com/stats/players/boxscores-traditional?Season=2025-26&SeasonType=Regular%20Season&TeamID=1610612741
2026,2025–26,1630245,Ayo Dosunmu,0022500071,2025-11-28,CHI @ CHA,CHA,L,23.4,5,2,7,1,2,0,0,1,1,2,2,0,0,1,2,-21,1.5,35.714285714285715,https://www.nba.com/stats/players/boxscores-traditional?Season=2025-26&SeasonType=Regular%20Season&TeamID=1610612741
2026,2025–26,1628975,Jevon Carter,0022500071,2025-11-28,CHI @ CHA,CHA,L,10.116666666666667,2,1,2,0,1,0,0,0,0,0,2,0,0,0,2,-18,1.5999999999999999,50.0,https://www.nba.com/stats/players/boxscores-traditional?Season=2025-26&SeasonType=Regular%20Season&TeamID=1610612741
2026,2025–26,1641763,Julian Phillips,0022500071,2025-11-28,CHI @ CHA,CHA,L,2.283333333333333,0,0,0,0,0,0,0,0,0,0,0,0,0,0,2,-4,-0.8,0.0,https://www.nba.com/stats/players/boxscores-traditional?Season=2025-26&SeasonType=Regular%20Season&TeamID=1610612741
2026,2025–26,1629632,Coby White,0022500289,2025-11-24,CHI @ NOP,NOP,L,35.266666666666666,24,7,15,3,10,7,10,0,5,5,6,1,0,5,1,-1,16.400000000000002,61.855670103092784,https://www.nba.com/stats/players/boxscores-traditional?Season=2025-26&SeasonType=Regular%20Season&TeamID=1610612741
2026,2025–26,1630581,Josh Giddey,0022500289,2025-11-24,CHI @ NOP,NOP,L,35.05,21,6,12,4,10,5,6,0,7,7,6,0,0,5,3,-13,14.7,71.72131147540983,https://www.nba.com/stats/players/boxscores-traditional?Season=2025-26&SeasonType=Regular%20Season&TeamID=1610612741
2026,2025–26,1630245,Ayo Dosunmu,0022500289,2025-11-24,CHI @ NOP,NOP,L,32.166666666666664,28,11,16,2,4,4,5,1,1,2,1,0,0,1,1,6,21.1,76.92307692307693,https://www.nba.com/stats/players/boxscores-traditional?Season=2025-26&SeasonType=Regular%20Season&TeamID=1610612741
2026,2025–26,1630200,Tre Jones,0022500289,2025-11-24,CHI @ NOP,NOP,L,27.65,10,2,4,0,1,6,9,1,1,2,11,0,0,0,3,-10,14.3,62.8140703517588,https://www.nba.com/stats/players/boxscores-traditional?Season=2025-26&SeasonType=Regular%20Season&TeamID=1610612741
2026,2025–26,1630188,Jalen Smith,0022500289,2025-11-24,CHI @ NOP,NOP,L,26.365,13,4,6,3,5,2,2,1,5,6,1,0,0,2,3,3,10.099999999999998,94.47674418604652,https://www.nba.com/stats/players/boxscores-traditional?Season=2025-26&SeasonType=Regular%20Season&TeamID=1610612741
2026,2025–26,1641824,Matas Buzelis,0022500289,2025-11-24,CHI @ NOP,NOP,L,21.235,10,4,8,2,5,0,0,0,4,4,0,0,2,2,3,-23,5.3999999999999995,62.5,https://www.nba.com/stats/players/boxscores-traditional?Season=2025-26&SeasonType=Regular%20Season&TeamID=1610612741
2026,2025–26,1628975,Jevon Carter,0022500289,2025-11-24,CHI @ NOP,NOP,L,18.066666666666666,11,4,7,3,6,0,0,0,1,1,1,1,0,0,2,-13,8.899999999999999,78.57142857142857,https://www.nba.com/stats/players/boxscores-traditional?Season=2025-26&SeasonType=Regular%20Season&TeamID=1610612741
2026,2025–26,1641763,Julian Phillips,0022500289,2025-11-24,CHI @ NOP,NOP,L,14.616666666666667,7,3,3,1,1,0,0,1,1,2,1,1,1,1,1,-1,8.099999999999998,116.66666666666667,https://www.nba.com/stats/players/boxscores-traditional?Season=2025-26&SeasonType=Regular%20Season&TeamID=1610612741
2026,2025–26,1630172,Patrick Williams,0022500289,2025-11-24,CHI @ NOP,NOP,L,27.433333333333334,6,2,9,2,7,0,0,0,4,4,2,0,0,1,3,-7,0.8999999999999995,33.33333333333333,https://www.nba.com/stats/players/boxscores-traditional?Season=2025-26&SeasonType=Regular%20Season&TeamID=1610612741
2026,2025–26,1642855,Noa Essengue,0022500289,2025-11-24,CHI @ NOP,NOP,L,2.15,0,0,2,0,1,0,0,0,0,0,0,1,0,0,1,-6,-0.7999999999999999,0.0,https://www.nba.com/stats/players/boxscores-traditional?Season=2025-26&SeasonType=Regular%20Season&TeamID=1610612741
2026,2025–26,1630581,Josh Giddey,0022500271,2025-11-22,CHI vs. WAS,WAS,W,34.25,18,5,12,2,3,6,7,1,11,12,11,3,1,2,2,3,23.799999999999997,59.6816976127321,https://www.nba.com/stats/players/boxscores-traditional?Season=2025-26&SeasonType=Regular%20Season&TeamID=1610612741
2026,2025–26,202696,Nikola Vučević,0022500271,2025-11-22,CHI vs. WAS,WAS,W,27.0,28,12,20,3,7,1,1,9,3,12,2,0,0,1,4,-1,24.799999999999994,68.4931506849315,https://www.nba.com/stats/players/boxscores-traditional?Season=2025-26&SeasonType=Regular%20Season&TeamID=1610612741
2026,2025–26,1629632,Coby White,0022500271,2025-11-22,CHI vs. WAS,WAS,W,31.316666666666666,20,6,16,3,11,5,7,0,3,3,6,0,0,4,2,8,10.699999999999998,52.41090146750524,https://www.nba.com/stats/players/boxscores-traditional?Season=2025-26&SeasonType=Regular%20Season&TeamID=1610612741
2026,2025–26,1641824,Matas Buzelis,0022500271,2025-11-22,CHI vs. WAS,WAS,W,29.311666666666667,13,4,11,1,6,4,5,0,6,6,1,1,3,1,0,4,11.1,49.24242424242424,https://www.nba.com/stats/players/boxscores-traditional?Season=2025-26&SeasonType=Regular%20Season&TeamID=1610612741
2026,2025–26,1630188,Jalen Smith,0022500271,2025-11-22,CHI vs. WAS,WAS,W,19.173333333333332,9,4,13,1,6,0,0,4,5,9,1,0,1,0,2,-3,6.4,34.61538461538461,https://www.nba.com/stats/players/boxscores-traditional?Season=2025-26&SeasonType=Regular%20Season&TeamID=1610612741
2026,2025–26,1630245,Ayo Dosunmu,0022500271,2025-11-22,CHI vs. WAS,WAS,W,28.983333333333334,8,2,9,1,4,3,4,1,4,5,1,0,0,0,0,2,4.700000000000001,37.17472118959108,https://www.nba.com/stats/players/boxscores-traditional?Season=2025-26&SeasonType=Regular%20Season&TeamID=1610612741
2026,2025–26,1628989,Kevin Huerter,0022500271,2025-11-22,CHI vs. WAS,WAS,W,19.305,9,4,8,1,3,0,0,0,0,0,3,0,0,0,1,-9,6.699999999999999,56.25,https://www.nba.com/stats/players/boxscores-traditional?Season=2025-26&SeasonType=Regular%20Season&TeamID=1610612741
2026,2025–26,1630200,Tre Jones,0022500271,2025-11-22,CHI vs. WAS,WAS,W,26.143333333333334,10,2,5,0,1,6,6,0,2,2,1,0,0,2,2,7,5.8,65.44502617801047,https://www.nba.com/stats/players/boxscores-traditional?Season=2025-26&SeasonType=Regular%20Season&TeamID=1610612741
2026,2025–26,1641763,Julian Phillips,0022500271,2025-11-22,CHI vs. WAS,WAS,W,9.966666666666667,4,2,2,0,0,0,0,2,1,3,0,0,0,0,2,3,4.3,100.0,https://www.nba.com/stats/players/boxscores-traditional?Season=2025-26&SeasonType=Regular%20Season&TeamID=1610612741
2026,2025–26,1628975,Jevon Carter,0022500271,2025-11-22,CHI vs. WAS,WAS,W,10.666666666666666,2,1,3,0,2,0,0,0,2,2,0,1,0,0,0,0,1.9000000000000004,33.33333333333333,https://www.nba.com/stats/players/boxscores-traditional?Season=2025-26&SeasonType=Regular%20Season&TeamID=1610612741
2026,2025–26,1642855,Noa Essengue,0022500271,2025-11-22,CHI vs. WAS,WAS,W,3.8833333333333333,0,0,1,0,1,0,0,0,0,0,0,0,0,0,0,-9,-0.7,0.0,https://www.nba.com/stats/players/boxscores-traditional?Season=2025-26&SeasonType=Regular%20Season&TeamID=1610612741
2026,2025–26,1630581,Josh Giddey,0022500051,2025-11-21,CHI vs. MIA,MIA,L,31.4,19,6,14,1,3,6,9,4,7,11,9,0,0,3,2,-4,17.799999999999997,52.89532293986636,https://www.nba.com/stats/players/boxscores-traditional?Season=2025-26&SeasonType=Regular%20Season&TeamID=1610612741
2026,2025–26,1630245,Ayo Dosunmu,0022500051,2025-11-21,CHI vs. MIA,MIA,L,32.56666666666667,23,9,14,3,4,2,3,0,1,1,4,0,2,3,1,-33,17.500000000000007,75.06527415143603,https://www.nba.com/stats/players/boxscores-traditional?Season=2025-26&SeasonType=Regular%20Season&TeamID=1610612741
2026,2025–26,1630188,Jalen Smith,0022500051,2025-11-21,CHI vs. MIA,MIA,L,24.05,14,5,8,2,5,2,2,0,2,2,2,0,5,1,2,-24,14.1,78.82882882882882,https://www.nba.com/stats/players/boxscores-traditional?Season=2025-26&SeasonType=Regular%20Season&TeamID=1610612741
2026,2025–26,1641824,Matas Buzelis,0022500051,2025-11-21,CHI vs. MIA,MIA,L,18.636666666666667,6,2,8,0,3,2,2,1,4,5,1,1,2,2,2,-9,3.3999999999999995,33.78378378378378,https://www.nba.com/stats/players/boxscores-traditional?Season=2025-26&SeasonType=Regular%20Season&TeamID=1610612741
2026,2025–26,1630172,Patrick Williams,0022500051,2025-11-21,CHI vs. MIA,MIA,L,18.283333333333335,8,3,6,1,4,1,2,0,1,1,2,1,1,1,6,-10,4.599999999999999,58.139534883720934,https://www.nba.com/stats/players/boxscores-traditional?Season=2025-26&SeasonType=Regular%20Season&TeamID=1610612741
2026,2025–26,1630200,Tre Jones,0022500051,2025-11-21,CHI vs. MIA,MIA,L,17.866666666666667,6,2,6,0,2,2,2,1,3,4,2,1,1,3,0,-10,4.300000000000002,43.604651162790695,https://www.nba.com/stats/players/boxscores-traditional?Season=2025-26&SeasonType=Regular%20Season&TeamID=1610612741
2026,2025–26,1628975,Jevon Carter,0022500051,2025-11-21,CHI vs. MIA,MIA,L,18.133333333333333,10,2,8,2,8,4,4,0,1,1,0,1,0,2,1,-17,4.1000000000000005,51.229508196721305,https://www.nba.com/stats/players/boxscores-traditional?Season=2025-26&SeasonType=Regular%20Season&TeamID=1610612741
2026,2025–26,202696,Nikola Vučević,0022500051,2025-11-21,CHI vs. MIA,MIA,L,20.566666666666666,6,2,8,0,4,2,2,0,4,4,3,0,0,1,1,-9,3.0999999999999996,33.78378378378378,https://www.nba.com/stats/players/boxscores-traditional?Season=2025-26&SeasonType=Regular%20Season&TeamID=1610612741
2026,2025–26,1630171,Isaac Okoro,0022500051,2025-11-21,CHI vs. MIA,MIA,L,16.866666666666667,9,4,8,1,2,0,2,1,1,2,0,0,0,0,2,-20,4.4,50.67567567567567,https://www.nba.com/stats/players/boxscores-traditional?Season=2025-26&SeasonType=Regular%20Season&TeamID=1610612741
2026,2025–26,1628989,Kevin Huerter,0022500051,2025-11-21,CHI vs. MIA,MIA,L,9.9,3,1,4,1,4,0,0,0,2,2,0,1,1,1,1,-19,1.5000000000000004,37.5,https://www.nba.com/stats/players/boxscores-traditional?Season=2025-26&SeasonType=Regular%20Season&TeamID=1610612741
2026,2025–26,1641763,Julian Phillips,0022500051,2025-11-21,CHI vs. MIA,MIA,L,18.283333333333335,3,1,5,1,4,0,0,0,2,2,1,0,1,0,4,-14,0.2999999999999996,30.0,https://www.nba.com/stats/players/boxscores-traditional?Season=2025-26&SeasonType=Regular%20Season&TeamID=1610612741
2026,2025–26,1631207,Dalen Terry,0022500051,2025-11-21,CHI vs. MIA,MIA,L,13.446666666666667,0,0,1,0,0,0,0,1,3,4,2,0,0,1,5,-11,-0.7000000000000002,0.0,https://www.nba.com/stats/players/boxscores-traditional?Season=2025-26&SeasonType=Regular%20Season&TeamID=1610612741
2026,2025–26,202696,Nikola Vučević,0022500263,2025-11-19,CHI @ POR,POR,W,33.56,27,11,19,5,9,0,0,1,7,8,2,1,1,3,2,-2,20.2,71.05263157894737,https://www.nba.com/stats/players/boxscores-traditional?Season=2025-26&SeasonType=Regular%20Season&TeamID=1610612741
2026,2025–26,1629632,Coby White,0022500263,2025-11-19,CHI @ POR,POR,W,27.433333333333334,25,9,17,5,9,2,3,0,1,1,7,2,0,3,2,7,19.700000000000003,68.23144104803494,https://www.nba.com/stats/players/boxscores-traditional?Season=2025-26&SeasonType=Regular%20Season&TeamID=1610612741
2026,2025–26,1630581,Josh Giddey,0022500263,2025-11-19,CHI @ POR,POR,W,30.916666666666668,9,3,9,2,3,1,1,0,5,5,13,1,1,5,3,-13,10.0,47.66949152542373,https://www.nba.com/stats/players/boxscores-traditional?Season=2025-26&SeasonType=Regular%20Season&TeamID=1610612741
2026,2025–26,1641824,Matas Buzelis,0022500263,2025-11-19,CHI @ POR,POR,W,18.671666666666667,11,4,6,1,2,2,2,0,5,5,4,0,2,2,3,4,10.899999999999999,79.94186046511628,https://www.nba.com/stats/players/boxscores-traditional?Season=2025-26&SeasonType=Regular%20Season&TeamID=1610612741
2026,2025–26,1630245,Ayo Dosunmu,0022500263,2025-11-19,CHI @ POR,POR,W,23.47833333333333,14,5,7,2,4,2,3,1,3,4,1,0,1,1,4,-11,11.1,84.13461538461539,https://www.nba.com/stats/players/boxscores-traditional?Season=2025-26&SeasonType=Regular%20Season&TeamID=1610612741
2026,2025–26,1631207,Dalen Terry,0022500263,2025-11-19,CHI @ POR,POR,W,16.7,6,3,6,0,2,0,1,2,1,3,5,3,1,1,1,16,10.1,46.58385093167702,https://www.nba.com/stats/players/boxscores-traditional?Season=2025-26&SeasonType=Regular%20Season&TeamID=1610612741
2026,2025–26,1630171,Isaac Okoro,0022500263,2025-11-19,CHI @ POR,POR,W,25.64666666666667,13,5,8,3,6,0,1,0,1,1,0,0,0,0,4,-9,7.700000000000001,77.01421800947867,https://www.nba.com/stats/players/boxscores-traditional?Season=2025-26&SeasonType=Regular%20Season&TeamID=1610612741
2026,2025–26,1630188,Jalen Smith,0022500263,2025-11-19,CHI @ POR,POR,W,11.816666666666666,5,2,6,1,4,0,0,1,0,1,0,1,2,0,2,4,3.9000000000000012,41.66666666666667,https://www.nba.com/stats/players/boxscores-traditional?Season=2025-26&SeasonType=Regular%20Season&TeamID=1610612741
2026,2025–26,1630172,Patrick Williams,0022500263,2025-11-19,CHI @ POR,POR,W,12.79,5,2,7,1,2,0,1,1,4,5,1,0,0,1,0,2,2.1000000000000005,33.60215053763441,https://www.nba.com/stats/players/boxscores-traditional?Season=2025-26&SeasonType=Regular%20Season&TeamID=1610612741
2026,2025–26,1628989,Kevin Huerter,0022500263,2025-11-19,CHI @ POR,POR,W,22.653333333333332,2,1,6,0,4,0,0,0,2,2,2,1,1,0,2,-11,1.1000000000000005,16.666666666666664,https://www.nba.com/stats/players/boxscores-traditional?Season=2025-26&SeasonType=Regular%20Season&TeamID=1610612741
2026,2025–26,1628975,Jevon Carter,0022500263,2025-11-19,CHI @ POR,POR,W,10.916666666666666,3,1,4,1,3,0,0,0,1,1,1,1,0,0,3,6,1.4,37.5,https://www.nba.com/stats/players/boxscores-traditional?Season=2025-26&SeasonType=Regular%20Season&TeamID=1610612741
2026,2025–26,1641763,Julian Phillips,0022500263,2025-11-19,CHI @ POR,POR,W,5.416666666666667,2,0,1,0,1,2,2,1,1,2,0,0,0,0,0,12,2.3,53.191489361702125,https://www.nba.com/stats/players/boxscores-traditional?Season=2025-26&SeasonType=Regular%20Season&TeamID=1610612741
2026,2025–26,1630581,Josh Giddey,0022500248,2025-11-17,CHI @ DEN,DEN,W,30.316666666666666,21,8,12,0,2,5,8,4,10,14,6,0,0,2,3,-17,21.400000000000002,67.65463917525774,https://www.nba.com/stats/players/boxscores-traditional?Season=2025-26&SeasonType=Regular%20Season&TeamID=1610612741
2026,2025–26,1630188,Jalen Smith,0022500248,2025-11-17,CHI @ DEN,DEN,W,17.95,16,6,11,3,6,1,1,1,7,8,2,2,0,1,2,15,15.099999999999998,69.93006993006993,https://www.nba.com/stats/players/boxscores-traditional?Season=2025-26&SeasonType=Regular%20Season&TeamID=1610612741
2026,2025–26,1630245,Ayo Dosunmu,0022500248,2025-11-17,CHI @ DEN,DEN,W,25.833333333333332,21,8,9,1,2,4,5,0,3,3,5,0,0,1,1,25,20.5,93.75000000000001,https://www.nba.com/stats/players/boxscores-traditional?Season=2025-26&SeasonType=Regular%20Season&TeamID=1610612741
2026,2025–26,202696,Nikola Vučević,0022500248,2025-11-17,CHI @ DEN,DEN,W,29.0,8,3,13,2,8,0,0,1,8,9,6,1,0,1,4,-12,5.799999999999999,30.76923076923077,https://www.nba.com/stats/players/boxscores-traditional?Season=2025-26&SeasonType=Regular%20Season&TeamID=1610612741
2026,2025–26,1628989,Kevin Huerter,0022500248,2025-11-17,CHI @ DEN,DEN,W,24.0,20,7,12,4,9,2,2,0,2,2,1,0,0,1,0,-21,14.700000000000001,77.63975155279502,https://www.nba.com/stats/players/boxscores-traditional?Season=2025-26&SeasonType=Regular%20Season&TeamID=1610612741
2026,2025–26,1641824,Matas Buzelis,0022500248,2025-11-17,CHI @ DEN,DEN,W,29.085,13,5,14,2,5,1,1,2,2,4,2,0,2,1,2,-14,8.200000000000001,45.013850415512465,https://www.nba.com/stats/players/boxscores-traditional?Season=2025-26&SeasonType=Regular%20Season&TeamID=1610612741
2026,2025–26,1628975,Jevon Carter,0022500248,2025-11-17,CHI @ DEN,DEN,W,18.133333333333333,15,5,13,5,10,0,0,1,3,4,1,0,0,1,2,20,8.399999999999999,57.692307692307686,https://www.nba.com/stats/players/boxscores-traditional?Season=2025-26&SeasonType=Regular%20Season&TeamID=1610612741
2026,2025–26,1630172,Patrick Williams,0022500248,2025-11-17,CHI @ DEN,DEN,W,16.966666666666665,7,2,7,1,4,2,2,1,1,2,2,1,0,0,2,4,5.500000000000001,44.41624365482234,https://www.nba.com/stats/players/boxscores-traditional?Season=2025-26&SeasonType=Regular%20Season&TeamID=1610612741
2026,2025–26,1631207,Dalen Terry,0022500248,2025-11-17,CHI @ DEN,DEN,W,18.066666666666666,5,2,4,1,3,0,0,0,3,3,4,0,0,1,2,18,4.8999999999999995,62.5,https://www.nba.com/stats/players/boxscores-traditional?Season=2025-26&SeasonType=Regular%20Season&TeamID=1610612741
2026,2025–26,1641763,Julian Phillips,0022500248,2025-11-17,CHI @ DEN,DEN,W,10.7,2,1,4,0,2,0,0,2,1,3,1,1,1,0,0,8,3.7,25.0,https://www.nba.com/stats/players/boxscores-traditional?Season=2025-26&SeasonType=Regular%20Season&TeamID=1610612741
2026,2025–26,1630171,Isaac Okoro,0022500248,2025-11-17,CHI @ DEN,DEN,W,19.948333333333334,2,1,3,0,2,0,0,1,0,1,1,0,1,0,0,-11,2.4000000000000004,33.33333333333333,https://www.nba.com/stats/players/boxscores-traditional?Season=2025-26&SeasonType=Regular%20Season&TeamID=1610612741
2026,2025–26,1630581,Josh Giddey,0022500240,2025-11-16,CHI @ UTA,UTA,L,42.3,26,9,21,2,7,6,7,2,11,13,13,2,2,6,2,-3,24.900000000000002,53.98671096345515,https://www.nba.com/stats/players/boxscores-traditional?Season=2025-26&SeasonType=Regular%20Season&TeamID=1610612741
2026,2025–26,202696,Nikola Vučević,0022500240,2025-11-16,CHI @ UTA,UTA,L,41.4,21,8,17,3,8,2,2,0,12,12,2,0,3,0,3,-3,18.2,58.7248322147651,https://www.nba.com/stats/players/boxscores-traditional?Season=2025-26&SeasonType=Regular%20Season&TeamID=1610612741
2026,2025–26,1629632,Coby White,0022500240,2025-11-16,CHI @ UTA,UTA,L,30.32,27,5,14,3,8,14,14,0,4,4,8,1,0,3,3,6,22.8,66.96428571428571,https://www.nba.com/stats/players/boxscores-traditional?Season=2025-26&SeasonType=Regular%20Season&TeamID=1610612741
2026,2025–26,1641824,Matas Buzelis,0022500240,2025-11-16,CHI @ UTA,UTA,L,33.23166666666667,18,7,13,2,5,2,3,2,4,6,1,1,2,0,6,3,14.6,62.849162011173185,https://www.nba.com/stats/players/boxscores-traditional?Season=2025-26&SeasonType=Regular%20Season&TeamID=1610612741
2026,2025–26,1630245,Ayo Dosunmu,0022500240,2025-11-16,CHI @ UTA,UTA,L,25.811666666666667,18,6,10,2,4,4,4,0,1,1,5,0,0,3,3,-2,13.0,76.53061224489795,https://www.nba.com/stats/players/boxscores-traditional?Season=2025-26&SeasonType=Regular%20Season&TeamID=1610612741
2026,2025–26,1630188,Jalen Smith,0022500240,2025-11-16,CHI @ UTA,UTA,L,16.6,8,3,8,2,7,0,0,3,5,8,3,0,1,1,2,0,8.199999999999998,50.0,https://www.nba.com/stats/players/boxscores-traditional?Season=2025-26&SeasonType=Regular%20Season&TeamID=1610612741
2026,2025–26,1628989,Kevin Huerter,0022500240,2025-11-16,CHI @ UTA,UTA,L,32.51,6,2,8,0,2,2,2,2,6,8,2,1,1,1,3,7,5.300000000000001,33.78378378378378,https://www.nba.com/stats/players/boxscores-traditional?Season=2025-26&SeasonType=Regular%20Season&TeamID=1610612741
2026,2025–26,1630171,Isaac Okoro,0022500240,2025-11-16,CHI @ UTA,UTA,L,40.36333333333334,5,2,7,1,3,0,0,3,3,6,3,1,1,1,4,-15,5.1,35.714285714285715,https://www.nba.com/stats/players/boxscores-traditional?Season=2025-26&SeasonType=Regular%20Season&TeamID=1610612741
2026,2025–26,1630172,Patrick Williams,0022500240,2025-11-16,CHI @ UTA,UTA,L,14.146666666666667,8,3,5,2,3,0,0,0,1,1,1,1,0,2,1,-7,5.299999999999999,80.0,https://www.nba.com/stats/players/boxscores-traditional?Season=2025-26&SeasonType=Regular%20Season&TeamID=1610612741
2026,2025–26,1641763,Julian Phillips,0022500240,2025-11-16,CHI @ UTA,UTA,L,13.316666666666666,10,4,5,2,3,0,0,0,1,1,0,0,0,0,2,-1,7.6000000000000005,100.0,https://www.nba.com/stats/players/boxscores-traditional?Season=2025-26&SeasonType=Regular%20Season&TeamID=1610612741
2026,2025–26,1641824,Matas Buzelis,0022500214,2025-11-12,CHI @ DET,DET,L,33.95,21,7,14,2,5,5,5,2,12,14,2,0,2,4,2,0,16.999999999999996,64.81481481481481,https://www.nba.com/stats/players/boxscores-traditional?Season=2025-26&SeasonType=Regular%20Season&TeamID=1610612741
2026,2025–26,1630171,Isaac Okoro,0022500214,2025-11-12,CHI @ DET,DET,L,31.733333333333334,15,5,7,2,2,3,4,2,2,4,2,0,3,1,2,-5,15.400000000000002,85.61643835616438,https://www.nba.com/stats/players/boxscores-traditional?Season=2025-26&SeasonType=Regular%20Season&TeamID=1610612741
2026,2025–26,1628989,Kevin Huerter,0022500214,2025-11-12,CHI @ DET,DET,L,27.198333333333334,20,10,17,0,4,0,1,1,1,2,2,2,0,2,5,-5,12.100000000000001,57.3394495412844,https://www.nba.com/stats/players/boxscores-traditional?Season=2025-26&SeasonType=Regular%20Season&TeamID=1610612741
2026,2025–26,1630200,Tre Jones,0022500214,2025-11-12,CHI @ DET,DET,L,30.298333333333332,11,3,6,0,0,5,8,0,2,2,5,3,0,2,1,-12,11.499999999999998,57.77310924369748,https://www.nba.com/stats/players/boxscores-traditional?Season=2025-26&SeasonType=Regular%20Season&TeamID=1610612741
2026,2025–26,1628975,Jevon Carter,0022500214,2025-11-12,CHI @ DET,DET,L,17.468333333333334,11,3,4,3,3,2,2,1,1,2,3,2,0,1,0,-5,13.499999999999998,112.70491803278688,https://www.nba.com/stats/players/boxscores-traditional?Season=2025-26&SeasonType=Regular%20Season&TeamID=1610612741
2026,2025–26,1630245,Ayo Dosunmu,0022500214,2025-11-12,CHI @ DET,DET,L,21.933333333333334,12,4,12,2,6,2,2,0,3,3,2,2,0,4,3,-3,4.300000000000001,46.58385093167702,https://www.nba.com/stats/players/boxscores-traditional?Season=2025-26&SeasonType=Regular%20Season&TeamID=1610612741
2026,2025–26,1630172,Patrick Williams,0022500214,2025-11-12,CHI @ DET,DET,L,23.533333333333335,7,3,8,0,4,1,2,4,1,5,1,1,1,3,2,-9,3.9000000000000004,39.41441441441441,https://www.nba.com/stats/players/boxscores-traditional?Season=2025-26&SeasonType=Regular%20Season&TeamID=1610612741
2026,2025–26,1630188,Jalen Smith,0022500214,2025-11-12,CHI @ DET,DET,L,13.9,9,3,8,3,5,0,0,1,3,4,0,0,0,0,2,-7,5.3999999999999995,56.25,https://www.nba.com/stats/players/boxscores-traditional?Season=2025-26&SeasonType=Regular%20Season&TeamID=1610612741
2026,2025–26,202696,Nikola Vučević,0022500214,2025-11-12,CHI @ DET,DET,L,25.483333333333334,6,3,10,0,4,0,0,1,5,6,3,0,0,3,1,-10,1.0999999999999996,30.0,https://www.nba.com/stats/players/boxscores-traditional?Season=2025-26&SeasonType=Regular%20Season&TeamID=1610612741
2026,2025–26,1631207,Dalen Terry,0022500214,2025-11-12,CHI @ DET,DET,L,10.418333333333333,1,0,0,0,0,1,4,0,1,1,1,1,0,1,0,3,0.7999999999999998,28.40909090909091,https://www.nba.com/stats/players/boxscores-traditional?Season=2025-26&SeasonType=Regular%20Season&TeamID=1610612741
2026,2025–26,1641763,Julian Phillips,0022500214,2025-11-12,CHI @ DET,DET,L,4.083333333333333,0,0,0,0,0,0,0,0,1,1,0,0,0,0,0,-2,0.3,0.0,https://www.nba.com/stats/players/boxscores-traditional?Season=2025-26&SeasonType=Regular%20Season&TeamID=1610612741
2026,2025–26,1628989,Kevin Huerter,0022500202,2025-11-10,CHI vs. SAS,SAS,L,33.49,23,8,14,4,9,3,4,1,4,5,5,0,1,1,3,-1,19.9,72.96954314720813,https://www.nba.com/stats/players/boxscores-traditional?Season=2025-26&SeasonType=Regular%20Season&TeamID=1610612741
2026,2025–26,1630200,Tre Jones,0022500202,2025-11-10,CHI vs. SAS,SAS,L,33.21666666666667,20,8,15,0,2,4,4,1,6,7,7,2,0,1,2,-18,20.299999999999997,59.665871121718375,https://www.nba.com/stats/players/boxscores-traditional?Season=2025-26&SeasonType=Regular%20Season&TeamID=1610612741
2026,2025–26,1630245,Ayo Dosunmu,0022500202,2025-11-10,CHI vs. SAS,SAS,L,32.99333333333333,20,6,12,3,5,5,5,0,2,2,5,2,1,1,0,0,19.8,70.42253521126761,https://www.nba.com/stats/players/boxscores-traditional?Season=2025-26&SeasonType=Regular%20Season&TeamID=1610612741
2026,2025–26,202696,Nikola Vučević,0022500202,2025-11-10,CHI vs. SAS,SAS,L,28.6,11,4,14,3,5,0,2,2,6,8,6,0,0,1,2,-14,7.6,36.96236559139785,https://www.nba.com/stats/players/boxscores-traditional?Season=2025-26&SeasonType=Regular%20Season&TeamID=1610612741
2026,2025–26,1630188,Jalen Smith,0022500202,2025-11-10,CHI vs. SAS,SAS,L,21.343333333333334,11,5,13,1,4,0,0,4,8,12,2,0,0,1,2,2,8.7,42.30769230769231,https://www.nba.com/stats/players/boxscores-traditional?Season=2025-26&SeasonType=Regular%20Season&TeamID=1610612741
2026,2025–26,1641824,Matas Buzelis,0022500202,2025-11-10,CHI vs. SAS,SAS,L,24.75,15,5,9,2,3,3,4,1,4,5,0,1,1,1,4,-8,11.299999999999997,69.70260223048327,https://www.nba.com/stats/players/boxscores-traditional?Season=2025-26&SeasonType=Regular%20Season&TeamID=1610612741
2026,2025–26,1630172,Patrick Williams,0022500202,2025-11-10,CHI vs. SAS,SAS,L,25.256666666666668,5,2,6,1,3,0,0,0,2,2,0,4,0,3,2,9,2.4000000000000012,41.66666666666667,https://www.nba.com/stats/players/boxscores-traditional?Season=2025-26&SeasonType=Regular%20Season&TeamID=1610612741
2026,2025–26,1628975,Jevon Carter,0022500202,2025-11-10,CHI vs. SAS,SAS,L,8.05,6,2,3,2,3,0,0,0,1,1,1,0,0,0,0,8,5.7,100.0,https://www.nba.com/stats/players/boxscores-traditional?Season=2025-26&SeasonType=Regular%20Season&TeamID=1610612741
2026,2025–26,1630171,Isaac Okoro,0022500202,2025-11-10,CHI vs. SAS,SAS,L,20.816666666666666,2,0,5,0,3,2,2,1,1,2,3,0,1,2,5,-3,-1.7000000000000002,17.006802721088434,https://www.nba.com/stats/players/boxscores-traditional?Season=2025-26&SeasonType=Regular%20Season&TeamID=1610612741
2026,2025–26,1631207,Dalen Terry,0022500202,2025-11-10,CHI vs. SAS,SAS,L,2.433333333333333,4,1,1,0,0,2,2,0,0,0,0,0,0,0,0,2,3.7,106.38297872340425,https://www.nba.com/stats/players/boxscores-traditional?Season=2025-26&SeasonType=Regular%20Season&TeamID=1610612741
2026,2025–26,1641763,Julian Phillips,0022500202,2025-11-10,CHI vs. SAS,SAS,L,9.05,0,0,1,0,1,0,0,1,0,1,0,1,0,1,0,3,0.0,0.0,https://www.nba.com/stats/players/boxscores-traditional?Season=2025-26&SeasonType=Regular%20Season&TeamID=1610612741
2026,2025–26,1630188,Jalen Smith,0022500186,2025-11-08,CHI @ CLE,CLE,L,18.566666666666666,18,6,6,4,4,2,2,2,9,11,4,0,1,1,2,17,21.999999999999996,130.8139534883721,https://www.nba.com/stats/players/boxscores-traditional?Season=2025-26&SeasonType=Regular%20Season&TeamID=1610612741
2026,2025–26,1630581,Josh Giddey,0022500186,2025-11-08,CHI @ CLE,CLE,L,32.833333333333336,15,5,18,0,3,5,5,2,7,9,6,2,1,2,2,-12,11.999999999999998,37.12871287128713,https://www.nba.com/stats/players/boxscores-traditional?Season=2025-26&SeasonType=Regular%20Season&TeamID=1610612741
2026,2025–26,1628989,Kevin Huerter,0022500186,2025-11-08,CHI @ CLE,CLE,L,28.566666666666666,15,6,10,2,4,1,2,0,3,3,3,3,1,1,3,2,14.5,68.93382352941177,https://www.nba.com/stats/players/boxscores-traditional?Season=2025-26&SeasonType=Regular%20Season&TeamID=1610612741
2026,2025–26,1630200,Tre Jones,0022500186,2025-11-08,CHI @ CLE,CLE,L,30.05,17,3,9,0,3,11,12,1,5,6,4,1,0,2,4,-26,13.899999999999997,59.523809523809526,https://www.nba.com/stats/players/boxscores-traditional?Season=2025-26&SeasonType=Regular%20Season&TeamID=1610612741
2026,2025–26,1630171,Isaac Okoro,0022500186,2025-11-08,CHI @ CLE,CLE,L,32.55,19,5,7,3,4,6,6,1,3,4,3,0,0,1,3,-9,17.599999999999998,98.54771784232365,https://www.nba.com/stats/players/boxscores-traditional?Season=2025-26&SeasonType=Regular%20Season&TeamID=1610612741
2026,2025–26,202696,Nikola Vučević,0022500186,2025-11-08,CHI @ CLE,CLE,L,29.433333333333334,9,4,11,0,2,1,2,1,4,5,4,2,0,2,4,-23,5.6,37.878787878787875,https://www.nba.com/stats/players/boxscores-traditional?Season=2025-26&SeasonType=Regular%20Season&TeamID=1610612741
2026,2025–26,1630245,Ayo Dosunmu,0022500186,2025-11-08,CHI @ CLE,CLE,L,22.816666666666666,14,5,11,1,2,3,3,0,3,3,1,0,0,1,1,11,8.5,56.81818181818181,https://www.nba.com/stats/players/boxscores-traditional?Season=2025-26&SeasonType=Regular%20Season&TeamID=1610612741
2026,2025–26,1630172,Patrick Williams,0022500186,2025-11-08,CHI @ CLE,CLE,L,23.466666666666665,11,3,5,3,4,2,2,0,1,1,2,0,0,0,1,10,10.0,93.5374149659864,https://www.nba.com/stats/players/boxscores-traditional?Season=2025-26&SeasonType=Regular%20Season&TeamID=1610612741
2026,2025–26,1641824,Matas Buzelis,0022500186,2025-11-08,CHI @ CLE,CLE,L,17.583333333333332,4,1,6,0,3,2,2,0,4,4,0,0,0,3,4,-4,-3.1999999999999993,29.069767441860467,https://www.nba.com/stats/players/boxscores-traditional?Season=2025-26&SeasonType=Regular%20Season&TeamID=1610612741
2026,2025–26,1641763,Julian Phillips,0022500186,2025-11-08,CHI @ CLE,CLE,L,4.133333333333334,0,0,1,0,0,0,0,3,0,3,0,0,1,0,1,4,1.6999999999999997,0.0,https://www.nba.com/stats/players/boxscores-traditional?Season=2025-26&SeasonType=Regular%20Season&TeamID=1610612741
2026,2025–26,1630581,Josh Giddey,0022500035,2025-11-07,CHI @ MIL,MIL,L,34.583333333333336,16,6,14,2,5,2,4,0,7,7,14,1,0,4,1,-6,16.3,50.76142131979695,https://www.nba.com/stats/players/boxscores-traditional?Season=2025-26&SeasonType=Regular%20Season&TeamID=1610612741
2026,2025–26,1641824,Matas Buzelis,0022500035,2025-11-07,CHI @ MIL,MIL,L,35.78333333333333,20,8,13,2,6,2,2,2,6,8,3,2,1,3,1,-2,18.7,72.04610951008645,https://www.nba.com/stats/players/boxscores-traditional?Season=2025-26&SeasonType=Regular%20Season&TeamID=1610612741
2026,2025–26,1630200,Tre Jones,0022500035,2025-11-07,CHI @ MIL,MIL,L,29.366666666666667,17,6,10,0,2,5,6,2,3,5,4,1,0,0,2,-10,17.299999999999997,67.24683544303797,https://www.nba.com/stats/players/boxscores-traditional?Season=2025-26&SeasonType=Regular%20Season&TeamID=1610612741
2026,2025–26,202696,Nikola Vučević,0022500035,2025-11-07,CHI @ MIL,MIL,L,31.2,16,7,13,2,3,0,0,0,6,6,1,1,0,2,3,-11,10.0,61.53846153846154,https://www.nba.com/stats/players/boxscores-traditional?Season=2025-26&SeasonType=Regular%20Season&TeamID=1610612741
2026,2025–26,1628989,Kevin Huerter,0022500035,2025-11-07,CHI @ MIL,MIL,L,23.235,13,5,13,1,5,2,2,0,3,3,5,0,1,3,3,-10,6.800000000000001,46.829971181556196,https://www.nba.com/stats/players/boxscores-traditional?Season=2025-26&SeasonType=Regular%20Season&TeamID=1610612741
2026,2025–26,1630172,Patrick Williams,0022500035,2025-11-07,CHI @ MIL,MIL,L,23.381666666666668,6,2,6,2,4,0,0,0,6,6,0,1,0,0,1,-2,5.0,50.0,https://www.nba.com/stats/players/boxscores-traditional?Season=2025-26&SeasonType=Regular%20Season&TeamID=1610612741
2026,2025–26,1630188,Jalen Smith,0022500035,2025-11-07,CHI @ MIL,MIL,L,16.8,7,3,6,0,2,1,2,2,3,5,3,0,0,1,3,-5,5.8,50.872093023255815,https://www.nba.com/stats/players/boxscores-traditional?Season=2025-26&SeasonType=Regular%20Season&TeamID=1610612741
2026,2025–26,1630245,Ayo Dosunmu,0022500035,2025-11-07,CHI @ MIL,MIL,L,20.033333333333335,7,3,6,1,3,0,0,0,0,0,3,2,0,1,1,-9,6.699999999999999,58.333333333333336,https://www.nba.com/stats/players/boxscores-traditional?Season=2025-26&SeasonType=Regular%20Season&TeamID=1610612741
2026,2025–26,1630171,Isaac Okoro,0022500035,2025-11-07,CHI @ MIL,MIL,L,16.55,6,3,6,0,2,0,0,2,2,4,0,1,1,0,4,-13,5.1,50.0,https://www.nba.com/stats/players/boxscores-traditional?Season=2025-26&SeasonType=Regular%20Season&TeamID=1610612741
2026,2025–26,1631207,Dalen Terry,0022500035,2025-11-07,CHI @ MIL,MIL,L,5.3,2,1,1,0,0,0,0,0,1,1,1,0,0,0,0,-8,2.7,100.0,https://www.nba.com/stats/players/boxscores-traditional?Season=2025-26&SeasonType=Regular%20Season&TeamID=1610612741
2026,2025–26,1641763,Julian Phillips,0022500035,2025-11-07,CHI @ MIL,MIL,L,3.7666666666666666,0,0,2,0,1,0,0,0,0,0,0,0,0,0,0,-4,-1.4,0.0,https://www.nba.com/stats/players/boxscores-traditional?Season=2025-26&SeasonType=Regular%20Season&TeamID=1610612741
2026,2025–26,1630581,Josh Giddey,0022500167,2025-11-04,CHI vs. PHI,PHI,W,37.4,29,10,19,2,4,7,8,3,12,15,12,1,0,5,3,8,28.200000000000003,64.38721136767317,https://www.nba.com/stats/players/boxscores-traditional?Season=2025-26&SeasonType=Regular%20Season&TeamID=1610612741
2026,2025–26,202696,Nikola Vučević,0022500167,2025-11-04,CHI vs. PHI,PHI,W,31.066666666666666,19,8,14,1,5,2,2,3,7,10,0,1,1,1,1,8,16.900000000000002,63.844086021505376,https://www.nba.com/stats/players/boxscores-traditional?Season=2025-26&SeasonType=Regular%20Season&TeamID=1610612741
2026,2025–26,1630171,Isaac Okoro,0022500167,2025-11-04,CHI vs. PHI,PHI,W,32.95333333333333,16,5,8,3,6,3,4,1,1,2,5,2,1,1,3,4,17.0,81.9672131147541,https://www.nba.com/stats/players/boxscores-traditional?Season=2025-26&SeasonType=Regular%20Season&TeamID=1610612741
2026,2025–26,1628989,Kevin Huerter,0022500167,2025-11-04,CHI vs. PHI,PHI,W,24.996666666666666,12,5,13,2,6,0,0,1,4,5,2,1,2,4,1,5,6.200000000000001,46.15384615384615,https://www.nba.com/stats/players/boxscores-traditional?Season=2025-26&SeasonType=Regular%20Season&TeamID=1610612741
2026,2025–26,1641824,Matas Buzelis,0022500167,2025-11-04,CHI vs. PHI,PHI,W,30.416666666666668,10,4,11,2,4,0,0,0,5,5,1,1,2,2,3,9,5.3,45.45454545454545,https://www.nba.com/stats/players/boxscores-traditional?Season=2025-26&SeasonType=Regular%20Season&TeamID=1610612741
2026,2025–26,1630188,Jalen Smith,0022500167,2025-11-04,CHI vs. PHI,PHI,W,16.933333333333334,14,4,8,3,7,3,4,2,2,4,0,0,0,4,2,-6,6.799999999999999,71.72131147540983,https://www.nba.com/stats/players/boxscores-traditional?Season=2025-26&SeasonType=Regular%20Season&TeamID=1610612741
2026,2025–26,1630200,Tre Jones,0022500167,2025-11-04,CHI vs. PHI,PHI,W,26.831666666666667,8,4,9,0,0,0,0,0,4,4,2,3,0,1,0,-10,7.9,44.44444444444444,https://www.nba.com/stats/players/boxscores-traditional?Season=2025-26&SeasonType=Regular%20Season&TeamID=1610612741
2026,2025–26,1630172,Patrick Williams,0022500167,2025-11-04,CHI vs. PHI,PHI,W,20.585,3,1,5,0,2,1,2,2,0,2,2,1,1,0,1,-8,3.6,25.510204081632654,https://www.nba.com/stats/players/boxscores-traditional?Season=2025-26&SeasonType=Regular%20Season&TeamID=1610612741
2026,2025–26,1631207,Dalen Terry,0022500167,2025-11-04,CHI vs. PHI,PHI,W,13.733333333333333,2,1,2,0,0,0,0,0,1,1,2,0,2,0,4,2,2.4999999999999996,50.0,https://www.nba.com/stats/players/boxscores-traditional?Season=2025-26&SeasonType=Regular%20Season&TeamID=1610612741
2026,2025–26,1641763,Julian Phillips,0022500167,2025-11-04,CHI vs. PHI,PHI,W,5.083333333333333,0,0,0,0,0,0,0,0,0,0,0,1,0,0,1,-2,0.6,0.0,https://www.nba.com/stats/players/boxscores-traditional?Season=2025-26&SeasonType=Regular%20Season&TeamID=1610612741
2026,2025–26,1630581,Josh Giddey,0022500153,2025-11-02,CHI @ NYK,NYK,L,38.28333333333333,23,10,19,1,5,2,2,2,9,11,12,2,0,4,2,0,23.4,57.847082494969825,https://www.nba.com/stats/players/boxscores-traditional?Season=2025-26&SeasonType=Regular%20Season&TeamID=1610612741
2026,2025–26,202696,Nikola Vučević,0022500153,2025-11-02,CHI @ NYK,NYK,L,32.0,17,6,10,3,4,2,2,4,10,14,4,0,1,3,3,-11,17.5,78.12499999999999,https://www.nba.com/stats/players/boxscores-traditional?Season=2025-26&SeasonType=Regular%20Season&TeamID=1610612741
2026,2025–26,1641824,Matas Buzelis,0022500153,2025-11-02,CHI @ NYK,NYK,L,31.383333333333333,14,5,11,4,6,0,0,1,7,8,0,1,0,1,1,5,10.7,63.63636363636363,https://www.nba.com/stats/players/boxscores-traditional?Season=2025-26&SeasonType=Regular%20Season&TeamID=1610612741
2026,2025–26,1630200,Tre Jones,0022500153,2025-11-02,CHI @ NYK,NYK,L,33.88333333333333,15,6,13,1,2,2,2,1,1,2,5,1,0,2,2,-18,10.999999999999998,54.034582132564836,https://www.nba.com/stats/players/boxscores-traditional?Season=2025-26&SeasonType=Regular%20Season&TeamID=1610612741
2026,2025–26,1630172,Patrick Williams,0022500153,2025-11-02,CHI @ NYK,NYK,L,25.933333333333334,11,3,9,2,7,3,4,1,1,2,3,2,0,0,2,-8,9.799999999999999,51.11524163568774,https://www.nba.com/stats/players/boxscores-traditional?Season=2025-26&SeasonType=Regular%20Season&TeamID=1610612741
2026,2025–26,1628989,Kevin Huerter,0022500153,2025-11-02,CHI @ NYK,NYK,L,21.433333333333334,7,3,8,1,5,0,0,0,3,3,2,1,2,1,3,-15,5.1000000000000005,43.75,https://www.nba.com/stats/players/boxscores-traditional?Season=2025-26&SeasonType=Regular%20Season&TeamID=1610612741
2026,2025–26,1630188,Jalen Smith,0022500153,2025-11-02,CHI @ NYK,NYK,L,16.0,12,5,7,2,4,0,1,2,3,5,0,0,0,0,3,-1,9.8,80.64516129032258,https://www.nba.com/stats/players/boxscores-traditional?Season=2025-26&SeasonType=Regular%20Season&TeamID=1610612741
2026,2025–26,1630171,Isaac Okoro,0022500153,2025-11-02,CHI @ NYK,NYK,L,21.933333333333334,14,6,11,2,4,0,0,1,0,1,0,0,0,3,3,-18,5.199999999999999,63.63636363636363,https://www.nba.com/stats/players/boxscores-traditional?Season=2025-26&SeasonType=Regular%20Season&TeamID=1610612741
2026,2025–26,1631207,Dalen Terry,0022500153,2025-11-02,CHI @ NYK,NYK,L,1.2,3,1,3,1,1,0,0,0,0,0,0,0,0,0,0,3,1.3000000000000003,50.0,https://www.nba.com/stats/players/boxscores-traditional?Season=2025-26&SeasonType=Regular%20Season&TeamID=1610612741
2026,2025–26,1628975,Jevon Carter,0022500153,2025-11-02,CHI @ NYK,NYK,L,12.2,0,0,1,0,1,0,0,0,0,0,2,0,0,0,1,1,0.29999999999999993,0.0,https://www.nba.com/stats/players/boxscores-traditional?Season=2025-26&SeasonType=Regular%20Season&TeamID=1610612741
2026,2025–26,1641763,Julian Phillips,0022500153,2025-11-02,CHI @ NYK,NYK,L,5.75,0,0,1,0,1,0,0,0,0,0,0,0,0,0,0,2,-0.7,0.0,https://www.nba.com/stats/players/boxscores-traditional?Season=2025-26&SeasonType=Regular%20Season&TeamID=1610612741
2026,2025–26,1630581,Josh Giddey,0022500023,2025-10-31,CHI vs. NYK,NYK,W,38.483333333333334,32,12,21,4,8,4,6,0,10,10,9,1,0,0,1,5,31.2,67.68189509306261,https://www.nba.com/stats/players/boxscores-traditional?Season=2025-26&SeasonType=Regular%20Season&TeamID=1610612741
2026,2025–26,202696,Nikola Vučević,0022500023,2025-10-31,CHI vs. NYK,NYK,W,30.866666666666667,26,10,17,4,8,2,5,2,5,7,2,0,0,1,3,-3,19.0,67.70833333333334,https://www.nba.com/stats/players/boxscores-traditional?Season=2025-26&SeasonType=Regular%20Season&TeamID=1610612741
2026,2025–26,1630245,Ayo Dosunmu,0022500023,2025-10-31,CHI vs. NYK,NYK,W,29.305,22,8,10,1,3,5,6,0,4,4,9,1,0,1,3,19,24.1,87.0253164556962,https://www.nba.com/stats/players/boxscores-traditional?Season=2025-26&SeasonType=Regular%20Season&TeamID=1610612741
2026,2025–26,1630188,Jalen Smith,0022500023,2025-10-31,CHI vs. NYK,NYK,W,17.133333333333333,10,3,5,2,4,2,2,2,7,9,2,1,2,0,3,13,13.8,85.03401360544218,https://www.nba.com/stats/players/boxscores-traditional?Season=2025-26&SeasonType=Regular%20Season&TeamID=1610612741
2026,2025–26,1628989,Kevin Huerter,0022500023,2025-10-31,CHI vs. NYK,NYK,W,25.583333333333332,12,4,7,1,3,3,3,1,5,6,2,2,1,2,0,13,12.999999999999998,72.11538461538461,https://www.nba.com/stats/players/boxscores-traditional?Season=2025-26&SeasonType=Regular%20Season&TeamID=1610612741
2026,2025–26,1641824,Matas Buzelis,0022500023,2025-10-31,CHI vs. NYK,NYK,W,29.178333333333335,13,4,10,2,5,3,4,0,0,0,1,1,1,1,4,-5,6.999999999999998,55.27210884353742,https://www.nba.com/stats/players/boxscores-traditional?Season=2025-26&SeasonType=Regular%20Season&TeamID=1610612741
2026,2025–26,1630172,Patrick Williams,0022500023,2025-10-31,CHI vs. NYK,NYK,W,23.433333333333334,9,3,6,2,4,1,1,0,1,1,3,1,1,2,3,13,6.899999999999999,69.87577639751552,https://www.nba.com/stats/players/boxscores-traditional?Season=2025-26&SeasonType=Regular%20Season&TeamID=1610612741
2026,2025–26,1630200,Tre Jones,0022500023,2025-10-31,CHI vs. NYK,NYK,W,24.033333333333335,8,0,4,0,0,8,8,1,3,4,3,0,1,0,3,-3,8.399999999999999,53.191489361702125,https://www.nba.com/stats/players/boxscores-traditional?Season=2025-26&SeasonType=Regular%20Season&TeamID=1610612741
2026,2025–26,1630171,Isaac Okoro,0022500023,2025-10-31,CHI vs. NYK,NYK,W,16.116666666666667,3,1,3,1,2,0,0,0,0,0,0,1,0,0,2,-11,1.5000000000000002,50.0,https://www.nba.com/stats/players/boxscores-traditional?Season=2025-26&SeasonType=Regular%20Season&TeamID=1610612741
2026,2025–26,1641763,Julian Phillips,0022500023,2025-10-31,CHI vs. NYK,NYK,W,5.866666666666666,0,0,1,0,0,0,0,0,0,0,0,0,0,0,0,9,-0.7,0.0,https://www.nba.com/stats/players/boxscores-traditional?Season=2025-26&SeasonType=Regular%20Season&TeamID=1610612741
2026,2025–26,1641824,Matas Buzelis,0022500132,2025-10-29,CHI vs. SAC,SAC,W,33.733333333333334,27,11,18,4,6,1,1,2,3,5,2,2,1,3,5,18,20.199999999999992,73.21041214750542,https://www.nba.com/stats/players/boxscores-traditional?Season=2025-26&SeasonType=Regular%20Season&TeamID=1610612741
2026,2025–26,1630581,Josh Giddey,0022500132,2025-10-29,CHI vs. SAC,SAC,W,31.116666666666667,20,7,14,1,2,5,7,2,6,8,12,0,0,5,1,24,18.400000000000002,58.54800936768151,https://www.nba.com/stats/players/boxscores-traditional?Season=2025-26&SeasonType=Regular%20Season&TeamID=1610612741
2026,2025–26,202696,Nikola Vučević,0022500132,2025-10-29,CHI vs. SAC,SAC,W,32.583333333333336,13,5,12,1,3,2,2,3,11,14,7,1,0,0,1,16,17.5,50.46583850931676,https://www.nba.com/stats/players/boxscores-traditional?Season=2025-26&SeasonType=Regular%20Season&TeamID=1610612741
2026,2025–26,1628989,Kevin Huerter,0022500132,2025-10-29,CHI vs. SAC,SAC,W,25.1,18,6,8,3,5,3,4,0,4,4,4,0,0,2,2,6,15.599999999999998,92.21311475409836,https://www.nba.com/stats/players/boxscores-traditional?Season=2025-26&SeasonType=Regular%20Season&TeamID=1610612741
2026,2025–26,1630200,Tre Jones,0022500132,2025-10-29,CHI vs. SAC,SAC,W,29.616666666666667,11,5,6,1,1,0,0,0,1,1,5,2,0,3,0,16,11.600000000000001,91.66666666666666,https://www.nba.com/stats/players/boxscores-traditional?Season=2025-26&SeasonType=Regular%20Season&TeamID=1610612741
2026,2025–26,1630171,Isaac Okoro,0022500132,2025-10-29,CHI vs. SAC,SAC,W,28.683333333333334,9,4,9,1,4,0,0,1,3,4,2,1,1,2,3,20,5.8,50.0,https://www.nba.com/stats/players/boxscores-traditional?Season=2025-26&SeasonType=Regular%20Season&TeamID=1610612741
2026,2025–26,1630188,Jalen Smith,0022500132,2025-10-29,CHI vs. SAC,SAC,W,15.416666666666666,10,5,9,0,4,0,1,3,2,5,0,0,0,0,1,-3,7.599999999999999,52.96610169491526,https://www.nba.com/stats/players/boxscores-traditional?Season=2025-26&SeasonType=Regular%20Season&TeamID=1610612741
2026,2025–26,1630172,Patrick Williams,0022500132,2025-10-29,CHI vs. SAC,SAC,W,19.65,9,3,6,3,3,0,0,0,3,3,0,0,0,0,3,-15,5.7,75.0,https://www.nba.com/stats/players/boxscores-traditional?Season=2025-26&SeasonType=Regular%20Season&TeamID=1610612741
2026,2025–26,1630245,Ayo Dosunmu,0022500132,2025-10-29,CHI vs. SAC,SAC,W,21.25,9,3,8,0,3,3,3,1,1,2,1,0,0,0,3,-13,5.1,48.283261802575105,https://www.nba.com/stats/players/boxscores-traditional?Season=2025-26&SeasonType=Regular%20Season&TeamID=1610612741
2026,2025–26,1641763,Julian Phillips,0022500132,2025-10-29,CHI vs. SAC,SAC,W,2.85,0,0,1,0,1,0,0,0,0,0,1,0,0,0,1,-4,-0.4,0.0,https://www.nba.com/stats/players/boxscores-traditional?Season=2025-26&SeasonType=Regular%20Season&TeamID=1610612741
2026,2025–26,202696,Nikola Vučević,0022500115,2025-10-27,CHI vs. ATL,ATL,W,33.78333333333333,17,7,11,1,4,2,2,4,13,17,9,2,0,3,3,11,22.900000000000002,71.54882154882154,https://www.nba.com/stats/players/boxscores-traditional?Season=2025-26&SeasonType=Regular%20Season&TeamID=1610612741
2026,2025–26,1630581,Josh Giddey,0022500115,2025-10-27,CHI vs. ATL,ATL,W,32.93333333333333,18,7,14,2,5,2,4,1,12,13,5,1,1,3,0,3,16.7,57.10659898477157,https://www.nba.com/stats/players/boxscores-traditional?Season=2025-26&SeasonType=Regular%20Season&TeamID=1610612741
2026,2025–26,1630200,Tre Jones,0022500115,2025-10-27,CHI vs. ATL,ATL,W,30.7,14,5,10,2,4,2,2,2,5,7,9,2,1,2,2,-1,18.099999999999998,64.33823529411764,https://www.nba.com/stats/players/boxscores-traditional?Season=2025-26&SeasonType=Regular%20Season&TeamID=1610612741
2026,2025–26,1630245,Ayo Dosunmu,0022500115,2025-10-27,CHI vs. ATL,ATL,W,26.85,21,7,10,4,6,3,4,0,3,3,2,0,0,0,2,12,17.9,89.28571428571429,https://www.nba.com/stats/players/boxscores-traditional?Season=2025-26&SeasonType=Regular%20Season&TeamID=1610612741
2026,2025–26,1641824,Matas Buzelis,0022500115,2025-10-27,CHI vs. ATL,ATL,W,32.35,16,6,14,2,7,2,3,1,4,5,3,0,0,1,2,3,10.399999999999997,52.21932114882506,https://www.nba.com/stats/players/boxscores-traditional?Season=2025-26&SeasonType=Regular%20Season&TeamID=1610612741
2026,2025–26,1628989,Kevin Huerter,0022500115,2025-10-27,CHI vs. ATL,ATL,W,20.65,15,6,8,1,3,2,2,0,0,0,2,0,1,2,4,8,10.299999999999999,84.45945945945945,https://www.nba.com/stats/players/boxscores-traditional?Season=2025-26&SeasonType=Regular%20Season&TeamID=1610612741
2026,2025–26,1630172,Patrick Williams,0022500115,2025-10-27,CHI vs. ATL,ATL,W,21.716666666666665,12,4,9,2,7,2,3,1,2,3,2,0,0,0,1,1,9.2,58.139534883720934,https://www.nba.com/stats/players/boxscores-traditional?Season=2025-26&SeasonType=Regular%20Season&TeamID=1610612741
2026,2025–26,1630171,Isaac Okoro,0022500115,2025-10-27,CHI vs. ATL,ATL,W,24.285,10,4,8,1,4,1,1,0,0,0,1,0,0,1,2,-1,4.9,59.241706161137444,https://www.nba.com/stats/players/boxscores-traditional?Season=2025-26&SeasonType=Regular%20Season&TeamID=1610612741
2026,2025–26,1641763,Julian Phillips,0022500115,2025-10-27,CHI vs. ATL,ATL,W,9.516666666666667,5,2,4,1,2,0,0,0,0,0,0,0,1,0,1,-3,3.3000000000000003,62.5,https://www.nba.com/stats/players/boxscores-traditional?Season=2025-26&SeasonType=Regular%20Season&TeamID=1610612741
2026,2025–26,1630188,Jalen Smith,0022500115,2025-10-27,CHI vs. ATL,ATL,W,7.215,0,0,4,0,1,0,0,3,0,3,0,0,0,2,3,-8,-3.9000000000000004,0.0,https://www.nba.com/stats/players/boxscores-traditional?Season=2025-26&SeasonType=Regular%20Season&TeamID=1610612741
2026,2025–26,1630200,Tre Jones,0022500100,2025-10-25,CHI @ ORL,ORL,W,29.016666666666666,13,3,7,1,2,6,8,1,4,5,8,5,0,3,3,17,16.8,61.78707224334601,https://www.nba.com/stats/players/boxscores-traditional?Season=2025-26&SeasonType=Regular%20Season&TeamID=1610612741
2026,2025–26,1630581,Josh Giddey,0022500100,2025-10-25,CHI @ ORL,ORL,W,32.083333333333336,21,7,18,2,5,5,6,1,7,8,3,1,0,2,2,-10,13.899999999999999,50.872093023255815,https://www.nba.com/stats/players/boxscores-traditional?Season=2025-26&SeasonType=Regular%20Season&TeamID=1610612741
2026,2025–26,202696,Nikola Vučević,0022500100,2025-10-25,CHI @ ORL,ORL,W,31.25,15,5,7,1,1,4,4,1,7,8,2,0,1,4,3,-4,11.8,85.61643835616438,https://www.nba.com/stats/players/boxscores-traditional?Season=2025-26&SeasonType=Regular%20Season&TeamID=1610612741
2026,2025–26,1628989,Kevin Huerter,0022500100,2025-10-25,CHI @ ORL,ORL,W,29.375,11,4,10,0,4,3,3,2,5,7,6,1,0,0,3,14,12.5,48.58657243816255,https://www.nba.com/stats/players/boxscores-traditional?Season=2025-26&SeasonType=Regular%20Season&TeamID=1610612741
2026,2025–26,1630172,Patrick Williams,0022500100,2025-10-25,CHI @ ORL,ORL,W,29.066666666666666,12,5,7,1,2,1,2,0,5,5,4,2,0,2,2,12,12.2,76.14213197969544,https://www.nba.com/stats/players/boxscores-traditional?Season=2025-26&SeasonType=Regular%20Season&TeamID=1610612741
2026,2025–26,1630188,Jalen Smith,0022500100,2025-10-25,CHI @ ORL,ORL,W,16.75,16,6,8,2,2,2,4,0,3,3,1,1,0,2,1,16,12.199999999999998,81.9672131147541,https://www.nba.com/stats/players/boxscores-traditional?Season=2025-26&SeasonType=Regular%20Season&TeamID=1610612741
2026,2025–26,1630245,Ayo Dosunmu,0022500100,2025-10-25,CHI @ ORL,ORL,W,26.766666666666666,15,6,10,3,4,0,0,0,1,1,2,0,0,2,1,6,9.7,75.0,https://www.nba.com/stats/players/boxscores-traditional?Season=2025-26&SeasonType=Regular%20Season&TeamID=1610612741
2026,2025–26,1641763,Julian Phillips,0022500100,2025-10-25,CHI @ ORL,ORL,W,9.833333333333334,4,2,4,0,1,0,0,1,1,2,0,2,0,0,1,9,4.6,50.0,https://www.nba.com/stats/players/boxscores-traditional?Season=2025-26&SeasonType=Regular%20Season&TeamID=1610612741
2026,2025–26,1641824,Matas Buzelis,0022500100,2025-10-25,CHI @ ORL,ORL,W,12.4,3,1,5,0,2,1,2,1,2,3,0,1,0,2,6,3,-2.6000000000000005,25.510204081632654,https://www.nba.com/stats/players/boxscores-traditional?Season=2025-26&SeasonType=Regular%20Season&TeamID=1610612741
2026,2025–26,1630171,Isaac Okoro,0022500100,2025-10-25,CHI @ ORL,ORL,W,21.591666666666665,0,0,6,0,3,0,0,2,2,4,0,0,1,1,4,-5,-4.1,0.0,https://www.nba.com/stats/players/boxscores-traditional?Season=2025-26&SeasonType=Regular%20Season&TeamID=1610612741
2026,2025–26,1631207,Dalen Terry,0022500100,2025-10-25,CHI @ ORL,ORL,W,1.8666666666666667,0,0,1,0,1,0,0,0,0,0,0,0,0,0,0,2,-0.7,0.0,https://www.nba.com/stats/players/boxscores-traditional?Season=2025-26&SeasonType=Regular%20Season&TeamID=1610612741
2026,2025–26,202696,Nikola Vučević,0022500084,2025-10-22,CHI vs. DET,DET,W,32.583333333333336,28,11,18,4,6,2,2,4,10,14,2,1,0,1,2,8,26.199999999999996,74.15254237288136,https://www.nba.com/stats/players/boxscores-traditional?Season=2025-26&SeasonType=Regular%20Season&TeamID=1610612741
2026,2025–26,1630581,Josh Giddey,0022500084,2025-10-22,CHI vs. DET,DET,W,28.8,19,5,12,1,2,8,11,1,4,5,11,0,1,6,5,6,13.7,56.41330166270784,https://www.nba.com/stats/players/boxscores-traditional?Season=2025-26&SeasonType=Regular%20Season&TeamID=1610612741
2026,2025–26,1641824,Matas Buzelis,0022500084,2025-10-22,CHI vs. DET,DET,W,33.766666666666666,21,7,12,0,3,7,7,2,4,6,1,0,3,3,3,-10,16.599999999999998,69.62864721485411,https://www.nba.com/stats/players/boxscores-traditional?Season=2025-26&SeasonType=Regular%20Season&TeamID=1610612741
2026,2025–26,1630200,Tre Jones,0022500084,2025-10-22,CHI vs. DET,DET,W,31.633333333333333,12,5,8,1,1,1,2,0,1,1,8,3,0,2,3,6,13.7,67.56756756756756,https://www.nba.com/stats/players/boxscores-traditional?Season=2025-26&SeasonType=Regular%20Season&TeamID=1610612741
2026,2025–26,1628989,Kevin Huerter,0022500084,2025-10-22,CHI vs. DET,DET,W,27.233333333333334,15,4,11,2,6,5,6,1,4,5,0,1,2,1,2,9,11.0,54.98533724340176,https://www.nba.com/stats/players/boxscores-traditional?Season=2025-26&SeasonType=Regular%20Season&TeamID=1610612741
2026,2025–26,1630245,Ayo Dosunmu,0022500084,2025-10-22,CHI vs. DET,DET,W,26.5,14,6,14,2,5,0,0,2,3,5,2,0,0,0,1,-5,9.9,50.0,https://www.nba.com/stats/players/boxscores-traditional?Season=2025-26&SeasonType=Regular%20Season&TeamID=1610612741
2026,2025–26,1630172,Patrick Williams,0022500084,2025-10-22,CHI vs. DET,DET,W,17.0,4,1,2,1,2,1,2,0,4,4,0,1,2,2,1,1,3.8000000000000007,69.44444444444444,https://www.nba.com/stats/players/boxscores-traditional?Season=2025-26&SeasonType=Regular%20Season&TeamID=1610612741
2026,2025–26,1630171,Isaac Okoro,0022500084,2025-10-22,CHI vs. DET,DET,W,22.516666666666666,0,0,2,0,0,0,0,1,4,5,4,0,0,2,5,17,-0.7000000000000002,0.0,https://www.nba.com/stats/players/boxscores-traditional?Season=2025-26&SeasonType=Regular%20Season&TeamID=1610612741
2026,2025–26,1630188,Jalen Smith,0022500084,2025-10-22,CHI vs. DET,DET,W,13.633333333333333,2,0,7,0,5,2,2,1,4,5,1,0,0,0,1,-2,-0.6999999999999994,12.690355329949238,https://www.nba.com/stats/players/boxscores-traditional?Season=2025-26&SeasonType=Regular%20Season&TeamID=1610612741
2026,2025–26,1631207,Dalen Terry,0022500084,2025-10-22,CHI vs. DET,DET,W,6.333333333333333,0,0,1,0,0,0,0,0,0,0,0,0,0,0,0,-10,-0.7,0.0,https://www.nba.com/stats/players/boxscores-traditional?Season=2025-26&SeasonType=Regular%20Season&TeamID=1610612741
