season_end_year,season,player_id,player,game_id,game_date,matchup,opponent,result,minutes,points,fgm,fga,fg3m,fg3a,ftm,fta,oreb,dreb,reb,ast,stl,blk,tov,pf,plus_minus,game_score,ts_pct,player_source_url
2018,2017–18,1628374,Lauri Markkanen,0021701224,2018-04-11,CHI vs. DET,DET,L,21.516666666666666,20,7,13,3,7,3,3,2,6,8,1,2,0,0,1,0,19.200000000000003,69.83240223463687,https://www.nba.com/stats/players/boxscores-traditional?Season=2017-18&SeasonType=Regular%20Season&TeamID=1610612741
2018,2017–18,1628021,David Nwaba,0021701224,2018-04-11,CHI vs. DET,DET,L,29.816666666666666,13,5,16,1,3,2,3,2,4,6,2,1,0,3,3,-18,4.2,37.52886836027714,https://www.nba.com/stats/players/boxscores-traditional?Season=2017-18&SeasonType=Regular%20Season&TeamID=1610612741
2018,2017–18,1626166,Cameron Payne,0021701224,2018-04-11,CHI vs. DET,DET,L,33.05,6,2,9,2,3,0,0,0,3,3,9,1,0,2,3,-19,5.499999999999999,33.33333333333333,https://www.nba.com/stats/players/boxscores-traditional?Season=2017-18&SeasonType=Regular%20Season&TeamID=1610612741
2018,2017–18,1626171,Bobby Portis Jr.,0021701224,2018-04-11,CHI vs. DET,DET,L,22.466666666666665,11,5,13,1,5,0,2,1,7,8,0,1,0,3,0,-28,3.9000000000000004,39.62536023054754,https://www.nba.com/stats/players/boxscores-traditional?Season=2017-18&SeasonType=Regular%20Season&TeamID=1610612741
2018,2017–18,203930,Sean Kilpatrick,0021701224,2018-04-11,CHI vs. DET,DET,L,29.066666666666666,14,5,10,2,5,2,2,0,2,2,4,0,0,3,2,-13,8.599999999999998,64.33823529411764,https://www.nba.com/stats/players/boxscores-traditional?Season=2017-18&SeasonType=Regular%20Season&TeamID=1610612741
2018,2017–18,1626245,Cristiano Felicio,0021701224,2018-04-11,CHI vs. DET,DET,L,29.733333333333334,10,3,5,0,0,4,6,5,1,6,1,1,0,1,1,-18,10.999999999999998,65.44502617801047,https://www.nba.com/stats/players/boxscores-traditional?Season=2017-18&SeasonType=Regular%20Season&TeamID=1610612741
2018,2017–18,1626170,Jerian Grant,0021701224,2018-04-11,CHI vs. DET,DET,L,32.18333333333333,10,4,13,1,6,1,2,0,1,1,2,1,0,3,3,-33,0.5999999999999996,36.023054755043226,https://www.nba.com/stats/players/boxscores-traditional?Season=2017-18&SeasonType=Regular%20Season&TeamID=1610612741
2018,2017–18,1627853,Ryan Arcidiacono,0021701224,2018-04-11,CHI vs. DET,DET,L,23.9,3,1,5,1,5,0,0,0,3,3,2,1,0,2,0,-17,1.1999999999999997,30.0,https://www.nba.com/stats/players/boxscores-traditional?Season=2017-18&SeasonType=Regular%20Season&TeamID=1610612741
2018,2017–18,201600,Omer Asik,0021701224,2018-04-11,CHI vs. DET,DET,L,18.266666666666666,0,0,2,0,0,0,0,2,1,3,0,0,1,1,2,-14,-0.8,0.0,https://www.nba.com/stats/players/boxscores-traditional?Season=2017-18&SeasonType=Regular%20Season&TeamID=1610612741
2018,2017–18,1626166,Cameron Payne,0021701205,2018-04-09,CHI @ BKN,BKN,L,24.033333333333335,15,6,10,3,5,0,0,0,3,3,6,2,0,3,3,-11,13.3,75.0,https://www.nba.com/stats/players/boxscores-traditional?Season=2017-18&SeasonType=Regular%20Season&TeamID=1610612741
2018,2017–18,203930,Sean Kilpatrick,0021701205,2018-04-09,CHI @ BKN,BKN,L,26.1,16,6,13,2,4,2,4,0,3,3,1,2,1,1,0,-7,11.799999999999997,54.20054200542006,https://www.nba.com/stats/players/boxscores-traditional?Season=2017-18&SeasonType=Regular%20Season&TeamID=1610612741
2018,2017–18,1626171,Bobby Portis Jr.,0021701205,2018-04-09,CHI @ BKN,BKN,L,22.016666666666666,14,7,9,0,0,0,0,1,6,7,2,0,2,3,1,2,12.4,77.77777777777779,https://www.nba.com/stats/players/boxscores-traditional?Season=2017-18&SeasonType=Regular%20Season&TeamID=1610612741
2018,2017–18,1628374,Lauri Markkanen,0021701205,2018-04-09,CHI @ BKN,BKN,L,25.95,10,3,14,2,5,2,4,2,4,6,2,2,1,1,0,-5,6.3,31.725888324873097,https://www.nba.com/stats/players/boxscores-traditional?Season=2017-18&SeasonType=Regular%20Season&TeamID=1610612741
2018,2017–18,1628021,David Nwaba,0021701205,2018-04-09,CHI @ BKN,BKN,L,30.483333333333334,11,5,11,1,1,0,0,6,4,10,1,0,0,4,4,-4,5.799999999999999,50.0,https://www.nba.com/stats/players/boxscores-traditional?Season=2017-18&SeasonType=Regular%20Season&TeamID=1610612741
2018,2017–18,203200,Justin Holiday,0021701205,2018-04-09,CHI @ BKN,BKN,L,21.9,13,5,12,2,7,1,1,0,4,4,4,0,0,0,2,-2,9.8,52.2508038585209,https://www.nba.com/stats/players/boxscores-traditional?Season=2017-18&SeasonType=Regular%20Season&TeamID=1610612741
2018,2017–18,1626245,Cristiano Felicio,0021701205,2018-04-09,CHI @ BKN,BKN,L,27.6,10,5,8,0,1,0,0,1,4,5,2,1,0,3,3,-13,6.5,62.5,https://www.nba.com/stats/players/boxscores-traditional?Season=2017-18&SeasonType=Regular%20Season&TeamID=1610612741
2018,2017–18,1627853,Ryan Arcidiacono,0021701205,2018-04-09,CHI @ BKN,BKN,L,23.966666666666665,9,4,5,1,2,0,0,0,2,2,4,0,0,0,2,2,9.7,90.0,https://www.nba.com/stats/players/boxscores-traditional?Season=2017-18&SeasonType=Regular%20Season&TeamID=1610612741
2018,2017–18,1626170,Jerian Grant,0021701205,2018-04-09,CHI @ BKN,BKN,L,23.85,7,2,7,1,3,2,3,0,2,2,4,0,1,3,2,-6,2.8000000000000007,42.06730769230769,https://www.nba.com/stats/players/boxscores-traditional?Season=2017-18&SeasonType=Regular%20Season&TeamID=1610612741
2018,2017–18,201600,Omer Asik,0021701205,2018-04-09,CHI @ BKN,BKN,L,14.1,0,0,0,0,0,0,0,0,2,2,0,0,1,1,0,-1,0.2999999999999998,0.0,https://www.nba.com/stats/players/boxscores-traditional?Season=2017-18&SeasonType=Regular%20Season&TeamID=1610612741
2018,2017–18,1626171,Bobby Portis Jr.,0021701193,2018-04-07,CHI vs. BKN,BKN,L,30.76,18,8,15,1,3,1,1,1,7,8,1,1,1,4,2,-15,11.099999999999996,58.290155440414516,https://www.nba.com/stats/players/boxscores-traditional?Season=2017-18&SeasonType=Regular%20Season&TeamID=1610612741
2018,2017–18,203930,Sean Kilpatrick,0021701193,2018-04-07,CHI vs. BKN,BKN,L,22.05,20,7,14,2,6,4,4,1,3,4,1,1,0,2,0,-9,14.3,63.45177664974619,https://www.nba.com/stats/players/boxscores-traditional?Season=2017-18&SeasonType=Regular%20Season&TeamID=1610612741
2018,2017–18,1626245,Cristiano Felicio,0021701193,2018-04-07,CHI vs. BKN,BKN,L,35.03333333333333,14,5,11,0,0,4,4,2,9,11,1,0,0,2,3,-18,9.899999999999999,54.858934169278996,https://www.nba.com/stats/players/boxscores-traditional?Season=2017-18&SeasonType=Regular%20Season&TeamID=1610612741
2018,2017–18,203200,Justin Holiday,0021701193,2018-04-07,CHI vs. BKN,BKN,L,32.416666666666664,15,5,15,1,9,4,6,0,1,1,2,2,0,0,1,-20,9.0,42.517006802721085,https://www.nba.com/stats/players/boxscores-traditional?Season=2017-18&SeasonType=Regular%20Season&TeamID=1610612741
2018,2017–18,1626166,Cameron Payne,0021701193,2018-04-07,CHI vs. BKN,BKN,L,25.8,8,3,10,1,3,1,2,0,3,3,5,2,0,2,1,-8,5.799999999999999,36.764705882352935,https://www.nba.com/stats/players/boxscores-traditional?Season=2017-18&SeasonType=Regular%20Season&TeamID=1610612741
2018,2017–18,1626170,Jerian Grant,0021701193,2018-04-07,CHI vs. BKN,BKN,L,28.383333333333333,13,5,10,1,5,2,2,0,1,1,2,0,0,0,1,-18,9.3,59.74264705882353,https://www.nba.com/stats/players/boxscores-traditional?Season=2017-18&SeasonType=Regular%20Season&TeamID=1610612741
2018,2017–18,1628021,David Nwaba,0021701193,2018-04-07,CHI vs. BKN,BKN,L,30.39,6,2,10,0,1,2,2,0,3,3,3,1,0,0,2,-22,2.999999999999999,27.573529411764703,https://www.nba.com/stats/players/boxscores-traditional?Season=2017-18&SeasonType=Regular%20Season&TeamID=1610612741
2018,2017–18,201600,Omer Asik,0021701193,2018-04-07,CHI vs. BKN,BKN,L,12.966666666666667,2,1,1,0,0,0,0,0,3,3,1,1,0,1,1,-10,2.9,100.0,https://www.nba.com/stats/players/boxscores-traditional?Season=2017-18&SeasonType=Regular%20Season&TeamID=1610612741
2018,2017–18,1627853,Ryan Arcidiacono,0021701193,2018-04-07,CHI vs. BKN,BKN,L,22.2,0,0,2,0,2,0,0,0,5,5,0,0,0,2,3,-20,-3.1,0.0,https://www.nba.com/stats/players/boxscores-traditional?Season=2017-18&SeasonType=Regular%20Season&TeamID=1610612741
2018,2017–18,1626170,Jerian Grant,0021701185,2018-04-06,CHI @ BOS,BOS,L,28.35,15,7,12,1,3,0,2,0,1,1,8,5,0,0,3,-3,18.3,58.22981366459628,https://www.nba.com/stats/players/boxscores-traditional?Season=2017-18&SeasonType=Regular%20Season&TeamID=1610612741
2018,2017–18,203930,Sean Kilpatrick,0021701185,2018-04-06,CHI @ BOS,BOS,L,25.016666666666666,24,8,13,5,7,3,4,1,2,3,0,1,0,1,1,3,18.600000000000005,81.30081300813008,https://www.nba.com/stats/players/boxscores-traditional?Season=2017-18&SeasonType=Regular%20Season&TeamID=1610612741
2018,2017–18,1628374,Lauri Markkanen,0021701185,2018-04-06,CHI @ BOS,BOS,L,23.43,20,7,11,3,5,3,4,1,4,5,2,0,0,3,2,-1,14.2,78.36990595611285,https://www.nba.com/stats/players/boxscores-traditional?Season=2017-18&SeasonType=Regular%20Season&TeamID=1610612741
2018,2017–18,1626245,Cristiano Felicio,0021701185,2018-04-06,CHI @ BOS,BOS,L,28.933333333333334,6,1,3,0,0,4,6,2,7,9,2,4,0,2,2,-8,9.6,53.191489361702125,https://www.nba.com/stats/players/boxscores-traditional?Season=2017-18&SeasonType=Regular%20Season&TeamID=1610612741
2018,2017–18,1626166,Cameron Payne,0021701185,2018-04-06,CHI @ BOS,BOS,L,22.383333333333333,11,4,9,3,4,0,0,3,1,4,4,0,0,1,1,-14,10.1,61.111111111111114,https://www.nba.com/stats/players/boxscores-traditional?Season=2017-18&SeasonType=Regular%20Season&TeamID=1610612741
2018,2017–18,203200,Justin Holiday,0021701185,2018-04-06,CHI @ BOS,BOS,L,30.166666666666668,5,2,11,1,6,0,0,0,7,7,2,3,0,5,2,-14,-1.1999999999999993,22.727272727272727,https://www.nba.com/stats/players/boxscores-traditional?Season=2017-18&SeasonType=Regular%20Season&TeamID=1610612741
2018,2017–18,1628021,David Nwaba,0021701185,2018-04-06,CHI @ BOS,BOS,L,26.2,10,5,14,0,2,0,0,1,3,4,1,1,0,1,3,-7,3.3000000000000007,35.714285714285715,https://www.nba.com/stats/players/boxscores-traditional?Season=2017-18&SeasonType=Regular%20Season&TeamID=1610612741
2018,2017–18,1627853,Ryan Arcidiacono,0021701185,2018-04-06,CHI @ BOS,BOS,L,25.616666666666667,5,2,4,1,3,0,0,0,1,1,6,1,0,2,3,7,5.3,62.5,https://www.nba.com/stats/players/boxscores-traditional?Season=2017-18&SeasonType=Regular%20Season&TeamID=1610612741
2018,2017–18,1626171,Bobby Portis Jr.,0021701185,2018-04-06,CHI @ BOS,BOS,L,13.916666666666666,6,3,6,0,0,0,0,1,6,7,0,0,0,1,2,6,3.700000000000001,50.0,https://www.nba.com/stats/players/boxscores-traditional?Season=2017-18&SeasonType=Regular%20Season&TeamID=1610612741
2018,2017–18,201600,Omer Asik,0021701185,2018-04-06,CHI @ BOS,BOS,L,15.986666666666666,2,1,3,0,0,0,1,0,2,2,0,0,0,1,3,-4,-1.7,29.069767441860467,https://www.nba.com/stats/players/boxscores-traditional?Season=2017-18&SeasonType=Regular%20Season&TeamID=1610612741
2018,2017–18,1628374,Lauri Markkanen,0021701160,2018-04-03,CHI vs. CHA,CHA,W,24.35,24,8,14,5,6,3,3,1,6,7,1,0,1,0,2,4,20.499999999999996,78.3289817232376,https://www.nba.com/stats/players/boxscores-traditional?Season=2017-18&SeasonType=Regular%20Season&TeamID=1610612741
2018,2017–18,203200,Justin Holiday,0021701160,2018-04-03,CHI vs. CHA,CHA,W,27.77166666666667,19,7,16,4,9,1,1,0,1,1,3,3,0,1,4,3,13.4,57.78588807785887,https://www.nba.com/stats/players/boxscores-traditional?Season=2017-18&SeasonType=Regular%20Season&TeamID=1610612741
2018,2017–18,203930,Sean Kilpatrick,0021701160,2018-04-03,CHI vs. CHA,CHA,W,28.833333333333332,21,7,17,3,6,4,5,0,0,0,3,0,2,0,3,-6,13.8,54.6875,https://www.nba.com/stats/players/boxscores-traditional?Season=2017-18&SeasonType=Regular%20Season&TeamID=1610612741
2018,2017–18,1626171,Bobby Portis Jr.,0021701160,2018-04-03,CHI vs. CHA,CHA,W,22.8,16,7,13,2,4,0,0,2,4,6,1,0,1,1,2,-4,11.899999999999999,61.53846153846154,https://www.nba.com/stats/players/boxscores-traditional?Season=2017-18&SeasonType=Regular%20Season&TeamID=1610612741
2018,2017–18,1628021,David Nwaba,0021701160,2018-04-03,CHI vs. CHA,CHA,W,31.561666666666667,10,5,9,0,0,0,0,2,7,9,5,1,0,1,3,10,11.5,55.55555555555556,https://www.nba.com/stats/players/boxscores-traditional?Season=2017-18&SeasonType=Regular%20Season&TeamID=1610612741
2018,2017–18,1626170,Jerian Grant,0021701160,2018-04-03,CHI vs. CHA,CHA,W,24.116666666666667,13,4,8,1,4,4,5,0,2,2,1,2,0,1,2,3,10.099999999999998,63.72549019607844,https://www.nba.com/stats/players/boxscores-traditional?Season=2017-18&SeasonType=Regular%20Season&TeamID=1610612741
2018,2017–18,1626245,Cristiano Felicio,0021701160,2018-04-03,CHI vs. CHA,CHA,W,25.2,8,4,5,0,0,0,0,2,6,8,2,1,0,1,4,10,9.100000000000001,80.0,https://www.nba.com/stats/players/boxscores-traditional?Season=2017-18&SeasonType=Regular%20Season&TeamID=1610612741
2018,2017–18,1626166,Cameron Payne,0021701160,2018-04-03,CHI vs. CHA,CHA,W,24.083333333333332,8,4,13,0,4,0,0,3,1,4,7,0,0,0,0,10,7.799999999999999,30.76923076923077,https://www.nba.com/stats/players/boxscores-traditional?Season=2017-18&SeasonType=Regular%20Season&TeamID=1610612741
2018,2017–18,1627853,Ryan Arcidiacono,0021701160,2018-04-03,CHI vs. CHA,CHA,W,23.916666666666668,1,0,2,0,0,1,2,1,3,4,3,2,0,2,0,-4,2.8999999999999995,17.36111111111111,https://www.nba.com/stats/players/boxscores-traditional?Season=2017-18&SeasonType=Regular%20Season&TeamID=1610612741
2018,2017–18,203943,Noah Vonleh,0021701160,2018-04-03,CHI vs. CHA,CHA,W,7.366666666666666,0,0,2,0,1,0,2,0,3,3,0,0,0,0,0,4,-1.3000000000000003,0.0,https://www.nba.com/stats/players/boxscores-traditional?Season=2017-18&SeasonType=Regular%20Season&TeamID=1610612741
2018,2017–18,1628374,Lauri Markkanen,0021701144,2018-04-01,CHI vs. WAS,WAS,W,24.916666666666668,23,7,11,5,8,4,7,0,6,6,0,0,0,1,0,2,17.700000000000003,81.67613636363636,https://www.nba.com/stats/players/boxscores-traditional?Season=2017-18&SeasonType=Regular%20Season&TeamID=1610612741
2018,2017–18,1626171,Bobby Portis Jr.,0021701144,2018-04-01,CHI vs. WAS,WAS,W,15.585,18,6,10,4,5,2,2,0,4,4,2,1,0,1,3,12,14.799999999999997,82.72058823529412,https://www.nba.com/stats/players/boxscores-traditional?Season=2017-18&SeasonType=Regular%20Season&TeamID=1610612741
2018,2017–18,1628021,David Nwaba,0021701144,2018-04-01,CHI vs. WAS,WAS,W,19.848333333333333,10,4,10,0,1,2,2,2,4,6,5,2,0,1,1,5,11.299999999999999,45.955882352941174,https://www.nba.com/stats/players/boxscores-traditional?Season=2017-18&SeasonType=Regular%20Season&TeamID=1610612741
2018,2017–18,1626170,Jerian Grant,0021701144,2018-04-01,CHI vs. WAS,WAS,W,25.583333333333332,11,4,9,2,5,1,2,0,1,1,7,2,0,1,4,17,10.499999999999998,55.66801619433198,https://www.nba.com/stats/players/boxscores-traditional?Season=2017-18&SeasonType=Regular%20Season&TeamID=1610612741
2018,2017–18,203930,Sean Kilpatrick,0021701144,2018-04-01,CHI vs. WAS,WAS,W,23.333333333333332,14,6,13,2,5,0,0,0,6,6,2,0,0,1,1,2,9.099999999999998,53.84615384615385,https://www.nba.com/stats/players/boxscores-traditional?Season=2017-18&SeasonType=Regular%20Season&TeamID=1610612741
2018,2017–18,203200,Justin Holiday,0021701144,2018-04-01,CHI vs. WAS,WAS,W,17.1,12,5,7,2,2,0,0,0,0,0,3,0,0,0,1,14,10.8,85.71428571428571,https://www.nba.com/stats/players/boxscores-traditional?Season=2017-18&SeasonType=Regular%20Season&TeamID=1610612741
2018,2017–18,201577,Robin Lopez,0021701144,2018-04-01,CHI vs. WAS,WAS,W,16.565,6,3,4,0,0,0,0,0,4,4,3,0,0,2,0,15,5.7,75.0,https://www.nba.com/stats/players/boxscores-traditional?Season=2017-18&SeasonType=Regular%20Season&TeamID=1610612741
2018,2017–18,1626245,Cristiano Felicio,0021701144,2018-04-01,CHI vs. WAS,WAS,W,21.4,4,2,5,0,0,0,0,4,4,8,0,0,0,1,1,6,3.8999999999999995,40.0,https://www.nba.com/stats/players/boxscores-traditional?Season=2017-18&SeasonType=Regular%20Season&TeamID=1610612741
2018,2017–18,1626166,Cameron Payne,0021701144,2018-04-01,CHI vs. WAS,WAS,W,24.916666666666668,5,2,4,1,2,0,0,0,2,2,2,0,1,2,2,2,2.9000000000000004,62.5,https://www.nba.com/stats/players/boxscores-traditional?Season=2017-18&SeasonType=Regular%20Season&TeamID=1610612741
2018,2017–18,203943,Noah Vonleh,0021701144,2018-04-01,CHI vs. WAS,WAS,W,17.533333333333335,5,2,3,1,1,0,0,0,2,2,1,1,0,3,1,3,2.5999999999999996,83.33333333333334,https://www.nba.com/stats/players/boxscores-traditional?Season=2017-18&SeasonType=Regular%20Season&TeamID=1610612741
2018,2017–18,1627756,Denzel Valentine,0021701144,2018-04-01,CHI vs. WAS,WAS,W,18.385,5,2,4,1,3,0,0,0,1,1,3,0,0,3,3,10,1.1999999999999993,62.5,https://www.nba.com/stats/players/boxscores-traditional?Season=2017-18&SeasonType=Regular%20Season&TeamID=1610612741
2018,2017–18,1627853,Ryan Arcidiacono,0021701144,2018-04-01,CHI vs. WAS,WAS,W,14.833333333333334,0,0,2,0,2,0,0,0,0,0,2,1,0,1,0,7,0.0,0.0,https://www.nba.com/stats/players/boxscores-traditional?Season=2017-18&SeasonType=Regular%20Season&TeamID=1610612741
2018,2017–18,1628374,Lauri Markkanen,0021701129,2018-03-30,CHI @ ORL,ORL,W,24.366666666666667,13,4,10,1,5,4,5,0,8,8,1,2,1,2,1,6,10.599999999999998,53.278688524590166,https://www.nba.com/stats/players/boxscores-traditional?Season=2017-18&SeasonType=Regular%20Season&TeamID=1610612741
2018,2017–18,203943,Noah Vonleh,0021701129,2018-03-30,CHI @ ORL,ORL,W,23.933333333333334,8,3,8,1,5,1,2,3,8,11,1,1,1,0,1,2,9.699999999999998,45.04504504504504,https://www.nba.com/stats/players/boxscores-traditional?Season=2017-18&SeasonType=Regular%20Season&TeamID=1610612741
2018,2017–18,1626245,Cristiano Felicio,0021701129,2018-03-30,CHI @ ORL,ORL,W,27.316666666666666,8,4,8,0,0,0,1,6,10,16,1,0,0,3,3,8,7.299999999999997,47.39336492890995,https://www.nba.com/stats/players/boxscores-traditional?Season=2017-18&SeasonType=Regular%20Season&TeamID=1610612741
2018,2017–18,1626166,Cameron Payne,0021701129,2018-03-30,CHI @ ORL,ORL,W,21.8,11,4,8,3,4,0,0,0,2,2,6,0,1,3,2,6,8.699999999999998,68.75,https://www.nba.com/stats/players/boxscores-traditional?Season=2017-18&SeasonType=Regular%20Season&TeamID=1610612741
2018,2017–18,203930,Sean Kilpatrick,0021701129,2018-03-30,CHI @ ORL,ORL,W,26.066666666666666,13,2,11,2,8,7,8,0,4,4,2,0,0,3,0,4,5.300000000000001,44.76584022038568,https://www.nba.com/stats/players/boxscores-traditional?Season=2017-18&SeasonType=Regular%20Season&TeamID=1610612741
2018,2017–18,1626171,Bobby Portis Jr.,0021701129,2018-03-30,CHI @ ORL,ORL,W,20.383333333333333,7,3,8,1,2,0,1,2,3,5,0,1,2,0,2,0,6.1000000000000005,41.46919431279621,https://www.nba.com/stats/players/boxscores-traditional?Season=2017-18&SeasonType=Regular%20Season&TeamID=1610612741
2018,2017–18,1626170,Jerian Grant,0021701129,2018-03-30,CHI @ ORL,ORL,W,26.2,5,2,12,0,5,1,2,0,5,5,3,1,1,1,0,2,1.3000000000000007,19.409937888198755,https://www.nba.com/stats/players/boxscores-traditional?Season=2017-18&SeasonType=Regular%20Season&TeamID=1610612741
2018,2017–18,203200,Justin Holiday,0021701129,2018-03-30,CHI @ ORL,ORL,W,15.25,8,2,5,2,4,2,2,0,1,1,0,2,1,0,3,17,7.1000000000000005,68.02721088435374,https://www.nba.com/stats/players/boxscores-traditional?Season=2017-18&SeasonType=Regular%20Season&TeamID=1610612741
2018,2017–18,1627853,Ryan Arcidiacono,0021701129,2018-03-30,CHI @ ORL,ORL,W,15.2,8,3,4,2,3,0,0,0,0,0,1,2,0,1,0,10,8.099999999999998,100.0,https://www.nba.com/stats/players/boxscores-traditional?Season=2017-18&SeasonType=Regular%20Season&TeamID=1610612741
2018,2017–18,1627756,Denzel Valentine,0021701129,2018-03-30,CHI @ ORL,ORL,W,18.833333333333332,6,2,5,2,4,0,0,0,0,0,0,1,0,1,2,-21,2.5,60.0,https://www.nba.com/stats/players/boxscores-traditional?Season=2017-18&SeasonType=Regular%20Season&TeamID=1610612741
2018,2017–18,1628021,David Nwaba,0021701129,2018-03-30,CHI @ ORL,ORL,W,20.65,3,1,5,0,1,1,2,0,1,1,1,1,0,2,3,6,-1.7000000000000004,25.510204081632654,https://www.nba.com/stats/players/boxscores-traditional?Season=2017-18&SeasonType=Regular%20Season&TeamID=1610612741
2018,2017–18,1626171,Bobby Portis Jr.,0021701125,2018-03-29,CHI @ MIA,MIA,L,32.46666666666667,13,6,16,0,3,1,2,7,9,16,0,2,1,6,1,-5,7.699999999999999,38.507109004739334,https://www.nba.com/stats/players/boxscores-traditional?Season=2017-18&SeasonType=Regular%20Season&TeamID=1610612741
2018,2017–18,203943,Noah Vonleh,0021701125,2018-03-29,CHI @ MIA,MIA,L,32.666666666666664,14,5,12,1,4,3,4,3,10,13,1,2,0,1,1,-6,13.6,50.872093023255815,https://www.nba.com/stats/players/boxscores-traditional?Season=2017-18&SeasonType=Regular%20Season&TeamID=1610612741
2018,2017–18,1628021,David Nwaba,0021701125,2018-03-29,CHI @ MIA,MIA,L,35.25,15,4,11,1,1,6,8,1,6,7,4,0,1,2,2,-2,11.3,51.65289256198348,https://www.nba.com/stats/players/boxscores-traditional?Season=2017-18&SeasonType=Regular%20Season&TeamID=1610612741
2018,2017–18,201577,Robin Lopez,0021701125,2018-03-29,CHI @ MIA,MIA,L,30.866666666666667,13,6,12,0,1,1,2,2,4,6,1,0,3,3,4,-11,7.4,50.46583850931676,https://www.nba.com/stats/players/boxscores-traditional?Season=2017-18&SeasonType=Regular%20Season&TeamID=1610612741
2018,2017–18,203200,Justin Holiday,0021701125,2018-03-29,CHI @ MIA,MIA,L,21.8,13,3,10,3,7,4,4,0,1,1,1,1,0,1,2,1,7.399999999999999,55.27210884353742,https://www.nba.com/stats/players/boxscores-traditional?Season=2017-18&SeasonType=Regular%20Season&TeamID=1610612741
2018,2017–18,1626166,Cameron Payne,0021701125,2018-03-29,CHI @ MIA,MIA,L,29.566666666666666,11,4,10,1,4,2,2,0,0,0,5,1,0,3,2,-7,6.299999999999999,50.55147058823529,https://www.nba.com/stats/players/boxscores-traditional?Season=2017-18&SeasonType=Regular%20Season&TeamID=1610612741
2018,2017–18,1627756,Denzel Valentine,0021701125,2018-03-29,CHI @ MIA,MIA,L,24.083333333333332,4,2,10,0,3,0,0,0,4,4,4,2,0,1,3,-10,1.5999999999999996,20.0,https://www.nba.com/stats/players/boxscores-traditional?Season=2017-18&SeasonType=Regular%20Season&TeamID=1610612741
2018,2017–18,203930,Sean Kilpatrick,0021701125,2018-03-29,CHI @ MIA,MIA,L,14.866666666666667,5,1,7,0,3,3,3,0,1,1,0,2,0,0,1,-11,2.400000000000001,30.048076923076923,https://www.nba.com/stats/players/boxscores-traditional?Season=2017-18&SeasonType=Regular%20Season&TeamID=1610612741
2018,2017–18,1627853,Ryan Arcidiacono,0021701125,2018-03-29,CHI @ MIA,MIA,L,6.516666666666667,2,1,1,0,0,0,0,0,1,1,2,0,0,0,0,5,3.4,100.0,https://www.nba.com/stats/players/boxscores-traditional?Season=2017-18&SeasonType=Regular%20Season&TeamID=1610612741
2018,2017–18,1626170,Jerian Grant,0021701125,2018-03-29,CHI @ MIA,MIA,L,11.916666666666666,2,1,1,0,0,0,1,1,0,1,1,0,0,1,3,-9,0.49999999999999956,69.44444444444444,https://www.nba.com/stats/players/boxscores-traditional?Season=2017-18&SeasonType=Regular%20Season&TeamID=1610612741
2018,2017–18,1628374,Lauri Markkanen,0021701111,2018-03-27,CHI @ HOU,HOU,L,27.95,22,8,15,2,6,4,5,0,4,4,2,0,1,5,2,-41,11.799999999999997,63.95348837209303,https://www.nba.com/stats/players/boxscores-traditional?Season=2017-18&SeasonType=Regular%20Season&TeamID=1610612741
2018,2017–18,203943,Noah Vonleh,0021701111,2018-03-27,CHI @ HOU,HOU,L,26.033333333333335,10,5,9,0,1,0,1,5,7,12,3,1,0,1,4,-4,11.4,52.96610169491526,https://www.nba.com/stats/players/boxscores-traditional?Season=2017-18&SeasonType=Regular%20Season&TeamID=1610612741
2018,2017–18,1626171,Bobby Portis Jr.,0021701111,2018-03-27,CHI @ HOU,HOU,L,25.85,11,5,10,1,2,0,0,2,6,8,1,2,0,0,1,-14,11.499999999999998,55.00000000000001,https://www.nba.com/stats/players/boxscores-traditional?Season=2017-18&SeasonType=Regular%20Season&TeamID=1610612741
2018,2017–18,1627756,Denzel Valentine,0021701111,2018-03-27,CHI @ HOU,HOU,L,29.15,12,5,12,2,7,0,2,0,4,4,3,2,0,3,3,4,5.900000000000002,46.58385093167702,https://www.nba.com/stats/players/boxscores-traditional?Season=2017-18&SeasonType=Regular%20Season&TeamID=1610612741
2018,2017–18,1626166,Cameron Payne,0021701111,2018-03-27,CHI @ HOU,HOU,L,22.966666666666665,2,1,7,0,5,0,0,2,6,8,3,1,0,2,1,-38,1.4,14.285714285714285,https://www.nba.com/stats/players/boxscores-traditional?Season=2017-18&SeasonType=Regular%20Season&TeamID=1610612741
2018,2017–18,203930,Sean Kilpatrick,0021701111,2018-03-27,CHI @ HOU,HOU,L,18.183333333333334,12,5,9,1,4,1,2,1,1,2,0,0,0,1,0,-4,7.300000000000001,60.72874493927125,https://www.nba.com/stats/players/boxscores-traditional?Season=2017-18&SeasonType=Regular%20Season&TeamID=1610612741
2018,2017–18,1628021,David Nwaba,0021701111,2018-03-27,CHI @ HOU,HOU,L,29.916666666666668,6,2,8,0,1,2,2,2,4,6,0,1,0,3,2,-23,1.0,33.78378378378378,https://www.nba.com/stats/players/boxscores-traditional?Season=2017-18&SeasonType=Regular%20Season&TeamID=1610612741
2018,2017–18,1626170,Jerian Grant,0021701111,2018-03-27,CHI @ HOU,HOU,L,17.916666666666668,4,1,9,1,4,1,2,0,2,2,3,1,0,0,2,2,0.6000000000000003,20.242914979757085,https://www.nba.com/stats/players/boxscores-traditional?Season=2017-18&SeasonType=Regular%20Season&TeamID=1610612741
2018,2017–18,203200,Justin Holiday,0021701111,2018-03-27,CHI @ HOU,HOU,L,23.75,5,2,8,1,6,0,1,0,2,2,1,0,0,1,1,-36,-0.29999999999999993,29.620853080568722,https://www.nba.com/stats/players/boxscores-traditional?Season=2017-18&SeasonType=Regular%20Season&TeamID=1610612741
2018,2017–18,1627853,Ryan Arcidiacono,0021701111,2018-03-27,CHI @ HOU,HOU,L,7.116666666666666,2,0,1,0,1,2,2,0,0,0,1,0,0,0,0,4,2.0,53.191489361702125,https://www.nba.com/stats/players/boxscores-traditional?Season=2017-18&SeasonType=Regular%20Season&TeamID=1610612741
2018,2017–18,1626245,Cristiano Felicio,0021701111,2018-03-27,CHI @ HOU,HOU,L,11.166666666666666,0,0,1,0,0,0,0,1,2,3,0,0,0,2,1,-10,-1.8,0.0,https://www.nba.com/stats/players/boxscores-traditional?Season=2017-18&SeasonType=Regular%20Season&TeamID=1610612741
2018,2017–18,1627756,Denzel Valentine,0021701089,2018-03-24,CHI @ DET,DET,L,27.3,18,7,14,4,7,0,0,1,2,3,3,1,0,2,1,-17,13.0,64.28571428571429,https://www.nba.com/stats/players/boxscores-traditional?Season=2017-18&SeasonType=Regular%20Season&TeamID=1610612741
2018,2017–18,1626170,Jerian Grant,0021701089,2018-03-24,CHI @ DET,DET,L,22.916666666666668,10,4,10,2,3,0,0,1,2,3,10,1,0,0,1,-11,13.499999999999998,50.0,https://www.nba.com/stats/players/boxscores-traditional?Season=2017-18&SeasonType=Regular%20Season&TeamID=1610612741
2018,2017–18,203943,Noah Vonleh,0021701089,2018-03-24,CHI @ DET,DET,L,25.066666666666666,12,5,13,1,5,1,2,3,3,6,1,3,0,3,2,-9,7.399999999999999,43.22766570605187,https://www.nba.com/stats/players/boxscores-traditional?Season=2017-18&SeasonType=Regular%20Season&TeamID=1610612741
2018,2017–18,1628021,David Nwaba,0021701089,2018-03-24,CHI @ DET,DET,L,25.933333333333334,13,5,12,1,3,2,3,1,6,7,1,1,0,1,5,-12,7.4,48.7987987987988,https://www.nba.com/stats/players/boxscores-traditional?Season=2017-18&SeasonType=Regular%20Season&TeamID=1610612741
2018,2017–18,1626245,Cristiano Felicio,0021701089,2018-03-24,CHI @ DET,DET,L,19.666666666666668,10,4,6,0,0,2,2,4,5,9,2,0,0,0,0,9,13.1,72.67441860465115,https://www.nba.com/stats/players/boxscores-traditional?Season=2017-18&SeasonType=Regular%20Season&TeamID=1610612741
2018,2017–18,1626166,Cameron Payne,0021701089,2018-03-24,CHI @ DET,DET,L,27.933333333333334,10,4,10,1,5,1,2,1,3,4,3,1,0,0,4,-16,7.299999999999999,45.955882352941174,https://www.nba.com/stats/players/boxscores-traditional?Season=2017-18&SeasonType=Regular%20Season&TeamID=1610612741
2018,2017–18,1626171,Bobby Portis Jr.,0021701089,2018-03-24,CHI @ DET,DET,L,25.45,10,5,13,0,3,0,0,0,4,4,4,1,0,3,5,-18,2.9000000000000004,38.46153846153847,https://www.nba.com/stats/players/boxscores-traditional?Season=2017-18&SeasonType=Regular%20Season&TeamID=1610612741
2018,2017–18,203200,Justin Holiday,0021701089,2018-03-24,CHI @ DET,DET,L,21.5,5,2,9,1,6,0,0,0,4,4,0,1,0,0,1,-11,1.2999999999999998,27.77777777777778,https://www.nba.com/stats/players/boxscores-traditional?Season=2017-18&SeasonType=Regular%20Season&TeamID=1610612741
2018,2017–18,201577,Robin Lopez,0021701089,2018-03-24,CHI @ DET,DET,L,17.15,4,2,7,0,1,0,0,2,1,3,1,0,1,1,0,-19,2.0,28.57142857142857,https://www.nba.com/stats/players/boxscores-traditional?Season=2017-18&SeasonType=Regular%20Season&TeamID=1610612741
2018,2017–18,1627853,Ryan Arcidiacono,0021701089,2018-03-24,CHI @ DET,DET,L,10.983333333333333,3,1,1,1,1,0,0,0,0,0,0,1,0,0,0,-3,3.7,150.0,https://www.nba.com/stats/players/boxscores-traditional?Season=2017-18&SeasonType=Regular%20Season&TeamID=1610612741
2018,2017–18,1627835,Paul Zipser,0021701089,2018-03-24,CHI @ DET,DET,L,16.1,0,0,2,0,1,0,0,1,0,1,2,0,0,2,1,-3,-1.7000000000000002,0.0,https://www.nba.com/stats/players/boxscores-traditional?Season=2017-18&SeasonType=Regular%20Season&TeamID=1610612741
2018,2017–18,1627756,Denzel Valentine,0021701083,2018-03-23,CHI vs. MIL,MIL,L,32.4,20,7,13,4,7,2,2,0,5,5,3,2,1,5,3,-12,13.800000000000004,72.04610951008645,https://www.nba.com/stats/players/boxscores-traditional?Season=2017-18&SeasonType=Regular%20Season&TeamID=1610612741
2018,2017–18,1626166,Cameron Payne,0021701083,2018-03-23,CHI vs. MIL,MIL,L,30.566666666666666,17,6,12,2,4,3,3,1,3,4,6,1,0,1,3,0,15.599999999999998,63.813813813813816,https://www.nba.com/stats/players/boxscores-traditional?Season=2017-18&SeasonType=Regular%20Season&TeamID=1610612741
2018,2017–18,1626171,Bobby Portis Jr.,0021701083,2018-03-23,CHI vs. MIL,MIL,L,21.95,16,6,14,3,4,1,2,3,3,6,1,0,1,1,3,-5,10.399999999999999,53.76344086021505,https://www.nba.com/stats/players/boxscores-traditional?Season=2017-18&SeasonType=Regular%20Season&TeamID=1610612741
2018,2017–18,1626245,Cristiano Felicio,0021701083,2018-03-23,CHI vs. MIL,MIL,L,31.883333333333333,11,4,10,0,0,3,4,6,5,11,3,0,0,1,0,-2,11.999999999999998,46.7687074829932,https://www.nba.com/stats/players/boxscores-traditional?Season=2017-18&SeasonType=Regular%20Season&TeamID=1610612741
2018,2017–18,203200,Justin Holiday,0021701083,2018-03-23,CHI vs. MIL,MIL,L,22.0,11,4,12,1,3,2,2,1,3,4,2,0,0,0,1,11,6.800000000000001,42.701863354037265,https://www.nba.com/stats/players/boxscores-traditional?Season=2017-18&SeasonType=Regular%20Season&TeamID=1610612741
2018,2017–18,1628374,Lauri Markkanen,0021701083,2018-03-23,CHI vs. MIL,MIL,L,22.283333333333335,9,3,7,1,2,2,2,1,5,6,0,0,0,0,3,-3,6.3,57.10659898477157,https://www.nba.com/stats/players/boxscores-traditional?Season=2017-18&SeasonType=Regular%20Season&TeamID=1610612741
2018,2017–18,1628021,David Nwaba,0021701083,2018-03-23,CHI vs. MIL,MIL,L,26.666666666666668,10,2,7,0,1,6,6,3,1,4,1,0,0,2,2,-19,6.199999999999999,51.86721991701244,https://www.nba.com/stats/players/boxscores-traditional?Season=2017-18&SeasonType=Regular%20Season&TeamID=1610612741
2018,2017–18,1626170,Jerian Grant,0021701083,2018-03-23,CHI vs. MIL,MIL,L,22.033333333333335,9,3,6,1,1,2,2,1,0,1,4,0,0,3,3,-11,5.300000000000001,65.40697674418605,https://www.nba.com/stats/players/boxscores-traditional?Season=2017-18&SeasonType=Regular%20Season&TeamID=1610612741
2018,2017–18,203943,Noah Vonleh,0021701083,2018-03-23,CHI vs. MIL,MIL,L,19.883333333333333,2,1,4,0,2,0,0,1,7,8,0,0,0,1,3,-16,0.20000000000000018,25.0,https://www.nba.com/stats/players/boxscores-traditional?Season=2017-18&SeasonType=Regular%20Season&TeamID=1610612741
2018,2017–18,1627853,Ryan Arcidiacono,0021701083,2018-03-23,CHI vs. MIL,MIL,L,10.333333333333334,0,0,2,0,2,0,0,0,2,2,1,0,0,0,0,-8,-0.09999999999999998,0.0,https://www.nba.com/stats/players/boxscores-traditional?Season=2017-18&SeasonType=Regular%20Season&TeamID=1610612741
2018,2017–18,203943,Noah Vonleh,0021701069,2018-03-21,CHI vs. DEN,DEN,L,23.833333333333332,14,5,8,4,6,0,0,1,7,8,1,1,2,1,1,-5,14.899999999999997,87.5,https://www.nba.com/stats/players/boxscores-traditional?Season=2017-18&SeasonType=Regular%20Season&TeamID=1610612741
2018,2017–18,1627756,Denzel Valentine,0021701069,2018-03-21,CHI vs. DEN,DEN,L,24.016666666666666,10,4,13,2,8,0,2,1,1,2,3,5,0,2,1,-26,7.399999999999999,36.023054755043226,https://www.nba.com/stats/players/boxscores-traditional?Season=2017-18&SeasonType=Regular%20Season&TeamID=1610612741
2018,2017–18,1626166,Cameron Payne,0021701069,2018-03-21,CHI vs. DEN,DEN,L,23.216666666666665,11,4,7,3,4,0,0,0,1,1,6,2,1,2,3,-16,11.7,78.57142857142857,https://www.nba.com/stats/players/boxscores-traditional?Season=2017-18&SeasonType=Regular%20Season&TeamID=1610612741
2018,2017–18,1626171,Bobby Portis Jr.,0021701069,2018-03-21,CHI vs. DEN,DEN,L,26.3,15,5,11,1,4,4,4,2,6,8,2,0,0,2,3,-25,10.7,58.777429467084644,https://www.nba.com/stats/players/boxscores-traditional?Season=2017-18&SeasonType=Regular%20Season&TeamID=1610612741
2018,2017–18,1628021,David Nwaba,0021701069,2018-03-21,CHI vs. DEN,DEN,L,25.75,11,5,11,0,2,1,2,2,2,4,3,2,1,0,5,-12,9.7,46.29629629629629,https://www.nba.com/stats/players/boxscores-traditional?Season=2017-18&SeasonType=Regular%20Season&TeamID=1610612741
2018,2017–18,1626245,Cristiano Felicio,0021701069,2018-03-21,CHI vs. DEN,DEN,L,28.1,16,7,9,0,0,2,2,2,3,5,1,1,0,2,1,-23,14.100000000000001,80.97165991902834,https://www.nba.com/stats/players/boxscores-traditional?Season=2017-18&SeasonType=Regular%20Season&TeamID=1610612741
2018,2017–18,1626170,Jerian Grant,0021701069,2018-03-21,CHI vs. DEN,DEN,L,24.783333333333335,10,3,7,0,2,4,4,0,0,0,7,1,0,2,2,-17,9.399999999999999,57.077625570776256,https://www.nba.com/stats/players/boxscores-traditional?Season=2017-18&SeasonType=Regular%20Season&TeamID=1610612741
2018,2017–18,1628469,Antonio Blakeney,0021701069,2018-03-21,CHI vs. DEN,DEN,L,23.466666666666665,6,3,9,0,1,0,0,1,2,3,3,0,0,1,2,-4,2.5,33.33333333333333,https://www.nba.com/stats/players/boxscores-traditional?Season=2017-18&SeasonType=Regular%20Season&TeamID=1610612741
2018,2017–18,1627835,Paul Zipser,0021701069,2018-03-21,CHI vs. DEN,DEN,L,17.766666666666666,6,2,9,2,7,0,0,0,1,1,2,0,0,1,3,-13,0.0,33.33333333333333,https://www.nba.com/stats/players/boxscores-traditional?Season=2017-18&SeasonType=Regular%20Season&TeamID=1610612741
2018,2017–18,203200,Justin Holiday,0021701069,2018-03-21,CHI vs. DEN,DEN,L,22.766666666666666,3,1,5,1,4,0,0,0,2,2,1,0,0,2,1,-24,-1.2000000000000002,30.0,https://www.nba.com/stats/players/boxscores-traditional?Season=2017-18&SeasonType=Regular%20Season&TeamID=1610612741
2018,2017–18,1626171,Bobby Portis Jr.,0021701055,2018-03-19,CHI @ NYK,NYK,L,25.033333333333335,16,6,11,1,2,3,6,3,4,7,4,1,0,0,1,3,16.2,58.65102639296187,https://www.nba.com/stats/players/boxscores-traditional?Season=2017-18&SeasonType=Regular%20Season&TeamID=1610612741
2018,2017–18,1626245,Cristiano Felicio,0021701055,2018-03-19,CHI @ NYK,NYK,L,29.5,17,8,10,0,0,1,1,2,4,6,0,0,1,2,2,-23,13.7,81.4176245210728,https://www.nba.com/stats/players/boxscores-traditional?Season=2017-18&SeasonType=Regular%20Season&TeamID=1610612741
2018,2017–18,1628469,Antonio Blakeney,0021701055,2018-03-19,CHI @ NYK,NYK,L,25.916666666666668,16,4,12,1,5,7,7,0,4,4,1,0,1,2,1,-3,9.4,53.05039787798409,https://www.nba.com/stats/players/boxscores-traditional?Season=2017-18&SeasonType=Regular%20Season&TeamID=1610612741
2018,2017–18,203943,Noah Vonleh,0021701055,2018-03-19,CHI @ NYK,NYK,L,26.183333333333334,9,4,10,1,2,0,2,5,7,12,1,0,0,0,4,-3,7.5,41.36029411764706,https://www.nba.com/stats/players/boxscores-traditional?Season=2017-18&SeasonType=Regular%20Season&TeamID=1610612741
2018,2017–18,1626166,Cameron Payne,0021701055,2018-03-19,CHI @ NYK,NYK,L,28.733333333333334,4,2,12,0,5,0,0,2,4,6,6,0,2,2,3,-24,1.3999999999999995,16.666666666666664,https://www.nba.com/stats/players/boxscores-traditional?Season=2017-18&SeasonType=Regular%20Season&TeamID=1610612741
2018,2017–18,1628021,David Nwaba,0021701055,2018-03-19,CHI @ NYK,NYK,L,20.55,7,2,5,0,1,3,5,1,2,3,4,1,1,1,0,-6,8.299999999999999,48.61111111111111,https://www.nba.com/stats/players/boxscores-traditional?Season=2017-18&SeasonType=Regular%20Season&TeamID=1610612741
2018,2017–18,1627835,Paul Zipser,0021701055,2018-03-19,CHI @ NYK,NYK,L,25.3,7,1,8,0,5,5,6,1,5,6,1,1,1,1,3,-23,3.8000000000000007,32.89473684210526,https://www.nba.com/stats/players/boxscores-traditional?Season=2017-18&SeasonType=Regular%20Season&TeamID=1610612741
2018,2017–18,1627756,Denzel Valentine,0021701055,2018-03-19,CHI @ NYK,NYK,L,21.65,8,4,11,0,4,0,0,0,3,3,2,0,1,0,0,-11,4.9,36.36363636363637,https://www.nba.com/stats/players/boxscores-traditional?Season=2017-18&SeasonType=Regular%20Season&TeamID=1610612741
2018,2017–18,1626170,Jerian Grant,0021701055,2018-03-19,CHI @ NYK,NYK,L,19.266666666666666,8,2,7,0,1,4,4,0,0,0,1,2,0,0,1,6,6.200000000000001,45.662100456621005,https://www.nba.com/stats/players/boxscores-traditional?Season=2017-18&SeasonType=Regular%20Season&TeamID=1610612741
2018,2017–18,203200,Justin Holiday,0021701055,2018-03-19,CHI @ NYK,NYK,L,17.866666666666667,0,0,6,0,5,0,0,0,1,1,1,4,0,3,0,-6,-2.1999999999999993,0.0,https://www.nba.com/stats/players/boxscores-traditional?Season=2017-18&SeasonType=Regular%20Season&TeamID=1610612741
2018,2017–18,1627756,Denzel Valentine,0021701039,2018-03-17,CHI vs. CLE,CLE,L,38.56666666666667,34,13,20,8,11,0,0,1,6,7,6,0,1,0,3,14,31.400000000000002,85.0,https://www.nba.com/stats/players/boxscores-traditional?Season=2017-18&SeasonType=Regular%20Season&TeamID=1610612741
2018,2017–18,1626171,Bobby Portis Jr.,0021701039,2018-03-17,CHI vs. CLE,CLE,L,34.88333333333333,15,7,15,1,2,0,0,4,11,15,2,0,0,2,4,-10,11.200000000000003,50.0,https://www.nba.com/stats/players/boxscores-traditional?Season=2017-18&SeasonType=Regular%20Season&TeamID=1610612741
2018,2017–18,1626166,Cameron Payne,0021701039,2018-03-17,CHI vs. CLE,CLE,L,31.80666666666667,13,5,11,3,6,0,0,1,1,2,10,0,0,3,2,-2,11.5,59.09090909090909,https://www.nba.com/stats/players/boxscores-traditional?Season=2017-18&SeasonType=Regular%20Season&TeamID=1610612741
2018,2017–18,1626245,Cristiano Felicio,0021701039,2018-03-17,CHI vs. CLE,CLE,L,30.21,10,4,7,0,0,2,2,1,9,10,2,1,0,3,2,-13,8.7,63.45177664974619,https://www.nba.com/stats/players/boxscores-traditional?Season=2017-18&SeasonType=Regular%20Season&TeamID=1610612741
2018,2017–18,1627835,Paul Zipser,0021701039,2018-03-17,CHI vs. CLE,CLE,L,23.916666666666668,11,4,9,3,4,0,0,0,4,4,2,0,2,0,5,9,8.3,61.111111111111114,https://www.nba.com/stats/players/boxscores-traditional?Season=2017-18&SeasonType=Regular%20Season&TeamID=1610612741
2018,2017–18,1628469,Antonio Blakeney,0021701039,2018-03-17,CHI vs. CLE,CLE,L,27.366666666666667,10,4,14,1,6,1,2,0,1,1,3,1,0,0,1,-12,4.4,33.60215053763441,https://www.nba.com/stats/players/boxscores-traditional?Season=2017-18&SeasonType=Regular%20Season&TeamID=1610612741
2018,2017–18,203200,Justin Holiday,0021701039,2018-03-17,CHI vs. CLE,CLE,L,17.2,5,2,6,0,3,1,1,1,1,2,3,2,0,2,2,3,3.9000000000000004,38.81987577639751,https://www.nba.com/stats/players/boxscores-traditional?Season=2017-18&SeasonType=Regular%20Season&TeamID=1610612741
2018,2017–18,1628021,David Nwaba,0021701039,2018-03-17,CHI vs. CLE,CLE,L,19.866666666666667,5,2,6,0,0,1,2,3,1,4,1,0,0,2,1,-11,1.9,36.337209302325576,https://www.nba.com/stats/players/boxscores-traditional?Season=2017-18&SeasonType=Regular%20Season&TeamID=1610612741
2018,2017–18,1626170,Jerian Grant,0021701039,2018-03-17,CHI vs. CLE,CLE,L,16.183333333333334,6,0,3,0,2,6,8,0,0,0,1,0,0,0,1,-3,3.400000000000001,46.012269938650306,https://www.nba.com/stats/players/boxscores-traditional?Season=2017-18&SeasonType=Regular%20Season&TeamID=1610612741
2018,2017–18,1626171,Bobby Portis Jr.,0021701024,2018-03-15,CHI @ MEM,MEM,W,22.566666666666666,17,6,11,3,6,2,2,0,6,6,2,3,0,1,2,16,16.099999999999998,71.54882154882154,https://www.nba.com/stats/players/boxscores-traditional?Season=2017-18&SeasonType=Regular%20Season&TeamID=1610612741
2018,2017–18,203897,Zach LaVine,0021701024,2018-03-15,CHI @ MEM,MEM,W,26.16,20,4,12,2,7,10,10,1,3,4,4,1,1,4,4,-6,13.7,60.97560975609757,https://www.nba.com/stats/players/boxscores-traditional?Season=2017-18&SeasonType=Regular%20Season&TeamID=1610612741
2018,2017–18,1627756,Denzel Valentine,0021701024,2018-03-15,CHI @ MEM,MEM,W,20.223333333333333,15,5,8,5,7,0,0,0,5,5,4,1,0,3,5,17,11.7,93.75,https://www.nba.com/stats/players/boxscores-traditional?Season=2017-18&SeasonType=Regular%20Season&TeamID=1610612741
2018,2017–18,203943,Noah Vonleh,0021701024,2018-03-15,CHI @ MEM,MEM,W,32.7,7,3,10,1,6,0,0,2,8,10,1,1,0,0,2,-15,5.8999999999999995,35.0,https://www.nba.com/stats/players/boxscores-traditional?Season=2017-18&SeasonType=Regular%20Season&TeamID=1610612741
2018,2017–18,1626166,Cameron Payne,0021701024,2018-03-15,CHI @ MEM,MEM,W,25.166666666666668,8,3,9,2,5,0,0,1,2,3,5,0,0,0,1,8,7.299999999999999,44.44444444444444,https://www.nba.com/stats/players/boxscores-traditional?Season=2017-18&SeasonType=Regular%20Season&TeamID=1610612741
2018,2017–18,1627739,Kris Dunn,0021701024,2018-03-15,CHI @ MEM,MEM,W,25.233333333333334,6,3,7,0,3,0,0,0,2,2,4,2,0,2,2,-7,4.9,42.857142857142854,https://www.nba.com/stats/players/boxscores-traditional?Season=2017-18&SeasonType=Regular%20Season&TeamID=1610612741
2018,2017–18,1628021,David Nwaba,0021701024,2018-03-15,CHI @ MEM,MEM,W,13.916666666666666,10,3,6,0,1,4,5,2,2,4,0,1,0,1,0,-9,8.6,60.97560975609757,https://www.nba.com/stats/players/boxscores-traditional?Season=2017-18&SeasonType=Regular%20Season&TeamID=1610612741
2018,2017–18,1628469,Antonio Blakeney,0021701024,2018-03-15,CHI @ MEM,MEM,W,24.7,10,2,7,1,4,5,8,0,1,1,1,1,0,0,3,6,5.500000000000001,47.52851711026616,https://www.nba.com/stats/players/boxscores-traditional?Season=2017-18&SeasonType=Regular%20Season&TeamID=1610612741
2018,2017–18,1626245,Cristiano Felicio,0021701024,2018-03-15,CHI @ MEM,MEM,W,23.933333333333334,9,3,4,0,0,3,6,1,2,3,0,0,1,1,4,4,5.6,67.7710843373494,https://www.nba.com/stats/players/boxscores-traditional?Season=2017-18&SeasonType=Regular%20Season&TeamID=1610612741
2018,2017–18,201577,Robin Lopez,0021701024,2018-03-15,CHI @ MEM,MEM,W,12.0,5,2,3,1,1,0,0,1,0,1,2,0,0,1,0,-7,4.800000000000001,83.33333333333334,https://www.nba.com/stats/players/boxscores-traditional?Season=2017-18&SeasonType=Regular%20Season&TeamID=1610612741
2018,2017–18,1627835,Paul Zipser,0021701024,2018-03-15,CHI @ MEM,MEM,W,13.4,4,1,3,0,1,2,2,0,3,3,0,0,0,0,0,-2,3.2000000000000006,51.54639175257733,https://www.nba.com/stats/players/boxscores-traditional?Season=2017-18&SeasonType=Regular%20Season&TeamID=1610612741
2018,2017–18,1626171,Bobby Portis Jr.,0021701010,2018-03-13,CHI vs. LAC,LAC,L,27.116666666666667,19,8,19,3,6,0,0,1,8,9,1,2,0,0,5,1,12.7,50.0,https://www.nba.com/stats/players/boxscores-traditional?Season=2017-18&SeasonType=Regular%20Season&TeamID=1610612741
2018,2017–18,1627739,Kris Dunn,0021701010,2018-03-13,CHI vs. LAC,LAC,L,26.383333333333333,18,6,9,0,2,6,6,0,1,1,6,2,0,2,5,-1,16.599999999999998,77.31958762886597,https://www.nba.com/stats/players/boxscores-traditional?Season=2017-18&SeasonType=Regular%20Season&TeamID=1610612741
2018,2017–18,1628021,David Nwaba,0021701010,2018-03-13,CHI vs. LAC,LAC,L,27.816666666666666,15,7,11,1,2,0,0,1,3,4,1,1,2,1,1,-2,13.4,68.18181818181817,https://www.nba.com/stats/players/boxscores-traditional?Season=2017-18&SeasonType=Regular%20Season&TeamID=1610612741
2018,2017–18,1626166,Cameron Payne,0021701010,2018-03-13,CHI vs. LAC,LAC,L,21.616666666666667,10,4,10,1,2,1,2,0,5,5,3,2,0,0,2,-5,8.999999999999998,45.955882352941174,https://www.nba.com/stats/players/boxscores-traditional?Season=2017-18&SeasonType=Regular%20Season&TeamID=1610612741
2018,2017–18,203943,Noah Vonleh,0021701010,2018-03-13,CHI vs. LAC,LAC,L,27.066666666666666,8,3,11,0,5,2,2,3,4,7,2,1,0,1,4,-16,4.6,33.67003367003367,https://www.nba.com/stats/players/boxscores-traditional?Season=2017-18&SeasonType=Regular%20Season&TeamID=1610612741
2018,2017–18,203897,Zach LaVine,0021701010,2018-03-13,CHI vs. LAC,LAC,L,26.4,10,3,13,1,5,3,3,1,5,6,2,0,0,2,3,-13,2.499999999999999,34.91620111731844,https://www.nba.com/stats/players/boxscores-traditional?Season=2017-18&SeasonType=Regular%20Season&TeamID=1610612741
2018,2017–18,1628469,Antonio Blakeney,0021701010,2018-03-13,CHI vs. LAC,LAC,L,21.283333333333335,6,2,8,1,3,1,1,0,0,0,4,2,0,0,2,6,5.2,35.54502369668246,https://www.nba.com/stats/players/boxscores-traditional?Season=2017-18&SeasonType=Regular%20Season&TeamID=1610612741
2018,2017–18,201577,Robin Lopez,0021701010,2018-03-13,CHI vs. LAC,LAC,L,12.0,12,6,8,0,2,0,0,3,0,3,0,0,0,0,0,-4,10.9,75.0,https://www.nba.com/stats/players/boxscores-traditional?Season=2017-18&SeasonType=Regular%20Season&TeamID=1610612741
2018,2017–18,1626245,Cristiano Felicio,0021701010,2018-03-13,CHI vs. LAC,LAC,L,29.816666666666666,4,2,6,0,1,0,0,1,2,3,5,1,0,1,4,7,3.8000000000000007,33.33333333333333,https://www.nba.com/stats/players/boxscores-traditional?Season=2017-18&SeasonType=Regular%20Season&TeamID=1610612741
2018,2017–18,1627756,Denzel Valentine,0021701010,2018-03-13,CHI vs. LAC,LAC,L,20.5,4,2,6,0,1,0,1,1,6,7,2,0,0,2,2,-3,1.2999999999999998,31.05590062111801,https://www.nba.com/stats/players/boxscores-traditional?Season=2017-18&SeasonType=Regular%20Season&TeamID=1610612741
2018,2017–18,1626171,Bobby Portis Jr.,0021700993,2018-03-11,CHI @ ATL,ATL,W,27.083333333333332,21,9,16,2,5,1,1,5,5,10,5,1,0,0,3,21,21.700000000000003,63.86861313868613,https://www.nba.com/stats/players/boxscores-traditional?Season=2017-18&SeasonType=Regular%20Season&TeamID=1610612741
2018,2017–18,1628374,Lauri Markkanen,0021700993,2018-03-11,CHI @ ATL,ATL,W,29.033333333333335,19,6,13,1,5,6,6,2,6,8,0,1,1,1,2,-15,15.399999999999999,60.74168797953964,https://www.nba.com/stats/players/boxscores-traditional?Season=2017-18&SeasonType=Regular%20Season&TeamID=1610612741
2018,2017–18,203897,Zach LaVine,0021700993,2018-03-11,CHI @ ATL,ATL,W,28.366666666666667,21,7,16,3,8,4,4,0,1,1,3,0,1,1,3,-8,13.5,59.121621621621614,https://www.nba.com/stats/players/boxscores-traditional?Season=2017-18&SeasonType=Regular%20Season&TeamID=1610612741
2018,2017–18,1627756,Denzel Valentine,0021700993,2018-03-11,CHI @ ATL,ATL,W,26.316666666666666,12,5,10,2,4,0,0,1,5,6,7,1,0,2,3,11,11.899999999999999,60.0,https://www.nba.com/stats/players/boxscores-traditional?Season=2017-18&SeasonType=Regular%20Season&TeamID=1610612741
2018,2017–18,1627739,Kris Dunn,0021700993,2018-03-11,CHI @ ATL,ATL,W,30.6,13,5,13,2,4,1,2,1,1,2,5,3,0,1,4,-17,10.4,46.829971181556196,https://www.nba.com/stats/players/boxscores-traditional?Season=2017-18&SeasonType=Regular%20Season&TeamID=1610612741
2018,2017–18,203943,Noah Vonleh,0021700993,2018-03-11,CHI @ ATL,ATL,W,18.933333333333334,8,3,8,2,5,0,0,0,8,8,2,0,1,0,0,20,8.1,50.0,https://www.nba.com/stats/players/boxscores-traditional?Season=2017-18&SeasonType=Regular%20Season&TeamID=1610612741
2018,2017–18,1628469,Antonio Blakeney,0021700993,2018-03-11,CHI @ ATL,ATL,W,18.55,14,6,9,2,3,0,0,0,3,3,1,1,0,0,2,16,11.899999999999997,77.77777777777779,https://www.nba.com/stats/players/boxscores-traditional?Season=2017-18&SeasonType=Regular%20Season&TeamID=1610612741
2018,2017–18,1628021,David Nwaba,0021700993,2018-03-11,CHI @ ATL,ATL,W,22.766666666666666,10,3,4,2,2,2,4,0,3,3,2,1,0,0,5,-5,8.899999999999999,86.80555555555556,https://www.nba.com/stats/players/boxscores-traditional?Season=2017-18&SeasonType=Regular%20Season&TeamID=1610612741
2018,2017–18,1626166,Cameron Payne,0021700993,2018-03-11,CHI @ ATL,ATL,W,17.4,7,2,3,1,1,2,2,1,1,2,4,2,0,0,0,24,11.5,90.20618556701031,https://www.nba.com/stats/players/boxscores-traditional?Season=2017-18&SeasonType=Regular%20Season&TeamID=1610612741
2018,2017–18,201577,Robin Lopez,0021700993,2018-03-11,CHI @ ATL,ATL,W,12.0,4,2,6,0,0,0,0,2,0,2,1,0,1,0,1,-14,3.0000000000000004,33.33333333333333,https://www.nba.com/stats/players/boxscores-traditional?Season=2017-18&SeasonType=Regular%20Season&TeamID=1610612741
2018,2017–18,1626245,Cristiano Felicio,0021700993,2018-03-11,CHI @ ATL,ATL,W,8.95,0,0,0,0,0,0,0,1,1,2,1,0,0,0,1,2,1.2999999999999998,0.0,https://www.nba.com/stats/players/boxscores-traditional?Season=2017-18&SeasonType=Regular%20Season&TeamID=1610612741
2018,2017–18,1626166,Cameron Payne,0021700977,2018-03-09,CHI @ DET,DET,L,22.683333333333334,17,6,10,4,6,1,1,0,1,1,0,2,0,2,2,-4,11.899999999999999,81.4176245210728,https://www.nba.com/stats/players/boxscores-traditional?Season=2017-18&SeasonType=Regular%20Season&TeamID=1610612741
2018,2017–18,1627739,Kris Dunn,0021700977,2018-03-09,CHI @ DET,DET,L,25.298333333333332,13,6,12,1,2,0,0,0,1,1,4,3,0,0,3,-12,11.900000000000002,54.166666666666664,https://www.nba.com/stats/players/boxscores-traditional?Season=2017-18&SeasonType=Regular%20Season&TeamID=1610612741
2018,2017–18,1627756,Denzel Valentine,0021700977,2018-03-09,CHI @ DET,DET,L,31.15,4,2,7,0,3,0,0,1,7,8,5,2,0,0,4,-11,6.6,28.57142857142857,https://www.nba.com/stats/players/boxscores-traditional?Season=2017-18&SeasonType=Regular%20Season&TeamID=1610612741
2018,2017–18,1628374,Lauri Markkanen,0021700977,2018-03-09,CHI @ DET,DET,L,26.983333333333334,6,3,12,0,3,0,0,2,6,8,2,0,0,0,0,-17,3.4000000000000012,25.0,https://www.nba.com/stats/players/boxscores-traditional?Season=2017-18&SeasonType=Regular%20Season&TeamID=1610612741
2018,2017–18,1626171,Bobby Portis Jr.,0021700977,2018-03-09,CHI @ DET,DET,L,27.833333333333332,2,1,10,0,3,0,0,2,3,5,5,2,0,4,3,-12,-2.0,10.0,https://www.nba.com/stats/players/boxscores-traditional?Season=2017-18&SeasonType=Regular%20Season&TeamID=1610612741
2018,2017–18,203943,Noah Vonleh,0021700977,2018-03-09,CHI @ DET,DET,L,19.316666666666666,8,3,8,1,3,1,2,3,3,6,1,0,0,1,0,-5,5.8999999999999995,45.04504504504504,https://www.nba.com/stats/players/boxscores-traditional?Season=2017-18&SeasonType=Regular%20Season&TeamID=1610612741
2018,2017–18,203897,Zach LaVine,0021700977,2018-03-09,CHI @ DET,DET,L,26.816666666666666,8,3,15,0,4,2,3,0,3,3,0,2,0,2,3,-17,-2.000000000000001,24.509803921568626,https://www.nba.com/stats/players/boxscores-traditional?Season=2017-18&SeasonType=Regular%20Season&TeamID=1610612741
2018,2017–18,201577,Robin Lopez,0021700977,2018-03-09,CHI @ DET,DET,L,12.0,9,4,4,1,1,0,0,0,2,2,0,0,0,0,1,5,8.0,112.5,https://www.nba.com/stats/players/boxscores-traditional?Season=2017-18&SeasonType=Regular%20Season&TeamID=1610612741
2018,2017–18,203200,Justin Holiday,0021700977,2018-03-09,CHI @ DET,DET,L,12.0,6,2,6,2,5,0,0,0,2,2,0,0,0,1,0,5,2.2000000000000006,50.0,https://www.nba.com/stats/players/boxscores-traditional?Season=2017-18&SeasonType=Regular%20Season&TeamID=1610612741
2018,2017–18,1626245,Cristiano Felicio,0021700977,2018-03-09,CHI @ DET,DET,L,9.885,4,1,3,0,0,2,2,2,1,3,2,0,0,0,1,-3,5.0,51.54639175257733,https://www.nba.com/stats/players/boxscores-traditional?Season=2017-18&SeasonType=Regular%20Season&TeamID=1610612741
2018,2017–18,1628469,Antonio Blakeney,0021700977,2018-03-09,CHI @ DET,DET,L,2.816666666666667,4,2,2,0,0,0,0,0,1,1,0,0,0,0,0,3,3.6999999999999997,100.0,https://www.nba.com/stats/players/boxscores-traditional?Season=2017-18&SeasonType=Regular%20Season&TeamID=1610612741
2018,2017–18,1628021,David Nwaba,0021700977,2018-03-09,CHI @ DET,DET,L,23.216666666666665,2,0,4,0,1,2,2,0,2,2,0,0,0,3,2,-12,-4.0,20.491803278688526,https://www.nba.com/stats/players/boxscores-traditional?Season=2017-18&SeasonType=Regular%20Season&TeamID=1610612741
2018,2017–18,1627739,Kris Dunn,0021700967,2018-03-07,CHI vs. MEM,MEM,W,32.0,21,6,11,1,3,8,10,1,2,3,9,3,1,6,5,12,18.2,68.18181818181817,https://www.nba.com/stats/players/boxscores-traditional?Season=2017-18&SeasonType=Regular%20Season&TeamID=1610612741
2018,2017–18,1626171,Bobby Portis Jr.,0021700967,2018-03-07,CHI vs. MEM,MEM,W,29.783333333333335,15,6,12,1,4,2,2,3,7,10,2,2,0,3,5,-1,11.599999999999998,58.22981366459628,https://www.nba.com/stats/players/boxscores-traditional?Season=2017-18&SeasonType=Regular%20Season&TeamID=1610612741
2018,2017–18,1628374,Lauri Markkanen,0021700967,2018-03-07,CHI vs. MEM,MEM,W,34.833333333333336,22,8,14,2,6,4,4,1,5,6,0,1,0,1,1,18,17.200000000000003,69.79695431472082,https://www.nba.com/stats/players/boxscores-traditional?Season=2017-18&SeasonType=Regular%20Season&TeamID=1610612741
2018,2017–18,203897,Zach LaVine,0021700967,2018-03-07,CHI vs. MEM,MEM,W,33.24166666666667,21,8,14,1,4,4,6,0,2,2,5,1,0,2,1,19,16.3,63.10096153846153,https://www.nba.com/stats/players/boxscores-traditional?Season=2017-18&SeasonType=Regular%20Season&TeamID=1610612741
2018,2017–18,203200,Justin Holiday,0021700967,2018-03-07,CHI vs. MEM,MEM,W,17.35,14,5,5,4,4,0,0,0,4,4,1,1,0,3,2,6,11.599999999999998,140.0,https://www.nba.com/stats/players/boxscores-traditional?Season=2017-18&SeasonType=Regular%20Season&TeamID=1610612741
2018,2017–18,1626166,Cameron Payne,0021700967,2018-03-07,CHI vs. MEM,MEM,W,16.0,7,3,6,0,1,1,2,1,1,2,3,1,0,3,1,-3,4.299999999999999,50.872093023255815,https://www.nba.com/stats/players/boxscores-traditional?Season=2017-18&SeasonType=Regular%20Season&TeamID=1610612741
2018,2017–18,203943,Noah Vonleh,0021700967,2018-03-07,CHI vs. MEM,MEM,W,13.166666666666666,9,3,5,2,3,1,2,0,1,1,0,1,0,0,1,-9,7.199999999999998,76.53061224489795,https://www.nba.com/stats/players/boxscores-traditional?Season=2017-18&SeasonType=Regular%20Season&TeamID=1610612741
2018,2017–18,1628021,David Nwaba,0021700967,2018-03-07,CHI vs. MEM,MEM,W,24.1,8,3,4,0,0,2,3,2,2,4,1,0,0,1,2,-5,6.899999999999998,75.18796992481202,https://www.nba.com/stats/players/boxscores-traditional?Season=2017-18&SeasonType=Regular%20Season&TeamID=1610612741
2018,2017–18,1626245,Cristiano Felicio,0021700967,2018-03-07,CHI vs. MEM,MEM,W,18.216666666666665,1,0,0,0,0,1,2,1,7,8,0,0,0,0,4,10,1.7999999999999998,56.81818181818182,https://www.nba.com/stats/players/boxscores-traditional?Season=2017-18&SeasonType=Regular%20Season&TeamID=1610612741
2018,2017–18,1627756,Denzel Valentine,0021700967,2018-03-07,CHI vs. MEM,MEM,W,21.308333333333334,1,0,8,0,4,1,1,0,1,1,4,0,0,1,0,-2,-2.5,5.924170616113744,https://www.nba.com/stats/players/boxscores-traditional?Season=2017-18&SeasonType=Regular%20Season&TeamID=1610612741
2018,2017–18,1627756,Denzel Valentine,0021700953,2018-03-05,CHI vs. BOS,BOS,L,28.6,20,7,11,4,6,2,2,0,5,5,2,2,0,2,3,-2,16.8,84.17508417508417,https://www.nba.com/stats/players/boxscores-traditional?Season=2017-18&SeasonType=Regular%20Season&TeamID=1610612741
2018,2017–18,1628374,Lauri Markkanen,0021700953,2018-03-05,CHI vs. BOS,BOS,L,30.3,12,5,10,2,5,0,0,0,4,4,1,1,1,0,1,-28,10.199999999999998,60.0,https://www.nba.com/stats/players/boxscores-traditional?Season=2017-18&SeasonType=Regular%20Season&TeamID=1610612741
2018,2017–18,1628021,David Nwaba,0021700953,2018-03-05,CHI vs. BOS,BOS,L,29.683333333333334,10,3,7,1,1,3,6,2,1,3,3,2,0,3,3,-23,6.699999999999999,51.86721991701244,https://www.nba.com/stats/players/boxscores-traditional?Season=2017-18&SeasonType=Regular%20Season&TeamID=1610612741
2018,2017–18,1626166,Cameron Payne,0021700953,2018-03-05,CHI vs. BOS,BOS,L,19.516666666666666,10,4,7,2,4,0,0,0,0,0,2,3,0,1,1,10,9.7,71.42857142857143,https://www.nba.com/stats/players/boxscores-traditional?Season=2017-18&SeasonType=Regular%20Season&TeamID=1610612741
2018,2017–18,1627739,Kris Dunn,0021700953,2018-03-05,CHI vs. BOS,BOS,L,28.483333333333334,7,3,10,1,3,0,0,0,4,4,4,1,0,3,3,-26,1.9999999999999991,35.0,https://www.nba.com/stats/players/boxscores-traditional?Season=2017-18&SeasonType=Regular%20Season&TeamID=1610612741
2018,2017–18,1626245,Cristiano Felicio,0021700953,2018-03-05,CHI vs. BOS,BOS,L,21.733333333333334,8,4,5,0,0,0,0,1,4,5,1,1,0,0,2,16,8.899999999999999,80.0,https://www.nba.com/stats/players/boxscores-traditional?Season=2017-18&SeasonType=Regular%20Season&TeamID=1610612741
2018,2017–18,203943,Noah Vonleh,0021700953,2018-03-05,CHI vs. BOS,BOS,L,16.643333333333334,3,1,7,0,3,1,2,3,6,9,2,0,0,0,0,13,3.4,19.03553299492386,https://www.nba.com/stats/players/boxscores-traditional?Season=2017-18&SeasonType=Regular%20Season&TeamID=1610612741
2018,2017–18,1626171,Bobby Portis Jr.,0021700953,2018-03-05,CHI vs. BOS,BOS,L,27.323333333333334,7,2,8,0,3,3,3,1,5,6,1,0,0,2,1,-33,2.7,37.553648068669524,https://www.nba.com/stats/players/boxscores-traditional?Season=2017-18&SeasonType=Regular%20Season&TeamID=1610612741
2018,2017–18,1626170,Jerian Grant,0021700953,2018-03-05,CHI vs. BOS,BOS,L,7.65,8,2,4,2,3,2,3,0,0,0,1,1,0,0,0,12,7.300000000000001,75.18796992481202,https://www.nba.com/stats/players/boxscores-traditional?Season=2017-18&SeasonType=Regular%20Season&TeamID=1610612741
2018,2017–18,203897,Zach LaVine,0021700953,2018-03-05,CHI vs. BOS,BOS,L,27.083333333333332,4,1,11,0,4,2,4,0,0,0,1,3,0,2,2,-29,-3.199999999999999,15.673981191222571,https://www.nba.com/stats/players/boxscores-traditional?Season=2017-18&SeasonType=Regular%20Season&TeamID=1610612741
2018,2017–18,204067,Jarell Eddie,0021700953,2018-03-05,CHI vs. BOS,BOS,L,2.9833333333333334,0,0,1,0,1,0,0,0,0,0,0,0,0,0,0,10,-0.7,0.0,https://www.nba.com/stats/players/boxscores-traditional?Season=2017-18&SeasonType=Regular%20Season&TeamID=1610612741
2018,2017–18,1627739,Kris Dunn,0021700930,2018-03-02,CHI vs. DAL,DAL,W,34.28333333333333,18,6,12,3,4,3,4,0,7,7,7,1,1,2,5,9,16.299999999999997,65.40697674418605,https://www.nba.com/stats/players/boxscores-traditional?Season=2017-18&SeasonType=Regular%20Season&TeamID=1610612741
2018,2017–18,1628021,David Nwaba,0021700930,2018-03-02,CHI vs. DAL,DAL,W,33.15,10,4,9,0,2,2,2,2,9,11,5,3,1,2,3,10,13.399999999999999,50.607287449392715,https://www.nba.com/stats/players/boxscores-traditional?Season=2017-18&SeasonType=Regular%20Season&TeamID=1610612741
2018,2017–18,1628374,Lauri Markkanen,0021700930,2018-03-02,CHI vs. DAL,DAL,W,34.21666666666667,17,7,15,3,5,0,0,4,8,12,1,0,0,0,2,12,14.4,56.666666666666664,https://www.nba.com/stats/players/boxscores-traditional?Season=2017-18&SeasonType=Regular%20Season&TeamID=1610612741
2018,2017–18,1626171,Bobby Portis Jr.,0021700930,2018-03-02,CHI vs. DAL,DAL,W,34.05,22,9,16,2,5,2,4,3,2,5,2,0,0,2,3,21,14.5,61.936936936936924,https://www.nba.com/stats/players/boxscores-traditional?Season=2017-18&SeasonType=Regular%20Season&TeamID=1610612741
2018,2017–18,203897,Zach LaVine,0021700930,2018-03-02,CHI vs. DAL,DAL,W,34.46666666666667,16,6,14,1,5,3,3,0,2,2,6,1,0,2,1,3,11.999999999999998,52.21932114882506,https://www.nba.com/stats/players/boxscores-traditional?Season=2017-18&SeasonType=Regular%20Season&TeamID=1610612741
2018,2017–18,1627756,Denzel Valentine,0021700930,2018-03-02,CHI vs. DAL,DAL,W,21.966666666666665,7,3,8,1,4,0,1,0,3,3,2,1,0,1,1,6,4.1,41.46919431279621,https://www.nba.com/stats/players/boxscores-traditional?Season=2017-18&SeasonType=Regular%20Season&TeamID=1610612741
2018,2017–18,1626245,Cristiano Felicio,0021700930,2018-03-02,CHI vs. DAL,DAL,W,24.75,8,3,5,0,0,2,4,1,2,3,0,0,0,3,2,-17,2.3999999999999995,59.171597633136095,https://www.nba.com/stats/players/boxscores-traditional?Season=2017-18&SeasonType=Regular%20Season&TeamID=1610612741
2018,2017–18,1626166,Cameron Payne,0021700930,2018-03-02,CHI vs. DAL,DAL,W,13.716666666666667,4,2,6,0,1,0,0,0,1,1,0,2,0,0,1,-1,2.5000000000000004,33.33333333333333,https://www.nba.com/stats/players/boxscores-traditional?Season=2017-18&SeasonType=Regular%20Season&TeamID=1610612741
2018,2017–18,1626170,Jerian Grant,0021700930,2018-03-02,CHI vs. DAL,DAL,W,6.416666666666667,4,1,1,0,0,2,2,0,0,0,1,2,0,1,0,-3,5.4,106.38297872340425,https://www.nba.com/stats/players/boxscores-traditional?Season=2017-18&SeasonType=Regular%20Season&TeamID=1610612741
2018,2017–18,203943,Noah Vonleh,0021700930,2018-03-02,CHI vs. DAL,DAL,W,2.9833333333333334,2,1,3,0,1,0,0,1,0,1,0,0,0,0,0,0,1.0000000000000002,33.33333333333333,https://www.nba.com/stats/players/boxscores-traditional?Season=2017-18&SeasonType=Regular%20Season&TeamID=1610612741
2018,2017–18,203897,Zach LaVine,0021700907,2018-02-27,CHI @ CHA,CHA,L,34.81666666666667,21,7,19,3,5,4,6,2,2,4,4,0,0,3,2,-20,10.7,48.52125693160813,https://www.nba.com/stats/players/boxscores-traditional?Season=2017-18&SeasonType=Regular%20Season&TeamID=1610612741
2018,2017–18,1628021,David Nwaba,0021700907,2018-02-27,CHI @ CHA,CHA,L,31.716666666666665,11,4,5,1,1,2,2,3,3,6,2,3,1,0,5,1,15.2,93.5374149659864,https://www.nba.com/stats/players/boxscores-traditional?Season=2017-18&SeasonType=Regular%20Season&TeamID=1610612741
2018,2017–18,1627756,Denzel Valentine,0021700907,2018-02-27,CHI @ CHA,CHA,L,29.466666666666665,14,5,9,2,4,2,2,0,6,6,4,1,0,1,2,-11,13.5,70.85020242914979,https://www.nba.com/stats/players/boxscores-traditional?Season=2017-18&SeasonType=Regular%20Season&TeamID=1610612741
2018,2017–18,1626171,Bobby Portis Jr.,0021700907,2018-02-27,CHI @ CHA,CHA,L,23.09,12,4,9,2,4,2,3,3,7,10,1,1,0,3,2,2,8.999999999999998,58.139534883720934,https://www.nba.com/stats/players/boxscores-traditional?Season=2017-18&SeasonType=Regular%20Season&TeamID=1610612741
2018,2017–18,1626245,Cristiano Felicio,0021700907,2018-02-27,CHI @ CHA,CHA,L,26.31,12,6,8,0,0,0,0,2,4,6,4,1,0,2,3,-17,12.0,75.0,https://www.nba.com/stats/players/boxscores-traditional?Season=2017-18&SeasonType=Regular%20Season&TeamID=1610612741
2018,2017–18,1628374,Lauri Markkanen,0021700907,2018-02-27,CHI @ CHA,CHA,L,32.2,11,5,11,1,4,0,0,1,6,7,1,2,0,2,1,-19,8.1,50.0,https://www.nba.com/stats/players/boxscores-traditional?Season=2017-18&SeasonType=Regular%20Season&TeamID=1610612741
2018,2017–18,1627739,Kris Dunn,0021700907,2018-02-27,CHI @ CHA,CHA,L,30.116666666666667,10,2,11,0,3,6,8,0,2,2,3,0,2,7,4,-18,-2.1999999999999975,34.435261707988985,https://www.nba.com/stats/players/boxscores-traditional?Season=2017-18&SeasonType=Regular%20Season&TeamID=1610612741
2018,2017–18,1626166,Cameron Payne,0021700907,2018-02-27,CHI @ CHA,CHA,L,17.883333333333333,6,3,4,0,1,0,0,0,1,1,6,0,2,1,2,3,8.499999999999998,75.0,https://www.nba.com/stats/players/boxscores-traditional?Season=2017-18&SeasonType=Regular%20Season&TeamID=1610612741
2018,2017–18,203943,Noah Vonleh,0021700907,2018-02-27,CHI @ CHA,CHA,L,14.4,6,3,5,0,2,0,0,0,2,2,1,0,0,1,2,4,3.2,60.0,https://www.nba.com/stats/players/boxscores-traditional?Season=2017-18&SeasonType=Regular%20Season&TeamID=1610612741
2018,2017–18,1627739,Kris Dunn,0021700899,2018-02-26,CHI @ BKN,BKN,L,30.45,23,9,15,1,1,4,5,0,3,3,4,2,2,4,2,-23,18.0,66.86046511627907,https://www.nba.com/stats/players/boxscores-traditional?Season=2017-18&SeasonType=Regular%20Season&TeamID=1610612741
2018,2017–18,1627756,Denzel Valentine,0021700899,2018-02-26,CHI @ BKN,BKN,L,29.633333333333333,11,4,16,3,7,0,0,5,8,13,3,1,0,1,0,6,9.4,34.375,https://www.nba.com/stats/players/boxscores-traditional?Season=2017-18&SeasonType=Regular%20Season&TeamID=1610612741
2018,2017–18,1626171,Bobby Portis Jr.,0021700899,2018-02-26,CHI @ BKN,BKN,L,20.933333333333334,12,4,11,0,1,4,7,4,5,9,1,0,2,1,0,8,10.1,42.61363636363637,https://www.nba.com/stats/players/boxscores-traditional?Season=2017-18&SeasonType=Regular%20Season&TeamID=1610612741
2018,2017–18,1628374,Lauri Markkanen,0021700899,2018-02-26,CHI @ BKN,BKN,L,30.45,19,8,18,1,3,2,2,1,5,6,0,0,0,1,1,-23,10.399999999999999,50.317796610169495,https://www.nba.com/stats/players/boxscores-traditional?Season=2017-18&SeasonType=Regular%20Season&TeamID=1610612741
2018,2017–18,203943,Noah Vonleh,0021700899,2018-02-26,CHI @ BKN,BKN,L,14.85,6,2,5,0,1,2,5,1,7,8,1,0,2,1,0,9,6.0,41.666666666666664,https://www.nba.com/stats/players/boxscores-traditional?Season=2017-18&SeasonType=Regular%20Season&TeamID=1610612741
2018,2017–18,1628021,David Nwaba,0021700899,2018-02-26,CHI @ BKN,BKN,L,31.083333333333332,6,2,4,1,1,1,2,0,6,6,2,2,0,2,2,-21,6.0,61.47540983606557,https://www.nba.com/stats/players/boxscores-traditional?Season=2017-18&SeasonType=Regular%20Season&TeamID=1610612741
2018,2017–18,203200,Justin Holiday,0021700899,2018-02-26,CHI @ BKN,BKN,L,35.28333333333333,4,1,11,0,5,2,2,1,2,3,3,1,1,1,2,-19,8.881784197001252e-16,16.835016835016834,https://www.nba.com/stats/players/boxscores-traditional?Season=2017-18&SeasonType=Regular%20Season&TeamID=1610612741
2018,2017–18,1626166,Cameron Payne,0021700899,2018-02-26,CHI @ BKN,BKN,L,17.55,2,1,10,0,4,0,0,2,3,5,2,2,0,1,1,6,-0.29999999999999993,10.0,https://www.nba.com/stats/players/boxscores-traditional?Season=2017-18&SeasonType=Regular%20Season&TeamID=1610612741
2018,2017–18,1626245,Cristiano Felicio,0021700899,2018-02-26,CHI @ BKN,BKN,L,29.766666666666666,4,2,3,0,0,0,0,1,2,3,1,0,0,1,3,-28,2.5,66.66666666666666,https://www.nba.com/stats/players/boxscores-traditional?Season=2017-18&SeasonType=Regular%20Season&TeamID=1610612741
2018,2017–18,203897,Zach LaVine,0021700888,2018-02-24,CHI @ MIN,MIN,L,31.733333333333334,21,7,17,0,4,7,8,0,6,6,7,1,1,2,1,-8,17.5,51.16959064327485,https://www.nba.com/stats/players/boxscores-traditional?Season=2017-18&SeasonType=Regular%20Season&TeamID=1610612741
2018,2017–18,1627739,Kris Dunn,0021700888,2018-02-24,CHI @ MIN,MIN,L,28.916666666666668,10,4,12,1,4,1,2,0,5,5,2,2,3,4,5,-11,3.8000000000000007,38.81987577639751,https://www.nba.com/stats/players/boxscores-traditional?Season=2017-18&SeasonType=Regular%20Season&TeamID=1610612741
2018,2017–18,1628021,David Nwaba,0021700888,2018-02-24,CHI @ MIN,MIN,L,33.61666666666667,14,6,9,0,1,2,4,2,7,9,0,0,0,2,2,-16,9.999999999999996,65.05576208178438,https://www.nba.com/stats/players/boxscores-traditional?Season=2017-18&SeasonType=Regular%20Season&TeamID=1610612741
2018,2017–18,1626245,Cristiano Felicio,0021700888,2018-02-24,CHI @ MIN,MIN,L,30.7,11,5,8,0,0,1,2,1,2,3,3,0,2,2,2,-11,9.0,61.936936936936924,https://www.nba.com/stats/players/boxscores-traditional?Season=2017-18&SeasonType=Regular%20Season&TeamID=1610612741
2018,2017–18,1626171,Bobby Portis Jr.,0021700888,2018-02-24,CHI @ MIN,MIN,L,19.5,15,6,13,1,3,2,2,0,4,4,1,0,0,1,3,-7,7.9999999999999964,54.034582132564836,https://www.nba.com/stats/players/boxscores-traditional?Season=2017-18&SeasonType=Regular%20Season&TeamID=1610612741
2018,2017–18,203943,Noah Vonleh,0021700888,2018-02-24,CHI @ MIN,MIN,L,13.85,8,3,4,2,3,0,0,1,5,6,1,1,0,0,0,-7,10.299999999999999,100.0,https://www.nba.com/stats/players/boxscores-traditional?Season=2017-18&SeasonType=Regular%20Season&TeamID=1610612741
2018,2017–18,1626166,Cameron Payne,0021700888,2018-02-24,CHI @ MIN,MIN,L,19.083333333333332,11,5,9,1,3,0,0,0,1,1,3,0,1,0,2,-7,8.999999999999998,61.111111111111114,https://www.nba.com/stats/players/boxscores-traditional?Season=2017-18&SeasonType=Regular%20Season&TeamID=1610612741
2018,2017–18,1627756,Denzel Valentine,0021700888,2018-02-24,CHI @ MIN,MIN,L,28.0,11,5,9,1,3,0,0,0,1,1,4,0,0,1,4,-14,7.200000000000001,61.111111111111114,https://www.nba.com/stats/players/boxscores-traditional?Season=2017-18&SeasonType=Regular%20Season&TeamID=1610612741
2018,2017–18,1628374,Lauri Markkanen,0021700888,2018-02-24,CHI @ MIN,MIN,L,31.95,3,1,8,0,2,1,2,0,7,7,0,1,2,2,1,-11,-0.49999999999999956,16.89189189189189,https://www.nba.com/stats/players/boxscores-traditional?Season=2017-18&SeasonType=Regular%20Season&TeamID=1610612741
2018,2017–18,1626170,Jerian Grant,0021700888,2018-02-24,CHI @ MIN,MIN,L,2.65,0,0,1,0,0,0,0,0,0,0,0,0,0,0,0,2,-0.7,0.0,https://www.nba.com/stats/players/boxscores-traditional?Season=2017-18&SeasonType=Regular%20Season&TeamID=1610612741
2018,2017–18,1626171,Bobby Portis Jr.,0021700870,2018-02-22,CHI vs. PHI,PHI,L,33.583333333333336,38,15,26,6,9,2,3,4,4,8,2,0,0,1,4,13,28.2,69.54612005856515,https://www.nba.com/stats/players/boxscores-traditional?Season=2017-18&SeasonType=Regular%20Season&TeamID=1610612741
2018,2017–18,1628021,David Nwaba,0021700870,2018-02-22,CHI vs. PHI,PHI,L,33.166666666666664,21,9,14,3,3,0,0,2,7,9,2,1,1,1,6,1,18.0,75.0,https://www.nba.com/stats/players/boxscores-traditional?Season=2017-18&SeasonType=Regular%20Season&TeamID=1610612741
2018,2017–18,203897,Zach LaVine,0021700870,2018-02-22,CHI vs. PHI,PHI,L,31.116666666666667,23,7,16,5,7,4,7,0,3,3,4,0,0,2,3,-17,13.900000000000002,60.27253668763103,https://www.nba.com/stats/players/boxscores-traditional?Season=2017-18&SeasonType=Regular%20Season&TeamID=1610612741
2018,2017–18,1626166,Cameron Payne,0021700870,2018-02-22,CHI vs. PHI,PHI,L,20.05,7,3,9,1,5,0,0,0,2,2,7,1,1,2,1,17,6.6999999999999975,38.88888888888889,https://www.nba.com/stats/players/boxscores-traditional?Season=2017-18&SeasonType=Regular%20Season&TeamID=1610612741
2018,2017–18,1627756,Denzel Valentine,0021700870,2018-02-22,CHI vs. PHI,PHI,L,25.55,8,3,7,2,3,0,0,1,3,4,4,1,0,2,4,12,6.1,57.14285714285714,https://www.nba.com/stats/players/boxscores-traditional?Season=2017-18&SeasonType=Regular%20Season&TeamID=1610612741
2018,2017–18,1627739,Kris Dunn,0021700870,2018-02-22,CHI vs. PHI,PHI,L,27.95,5,2,11,0,1,1,2,0,4,4,5,2,0,1,3,-18,2.2,21.04377104377104,https://www.nba.com/stats/players/boxscores-traditional?Season=2017-18&SeasonType=Regular%20Season&TeamID=1610612741
2018,2017–18,1628374,Lauri Markkanen,0021700870,2018-02-22,CHI vs. PHI,PHI,L,32.61666666666667,3,1,8,0,5,1,2,4,4,8,0,0,1,1,1,-11,0.7000000000000002,16.89189189189189,https://www.nba.com/stats/players/boxscores-traditional?Season=2017-18&SeasonType=Regular%20Season&TeamID=1610612741
2018,2017–18,203943,Noah Vonleh,0021700870,2018-02-22,CHI vs. PHI,PHI,L,16.966666666666665,3,1,2,1,1,0,0,0,7,7,1,0,0,1,0,14,3.8,75.0,https://www.nba.com/stats/players/boxscores-traditional?Season=2017-18&SeasonType=Regular%20Season&TeamID=1610612741
2018,2017–18,1626245,Cristiano Felicio,0021700870,2018-02-22,CHI vs. PHI,PHI,L,11.916666666666666,5,2,3,0,0,1,1,0,3,3,0,0,1,2,3,-20,2.0999999999999996,72.67441860465115,https://www.nba.com/stats/players/boxscores-traditional?Season=2017-18&SeasonType=Regular%20Season&TeamID=1610612741
2018,2017–18,1627835,Paul Zipser,0021700870,2018-02-22,CHI vs. PHI,PHI,L,7.083333333333333,2,1,1,0,0,0,0,0,0,0,2,0,0,0,1,4,2.6999999999999997,100.0,https://www.nba.com/stats/players/boxscores-traditional?Season=2017-18&SeasonType=Regular%20Season&TeamID=1610612741
2018,2017–18,1626171,Bobby Portis Jr.,0021700859,2018-02-14,CHI vs. TOR,TOR,L,21.95,18,8,14,0,2,2,4,0,3,3,1,1,1,0,1,-10,13.499999999999998,57.10659898477157,https://www.nba.com/stats/players/boxscores-traditional?Season=2017-18&SeasonType=Regular%20Season&TeamID=1610612741
2018,2017–18,1628374,Lauri Markkanen,0021700859,2018-02-14,CHI vs. TOR,TOR,L,25.033333333333335,14,5,10,1,3,3,3,1,5,6,1,0,2,0,1,-17,12.899999999999999,61.83745583038869,https://www.nba.com/stats/players/boxscores-traditional?Season=2017-18&SeasonType=Regular%20Season&TeamID=1610612741
2018,2017–18,201577,Robin Lopez,0021700859,2018-02-14,CHI vs. TOR,TOR,L,22.565,10,5,8,0,0,0,0,1,4,5,1,0,1,1,1,-11,8.299999999999999,62.5,https://www.nba.com/stats/players/boxscores-traditional?Season=2017-18&SeasonType=Regular%20Season&TeamID=1610612741
2018,2017–18,1626170,Jerian Grant,0021700859,2018-02-14,CHI vs. TOR,TOR,L,23.266666666666666,6,3,7,0,1,0,0,1,1,2,7,1,0,0,0,-4,9.2,42.857142857142854,https://www.nba.com/stats/players/boxscores-traditional?Season=2017-18&SeasonType=Regular%20Season&TeamID=1610612741
2018,2017–18,203897,Zach LaVine,0021700859,2018-02-14,CHI vs. TOR,TOR,L,26.983333333333334,11,5,17,1,4,0,0,0,2,2,1,1,0,2,2,-30,0.6000000000000014,32.35294117647059,https://www.nba.com/stats/players/boxscores-traditional?Season=2017-18&SeasonType=Regular%20Season&TeamID=1610612741
2018,2017–18,1627739,Kris Dunn,0021700859,2018-02-14,CHI vs. TOR,TOR,L,19.8,8,3,9,0,2,2,2,0,3,3,3,1,0,0,2,-21,6.099999999999999,40.48582995951417,https://www.nba.com/stats/players/boxscores-traditional?Season=2017-18&SeasonType=Regular%20Season&TeamID=1610612741
2018,2017–18,1628021,David Nwaba,0021700859,2018-02-14,CHI vs. TOR,TOR,L,20.883333333333333,8,2,4,0,1,4,6,1,5,6,0,0,1,0,3,-7,6.900000000000001,60.24096385542168,https://www.nba.com/stats/players/boxscores-traditional?Season=2017-18&SeasonType=Regular%20Season&TeamID=1610612741
2018,2017–18,1627756,Denzel Valentine,0021700859,2018-02-14,CHI vs. TOR,TOR,L,20.966666666666665,6,2,7,0,3,2,2,0,5,5,3,0,0,0,3,-3,4.3,38.07106598984772,https://www.nba.com/stats/players/boxscores-traditional?Season=2017-18&SeasonType=Regular%20Season&TeamID=1610612741
2018,2017–18,203200,Justin Holiday,0021700859,2018-02-14,CHI vs. TOR,TOR,L,27.166666666666668,8,3,6,2,4,0,0,0,2,2,0,0,0,1,1,-8,4.199999999999999,66.66666666666666,https://www.nba.com/stats/players/boxscores-traditional?Season=2017-18&SeasonType=Regular%20Season&TeamID=1610612741
2018,2017–18,1627835,Paul Zipser,0021700859,2018-02-14,CHI vs. TOR,TOR,L,14.651666666666667,2,1,5,0,3,0,0,0,3,3,0,1,1,0,2,-14,0.6999999999999997,20.0,https://www.nba.com/stats/players/boxscores-traditional?Season=2017-18&SeasonType=Regular%20Season&TeamID=1610612741
2018,2017–18,203943,Noah Vonleh,0021700859,2018-02-14,CHI vs. TOR,TOR,L,5.9,3,1,1,0,0,1,1,0,4,4,0,0,0,1,0,2,2.9000000000000004,104.16666666666667,https://www.nba.com/stats/players/boxscores-traditional?Season=2017-18&SeasonType=Regular%20Season&TeamID=1610612741
2018,2017–18,1626245,Cristiano Felicio,0021700859,2018-02-14,CHI vs. TOR,TOR,L,5.9,4,1,2,0,0,2,2,0,0,0,0,0,0,1,0,2,2.0000000000000004,69.44444444444444,https://www.nba.com/stats/players/boxscores-traditional?Season=2017-18&SeasonType=Regular%20Season&TeamID=1610612741
2018,2017–18,1627853,Ryan Arcidiacono,0021700859,2018-02-14,CHI vs. TOR,TOR,L,4.933333333333334,0,0,1,0,1,0,0,0,1,1,0,0,0,0,0,1,-0.39999999999999997,0.0,https://www.nba.com/stats/players/boxscores-traditional?Season=2017-18&SeasonType=Regular%20Season&TeamID=1610612741
2018,2017–18,203897,Zach LaVine,0021700844,2018-02-12,CHI vs. ORL,ORL,W,33.2,18,7,16,2,4,2,2,0,7,7,5,1,0,2,2,16,13.400000000000002,53.317535545023695,https://www.nba.com/stats/players/boxscores-traditional?Season=2017-18&SeasonType=Regular%20Season&TeamID=1610612741
2018,2017–18,1626170,Jerian Grant,0021700844,2018-02-12,CHI vs. ORL,ORL,W,37.33,14,6,9,1,3,1,3,1,4,5,7,2,1,3,3,-7,14.599999999999994,67.82945736434108,https://www.nba.com/stats/players/boxscores-traditional?Season=2017-18&SeasonType=Regular%20Season&TeamID=1610612741
2018,2017–18,1626171,Bobby Portis Jr.,0021700844,2018-02-12,CHI vs. ORL,ORL,W,26.15,19,8,17,3,6,0,0,4,3,7,3,0,0,0,1,1,15.700000000000001,55.88235294117647,https://www.nba.com/stats/players/boxscores-traditional?Season=2017-18&SeasonType=Regular%20Season&TeamID=1610612741
2018,2017–18,1628374,Lauri Markkanen,0021700844,2018-02-12,CHI vs. ORL,ORL,W,30.866666666666667,21,9,19,0,6,3,3,3,5,8,0,0,1,2,1,-1,13.200000000000001,51.67322834645669,https://www.nba.com/stats/players/boxscores-traditional?Season=2017-18&SeasonType=Regular%20Season&TeamID=1610612741
2018,2017–18,201577,Robin Lopez,0021700844,2018-02-12,CHI vs. ORL,ORL,W,26.15,6,2,6,0,0,2,2,3,2,5,5,1,1,1,1,-2,9.1,43.604651162790695,https://www.nba.com/stats/players/boxscores-traditional?Season=2017-18&SeasonType=Regular%20Season&TeamID=1610612741
2018,2017–18,203200,Justin Holiday,0021700844,2018-02-12,CHI vs. ORL,ORL,W,34.55,8,3,8,1,5,1,2,0,9,9,2,0,0,1,0,7,6.299999999999999,45.04504504504504,https://www.nba.com/stats/players/boxscores-traditional?Season=2017-18&SeasonType=Regular%20Season&TeamID=1610612741
2018,2017–18,1627756,Denzel Valentine,0021700844,2018-02-12,CHI vs. ORL,ORL,W,18.3,11,4,10,1,5,2,3,0,3,3,1,1,0,1,1,0,6.3999999999999995,48.58657243816255,https://www.nba.com/stats/players/boxscores-traditional?Season=2017-18&SeasonType=Regular%20Season&TeamID=1610612741
2018,2017–18,1628021,David Nwaba,0021700844,2018-02-12,CHI vs. ORL,ORL,W,13.703333333333333,5,0,0,0,0,5,6,0,1,1,0,1,0,1,2,-1,4.1,94.69696969696969,https://www.nba.com/stats/players/boxscores-traditional?Season=2017-18&SeasonType=Regular%20Season&TeamID=1610612741
2018,2017–18,1627835,Paul Zipser,0021700844,2018-02-12,CHI vs. ORL,ORL,W,12.833333333333334,3,1,3,1,3,0,0,0,1,1,1,0,0,0,2,10,1.5000000000000002,50.0,https://www.nba.com/stats/players/boxscores-traditional?Season=2017-18&SeasonType=Regular%20Season&TeamID=1610612741
2018,2017–18,1627853,Ryan Arcidiacono,0021700844,2018-02-12,CHI vs. ORL,ORL,W,6.916666666666667,0,0,0,0,0,0,0,0,0,0,1,0,0,0,0,-3,0.7,0.0,https://www.nba.com/stats/players/boxscores-traditional?Season=2017-18&SeasonType=Regular%20Season&TeamID=1610612741
2018,2017–18,1627756,Denzel Valentine,0021700829,2018-02-10,CHI vs. WAS,WAS,L,34.36666666666667,10,4,14,2,6,0,0,1,9,10,5,1,0,2,2,-14,6.9,35.714285714285715,https://www.nba.com/stats/players/boxscores-traditional?Season=2017-18&SeasonType=Regular%20Season&TeamID=1610612741
2018,2017–18,1626170,Jerian Grant,0021700829,2018-02-10,CHI vs. WAS,WAS,L,36.583333333333336,11,2,6,2,3,5,6,3,3,6,8,1,0,2,2,-14,14.0,63.657407407407405,https://www.nba.com/stats/players/boxscores-traditional?Season=2017-18&SeasonType=Regular%20Season&TeamID=1610612741
2018,2017–18,203200,Justin Holiday,0021700829,2018-02-10,CHI vs. WAS,WAS,L,35.75,15,5,10,2,7,3,4,0,3,3,1,4,0,1,2,-15,13.399999999999999,63.775510204081634,https://www.nba.com/stats/players/boxscores-traditional?Season=2017-18&SeasonType=Regular%20Season&TeamID=1610612741
2018,2017–18,1628374,Lauri Markkanen,0021700829,2018-02-10,CHI vs. WAS,WAS,L,33.016666666666666,12,5,19,1,8,1,1,2,8,10,0,2,0,2,2,-13,3.700000000000001,30.864197530864196,https://www.nba.com/stats/players/boxscores-traditional?Season=2017-18&SeasonType=Regular%20Season&TeamID=1610612741
2018,2017–18,1626171,Bobby Portis Jr.,0021700829,2018-02-10,CHI vs. WAS,WAS,L,22.566666666666666,13,6,12,1,5,0,0,2,2,4,1,1,0,2,4,3,7.100000000000001,54.166666666666664,https://www.nba.com/stats/players/boxscores-traditional?Season=2017-18&SeasonType=Regular%20Season&TeamID=1610612741
2018,2017–18,201577,Robin Lopez,0021700829,2018-02-10,CHI vs. WAS,WAS,L,27.566666666666666,12,6,9,0,0,0,0,0,4,4,2,0,1,4,1,-14,7.0,66.66666666666666,https://www.nba.com/stats/players/boxscores-traditional?Season=2017-18&SeasonType=Regular%20Season&TeamID=1610612741
2018,2017–18,1628021,David Nwaba,0021700829,2018-02-10,CHI vs. WAS,WAS,L,26.733333333333334,12,4,7,0,1,4,5,1,3,4,3,0,0,0,2,7,11.199999999999998,65.21739130434783,https://www.nba.com/stats/players/boxscores-traditional?Season=2017-18&SeasonType=Regular%20Season&TeamID=1610612741
2018,2017–18,1627835,Paul Zipser,0021700829,2018-02-10,CHI vs. WAS,WAS,L,14.0,5,2,2,1,1,0,0,0,3,3,0,2,1,0,0,3,8.0,125.0,https://www.nba.com/stats/players/boxscores-traditional?Season=2017-18&SeasonType=Regular%20Season&TeamID=1610612741
2018,2017–18,1627853,Ryan Arcidiacono,0021700829,2018-02-10,CHI vs. WAS,WAS,L,9.416666666666666,0,0,1,0,1,0,0,0,1,1,3,0,0,1,1,2,0.2999999999999998,0.0,https://www.nba.com/stats/players/boxscores-traditional?Season=2017-18&SeasonType=Regular%20Season&TeamID=1610612741
2018,2017–18,203897,Zach LaVine,0021700822,2018-02-09,CHI vs. MIN,MIN,W,33.1,35,12,26,1,6,10,11,1,4,5,1,2,0,1,2,7,23.999999999999996,56.744487678339816,https://www.nba.com/stats/players/boxscores-traditional?Season=2017-18&SeasonType=Regular%20Season&TeamID=1610612741
2018,2017–18,1626170,Jerian Grant,0021700822,2018-02-09,CHI vs. MIN,MIN,W,37.55833333333333,14,5,9,1,2,3,4,1,7,8,11,0,0,0,2,15,18.999999999999996,65.05576208178438,https://www.nba.com/stats/players/boxscores-traditional?Season=2017-18&SeasonType=Regular%20Season&TeamID=1610612741
2018,2017–18,203200,Justin Holiday,0021700822,2018-02-09,CHI vs. MIN,MIN,W,35.583333333333336,12,3,8,2,6,4,5,0,6,6,4,1,0,1,2,18,11.0,58.82352941176471,https://www.nba.com/stats/players/boxscores-traditional?Season=2017-18&SeasonType=Regular%20Season&TeamID=1610612741
2018,2017–18,201577,Robin Lopez,0021700822,2018-02-09,CHI vs. MIN,MIN,W,27.616666666666667,19,8,11,0,1,3,7,0,3,3,0,0,1,4,2,16,9.7,67.4715909090909,https://www.nba.com/stats/players/boxscores-traditional?Season=2017-18&SeasonType=Regular%20Season&TeamID=1610612741
2018,2017–18,1626171,Bobby Portis Jr.,0021700822,2018-02-09,CHI vs. MIN,MIN,W,22.783333333333335,11,4,7,1,2,2,2,1,3,4,0,1,1,1,3,-10,8.8,69.79695431472082,https://www.nba.com/stats/players/boxscores-traditional?Season=2017-18&SeasonType=Regular%20Season&TeamID=1610612741
2018,2017–18,1628374,Lauri Markkanen,0021700822,2018-02-09,CHI vs. MIN,MIN,W,35.858333333333334,12,5,7,2,3,0,0,1,4,5,1,0,0,1,1,14,10.299999999999999,85.71428571428571,https://www.nba.com/stats/players/boxscores-traditional?Season=2017-18&SeasonType=Regular%20Season&TeamID=1610612741
2018,2017–18,1627756,Denzel Valentine,0021700822,2018-02-09,CHI vs. MIN,MIN,W,17.116666666666667,5,2,10,0,3,1,1,1,3,4,2,0,0,2,2,-8,-1.0000000000000004,23.946360153256705,https://www.nba.com/stats/players/boxscores-traditional?Season=2017-18&SeasonType=Regular%20Season&TeamID=1610612741
2018,2017–18,1628021,David Nwaba,0021700822,2018-02-09,CHI vs. MIN,MIN,W,12.15,0,0,1,0,0,0,0,0,3,3,3,0,1,0,1,-20,2.6,0.0,https://www.nba.com/stats/players/boxscores-traditional?Season=2017-18&SeasonType=Regular%20Season&TeamID=1610612741
2018,2017–18,1627853,Ryan Arcidiacono,0021700822,2018-02-09,CHI vs. MIN,MIN,W,8.583333333333334,3,1,1,1,1,0,0,0,1,1,0,1,0,1,1,-12,2.6,150.0,https://www.nba.com/stats/players/boxscores-traditional?Season=2017-18&SeasonType=Regular%20Season&TeamID=1610612741
2018,2017–18,1627835,Paul Zipser,0021700822,2018-02-09,CHI vs. MIN,MIN,W,9.65,3,1,3,1,2,0,0,0,0,0,0,0,1,0,3,-15,0.7999999999999998,50.0,https://www.nba.com/stats/players/boxscores-traditional?Season=2017-18&SeasonType=Regular%20Season&TeamID=1610612741
2018,2017–18,1626171,Bobby Portis Jr.,0021700795,2018-02-05,CHI @ SAC,SAC,L,32.405,18,7,19,2,6,2,4,2,12,14,4,2,0,1,2,-4,14.7,43.35260115606936,https://www.nba.com/stats/players/boxscores-traditional?Season=2017-18&SeasonType=Regular%20Season&TeamID=1610612741
2018,2017–18,203897,Zach LaVine,0021700795,2018-02-05,CHI @ SAC,SAC,L,31.3,27,9,18,4,8,5,5,1,2,3,2,1,0,2,2,-12,18.9,66.83168316831683,https://www.nba.com/stats/players/boxscores-traditional?Season=2017-18&SeasonType=Regular%20Season&TeamID=1610612741
2018,2017–18,203200,Justin Holiday,0021700795,2018-02-05,CHI @ SAC,SAC,L,35.7,20,6,10,4,7,4,5,0,4,4,2,1,0,0,3,-1,17.4,81.9672131147541,https://www.nba.com/stats/players/boxscores-traditional?Season=2017-18&SeasonType=Regular%20Season&TeamID=1610612741
2018,2017–18,1627756,Denzel Valentine,0021700795,2018-02-05,CHI @ SAC,SAC,L,22.188333333333333,11,5,9,1,4,0,0,0,7,7,2,1,0,3,2,7,7.4,61.111111111111114,https://www.nba.com/stats/players/boxscores-traditional?Season=2017-18&SeasonType=Regular%20Season&TeamID=1610612741
2018,2017–18,1627835,Paul Zipser,0021700795,2018-02-05,CHI @ SAC,SAC,L,32.15,10,3,10,2,6,2,2,0,4,4,2,1,1,2,3,-5,5.299999999999998,45.955882352941174,https://www.nba.com/stats/players/boxscores-traditional?Season=2017-18&SeasonType=Regular%20Season&TeamID=1610612741
2018,2017–18,1626170,Jerian Grant,0021700795,2018-02-05,CHI @ SAC,SAC,L,36.166666666666664,9,1,6,1,5,6,6,1,3,4,5,0,0,3,3,-6,6.100000000000001,52.08333333333333,https://www.nba.com/stats/players/boxscores-traditional?Season=2017-18&SeasonType=Regular%20Season&TeamID=1610612741
2018,2017–18,1626245,Cristiano Felicio,0021700795,2018-02-05,CHI @ SAC,SAC,L,17.8,1,0,1,0,0,1,2,4,3,7,2,0,0,1,3,-16,2.8,26.595744680851062,https://www.nba.com/stats/players/boxscores-traditional?Season=2017-18&SeasonType=Regular%20Season&TeamID=1610612741
2018,2017–18,201577,Robin Lopez,0021700795,2018-02-05,CHI @ SAC,SAC,L,13.15,2,1,5,0,0,0,0,1,0,1,1,0,0,0,3,15,-0.9000000000000004,20.0,https://www.nba.com/stats/players/boxscores-traditional?Season=2017-18&SeasonType=Regular%20Season&TeamID=1610612741
2018,2017–18,1627853,Ryan Arcidiacono,0021700795,2018-02-05,CHI @ SAC,SAC,L,6.583333333333333,0,0,0,0,0,0,0,0,1,1,0,0,0,0,0,-2,0.3,0.0,https://www.nba.com/stats/players/boxscores-traditional?Season=2017-18&SeasonType=Regular%20Season&TeamID=1610612741
2018,2017–18,1628021,David Nwaba,0021700795,2018-02-05,CHI @ SAC,SAC,L,12.556666666666667,0,0,2,0,0,0,0,0,1,1,0,0,0,0,0,-6,-1.0999999999999999,0.0,https://www.nba.com/stats/players/boxscores-traditional?Season=2017-18&SeasonType=Regular%20Season&TeamID=1610612741
2018,2017–18,203897,Zach LaVine,0021700775,2018-02-03,CHI @ LAC,LAC,L,31.123333333333335,21,6,18,3,6,6,6,0,9,9,4,1,0,0,5,5,15.299999999999997,50.872093023255815,https://www.nba.com/stats/players/boxscores-traditional?Season=2017-18&SeasonType=Regular%20Season&TeamID=1610612741
2018,2017–18,201577,Robin Lopez,0021700775,2018-02-03,CHI @ LAC,LAC,L,36.29333333333334,15,6,15,0,0,3,3,5,3,8,3,1,1,1,0,5,14.099999999999998,45.955882352941174,https://www.nba.com/stats/players/boxscores-traditional?Season=2017-18&SeasonType=Regular%20Season&TeamID=1610612741
2018,2017–18,1627835,Paul Zipser,0021700775,2018-02-03,CHI @ LAC,LAC,L,26.233333333333334,16,6,10,4,6,0,0,1,4,5,2,0,1,3,3,-2,11.199999999999996,80.0,https://www.nba.com/stats/players/boxscores-traditional?Season=2017-18&SeasonType=Regular%20Season&TeamID=1610612741
2018,2017–18,1626171,Bobby Portis Jr.,0021700775,2018-02-03,CHI @ LAC,LAC,L,24.866666666666667,10,3,13,0,3,4,4,6,7,13,3,1,0,3,2,-10,7.6999999999999975,33.87533875338754,https://www.nba.com/stats/players/boxscores-traditional?Season=2017-18&SeasonType=Regular%20Season&TeamID=1610612741
2018,2017–18,1626170,Jerian Grant,0021700775,2018-02-03,CHI @ LAC,LAC,L,36.596666666666664,14,4,10,2,5,4,4,0,6,6,4,0,0,1,2,7,11.399999999999999,59.523809523809526,https://www.nba.com/stats/players/boxscores-traditional?Season=2017-18&SeasonType=Regular%20Season&TeamID=1610612741
2018,2017–18,203200,Justin Holiday,0021700775,2018-02-03,CHI @ LAC,LAC,L,38.483333333333334,13,5,13,3,10,0,0,0,4,4,2,1,1,3,2,9,6.4,50.0,https://www.nba.com/stats/players/boxscores-traditional?Season=2017-18&SeasonType=Regular%20Season&TeamID=1610612741
2018,2017–18,1627756,Denzel Valentine,0021700775,2018-02-03,CHI @ LAC,LAC,L,18.85,6,2,11,0,6,2,2,0,1,1,3,1,1,0,4,-21,1.6,25.25252525252525,https://www.nba.com/stats/players/boxscores-traditional?Season=2017-18&SeasonType=Regular%20Season&TeamID=1610612741
2018,2017–18,1626245,Cristiano Felicio,0021700775,2018-02-03,CHI @ LAC,LAC,L,8.606666666666667,4,2,4,0,0,0,0,1,1,2,0,0,0,0,1,-13,2.6,50.0,https://www.nba.com/stats/players/boxscores-traditional?Season=2017-18&SeasonType=Regular%20Season&TeamID=1610612741
2018,2017–18,1627853,Ryan Arcidiacono,0021700775,2018-02-03,CHI @ LAC,LAC,L,6.443333333333333,2,1,2,0,1,0,0,0,0,0,0,1,0,0,0,-9,2.0,50.0,https://www.nba.com/stats/players/boxscores-traditional?Season=2017-18&SeasonType=Regular%20Season&TeamID=1610612741
2018,2017–18,1628021,David Nwaba,0021700775,2018-02-03,CHI @ LAC,LAC,L,12.503333333333334,2,0,1,0,0,2,2,0,0,0,1,0,0,0,1,-21,1.6,53.191489361702125,https://www.nba.com/stats/players/boxscores-traditional?Season=2017-18&SeasonType=Regular%20Season&TeamID=1610612741
2018,2017–18,203897,Zach LaVine,0021700759,2018-01-31,CHI @ POR,POR,L,22.45,23,8,13,3,4,4,7,0,0,0,2,2,1,1,2,-27,18.2,71.51741293532339,https://www.nba.com/stats/players/boxscores-traditional?Season=2017-18&SeasonType=Regular%20Season&TeamID=1610612741
2018,2017–18,1627756,Denzel Valentine,0021700759,2018-01-31,CHI @ POR,POR,L,23.716666666666665,15,6,15,3,7,0,0,1,5,6,2,1,0,1,1,-4,10.099999999999998,50.0,https://www.nba.com/stats/players/boxscores-traditional?Season=2017-18&SeasonType=Regular%20Season&TeamID=1610612741
2018,2017–18,1626171,Bobby Portis Jr.,0021700759,2018-01-31,CHI @ POR,POR,L,28.0,8,4,15,0,6,0,0,4,6,10,2,1,1,1,1,-2,5.3999999999999995,26.666666666666668,https://www.nba.com/stats/players/boxscores-traditional?Season=2017-18&SeasonType=Regular%20Season&TeamID=1610612741
2018,2017–18,1626245,Cristiano Felicio,0021700759,2018-01-31,CHI @ POR,POR,L,19.578333333333333,12,5,9,0,0,2,4,2,3,5,3,0,1,0,2,13,11.2,55.762081784386616,https://www.nba.com/stats/players/boxscores-traditional?Season=2017-18&SeasonType=Regular%20Season&TeamID=1610612741
2018,2017–18,1626170,Jerian Grant,0021700759,2018-01-31,CHI @ POR,POR,L,23.7,11,4,8,1,3,2,2,1,2,3,3,2,0,1,1,-19,11.0,61.936936936936924,https://www.nba.com/stats/players/boxscores-traditional?Season=2017-18&SeasonType=Regular%20Season&TeamID=1610612741
2018,2017–18,203200,Justin Holiday,0021700759,2018-01-31,CHI @ POR,POR,L,30.27166666666667,9,3,12,2,8,1,1,0,2,2,2,0,0,1,2,-25,2.000000000000001,36.17363344051447,https://www.nba.com/stats/players/boxscores-traditional?Season=2017-18&SeasonType=Regular%20Season&TeamID=1610612741
2018,2017–18,1627835,Paul Zipser,0021700759,2018-01-31,CHI @ POR,POR,L,20.0,9,3,5,3,4,0,0,1,1,2,1,0,0,1,1,-14,6.999999999999998,90.0,https://www.nba.com/stats/players/boxscores-traditional?Season=2017-18&SeasonType=Regular%20Season&TeamID=1610612741
2018,2017–18,1628021,David Nwaba,0021700759,2018-01-31,CHI @ POR,POR,L,14.111666666666666,6,2,7,0,0,2,6,2,2,4,0,1,0,0,2,10,2.5,31.12033195020747,https://www.nba.com/stats/players/boxscores-traditional?Season=2017-18&SeasonType=Regular%20Season&TeamID=1610612741
2018,2017–18,201577,Robin Lopez,0021700759,2018-01-31,CHI @ POR,POR,L,28.421666666666667,6,3,9,0,0,0,0,1,1,2,1,0,1,0,2,-29,2.500000000000001,33.33333333333333,https://www.nba.com/stats/players/boxscores-traditional?Season=2017-18&SeasonType=Regular%20Season&TeamID=1610612741
2018,2017–18,1627853,Ryan Arcidiacono,0021700759,2018-01-31,CHI @ POR,POR,L,16.883333333333333,2,1,1,0,0,0,0,0,1,1,1,2,0,0,2,9,3.9000000000000004,100.0,https://www.nba.com/stats/players/boxscores-traditional?Season=2017-18&SeasonType=Regular%20Season&TeamID=1610612741
2018,2017–18,1628469,Antonio Blakeney,0021700759,2018-01-31,CHI @ POR,POR,L,6.433333333333334,7,2,5,1,2,2,2,0,0,0,0,0,0,0,0,4,4.3,59.523809523809526,https://www.nba.com/stats/players/boxscores-traditional?Season=2017-18&SeasonType=Regular%20Season&TeamID=1610612741
2018,2017–18,202347,Quincy Pondexter,0021700759,2018-01-31,CHI @ POR,POR,L,6.433333333333334,0,0,0,0,0,0,0,0,1,1,2,1,0,0,0,4,2.7,0.0,https://www.nba.com/stats/players/boxscores-traditional?Season=2017-18&SeasonType=Regular%20Season&TeamID=1610612741
2018,2017–18,1628374,Lauri Markkanen,0021700731,2018-01-28,CHI vs. MIL,MIL,L,32.516666666666666,17,6,10,2,4,3,3,1,9,10,2,0,0,3,2,-6,13.399999999999995,75.08833922261485,https://www.nba.com/stats/players/boxscores-traditional?Season=2017-18&SeasonType=Regular%20Season&TeamID=1610612741
2018,2017–18,1627756,Denzel Valentine,0021700731,2018-01-28,CHI vs. MIL,MIL,L,30.283333333333335,18,8,12,2,6,0,0,0,5,5,4,0,0,0,3,-1,15.900000000000002,75.0,https://www.nba.com/stats/players/boxscores-traditional?Season=2017-18&SeasonType=Regular%20Season&TeamID=1610612741
2018,2017–18,203200,Justin Holiday,0021700731,2018-01-28,CHI vs. MIL,MIL,L,31.533333333333335,12,4,13,4,8,0,0,0,3,3,3,3,0,2,4,-3,6.9,46.15384615384615,https://www.nba.com/stats/players/boxscores-traditional?Season=2017-18&SeasonType=Regular%20Season&TeamID=1610612741
2018,2017–18,1626170,Jerian Grant,0021700731,2018-01-28,CHI vs. MIL,MIL,L,31.866666666666667,15,6,10,2,2,1,2,1,3,4,5,0,0,3,1,-8,11.699999999999998,68.93382352941177,https://www.nba.com/stats/players/boxscores-traditional?Season=2017-18&SeasonType=Regular%20Season&TeamID=1610612741
2018,2017–18,203897,Zach LaVine,0021700731,2018-01-28,CHI vs. MIL,MIL,L,26.45,6,2,11,0,5,2,2,1,4,5,5,3,0,2,4,-10,3.9000000000000004,25.25252525252525,https://www.nba.com/stats/players/boxscores-traditional?Season=2017-18&SeasonType=Regular%20Season&TeamID=1610612741
2018,2017–18,202703,Nikola Mirotic,0021700731,2018-01-28,CHI vs. MIL,MIL,L,27.55,10,4,7,2,5,0,0,0,5,5,1,0,1,1,1,-1,8.199999999999998,71.42857142857143,https://www.nba.com/stats/players/boxscores-traditional?Season=2017-18&SeasonType=Regular%20Season&TeamID=1610612741
2018,2017–18,201577,Robin Lopez,0021700731,2018-01-28,CHI vs. MIL,MIL,L,19.533333333333335,8,4,10,0,0,0,0,2,0,2,3,1,0,0,0,-14,7.1,40.0,https://www.nba.com/stats/players/boxscores-traditional?Season=2017-18&SeasonType=Regular%20Season&TeamID=1610612741
2018,2017–18,1626171,Bobby Portis Jr.,0021700731,2018-01-28,CHI vs. MIL,MIL,L,13.2,7,1,9,0,3,5,6,4,1,5,1,0,0,2,0,-5,2.5,30.06872852233677,https://www.nba.com/stats/players/boxscores-traditional?Season=2017-18&SeasonType=Regular%20Season&TeamID=1610612741
2018,2017–18,1628021,David Nwaba,0021700731,2018-01-28,CHI vs. MIL,MIL,L,16.466666666666665,1,0,1,0,0,1,2,1,0,1,0,1,1,3,2,-11,-1.5000000000000002,26.595744680851062,https://www.nba.com/stats/players/boxscores-traditional?Season=2017-18&SeasonType=Regular%20Season&TeamID=1610612741
2018,2017–18,1626245,Cristiano Felicio,0021700731,2018-01-28,CHI vs. MIL,MIL,L,1.7,2,1,2,0,0,0,0,0,0,0,0,0,0,0,0,-1,1.0,50.0,https://www.nba.com/stats/players/boxscores-traditional?Season=2017-18&SeasonType=Regular%20Season&TeamID=1610612741
2018,2017–18,1627853,Ryan Arcidiacono,0021700731,2018-01-28,CHI vs. MIL,MIL,L,5.7,0,0,1,0,1,0,0,0,0,0,1,0,0,0,1,-8,-0.4,0.0,https://www.nba.com/stats/players/boxscores-traditional?Season=2017-18&SeasonType=Regular%20Season&TeamID=1610612741
2018,2017–18,202347,Quincy Pondexter,0021700731,2018-01-28,CHI vs. MIL,MIL,L,1.5,0,0,0,0,0,0,0,0,1,1,0,0,0,0,0,-1,0.3,0.0,https://www.nba.com/stats/players/boxscores-traditional?Season=2017-18&SeasonType=Regular%20Season&TeamID=1610612741
2018,2017–18,1627835,Paul Zipser,0021700731,2018-01-28,CHI vs. MIL,MIL,L,1.7,0,0,1,0,0,0,0,0,0,0,0,0,0,0,0,-1,-0.7,0.0,https://www.nba.com/stats/players/boxscores-traditional?Season=2017-18&SeasonType=Regular%20Season&TeamID=1610612741
2018,2017–18,1627756,Denzel Valentine,0021700717,2018-01-26,CHI vs. LAL,LAL,L,30.066666666666666,16,6,11,4,6,0,0,1,10,11,4,0,1,2,5,-9,13.899999999999999,72.72727272727273,https://www.nba.com/stats/players/boxscores-traditional?Season=2017-18&SeasonType=Regular%20Season&TeamID=1610612741
2018,2017–18,202703,Nikola Mirotic,0021700717,2018-01-26,CHI vs. LAL,LAL,L,23.833333333333332,18,5,13,4,9,4,4,0,4,4,3,0,2,1,1,7,14.2,60.97560975609756,https://www.nba.com/stats/players/boxscores-traditional?Season=2017-18&SeasonType=Regular%20Season&TeamID=1610612741
2018,2017–18,1628374,Lauri Markkanen,0021700717,2018-01-26,CHI vs. LAL,LAL,L,30.85,11,3,10,3,6,2,2,2,9,11,0,0,3,2,2,-15,8.599999999999998,50.55147058823529,https://www.nba.com/stats/players/boxscores-traditional?Season=2017-18&SeasonType=Regular%20Season&TeamID=1610612741
2018,2017–18,1626171,Bobby Portis Jr.,0021700717,2018-01-26,CHI vs. LAL,LAL,L,21.933333333333334,16,6,13,2,3,2,2,5,4,9,1,0,0,1,1,19,13.299999999999997,57.636887608069166,https://www.nba.com/stats/players/boxscores-traditional?Season=2017-18&SeasonType=Regular%20Season&TeamID=1610612741
2018,2017–18,1626170,Jerian Grant,0021700717,2018-01-26,CHI vs. LAL,LAL,L,30.383333333333333,9,2,6,1,1,4,6,1,0,1,8,2,0,0,3,-5,11.900000000000002,52.08333333333333,https://www.nba.com/stats/players/boxscores-traditional?Season=2017-18&SeasonType=Regular%20Season&TeamID=1610612741
2018,2017–18,203200,Justin Holiday,0021700717,2018-01-26,CHI vs. LAL,LAL,L,34.733333333333334,7,2,8,1,3,2,4,1,3,4,2,1,0,2,4,1,1.8000000000000003,35.86065573770492,https://www.nba.com/stats/players/boxscores-traditional?Season=2017-18&SeasonType=Regular%20Season&TeamID=1610612741
2018,2017–18,203897,Zach LaVine,0021700717,2018-01-26,CHI vs. LAL,LAL,L,25.75,10,3,17,2,8,2,4,0,3,3,1,0,0,1,4,-8,-2.4999999999999996,26.652452025586353,https://www.nba.com/stats/players/boxscores-traditional?Season=2017-18&SeasonType=Regular%20Season&TeamID=1610612741
2018,2017–18,201577,Robin Lopez,0021700717,2018-01-26,CHI vs. LAL,LAL,L,19.383333333333333,8,4,9,0,0,0,0,4,0,4,1,0,1,3,1,-21,4.1,44.44444444444444,https://www.nba.com/stats/players/boxscores-traditional?Season=2017-18&SeasonType=Regular%20Season&TeamID=1610612741
2018,2017–18,1628021,David Nwaba,0021700717,2018-01-26,CHI vs. LAL,LAL,L,19.416666666666668,8,4,6,0,0,0,2,2,3,5,1,0,0,1,4,1,5.0,58.139534883720934,https://www.nba.com/stats/players/boxscores-traditional?Season=2017-18&SeasonType=Regular%20Season&TeamID=1610612741
2018,2017–18,1627853,Ryan Arcidiacono,0021700717,2018-01-26,CHI vs. LAL,LAL,L,3.65,0,0,0,0,0,0,0,0,1,1,0,0,0,0,0,5,0.3,0.0,https://www.nba.com/stats/players/boxscores-traditional?Season=2017-18&SeasonType=Regular%20Season&TeamID=1610612741
2018,2017–18,1626171,Bobby Portis Jr.,0021700704,2018-01-24,CHI @ PHI,PHI,L,25.333333333333332,22,8,12,1,2,5,6,5,6,11,2,3,0,0,1,20,25.700000000000003,75.13661202185791,https://www.nba.com/stats/players/boxscores-traditional?Season=2017-18&SeasonType=Regular%20Season&TeamID=1610612741
2018,2017–18,203897,Zach LaVine,0021700704,2018-01-24,CHI @ PHI,PHI,L,24.05,21,8,15,3,5,2,2,0,7,7,3,1,0,3,1,-5,15.5,66.12090680100755,https://www.nba.com/stats/players/boxscores-traditional?Season=2017-18&SeasonType=Regular%20Season&TeamID=1610612741
2018,2017–18,1628021,David Nwaba,0021700704,2018-01-24,CHI @ PHI,PHI,L,21.6,10,3,4,1,1,3,6,1,4,5,4,1,0,1,2,-1,11.099999999999998,75.3012048192771,https://www.nba.com/stats/players/boxscores-traditional?Season=2017-18&SeasonType=Regular%20Season&TeamID=1610612741
2018,2017–18,202703,Nikola Mirotic,0021700704,2018-01-24,CHI @ PHI,PHI,L,25.75,15,5,15,2,8,3,3,0,3,3,0,0,0,0,0,12,7.4,45.955882352941174,https://www.nba.com/stats/players/boxscores-traditional?Season=2017-18&SeasonType=Regular%20Season&TeamID=1610612741
2018,2017–18,1628374,Lauri Markkanen,0021700704,2018-01-24,CHI @ PHI,PHI,L,22.666666666666668,12,5,13,1,5,1,1,1,2,3,2,0,0,0,1,-34,7.199999999999999,44.642857142857146,https://www.nba.com/stats/players/boxscores-traditional?Season=2017-18&SeasonType=Regular%20Season&TeamID=1610612741
2018,2017–18,1627756,Denzel Valentine,0021700704,2018-01-24,CHI @ PHI,PHI,L,23.75,7,2,9,1,6,2,2,0,3,3,3,1,0,1,4,-6,2.9,35.425101214574894,https://www.nba.com/stats/players/boxscores-traditional?Season=2017-18&SeasonType=Regular%20Season&TeamID=1610612741
2018,2017–18,1626170,Jerian Grant,0021700704,2018-01-24,CHI @ PHI,PHI,L,25.368333333333332,7,2,6,1,1,2,2,0,1,1,3,1,0,2,3,-22,3.8,50.872093023255815,https://www.nba.com/stats/players/boxscores-traditional?Season=2017-18&SeasonType=Regular%20Season&TeamID=1610612741
2018,2017–18,201577,Robin Lopez,0021700704,2018-01-24,CHI @ PHI,PHI,L,18.766666666666666,2,1,6,0,0,0,0,3,3,6,0,1,1,1,1,-26,1.5000000000000004,16.666666666666664,https://www.nba.com/stats/players/boxscores-traditional?Season=2017-18&SeasonType=Regular%20Season&TeamID=1610612741
2018,2017–18,203200,Justin Holiday,0021700704,2018-01-24,CHI @ PHI,PHI,L,25.616666666666667,5,2,11,1,7,0,0,0,1,1,1,0,0,1,2,-24,-2.6999999999999993,22.727272727272727,https://www.nba.com/stats/players/boxscores-traditional?Season=2017-18&SeasonType=Regular%20Season&TeamID=1610612741
2018,2017–18,1627853,Ryan Arcidiacono,0021700704,2018-01-24,CHI @ PHI,PHI,L,17.881666666666668,0,0,1,0,1,0,0,0,1,1,2,0,0,1,0,15,0.0,0.0,https://www.nba.com/stats/players/boxscores-traditional?Season=2017-18&SeasonType=Regular%20Season&TeamID=1610612741
2018,2017–18,1627835,Paul Zipser,0021700704,2018-01-24,CHI @ PHI,PHI,L,3.4833333333333334,0,0,1,0,1,0,0,0,0,0,0,0,1,0,0,0,0.0,0.0,https://www.nba.com/stats/players/boxscores-traditional?Season=2017-18&SeasonType=Regular%20Season&TeamID=1610612741
2018,2017–18,1626245,Cristiano Felicio,0021700704,2018-01-24,CHI @ PHI,PHI,L,3.4833333333333334,0,0,1,0,0,0,0,0,2,2,0,0,0,1,0,0,-1.1,0.0,https://www.nba.com/stats/players/boxscores-traditional?Season=2017-18&SeasonType=Regular%20Season&TeamID=1610612741
2018,2017–18,202347,Quincy Pondexter,0021700704,2018-01-24,CHI @ PHI,PHI,L,2.25,0,0,0,0,0,0,0,0,0,0,0,0,0,0,0,1,0.0,0.0,https://www.nba.com/stats/players/boxscores-traditional?Season=2017-18&SeasonType=Regular%20Season&TeamID=1610612741
2018,2017–18,1626170,Jerian Grant,0021700692,2018-01-22,CHI @ NOP,NOP,L,47.25666666666667,22,6,7,2,2,8,8,0,5,5,13,2,1,6,4,2,25.200000000000003,104.56273764258555,https://www.nba.com/stats/players/boxscores-traditional?Season=2017-18&SeasonType=Regular%20Season&TeamID=1610612741
2018,2017–18,1628374,Lauri Markkanen,0021700692,2018-01-22,CHI @ NOP,NOP,L,39.516666666666666,14,5,12,0,4,4,5,0,17,17,2,1,2,2,4,-4,12.500000000000002,49.29577464788733,https://www.nba.com/stats/players/boxscores-traditional?Season=2017-18&SeasonType=Regular%20Season&TeamID=1610612741
2018,2017–18,201577,Robin Lopez,0021700692,2018-01-22,CHI @ NOP,NOP,L,39.251666666666665,22,10,16,0,0,2,2,2,2,4,3,0,1,5,5,-2,12.599999999999998,65.16587677725119,https://www.nba.com/stats/players/boxscores-traditional?Season=2017-18&SeasonType=Regular%20Season&TeamID=1610612741
2018,2017–18,203897,Zach LaVine,0021700692,2018-01-22,CHI @ NOP,NOP,L,24.261666666666667,19,7,15,1,3,4,4,0,5,5,2,0,0,2,1,-10,11.8,56.68257756563245,https://www.nba.com/stats/players/boxscores-traditional?Season=2017-18&SeasonType=Regular%20Season&TeamID=1610612741
2018,2017–18,202703,Nikola Mirotic,0021700692,2018-01-22,CHI @ NOP,NOP,L,24.858333333333334,14,4,10,2,7,4,4,0,4,4,2,2,0,1,4,-3,10.6,59.523809523809526,https://www.nba.com/stats/players/boxscores-traditional?Season=2017-18&SeasonType=Regular%20Season&TeamID=1610612741
2018,2017–18,203200,Justin Holiday,0021700692,2018-01-22,CHI @ NOP,NOP,L,41.57833333333333,15,5,13,1,8,4,5,0,7,7,3,0,0,2,2,-7,8.899999999999999,49.3421052631579,https://www.nba.com/stats/players/boxscores-traditional?Season=2017-18&SeasonType=Regular%20Season&TeamID=1610612741
2018,2017–18,1627756,Denzel Valentine,0021700692,2018-01-22,CHI @ NOP,NOP,L,38.18833333333333,8,3,7,2,5,0,0,0,2,2,5,2,1,3,5,7,6.099999999999998,57.14285714285714,https://www.nba.com/stats/players/boxscores-traditional?Season=2017-18&SeasonType=Regular%20Season&TeamID=1610612741
2018,2017–18,1626171,Bobby Portis Jr.,0021700692,2018-01-22,CHI @ NOP,NOP,L,14.736666666666666,8,3,8,0,2,2,2,2,5,7,1,0,0,3,3,-3,3.0,45.04504504504504,https://www.nba.com/stats/players/boxscores-traditional?Season=2017-18&SeasonType=Regular%20Season&TeamID=1610612741
2018,2017–18,1628021,David Nwaba,0021700692,2018-01-22,CHI @ NOP,NOP,L,15.555,6,2,4,0,0,2,4,2,1,3,0,1,1,0,3,5,5.3999999999999995,52.083333333333336,https://www.nba.com/stats/players/boxscores-traditional?Season=2017-18&SeasonType=Regular%20Season&TeamID=1610612741
2018,2017–18,1627853,Ryan Arcidiacono,0021700692,2018-01-22,CHI @ NOP,NOP,L,4.796666666666667,0,0,0,0,0,0,0,0,0,0,0,0,0,0,1,-5,-0.4,0.0,https://www.nba.com/stats/players/boxscores-traditional?Season=2017-18&SeasonType=Regular%20Season&TeamID=1610612741
2018,2017–18,203200,Justin Holiday,0021700675,2018-01-20,CHI @ ATL,ATL,W,32.82333333333333,13,3,8,3,4,4,4,0,4,4,4,2,0,1,2,13,12.799999999999997,66.59836065573771,https://www.nba.com/stats/players/boxscores-traditional?Season=2017-18&SeasonType=Regular%20Season&TeamID=1610612741
2018,2017–18,201577,Robin Lopez,0021700675,2018-01-20,CHI @ ATL,ATL,W,25.133333333333333,20,9,13,0,0,2,2,1,4,5,2,0,0,1,3,10,15.600000000000001,72.04610951008645,https://www.nba.com/stats/players/boxscores-traditional?Season=2017-18&SeasonType=Regular%20Season&TeamID=1610612741
2018,2017–18,1626171,Bobby Portis Jr.,0021700675,2018-01-20,CHI @ ATL,ATL,W,18.266666666666666,14,5,9,2,3,2,2,1,2,3,4,2,0,3,3,8,11.599999999999998,70.85020242914979,https://www.nba.com/stats/players/boxscores-traditional?Season=2017-18&SeasonType=Regular%20Season&TeamID=1610612741
2018,2017–18,1626170,Jerian Grant,0021700675,2018-01-20,CHI @ ATL,ATL,W,25.566666666666666,8,3,6,2,4,0,0,1,5,6,6,1,0,1,1,7,10.999999999999998,66.66666666666666,https://www.nba.com/stats/players/boxscores-traditional?Season=2017-18&SeasonType=Regular%20Season&TeamID=1610612741
2018,2017–18,202703,Nikola Mirotic,0021700675,2018-01-20,CHI @ ATL,ATL,W,20.283333333333335,10,3,8,1,5,3,3,0,7,7,2,1,1,2,1,11,8.399999999999999,53.648068669527895,https://www.nba.com/stats/players/boxscores-traditional?Season=2017-18&SeasonType=Regular%20Season&TeamID=1610612741
2018,2017–18,1628374,Lauri Markkanen,0021700675,2018-01-20,CHI @ ATL,ATL,W,30.166666666666668,19,8,16,0,4,3,4,0,4,4,1,0,0,0,0,5,12.499999999999998,53.49099099099098,https://www.nba.com/stats/players/boxscores-traditional?Season=2017-18&SeasonType=Regular%20Season&TeamID=1610612741
2018,2017–18,1627756,Denzel Valentine,0021700675,2018-01-20,CHI @ ATL,ATL,W,22.21,9,3,7,3,6,0,0,0,3,3,5,1,0,2,6,15,6.299999999999999,64.28571428571429,https://www.nba.com/stats/players/boxscores-traditional?Season=2017-18&SeasonType=Regular%20Season&TeamID=1610612741
2018,2017–18,203897,Zach LaVine,0021700675,2018-01-20,CHI @ ATL,ATL,W,18.35,8,2,9,1,4,3,4,0,9,9,1,0,0,2,2,5,2.700000000000001,37.17472118959108,https://www.nba.com/stats/players/boxscores-traditional?Season=2017-18&SeasonType=Regular%20Season&TeamID=1610612741
2018,2017–18,1627853,Ryan Arcidiacono,0021700675,2018-01-20,CHI @ ATL,ATL,W,22.433333333333334,8,2,2,2,2,2,2,0,0,0,4,1,0,0,3,9,10.0,138.88888888888889,https://www.nba.com/stats/players/boxscores-traditional?Season=2017-18&SeasonType=Regular%20Season&TeamID=1610612741
2018,2017–18,1628021,David Nwaba,0021700675,2018-01-20,CHI @ ATL,ATL,W,22.616666666666667,4,2,2,0,0,0,0,1,5,6,2,0,0,4,2,-1,2.2,100.0,https://www.nba.com/stats/players/boxscores-traditional?Season=2017-18&SeasonType=Regular%20Season&TeamID=1610612741
2018,2017–18,202347,Quincy Pondexter,0021700675,2018-01-20,CHI @ ATL,ATL,W,2.15,0,0,0,0,0,0,0,0,1,1,0,0,0,0,0,-2,0.3,0.0,https://www.nba.com/stats/players/boxscores-traditional?Season=2017-18&SeasonType=Regular%20Season&TeamID=1610612741
2018,2017–18,202703,Nikola Mirotic,0021700657,2018-01-17,CHI vs. GSW,GSW,L,27.433333333333334,24,9,13,4,7,2,2,1,5,6,3,3,1,3,1,25,23.099999999999998,86.45533141210375,https://www.nba.com/stats/players/boxscores-traditional?Season=2017-18&SeasonType=Regular%20Season&TeamID=1610612741
2018,2017–18,1627739,Kris Dunn,0021700657,2018-01-17,CHI vs. GSW,GSW,L,29.95,16,7,17,1,4,1,1,0,5,5,4,3,0,1,3,-3,12.000000000000004,45.87155963302752,https://www.nba.com/stats/players/boxscores-traditional?Season=2017-18&SeasonType=Regular%20Season&TeamID=1610612741
2018,2017–18,1627756,Denzel Valentine,0021700657,2018-01-17,CHI vs. GSW,GSW,L,25.766666666666666,10,3,10,1,4,3,4,2,5,7,7,0,0,1,2,3,9.799999999999997,42.51700680272109,https://www.nba.com/stats/players/boxscores-traditional?Season=2017-18&SeasonType=Regular%20Season&TeamID=1610612741
2018,2017–18,1628374,Lauri Markkanen,0021700657,2018-01-17,CHI vs. GSW,GSW,L,29.033333333333335,11,4,12,2,7,1,1,1,7,8,2,0,1,0,3,-33,7.900000000000001,44.21221864951769,https://www.nba.com/stats/players/boxscores-traditional?Season=2017-18&SeasonType=Regular%20Season&TeamID=1610612741
2018,2017–18,1626171,Bobby Portis Jr.,0021700657,2018-01-17,CHI vs. GSW,GSW,L,17.435,12,6,10,0,3,0,0,2,2,4,4,1,0,1,3,22,11.0,60.0,https://www.nba.com/stats/players/boxscores-traditional?Season=2017-18&SeasonType=Regular%20Season&TeamID=1610612741
2018,2017–18,201577,Robin Lopez,0021700657,2018-01-17,CHI vs. GSW,GSW,L,22.098333333333333,16,8,11,0,0,0,0,2,2,4,0,0,0,2,0,-28,11.5,72.72727272727273,https://www.nba.com/stats/players/boxscores-traditional?Season=2017-18&SeasonType=Regular%20Season&TeamID=1610612741
2018,2017–18,1628021,David Nwaba,0021700657,2018-01-17,CHI vs. GSW,GSW,L,26.76,8,3,5,0,0,2,2,3,3,6,1,2,0,1,3,24,9.2,68.02721088435374,https://www.nba.com/stats/players/boxscores-traditional?Season=2017-18&SeasonType=Regular%20Season&TeamID=1610612741
2018,2017–18,203200,Justin Holiday,0021700657,2018-01-17,CHI vs. GSW,GSW,L,32.7,8,2,12,2,8,2,2,2,4,6,0,0,0,1,1,-22,1.6000000000000019,31.05590062111801,https://www.nba.com/stats/players/boxscores-traditional?Season=2017-18&SeasonType=Regular%20Season&TeamID=1610612741
2018,2017–18,203897,Zach LaVine,0021700657,2018-01-17,CHI vs. GSW,GSW,L,19.983333333333334,5,2,12,0,5,1,1,1,2,3,2,1,0,1,1,-16,-0.29999999999999905,20.09646302250804,https://www.nba.com/stats/players/boxscores-traditional?Season=2017-18&SeasonType=Regular%20Season&TeamID=1610612741
2018,2017–18,1626170,Jerian Grant,0021700657,2018-01-17,CHI vs. GSW,GSW,L,8.84,2,1,4,0,1,0,0,0,0,0,1,0,0,0,2,-7,-0.5,25.0,https://www.nba.com/stats/players/boxscores-traditional?Season=2017-18&SeasonType=Regular%20Season&TeamID=1610612741
2018,2017–18,203200,Justin Holiday,0021700644,2018-01-15,CHI vs. MIA,MIA,W,35.28333333333333,25,8,15,7,11,2,2,1,3,4,2,1,1,1,2,20,20.599999999999994,78.71536523929471,https://www.nba.com/stats/players/boxscores-traditional?Season=2017-18&SeasonType=Regular%20Season&TeamID=1610612741
2018,2017–18,203897,Zach LaVine,0021700644,2018-01-15,CHI vs. MIA,MIA,W,19.916666666666668,18,7,12,2,4,2,3,1,4,5,5,2,0,1,3,6,17.2,67.56756756756756,https://www.nba.com/stats/players/boxscores-traditional?Season=2017-18&SeasonType=Regular%20Season&TeamID=1610612741
2018,2017–18,1628374,Lauri Markkanen,0021700644,2018-01-15,CHI vs. MIA,MIA,W,30.4,17,6,13,3,6,2,2,1,8,9,3,1,0,0,2,21,15.7,61.23919308357348,https://www.nba.com/stats/players/boxscores-traditional?Season=2017-18&SeasonType=Regular%20Season&TeamID=1610612741
2018,2017–18,202703,Nikola Mirotic,0021700644,2018-01-15,CHI vs. MIA,MIA,W,24.216666666666665,18,4,11,3,10,7,7,0,5,5,1,0,1,1,3,-17,12.600000000000001,63.92045454545454,https://www.nba.com/stats/players/boxscores-traditional?Season=2017-18&SeasonType=Regular%20Season&TeamID=1610612741
2018,2017–18,1627756,Denzel Valentine,0021700644,2018-01-15,CHI vs. MIA,MIA,W,27.833333333333332,12,4,8,0,3,4,4,0,7,7,2,0,0,1,3,0,9.3,61.47540983606557,https://www.nba.com/stats/players/boxscores-traditional?Season=2017-18&SeasonType=Regular%20Season&TeamID=1610612741
2018,2017–18,1627739,Kris Dunn,0021700644,2018-01-15,CHI vs. MIA,MIA,W,32.6,6,3,11,0,1,0,0,0,2,2,10,1,0,2,4,21,4.500000000000002,27.27272727272727,https://www.nba.com/stats/players/boxscores-traditional?Season=2017-18&SeasonType=Regular%20Season&TeamID=1610612741
2018,2017–18,201577,Robin Lopez,0021700644,2018-01-15,CHI vs. MIA,MIA,W,23.65,10,5,6,0,0,0,0,0,6,6,1,0,0,2,1,25,7.9,83.33333333333334,https://www.nba.com/stats/players/boxscores-traditional?Season=2017-18&SeasonType=Regular%20Season&TeamID=1610612741
2018,2017–18,1626171,Bobby Portis Jr.,0021700644,2018-01-15,CHI vs. MIA,MIA,W,17.733333333333334,8,3,5,1,3,1,2,1,1,2,0,1,0,1,2,-13,5.499999999999999,68.02721088435374,https://www.nba.com/stats/players/boxscores-traditional?Season=2017-18&SeasonType=Regular%20Season&TeamID=1610612741
2018,2017–18,1626170,Jerian Grant,0021700644,2018-01-15,CHI vs. MIA,MIA,W,15.4,4,2,5,0,1,0,0,1,1,2,3,0,0,0,3,-13,3.1999999999999993,40.0,https://www.nba.com/stats/players/boxscores-traditional?Season=2017-18&SeasonType=Regular%20Season&TeamID=1610612741
2018,2017–18,1628021,David Nwaba,0021700644,2018-01-15,CHI vs. MIA,MIA,W,12.966666666666667,1,0,2,0,0,1,2,2,1,3,0,0,0,0,0,-10,0.8999999999999999,17.36111111111111,https://www.nba.com/stats/players/boxscores-traditional?Season=2017-18&SeasonType=Regular%20Season&TeamID=1610612741
2018,2017–18,1627739,Kris Dunn,0021700632,2018-01-13,CHI vs. DET,DET,W,31.35,18,7,13,1,5,3,4,0,8,8,8,3,3,2,2,5,21.600000000000005,60.97560975609756,https://www.nba.com/stats/players/boxscores-traditional?Season=2017-18&SeasonType=Regular%20Season&TeamID=1610612741
2018,2017–18,1628374,Lauri Markkanen,0021700632,2018-01-13,CHI vs. DET,DET,W,26.783333333333335,19,7,15,4,7,1,1,1,3,4,1,3,1,1,0,8,16.3,61.52849740932642,https://www.nba.com/stats/players/boxscores-traditional?Season=2017-18&SeasonType=Regular%20Season&TeamID=1610612741
2018,2017–18,202703,Nikola Mirotic,0021700632,2018-01-13,CHI vs. DET,DET,W,21.686666666666667,16,6,13,4,9,0,0,0,6,6,1,1,1,2,1,-8,11.099999999999996,61.53846153846154,https://www.nba.com/stats/players/boxscores-traditional?Season=2017-18&SeasonType=Regular%20Season&TeamID=1610612741
2018,2017–18,1626171,Bobby Portis Jr.,0021700632,2018-01-13,CHI vs. DET,DET,W,18.063333333333333,15,6,10,2,3,1,2,2,1,3,0,1,0,2,3,-12,9.5,68.93382352941177,https://www.nba.com/stats/players/boxscores-traditional?Season=2017-18&SeasonType=Regular%20Season&TeamID=1610612741
2018,2017–18,203200,Justin Holiday,0021700632,2018-01-13,CHI vs. DET,DET,W,31.683333333333334,9,3,7,3,5,0,0,0,5,5,3,1,0,4,1,2,5.499999999999998,64.28571428571429,https://www.nba.com/stats/players/boxscores-traditional?Season=2017-18&SeasonType=Regular%20Season&TeamID=1610612741
2018,2017–18,201577,Robin Lopez,0021700632,2018-01-13,CHI vs. DET,DET,W,29.466666666666665,12,6,10,0,0,0,0,1,2,3,2,0,1,2,0,16,8.799999999999999,60.0,https://www.nba.com/stats/players/boxscores-traditional?Season=2017-18&SeasonType=Regular%20Season&TeamID=1610612741
2018,2017–18,203897,Zach LaVine,0021700632,2018-01-13,CHI vs. DET,DET,W,19.166666666666668,14,5,9,3,4,1,2,0,0,0,2,0,0,1,1,3,9.299999999999999,70.85020242914979,https://www.nba.com/stats/players/boxscores-traditional?Season=2017-18&SeasonType=Regular%20Season&TeamID=1610612741
2018,2017–18,1628021,David Nwaba,0021700632,2018-01-13,CHI vs. DET,DET,W,26.336666666666666,2,1,5,0,1,0,0,2,2,4,0,1,2,0,0,-1,3.3,20.0,https://www.nba.com/stats/players/boxscores-traditional?Season=2017-18&SeasonType=Regular%20Season&TeamID=1610612741
2018,2017–18,1627756,Denzel Valentine,0021700632,2018-01-13,CHI vs. DET,DET,W,21.013333333333332,2,1,3,0,1,0,0,0,5,5,3,0,0,0,3,-2,2.6999999999999997,33.33333333333333,https://www.nba.com/stats/players/boxscores-traditional?Season=2017-18&SeasonType=Regular%20Season&TeamID=1610612741
2018,2017–18,1626170,Jerian Grant,0021700632,2018-01-13,CHI vs. DET,DET,W,14.45,0,0,2,0,1,0,0,0,2,2,7,0,0,0,0,-1,4.1,0.0,https://www.nba.com/stats/players/boxscores-traditional?Season=2017-18&SeasonType=Regular%20Season&TeamID=1610612741
2018,2017–18,1628374,Lauri Markkanen,0021700607,2018-01-10,CHI @ NYK,NYK,W,46.126666666666665,33,10,22,8,15,5,5,1,9,10,1,2,1,1,1,3,27.0,68.18181818181819,https://www.nba.com/stats/players/boxscores-traditional?Season=2017-18&SeasonType=Regular%20Season&TeamID=1610612741
2018,2017–18,1627756,Denzel Valentine,0021700607,2018-01-10,CHI @ NYK,NYK,W,33.545,20,8,14,4,8,0,1,1,8,9,4,0,0,4,1,19,14.5,69.25207756232687,https://www.nba.com/stats/players/boxscores-traditional?Season=2017-18&SeasonType=Regular%20Season&TeamID=1610612741
2018,2017–18,201577,Robin Lopez,0021700607,2018-01-10,CHI @ NYK,NYK,W,40.473333333333336,20,9,14,0,0,2,2,1,6,7,2,0,2,3,3,9,14.899999999999999,67.20430107526882,https://www.nba.com/stats/players/boxscores-traditional?Season=2017-18&SeasonType=Regular%20Season&TeamID=1610612741
2018,2017–18,1627739,Kris Dunn,0021700607,2018-01-10,CHI @ NYK,NYK,W,46.12166666666667,9,4,18,1,3,0,0,0,2,2,8,5,1,2,3,1,6.699999999999999,25.0,https://www.nba.com/stats/players/boxscores-traditional?Season=2017-18&SeasonType=Regular%20Season&TeamID=1610612741
2018,2017–18,203200,Justin Holiday,0021700607,2018-01-10,CHI @ NYK,NYK,W,45.38333333333333,16,5,10,2,2,4,5,4,5,9,2,1,0,1,3,3,15.099999999999998,65.57377049180329,https://www.nba.com/stats/players/boxscores-traditional?Season=2017-18&SeasonType=Regular%20Season&TeamID=1610612741
2018,2017–18,1628021,David Nwaba,0021700607,2018-01-10,CHI @ NYK,NYK,W,32.43833333333333,13,4,8,0,0,5,5,1,4,5,1,1,1,2,3,-9,10.099999999999998,63.72549019607844,https://www.nba.com/stats/players/boxscores-traditional?Season=2017-18&SeasonType=Regular%20Season&TeamID=1610612741
2018,2017–18,1626171,Bobby Portis Jr.,0021700607,2018-01-10,CHI @ NYK,NYK,W,19.486666666666668,4,2,7,0,3,0,0,0,2,2,0,1,0,2,4,-7,-2.0999999999999996,28.57142857142857,https://www.nba.com/stats/players/boxscores-traditional?Season=2017-18&SeasonType=Regular%20Season&TeamID=1610612741
2018,2017–18,1626245,Cristiano Felicio,0021700607,2018-01-10,CHI @ NYK,NYK,W,9.806666666666667,3,1,1,0,0,1,2,2,1,3,1,0,0,0,0,1,4.7,79.7872340425532,https://www.nba.com/stats/players/boxscores-traditional?Season=2017-18&SeasonType=Regular%20Season&TeamID=1610612741
2018,2017–18,1626170,Jerian Grant,0021700607,2018-01-10,CHI @ NYK,NYK,W,11.871666666666666,4,2,3,0,1,0,0,0,1,1,2,0,0,1,0,2,3.4000000000000004,66.66666666666666,https://www.nba.com/stats/players/boxscores-traditional?Season=2017-18&SeasonType=Regular%20Season&TeamID=1610612741
2018,2017–18,1627835,Paul Zipser,0021700607,2018-01-10,CHI @ NYK,NYK,W,4.746666666666667,0,0,1,0,1,0,0,0,0,0,0,0,0,0,1,-7,-1.1,0.0,https://www.nba.com/stats/players/boxscores-traditional?Season=2017-18&SeasonType=Regular%20Season&TeamID=1610612741
2018,2017–18,1627739,Kris Dunn,0021700593,2018-01-08,CHI vs. HOU,HOU,L,30.233333333333334,19,9,20,1,2,0,0,0,4,4,8,3,1,1,4,-16,16.499999999999996,47.5,https://www.nba.com/stats/players/boxscores-traditional?Season=2017-18&SeasonType=Regular%20Season&TeamID=1610612741
2018,2017–18,1627756,Denzel Valentine,0021700593,2018-01-08,CHI vs. HOU,HOU,L,36.15,19,7,12,5,8,0,0,1,7,8,5,1,0,3,3,-4,16.500000000000004,79.16666666666666,https://www.nba.com/stats/players/boxscores-traditional?Season=2017-18&SeasonType=Regular%20Season&TeamID=1610612741
2018,2017–18,1628374,Lauri Markkanen,0021700593,2018-01-08,CHI vs. HOU,HOU,L,34.46666666666667,16,6,10,3,5,1,1,0,8,8,2,0,1,2,3,-8,12.7,76.62835249042146,https://www.nba.com/stats/players/boxscores-traditional?Season=2017-18&SeasonType=Regular%20Season&TeamID=1610612741
2018,2017–18,1626171,Bobby Portis Jr.,0021700593,2018-01-08,CHI vs. HOU,HOU,L,33.35,22,9,17,1,3,3,5,1,3,4,2,0,0,1,1,5,14.500000000000002,57.29166666666667,https://www.nba.com/stats/players/boxscores-traditional?Season=2017-18&SeasonType=Regular%20Season&TeamID=1610612741
2018,2017–18,203200,Justin Holiday,0021700593,2018-01-08,CHI vs. HOU,HOU,L,39.98,11,4,10,2,7,1,1,0,4,4,4,1,1,1,0,-4,10.299999999999999,52.68199233716475,https://www.nba.com/stats/players/boxscores-traditional?Season=2017-18&SeasonType=Regular%20Season&TeamID=1610612741
2018,2017–18,1628021,David Nwaba,0021700593,2018-01-08,CHI vs. HOU,HOU,L,17.05,10,3,6,0,0,4,5,1,1,2,1,0,1,1,0,-4,7.999999999999998,60.97560975609757,https://www.nba.com/stats/players/boxscores-traditional?Season=2017-18&SeasonType=Regular%20Season&TeamID=1610612741
2018,2017–18,1626245,Cristiano Felicio,0021700593,2018-01-08,CHI vs. HOU,HOU,L,7.066666666666666,4,1,2,0,0,2,2,0,3,3,1,0,0,0,3,-4,3.4000000000000004,69.44444444444444,https://www.nba.com/stats/players/boxscores-traditional?Season=2017-18&SeasonType=Regular%20Season&TeamID=1610612741
2018,2017–18,201577,Robin Lopez,0021700593,2018-01-08,CHI vs. HOU,HOU,L,14.65,2,0,4,0,0,2,2,0,1,1,1,0,1,1,2,-14,-0.8999999999999999,20.491803278688526,https://www.nba.com/stats/players/boxscores-traditional?Season=2017-18&SeasonType=Regular%20Season&TeamID=1610612741
2018,2017–18,1626170,Jerian Grant,0021700593,2018-01-08,CHI vs. HOU,HOU,L,17.766666666666666,2,1,4,0,3,0,0,0,2,2,2,0,0,1,1,7,0.20000000000000018,25.0,https://www.nba.com/stats/players/boxscores-traditional?Season=2017-18&SeasonType=Regular%20Season&TeamID=1610612741
2018,2017–18,1627835,Paul Zipser,0021700593,2018-01-08,CHI vs. HOU,HOU,L,9.286666666666667,2,0,1,0,0,2,2,0,1,1,0,1,0,0,0,-3,2.6,53.191489361702125,https://www.nba.com/stats/players/boxscores-traditional?Season=2017-18&SeasonType=Regular%20Season&TeamID=1610612741
2018,2017–18,1626171,Bobby Portis Jr.,0021700581,2018-01-06,CHI @ IND,IND,L,22.166666666666668,15,4,7,1,2,6,7,0,4,4,2,0,3,1,1,-11,14.6,74.40476190476191,https://www.nba.com/stats/players/boxscores-traditional?Season=2017-18&SeasonType=Regular%20Season&TeamID=1610612741
2018,2017–18,1627756,Denzel Valentine,0021700581,2018-01-06,CHI @ IND,IND,L,27.433333333333334,13,5,10,3,4,0,0,0,5,5,1,2,1,2,2,-25,10.099999999999998,65.0,https://www.nba.com/stats/players/boxscores-traditional?Season=2017-18&SeasonType=Regular%20Season&TeamID=1610612741
2018,2017–18,1628374,Lauri Markkanen,0021700581,2018-01-06,CHI @ IND,IND,L,24.583333333333332,13,4,9,3,6,2,2,3,2,5,2,0,0,2,2,-24,9.6,65.78947368421052,https://www.nba.com/stats/players/boxscores-traditional?Season=2017-18&SeasonType=Regular%20Season&TeamID=1610612741
2018,2017–18,1627739,Kris Dunn,0021700581,2018-01-06,CHI @ IND,IND,L,28.25,8,4,10,0,2,0,0,1,3,4,8,0,0,4,2,-28,4.999999999999998,40.0,https://www.nba.com/stats/players/boxscores-traditional?Season=2017-18&SeasonType=Regular%20Season&TeamID=1610612741
2018,2017–18,201577,Robin Lopez,0021700581,2018-01-06,CHI @ IND,IND,L,20.35,10,4,5,0,0,2,2,2,0,2,0,0,1,2,1,-23,7.799999999999999,85.03401360544218,https://www.nba.com/stats/players/boxscores-traditional?Season=2017-18&SeasonType=Regular%20Season&TeamID=1610612741
2018,2017–18,203200,Justin Holiday,0021700581,2018-01-06,CHI @ IND,IND,L,26.976666666666667,6,2,14,1,9,1,1,1,3,4,1,0,1,2,0,-22,-1.9999999999999991,20.775623268698062,https://www.nba.com/stats/players/boxscores-traditional?Season=2017-18&SeasonType=Regular%20Season&TeamID=1610612741
2018,2017–18,202703,Nikola Mirotic,0021700581,2018-01-06,CHI @ IND,IND,L,22.916666666666668,8,2,4,2,3,2,2,0,2,2,0,0,0,1,1,-20,5.2,81.9672131147541,https://www.nba.com/stats/players/boxscores-traditional?Season=2017-18&SeasonType=Regular%20Season&TeamID=1610612741
2018,2017–18,1628021,David Nwaba,0021700581,2018-01-06,CHI @ IND,IND,L,17.116666666666667,5,2,3,0,1,1,2,1,0,1,0,1,0,0,1,-11,4.6,64.43298969072166,https://www.nba.com/stats/players/boxscores-traditional?Season=2017-18&SeasonType=Regular%20Season&TeamID=1610612741
2018,2017–18,1626170,Jerian Grant,0021700581,2018-01-06,CHI @ IND,IND,L,19.75,2,0,11,0,4,2,4,0,2,2,1,1,0,0,1,-11,-4.6,7.836990595611286,https://www.nba.com/stats/players/boxscores-traditional?Season=2017-18&SeasonType=Regular%20Season&TeamID=1610612741
2018,2017–18,1627835,Paul Zipser,0021700581,2018-01-06,CHI @ IND,IND,L,21.023333333333333,4,2,4,0,1,0,0,1,2,3,0,0,0,2,2,-17,0.5,50.0,https://www.nba.com/stats/players/boxscores-traditional?Season=2017-18&SeasonType=Regular%20Season&TeamID=1610612741
2018,2017–18,202347,Quincy Pondexter,0021700581,2018-01-06,CHI @ IND,IND,L,9.433333333333334,2,1,3,0,0,0,0,0,1,1,0,0,0,0,2,-3,-0.19999999999999973,33.33333333333333,https://www.nba.com/stats/players/boxscores-traditional?Season=2017-18&SeasonType=Regular%20Season&TeamID=1610612741
2018,2017–18,1627739,Kris Dunn,0021700572,2018-01-05,CHI @ DAL,DAL,W,32.3,32,12,17,4,5,4,5,1,1,2,9,4,0,4,3,-2,30.599999999999994,83.33333333333334,https://www.nba.com/stats/players/boxscores-traditional?Season=2017-18&SeasonType=Regular%20Season&TeamID=1610612741
2018,2017–18,1628374,Lauri Markkanen,0021700572,2018-01-05,CHI @ DAL,DAL,W,31.7,16,6,9,3,5,1,1,1,8,9,1,1,1,1,0,3,16.599999999999994,84.74576271186442,https://www.nba.com/stats/players/boxscores-traditional?Season=2017-18&SeasonType=Regular%20Season&TeamID=1610612741
2018,2017–18,203200,Justin Holiday,0021700572,2018-01-05,CHI @ DAL,DAL,W,37.05,23,5,7,5,6,8,8,0,3,3,0,0,0,1,4,-1,18.4,109.31558935361217,https://www.nba.com/stats/players/boxscores-traditional?Season=2017-18&SeasonType=Regular%20Season&TeamID=1610612741
2018,2017–18,202703,Nikola Mirotic,0021700572,2018-01-05,CHI @ DAL,DAL,W,22.866666666666667,11,3,9,1,3,4,4,2,8,10,3,1,1,4,1,-2,9.099999999999998,51.11524163568774,https://www.nba.com/stats/players/boxscores-traditional?Season=2017-18&SeasonType=Regular%20Season&TeamID=1610612741
2018,2017–18,1626171,Bobby Portis Jr.,0021700572,2018-01-05,CHI @ DAL,DAL,W,19.663333333333334,8,4,6,0,0,0,0,3,2,5,4,2,0,1,1,8,11.499999999999998,66.66666666666666,https://www.nba.com/stats/players/boxscores-traditional?Season=2017-18&SeasonType=Regular%20Season&TeamID=1610612741
2018,2017–18,201577,Robin Lopez,0021700572,2018-01-05,CHI @ DAL,DAL,W,21.77,12,6,10,0,0,0,2,0,3,3,2,0,1,3,0,-3,6.6,55.147058823529406,https://www.nba.com/stats/players/boxscores-traditional?Season=2017-18&SeasonType=Regular%20Season&TeamID=1610612741
2018,2017–18,1628021,David Nwaba,0021700572,2018-01-05,CHI @ DAL,DAL,W,21.89,13,6,9,0,0,1,3,1,1,2,0,0,0,3,4,-1,4.700000000000001,62.98449612403101,https://www.nba.com/stats/players/boxscores-traditional?Season=2017-18&SeasonType=Regular%20Season&TeamID=1610612741
2018,2017–18,1627756,Denzel Valentine,0021700572,2018-01-05,CHI @ DAL,DAL,W,22.643333333333334,2,0,3,0,3,2,2,0,5,5,4,1,0,1,1,3,3.8,25.773195876288664,https://www.nba.com/stats/players/boxscores-traditional?Season=2017-18&SeasonType=Regular%20Season&TeamID=1610612741
2018,2017–18,1626170,Jerian Grant,0021700572,2018-01-05,CHI @ DAL,DAL,W,15.7,8,1,6,1,5,5,6,0,0,0,2,0,0,0,0,5,5.200000000000001,46.29629629629629,https://www.nba.com/stats/players/boxscores-traditional?Season=2017-18&SeasonType=Regular%20Season&TeamID=1610612741
2018,2017–18,1627835,Paul Zipser,0021700572,2018-01-05,CHI @ DAL,DAL,W,14.416666666666666,2,1,2,0,1,0,0,0,3,3,0,0,0,0,5,5,-0.10000000000000009,50.0,https://www.nba.com/stats/players/boxscores-traditional?Season=2017-18&SeasonType=Regular%20Season&TeamID=1610612741
2018,2017–18,203200,Justin Holiday,0021700560,2018-01-03,CHI vs. TOR,TOR,L,38.733333333333334,26,7,10,6,9,6,7,1,3,4,4,1,0,2,2,5,24.0,99.38837920489296,https://www.nba.com/stats/players/boxscores-traditional?Season=2017-18&SeasonType=Regular%20Season&TeamID=1610612741
2018,2017–18,1628374,Lauri Markkanen,0021700560,2018-01-03,CHI vs. TOR,TOR,L,31.61,22,9,17,2,8,2,2,2,10,12,1,1,0,2,3,-2,16.6,61.52125279642059,https://www.nba.com/stats/players/boxscores-traditional?Season=2017-18&SeasonType=Regular%20Season&TeamID=1610612741
2018,2017–18,202703,Nikola Mirotic,0021700560,2018-01-03,CHI vs. TOR,TOR,L,25.883333333333333,20,7,17,3,7,3,4,2,3,5,2,0,1,0,2,-11,14.100000000000001,53.304904051172706,https://www.nba.com/stats/players/boxscores-traditional?Season=2017-18&SeasonType=Regular%20Season&TeamID=1610612741
2018,2017–18,1627756,Denzel Valentine,0021700560,2018-01-03,CHI vs. TOR,TOR,L,31.35,14,6,12,2,5,0,0,2,5,7,2,1,0,3,3,9,9.100000000000001,58.333333333333336,https://www.nba.com/stats/players/boxscores-traditional?Season=2017-18&SeasonType=Regular%20Season&TeamID=1610612741
2018,2017–18,1627739,Kris Dunn,0021700560,2018-01-03,CHI vs. TOR,TOR,L,28.85,2,1,6,0,3,0,0,0,5,5,8,2,1,3,4,-3,3.4000000000000004,16.666666666666664,https://www.nba.com/stats/players/boxscores-traditional?Season=2017-18&SeasonType=Regular%20Season&TeamID=1610612741
2018,2017–18,201577,Robin Lopez,0021700560,2018-01-03,CHI vs. TOR,TOR,L,23.633333333333333,12,5,11,0,0,2,2,1,0,1,6,0,0,2,2,-2,8.399999999999999,50.5050505050505,https://www.nba.com/stats/players/boxscores-traditional?Season=2017-18&SeasonType=Regular%20Season&TeamID=1610612741
2018,2017–18,1626170,Jerian Grant,0021700560,2018-01-03,CHI vs. TOR,TOR,L,19.15,11,4,7,0,0,3,4,0,1,1,6,0,0,0,0,-6,11.799999999999999,62.78538812785388,https://www.nba.com/stats/players/boxscores-traditional?Season=2017-18&SeasonType=Regular%20Season&TeamID=1610612741
2018,2017–18,1626171,Bobby Portis Jr.,0021700560,2018-01-03,CHI vs. TOR,TOR,L,14.046666666666667,2,1,7,0,1,0,0,0,5,5,0,0,0,1,2,-6,-2.8,14.285714285714285,https://www.nba.com/stats/players/boxscores-traditional?Season=2017-18&SeasonType=Regular%20Season&TeamID=1610612741
2018,2017–18,1628021,David Nwaba,0021700560,2018-01-03,CHI vs. TOR,TOR,L,16.65,2,1,3,0,0,0,0,1,2,3,0,0,0,0,1,-18,1.2000000000000002,33.33333333333333,https://www.nba.com/stats/players/boxscores-traditional?Season=2017-18&SeasonType=Regular%20Season&TeamID=1610612741
2018,2017–18,1627835,Paul Zipser,0021700560,2018-01-03,CHI vs. TOR,TOR,L,10.093333333333334,4,2,3,0,0,0,0,0,0,0,0,0,0,0,1,-11,2.3000000000000003,66.66666666666666,https://www.nba.com/stats/players/boxscores-traditional?Season=2017-18&SeasonType=Regular%20Season&TeamID=1610612741
2018,2017–18,1627739,Kris Dunn,0021700547,2018-01-01,CHI vs. POR,POR,L,34.93333333333333,22,9,20,1,2,3,3,1,6,7,4,1,1,8,4,-8,9.0,51.594746716697934,https://www.nba.com/stats/players/boxscores-traditional?Season=2017-18&SeasonType=Regular%20Season&TeamID=1610612741
2018,2017–18,202703,Nikola Mirotic,0021700547,2018-01-01,CHI vs. POR,POR,L,18.733333333333334,18,6,13,2,5,4,4,1,9,10,2,1,0,1,0,10,16.099999999999998,60.97560975609756,https://www.nba.com/stats/players/boxscores-traditional?Season=2017-18&SeasonType=Regular%20Season&TeamID=1610612741
2018,2017–18,1628374,Lauri Markkanen,0021700547,2018-01-01,CHI vs. POR,POR,L,34.266666666666666,19,7,12,4,6,1,2,0,8,8,1,0,1,0,2,-14,16.0,73.75776397515527,https://www.nba.com/stats/players/boxscores-traditional?Season=2017-18&SeasonType=Regular%20Season&TeamID=1610612741
2018,2017–18,201577,Robin Lopez,0021700547,2018-01-01,CHI vs. POR,POR,L,35.666666666666664,15,6,16,0,0,3,4,5,1,6,5,0,3,1,1,-10,13.799999999999999,42.229729729729726,https://www.nba.com/stats/players/boxscores-traditional?Season=2017-18&SeasonType=Regular%20Season&TeamID=1610612741
2018,2017–18,1627756,Denzel Valentine,0021700547,2018-01-01,CHI vs. POR,POR,L,34.416666666666664,10,4,13,2,8,0,0,1,6,7,6,2,0,0,4,-2,9.6,38.46153846153847,https://www.nba.com/stats/players/boxscores-traditional?Season=2017-18&SeasonType=Regular%20Season&TeamID=1610612741
2018,2017–18,203200,Justin Holiday,0021700547,2018-01-01,CHI vs. POR,POR,L,40.538333333333334,14,4,10,1,4,5,5,0,7,7,4,0,1,0,3,-12,13.0,57.37704918032788,https://www.nba.com/stats/players/boxscores-traditional?Season=2017-18&SeasonType=Regular%20Season&TeamID=1610612741
2018,2017–18,1626171,Bobby Portis Jr.,0021700547,2018-01-01,CHI vs. POR,POR,L,17.333333333333332,14,6,9,1,1,1,1,5,2,7,4,0,1,1,1,6,16.299999999999997,74.15254237288136,https://www.nba.com/stats/players/boxscores-traditional?Season=2017-18&SeasonType=Regular%20Season&TeamID=1610612741
2018,2017–18,1626170,Jerian Grant,0021700547,2018-01-01,CHI vs. POR,POR,L,18.066666666666666,3,1,4,0,0,1,2,0,1,1,2,1,0,1,2,4,1.0999999999999996,30.737704918032787,https://www.nba.com/stats/players/boxscores-traditional?Season=2017-18&SeasonType=Regular%20Season&TeamID=1610612741
2018,2017–18,1628021,David Nwaba,0021700547,2018-01-01,CHI vs. POR,POR,L,18.583333333333332,3,1,4,0,0,1,2,2,2,4,0,0,0,0,2,-2,1.4000000000000001,30.737704918032787,https://www.nba.com/stats/players/boxscores-traditional?Season=2017-18&SeasonType=Regular%20Season&TeamID=1610612741
2018,2017–18,1627835,Paul Zipser,0021700547,2018-01-01,CHI vs. POR,POR,L,12.461666666666666,2,1,3,0,1,0,0,0,1,1,0,0,0,0,2,8,-0.19999999999999973,33.33333333333333,https://www.nba.com/stats/players/boxscores-traditional?Season=2017-18&SeasonType=Regular%20Season&TeamID=1610612741
2018,2017–18,1627739,Kris Dunn,0021700537,2017-12-31,CHI @ WAS,WAS,L,31.746666666666666,19,8,17,1,5,2,2,0,7,7,11,0,0,3,5,6,15.100000000000001,53.13199105145414,https://www.nba.com/stats/players/boxscores-traditional?Season=2017-18&SeasonType=Regular%20Season&TeamID=1610612741
2018,2017–18,202703,Nikola Mirotic,0021700537,2017-12-31,CHI @ WAS,WAS,L,27.616666666666667,21,8,16,3,8,2,2,2,2,4,4,1,0,3,2,-5,15.0,62.203791469194314,https://www.nba.com/stats/players/boxscores-traditional?Season=2017-18&SeasonType=Regular%20Season&TeamID=1610612741
2018,2017–18,1628021,David Nwaba,0021700537,2017-12-31,CHI @ WAS,WAS,L,25.44333333333333,11,3,6,0,0,5,8,2,4,6,2,3,1,0,3,-1,13.299999999999997,57.77310924369748,https://www.nba.com/stats/players/boxscores-traditional?Season=2017-18&SeasonType=Regular%20Season&TeamID=1610612741
2018,2017–18,1628374,Lauri Markkanen,0021700537,2017-12-31,CHI @ WAS,WAS,L,29.133333333333333,11,4,12,2,7,1,1,2,7,9,0,0,0,2,2,-5,4.900000000000001,44.21221864951769,https://www.nba.com/stats/players/boxscores-traditional?Season=2017-18&SeasonType=Regular%20Season&TeamID=1610612741
2018,2017–18,201577,Robin Lopez,0021700537,2017-12-31,CHI @ WAS,WAS,L,20.85,16,7,8,0,0,2,2,1,1,2,1,0,0,0,1,4,14.5,90.09009009009009,https://www.nba.com/stats/players/boxscores-traditional?Season=2017-18&SeasonType=Regular%20Season&TeamID=1610612741
2018,2017–18,203200,Justin Holiday,0021700537,2017-12-31,CHI @ WAS,WAS,L,34.016666666666666,11,5,11,1,6,0,1,0,4,4,0,1,0,0,4,0,5.5,48.07692307692308,https://www.nba.com/stats/players/boxscores-traditional?Season=2017-18&SeasonType=Regular%20Season&TeamID=1610612741
2018,2017–18,1626171,Bobby Portis Jr.,0021700537,2017-12-31,CHI @ WAS,WAS,L,18.4,10,4,9,0,1,2,2,3,4,7,0,0,0,3,0,-2,5.6,50.607287449392715,https://www.nba.com/stats/players/boxscores-traditional?Season=2017-18&SeasonType=Regular%20Season&TeamID=1610612741
2018,2017–18,1627756,Denzel Valentine,0021700537,2017-12-31,CHI @ WAS,WAS,L,22.55666666666667,7,3,7,1,4,0,0,0,3,3,3,0,0,0,2,-3,5.499999999999999,50.0,https://www.nba.com/stats/players/boxscores-traditional?Season=2017-18&SeasonType=Regular%20Season&TeamID=1610612741
2018,2017–18,1626170,Jerian Grant,0021700537,2017-12-31,CHI @ WAS,WAS,L,16.253333333333334,4,0,5,0,4,4,4,0,1,1,3,0,0,1,1,-10,1.4999999999999996,29.585798816568047,https://www.nba.com/stats/players/boxscores-traditional?Season=2017-18&SeasonType=Regular%20Season&TeamID=1610612741
2018,2017–18,1627835,Paul Zipser,0021700537,2017-12-31,CHI @ WAS,WAS,L,13.983333333333333,0,0,1,0,0,0,0,0,3,3,0,1,0,0,2,-4,0.3999999999999999,0.0,https://www.nba.com/stats/players/boxscores-traditional?Season=2017-18&SeasonType=Regular%20Season&TeamID=1610612741
2018,2017–18,202703,Nikola Mirotic,0021700524,2017-12-29,CHI vs. IND,IND,W,27.573333333333334,28,10,20,8,16,0,0,0,4,4,4,1,0,3,3,9,18.8,70.0,https://www.nba.com/stats/players/boxscores-traditional?Season=2017-18&SeasonType=Regular%20Season&TeamID=1610612741
2018,2017–18,1628374,Lauri Markkanen,0021700524,2017-12-29,CHI vs. IND,IND,W,28.37,32,11,17,5,9,5,5,1,6,7,1,0,0,1,1,-1,26.3,83.33333333333334,https://www.nba.com/stats/players/boxscores-traditional?Season=2017-18&SeasonType=Regular%20Season&TeamID=1610612741
2018,2017–18,1626170,Jerian Grant,0021700524,2017-12-29,CHI vs. IND,IND,W,32.995,11,4,9,3,6,0,0,1,6,7,12,1,0,2,4,5,14.599999999999998,61.111111111111114,https://www.nba.com/stats/players/boxscores-traditional?Season=2017-18&SeasonType=Regular%20Season&TeamID=1610612741
2018,2017–18,203200,Justin Holiday,0021700524,2017-12-29,CHI vs. IND,IND,W,36.15,11,3,8,1,3,4,4,0,2,2,4,1,3,1,1,-2,11.7,56.35245901639344,https://www.nba.com/stats/players/boxscores-traditional?Season=2017-18&SeasonType=Regular%20Season&TeamID=1610612741
2018,2017–18,1626171,Bobby Portis Jr.,0021700524,2017-12-29,CHI vs. IND,IND,W,15.746666666666666,12,4,9,0,1,4,4,3,4,7,3,0,0,0,0,11,12.699999999999998,55.762081784386616,https://www.nba.com/stats/players/boxscores-traditional?Season=2017-18&SeasonType=Regular%20Season&TeamID=1610612741
2018,2017–18,201577,Robin Lopez,0021700524,2017-12-29,CHI vs. IND,IND,W,23.8,12,6,9,0,0,0,0,0,4,4,1,1,0,2,3,5,7.800000000000001,66.66666666666666,https://www.nba.com/stats/players/boxscores-traditional?Season=2017-18&SeasonType=Regular%20Season&TeamID=1610612741
2018,2017–18,1628021,David Nwaba,0021700524,2017-12-29,CHI vs. IND,IND,W,32.05,7,2,5,1,1,2,2,1,3,4,1,1,0,2,5,9,3.6000000000000005,59.523809523809526,https://www.nba.com/stats/players/boxscores-traditional?Season=2017-18&SeasonType=Regular%20Season&TeamID=1610612741
2018,2017–18,1627756,Denzel Valentine,0021700524,2017-12-29,CHI vs. IND,IND,W,25.971666666666668,4,2,6,0,2,0,0,1,3,4,5,0,0,2,3,12,2.5,33.33333333333333,https://www.nba.com/stats/players/boxscores-traditional?Season=2017-18&SeasonType=Regular%20Season&TeamID=1610612741
2018,2017–18,1627835,Paul Zipser,0021700524,2017-12-29,CHI vs. IND,IND,W,17.343333333333334,2,1,2,0,1,0,0,0,1,1,0,1,1,2,0,12,1.0,50.0,https://www.nba.com/stats/players/boxscores-traditional?Season=2017-18&SeasonType=Regular%20Season&TeamID=1610612741
2018,2017–18,1627739,Kris Dunn,0021700509,2017-12-27,CHI vs. NYK,NYK,W,32.0,17,6,18,1,4,4,4,0,5,5,5,2,1,2,3,-1,11.299999999999997,43.016194331983804,https://www.nba.com/stats/players/boxscores-traditional?Season=2017-18&SeasonType=Regular%20Season&TeamID=1610612741
2018,2017–18,203200,Justin Holiday,0021700509,2017-12-27,CHI vs. NYK,NYK,W,37.21666666666667,11,3,7,3,4,2,2,1,8,9,3,1,0,3,1,6,10.1,69.79695431472082,https://www.nba.com/stats/players/boxscores-traditional?Season=2017-18&SeasonType=Regular%20Season&TeamID=1610612741
2018,2017–18,201577,Robin Lopez,0021700509,2017-12-27,CHI vs. NYK,NYK,W,29.51,11,4,12,0,0,3,3,2,4,6,4,1,1,2,0,-7,9.3,41.29129129129129,https://www.nba.com/stats/players/boxscores-traditional?Season=2017-18&SeasonType=Regular%20Season&TeamID=1610612741
2018,2017–18,1628374,Lauri Markkanen,0021700509,2017-12-27,CHI vs. NYK,NYK,W,28.05,12,5,15,2,8,0,1,0,2,2,1,1,1,1,1,15,4.7,38.860103626943,https://www.nba.com/stats/players/boxscores-traditional?Season=2017-18&SeasonType=Regular%20Season&TeamID=1610612741
2018,2017–18,1627756,Denzel Valentine,0021700509,2017-12-27,CHI vs. NYK,NYK,W,28.908333333333335,9,4,6,1,2,0,0,0,9,9,0,1,0,2,2,13,7.299999999999999,75.0,https://www.nba.com/stats/players/boxscores-traditional?Season=2017-18&SeasonType=Regular%20Season&TeamID=1610612741
2018,2017–18,1626170,Jerian Grant,0021700509,2017-12-27,CHI vs. NYK,NYK,W,16.0,7,3,7,1,4,0,0,0,3,3,6,0,0,0,3,6,7.199999999999998,50.0,https://www.nba.com/stats/players/boxscores-traditional?Season=2017-18&SeasonType=Regular%20Season&TeamID=1610612741
2018,2017–18,1626171,Bobby Portis Jr.,0021700509,2017-12-27,CHI vs. NYK,NYK,W,13.201666666666666,8,3,8,0,1,2,2,1,3,4,1,1,0,1,0,1,5.8999999999999995,45.04504504504504,https://www.nba.com/stats/players/boxscores-traditional?Season=2017-18&SeasonType=Regular%20Season&TeamID=1610612741
2018,2017–18,202703,Nikola Mirotic,0021700509,2017-12-27,CHI vs. NYK,NYK,W,25.25,4,2,4,0,1,0,0,0,8,8,2,0,0,1,5,3,2.8000000000000007,50.0,https://www.nba.com/stats/players/boxscores-traditional?Season=2017-18&SeasonType=Regular%20Season&TeamID=1610612741
2018,2017–18,1627835,Paul Zipser,0021700509,2017-12-27,CHI vs. NYK,NYK,W,10.783333333333333,8,3,3,2,2,0,0,0,1,1,0,1,0,1,0,-1,7.399999999999999,133.33333333333331,https://www.nba.com/stats/players/boxscores-traditional?Season=2017-18&SeasonType=Regular%20Season&TeamID=1610612741
2018,2017–18,1628021,David Nwaba,0021700509,2017-12-27,CHI vs. NYK,NYK,W,19.08,5,2,6,0,2,1,4,0,3,3,1,1,0,2,0,-10,1.0,32.21649484536083,https://www.nba.com/stats/players/boxscores-traditional?Season=2017-18&SeasonType=Regular%20Season&TeamID=1610612741
2018,2017–18,1627739,Kris Dunn,0021700501,2017-12-26,CHI @ MIL,MIL,W,33.66833333333334,20,9,17,0,3,2,4,0,2,2,12,4,2,4,5,-2,19.299999999999997,53.304904051172706,https://www.nba.com/stats/players/boxscores-traditional?Season=2017-18&SeasonType=Regular%20Season&TeamID=1610612741
2018,2017–18,202703,Nikola Mirotic,0021700501,2017-12-26,CHI @ MIL,MIL,W,28.116666666666667,24,9,18,4,8,2,4,2,6,8,1,0,0,0,1,11,17.700000000000003,60.72874493927125,https://www.nba.com/stats/players/boxscores-traditional?Season=2017-18&SeasonType=Regular%20Season&TeamID=1610612741
2018,2017–18,1627756,Denzel Valentine,0021700501,2017-12-26,CHI @ MIL,MIL,W,27.633333333333333,13,5,10,1,4,2,2,1,3,4,2,1,0,0,3,3,10.8,59.74264705882353,https://www.nba.com/stats/players/boxscores-traditional?Season=2017-18&SeasonType=Regular%20Season&TeamID=1610612741
2018,2017–18,203200,Justin Holiday,0021700501,2017-12-26,CHI @ MIL,MIL,W,32.55,15,5,15,1,4,4,5,0,3,3,1,1,0,1,2,-1,6.8999999999999995,43.604651162790695,https://www.nba.com/stats/players/boxscores-traditional?Season=2017-18&SeasonType=Regular%20Season&TeamID=1610612741
2018,2017–18,1628021,David Nwaba,0021700501,2017-12-26,CHI @ MIL,MIL,W,24.6,7,3,6,0,0,1,2,4,5,9,1,2,0,0,3,8,9.399999999999999,50.872093023255815,https://www.nba.com/stats/players/boxscores-traditional?Season=2017-18&SeasonType=Regular%20Season&TeamID=1610612741
2018,2017–18,1626171,Bobby Portis Jr.,0021700501,2017-12-26,CHI @ MIL,MIL,W,24.348333333333333,9,4,9,0,1,1,2,4,4,8,1,1,0,0,3,26,8.399999999999999,45.54655870445344,https://www.nba.com/stats/players/boxscores-traditional?Season=2017-18&SeasonType=Regular%20Season&TeamID=1610612741
2018,2017–18,201577,Robin Lopez,0021700501,2017-12-26,CHI @ MIL,MIL,W,23.651666666666667,10,5,12,0,0,0,0,2,2,4,2,0,1,1,2,-17,5.900000000000002,41.66666666666667,https://www.nba.com/stats/players/boxscores-traditional?Season=2017-18&SeasonType=Regular%20Season&TeamID=1610612741
2018,2017–18,1626170,Jerian Grant,0021700501,2017-12-26,CHI @ MIL,MIL,W,14.331666666666667,9,3,5,2,3,1,2,0,1,1,2,2,0,0,0,11,9.999999999999998,76.53061224489795,https://www.nba.com/stats/players/boxscores-traditional?Season=2017-18&SeasonType=Regular%20Season&TeamID=1610612741
2018,2017–18,1628374,Lauri Markkanen,0021700501,2017-12-26,CHI @ MIL,MIL,W,19.883333333333333,3,1,7,1,3,0,2,2,5,7,1,0,0,0,0,-2,1.3,19.03553299492386,https://www.nba.com/stats/players/boxscores-traditional?Season=2017-18&SeasonType=Regular%20Season&TeamID=1610612741
2018,2017–18,1627835,Paul Zipser,0021700501,2017-12-26,CHI @ MIL,MIL,W,11.216666666666667,5,1,4,1,2,2,2,0,1,1,3,0,0,0,0,8,5.0,51.229508196721305,https://www.nba.com/stats/players/boxscores-traditional?Season=2017-18&SeasonType=Regular%20Season&TeamID=1610612741
2018,2017–18,1626171,Bobby Portis Jr.,0021700485,2017-12-23,CHI @ BOS,BOS,L,20.883333333333333,17,7,13,0,2,3,3,3,5,8,1,1,0,0,2,-3,15.2,59.35754189944134,https://www.nba.com/stats/players/boxscores-traditional?Season=2017-18&SeasonType=Regular%20Season&TeamID=1610612741
2018,2017–18,203200,Justin Holiday,0021700485,2017-12-23,CHI @ BOS,BOS,L,25.35,12,5,12,2,5,0,0,1,4,5,0,2,1,2,2,-18,7.4,50.0,https://www.nba.com/stats/players/boxscores-traditional?Season=2017-18&SeasonType=Regular%20Season&TeamID=1610612741
2018,2017–18,202703,Nikola Mirotic,0021700485,2017-12-23,CHI @ BOS,BOS,L,22.583333333333332,9,3,10,1,3,2,2,1,8,9,2,0,0,0,2,3,6.8999999999999995,41.36029411764706,https://www.nba.com/stats/players/boxscores-traditional?Season=2017-18&SeasonType=Regular%20Season&TeamID=1610612741
2018,2017–18,1628374,Lauri Markkanen,0021700485,2017-12-23,CHI @ BOS,BOS,L,26.033333333333335,12,4,10,2,3,2,2,2,3,5,1,0,0,1,1,-31,8.2,55.147058823529406,https://www.nba.com/stats/players/boxscores-traditional?Season=2017-18&SeasonType=Regular%20Season&TeamID=1610612741
2018,2017–18,1626170,Jerian Grant,0021700485,2017-12-23,CHI @ BOS,BOS,L,23.35,10,4,8,1,3,1,2,0,2,2,6,0,0,2,4,4,6.799999999999999,56.3063063063063,https://www.nba.com/stats/players/boxscores-traditional?Season=2017-18&SeasonType=Regular%20Season&TeamID=1610612741
2018,2017–18,1628021,David Nwaba,0021700485,2017-12-23,CHI @ BOS,BOS,L,25.583333333333332,11,4,6,0,0,3,8,1,3,4,1,0,0,3,1,-8,5.299999999999999,57.77310924369748,https://www.nba.com/stats/players/boxscores-traditional?Season=2017-18&SeasonType=Regular%20Season&TeamID=1610612741
2018,2017–18,201577,Robin Lopez,0021700485,2017-12-23,CHI @ BOS,BOS,L,16.866666666666667,8,3,5,0,0,2,2,2,2,4,3,0,0,1,0,-15,8.799999999999999,68.02721088435374,https://www.nba.com/stats/players/boxscores-traditional?Season=2017-18&SeasonType=Regular%20Season&TeamID=1610612741
2018,2017–18,1627756,Denzel Valentine,0021700485,2017-12-23,CHI @ BOS,BOS,L,26.016666666666666,5,1,3,1,2,2,2,0,5,5,1,1,0,2,2,-19,3.700000000000001,64.43298969072166,https://www.nba.com/stats/players/boxscores-traditional?Season=2017-18&SeasonType=Regular%20Season&TeamID=1610612741
2018,2017–18,1627739,Kris Dunn,0021700485,2017-12-23,CHI @ BOS,BOS,L,24.65,2,1,12,0,1,0,0,1,1,2,7,0,0,2,1,-29,-2.4999999999999987,8.333333333333332,https://www.nba.com/stats/players/boxscores-traditional?Season=2017-18&SeasonType=Regular%20Season&TeamID=1610612741
2018,2017–18,1627835,Paul Zipser,0021700485,2017-12-23,CHI @ BOS,BOS,L,17.583333333333332,5,2,5,0,0,1,2,1,2,3,1,0,1,2,1,-5,2.1999999999999993,42.51700680272109,https://www.nba.com/stats/players/boxscores-traditional?Season=2017-18&SeasonType=Regular%20Season&TeamID=1610612741
2018,2017–18,1626245,Cristiano Felicio,0021700485,2017-12-23,CHI @ BOS,BOS,L,5.55,1,0,1,0,0,1,2,0,1,1,1,0,0,0,0,-2,0.8999999999999999,26.595744680851062,https://www.nba.com/stats/players/boxscores-traditional?Season=2017-18&SeasonType=Regular%20Season&TeamID=1610612741
2018,2017–18,202347,Quincy Pondexter,0021700485,2017-12-23,CHI @ BOS,BOS,L,5.55,0,0,1,0,0,0,0,0,3,3,0,0,0,0,0,-2,0.19999999999999996,0.0,https://www.nba.com/stats/players/boxscores-traditional?Season=2017-18&SeasonType=Regular%20Season&TeamID=1610612741
2018,2017–18,1627756,Denzel Valentine,0021700466,2017-12-21,CHI @ CLE,CLE,L,35.96333333333333,18,7,10,4,7,0,0,0,5,5,4,1,1,1,4,8,17.2,90.0,https://www.nba.com/stats/players/boxscores-traditional?Season=2017-18&SeasonType=Regular%20Season&TeamID=1610612741
2018,2017–18,1628374,Lauri Markkanen,0021700466,2017-12-21,CHI @ CLE,CLE,L,29.663333333333334,25,11,17,1,4,2,2,1,1,2,2,1,0,1,2,-4,19.099999999999998,69.91051454138703,https://www.nba.com/stats/players/boxscores-traditional?Season=2017-18&SeasonType=Regular%20Season&TeamID=1610612741
2018,2017–18,1627739,Kris Dunn,0021700466,2017-12-21,CHI @ CLE,CLE,L,34.96666666666667,10,5,11,0,2,0,0,0,5,5,14,1,0,4,2,4,11.8,45.45454545454545,https://www.nba.com/stats/players/boxscores-traditional?Season=2017-18&SeasonType=Regular%20Season&TeamID=1610612741
2018,2017–18,203200,Justin Holiday,0021700466,2017-12-21,CHI @ CLE,CLE,L,34.958333333333336,8,3,7,2,5,0,0,0,7,7,5,1,0,1,1,9,9.5,57.14285714285714,https://www.nba.com/stats/players/boxscores-traditional?Season=2017-18&SeasonType=Regular%20Season&TeamID=1610612741
2018,2017–18,202703,Nikola Mirotic,0021700466,2017-12-21,CHI @ CLE,CLE,L,25.466666666666665,15,5,9,3,6,2,4,0,5,5,1,0,0,0,3,6,10.899999999999999,69.70260223048327,https://www.nba.com/stats/players/boxscores-traditional?Season=2017-18&SeasonType=Regular%20Season&TeamID=1610612741
2018,2017–18,201577,Robin Lopez,0021700466,2017-12-21,CHI @ CLE,CLE,L,27.216666666666665,14,7,11,0,0,0,0,1,2,3,3,1,0,0,3,1,12.3,63.63636363636363,https://www.nba.com/stats/players/boxscores-traditional?Season=2017-18&SeasonType=Regular%20Season&TeamID=1610612741
2018,2017–18,1626170,Jerian Grant,0021700466,2017-12-21,CHI @ CLE,CLE,L,13.033333333333333,9,3,4,1,1,2,2,0,1,1,1,1,0,1,2,-7,7.599999999999998,92.21311475409836,https://www.nba.com/stats/players/boxscores-traditional?Season=2017-18&SeasonType=Regular%20Season&TeamID=1610612741
2018,2017–18,1626171,Bobby Portis Jr.,0021700466,2017-12-21,CHI @ CLE,CLE,L,13.653333333333334,6,3,7,0,0,0,0,2,1,3,1,0,0,1,0,-9,3.700000000000001,42.857142857142854,https://www.nba.com/stats/players/boxscores-traditional?Season=2017-18&SeasonType=Regular%20Season&TeamID=1610612741
2018,2017–18,1627835,Paul Zipser,0021700466,2017-12-21,CHI @ CLE,CLE,L,9.325,5,2,4,1,3,0,0,0,1,1,1,1,0,1,1,-8,3.5999999999999996,62.5,https://www.nba.com/stats/players/boxscores-traditional?Season=2017-18&SeasonType=Regular%20Season&TeamID=1610612741
2018,2017–18,1628021,David Nwaba,0021700466,2017-12-21,CHI @ CLE,CLE,L,15.753333333333334,2,1,5,0,3,0,0,1,2,3,2,1,0,2,1,-15,0.19999999999999973,20.0,https://www.nba.com/stats/players/boxscores-traditional?Season=2017-18&SeasonType=Regular%20Season&TeamID=1610612741
2018,2017–18,1627756,Denzel Valentine,0021700458,2017-12-20,CHI vs. ORL,ORL,W,28.533333333333335,16,6,9,3,4,1,2,2,8,10,5,1,0,1,2,24,18.2,80.97165991902834,https://www.nba.com/stats/players/boxscores-traditional?Season=2017-18&SeasonType=Regular%20Season&TeamID=1610612741
2018,2017–18,1627739,Kris Dunn,0021700458,2017-12-20,CHI vs. ORL,ORL,W,24.05,15,6,11,0,3,3,3,1,5,6,7,3,1,2,3,16,17.299999999999997,60.87662337662337,https://www.nba.com/stats/players/boxscores-traditional?Season=2017-18&SeasonType=Regular%20Season&TeamID=1610612741
2018,2017–18,202703,Nikola Mirotic,0021700458,2017-12-20,CHI vs. ORL,ORL,W,21.733333333333334,15,6,11,2,5,1,1,0,10,10,1,0,1,1,1,11,12.699999999999998,65.55944055944056,https://www.nba.com/stats/players/boxscores-traditional?Season=2017-18&SeasonType=Regular%20Season&TeamID=1610612741
2018,2017–18,1626170,Jerian Grant,0021700458,2017-12-20,CHI vs. ORL,ORL,W,23.95,13,6,8,0,1,1,1,0,2,2,6,0,1,2,2,2,12.499999999999998,77.01421800947867,https://www.nba.com/stats/players/boxscores-traditional?Season=2017-18&SeasonType=Regular%20Season&TeamID=1610612741
2018,2017–18,1626171,Bobby Portis Jr.,0021700458,2017-12-20,CHI vs. ORL,ORL,W,14.623333333333333,14,4,9,2,5,4,4,1,4,5,2,0,0,1,1,11,11.2,65.05576208178438,https://www.nba.com/stats/players/boxscores-traditional?Season=2017-18&SeasonType=Regular%20Season&TeamID=1610612741
2018,2017–18,201577,Robin Lopez,0021700458,2017-12-20,CHI vs. ORL,ORL,W,26.976666666666667,10,5,11,0,0,0,0,2,5,7,1,0,2,0,1,17,8.9,45.45454545454545,https://www.nba.com/stats/players/boxscores-traditional?Season=2017-18&SeasonType=Regular%20Season&TeamID=1610612741
2018,2017–18,203200,Justin Holiday,0021700458,2017-12-20,CHI vs. ORL,ORL,W,28.296666666666667,8,3,6,2,4,0,0,0,2,2,6,0,1,0,1,23,10.099999999999998,66.66666666666666,https://www.nba.com/stats/players/boxscores-traditional?Season=2017-18&SeasonType=Regular%20Season&TeamID=1610612741
2018,2017–18,1628374,Lauri Markkanen,0021700458,2017-12-20,CHI vs. ORL,ORL,W,19.866666666666667,9,3,10,0,4,3,3,1,4,5,0,0,1,0,2,17,5.0,39.75265017667844,https://www.nba.com/stats/players/boxscores-traditional?Season=2017-18&SeasonType=Regular%20Season&TeamID=1610612741
2018,2017–18,1628021,David Nwaba,0021700458,2017-12-20,CHI vs. ORL,ORL,W,19.466666666666665,4,2,2,0,0,0,0,1,1,2,3,2,0,1,4,-6,5.9,100.0,https://www.nba.com/stats/players/boxscores-traditional?Season=2017-18&SeasonType=Regular%20Season&TeamID=1610612741
2018,2017–18,1627835,Paul Zipser,0021700458,2017-12-20,CHI vs. ORL,ORL,W,19.703333333333333,6,2,7,2,4,0,0,1,1,2,0,0,0,2,4,-5,-0.6999999999999997,42.857142857142854,https://www.nba.com/stats/players/boxscores-traditional?Season=2017-18&SeasonType=Regular%20Season&TeamID=1610612741
2018,2017–18,1626245,Cristiano Felicio,0021700458,2017-12-20,CHI vs. ORL,ORL,W,6.4,2,1,1,0,0,0,0,0,0,0,0,0,1,1,1,-10,1.0,100.0,https://www.nba.com/stats/players/boxscores-traditional?Season=2017-18&SeasonType=Regular%20Season&TeamID=1610612741
2018,2017–18,202347,Quincy Pondexter,0021700458,2017-12-20,CHI vs. ORL,ORL,W,6.4,0,0,2,0,2,0,0,0,0,0,0,0,0,0,1,-10,-1.7999999999999998,0.0,https://www.nba.com/stats/players/boxscores-traditional?Season=2017-18&SeasonType=Regular%20Season&TeamID=1610612741
2018,2017–18,202703,Nikola Mirotic,0021700444,2017-12-18,CHI vs. PHI,PHI,W,26.283333333333335,22,7,16,3,6,5,7,1,12,13,2,1,1,2,2,8,17.4,57.65199161425577,https://www.nba.com/stats/players/boxscores-traditional?Season=2017-18&SeasonType=Regular%20Season&TeamID=1610612741
2018,2017–18,1627739,Kris Dunn,0021700444,2017-12-18,CHI vs. PHI,PHI,W,34.05,22,9,14,2,2,2,2,0,4,4,6,2,0,5,2,7,17.400000000000002,73.9247311827957,https://www.nba.com/stats/players/boxscores-traditional?Season=2017-18&SeasonType=Regular%20Season&TeamID=1610612741
2018,2017–18,203200,Justin Holiday,0021700444,2017-12-18,CHI vs. PHI,PHI,W,37.833333333333336,20,7,14,5,7,1,1,0,2,2,3,1,2,1,0,12,17.1,69.25207756232687,https://www.nba.com/stats/players/boxscores-traditional?Season=2017-18&SeasonType=Regular%20Season&TeamID=1610612741
2018,2017–18,1626171,Bobby Portis Jr.,0021700444,2017-12-18,CHI vs. PHI,PHI,W,22.383333333333333,12,4,10,1,3,3,3,3,7,10,2,1,1,2,2,-13,11.099999999999998,53.003533568904594,https://www.nba.com/stats/players/boxscores-traditional?Season=2017-18&SeasonType=Regular%20Season&TeamID=1610612741
2018,2017–18,1628374,Lauri Markkanen,0021700444,2017-12-18,CHI vs. PHI,PHI,W,25.533333333333335,10,4,11,2,6,0,0,0,6,6,4,1,0,1,0,4,8.5,45.45454545454545,https://www.nba.com/stats/players/boxscores-traditional?Season=2017-18&SeasonType=Regular%20Season&TeamID=1610612741
2018,2017–18,1626170,Jerian Grant,0021700444,2017-12-18,CHI vs. PHI,PHI,W,13.95,5,2,8,0,2,1,2,0,0,0,4,2,1,1,0,-5,4.3,28.15315315315315,https://www.nba.com/stats/players/boxscores-traditional?Season=2017-18&SeasonType=Regular%20Season&TeamID=1610612741
2018,2017–18,201577,Robin Lopez,0021700444,2017-12-18,CHI vs. PHI,PHI,W,21.8,6,3,7,0,0,0,0,0,1,1,1,1,2,2,1,5,3.3000000000000007,42.857142857142854,https://www.nba.com/stats/players/boxscores-traditional?Season=2017-18&SeasonType=Regular%20Season&TeamID=1610612741
2018,2017–18,1627756,Denzel Valentine,0021700444,2017-12-18,CHI vs. PHI,PHI,W,21.658333333333335,10,5,6,0,1,0,0,0,0,0,3,0,0,0,3,-4,8.7,83.33333333333334,https://www.nba.com/stats/players/boxscores-traditional?Season=2017-18&SeasonType=Regular%20Season&TeamID=1610612741
2018,2017–18,1628021,David Nwaba,0021700444,2017-12-18,CHI vs. PHI,PHI,W,26.2,10,3,4,0,0,4,4,0,1,1,2,0,0,0,4,6,8.5,86.80555555555556,https://www.nba.com/stats/players/boxscores-traditional?Season=2017-18&SeasonType=Regular%20Season&TeamID=1610612741
2018,2017–18,1627835,Paul Zipser,0021700444,2017-12-18,CHI vs. PHI,PHI,W,10.308333333333334,0,0,2,0,1,0,0,1,1,2,0,0,0,1,2,-10,-2.2,0.0,https://www.nba.com/stats/players/boxscores-traditional?Season=2017-18&SeasonType=Regular%20Season&TeamID=1610612741
2018,2017–18,1626171,Bobby Portis Jr.,0021700426,2017-12-15,CHI @ MIL,MIL,W,29.411666666666665,27,9,16,2,5,7,7,2,10,12,0,1,0,1,1,13,23.400000000000002,70.75471698113208,https://www.nba.com/stats/players/boxscores-traditional?Season=2017-18&SeasonType=Regular%20Season&TeamID=1610612741
2018,2017–18,202703,Nikola Mirotic,0021700426,2017-12-15,CHI @ MIL,MIL,W,29.088333333333335,22,7,16,3,7,5,7,1,7,8,2,1,0,1,3,0,15.8,57.65199161425577,https://www.nba.com/stats/players/boxscores-traditional?Season=2017-18&SeasonType=Regular%20Season&TeamID=1610612741
2018,2017–18,1628021,David Nwaba,0021700426,2017-12-15,CHI @ MIL,MIL,W,35.208333333333336,13,5,9,1,1,2,3,2,6,8,1,3,0,2,5,11,11.2,62.98449612403101,https://www.nba.com/stats/players/boxscores-traditional?Season=2017-18&SeasonType=Regular%20Season&TeamID=1610612741
2018,2017–18,1627739,Kris Dunn,0021700426,2017-12-15,CHI @ MIL,MIL,W,25.016666666666666,17,7,12,0,1,3,5,0,0,0,7,2,0,2,6,8,13.1,59.859154929577464,https://www.nba.com/stats/players/boxscores-traditional?Season=2017-18&SeasonType=Regular%20Season&TeamID=1610612741
2018,2017–18,201577,Robin Lopez,0021700426,2017-12-15,CHI @ MIL,MIL,W,29.05,18,9,14,0,0,0,2,6,2,8,1,0,0,0,1,3,16.1,60.483870967741936,https://www.nba.com/stats/players/boxscores-traditional?Season=2017-18&SeasonType=Regular%20Season&TeamID=1610612741
2018,2017–18,203200,Justin Holiday,0021700426,2017-12-15,CHI @ MIL,MIL,W,38.36666666666667,8,2,10,0,4,4,4,2,6,8,7,0,0,3,2,13,6.099999999999998,34.01360544217687,https://www.nba.com/stats/players/boxscores-traditional?Season=2017-18&SeasonType=Regular%20Season&TeamID=1610612741
2018,2017–18,1626170,Jerian Grant,0021700426,2017-12-15,CHI @ MIL,MIL,W,22.983333333333334,8,2,3,2,3,2,7,0,2,2,4,1,0,3,3,-2,4.900000000000001,65.78947368421053,https://www.nba.com/stats/players/boxscores-traditional?Season=2017-18&SeasonType=Regular%20Season&TeamID=1610612741
2018,2017–18,1627756,Denzel Valentine,0021700426,2017-12-15,CHI @ MIL,MIL,W,18.108333333333334,2,1,4,0,0,0,0,1,3,4,1,0,0,0,3,-13,0.6999999999999997,25.0,https://www.nba.com/stats/players/boxscores-traditional?Season=2017-18&SeasonType=Regular%20Season&TeamID=1610612741
2018,2017–18,1627835,Paul Zipser,0021700426,2017-12-15,CHI @ MIL,MIL,W,12.766666666666667,0,0,2,0,1,0,0,0,0,0,1,0,0,0,2,-3,-1.5,0.0,https://www.nba.com/stats/players/boxscores-traditional?Season=2017-18&SeasonType=Regular%20Season&TeamID=1610612741
2018,2017–18,202703,Nikola Mirotic,0021700409,2017-12-13,CHI vs. UTA,UTA,W,35.266666666666666,29,11,18,3,5,4,4,3,6,9,0,2,0,2,2,3,23.9,73.38056680161942,https://www.nba.com/stats/players/boxscores-traditional?Season=2017-18&SeasonType=Regular%20Season&TeamID=1610612741
2018,2017–18,1627739,Kris Dunn,0021700409,2017-12-13,CHI vs. UTA,UTA,W,33.705,13,6,18,0,2,1,2,0,7,7,8,4,0,1,4,3,11.5,34.42796610169492,https://www.nba.com/stats/players/boxscores-traditional?Season=2017-18&SeasonType=Regular%20Season&TeamID=1610612741
2018,2017–18,201577,Robin Lopez,0021700409,2017-12-13,CHI vs. UTA,UTA,W,36.38,16,8,20,0,0,0,0,3,1,4,5,0,3,2,0,-2,11.199999999999998,40.0,https://www.nba.com/stats/players/boxscores-traditional?Season=2017-18&SeasonType=Regular%20Season&TeamID=1610612741
2018,2017–18,1626171,Bobby Portis Jr.,0021700409,2017-12-13,CHI vs. UTA,UTA,W,22.01,9,4,10,1,3,0,1,2,6,8,3,0,0,0,0,5,8.5,43.10344827586207,https://www.nba.com/stats/players/boxscores-traditional?Season=2017-18&SeasonType=Regular%20Season&TeamID=1610612741
2018,2017–18,203200,Justin Holiday,0021700409,2017-12-13,CHI vs. UTA,UTA,W,23.691666666666666,12,3,7,1,2,5,8,0,4,4,0,2,0,1,2,-5,8.5,57.03422053231939,https://www.nba.com/stats/players/boxscores-traditional?Season=2017-18&SeasonType=Regular%20Season&TeamID=1610612741
2018,2017–18,1627756,Denzel Valentine,0021700409,2017-12-13,CHI vs. UTA,UTA,W,35.8,13,5,8,1,2,2,2,0,3,3,2,0,0,1,1,-9,10.3,73.1981981981982,https://www.nba.com/stats/players/boxscores-traditional?Season=2017-18&SeasonType=Regular%20Season&TeamID=1610612741
2018,2017–18,1628021,David Nwaba,0021700409,2017-12-13,CHI vs. UTA,UTA,W,28.435,3,1,3,0,0,1,2,1,7,8,1,0,0,0,2,15,3.6000000000000005,38.659793814432994,https://www.nba.com/stats/players/boxscores-traditional?Season=2017-18&SeasonType=Regular%20Season&TeamID=1610612741
2018,2017–18,1626170,Jerian Grant,0021700409,2017-12-13,CHI vs. UTA,UTA,W,14.295,7,3,7,1,2,0,0,0,0,0,2,1,0,0,1,0,5.299999999999999,50.0,https://www.nba.com/stats/players/boxscores-traditional?Season=2017-18&SeasonType=Regular%20Season&TeamID=1610612741
2018,2017–18,1627835,Paul Zipser,0021700409,2017-12-13,CHI vs. UTA,UTA,W,10.416666666666666,1,0,2,0,1,1,2,0,3,3,0,0,0,2,2,5,-2.7,17.36111111111111,https://www.nba.com/stats/players/boxscores-traditional?Season=2017-18&SeasonType=Regular%20Season&TeamID=1610612741
2018,2017–18,202703,Nikola Mirotic,0021700391,2017-12-11,CHI vs. BOS,BOS,W,31.583333333333332,24,9,14,3,7,3,6,0,8,8,0,0,1,0,1,13,19.300000000000004,72.11538461538461,https://www.nba.com/stats/players/boxscores-traditional?Season=2017-18&SeasonType=Regular%20Season&TeamID=1610612741
2018,2017–18,1626171,Bobby Portis Jr.,0021700391,2017-12-11,CHI vs. BOS,BOS,W,23.0,23,10,15,3,3,0,1,2,2,4,1,2,0,0,3,29,19.6,74.48186528497409,https://www.nba.com/stats/players/boxscores-traditional?Season=2017-18&SeasonType=Regular%20Season&TeamID=1610612741
2018,2017–18,1626170,Jerian Grant,0021700391,2017-12-11,CHI vs. BOS,BOS,W,23.066666666666666,8,2,3,2,2,2,2,2,1,3,9,1,0,1,4,23,13.100000000000003,103.09278350515466,https://www.nba.com/stats/players/boxscores-traditional?Season=2017-18&SeasonType=Regular%20Season&TeamID=1610612741
2018,2017–18,203200,Justin Holiday,0021700391,2017-12-11,CHI vs. BOS,BOS,W,24.566666666666666,8,3,10,2,6,0,0,1,6,7,2,2,0,1,1,0,6.699999999999999,40.0,https://www.nba.com/stats/players/boxscores-traditional?Season=2017-18&SeasonType=Regular%20Season&TeamID=1610612741
2018,2017–18,1628021,David Nwaba,0021700391,2017-12-11,CHI vs. BOS,BOS,W,26.783333333333335,13,3,6,0,0,7,8,1,5,6,1,1,0,0,0,30,13.499999999999998,68.27731092436974,https://www.nba.com/stats/players/boxscores-traditional?Season=2017-18&SeasonType=Regular%20Season&TeamID=1610612741
2018,2017–18,1627739,Kris Dunn,0021700391,2017-12-11,CHI vs. BOS,BOS,W,24.933333333333334,12,6,14,0,4,0,0,1,3,4,3,0,1,1,3,0,6.8,42.857142857142854,https://www.nba.com/stats/players/boxscores-traditional?Season=2017-18&SeasonType=Regular%20Season&TeamID=1610612741
2018,2017–18,1627835,Paul Zipser,0021700391,2017-12-11,CHI vs. BOS,BOS,W,20.751666666666665,8,2,3,2,2,2,2,0,2,2,1,1,1,1,0,11,8.7,103.09278350515466,https://www.nba.com/stats/players/boxscores-traditional?Season=2017-18&SeasonType=Regular%20Season&TeamID=1610612741
2018,2017–18,1627756,Denzel Valentine,0021700391,2017-12-11,CHI vs. BOS,BOS,W,29.783333333333335,2,1,7,0,4,0,0,1,5,6,3,1,0,0,4,20,1.1999999999999997,14.285714285714285,https://www.nba.com/stats/players/boxscores-traditional?Season=2017-18&SeasonType=Regular%20Season&TeamID=1610612741
2018,2017–18,201577,Robin Lopez,0021700391,2017-12-11,CHI vs. BOS,BOS,W,24.18166666666667,7,3,7,0,0,1,2,2,2,4,2,0,0,2,2,0,3.499999999999999,44.41624365482234,https://www.nba.com/stats/players/boxscores-traditional?Season=2017-18&SeasonType=Regular%20Season&TeamID=1610612741
2018,2017–18,1626245,Cristiano Felicio,0021700391,2017-12-11,CHI vs. BOS,BOS,W,3.933333333333333,3,0,0,0,0,3,4,0,2,2,0,0,0,0,0,-4,3.2,85.22727272727273,https://www.nba.com/stats/players/boxscores-traditional?Season=2017-18&SeasonType=Regular%20Season&TeamID=1610612741
2018,2017–18,1627770,Kay Felder,0021700391,2017-12-11,CHI vs. BOS,BOS,W,3.4833333333333334,0,0,1,0,0,0,0,0,0,0,0,1,0,0,0,-3,0.30000000000000004,0.0,https://www.nba.com/stats/players/boxscores-traditional?Season=2017-18&SeasonType=Regular%20Season&TeamID=1610612741
2018,2017–18,202347,Quincy Pondexter,0021700391,2017-12-11,CHI vs. BOS,BOS,W,3.933333333333333,0,0,1,0,1,0,0,0,0,0,1,0,0,2,0,-4,-2.0,0.0,https://www.nba.com/stats/players/boxscores-traditional?Season=2017-18&SeasonType=Regular%20Season&TeamID=1610612741
2018,2017–18,1627739,Kris Dunn,0021700380,2017-12-09,CHI vs. NYK,NYK,W,29.716666666666665,17,6,11,0,1,5,6,2,5,7,9,3,0,3,3,-2,19.3,62.316715542522,https://www.nba.com/stats/players/boxscores-traditional?Season=2017-18&SeasonType=Regular%20Season&TeamID=1610612741
2018,2017–18,1628374,Lauri Markkanen,0021700380,2017-12-09,CHI vs. NYK,NYK,W,29.833333333333332,15,7,14,1,5,0,0,0,8,8,0,0,2,1,1,3,10.400000000000002,53.57142857142857,https://www.nba.com/stats/players/boxscores-traditional?Season=2017-18&SeasonType=Regular%20Season&TeamID=1610612741
2018,2017–18,1628021,David Nwaba,0021700380,2017-12-09,CHI vs. NYK,NYK,W,30.641666666666666,15,6,9,0,0,3,7,1,4,5,1,1,2,0,2,-9,13.699999999999996,62.086092715231786,https://www.nba.com/stats/players/boxscores-traditional?Season=2017-18&SeasonType=Regular%20Season&TeamID=1610612741
2018,2017–18,202703,Nikola Mirotic,0021700380,2017-12-09,CHI vs. NYK,NYK,W,20.118333333333332,19,6,10,5,8,2,4,2,1,3,0,0,0,1,3,-8,13.099999999999998,80.78231292517007,https://www.nba.com/stats/players/boxscores-traditional?Season=2017-18&SeasonType=Regular%20Season&TeamID=1610612741
2018,2017–18,1626170,Jerian Grant,0021700380,2017-12-09,CHI vs. NYK,NYK,W,18.283333333333335,6,2,5,0,2,2,5,0,2,2,9,2,0,0,2,4,10.2,41.666666666666664,https://www.nba.com/stats/players/boxscores-traditional?Season=2017-18&SeasonType=Regular%20Season&TeamID=1610612741
2018,2017–18,201577,Robin Lopez,0021700380,2017-12-09,CHI vs. NYK,NYK,W,30.508333333333333,11,5,6,0,0,1,1,1,2,3,2,0,2,4,4,7,7.300000000000001,85.40372670807453,https://www.nba.com/stats/players/boxscores-traditional?Season=2017-18&SeasonType=Regular%20Season&TeamID=1610612741
2018,2017–18,1626171,Bobby Portis Jr.,0021700380,2017-12-09,CHI vs. NYK,NYK,W,15.566666666666666,10,5,7,0,1,0,0,1,2,3,2,1,0,1,0,4,9.8,71.42857142857143,https://www.nba.com/stats/players/boxscores-traditional?Season=2017-18&SeasonType=Regular%20Season&TeamID=1610612741
2018,2017–18,203200,Justin Holiday,0021700380,2017-12-09,CHI vs. NYK,NYK,W,29.316666666666666,7,3,9,1,5,0,0,1,2,3,1,1,1,3,3,1,1.3999999999999995,38.88888888888889,https://www.nba.com/stats/players/boxscores-traditional?Season=2017-18&SeasonType=Regular%20Season&TeamID=1610612741
2018,2017–18,1627835,Paul Zipser,0021700380,2017-12-09,CHI vs. NYK,NYK,W,17.515,4,2,6,0,0,0,0,0,1,1,2,1,0,0,1,6,2.900000000000001,33.33333333333333,https://www.nba.com/stats/players/boxscores-traditional?Season=2017-18&SeasonType=Regular%20Season&TeamID=1610612741
2018,2017–18,1627756,Denzel Valentine,0021700380,2017-12-09,CHI vs. NYK,NYK,W,18.5,0,0,5,0,3,0,0,0,5,5,2,1,0,1,0,4,-0.6000000000000001,0.0,https://www.nba.com/stats/players/boxscores-traditional?Season=2017-18&SeasonType=Regular%20Season&TeamID=1610612741
2018,2017–18,1627739,Kris Dunn,0021700367,2017-12-08,CHI @ CHA,CHA,W,41.248333333333335,20,8,24,0,2,4,6,0,6,6,12,3,0,1,5,3,15.8,37.53753753753754,https://www.nba.com/stats/players/boxscores-traditional?Season=2017-18&SeasonType=Regular%20Season&TeamID=1610612741
2018,2017–18,1628374,Lauri Markkanen,0021700367,2017-12-08,CHI @ CHA,CHA,W,33.63333333333333,24,8,15,3,5,5,5,2,10,12,0,0,0,1,1,3,19.7,69.76744186046511,https://www.nba.com/stats/players/boxscores-traditional?Season=2017-18&SeasonType=Regular%20Season&TeamID=1610612741
2018,2017–18,203200,Justin Holiday,0021700367,2017-12-08,CHI @ CHA,CHA,W,38.836666666666666,17,6,15,1,5,4,4,0,8,8,2,2,2,1,3,9,13.899999999999999,50.71599045346061,https://www.nba.com/stats/players/boxscores-traditional?Season=2017-18&SeasonType=Regular%20Season&TeamID=1610612741
2018,2017–18,201577,Robin Lopez,0021700367,2017-12-08,CHI @ CHA,CHA,W,42.79833333333333,19,9,15,0,0,1,2,2,8,10,1,0,1,4,6,0,10.500000000000002,59.823677581863976,https://www.nba.com/stats/players/boxscores-traditional?Season=2017-18&SeasonType=Regular%20Season&TeamID=1610612741
2018,2017–18,1628021,David Nwaba,0021700367,2017-12-08,CHI @ CHA,CHA,W,32.03333333333333,11,5,7,0,0,1,2,1,5,6,4,0,3,0,4,8,13.2,69.79695431472082,https://www.nba.com/stats/players/boxscores-traditional?Season=2017-18&SeasonType=Regular%20Season&TeamID=1610612741
2018,2017–18,1626171,Bobby Portis Jr.,0021700367,2017-12-08,CHI @ CHA,CHA,W,14.801666666666666,9,4,4,1,1,0,0,0,4,4,0,0,0,2,2,5,6.199999999999999,112.5,https://www.nba.com/stats/players/boxscores-traditional?Season=2017-18&SeasonType=Regular%20Season&TeamID=1610612741
2018,2017–18,202703,Nikola Mirotic,0021700367,2017-12-08,CHI @ CHA,CHA,W,14.896666666666667,6,2,7,1,3,1,1,0,3,3,0,0,1,0,1,9,3.1,40.32258064516129,https://www.nba.com/stats/players/boxscores-traditional?Season=2017-18&SeasonType=Regular%20Season&TeamID=1610612741
2018,2017–18,1627756,Denzel Valentine,0021700367,2017-12-08,CHI @ CHA,CHA,W,24.916666666666668,7,3,7,0,2,1,2,1,2,3,1,0,0,2,2,-3,2.0999999999999996,44.41624365482234,https://www.nba.com/stats/players/boxscores-traditional?Season=2017-18&SeasonType=Regular%20Season&TeamID=1610612741
2018,2017–18,1626170,Jerian Grant,0021700367,2017-12-08,CHI @ CHA,CHA,W,11.751666666666667,6,3,3,0,0,0,0,0,1,1,3,0,0,1,2,5,5.7,100.0,https://www.nba.com/stats/players/boxscores-traditional?Season=2017-18&SeasonType=Regular%20Season&TeamID=1610612741
2018,2017–18,1627835,Paul Zipser,0021700367,2017-12-08,CHI @ CHA,CHA,W,10.083333333333334,0,0,2,0,0,0,0,0,3,3,0,0,0,2,2,1,-3.3,0.0,https://www.nba.com/stats/players/boxscores-traditional?Season=2017-18&SeasonType=Regular%20Season&TeamID=1610612741
2018,2017–18,1627739,Kris Dunn,0021700354,2017-12-06,CHI @ IND,IND,L,34.12833333333333,18,8,14,1,1,1,3,1,5,6,6,1,1,4,4,-9,13.099999999999998,58.746736292428196,https://www.nba.com/stats/players/boxscores-traditional?Season=2017-18&SeasonType=Regular%20Season&TeamID=1610612741
2018,2017–18,1627756,Denzel Valentine,0021700354,2017-12-06,CHI @ IND,IND,L,32.53333333333333,15,5,13,4,7,1,1,2,6,8,3,0,1,2,2,-12,11.1,55.80357142857143,https://www.nba.com/stats/players/boxscores-traditional?Season=2017-18&SeasonType=Regular%20Season&TeamID=1610612741
2018,2017–18,201577,Robin Lopez,0021700354,2017-12-06,CHI @ IND,IND,L,33.80833333333333,16,7,11,0,0,2,2,3,2,5,1,0,1,2,0,0,13.2,67.34006734006734,https://www.nba.com/stats/players/boxscores-traditional?Season=2017-18&SeasonType=Regular%20Season&TeamID=1610612741
2018,2017–18,1626171,Bobby Portis Jr.,0021700354,2017-12-06,CHI @ IND,IND,L,19.381666666666668,12,5,11,1,3,1,2,1,6,7,0,0,0,0,0,7,8.4,50.5050505050505,https://www.nba.com/stats/players/boxscores-traditional?Season=2017-18&SeasonType=Regular%20Season&TeamID=1610612741
2018,2017–18,1628374,Lauri Markkanen,0021700354,2017-12-06,CHI @ IND,IND,L,30.95,11,5,15,1,6,0,0,2,4,6,2,0,0,3,2,-15,2.7,36.666666666666664,https://www.nba.com/stats/players/boxscores-traditional?Season=2017-18&SeasonType=Regular%20Season&TeamID=1610612741
2018,2017–18,1628021,David Nwaba,0021700354,2017-12-06,CHI @ IND,IND,L,22.278333333333332,11,5,6,0,0,1,4,1,2,3,0,1,1,2,1,6,8.2,70.87628865979381,https://www.nba.com/stats/players/boxscores-traditional?Season=2017-18&SeasonType=Regular%20Season&TeamID=1610612741
2018,2017–18,203200,Justin Holiday,0021700354,2017-12-06,CHI @ IND,IND,L,36.36666666666667,7,2,7,1,4,2,2,0,4,4,0,1,1,1,3,-3,3.6000000000000005,44.41624365482234,https://www.nba.com/stats/players/boxscores-traditional?Season=2017-18&SeasonType=Regular%20Season&TeamID=1610612741
2018,2017–18,1627835,Paul Zipser,0021700354,2017-12-06,CHI @ IND,IND,L,16.68166666666667,6,2,2,2,2,0,2,0,5,5,1,0,0,1,3,9,4.6000000000000005,104.16666666666667,https://www.nba.com/stats/players/boxscores-traditional?Season=2017-18&SeasonType=Regular%20Season&TeamID=1610612741
2018,2017–18,1626170,Jerian Grant,0021700354,2017-12-06,CHI @ IND,IND,L,13.871666666666666,0,0,4,0,3,0,0,1,1,2,5,0,0,1,0,7,0.7000000000000004,0.0,https://www.nba.com/stats/players/boxscores-traditional?Season=2017-18&SeasonType=Regular%20Season&TeamID=1610612741
2018,2017–18,203200,Justin Holiday,0021700344,2017-12-04,CHI vs. CLE,CLE,L,30.65,14,4,11,3,8,3,3,1,5,6,3,1,1,0,3,-6,12.7,56.81818181818181,https://www.nba.com/stats/players/boxscores-traditional?Season=2017-18&SeasonType=Regular%20Season&TeamID=1610612741
2018,2017–18,1627739,Kris Dunn,0021700344,2017-12-04,CHI vs. CLE,CLE,L,30.75,15,6,13,2,4,1,3,1,5,6,5,0,1,3,3,-14,9.7,52.374301675977655,https://www.nba.com/stats/players/boxscores-traditional?Season=2017-18&SeasonType=Regular%20Season&TeamID=1610612741
2018,2017–18,1628374,Lauri Markkanen,0021700344,2017-12-04,CHI vs. CLE,CLE,L,31.916666666666668,13,5,13,1,5,2,2,1,6,7,1,2,1,2,2,-17,8.999999999999998,46.829971181556196,https://www.nba.com/stats/players/boxscores-traditional?Season=2017-18&SeasonType=Regular%20Season&TeamID=1610612741
2018,2017–18,201577,Robin Lopez,0021700344,2017-12-04,CHI vs. CLE,CLE,L,25.516666666666666,14,5,7,0,0,4,5,3,2,5,2,0,2,0,1,-12,15.799999999999999,76.08695652173914,https://www.nba.com/stats/players/boxscores-traditional?Season=2017-18&SeasonType=Regular%20Season&TeamID=1610612741
2018,2017–18,1626171,Bobby Portis Jr.,0021700344,2017-12-04,CHI vs. CLE,CLE,L,26.666666666666668,10,4,13,2,6,0,0,3,6,9,3,0,0,0,1,-13,8.1,38.46153846153847,https://www.nba.com/stats/players/boxscores-traditional?Season=2017-18&SeasonType=Regular%20Season&TeamID=1610612741
2018,2017–18,1627756,Denzel Valentine,0021700344,2017-12-04,CHI vs. CLE,CLE,L,30.116666666666667,7,3,7,1,4,0,0,0,3,3,2,0,0,1,2,-10,3.8,50.0,https://www.nba.com/stats/players/boxscores-traditional?Season=2017-18&SeasonType=Regular%20Season&TeamID=1610612741
2018,2017–18,1628021,David Nwaba,0021700344,2017-12-04,CHI vs. CLE,CLE,L,16.366666666666667,2,0,2,0,1,2,2,0,1,1,3,1,0,2,3,-11,0.7999999999999998,34.72222222222222,https://www.nba.com/stats/players/boxscores-traditional?Season=2017-18&SeasonType=Regular%20Season&TeamID=1610612741
2018,2017–18,1627770,Kay Felder,0021700344,2017-12-04,CHI vs. CLE,CLE,L,4.233333333333333,4,1,2,0,1,2,2,0,3,3,0,0,0,0,0,3,3.9000000000000004,69.44444444444444,https://www.nba.com/stats/players/boxscores-traditional?Season=2017-18&SeasonType=Regular%20Season&TeamID=1610612741
2018,2017–18,1626170,Jerian Grant,0021700344,2017-12-04,CHI vs. CLE,CLE,L,13.016666666666667,6,3,6,0,2,0,0,0,0,0,1,0,0,3,0,-11,0.7000000000000011,50.0,https://www.nba.com/stats/players/boxscores-traditional?Season=2017-18&SeasonType=Regular%20Season&TeamID=1610612741
2018,2017–18,1626245,Cristiano Felicio,0021700344,2017-12-04,CHI vs. CLE,CLE,L,11.9,6,3,4,0,0,0,1,0,0,0,0,0,0,0,0,-2,4.0,67.56756756756756,https://www.nba.com/stats/players/boxscores-traditional?Season=2017-18&SeasonType=Regular%20Season&TeamID=1610612741
2018,2017–18,1627835,Paul Zipser,0021700344,2017-12-04,CHI vs. CLE,CLE,L,14.633333333333333,0,0,4,0,3,0,0,0,2,2,1,0,0,0,1,-20,-1.9,0.0,https://www.nba.com/stats/players/boxscores-traditional?Season=2017-18&SeasonType=Regular%20Season&TeamID=1610612741
2018,2017–18,202347,Quincy Pondexter,0021700344,2017-12-04,CHI vs. CLE,CLE,L,4.233333333333333,0,0,0,0,0,0,0,1,0,1,0,0,0,0,0,3,0.7,0.0,https://www.nba.com/stats/players/boxscores-traditional?Season=2017-18&SeasonType=Regular%20Season&TeamID=1610612741
2018,2017–18,1626170,Jerian Grant,0021700322,2017-12-01,CHI vs. SAC,SAC,L,26.8,17,6,11,3,6,2,3,0,0,0,6,2,0,1,3,13,15.3,68.9935064935065,https://www.nba.com/stats/players/boxscores-traditional?Season=2017-18&SeasonType=Regular%20Season&TeamID=1610612741
2018,2017–18,203200,Justin Holiday,0021700322,2017-12-01,CHI vs. SAC,SAC,L,36.38333333333333,11,4,10,3,7,0,0,0,4,4,4,1,1,0,1,-9,10.899999999999999,55.00000000000001,https://www.nba.com/stats/players/boxscores-traditional?Season=2017-18&SeasonType=Regular%20Season&TeamID=1610612741
2018,2017–18,201577,Robin Lopez,0021700322,2017-12-01,CHI vs. SAC,SAC,L,29.278333333333332,14,7,13,0,0,0,0,3,2,5,4,1,0,0,0,-4,14.2,53.84615384615385,https://www.nba.com/stats/players/boxscores-traditional?Season=2017-18&SeasonType=Regular%20Season&TeamID=1610612741
2018,2017–18,1627835,Paul Zipser,0021700322,2017-12-01,CHI vs. SAC,SAC,L,23.261666666666667,14,6,14,2,7,0,0,2,3,5,1,0,1,1,2,6,8.499999999999998,50.0,https://www.nba.com/stats/players/boxscores-traditional?Season=2017-18&SeasonType=Regular%20Season&TeamID=1610612741
2018,2017–18,1627739,Kris Dunn,0021700322,2017-12-01,CHI vs. SAC,SAC,L,27.55,6,2,9,1,3,1,1,0,2,2,8,3,0,2,1,-16,7.299999999999999,31.779661016949156,https://www.nba.com/stats/players/boxscores-traditional?Season=2017-18&SeasonType=Regular%20Season&TeamID=1610612741
2018,2017–18,1628021,David Nwaba,0021700322,2017-12-01,CHI vs. SAC,SAC,L,22.45,9,4,7,0,1,1,2,2,7,9,5,0,0,1,1,16,10.899999999999999,57.10659898477157,https://www.nba.com/stats/players/boxscores-traditional?Season=2017-18&SeasonType=Regular%20Season&TeamID=1610612741
2018,2017–18,1628374,Lauri Markkanen,0021700322,2017-12-01,CHI vs. SAC,SAC,L,27.833333333333332,14,5,13,2,6,2,2,0,5,5,0,1,0,1,4,-11,6.800000000000001,50.43227665706051,https://www.nba.com/stats/players/boxscores-traditional?Season=2017-18&SeasonType=Regular%20Season&TeamID=1610612741
2018,2017–18,1627756,Denzel Valentine,0021700322,2017-12-01,CHI vs. SAC,SAC,L,25.583333333333332,6,2,6,1,4,1,2,1,5,6,2,0,0,0,3,-6,4.6000000000000005,43.604651162790695,https://www.nba.com/stats/players/boxscores-traditional?Season=2017-18&SeasonType=Regular%20Season&TeamID=1610612741
2018,2017–18,1626245,Cristiano Felicio,0021700322,2017-12-01,CHI vs. SAC,SAC,L,16.26,12,5,5,0,0,2,3,0,2,2,0,0,0,0,1,4,10.299999999999999,94.9367088607595,https://www.nba.com/stats/players/boxscores-traditional?Season=2017-18&SeasonType=Regular%20Season&TeamID=1610612741
2018,2017–18,1628469,Antonio Blakeney,0021700322,2017-12-01,CHI vs. SAC,SAC,L,4.6,3,1,2,1,2,0,0,0,0,0,0,0,0,2,0,2,0.0,75.0,https://www.nba.com/stats/players/boxscores-traditional?Season=2017-18&SeasonType=Regular%20Season&TeamID=1610612741
2018,2017–18,1627739,Kris Dunn,0021700315,2017-11-30,CHI @ DEN,DEN,L,26.533333333333335,19,9,11,1,1,0,3,0,5,5,5,1,0,1,4,1,17.1,77.1103896103896,https://www.nba.com/stats/players/boxscores-traditional?Season=2017-18&SeasonType=Regular%20Season&TeamID=1610612741
2018,2017–18,1628374,Lauri Markkanen,0021700315,2017-11-30,CHI @ DEN,DEN,L,31.608333333333334,20,7,17,1,3,5,5,1,8,9,0,0,1,1,3,0,12.5,52.083333333333336,https://www.nba.com/stats/players/boxscores-traditional?Season=2017-18&SeasonType=Regular%20Season&TeamID=1610612741
2018,2017–18,201577,Robin Lopez,0021700315,2017-11-30,CHI @ DEN,DEN,L,34.25,20,9,11,0,0,2,3,3,3,6,1,1,0,4,3,0,15.0,81.16883116883116,https://www.nba.com/stats/players/boxscores-traditional?Season=2017-18&SeasonType=Regular%20Season&TeamID=1610612741
2018,2017–18,203200,Justin Holiday,0021700315,2017-11-30,CHI @ DEN,DEN,L,37.13333333333333,16,6,14,2,8,2,2,0,1,1,2,1,2,2,5,3,8.700000000000001,53.76344086021505,https://www.nba.com/stats/players/boxscores-traditional?Season=2017-18&SeasonType=Regular%20Season&TeamID=1610612741
2018,2017–18,1626170,Jerian Grant,0021700315,2017-11-30,CHI @ DEN,DEN,L,22.6,8,3,6,1,2,1,4,0,6,6,7,0,0,0,3,-4,9.3,51.54639175257733,https://www.nba.com/stats/players/boxscores-traditional?Season=2017-18&SeasonType=Regular%20Season&TeamID=1610612741
2018,2017–18,1627756,Denzel Valentine,0021700315,2017-11-30,CHI @ DEN,DEN,L,39.61666666666667,5,2,6,1,4,0,0,1,6,7,5,1,0,0,2,2,7.800000000000002,41.66666666666667,https://www.nba.com/stats/players/boxscores-traditional?Season=2017-18&SeasonType=Regular%20Season&TeamID=1610612741
2018,2017–18,1627835,Paul Zipser,0021700315,2017-11-30,CHI @ DEN,DEN,L,17.341666666666665,11,4,6,3,4,0,0,0,2,2,2,0,0,1,4,1,7.800000000000001,91.66666666666666,https://www.nba.com/stats/players/boxscores-traditional?Season=2017-18&SeasonType=Regular%20Season&TeamID=1610612741
2018,2017–18,1626171,Bobby Portis Jr.,0021700315,2017-11-30,CHI @ DEN,DEN,L,17.433333333333334,9,4,8,0,1,1,2,1,1,2,2,0,1,2,1,-3,5.3,50.67567567567567,https://www.nba.com/stats/players/boxscores-traditional?Season=2017-18&SeasonType=Regular%20Season&TeamID=1610612741
2018,2017–18,1628469,Antonio Blakeney,0021700315,2017-11-30,CHI @ DEN,DEN,L,13.483333333333333,2,0,3,0,1,2,2,0,2,2,1,0,0,0,2,-5,0.40000000000000013,25.773195876288664,https://www.nba.com/stats/players/boxscores-traditional?Season=2017-18&SeasonType=Regular%20Season&TeamID=1610612741
2018,2017–18,203200,Justin Holiday,0021700299,2017-11-28,CHI vs. PHX,PHX,L,34.26,25,9,15,6,9,1,2,0,3,3,5,2,3,0,6,14,23.800000000000004,78.71536523929471,https://www.nba.com/stats/players/boxscores-traditional?Season=2017-18&SeasonType=Regular%20Season&TeamID=1610612741
2018,2017–18,1627739,Kris Dunn,0021700299,2017-11-28,CHI vs. PHX,PHX,L,32.55,24,10,16,4,5,0,0,1,4,5,8,4,0,5,4,2,21.699999999999996,75.0,https://www.nba.com/stats/players/boxscores-traditional?Season=2017-18&SeasonType=Regular%20Season&TeamID=1610612741
2018,2017–18,1628374,Lauri Markkanen,0021700299,2017-11-28,CHI vs. PHX,PHX,L,34.35,12,4,15,3,11,1,2,0,6,6,4,0,0,0,2,1,6.5,37.78337531486146,https://www.nba.com/stats/players/boxscores-traditional?Season=2017-18&SeasonType=Regular%20Season&TeamID=1610612741
2018,2017–18,1627756,Denzel Valentine,0021700299,2017-11-28,CHI vs. PHX,PHX,L,38.916666666666664,5,2,7,1,5,0,0,1,5,6,4,3,0,1,3,-11,6.7,35.714285714285715,https://www.nba.com/stats/players/boxscores-traditional?Season=2017-18&SeasonType=Regular%20Season&TeamID=1610612741
2018,2017–18,201577,Robin Lopez,0021700299,2017-11-28,CHI vs. PHX,PHX,L,34.0,10,4,15,0,0,2,2,4,2,6,3,0,1,2,1,6,4.899999999999999,31.48614609571788,https://www.nba.com/stats/players/boxscores-traditional?Season=2017-18&SeasonType=Regular%20Season&TeamID=1610612741
2018,2017–18,1626171,Bobby Portis Jr.,0021700299,2017-11-28,CHI vs. PHX,PHX,L,17.766666666666666,9,3,5,1,2,2,2,1,4,5,1,0,0,0,1,-1,8.899999999999999,76.53061224489795,https://www.nba.com/stats/players/boxscores-traditional?Season=2017-18&SeasonType=Regular%20Season&TeamID=1610612741
2018,2017–18,1626170,Jerian Grant,0021700299,2017-11-28,CHI vs. PHX,PHX,L,20.756666666666668,6,3,7,0,1,0,0,1,2,3,2,1,0,0,1,-13,5.600000000000001,42.857142857142854,https://www.nba.com/stats/players/boxscores-traditional?Season=2017-18&SeasonType=Regular%20Season&TeamID=1610612741
2018,2017–18,1628469,Antonio Blakeney,0021700299,2017-11-28,CHI vs. PHX,PHX,L,11.216666666666667,6,2,8,1,3,1,2,0,4,4,0,0,0,1,0,-1,1.0,33.78378378378378,https://www.nba.com/stats/players/boxscores-traditional?Season=2017-18&SeasonType=Regular%20Season&TeamID=1610612741
2018,2017–18,1626245,Cristiano Felicio,0021700299,2017-11-28,CHI vs. PHX,PHX,L,9.883333333333333,2,1,1,0,0,0,0,1,0,1,0,1,1,0,2,-16,3.3,100.0,https://www.nba.com/stats/players/boxscores-traditional?Season=2017-18&SeasonType=Regular%20Season&TeamID=1610612741
2018,2017–18,1627835,Paul Zipser,0021700299,2017-11-28,CHI vs. PHX,PHX,L,6.3,0,0,5,0,4,0,0,0,2,2,0,0,2,0,0,-6,-1.5,0.0,https://www.nba.com/stats/players/boxscores-traditional?Season=2017-18&SeasonType=Regular%20Season&TeamID=1610612741
2018,2017–18,1627756,Denzel Valentine,0021700287,2017-11-26,CHI vs. MIA,MIA,L,39.70333333333333,14,5,12,4,6,0,0,2,11,13,7,1,0,1,3,-14,16.0,58.333333333333336,https://www.nba.com/stats/players/boxscores-traditional?Season=2017-18&SeasonType=Regular%20Season&TeamID=1610612741
2018,2017–18,1626170,Jerian Grant,0021700287,2017-11-26,CHI vs. MIA,MIA,L,30.05,24,8,16,3,4,5,6,1,0,1,3,2,0,4,4,-9,14.799999999999997,64.37768240343348,https://www.nba.com/stats/players/boxscores-traditional?Season=2017-18&SeasonType=Regular%20Season&TeamID=1610612741
2018,2017–18,1628374,Lauri Markkanen,0021700287,2017-11-26,CHI vs. MIA,MIA,L,31.533333333333335,11,4,10,3,7,0,0,0,10,10,1,0,1,0,1,2,9.599999999999998,55.00000000000001,https://www.nba.com/stats/players/boxscores-traditional?Season=2017-18&SeasonType=Regular%20Season&TeamID=1610612741
2018,2017–18,203200,Justin Holiday,0021700287,2017-11-26,CHI vs. MIA,MIA,L,36.583333333333336,15,5,14,3,9,2,2,0,3,3,1,1,1,1,4,0,7.9,50.403225806451616,https://www.nba.com/stats/players/boxscores-traditional?Season=2017-18&SeasonType=Regular%20Season&TeamID=1610612741
2018,2017–18,201577,Robin Lopez,0021700287,2017-11-26,CHI vs. MIA,MIA,L,27.463333333333335,10,5,12,0,0,0,0,3,4,7,3,1,0,2,0,5,8.0,41.66666666666667,https://www.nba.com/stats/players/boxscores-traditional?Season=2017-18&SeasonType=Regular%20Season&TeamID=1610612741
2018,2017–18,1626171,Bobby Portis Jr.,0021700287,2017-11-26,CHI vs. MIA,MIA,L,23.85,11,4,8,1,2,2,2,1,4,5,4,0,0,2,2,-13,8.899999999999999,61.936936936936924,https://www.nba.com/stats/players/boxscores-traditional?Season=2017-18&SeasonType=Regular%20Season&TeamID=1610612741
2018,2017–18,1627739,Kris Dunn,0021700287,2017-11-26,CHI vs. MIA,MIA,L,23.55,2,0,6,0,0,2,2,0,4,4,3,3,0,3,2,-6,0.3000000000000007,14.534883720930234,https://www.nba.com/stats/players/boxscores-traditional?Season=2017-18&SeasonType=Regular%20Season&TeamID=1610612741
2018,2017–18,1627835,Paul Zipser,0021700287,2017-11-26,CHI vs. MIA,MIA,L,13.153333333333334,3,1,4,0,1,1,2,0,2,2,2,1,0,0,2,-8,2.4000000000000004,30.737704918032787,https://www.nba.com/stats/players/boxscores-traditional?Season=2017-18&SeasonType=Regular%20Season&TeamID=1610612741
2018,2017–18,1628469,Antonio Blakeney,0021700287,2017-11-26,CHI vs. MIA,MIA,L,14.113333333333333,3,1,7,0,4,1,2,0,2,2,1,1,0,0,0,8,0.4000000000000006,19.03553299492386,https://www.nba.com/stats/players/boxscores-traditional?Season=2017-18&SeasonType=Regular%20Season&TeamID=1610612741
2018,2017–18,1626170,Jerian Grant,0021700276,2017-11-24,CHI @ GSW,GSW,L,28.466666666666665,21,8,10,3,4,2,2,1,2,3,3,0,0,2,3,-27,17.400000000000002,96.50735294117646,https://www.nba.com/stats/players/boxscores-traditional?Season=2017-18&SeasonType=Regular%20Season&TeamID=1610612741
2018,2017–18,1628374,Lauri Markkanen,0021700276,2017-11-24,CHI @ GSW,GSW,L,27.183333333333334,14,4,16,3,8,3,3,1,5,6,0,1,1,1,1,-37,6.9,40.415704387990765,https://www.nba.com/stats/players/boxscores-traditional?Season=2017-18&SeasonType=Regular%20Season&TeamID=1610612741
2018,2017–18,1627756,Denzel Valentine,0021700276,2017-11-24,CHI @ GSW,GSW,L,20.583333333333332,10,4,10,2,5,0,0,3,3,6,2,1,0,1,3,-11,7.800000000000001,50.0,https://www.nba.com/stats/players/boxscores-traditional?Season=2017-18&SeasonType=Regular%20Season&TeamID=1610612741
2018,2017–18,1626171,Bobby Portis Jr.,0021700276,2017-11-24,CHI @ GSW,GSW,L,23.6,10,4,12,1,3,1,2,2,6,8,0,1,0,0,0,-25,7.000000000000001,38.81987577639751,https://www.nba.com/stats/players/boxscores-traditional?Season=2017-18&SeasonType=Regular%20Season&TeamID=1610612741
2018,2017–18,1628469,Antonio Blakeney,0021700276,2017-11-24,CHI @ GSW,GSW,L,19.716666666666665,11,5,14,1,4,0,0,2,1,3,2,1,0,1,1,-16,5.9,39.285714285714285,https://www.nba.com/stats/players/boxscores-traditional?Season=2017-18&SeasonType=Regular%20Season&TeamID=1610612741
2018,2017–18,203200,Justin Holiday,0021700276,2017-11-24,CHI @ GSW,GSW,L,28.066666666666666,8,2,6,2,5,2,4,0,1,1,2,2,0,2,1,-39,5.100000000000001,51.54639175257733,https://www.nba.com/stats/players/boxscores-traditional?Season=2017-18&SeasonType=Regular%20Season&TeamID=1610612741
2018,2017–18,201577,Robin Lopez,0021700276,2017-11-24,CHI @ GSW,GSW,L,25.716666666666665,7,3,7,0,0,1,2,4,3,7,2,0,0,2,3,-21,4.8,44.41624365482234,https://www.nba.com/stats/players/boxscores-traditional?Season=2017-18&SeasonType=Regular%20Season&TeamID=1610612741
2018,2017–18,1627739,Kris Dunn,0021700276,2017-11-24,CHI @ GSW,GSW,L,25.016666666666666,6,2,11,0,2,2,2,0,1,1,4,0,0,4,2,-34,-2.5999999999999996,25.25252525252525,https://www.nba.com/stats/players/boxscores-traditional?Season=2017-18&SeasonType=Regular%20Season&TeamID=1610612741
2018,2017–18,1627770,Kay Felder,0021700276,2017-11-24,CHI @ GSW,GSW,L,5.866666666666666,3,1,4,1,2,0,0,0,1,1,1,0,1,0,0,-7,2.3,37.5,https://www.nba.com/stats/players/boxscores-traditional?Season=2017-18&SeasonType=Regular%20Season&TeamID=1610612741
2018,2017–18,1627835,Paul Zipser,0021700276,2017-11-24,CHI @ GSW,GSW,L,16.283333333333335,0,0,5,0,3,0,0,0,4,4,1,1,0,0,1,-13,-0.9999999999999999,0.0,https://www.nba.com/stats/players/boxscores-traditional?Season=2017-18&SeasonType=Regular%20Season&TeamID=1610612741
2018,2017–18,1626245,Cristiano Felicio,0021700276,2017-11-24,CHI @ GSW,GSW,L,16.233333333333334,4,2,3,0,0,0,0,0,0,0,1,0,0,1,2,-7,1.6000000000000005,66.66666666666666,https://www.nba.com/stats/players/boxscores-traditional?Season=2017-18&SeasonType=Regular%20Season&TeamID=1610612741
2018,2017–18,202347,Quincy Pondexter,0021700276,2017-11-24,CHI @ GSW,GSW,L,3.2666666666666666,0,0,1,0,0,0,0,0,0,0,0,0,0,1,0,-8,-1.7,0.0,https://www.nba.com/stats/players/boxscores-traditional?Season=2017-18&SeasonType=Regular%20Season&TeamID=1610612741
2018,2017–18,1627739,Kris Dunn,0021700265,2017-11-22,CHI @ UTA,UTA,L,27.65,12,4,9,1,1,3,4,1,8,9,1,2,0,4,2,-23,7.899999999999999,55.762081784386616,https://www.nba.com/stats/players/boxscores-traditional?Season=2017-18&SeasonType=Regular%20Season&TeamID=1610612741
2018,2017–18,1626171,Bobby Portis Jr.,0021700265,2017-11-22,CHI @ UTA,UTA,L,24.583333333333332,14,5,11,0,3,4,4,1,7,8,2,0,1,3,5,-7,8.2,54.858934169278996,https://www.nba.com/stats/players/boxscores-traditional?Season=2017-18&SeasonType=Regular%20Season&TeamID=1610612741
2018,2017–18,201577,Robin Lopez,0021700265,2017-11-22,CHI @ UTA,UTA,L,24.866666666666667,15,6,9,0,0,3,4,2,2,4,1,0,0,2,0,-19,11.399999999999997,69.70260223048327,https://www.nba.com/stats/players/boxscores-traditional?Season=2017-18&SeasonType=Regular%20Season&TeamID=1610612741
2018,2017–18,203200,Justin Holiday,0021700265,2017-11-22,CHI @ UTA,UTA,L,30.266666666666666,12,4,11,2,4,2,2,0,2,2,1,0,0,2,1,-19,4.8,50.5050505050505,https://www.nba.com/stats/players/boxscores-traditional?Season=2017-18&SeasonType=Regular%20Season&TeamID=1610612741
2018,2017–18,1626170,Jerian Grant,0021700265,2017-11-22,CHI @ UTA,UTA,L,23.583333333333332,8,3,6,0,1,2,2,0,1,1,4,1,0,0,3,-9,7.8999999999999995,58.139534883720934,https://www.nba.com/stats/players/boxscores-traditional?Season=2017-18&SeasonType=Regular%20Season&TeamID=1610612741
2018,2017–18,1628469,Antonio Blakeney,0021700265,2017-11-22,CHI @ UTA,UTA,L,24.266666666666666,8,3,7,2,3,0,0,1,1,2,0,0,0,2,0,-9,3.3,57.14285714285714,https://www.nba.com/stats/players/boxscores-traditional?Season=2017-18&SeasonType=Regular%20Season&TeamID=1610612741
2018,2017–18,1628374,Lauri Markkanen,0021700265,2017-11-22,CHI @ UTA,UTA,L,23.9,3,1,9,0,4,1,2,2,5,7,0,0,0,1,2,-14,-2.2,15.182186234817813,https://www.nba.com/stats/players/boxscores-traditional?Season=2017-18&SeasonType=Regular%20Season&TeamID=1610612741
2018,2017–18,1627756,Denzel Valentine,0021700265,2017-11-22,CHI @ UTA,UTA,L,22.4,2,1,5,0,3,0,0,1,2,3,4,0,0,0,3,-16,1.7999999999999994,20.0,https://www.nba.com/stats/players/boxscores-traditional?Season=2017-18&SeasonType=Regular%20Season&TeamID=1610612741
2018,2017–18,1627835,Paul Zipser,0021700265,2017-11-22,CHI @ UTA,UTA,L,10.2,4,2,5,0,1,0,0,0,1,1,0,0,0,0,0,-12,1.5999999999999999,40.0,https://www.nba.com/stats/players/boxscores-traditional?Season=2017-18&SeasonType=Regular%20Season&TeamID=1610612741
2018,2017–18,1626245,Cristiano Felicio,0021700265,2017-11-22,CHI @ UTA,UTA,L,12.45,0,0,3,0,0,0,0,0,3,3,1,0,0,1,4,-8,-3.0999999999999996,0.0,https://www.nba.com/stats/players/boxscores-traditional?Season=2017-18&SeasonType=Regular%20Season&TeamID=1610612741
2018,2017–18,202347,Quincy Pondexter,0021700265,2017-11-22,CHI @ UTA,UTA,L,9.75,0,0,2,0,1,0,0,0,2,2,1,0,0,0,1,-8,-0.5,0.0,https://www.nba.com/stats/players/boxscores-traditional?Season=2017-18&SeasonType=Regular%20Season&TeamID=1610612741
2018,2017–18,1627770,Kay Felder,0021700265,2017-11-22,CHI @ UTA,UTA,L,6.083333333333333,2,0,1,0,0,2,2,0,1,1,0,0,0,1,0,-6,0.6000000000000001,53.191489361702125,https://www.nba.com/stats/players/boxscores-traditional?Season=2017-18&SeasonType=Regular%20Season&TeamID=1610612741
2018,2017–18,1627756,Denzel Valentine,0021700252,2017-11-21,CHI @ LAL,LAL,L,37.7,17,6,12,5,7,0,1,1,8,9,4,2,0,1,2,-3,16.7,68.32797427652734,https://www.nba.com/stats/players/boxscores-traditional?Season=2017-18&SeasonType=Regular%20Season&TeamID=1610612741
2018,2017–18,1628374,Lauri Markkanen,0021700252,2017-11-21,CHI @ LAL,LAL,L,31.016666666666666,13,4,17,2,9,3,4,4,10,14,1,0,1,4,1,-10,5.1,34.64818763326225,https://www.nba.com/stats/players/boxscores-traditional?Season=2017-18&SeasonType=Regular%20Season&TeamID=1610612741
2018,2017–18,1627739,Kris Dunn,0021700252,2017-11-21,CHI @ LAL,LAL,L,32.06666666666667,12,5,14,1,3,1,2,3,2,5,6,1,1,4,5,-2,6.399999999999999,40.32258064516129,https://www.nba.com/stats/players/boxscores-traditional?Season=2017-18&SeasonType=Regular%20Season&TeamID=1610612741
2018,2017–18,203200,Justin Holiday,0021700252,2017-11-21,CHI @ LAL,LAL,L,40.56666666666667,10,2,12,2,10,4,5,2,8,10,3,0,0,2,3,-14,4.700000000000002,35.21126760563381,https://www.nba.com/stats/players/boxscores-traditional?Season=2017-18&SeasonType=Regular%20Season&TeamID=1610612741
2018,2017–18,1626171,Bobby Portis Jr.,0021700252,2017-11-21,CHI @ LAL,LAL,L,20.471666666666668,8,4,8,0,2,0,1,3,6,9,2,1,1,1,0,7,9.6,47.39336492890995,https://www.nba.com/stats/players/boxscores-traditional?Season=2017-18&SeasonType=Regular%20Season&TeamID=1610612741
2018,2017–18,201577,Robin Lopez,0021700252,2017-11-21,CHI @ LAL,LAL,L,32.611666666666665,14,7,11,0,0,0,0,1,2,3,2,0,1,1,5,-12,9.5,63.63636363636363,https://www.nba.com/stats/players/boxscores-traditional?Season=2017-18&SeasonType=Regular%20Season&TeamID=1610612741
2018,2017–18,1628469,Antonio Blakeney,0021700252,2017-11-21,CHI @ LAL,LAL,L,17.733333333333334,15,6,12,0,2,3,3,0,2,2,1,0,0,0,2,-1,9.499999999999998,56.30630630630631,https://www.nba.com/stats/players/boxscores-traditional?Season=2017-18&SeasonType=Regular%20Season&TeamID=1610612741
2018,2017–18,1626170,Jerian Grant,0021700252,2017-11-21,CHI @ LAL,LAL,L,15.933333333333334,5,2,7,1,3,0,0,0,0,0,3,0,0,1,0,-7,2.0,35.714285714285715,https://www.nba.com/stats/players/boxscores-traditional?Season=2017-18&SeasonType=Regular%20Season&TeamID=1610612741
2018,2017–18,1626245,Cristiano Felicio,0021700252,2017-11-21,CHI @ LAL,LAL,L,11.9,0,0,1,0,0,0,0,1,1,2,0,0,0,0,1,-3,-0.10000000000000003,0.0,https://www.nba.com/stats/players/boxscores-traditional?Season=2017-18&SeasonType=Regular%20Season&TeamID=1610612741
2018,2017–18,1628374,Lauri Markkanen,0021700239,2017-11-19,CHI @ PHX,PHX,L,33.65,26,10,19,4,10,2,3,2,11,13,2,0,0,3,3,-2,18.200000000000003,63.976377952755904,https://www.nba.com/stats/players/boxscores-traditional?Season=2017-18&SeasonType=Regular%20Season&TeamID=1610612741
2018,2017–18,1627739,Kris Dunn,0021700239,2017-11-19,CHI @ PHX,PHX,L,27.25,17,8,16,1,2,0,0,1,5,6,6,2,0,4,3,7,12.2,53.125,https://www.nba.com/stats/players/boxscores-traditional?Season=2017-18&SeasonType=Regular%20Season&TeamID=1610612741
2018,2017–18,201577,Robin Lopez,0021700239,2017-11-19,CHI @ PHX,PHX,L,30.903333333333332,16,6,11,0,0,4,6,6,4,10,0,0,0,1,4,3,12.699999999999998,58.65102639296187,https://www.nba.com/stats/players/boxscores-traditional?Season=2017-18&SeasonType=Regular%20Season&TeamID=1610612741
2018,2017–18,203200,Justin Holiday,0021700239,2017-11-19,CHI @ PHX,PHX,L,36.5,13,5,20,3,10,0,0,0,2,2,3,2,0,1,2,2,3.8999999999999995,32.5,https://www.nba.com/stats/players/boxscores-traditional?Season=2017-18&SeasonType=Regular%20Season&TeamID=1610612741
2018,2017–18,1627756,Denzel Valentine,0021700239,2017-11-19,CHI @ PHX,PHX,L,36.78333333333333,9,3,10,3,7,0,0,1,6,7,3,0,0,0,2,-5,6.999999999999999,45.0,https://www.nba.com/stats/players/boxscores-traditional?Season=2017-18&SeasonType=Regular%20Season&TeamID=1610612741
2018,2017–18,1626171,Bobby Portis Jr.,0021700239,2017-11-19,CHI @ PHX,PHX,L,19.713333333333335,12,5,10,1,3,1,1,1,2,3,1,0,1,0,1,-7,9.299999999999999,57.4712643678161,https://www.nba.com/stats/players/boxscores-traditional?Season=2017-18&SeasonType=Regular%20Season&TeamID=1610612741
2018,2017–18,1628469,Antonio Blakeney,0021700239,2017-11-19,CHI @ PHX,PHX,L,18.95,7,3,8,0,1,1,2,0,2,2,1,0,0,0,0,-9,3.5,39.41441441441441,https://www.nba.com/stats/players/boxscores-traditional?Season=2017-18&SeasonType=Regular%20Season&TeamID=1610612741
2018,2017–18,1626170,Jerian Grant,0021700239,2017-11-19,CHI @ PHX,PHX,L,20.75,2,1,5,0,2,0,0,0,2,2,2,1,0,2,2,-15,-0.9000000000000001,20.0,https://www.nba.com/stats/players/boxscores-traditional?Season=2017-18&SeasonType=Regular%20Season&TeamID=1610612741
2018,2017–18,1626245,Cristiano Felicio,0021700239,2017-11-19,CHI @ PHX,PHX,L,11.733333333333333,3,1,1,0,0,1,2,1,0,1,2,0,0,0,3,-10,3.2,79.7872340425532,https://www.nba.com/stats/players/boxscores-traditional?Season=2017-18&SeasonType=Regular%20Season&TeamID=1610612741
2018,2017–18,202347,Quincy Pondexter,0021700239,2017-11-19,CHI @ PHX,PHX,L,3.7666666666666666,0,0,1,0,1,0,0,0,1,1,0,0,0,0,1,-4,-0.8,0.0,https://www.nba.com/stats/players/boxscores-traditional?Season=2017-18&SeasonType=Regular%20Season&TeamID=1610612741
2018,2017–18,1627739,Kris Dunn,0021700222,2017-11-17,CHI vs. CHA,CHA,W,26.15,22,10,16,2,2,0,0,0,5,5,7,3,0,1,5,8,21.2,68.75,https://www.nba.com/stats/players/boxscores-traditional?Season=2017-18&SeasonType=Regular%20Season&TeamID=1610612741
2018,2017–18,203200,Justin Holiday,0021700222,2017-11-17,CHI vs. CHA,CHA,W,35.93666666666667,27,10,15,4,7,3,3,1,2,3,0,3,1,2,4,4,21.9,82.72058823529412,https://www.nba.com/stats/players/boxscores-traditional?Season=2017-18&SeasonType=Regular%20Season&TeamID=1610612741
2018,2017–18,1627756,Denzel Valentine,0021700222,2017-11-17,CHI vs. CHA,CHA,W,32.455,18,7,15,4,7,0,0,0,5,5,6,0,1,2,2,2,13.899999999999999,60.0,https://www.nba.com/stats/players/boxscores-traditional?Season=2017-18&SeasonType=Regular%20Season&TeamID=1610612741
2018,2017–18,1628374,Lauri Markkanen,0021700222,2017-11-17,CHI vs. CHA,CHA,W,30.816666666666666,16,5,11,3,8,3,4,0,7,7,3,2,0,1,1,8,14.700000000000001,62.695924764890286,https://www.nba.com/stats/players/boxscores-traditional?Season=2017-18&SeasonType=Regular%20Season&TeamID=1610612741
2018,2017–18,1626170,Jerian Grant,0021700222,2017-11-17,CHI vs. CHA,CHA,W,21.72,10,4,6,2,2,0,0,0,4,4,5,0,0,1,2,-4,10.299999999999999,83.33333333333334,https://www.nba.com/stats/players/boxscores-traditional?Season=2017-18&SeasonType=Regular%20Season&TeamID=1610612741
2018,2017–18,1626245,Cristiano Felicio,0021700222,2017-11-17,CHI vs. CHA,CHA,W,19.531666666666666,9,3,4,0,0,3,3,1,2,3,1,1,0,0,2,-9,9.599999999999998,84.58646616541353,https://www.nba.com/stats/players/boxscores-traditional?Season=2017-18&SeasonType=Regular%20Season&TeamID=1610612741
2018,2017–18,1626171,Bobby Portis Jr.,0021700222,2017-11-17,CHI vs. CHA,CHA,W,17.226666666666667,10,4,9,2,6,0,0,1,2,3,0,0,0,1,0,-5,5.6,55.55555555555556,https://www.nba.com/stats/players/boxscores-traditional?Season=2017-18&SeasonType=Regular%20Season&TeamID=1610612741
2018,2017–18,201577,Robin Lopez,0021700222,2017-11-17,CHI vs. CHA,CHA,W,28.425,6,3,10,0,0,0,0,1,2,3,3,0,0,3,4,12,-1.0000000000000004,30.0,https://www.nba.com/stats/players/boxscores-traditional?Season=2017-18&SeasonType=Regular%20Season&TeamID=1610612741
2018,2017–18,1628469,Antonio Blakeney,0021700222,2017-11-17,CHI vs. CHA,CHA,W,11.92,5,1,3,0,2,3,3,0,1,1,1,0,0,0,0,0,4.300000000000001,57.870370370370374,https://www.nba.com/stats/players/boxscores-traditional?Season=2017-18&SeasonType=Regular%20Season&TeamID=1610612741
2018,2017–18,202347,Quincy Pondexter,0021700222,2017-11-17,CHI vs. CHA,CHA,W,15.558333333333334,0,0,2,0,0,0,0,0,1,1,0,0,0,0,3,1,-2.3,0.0,https://www.nba.com/stats/players/boxscores-traditional?Season=2017-18&SeasonType=Regular%20Season&TeamID=1610612741
2018,2017–18,1627770,Kay Felder,0021700222,2017-11-17,CHI vs. CHA,CHA,W,0.13,0,0,0,0,0,0,0,0,0,0,0,0,0,0,0,-1,0.0,0.0,https://www.nba.com/stats/players/boxscores-traditional?Season=2017-18&SeasonType=Regular%20Season&TeamID=1610612741
2018,2017–18,1627835,Paul Zipser,0021700222,2017-11-17,CHI vs. CHA,CHA,W,0.13,0,0,0,0,0,0,0,0,0,0,0,0,0,0,0,-1,0.0,0.0,https://www.nba.com/stats/players/boxscores-traditional?Season=2017-18&SeasonType=Regular%20Season&TeamID=1610612741
2018,2017–18,1628374,Lauri Markkanen,0021700212,2017-11-15,CHI @ OKC,OKC,L,32.025,16,6,13,3,6,1,1,0,6,6,2,2,1,0,4,-8,13.599999999999998,59.523809523809526,https://www.nba.com/stats/players/boxscores-traditional?Season=2017-18&SeasonType=Regular%20Season&TeamID=1610612741
2018,2017–18,1627756,Denzel Valentine,0021700212,2017-11-15,CHI @ OKC,OKC,L,27.105,13,5,9,3,6,0,0,0,3,3,2,1,0,0,3,-16,10.8,72.22222222222221,https://www.nba.com/stats/players/boxscores-traditional?Season=2017-18&SeasonType=Regular%20Season&TeamID=1610612741
2018,2017–18,1628469,Antonio Blakeney,0021700212,2017-11-15,CHI @ OKC,OKC,L,26.133333333333333,16,5,12,3,6,3,5,0,2,2,0,0,0,2,3,5,6.199999999999999,56.33802816901409,https://www.nba.com/stats/players/boxscores-traditional?Season=2017-18&SeasonType=Regular%20Season&TeamID=1610612741
2018,2017–18,1626171,Bobby Portis Jr.,0021700212,2017-11-15,CHI @ OKC,OKC,L,20.425,5,2,8,1,3,0,0,2,7,9,2,0,1,3,2,-9,2.0,31.25,https://www.nba.com/stats/players/boxscores-traditional?Season=2017-18&SeasonType=Regular%20Season&TeamID=1610612741
2018,2017–18,1627739,Kris Dunn,0021700212,2017-11-15,CHI @ OKC,OKC,L,29.283333333333335,3,1,11,1,3,0,0,1,5,6,3,1,0,2,3,-9,-2.1999999999999993,13.636363636363635,https://www.nba.com/stats/players/boxscores-traditional?Season=2017-18&SeasonType=Regular%20Season&TeamID=1610612741
2018,2017–18,1626245,Cristiano Felicio,0021700212,2017-11-15,CHI @ OKC,OKC,L,17.766666666666666,8,3,3,0,0,2,2,1,1,2,2,1,0,1,1,6,9.1,103.09278350515466,https://www.nba.com/stats/players/boxscores-traditional?Season=2017-18&SeasonType=Regular%20Season&TeamID=1610612741
2018,2017–18,1626170,Jerian Grant,0021700212,2017-11-15,CHI @ OKC,OKC,L,26.616666666666667,6,1,5,0,1,4,4,0,3,3,3,1,0,4,2,-14,2.1000000000000005,44.37869822485207,https://www.nba.com/stats/players/boxscores-traditional?Season=2017-18&SeasonType=Regular%20Season&TeamID=1610612741
2018,2017–18,201577,Robin Lopez,0021700212,2017-11-15,CHI @ OKC,OKC,L,22.233333333333334,6,2,6,0,1,2,2,1,1,2,1,0,0,0,3,-5,3.1000000000000005,43.604651162790695,https://www.nba.com/stats/players/boxscores-traditional?Season=2017-18&SeasonType=Regular%20Season&TeamID=1610612741
2018,2017–18,1627835,Paul Zipser,0021700212,2017-11-15,CHI @ OKC,OKC,L,17.47833333333333,2,1,4,0,1,0,0,0,4,4,1,0,0,0,2,2,0.7,25.0,https://www.nba.com/stats/players/boxscores-traditional?Season=2017-18&SeasonType=Regular%20Season&TeamID=1610612741
2018,2017–18,202347,Quincy Pondexter,0021700212,2017-11-15,CHI @ OKC,OKC,L,20.933333333333334,4,0,4,0,2,4,6,1,0,1,0,1,0,1,4,-17,-0.5,30.12048192771084,https://www.nba.com/stats/players/boxscores-traditional?Season=2017-18&SeasonType=Regular%20Season&TeamID=1610612741
2018,2017–18,1626171,Bobby Portis Jr.,0021700183,2017-11-11,CHI @ SAS,SAS,L,29.538333333333334,17,5,11,2,4,5,5,1,5,6,2,0,0,3,0,-23,11.9,64.39393939393939,https://www.nba.com/stats/players/boxscores-traditional?Season=2017-18&SeasonType=Regular%20Season&TeamID=1610612741
2018,2017–18,1627739,Kris Dunn,0021700183,2017-11-11,CHI @ SAS,SAS,L,26.3,15,7,15,1,3,0,0,0,3,3,2,2,0,1,2,-15,9.8,50.0,https://www.nba.com/stats/players/boxscores-traditional?Season=2017-18&SeasonType=Regular%20Season&TeamID=1610612741
2018,2017–18,201577,Robin Lopez,0021700183,2017-11-11,CHI @ SAS,SAS,L,27.516666666666666,17,8,11,0,0,1,2,2,2,4,2,0,1,3,2,-23,12.399999999999999,71.54882154882154,https://www.nba.com/stats/players/boxscores-traditional?Season=2017-18&SeasonType=Regular%20Season&TeamID=1610612741
2018,2017–18,1626170,Jerian Grant,0021700183,2017-11-11,CHI @ SAS,SAS,L,32.233333333333334,9,4,6,1,3,0,1,0,1,1,8,0,0,1,0,-21,10.899999999999999,69.87577639751552,https://www.nba.com/stats/players/boxscores-traditional?Season=2017-18&SeasonType=Regular%20Season&TeamID=1610612741
2018,2017–18,1627756,Denzel Valentine,0021700183,2017-11-11,CHI @ SAS,SAS,L,29.983333333333334,9,4,9,1,4,0,0,0,3,3,4,1,0,1,3,-33,6.8,50.0,https://www.nba.com/stats/players/boxscores-traditional?Season=2017-18&SeasonType=Regular%20Season&TeamID=1610612741
2018,2017–18,203200,Justin Holiday,0021700183,2017-11-11,CHI @ SAS,SAS,L,24.566666666666666,3,1,10,1,4,0,0,0,4,4,2,2,1,0,1,-15,1.2999999999999994,15.0,https://www.nba.com/stats/players/boxscores-traditional?Season=2017-18&SeasonType=Regular%20Season&TeamID=1610612741
2018,2017–18,1626245,Cristiano Felicio,0021700183,2017-11-11,CHI @ SAS,SAS,L,18.783333333333335,8,4,5,0,0,0,3,1,1,2,0,1,1,0,2,-15,6.8,63.291139240506325,https://www.nba.com/stats/players/boxscores-traditional?Season=2017-18&SeasonType=Regular%20Season&TeamID=1610612741
2018,2017–18,1628374,Lauri Markkanen,0021700183,2017-11-11,CHI @ SAS,SAS,L,15.228333333333333,6,3,5,0,2,0,0,0,2,2,2,0,1,2,1,-8,3.999999999999999,60.0,https://www.nba.com/stats/players/boxscores-traditional?Season=2017-18&SeasonType=Regular%20Season&TeamID=1610612741
2018,2017–18,202347,Quincy Pondexter,0021700183,2017-11-11,CHI @ SAS,SAS,L,13.483333333333333,2,0,1,0,0,2,2,1,0,1,0,2,0,0,0,-12,4.0,53.191489361702125,https://www.nba.com/stats/players/boxscores-traditional?Season=2017-18&SeasonType=Regular%20Season&TeamID=1610612741
2018,2017–18,1627770,Kay Felder,0021700183,2017-11-11,CHI @ SAS,SAS,L,14.5,6,3,11,0,3,0,0,0,1,1,0,0,0,2,1,-19,-2.599999999999999,27.27272727272727,https://www.nba.com/stats/players/boxscores-traditional?Season=2017-18&SeasonType=Regular%20Season&TeamID=1610612741
2018,2017–18,1627835,Paul Zipser,0021700183,2017-11-11,CHI @ SAS,SAS,L,7.866666666666666,2,1,2,0,0,0,0,0,1,1,0,1,0,0,3,-11,1.0999999999999996,50.0,https://www.nba.com/stats/players/boxscores-traditional?Season=2017-18&SeasonType=Regular%20Season&TeamID=1610612741
2018,2017–18,1626171,Bobby Portis Jr.,0021700171,2017-11-10,CHI vs. IND,IND,L,25.255,20,7,17,1,3,5,6,5,6,11,1,1,0,1,0,-6,16.5,50.91649694501018,https://www.nba.com/stats/players/boxscores-traditional?Season=2017-18&SeasonType=Regular%20Season&TeamID=1610612741
2018,2017–18,1628374,Lauri Markkanen,0021700171,2017-11-10,CHI vs. IND,IND,L,28.333333333333332,12,5,14,2,9,0,0,0,10,10,3,2,1,0,0,-15,12.0,42.857142857142854,https://www.nba.com/stats/players/boxscores-traditional?Season=2017-18&SeasonType=Regular%20Season&TeamID=1610612741
2018,2017–18,1627739,Kris Dunn,0021700171,2017-11-10,CHI vs. IND,IND,L,33.55,16,8,14,0,1,0,0,2,2,4,5,3,0,4,2,0,13.099999999999998,57.14285714285714,https://www.nba.com/stats/players/boxscores-traditional?Season=2017-18&SeasonType=Regular%20Season&TeamID=1610612741
2018,2017–18,203200,Justin Holiday,0021700171,2017-11-10,CHI vs. IND,IND,L,30.45,14,6,11,2,5,0,0,1,2,3,4,1,0,1,1,-19,12.399999999999997,63.63636363636363,https://www.nba.com/stats/players/boxscores-traditional?Season=2017-18&SeasonType=Regular%20Season&TeamID=1610612741
2018,2017–18,201577,Robin Lopez,0021700171,2017-11-10,CHI vs. IND,IND,L,27.506666666666668,3,1,7,0,0,1,1,2,3,5,3,0,2,2,2,-15,1.5,20.161290322580644,https://www.nba.com/stats/players/boxscores-traditional?Season=2017-18&SeasonType=Regular%20Season&TeamID=1610612741
2018,2017–18,1627756,Denzel Valentine,0021700171,2017-11-10,CHI vs. IND,IND,L,21.833333333333332,3,1,10,1,4,0,0,0,3,3,4,1,0,1,1,-10,-0.3000000000000004,15.0,https://www.nba.com/stats/players/boxscores-traditional?Season=2017-18&SeasonType=Regular%20Season&TeamID=1610612741
2018,2017–18,202347,Quincy Pondexter,0021700171,2017-11-10,CHI vs. IND,IND,L,9.016666666666667,7,3,3,1,1,0,0,0,1,1,1,1,0,0,1,5,7.699999999999999,116.66666666666667,https://www.nba.com/stats/players/boxscores-traditional?Season=2017-18&SeasonType=Regular%20Season&TeamID=1610612741
2018,2017–18,1627770,Kay Felder,0021700171,2017-11-10,CHI vs. IND,IND,L,18.633333333333333,4,2,8,0,3,0,0,1,2,3,2,0,0,1,2,0,0.09999999999999987,25.0,https://www.nba.com/stats/players/boxscores-traditional?Season=2017-18&SeasonType=Regular%20Season&TeamID=1610612741
2018,2017–18,1626170,Jerian Grant,0021700171,2017-11-10,CHI vs. IND,IND,L,17.333333333333332,4,2,5,0,0,0,2,0,1,1,0,1,0,1,1,-14,0.3999999999999999,34.01360544217687,https://www.nba.com/stats/players/boxscores-traditional?Season=2017-18&SeasonType=Regular%20Season&TeamID=1610612741
2018,2017–18,1626245,Cristiano Felicio,0021700171,2017-11-10,CHI vs. IND,IND,L,14.905,4,2,2,0,0,0,0,0,1,1,0,0,0,1,3,0,1.4999999999999996,100.0,https://www.nba.com/stats/players/boxscores-traditional?Season=2017-18&SeasonType=Regular%20Season&TeamID=1610612741
2018,2017–18,1627835,Paul Zipser,0021700171,2017-11-10,CHI vs. IND,IND,L,13.183333333333334,0,0,2,0,1,0,0,0,1,1,1,0,0,0,0,-16,-0.3999999999999999,0.0,https://www.nba.com/stats/players/boxscores-traditional?Season=2017-18&SeasonType=Regular%20Season&TeamID=1610612741
2018,2017–18,1626171,Bobby Portis Jr.,0021700153,2017-11-07,CHI @ TOR,TOR,L,24.383333333333333,21,8,13,3,5,2,4,4,9,13,4,0,0,2,2,10,19.799999999999997,71.13821138211382,https://www.nba.com/stats/players/boxscores-traditional?Season=2017-18&SeasonType=Regular%20Season&TeamID=1610612741
2018,2017–18,1627739,Kris Dunn,0021700153,2017-11-07,CHI @ TOR,TOR,L,26.066666666666666,10,3,6,1,2,3,4,0,6,6,4,4,0,2,3,7,12.0,64.43298969072166,https://www.nba.com/stats/players/boxscores-traditional?Season=2017-18&SeasonType=Regular%20Season&TeamID=1610612741
2018,2017–18,201577,Robin Lopez,0021700153,2017-11-07,CHI @ TOR,TOR,L,25.671666666666667,20,10,11,0,0,0,0,2,1,3,1,1,0,0,4,-14,18.099999999999998,90.9090909090909,https://www.nba.com/stats/players/boxscores-traditional?Season=2017-18&SeasonType=Regular%20Season&TeamID=1610612741
2018,2017–18,1627756,Denzel Valentine,0021700153,2017-11-07,CHI @ TOR,TOR,L,27.483333333333334,14,6,13,2,7,0,0,0,0,0,4,2,1,1,3,0,10.599999999999998,53.84615384615385,https://www.nba.com/stats/players/boxscores-traditional?Season=2017-18&SeasonType=Regular%20Season&TeamID=1610612741
2018,2017–18,203200,Justin Holiday,0021700153,2017-11-07,CHI @ TOR,TOR,L,31.655,15,4,11,2,5,5,7,0,3,3,4,0,0,1,1,-8,10.4,53.26704545454546,https://www.nba.com/stats/players/boxscores-traditional?Season=2017-18&SeasonType=Regular%20Season&TeamID=1610612741
2018,2017–18,1626170,Jerian Grant,0021700153,2017-11-07,CHI @ TOR,TOR,L,21.933333333333334,7,1,7,0,1,5,5,1,1,2,5,3,0,1,3,-12,7.800000000000001,38.04347826086957,https://www.nba.com/stats/players/boxscores-traditional?Season=2017-18&SeasonType=Regular%20Season&TeamID=1610612741
2018,2017–18,1628374,Lauri Markkanen,0021700153,2017-11-07,CHI @ TOR,TOR,L,29.366666666666667,12,3,6,2,5,4,4,0,2,2,1,0,1,1,2,-7,9.199999999999998,77.31958762886599,https://www.nba.com/stats/players/boxscores-traditional?Season=2017-18&SeasonType=Regular%20Season&TeamID=1610612741
2018,2017–18,1627770,Kay Felder,0021700153,2017-11-07,CHI @ TOR,TOR,L,16.345,9,2,5,1,2,4,4,0,1,1,2,0,0,2,1,3,5.6,66.56804733727812,https://www.nba.com/stats/players/boxscores-traditional?Season=2017-18&SeasonType=Regular%20Season&TeamID=1610612741
2018,2017–18,1627835,Paul Zipser,0021700153,2017-11-07,CHI @ TOR,TOR,L,20.516666666666666,2,1,5,0,2,0,0,0,4,4,1,0,0,1,2,-5,-1.0000000000000002,20.0,https://www.nba.com/stats/players/boxscores-traditional?Season=2017-18&SeasonType=Regular%20Season&TeamID=1610612741
2018,2017–18,1626245,Cristiano Felicio,0021700153,2017-11-07,CHI @ TOR,TOR,L,16.578333333333333,4,2,3,0,0,0,0,1,2,3,0,0,0,2,2,1,1.2000000000000002,66.66666666666666,https://www.nba.com/stats/players/boxscores-traditional?Season=2017-18&SeasonType=Regular%20Season&TeamID=1610612741
2018,2017–18,203200,Justin Holiday,0021700133,2017-11-04,CHI vs. NOP,NOP,L,43.3,18,7,20,3,10,1,2,1,8,9,1,3,1,1,0,9,12.899999999999999,43.10344827586207,https://www.nba.com/stats/players/boxscores-traditional?Season=2017-18&SeasonType=Regular%20Season&TeamID=1610612741
2018,2017–18,1626170,Jerian Grant,0021700133,2017-11-04,CHI vs. NOP,NOP,L,36.083333333333336,13,4,9,1,5,4,4,3,5,8,9,1,1,0,1,4,19.5,60.4089219330855,https://www.nba.com/stats/players/boxscores-traditional?Season=2017-18&SeasonType=Regular%20Season&TeamID=1610612741
2018,2017–18,1627756,Denzel Valentine,0021700133,2017-11-04,CHI vs. NOP,NOP,L,34.82333333333333,16,6,10,4,7,0,0,1,5,6,3,1,0,3,2,-14,12.899999999999995,80.0,https://www.nba.com/stats/players/boxscores-traditional?Season=2017-18&SeasonType=Regular%20Season&TeamID=1610612741
2018,2017–18,1628374,Lauri Markkanen,0021700133,2017-11-04,CHI vs. NOP,NOP,L,39.583333333333336,14,5,16,2,11,2,2,1,6,7,4,0,1,1,2,-3,9.0,41.46919431279621,https://www.nba.com/stats/players/boxscores-traditional?Season=2017-18&SeasonType=Regular%20Season&TeamID=1610612741
2018,2017–18,201577,Robin Lopez,0021700133,2017-11-04,CHI vs. NOP,NOP,L,42.53333333333333,14,6,17,0,0,2,4,4,5,9,1,0,1,5,5,9,2.3999999999999986,37.31343283582089,https://www.nba.com/stats/players/boxscores-traditional?Season=2017-18&SeasonType=Regular%20Season&TeamID=1610612741
2018,2017–18,1628021,David Nwaba,0021700133,2017-11-04,CHI vs. NOP,NOP,L,19.8,7,3,7,1,1,0,0,1,3,4,2,1,1,1,2,8,6.2,50.0,https://www.nba.com/stats/players/boxscores-traditional?Season=2017-18&SeasonType=Regular%20Season&TeamID=1610612741
2018,2017–18,1627739,Kris Dunn,0021700133,2017-11-04,CHI vs. NOP,NOP,L,16.916666666666668,4,2,9,0,4,0,0,1,3,4,3,3,0,4,2,-10,0.39999999999999947,22.22222222222222,https://www.nba.com/stats/players/boxscores-traditional?Season=2017-18&SeasonType=Regular%20Season&TeamID=1610612741
2018,2017–18,1627835,Paul Zipser,0021700133,2017-11-04,CHI vs. NOP,NOP,L,17.96,4,2,8,0,3,0,0,1,4,5,0,1,0,1,0,-15,1.1,25.0,https://www.nba.com/stats/players/boxscores-traditional?Season=2017-18&SeasonType=Regular%20Season&TeamID=1610612741
2018,2017–18,1626245,Cristiano Felicio,0021700133,2017-11-04,CHI vs. NOP,NOP,L,10.466666666666667,0,0,2,0,0,0,0,3,2,5,0,0,0,0,4,-15,-0.30000000000000027,0.0,https://www.nba.com/stats/players/boxscores-traditional?Season=2017-18&SeasonType=Regular%20Season&TeamID=1610612741
2018,2017–18,202347,Quincy Pondexter,0021700133,2017-11-04,CHI vs. NOP,NOP,L,3.533333333333333,0,0,1,0,1,0,0,0,1,1,0,0,0,1,1,-3,-1.8,0.0,https://www.nba.com/stats/players/boxscores-traditional?Season=2017-18&SeasonType=Regular%20Season&TeamID=1610612741
2018,2017–18,1628021,David Nwaba,0021700120,2017-11-03,CHI @ ORL,ORL,W,35.45,16,7,12,0,2,2,3,0,5,5,1,2,1,0,3,21,13.7,60.06006006006006,https://www.nba.com/stats/players/boxscores-traditional?Season=2017-18&SeasonType=Regular%20Season&TeamID=1610612741
2018,2017–18,203200,Justin Holiday,0021700120,2017-11-03,CHI @ ORL,ORL,W,28.816666666666666,19,7,12,2,6,3,3,0,2,2,1,2,0,1,1,14,15.3,71.32132132132132,https://www.nba.com/stats/players/boxscores-traditional?Season=2017-18&SeasonType=Regular%20Season&TeamID=1610612741
2018,2017–18,1628374,Lauri Markkanen,0021700120,2017-11-03,CHI @ ORL,ORL,W,28.633333333333333,13,5,10,3,4,0,0,2,7,9,3,0,0,2,1,12,11.2,65.0,https://www.nba.com/stats/players/boxscores-traditional?Season=2017-18&SeasonType=Regular%20Season&TeamID=1610612741
2018,2017–18,201577,Robin Lopez,0021700120,2017-11-03,CHI @ ORL,ORL,W,28.816666666666666,11,5,11,0,0,1,1,3,7,10,2,0,1,2,2,14,8.799999999999999,48.07692307692308,https://www.nba.com/stats/players/boxscores-traditional?Season=2017-18&SeasonType=Regular%20Season&TeamID=1610612741
2018,2017–18,1627756,Denzel Valentine,0021700120,2017-11-03,CHI @ ORL,ORL,W,23.433333333333334,11,4,8,3,6,0,0,0,4,4,4,1,0,0,1,7,11.6,68.75,https://www.nba.com/stats/players/boxscores-traditional?Season=2017-18&SeasonType=Regular%20Season&TeamID=1610612741
2018,2017–18,1626170,Jerian Grant,0021700120,2017-11-03,CHI @ ORL,ORL,W,21.966666666666665,7,1,6,0,0,5,5,1,4,5,6,0,0,1,0,14,8.3,42.6829268292683,https://www.nba.com/stats/players/boxscores-traditional?Season=2017-18&SeasonType=Regular%20Season&TeamID=1610612741
2018,2017–18,1627835,Paul Zipser,0021700120,2017-11-03,CHI @ ORL,ORL,W,21.716666666666665,10,4,10,2,5,0,0,0,4,4,2,0,0,2,0,13,5.199999999999999,50.0,https://www.nba.com/stats/players/boxscores-traditional?Season=2017-18&SeasonType=Regular%20Season&TeamID=1610612741
2018,2017–18,1627739,Kris Dunn,0021700120,2017-11-03,CHI @ ORL,ORL,W,24.1,11,4,9,3,5,0,0,0,2,2,2,0,0,4,3,5,3.0999999999999988,61.111111111111114,https://www.nba.com/stats/players/boxscores-traditional?Season=2017-18&SeasonType=Regular%20Season&TeamID=1610612741
2018,2017–18,1626245,Cristiano Felicio,0021700120,2017-11-03,CHI @ ORL,ORL,W,19.183333333333334,4,2,4,0,0,0,0,3,4,7,1,0,0,2,1,8,3.5999999999999996,50.0,https://www.nba.com/stats/players/boxscores-traditional?Season=2017-18&SeasonType=Regular%20Season&TeamID=1610612741
2018,2017–18,202347,Quincy Pondexter,0021700120,2017-11-03,CHI @ ORL,ORL,W,5.95,3,1,2,1,1,0,0,0,0,0,1,1,0,0,1,-1,3.3000000000000003,75.0,https://www.nba.com/stats/players/boxscores-traditional?Season=2017-18&SeasonType=Regular%20Season&TeamID=1610612741
2018,2017–18,1627770,Kay Felder,0021700120,2017-11-03,CHI @ ORL,ORL,W,1.9333333333333333,0,0,1,0,0,0,0,0,0,0,0,0,0,0,0,3,-0.7,0.0,https://www.nba.com/stats/players/boxscores-traditional?Season=2017-18&SeasonType=Regular%20Season&TeamID=1610612741
2018,2017–18,1628374,Lauri Markkanen,0021700110,2017-11-01,CHI @ MIA,MIA,L,34.28333333333333,25,9,18,2,7,5,7,1,7,8,1,2,0,0,0,7,20.7,59.29791271347249,https://www.nba.com/stats/players/boxscores-traditional?Season=2017-18&SeasonType=Regular%20Season&TeamID=1610612741
2018,2017–18,201577,Robin Lopez,0021700110,2017-11-01,CHI @ MIA,MIA,L,33.96666666666667,22,10,17,0,0,2,2,1,3,4,2,1,1,1,1,4,17.400000000000002,61.52125279642059,https://www.nba.com/stats/players/boxscores-traditional?Season=2017-18&SeasonType=Regular%20Season&TeamID=1610612741
2018,2017–18,1627739,Kris Dunn,0021700110,2017-11-01,CHI @ MIA,MIA,L,29.366666666666667,11,5,15,0,3,1,2,1,6,7,5,0,2,5,5,-7,2.5,34.63476070528967,https://www.nba.com/stats/players/boxscores-traditional?Season=2017-18&SeasonType=Regular%20Season&TeamID=1610612741
2018,2017–18,1628021,David Nwaba,0021700110,2017-11-01,CHI @ MIA,MIA,L,29.066666666666666,4,2,4,0,0,0,0,1,10,11,1,1,2,0,3,0,7.6000000000000005,50.0,https://www.nba.com/stats/players/boxscores-traditional?Season=2017-18&SeasonType=Regular%20Season&TeamID=1610612741
2018,2017–18,1626170,Jerian Grant,0021700110,2017-11-01,CHI @ MIA,MIA,L,25.483333333333334,7,2,5,2,3,1,2,1,3,4,8,0,0,1,5,2,8.1,59.523809523809526,https://www.nba.com/stats/players/boxscores-traditional?Season=2017-18&SeasonType=Regular%20Season&TeamID=1610612741
2018,2017–18,203200,Justin Holiday,0021700110,2017-11-01,CHI @ MIA,MIA,L,37.55,9,3,15,2,9,1,2,0,6,6,2,1,0,0,1,0,3.099999999999999,28.337531486146094,https://www.nba.com/stats/players/boxscores-traditional?Season=2017-18&SeasonType=Regular%20Season&TeamID=1610612741
2018,2017–18,1627756,Denzel Valentine,0021700110,2017-11-01,CHI @ MIA,MIA,L,16.483333333333334,7,3,10,1,5,0,0,0,3,3,0,1,0,0,0,-11,3.099999999999999,35.0,https://www.nba.com/stats/players/boxscores-traditional?Season=2017-18&SeasonType=Regular%20Season&TeamID=1610612741
2018,2017–18,1626245,Cristiano Felicio,0021700110,2017-11-01,CHI @ MIA,MIA,L,12.966666666666667,6,2,2,0,0,2,4,2,3,5,0,0,1,2,2,-13,4.800000000000001,79.7872340425532,https://www.nba.com/stats/players/boxscores-traditional?Season=2017-18&SeasonType=Regular%20Season&TeamID=1610612741
2018,2017–18,1627835,Paul Zipser,0021700110,2017-11-01,CHI @ MIA,MIA,L,14.783333333333333,0,0,2,0,0,0,0,0,6,6,1,1,0,3,2,-10,-1.7000000000000004,0.0,https://www.nba.com/stats/players/boxscores-traditional?Season=2017-18&SeasonType=Regular%20Season&TeamID=1610612741
2018,2017–18,202347,Quincy Pondexter,0021700110,2017-11-01,CHI @ MIA,MIA,L,6.05,0,0,1,0,1,0,0,0,0,0,0,0,0,0,0,-2,-0.7,0.0,https://www.nba.com/stats/players/boxscores-traditional?Season=2017-18&SeasonType=Regular%20Season&TeamID=1610612741
2018,2017–18,1628374,Lauri Markkanen,0021700079,2017-10-28,CHI vs. OKC,OKC,L,27.89666666666667,15,3,7,3,6,6,6,3,5,8,1,0,1,0,1,-17,15.9,77.80082987551866,https://www.nba.com/stats/players/boxscores-traditional?Season=2017-18&SeasonType=Regular%20Season&TeamID=1610612741
2018,2017–18,1627756,Denzel Valentine,0021700079,2017-10-28,CHI vs. OKC,OKC,L,30.916666666666668,8,3,12,2,5,0,0,3,6,9,3,1,0,3,2,-14,4.0,33.33333333333333,https://www.nba.com/stats/players/boxscores-traditional?Season=2017-18&SeasonType=Regular%20Season&TeamID=1610612741
2018,2017–18,1627739,Kris Dunn,0021700079,2017-10-28,CHI vs. OKC,OKC,L,22.2,8,4,9,0,0,0,0,1,3,4,3,3,1,4,5,-8,4.699999999999999,44.44444444444444,https://www.nba.com/stats/players/boxscores-traditional?Season=2017-18&SeasonType=Regular%20Season&TeamID=1610612741
2018,2017–18,203200,Justin Holiday,0021700079,2017-10-28,CHI vs. OKC,OKC,L,31.65,11,4,16,3,10,0,1,2,3,5,2,1,0,4,1,-18,1.3000000000000007,33.454987834549875,https://www.nba.com/stats/players/boxscores-traditional?Season=2017-18&SeasonType=Regular%20Season&TeamID=1610612741
2018,2017–18,201577,Robin Lopez,0021700079,2017-10-28,CHI vs. OKC,OKC,L,25.366666666666667,10,4,9,0,0,2,2,1,2,3,2,0,2,1,1,-13,8.0,50.607287449392715,https://www.nba.com/stats/players/boxscores-traditional?Season=2017-18&SeasonType=Regular%20Season&TeamID=1610612741
2018,2017–18,1626245,Cristiano Felicio,0021700079,2017-10-28,CHI vs. OKC,OKC,L,22.633333333333333,2,1,2,0,0,0,0,0,8,8,0,0,1,1,0,-19,3.0999999999999996,50.0,https://www.nba.com/stats/players/boxscores-traditional?Season=2017-18&SeasonType=Regular%20Season&TeamID=1610612741
2018,2017–18,1626170,Jerian Grant,0021700079,2017-10-28,CHI vs. OKC,OKC,L,21.0,2,0,7,0,6,2,3,1,1,2,4,1,0,0,1,-17,1.1,12.019230769230768,https://www.nba.com/stats/players/boxscores-traditional?Season=2017-18&SeasonType=Regular%20Season&TeamID=1610612741
2018,2017–18,1628021,David Nwaba,0021700079,2017-10-28,CHI vs. OKC,OKC,L,16.35,4,1,3,0,0,2,4,0,2,2,0,2,0,0,1,-14,3.7000000000000006,42.016806722689076,https://www.nba.com/stats/players/boxscores-traditional?Season=2017-18&SeasonType=Regular%20Season&TeamID=1610612741
2018,2017–18,202347,Quincy Pondexter,0021700079,2017-10-28,CHI vs. OKC,OKC,L,20.10333333333333,6,1,7,1,7,3,4,0,3,3,0,0,0,3,3,-15,-2.1999999999999993,34.24657534246575,https://www.nba.com/stats/players/boxscores-traditional?Season=2017-18&SeasonType=Regular%20Season&TeamID=1610612741
2018,2017–18,1627835,Paul Zipser,0021700079,2017-10-28,CHI vs. OKC,OKC,L,17.083333333333332,3,1,5,1,3,0,0,1,2,3,0,1,0,3,1,-18,-1.2000000000000002,30.0,https://www.nba.com/stats/players/boxscores-traditional?Season=2017-18&SeasonType=Regular%20Season&TeamID=1610612741
2018,2017–18,1627770,Kay Felder,0021700079,2017-10-28,CHI vs. OKC,OKC,L,4.8,0,0,1,0,0,0,0,0,0,0,1,0,0,0,0,-7,0.0,0.0,https://www.nba.com/stats/players/boxscores-traditional?Season=2017-18&SeasonType=Regular%20Season&TeamID=1610612741
2018,2017–18,201577,Robin Lopez,0021700065,2017-10-26,CHI vs. ATL,ATL,W,36.18333333333333,16,8,19,0,1,0,0,7,1,8,4,0,2,2,3,12,12.100000000000001,42.10526315789473,https://www.nba.com/stats/players/boxscores-traditional?Season=2017-18&SeasonType=Regular%20Season&TeamID=1610612741
2018,2017–18,1627756,Denzel Valentine,0021700065,2017-10-26,CHI vs. ATL,ATL,W,35.666666666666664,11,3,14,2,9,3,3,1,8,9,5,2,0,2,0,1,9.0,35.900783289817234,https://www.nba.com/stats/players/boxscores-traditional?Season=2017-18&SeasonType=Regular%20Season&TeamID=1610612741
2018,2017–18,1628374,Lauri Markkanen,0021700065,2017-10-26,CHI vs. ATL,ATL,W,30.67,14,5,13,2,8,2,3,1,11,12,1,0,0,2,2,4,8.399999999999999,48.882681564245814,https://www.nba.com/stats/players/boxscores-traditional?Season=2017-18&SeasonType=Regular%20Season&TeamID=1610612741
2018,2017–18,1628021,David Nwaba,0021700065,2017-10-26,CHI vs. ATL,ATL,W,23.333333333333332,15,5,8,1,1,4,5,1,10,11,0,0,0,1,2,-2,12.899999999999999,73.52941176470588,https://www.nba.com/stats/players/boxscores-traditional?Season=2017-18&SeasonType=Regular%20Season&TeamID=1610612741
2018,2017–18,1626170,Jerian Grant,0021700065,2017-10-26,CHI vs. ATL,ATL,W,36.0,11,2,7,0,2,7,10,1,3,4,7,2,0,2,0,4,12.2,48.24561403508772,https://www.nba.com/stats/players/boxscores-traditional?Season=2017-18&SeasonType=Regular%20Season&TeamID=1610612741
2018,2017–18,203200,Justin Holiday,0021700065,2017-10-26,CHI vs. ATL,ATL,W,37.0,13,4,11,2,7,3,5,3,7,10,0,0,0,2,2,11,7.499999999999998,49.24242424242424,https://www.nba.com/stats/players/boxscores-traditional?Season=2017-18&SeasonType=Regular%20Season&TeamID=1610612741
2018,2017–18,202347,Quincy Pondexter,0021700065,2017-10-26,CHI vs. ATL,ATL,W,17.33,7,2,6,0,2,3,3,2,2,4,1,0,2,2,1,1,5.299999999999999,47.81420765027322,https://www.nba.com/stats/players/boxscores-traditional?Season=2017-18&SeasonType=Regular%20Season&TeamID=1610612741
2018,2017–18,1627770,Kay Felder,0021700065,2017-10-26,CHI vs. ATL,ATL,W,12.0,2,1,5,0,2,0,0,0,0,0,2,1,0,0,4,1,-0.30000000000000027,20.0,https://www.nba.com/stats/players/boxscores-traditional?Season=2017-18&SeasonType=Regular%20Season&TeamID=1610612741
2018,2017–18,1626245,Cristiano Felicio,0021700065,2017-10-26,CHI vs. ATL,ATL,W,11.816666666666666,2,1,3,0,0,0,0,2,2,4,0,0,0,0,1,-7,1.9000000000000004,33.33333333333333,https://www.nba.com/stats/players/boxscores-traditional?Season=2017-18&SeasonType=Regular%20Season&TeamID=1610612741
2018,2017–18,203200,Justin Holiday,0021700049,2017-10-24,CHI @ CLE,CLE,L,36.516666666666666,25,8,17,4,9,5,6,0,4,4,1,1,1,0,2,8,18.7,63.645621181262726,https://www.nba.com/stats/players/boxscores-traditional?Season=2017-18&SeasonType=Regular%20Season&TeamID=1610612741
2018,2017–18,1628374,Lauri Markkanen,0021700049,2017-10-24,CHI @ CLE,CLE,L,31.95,19,7,12,5,8,0,0,2,6,8,0,0,1,2,1,0,14.900000000000002,79.16666666666666,https://www.nba.com/stats/players/boxscores-traditional?Season=2017-18&SeasonType=Regular%20Season&TeamID=1610612741
2018,2017–18,1626170,Jerian Grant,0021700049,2017-10-24,CHI @ CLE,CLE,L,32.46666666666667,12,4,8,1,4,3,3,0,6,6,10,1,0,2,5,2,13.8,64.37768240343348,https://www.nba.com/stats/players/boxscores-traditional?Season=2017-18&SeasonType=Regular%20Season&TeamID=1610612741
2018,2017–18,1627835,Paul Zipser,0021700049,2017-10-24,CHI @ CLE,CLE,L,33.68333333333333,11,5,11,1,2,0,0,1,6,7,4,0,0,0,2,-1,9.8,50.0,https://www.nba.com/stats/players/boxscores-traditional?Season=2017-18&SeasonType=Regular%20Season&TeamID=1610612741
2018,2017–18,1627770,Kay Felder,0021700049,2017-10-24,CHI @ CLE,CLE,L,15.533333333333333,13,5,11,2,4,1,2,0,1,1,4,1,0,2,1,-9,8.6,54.71380471380471,https://www.nba.com/stats/players/boxscores-traditional?Season=2017-18&SeasonType=Regular%20Season&TeamID=1610612741
2018,2017–18,1627756,Denzel Valentine,0021700049,2017-10-24,CHI @ CLE,CLE,L,16.966666666666665,13,5,10,3,4,0,0,0,4,4,0,0,0,0,1,-8,8.799999999999999,65.0,https://www.nba.com/stats/players/boxscores-traditional?Season=2017-18&SeasonType=Regular%20Season&TeamID=1610612741
2018,2017–18,201577,Robin Lopez,0021700049,2017-10-24,CHI @ CLE,CLE,L,30.096666666666668,11,5,8,1,1,0,0,2,1,3,3,0,0,1,1,10,9.8,68.75,https://www.nba.com/stats/players/boxscores-traditional?Season=2017-18&SeasonType=Regular%20Season&TeamID=1610612741
2018,2017–18,202347,Quincy Pondexter,0021700049,2017-10-24,CHI @ CLE,CLE,L,13.15,6,2,5,0,1,2,2,1,1,2,2,0,0,0,2,-8,4.8999999999999995,51.02040816326531,https://www.nba.com/stats/players/boxscores-traditional?Season=2017-18&SeasonType=Regular%20Season&TeamID=1610612741
2018,2017–18,1626245,Cristiano Felicio,0021700049,2017-10-24,CHI @ CLE,CLE,L,16.195,2,1,5,0,0,0,0,2,0,2,3,0,0,1,3,-17,0.1999999999999993,20.0,https://www.nba.com/stats/players/boxscores-traditional?Season=2017-18&SeasonType=Regular%20Season&TeamID=1610612741
2018,2017–18,1628021,David Nwaba,0021700049,2017-10-24,CHI @ CLE,CLE,L,13.441666666666666,0,0,1,0,0,0,0,0,2,2,1,0,1,1,2,-12,-0.5000000000000002,0.0,https://www.nba.com/stats/players/boxscores-traditional?Season=2017-18&SeasonType=Regular%20Season&TeamID=1610612741
2018,2017–18,201577,Robin Lopez,0021700031,2017-10-21,CHI vs. SAS,SAS,L,29.55,16,7,12,1,3,1,2,3,4,7,3,0,3,4,1,-3,13.100000000000001,62.11180124223602,https://www.nba.com/stats/players/boxscores-traditional?Season=2017-18&SeasonType=Regular%20Season&TeamID=1610612741
2018,2017–18,1628374,Lauri Markkanen,0021700031,2017-10-21,CHI vs. SAS,SAS,L,37.03333333333333,13,5,14,3,8,0,1,0,12,12,0,1,0,3,3,-5,5.199999999999999,45.013850415512465,https://www.nba.com/stats/players/boxscores-traditional?Season=2017-18&SeasonType=Regular%20Season&TeamID=1610612741
2018,2017–18,203200,Justin Holiday,0021700031,2017-10-21,CHI vs. SAS,SAS,L,36.43333333333333,15,5,18,3,8,2,2,1,3,4,3,1,0,2,1,-5,6.699999999999999,39.72457627118644,https://www.nba.com/stats/players/boxscores-traditional?Season=2017-18&SeasonType=Regular%20Season&TeamID=1610612741
2018,2017–18,1626170,Jerian Grant,0021700031,2017-10-21,CHI vs. SAS,SAS,L,33.21666666666667,13,6,14,0,3,1,1,0,4,4,5,0,1,4,2,-2,6.199999999999999,45.013850415512465,https://www.nba.com/stats/players/boxscores-traditional?Season=2017-18&SeasonType=Regular%20Season&TeamID=1610612741
2018,2017–18,1628021,David Nwaba,0021700031,2017-10-21,CHI vs. SAS,SAS,L,18.05,5,1,2,0,1,3,3,0,5,5,2,0,1,1,1,-2,6.2,75.3012048192771,https://www.nba.com/stats/players/boxscores-traditional?Season=2017-18&SeasonType=Regular%20Season&TeamID=1610612741
2018,2017–18,1627835,Paul Zipser,0021700031,2017-10-21,CHI vs. SAS,SAS,L,25.55,3,1,5,1,2,0,0,0,4,4,1,1,0,1,2,-13,0.9999999999999998,30.0,https://www.nba.com/stats/players/boxscores-traditional?Season=2017-18&SeasonType=Regular%20Season&TeamID=1610612741
2018,2017–18,1626245,Cristiano Felicio,0021700031,2017-10-21,CHI vs. SAS,SAS,L,18.45,2,1,3,0,0,0,0,4,2,6,2,0,0,0,4,-7,3.4999999999999996,33.33333333333333,https://www.nba.com/stats/players/boxscores-traditional?Season=2017-18&SeasonType=Regular%20Season&TeamID=1610612741
2018,2017–18,1627756,Denzel Valentine,0021700031,2017-10-21,CHI vs. SAS,SAS,L,26.933333333333334,4,2,7,0,3,0,0,0,5,5,0,0,0,1,0,-5,0.40000000000000036,28.57142857142857,https://www.nba.com/stats/players/boxscores-traditional?Season=2017-18&SeasonType=Regular%20Season&TeamID=1610612741
2018,2017–18,1627770,Kay Felder,0021700031,2017-10-21,CHI vs. SAS,SAS,L,14.783333333333333,6,3,7,0,0,0,0,0,1,1,2,0,0,3,1,-8,0.6000000000000001,42.857142857142854,https://www.nba.com/stats/players/boxscores-traditional?Season=2017-18&SeasonType=Regular%20Season&TeamID=1610612741
2018,2017–18,201577,Robin Lopez,0021700014,2017-10-19,CHI @ TOR,TOR,L,31.733333333333334,18,7,15,0,1,4,4,4,4,8,2,1,0,1,3,3,14.5,53.69928400954653,https://www.nba.com/stats/players/boxscores-traditional?Season=2017-18&SeasonType=Regular%20Season&TeamID=1610612741
2018,2017–18,203200,Justin Holiday,0021700014,2017-10-19,CHI @ TOR,TOR,L,34.88333333333333,15,5,16,4,12,1,1,0,4,4,2,1,1,1,0,1,9.1,45.62043795620438,https://www.nba.com/stats/players/boxscores-traditional?Season=2017-18&SeasonType=Regular%20Season&TeamID=1610612741
2018,2017–18,1628374,Lauri Markkanen,0021700014,2017-10-19,CHI @ TOR,TOR,L,33.45,17,5,12,2,6,5,6,2,6,8,0,0,1,3,2,-2,10.3,58.06010928961748,https://www.nba.com/stats/players/boxscores-traditional?Season=2017-18&SeasonType=Regular%20Season&TeamID=1610612741
2018,2017–18,1626170,Jerian Grant,0021700014,2017-10-19,CHI @ TOR,TOR,L,27.166666666666668,7,3,9,0,1,1,1,1,1,2,7,2,0,2,1,-11,7.399999999999999,37.07627118644068,https://www.nba.com/stats/players/boxscores-traditional?Season=2017-18&SeasonType=Regular%20Season&TeamID=1610612741
2018,2017–18,1627756,Denzel Valentine,0021700014,2017-10-19,CHI @ TOR,TOR,L,25.516666666666666,12,4,10,4,7,0,0,0,2,2,0,0,0,1,4,-19,4.6,60.0,https://www.nba.com/stats/players/boxscores-traditional?Season=2017-18&SeasonType=Regular%20Season&TeamID=1610612741
2018,2017–18,1627835,Paul Zipser,0021700014,2017-10-19,CHI @ TOR,TOR,L,24.116666666666667,7,3,6,0,1,1,1,0,5,5,3,1,0,3,4,-15,4.0,54.347826086956516,https://www.nba.com/stats/players/boxscores-traditional?Season=2017-18&SeasonType=Regular%20Season&TeamID=1610612741
2018,2017–18,202347,Quincy Pondexter,0021700014,2017-10-19,CHI @ TOR,TOR,L,11.916666666666666,8,4,6,0,1,0,0,2,0,2,0,2,0,1,3,-5,6.6000000000000005,66.66666666666666,https://www.nba.com/stats/players/boxscores-traditional?Season=2017-18&SeasonType=Regular%20Season&TeamID=1610612741
2018,2017–18,1627770,Kay Felder,0021700014,2017-10-19,CHI @ TOR,TOR,L,15.516666666666667,6,2,9,0,1,2,2,0,2,2,6,0,0,4,1,3,0.8999999999999986,30.364372469635626,https://www.nba.com/stats/players/boxscores-traditional?Season=2017-18&SeasonType=Regular%20Season&TeamID=1610612741
2018,2017–18,1628021,David Nwaba,0021700014,2017-10-19,CHI @ TOR,TOR,L,12.883333333333333,4,1,1,0,0,2,3,0,4,4,1,0,0,0,0,-15,5.2,86.20689655172413,https://www.nba.com/stats/players/boxscores-traditional?Season=2017-18&SeasonType=Regular%20Season&TeamID=1610612741
2018,2017–18,1626245,Cristiano Felicio,0021700014,2017-10-19,CHI @ TOR,TOR,L,16.266666666666666,4,2,2,0,0,0,0,1,1,2,0,0,0,3,4,-20,-0.20000000000000062,100.0,https://www.nba.com/stats/players/boxscores-traditional?Season=2017-18&SeasonType=Regular%20Season&TeamID=1610612741
2018,2017–18,1628469,Antonio Blakeney,0021700014,2017-10-19,CHI @ TOR,TOR,L,1.2333333333333334,2,1,1,0,0,0,0,0,0,0,0,0,0,0,0,4,1.7,100.0,https://www.nba.com/stats/players/boxscores-traditional?Season=2017-18&SeasonType=Regular%20Season&TeamID=1610612741
2018,2017–18,1627853,Ryan Arcidiacono,0021700014,2017-10-19,CHI @ TOR,TOR,L,5.316666666666666,0,0,2,0,2,0,0,0,0,0,1,0,0,0,1,-9,-1.1,0.0,https://www.nba.com/stats/players/boxscores-traditional?Season=2017-18&SeasonType=Regular%20Season&TeamID=1610612741
